t	gaze_point_LX	gaze_point_LY	gaze_point_RX	gaze_point_RY	pupil_diameter_L	pupil_diameter_R
1393236994654	1286.06	734.80	1254.37	705.90	4.6551	5.1375
1393237002987	1288.77	728.05	1263.62	705.57	4.6633	5.1367
1393237011320	1290.13	724.78	1250.75	718.89	4.6834	5.1607
1393237019654	1292.73	729.65	1252.28	710.99	4.6752	5.1532
1393237027987	1287.99	723.64	1262.54	705.09	4.6703	5.1527
1393237036321	1295.31	730.19	1257.40	706.95	4.6810	5.1364
1393237044653	1290.69	729.68	1261.78	707.01	4.7005	5.1612
1393237052986	1291.70	732.42	1246.54	709.46	4.7074	5.1709
1393237061320	1294.13	728.37	1249.05	701.39	4.7160	5.1644
1393237069657	1287.74	738.71	1253.84	696.58	4.7203	5.1703
1393237077990	1285.89	735.75	1256.73	699.30	4.7251	5.1873
1393237086323	1290.38	741.61	1255.77	701.24	4.7236	5.1876
1393237094657	1292.48	736.16	1250.96	699.32	4.7088	5.1950
1393237102990	1295.69	748.76	1261.86	699.71	4.7474	5.2134
1393237111323	1297.53	745.72	1256.53	696.94	4.7484	5.1983
1393237119656	1292.05	742.97	1255.04	705.44	4.7343	5.1897
1393237127989	1290.56	739.08	1260.04	711.64	4.7423	5.2044
1393237136322	1294.31	734.49	1259.34	716.41	4.7277	5.2162
1393237144656	1294.62	726.80	1266.90	710.51	4.7599	5.2033
1393237152989	1291.99	731.26	1267.06	717.68	4.7544	5.2060
1393237161323	1290.48	726.24	1259.99	716.65	4.7686	5.2313
1393237169656	1288.40	724.42	1264.37	729.33	4.7690	5.2548
1393237177989	1287.53	720.93	1264.62	715.76	4.7729	5.2454
1393237186321	1296.01	722.83	1262.31	722.34	4.7738	5.2319
1393237194655	1294.56	729.31	1256.82	721.23	4.7975	5.2528
1393237202993	1293.12	721.64	1262.34	724.95	4.7831	5.2650
1393237211327	1292.25	721.94	1256.33	724.02	4.7895	5.2653
1393237219660	1287.52	725.34	1250.02	726.93	4.7967	5.2603
1393237227993	1291.92	719.48	1251.16	725.77	4.8063	5.2925
1393237236326	1292.51	722.50	1253.42	723.31	4.7857	5.2745
1393237244660	1297.50	733.50	1253.28	727.24	4.8100	5.2832
1393237252993	1293.52	730.40	1247.44	726.69	4.8199	5.2906
1393237261326	1289.67	731.06	1254.35	721.76	4.8134	5.2836
1393237269658	1297.99	726.15	1254.20	721.70	4.8233	5.2968
1393237277992	1298.28	727.82	1250.51	721.94	4.8205	5.3178
1393237286326	1292.73	734.65	1247.03	719.35	4.8339	5.3171
1393237294659	1295.24	722.89	1246.88	716.96	4.8396	5.3359
1393237302992	1296.55	715.05	1245.17	715.99	4.8379	5.3352
1393237311325	1296.31	718.53	1248.60	718.00	4.8452	5.3516
1393237319658	1298.68	731.11	1248.25	712.58	4.8701	5.3508
1393237327996	1290.87	723.57	1247.20	710.52	4.8688	5.3395
1393237336330	1296.66	728.97	1248.89	715.58	4.8584	5.3638
1393237344663	1299.70	727.50	1241.90	728.71	4.8714	5.3808
1393237352996	1301.99	727.49	1243.55	724.14	4.8832	5.3763
1393237361329	1298.58	730.80	1252.29	722.23	4.8964	5.3730
1393237369662	1292.58	731.71	1246.09	729.14	4.8880	5.3930
1393237377996	1294.22	735.70	1251.20	733.41	4.9227	5.3815
1393237386329	1301.58	734.87	1260.57	728.90	4.8971	5.3936
1393237394662	1302.35	739.83	1257.46	731.24	4.9303	5.4007
1393237402995	1298.13	730.86	1257.93	731.08	4.9164	5.3915
1393237411328	1296.14	730.30	1251.64	732.99	4.9251	5.4125
1393237419662	1291.92	722.68	1254.72	731.57	4.9238	5.4105
1393237427995	1300.11	722.64	1251.03	731.42	4.9397	5.4168
1393237436328	1299.63	719.70	1250.90	733.34	4.9357	5.4415
1393237444661	1293.01	711.78	1250.98	720.97	4.9228	5.4307
1393237452995	1295.88	725.81	1251.95	716.02	4.9364	5.4261
1393237461333	1296.49	718.98	1241.47	724.49	4.9509	5.4448
1393237469664	1303.08	730.05	1246.74	720.02	4.9525	5.4318
1393237477998	1297.33	726.79	1241.66	723.70	4.9483	5.4525
1393237486331	1292.77	722.83	1244.49	716.52	4.9465	5.4567
1393237494664	1311.76	745.15	1260.21	729.07	4.9717	5.4553
1393237502998	1313.06	742.34	1256.31	726.44	4.9427	5.4475
1393237511331	1294.94	732.86	1255.50	730.08	4.9510	5.4603
1393237519665	1300.08	736.55	1259.70	719.06	4.9453	5.4409
1393237527998	1297.09	740.99	1251.18	722.29	4.9393	5.4625
1393237536331	1299.58	734.65	1256.76	724.19	4.9421	5.4650
1393237544664	1306.79	742.07	1256.71	724.20	4.9558	5.4691
1393237552997	1306.19	740.98	1256.27	733.78	4.9389	5.4809
1393237561330	1306.22	737.56	1251.55	727.10	4.9588	5.4720
1393237569663	1302.31	735.88	1257.32	728.91	4.9386	5.4636
1393237577997	1304.34	737.06	1253.46	729.40	4.9413	5.4677
1393237586330	1303.02	732.26	1248.20	725.17	4.9485	5.4710
1393237594668	1297.85	725.94	1250.10	727.25	4.9324	5.4793
1393237603001	1301.75	723.40	1256.76	720.26	4.9423	5.4641
1393237611333	1299.78	716.35	1255.89	724.06	4.9410	5.4775
1393237619666	1303.05	722.25	1254.79	728.40	4.9403	5.4722
1393237628000	1303.03	720.06	1257.07	735.42	4.9520	5.4731
1393237636333	1296.26	730.12	1264.71	732.55	4.9295	5.4596
1393237644667	1306.21	731.07	1261.01	734.45	4.9319	5.4707
1393237652999	1304.20	728.06	1264.91	737.96	4.9432	5.4746
1393237661333	1308.96	728.95	1264.90	733.42	4.9476	5.4672
1393237669666	1303.63	723.55	1260.96	732.11	4.9226	5.4751
1393237678000	1302.04	715.54	1259.64	729.63	4.9317	5.4852
1393237686332	1308.98	720.15	1262.06	728.80	4.9423	5.4880
1393237694665	1306.14	719.41	1268.64	720.11	4.9531	5.4855
1393237702999	1309.27	721.43	1261.63	712.78	4.9361	5.5037
1393237711332	1308.74	729.90	1266.15	700.10	4.9491	5.5014
1393237719666	1309.14	728.90	1257.42	703.99	4.9557	5.5185
1393237728003	1307.62	733.09	1259.34	701.12	4.9467	5.5083
1393237736336	1310.65	734.61	1259.92	698.95	4.9445	5.5075
1393237744669	1303.57	738.18	1257.87	711.52	4.9645	5.5175
1393237753001	1306.23	729.06	1262.50	720.58	4.9444	5.5044
1393237761335	1305.39	728.99	1258.49	735.02	4.9412	5.5012
1393237769669	1317.08	733.43	1257.39	736.95	4.9326	5.5009
1393237778002	1334.30	736.51	1286.66	711.81	4.9230	5.5401
1393237786335	1352.55	745.73	1314.11	831.19	4.8909	5.1731
1393237794669	1403.68	935.31	NaN	NaN	4.4392	NaN
1393237803002	1761.70	1102.55	NaN	NaN	3.0774	NaN
1393237811335	NaN	NaN	1588.33	1701.66	NaN	1.6632
1393237819669	1389.59	1561.92	NaN	NaN	1.7731	NaN
1393237828001	NaN	NaN	NaN	NaN	NaN	NaN
1393237836334	NaN	NaN	NaN	NaN	NaN	NaN
1393237844668	NaN	NaN	NaN	NaN	NaN	NaN
1393237853004	NaN	NaN	NaN	NaN	NaN	NaN
1393237861338	NaN	NaN	1778.81	-730.44	NaN	1.7325
1393237869672	1704.41	1227.57	794.76	1245.51	3.0124	3.1321
1393237878004	1536.00	1113.73	NaN	NaN	3.6046	NaN
1393237886329	1380.78	957.24	1185.13	993.60	4.4004	4.7192
1393237894671	1296.89	825.24	1133.27	869.36	4.7736	4.9222
1393237903004	1304.93	721.12	NaN	NaN	5.0325	NaN
1393237911337	1308.26	710.91	1269.49	717.45	5.0454	5.6299
1393237919670	1311.69	745.04	1258.73	699.37	4.9984	5.6657
1393237928004	1314.04	755.34	1260.25	698.58	5.0072	5.6763
1393237936337	1308.02	751.37	1254.02	747.58	5.0172	5.5798
1393237944670	1313.26	748.80	1247.40	747.64	5.0158	5.5778
1393237953004	1307.02	753.32	1237.05	749.83	5.0443	5.6078
1393237961337	1307.70	750.88	1246.39	745.65	5.0212	5.6005
1393237969670	1308.95	754.66	1243.24	744.62	5.0508	5.6179
1393237978003	1317.59	757.14	1244.86	736.26	5.0513	5.6202
1393237986342	1311.56	746.58	1238.07	729.19	5.0535	5.6432
1393237994676	1315.61	752.57	1239.64	718.08	5.0649	5.6384
1393238003009	1317.57	745.36	1238.62	718.23	5.0785	5.6414
1393238011342	1303.14	733.64	1246.64	713.79	5.0482	5.6377
1393238019676	1311.60	740.10	1241.84	721.72	5.0617	5.6552
1393238028009	1311.56	741.02	1241.27	724.03	5.0582	5.6419
1393238036342	1306.98	728.46	1247.34	722.68	5.0556	5.6572
1393238044674	1306.07	728.93	1250.06	722.49	5.0333	5.6582
1393238053008	1310.92	737.69	1248.40	723.09	5.0510	5.6602
1393238061341	1313.23	731.74	1246.68	723.64	5.0499	5.6500
1393238069674	1306.81	730.86	1253.32	724.62	5.0593	5.6561
1393238078007	1302.70	729.71	1246.67	732.34	5.0555	5.6823
1393238086341	1304.30	730.49	1251.95	727.21	5.0510	5.6729
1393238094674	1305.68	727.48	1245.81	733.01	5.0473	5.6577
1393238103008	1307.26	736.46	1240.43	743.28	5.0526	5.6883
1393238111340	1310.79	733.16	1239.33	739.51	5.0537	5.6737
1393238119678	1308.02	736.19	1234.84	744.19	5.0465	5.6780
1393238128012	1307.60	735.64	1236.90	736.99	5.0350	5.6765
1393238136345	1308.97	745.01	1233.36	741.81	5.0483	5.6877
1393238144678	1314.71	744.16	1236.80	732.72	5.0591	5.6794
1393238153012	1314.94	741.83	1237.08	734.01	5.0403	5.6769
1393238161345	1307.63	729.63	1231.14	736.70	5.0315	5.7003
1393238169678	1304.76	734.80	1230.10	731.83	5.0286	5.6767
1393238178011	1301.61	726.51	1223.93	733.52	5.0433	5.7014
1393238186344	1307.79	738.44	1233.94	727.42	5.0566	5.6973
1393238194677	1301.13	725.53	1235.67	728.02	5.0237	5.6874
1393238203011	1307.08	733.09	1234.06	735.35	5.0405	5.6929
1393238211344	1297.65	729.21	1230.50	738.05	5.0381	5.6957
1393238219677	1309.15	744.12	1233.69	734.87	5.0469	5.6768
1393238228010	1309.06	750.68	1239.51	736.01	5.0432	5.6748
1393238236344	1308.73	752.60	1240.93	739.77	5.0363	5.6807
1393238244684	1299.42	750.02	1239.11	741.10	5.0277	5.6765
1393238253017	1303.80	751.80	1243.37	730.44	5.0375	5.6744
1393238261349	1295.05	756.17	1241.29	718.01	5.0217	5.6642
1393238269683	1302.56	751.10	1244.76	723.66	5.0477	5.6796
1393238278016	1295.75	749.51	1233.34	729.55	5.0347	5.6843
1393238286350	1299.89	755.50	1244.63	724.20	5.0330	5.6661
1393238294683	1304.94	751.42	1245.05	737.14	5.0366	5.6613
1393238303016	1297.27	741.64	1240.57	742.47	5.0395	5.6647
1393238311349	1308.77	740.75	1236.73	740.04	5.0492	5.6629
1393238319683	1303.19	733.06	1236.74	735.98	5.0446	5.6673
1393238328016	1299.48	722.86	1227.56	737.66	5.0314	5.6778
1393238336349	1297.87	723.23	1228.50	737.65	5.0275	5.6776
1393238344682	1301.55	728.14	1231.89	722.75	5.0302	5.6585
1393238353016	1306.21	730.94	1238.86	727.47	5.0478	5.6726
1393238361348	1296.44	732.86	1237.25	728.11	5.0364	5.6685
1393238369682	1305.85	735.32	1237.19	727.16	5.0538	5.6715
1393238378018	1308.72	730.68	1233.51	731.62	5.0447	5.6831
1393238386351	1299.94	722.83	1232.46	741.79	5.0328	5.6784
1393238394683	1305.07	730.67	1229.70	742.11	5.0392	5.6694
1393238403016	1296.99	735.27	1236.12	737.43	5.0278	5.6537
1393238411349	1300.62	736.74	1242.39	742.98	5.0256	5.6702
1393238419683	1305.25	746.10	1229.78	747.30	5.0346	5.6717
1393238428017	1304.39	740.40	1240.97	743.55	5.0347	5.6617
1393238436350	1311.24	745.54	1241.38	744.55	5.0460	5.6752
1393238444683	1307.50	738.18	1238.89	743.50	5.0304	5.6620
1393238453016	1311.53	737.78	1238.83	740.65	5.0296	5.6653
1393238461350	1299.48	724.63	1239.58	739.76	5.0190	5.6515
1393238469682	1310.06	731.01	1229.91	742.14	5.0527	5.6750
1393238478015	1302.93	727.61	1232.91	736.22	5.0406	5.6708
1393238486349	1311.45	730.11	1236.28	739.91	5.0669	5.6576
1393238494682	1308.87	729.92	1225.95	737.20	5.0432	5.6713
1393238503016	1320.41	733.92	1238.91	731.74	5.0342	5.6562
1393238511354	1305.40	730.64	1230.23	739.86	5.0359	5.6662
1393238519687	1318.66	736.06	1231.90	732.78	5.0340	5.6784
1393238528021	1309.61	730.47	1235.86	737.35	5.0349	5.6754
1393238536353	1307.00	722.25	1236.25	737.11	5.0121	5.6474
1393238544686	1308.21	723.94	1235.78	740.71	5.0002	5.6618
1393238553020	1307.22	723.45	1242.66	735.58	5.0003	5.6531
1393238561353	1309.62	733.02	1239.11	743.28	5.0203	5.6551
1393238569686	1315.43	730.09	1242.43	736.75	5.0327	5.6525
1393238578019	1312.02	735.75	1238.37	730.68	4.9959	5.6409
1393238586353	1312.80	733.38	1236.20	734.30	5.0107	5.6438
1393238594686	1302.48	724.41	1237.77	736.88	4.9757	5.6259
1393238603019	1311.82	731.08	1237.00	737.22	4.9937	5.6284
1393238611352	1320.87	736.78	1233.64	741.70	5.0054	5.6179
1393238619685	1317.04	730.51	1237.61	744.46	4.9548	5.6146
1393238628018	1318.96	734.88	1243.42	744.91	4.9917	5.6067
1393238636351	1317.59	727.90	1240.81	749.47	4.9812	5.6204
1393238644690	1308.55	733.31	1246.78	752.85	4.9822	5.5991
1393238653023	1311.32	729.74	1243.49	752.60	4.9629	5.6050
1393238661357	1316.35	731.89	1236.96	762.45	4.9647	5.6231
1393238669690	1317.54	731.61	1245.80	750.37	4.9639	5.5814
1393238678022	1312.20	732.20	1236.57	750.11	4.9635	5.5904
1393238686355	1314.27	729.33	1235.55	743.41	4.9450	5.5841
1393238694689	1321.15	737.35	1241.38	742.20	4.9650	5.5818
1393238703022	1307.17	727.12	1248.96	730.58	4.9299	5.5676
1393238711356	1317.05	735.19	1235.33	735.70	4.9580	5.5871
1393238719689	1311.08	730.29	1238.76	740.77	4.9408	5.5826
1393238728022	1313.68	728.78	1245.63	737.33	4.9418	5.5844
1393238736355	1317.47	732.68	1240.43	738.67	4.9406	5.5765
1393238744689	1319.33	740.21	1242.58	739.03	4.9591	5.5812
1393238753021	1303.74	723.40	1241.42	736.59	4.9177	5.5675
1393238761354	1314.79	732.93	1248.00	736.80	4.9232	5.5556
1393238769691	1321.62	750.88	1245.77	744.82	4.9518	5.5606
1393238778024	1318.51	744.83	1252.10	748.21	4.9384	5.5614
1393238786358	1386.58	755.43	1332.79	751.69	4.9484	5.5423
1393238794691	1485.62	773.79	1431.34	757.30	4.9618	5.5417
1393238803024	1518.21	795.00	1456.20	760.25	4.9453	5.5346
1393238811357	1559.51	804.85	1488.84	759.30	4.9480	5.5342
1393238819690	1529.26	813.81	1475.22	764.60	4.9792	5.5399
1393238828023	1517.92	794.50	1460.50	746.82	4.9842	5.5252
1393238836356	1539.25	796.35	1480.45	758.22	4.9695	5.5293
1393238844690	1546.20	803.76	1486.48	773.38	4.9750	5.5240
1393238853023	1544.83	800.91	1488.38	780.11	4.9890	5.5353
1393238861357	1546.63	799.99	1486.73	787.42	5.0057	5.5331
1393238869690	1539.56	800.38	1478.04	789.71	4.9947	5.5521
1393238878023	1536.56	809.79	1483.03	786.92	5.0022	5.5373
1393238886356	1541.47	800.74	1476.49	786.73	4.9868	5.5300
1393238894688	1537.43	805.19	1482.59	784.26	4.9907	5.5510
1393238903029	1544.42	805.03	1490.76	780.52	4.9973	5.5538
1393238911362	1543.55	806.60	1483.17	774.55	5.0132	5.5676
1393238919695	1542.95	812.50	1482.14	771.09	5.0021	5.5654
1393238928029	1543.61	811.39	1488.49	765.47	4.9823	5.5777
1393238936362	1549.59	813.71	1486.42	764.03	5.0013	5.5724
1393238944696	1542.60	807.93	1485.70	761.34	5.0200	5.5743
1393238953029	1541.45	816.16	1486.74	768.43	5.0258	5.5846
1393238961361	1542.55	809.73	1481.49	765.17	5.0173	5.5974
1393238969694	1540.31	807.57	1483.76	763.33	5.0187	5.6027
1393238978028	1540.87	821.94	1487.88	765.14	5.0291	5.5998
1393238986361	1540.77	815.56	1487.61	771.58	5.0214	5.5998
1393238994695	1537.61	810.00	1483.34	786.26	5.0278	5.6075
1393239003028	1541.98	808.52	1483.57	796.39	5.0380	5.6136
1393239011361	1536.61	799.14	1484.68	798.82	5.0253	5.6283
1393239019694	1619.60	831.34	1572.89	805.43	5.0284	5.6458
1393239028028	1789.19	885.78	1723.95	846.70	5.0326	5.6554
1393239036364	1899.91	914.84	1829.36	922.51	5.0262	5.6225
1393239044696	1969.85	974.22	1914.02	995.03	5.0348	5.5620
1393239053030	2034.45	977.62	1981.67	961.92	5.0631	5.5754
1393239061363	2141.54	1006.19	2072.40	1016.88	5.0600	5.5757
1393239069697	2236.31	1065.45	2162.86	1110.67	5.0459	5.5767
1393239078030	2335.74	1151.79	2242.39	1132.67	5.0579	5.5949
1393239086363	2427.98	1165.06	2346.98	1187.52	5.0764	5.5564
1393239094697	2507.96	1209.56	2424.54	1176.11	5.0883	5.5925
1393239103030	2578.61	1241.51	2510.43	1225.34	5.0622	5.5541
1393239111362	2651.28	1242.71	2568.49	1279.23	5.0771	5.5890
1393239119696	2724.04	1242.25	2653.81	1287.96	5.0920	5.6049
1393239128029	2776.62	1299.82	2722.25	1301.81	5.0822	5.6163
1393239136362	2853.80	1321.68	2756.81	1311.99	5.0742	5.6840
1393239144695	2901.98	1340.71	2810.39	1329.42	5.0918	5.6425
1393239153029	2865.70	1338.13	2772.03	1333.10	5.0916	5.6906
1393239161362	2845.40	1338.93	2789.93	1330.44	5.1085	5.6657
1393239169699	2866.34	1343.46	2806.21	1335.16	5.1080	5.6369
1393239178032	2874.51	1349.07	2834.96	1307.10	5.0836	5.5610
1393239186365	2872.43	1349.63	2777.92	1339.79	5.1139	5.6708
1393239194698	2886.57	1355.00	2818.45	1352.14	5.1018	5.6259
1393239203032	2884.58	1354.98	2785.32	1342.96	5.0947	5.6769
1393239211365	2886.01	1352.58	2814.26	1341.41	5.0768	5.6309
1393239219698	2880.69	1355.52	2791.33	1365.58	5.0930	5.6912
1393239228031	2887.94	1351.83	2826.69	1350.20	5.1228	5.6492
1393239236365	2888.38	1346.05	2810.33	1360.28	5.1149	5.6603
1393239244698	2887.62	1344.25	2821.74	1356.57	5.1008	5.6736
1393239253031	2890.54	1344.54	2804.25	1360.94	5.1099	5.7052
1393239261364	2885.83	1336.59	2824.39	1351.98	5.1154	5.6795
1393239269698	2879.77	1336.94	2820.38	1351.27	5.1077	5.6883
1393239278031	2878.97	1338.13	2796.05	1353.86	5.1102	5.7169
1393239286364	2887.85	1337.51	2808.70	1350.69	5.1037	5.6824
1393239294700	2879.67	1340.47	2817.17	1350.71	5.0818	5.6854
1393239303034	2886.83	1346.94	2839.32	1364.82	5.0665	5.6299
1393239311367	2886.58	1353.28	2808.98	1364.96	5.0589	5.6694
1393239319699	2892.80	1347.02	2824.06	1363.08	5.0421	5.6228
1393239328032	2896.88	1346.70	2813.47	1369.54	5.0306	5.6279
1393239336366	2882.75	1331.96	2841.78	1361.76	5.0113	5.5988
1393239344700	2894.10	1329.41	2851.60	1365.61	4.9763	5.5590
1393239353033	2882.93	1333.59	2834.20	1361.53	4.9778	5.5719
1393239361366	2885.74	1345.16	2859.11	1362.20	4.9409	5.5036
1393239369700	2891.73	1349.96	2838.32	1371.12	4.9319	5.4736
1393239378032	2880.19	1352.21	2817.14	1368.14	4.8991	5.5035
1393239386366	2888.09	1357.37	2832.56	1357.82	4.8855	5.4703
1393239394698	2883.89	1350.55	2823.84	1357.89	4.8474	5.4537
1393239403031	2893.52	1344.94	2828.76	1359.88	4.8347	5.4052
1393239411365	2895.29	1344.52	2838.49	1355.22	4.8030	5.3586
1393239419699	2902.27	1336.11	2853.31	1353.04	4.7857	5.2961
1393239428040	2882.56	1341.45	2849.50	1337.98	4.7794	5.2904
1393239436373	2892.99	1333.61	2847.07	1344.72	4.7265	5.2528
1393239444707	2903.39	1336.73	2849.74	1351.33	4.6789	5.2089
1393239453039	2911.59	1348.00	2877.32	1353.65	4.6742	5.1710
1393239461372	2903.31	1346.46	2874.86	1356.30	4.6487	5.1445
1393239469705	2906.27	1347.54	2908.62	1348.78	4.6458	5.1523
1393239478038	3028.99	1409.50	3048.01	1392.48	4.6482	5.1512
1393239486372	3131.13	1510.66	NaN	NaN	4.6049	NaN
1393239494705	3183.58	1490.65	3292.54	1422.17	4.5884	5.0409
1393239503038	3260.71	1480.49	NaN	NaN	4.5551	NaN
1393239511372	3312.64	1504.27	NaN	NaN	4.5130	NaN
1393239519705	3336.51	1496.94	NaN	NaN	4.5196	NaN
1393239528039	3355.82	1508.70	NaN	NaN	4.4923	NaN
1393239536371	3383.68	1519.08	NaN	NaN	4.4592	NaN
1393239544705	3394.12	1491.36	NaN	NaN	4.4338	NaN
1393239553037	3429.17	1487.79	NaN	NaN	4.4324	NaN
1393239561374	3429.79	1474.44	NaN	NaN	4.4156	NaN
1393239569707	3454.06	1459.54	NaN	NaN	4.4135	NaN
1393239578041	3460.49	1443.11	NaN	NaN	4.4074	NaN
1393239586374	3470.90	1460.03	NaN	NaN	4.3696	NaN
1393239594708	3481.55	1464.06	NaN	NaN	4.3733	NaN
1393239603039	3477.35	1455.89	NaN	NaN	4.3639	NaN
1393239611373	3492.96	1470.95	NaN	NaN	4.3557	NaN
1393239619706	3489.62	1494.30	NaN	NaN	4.3508	NaN
1393239628040	3474.92	1505.03	NaN	NaN	4.3377	NaN
1393239636373	3498.60	1527.56	NaN	NaN	4.3185	NaN
1393239644707	3485.70	1542.10	NaN	NaN	4.3254	NaN
1393239653040	3526.20	1566.53	NaN	NaN	4.3069	NaN
1393239661373	3536.05	1575.90	NaN	NaN	4.3060	NaN
1393239669706	3544.50	1580.15	NaN	NaN	4.2970	NaN
1393239678039	3532.75	1582.94	NaN	NaN	4.2892	NaN
1393239686376	3532.24	1595.64	NaN	NaN	4.2435	NaN
1393239694709	3547.98	1591.77	NaN	NaN	4.2837	NaN
1393239703043	3536.25	1590.67	NaN	NaN	4.2511	NaN
1393239711376	3536.74	1585.87	NaN	NaN	4.2452	NaN
1393239719709	3529.58	1590.93	NaN	NaN	4.2522	NaN
1393239728043	3533.65	1588.43	NaN	NaN	4.2614	NaN
1393239736376	3539.62	1588.63	NaN	NaN	4.2509	NaN
1393239744708	3535.38	1582.88	NaN	NaN	4.2495	NaN
1393239753041	3531.06	1579.52	NaN	NaN	4.2416	NaN
1393239761374	3526.82	1577.84	NaN	NaN	4.2409	NaN
1393239769708	3533.36	1586.86	NaN	NaN	4.2247	NaN
1393239778042	3538.82	1586.87	NaN	NaN	4.2085	NaN
1393239786374	3526.76	1585.15	NaN	NaN	4.2462	NaN
1393239794708	3530.67	1584.84	NaN	NaN	4.2255	NaN
1393239803041	3528.37	1579.11	NaN	NaN	4.2217	NaN
1393239811375	3528.63	1583.16	NaN	NaN	4.2372	NaN
1393239819713	3530.72	1582.16	NaN	NaN	4.2195	NaN
1393239828047	3521.55	1574.81	NaN	NaN	4.2240	NaN
1393239836380	3514.00	1572.53	NaN	NaN	4.2507	NaN
1393239844713	3516.55	1561.13	NaN	NaN	4.2110	NaN
1393239853046	3517.02	1548.12	NaN	NaN	4.2130	NaN
1393239861380	3507.91	1552.93	NaN	NaN	4.2300	NaN
1393239869713	3531.78	1606.08	NaN	NaN	4.2489	NaN
1393239878047	3567.37	1612.64	NaN	NaN	4.1735	NaN
1393239886379	3556.92	1607.67	NaN	NaN	4.2493	NaN
1393239894712	3594.58	1614.85	NaN	NaN	4.2294	NaN
1393239903046	3587.10	1661.62	NaN	NaN	4.2543	NaN
1393239911379	NaN	NaN	NaN	NaN	NaN	NaN
1393239919712	NaN	NaN	NaN	NaN	NaN	NaN
1393239928046	NaN	NaN	NaN	NaN	NaN	NaN
1393239936378	NaN	NaN	NaN	NaN	NaN	NaN
1393239944712	NaN	NaN	NaN	NaN	NaN	NaN
1393239953050	NaN	NaN	NaN	NaN	NaN	NaN
1393239961382	NaN	NaN	NaN	NaN	NaN	NaN
1393239969715	NaN	NaN	NaN	NaN	NaN	NaN
1393239978048	NaN	NaN	NaN	NaN	NaN	NaN
1393239986382	NaN	NaN	NaN	NaN	NaN	NaN
1393239994715	NaN	NaN	NaN	NaN	NaN	NaN
1393240003049	NaN	NaN	NaN	NaN	NaN	NaN
1393240011382	NaN	NaN	NaN	NaN	NaN	NaN
1393240019715	NaN	NaN	NaN	NaN	NaN	NaN
1393240028048	NaN	NaN	NaN	NaN	NaN	NaN
1393240036381	NaN	NaN	NaN	NaN	NaN	NaN
1393240044714	NaN	NaN	NaN	NaN	NaN	NaN
1393240053047	NaN	NaN	NaN	NaN	NaN	NaN
1393240061380	NaN	NaN	NaN	NaN	NaN	NaN
1393240069713	NaN	NaN	NaN	NaN	NaN	NaN
1393240078047	NaN	NaN	NaN	NaN	NaN	NaN
1393240086384	NaN	NaN	NaN	NaN	NaN	NaN
1393240094717	NaN	NaN	NaN	NaN	NaN	NaN
1393240103050	3566.99	1663.95	NaN	NaN	4.3426	NaN
1393240111384	3568.65	1656.78	NaN	NaN	4.3105	NaN
1393240119717	3566.49	1654.77	NaN	NaN	4.3459	NaN
1393240128049	3579.54	1657.87	NaN	NaN	4.3344	NaN
1393240136383	3558.46	1653.41	NaN	NaN	4.3386	NaN
1393240144716	3579.51	1647.80	NaN	NaN	4.3201	NaN
1393240153049	3568.74	1644.00	NaN	NaN	4.3094	NaN
1393240161383	3567.56	1653.89	NaN	NaN	4.3042	NaN
1393240169716	3577.54	1651.17	NaN	NaN	4.3182	NaN
1393240178049	3560.67	1652.09	NaN	NaN	4.3278	NaN
1393240186382	3570.53	1643.74	NaN	NaN	4.2862	NaN
1393240194715	3573.23	1658.61	NaN	NaN	4.3156	NaN
1393240203048	3553.90	1650.15	NaN	NaN	4.3000	NaN
1393240211386	3578.99	1642.12	NaN	NaN	4.2952	NaN
1393240219719	3568.56	1656.55	NaN	NaN	4.3096	NaN
1393240228052	3571.64	1652.37	NaN	NaN	4.3108	NaN
1393240236386	3575.52	1654.61	NaN	NaN	4.3070	NaN
1393240244719	3556.71	1649.74	NaN	NaN	4.2814	NaN
1393240253052	3570.31	1662.30	NaN	NaN	4.2803	NaN
1393240261386	3580.96	1658.44	NaN	NaN	4.2861	NaN
1393240269718	3562.04	1652.89	NaN	NaN	4.2912	NaN
1393240278051	3571.57	1648.49	NaN	NaN	4.2775	NaN
1393240286385	NaN	NaN	NaN	NaN	NaN	NaN
1393240294718	NaN	NaN	NaN	NaN	NaN	NaN
1393240303051	NaN	NaN	NaN	NaN	NaN	NaN
1393240311384	3563.19	1697.91	NaN	NaN	4.2870	NaN
1393240319717	3471.18	1664.48	NaN	NaN	4.2534	NaN
1393240328050	3348.95	1562.95	NaN	NaN	4.2651	NaN
1393240336383	3304.62	1563.02	NaN	NaN	4.2612	NaN
1393240344723	3138.34	1492.57	NaN	NaN	4.2224	NaN
1393240353056	3000.23	1494.94	NaN	NaN	4.0916	NaN
1393240361381	3006.21	1740.50	NaN	NaN	3.4395	NaN
1393240369715	NaN	NaN	NaN	NaN	NaN	NaN
1393240378048	NaN	NaN	NaN	NaN	NaN	NaN
1393240386381	NaN	NaN	NaN	NaN	NaN	NaN
1393240394714	NaN	NaN	NaN	NaN	NaN	NaN
1393240403047	NaN	NaN	NaN	NaN	NaN	NaN
1393240411381	NaN	NaN	NaN	NaN	NaN	NaN
1393240419714	NaN	NaN	NaN	NaN	NaN	NaN
1393240428048	NaN	NaN	NaN	NaN	NaN	NaN
1393240436381	NaN	NaN	NaN	NaN	NaN	NaN
1393240444714	NaN	NaN	NaN	NaN	NaN	NaN
1393240453048	NaN	NaN	NaN	NaN	NaN	NaN
1393240461380	NaN	NaN	NaN	NaN	NaN	NaN
1393240469713	NaN	NaN	NaN	NaN	NaN	NaN
1393240478050	NaN	NaN	NaN	NaN	NaN	NaN
1393240486384	NaN	NaN	NaN	NaN	NaN	NaN
1393240494717	NaN	NaN	NaN	NaN	NaN	NaN
1393240503051	1599.23	1181.68	1202.99	1164.51	3.1529	3.9309
1393240511384	1479.99	1003.56	1362.91	1026.25	3.7249	4.6066
1393240519717	1408.51	908.27	1422.89	939.79	4.0876	4.8104
1393240528057	1409.45	861.93	1427.21	886.33	4.1519	4.9518
1393240536391	1410.01	893.15	1422.04	858.32	4.1268	5.0395
1393240544723	1412.17	904.44	1418.91	876.88	4.0936	4.9997
1393240553057	1422.96	898.94	1409.71	899.43	4.0849	4.9623
1393240561390	1425.13	904.35	1411.15	889.49	4.1011	4.9529
1393240569723	1422.56	896.88	1410.23	906.28	4.0963	4.9364
1393240578057	1432.30	892.93	1411.78	905.11	4.1042	4.9305
1393240586391	1440.38	902.29	1420.16	902.64	4.1452	4.9243
1393240594724	1425.52	893.59	1418.85	896.88	4.1020	4.9314
1393240603056	1424.41	893.95	1415.62	891.84	4.1166	4.9256
1393240611395	1436.33	885.45	1413.17	900.70	4.1166	4.9370
1393240619728	1420.46	894.79	1418.43	897.62	4.1447	4.9400
1393240628061	1428.20	877.49	1413.61	890.76	4.1060	4.9353
1393240636394	1422.82	888.75	1418.29	887.66	4.1163	4.9220
1393240644727	1424.90	895.08	1424.32	889.73	4.1258	4.9223
1393240653061	1427.29	903.10	1422.72	890.16	4.1620	4.9061
1393240661394	1423.66	904.17	1416.18	884.64	4.1338	4.9080
1393240669727	1429.48	905.09	1416.40	885.44	4.1090	4.9151
1393240678060	1426.95	915.67	1401.04	889.30	4.1193	4.9037
1393240686394	1431.74	909.45	1414.49	886.07	4.1035	4.8876
1393240694727	1422.40	909.23	1413.88	891.81	4.1331	4.8953
1393240703060	1435.92	904.45	1422.54	896.77	4.1285	4.8914
1393240711393	1409.31	893.93	1409.37	873.78	4.1550	4.8896
1393240719727	1287.77	787.53	1304.78	804.46	4.1505	4.9025
1393240728060	1263.19	735.17	1264.21	741.94	4.1315	4.8948
1393240736397	1296.23	736.87	1276.51	717.83	4.1151	4.8568
1393240744729	1300.30	755.11	1284.92	750.32	4.1278	4.8885
1393240753063	1293.48	768.59	1282.04	748.71	4.1458	4.8818
1393240761396	1277.90	753.86	1273.30	735.08	4.1522	4.8795
1393240769729	1281.46	736.94	1265.88	728.94	4.1297	4.8753
1393240778062	1276.20	736.56	1254.58	742.96	4.1297	4.8858
1393240786396	1289.61	740.01	1262.25	729.33	4.1481	4.8692
1393240794729	1288.62	749.90	1260.41	735.61	4.1627	4.8844
1393240803063	1280.56	751.95	1262.12	735.12	4.1557	4.8897
1393240811395	1293.19	751.14	1259.02	728.95	4.1433	4.8798
1393240819728	1291.52	748.71	1254.54	735.24	4.1466	4.9252
1393240828061	1297.02	764.98	1259.92	730.28	4.1695	4.9086
1393240836395	1296.21	759.59	1251.92	736.44	4.1538	4.9027
1393240844729	1291.99	767.19	1262.40	735.34	4.1515	4.9008
1393240853061	1298.58	765.17	1258.91	741.81	4.1541	4.8980
1393240861395	1293.64	770.26	1266.31	750.54	4.1809	4.9121
1393240869734	1288.94	769.75	1268.68	749.12	4.1662	4.9296
1393240878067	1295.70	766.32	1271.82	746.60	4.1903	4.9300
1393240886400	1284.10	769.72	1277.14	742.29	4.2201	4.9335
1393240894734	1290.72	763.63	1276.07	749.22	4.1959	4.9383
1393240903067	1293.16	767.87	1278.07	744.88	4.2046	4.9424
1393240911400	1294.16	765.80	1274.39	745.57	4.2038	4.9650
1393240919734	1293.42	775.28	1271.98	741.20	4.2417	4.9616
1393240928066	1297.73	769.46	1270.08	739.11	4.2174	4.9814
1393240936400	1293.57	767.05	1270.01	744.28	4.2196	4.9745
1393240944733	1292.07	775.34	1272.43	733.09	4.2376	4.9954
1393240953067	1298.96	770.71	1268.23	736.41	4.2229	4.9974
1393240961399	1296.15	770.87	1269.59	731.52	4.2402	5.0017
1393240969732	1297.17	780.36	1269.39	727.88	4.2673	5.0000
1393240978066	1297.67	770.35	1264.48	733.55	4.2504	5.0428
1393240986399	1297.03	775.08	1263.60	729.25	4.2778	5.0394
1393240994732	1299.61	770.41	1263.46	727.52	4.2799	5.0376
1393241003070	1294.59	764.47	1266.40	733.32	4.2811	5.0462
1393241011403	1305.83	769.24	1266.61	741.46	4.2934	5.0624
1393241019737	1299.84	764.49	1255.36	743.53	4.3084	5.0857
1393241028069	1296.36	763.47	1261.19	746.96	4.3322	5.0673
1393241036402	1297.44	757.86	1258.74	745.36	4.3153	5.0707
1393241044735	1299.24	763.87	1252.63	747.99	4.3284	5.0961
1393241053068	1305.70	762.38	1258.01	750.94	4.3247	5.1015
1393241061401	1301.85	763.15	1254.06	751.16	4.3510	5.1105
1393241069735	1299.34	770.61	1258.05	750.58	4.3573	5.1197
1393241078067	1301.80	779.91	1252.34	741.66	4.3619	5.1209
1393241086401	1301.26	778.54	1257.06	742.55	4.3752	5.1416
1393241094734	1294.25	779.73	1254.76	741.12	4.3814	5.1392
1393241103068	1299.80	783.45	1257.78	745.08	4.3902	5.1659
1393241111401	1296.02	783.13	1253.20	741.32	4.4115	5.1753
1393241119733	1297.78	786.95	1260.14	740.54	4.4291	5.1649
1393241128071	1294.80	781.65	1265.09	742.06	4.4091	5.1829
1393241136404	1297.99	778.89	1266.98	746.50	4.4437	5.1882
1393241144737	1298.27	780.46	1265.64	733.69	4.4488	5.1906
1393241153070	1296.95	774.14	1262.32	744.32	4.4451	5.2160
1393241161404	1294.52	776.06	1267.87	752.60	4.4673	5.2338
1393241169737	1295.99	776.31	1255.68	754.64	4.4607	5.2551
1393241178071	1301.27	763.63	1266.60	750.56	4.4572	5.2236
1393241186403	1294.90	769.01	1267.75	753.02	4.4973	5.2445
1393241194736	1294.79	760.66	1268.75	750.45	4.4786	5.2390
1393241203070	1294.59	766.69	1265.55	750.94	4.4794	5.2489
1393241211403	1295.95	763.21	1268.40	755.28	4.5026	5.2504
1393241219736	1292.16	768.49	1267.81	760.61	4.5089	5.2612
1393241228069	1295.98	767.03	1264.36	751.41	4.5313	5.2603
1393241236403	1299.88	769.42	1268.10	753.70	4.5152	5.2796
1393241244737	1299.20	776.20	1263.25	755.05	4.5421	5.2803
1393241253070	1296.97	777.01	1264.82	756.49	4.5520	5.2989
1393241261407	1293.29	779.55	1265.07	750.94	4.5590	5.2749
1393241269740	1294.68	779.14	1269.37	755.66	4.5502	5.3083
1393241278073	1297.30	785.64	1260.34	759.69	4.5546	5.3125
1393241286407	1296.59	782.04	1269.76	754.46	4.5577	5.2873
1393241294740	1296.63	781.85	1270.17	762.54	4.5474	5.3198
1393241303073	1295.62	786.08	1264.87	761.82	4.5764	5.3212
1393241311407	1295.58	781.69	1266.50	760.51	4.5679	5.3108
1393241319740	1291.00	780.09	1259.14	766.92	4.5807	5.3297
1393241328072	1292.52	783.32	1262.32	763.76	4.5747	5.3336
1393241336406	1289.11	779.74	1263.74	763.53	4.5757	5.3265
1393241344739	1299.00	785.15	1268.29	766.25	4.5929	5.3305
1393241353072	1291.33	781.75	1267.32	760.58	4.6010	5.3281
1393241361406	1289.70	776.58	1264.06	760.95	4.5821	5.3283
1393241369739	1294.64	786.66	1265.24	765.69	4.5975	5.3376
1393241378073	1296.74	788.95	1258.60	765.93	4.6281	5.3351
1393241386406	1296.60	775.38	1262.16	761.57	4.6022	5.3394
1393241394744	1288.57	780.84	1266.67	762.23	4.6031	5.3526
1393241403076	1294.33	782.84	1259.24	764.87	4.6317	5.3518
1393241411410	1287.22	784.51	1258.40	758.80	4.6134	5.3374
1393241419743	1288.39	782.96	1261.53	759.14	4.6219	5.3544
1393241428077	1289.54	784.40	1263.07	761.39	4.6278	5.3615
1393241436410	1287.60	795.17	1261.44	756.25	4.6253	5.3618
1393241444743	1291.74	784.27	1257.25	755.47	4.6297	5.3535
1393241453076	1284.81	786.50	1256.87	755.59	4.6310	5.3563
1393241461410	1291.26	788.66	1248.38	761.57	4.6213	5.3828
1393241469742	1290.68	789.08	1262.26	756.39	4.6440	5.3655
1393241478076	1292.88	784.43	1254.07	759.59	4.6368	5.3670
1393241486408	1288.39	791.03	1256.86	755.89	4.6343	5.3647
1393241494742	1286.16	793.90	1252.29	762.11	4.6395	5.3651
1393241503076	1291.70	790.90	1263.48	755.13	4.6205	5.3590
1393241511409	1285.93	786.32	1254.19	763.04	4.6280	5.3875
1393241519742	1291.60	784.31	1255.36	761.29	4.6237	5.3683
1393241528080	1286.93	782.88	1248.65	774.58	4.6356	5.3876
1393241536413	1288.41	776.30	1254.13	766.50	4.6404	5.3758
1393241544746	1286.81	781.04	1254.63	776.21	4.6436	5.3730
1393241553080	1282.63	779.36	1257.02	773.70	4.6433	5.3785
1393241561413	1291.91	775.04	1258.78	773.78	4.6505	5.3850
1393241569746	1285.94	783.97	1251.39	777.62	4.6467	5.3994
1393241578079	1283.91	775.15	1258.39	775.51	4.6400	5.3845
1393241586413	1292.89	778.17	1259.60	759.53	4.6339	5.3667
1393241594745	1285.78	782.62	1247.53	769.38	4.6164	5.3993
1393241603079	1283.77	789.47	1249.63	764.98	4.6430	5.3934
1393241611412	1282.19	788.28	1257.40	758.11	4.6314	5.3701
1393241619745	1289.11	786.57	1253.30	763.36	4.6523	5.3851
1393241628079	1282.93	791.75	1259.48	761.29	4.6304	5.3820
1393241636412	1282.11	785.94	1252.52	765.72	4.6341	5.3981
1393241644745	1291.55	789.60	1260.19	762.75	4.6426	5.3859
1393241653081	1286.99	782.45	1253.51	760.72	4.6412	5.3921
1393241661415	1293.95	791.45	1253.14	765.86	4.6594	5.3850
1393241669747	1287.55	780.30	1249.37	777.96	4.6601	5.4174
1393241678081	1282.66	783.08	1259.42	781.23	4.6614	5.4048
1393241686414	1361.73	778.95	1327.71	770.85	4.6774	5.4047
1393241694747	1462.84	779.98	1419.07	761.10	4.6688	5.4116
1393241703081	1480.19	792.00	1432.98	761.58	4.6856	5.3767
1393241711414	1454.00	797.20	1417.35	769.23	4.7160	5.3875
1393241719747	1426.00	779.94	1396.54	762.47	4.6886	5.3661
1393241728080	1433.75	774.01	1408.14	754.34	4.6516	5.3620
1393241736413	1465.47	782.57	1412.01	765.27	4.6857	5.3907
1393241744746	1456.84	785.60	1419.30	770.02	4.7056	5.3894
1393241753080	1463.75	783.22	1427.11	764.27	4.7180	5.3954
1393241761413	1458.81	779.71	1415.47	758.33	4.6943	5.3920
1393241769746	1460.43	783.80	1414.96	761.96	4.7136	5.3893
1393241778079	1458.89	776.26	1420.81	761.79	4.6984	5.3728
1393241786421	1458.70	778.44	1418.88	762.66	4.7092	5.3967
1393241794754	1459.13	779.65	1419.00	762.39	4.7187	5.3864
1393241803087	1456.66	764.20	1425.28	754.89	4.6932	5.3887
1393241811419	1465.00	771.53	1416.21	755.62	4.7264	5.3901
1393241819753	1463.84	772.60	1422.76	759.83	4.7474	5.3885
1393241828086	1459.11	771.08	1417.95	755.32	4.7407	5.3885
1393241836420	1460.07	779.66	1421.85	756.56	4.7488	5.3983
1393241844753	1463.76	771.45	1414.60	752.88	4.7330	5.3942
1393241853086	1461.30	770.32	1420.60	752.31	4.7282	5.4188
1393241861419	1461.23	771.40	1422.16	756.98	4.7333	5.4194
1393241869753	1459.84	771.74	1422.63	753.10	4.7431	5.4062
1393241878086	1464.10	777.77	1426.33	750.68	4.7408	5.4141
1393241886418	1460.94	767.08	1428.26	749.41	4.7471	5.4157
1393241894751	1463.10	770.80	1426.31	756.16	4.7465	5.4214
1393241903085	1467.93	776.20	1425.17	756.03	4.7658	5.4308
1393241911419	1462.84	770.40	1426.18	747.72	4.7762	5.4238
1393241919754	1471.07	771.04	1423.89	752.75	4.7821	5.4139
1393241928087	1462.32	767.82	1423.84	747.42	4.7503	5.4264
1393241936420	1462.36	768.88	1420.78	751.34	4.7659	5.4344
1393241944754	1464.09	762.62	1427.57	759.34	4.7517	5.4251
1393241953086	1461.98	764.76	1425.33	756.13	4.7668	5.4328
1393241961420	1463.83	770.93	1421.17	755.72	4.7689	5.4407
1393241969753	1463.41	772.72	1433.49	755.01	4.7936	5.4407
1393241978086	1468.46	770.88	1429.11	754.98	4.7947	5.4610
1393241986419	1463.22	764.85	1430.94	752.63	4.7751	5.4573
1393241994753	1465.75	772.14	1428.70	757.11	4.7972	5.4535
1393242003086	1444.45	764.67	1419.13	748.24	4.7784	5.4432
1393242011420	1349.61	770.28	1330.14	761.11	4.8035	5.4606
1393242019752	1327.61	774.75	1300.54	754.58	4.7965	5.4584
1393242028085	1357.34	775.39	1325.71	765.13	4.7834	5.4908
1393242036419	1378.00	774.17	1339.33	752.81	4.8165	5.4965
1393242044751	1368.30	775.46	1334.86	756.32	4.8168	5.4823
1393242053089	1359.59	774.90	1329.26	764.34	4.8115	5.4751
1393242061422	1347.32	783.01	1324.26	766.40	4.8298	5.4966
1393242069755	1358.30	781.51	1319.75	765.04	4.8227	5.4760
1393242078089	1347.84	776.83	1330.13	762.30	4.8106	5.4759
1393242086423	1348.88	771.27	1324.12	758.82	4.8290	5.4691
1393242094756	1363.68	780.62	1324.09	760.64	4.8585	5.4897
1393242103088	1353.71	783.31	1324.23	768.58	4.8584	5.5207
1393242111421	1355.27	777.18	1321.89	759.39	4.8510	5.4994
1393242119755	1351.17	782.73	1321.12	761.74	4.8675	5.5190
1393242128088	1356.57	779.25	1326.72	761.28	4.8572	5.5121
1393242136421	1357.89	782.94	1322.34	763.49	4.8700	5.5326
1393242144754	1347.31	774.24	1324.35	762.31	4.8644	5.5052
1393242153088	1351.78	782.44	1326.16	766.35	4.8766	5.5294
1393242161421	1353.75	782.43	1333.67	763.98	4.8806	5.5167
1393242169754	1357.76	780.67	1321.62	768.71	4.8880	5.5219
1393242178092	1357.67	790.21	1325.13	765.04	4.9010	5.5478
1393242186425	1353.20	784.01	1326.46	771.74	4.8853	5.5553
1393242194758	1350.03	785.17	1317.02	771.53	4.8825	5.5567
1393242203092	1349.33	784.43	1329.25	769.76	4.9026	5.5516
1393242211425	1357.59	789.85	1324.10	770.71	4.9029	5.5581
1393242219759	1359.19	787.06	1325.19	767.62	4.9127	5.5488
1393242228092	1356.95	788.00	1320.25	770.52	4.9093	5.5556
1393242236425	1351.74	793.10	1321.65	771.08	4.9173	5.5755
1393242244758	1354.14	791.28	1321.21	771.40	4.9193	5.5666
1393242253091	1353.09	797.23	1319.92	770.44	4.9324	5.5793
1393242261425	1352.79	789.40	1319.84	767.56	4.9301	5.5820
1393242269757	1349.22	790.47	1312.13	771.32	4.9188	5.5943
1393242278091	1354.76	794.18	1317.24	772.60	4.9276	5.5871
1393242286425	1352.16	788.40	1319.94	770.67	4.9350	5.5756
1393242294757	1352.18	789.35	1323.68	775.14	4.9398	5.5690
1393242303091	1354.11	784.65	1315.94	777.82	4.9298	5.6129
1393242311430	1355.78	784.80	1315.76	775.43	4.9415	5.5959
1393242319762	1354.20	784.51	1317.63	771.83	4.9382	5.6165
1393242328096	1353.82	785.13	1312.84	772.67	4.9457	5.6212
1393242336429	1353.87	787.92	1312.15	762.60	4.9498	5.6109
1393242344763	1352.95	786.54	1314.97	767.76	4.9349	5.6066
1393242353096	1353.61	796.05	1317.76	759.07	4.9832	5.6114
1393242361429	1350.99	785.72	1310.37	769.00	4.9565	5.6180
1393242369763	1357.98	787.54	1309.14	762.18	4.9658	5.6375
1393242378096	1361.94	790.80	1314.64	769.02	4.9707	5.6292
1393242386428	1360.27	792.45	1312.72	770.04	4.9879	5.6301
1393242394761	1363.02	791.41	1308.55	775.92	4.9782	5.6420
1393242403094	1365.11	797.15	1312.93	774.65	4.9785	5.6262
1393242411428	1361.30	799.85	1307.50	781.13	4.9645	5.6356
1393242419761	1364.36	806.29	1304.74	780.12	4.9844	5.6437
1393242428095	1360.33	805.59	1308.36	775.91	4.9890	5.6359
1393242436428	1362.72	793.22	1307.96	775.02	4.9675	5.6415
1393242444764	1360.39	798.54	1306.01	777.34	4.9728	5.6407
1393242453098	1353.25	792.80	1308.48	773.38	4.9747	5.6397
1393242461430	1359.04	794.64	1308.91	772.06	4.9941	5.6431
1393242469764	1353.89	789.38	1308.77	767.27	4.9722	5.6432
1393242478096	1355.58	778.46	1304.43	767.97	4.9586	5.6483
1393242486430	1355.60	786.05	1308.76	761.98	4.9711	5.6414
1393242494764	1345.82	782.86	1306.97	764.32	4.9783	5.6551
1393242503097	1354.30	782.34	1307.06	760.34	4.9925	5.6360
1393242511430	1354.76	779.10	1315.18	761.64	4.9804	5.6644
1393242519763	1355.12	782.29	1300.33	768.89	4.9786	5.6716
1393242528096	1358.63	789.49	1305.85	761.54	4.9929	5.6556
1393242536429	1360.64	788.77	1300.19	765.50	4.9769	5.6694
1393242544762	1357.82	787.42	1308.47	768.39	4.9901	5.6569
1393242553096	1355.00	789.82	1311.03	769.22	4.9866	5.6547
1393242561429	1357.94	787.94	1310.04	776.57	4.9992	5.6629
1393242569767	1360.13	795.77	1311.61	773.47	4.9831	5.6641
1393242578101	1360.13	793.92	1305.33	772.91	4.9838	5.6523
1393242586434	1354.42	789.17	1304.86	774.85	4.9819	5.6696
1393242594768	1355.58	790.41	1311.68	774.48	4.9792	5.6489
1393242603099	1355.83	789.91	1305.15	772.45	4.9818	5.6657
1393242611433	1357.53	795.17	1308.53	772.24	5.0098	5.6520
1393242619767	1347.53	790.73	1310.35	771.86	4.9827	5.6536
1393242628099	1359.05	792.33	1302.73	775.29	4.9850	5.6640
1393242636433	1355.91	794.11	1313.15	766.96	5.0079	5.6652
1393242644766	1358.04	790.69	1306.82	767.77	4.9900	5.6520
1393242653099	1358.87	785.49	1311.62	764.28	4.9782	5.6550
1393242661433	1355.18	786.98	1313.50	760.30	4.9809	5.6461
1393242669765	1357.99	787.91	1310.61	766.53	4.9955	5.6528
1393242678099	1359.28	784.82	1299.05	765.00	4.9972	5.6605
1393242686432	1355.57	783.00	1308.06	762.36	4.9860	5.6542
1393242694765	1359.07	784.55	1303.48	764.17	4.9878	5.6580
1393242703103	1361.23	785.31	1309.71	762.80	4.9946	5.6437
1393242711436	1363.45	785.42	1304.46	764.93	4.9935	5.6446
1393242719769	1355.53	786.97	1304.43	768.00	5.0073	5.6645
1393242728102	1358.48	783.04	1305.72	766.13	4.9987	5.6475
1393242736436	1354.25	779.63	1308.32	764.62	4.9838	5.6562
1393242744769	1362.31	784.47	1306.83	777.57	5.0084	5.6446
1393242753101	1353.65	782.58	1305.45	780.11	4.9969	5.6566
1393242761435	1348.39	788.19	1308.46	782.85	4.9908	5.6504
1393242769768	1359.02	796.37	1307.08	779.65	5.0170	5.6467
1393242778101	1351.18	796.72	1307.29	786.41	4.9999	5.6458
1393242786435	1375.42	810.94	1339.12	779.35	4.9896	5.6518
1393242794768	1487.32	858.84	1428.41	817.10	5.0090	5.6652
1393242803101	1534.52	862.05	1492.10	821.13	4.9902	5.6296
1393242811434	1558.13	883.45	1521.87	827.08	4.9812	5.6012
1393242819767	1641.54	923.37	1585.55	865.89	4.9745	5.6021
1393242828101	1706.42	957.81	1647.63	885.27	4.9816	5.6386
1393242836439	1779.78	986.64	1721.56	959.10	4.9389	5.6431
1393242844772	1823.13	1032.83	1742.64	1026.67	4.9480	5.6301
1393242853105	1860.11	1093.34	1788.66	1046.98	4.9755	5.6216
1393242861439	1915.95	1118.31	1830.25	1100.97	4.9890	5.6246
1393242869772	1954.31	1149.19	1855.26	1144.34	4.9875	5.5716
1393242878104	1972.67	1200.59	1889.58	1169.17	5.0014	5.5835
1393242886438	1971.30	1215.33	1881.66	1164.12	5.0100	5.5985
1393242894771	1957.70	1187.06	1885.29	1147.53	5.0285	5.6016
1393242903104	1970.58	1191.60	1894.13	1166.02	5.0180	5.6137
1393242911438	1970.39	1182.02	1905.87	1184.01	5.0084	5.5895
1393242919771	1972.49	1176.18	1897.16	1186.10	5.0204	5.5933
1393242928105	1982.03	1174.40	1891.16	1189.10	5.0146	5.6141
1393242936437	1974.35	1179.85	1891.75	1191.84	5.0435	5.5921
1393242944771	1971.76	1182.65	1891.02	1190.61	5.0439	5.5956
1393242953104	1974.11	1178.65	1879.17	1196.82	5.0358	5.6066
1393242961436	1977.58	1175.83	1887.53	1192.36	5.0320	5.6097
1393242969774	1972.87	1182.31	1881.66	1196.43	5.0428	5.6149
1393242978107	1973.09	1193.71	1889.22	1192.47	5.0348	5.6053
1393242986441	1975.29	1198.98	1889.10	1189.00	5.0348	5.6133
1393242994774	1984.03	1205.36	1898.68	1190.22	5.0421	5.6054
1393243003107	1976.36	1211.55	1905.40	1186.89	5.0295	5.5982
1393243011441	1977.24	1213.74	1892.48	1186.83	5.0513	5.6114
1393243019773	1974.44	1191.08	1881.10	1196.44	5.0433	5.6305
1393243028106	1970.39	1259.70	1919.44	1224.85	5.0456	5.6371
1393243036440	1971.79	1413.64	1905.47	1395.20	5.0489	5.6590
1393243044772	1990.50	1511.01	1920.00	1478.91	5.0355	5.6450
1393243053106	1995.73	1529.04	1926.26	1478.86	5.0419	5.5813
1393243061439	1978.35	1466.72	1935.50	1426.32	5.0520	5.6067
1393243069772	1976.63	1470.03	1930.53	1416.16	5.0352	5.6182
1393243078106	1977.73	1505.82	1929.11	1446.89	5.0266	5.6021
1393243086439	1971.23	1524.79	1925.78	1451.12	5.0173	5.5968
1393243094776	1970.23	1527.63	1930.08	1453.16	5.0084	5.6017
1393243103109	1977.91	1523.73	1924.87	1450.13	4.9937	5.5850
1393243111442	1979.36	1525.83	1924.59	1451.51	4.9954	5.5829
1393243119776	1968.84	1522.71	1924.10	1452.26	5.0065	5.5817
1393243128109	1984.06	1520.88	1918.62	1451.38	4.9728	5.5865
1393243136443	1982.53	1517.63	1918.60	1456.17	4.9806	5.5733
1393243144776	1981.45	1520.37	1928.29	1447.99	4.9629	5.5505
1393243153109	1974.73	1521.75	1923.23	1456.89	4.9584	5.5532
1393243161443	1970.42	1518.85	1924.40	1458.49	4.9747	5.5368
1393243169775	1970.98	1522.02	1932.20	1454.69	4.9604	5.5441
1393243178109	1971.17	1524.88	1925.14	1461.89	4.9563	5.5302
1393243186441	1968.85	1565.49	1912.17	1458.58	4.8515	5.5499
1393243194775	1976.43	1516.50	1922.20	1461.94	4.9268	5.5139
1393243203109	1973.84	1524.71	1917.92	1469.55	4.9252	5.5144
1393243211441	1972.03	1515.53	1912.49	1481.09	4.9296	5.5148
1393243219775	1963.99	1510.84	1937.73	1493.66	4.9279	5.4953
1393243228113	1962.16	1499.82	1936.85	1472.62	4.9016	5.4803
1393243236445	1978.85	1497.44	1936.81	1465.72	4.9049	5.4935
1393243244779	1986.98	1496.06	1931.01	1454.21	4.8967	5.4836
1393243253112	1995.58	1499.39	1943.55	1467.90	4.9070	5.4719
1393243261446	1998.59	1501.72	1943.85	1470.20	4.8927	5.4480
1393243269779	1978.16	1507.45	1936.14	1471.72	4.8883	5.4657
1393243278112	1987.99	1519.25	1935.17	1467.86	4.8710	5.4531
1393243286446	1986.30	1516.73	1928.83	1457.96	4.8697	5.4388
1393243294779	1976.23	1501.12	1935.97	1452.24	4.8877	5.4399
1393243303113	1983.96	1492.17	1940.75	1458.37	4.8467	5.4506
1393243311444	1987.97	1499.25	1947.24	1462.56	4.8489	5.4251
1393243319778	1996.81	1499.56	1948.11	1471.46	4.8719	5.4216
1393243328112	2003.37	1503.34	1939.02	1477.39	4.8599	5.4232
1393243336444	1971.40	1498.67	1938.24	1466.52	4.8632	5.4252
1393243344778	1983.77	1481.90	1953.79	1461.71	4.8614	5.4092
1393243353111	1983.38	1517.14	1937.79	1456.03	4.8655	5.4297
1393243361448	1999.91	1507.06	1941.47	1478.67	4.8438	5.4202
1393243369782	1986.32	1489.70	1942.17	1484.24	4.8329	5.4099
1393243378114	1969.06	1525.92	1936.51	1460.47	4.8544	5.4026
1393243386448	1978.45	1508.40	1942.02	1461.35	4.8308	5.4024
1393243394781	1980.06	1492.59	1944.31	1465.92	4.8486	5.4070
1393243403114	1997.10	1503.08	1934.33	1468.39	4.8510	5.4080
1393243411448	1999.14	1516.64	1943.29	1466.45	4.8486	5.3850
1393243419781	1987.88	1495.67	1940.56	1483.70	4.8360	5.4023
1393243428114	1996.79	1516.29	1947.28	1462.74	4.8524	5.3741
1393243436447	1983.81	1495.07	1950.32	1482.82	4.8376	5.3867
1393243444781	1992.27	1512.00	1945.12	1466.42	4.8425	5.3770
1393243453113	1985.30	1510.22	1946.55	1462.25	4.8544	5.3709
1393243461446	1974.69	1487.02	1943.06	1475.37	4.8439	5.3662
1393243469780	1979.96	1491.18	1942.64	1476.02	4.8304	5.3528
1393243478113	1980.28	1494.72	1933.17	1468.61	4.8306	5.3601
1393243486446	1969.85	1488.05	1939.24	1461.39	4.8214	5.3758
1393243494785	1977.10	1515.30	1926.50	1481.92	4.8234	5.3800
1393243503118	1975.71	1511.93	1948.61	1474.72	4.8181	5.3442
1393243511452	1980.91	1502.39	1935.16	1465.86	4.7939	5.3759
1393243519783	1978.08	1518.94	1951.16	1486.17	4.8148	5.3468
1393243528117	1988.22	1511.20	1947.04	1463.66	4.8035	5.3442
1393243536451	1993.67	1502.72	1939.95	1464.40	4.7977	5.3664
1393243544783	1993.41	1505.45	1947.37	1464.53	4.8052	5.3489
1393243553117	1998.39	1514.82	1946.67	1462.42	4.7906	5.3440
1393243561450	1981.87	1527.15	1952.03	1483.16	4.7925	5.3433
1393243569784	1972.87	1487.69	1934.88	1484.64	4.7950	5.3472
1393243578117	1975.35	1518.97	1947.98	1469.68	4.7818	5.3449
1393243586450	1982.43	1514.86	1943.79	1496.95	4.7981	5.3365
1393243594783	1972.90	1488.90	1945.15	1464.77	4.7942	5.3248
1393243603116	1967.96	1514.47	1945.74	1463.58	4.7743	5.3418
1393243611449	1965.21	1516.88	1936.25	1474.12	4.7872	5.3337
1393243619785	1965.77	1509.07	1945.12	1475.62	4.7781	5.3318
1393243628120	1966.92	1492.95	1941.81	1462.54	4.7826	5.3509
1393243636454	1976.30	1515.32	1932.18	1468.73	4.7672	5.3550
1393243644786	1981.43	1514.40	1938.25	1498.50	4.7697	5.3656
1393243653120	1988.02	1499.53	1947.07	1465.44	4.7672	5.3406
1393243661453	1986.58	1527.03	1946.58	1459.32	4.7699	5.3466
1393243669785	2001.87	1513.76	1951.61	1487.97	4.7641	5.3473
1393243678119	1986.43	1506.42	1935.35	1499.08	4.7706	5.3605
1393243686452	1984.59	1509.34	1941.00	1486.55	4.7516	5.3511
1393243694785	1978.59	1527.68	1943.97	1471.01	4.7669	5.3462
1393243703119	1984.15	1524.25	1950.31	1466.35	4.7630	5.3442
1393243711452	1975.10	1494.28	1953.01	1482.82	4.7744	5.3387
1393243719786	1986.21	1500.48	1940.62	1499.26	4.7618	5.3717
1393243728119	1998.55	1520.29	1947.96	1473.60	4.7547	5.3616
1393243736451	1975.97	1523.64	1939.34	1458.79	4.7680	5.3642
1393243744785	1951.31	1536.76	1924.65	1510.56	4.7554	5.3561
1393243753124	1932.71	1571.89	1897.63	1566.10	4.7778	5.3617
1393243761458	1958.17	1562.24	1912.10	1548.76	4.7699	5.3587
1393243769790	1958.23	1547.14	1921.13	1544.23	4.7675	5.3695
1393243778124	1943.65	1547.19	1928.34	1539.15	4.7696	5.3535
1393243786458	1943.15	1558.02	1914.11	1538.39	4.7728	5.3615
1393243794790	1955.27	1580.88	1923.16	1521.00	4.7598	5.3557
1393243803123	1941.24	1585.07	1909.43	1524.92	4.7639	5.3808
1393243811456	1937.04	1576.65	1910.81	1554.95	4.7874	5.3941
1393243819789	1951.30	1566.07	1920.81	1558.21	4.7692	5.3665
1393243828123	1954.35	1557.03	1920.34	1534.26	4.7767	5.3572
1393243836456	1953.48	1571.93	1919.97	1521.34	4.7701	5.3642
1393243844790	1954.26	1587.28	1920.09	1529.30	4.7823	5.3799
1393243853123	1962.31	1586.68	1917.64	1548.42	4.7563	5.3841
1393243861456	1949.60	1559.56	1933.40	1539.18	4.7525	5.3829
1393243869790	1946.83	1561.32	1919.10	1526.42	4.7607	5.3806
1393243878122	1957.23	1588.19	1923.27	1557.14	4.7637	5.3907
1393243886460	1946.17	1588.66	1918.07	1541.46	4.7820	5.3905
1393243894792	1939.87	1566.98	1914.75	1525.58	4.7551	5.4135
1393243903126	1950.04	1578.63	1926.14	1550.97	4.7640	5.3908
1393243911457	1946.13	1583.55	1919.65	1556.57	4.7939	5.3888
1393243919792	1956.95	1593.63	1910.53	1534.67	4.7518	5.4127
1393243928126	1968.10	1595.08	1916.05	1529.58	4.7575	5.3991
1393243936459	1958.43	1593.98	1903.02	1539.37	4.7716	5.3933
1393243944791	1950.49	1585.52	NaN	NaN	4.8062	NaN
1393243953125	1938.20	1569.71	NaN	NaN	4.8315	NaN
1393243961458	1932.65	1528.82	NaN	NaN	4.8466	NaN
1393243969792	NaN	NaN	NaN	NaN	NaN	NaN
1393243978125	NaN	NaN	NaN	NaN	NaN	NaN
1393243986458	NaN	NaN	NaN	NaN	NaN	NaN
1393243994792	NaN	NaN	NaN	NaN	NaN	NaN
1393244003125	NaN	NaN	NaN	NaN	NaN	NaN
1393244011458	NaN	NaN	NaN	NaN	NaN	NaN
1393244019795	NaN	NaN	NaN	NaN	NaN	NaN
1393244028128	NaN	NaN	NaN	NaN	NaN	NaN
1393244036461	NaN	NaN	NaN	NaN	NaN	NaN
1393244044795	NaN	NaN	NaN	NaN	NaN	NaN
1393244053127	NaN	NaN	NaN	NaN	NaN	NaN
1393244061461	NaN	NaN	NaN	NaN	NaN	NaN
1393244069795	NaN	NaN	NaN	NaN	NaN	NaN
1393244078128	NaN	NaN	NaN	NaN	NaN	NaN
1393244086460	NaN	NaN	NaN	NaN	NaN	NaN
1393244094794	NaN	NaN	NaN	NaN	NaN	NaN
1393244103127	NaN	NaN	NaN	NaN	NaN	NaN
1393244111460	NaN	NaN	NaN	NaN	NaN	NaN
1393244119793	NaN	NaN	NaN	NaN	NaN	NaN
1393244128127	NaN	NaN	NaN	NaN	NaN	NaN
1393244136460	NaN	NaN	NaN	NaN	NaN	NaN
1393244144798	NaN	NaN	NaN	NaN	NaN	NaN
1393244153132	1941.15	1651.94	NaN	NaN	4.0416	NaN
1393244161464	1904.17	1567.74	NaN	NaN	4.3362	NaN
1393244169790	1862.67	1470.91	NaN	NaN	4.5887	NaN
1393244178122	1846.10	1431.05	NaN	NaN	4.6549	NaN
1393244186456	1825.26	1389.00	1840.72	1517.30	4.7611	5.0421
1393244194797	1814.47	1381.05	1692.99	1554.65	4.7789	4.6543
1393244203130	1823.13	1357.61	1804.93	1406.37	4.7758	5.3131
1393244211464	1822.58	1363.31	1797.65	1405.47	4.7562	5.2961
1393244219797	1830.01	1370.74	1846.08	1411.46	4.7211	5.2437
1393244228130	1832.35	1362.36	1800.54	1356.42	4.7146	5.3561
1393244236463	1834.18	1362.12	1796.50	1358.22	4.6992	5.3553
1393244244797	1838.87	1367.08	1811.80	1341.98	4.6900	5.3608
1393244253130	1835.31	1373.96	1806.40	1343.52	4.6855	5.3774
1393244261463	1831.54	1373.49	1813.84	1334.63	4.6702	5.3420
1393244269796	1841.51	1371.23	1805.64	1340.63	4.6789	5.3431
1393244278134	1839.75	1370.52	1814.93	1324.14	4.6714	5.3321
1393244286468	1844.73	1369.76	1815.90	1333.41	4.6577	5.3288
1393244294801	1840.02	1364.48	1813.36	1338.98	4.6497	5.3325
1393244303133	1831.50	1377.87	1808.62	1348.59	4.6579	5.3187
1393244311467	1836.89	1384.27	1810.21	1349.73	4.6246	5.3380
1393244319800	1839.94	1408.07	1804.01	1347.85	4.6322	5.2862
1393244328134	1835.55	1380.01	1812.60	1336.98	4.6049	5.2838
1393244336467	1847.08	1366.89	1816.11	1341.19	4.6124	5.2650
1393244344800	1848.10	1385.96	1815.03	1353.02	4.5984	5.2867
1393244353133	1858.37	1397.61	1818.48	1359.04	4.6119	5.2787
1393244361467	1851.67	1400.01	1817.77	1358.05	4.6125	5.2629
1393244369799	1846.31	1395.05	1803.44	1348.92	4.5987	5.2948
1393244378133	1849.73	1399.90	1813.41	1341.85	4.5895	5.2982
1393244386466	1845.57	1395.38	1810.68	1351.87	4.6056	5.2788
1393244394800	1845.10	1391.57	1813.30	1356.58	4.5959	5.2968
1393244403133	1854.74	1389.83	1822.71	1343.03	4.5826	5.2711
1393244411470	1853.44	1383.62	1822.94	1333.42	4.5792	5.2738
1393244419803	1855.97	1376.15	1818.24	1345.31	4.5770	5.2434
1393244428136	1833.11	1374.93	1800.87	1366.19	4.5945	5.2199
1393244436470	1835.93	1372.58	1820.53	1421.57	4.6006	5.1079
1393244444802	1843.70	1379.20	1827.42	1467.75	4.5908	4.8895
1393244453135	1880.28	1514.73	NaN	NaN	4.1524	NaN
1393244461469	NaN	NaN	NaN	NaN	NaN	NaN
1393244469803	NaN	NaN	NaN	NaN	NaN	NaN
1393244478136	NaN	NaN	NaN	NaN	NaN	NaN
1393244486469	NaN	NaN	NaN	NaN	NaN	NaN
1393244494802	NaN	NaN	NaN	NaN	NaN	NaN
1393244503136	NaN	NaN	NaN	NaN	NaN	NaN
1393244511468	NaN	NaN	NaN	NaN	NaN	NaN
1393244519801	NaN	NaN	NaN	NaN	NaN	NaN
1393244528134	NaN	NaN	NaN	NaN	NaN	NaN
1393244536473	NaN	NaN	NaN	NaN	NaN	NaN
1393244544806	NaN	NaN	NaN	NaN	NaN	NaN
1393244553139	NaN	NaN	NaN	NaN	NaN	NaN
1393244561473	NaN	NaN	NaN	NaN	NaN	NaN
1393244569806	NaN	NaN	NaN	NaN	NaN	NaN
1393244578140	NaN	NaN	NaN	NaN	NaN	NaN
1393244586472	NaN	NaN	NaN	NaN	NaN	NaN
1393244594805	NaN	NaN	NaN	NaN	NaN	NaN
1393244603139	2570.55	1423.07	NaN	NaN	4.3003	NaN
1393244611471	2557.60	1321.47	NaN	NaN	4.6067	NaN
1393244619796	2603.18	1299.52	NaN	NaN	4.7005	NaN
1393244628130	2678.79	1344.17	NaN	NaN	4.6517	NaN
1393244636464	2753.17	1363.94	2929.39	1695.80	4.6252	4.4503
1393244644797	2814.39	1395.27	2896.68	1600.26	4.6246	4.8238
1393244653138	2847.43	1401.49	2811.15	1511.91	4.5950	4.9700
1393244661471	2829.45	1383.33	2883.27	1534.67	4.6018	4.9722
1393244669808	2827.93	1373.37	2892.23	1470.05	4.6031	5.0629
1393244678142	2820.31	1377.69	2866.98	1413.78	4.6255	5.2388
1393244686475	2832.18	1405.99	2864.56	1435.41	4.6235	5.1342
1393244694808	2833.81	1388.02	2895.97	1495.11	4.6125	5.0779
1393244703142	2842.36	1410.56	2882.23	1461.50	4.5812	5.1710
1393244711475	2841.74	1398.95	2896.52	1482.78	4.6069	5.1115
1393244719808	2840.86	1386.16	2870.86	1465.88	4.5973	5.1620
1393244728141	2842.73	1418.48	2857.34	1462.49	4.6135	5.1314
1393244736474	2841.27	1382.53	2856.17	1442.28	4.6076	5.1263
1393244744807	2841.09	1382.43	2863.05	1443.72	4.6114	5.1841
1393244753141	2855.32	1398.96	2876.04	1457.76	4.5915	5.1783
1393244761474	2851.76	1411.18	2848.81	1426.55	4.6055	5.1642
1393244769807	2855.22	1401.06	2849.62	1446.36	4.6236	5.2222
1393244778141	2857.71	1386.15	2853.06	1420.80	4.5927	5.1628
1393244786474	2850.67	1408.56	2854.17	1435.31	4.6056	5.2087
1393244794806	2849.17	1396.88	2847.70	1433.61	4.5934	5.2548
1393244803145	2839.31	1401.79	2885.19	1432.46	4.6346	5.1745
1393244811478	2850.20	1386.40	2845.92	1434.23	4.6046	5.2475
1393244819811	2849.41	1383.55	2832.61	1446.99	4.5903	5.2260
1393244828145	2845.51	1412.55	2868.18	1445.23	4.5874	5.1342
1393244836478	2863.89	1392.69	2841.50	1469.61	4.6094	5.2068
1393244844811	2877.43	1440.18	2866.96	1467.72	4.5582	5.1969
1393244853145	2871.43	1423.46	2909.58	1520.45	4.5700	5.0069
1393244861478	2863.14	1391.39	2925.29	1562.63	4.5457	4.8646
1393244869810	2847.52	1408.61	2961.40	1703.43	4.5574	4.4518
1393244878144	2805.37	1452.13	NaN	NaN	4.3755	NaN
1393244886477	2727.76	1571.03	NaN	NaN	4.0378	NaN
1393244894810	NaN	NaN	NaN	NaN	NaN	NaN
1393244903136	NaN	NaN	NaN	NaN	NaN	NaN
1393244911469	NaN	NaN	NaN	NaN	NaN	NaN
1393244919802	NaN	NaN	NaN	NaN	NaN	NaN
1393244928136	NaN	NaN	NaN	NaN	NaN	NaN
1393244936472	NaN	NaN	NaN	NaN	NaN	NaN
1393244944806	NaN	NaN	NaN	NaN	NaN	NaN
1393244953139	NaN	NaN	NaN	NaN	NaN	NaN
1393244961472	NaN	NaN	NaN	NaN	NaN	NaN
1393244969806	NaN	NaN	NaN	NaN	NaN	NaN
1393244978138	NaN	NaN	NaN	NaN	NaN	NaN
1393244986472	NaN	NaN	NaN	NaN	NaN	NaN
1393244994806	NaN	NaN	NaN	NaN	NaN	NaN
1393245003139	NaN	NaN	NaN	NaN	NaN	NaN
1393245011471	NaN	NaN	NaN	NaN	NaN	NaN
1393245019805	NaN	NaN	NaN	NaN	NaN	NaN
1393245028138	NaN	NaN	NaN	NaN	NaN	NaN
1393245036471	NaN	NaN	NaN	NaN	NaN	NaN
1393245044805	NaN	NaN	NaN	NaN	NaN	NaN
1393245053138	NaN	NaN	NaN	NaN	NaN	NaN
1393245061475	NaN	NaN	NaN	NaN	NaN	NaN
1393245069808	NaN	NaN	NaN	NaN	NaN	NaN
1393245078141	NaN	NaN	NaN	NaN	NaN	NaN
1393245086474	NaN	NaN	NaN	NaN	NaN	NaN
1393245094808	NaN	NaN	NaN	NaN	NaN	NaN
1393245103147	NaN	NaN	1311.14	1525.60	NaN	4.3786
1393245111481	1306.84	1452.77	1318.81	1464.22	4.0221	4.4797
1393245119814	1310.37	1395.02	1330.95	1404.11	4.1086	4.5802
1393245128147	1316.22	1377.83	1337.28	1362.33	4.1366	4.6234
1393245136482	1313.07	1359.10	1342.41	1350.90	4.1366	4.6334
1393245144815	1316.72	1373.69	1343.05	1356.83	4.1319	4.6408
1393245153148	1306.32	1380.75	1350.83	1344.21	4.1061	4.6443
1393245161481	1317.19	1384.11	1346.90	1368.58	4.1151	4.5919
1393245169815	1306.30	1393.44	1339.17	1374.30	4.1174	4.5807
1393245178148	1298.85	1407.63	1346.34	1374.92	4.0939	4.5737
1393245186481	1313.68	1397.86	1333.05	1382.37	4.0988	4.5651
1393245194820	1317.17	1404.76	1350.09	1373.87	4.0957	4.5936
1393245203153	1318.06	1413.66	1348.82	1378.52	4.0831	4.5742
1393245211487	1323.88	1403.21	1336.11	1402.52	4.0820	4.5128
1393245219819	1317.41	1402.51	1325.04	1437.56	4.0815	4.4530
1393245228152	1323.00	1437.58	1312.18	1486.80	4.0252	4.3132
1393245236485	NaN	NaN	1333.93	1567.59	NaN	4.1294
1393245244819	NaN	NaN	NaN	NaN	NaN	NaN
1393245253152	NaN	NaN	NaN	NaN	NaN	NaN
1393245261485	NaN	NaN	NaN	NaN	NaN	NaN
1393245269819	NaN	NaN	NaN	NaN	NaN	NaN
1393245278152	NaN	NaN	NaN	NaN	NaN	NaN
1393245286484	NaN	NaN	NaN	NaN	NaN	NaN
1393245294818	NaN	NaN	NaN	NaN	NaN	NaN
1393245303151	NaN	NaN	NaN	NaN	NaN	NaN
1393245311484	NaN	NaN	NaN	NaN	NaN	NaN
1393245319817	NaN	NaN	NaN	NaN	NaN	NaN
1393245328156	NaN	NaN	NaN	NaN	NaN	NaN
1393245336489	NaN	NaN	NaN	NaN	NaN	NaN
1393245344822	NaN	NaN	NaN	NaN	NaN	NaN
1393245353156	NaN	NaN	NaN	NaN	NaN	NaN
1393245361489	NaN	NaN	NaN	NaN	NaN	NaN
1393245369821	NaN	NaN	NaN	NaN	NaN	NaN
1393245378155	NaN	NaN	NaN	NaN	NaN	NaN
1393245386488	NaN	NaN	NaN	NaN	NaN	NaN
1393245394821	NaN	NaN	NaN	NaN	NaN	NaN
1393245403155	NaN	NaN	NaN	NaN	NaN	NaN
1393245411489	NaN	NaN	NaN	NaN	NaN	NaN
1393245419821	NaN	NaN	NaN	NaN	NaN	NaN
1393245428154	NaN	NaN	NaN	NaN	NaN	NaN
1393245436488	NaN	NaN	NaN	NaN	NaN	NaN
1393245444820	NaN	NaN	NaN	NaN	NaN	NaN
1393245453157	NaN	NaN	NaN	NaN	NaN	NaN
1393245461490	NaN	NaN	NaN	NaN	NaN	NaN
1393245469823	NaN	NaN	1511.73	1729.45	NaN	4.0263
1393245478157	NaN	NaN	NaN	NaN	NaN	NaN
1393245486490	1441.98	1526.25	1421.87	1601.68	4.2178	4.4450
1393245494824	1468.66	1588.03	1440.75	1544.04	4.1181	4.5414
1393245503156	1459.20	1559.36	NaN	NaN	4.1864	NaN
1393245511489	1452.47	1543.11	1451.13	1532.08	4.2233	4.5959
1393245519823	1451.53	1534.18	1450.72	1499.95	4.2296	4.6389
1393245528156	1455.07	1525.55	1431.68	1516.17	4.2339	4.6450
1393245536489	1451.28	1531.73	1452.87	1511.78	4.2681	4.6636
1393245544823	1463.22	1530.20	1441.38	1522.61	4.2812	4.6702
1393245553156	1449.98	1522.64	1445.65	1493.28	4.2716	4.7024
1393245561489	1459.52	1538.33	1442.98	1532.70	4.2809	4.7018
1393245569822	1451.43	1522.32	1455.23	1506.81	4.2847	4.7073
1393245578155	1455.19	1524.93	1453.65	1507.72	4.2983	4.6930
1393245586494	1452.82	1540.56	1454.04	1525.52	4.2781	4.7208
1393245594828	1452.26	1533.98	1462.75	1521.11	4.2965	4.7269
1393245603161	1452.15	1536.49	1457.37	1518.97	4.2972	4.7541
1393245611494	1455.97	1523.41	1448.73	1500.86	4.3000	4.7691
1393245619828	1459.77	1542.25	1434.96	1505.43	4.2965	4.8000
1393245628161	1455.61	1558.96	1449.56	1528.72	4.3160	4.7805
1393245636494	1458.85	1533.12	1443.84	1517.47	4.3303	4.8049
1393245644827	1465.36	1531.18	1454.67	1514.10	4.3222	4.7914
1393245653160	1457.86	1554.09	1450.43	1531.48	4.3373	4.8141
1393245661493	1459.26	1560.25	NaN	NaN	4.3212	NaN
1393245669827	1454.01	1558.58	1438.68	1541.53	4.3322	4.8438
1393245678160	1455.73	1558.24	1442.77	1541.46	4.3497	4.8487
1393245686493	1445.83	1553.20	1445.10	1518.83	4.3540	4.8849
1393245694827	1311.07	1690.60	1312.04	1651.17	4.3731	4.8930
1393245703160	NaN	NaN	1252.82	1674.02	NaN	4.9268
1393245711492	1298.62	1669.93	1316.36	1625.58	4.3753	4.9397
1393245719829	1316.44	1645.89	1332.86	1618.53	4.4111	4.9576
1393245728163	1308.51	1679.47	1325.49	1657.58	4.3904	4.9507
1393245736496	1291.28	1693.85	1313.08	1654.47	4.3881	4.9461
1393245744830	1281.42	1674.50	1304.85	1626.72	4.4100	4.9587
1393245753163	1287.59	1680.24	1305.35	1634.18	4.4044	4.9858
1393245761496	1288.44	1693.49	1298.08	1655.73	4.4003	4.9686
1393245769830	1287.19	1692.70	1306.97	1659.27	4.3970	4.9866
1393245778163	1278.74	1696.98	1308.04	1674.91	4.4247	4.9817
1393245786495	1279.28	1701.36	1302.15	1674.93	4.4389	4.9976
1393245794828	NaN	NaN	1293.96	1675.38	NaN	4.9806
1393245803161	1287.09	1678.46	1298.97	1652.05	4.4312	5.0216
1393245811495	1273.49	1679.88	1306.04	1631.79	4.4433	5.0307
1393245819828	1279.90	1706.84	1316.90	1671.75	4.4380	5.0287
1393245828161	1284.18	1675.74	1299.41	1662.73	4.4385	5.0239
1393245836495	1282.66	1706.03	1320.58	1645.06	4.4588	5.0600
1393245844829	1281.85	1678.07	1305.09	1659.68	4.4852	5.0462
1393245853166	1285.96	1695.84	1321.83	1634.70	4.4816	5.0516
1393245861499	1283.21	1662.95	1325.43	1678.57	4.4991	5.0421
1393245869832	1280.97	1690.41	1307.52	1676.59	4.4966	5.0729
1393245878165	1285.91	1697.06	1308.42	1660.19	4.4991	5.0930
1393245886499	1287.94	1687.75	1304.62	1652.97	4.5027	5.0911
1393245894832	1274.45	1682.46	1297.69	1663.74	4.5167	5.0588
1393245903165	1275.45	1674.51	1310.29	1640.49	4.5320	5.1043
1393245911499	1276.88	1678.67	1315.08	1646.64	4.5222	5.1150
1393245919832	1274.74	1672.31	1316.18	1645.42	4.5497	5.1154
1393245928165	1280.03	1672.18	1312.61	1642.16	4.5300	5.1368
1393245936498	1282.83	1672.32	1320.12	1642.32	4.5517	5.1400
1393245944831	1290.41	1689.88	NaN	NaN	4.5654	NaN
1393245953164	1286.32	1690.76	1325.81	1711.95	4.5734	5.0285
1393245961498	NaN	NaN	1403.65	1657.66	NaN	5.1331
1393245969831	1582.20	1656.67	1584.69	1704.43	4.6137	5.0023
1393245978168	1696.22	1649.81	1700.91	1690.41	4.5802	4.9839
1393245986502	1798.35	1619.58	NaN	NaN	4.5747	NaN
1393245994835	1880.93	1653.79	NaN	NaN	4.5853	NaN
1393246003167	1939.73	1634.42	1905.64	1709.17	4.5814	4.8898
1393246011501	1882.07	1608.70	NaN	NaN	4.6243	NaN
1393246019834	1890.50	1633.68	NaN	NaN	4.5936	NaN
1393246028167	1934.67	1630.12	NaN	NaN	4.5849	NaN
1393246036501	1940.00	1618.10	1876.70	1657.77	4.5803	4.9723
1393246044834	1933.79	1632.07	NaN	NaN	4.6009	NaN
1393246053159	1923.03	1653.73	1882.96	1674.12	4.5904	4.9650
1393246061501	1932.80	1630.67	NaN	NaN	4.5709	NaN
1393246069833	1913.53	1640.18	1904.35	1628.45	4.5741	5.0013
1393246078167	1930.62	1654.02	1910.64	1656.04	4.5906	4.8977
1393246086500	1941.72	1625.28	1881.67	1677.61	4.5887	5.0246
1393246094833	1929.35	1657.24	NaN	NaN	4.5824	NaN
1393246103166	1932.17	1658.03	NaN	NaN	4.5920	NaN
1393246111505	1937.28	1642.04	1884.05	1599.57	4.5980	4.9511
1393246119838	1930.15	1624.34	1892.43	1635.15	4.6082	5.0498
1393246128172	1940.40	1631.32	1892.43	1626.26	4.5986	5.0626
1393246136504	1939.75	1640.68	1885.96	1644.63	4.5949	5.0640
1393246144837	1945.96	1656.29	NaN	NaN	4.5986	NaN
1393246153170	1929.05	1677.90	1895.86	1667.27	4.5530	5.0698
1393246161504	1940.62	1658.84	1894.81	1643.36	4.6027	5.0912
1393246169837	1936.86	1650.13	NaN	NaN	4.6053	NaN
1393246178170	1933.34	1650.78	NaN	NaN	4.6102	NaN
1393246186504	1923.90	1657.93	NaN	NaN	4.5994	NaN
1393246194837	1937.41	1660.64	1885.63	1648.21	4.6101	5.0935
1393246203170	1940.21	1648.36	NaN	NaN	4.5903	NaN
1393246211503	1940.28	1635.10	1882.25	1657.31	4.5843	5.1124
1393246219836	1925.96	1645.40	1886.10	1641.05	4.5867	5.0948
1393246228170	1955.50	1605.95	1896.17	1626.99	4.5849	5.1109
1393246236503	1933.60	1551.85	1897.85	1558.03	4.5866	5.1187
1393246244841	1942.71	1546.05	1903.56	1567.90	4.5721	5.0634
1393246253175	1952.78	1570.56	1899.60	1569.35	4.5857	5.1057
1393246261508	1954.06	1562.37	1903.58	1564.95	4.5724	5.1103
1393246269841	1941.83	1536.61	1897.96	1536.86	4.5744	5.1060
1393246278174	1954.66	1536.68	1900.95	1526.30	4.5616	5.1189
1393246286507	1956.75	1541.72	1896.40	1474.27	4.5382	4.9871
1393246294840	1961.00	1540.68	1898.90	1536.38	4.5230	5.0845
1393246303174	1951.88	1552.85	1893.42	1547.50	4.5549	5.0768
1393246311507	1955.41	1560.93	NaN	NaN	4.5292	NaN
1393246319840	1953.83	1561.11	1893.08	1551.26	4.5329	5.0836
1393246328174	1957.67	1566.57	1900.35	1551.77	4.5292	5.0743
1393246336506	1957.29	1573.07	1892.36	1539.54	4.5147	5.1110
1393246344840	1956.75	1569.31	1887.17	1550.36	4.5134	5.0382
1393246353172	1951.10	1570.20	1897.30	1572.45	4.5030	4.9860
1393246361505	1956.66	1563.10	1902.46	1570.31	4.4964	4.9765
1393246369839	1956.99	1557.33	1924.77	1476.52	4.5088	4.8077
1393246378177	1936.75	1528.31	NaN	NaN	4.5371	NaN
1393246386511	1926.88	1505.05	NaN	NaN	4.5679	NaN
1393246394842	1954.48	1539.60	NaN	NaN	4.4999	NaN
1393246403175	1889.56	1683.84	NaN	NaN	4.1410	NaN
1393246411509	NaN	NaN	NaN	NaN	NaN	NaN
1393246419841	NaN	NaN	NaN	NaN	NaN	NaN
1393246428177	NaN	NaN	NaN	NaN	NaN	NaN
1393246436501	NaN	NaN	NaN	NaN	NaN	NaN
1393246444834	NaN	NaN	NaN	NaN	NaN	NaN
1393246453168	NaN	NaN	NaN	NaN	NaN	NaN
1393246461501	NaN	NaN	NaN	NaN	NaN	NaN
1393246469834	NaN	NaN	NaN	NaN	NaN	NaN
1393246478168	NaN	NaN	NaN	NaN	NaN	NaN
1393246486501	NaN	NaN	NaN	NaN	NaN	NaN
1393246494833	NaN	NaN	NaN	NaN	NaN	NaN
1393246503169	NaN	NaN	NaN	NaN	NaN	NaN
1393246511502	NaN	NaN	NaN	NaN	NaN	NaN
1393246519835	NaN	NaN	NaN	NaN	NaN	NaN
1393246528169	NaN	NaN	NaN	NaN	NaN	NaN
1393246536502	NaN	NaN	NaN	NaN	NaN	NaN
1393246544836	NaN	NaN	NaN	NaN	NaN	NaN
1393246553169	NaN	NaN	NaN	NaN	NaN	NaN
1393246561501	NaN	NaN	NaN	NaN	NaN	NaN
1393246569834	NaN	NaN	NaN	NaN	NaN	NaN
1393246578167	NaN	NaN	NaN	NaN	NaN	NaN
1393246586501	NaN	NaN	NaN	NaN	NaN	NaN
1393246594835	NaN	NaN	NaN	NaN	NaN	NaN
1393246603167	NaN	NaN	NaN	NaN	NaN	NaN
1393246611501	NaN	NaN	NaN	NaN	NaN	NaN
1393246619835	NaN	NaN	NaN	NaN	NaN	NaN
1393246628167	NaN	NaN	1091.61	1497.66	NaN	4.9745
1393246636506	NaN	NaN	NaN	NaN	NaN	NaN
1393246644840	1118.67	1504.99	1053.89	1591.08	4.3631	4.7943
1393246653172	1123.54	1491.83	1068.85	1554.08	4.3951	4.9043
1393246661506	1121.92	1471.39	1066.97	1531.42	4.4576	4.9335
1393246669848	1122.24	1447.18	1080.42	1490.20	4.5066	5.0267
1393246678181	1135.33	1443.03	1093.49	1469.76	4.5494	5.0444
1393246686515	1125.09	1443.30	1101.20	1451.19	4.5360	5.0730
1393246694848	1134.69	1457.10	1093.66	1439.57	4.4944	5.0873
1393246703180	1129.51	1442.00	1101.29	1436.99	4.5319	5.1004
1393246711514	1131.02	1446.21	1092.13	1447.83	4.5251	5.1167
1393246719847	1130.70	1446.48	1090.15	1474.79	4.5229	5.0612
1393246728180	NaN	NaN	1079.64	1492.00	NaN	5.0185
1393246736514	1127.04	1471.56	NaN	NaN	4.4408	NaN
1393246744847	NaN	NaN	902.42	1633.50	NaN	4.4816
1393246753180	NaN	NaN	NaN	NaN	NaN	NaN
1393246761514	NaN	NaN	NaN	NaN	NaN	NaN
1393246769852	NaN	NaN	NaN	NaN	NaN	NaN
1393246778184	NaN	NaN	NaN	NaN	NaN	NaN
1393246786518	NaN	NaN	NaN	NaN	NaN	NaN
1393246794851	NaN	NaN	NaN	NaN	NaN	NaN
1393246803184	NaN	NaN	NaN	NaN	NaN	NaN
1393246811518	NaN	NaN	NaN	NaN	NaN	NaN
1393246819851	NaN	NaN	NaN	NaN	NaN	NaN
1393246828184	NaN	NaN	NaN	NaN	NaN	NaN
1393246836518	NaN	NaN	NaN	NaN	NaN	NaN
1393246844849	NaN	NaN	NaN	NaN	NaN	NaN
1393246853183	NaN	NaN	NaN	NaN	NaN	NaN
1393246861517	NaN	NaN	NaN	NaN	NaN	NaN
1393246869850	NaN	NaN	NaN	NaN	NaN	NaN
1393246878183	NaN	NaN	NaN	NaN	NaN	NaN
1393246886517	NaN	NaN	NaN	NaN	NaN	NaN
1393246894850	NaN	NaN	NaN	NaN	NaN	NaN
1393246903188	NaN	NaN	NaN	NaN	NaN	NaN
1393246911521	NaN	NaN	NaN	NaN	NaN	NaN
1393246919854	NaN	NaN	NaN	NaN	NaN	NaN
1393246928187	NaN	NaN	NaN	NaN	NaN	NaN
1393246936521	NaN	NaN	NaN	NaN	NaN	NaN
1393246944854	NaN	NaN	NaN	NaN	NaN	NaN
1393246953187	NaN	NaN	2382.43	1006.67	NaN	1.5428
1393246961521	NaN	NaN	NaN	NaN	NaN	NaN
1393246969853	NaN	NaN	2174.00	431.21	NaN	2.7493
1393246978187	NaN	NaN	NaN	NaN	NaN	NaN
1393246986520	NaN	NaN	NaN	NaN	NaN	NaN
1393246994853	NaN	NaN	NaN	NaN	NaN	NaN
1393247003186	NaN	NaN	NaN	NaN	NaN	NaN
1393247011520	NaN	NaN	NaN	NaN	NaN	NaN
1393247019853	NaN	NaN	NaN	NaN	NaN	NaN
1393247028182	NaN	NaN	NaN	NaN	NaN	NaN
1393247036515	2315.31	1457.55	NaN	NaN	3.8901	NaN
1393247044848	2264.34	1325.71	NaN	NaN	4.2849	NaN
1393247053182	2187.77	1238.86	NaN	NaN	4.5410	NaN
1393247061514	2164.60	1191.46	2246.68	1567.26	4.7045	4.1558
1393247069847	2186.36	1218.06	2087.15	1691.63	4.6391	3.6735
1393247078181	2169.52	1178.91	NaN	NaN	4.7121	NaN
1393247086514	2183.34	1170.66	2136.32	1456.28	4.6864	4.4212
1393247094856	2183.96	1186.74	2121.85	1349.94	4.7015	4.6936
1393247103189	2190.25	1213.26	2174.00	1343.20	4.6826	4.8548
1393247111522	2192.44	1203.99	2161.88	1330.48	4.6657	4.8997
1393247119856	2194.67	1186.13	2192.61	1285.90	4.6782	5.0376
1393247128188	2203.81	1207.35	2181.81	1253.62	4.6609	5.1120
1393247136521	2199.59	1223.24	2188.20	1260.19	4.6714	5.1502
1393247144855	2193.88	1203.54	2184.62	1225.51	4.6655	5.2124
1393247153188	2207.59	1186.89	2178.65	1211.04	4.6644	5.2316
1393247161526	2201.89	1194.13	2163.77	1193.33	4.6640	5.2567
1393247169860	2197.32	1196.46	2171.86	1179.98	4.6695	5.2824
1393247178193	2204.94	1199.78	2152.54	1188.67	4.6835	5.2882
1393247186526	2208.24	1202.47	2146.96	1204.11	4.6773	5.2194
1393247194860	2208.03	1207.47	2164.65	1214.76	4.6738	5.2592
1393247203192	2201.48	1209.64	2158.69	1210.98	4.6717	5.2782
1393247211525	2199.24	1206.37	2150.43	1234.71	4.6838	5.2493
1393247219859	2198.25	1201.87	2148.89	1208.85	4.6763	5.2887
1393247228192	2197.17	1191.66	2150.90	1206.67	4.6823	5.2625
1393247236525	2202.51	1186.00	2152.92	1201.75	4.6768	5.2492
1393247244859	2198.95	1182.11	2135.53	1172.10	4.6855	5.2343
1393247253192	2213.80	1187.94	2141.11	1182.72	4.6658	5.3105
1393247261525	2211.59	1189.62	2145.80	1188.75	4.6744	5.3063
1393247269858	2213.06	1197.24	2170.19	1217.83	4.6540	5.2498
1393247278191	2208.47	1190.17	2172.69	1294.42	4.6558	5.0452
1393247286524	2199.80	1194.15	2174.81	1401.22	4.6607	4.7606
1393247294863	2211.39	1237.63	2182.51	1546.98	4.6255	4.2099
1393247303196	2262.00	1347.92	NaN	NaN	4.2330	NaN
1393247311529	2448.13	1537.57	NaN	NaN	3.2062	NaN
1393247319863	NaN	NaN	NaN	NaN	NaN	NaN
1393247328196	NaN	NaN	NaN	NaN	NaN	NaN
1393247336522	NaN	NaN	NaN	NaN	NaN	NaN
1393247344854	NaN	NaN	NaN	NaN	NaN	NaN
1393247353187	NaN	NaN	NaN	NaN	NaN	NaN
1393247361521	NaN	NaN	NaN	NaN	NaN	NaN
1393247369854	NaN	NaN	NaN	NaN	NaN	NaN
1393247378187	NaN	NaN	NaN	NaN	NaN	NaN
1393247386520	NaN	NaN	NaN	NaN	NaN	NaN
1393247394854	NaN	NaN	NaN	NaN	NaN	NaN
1393247403187	NaN	NaN	NaN	NaN	NaN	NaN
1393247411519	NaN	NaN	NaN	NaN	NaN	NaN
1393247419856	NaN	NaN	NaN	NaN	NaN	NaN
1393247428189	NaN	NaN	NaN	NaN	NaN	NaN
1393247436523	NaN	NaN	NaN	NaN	NaN	NaN
1393247444856	NaN	NaN	NaN	NaN	NaN	NaN
1393247453189	NaN	NaN	NaN	NaN	NaN	NaN
1393247461522	NaN	NaN	NaN	NaN	NaN	NaN
1393247469856	NaN	NaN	NaN	NaN	NaN	NaN
1393247478189	NaN	NaN	NaN	NaN	NaN	NaN
1393247486520	NaN	NaN	NaN	NaN	NaN	NaN
1393247494854	NaN	NaN	NaN	NaN	NaN	NaN
1393247503187	NaN	NaN	NaN	NaN	NaN	NaN
1393247511520	NaN	NaN	NaN	NaN	NaN	NaN
1393247519854	NaN	NaN	NaN	NaN	NaN	NaN
1393247528187	NaN	NaN	NaN	NaN	NaN	NaN
1393247536521	NaN	NaN	NaN	NaN	NaN	NaN
1393247544854	NaN	NaN	NaN	NaN	NaN	NaN
1393247553193	NaN	NaN	NaN	NaN	NaN	NaN
1393247561526	NaN	NaN	NaN	NaN	NaN	NaN
1393247569860	NaN	NaN	NaN	NaN	NaN	NaN
1393247578193	NaN	NaN	NaN	NaN	NaN	NaN
1393247586526	NaN	NaN	NaN	NaN	NaN	NaN
1393247594859	NaN	NaN	NaN	NaN	NaN	NaN
1393247603193	NaN	NaN	NaN	NaN	NaN	NaN
1393247611527	NaN	NaN	NaN	NaN	NaN	NaN
1393247619860	NaN	NaN	NaN	NaN	NaN	NaN
1393247628192	NaN	NaN	NaN	NaN	NaN	NaN
1393247636526	NaN	NaN	NaN	NaN	NaN	NaN
1393247644858	NaN	NaN	NaN	NaN	NaN	NaN
1393247653192	NaN	NaN	NaN	NaN	NaN	NaN
1393247661525	NaN	NaN	NaN	NaN	NaN	NaN
1393247669867	NaN	NaN	NaN	NaN	NaN	NaN
1393247678200	NaN	NaN	NaN	NaN	NaN	NaN
1393247686538	NaN	NaN	NaN	NaN	NaN	NaN
1393247694870	NaN	NaN	NaN	NaN	NaN	NaN
1393247703203	NaN	NaN	NaN	NaN	NaN	NaN
1393247711537	NaN	NaN	NaN	NaN	NaN	NaN
1393247719870	NaN	NaN	NaN	NaN	NaN	NaN
1393247728204	NaN	NaN	NaN	NaN	NaN	NaN
1393247736537	NaN	NaN	NaN	NaN	NaN	NaN
1393247744870	NaN	NaN	NaN	NaN	NaN	NaN
1393247753203	NaN	NaN	NaN	NaN	NaN	NaN
1393247761536	NaN	NaN	NaN	NaN	NaN	NaN
1393247769869	NaN	NaN	NaN	NaN	NaN	NaN
1393247778203	NaN	NaN	NaN	NaN	NaN	NaN
1393247786535	NaN	NaN	NaN	NaN	NaN	NaN
1393247794869	NaN	NaN	NaN	NaN	NaN	NaN
1393247803202	NaN	NaN	NaN	NaN	NaN	NaN
1393247811536	NaN	NaN	NaN	NaN	NaN	NaN
1393247819874	NaN	NaN	NaN	NaN	NaN	NaN
1393247828207	NaN	NaN	NaN	NaN	NaN	NaN
1393247836539	NaN	NaN	NaN	NaN	NaN	NaN
1393247844801	NaN	NaN	NaN	NaN	NaN	NaN
1393247853063	NaN	NaN	NaN	NaN	NaN	NaN
1393247861396	NaN	NaN	NaN	NaN	NaN	NaN
1393247869730	NaN	NaN	NaN	NaN	NaN	NaN
1393247878063	NaN	NaN	NaN	NaN	NaN	NaN
1393247886396	NaN	NaN	NaN	NaN	NaN	NaN
1393247894729	NaN	NaN	NaN	NaN	NaN	NaN
1393247903062	NaN	NaN	NaN	NaN	NaN	NaN
1393247911395	NaN	NaN	NaN	NaN	NaN	NaN
1393247919728	NaN	NaN	NaN	NaN	NaN	NaN
1393247928061	NaN	NaN	NaN	NaN	NaN	NaN
1393247936394	NaN	NaN	NaN	NaN	NaN	NaN
1393247944728	NaN	NaN	NaN	NaN	NaN	NaN
1393247953061	NaN	NaN	NaN	NaN	NaN	NaN
1393247961468	NaN	NaN	NaN	NaN	NaN	NaN
1393247969876	1477.99	825.79	1507.23	742.85	4.2644	4.9293
1393247978208	1483.47	835.98	1511.10	729.32	4.2645	4.9378
1393247986542	1479.36	839.62	1494.18	797.38	4.2709	4.8210
1393247994875	1489.36	838.99	1487.72	810.49	4.2598	4.7924
1393248003208	NaN	NaN	NaN	NaN	NaN	NaN
1393248011542	1485.81	805.09	1480.38	807.36	4.2650	4.7733
1393248019875	1484.49	802.29	1481.68	806.62	4.2567	4.7816
1393248028208	1483.29	817.48	1476.23	802.84	4.2638	4.7526
1393248036541	1489.22	811.45	1474.91	803.79	4.2627	4.7596
1393248044875	1483.67	825.35	1483.32	808.98	4.2915	4.7674
1393248053207	1494.50	820.00	1479.03	800.68	4.2714	4.7539
1393248061540	1479.65	805.25	1469.49	803.96	4.2449	4.7799
1393248069874	1491.74	819.83	1478.92	806.71	4.2710	4.7690
1393248078215	1493.62	822.78	1471.88	823.84	4.2577	4.7794
1393248086549	1446.63	819.58	1446.45	806.14	4.2442	4.7676
1393248094882	1318.31	740.41	1326.87	737.07	4.2180	4.7400
1393248103215	1300.93	751.30	1299.30	736.42	4.2165	4.7403
1393248111549	1332.70	760.22	1322.88	744.61	4.2186	4.7377
1393248119881	1360.13	748.29	1336.37	748.11	4.1988	4.7985
1393248128214	1340.41	747.19	1332.44	743.86	4.2144	4.7774
1393248136548	1331.53	762.34	1322.11	735.78	4.2308	4.7413
1393248144881	1329.65	770.19	1313.58	734.73	4.2289	4.7561
1393248153214	1325.11	766.95	1310.89	736.04	4.2386	4.7679
1393248161547	1337.22	766.76	1324.78	738.80	4.2342	4.7651
1393248169881	1335.21	768.96	1321.30	739.87	4.2236	4.7633
1393248178214	1345.01	763.47	1322.38	745.68	4.2307	4.7744
1393248186548	1337.53	746.20	1317.87	734.32	4.2428	4.7874
1393248194880	1338.48	759.64	1318.80	735.92	4.2588	4.8052
1393248203213	1339.02	766.21	1326.95	738.34	4.2525	4.7686
1393248211548	1337.77	751.73	1318.80	729.03	4.2572	4.8083
1393248219881	1336.16	767.90	1324.45	740.64	4.2545	4.8282
1393248228215	1337.51	768.07	1327.59	751.55	4.2632	4.8315
1393248236548	1335.29	762.42	1323.11	746.23	4.2733	4.8059
1393248244882	1336.28	753.06	1320.07	729.45	4.2687	4.8076
1393248253215	1343.07	753.19	1314.96	736.07	4.2734	4.8289
1393248261547	1340.77	763.21	1308.10	733.38	4.2851	4.8126
1393248269881	1343.13	762.36	1309.33	739.74	4.2669	4.8362
1393248278214	1344.01	765.37	1303.18	745.83	4.2811	4.8492
1393248286547	1336.37	758.22	1302.06	731.35	4.3099	4.8447
1393248294881	1342.67	765.41	1308.99	750.81	4.2985	4.8691
1393248303214	1339.11	750.98	1321.35	748.66	4.2572	4.8546
1393248311548	1340.82	754.93	1309.56	743.28	4.2926	4.8719
1393248319881	1335.15	745.73	1311.83	734.83	4.3141	4.8719
1393248328213	1343.46	752.84	1320.17	740.95	4.3203	4.8967
1393248336546	1341.75	747.10	1320.95	738.74	4.3155	4.8938
1393248344884	1347.15	756.58	1316.04	739.96	4.3369	4.9055
1393248353217	1344.12	753.73	1315.77	741.84	4.3412	4.9254
1393248361550	1334.39	744.63	1308.56	748.23	4.3223	4.9036
1393248369883	1338.36	751.81	1310.80	752.06	4.3342	4.8851
1393248378217	1343.63	759.19	1315.47	756.23	4.3120	4.8833
1393248386550	1342.35	786.44	1313.87	755.49	4.3197	4.9035
1393248394883	1322.85	693.58	1325.20	708.47	4.4572	4.9976
1393248403216	1340.80	825.38	1315.20	777.12	4.2569	4.9126
1393248411549	1587.07	969.64	1206.03	850.34	3.4070	4.2144
1393248419882	NaN	NaN	1191.36	1007.85	NaN	3.7764
1393248428216	NaN	NaN	935.31	1039.16	NaN	2.9182
1393248436549	NaN	NaN	NaN	NaN	NaN	NaN
1393248444882	NaN	NaN	NaN	NaN	NaN	NaN
1393248453216	NaN	NaN	NaN	NaN	NaN	NaN
1393248461549	NaN	NaN	NaN	NaN	NaN	NaN
1393248469884	NaN	NaN	NaN	NaN	NaN	NaN
1393248478218	NaN	NaN	NaN	NaN	NaN	NaN
1393248486551	NaN	NaN	NaN	NaN	NaN	NaN
1393248494885	NaN	NaN	NaN	NaN	NaN	NaN
1393248503218	NaN	NaN	NaN	NaN	NaN	NaN
1393248511551	NaN	NaN	NaN	NaN	NaN	NaN
1393248519884	NaN	NaN	NaN	NaN	NaN	NaN
1393248528218	NaN	NaN	NaN	NaN	NaN	NaN
1393248536551	NaN	NaN	NaN	NaN	NaN	NaN
1393248544883	NaN	NaN	NaN	NaN	NaN	NaN
1393248553217	NaN	NaN	NaN	NaN	NaN	NaN
1393248561550	NaN	NaN	NaN	NaN	NaN	NaN
1393248569884	NaN	NaN	NaN	NaN	NaN	NaN
1393248578217	NaN	NaN	NaN	NaN	NaN	NaN
1393248586550	2295.44	794.08	NaN	NaN	3.1661	NaN
1393248594883	2163.48	767.81	NaN	NaN	3.9516	NaN
1393248603222	2189.29	685.13	NaN	NaN	4.3375	NaN
1393248611554	2213.46	569.66	2231.42	987.95	4.5289	4.0449
1393248619887	2284.17	560.15	NaN	NaN	4.5417	NaN
1393248628221	2337.83	600.10	2336.48	770.95	4.4864	4.2248
1393248636555	2386.39	619.90	2426.37	796.57	4.4958	4.6087
1393248644888	2428.06	654.35	2490.24	773.89	4.5066	4.7415
1393248653221	2499.71	688.26	2622.44	740.19	4.5027	4.8191
1393248661554	2563.99	690.31	2677.26	703.95	4.5244	4.9780
1393248669888	2602.05	713.90	2720.48	673.60	4.5219	5.0514
1393248678221	2644.53	731.72	2799.29	666.39	4.5424	5.1487
1393248686553	2667.49	786.07	2821.75	708.25	4.5325	5.1824
1393248694887	2700.55	800.18	2836.74	747.93	4.5496	5.1115
1393248703220	2767.96	821.34	2924.04	711.02	4.5534	5.3238
1393248711553	2788.60	870.85	2999.30	761.54	4.5505	5.2826
1393248719887	2803.62	846.35	2967.39	814.10	4.5432	5.1541
1393248728220	2792.87	876.76	NaN	NaN	4.5532	NaN
1393248736559	2795.35	884.46	NaN	NaN	4.5413	NaN
1393248744893	2788.92	879.26	NaN	NaN	4.5493	NaN
1393248753225	2794.11	880.22	NaN	NaN	4.5332	NaN
1393248761558	2822.02	885.10	NaN	NaN	4.5565	NaN
1393248769892	2818.77	873.66	NaN	NaN	4.5531	NaN
1393248778225	2810.03	872.45	NaN	NaN	4.5374	NaN
1393248786558	2824.09	861.03	NaN	NaN	4.5587	NaN
1393248794892	2823.05	861.11	NaN	NaN	4.5711	NaN
1393248803225	2817.99	856.92	NaN	NaN	4.5524	NaN
1393248811558	2830.81	851.87	2966.05	864.93	4.5423	5.1885
1393248819892	2827.85	858.77	NaN	NaN	4.5642	NaN
1393248828224	2828.61	860.64	NaN	NaN	4.5629	NaN
1393248836557	2816.64	857.78	NaN	NaN	4.5620	NaN
1393248844891	2816.87	874.83	NaN	NaN	4.5525	NaN
1393248853224	2845.42	899.19	NaN	NaN	4.5545	NaN
1393248861562	2846.37	881.85	2955.34	879.81	4.5462	5.1870
1393248869896	2829.85	865.11	NaN	NaN	4.5526	NaN
1393248878229	2823.59	880.61	2961.95	865.00	4.5551	5.1790
1393248886562	2831.67	880.60	2958.65	867.22	4.5463	5.1904
1393248894895	2835.51	888.37	NaN	NaN	4.5404	NaN
1393248903228	2823.47	886.43	NaN	NaN	4.5323	NaN
1393248911561	2826.23	882.89	2980.40	861.08	4.5441	5.1569
1393248919895	2819.45	869.26	NaN	NaN	4.5395	NaN
1393248928228	2812.60	884.46	2986.29	904.57	4.5365	5.1574
1393248936561	2821.60	898.22	2968.23	846.19	4.5289	5.1171
1393248944895	2820.40	872.94	NaN	NaN	4.5390	NaN
1393248953228	2818.54	882.95	2974.43	862.48	4.5337	5.1009
1393248961561	2815.49	890.94	NaN	NaN	4.5367	NaN
1393248969894	2824.17	873.88	2967.48	866.00	4.5223	5.1272
1393248978227	2809.11	869.23	2957.32	877.73	4.5112	5.1575
1393248986560	2824.25	863.84	2964.28	874.12	4.5192	5.2023
1393248994896	2816.68	871.94	2963.59	872.90	4.5156	5.1360
1393249003230	2804.21	899.65	2985.66	874.80	4.5194	5.1046
1393249011563	2810.60	884.10	2970.62	864.20	4.5170	5.1203
1393249019897	2818.23	874.76	2966.16	846.72	4.5145	5.0905
1393249028230	2820.18	908.38	2962.89	893.89	4.5155	5.1252
1393249036562	2835.75	872.63	2972.88	861.05	4.5145	5.0847
1393249044896	2845.75	911.60	2983.72	883.40	4.5034	5.1526
1393249053229	2846.09	886.39	3008.71	889.61	4.5160	5.0512
1393249061562	2841.64	901.73	2443.01	690.70	4.4896	4.9704
1393249069895	2849.10	907.24	2466.27	721.29	4.4909	4.7721
1393249078228	2862.42	850.93	2461.16	856.45	4.6192	4.2764
1393249086562	2895.50	1007.04	NaN	NaN	4.3071	NaN
1393249094887	2990.33	1248.37	NaN	NaN	3.5375	NaN
1393249103220	NaN	NaN	NaN	NaN	NaN	NaN
1393249111553	NaN	NaN	NaN	NaN	NaN	NaN
1393249119886	NaN	NaN	NaN	NaN	NaN	NaN
1393249128226	NaN	NaN	NaN	NaN	NaN	NaN
1393249136560	NaN	NaN	NaN	NaN	NaN	NaN
1393249144893	NaN	NaN	NaN	NaN	NaN	NaN
1393249153226	NaN	NaN	NaN	NaN	NaN	NaN
1393249161560	NaN	NaN	NaN	NaN	NaN	NaN
1393249169893	NaN	NaN	NaN	NaN	NaN	NaN
1393249178225	3044.04	1417.64	NaN	NaN	3.4752	NaN
1393249186558	2849.05	1205.02	NaN	NaN	4.1056	NaN
1393249194891	2766.02	1147.15	NaN	NaN	4.4386	NaN
1393249203225	2773.46	1106.47	2904.37	1705.22	4.5955	3.3237
1393249211559	2759.81	1162.00	NaN	NaN	4.4938	NaN
1393249219892	2762.11	1169.31	2827.16	1423.86	4.5130	4.3403
1393249228224	2762.07	1134.34	2792.71	1342.41	4.5155	4.6273
1393249236559	2776.24	1147.20	2760.99	1237.27	4.5139	4.8814
1393249244899	2776.02	1155.76	2828.74	1211.68	4.5256	4.9314
1393249253231	2777.21	1171.45	2894.22	1256.72	4.5278	4.8093
1393249261569	2788.33	1171.21	2859.65	1177.05	4.5251	5.0446
1393249269902	2790.46	1158.68	2847.72	1182.43	4.5189	5.0120
1393249278235	2778.99	1151.27	2847.96	1124.93	4.5290	5.1085
1393249286569	2769.30	1137.42	2837.57	1203.21	4.5301	4.9308
1393249294902	2771.14	1139.45	2801.44	1207.78	4.5395	4.9744
1393249303235	2794.65	1146.05	2824.32	1210.92	4.5399	4.9602
1393249311569	2785.84	1166.13	2816.66	1220.94	4.5315	4.9605
1393249319901	2798.97	1168.52	2813.84	1206.20	4.5341	4.9579
1393249328234	2795.77	1161.00	2827.66	1215.95	4.5313	4.9473
1393249336567	2803.26	1154.13	2829.57	1213.50	4.5191	4.9394
1393249344901	2790.35	1153.51	2818.12	1211.79	4.5280	4.9303
1393249353234	2799.63	1167.65	2811.53	1223.12	4.5171	4.9354
1393249361569	2795.44	1160.50	2813.13	1209.50	4.5292	4.9910
1393249369902	2786.82	1137.02	2844.88	1197.05	4.5226	4.9426
1393249378236	2791.66	1126.17	2880.01	1205.23	4.5251	4.9260
1393249386574	2781.50	1152.74	2840.62	1194.51	4.5356	4.9884
1393249394907	2790.26	1162.17	2839.87	1186.97	4.5377	4.9947
1393249403241	2789.72	1145.85	2824.57	1191.13	4.5259	5.0031
1393249411574	2778.77	1128.41	2854.20	1190.34	4.5306	4.9739
1393249419907	2792.59	1144.01	2842.38	1185.02	4.5423	4.9858
1393249428241	2795.72	1162.29	2805.13	1196.98	4.5497	4.9992
1393249436573	2791.74	1132.91	2828.10	1185.23	4.5324	4.9533
1393249444907	2787.78	1148.95	2806.68	1192.62	4.5358	4.9877
1393249453240	2788.85	1156.11	2822.98	1192.42	4.5265	5.0014
1393249461573	2778.62	1136.19	2825.23	1188.97	4.5128	4.9751
1393249469906	2787.55	1124.28	2843.20	1195.72	4.4980	4.9349
1393249478240	2788.71	1139.92	2829.39	1187.48	4.5068	4.9553
1393249486573	2788.09	1135.28	2819.69	1188.80	4.4779	4.9351
1393249494906	2786.85	1151.22	2840.39	1194.47	4.4873	4.9473
1393249503239	2783.74	1155.22	2819.50	1196.54	4.4848	4.9173
1393249511572	2783.07	1146.75	2846.68	1189.06	4.4557	4.8399
1393249519911	2790.47	1087.60	2860.67	1151.90	4.4423	4.8992
1393249528244	2775.99	987.69	2964.31	999.28	4.4420	4.8300
1393249536576	2787.05	876.84	3036.75	805.75	4.4128	5.0904
1393249544910	2827.02	838.87	3108.54	728.46	4.3962	5.1193
1393249553244	2843.73	800.55	2429.08	625.81	4.3788	4.7877
1393249561577	2875.63	739.93	NaN	NaN	4.3732	NaN
1393249569910	2873.89	730.33	NaN	NaN	4.3436	NaN
1393249578244	2874.24	743.32	NaN	NaN	4.3452	NaN
1393249586577	2867.83	704.00	NaN	NaN	4.3102	NaN
1393249594910	2869.71	694.12	NaN	NaN	4.3103	NaN
1393249603242	2873.18	726.01	NaN	NaN	4.2704	NaN
1393249611576	2881.89	706.42	NaN	NaN	4.2845	NaN
1393249619910	2883.47	722.65	NaN	NaN	4.2660	NaN
1393249628243	2869.53	705.75	NaN	NaN	4.2874	NaN
1393249636577	2879.21	732.39	NaN	NaN	4.2609	NaN
1393249644910	2876.40	689.10	NaN	NaN	4.2745	NaN
1393249653246	2869.88	692.24	NaN	NaN	4.2477	NaN
1393249661580	2882.55	691.41	NaN	NaN	4.2447	NaN
1393249669913	2872.06	718.64	NaN	NaN	4.1847	NaN
1393249678245	2870.03	702.05	NaN	NaN	4.2216	NaN
1393249686578	2882.30	740.51	NaN	NaN	4.2298	NaN
1393249694912	2883.93	701.24	NaN	NaN	4.2188	NaN
1393249703245	2872.24	701.08	NaN	NaN	4.1890	NaN
1393249711578	2884.80	719.63	NaN	NaN	4.1805	NaN
1393249719912	2879.71	708.68	NaN	NaN	4.1643	NaN
1393249728246	2894.12	714.63	NaN	NaN	4.1936	NaN
1393249736579	2881.63	712.67	NaN	NaN	4.1431	NaN
1393249744911	2893.32	716.62	NaN	NaN	4.1701	NaN
1393249753245	2897.81	700.84	NaN	NaN	4.1548	NaN
1393249761577	2901.62	716.95	NaN	NaN	4.1367	NaN
1393249769911	2881.70	686.91	NaN	NaN	4.1255	NaN
1393249778244	2903.21	721.43	NaN	NaN	4.1411	NaN
1393249786582	2894.80	685.74	NaN	NaN	4.1226	NaN
1393249794916	2900.34	718.45	NaN	NaN	4.1035	NaN
1393249803250	2891.05	700.05	NaN	NaN	4.1306	NaN
1393249811583	2906.63	709.73	NaN	NaN	4.1173	NaN
1393249819915	2908.32	713.33	NaN	NaN	4.0968	NaN
1393249828248	2911.59	719.17	NaN	NaN	4.0865	NaN
1393249836582	2910.53	719.73	NaN	NaN	4.1206	NaN
1393249844915	2885.05	703.14	NaN	NaN	4.0730	NaN
1393249853248	2876.00	699.71	NaN	NaN	4.0867	NaN
1393249861582	2908.14	722.18	NaN	NaN	4.1044	NaN
1393249869916	2891.80	734.50	NaN	NaN	4.1018	NaN
1393249878249	2882.98	721.98	NaN	NaN	4.1093	NaN
1393249886582	2885.60	705.62	NaN	NaN	4.1152	NaN
1393249894915	2884.31	697.92	NaN	NaN	4.1132	NaN
1393249903248	2895.22	698.68	NaN	NaN	4.1251	NaN
1393249911587	2899.15	705.12	NaN	NaN	4.1193	NaN
1393249919920	2899.23	710.79	NaN	NaN	4.0971	NaN
1393249928253	2887.27	722.89	NaN	NaN	4.1249	NaN
1393249936586	2881.73	701.07	NaN	NaN	4.0681	NaN
1393249944919	2895.23	714.17	NaN	NaN	4.1120	NaN
1393249953253	2889.15	707.81	NaN	NaN	4.1074	NaN
1393249961585	2898.10	697.61	NaN	NaN	4.1096	NaN
1393249969919	2901.14	707.62	NaN	NaN	4.1333	NaN
1393249978252	2891.64	695.02	NaN	NaN	4.1359	NaN
1393249986586	2906.00	696.76	NaN	NaN	4.1501	NaN
1393249994919	2898.73	690.70	NaN	NaN	4.1336	NaN
1393250003252	2905.30	701.40	NaN	NaN	4.1649	NaN
1393250011586	2886.34	691.59	NaN	NaN	4.1457	NaN
1393250019918	2886.91	694.99	NaN	NaN	4.1815	NaN
1393250028251	2877.62	696.05	NaN	NaN	4.1716	NaN
1393250036584	2891.38	700.58	NaN	NaN	4.1761	NaN
1393250044921	2885.16	693.96	NaN	NaN	4.1794	NaN
1393250053255	2893.20	708.64	NaN	NaN	4.2147	NaN
1393250061589	2899.41	717.88	NaN	NaN	4.2108	NaN
1393250069921	2900.39	734.79	NaN	NaN	4.2207	NaN
1393250078255	2882.89	740.67	NaN	NaN	4.2373	NaN
1393250086589	2890.33	728.87	NaN	NaN	4.2309	NaN
1393250094922	2869.01	708.09	NaN	NaN	4.2449	NaN
1393250103254	2887.34	695.42	NaN	NaN	4.2767	NaN
1393250111589	2897.70	710.95	NaN	NaN	4.2648	NaN
1393250119921	2894.59	704.90	NaN	NaN	4.2823	NaN
1393250128255	2881.97	703.88	NaN	NaN	4.2697	NaN
1393250136588	2877.80	724.58	NaN	NaN	4.2881	NaN
1393250144921	2887.34	762.67	NaN	NaN	4.2871	NaN
1393250153255	2885.54	723.42	NaN	NaN	4.3241	NaN
1393250161589	2871.23	738.82	NaN	NaN	4.3139	NaN
1393250169921	2883.26	738.31	NaN	NaN	4.3225	NaN
1393250178259	2881.97	714.04	NaN	NaN	4.3262	NaN
1393250186593	2880.50	737.25	NaN	NaN	4.3253	NaN
1393250194926	2882.47	739.52	NaN	NaN	4.3085	NaN
1393250203259	2902.10	744.06	NaN	NaN	4.3437	NaN
1393250211592	2893.28	737.14	NaN	NaN	4.3374	NaN
1393250219926	2890.03	753.70	NaN	NaN	4.3591	NaN
1393250228259	2899.07	754.98	NaN	NaN	4.3447	NaN
1393250236592	2903.17	729.05	NaN	NaN	4.3618	NaN
1393250244925	2887.40	718.08	NaN	NaN	4.3988	NaN
1393250253258	2882.88	731.79	NaN	NaN	4.3559	NaN
1393250261591	2880.15	744.62	NaN	NaN	4.3606	NaN
1393250269924	2881.24	730.29	NaN	NaN	4.3661	NaN
1393250278258	2876.75	734.69	NaN	NaN	4.3817	NaN
1393250286591	2869.07	742.86	NaN	NaN	4.3898	NaN
1393250294925	2878.79	739.24	NaN	NaN	4.3919	NaN
1393250303262	2871.62	738.05	NaN	NaN	4.3660	NaN
1393250311596	2884.05	734.30	NaN	NaN	4.3805	NaN
1393250319928	2867.99	723.33	NaN	NaN	4.4033	NaN
1393250328261	2863.96	738.53	NaN	NaN	4.3908	NaN
1393250336594	2873.89	747.62	NaN	NaN	4.3812	NaN
1393250344928	2869.09	726.11	NaN	NaN	4.3855	NaN
1393250353261	2866.68	718.58	NaN	NaN	4.3964	NaN
1393250361595	2880.37	731.16	NaN	NaN	4.4028	NaN
1393250369929	2874.62	732.64	NaN	NaN	4.4035	NaN
1393250378262	2863.95	746.09	NaN	NaN	4.4255	NaN
1393250386594	2869.06	734.77	NaN	NaN	4.4291	NaN
1393250394927	2889.60	732.15	NaN	NaN	4.4099	NaN
1393250403261	2891.84	732.28	NaN	NaN	4.4117	NaN
1393250411594	2898.25	729.71	NaN	NaN	4.4361	NaN
1393250419928	2877.94	718.57	NaN	NaN	4.4138	NaN
1393250428261	2874.09	707.73	NaN	NaN	4.4007	NaN
1393250436600	2876.92	714.58	NaN	NaN	4.4339	NaN
1393250444933	2881.37	728.06	NaN	NaN	4.4318	NaN
1393250453265	2880.52	733.15	NaN	NaN	4.4310	NaN
1393250461599	2870.94	734.75	NaN	NaN	4.4065	NaN
1393250469932	2878.14	728.99	NaN	NaN	4.4006	NaN
1393250478266	2886.76	750.68	NaN	NaN	4.4220	NaN
1393250486599	2905.24	747.17	NaN	NaN	4.4463	NaN
1393250494932	2897.10	746.44	NaN	NaN	4.4379	NaN
1393250503265	2895.45	738.51	NaN	NaN	4.4322	NaN
1393250511599	2890.68	732.00	NaN	NaN	4.4485	NaN
1393250519933	2886.28	721.12	NaN	NaN	4.4654	NaN
1393250528264	2885.01	718.10	NaN	NaN	4.4643	NaN
1393250536598	2884.99	733.37	NaN	NaN	4.4788	NaN
1393250544931	2881.83	745.36	NaN	NaN	4.4600	NaN
1393250553265	2880.98	747.93	NaN	NaN	4.4461	NaN
1393250561598	2882.99	743.55	NaN	NaN	4.4609	NaN
1393250569936	2882.51	731.99	NaN	NaN	4.4497	NaN
1393250578269	2879.81	725.34	NaN	NaN	4.4507	NaN
1393250586602	2862.58	724.59	NaN	NaN	4.4430	NaN
1393250594936	2875.73	733.87	NaN	NaN	4.4430	NaN
1393250603268	2879.25	743.85	NaN	NaN	4.4388	NaN
1393250611602	2893.65	757.07	NaN	NaN	4.4667	NaN
1393250619936	2891.92	722.44	NaN	NaN	4.4436	NaN
1393250628269	2883.44	721.22	NaN	NaN	4.4161	NaN
1393250636602	2879.04	739.97	NaN	NaN	4.4397	NaN
1393250644935	2862.67	725.11	NaN	NaN	4.3628	NaN
1393250653269	2840.35	838.60	NaN	NaN	4.1985	NaN
1393250661602	3040.39	1255.41	NaN	NaN	2.8713	NaN
1393250669934	NaN	NaN	NaN	NaN	NaN	NaN
1393250678268	NaN	NaN	NaN	NaN	NaN	NaN
1393250686601	NaN	NaN	NaN	NaN	NaN	NaN
1393250694934	NaN	NaN	NaN	NaN	NaN	NaN
1393250703271	NaN	NaN	NaN	NaN	NaN	NaN
1393250711605	NaN	NaN	NaN	NaN	NaN	NaN
1393250719938	NaN	NaN	NaN	NaN	NaN	NaN
1393250728272	NaN	NaN	NaN	NaN	NaN	NaN
1393250736604	NaN	NaN	NaN	NaN	NaN	NaN
1393250744937	NaN	NaN	NaN	NaN	NaN	NaN
1393250753270	NaN	NaN	NaN	NaN	NaN	NaN
1393250761604	2941.69	991.21	NaN	NaN	2.9882	NaN
1393250769937	2642.67	807.36	NaN	NaN	4.1102	NaN
1393250778270	2634.52	636.29	NaN	NaN	4.4522	NaN
1393250786604	2645.38	681.87	NaN	NaN	4.3838	NaN
1393250794937	2706.92	703.91	2869.60	833.26	4.4260	4.5440
1393250803271	2733.58	696.81	2964.89	742.58	4.4219	4.9735
1393250811604	2766.16	696.38	3031.27	688.75	4.4501	5.1954
1393250819938	2747.20	692.74	2980.94	628.25	4.4453	5.4017
1393250828274	2751.16	679.89	3007.28	578.24	4.4657	5.4982
1393250836608	2758.14	664.91	3017.80	573.56	4.4425	5.4460
1393250844941	2767.18	675.01	2962.86	661.22	4.4397	5.2730
1393250853275	2772.47	695.29	2962.69	660.77	4.4614	5.3405
1393250861609	2756.79	708.69	2948.33	663.34	4.4737	5.3460
1393250869942	2770.15	707.10	2956.27	664.65	4.4777	5.2965
1393250878275	2760.14	699.48	2933.49	674.71	4.5056	5.3478
1393250886608	2757.01	680.60	2917.53	631.81	4.4724	5.2642
1393250894941	2758.76	683.91	2941.20	640.19	4.4730	5.3081
1393250903274	2763.64	706.88	2942.84	652.50	4.4944	5.3624
1393250911608	2756.40	703.20	2949.54	653.86	4.4966	5.3567
1393250919941	2758.83	704.68	2948.97	661.96	4.5032	5.3691
1393250928274	2770.94	703.39	2944.79	659.96	4.5243	5.3595
1393250936608	2768.80	712.51	2932.45	656.96	4.5286	5.3625
1393250944941	2761.72	705.39	2961.18	655.81	4.4951	5.3765
1393250953273	2763.76	703.90	2947.77	676.09	4.5170	5.3692
1393250961613	2763.31	697.56	2941.84	669.16	4.5159	5.3638
1393250969946	2753.79	695.41	2948.24	668.49	4.5107	5.3907
1393250978279	2763.49	698.35	2970.43	659.39	4.5365	5.3360
1393250986612	2766.00	686.82	2950.35	666.99	4.5333	5.3546
1393250994946	2754.86	697.20	2952.27	630.00	4.5590	5.3456
1393251003279	2769.85	694.44	2971.38	646.85	4.5657	5.3820
1393251011613	2763.86	697.09	2951.45	650.55	4.5707	5.3833
1393251019946	2765.88	691.03	2949.31	660.08	4.5546	5.3813
1393251028280	2762.92	688.79	2945.06	665.34	4.5439	5.3957
1393251036612	2773.87	696.63	2945.54	650.62	4.5651	5.3676
1393251044945	2763.66	699.41	2974.02	671.08	4.5741	5.4107
1393251053278	2775.12	716.61	2955.25	672.12	4.5564	5.4213
1393251061611	2780.78	715.91	2962.11	657.40	4.5746	5.3952
1393251069945	2778.62	727.71	2945.39	664.13	4.5896	5.4220
1393251078279	2786.23	735.55	2943.51	661.97	4.5976	5.4225
1393251086611	2776.14	736.16	2939.13	664.78	4.5793	5.4227
1393251094948	2768.58	732.14	2942.16	676.98	4.5835	5.4233
1393251103282	2772.46	740.76	2935.99	655.51	4.5896	5.4353
1393251111615	2764.23	730.42	2950.81	655.82	4.5856	5.4068
1393251119948	2769.43	736.79	2948.63	670.18	4.5959	5.3771
1393251128282	2773.55	731.30	2951.92	655.50	4.5912	5.3808
1393251136615	2772.33	733.54	2938.21	672.74	4.5720	5.3968
1393251144948	2774.30	741.29	2921.66	676.05	4.5979	5.4226
1393251153281	2780.66	739.69	2929.77	675.13	4.6035	5.4366
1393251161614	2768.93	731.29	2920.91	670.97	4.5902	5.4073
1393251169947	2772.01	730.39	2926.71	684.18	4.6033	5.4350
1393251178281	2779.30	719.51	2979.17	655.02	4.5992	5.4337
1393251186614	2778.46	713.03	2965.18	646.51	4.5946	5.4322
1393251194947	2786.38	717.06	2973.14	650.99	4.6157	5.4303
1393251203280	2784.82	717.21	2964.43	667.73	4.6093	5.4550
1393251211614	2784.72	727.90	2973.38	649.23	4.6183	5.4613
1393251219947	2781.51	722.10	2971.87	662.76	4.6148	5.4493
1393251228285	2796.90	733.99	2962.53	645.21	4.6248	5.4084
1393251236618	2783.73	742.74	2946.33	664.89	4.6194	5.4753
1393251244951	2775.13	747.22	2948.56	663.96	4.6223	5.4873
1393251253284	2780.14	730.38	2937.10	657.93	4.6220	5.4270
1393251261618	2778.42	715.80	2937.52	671.27	4.6124	5.4545
1393251269951	2776.30	715.00	2937.16	680.21	4.6176	5.4800
1393251278284	2778.37	706.00	2970.08	638.12	4.6252	5.4662
1393251286617	2777.29	722.54	2962.22	661.71	4.6249	5.4343
1393251294951	2771.13	724.76	2970.71	663.56	4.6263	5.4792
1393251303284	2767.60	716.28	2958.98	659.41	4.6158	5.4478
1393251311617	2770.46	706.52	2959.24	633.57	4.6017	5.4061
1393251319951	2767.01	724.48	2936.94	688.14	4.5926	5.4932
1393251328283	2774.91	737.56	2948.71	665.90	4.6094	5.4487
1393251336617	2773.41	736.40	2951.02	667.70	4.6136	5.4578
1393251344950	2773.23	741.20	2947.83	678.93	4.5832	5.4727
1393251353287	2759.72	733.40	2958.43	673.64	4.5717	5.4889
1393251361622	2770.36	739.85	2964.72	687.10	4.5804	5.4579
1393251369954	2769.48	744.81	2969.04	669.76	4.5795	5.4796
1393251378287	2768.55	731.75	2964.95	672.65	4.5633	5.4471
1393251386621	2766.46	738.20	2961.54	693.09	4.5416	5.4473
1393251394954	2778.87	740.80	2959.39	684.50	4.5527	5.4426
1393251403287	2767.07	721.50	2966.31	676.57	4.5277	5.4431
1393251411620	2771.14	744.37	2963.54	664.13	4.5604	5.4795
1393251419954	2770.80	733.36	2951.13	658.60	4.5542	5.4028
1393251428287	2767.14	731.52	2963.60	675.57	4.5384	5.4413
1393251436620	2779.89	738.37	2984.72	669.56	4.5424	5.4491
1393251444952	2779.51	743.86	3002.86	626.35	4.5308	5.5795
1393251453286	2778.47	736.44	3004.44	626.82	4.5070	5.5257
1393251461620	2782.83	730.02	2988.71	735.57	4.5236	5.2689
1393251469953	2768.98	719.73	2907.20	777.48	4.5092	4.9817
1393251478286	2681.45	752.17	2639.76	918.49	4.4914	4.3321
1393251486621	2560.55	658.32	2527.90	1132.68	4.6030	3.7204
1393251494954	2484.11	844.87	NaN	NaN	4.2866	NaN
1393251503280	2396.08	1006.48	NaN	NaN	3.7685	NaN
1393251511613	2790.62	1164.70	NaN	NaN	2.5331	NaN
1393251519947	NaN	NaN	NaN	NaN	NaN	NaN
1393251528280	NaN	NaN	NaN	NaN	NaN	NaN
1393251536613	NaN	NaN	NaN	NaN	NaN	NaN
1393251544946	NaN	NaN	NaN	NaN	NaN	NaN
1393251553279	NaN	NaN	NaN	NaN	NaN	NaN
1393251561612	NaN	NaN	NaN	NaN	NaN	NaN
1393251569945	NaN	NaN	NaN	NaN	NaN	NaN
1393251578278	NaN	NaN	NaN	NaN	NaN	NaN
1393251586612	NaN	NaN	NaN	NaN	NaN	NaN
1393251594945	NaN	NaN	NaN	NaN	NaN	NaN
1393251603279	NaN	NaN	NaN	NaN	NaN	NaN
1393251611612	NaN	NaN	NaN	NaN	NaN	NaN
1393251619953	NaN	NaN	NaN	NaN	NaN	NaN
1393251628295	1370.08	1394.92	NaN	NaN	2.7633	NaN
1393251636629	NaN	NaN	NaN	NaN	NaN	NaN
1393251644962	1446.26	1285.58	906.77	1351.76	3.3244	3.5807
1393251653294	1288.70	1131.73	1027.83	1252.96	4.1683	4.1847
1393251661627	1266.73	1040.67	1051.65	1161.62	4.3147	4.3909
1393251669960	1252.69	969.98	1236.79	1036.95	4.4469	5.1445
1393251678294	1244.87	927.50	1240.43	972.65	4.5558	5.2608
1393251686627	1234.35	885.44	1252.37	926.90	4.6124	5.3817
1393251694961	1243.14	931.73	1258.80	900.66	4.5339	5.4209
1393251703294	1258.41	934.39	1274.27	876.44	4.5228	5.4854
1393251711628	1259.47	948.33	1263.36	883.42	4.5088	5.4615
1393251719961	1262.05	947.62	1271.71	862.25	4.5044	5.5119
1393251728294	1261.47	944.03	1258.06	918.71	4.5014	5.3876
1393251736627	1258.78	940.81	1256.97	921.14	4.5060	5.3973
1393251744962	1258.68	948.28	1254.86	926.86	4.5244	5.3831
1393251753296	1256.49	951.52	1258.06	925.23	4.5186	5.3888
1393251761628	1257.75	953.47	1259.22	929.66	4.5084	5.3676
1393251769961	1258.94	961.84	1259.70	933.42	4.5178	5.3719
1393251778295	1268.14	993.69	1261.62	987.24	4.5289	5.3648
1393251786629	1233.88	1123.44	1244.96	1116.48	4.5373	5.3785
1393251794962	1158.80	1309.64	1205.59	1267.39	4.5696	5.3916
1393251803295	1205.11	1432.61	1213.09	1396.51	4.5381	5.3702
1393251811628	1235.28	1513.62	1256.06	1466.97	4.5500	5.3788
1393251819962	1294.95	1615.64	1324.54	1581.80	4.5537	5.3963
1393251828295	1342.83	1649.36	1364.02	1602.17	4.5555	5.3625
1393251836628	1341.78	1679.41	1361.89	1626.20	4.5709	5.3711
1393251844960	1324.88	1654.92	1341.04	1595.22	4.5893	5.4051
1393251853294	1317.86	1666.54	1345.84	1604.12	4.5892	5.3866
1393251861628	1322.63	1678.95	1349.66	1611.55	4.5862	5.4044
1393251869960	1337.26	1673.48	1361.83	1621.68	4.5826	5.3990
1393251878302	1343.12	1662.07	1354.21	1628.33	4.5876	5.3931
1393251886635	1344.01	1662.05	1348.31	1631.12	4.5820	5.3848
1393251894968	1352.10	1672.47	1347.82	1632.56	4.5870	5.3792
1393251903302	1349.64	1676.25	1336.05	1632.71	4.5976	5.3900
1393251911635	1349.38	1672.63	1340.25	1623.50	4.6111	5.3944
1393251919969	1353.07	1663.84	1340.05	1619.22	4.6041	5.3728
1393251928302	1357.68	1654.37	1336.15	1625.29	4.6149	5.3790
1393251936634	1352.32	1647.15	1329.93	1641.84	4.6307	5.3412
1393251944967	NaN	NaN	1323.09	1677.89	NaN	5.2930
1393251953301	1351.87	1690.74	1309.10	1736.15	4.6054	5.1897
1393251961635	NaN	NaN	NaN	NaN	NaN	NaN
1393251969969	NaN	NaN	NaN	NaN	NaN	NaN
1393251978301	NaN	NaN	NaN	NaN	NaN	NaN
1393251986634	NaN	NaN	NaN	NaN	NaN	NaN
1393251994968	NaN	NaN	NaN	NaN	NaN	NaN
1393252003300	NaN	NaN	NaN	NaN	NaN	NaN
1393252011638	NaN	NaN	NaN	NaN	NaN	NaN
1393252019971	NaN	NaN	NaN	NaN	NaN	NaN
1393252028305	NaN	NaN	NaN	NaN	NaN	NaN
1393252036638	NaN	NaN	NaN	NaN	NaN	NaN
1393252044972	NaN	NaN	NaN	NaN	NaN	NaN
1393252053304	NaN	NaN	NaN	NaN	NaN	NaN
1393252061637	NaN	NaN	NaN	NaN	NaN	NaN
1393252069970	NaN	NaN	NaN	NaN	NaN	NaN
1393252078304	NaN	NaN	NaN	NaN	NaN	NaN
1393252086637	NaN	NaN	NaN	NaN	NaN	NaN
1393252094970	NaN	NaN	NaN	NaN	NaN	NaN
1393252103303	NaN	NaN	NaN	NaN	NaN	NaN
1393252111637	NaN	NaN	NaN	NaN	NaN	NaN
1393252119971	NaN	NaN	NaN	NaN	NaN	NaN
1393252128304	NaN	NaN	NaN	NaN	NaN	NaN
1393252136637	NaN	NaN	NaN	NaN	NaN	NaN
1393252144975	NaN	NaN	NaN	NaN	NaN	NaN
1393252153307	NaN	NaN	NaN	NaN	NaN	NaN
1393252161640	NaN	NaN	NaN	NaN	NaN	NaN
1393252169973	NaN	NaN	NaN	NaN	NaN	NaN
1393252178306	NaN	NaN	NaN	NaN	NaN	NaN
1393252186640	NaN	NaN	NaN	NaN	NaN	NaN
1393252194974	NaN	NaN	NaN	NaN	NaN	NaN
1393252203307	1433.77	1529.67	NaN	NaN	2.4289	NaN
1393252211640	1645.64	1340.50	NaN	NaN	3.1145	NaN
1393252219974	1583.82	1192.74	NaN	NaN	3.6219	NaN
1393252228307	1441.94	1078.48	1277.86	1076.72	4.2318	4.9634
1393252236640	1377.49	978.28	1323.58	966.78	4.5323	5.2542
1393252244973	1367.78	904.50	1337.79	915.52	4.6825	5.3542
1393252253306	1356.50	874.63	1339.28	873.75	4.7858	5.3928
1393252261640	1364.03	854.60	1366.49	851.24	4.8385	5.4812
1393252269978	1376.81	910.62	1359.17	829.74	4.7398	5.5469
1393252278311	1378.71	886.78	1354.91	798.77	4.7472	5.5834
1393252286644	1373.23	909.07	1351.06	812.31	4.7166	5.5646
1393252294977	1377.46	921.36	1361.53	845.41	4.7189	5.5068
1393252303311	1380.09	916.01	1347.39	874.67	4.7070	5.4450
1393252311644	1385.90	899.45	1345.17	878.30	4.7250	5.4365
1393252319978	1377.88	890.21	1343.34	878.35	4.7311	5.4316
1393252328311	1377.33	898.62	1355.00	869.22	4.7581	5.4396
1393252336643	1376.31	892.53	1348.25	882.87	4.7392	5.4447
1393252344976	1382.51	891.06	1342.67	882.46	4.7379	5.4279
1393252353310	1385.03	887.47	1340.76	892.41	4.7289	5.4228
1393252361643	1386.60	900.54	1341.31	904.92	4.7400	5.4405
1393252369976	1388.95	916.11	1337.18	897.32	4.7626	5.4458
1393252378310	1385.66	923.84	1345.33	882.79	4.7628	5.4446
1393252386643	1386.81	916.14	1339.43	877.74	4.7489	5.4508
1393252394976	1387.28	910.40	1333.56	883.93	4.7524	5.4616
1393252403317	1377.98	903.01	1344.60	890.77	4.7404	5.4573
1393252411650	1386.38	911.81	1345.12	890.71	4.7616	5.4519
1393252419983	1388.90	914.21	1339.77	885.05	4.7488	5.4554
1393252428317	1380.07	914.95	1333.56	883.58	4.7444	5.4668
1393252436649	1390.82	930.14	1339.77	892.38	4.7439	5.4462
1393252444983	1441.01	932.94	1408.09	931.33	4.7503	5.4863
1393252453317	1633.78	1045.82	1598.67	1059.13	4.7756	5.4990
1393252461650	1752.27	1117.00	1686.35	1086.32	4.7277	5.4511
1393252469983	1795.77	1097.93	1769.88	1092.92	4.7297	5.4749
1393252478317	1887.69	1153.83	1859.08	1156.18	4.7357	5.4058
1393252486649	1973.68	1198.04	1938.59	1209.32	4.7410	5.3888
1393252494982	2065.31	1241.72	2019.69	1210.97	4.7459	5.4457
1393252503316	2135.13	1303.62	2082.67	1282.94	4.7480	5.4124
1393252511649	2186.61	1301.53	2157.05	1322.47	4.7533	5.4142
1393252519982	2232.26	1329.67	2206.38	1349.92	4.7479	5.3758
1393252528316	2276.64	1348.98	2246.72	1344.75	4.7568	5.4091
1393252536651	2250.19	1327.62	2221.23	1343.99	4.7663	5.3976
1393252544984	2238.41	1322.52	2222.84	1364.55	4.7794	5.3996
1393252553317	2258.21	1340.78	2227.28	1374.65	4.7785	5.4053
1393252561650	2259.93	1351.60	2226.93	1381.91	4.7661	5.3996
1393252569983	2273.70	1355.70	2229.80	1363.40	4.7948	5.4153
1393252578317	2274.25	1360.04	2230.73	1360.34	4.7819	5.4179
1393252586650	2276.03	1366.11	2238.02	1352.87	4.7796	5.4311
1393252594983	2272.19	1366.64	2242.63	1346.30	4.7880	5.4095
1393252603317	2270.30	1358.50	2233.46	1360.59	4.8060	5.4054
1393252611650	2270.66	1353.48	2229.62	1353.01	4.7982	5.4482
1393252619983	2266.53	1336.86	2234.49	1348.18	4.8086	5.4294
1393252628317	2263.25	1342.75	2238.06	1350.76	4.7953	5.4262
1393252636650	2248.45	1364.41	2241.04	1358.03	4.8178	5.4472
1393252644982	2263.36	1370.19	2228.48	1383.33	4.8054	5.4539
1393252653316	2274.84	1376.77	2229.82	1371.30	4.7988	5.4684
1393252661649	2270.50	1367.41	2236.10	1370.13	4.7965	5.4665
1393252669987	2271.93	1365.16	2236.10	1368.29	4.8036	5.4684
1393252678322	2275.72	1364.89	2235.99	1365.88	4.8027	5.4751
1393252686655	2266.58	1371.32	2230.43	1367.24	4.8045	5.4771
1393252694988	2281.29	1376.55	2235.72	1366.05	4.8135	5.4772
1393252703320	2278.03	1369.88	2226.20	1365.68	4.8175	5.4882
1393252711654	2274.73	1374.84	2226.50	1367.76	4.8187	5.4823
1393252719987	2269.49	1374.23	2223.24	1367.76	4.8104	5.4849
1393252728321	2267.29	1366.49	2220.25	1362.54	4.8157	5.5080
1393252736653	2259.52	1356.78	2226.24	1373.74	4.8147	5.4902
1393252744987	2263.07	1346.75	2217.59	1361.88	4.8188	5.4740
1393252753321	2268.33	1344.13	2223.62	1384.96	4.8125	5.4936
1393252761654	2269.58	1349.58	2231.34	1379.68	4.8164	5.4979
1393252769986	2269.69	1354.96	2232.60	1376.28	4.8090	5.4824
1393252778320	2253.95	1365.89	2234.26	1363.86	4.8230	5.4891
1393252786652	2270.69	1371.78	2221.91	1351.56	4.8255	5.5117
1393252794990	2261.69	1362.64	2219.95	1346.91	4.7895	5.4959
1393252803323	2261.71	1335.74	2233.12	1345.51	4.8214	5.4931
1393252811656	2272.81	1341.08	2218.05	1354.89	4.8180	5.4953
1393252819990	2267.64	1346.94	2218.91	1360.73	4.8228	5.4990
1393252828323	2270.84	1346.06	2228.82	1348.32	4.8187	5.4922
1393252836657	2277.51	1339.24	2221.93	1343.04	4.8163	5.5065
1393252844989	2276.03	1374.85	2214.64	1364.09	4.8119	5.5119
1393252853323	2278.88	1359.48	2229.52	1370.68	4.8141	5.4987
1393252861656	2272.16	1343.65	2224.57	1377.30	4.7991	5.4803
1393252869989	2274.16	1339.74	2224.41	1370.19	4.8032	5.4864
1393252878322	2271.04	1343.95	2221.69	1368.13	4.8202	5.5025
1393252886655	2273.94	1344.96	2221.85	1384.71	4.8172	5.4897
1393252894989	2284.04	1353.27	2234.26	1361.13	4.8265	5.4796
1393252903322	2270.73	1379.99	2226.49	1351.43	4.8294	5.4724
1393252911655	2275.58	1338.12	2220.08	1381.16	4.8035	5.4633
1393252919989	2257.34	1357.62	2217.01	1365.82	4.8016	5.4656
1393252928327	2266.84	1357.02	2221.87	1349.47	4.8183	5.4513
1393252936661	2278.80	1363.98	2234.51	1358.61	4.8216	5.4637
1393252944994	2279.17	1375.38	2219.08	1374.48	4.8131	5.4455
1393252953328	2274.10	1368.16	2223.23	1380.47	4.8068	5.4370
1393252961661	2269.19	1354.88	2228.44	1382.14	4.8267	5.4447
1393252969994	2273.65	1355.34	2229.87	1391.26	4.8142	5.4342
1393252978327	2269.77	1354.18	2220.94	1379.33	4.7947	5.4482
1393252986659	2270.53	1346.64	2221.29	1362.25	4.8136	5.4221
1393252994993	2269.63	1357.40	2226.07	1371.24	4.8035	5.4164
1393253003327	2272.71	1368.85	2219.29	1376.23	4.8052	5.4225
1393253011659	2273.66	1362.66	2224.61	1389.55	4.8176	5.4116
1393253019993	2275.45	1343.43	2214.87	1377.45	4.7862	5.4203
1393253028326	2274.58	1359.85	2224.73	1360.44	4.7814	5.4119
1393253036659	2267.08	1367.79	2225.96	1358.81	4.7950	5.4100
1393253044993	2268.58	1360.93	2228.23	1364.57	4.7843	5.4089
1393253053326	2268.55	1357.55	2221.87	1363.75	4.7904	5.4189
1393253061663	2275.59	1378.26	2221.00	1365.98	4.7648	5.3942
1393253069996	2273.48	1366.58	2228.91	1386.29	4.7705	5.3850
1393253078330	2263.61	1356.88	2225.59	1364.13	4.7724	5.4015
1393253086664	2268.87	1355.48	2227.59	1385.53	4.7796	5.3942
1393253094997	2258.53	1361.59	2227.19	1360.04	4.7676	5.3928
1393253103330	2269.84	1354.02	2224.43	1384.73	4.7703	5.3940
1393253111663	2261.39	1352.10	2218.83	1355.78	4.7570	5.3867
1393253119997	2268.95	1375.29	2233.94	1365.78	4.7621	5.3860
1393253128330	2269.93	1371.37	2232.26	1368.84	4.7610	5.3942
1393253136664	2264.87	1364.07	2232.59	1376.53	4.7483	5.3954
1393253144995	2269.01	1363.90	2242.44	1378.92	4.7440	5.3997
1393253153330	2277.15	1360.68	2233.43	1364.09	4.7505	5.3995
1393253161664	2273.30	1375.00	2233.32	1347.37	4.7302	5.3861
1393253169997	2268.89	1376.08	2221.52	1366.88	4.7591	5.4011
1393253178330	2262.31	1348.93	2236.74	1392.11	4.7454	5.4085
1393253186663	2268.60	1348.14	2236.42	1364.10	4.7491	5.4024
1393253194999	2266.59	1378.65	2220.80	1367.56	4.7343	5.4013
1393253203332	2263.11	1365.27	2235.35	1387.60	4.7473	5.4072
1393253211666	2262.73	1352.93	2235.05	1368.87	4.7587	5.3988
1393253219998	2269.64	1342.03	2237.46	1361.75	4.7403	5.3936
1393253228332	2276.78	1344.79	2220.13	1357.41	4.7491	5.4136
1393253236665	2276.90	1344.46	2226.04	1353.21	4.7421	5.4139
1393253244999	2274.52	1356.01	2220.45	1365.43	4.7440	5.4260
1393253253332	2274.30	1367.68	2207.70	1375.23	4.7415	5.4389
1393253261665	2276.26	1370.38	2208.19	1383.92	4.7375	5.4279
1393253269998	2276.55	1374.05	2234.90	1378.11	4.7405	5.4309
1393253278331	2269.34	1367.88	2221.48	1388.13	4.7574	5.4177
1393253286665	2265.42	1375.80	2214.06	1403.02	4.7326	5.4138
1393253294997	2271.75	1363.29	2219.31	1377.28	4.7419	5.4193
1393253303331	2255.88	1360.23	2209.01	1342.60	4.7491	5.4351
1393253311664	2269.25	1354.51	2210.61	1361.99	4.7655	5.4333
1393253320005	2272.30	1360.06	2215.93	1388.97	4.7391	5.4355
1393253328338	2199.82	1420.35	2138.77	1421.68	4.7259	5.3551
1393253336671	2089.69	1477.76	2067.78	1489.94	4.7491	5.4216
1393253345003	2102.85	1470.01	2090.09	1531.39	4.7888	5.3402
1393253353337	2026.02	1503.63	2018.77	1582.73	4.7801	5.3144
1393253361670	1941.02	1576.21	1914.28	1611.69	4.7913	5.3033
1393253370004	1856.37	1600.24	1861.24	1656.47	4.8356	5.2548
1393253378337	1811.69	1674.99	NaN	NaN	4.7484	NaN
1393253386670	NaN	NaN	NaN	NaN	NaN	NaN
1393253395004	NaN	NaN	NaN	NaN	NaN	NaN
1393253403338	NaN	NaN	NaN	NaN	NaN	NaN
1393253411671	NaN	NaN	NaN	NaN	NaN	NaN
1393253420003	NaN	NaN	NaN	NaN	NaN	NaN
1393253428337	NaN	NaN	NaN	NaN	NaN	NaN
1393253436670	NaN	NaN	NaN	NaN	NaN	NaN
1393253445004	NaN	NaN	NaN	NaN	NaN	NaN
1393253453341	NaN	NaN	NaN	NaN	NaN	NaN
1393253461675	NaN	NaN	NaN	NaN	NaN	NaN
1393253470007	NaN	NaN	NaN	NaN	NaN	NaN
1393253478341	NaN	NaN	NaN	NaN	NaN	NaN
1393253486674	NaN	NaN	NaN	NaN	NaN	NaN
1393253495007	NaN	NaN	NaN	NaN	NaN	NaN
1393253503340	NaN	NaN	NaN	NaN	NaN	NaN
1393253511673	NaN	NaN	NaN	NaN	NaN	NaN
1393253520007	NaN	NaN	NaN	NaN	NaN	NaN
1393253528340	NaN	NaN	NaN	NaN	NaN	NaN
1393253536673	NaN	NaN	NaN	NaN	NaN	NaN
1393253545006	NaN	NaN	NaN	NaN	NaN	NaN
1393253553340	NaN	NaN	NaN	NaN	NaN	NaN
1393253561672	NaN	NaN	NaN	NaN	NaN	NaN
1393253570006	NaN	NaN	NaN	NaN	NaN	NaN
1393253578339	NaN	NaN	NaN	NaN	NaN	NaN
1393253586676	NaN	NaN	NaN	NaN	NaN	NaN
1393253595009	NaN	NaN	NaN	NaN	NaN	NaN
1393253603343	NaN	NaN	NaN	NaN	NaN	NaN
1393253611676	NaN	NaN	NaN	NaN	NaN	NaN
1393253620009	NaN	NaN	NaN	NaN	NaN	NaN
1393253628344	NaN	NaN	NaN	NaN	NaN	NaN
1393253636676	NaN	NaN	NaN	NaN	NaN	NaN
1393253645010	NaN	NaN	NaN	NaN	NaN	NaN
1393253653343	NaN	NaN	NaN	NaN	NaN	NaN
1393253661676	NaN	NaN	NaN	NaN	NaN	NaN
1393253670009	NaN	NaN	NaN	NaN	NaN	NaN
1393253678342	NaN	NaN	NaN	NaN	NaN	NaN
1393253686676	NaN	NaN	NaN	NaN	NaN	NaN
1393253695010	NaN	NaN	NaN	NaN	NaN	NaN
1393253703343	NaN	NaN	NaN	NaN	NaN	NaN
1393253711678	NaN	NaN	NaN	NaN	NaN	NaN
1393253720012	NaN	NaN	NaN	NaN	NaN	NaN
1393253728344	NaN	NaN	NaN	NaN	NaN	NaN
1393253736678	NaN	NaN	NaN	NaN	NaN	NaN
1393253745012	NaN	NaN	NaN	NaN	NaN	NaN
1393253753344	NaN	NaN	NaN	NaN	NaN	NaN
1393253761678	NaN	NaN	NaN	NaN	NaN	NaN
1393253770012	NaN	NaN	NaN	NaN	NaN	NaN
1393253778343	NaN	NaN	NaN	NaN	NaN	NaN
1393253786677	NaN	NaN	NaN	NaN	NaN	NaN
1393253795011	NaN	NaN	NaN	NaN	NaN	NaN
1393253803344	NaN	NaN	NaN	NaN	NaN	NaN
1393253811677	NaN	NaN	NaN	NaN	NaN	NaN
1393253820011	NaN	NaN	NaN	NaN	NaN	NaN
1393253828343	NaN	NaN	NaN	NaN	NaN	NaN
1393253836677	NaN	NaN	NaN	NaN	NaN	NaN
1393253845016	NaN	NaN	NaN	NaN	NaN	NaN
1393253853349	NaN	NaN	NaN	NaN	NaN	NaN
1393253861682	NaN	NaN	NaN	NaN	NaN	NaN
1393253870017	NaN	NaN	NaN	NaN	NaN	NaN
1393253878350	1759.18	1349.49	NaN	NaN	2.7375	NaN
1393253886683	1610.26	1245.79	NaN	NaN	3.0809	NaN
1393253895016	1545.01	1092.79	980.70	1120.51	3.8709	4.0078
1393253903350	1336.99	921.58	1106.85	1017.85	4.4732	4.5988
1393253911683	1318.59	818.77	1239.58	900.72	4.6701	5.0872
1393253920016	1315.84	761.26	1301.84	826.69	4.7942	5.4104
1393253928348	1315.20	795.92	1313.53	764.97	4.7386	5.5553
1393253936682	1325.77	832.43	1323.16	730.73	4.7212	5.6141
1393253945016	1318.78	814.22	1315.81	737.86	4.7040	5.5648
1393253953349	1326.78	810.99	1314.00	782.01	4.7169	5.5027
1393253961682	1323.02	816.15	1314.61	812.09	4.7114	5.4584
1393253970015	1326.31	824.12	1306.42	803.73	4.7136	5.4645
1393253978354	1327.39	827.20	1300.67	800.15	4.7146	5.4816
1393253986687	1325.93	824.56	1304.79	804.48	4.7114	5.4556
1393253995019	1329.15	815.69	1301.42	808.88	4.7245	5.4739
1393254003352	1328.89	791.60	1302.86	802.19	4.7294	5.4863
1393254011686	1329.97	799.57	1307.44	787.27	4.7278	5.4728
1393254020019	1336.06	828.01	1308.94	797.32	4.7444	5.4763
1393254028352	1324.38	793.18	1301.64	798.81	4.7227	5.4591
1393254036686	1332.65	819.46	1302.04	786.96	4.7441	5.4672
1393254045019	1328.44	823.81	1303.79	803.62	4.7351	5.4603
1393254053353	1318.97	814.30	1302.53	804.89	4.7161	5.4627
1393254061686	1326.02	822.11	1299.96	800.41	4.7399	5.4897
1393254070019	1331.29	816.23	1298.78	803.09	4.7467	5.4734
1393254078351	1328.46	795.30	1292.99	806.65	4.7485	5.4842
1393254086685	1336.22	828.47	1301.24	793.98	4.7597	5.4618
1393254095018	1332.50	809.07	1298.21	790.46	4.7690	5.4902
1393254103351	1329.72	790.46	1298.72	787.01	4.7450	5.4654
1393254111691	1334.98	810.66	1293.39	793.42	4.7701	5.4617
1393254120024	1337.95	825.53	1301.42	801.66	4.7674	5.4744
1393254128358	1330.44	813.32	1302.85	796.18	4.7715	5.4737
1393254136691	1328.03	802.62	1297.63	797.56	4.7697	5.4826
1393254145023	1329.17	794.46	1299.83	787.45	4.7607	5.4756
1393254153357	1339.64	802.07	1291.30	788.03	4.8008	5.4920
1393254161690	1335.68	803.52	1293.75	794.02	4.7895	5.4834
1393254170023	1330.93	799.34	1295.45	788.27	4.7648	5.4895
1393254178356	1331.71	803.07	1298.02	786.77	4.7912	5.4859
1393254186689	1348.55	806.57	1299.42	785.07	4.8133	5.4869
1393254195023	1335.65	808.93	1299.00	793.30	4.8034	5.4856
1393254203357	1337.38	800.37	1296.83	795.76	4.7863	5.4878
1393254211689	1338.79	812.42	1301.65	793.23	4.7881	5.4892
1393254220022	1333.64	815.90	1295.92	802.43	4.8116	5.5072
1393254228356	1282.49	773.21	1245.81	776.54	4.7995	5.5038
1393254236693	1262.89	748.08	1225.95	747.39	4.7873	5.5083
1393254245026	1292.45	755.82	1255.09	740.74	4.7815	5.4998
1393254253359	1296.76	777.67	1260.75	756.68	4.7717	5.4992
1393254261692	1295.65	785.23	1249.26	764.41	4.7907	5.5177
1393254270026	1280.12	772.51	1250.30	754.36	4.7928	5.5136
1393254278360	1278.97	758.88	1254.43	747.32	4.8049	5.5020
1393254286692	1283.51	744.02	1249.84	745.55	4.7921	5.5097
1393254295025	1283.56	747.37	1250.68	742.63	4.8028	5.5103
1393254303359	1285.15	759.15	1248.09	739.43	4.8030	5.5350
1393254311692	1289.69	761.20	1241.37	746.63	4.8110	5.5257
1393254320025	1286.90	757.63	1247.80	743.26	4.8027	5.5288
1393254328358	1290.49	756.53	1242.67	743.91	4.8188	5.5385
1393254336692	1286.20	754.83	1245.18	744.70	4.8156	5.5411
1393254345025	1287.19	755.66	1248.11	745.51	4.8147	5.5486
1393254353358	1281.95	755.42	1249.18	743.03	4.8151	5.5442
1393254361691	1279.87	756.01	1248.19	739.20	4.8216	5.5550
1393254370029	1284.63	753.70	1252.06	746.24	4.8292	5.5524
1393254378363	1269.46	764.11	1253.13	757.79	4.8333	5.5411
1393254386696	1278.84	782.47	1256.30	733.45	4.8485	5.5549
1393254395029	1288.53	763.77	1253.02	755.45	4.8652	5.5638
1393254403362	1280.64	765.13	1243.41	753.05	4.8464	5.5677
1393254411695	1289.01	779.32	1244.88	746.03	4.8446	5.5735
1393254420029	1284.33	783.71	1247.21	741.96	4.8579	5.5615
1393254428361	1292.51	780.47	1242.00	741.58	4.8587	5.5549
1393254436694	1289.03	779.53	1249.17	743.57	4.8767	5.5548
1393254445028	1290.33	757.76	1243.06	742.87	4.8667	5.5772
1393254453362	1283.33	756.96	1245.51	752.57	4.8789	5.5827
1393254461695	1293.70	774.65	1242.05	760.70	4.8748	5.5857
1393254470028	1289.20	782.71	1247.76	735.43	4.8615	5.5742
1393254478362	1282.71	770.57	1244.72	747.54	4.8786	5.6058
1393254486694	1279.26	753.50	1253.25	746.81	4.8894	5.5816
1393254495028	1280.73	749.94	1243.96	764.43	4.8811	5.6173
1393254503365	1284.61	764.80	1247.65	763.65	4.9269	5.6031
1393254511698	1283.17	757.89	1248.54	760.87	4.9143	5.5994
1393254520032	1277.72	766.05	1243.95	747.13	4.9038	5.6122
1393254528365	1274.67	781.40	1246.99	753.22	4.9002	5.6138
1393254536699	1279.53	773.89	1242.77	761.13	4.9155	5.5985
1393254545032	1273.77	756.51	1251.07	753.53	4.9062	5.5972
1393254553365	1277.09	771.90	1247.42	752.62	4.9083	5.6191
1393254561699	1290.22	774.53	1244.90	763.47	4.9206	5.6179
1393254570032	1284.65	756.64	1245.28	754.75	4.9393	5.6151
1393254578364	1270.65	759.81	1236.50	751.56	4.9350	5.6257
1393254586697	1275.88	771.05	1247.68	740.40	4.9438	5.5926
1393254595031	1274.27	766.92	1237.17	751.85	4.9532	5.6355
1393254603364	1284.34	756.39	1237.68	757.18	4.9580	5.6486
1393254611698	1285.95	770.32	1236.17	766.90	4.9585	5.6487
1393254620031	1289.60	782.00	1229.21	760.21	4.9496	5.6341
1393254628364	1291.85	777.20	1231.57	756.50	4.9481	5.6433
1393254636702	1291.78	761.47	1239.14	754.16	4.9641	5.6410
1393254645034	1281.10	753.36	1236.78	760.42	4.9549	5.6472
1393254653367	1288.32	762.86	1233.57	762.01	4.9607	5.6610
1393254661700	1287.42	770.75	1234.76	763.79	4.9700	5.6480
1393254670033	1299.19	771.96	1238.19	766.20	5.0060	5.6599
1393254678367	1288.32	760.49	1240.50	769.05	4.9890	5.6553
1393254686700	1295.46	761.35	1237.14	763.00	4.9754	5.6506
1393254695033	1298.98	779.78	1238.57	749.53	4.9921	5.6650
1393254703367	1299.47	793.55	1233.21	752.91	4.9952	5.6646
1393254711700	1285.23	783.83	1233.26	758.19	4.9851	5.6706
1393254720033	1282.41	752.98	1239.30	768.03	4.9909	5.6648
1393254728366	1292.89	773.86	1231.63	765.95	5.0157	5.6920
1393254736699	1283.41	784.36	1234.74	753.96	5.0060	5.6759
1393254745033	1283.96	788.16	1235.27	757.03	5.0009	5.6902
1393254753366	1281.83	776.70	1231.00	764.75	5.0168	5.6965
1393254761703	1283.55	763.48	1233.92	773.90	5.0043	5.6816
1393254770036	1276.93	754.05	1227.18	777.02	4.9995	5.6857
1393254778370	1280.10	761.40	1227.11	773.04	4.9957	5.6946
1393254786704	1289.89	770.78	1232.50	770.66	5.0318	5.6895
1393254795036	1300.20	772.01	1232.85	770.46	5.0451	5.6992
1393254803369	1284.04	760.81	1230.37	772.99	5.0306	5.7047
1393254811703	1287.97	771.86	1232.21	769.49	5.0297	5.7077
1393254820036	1289.34	776.62	1221.38	756.41	5.0330	5.7163
1393254828369	1291.30	790.55	1231.90	764.64	5.0369	5.7279
1393254836702	1294.19	787.01	1234.26	766.85	5.0430	5.7219
1393254845036	1296.46	769.80	1233.65	772.45	5.0638	5.7162
1393254853369	1286.69	764.01	1224.29	771.66	5.0492	5.7391
1393254861701	1285.64	761.25	1231.33	757.22	5.0381	5.7184
1393254870034	1282.62	764.41	1238.44	757.19	5.0403	5.7208
1393254878368	1279.68	760.44	1231.08	762.23	5.0307	5.7259
1393254886702	1288.64	763.84	1231.98	762.68	5.0358	5.7464
1393254895041	1283.19	768.47	1234.10	771.26	5.0345	5.7328
1393254903374	1282.24	783.85	1224.67	774.36	5.0448	5.7579
1393254911707	1281.36	777.40	1232.32	757.22	5.0619	5.7522
1393254920040	1289.85	774.15	1231.89	761.48	5.0678	5.7636
1393254928374	1289.80	782.04	1233.10	772.52	5.0641	5.7457
1393254936706	1283.14	786.70	1228.92	767.37	5.0648	5.7708
1393254945040	1285.06	779.00	1230.50	756.41	5.0579	5.7558
1393254953373	1278.78	765.48	1230.93	758.51	5.0694	5.7697
1393254961706	1275.75	765.57	1232.53	753.99	5.0746	5.7719
1393254970039	1286.47	781.58	1229.58	756.11	5.0878	5.7661
1393254978373	1286.45	790.25	NaN	NaN	5.0810	NaN
1393254986706	1281.61	788.50	1235.18	778.29	5.0818	5.7766
1393254995039	1274.68	768.96	1232.69	769.49	5.0836	5.7654
1393255003373	1277.85	764.74	1233.42	757.54	5.0845	5.7804
1393255011706	1282.30	781.16	1234.36	759.24	5.0929	5.7805
1393255020038	1280.05	791.39	1230.07	763.05	5.0914	5.7812
1393255028377	1275.71	779.46	1232.24	769.68	5.0875	5.7787
1393255036710	1281.78	783.39	1235.15	771.61	5.0797	5.7878
1393255045044	1283.77	783.70	1233.09	760.36	5.1114	5.7845
1393255053377	1283.57	786.14	1228.87	757.80	5.0905	5.7902
1393255061710	1276.88	761.57	1232.53	757.95	5.0992	5.7961
1393255070043	1282.84	770.60	1237.88	768.02	5.0910	5.7807
1393255078376	1291.21	785.98	1229.38	759.58	5.1114	5.8026
1393255086709	1285.24	770.35	1238.72	752.02	5.1221	5.7990
1393255095043	1289.29	761.23	1234.46	769.74	5.1195	5.7935
1393255103376	1285.70	772.70	1233.33	769.51	5.1181	5.7951
1393255111709	1281.29	772.16	1233.61	772.77	5.0974	5.8063
1393255120042	1283.43	783.63	1231.19	772.01	5.1115	5.8024
1393255128376	1282.35	777.38	1236.81	770.57	5.1051	5.8133
1393255136709	1285.53	773.73	1236.85	772.19	5.1056	5.8013
1393255145043	1278.22	763.51	1240.07	773.88	5.1009	5.8035
1393255153379	1282.06	751.85	1237.00	768.40	5.1022	5.8001
1393255161712	1279.67	756.80	1237.42	761.87	5.1066	5.8013
1393255170045	1284.03	771.87	1237.43	752.68	5.1275	5.8160
1393255178378	1283.03	784.65	1243.46	743.12	5.1170	5.8171
1393255186712	1283.23	785.65	1246.73	751.62	5.1246	5.8274
1393255195045	1279.26	778.64	1236.53	763.80	5.1239	5.8277
1393255203378	1285.31	779.65	1238.66	772.57	5.1317	5.8268
1393255211712	1281.36	772.03	1236.24	774.78	5.1298	5.8340
1393255220044	1303.62	827.35	1266.46	794.29	5.1337	5.8288
1393255228377	1377.64	889.65	1324.68	912.13	5.1486	5.8332
1393255236711	1359.87	973.88	1318.83	935.12	5.1579	5.8256
1393255245044	1343.52	1016.52	1315.25	992.52	5.1750	5.8315
1393255253377	1338.79	1071.46	1304.63	1047.06	5.1580	5.8303
1393255261711	1337.48	1045.71	1308.84	1061.54	5.1602	5.8196
1393255270044	1343.14	1031.66	1314.10	1048.29	5.1572	5.8232
1393255278377	1353.33	1053.86	1308.52	1050.27	5.1558	5.8307
1393255286716	1353.36	1070.53	1309.91	1048.46	5.1522	5.8386
1393255295048	1348.50	1085.31	1310.01	1049.69	5.1671	5.8302
1393255303381	1347.39	1082.37	1310.81	1051.27	5.1561	5.8302
1393255311715	1349.23	1080.61	1315.45	1054.44	5.1514	5.8331
1393255320048	1352.45	1078.03	1314.64	1054.05	5.1586	5.8530
1393255328381	1350.04	1081.63	1313.59	1052.43	5.1758	5.8536
1393255336715	1348.78	1083.27	1318.78	1056.13	5.1646	5.8467
1393255345048	1347.98	1083.72	1313.28	1061.65	5.1904	5.8537
1393255353381	1351.87	1073.36	1313.41	1068.35	5.1861	5.8617
1393255361715	1347.12	1066.80	1308.04	1071.54	5.1844	5.8519
1393255370047	1351.41	1059.34	1307.83	1062.28	5.1897	5.8617
1393255378380	1351.60	1075.58	1311.57	1054.75	5.1997	5.8657
1393255386714	1355.80	1081.65	1312.77	1057.96	5.1949	5.8670
1393255395047	1359.33	1087.11	1309.88	1059.04	5.1975	5.8811
1393255403381	1356.70	1087.50	1311.11	1061.20	5.1834	5.8750
1393255411714	1355.15	1089.45	1304.97	1059.08	5.1879	5.8757
1393255420051	1357.36	1084.68	1307.90	1059.02	5.1826	5.8857
1393255428384	1357.57	1082.84	1309.75	1062.54	5.2026	5.8835
1393255436717	1353.20	1093.84	1318.46	1093.20	5.2056	5.8861
1393255445050	1355.45	1181.02	1332.26	1175.60	5.2140	5.8921
1393255453383	1366.84	1333.44	1345.24	1310.87	5.2360	5.9172
1393255461717	1389.00	1414.90	1348.36	1370.38	5.2155	5.8908
1393255470050	1403.69	1430.57	1370.47	1418.19	5.2014	5.8998
1393255478383	1394.01	1444.75	1368.52	1398.34	5.2078	5.9008
1393255486717	1386.84	1413.10	1357.55	1366.60	5.2140	5.9020
1393255495050	1383.48	1436.40	1368.99	1388.34	5.2052	5.8908
1393255503383	1389.34	1464.90	1367.15	1404.74	5.2193	5.9127
1393255511716	1391.28	1458.08	1366.31	1437.81	5.2406	5.9154
1393255520049	1390.00	1445.32	1368.78	1452.79	5.2203	5.9118
1393255528382	1383.52	1431.89	1380.08	1421.13	5.2343	5.9103
1393255536716	1391.99	1449.18	1365.72	1403.79	5.2346	5.9254
1393255545049	1391.77	1457.24	1365.92	1432.55	5.2389	5.9342
1393255553387	1398.01	1451.47	1367.60	1446.69	5.2416	5.9311
1393255561721	1399.72	1440.40	1367.34	1428.84	5.2367	5.9266
1393255570054	1396.04	1441.80	1368.61	1423.53	5.2528	5.9426
1393255578387	1395.78	1435.40	1364.89	1413.57	5.2474	5.9611
1393255586720	1406.64	1420.68	1353.51	1418.98	5.2663	5.9597
1393255595053	1392.01	1396.82	1351.57	1476.94	5.3032	5.7935
1393255603386	1377.23	1548.74	1265.20	1589.93	4.8780	5.2789
1393255611720	NaN	NaN	NaN	NaN	NaN	NaN
1393255620054	NaN	NaN	NaN	NaN	NaN	NaN
1393255628386	NaN	NaN	NaN	NaN	NaN	NaN
1393255636720	NaN	NaN	NaN	NaN	NaN	NaN
1393255645053	NaN	NaN	NaN	NaN	NaN	NaN
1393255653386	NaN	NaN	NaN	NaN	NaN	NaN
1393255661719	NaN	NaN	NaN	NaN	NaN	NaN
1393255670052	NaN	NaN	NaN	NaN	NaN	NaN
1393255678389	NaN	NaN	NaN	NaN	NaN	NaN
1393255686722	NaN	NaN	NaN	NaN	NaN	NaN
1393255695055	NaN	NaN	NaN	NaN	NaN	NaN
1393255703388	NaN	NaN	NaN	NaN	NaN	NaN
1393255711722	NaN	NaN	NaN	NaN	NaN	NaN
1393255720055	NaN	NaN	NaN	NaN	NaN	NaN
1393255728388	1656.59	1242.48	792.94	1255.92	3.2876	3.7575
1393255736721	1600.21	1091.42	1121.68	1051.17	3.8026	4.6519
1393255745054	1359.82	935.19	1058.31	1042.39	4.7642	4.5832
1393255753388	1333.68	869.44	1081.45	962.86	5.0511	4.9626
1393255761721	1323.21	808.37	1290.55	897.83	5.1948	5.6037
1393255770054	1316.33	761.41	1246.82	828.47	5.3138	5.6550
1393255778387	1321.83	709.19	1271.43	804.17	5.3925	5.7658
1393255786720	1313.10	680.50	1309.90	746.99	5.4546	5.9507
1393255795054	1315.99	688.42	1307.12	715.16	5.4365	6.0083
1393255803386	1322.41	736.42	1301.58	689.06	5.3436	6.0683
1393255811724	1326.34	750.59	1300.90	686.56	5.3357	6.0978
1393255820057	1328.14	755.52	1301.96	677.55	5.3363	6.0991
1393255828390	1328.15	761.16	1302.54	658.51	5.3270	6.1566
1393255836724	1333.00	761.97	1297.20	715.29	5.3549	6.0189
1393255845057	1328.58	749.24	1294.85	706.45	5.3416	6.0195
1393255853391	1328.00	744.26	1292.62	713.02	5.3250	6.0335
1393255861724	1337.24	734.84	1285.27	728.67	5.3529	6.0126
1393255870056	1337.73	732.42	1293.32	729.63	5.3669	5.9715
1393255878390	1328.51	738.88	1286.58	733.15	5.3602	5.9955
1393255886722	1336.70	753.88	1288.89	726.31	5.3562	5.9913
1393255895056	1331.54	757.37	1288.78	736.85	5.3455	5.9830
1393255903390	1339.94	758.21	1286.37	737.89	5.3497	5.9935
1393255911723	1328.10	762.14	1292.88	736.22	5.3531	5.9856
1393255920056	1337.20	756.22	1288.66	736.45	5.3483	5.9922
1393255928390	1336.24	756.70	1288.41	737.46	5.3443	5.9871
1393255936722	1341.85	759.49	1281.63	742.77	5.3474	5.9909
1393255945062	1337.50	759.65	1282.43	740.18	5.3204	5.9768
1393255953395	1339.30	758.96	1290.33	744.05	5.3243	5.9745
1393255961729	1341.76	764.14	1292.96	742.77	5.3427	5.9576
1393255970062	1339.26	766.71	1289.95	748.70	5.3338	5.9718
1393255978395	1339.22	761.33	1289.13	744.54	5.3308	5.9475
1393255986729	1338.94	763.02	1281.20	742.23	5.3154	5.9540
1393255995062	1340.26	759.37	1288.98	740.08	5.3046	5.9586
1393256003395	1341.60	765.06	1289.95	737.99	5.3232	5.9528
1393256011729	1336.13	759.97	1290.29	743.97	5.3073	5.9509
1393256020061	1341.96	759.84	1294.05	737.72	5.3230	5.9355
1393256028394	1340.08	752.55	1298.51	741.51	5.3079	5.9098
1393256036727	1336.49	751.18	1297.31	748.58	5.3063	5.9294
1393256045061	1339.07	751.55	1287.46	743.94	5.2964	5.9280
1393256053394	1340.01	742.59	1288.89	743.69	5.3004	5.9256
1393256061727	1345.12	751.77	1281.81	739.80	5.3015	5.9075
1393256070061	1335.22	744.12	1283.57	740.81	5.2925	5.9019
1393256078398	1339.48	749.33	1285.75	738.64	5.2959	5.8988
1393256086729	1338.96	754.63	1281.73	738.50	5.2827	5.8870
1393256095063	1341.93	759.14	1288.66	737.33	5.2725	5.8960
1393256103396	1332.40	746.65	1286.90	729.27	5.2537	5.8710
1393256111729	1328.98	740.75	1286.04	723.06	5.2625	5.8732
1393256120063	1335.33	728.89	1286.92	727.00	5.2610	5.8737
1393256128396	1332.38	728.76	1282.35	731.75	5.2647	5.8760
1393256136729	1332.80	732.64	1286.28	735.94	5.2784	5.8987
1393256145063	1335.44	737.47	1290.01	728.37	5.2701	5.8602
1393256153396	1335.24	739.05	1291.19	730.27	5.2608	5.8643
1393256161729	1333.67	738.62	1284.51	734.45	5.2498	5.8615
1393256170062	1333.40	732.57	1293.22	725.43	5.2495	5.8641
1393256178395	1334.71	733.30	1285.85	731.90	5.2574	5.8645
1393256186728	1334.81	727.69	1287.65	730.97	5.2526	5.8606
1393256195062	1331.33	729.76	1285.72	733.18	5.2506	5.8596
1393256203400	1331.75	729.92	1284.67	729.88	5.2477	5.8632
1393256211734	1331.20	733.80	1281.94	722.01	5.2424	5.8629
1393256220067	1329.92	730.35	1280.77	728.78	5.2417	5.8500
1393256228400	1332.09	728.45	1283.67	728.54	5.2419	5.8757
1393256236733	1331.17	724.39	1277.71	737.21	5.2286	5.8775
1393256245065	1310.25	765.40	1252.43	755.26	5.2596	5.8495
1393256253399	1260.24	797.49	1206.78	791.30	5.2427	5.8672
1393256261733	1304.71	789.22	1258.51	786.48	5.2173	5.8538
1393256270066	1305.99	771.52	1263.64	774.96	5.2438	5.8455
1393256278399	1296.09	756.26	1246.66	768.39	5.2187	5.8523
1393256286732	1301.42	766.05	1238.03	776.17	5.2371	5.8614
1393256295066	1293.76	780.69	1246.12	772.02	5.2341	5.8446
1393256303398	1295.34	778.47	1235.03	781.37	5.2201	5.8593
1393256311732	1291.73	782.86	1245.92	777.16	5.2479	5.8471
1393256320065	1295.93	785.52	1241.08	780.29	5.2346	5.8633
1393256328398	1295.07	787.56	1243.41	775.70	5.2310	5.8595
1393256336736	1301.37	780.17	1238.19	776.10	5.2257	5.8641
1393256345070	1295.01	778.81	1237.95	779.76	5.2047	5.8746
1393256353403	1301.29	781.95	1243.75	775.38	5.2181	5.8695
1393256361737	1296.83	781.55	1243.98	781.40	5.2239	5.8766
1393256370069	1299.40	775.44	1244.91	775.17	5.2221	5.8661
1393256378402	1296.82	782.78	1240.74	779.81	5.2165	5.8702
1393256386735	1296.46	782.49	1247.86	768.99	5.2154	5.8832
1393256395069	1299.13	782.09	1235.22	781.64	5.2043	5.9041
1393256403402	1295.89	790.57	1243.02	778.74	5.1960	5.8511
1393256411735	1294.87	785.51	1236.81	788.14	5.2061	5.8800
1393256420068	1296.08	784.96	1243.95	791.68	5.2048	5.8807
1393256428402	1301.22	774.09	1240.12	794.39	5.2160	5.8925
1393256436736	1294.87	760.67	1249.97	783.80	5.2054	5.8700
1393256445069	1305.00	765.55	1246.62	776.22	5.1965	5.8811
1393256453401	1299.68	764.93	1248.00	775.49	5.2029	5.8864
1393256461735	1291.43	766.47	1257.03	769.50	5.1837	5.8753
1393256470074	1296.23	766.22	1255.66	777.04	5.1824	5.8807
1393256478407	1296.19	768.21	1248.43	774.23	5.1866	5.8789
1393256486740	1304.16	766.90	1254.01	773.61	5.2004	5.8812
1393256495074	1294.47	762.89	1252.45	775.60	5.1922	5.8876
1393256503407	1296.02	764.24	1245.87	773.43	5.1852	5.8743
1393256511741	1295.88	765.53	1245.40	775.48	5.1679	5.8535
1393256520073	1302.76	770.55	1248.67	780.58	5.1739	5.8809
1393256528406	1298.40	775.56	1243.67	784.65	5.1577	5.8748
1393256536740	1293.44	778.62	1250.79	780.71	5.1708	5.8660
1393256545073	1298.03	777.92	1244.88	783.78	5.1545	5.8632
1393256553406	1297.85	782.06	1241.42	789.45	5.1392	5.8792
1393256561739	1300.15	782.23	1244.01	782.03	5.1494	5.8524
1393256570073	1277.37	776.56	1228.59	767.48	5.1352	5.8422
1393256578406	1274.61	759.25	1222.99	758.15	5.1087	5.8483
1393256586739	1307.27	767.65	1253.89	762.68	5.1249	5.8373
1393256595074	1307.21	757.53	1263.46	752.58	5.1233	5.8110
1393256603408	1294.39	760.92	1256.70	758.57	5.1034	5.8242
1393256611741	1300.67	755.24	1250.67	755.41	5.1139	5.8137
1393256620075	1300.65	752.27	1255.35	754.34	5.1054	5.8063
1393256628408	1297.30	748.98	1258.11	749.01	5.0973	5.7941
1393256636741	1299.59	749.77	1257.59	747.23	5.0915	5.7946
1393256645075	1298.87	746.50	1261.68	746.83	5.0836	5.7936
1393256653408	1298.08	745.96	1259.51	751.70	5.0794	5.8032
1393256661742	1305.07	752.80	1257.69	750.83	5.0779	5.7973
1393256670074	1303.12	744.87	1263.86	752.40	5.0632	5.7820
1393256678407	1299.75	747.42	1262.22	756.35	5.0606	5.7784
1393256686740	1298.74	756.60	1266.05	752.49	5.0633	5.7738
1393256695074	1300.00	752.25	1262.94	755.04	5.0659	5.7772
1393256703407	1298.09	751.10	1265.82	755.81	5.0572	5.7798
1393256711740	1300.70	771.46	1258.25	756.79	5.0646	5.7536
1393256720073	1297.25	761.96	1266.78	759.81	5.0482	5.7550
1393256728413	1303.21	764.78	1269.46	755.31	5.0484	5.7427
1393256736745	1292.52	765.57	1267.23	760.04	5.0339	5.7547
1393256745079	1295.78	755.64	1265.39	758.77	5.0227	5.7558
1393256753412	1296.24	755.87	1267.16	759.69	5.0361	5.7516
1393256761745	1294.09	753.07	1272.58	757.80	5.0173	5.7484
1393256770078	1303.09	751.08	1268.48	753.29	5.0291	5.7405
1393256778411	1294.27	767.89	1266.27	758.81	5.0349	5.7614
1393256786745	1302.12	772.47	1264.49	766.18	5.0159	5.7324
1393256795079	1301.55	778.05	1264.50	773.43	5.0160	5.7334
1393256803411	1302.63	768.43	1259.04	767.56	5.0176	5.7426
1393256811744	1299.88	776.40	1261.97	771.62	5.0108	5.7197
1393256820077	1307.46	774.29	1265.53	768.05	5.0247	5.7288
1393256828411	1300.65	775.79	1268.14	761.44	5.0227	5.7254
1393256836744	1306.99	776.04	1264.67	760.33	5.0275	5.7333
1393256845077	1299.38	767.36	1259.15	752.22	5.0143	5.7468
1393256853410	1292.81	750.88	1262.09	751.31	5.0109	5.7276
1393256861748	1299.09	753.53	1265.04	757.91	5.0003	5.7190
1393256870082	1301.75	757.94	1266.26	764.67	5.0231	5.7293
1393256878414	1303.90	756.92	1259.58	763.11	5.0270	5.7378
1393256886747	1309.36	765.87	1262.56	767.19	5.0402	5.7426
1393256895080	1306.19	759.44	1255.90	753.99	5.0299	5.7297
1393256903413	1300.90	754.96	1260.95	756.62	5.0150	5.7336
1393256911747	1309.51	757.47	1257.08	759.87	5.0260	5.7439
1393256920081	1309.44	764.54	1254.23	749.57	5.0429	5.7201
1393256928413	1305.81	763.17	1257.34	757.20	5.0101	5.7402
1393256936747	1304.91	780.29	1254.92	759.00	5.0243	5.7327
1393256945080	1308.05	780.27	1255.04	764.69	5.0146	5.7332
1393256953412	1311.74	781.30	1259.42	765.10	5.0092	5.7281
1393256961746	1314.27	785.04	1256.84	769.75	5.0278	5.7452
1393256970079	1306.81	774.49	1251.53	766.26	5.0136	5.7360
1393256978413	1305.53	780.24	1254.08	765.15	5.0232	5.7441
1393256986746	1314.45	783.23	1250.21	759.00	5.0344	5.7577
1393256995084	1310.15	780.29	1251.33	757.28	5.0185	5.7580
1393257003418	1309.65	778.23	1248.65	756.84	5.0127	5.7488
1393257011751	1318.40	788.56	1247.44	755.85	5.0396	5.7641
1393257020084	1315.05	777.52	1249.88	748.44	5.0188	5.7540
1393257028414	1306.35	766.37	1240.74	752.93	5.0117	5.7609
1393257036748	1302.78	761.02	1243.59	750.97	5.0124	5.7706
1393257045084	1315.54	765.50	1247.70	749.39	5.0240	5.7676
1393257053416	1315.16	763.81	1246.47	753.47	5.0254	5.7773
1393257061750	1311.80	770.05	1247.41	759.81	5.0401	5.7842
1393257070083	1308.85	758.50	1249.75	746.05	5.0329	5.7853
1393257078416	1299.72	742.54	1231.27	741.82	5.0276	5.7830
1393257086750	1303.74	748.83	1246.73	742.52	5.0042	5.7771
1393257095083	1313.58	767.44	1247.06	750.33	5.0289	5.7982
1393257103416	1305.19	768.78	1240.27	759.85	4.9967	5.7784
1393257111749	1300.30	770.02	1247.19	765.96	5.0225	5.7643
1393257120086	1311.20	773.81	1236.17	765.63	5.0331	5.7867
1393257128420	1309.69	769.02	1234.88	767.30	5.0218	5.7734
1393257136753	1309.61	775.22	1239.58	758.02	5.0292	5.7784
1393257145087	1307.26	770.11	1243.00	763.58	5.0111	5.7774
1393257153420	1307.50	765.22	1237.03	762.00	5.0174	5.7999
1393257161753	1310.93	771.87	1245.92	755.61	5.0306	5.7816
1393257170086	1306.18	763.00	1246.58	747.70	5.0221	5.7738
1393257178419	1309.10	765.05	1237.06	750.25	5.0078	5.7832
1393257186752	1308.44	763.53	1240.21	749.84	5.0113	5.7951
1393257195085	1310.96	765.48	1238.40	748.01	5.0219	5.8010
1393257203418	1320.34	768.82	1241.51	745.37	5.0391	5.7968
1393257211752	1308.14	757.47	1243.44	743.48	5.0141	5.7872
1393257220085	1308.13	749.41	1244.60	747.40	5.0111	5.7972
1393257228419	1312.49	750.67	1244.13	763.46	5.0220	5.7731
1393257236752	1313.59	758.89	1248.72	776.07	5.0091	5.7693
1393257245084	1311.49	764.88	1244.05	779.17	5.0011	5.7722
1393257253423	1311.09	765.40	1245.10	774.88	5.0221	5.7680
1393257261756	1315.19	758.46	1241.92	773.93	5.0333	5.7875
1393257270089	1314.62	753.90	1242.00	765.57	5.0188	5.7697
1393257278423	1307.48	751.18	1241.46	759.25	5.0251	5.7950
1393257286756	1312.82	754.08	1238.10	758.01	5.0419	5.7954
1393257295089	1313.08	746.30	1240.46	756.52	5.0417	5.7954
1393257303423	1324.05	757.18	1238.77	756.11	5.0521	5.7963
1393257311755	1312.76	755.04	1235.29	762.19	5.0371	5.8121
1393257320088	1323.59	766.28	1236.02	765.59	5.0761	5.8029
1393257328422	1310.97	762.30	1235.31	762.48	5.0529	5.8093
1393257336755	1318.90	775.61	1233.99	764.58	5.0816	5.7917
1393257345088	1314.29	760.83	NaN	NaN	5.0550	NaN
1393257353422	1320.07	773.43	1239.04	763.20	5.0656	5.8093
1393257361755	1317.17	756.33	1241.25	757.54	5.0561	5.8109
1393257370088	1309.41	766.85	1237.43	756.27	5.0542	5.8113
1393257378422	1312.41	764.15	1243.90	752.41	5.0748	5.8203
1393257386759	1316.68	760.12	1240.72	753.91	5.0687	5.8106
1393257395092	1313.06	762.54	1239.79	755.12	5.0690	5.8091
1393257403426	1309.95	757.82	1250.38	750.84	5.0620	5.8074
1393257411759	1317.68	764.88	1247.04	746.05	5.0738	5.8088
1393257420092	1307.43	753.92	1249.97	747.06	5.0588	5.8093
1393257428426	1320.49	762.40	1246.78	747.22	5.0869	5.8214
1393257436759	1311.42	760.06	1249.86	750.29	5.0641	5.8059
1393257445092	1310.78	765.92	1244.56	754.23	5.0659	5.8051
1393257453426	1309.94	770.67	1243.58	765.28	5.0548	5.8182
1393257461758	1310.98	757.86	1245.88	770.75	5.0571	5.8139
1393257470091	1304.99	751.37	1241.22	766.82	5.0424	5.8010
1393257478425	1308.76	739.73	1243.10	771.84	5.0383	5.8025
1393257486758	1305.58	736.64	1249.93	769.75	5.0414	5.8038
1393257495091	1304.48	739.25	1250.04	763.86	5.0394	5.8022
1393257503425	1315.54	746.12	1246.03	767.16	5.0509	5.7990
1393257511761	1306.72	741.28	1251.23	773.51	5.0427	5.7901
1393257520094	1312.02	754.49	1241.55	771.59	5.0559	5.8149
1393257528427	1311.24	753.34	1244.75	771.36	5.0468	5.8031
1393257536760	1311.85	749.83	1248.23	772.07	5.0439	5.8076
1393257545093	1317.51	765.90	1242.42	767.10	5.0482	5.8143
1393257553427	1314.01	768.30	1241.97	763.42	5.0515	5.8026
1393257561760	1312.09	769.39	1237.80	775.85	5.0509	5.8233
1393257570093	1316.19	773.74	1242.82	760.11	5.0443	5.8145
1393257578426	1316.79	771.51	1244.63	761.74	5.0463	5.8048
1393257586760	1316.14	768.49	1242.38	762.66	5.0636	5.8216
1393257595093	1311.93	762.30	1243.75	765.88	5.0671	5.8139
1393257603425	1307.06	754.31	1245.34	762.78	5.0538	5.8105
1393257611759	1314.07	738.74	1240.99	767.58	5.0718	5.8131
1393257620092	1311.47	740.21	1243.32	754.98	5.0849	5.8208
1393257628425	1298.68	745.64	1240.82	749.35	5.0699	5.8300
1393257636759	1302.38	754.56	1243.17	747.98	5.0662	5.8327
1393257645096	1314.62	761.86	1246.26	744.34	5.0947	5.8285
1393257653430	1306.79	758.81	1244.09	748.26	5.0973	5.8465
1393257661763	1311.83	761.65	1253.10	738.98	5.0891	5.8560
1393257670096	1315.19	764.63	1245.67	744.51	5.1044	5.8341
1393257678429	1305.71	756.70	1248.73	742.55	5.0970	5.8595
1393257686762	1305.61	752.38	1245.54	743.83	5.0867	5.8639
1393257695095	1304.81	756.27	1246.26	739.61	5.1099	5.8413
1393257703428	1308.47	753.82	1244.84	740.90	5.1136	5.8579
1393257711762	1310.35	754.67	1246.28	743.87	5.1025	5.8682
1393257720095	1311.85	755.35	1247.31	741.81	5.1282	5.8552
1393257728428	1312.76	749.67	1242.45	751.51	5.1093	5.8760
1393257736762	1311.22	750.15	1242.13	743.22	5.1192	5.8593
1393257745094	1313.77	748.59	1247.51	741.51	5.1462	5.8416
1393257753427	1312.40	752.18	1241.23	738.41	5.1415	5.8624
1393257761761	1311.80	747.33	1246.70	739.26	5.1435	5.8827
1393257770094	1310.45	753.47	1248.45	736.10	5.1563	5.8767
1393257778434	1312.68	751.70	1247.62	743.68	5.1482	5.8825
1393257786768	1310.68	759.87	1243.78	748.64	5.1554	5.8860
1393257795101	1307.99	761.73	1246.07	754.07	5.1707	5.8857
1393257803434	1305.52	761.27	1244.42	758.51	5.1723	5.8916
1393257811768	1308.80	770.35	1245.07	762.38	5.1840	5.8731
1393257820100	1304.11	764.78	1241.33	754.20	5.1806	5.8841
1393257828434	1306.64	762.72	1245.00	756.34	5.1913	5.8780
1393257836767	1304.58	760.27	1236.28	753.60	5.1995	5.9091
1393257845100	1304.72	755.68	1248.29	757.87	5.2076	5.9131
1393257853433	1306.45	762.76	1241.08	752.00	5.2040	5.8933
1393257861767	1295.33	753.13	1237.48	755.33	5.2058	5.8979
1393257870100	1293.91	753.20	1234.60	749.09	5.2171	5.9025
1393257878433	1299.09	747.98	1241.99	750.70	5.2185	5.9158
1393257886767	1297.78	740.58	1238.16	741.30	5.2207	5.9126
1393257895099	1313.05	740.46	1241.62	749.02	5.2245	5.9120
1393257903432	1310.54	765.60	1252.22	686.02	5.2149	6.0117
1393257911770	1288.81	728.46	1261.73	802.57	5.2958	5.7915
1393257920103	1280.32	827.38	1241.30	948.99	5.0063	5.4063
1393257928436	1468.08	1024.79	NaN	NaN	4.0719	NaN
1393257936770	1628.67	1192.55	969.76	1336.00	3.2742	2.2389
1393257945103	1396.34	1382.30	NaN	NaN	2.3107	NaN
1393257953436	NaN	NaN	NaN	NaN	NaN	NaN
1393257961769	NaN	NaN	NaN	NaN	NaN	NaN
1393257970094	NaN	NaN	NaN	NaN	NaN	NaN
1393257978428	NaN	NaN	NaN	NaN	NaN	NaN
1393257986761	NaN	NaN	1722.54	575.24	NaN	1.9808
1393257995094	NaN	NaN	NaN	NaN	NaN	NaN
1393258003427	NaN	NaN	NaN	NaN	NaN	NaN
1393258011768	NaN	NaN	NaN	NaN	NaN	NaN
1393258020102	NaN	NaN	NaN	NaN	NaN	NaN
1393258028435	NaN	NaN	NaN	NaN	NaN	NaN
1393258036768	NaN	NaN	NaN	NaN	NaN	NaN
1393258045105	NaN	NaN	NaN	NaN	NaN	NaN
1393258053438	NaN	NaN	NaN	NaN	NaN	NaN
1393258061772	NaN	NaN	NaN	NaN	NaN	NaN
1393258070104	NaN	NaN	NaN	NaN	NaN	NaN
1393258078438	NaN	NaN	NaN	NaN	NaN	NaN
1393258086771	NaN	NaN	NaN	NaN	NaN	NaN
1393258095104	NaN	NaN	NaN	NaN	NaN	NaN
1393258103438	NaN	NaN	NaN	NaN	NaN	NaN
1393258111771	NaN	NaN	NaN	NaN	NaN	NaN
1393258120104	NaN	NaN	NaN	NaN	NaN	NaN
1393258128437	NaN	NaN	NaN	NaN	NaN	NaN
1393258136771	NaN	NaN	NaN	NaN	NaN	NaN
1393258145103	NaN	NaN	NaN	NaN	NaN	NaN
1393258153437	NaN	NaN	NaN	NaN	NaN	NaN
1393258161770	NaN	NaN	NaN	NaN	NaN	NaN
1393258170108	NaN	NaN	NaN	NaN	NaN	NaN
1393258178441	NaN	NaN	NaN	NaN	NaN	NaN
1393258186775	NaN	NaN	NaN	NaN	NaN	NaN
1393258195108	NaN	NaN	NaN	NaN	NaN	NaN
1393258203441	NaN	NaN	NaN	NaN	NaN	NaN
1393258211774	NaN	NaN	NaN	NaN	NaN	NaN
1393258220108	NaN	NaN	NaN	NaN	NaN	NaN
1393258228441	NaN	NaN	NaN	NaN	NaN	NaN
1393258236774	NaN	NaN	NaN	NaN	NaN	NaN
1393258245107	NaN	NaN	NaN	NaN	NaN	NaN
1393258253440	NaN	NaN	NaN	NaN	NaN	NaN
1393258261773	NaN	NaN	NaN	NaN	NaN	NaN
1393258270099	NaN	NaN	NaN	NaN	NaN	NaN
1393258278433	NaN	NaN	NaN	NaN	NaN	NaN
1393258286773	NaN	NaN	NaN	NaN	NaN	NaN
1393258295107	NaN	NaN	NaN	NaN	NaN	NaN
1393258303445	NaN	NaN	NaN	NaN	NaN	NaN
1393258311778	NaN	NaN	NaN	NaN	NaN	NaN
1393258320112	NaN	NaN	NaN	NaN	NaN	NaN
1393258328444	NaN	NaN	NaN	NaN	NaN	NaN
1393258336777	NaN	NaN	NaN	NaN	NaN	NaN
1393258345111	NaN	NaN	NaN	NaN	NaN	NaN
1393258353444	NaN	NaN	NaN	NaN	NaN	NaN
1393258361777	NaN	NaN	NaN	NaN	NaN	NaN
1393258370111	NaN	NaN	NaN	NaN	NaN	NaN
1393258378444	NaN	NaN	NaN	NaN	NaN	NaN
1393258386777	NaN	NaN	NaN	NaN	NaN	NaN
1393258395110	NaN	NaN	NaN	NaN	NaN	NaN
1393258403442	NaN	NaN	NaN	NaN	NaN	NaN
1393258411776	NaN	NaN	NaN	NaN	NaN	NaN
1393258420110	NaN	NaN	NaN	NaN	NaN	NaN
1393258428443	NaN	NaN	NaN	NaN	NaN	NaN
1393258436781	NaN	NaN	NaN	NaN	NaN	NaN
1393258445115	NaN	NaN	NaN	NaN	NaN	NaN
1393258453448	NaN	NaN	NaN	NaN	NaN	NaN
1393258461781	NaN	NaN	NaN	NaN	NaN	NaN
1393258470113	NaN	NaN	NaN	NaN	NaN	NaN
1393258478446	NaN	NaN	NaN	NaN	NaN	NaN
1393258486780	NaN	NaN	NaN	NaN	NaN	NaN
1393258495113	NaN	NaN	NaN	NaN	NaN	NaN
1393258503447	NaN	NaN	NaN	NaN	NaN	NaN
1393258511780	NaN	NaN	NaN	NaN	NaN	NaN
1393258520113	NaN	NaN	NaN	NaN	NaN	NaN
1393258528374	NaN	NaN	NaN	NaN	NaN	NaN
1393258536636	NaN	NaN	NaN	NaN	NaN	NaN
1393258544968	NaN	NaN	NaN	NaN	NaN	NaN
1393258553302	NaN	NaN	NaN	NaN	NaN	NaN
1393258561637	NaN	NaN	NaN	NaN	NaN	NaN
1393258569973	NaN	NaN	NaN	NaN	NaN	NaN
1393258578306	NaN	NaN	NaN	NaN	NaN	NaN
1393258586639	NaN	NaN	NaN	NaN	NaN	NaN
1393258594973	NaN	NaN	NaN	NaN	NaN	NaN
1393258603351	NaN	NaN	NaN	NaN	NaN	NaN
1393258611728	NaN	NaN	NaN	NaN	NaN	NaN
1393258620108	NaN	NaN	NaN	NaN	NaN	NaN
1393258628441	NaN	NaN	NaN	NaN	NaN	NaN
1393258636774	NaN	NaN	NaN	NaN	NaN	NaN
1393258645108	NaN	NaN	NaN	NaN	NaN	NaN
1393258653441	NaN	NaN	NaN	NaN	NaN	NaN
1393258661775	NaN	NaN	NaN	NaN	NaN	NaN
1393258670108	NaN	NaN	NaN	NaN	NaN	NaN
1393258678441	NaN	NaN	NaN	NaN	NaN	NaN
1393258686773	NaN	NaN	NaN	NaN	NaN	NaN
1393258695111	NaN	NaN	NaN	NaN	NaN	NaN
1393258703444	NaN	NaN	NaN	NaN	NaN	NaN
1393258711777	NaN	NaN	NaN	NaN	NaN	NaN
1393258720111	NaN	NaN	NaN	NaN	NaN	NaN
1393258728444	NaN	NaN	NaN	NaN	NaN	NaN
1393258736778	NaN	NaN	NaN	NaN	NaN	NaN
1393258745111	NaN	NaN	NaN	NaN	NaN	NaN
1393258753444	NaN	NaN	NaN	NaN	NaN	NaN
1393258761776	NaN	NaN	NaN	NaN	NaN	NaN
1393258770110	NaN	NaN	NaN	NaN	NaN	NaN
1393258778443	NaN	NaN	NaN	NaN	NaN	NaN
1393258786777	NaN	NaN	NaN	NaN	NaN	NaN
1393258795110	NaN	NaN	NaN	NaN	NaN	NaN
1393258803443	NaN	NaN	NaN	NaN	NaN	NaN
1393258811777	NaN	NaN	NaN	NaN	NaN	NaN
1393258820110	NaN	NaN	NaN	NaN	NaN	NaN
1393258828448	NaN	NaN	NaN	NaN	NaN	NaN
1393258836781	NaN	NaN	NaN	NaN	NaN	NaN
1393258845114	NaN	NaN	NaN	NaN	NaN	NaN
1393258853448	NaN	NaN	NaN	NaN	NaN	NaN
1393258861781	NaN	NaN	NaN	NaN	NaN	NaN
1393258870115	NaN	NaN	NaN	NaN	NaN	NaN
1393258878448	NaN	NaN	NaN	NaN	NaN	NaN
1393258886782	NaN	NaN	NaN	NaN	NaN	NaN
1393258895115	NaN	NaN	NaN	NaN	NaN	NaN
1393258903447	NaN	NaN	NaN	NaN	NaN	NaN
1393258911780	NaN	NaN	NaN	NaN	NaN	NaN
1393258920113	NaN	NaN	NaN	NaN	NaN	NaN
1393258928447	NaN	NaN	NaN	NaN	NaN	NaN
1393258936780	NaN	NaN	NaN	NaN	NaN	NaN
1393258945113	NaN	NaN	NaN	NaN	NaN	NaN
1393258953447	NaN	NaN	NaN	NaN	NaN	NaN
1393258961785	NaN	NaN	NaN	NaN	NaN	NaN
1393258970118	NaN	NaN	NaN	NaN	NaN	NaN
1393258978450	NaN	NaN	NaN	NaN	NaN	NaN
1393258986783	NaN	NaN	NaN	NaN	NaN	NaN
1393258995116	NaN	NaN	NaN	NaN	NaN	NaN
1393259003450	NaN	NaN	NaN	NaN	NaN	NaN
1393259011783	NaN	NaN	NaN	NaN	NaN	NaN
1393259020116	NaN	NaN	NaN	NaN	NaN	NaN
1393259028450	NaN	NaN	NaN	NaN	NaN	NaN
1393259036784	NaN	NaN	NaN	NaN	NaN	NaN
1393259045116	NaN	NaN	NaN	NaN	NaN	NaN
1393259053449	NaN	NaN	NaN	NaN	NaN	NaN
1393259061783	NaN	NaN	NaN	NaN	NaN	NaN
1393259070115	NaN	NaN	NaN	NaN	NaN	NaN
1393259078449	NaN	NaN	NaN	NaN	NaN	NaN
1393259086786	NaN	NaN	NaN	NaN	NaN	NaN
1393259095119	NaN	NaN	NaN	NaN	NaN	NaN
1393259103384	NaN	NaN	NaN	NaN	NaN	NaN
1393259111650	NaN	NaN	NaN	NaN	NaN	NaN
1393259119982	NaN	NaN	NaN	NaN	NaN	NaN
1393259128316	NaN	NaN	NaN	NaN	NaN	NaN
1393259136649	NaN	NaN	NaN	NaN	NaN	NaN
1393259144982	NaN	NaN	NaN	NaN	NaN	NaN
1393259153316	NaN	NaN	NaN	NaN	NaN	NaN
1393259161694	NaN	NaN	NaN	NaN	NaN	NaN
1393259170072	NaN	NaN	NaN	NaN	NaN	NaN
1393259178452	NaN	NaN	NaN	NaN	NaN	NaN
1393259186785	NaN	NaN	NaN	NaN	NaN	NaN
1393259195118	NaN	NaN	NaN	NaN	NaN	NaN
1393259203451	NaN	NaN	NaN	NaN	NaN	NaN
1393259211784	NaN	NaN	NaN	NaN	NaN	NaN
1393259220123	NaN	NaN	NaN	NaN	NaN	NaN
1393259228457	NaN	NaN	NaN	NaN	NaN	NaN
1393259236790	NaN	NaN	NaN	NaN	NaN	NaN
1393259245123	NaN	NaN	NaN	NaN	NaN	NaN
1393259253457	NaN	NaN	NaN	NaN	NaN	NaN
1393259261789	NaN	NaN	NaN	NaN	NaN	NaN
1393259270123	NaN	NaN	NaN	NaN	NaN	NaN
1393259278456	NaN	NaN	NaN	NaN	NaN	NaN
1393259286789	NaN	NaN	NaN	NaN	NaN	NaN
1393259295122	NaN	NaN	NaN	NaN	NaN	NaN
1393259303456	NaN	NaN	NaN	NaN	NaN	NaN
1393259311789	NaN	NaN	NaN	NaN	NaN	NaN
1393259320123	NaN	NaN	NaN	NaN	NaN	NaN
1393259328456	NaN	NaN	NaN	NaN	NaN	NaN
1393259336788	NaN	NaN	NaN	NaN	NaN	NaN
1393259345122	NaN	NaN	NaN	NaN	NaN	NaN
1393259353460	NaN	NaN	NaN	NaN	NaN	NaN
1393259361793	NaN	NaN	NaN	NaN	NaN	NaN
1393259370126	NaN	NaN	NaN	NaN	NaN	NaN
1393259378459	NaN	NaN	NaN	NaN	NaN	NaN
1393259386793	NaN	NaN	NaN	NaN	NaN	NaN
1393259395127	NaN	NaN	NaN	NaN	NaN	NaN
1393259403459	NaN	NaN	NaN	NaN	NaN	NaN
1393259411792	NaN	NaN	NaN	NaN	NaN	NaN
1393259420126	NaN	NaN	NaN	NaN	NaN	NaN
1393259428458	NaN	NaN	NaN	NaN	NaN	NaN
1393259436792	NaN	NaN	NaN	NaN	NaN	NaN
1393259445125	NaN	NaN	NaN	NaN	NaN	NaN
1393259453458	NaN	NaN	NaN	NaN	NaN	NaN
1393259461792	NaN	NaN	NaN	NaN	NaN	NaN
1393259470126	NaN	NaN	NaN	NaN	NaN	NaN
1393259478461	NaN	NaN	NaN	NaN	NaN	NaN
1393259486794	NaN	NaN	NaN	NaN	NaN	NaN
1393259495128	NaN	NaN	NaN	NaN	NaN	NaN
1393259503462	NaN	NaN	NaN	NaN	NaN	NaN
1393259511794	NaN	NaN	NaN	NaN	NaN	NaN
1393259520127	NaN	NaN	NaN	NaN	NaN	NaN
1393259528461	NaN	NaN	NaN	NaN	NaN	NaN
1393259536795	NaN	NaN	NaN	NaN	NaN	NaN
1393259545128	NaN	NaN	NaN	NaN	NaN	NaN
1393259553461	NaN	NaN	NaN	NaN	NaN	NaN
1393259561794	NaN	NaN	NaN	NaN	NaN	NaN
1393259570128	NaN	NaN	NaN	NaN	NaN	NaN
1393259578461	NaN	NaN	NaN	NaN	NaN	NaN
1393259586794	NaN	NaN	NaN	NaN	NaN	NaN
1393259595127	NaN	NaN	NaN	NaN	NaN	NaN
1393259603460	NaN	NaN	NaN	NaN	NaN	NaN
1393259611800	NaN	NaN	NaN	NaN	NaN	NaN
1393259620132	NaN	NaN	NaN	NaN	NaN	NaN
1393259628466	NaN	NaN	NaN	NaN	NaN	NaN
1393259636799	NaN	NaN	NaN	NaN	NaN	NaN
1393259645132	NaN	NaN	NaN	NaN	NaN	NaN
1393259653465	NaN	NaN	NaN	NaN	NaN	NaN
1393259661730	NaN	NaN	NaN	NaN	NaN	NaN
1393259669996	NaN	NaN	NaN	NaN	NaN	NaN
1393259678329	NaN	NaN	NaN	NaN	NaN	NaN
1393259686663	NaN	NaN	NaN	NaN	NaN	NaN
1393259694995	NaN	NaN	NaN	NaN	NaN	NaN
1393259703328	NaN	NaN	NaN	NaN	NaN	NaN
1393259711662	NaN	NaN	NaN	NaN	NaN	NaN
1393259720040	NaN	NaN	NaN	NaN	NaN	NaN
1393259728418	NaN	NaN	NaN	NaN	NaN	NaN
1393259736798	NaN	NaN	NaN	NaN	NaN	NaN
1393259745135	NaN	NaN	NaN	NaN	NaN	NaN
1393259753468	NaN	NaN	NaN	NaN	NaN	NaN
1393259761802	NaN	NaN	NaN	NaN	NaN	NaN
1393259770134	NaN	NaN	NaN	NaN	NaN	NaN
1393259778468	NaN	NaN	NaN	NaN	NaN	NaN
1393259786801	NaN	NaN	NaN	NaN	NaN	NaN
1393259795134	NaN	NaN	NaN	NaN	NaN	NaN
1393259803468	NaN	NaN	NaN	NaN	NaN	NaN
1393259811801	NaN	NaN	NaN	NaN	NaN	NaN
1393259820134	NaN	NaN	NaN	NaN	NaN	NaN
1393259828467	NaN	NaN	NaN	NaN	NaN	NaN
1393259836800	NaN	NaN	NaN	NaN	NaN	NaN
1393259845134	NaN	NaN	NaN	NaN	NaN	NaN
1393259853468	NaN	NaN	NaN	NaN	NaN	NaN
1393259861801	NaN	NaN	NaN	NaN	NaN	NaN
1393259870134	NaN	NaN	NaN	NaN	NaN	NaN
1393259878472	NaN	NaN	NaN	NaN	NaN	NaN
1393259886805	NaN	NaN	NaN	NaN	NaN	NaN
1393259895139	NaN	NaN	NaN	NaN	NaN	NaN
1393259903472	NaN	NaN	NaN	NaN	NaN	NaN
1393259911804	NaN	NaN	NaN	NaN	NaN	NaN
1393259920138	NaN	NaN	NaN	NaN	NaN	NaN
1393259928472	NaN	NaN	NaN	NaN	NaN	NaN
1393259936805	NaN	NaN	NaN	NaN	NaN	NaN
1393259945138	NaN	NaN	NaN	NaN	NaN	NaN
1393259953472	NaN	NaN	NaN	NaN	NaN	NaN
1393259961805	NaN	NaN	NaN	NaN	NaN	NaN
1393259970138	NaN	NaN	NaN	NaN	NaN	NaN
1393259978471	NaN	NaN	NaN	NaN	NaN	NaN
1393259986804	NaN	NaN	NaN	NaN	NaN	NaN
1393259995137	NaN	NaN	NaN	NaN	NaN	NaN
1393260003475	NaN	NaN	NaN	NaN	NaN	NaN
1393260011809	NaN	NaN	NaN	NaN	NaN	NaN
1393260020142	NaN	NaN	NaN	NaN	NaN	NaN
1393260028475	NaN	NaN	NaN	NaN	NaN	NaN
1393260036808	NaN	NaN	NaN	NaN	NaN	NaN
1393260045142	NaN	NaN	NaN	NaN	NaN	NaN
1393260053474	NaN	NaN	NaN	NaN	NaN	NaN
1393260061807	NaN	NaN	NaN	NaN	NaN	NaN
1393260070141	NaN	NaN	NaN	NaN	NaN	NaN
1393260078474	NaN	NaN	NaN	NaN	NaN	NaN
1393260086807	NaN	NaN	NaN	NaN	NaN	NaN
1393260095141	NaN	NaN	NaN	NaN	NaN	NaN
1393260103474	NaN	NaN	NaN	NaN	NaN	NaN
1393260111808	NaN	NaN	NaN	NaN	NaN	NaN
1393260120141	NaN	NaN	NaN	NaN	NaN	NaN
1393260128473	NaN	NaN	NaN	NaN	NaN	NaN
1393260136814	NaN	NaN	NaN	NaN	NaN	NaN
1393260145147	NaN	NaN	NaN	NaN	NaN	NaN
1393260153480	NaN	NaN	NaN	NaN	NaN	NaN
1393260161813	NaN	NaN	NaN	NaN	NaN	NaN
1393260170148	NaN	NaN	NaN	NaN	NaN	NaN
1393260178480	NaN	NaN	NaN	NaN	NaN	NaN
1393260186813	NaN	NaN	NaN	NaN	NaN	NaN
1393260195146	NaN	NaN	NaN	NaN	NaN	NaN
1393260203344	NaN	NaN	NaN	NaN	NaN	NaN
1393260211677	NaN	NaN	NaN	NaN	NaN	NaN
1393260220011	NaN	NaN	NaN	NaN	NaN	NaN
1393260228344	NaN	NaN	NaN	NaN	NaN	NaN
1393260236677	NaN	NaN	NaN	NaN	NaN	NaN
1393260245010	NaN	NaN	NaN	NaN	NaN	NaN
1393260253343	NaN	NaN	NaN	NaN	NaN	NaN
1393260261677	NaN	NaN	NaN	NaN	NaN	NaN
1393260270009	NaN	NaN	NaN	NaN	NaN	NaN
1393260278342	NaN	NaN	NaN	NaN	NaN	NaN
1393260286676	NaN	NaN	NaN	NaN	NaN	NaN
1393260295009	NaN	NaN	NaN	NaN	NaN	NaN
1393260303345	NaN	NaN	NaN	NaN	NaN	NaN
1393260311678	NaN	NaN	NaN	NaN	NaN	NaN
1393260320148	NaN	NaN	NaN	NaN	NaN	NaN
1393260328481	NaN	NaN	NaN	NaN	NaN	NaN
1393260336814	NaN	NaN	NaN	NaN	NaN	NaN
1393260345146	NaN	NaN	NaN	NaN	NaN	NaN
1393260353480	NaN	NaN	NaN	NaN	NaN	NaN
1393260361813	NaN	NaN	NaN	NaN	NaN	NaN
1393260370147	NaN	NaN	NaN	NaN	NaN	NaN
1393260378480	NaN	NaN	NaN	NaN	NaN	NaN
1393260386814	NaN	NaN	NaN	NaN	NaN	NaN
1393260395150	NaN	NaN	NaN	NaN	NaN	NaN
1393260403483	NaN	NaN	NaN	NaN	NaN	NaN
1393260411817	NaN	NaN	NaN	NaN	NaN	NaN
1393260420149	NaN	NaN	NaN	NaN	NaN	NaN
1393260428482	NaN	NaN	NaN	NaN	NaN	NaN
1393260436815	NaN	NaN	NaN	NaN	NaN	NaN
1393260445148	NaN	NaN	NaN	NaN	NaN	NaN
1393260453482	NaN	NaN	NaN	NaN	NaN	NaN
1393260461816	NaN	NaN	NaN	NaN	NaN	NaN
1393260470148	NaN	NaN	NaN	NaN	NaN	NaN
1393260478481	NaN	NaN	NaN	NaN	NaN	NaN
1393260486815	NaN	NaN	NaN	NaN	NaN	NaN
1393260495148	NaN	NaN	NaN	NaN	NaN	NaN
1393260503482	NaN	NaN	NaN	NaN	NaN	NaN
1393260511815	NaN	NaN	NaN	NaN	NaN	NaN
1393260520148	NaN	NaN	NaN	NaN	NaN	NaN
1393260528486	NaN	NaN	NaN	NaN	NaN	NaN
1393260536819	NaN	NaN	NaN	NaN	NaN	NaN
1393260545151	NaN	NaN	NaN	NaN	NaN	NaN
1393260553484	NaN	NaN	NaN	NaN	NaN	NaN
1393260561817	NaN	NaN	NaN	NaN	NaN	NaN
1393260570151	NaN	NaN	NaN	NaN	NaN	NaN
1393260578484	NaN	NaN	NaN	NaN	NaN	NaN
1393260586817	NaN	NaN	NaN	NaN	NaN	NaN
1393260595150	NaN	NaN	NaN	NaN	NaN	NaN
1393260603484	NaN	NaN	NaN	NaN	NaN	NaN
1393260611818	NaN	NaN	NaN	NaN	NaN	NaN
1393260620151	NaN	NaN	NaN	NaN	NaN	NaN
1393260628484	NaN	NaN	NaN	NaN	NaN	NaN
1393260636816	NaN	NaN	NaN	NaN	NaN	NaN
1393260645149	NaN	NaN	NaN	NaN	NaN	NaN
1393260653484	NaN	NaN	NaN	NaN	NaN	NaN
1393260661823	NaN	NaN	NaN	NaN	NaN	NaN
1393260670156	NaN	NaN	NaN	NaN	NaN	NaN
1393260678490	NaN	NaN	NaN	NaN	NaN	NaN
1393260686823	NaN	NaN	NaN	NaN	NaN	NaN
1393260695156	NaN	NaN	NaN	NaN	NaN	NaN
1393260703489	NaN	NaN	NaN	NaN	NaN	NaN
1393260711821	NaN	NaN	NaN	NaN	NaN	NaN
1393260720155	NaN	NaN	NaN	NaN	NaN	NaN
1393260728489	NaN	NaN	NaN	NaN	NaN	NaN
1393260736822	NaN	NaN	NaN	NaN	NaN	NaN
1393260745155	NaN	NaN	NaN	NaN	NaN	NaN
1393260753489	NaN	NaN	NaN	NaN	NaN	NaN
1393260761822	NaN	NaN	NaN	NaN	NaN	NaN
1393260770154	NaN	NaN	NaN	NaN	NaN	NaN
1393260778487	NaN	NaN	NaN	NaN	NaN	NaN
1393260786820	NaN	NaN	NaN	NaN	NaN	NaN
1393260795110	NaN	NaN	NaN	NaN	NaN	NaN
1393260803400	NaN	NaN	NaN	NaN	NaN	NaN
1393260811690	NaN	NaN	NaN	NaN	NaN	NaN
1393260820023	NaN	NaN	NaN	NaN	NaN	NaN
1393260828357	NaN	NaN	NaN	NaN	NaN	NaN
1393260836690	NaN	NaN	NaN	NaN	NaN	NaN
1393260845023	NaN	NaN	NaN	NaN	NaN	NaN
1393260853390	NaN	NaN	NaN	NaN	NaN	NaN
1393260861757	NaN	NaN	NaN	NaN	NaN	NaN
1393260870124	NaN	NaN	NaN	NaN	NaN	NaN
1393260878492	NaN	NaN	NaN	NaN	NaN	NaN
1393260886826	NaN	NaN	NaN	NaN	NaN	NaN
1393260895159	NaN	NaN	NaN	NaN	NaN	NaN
1393260903493	NaN	NaN	NaN	NaN	NaN	NaN
1393260911825	NaN	NaN	NaN	NaN	NaN	NaN
1393260920159	NaN	NaN	NaN	NaN	NaN	NaN
1393260928497	NaN	NaN	NaN	NaN	NaN	NaN
1393260936830	NaN	NaN	NaN	NaN	NaN	NaN
1393260945163	NaN	NaN	NaN	NaN	NaN	NaN
1393260953497	NaN	NaN	NaN	NaN	NaN	NaN
1393260961830	NaN	NaN	NaN	NaN	NaN	NaN
1393260970163	NaN	NaN	NaN	NaN	NaN	NaN
1393260978497	NaN	NaN	NaN	NaN	NaN	NaN
1393260986830	NaN	NaN	NaN	NaN	NaN	NaN
1393260995163	NaN	NaN	NaN	NaN	NaN	NaN
1393261003496	NaN	NaN	NaN	NaN	NaN	NaN
1393261011829	NaN	NaN	NaN	NaN	NaN	NaN
1393261020162	NaN	NaN	NaN	NaN	NaN	NaN
1393261028495	NaN	NaN	NaN	NaN	NaN	NaN
1393261036829	NaN	NaN	NaN	NaN	NaN	NaN
1393261045163	NaN	NaN	NaN	NaN	NaN	NaN
1393261053501	NaN	NaN	NaN	NaN	NaN	NaN
1393261061834	NaN	NaN	NaN	NaN	NaN	NaN
1393261070167	NaN	NaN	NaN	NaN	NaN	NaN
1393261078499	NaN	NaN	NaN	NaN	NaN	NaN
1393261086833	NaN	NaN	NaN	NaN	NaN	NaN
1393261095166	NaN	NaN	NaN	NaN	NaN	NaN
1393261103499	NaN	NaN	NaN	NaN	NaN	NaN
1393261111833	NaN	NaN	NaN	NaN	NaN	NaN
1393261120166	NaN	NaN	NaN	NaN	NaN	NaN
1393261128500	NaN	NaN	NaN	NaN	NaN	NaN
1393261136832	NaN	NaN	NaN	NaN	NaN	NaN
1393261145166	NaN	NaN	NaN	NaN	NaN	NaN
1393261153499	NaN	NaN	NaN	NaN	NaN	NaN
1393261161832	NaN	NaN	NaN	NaN	NaN	NaN
1393261170166	NaN	NaN	NaN	NaN	NaN	NaN
1393261178499	NaN	NaN	NaN	NaN	NaN	NaN
1393261186837	NaN	NaN	NaN	NaN	NaN	NaN
1393261195170	NaN	NaN	NaN	NaN	NaN	NaN
1393261203503	NaN	NaN	NaN	NaN	NaN	NaN
1393261211836	NaN	NaN	NaN	NaN	NaN	NaN
1393261220169	NaN	NaN	NaN	NaN	NaN	NaN
1393261228503	NaN	NaN	NaN	NaN	NaN	NaN
1393261236836	NaN	NaN	NaN	NaN	NaN	NaN
1393261245169	NaN	NaN	NaN	NaN	NaN	NaN
1393261253502	NaN	NaN	NaN	NaN	NaN	NaN
1393261261836	NaN	NaN	NaN	NaN	NaN	NaN
1393261270169	NaN	NaN	NaN	NaN	NaN	NaN
1393261278502	NaN	NaN	NaN	NaN	NaN	NaN
1393261286835	NaN	NaN	NaN	NaN	NaN	NaN
1393261295168	NaN	NaN	NaN	NaN	NaN	NaN
1393261303502	NaN	NaN	NaN	NaN	NaN	NaN
1393261311835	NaN	NaN	NaN	NaN	NaN	NaN
1393261320173	NaN	NaN	NaN	NaN	NaN	NaN
1393261328506	NaN	NaN	NaN	NaN	NaN	NaN
1393261336839	NaN	NaN	NaN	NaN	NaN	NaN
1393261345173	NaN	NaN	NaN	NaN	NaN	NaN
1393261353505	NaN	NaN	NaN	NaN	NaN	NaN
1393261361770	NaN	NaN	NaN	NaN	NaN	NaN
1393261370036	NaN	NaN	NaN	NaN	NaN	NaN
1393261378369	NaN	NaN	NaN	NaN	NaN	NaN
1393261386703	NaN	NaN	NaN	NaN	NaN	NaN
1393261395036	NaN	NaN	NaN	NaN	NaN	NaN
1393261403369	NaN	NaN	NaN	NaN	NaN	NaN
1393261411702	NaN	NaN	NaN	NaN	NaN	NaN
1393261420036	NaN	NaN	NaN	NaN	NaN	NaN
1393261428368	NaN	NaN	NaN	NaN	NaN	NaN
1393261436701	NaN	NaN	NaN	NaN	NaN	NaN
1393261445035	NaN	NaN	NaN	NaN	NaN	NaN
1393261453372	NaN	NaN	NaN	NaN	NaN	NaN
1393261461739	NaN	NaN	NaN	NaN	NaN	NaN
1393261470106	NaN	NaN	NaN	NaN	NaN	NaN
1393261478473	NaN	NaN	NaN	NaN	NaN	NaN
1393261486842	NaN	NaN	NaN	NaN	NaN	NaN
1393261495175	NaN	NaN	NaN	NaN	NaN	NaN
1393261503509	NaN	NaN	NaN	NaN	NaN	NaN
1393261511842	NaN	NaN	NaN	NaN	NaN	NaN
1393261520175	NaN	NaN	NaN	NaN	NaN	NaN
1393261528508	NaN	NaN	NaN	NaN	NaN	NaN
1393261536841	NaN	NaN	NaN	NaN	NaN	NaN
1393261545175	NaN	NaN	NaN	NaN	NaN	NaN
1393261553509	NaN	NaN	NaN	NaN	NaN	NaN
1393261561842	NaN	NaN	NaN	NaN	NaN	NaN
1393261570174	NaN	NaN	NaN	NaN	NaN	NaN
1393261578511	NaN	NaN	NaN	NaN	NaN	NaN
1393261586844	NaN	NaN	NaN	NaN	NaN	NaN
1393261595178	NaN	NaN	NaN	NaN	NaN	NaN
1393261603511	NaN	NaN	NaN	NaN	NaN	NaN
1393261611845	NaN	NaN	NaN	NaN	NaN	NaN
1393261620178	NaN	NaN	NaN	NaN	NaN	NaN
1393261628511	NaN	NaN	NaN	NaN	NaN	NaN
1393261636845	NaN	NaN	NaN	NaN	NaN	NaN
1393261645177	NaN	NaN	NaN	NaN	NaN	NaN
1393261653510	NaN	NaN	NaN	NaN	NaN	NaN
1393261661843	NaN	NaN	NaN	NaN	NaN	NaN
1393261670177	NaN	NaN	NaN	NaN	NaN	NaN
1393261678511	NaN	NaN	NaN	NaN	NaN	NaN
1393261686844	NaN	NaN	NaN	NaN	NaN	NaN
1393261695177	NaN	NaN	NaN	NaN	NaN	NaN
1393261703510	NaN	NaN	NaN	NaN	NaN	NaN
1393261711850	NaN	NaN	NaN	NaN	NaN	NaN
1393261720182	NaN	NaN	NaN	NaN	NaN	NaN
1393261728515	NaN	NaN	NaN	NaN	NaN	NaN
1393261736848	NaN	NaN	NaN	NaN	NaN	NaN
1393261745182	NaN	NaN	NaN	NaN	NaN	NaN
1393261753515	NaN	NaN	NaN	NaN	NaN	NaN
1393261761849	NaN	NaN	NaN	NaN	NaN	NaN
1393261770182	NaN	NaN	NaN	NaN	NaN	NaN
1393261778515	NaN	NaN	NaN	NaN	NaN	NaN
1393261786849	NaN	NaN	NaN	NaN	NaN	NaN
1393261795181	NaN	NaN	NaN	NaN	NaN	NaN
1393261803514	NaN	NaN	NaN	NaN	NaN	NaN
1393261811847	NaN	NaN	NaN	NaN	NaN	NaN
1393261820181	NaN	NaN	NaN	NaN	NaN	NaN
1393261828514	NaN	NaN	NaN	NaN	NaN	NaN
1393261836852	NaN	NaN	NaN	NaN	NaN	NaN
1393261845185	NaN	NaN	NaN	NaN	NaN	NaN
1393261853518	NaN	NaN	NaN	NaN	NaN	NaN
1393261861851	NaN	NaN	NaN	NaN	NaN	NaN
1393261870184	NaN	NaN	NaN	NaN	NaN	NaN
1393261878517	NaN	NaN	NaN	NaN	NaN	NaN
1393261886850	NaN	NaN	NaN	NaN	NaN	NaN
1393261895183	NaN	NaN	NaN	NaN	NaN	NaN
1393261903517	NaN	NaN	NaN	NaN	NaN	NaN
1393261911850	NaN	NaN	NaN	NaN	NaN	NaN
1393261920184	NaN	NaN	NaN	NaN	NaN	NaN
1393261928516	NaN	NaN	NaN	NaN	NaN	NaN
1393261936804	NaN	NaN	NaN	NaN	NaN	NaN
1393261945092	NaN	NaN	NaN	NaN	NaN	NaN
1393261953380	NaN	NaN	NaN	NaN	NaN	NaN
1393261961716	NaN	NaN	NaN	NaN	NaN	NaN
1393261970053	NaN	NaN	NaN	NaN	NaN	NaN
1393261978386	NaN	NaN	NaN	NaN	NaN	NaN
1393261986719	NaN	NaN	NaN	NaN	NaN	NaN
1393261995052	NaN	NaN	NaN	NaN	NaN	NaN
1393262003386	NaN	NaN	NaN	NaN	NaN	NaN
1393262011718	NaN	NaN	NaN	NaN	NaN	NaN
1393262020052	NaN	NaN	NaN	NaN	NaN	NaN
1393262028385	NaN	NaN	NaN	NaN	NaN	NaN
1393262036718	NaN	NaN	NaN	NaN	NaN	NaN
1393262045051	NaN	NaN	NaN	NaN	NaN	NaN
1393262053385	NaN	NaN	NaN	NaN	NaN	NaN
1393262061718	NaN	NaN	NaN	NaN	NaN	NaN
1393262070052	NaN	NaN	NaN	NaN	NaN	NaN
1393262078385	NaN	NaN	NaN	NaN	NaN	NaN
1393262086717	NaN	NaN	NaN	NaN	NaN	NaN
1393262095052	NaN	NaN	NaN	NaN	NaN	NaN
1393262103388	NaN	NaN	NaN	NaN	NaN	NaN
1393262111721	NaN	NaN	NaN	NaN	NaN	NaN
1393262120055	NaN	NaN	NaN	NaN	NaN	NaN
1393262128388	NaN	NaN	NaN	NaN	NaN	NaN
1393262136721	NaN	NaN	NaN	NaN	NaN	NaN
1393262145054	NaN	NaN	NaN	NaN	NaN	NaN
1393262153388	NaN	NaN	NaN	NaN	NaN	NaN
1393262161720	NaN	NaN	NaN	NaN	NaN	NaN
1393262170055	NaN	NaN	NaN	NaN	NaN	NaN
1393262178388	NaN	NaN	NaN	NaN	NaN	NaN
1393262186721	NaN	NaN	NaN	NaN	NaN	NaN
1393262195054	NaN	NaN	NaN	NaN	NaN	NaN
1393262203388	NaN	NaN	NaN	NaN	NaN	NaN
1393262211721	NaN	NaN	NaN	NaN	NaN	NaN
1393262220054	NaN	NaN	NaN	NaN	NaN	NaN
1393262228389	NaN	NaN	NaN	NaN	NaN	NaN
1393262236725	NaN	NaN	NaN	NaN	NaN	NaN
1393262245058	NaN	NaN	NaN	NaN	NaN	NaN
1393262253392	NaN	NaN	NaN	NaN	NaN	NaN
1393262261725	NaN	NaN	NaN	NaN	NaN	NaN
1393262270058	NaN	NaN	NaN	NaN	NaN	NaN
1393262278391	NaN	NaN	NaN	NaN	NaN	NaN
1393262286725	NaN	NaN	NaN	NaN	NaN	NaN
1393262295058	NaN	NaN	NaN	NaN	NaN	NaN
1393262303392	NaN	NaN	NaN	NaN	NaN	NaN
1393262311724	NaN	NaN	NaN	NaN	NaN	NaN
1393262320057	NaN	NaN	NaN	NaN	NaN	NaN
1393262328390	NaN	NaN	NaN	NaN	NaN	NaN
1393262336724	NaN	NaN	NaN	NaN	NaN	NaN
1393262345057	NaN	NaN	NaN	NaN	NaN	NaN
1393262353391	NaN	NaN	NaN	NaN	NaN	NaN
1393262361726	NaN	NaN	NaN	NaN	NaN	NaN
1393262370062	NaN	NaN	NaN	NaN	NaN	NaN
1393262378394	NaN	NaN	NaN	NaN	NaN	NaN
1393262386728	NaN	NaN	NaN	NaN	NaN	NaN
1393262395061	NaN	NaN	NaN	NaN	NaN	NaN
1393262403395	NaN	NaN	NaN	NaN	NaN	NaN
1393262411728	NaN	NaN	NaN	NaN	NaN	NaN
1393262420061	NaN	NaN	NaN	NaN	NaN	NaN
1393262428394	NaN	NaN	NaN	NaN	NaN	NaN
1393262436727	NaN	NaN	NaN	NaN	NaN	NaN
1393262445061	NaN	NaN	NaN	NaN	NaN	NaN
1393262453439	NaN	NaN	NaN	NaN	NaN	NaN
1393262461818	NaN	NaN	NaN	NaN	NaN	NaN
1393262470197	NaN	NaN	NaN	NaN	NaN	NaN
1393262478530	NaN	NaN	NaN	NaN	NaN	NaN
1393262486863	NaN	NaN	NaN	NaN	NaN	NaN
1393262495197	NaN	NaN	NaN	NaN	NaN	NaN
1393262503535	NaN	NaN	NaN	NaN	NaN	NaN
1393262511867	NaN	NaN	NaN	NaN	NaN	NaN
1393262520200	NaN	NaN	NaN	NaN	NaN	NaN
1393262528533	NaN	NaN	NaN	NaN	NaN	NaN
1393262536867	NaN	NaN	NaN	NaN	NaN	NaN
1393262545201	NaN	NaN	NaN	NaN	NaN	NaN
1393262553534	NaN	NaN	NaN	NaN	NaN	NaN
1393262561867	NaN	NaN	NaN	NaN	NaN	NaN
1393262570201	NaN	NaN	NaN	NaN	NaN	NaN
1393262578532	NaN	NaN	NaN	NaN	NaN	NaN
1393262586866	NaN	NaN	NaN	NaN	NaN	NaN
1393262595199	NaN	NaN	NaN	NaN	NaN	NaN
1393262603532	NaN	NaN	NaN	NaN	NaN	NaN
1393262611866	NaN	NaN	NaN	NaN	NaN	NaN
1393262620200	NaN	NaN	NaN	NaN	NaN	NaN
1393262628537	NaN	NaN	NaN	NaN	NaN	NaN
1393262636870	NaN	NaN	NaN	NaN	NaN	NaN
1393262645203	NaN	NaN	NaN	NaN	NaN	NaN
1393262653536	NaN	NaN	NaN	NaN	NaN	NaN
1393262661870	NaN	NaN	NaN	NaN	NaN	NaN
1393262670203	NaN	NaN	NaN	NaN	NaN	NaN
1393262678536	NaN	NaN	NaN	NaN	NaN	NaN
1393262686869	NaN	NaN	NaN	NaN	NaN	NaN
1393262695203	NaN	NaN	NaN	NaN	NaN	NaN
1393262703536	NaN	NaN	NaN	NaN	NaN	NaN
1393262711869	NaN	NaN	NaN	NaN	NaN	NaN
1393262720202	NaN	NaN	NaN	NaN	NaN	NaN
1393262728535	NaN	NaN	NaN	NaN	NaN	NaN
1393262736869	NaN	NaN	NaN	NaN	NaN	NaN
1393262745201	NaN	NaN	NaN	NaN	NaN	NaN
1393262753535	NaN	NaN	NaN	NaN	NaN	NaN
1393262761874	NaN	NaN	NaN	NaN	NaN	NaN
1393262770207	NaN	NaN	NaN	NaN	NaN	NaN
1393262778541	NaN	NaN	NaN	NaN	NaN	NaN
1393262786874	NaN	NaN	NaN	NaN	NaN	NaN
1393262795207	NaN	NaN	NaN	NaN	NaN	NaN
1393262803540	NaN	NaN	NaN	NaN	NaN	NaN
1393262811874	NaN	NaN	NaN	NaN	NaN	NaN
1393262820207	NaN	NaN	NaN	NaN	NaN	NaN
1393262828540	NaN	NaN	NaN	NaN	NaN	NaN
1393262836874	NaN	NaN	NaN	NaN	NaN	NaN
1393262845207	NaN	NaN	NaN	NaN	NaN	NaN
1393262853540	NaN	NaN	NaN	NaN	NaN	NaN
1393262861874	NaN	NaN	NaN	NaN	NaN	NaN
1393262870206	NaN	NaN	NaN	NaN	NaN	NaN
1393262878539	NaN	NaN	NaN	NaN	NaN	NaN
1393262886876	NaN	NaN	NaN	NaN	NaN	NaN
1393262895209	NaN	NaN	NaN	NaN	NaN	NaN
1393262903543	NaN	NaN	NaN	NaN	NaN	NaN
1393262911876	NaN	NaN	NaN	NaN	NaN	NaN
1393262920209	NaN	NaN	NaN	NaN	NaN	NaN
1393262928542	NaN	NaN	NaN	NaN	NaN	NaN
1393262936875	NaN	NaN	NaN	NaN	NaN	NaN
1393262945140	NaN	NaN	NaN	NaN	NaN	NaN
1393262953406	NaN	NaN	NaN	NaN	NaN	NaN
1393262961739	NaN	NaN	NaN	NaN	NaN	NaN
1393262970072	NaN	NaN	NaN	NaN	NaN	NaN
1393262978405	NaN	NaN	NaN	NaN	NaN	NaN
1393262986738	NaN	NaN	NaN	NaN	NaN	NaN
1393262995072	NaN	NaN	NaN	NaN	NaN	NaN
1393263003454	NaN	NaN	NaN	NaN	NaN	NaN
1393263011836	NaN	NaN	NaN	NaN	NaN	NaN
1393263020219	NaN	NaN	NaN	NaN	NaN	NaN
1393263028553	NaN	NaN	NaN	NaN	NaN	NaN
1393263036886	NaN	NaN	NaN	NaN	NaN	NaN
1393263045218	NaN	NaN	NaN	NaN	NaN	NaN
1393263053552	NaN	NaN	NaN	NaN	NaN	NaN
1393263061885	NaN	NaN	NaN	NaN	NaN	NaN
1393263070219	NaN	NaN	NaN	NaN	NaN	NaN
1393263078552	NaN	NaN	NaN	NaN	NaN	NaN
1393263086885	NaN	NaN	NaN	NaN	NaN	NaN
1393263095219	NaN	NaN	NaN	NaN	NaN	NaN
1393263103552	NaN	NaN	NaN	NaN	NaN	NaN
1393263111885	NaN	NaN	NaN	NaN	NaN	NaN
1393263120217	NaN	NaN	NaN	NaN	NaN	NaN
1393263128551	NaN	NaN	NaN	NaN	NaN	NaN
1393263136884	NaN	NaN	NaN	NaN	NaN	NaN
1393263145218	NaN	NaN	NaN	NaN	NaN	NaN
1393263153557	NaN	NaN	NaN	NaN	NaN	NaN
1393263161891	NaN	NaN	NaN	NaN	NaN	NaN
1393263170224	NaN	NaN	NaN	NaN	NaN	NaN
1393263178557	NaN	NaN	NaN	NaN	NaN	NaN
1393263186890	NaN	NaN	NaN	NaN	NaN	NaN
1393263195224	NaN	NaN	NaN	NaN	NaN	NaN
1393263203557	NaN	NaN	NaN	NaN	NaN	NaN
1393263211890	NaN	NaN	NaN	NaN	NaN	NaN
1393263220223	NaN	NaN	NaN	NaN	NaN	NaN
1393263228556	NaN	NaN	NaN	NaN	NaN	NaN
1393263236890	NaN	NaN	NaN	NaN	NaN	NaN
1393263245224	NaN	NaN	NaN	NaN	NaN	NaN
1393263253556	NaN	NaN	NaN	NaN	NaN	NaN
1393263261889	NaN	NaN	NaN	NaN	NaN	NaN
1393263270222	NaN	NaN	NaN	NaN	NaN	NaN
1393263278555	NaN	NaN	NaN	NaN	NaN	NaN
1393263286892	NaN	NaN	NaN	NaN	NaN	NaN
1393263295226	NaN	NaN	NaN	NaN	NaN	NaN
1393263303559	NaN	NaN	NaN	NaN	NaN	NaN
1393263311892	NaN	NaN	NaN	NaN	NaN	NaN
1393263320225	NaN	NaN	1302.05	1180.24	NaN	4.3406
1393263328559	NaN	NaN	1414.26	1002.04	NaN	4.8369
1393263336891	NaN	NaN	NaN	NaN	NaN	NaN
1393263345224	NaN	NaN	1461.60	928.59	NaN	5.1078
1393263353558	NaN	NaN	1461.00	893.74	NaN	5.1831
1393263361891	NaN	NaN	1475.97	876.11	NaN	5.2045
1393263370225	NaN	NaN	1475.50	850.44	NaN	5.2832
1393263378558	NaN	NaN	1469.54	845.52	NaN	5.2815
1393263386891	NaN	NaN	1470.10	837.19	NaN	5.2942
1393263395225	NaN	NaN	1472.01	822.89	NaN	5.3328
1393263403558	NaN	NaN	1470.77	843.10	NaN	5.2991
1393263411894	NaN	NaN	1461.09	861.37	NaN	5.3113
1393263420228	NaN	NaN	1455.52	894.18	NaN	5.2147
1393263428561	NaN	NaN	1459.13	858.23	NaN	5.2773
1393263436894	NaN	NaN	1460.49	826.43	NaN	5.3067
1393263445228	NaN	NaN	1368.88	741.79	NaN	5.3250
1393263453561	NaN	NaN	1284.54	665.49	NaN	5.3656
1393263461894	NaN	NaN	1265.30	707.40	NaN	5.3209
1393263470227	NaN	NaN	1302.41	768.39	NaN	5.2455
1393263478560	NaN	NaN	NaN	NaN	NaN	NaN
1393263486892	NaN	NaN	NaN	NaN	NaN	NaN
1393263495155	NaN	NaN	NaN	NaN	NaN	NaN
1393263503419	NaN	NaN	NaN	NaN	NaN	NaN
1393263511752	NaN	NaN	NaN	NaN	NaN	NaN
1393263520085	NaN	NaN	NaN	NaN	NaN	NaN
1393263528418	NaN	NaN	NaN	NaN	NaN	NaN
1393263536751	NaN	NaN	NaN	NaN	NaN	NaN
1393263545085	NaN	NaN	NaN	NaN	NaN	NaN
1393263553418	NaN	NaN	NaN	NaN	NaN	NaN
1393263561751	NaN	NaN	NaN	NaN	NaN	NaN
1393263570084	NaN	NaN	NaN	NaN	NaN	NaN
1393263578492	NaN	NaN	NaN	NaN	NaN	NaN
1393263586900	1302.56	757.73	1290.74	768.91	4.5238	4.8943
1393263595233	1299.48	771.82	1299.28	762.41	4.5005	4.8676
1393263603567	1297.25	769.04	1286.31	763.45	4.4749	4.8201
1393263611898	1303.31	766.16	1290.52	753.39	4.4379	4.7921
1393263620231	NaN	NaN	NaN	NaN	NaN	NaN
1393263628563	NaN	NaN	NaN	NaN	NaN	NaN
1393263636897	NaN	NaN	NaN	NaN	NaN	NaN
1393263645230	NaN	NaN	NaN	NaN	NaN	NaN
1393263653564	1300.51	753.77	1276.66	764.75	4.2957	4.6604
1393263661903	1306.52	763.98	1284.32	761.20	4.2549	4.6373
1393263670236	1299.66	759.66	1289.94	763.09	4.2446	4.6279
1393263678570	1303.12	767.70	1291.16	756.58	4.2322	4.5999
1393263686903	1298.13	754.74	1288.19	749.87	4.1871	4.5724
1393263695238	1306.88	753.71	1283.87	748.47	4.1871	4.5732
1393263703570	1302.63	754.44	1287.40	750.82	4.1515	4.5540
1393263711903	1313.76	760.08	1284.46	756.05	4.1611	4.5436
1393263720237	1305.97	758.02	1285.09	763.08	4.1409	4.5376
1393263728570	1308.39	753.35	1280.24	764.33	4.1461	4.5295
1393263736903	1310.66	751.20	1280.30	759.21	4.1441	4.5071
1393263745237	1284.34	727.08	1265.82	752.70	4.1230	4.5068
1393263753570	1282.20	719.35	1268.95	746.48	4.1032	4.4742
1393263761904	1295.16	726.95	1278.24	750.26	4.1075	4.4924
1393263770235	1291.85	733.48	1274.99	740.70	4.0986	4.4767
1393263778568	1289.60	734.14	1267.64	740.05	4.0982	4.4806
1393263786900	1285.26	732.00	1274.69	737.37	4.0578	4.4613
1393263795234	1282.98	748.84	1275.41	743.14	4.0695	4.4528
1393263803567	1287.32	748.69	1275.07	739.34	4.0565	4.4533
1393263811902	1283.72	756.36	1271.62	740.82	4.0495	4.4605
1393263820236	1289.41	751.35	1269.61	740.03	4.0298	4.4588
1393263828569	1288.13	753.16	1278.29	745.34	4.0661	4.4282
1393263836903	1285.61	744.20	1275.21	746.30	4.0400	4.4296
1393263845236	1286.38	740.05	1267.86	756.67	4.0353	4.4354
1393263853569	1284.67	727.57	1273.68	755.77	4.0129	4.4342
1393263861903	1287.85	733.06	1273.77	751.41	4.0342	4.4209
1393263870236	1293.82	738.72	1274.14	748.55	4.0038	4.4147
1393263878570	1293.35	734.82	1271.86	754.64	3.9998	4.4112
1393263886904	1293.19	745.85	1272.65	746.40	4.0174	4.3994
1393263895238	1296.26	746.31	1267.29	748.10	4.0172	4.4001
1393263903571	1297.42	745.52	1272.11	747.70	4.0061	4.4099
1393263911905	1299.37	739.93	1274.23	750.27	3.9888	4.4036
1393263920238	1296.61	742.25	1273.93	757.49	4.0040	4.4185
1393263928570	1292.16	730.75	1276.61	755.08	3.9981	4.4102
1393263936908	1285.16	721.50	1268.43	755.96	3.9905	4.4112
1393263945242	1287.53	736.58	1272.35	739.71	3.9972	4.3764
1393263953576	1287.21	742.96	1276.50	746.52	4.0018	4.3923
1393263961907	1291.63	752.57	1268.95	740.47	3.9869	4.4214
1393263970240	1289.34	750.40	1267.95	737.47	3.9980	4.4175
1393263978573	1290.84	755.19	1271.27	743.78	3.9930	4.4196
1393263986907	1291.58	744.09	1273.84	749.79	3.9976	4.4169
1393263995239	1288.12	745.93	1269.01	745.01	4.0020	4.4137
1393264003572	1285.14	724.28	1267.68	753.07	3.9697	4.4264
1393264011905	1293.35	730.25	1266.64	762.10	3.9980	4.4507
1393264020239	1291.25	735.57	1270.32	749.42	3.9960	4.4175
1393264028572	1299.34	747.21	1273.60	756.97	3.9979	4.4230
1393264036906	1295.19	750.49	1264.40	758.01	4.0132	4.4210
1393264045239	1292.37	754.80	1271.64	753.81	4.0293	4.4328
1393264053574	1293.98	765.08	1266.69	754.02	4.0400	4.4582
1393264061907	1294.72	755.49	1270.18	759.83	4.0251	4.4471
1393264070246	1293.95	739.53	1269.68	757.56	4.0080	4.4562
1393264078580	1297.36	744.85	1270.56	761.37	4.0418	4.4683
1393264086913	1296.16	733.65	1269.73	758.13	4.0388	4.4915
1393264095246	1287.27	732.42	1269.84	765.28	4.0484	4.4907
1393264103579	1286.32	749.85	1264.79	750.75	4.0632	4.5001
1393264111910	1295.54	755.19	1268.64	742.63	4.0512	4.5200
1393264120244	1296.79	763.56	1271.25	748.65	4.0706	4.5127
1393264128578	1291.88	759.04	1282.24	723.52	4.0529	4.5187
1393264136910	1294.05	749.68	1288.18	687.34	4.0704	4.5956
1393264145243	1282.56	716.02	1276.21	869.18	4.1584	4.3296
1393264153576	NaN	NaN	NaN	NaN	NaN	NaN
1393264161910	NaN	NaN	NaN	NaN	NaN	NaN
1393264170246	NaN	NaN	NaN	NaN	NaN	NaN
1393264178579	NaN	NaN	1516.73	345.47	NaN	1.6438
1393264186913	NaN	NaN	NaN	NaN	NaN	NaN
1393264195246	NaN	NaN	NaN	NaN	NaN	NaN
1393264203584	NaN	NaN	NaN	NaN	NaN	NaN
1393264211917	NaN	NaN	NaN	NaN	NaN	NaN
1393264220250	NaN	NaN	NaN	NaN	NaN	NaN
1393264228583	NaN	NaN	NaN	NaN	NaN	NaN
1393264236917	NaN	NaN	NaN	NaN	NaN	NaN
1393264245250	NaN	NaN	NaN	NaN	NaN	NaN
1393264253583	NaN	NaN	NaN	NaN	NaN	NaN
1393264261916	NaN	NaN	NaN	NaN	NaN	NaN
1393264270250	NaN	NaN	NaN	NaN	NaN	NaN
1393264278583	NaN	NaN	NaN	NaN	NaN	NaN
1393264286916	NaN	NaN	741.86	1281.98	NaN	2.2806
1393264295249	NaN	NaN	888.93	1084.52	NaN	2.8814
1393264303582	1373.25	840.82	NaN	NaN	3.8310	NaN
1393264311915	1286.67	757.33	1054.65	917.40	4.2045	3.9521
1393264320249	1285.98	685.95	1265.10	1190.42	4.3241	2.9887
1393264328587	1270.90	646.26	1278.72	773.01	4.4097	4.7195
1393264336920	1281.15	624.17	1272.58	715.59	4.4360	4.7715
1393264345254	1294.11	698.67	1274.44	694.19	4.3250	4.8819
1393264353587	1298.29	700.61	1284.78	668.99	4.3258	4.9343
1393264361921	1299.05	704.64	1293.99	660.00	4.3497	4.9555
1393264370251	1300.64	704.21	1290.52	657.27	4.3633	4.9786
1393264378586	1301.09	701.95	1290.63	641.07	4.3741	5.0242
1393264386918	1304.11	709.47	1285.30	651.75	4.4023	5.0171
1393264395253	1304.66	713.02	1283.26	676.06	4.4131	4.9514
1393264403584	1297.28	707.67	1278.68	687.85	4.4076	4.9647
1393264411920	1300.66	722.47	1288.65	659.56	4.4298	5.0256
1393264420253	1303.01	720.43	1281.20	700.26	4.4414	4.9744
1393264428584	1308.04	721.12	1284.98	681.18	4.4357	5.0034
1393264436919	1303.57	739.20	1278.16	693.54	4.4650	5.0052
1393264445252	1293.97	719.25	1280.32	669.06	4.4662	5.0340
1393264453585	1296.43	710.13	1283.44	674.07	4.4697	5.0372
1393264461923	1306.50	710.47	1289.96	646.73	4.4816	5.0924
1393264470256	1298.56	719.20	1286.48	651.46	4.5040	5.0987
1393264478587	1297.33	721.18	1285.24	667.81	4.5184	5.1032
1393264486921	1300.35	710.88	1292.46	653.97	4.4645	5.1436
1393264495254	1300.28	702.10	1287.49	668.63	4.5298	5.1294
1393264503587	1300.04	698.33	1289.22	669.98	4.5404	5.1420
1393264511920	1295.06	721.74	1291.07	676.94	4.5480	5.1337
1393264520253	1301.14	745.93	1291.19	696.96	4.5549	5.1344
1393264528586	1303.12	774.85	1279.85	744.22	4.5921	5.1600
1393264536922	1306.78	749.53	1285.78	702.85	4.5966	5.1862
1393264545255	1300.86	737.25	1288.53	695.47	4.5941	5.1943
1393264553586	1296.10	746.16	1286.37	689.23	4.5870	5.2316
1393264561920	1302.81	752.96	1289.73	689.85	4.6044	5.2093
1393264570253	1300.20	745.04	1287.09	693.33	4.6015	5.2636
1393264578586	1305.30	744.14	1286.60	701.52	4.5954	5.2480
1393264586918	1305.46	748.95	1284.88	703.67	4.6152	5.2626
1393264595257	1305.24	756.33	1294.22	708.30	4.6275	5.2756
1393264603590	1308.52	763.47	1296.38	705.75	4.6268	5.2799
1393264611924	1309.43	765.81	1289.54	727.78	4.6205	5.2652
1393264620256	1309.31	780.24	1289.13	707.41	4.6356	5.2753
1393264628590	1311.35	775.38	1294.74	722.43	4.6265	5.2694
1393264636924	1313.70	769.03	1289.72	716.53	4.6269	5.2767
1393264645257	1312.98	755.24	1297.71	708.97	4.6518	5.2844
1393264653590	1307.59	747.66	1292.63	681.60	4.6254	5.3092
1393264661922	1311.61	759.30	1299.91	689.83	4.6364	5.3281
1393264670256	1305.64	772.49	1291.88	699.66	4.6388	5.3012
1393264678589	1311.28	790.24	1286.42	701.47	4.6422	5.3232
1393264686922	1315.09	792.59	1294.01	716.54	4.6452	5.3149
1393264695256	1311.25	783.26	1297.02	693.27	4.6310	5.3154
1393264703589	1313.51	789.59	1298.75	711.29	4.6450	5.3090
1393264711923	1313.04	791.99	1296.81	704.33	4.6454	5.3230
1393264720256	1311.20	779.49	1296.56	702.26	4.6521	5.3457
1393264728593	1312.18	774.17	1294.94	710.72	4.6652	5.3147
1393264736925	1314.77	755.61	1291.92	708.93	4.6567	5.3221
1393264745259	1308.75	755.37	1291.38	691.06	4.6588	5.3485
1393264753592	1309.45	770.86	1297.03	699.81	4.6687	5.3551
1393264761925	1312.79	785.06	1296.77	724.68	4.6784	5.3413
1393264770258	1310.75	788.04	1289.05	725.62	4.6523	5.3293
1393264778591	1312.91	786.64	1301.25	710.91	4.6566	5.3688
1393264786925	1317.15	781.23	1298.21	732.32	4.6732	5.3276
1393264795259	1306.89	785.78	1293.70	700.94	4.6939	5.3842
1393264803591	1313.49	766.93	1290.78	719.10	4.6891	5.3431
1393264811924	1306.54	753.45	1293.17	708.18	4.6950	5.3463
1393264820257	1316.20	760.98	1302.78	697.51	4.7010	5.3817
1393264828591	1311.07	760.26	1292.11	704.66	4.6870	5.3754
1393264836924	1311.40	775.52	1287.30	695.40	4.6881	5.3625
1393264845257	1312.66	772.29	1298.84	699.54	4.6790	5.4145
1393264853595	1310.08	778.21	1299.53	708.60	4.6811	5.3979
1393264861929	1316.39	779.19	1294.45	713.68	4.6882	5.3701
1393264870263	1318.50	779.10	1296.39	703.14	4.6876	5.3912
1393264878595	1317.56	770.79	1295.38	709.02	4.7030	5.3804
1393264886928	1323.00	772.27	1290.12	704.27	4.7086	5.4201
1393264895261	1322.41	762.59	1295.97	697.05	4.7119	5.4237
1393264903595	1320.92	764.88	1297.57	689.33	4.7013	5.4194
1393264911928	1325.21	756.25	1284.59	700.73	4.7157	5.4169
1393264920262	1310.05	754.04	1289.51	707.63	4.7135	5.3963
1393264928594	1322.54	766.21	1288.68	701.41	4.7327	5.4288
1393264936928	1313.10	758.50	1296.12	690.80	4.7126	5.4592
1393264945261	1318.15	762.16	1281.11	685.24	4.7292	5.3649
1393264953594	1317.82	761.22	1289.52	715.12	4.7249	5.4171
1393264961927	1310.03	760.31	1297.72	700.18	4.7352	5.4254
1393264970260	1311.81	753.42	1295.36	702.90	4.7353	5.4069
1393264978593	1315.71	759.59	1291.75	694.18	4.7582	5.4405
1393264986933	1314.14	758.24	1296.41	693.19	4.7546	5.4298
1393264995266	1314.93	758.57	1298.38	694.08	4.7354	5.4507
1393265003600	1320.59	763.55	1296.38	686.93	4.7344	5.4590
1393265011933	1315.35	764.12	1296.67	711.22	4.7408	5.4369
1393265020266	1319.73	766.72	1289.89	693.29	4.7506	5.4496
1393265028598	1322.34	765.00	1293.90	697.12	4.7566	5.4644
1393265036932	1314.64	764.13	1293.02	695.56	4.7435	5.4487
1393265045266	1317.35	770.19	1295.96	700.61	4.7592	5.4668
1393265053598	1322.86	773.79	1292.47	700.05	4.7532	5.4725
1393265061932	1325.87	777.66	1290.25	703.54	4.7409	5.4703
1393265070265	1324.74	775.90	1296.81	705.52	4.7430	5.4551
1393265078598	1330.68	776.91	1291.16	700.90	4.7541	5.4599
1393265086932	1329.26	767.41	1295.43	700.41	4.7519	5.4569
1393265095265	1321.79	761.15	1294.54	697.99	4.7572	5.4612
1393265103597	1318.85	762.97	1291.16	695.91	4.7361	5.4597
1393265111931	1319.64	770.35	1290.95	693.63	4.7494	5.4877
1393265120267	1316.46	773.06	1294.51	708.76	4.7273	5.4308
1393265128601	1316.47	785.47	1296.02	692.45	4.7292	5.4754
1393265136934	1321.36	786.69	1298.83	699.02	4.7490	5.4603
1393265145267	1327.96	789.08	1304.54	688.78	4.7480	5.5044
1393265153600	1316.65	786.80	1305.39	695.34	4.7327	5.4776
1393265161934	1322.59	788.29	1295.82	687.04	4.7566	5.5079
1393265170267	1322.47	789.28	1286.51	696.52	4.7510	5.4597
1393265178599	1315.00	772.98	1289.21	673.94	4.7521	5.4934
1393265186933	1319.02	762.74	1291.07	698.33	4.7326	5.4868
1393265195266	1321.58	764.64	1298.50	696.81	4.7452	5.5066
1393265203600	1311.33	770.42	1295.31	707.29	4.7697	5.4998
1393265211933	1308.28	773.65	1293.10	716.92	4.7487	5.4801
1393265220266	1312.85	778.07	1298.56	685.52	4.7653	5.5162
1393265228599	1307.75	776.40	1294.06	698.89	4.7579	5.4925
1393265236935	1298.42	771.36	1279.47	701.25	4.7416	5.4953
1393265245265	1275.92	757.63	1260.40	696.48	4.7433	5.5072
1393265253605	1302.46	753.93	1280.25	697.49	4.7567	5.5257
1393265261939	1306.95	768.81	1269.39	730.83	4.7676	5.4760
1393265270272	1304.25	782.10	1268.97	700.21	4.7644	5.5230
1393265278603	1300.80	787.65	1275.54	696.08	4.7857	5.5313
1393265286937	1301.61	785.26	1282.57	686.36	4.7678	5.5183
1393265295270	1294.85	779.64	1273.83	705.13	4.7900	5.4946
1393265303603	1300.61	772.80	1269.01	698.62	4.7835	5.5073
1393265311937	1315.36	781.93	1269.13	706.37	4.8046	5.5143
1393265320271	1313.31	778.23	1265.73	725.98	4.7911	5.5013
1393265328605	1312.55	787.04	1265.71	731.07	4.8055	5.5009
1393265336938	1306.46	787.67	1267.86	729.43	4.8204	5.5379
1393265345271	1303.65	770.14	1259.77	736.54	4.8285	5.5212
1393265353602	1307.24	765.34	1267.97	700.72	4.8230	5.5655
1393265361936	1308.19	761.96	1267.66	728.38	4.8266	5.5353
1393265370269	1303.27	764.69	1261.07	726.86	4.8350	5.5560
1393265378606	1301.57	764.61	1272.35	696.45	4.8526	5.5868
1393265386942	1304.07	763.01	1262.82	703.82	4.8574	5.5882
1393265395274	1297.77	758.49	1272.72	689.86	4.8665	5.6088
1393265403607	1302.41	760.37	1271.38	682.70	4.8671	5.6437
1393265411941	1301.83	765.50	1273.60	697.13	4.8668	5.6178
1393265420274	1307.63	768.28	1267.49	700.42	4.8667	5.6350
1393265428607	1300.44	775.94	1270.13	706.00	4.8829	5.6436
1393265436941	1308.23	785.03	1270.66	696.03	4.9037	5.6427
1393265445274	1308.81	782.06	1274.59	695.64	4.9082	5.6684
1393265453605	1296.03	776.79	1261.59	699.63	4.9171	5.6678
1393265461938	1307.43	774.67	1267.07	697.99	4.9185	5.6696
1393265470271	1310.92	777.84	1271.77	685.32	4.9212	5.6845
1393265478606	1311.38	775.61	1262.72	698.34	4.9195	5.6918
1393265486940	1312.96	779.13	1266.70	688.30	4.9370	5.7142
1393265495271	1314.86	780.70	1264.86	695.54	4.9401	5.6882
1393265503606	1312.70	771.97	1267.76	693.84	4.9549	5.7065
1393265511943	1313.07	766.86	1255.39	720.13	4.9653	5.7020
1393265520276	1309.43	758.11	1262.98	688.22	4.9562	5.7274
1393265528609	1315.54	763.73	1266.66	695.32	4.9908	5.7256
1393265536944	1317.88	766.43	1268.01	674.32	4.9736	5.7626
1393265545275	1311.36	757.38	1268.26	688.67	4.9832	5.7511
1393265553610	1320.15	764.38	1268.40	695.33	4.9920	5.7401
1393265561941	1310.49	762.27	1263.34	704.96	5.0105	5.7184
1393265570277	1310.11	761.47	1265.94	697.30	5.0079	5.7271
1393265578610	1315.43	761.83	1261.47	705.18	5.0146	5.7519
1393265586943	1315.34	756.39	1269.75	686.50	5.0143	5.7758
1393265595277	1319.58	759.16	1259.21	712.67	5.0392	5.7602
1393265603610	1315.93	760.91	1267.40	692.30	5.0245	5.7729
1393265611940	1315.60	771.88	1265.02	699.85	5.0344	5.7909
1393265620276	1317.39	765.05	1257.59	710.04	5.0311	5.7781
1393265628607	1322.06	768.13	1256.98	696.44	5.0459	5.8194
1393265636940	1316.19	772.74	1257.18	711.24	5.0498	5.7673
1393265645279	1315.28	773.13	1261.06	699.90	5.0515	5.8089
1393265653612	1316.40	769.14	1260.16	700.18	5.0659	5.8123
1393265661945	1313.64	765.01	1262.56	697.39	5.0594	5.8190
1393265670279	1319.15	769.46	1256.27	697.46	5.0583	5.8294
1393265678612	1318.28	767.16	1254.73	702.68	5.0733	5.8510
1393265686944	1316.55	758.93	1255.18	708.68	5.0551	5.8436
1393265695278	1317.82	765.66	1260.42	716.63	5.0658	5.7893
1393265703611	1311.34	752.13	1258.68	699.23	5.0712	5.8405
1393265711944	1321.42	760.53	1258.62	705.61	5.0901	5.8562
1393265720280	1313.66	748.52	1258.25	704.98	5.0861	5.8312
1393265728611	1316.91	759.79	1259.78	708.21	5.0941	5.8498
1393265736944	1310.63	757.28	1261.40	696.32	5.0891	5.8544
1393265745278	1314.41	762.64	1254.86	693.25	5.0949	5.8559
1393265753611	1311.46	762.87	1251.17	701.87	5.0974	5.8698
1393265761943	1314.61	759.67	1263.66	682.59	5.1013	5.8902
1393265770281	1319.97	764.66	1265.68	692.86	5.1181	5.8737
1393265778616	1320.90	760.64	1262.62	706.98	5.1104	5.8590
1393265786947	1323.45	754.08	1259.97	713.31	5.1139	5.8468
1393265795281	1314.71	756.95	1261.11	692.17	5.1045	5.8869
1393265803616	1325.44	766.23	1255.21	701.21	5.1133	5.9088
1393265811947	1317.81	772.24	1264.49	702.71	5.1024	5.8555
1393265820281	1323.93	775.77	1259.28	691.01	5.1073	5.8970
1393265828614	1318.69	775.10	1272.70	679.13	5.1040	5.8917
1393265836946	1321.62	775.06	1266.91	682.42	5.1150	5.9026
1393265845280	1315.27	774.48	1266.54	688.55	5.1272	5.9210
1393265853613	1326.37	773.40	1267.15	693.16	5.1177	5.8943
1393265861946	1316.68	766.57	1256.22	699.21	5.1363	5.8545
1393265870280	1321.21	757.72	1267.59	707.88	5.1325	5.8844
1393265878613	1321.35	766.18	1256.67	697.55	5.1418	5.9226
1393265886946	1317.29	773.43	1266.11	672.05	5.1246	5.9502
1393265895279	1320.63	769.71	1266.33	684.38	5.1207	5.9022
1393265903622	1324.57	777.33	1265.61	677.23	5.1296	5.9072
1393265911952	1324.05	783.34	1264.04	688.05	5.1489	5.8981
1393265920288	1325.54	783.46	1262.70	703.47	5.1429	5.8713
1393265928621	1318.49	776.74	1261.23	686.86	5.1311	5.9231
1393265936954	1320.11	777.27	1262.72	696.58	5.1309	5.9031
1393265945288	1325.38	771.53	1255.56	706.04	5.1348	5.8892
1393265953621	1318.70	769.73	1252.89	720.38	5.1424	5.9000
1393265961954	1323.05	771.00	1264.43	681.82	5.1521	5.9585
1393265970288	1323.75	770.21	1263.37	702.71	5.1532	5.9229
1393265978621	1320.52	757.90	1266.03	706.74	5.1476	5.9060
1393265986952	1328.45	768.43	1262.34	711.16	5.1544	5.8947
1393265995285	1315.57	758.52	1262.90	718.72	5.1245	5.8901
1393266003618	1322.54	767.94	1263.55	681.93	5.1456	5.9633
1393266011951	1322.31	770.24	1254.53	702.82	5.1477	5.9225
1393266020284	1325.54	771.78	1259.43	692.60	5.1284	5.9182
1393266028618	1322.10	776.72	1270.01	678.76	5.1482	5.9481
1393266036955	1321.97	780.27	1263.60	671.20	5.1422	5.9674
1393266045288	1320.79	782.62	1262.37	684.95	5.1440	5.9093
1393266053620	1314.68	786.39	1259.16	685.57	5.1258	5.9297
1393266061953	1314.50	786.94	1257.82	702.36	5.1405	5.9059
1393266070289	1314.20	787.15	1257.93	685.04	5.1259	5.9469
1393266078622	1321.89	795.08	1261.23	669.76	5.1497	5.9680
1393266086955	1322.78	789.32	1263.94	701.49	5.1509	5.9003
1393266095288	1324.00	791.03	1258.68	691.56	5.1570	5.9557
1393266103620	1314.37	777.39	1259.85	700.31	5.1291	5.9133
1393266111956	1316.49	782.77	1255.83	695.28	5.1622	5.9295
1393266120288	1315.03	785.89	1262.47	694.42	5.1455	5.9206
1393266128621	1320.65	779.44	1265.85	693.53	5.1548	5.8955
1393266136954	1323.00	775.13	1271.89	702.66	5.1586	5.8903
1393266145287	1323.90	781.37	1256.77	706.91	5.1761	5.9061
1393266153621	1331.83	775.49	1257.73	709.32	5.1508	5.9151
1393266161954	1329.08	775.45	1256.78	719.31	5.1626	5.9064
1393266170295	1331.90	766.00	1257.44	726.21	5.1659	5.9034
1393266178628	1325.04	762.68	1258.06	722.95	5.1554	5.8980
1393266186961	1326.81	767.20	1255.50	734.37	5.1692	5.9024
1393266195294	1324.43	763.46	1254.72	717.48	5.1747	5.9212
1393266203625	1337.05	775.85	1254.82	707.48	5.1754	5.8775
1393266211958	1318.80	778.64	1250.21	703.11	5.1700	5.8941
1393266220291	1323.70	790.53	1262.65	693.01	5.1555	5.9276
1393266228625	1321.37	795.76	1264.30	710.63	5.1555	5.8830
1393266236958	1325.29	789.13	1267.18	719.23	5.1651	5.9277
1393266245291	1313.63	779.68	1263.37	732.19	5.1516	5.8856
1393266253625	1316.76	774.25	1258.46	726.00	5.1532	5.9199
1393266261958	1310.50	771.85	1256.62	727.02	5.1571	5.9207
1393266270292	1314.97	772.71	1255.14	721.19	5.1589	5.9021
1393266278626	1322.97	777.29	1261.34	718.40	5.1627	5.9282
1393266286959	1330.37	774.81	1265.69	729.76	5.1760	5.9041
1393266295294	1332.92	763.64	1260.30	730.95	5.1952	5.8772
1393266303625	1329.64	758.01	1256.87	734.49	5.2137	5.8924
1393266311960	1312.96	742.14	1260.15	747.34	5.2272	5.8859
1393266320293	1319.86	761.17	1262.46	738.50	5.1881	5.8952
1393266328627	1313.66	732.70	1258.01	760.68	5.2207	5.8388
1393266336961	1305.83	725.21	1256.71	773.07	5.2386	5.7574
1393266345293	1309.51	762.02	1233.81	810.99	5.1501	5.6005
1393266353626	1327.35	814.34	1165.52	881.73	5.1022	5.2571
1393266361959	1335.91	861.55	1080.84	935.10	4.9529	4.9725
1393266370292	1331.31	948.52	NaN	NaN	4.7131	NaN
1393266378626	1454.72	1057.06	NaN	NaN	4.3124	NaN
1393266386959	1585.24	1081.30	NaN	NaN	3.8156	NaN
1393266395292	NaN	NaN	NaN	NaN	NaN	NaN
1393266403626	1673.69	1164.87	773.65	1296.35	2.7820	2.9498
1393266411959	NaN	NaN	NaN	NaN	NaN	NaN
1393266420292	1286.72	1382.39	NaN	NaN	2.2018	NaN
1393266428630	1165.49	1450.44	NaN	NaN	2.0922	NaN
1393266436963	NaN	NaN	NaN	NaN	NaN	NaN
1393266445297	1192.01	1660.46	NaN	NaN	1.5596	NaN
1393266453630	NaN	NaN	2158.48	-151.76	NaN	2.3114
1393266461963	NaN	NaN	NaN	NaN	NaN	NaN
1393266470297	NaN	NaN	NaN	NaN	NaN	NaN
1393266478630	NaN	NaN	NaN	NaN	NaN	NaN
1393266486963	NaN	NaN	NaN	NaN	NaN	NaN
1393266495295	NaN	NaN	NaN	NaN	NaN	NaN
1393266503629	NaN	NaN	NaN	NaN	NaN	NaN
1393266511962	NaN	NaN	NaN	NaN	NaN	NaN
1393266520287	NaN	NaN	NaN	NaN	NaN	NaN
1393266528620	NaN	NaN	NaN	NaN	NaN	NaN
1393266536962	NaN	NaN	NaN	NaN	NaN	NaN
1393266545295	NaN	NaN	NaN	NaN	NaN	NaN
1393266553629	NaN	NaN	858.04	1436.74	NaN	2.8322
1393266561967	NaN	NaN	754.30	1341.78	NaN	3.2137
1393266570299	NaN	NaN	771.07	1260.89	NaN	3.4284
1393266578633	1579.96	1241.11	NaN	NaN	3.3611	NaN
1393266586966	1610.85	1131.77	782.11	1127.17	3.7101	3.7432
1393266595299	1577.45	1083.19	907.86	1151.42	3.7510	3.9989
1393266603633	1567.34	1071.87	933.93	1109.97	3.8977	4.1015
1393266611966	1484.02	1025.96	952.79	1078.23	3.9937	4.2395
1393266620300	1440.88	1024.97	NaN	NaN	4.2078	NaN
1393266628633	1333.27	967.61	1005.20	1028.72	4.6384	4.5262
1393266636966	1364.91	980.31	1002.33	998.20	4.5521	4.5442
1393266645298	1326.29	941.88	NaN	NaN	4.7553	NaN
1393266653631	1314.60	920.71	1103.19	937.09	4.8430	4.9713
1393266661965	1319.40	917.63	1087.92	936.97	4.8435	4.9178
1393266670299	1308.27	892.44	1090.00	931.69	4.8397	4.9019
1393266678632	1297.92	905.26	1106.48	943.64	4.8276	4.9355
1393266686969	1304.80	881.64	1111.14	929.98	4.8524	4.9284
1393266695303	1294.48	857.24	1161.50	922.26	4.9377	5.1512
1393266703635	1303.05	855.09	1100.99	904.17	4.8978	5.0620
1393266711969	1340.98	839.12	1247.52	895.62	4.8423	5.4317
1393266720301	1336.29	826.60	1193.27	868.34	4.8477	5.2530
1393266728634	1299.65	818.95	1124.30	862.84	4.9535	5.2348
1393266736968	1297.70	807.99	1115.40	849.20	4.9863	5.1467
1393266745301	1304.88	799.10	1192.80	854.16	5.0163	5.3774
1393266753635	1291.86	802.59	1200.14	825.16	4.9670	5.4280
1393266761968	1288.92	785.16	1216.67	820.10	5.0059	5.4942
1393266770301	1298.89	784.99	1235.38	848.95	5.0184	5.4409
1393266778635	1300.28	794.02	1221.63	838.01	5.0259	5.4435
1393266786968	1297.50	791.31	1158.92	848.88	5.0078	5.2435
1393266795300	1296.47	806.06	1205.48	841.78	5.0163	5.4641
1393266803633	1296.65	799.81	1210.82	822.56	5.0047	5.3828
1393266811967	1300.79	784.46	1250.33	820.74	5.0311	5.4417
1393266820304	1295.45	783.50	1193.42	806.42	5.0056	5.3998
1393266828638	1296.68	760.12	1184.42	808.10	5.0462	5.4520
1393266836971	1294.70	749.44	1260.57	794.40	5.0536	5.5818
1393266845304	1287.02	734.53	1227.31	789.37	5.0318	5.5452
1393266853638	1295.15	735.01	1281.09	795.50	5.0481	5.5720
1393266861970	1290.67	732.54	1258.53	774.44	5.0675	5.6427
1393266870303	1288.01	734.53	1245.60	779.81	5.0559	5.6264
1393266878636	1290.45	741.22	1256.27	789.55	5.0692	5.6468
1393266886970	1297.32	740.01	1240.01	776.72	5.0828	5.6344
1393266895303	1286.29	730.64	1256.21	784.71	5.0835	5.6539
1393266903636	1293.72	734.78	1239.16	792.69	5.0494	5.5803
1393266911970	1294.16	732.83	1252.16	778.89	5.0520	5.6403
1393266920303	1283.53	728.79	1252.03	783.38	5.0483	5.6707
1393266928637	1288.05	728.17	1267.01	789.85	5.0188	5.6134
1393266936969	1297.35	746.54	NaN	NaN	4.9986	NaN
1393266945302	1299.34	776.63	1182.29	823.80	4.9454	5.3136
1393266953641	1315.00	849.60	1092.90	899.37	4.8202	4.8630
1393266961975	1344.66	972.69	969.60	1097.62	4.5352	4.2347
1393266970308	1524.81	1067.49	NaN	NaN	3.7981	NaN
1393266978641	NaN	NaN	NaN	NaN	NaN	NaN
1393266986974	NaN	NaN	NaN	NaN	NaN	NaN
1393266995308	NaN	NaN	NaN	NaN	NaN	NaN
1393267003641	NaN	NaN	NaN	NaN	NaN	NaN
1393267011974	NaN	NaN	NaN	NaN	NaN	NaN
1393267020307	NaN	NaN	NaN	NaN	NaN	NaN
1393267028640	NaN	NaN	NaN	NaN	NaN	NaN
1393267036973	NaN	NaN	NaN	NaN	NaN	NaN
1393267045307	NaN	NaN	NaN	NaN	NaN	NaN
1393267053640	NaN	NaN	NaN	NaN	NaN	NaN
1393267061973	NaN	NaN	NaN	NaN	NaN	NaN
1393267070307	NaN	NaN	NaN	NaN	NaN	NaN
1393267078641	NaN	NaN	NaN	NaN	NaN	NaN
1393267086978	NaN	NaN	NaN	NaN	NaN	NaN
1393267095311	NaN	NaN	NaN	NaN	NaN	NaN
1393267103645	NaN	NaN	NaN	NaN	NaN	NaN
1393267111977	NaN	NaN	NaN	NaN	NaN	NaN
1393267120311	NaN	NaN	NaN	NaN	NaN	NaN
1393267128645	NaN	NaN	NaN	NaN	NaN	NaN
1393267136977	1546.14	1085.62	1043.38	1128.22	3.6992	4.3645
1393267145311	1319.34	922.17	1274.65	921.26	4.5881	5.2361
1393267153645	1280.00	777.12	1270.73	779.55	4.8949	5.5553
1393267161977	1281.90	737.49	1276.90	741.19	4.9715	5.6521
1393267170310	1301.32	819.64	1278.97	761.19	4.8582	5.6234
1393267178643	1309.30	815.42	1280.31	789.21	4.8730	5.5519
1393267186975	1304.74	798.50	1268.32	788.07	4.8807	5.5811
1393267195310	1306.29	792.37	1274.92	781.10	4.8952	5.5748
1393267203644	1304.12	800.52	1267.57	782.06	4.8934	5.5848
1393267211980	1312.66	804.21	1261.78	785.95	4.9085	5.5891
1393267220313	1305.87	799.45	1259.73	790.85	4.8865	5.5876
1393267228644	1305.86	796.37	1264.79	790.39	4.8745	5.5789
1393267236977	1309.82	796.01	1265.57	792.85	4.8865	5.5754
1393267245310	1308.62	800.80	1264.86	787.11	4.8810	5.5627
1393267253644	1313.64	794.64	1270.91	783.05	4.9022	5.5840
1393267261977	1318.82	801.15	1269.80	789.37	4.8936	5.5772
1393267270310	1314.19	786.53	1269.69	780.77	4.8904	5.5740
1393267278644	1317.28	792.22	1275.26	781.44	4.8966	5.5814
1393267286977	1315.73	789.41	1267.24	780.91	4.8911	5.5771
1393267295312	1317.71	783.12	1274.79	784.47	4.8732	5.5880
1393267303645	1314.77	788.94	1274.72	782.53	4.8810	5.5837
1393267311978	1318.31	797.77	1266.49	793.41	4.8851	5.5818
1393267320311	1311.19	802.78	1265.22	789.68	4.8835	5.5846
1393267328645	1316.20	813.57	1260.17	789.41	4.8869	5.5817
1393267336976	1308.26	815.71	1266.34	786.69	4.8809	5.5807
1393267345314	1316.38	814.07	1270.10	795.08	4.8818	5.5923
1393267353648	1315.37	813.41	1276.24	790.20	4.8880	5.5809
1393267361981	1315.88	814.88	1278.01	787.96	4.8761	5.5609
1393267370314	1324.76	814.06	1275.69	779.08	4.8782	5.5560
1393267378646	1322.64	802.46	1266.84	772.17	4.8718	5.5727
1393267386980	1322.66	807.60	1281.19	774.36	4.8562	5.5349
1393267395313	NaN	NaN	NaN	NaN	NaN	NaN
1393267403646	NaN	NaN	NaN	NaN	NaN	NaN
1393267411979	NaN	NaN	NaN	NaN	NaN	NaN
1393267420313	NaN	NaN	NaN	NaN	NaN	NaN
1393267428646	NaN	NaN	NaN	NaN	NaN	NaN
1393267436979	NaN	NaN	NaN	NaN	NaN	NaN
1393267445312	NaN	NaN	NaN	NaN	NaN	NaN
1393267453645	NaN	NaN	NaN	NaN	NaN	NaN
1393267461979	NaN	NaN	NaN	NaN	NaN	NaN
1393267470312	NaN	NaN	NaN	NaN	NaN	NaN
1393267478651	NaN	NaN	NaN	NaN	NaN	NaN
1393267486985	NaN	NaN	NaN	NaN	NaN	NaN
1393267495317	NaN	NaN	NaN	NaN	NaN	NaN
1393267503651	NaN	NaN	NaN	NaN	NaN	NaN
1393267511984	NaN	NaN	NaN	NaN	NaN	NaN
1393267520317	NaN	NaN	NaN	NaN	NaN	NaN
1393267528650	NaN	NaN	NaN	NaN	NaN	NaN
1393267536984	NaN	NaN	NaN	NaN	NaN	NaN
1393267545317	NaN	NaN	NaN	NaN	NaN	NaN
1393267553650	NaN	NaN	NaN	NaN	NaN	NaN
1393267561984	NaN	NaN	NaN	NaN	NaN	NaN
1393267570317	NaN	NaN	NaN	NaN	NaN	NaN
1393267578650	NaN	NaN	NaN	NaN	NaN	NaN
1393267586983	NaN	NaN	NaN	NaN	NaN	NaN
1393267595316	NaN	NaN	NaN	NaN	NaN	NaN
1393267603649	NaN	NaN	NaN	NaN	NaN	NaN
1393267611987	NaN	NaN	NaN	NaN	NaN	NaN
1393267620320	NaN	NaN	NaN	NaN	NaN	NaN
1393267628653	NaN	NaN	NaN	NaN	NaN	NaN
1393267636987	NaN	NaN	NaN	NaN	NaN	NaN
1393267645320	NaN	NaN	NaN	NaN	NaN	NaN
1393267653653	NaN	NaN	NaN	NaN	NaN	NaN
1393267661986	NaN	NaN	NaN	NaN	NaN	NaN
1393267670318	NaN	NaN	NaN	NaN	NaN	NaN
1393267678652	NaN	NaN	NaN	NaN	NaN	NaN
1393267686985	NaN	NaN	NaN	NaN	NaN	NaN
1393267695319	NaN	NaN	NaN	NaN	NaN	NaN
1393267703652	NaN	NaN	NaN	NaN	NaN	NaN
1393267711986	NaN	NaN	NaN	NaN	NaN	NaN
1393267720319	NaN	NaN	NaN	NaN	NaN	NaN
1393267728652	NaN	NaN	NaN	NaN	NaN	NaN
1393267736988	NaN	NaN	NaN	NaN	NaN	NaN
1393267745320	NaN	NaN	NaN	NaN	NaN	NaN
1393267753654	NaN	NaN	NaN	NaN	NaN	NaN
1393267761987	NaN	NaN	NaN	NaN	NaN	NaN
1393267770321	NaN	NaN	NaN	NaN	NaN	NaN
1393267778654	NaN	NaN	NaN	NaN	NaN	NaN
1393267786987	NaN	NaN	NaN	NaN	NaN	NaN
1393267795321	NaN	NaN	NaN	NaN	NaN	NaN
1393267803654	NaN	NaN	NaN	NaN	NaN	NaN
1393267811987	NaN	NaN	NaN	NaN	NaN	NaN
1393267820319	NaN	NaN	NaN	NaN	NaN	NaN
1393267828653	NaN	NaN	NaN	NaN	NaN	NaN
1393267836986	NaN	NaN	NaN	NaN	NaN	NaN
1393267845319	NaN	NaN	NaN	NaN	NaN	NaN
1393267853653	NaN	NaN	NaN	NaN	NaN	NaN
1393267861986	NaN	NaN	NaN	NaN	NaN	NaN
1393267870327	NaN	NaN	NaN	NaN	NaN	NaN
1393267878660	NaN	NaN	NaN	NaN	NaN	NaN
1393267886993	NaN	NaN	NaN	NaN	NaN	NaN
1393267895325	NaN	NaN	NaN	NaN	NaN	NaN
1393267903659	NaN	NaN	NaN	NaN	NaN	NaN
1393267911992	NaN	NaN	NaN	NaN	NaN	NaN
1393267920278	NaN	NaN	NaN	NaN	NaN	NaN
1393267928564	NaN	NaN	NaN	NaN	NaN	NaN
1393267936851	NaN	NaN	NaN	NaN	NaN	NaN
1393267945184	NaN	NaN	NaN	NaN	NaN	NaN
1393267953517	NaN	NaN	NaN	NaN	NaN	NaN
1393267961850	NaN	NaN	NaN	NaN	NaN	NaN
1393267970183	NaN	NaN	NaN	NaN	NaN	NaN
1393267978516	NaN	NaN	NaN	NaN	NaN	NaN
1393267986849	NaN	NaN	NaN	NaN	NaN	NaN
1393267995184	NaN	NaN	NaN	NaN	NaN	NaN
1393268003520	NaN	NaN	NaN	NaN	NaN	NaN
1393268011853	NaN	NaN	NaN	NaN	NaN	NaN
1393268020187	NaN	NaN	NaN	NaN	NaN	NaN
1393268028520	NaN	NaN	NaN	NaN	NaN	NaN
1393268036854	NaN	NaN	NaN	NaN	NaN	NaN
1393268045186	NaN	NaN	NaN	NaN	NaN	NaN
1393268053519	NaN	NaN	NaN	NaN	NaN	NaN
1393268061852	NaN	NaN	NaN	NaN	NaN	NaN
1393268070186	NaN	NaN	NaN	NaN	NaN	NaN
1393268078519	NaN	NaN	NaN	NaN	NaN	NaN
1393268086853	NaN	NaN	NaN	NaN	NaN	NaN
1393268095186	NaN	NaN	NaN	NaN	NaN	NaN
1393268103519	NaN	NaN	NaN	NaN	NaN	NaN
1393268111851	NaN	NaN	NaN	NaN	NaN	NaN
1393268120185	NaN	NaN	NaN	NaN	NaN	NaN
1393268128520	NaN	NaN	NaN	NaN	NaN	NaN
1393268136856	NaN	NaN	NaN	NaN	NaN	NaN
1393268145189	NaN	NaN	NaN	NaN	NaN	NaN
1393268153523	NaN	NaN	NaN	NaN	NaN	NaN
1393268161856	NaN	NaN	NaN	NaN	NaN	NaN
1393268170190	NaN	NaN	NaN	NaN	NaN	NaN
1393268178523	NaN	NaN	NaN	NaN	NaN	NaN
1393268186855	NaN	NaN	NaN	NaN	NaN	NaN
1393268195188	NaN	NaN	NaN	NaN	NaN	NaN
1393268203522	NaN	NaN	NaN	NaN	NaN	NaN
1393268211855	NaN	NaN	NaN	NaN	NaN	NaN
1393268220189	NaN	NaN	NaN	NaN	NaN	NaN
1393268228522	NaN	NaN	NaN	NaN	NaN	NaN
1393268236855	NaN	NaN	NaN	NaN	NaN	NaN
1393268245188	NaN	NaN	NaN	NaN	NaN	NaN
1393268253522	NaN	NaN	NaN	NaN	NaN	NaN
1393268261856	NaN	NaN	NaN	NaN	NaN	NaN
1393268270192	NaN	NaN	NaN	NaN	NaN	NaN
1393268278525	NaN	NaN	NaN	NaN	NaN	NaN
1393268286858	NaN	NaN	NaN	NaN	NaN	NaN
1393268295191	NaN	NaN	NaN	NaN	NaN	NaN
1393268303525	NaN	NaN	NaN	NaN	NaN	NaN
1393268311858	NaN	NaN	NaN	NaN	NaN	NaN
1393268320192	NaN	NaN	NaN	NaN	NaN	NaN
1393268328525	NaN	NaN	NaN	NaN	NaN	NaN
1393268336857	NaN	NaN	NaN	NaN	NaN	NaN
1393268345190	NaN	NaN	NaN	NaN	NaN	NaN
1393268353524	NaN	NaN	NaN	NaN	NaN	NaN
1393268361857	NaN	NaN	NaN	NaN	NaN	NaN
1393268370191	NaN	NaN	NaN	NaN	NaN	NaN
1393268378524	NaN	NaN	NaN	NaN	NaN	NaN
1393268386857	NaN	NaN	NaN	NaN	NaN	NaN
1393268395190	NaN	NaN	NaN	NaN	NaN	NaN
1393268403523	NaN	NaN	NaN	NaN	NaN	NaN
1393268411856	NaN	NaN	NaN	NaN	NaN	NaN
1393268420238	NaN	NaN	NaN	NaN	NaN	NaN
1393268428620	NaN	NaN	NaN	NaN	NaN	NaN
1393268437004	1338.35	756.89	1243.02	744.55	5.1413	5.7750
1393268445337	1321.66	747.75	1243.06	743.23	5.1153	5.7795
1393268453670	1325.16	757.76	1236.46	759.40	5.1329	5.7965
1393268462004	1319.53	757.77	1251.52	756.01	5.1353	5.7866
1393268470337	1313.79	761.15	1256.82	758.19	5.1296	5.7924
1393268478670	1318.28	769.42	1254.82	747.58	5.1543	5.8126
1393268487003	1319.49	763.12	1249.73	744.68	5.1588	5.8380
1393268495336	1314.41	758.19	1252.88	739.37	5.1586	5.8198
1393268503667	1316.45	756.55	1256.11	737.54	5.1755	5.8455
1393268512001	1323.32	756.50	1252.84	737.97	5.1711	5.8618
1393268520334	1318.36	756.76	1250.59	739.37	5.1842	5.8571
1393268528673	1321.33	753.79	1260.03	743.90	5.1877	5.8492
1393268537007	1317.62	754.10	1252.44	756.72	5.2043	5.8551
1393268545340	1318.99	751.61	1255.29	756.16	5.2045	5.8749
1393268553672	1319.80	757.59	1247.94	760.07	5.2020	5.8808
1393268562006	1318.44	761.07	1243.27	757.78	5.2020	5.8929
1393268570339	1319.71	758.55	1245.72	747.07	5.2231	5.8962
1393268578672	1330.50	759.05	1254.69	735.30	5.2291	5.8926
1393268587008	1324.25	749.44	1245.22	739.74	5.2300	5.9034
1393268595341	1323.90	742.50	1240.62	743.08	5.2427	5.9253
1393268603674	1316.45	741.10	1256.99	735.28	5.2345	5.9157
1393268612007	1315.57	747.57	1248.76	741.56	5.2624	5.9202
1393268620341	1324.10	750.97	1247.27	734.23	5.2708	5.9373
1393268628674	1316.78	748.18	1239.57	742.49	5.2667	5.9379
1393268637007	1314.02	757.43	1250.95	754.73	5.2481	5.9292
1393268645340	1308.74	761.27	1249.48	761.90	5.2571	5.9291
1393268653677	1315.20	752.11	1245.36	751.69	5.2696	5.9385
1393268662011	1314.95	737.74	1244.49	743.74	5.2679	5.9515
1393268670342	1311.16	734.19	1242.40	735.84	5.2740	5.9490
1393268678676	1307.36	729.69	1246.32	733.84	5.2794	5.9480
1393268687009	1315.51	730.39	1245.05	733.87	5.2812	5.9672
1393268695342	1313.71	729.15	1248.64	734.52	5.2886	5.9704
1393268703675	1317.20	733.39	1252.73	733.10	5.2971	5.9640
1393268712008	1316.48	734.61	1246.16	740.72	5.3100	5.9581
1393268720341	1315.25	737.34	1250.85	759.53	5.2959	5.9783
1393268728675	1323.46	743.37	1253.03	757.30	5.3074	5.9707
1393268737007	1322.16	753.20	1253.77	755.95	5.3023	5.9785
1393268745341	1315.24	750.97	1256.03	742.86	5.3013	5.9657
1393268753675	1317.85	760.38	1251.16	744.06	5.3329	5.9894
1393268762008	1316.71	755.02	1259.86	745.12	5.2977	5.9883
1393268770343	1306.10	750.62	1262.36	728.88	5.3120	5.9826
1393268778676	1312.87	758.01	1252.61	737.72	5.3302	5.9902
1393268787013	1317.58	758.84	1260.36	744.02	5.3216	6.0014
1393268795347	1314.46	757.77	1255.14	748.16	5.3241	5.9867
1393268803681	1317.03	741.95	1251.57	754.51	5.3204	5.9985
1393268812014	1318.89	740.29	1258.11	754.59	5.3558	5.9947
1393268820345	1312.95	732.73	1257.65	748.01	5.3404	6.0083
1393268828678	1307.67	728.74	1249.84	742.49	5.3288	6.0174
1393268837011	NaN	NaN	1255.34	727.22	NaN	6.0154
1393268845345	1315.16	737.38	1257.26	725.01	5.3360	6.0171
1393268853677	1305.85	729.26	1253.29	724.87	5.3475	6.0251
1393268862011	1309.61	735.38	1257.98	723.97	5.3504	6.0229
1393268870344	1311.56	729.29	1257.47	724.61	5.3678	6.0189
1393268878677	1314.55	731.90	1266.50	725.05	5.3719	6.0104
1393268887010	1312.83	728.35	1253.59	729.24	5.3826	6.0289
1393268895344	1313.93	728.46	1255.59	734.96	5.3640	6.0196
1393268903677	1313.16	738.21	1256.99	744.53	5.3777	6.0168
1393268912010	1313.28	740.80	1255.38	747.79	5.3750	6.0227
1393268920348	1319.30	743.60	1252.01	749.65	5.3819	6.0136
1393268928682	1320.62	740.74	1258.40	748.61	5.3929	6.0177
1393268937014	1321.55	743.31	1251.79	751.90	5.3981	6.0390
1393268945348	1317.82	746.13	1260.57	746.11	5.4123	6.0161
1393268953681	1322.21	746.12	1249.43	751.32	5.3990	6.0341
1393268962015	1313.97	740.52	1253.43	755.34	5.4181	6.0279
1393268970348	1316.05	731.01	1250.87	746.61	5.4081	6.0444
1393268978682	1318.11	735.10	1244.25	738.85	5.4097	6.0497
1393268987015	1319.04	736.98	1245.38	741.34	5.4223	6.0617
1393268995347	1319.36	730.55	1246.44	732.47	5.4247	6.0660
1393269003680	1318.36	721.48	1242.78	731.02	5.4322	6.0595
1393269012013	1315.45	728.11	1247.52	729.78	5.4331	6.0748
1393269020347	1319.37	732.09	1250.46	722.59	5.4445	6.0657
1393269028680	1323.83	735.97	1251.51	721.98	5.4619	6.0679
1393269037014	1312.50	738.74	1252.87	722.86	5.4510	6.0940
1393269045347	1313.73	745.32	1255.11	718.77	5.4548	6.0687
1393269053685	1312.60	748.55	1251.62	726.94	5.4615	6.0740
1393269062018	1314.08	751.35	1255.81	722.37	5.4720	6.0822
1393269070351	1314.52	743.87	1254.04	719.63	5.4771	6.0879
1393269078684	1312.77	732.06	1249.77	722.52	5.4776	6.0980
1393269087017	1316.04	731.10	1254.91	720.28	5.4936	6.1121
1393269095351	1316.46	720.76	1241.54	727.21	5.4901	6.1067
1393269103684	1318.75	727.51	1245.89	734.06	5.4973	6.0976
1393269112018	1319.53	741.80	1247.04	740.68	5.4813	6.1103
1393269120351	1316.60	753.96	1257.38	745.93	5.4861	6.1002
1393269128684	1320.45	756.36	1252.64	743.57	5.4976	6.1085
1393269137018	1320.58	754.75	1254.94	741.07	5.4972	6.1119
1393269145350	1311.73	754.70	1258.07	746.18	5.4925	6.1119
1393269153685	1314.86	751.63	1257.44	741.10	5.5135	6.1143
1393269162018	1317.13	742.37	1251.26	744.89	5.5003	6.1132
1393269170352	1312.53	728.47	1249.46	750.73	5.4999	6.1176
1393269178687	1316.15	727.08	1250.23	732.74	5.5153	6.1288
1393269187020	1306.56	728.44	1248.45	730.06	5.5141	6.1315
1393269195354	1308.40	738.07	1254.96	715.64	5.5218	6.1390
1393269203687	1311.11	751.93	1255.22	722.88	5.5318	6.1333
1393269212021	1312.76	751.52	1257.01	723.41	5.5325	6.1306
1393269220353	1312.36	748.39	1256.66	725.77	5.5152	6.1304
1393269228686	1316.97	748.21	1256.80	727.28	5.5380	6.1381
1393269237020	1315.67	746.17	1262.27	729.99	5.5278	6.1383
1393269245353	1312.15	748.57	1258.18	727.76	5.5368	6.1325
1393269253686	1317.92	753.10	1256.08	722.66	5.5408	6.1522
1393269262019	1316.74	751.53	1248.84	724.32	5.5351	6.1605
1393269270353	1315.89	737.65	1249.29	732.30	5.5330	6.1461
1393269278686	1316.05	732.73	1248.78	737.23	5.5347	6.1533
1393269287018	1318.56	729.15	1254.94	745.61	5.5522	6.1516
1393269295352	1315.31	728.51	1257.98	740.41	5.5613	6.1330
1393269303685	1314.49	735.43	1255.13	741.67	5.5491	6.1477
1393269312023	1316.47	733.08	1250.15	740.96	5.5540	6.1450
1393269320357	1319.74	722.10	1247.74	744.91	5.5515	6.1596
1393269328690	1321.15	729.49	1249.62	737.17	5.5481	6.1634
1393269337023	1317.44	732.92	1252.87	734.27	5.5578	6.1693
1393269345356	1315.79	744.73	1258.03	729.15	5.5367	6.1662
1393269353690	1314.31	748.74	1255.50	733.82	5.5506	6.1613
1393269362022	1319.33	754.85	1250.40	732.35	5.5495	6.1648
1393269370356	1309.81	757.21	1259.33	734.98	5.5418	6.1780
1393269378689	1312.07	753.45	1261.08	726.22	5.5487	6.1635
1393269387022	1309.02	757.66	1261.82	724.51	5.5334	6.1471
1393269395355	1310.86	756.60	1263.17	727.63	5.5427	6.1495
1393269403689	1306.34	758.03	1257.79	725.00	5.5163	6.1193
1393269412023	1300.94	757.90	1264.65	727.34	5.4861	6.0932
1393269420355	1311.97	758.37	1258.82	726.22	5.4799	6.0830
1393269428689	1305.91	753.55	1262.18	715.94	5.4410	6.0529
1393269437021	1338.31	744.31	1285.64	728.85	5.4152	6.0124
1393269445358	1332.68	744.01	1278.96	737.75	5.3710	5.9635
1393269453692	1327.52	743.02	1282.66	752.87	5.3368	5.9290
1393269462025	1329.84	744.25	1289.72	749.68	5.3289	5.8866
1393269470358	1324.58	746.39	1286.85	745.88	5.2852	5.8328
1393269478692	1320.24	751.00	1294.75	749.78	5.2306	5.7951
1393269487025	1322.99	753.94	1297.79	751.74	5.2064	5.7600
1393269495359	1317.24	754.92	1293.63	752.23	5.1555	5.7106
1393269503692	1319.70	757.00	1298.75	746.37	5.1255	5.6638
1393269512024	1322.20	752.05	1296.29	750.91	5.0887	5.6462
1393269520358	1324.25	759.88	1304.41	741.58	5.0701	5.5956
1393269528692	1318.64	749.65	1301.58	739.12	5.0032	5.5569
1393269537025	1318.41	755.60	1295.65	731.21	4.9777	5.5303
1393269545358	1328.20	763.03	1305.24	734.79	4.9456	5.4918
1393269553692	1317.48	763.51	1310.08	733.26	4.8909	5.4341
1393269562025	1317.01	770.12	1310.89	731.67	4.8236	5.4043
1393269570359	1310.07	771.30	1316.75	744.91	4.7962	5.3579
1393269578697	1318.73	770.00	1322.01	745.38	4.8112	5.3313
1393269587029	1308.64	763.32	1315.87	749.38	4.7466	5.3085
1393269595362	1305.45	765.45	1317.12	747.93	4.7078	5.2615
1393269603696	1307.27	759.61	1321.27	742.53	4.6773	5.2177
1393269612029	1317.56	765.55	1321.09	744.69	4.6492	5.2150
1393269620363	1265.61	789.59	1262.63	760.03	4.6399	5.1709
1393269628696	1197.48	817.85	1222.21	801.36	4.6110	5.1393
1393269637029	1195.87	859.65	1199.71	850.86	4.5881	5.1421
1393269645362	1203.80	846.25	1227.69	824.71	4.5537	5.1069
1393269653698	1204.22	834.56	1213.69	819.01	4.5322	5.1037
1393269662030	1195.29	842.45	1215.44	822.88	4.5168	5.0749
1393269670363	1186.29	845.23	1209.13	824.25	4.4869	5.0343
1393269678696	1186.34	847.59	1216.42	828.58	4.4770	5.0191
1393269687030	1190.16	844.02	1214.77	831.39	4.4472	5.0199
1393269695364	1198.63	839.45	1207.39	829.29	4.4575	4.9916
1393269703701	1194.92	823.74	1209.15	816.63	4.4221	4.9683
1393269712034	1189.08	818.47	1208.51	812.88	4.4398	4.9583
1393269720367	1191.27	819.59	1210.92	812.63	4.3997	4.9444
1393269728700	1194.17	828.63	1209.13	809.19	4.3808	4.9273
1393269737031	1168.92	800.13	1178.91	793.54	4.3831	4.9180
1393269745365	1105.23	746.93	1113.16	719.27	4.3502	4.9161
1393269753697	1128.27	677.62	1140.33	664.14	4.3184	4.8737
1393269762033	1141.80	646.38	1147.75	627.58	4.3014	4.8942
1393269770365	1158.01	590.83	1148.39	612.96	4.3062	4.8852
1393269778700	1142.50	587.26	1142.17	587.58	4.3046	4.8665
1393269787031	1154.21	612.75	1143.47	604.42	4.3115	4.8817
1393269795364	1152.42	596.64	1150.31	611.48	4.2796	4.8945
1393269803699	1150.51	604.71	1144.08	602.25	4.2856	4.8866
1393269812032	1144.32	605.44	1145.93	600.02	4.3005	4.8908
1393269820366	1162.33	602.97	1147.31	598.08	4.2669	4.8688
1393269828699	1154.56	604.18	1138.48	592.68	4.2785	4.8630
1393269837038	1156.37	612.27	1140.45	600.74	4.2839	4.8703
1393269845371	1152.79	621.48	1134.48	599.87	4.2908	4.8527
1393269853705	1152.43	603.96	1145.70	588.86	4.2877	4.8262
1393269862038	1156.17	607.97	1149.81	601.83	4.2731	4.8309
1393269870371	1156.73	594.35	1150.33	604.22	4.2898	4.8435
1393269878704	1152.95	585.75	1160.64	586.81	4.2772	4.8301
1393269887037	1154.46	600.23	1155.29	582.57	4.2887	4.8104
1393269895370	1153.59	604.05	1156.43	588.53	4.2902	4.8392
1393269903703	1149.20	617.93	1148.67	587.47	4.3013	4.8362
1393269912035	1149.06	616.06	1149.02	584.44	4.2944	4.8317
1393269920369	1158.41	608.96	1147.53	580.46	4.2594	4.8489
1393269928702	1153.85	614.36	1142.23	596.49	4.2745	4.8523
1393269937035	1156.14	624.79	1147.91	596.88	4.3215	4.8797
1393269945368	1154.20	610.86	1151.74	587.06	4.2979	4.8273
1393269953700	1162.55	609.87	1149.31	582.64	4.3226	4.8348
1393269962034	1159.24	602.14	1151.49	584.14	4.3236	4.8598
1393269970373	1160.18	600.00	1156.42	594.36	4.3138	4.8490
1393269978705	1157.78	599.26	1154.75	598.00	4.3338	4.8389
1393269987039	1156.15	591.13	1152.20	603.77	4.3200	4.8503
1393269995372	1155.72	594.41	1152.91	604.70	4.3467	4.8613
1393270003706	1154.65	594.54	1153.24	595.79	4.3383	4.8395
1393270012039	1162.89	587.61	1153.99	600.34	4.3331	4.8530
1393270020374	1156.04	602.12	1153.87	589.77	4.3527	4.8552
1393270028706	1162.52	594.72	1157.49	584.65	4.3616	4.8578
1393270037040	1160.10	590.31	1157.18	583.94	4.3575	4.8592
1393270045371	1159.42	596.81	1152.87	576.50	4.3699	4.8686
1393270053707	1158.98	607.96	1154.28	572.83	4.3956	4.8666
1393270062038	1161.20	600.77	1156.94	576.96	4.3837	4.8959
1393270070371	1164.76	610.23	1146.09	573.96	4.4065	4.8845
1393270078705	1158.71	619.58	1142.35	582.14	4.4238	4.9180
1393270087038	1204.63	603.69	1212.84	573.37	4.4262	4.9114
1393270095371	1295.00	606.13	1278.15	574.03	4.4435	4.9363
1393270103707	1299.06	632.72	1303.54	595.82	4.4921	4.9128
1393270112040	1301.30	633.78	1312.09	606.01	4.5010	4.9254
1393270120374	1280.40	627.38	1290.95	590.97	4.4950	4.9408
1393270128708	1293.35	623.75	1308.46	592.68	4.5279	4.9612
1393270137040	1302.89	621.26	1305.15	589.53	4.5289	4.9630
1393270145374	1304.43	607.20	1304.13	587.81	4.5172	4.9776
1393270153708	1309.96	605.28	1301.83	593.14	4.5318	4.9775
1393270162041	1310.43	609.94	1297.16	607.34	4.5389	5.0099
1393270170373	1310.81	617.50	1301.97	602.75	4.5406	4.9971
1393270178706	1308.49	623.60	1296.57	608.08	4.5902	5.0135
1393270187039	1305.32	625.06	1297.86	603.98	4.5820	4.9983
1393270195375	1309.74	623.46	1298.56	604.63	4.6095	5.0442
1393270203709	1310.41	611.59	1306.41	604.28	4.5988	5.0505
1393270212042	1309.08	611.82	1296.28	585.60	4.6153	5.0541
1393270220375	1309.11	611.31	1302.56	588.42	4.6385	5.0825
1393270228714	1304.96	615.93	1305.35	594.11	4.6474	5.1142
1393270237046	1301.41	616.51	1303.09	595.63	4.6429	5.1156
1393270245378	1306.63	636.46	1305.66	605.54	4.6744	5.1255
1393270253712	1304.18	627.25	1307.48	609.11	4.6757	5.1291
1393270262044	1312.14	637.23	1300.77	605.46	4.6764	5.1421
1393270270378	1309.70	641.18	1302.26	607.55	4.7077	5.1627
1393270278712	1303.37	639.02	1298.56	607.67	4.6973	5.1400
1393270287045	1314.26	645.62	1307.80	603.28	4.7327	5.1753
1393270295378	1312.46	632.74	1306.94	598.81	4.7379	5.1908
1393270303711	1306.50	625.14	1305.40	598.56	4.7247	5.2103
1393270312045	1305.07	625.15	1306.10	589.80	4.7640	5.2447
1393270320377	1307.71	618.83	1302.47	583.27	4.7740	5.2508
1393270328711	1310.98	607.88	1301.68	582.31	4.7984	5.2633
1393270337044	1306.62	613.85	1303.10	591.21	4.8091	5.2709
1393270345377	1317.55	616.14	1295.86	605.19	4.8146	5.3060
1393270353711	1308.27	612.23	1296.44	604.49	4.8275	5.2997
1393270362049	1312.35	606.67	1295.23	596.44	4.8087	5.3209
1393270370382	1308.77	607.33	1297.30	586.64	4.8190	5.3409
1393270378716	1310.36	610.74	1299.20	585.04	4.8490	5.3339
1393270387048	1307.99	617.29	1300.52	593.75	4.8674	5.3778
1393270395382	1308.96	622.11	1306.84	597.50	4.8708	5.3786
1393270403716	1308.89	633.99	1306.09	600.32	4.8880	5.3852
1393270412049	1309.63	626.67	1303.97	597.18	4.8813	5.3711
1393270420382	1305.11	615.27	1281.01	593.82	4.8735	5.4077
1393270428715	1233.63	571.48	1218.20	556.27	4.9166	5.4361
1393270437049	1183.75	547.21	1176.80	548.97	4.8885	5.4650
1393270445382	1198.53	564.82	1173.84	572.70	4.9003	5.4520
1393270453717	1203.37	576.04	1181.63	583.69	4.9325	5.4821
1393270462051	1210.14	568.10	1188.53	578.64	4.9204	5.4776
1393270470383	1206.99	583.73	1179.85	586.91	4.9220	5.5074
1393270478717	1196.22	581.12	1181.21	573.91	4.9348	5.4785
1393270487049	1201.65	587.79	1180.98	578.35	4.9415	5.5045
1393270495388	1195.74	578.76	1176.64	581.75	4.9373	5.5205
1393270503722	1197.05	584.61	1177.89	567.20	4.9564	5.5326
1393270512055	1204.96	582.27	1178.73	570.56	4.9586	5.5358
1393270520388	1202.90	579.78	1183.33	557.41	4.9954	5.5324
1393270528722	1196.49	583.67	1182.33	567.71	5.0017	5.5626
1393270537054	1196.16	576.96	1182.57	564.42	4.9944	5.5459
1393270545387	1198.71	577.03	1175.22	560.97	5.0075	5.5751
1393270553720	1197.12	580.90	1179.84	571.76	4.9877	5.5710
1393270562053	1196.37	581.21	1182.58	568.45	5.0103	5.5664
1393270570387	1200.89	586.01	1173.51	583.38	5.0072	5.5989
1393270578720	1202.75	589.35	1180.75	574.43	5.0378	5.5683
1393270587054	1201.94	576.54	1178.58	582.75	5.0225	5.5811
1393270595387	1203.57	581.53	1177.21	581.46	5.0317	5.5954
1393270603720	1208.17	574.93	1180.83	580.70	5.0429	5.6049
1393270612053	1205.99	573.50	1179.82	572.00	5.0575	5.6111
1393270620390	1207.07	574.20	1182.12	567.30	5.0632	5.6309
1393270628724	1202.12	567.52	1183.43	562.51	5.0576	5.6137
1393270637056	1202.79	564.72	1176.69	570.18	5.0484	5.6461
1393270645390	1206.56	559.84	1176.92	555.29	5.0610	5.6384
1393270653723	1198.14	567.59	1173.77	566.12	5.0429	5.6334
1393270662056	1211.18	565.66	1180.88	572.05	5.0585	5.6212
1393270670390	1203.00	577.08	1180.46	577.90	5.0685	5.6270
1393270678723	1201.70	582.14	1170.98	578.53	5.0754	5.6604
1393270687056	1201.92	586.15	1172.26	577.64	5.0593	5.6645
1393270695390	1212.65	596.28	1172.45	575.93	5.0829	5.6640
1393270703723	1186.69	609.18	1159.66	582.12	5.0742	5.6375
1393270712057	1118.66	649.13	1088.14	653.41	5.0972	5.6878
1393270720390	1120.99	663.34	1093.70	661.32	5.0917	5.7077
1393270728723	1129.14	662.30	1103.18	645.23	5.0899	5.6991
1393270737054	1140.10	646.85	1106.76	637.22	5.0985	5.7257
1393270745388	1128.96	656.81	1096.82	642.32	5.0982	5.7418
1393270753726	1125.62	668.72	1096.18	638.93	5.1085	5.7197
1393270762058	1129.33	677.86	1087.54	675.75	5.0934	5.7030
1393270770392	1128.93	684.37	1093.93	668.43	5.0988	5.7493
1393270778725	1131.78	678.54	1099.73	669.71	5.0943	5.7347
1393270787060	1132.73	675.18	1098.89	671.61	5.0882	5.7385
1393270795393	1126.66	667.98	1097.78	666.40	5.0886	5.7409
1393270803727	1135.70	676.58	1098.95	673.73	5.1061	5.7345
1393270812061	1103.50	683.65	1061.12	657.21	5.1110	5.7531
1393270820393	987.91	653.08	937.41	640.76	5.1372	5.7824
1393270828727	924.33	636.26	894.24	613.14	5.1037	5.7798
1393270837059	985.52	647.78	951.35	631.09	5.0923	5.7903
1393270845390	1009.92	646.40	968.67	644.82	5.1068	5.7854
1393270853724	988.05	646.62	951.54	651.47	5.1021	5.7803
1393270862057	978.69	650.88	950.02	658.61	5.1115	5.7612
1393270870390	976.45	663.98	951.14	650.92	5.1178	5.7662
1393270878724	970.10	662.21	946.75	649.98	5.1087	5.7692
1393270887061	973.19	656.94	959.98	649.94	5.1056	5.7718
1393270895395	973.60	660.24	953.70	649.14	5.1206	5.7715
1393270903728	981.22	656.49	948.12	655.95	5.1039	5.7763
1393270912061	980.93	648.33	944.32	649.42	5.1160	5.7977
1393270920394	978.03	647.14	944.25	641.10	5.1324	5.7923
1393270928728	975.91	640.09	944.90	633.96	5.1331	5.7959
1393270937061	973.08	646.22	942.85	638.13	5.1406	5.7893
1393270945394	974.18	643.53	954.35	635.28	5.1329	5.7839
1393270953727	974.60	658.01	959.66	644.81	5.1288	5.7988
1393270962060	976.17	660.72	958.94	646.67	5.1401	5.7840
1393270970394	973.65	661.95	953.94	654.89	5.1396	5.8053
1393270978729	978.97	661.02	950.28	649.43	5.1371	5.8026
1393270987063	975.01	653.28	947.36	641.83	5.1317	5.8013
1393270995396	975.50	646.87	948.27	641.50	5.1477	5.7997
1393271003729	979.10	651.74	956.10	635.08	5.1530	5.8091
1393271012062	982.87	650.23	954.69	629.23	5.1634	5.7946
1393271020401	973.26	641.41	950.30	626.83	5.1658	5.8189
1393271028732	976.46	633.35	949.29	630.53	5.1592	5.8068
1393271037065	983.05	634.20	945.94	639.83	5.1579	5.8002
1393271045398	976.63	638.47	944.92	638.16	5.1716	5.8069
1393271053731	986.31	640.86	948.25	637.90	5.1920	5.8010
1393271062064	978.37	640.53	943.20	642.82	5.1712	5.7980
1393271070398	980.60	638.52	939.65	636.90	5.1680	5.7919
1393271078731	985.96	639.84	943.69	640.25	5.1804	5.8072
1393271087064	974.84	635.98	941.39	630.98	5.1658	5.7913
1393271095398	970.74	641.36	959.76	636.16	5.1736	5.7866
1393271103731	1032.78	701.86	984.06	694.45	5.1732	5.8007
1393271112064	1173.57	793.60	1119.14	788.23	5.1938	5.7984
1393271120398	1279.94	882.91	1212.08	859.44	5.1938	5.7798
1393271128732	1315.06	872.42	1269.15	849.79	5.2144	5.7690
1393271137065	1275.16	858.87	1250.54	845.07	5.2333	5.7567
1393271145401	1265.15	844.15	1240.45	845.86	5.2160	5.7488
1393271153734	1295.15	870.48	1262.25	859.69	5.1714	5.7297
1393271162068	NaN	NaN	1268.37	872.50	NaN	5.7396
1393271170400	1304.74	877.56	1267.74	860.41	5.1887	5.7349
1393271178734	1309.15	877.91	1263.91	860.11	5.1742	5.7241
1393271187067	1308.58	865.03	1261.52	865.74	5.1709	5.7207
1393271195401	1304.82	868.85	1261.57	872.93	5.1580	5.7157
1393271203734	1303.16	872.33	1264.64	872.92	5.1525	5.7074
1393271212067	1309.82	872.63	1263.47	874.11	5.1496	5.7062
1393271220401	1304.26	880.03	1264.97	878.80	5.1507	5.7004
1393271228734	1305.11	882.33	1262.74	876.06	5.1310	5.6890
1393271237067	1303.20	886.82	1255.52	881.82	5.1320	5.7046
1393271245400	1304.10	898.16	1262.05	885.59	5.1377	5.7009
1393271253733	1305.98	888.69	1267.10	882.96	5.1329	5.6831
1393271262066	1306.47	887.15	1265.17	879.01	5.1219	5.7030
1393271270400	1303.28	889.87	1265.54	876.05	5.1321	5.6945
1393271278736	1303.83	885.43	1265.19	873.02	5.1155	5.6784
1393271287069	1303.40	877.69	1267.37	865.44	5.1225	5.6924
1393271295402	1302.07	867.57	1264.04	853.08	5.1213	5.7095
1393271303736	1303.69	865.04	1254.97	854.89	5.1419	5.7108
1393271312069	1305.48	879.50	1255.44	860.51	5.1192	5.7098
1393271320403	1309.54	879.64	1251.47	871.26	5.1229	5.7027
1393271328736	1306.00	891.41	1252.74	876.08	5.1392	5.7051
1393271337069	1310.52	894.10	1256.33	870.41	5.1310	5.7100
1393271345404	1302.45	898.73	1255.28	878.05	5.1290	5.7298
1393271353737	1296.76	893.27	1263.86	870.63	5.1184	5.7008
1393271362070	1304.13	888.48	1254.74	872.84	5.1408	5.7073
1393271370404	1301.50	885.47	1257.47	860.33	5.1229	5.7090
1393271378737	1311.15	872.55	1271.49	848.28	5.1425	5.7236
1393271387070	1363.60	849.23	1335.66	838.75	5.1477	5.7232
1393271395402	1371.51	869.96	1346.22	850.05	5.1339	5.6979
1393271403735	1357.64	878.17	1338.96	859.69	5.1426	5.6936
1393271412075	1351.62	883.68	1332.14	866.42	5.1476	5.6822
1393271420407	1359.58	882.32	1334.85	859.91	5.1341	5.6845
1393271428741	1361.05	876.67	1342.12	850.31	5.1272	5.6950
1393271437074	1357.58	879.25	1333.11	853.46	5.1234	5.6873
1393271445408	1366.30	873.87	1338.44	849.47	5.1203	5.6802
1393271453741	1367.65	871.29	1344.19	845.68	5.1218	5.6873
1393271462075	1364.14	862.13	1334.48	842.00	5.1244	5.6955
1393271470407	1363.53	856.27	1330.74	846.11	5.1122	5.6909
1393271478741	1364.87	860.95	1330.63	848.91	5.1079	5.6787
1393271487074	1362.20	865.09	1326.71	851.14	5.1199	5.6667
1393271495408	1362.00	868.86	1326.47	853.09	5.1225	5.6778
1393271503740	1365.37	869.63	1328.42	855.11	5.1160	5.6815
1393271512074	1365.90	867.81	1324.76	852.01	5.1000	5.6767
1393271520408	1364.48	866.44	1333.67	850.46	5.1082	5.6865
1393271528741	1365.51	860.46	1328.81	849.00	5.1055	5.6740
1393271537074	1360.62	859.51	1331.16	844.04	5.1062	5.6753
1393271545410	1361.56	862.28	1335.26	840.51	5.1031	5.6724
1393271553744	1363.48	872.14	1325.74	845.08	5.1029	5.6847
1393271562077	1393.96	857.16	1380.06	849.49	5.1096	5.6492
1393271570411	1485.61	779.02	1471.37	757.15	5.1268	5.6781
1393271578744	1532.99	760.18	1509.23	750.42	5.0983	5.6378
1393271587079	1546.01	717.04	1536.64	712.77	5.0966	5.6095
1393271595411	1527.45	707.41	1518.44	704.71	5.1094	5.6220
1393271603746	1532.82	713.49	1513.29	715.40	5.0814	5.6120
1393271612079	1543.20	711.92	1517.19	713.70	5.0819	5.6220
1393271620412	1540.47	713.07	1512.20	723.90	5.0927	5.6221
1393271628745	1545.89	710.56	1509.04	717.44	5.0839	5.6229
1393271637079	1548.81	713.07	1507.49	721.41	5.0767	5.6212
1393271645412	1548.05	722.26	1521.93	719.18	5.0957	5.6105
1393271653745	1554.58	721.95	1528.59	707.84	5.0799	5.6084
1393271662078	1549.43	722.76	1517.70	706.70	5.0818	5.6107
1393271670416	1547.64	738.56	1526.71	703.95	5.0856	5.6207
1393271678750	1543.18	735.17	1521.39	696.96	5.0876	5.6237
1393271687083	1544.60	733.91	1515.23	699.66	5.0847	5.6194
1393271695416	1546.05	730.81	1515.07	705.65	5.0824	5.6237
1393271703750	1537.46	735.39	1515.53	706.77	5.0976	5.6280
1393271712082	1540.52	732.23	1521.99	704.37	5.0882	5.6119
1393271720415	1532.40	740.09	1527.23	702.83	5.0955	5.6181
1393271728749	1538.41	737.34	1522.19	704.05	5.1011	5.6226
1393271737083	1540.60	730.90	1523.68	708.09	5.0815	5.6099
1393271745416	1559.51	707.40	1533.13	710.37	5.0934	5.6058
1393271753750	1608.05	649.45	1599.46	610.67	5.0907	5.6241
1393271762083	1637.60	604.66	1623.92	603.26	5.0890	5.5765
1393271770415	1662.90	587.48	1642.59	567.76	5.0725	5.5816
1393271778747	1661.12	571.85	1645.04	541.06	5.0644	5.5804
1393271787082	1640.20	594.71	1619.96	572.35	5.0734	5.5897
1393271795415	1648.04	587.67	1628.65	565.60	5.0692	5.5918
1393271803752	1649.95	579.95	1627.89	561.40	5.0581	5.6040
1393271812087	1658.25	569.56	1631.55	573.36	5.0540	5.5832
1393271820420	1661.36	572.60	1635.83	576.25	5.0656	5.5810
1393271828753	1662.65	571.66	1643.92	569.76	5.0486	5.5868
1393271837087	1658.38	574.69	1645.00	571.71	5.0363	5.5881
1393271845419	1656.75	581.68	1644.27	560.45	5.0737	5.6060
1393271853753	1653.62	582.24	1646.33	560.05	5.0473	5.5958
1393271862086	1653.22	576.34	1637.37	551.19	5.0503	5.5856
1393271870419	1655.56	581.90	1641.16	558.31	5.0453	5.5907
1393271878753	1659.62	578.50	1643.88	566.54	5.0532	5.5874
1393271887086	1662.70	579.97	1642.35	567.06	5.0317	5.5864
1393271895419	1660.08	575.15	1636.91	576.73	5.0369	5.5844
1393271903752	1663.60	577.68	1631.77	574.35	5.0417	5.5902
1393271912085	1659.50	574.28	1621.32	575.17	5.0441	5.6020
1393271920419	1660.73	569.29	1621.91	557.60	5.0251	5.5834
1393271928753	1661.98	576.01	1625.80	555.31	5.0171	5.5850
1393271937089	1667.00	580.38	1629.69	555.08	5.0189	5.5823
1393271945422	1659.66	575.32	1624.62	557.19	5.0367	5.5821
1393271953756	1664.07	578.16	1619.63	555.60	5.0052	5.5902
1393271962087	1669.86	580.69	1624.71	560.96	5.0087	5.5947
1393271970422	1639.00	581.96	1623.65	557.64	5.0002	5.5641
1393271978756	1502.08	577.84	1494.02	554.85	5.0036	5.5882
1393271987088	1351.07	572.47	1354.73	577.72	4.9852	5.5947
1393271995422	1279.34	592.14	1256.66	584.82	4.9647	5.5863
1393272003755	1184.84	604.70	1161.49	613.09	4.9263	5.5891
1393272012089	1161.98	608.92	1143.96	598.09	4.9089	5.6250
1393272020422	1211.46	610.81	1190.71	579.94	4.9113	5.6183
1393272028755	1191.17	615.60	1172.86	585.82	4.8936	5.5785
1393272037089	1170.68	613.15	1152.80	583.72	4.8985	5.5725
1393272045422	1167.16	623.14	1150.19	590.48	4.9106	5.5765
1393272053756	1173.21	625.65	1151.49	604.85	4.8990	5.6064
1393272062093	1178.10	622.37	1151.29	603.30	4.8931	5.6017
1393272070426	1181.67	625.68	1156.65	595.50	4.8832	5.5773
1393272078759	1182.10	625.09	1162.27	592.45	4.8836	5.5476
1393272087092	1181.40	627.52	1161.93	593.44	4.8671	5.5598
1393272095425	1177.58	626.09	1156.07	602.23	4.8809	5.5404
1393272103759	1173.22	624.46	1152.75	609.96	4.8819	5.5381
1393272112091	1181.44	632.26	1158.65	596.00	4.8994	5.5441
1393272120425	1182.92	619.39	1151.90	595.52	4.8538	5.5488
