Subject	RunNr	FixStart	FixEnd	FixDur	XPos	YPos	RMSxy	BCEA	FixRangeX	FixRangeY
sub-103_task-EyeTracking_physio	1	-11800.495	-11558.823	241.672	1276.435	760.725	0.126	0.072	0.289	0.640
sub-103_task-EyeTracking_physio	1	-11508.824	-11375.487	133.337	887.580	1195.278	0.124	0.046	0.346	0.275
sub-103_task-EyeTracking_physio	1	-11342.150	-11008.811	333.339	675.935	1523.750	0.257	0.203	0.791	0.630
sub-103_task-EyeTracking_physio	1	-5725.347	-5267.004	458.343	1342.490	929.770	0.409	0.695	1.897	1.985
sub-103_task-EyeTracking_physio	1	-4750.316	-4650.312	100.004	1639.770	1174.952	0.214	0.160	0.323	0.792
sub-103_task-EyeTracking_physio	1	-4616.979	-4300.303	316.676	1305.990	827.390	0.241	0.101	0.375	1.419
sub-103_task-EyeTracking_physio	1	-4283.634	-4091.965	191.669	1251.735	753.935	0.139	0.050	0.278	0.486
sub-103_task-EyeTracking_physio	1	-3708.633	-3591.953	116.680	1003.370	1481.697	0.420	0.262	0.658	1.160
sub-103_task-EyeTracking_physio	1	-3533.621	-3216.943	316.678	741.940	1528.755	0.084	0.023	0.232	0.255
sub-103_task-EyeTracking_physio	1	-2358.592	-2050.249	308.343	1267.025	710.555	0.096	0.049	0.199	0.551
sub-103_task-EyeTracking_physio	1	-1733.578	-1466.903	266.675	1290.602	759.467	0.247	0.116	0.307	0.947
sub-103_task-EyeTracking_physio	1	-1450.236	-1175.230	275.006	1292.570	714.265	0.081	0.031	0.266	0.269
sub-103_task-EyeTracking_physio	1	-1166.897	-991.891	175.006	1282.070	696.925	0.074	0.023	0.199	0.193
sub-103_task-EyeTracking_physio	1	-808.563	-283.541	525.022	1284.870	707.850	0.101	0.074	0.343	0.657
sub-103_task-EyeTracking_physio	1	-275.208	316.474	591.682	1281.440	725.340	0.090	0.051	0.340	0.417
sub-103_task-EyeTracking_physio	1	341.474	633.146	291.672	1311.780	762.570	0.094	0.020	0.230	0.197
sub-103_task-EyeTracking_physio	1	658.145	808.149	150.004	1346.435	783.543	0.083	0.017	0.165	0.180
sub-103_task-EyeTracking_physio	1	816.483	933.151	116.668	1385.115	805.580	0.120	0.023	0.148	0.225
sub-103_task-EyeTracking_physio	1	966.489	1099.818	133.329	1177.255	648.865	0.087	0.042	0.141	0.520
sub-103_task-EyeTracking_physio	1	1133.160	1258.160	125.000	1454.020	778.635	0.111	0.018	0.094	0.336
sub-103_task-EyeTracking_physio	1	1299.826	1549.831	250.005	1152.860	715.700	0.077	0.023	0.316	0.239
sub-103_task-EyeTracking_physio	1	1566.498	1808.165	241.667	1113.955	758.555	0.100	0.064	0.337	0.397
sub-103_task-EyeTracking_physio	1	1824.840	2041.512	216.672	1139.815	859.385	0.155	0.063	0.332	0.496
sub-103_task-EyeTracking_physio	1	2066.511	2283.176	216.665	1260.160	921.497	0.451	0.161	0.270	1.237
sub-103_task-EyeTracking_physio	1	2299.841	2483.177	183.336	1435.928	933.538	0.520	0.385	0.729	1.064
sub-103_task-EyeTracking_physio	1	2508.185	2716.528	208.343	1540.755	920.435	0.308	0.064	0.226	0.782
sub-103_task-EyeTracking_physio	1	2741.527	2999.864	258.337	1603.910	904.200	0.174	0.055	0.213	0.612
sub-103_task-EyeTracking_physio	2	-2495.767	-2145.759	350.008	1286.885	740.995	0.243	0.328	0.722	1.169
sub-103_task-EyeTracking_physio	2	-1470.744	-1254.068	216.676	1366.975	774.910	0.086	0.033	0.173	0.377
sub-103_task-EyeTracking_physio	2	-1229.068	-1079.068	150.000	1282.273	712.175	0.115	0.030	0.319	0.184
sub-103_task-EyeTracking_physio	2	-1045.735	-937.405	108.330	1276.440	1295.180	NaN	0.000	1.512	0.364
sub-103_task-EyeTracking_physio	2	-920.739	-729.057	191.682	1301.185	711.450	0.100	0.078	0.305	0.499
sub-103_task-EyeTracking_physio	2	-712.392	-337.382	375.010	1283.345	713.030	0.067	0.019	0.164	0.314
sub-103_task-EyeTracking_physio	2	-320.717	-104.048	216.669	1270.973	702.477	0.086	0.015	0.188	0.207
sub-103_task-EyeTracking_physio	2	-95.709	345.968	441.677	1286.080	711.240	0.063	0.013	0.158	0.209
sub-103_task-EyeTracking_physio	2	362.634	579.306	216.672	1304.738	718.560	0.088	0.025	0.238	0.296
sub-103_task-EyeTracking_physio	2	604.306	779.309	175.003	1418.490	749.410	0.109	0.035	0.221	0.392
sub-103_task-EyeTracking_physio	2	804.309	979.316	175.007	1503.750	763.160	0.084	0.025	0.260	0.191
sub-103_task-EyeTracking_physio	2	1004.315	1212.653	208.338	1606.190	790.245	0.132	0.030	0.230	0.268
sub-103_task-EyeTracking_physio	2	1237.653	1520.993	283.340	1679.240	818.608	0.111	0.028	0.278	0.282
sub-103_task-EyeTracking_physio	2	1554.327	1762.664	208.337	1606.190	872.640	0.139	0.051	0.310	0.438
sub-103_task-EyeTracking_physio	2	1779.332	1979.337	200.005	1540.322	899.660	0.267	0.091	0.248	0.697
sub-103_task-EyeTracking_physio	2	1996.004	2229.342	233.338	1463.428	902.143	0.205	0.060	0.178	0.598
sub-103_task-EyeTracking_physio	2	2254.342	2512.681	258.339	1335.145	870.010	0.167	0.104	0.414	0.469
sub-103_task-EyeTracking_physio	2	2537.686	2737.687	200.001	1218.683	840.352	0.141	0.047	0.308	0.436
sub-103_task-EyeTracking_physio	2	2762.687	2929.362	166.675	1162.250	793.025	0.103	0.035	0.202	0.295
sub-103_task-EyeTracking_physio	3	-2334.441	-2142.768	191.673	1288.420	729.615	0.112	0.043	0.123	0.615
sub-103_task-EyeTracking_physio	3	-2134.435	-2026.103	108.332	1276.425	711.340	0.112	0.025	0.201	0.247
sub-103_task-EyeTracking_physio	3	-1834.429	-292.723	1541.706	1286.925	714.820	0.098	0.098	0.582	0.619
sub-103_task-EyeTracking_physio	3	-276.057	57.281	333.338	1299.270	733.362	0.129	0.042	0.371	0.395
sub-103_task-EyeTracking_physio	3	73.948	315.619	241.671	1312.550	778.075	0.248	0.080	0.260	0.613
sub-103_task-EyeTracking_physio	3	340.626	532.294	191.668	1382.320	785.625	0.237	0.075	0.342	0.689
sub-103_task-EyeTracking_physio	3	557.294	732.301	175.007	1478.675	819.515	0.196	0.068	0.365	0.463
sub-103_task-EyeTracking_physio	3	757.302	973.972	216.670	1597.660	899.912	0.158	0.112	0.348	0.650
sub-103_task-EyeTracking_physio	3	990.639	1257.314	266.675	1652.905	969.880	0.209	0.082	0.367	0.557
sub-103_task-EyeTracking_physio	3	1282.314	1490.651	208.337	1545.015	945.240	0.280	0.082	0.220	0.943
sub-103_task-EyeTracking_physio	3	1523.988	1757.323	233.335	1351.755	877.193	0.292	0.106	0.331	0.935
sub-103_task-EyeTracking_physio	3	1782.325	1965.663	183.338	1263.930	817.483	0.147	0.051	0.177	0.530
sub-103_task-EyeTracking_physio	3	1990.663	2232.336	241.673	1201.780	799.845	0.114	0.027	0.236	0.317
sub-103_task-EyeTracking_physio	3	2257.335	2632.345	375.010	1150.800	784.305	0.086	0.030	0.262	0.372
sub-103_task-EyeTracking_physio	3	2649.012	2790.682	141.670	1111.585	786.685	0.077	0.018	0.101	0.298
sub-103_task-EyeTracking_physio	3	2807.349	2924.021	116.672	1162.340	778.637	0.067	0.012	0.111	0.202
sub-103_task-EyeTracking_physio	4	-1141.349	75.350	1216.699	1284.820	723.665	0.098	0.115	0.719	0.599
sub-103_task-EyeTracking_physio	4	92.021	317.023	225.002	1313.270	771.605	0.171	0.039	0.216	0.559
sub-103_task-EyeTracking_physio	4	333.690	492.029	158.339	1363.655	789.735	0.173	0.046	0.336	0.445
sub-103_task-EyeTracking_physio	4	500.362	692.032	191.670	1428.675	784.830	0.093	0.026	0.247	0.292
sub-103_task-EyeTracking_physio	4	708.699	900.372	191.673	1503.745	807.110	0.112	0.030	0.315	0.251
sub-103_task-EyeTracking_physio	4	908.705	1117.041	208.336	1555.770	801.015	0.089	0.017	0.191	0.188
sub-103_task-EyeTracking_physio	4	1142.044	1358.714	216.670	1617.608	809.332	0.078	0.022	0.157	0.255
sub-103_task-EyeTracking_physio	4	1375.381	1742.055	366.674	1663.590	815.340	0.116	0.025	0.347	0.276
sub-103_task-EyeTracking_physio	4	1758.721	2008.729	250.008	1626.395	805.663	0.083	0.018	0.169	0.236
sub-103_task-EyeTracking_physio	4	2033.730	2250.402	216.672	1514.200	769.472	0.085	0.030	0.313	0.242
sub-103_task-EyeTracking_physio	4	2275.402	2417.072	141.670	1433.675	755.605	0.083	0.015	0.192	0.194
sub-103_task-EyeTracking_physio	4	2592.070	2750.413	158.343	1394.170	714.905	0.319	0.127	0.169	1.374
sub-103_task-EyeTracking_physio	4	2767.081	3008.756	241.675	1341.345	723.725	0.234	0.337	1.213	0.629
sub-103_task-EyeTracking_physio	5	-852.220	-743.881	108.339	1288.240	742.500	0.098	0.035	0.133	0.733
sub-103_task-EyeTracking_physio	5	-735.548	-543.875	191.673	1264.390	711.835	0.076	0.030	0.284	0.211
sub-103_task-EyeTracking_physio	5	-527.209	581.149	1108.358	1278.795	720.205	0.124	0.101	0.684	0.686
sub-103_task-EyeTracking_physio	5	606.149	781.156	175.007	1281.910	750.695	0.082	0.018	0.189	0.211
sub-103_task-EyeTracking_physio	5	789.488	922.823	133.335	1249.595	749.062	0.085	0.025	0.168	0.245
sub-103_task-EyeTracking_physio	5	939.490	1197.830	258.340	1287.535	745.655	0.265	0.073	0.957	0.564
sub-103_task-EyeTracking_physio	5	1297.834	1481.171	183.337	1437.467	756.755	0.156	0.054	0.439	0.243
sub-103_task-EyeTracking_physio	5	1506.170	1697.843	191.673	1523.380	798.405	0.114	0.038	0.263	0.303
sub-103_task-EyeTracking_physio	5	1722.843	1939.516	216.673	1615.160	859.412	0.178	0.061	0.350	0.441
sub-103_task-EyeTracking_physio	5	1964.515	2281.187	316.672	1672.858	911.490	0.116	0.025	0.172	0.373
sub-103_task-EyeTracking_physio	5	2297.854	2564.524	266.670	1640.168	908.120	0.185	0.049	0.378	0.485
sub-103_task-EyeTracking_physio	5	2589.532	2847.868	258.336	1616.050	870.480	0.145	0.039	0.222	0.495
sub-103_task-EyeTracking_physio	5	2872.868	3006.204	133.336	1562.910	837.205	0.117	0.027	0.346	0.216
sub-103_task-EyeTracking_physio	6	-2012.213	-1745.542	266.671	1307.655	727.963	0.085	0.030	0.162	0.420
sub-103_task-EyeTracking_physio	6	-1728.876	-1478.870	250.006	1299.508	762.190	0.104	0.045	0.229	0.395
sub-103_task-EyeTracking_physio	6	-1445.533	-1245.528	200.005	1314.235	772.140	0.135	0.022	0.156	0.427
sub-103_task-EyeTracking_physio	6	-1228.862	-987.191	241.671	1282.190	755.940	0.099	0.026	0.220	0.259
sub-103_task-EyeTracking_physio	6	-962.191	-720.516	241.675	1275.925	736.205	0.102	0.024	0.271	0.363
sub-103_task-EyeTracking_physio	6	-712.183	-537.177	175.006	1274.655	715.015	0.124	0.033	0.286	0.316
sub-103_task-EyeTracking_physio	6	-345.515	246.173	591.688	1283.150	717.985	0.085	0.057	0.386	0.409
sub-103_task-EyeTracking_physio	6	262.842	462.846	200.004	1305.140	736.320	0.110	0.048	0.322	0.322
sub-103_task-EyeTracking_physio	6	479.512	721.183	241.671	1363.435	763.595	0.091	0.028	0.259	0.257
sub-103_task-EyeTracking_physio	6	746.183	987.856	241.673	1421.555	796.920	0.142	0.032	0.365	0.258
sub-103_task-EyeTracking_physio	6	1012.856	1229.529	216.673	1526.115	860.180	0.133	0.031	0.324	0.317
sub-103_task-EyeTracking_physio	6	1254.529	1471.204	216.675	1599.282	899.097	0.189	0.043	0.229	0.570
sub-103_task-EyeTracking_physio	6	1496.203	1721.209	225.006	1685.530	909.565	0.156	0.048	0.269	0.446
sub-103_task-EyeTracking_physio	6	1746.208	1954.548	208.340	1691.980	873.695	0.156	0.037	0.208	0.390
sub-103_task-EyeTracking_physio	6	1987.882	2229.555	241.673	1546.300	840.115	0.123	0.033	0.278	0.379
sub-103_task-EyeTracking_physio	6	2246.221	2437.890	191.669	1513.615	816.360	0.130	0.029	0.323	0.218
sub-103_task-EyeTracking_physio	6	2454.555	2704.562	250.007	1406.670	801.515	0.092	0.020	0.229	0.208
sub-103_task-EyeTracking_physio	6	2721.229	2954.570	233.341	1332.747	796.268	0.075	0.016	0.179	0.185
sub-103_task-EyeTracking_physio	7	-3814.268	-3680.937	133.331	1336.347	800.305	0.173	0.086	0.187	0.722
sub-103_task-EyeTracking_physio	7	-3447.595	-3080.912	366.683	1293.250	754.510	0.133	0.040	0.288	0.451
sub-103_task-EyeTracking_physio	7	-3055.912	-2464.230	591.682	1328.930	765.565	0.187	0.050	0.220	0.600
sub-103_task-EyeTracking_physio	7	-2447.563	-2272.561	175.002	1289.220	745.235	0.148	0.058	0.223	0.396
sub-103_task-EyeTracking_physio	7	-2255.888	-1972.559	283.329	1275.785	708.132	0.113	0.044	0.309	0.292
sub-103_task-EyeTracking_physio	7	-1339.210	-1189.206	150.004	1325.720	692.348	0.115	0.057	0.246	0.597
sub-103_task-EyeTracking_physio	7	-1172.541	-1022.537	150.004	1286.820	687.510	0.128	0.035	0.273	0.215
sub-103_task-EyeTracking_physio	7	-655.862	302.493	958.355	1285.970	695.930	0.117	0.154	0.564	0.692
sub-103_task-EyeTracking_physio	7	319.159	719.168	400.009	1314.213	725.740	0.106	0.034	0.213	0.343
sub-103_task-EyeTracking_physio	7	735.835	969.174	233.339	1333.218	737.435	0.085	0.031	0.254	0.317
sub-103_task-EyeTracking_physio	7	985.840	1210.846	225.006	1412.985	742.710	0.101	0.040	0.274	0.294
sub-103_task-EyeTracking_physio	7	1227.513	1460.854	233.341	1519.868	781.977	0.186	0.093	0.537	0.500
sub-103_task-EyeTracking_physio	7	1485.854	1685.861	200.007	1596.125	791.130	0.125	0.061	0.441	0.329
sub-103_task-EyeTracking_physio	7	1710.861	2027.530	316.669	1664.247	832.332	0.119	0.055	0.347	0.334
sub-103_task-EyeTracking_physio	7	2052.531	2269.204	216.673	1544.602	780.975	0.091	0.033	0.247	0.368
sub-103_task-EyeTracking_physio	7	2285.871	2502.546	216.675	1422.068	760.188	0.113	0.028	0.392	0.222
sub-103_task-EyeTracking_physio	7	2519.213	2769.218	250.005	1262.602	757.447	0.075	0.016	0.168	0.214
sub-103_task-EyeTracking_physio	7	2785.883	3002.564	216.681	1202.165	773.477	0.089	0.040	0.274	0.313
sub-103_task-EyeTracking_physio	8	-2242.600	-1742.588	500.012	1282.905	713.957	0.089	0.084	0.298	0.661
sub-103_task-EyeTracking_physio	8	-1717.588	-1467.580	250.008	1221.848	709.183	0.089	0.046	0.315	0.304
sub-103_task-EyeTracking_physio	8	-1450.915	-50.881	1400.034	1279.713	719.535	0.088	0.092	0.631	0.481
sub-103_task-EyeTracking_physio	8	-34.214	257.458	291.672	1300.370	740.495	0.114	0.022	0.154	0.392
sub-103_task-EyeTracking_physio	8	282.457	449.131	166.674	1318.020	763.000	0.105	0.031	0.192	0.314
sub-103_task-EyeTracking_physio	8	474.131	665.799	191.668	1396.795	795.895	0.108	0.030	0.138	0.383
sub-103_task-EyeTracking_physio	8	690.805	899.138	208.333	1499.170	830.895	0.159	0.045	0.239	0.350
sub-103_task-EyeTracking_physio	8	924.137	1140.811	216.674	1582.043	882.138	0.207	0.068	0.474	0.553
sub-103_task-EyeTracking_physio	8	1149.145	1407.485	258.340	1628.785	903.755	0.222	0.091	0.565	0.505
sub-103_task-EyeTracking_physio	8	1549.154	1649.158	100.004	1523.658	828.965	0.557	0.196	0.190	2.017
sub-103_task-EyeTracking_physio	8	1665.824	1890.830	225.006	1451.110	813.555	0.121	0.044	0.363	0.312
sub-103_task-EyeTracking_physio	8	1907.498	2107.498	200.000	1385.492	805.715	0.130	0.027	0.238	0.306
sub-103_task-EyeTracking_physio	8	2132.504	2357.504	225.000	1273.005	787.030	0.102	0.017	0.179	0.205
sub-103_task-EyeTracking_physio	8	2382.509	2565.846	183.337	1182.842	785.895	0.084	0.041	0.324	0.320
sub-103_task-EyeTracking_physio	8	2590.845	2765.852	175.007	1106.335	795.085	0.118	0.024	0.210	0.213
sub-103_task-EyeTracking_physio	8	2790.851	2999.185	208.334	1020.815	808.710	0.097	0.020	0.194	0.322
sub-103_task-EyeTracking_physio	9	-1200.146	-1050.144	150.002	1252.350	722.280	0.083	0.044	0.173	0.402
sub-103_task-EyeTracking_physio	9	-833.469	-50.118	783.351	1279.537	717.350	0.123	0.154	0.572	0.915
sub-103_task-EyeTracking_physio	9	-33.452	308.222	341.674	1295.805	760.125	0.091	0.027	0.257	0.318
sub-103_task-EyeTracking_physio	9	324.889	574.896	250.007	1314.710	771.465	0.109	0.030	0.325	0.177
sub-103_task-EyeTracking_physio	9	591.562	774.899	183.337	1379.545	771.595	0.104	0.032	0.284	0.217
sub-103_task-EyeTracking_physio	9	799.897	991.571	191.674	1466.715	775.490	0.096	0.025	0.273	0.213
sub-103_task-EyeTracking_physio	9	1016.571	1224.910	208.339	1540.635	778.575	0.088	0.032	0.331	0.204
sub-103_task-EyeTracking_physio	9	1249.910	1483.251	233.341	1581.550	784.253	0.126	0.029	0.322	0.277
sub-103_task-EyeTracking_physio	9	1508.250	1866.593	358.343	1485.895	760.005	0.115	0.033	0.400	0.287
sub-103_task-EyeTracking_physio	9	1891.598	2133.266	241.668	1330.050	760.300	0.082	0.022	0.262	0.181
sub-103_task-EyeTracking_physio	9	2158.266	2391.606	233.340	1247.572	754.127	0.076	0.019	0.199	0.239
sub-103_task-EyeTracking_physio	9	2416.606	2616.607	200.001	1198.630	772.640	0.093	0.015	0.127	0.172
sub-103_task-EyeTracking_physio	9	2633.273	2899.945	266.672	1174.205	793.765	0.093	0.039	0.236	0.388
sub-103_task-EyeTracking_physio	10	-678.751	-478.744	200.007	1286.100	717.145	0.081	0.016	0.177	0.271
sub-103_task-EyeTracking_physio	10	-462.077	-295.409	166.668	1269.742	713.488	0.131	0.031	0.195	0.416
sub-103_task-EyeTracking_physio	10	-270.409	-62.068	208.341	1287.840	725.610	0.125	0.026	0.266	0.240
sub-103_task-EyeTracking_physio	10	-45.401	304.609	350.010	1309.912	762.890	0.188	0.081	0.688	0.331
sub-103_task-EyeTracking_physio	10	312.942	512.944	200.002	1339.900	771.170	0.104	0.043	0.354	0.251
sub-103_task-EyeTracking_physio	10	537.948	729.618	191.670	1412.595	767.950	0.093	0.018	0.174	0.193
sub-103_task-EyeTracking_physio	10	754.618	971.291	216.673	1515.565	796.868	0.213	0.050	0.678	0.451
sub-103_task-EyeTracking_physio	10	996.291	1279.629	283.338	1574.515	823.455	0.203	0.068	0.708	0.390
sub-103_task-EyeTracking_physio	10	1462.968	1679.635	216.667	1428.922	800.530	0.076	0.035	0.178	0.357
sub-103_task-EyeTracking_physio	10	1696.302	1929.646	233.344	1333.412	785.082	0.137	0.034	0.395	0.182
sub-103_task-EyeTracking_physio	10	1954.647	2246.316	291.669	1257.490	769.710	0.125	0.063	0.353	0.447
sub-103_task-EyeTracking_physio	10	2254.650	2496.322	241.672	1215.570	757.460	0.167	0.053	0.464	0.304
sub-103_task-EyeTracking_physio	10	2512.988	3004.659	491.671	1153.260	762.005	0.101	0.031	0.294	0.388
sub-103_task-EyeTracking_physio	11	-963.111	-63.093	900.018	1281.787	711.817	0.079	0.089	0.534	0.542
sub-103_task-EyeTracking_physio	11	-46.427	320.249	366.676	1297.070	740.538	0.135	0.046	0.487	0.322
sub-103_task-EyeTracking_physio	11	570.253	736.921	166.668	1351.872	803.597	0.120	0.041	0.231	0.457
sub-103_task-EyeTracking_physio	11	770.253	1053.592	283.339	1346.713	893.645	0.212	0.061	0.237	0.596
sub-103_task-EyeTracking_physio	11	1061.925	1328.598	266.673	1316.122	908.777	0.295	0.126	0.369	1.286
sub-103_task-EyeTracking_physio	11	1345.268	1586.938	241.670	1272.520	906.175	0.378	0.143	0.276	1.017
sub-103_task-EyeTracking_physio	11	1611.940	1903.614	291.674	1238.925	818.510	0.095	0.020	0.192	0.275
sub-103_task-EyeTracking_physio	11	1920.281	2120.283	200.002	1182.410	828.822	0.105	0.021	0.164	0.236
sub-103_task-EyeTracking_physio	11	2136.953	2436.960	300.007	1146.702	818.467	0.097	0.031	0.348	0.206
sub-103_task-EyeTracking_physio	11	2453.625	2636.961	183.336	1166.338	785.935	0.086	0.038	0.325	0.216
sub-103_task-EyeTracking_physio	11	2653.635	2811.969	158.334	1116.355	809.410	0.075	0.014	0.162	0.169
sub-103_task-EyeTracking_physio	11	2828.636	2995.306	166.670	1208.362	797.178	0.087	0.023	0.237	0.244
sub-103_task-EyeTracking_physio	12	-1534.466	-1134.458	400.008	1287.088	717.093	0.073	0.020	0.189	0.332
sub-103_task-EyeTracking_physio	12	-1117.791	-951.116	166.675	1264.477	720.465	0.064	0.020	0.190	0.172
sub-103_task-EyeTracking_physio	12	-934.449	-676.110	258.339	1288.250	712.645	0.087	0.055	0.367	0.366
sub-103_task-EyeTracking_physio	12	-459.442	257.244	716.686	1277.935	706.642	0.155	0.044	0.630	0.665
sub-103_task-EyeTracking_physio	12	282.243	482.245	200.002	1301.765	746.737	0.063	0.012	0.172	0.125
sub-103_task-EyeTracking_physio	12	507.250	723.919	216.669	1379.662	790.798	0.111	0.059	0.397	0.430
sub-103_task-EyeTracking_physio	12	740.586	1007.257	266.671	1452.222	814.438	0.295	0.131	1.173	0.434
sub-103_task-EyeTracking_physio	12	1023.928	1390.599	366.671	1450.358	871.062	0.265	0.099	0.429	0.774
sub-103_task-EyeTracking_physio	12	1407.271	1665.609	258.338	1425.250	893.975	0.286	0.072	0.300	0.740
sub-103_task-EyeTracking_physio	12	1682.276	1923.943	241.667	1393.630	930.125	0.316	0.136	0.346	1.139
sub-103_task-EyeTracking_physio	12	1932.282	2157.283	225.001	1355.610	931.675	0.489	0.320	0.819	1.146
sub-103_task-EyeTracking_physio	12	2173.950	2382.288	208.338	1282.080	867.745	0.229	0.065	0.225	0.517
sub-103_task-EyeTracking_physio	12	2407.288	2607.295	200.007	1206.350	841.565	0.114	0.030	0.220	0.372
sub-103_task-EyeTracking_physio	12	2632.294	2848.968	216.674	1159.883	815.507	0.108	0.035	0.268	0.317
sub-103_task-EyeTracking_physio	12	2882.300	2998.970	116.670	1095.035	785.348	0.082	0.013	0.156	0.163
sub-103_task-EyeTracking_physio	13	-1352.073	-1210.404	141.669	1270.510	735.860	0.075	0.025	0.213	0.245
sub-103_task-EyeTracking_physio	13	-960.399	-702.060	258.339	1241.470	708.380	0.102	0.057	0.360	0.465
sub-103_task-EyeTracking_physio	13	-685.393	231.292	916.685	1278.332	715.013	0.109	0.064	0.613	0.495
sub-103_task-EyeTracking_physio	13	247.963	472.964	225.001	1299.955	738.510	0.091	0.031	0.261	0.245
sub-103_task-EyeTracking_physio	13	497.964	706.304	208.340	1364.040	770.585	0.093	0.036	0.198	0.313
sub-103_task-EyeTracking_physio	13	722.970	939.641	216.671	1431.420	810.785	0.124	0.038	0.158	0.462
sub-103_task-EyeTracking_physio	13	964.642	1189.646	225.004	1508.580	841.380	0.177	0.067	0.312	0.594
sub-103_task-EyeTracking_physio	13	1214.647	1581.323	366.676	1596.470	862.775	0.158	0.077	0.537	0.543
sub-103_task-EyeTracking_physio	13	1614.656	1831.330	216.674	1648.697	777.438	0.123	0.037	0.254	0.225
sub-103_task-EyeTracking_physio	13	1856.330	2047.999	191.669	1609.425	746.320	0.164	0.046	0.610	0.405
sub-103_task-EyeTracking_physio	13	2072.999	2264.672	191.673	1543.890	712.410	0.107	0.042	0.369	0.234
sub-103_task-EyeTracking_physio	13	2281.338	2473.011	191.673	1470.010	698.945	0.205	0.073	0.459	0.370
sub-103_task-EyeTracking_physio	13	2506.345	2723.013	216.668	1370.948	713.065	0.088	0.028	0.257	0.251
sub-103_task-EyeTracking_physio	13	2748.018	2939.687	191.669	1271.555	753.355	0.073	0.017	0.161	0.229
sub-103_task-EyeTracking_physio	14	-736.246	-619.577	116.669	1285.457	765.533	0.271	0.374	0.607	1.032
sub-103_task-EyeTracking_physio	14	-461.241	-11.233	450.008	1281.900	725.095	0.111	0.113	0.409	0.764
sub-103_task-EyeTracking_physio	14	5.434	313.778	308.344	1293.325	758.860	0.157	0.071	0.428	0.410
sub-103_task-EyeTracking_physio	14	330.445	538.781	208.336	1326.620	766.160	0.154	0.063	0.366	0.452
sub-103_task-EyeTracking_physio	14	555.450	772.119	216.669	1390.412	773.773	0.083	0.022	0.225	0.260
sub-103_task-EyeTracking_physio	14	805.456	1072.130	266.674	1449.870	771.692	0.101	0.031	0.305	0.278
sub-103_task-EyeTracking_physio	14	1088.795	1280.465	191.670	1469.100	762.425	0.123	0.036	0.446	0.240
sub-103_task-EyeTracking_physio	14	1297.131	1505.473	208.342	1434.620	751.910	0.113	0.034	0.317	0.335
sub-103_task-EyeTracking_physio	14	1530.473	1738.810	208.337	1370.555	743.850	0.130	0.029	0.204	0.318
sub-103_task-EyeTracking_physio	14	1755.476	1947.145	191.669	1283.525	743.085	0.098	0.023	0.244	0.280
sub-103_task-EyeTracking_physio	14	1963.812	2172.151	208.339	1202.355	737.245	0.076	0.014	0.133	0.179
sub-103_task-EyeTracking_physio	14	2188.818	2422.157	233.339	1126.118	738.197	0.072	0.015	0.150	0.197
sub-103_task-EyeTracking_physio	14	2455.491	2713.831	258.340	1049.045	757.350	0.063	0.008	0.112	0.197
sub-103_task-EyeTracking_physio	15	-1080.541	-888.871	191.670	1254.760	741.905	0.154	0.041	0.316	0.371
sub-103_task-EyeTracking_physio	15	-872.198	-738.863	133.335	1283.455	742.310	0.526	0.182	1.243	0.959
sub-103_task-EyeTracking_physio	15	-505.529	-38.848	466.681	1294.207	714.725	0.100	0.062	0.307	0.540
sub-103_task-EyeTracking_physio	15	-30.515	277.823	308.338	1291.275	732.775	0.093	0.028	0.302	0.262
sub-103_task-EyeTracking_physio	15	286.155	511.163	225.008	1309.415	725.995	0.176	0.078	0.637	0.417
sub-103_task-EyeTracking_physio	15	527.829	677.832	150.003	1384.455	749.717	0.087	0.032	0.207	0.273
sub-103_task-EyeTracking_physio	15	694.499	927.837	233.338	1444.905	771.247	0.120	0.038	0.235	0.395
sub-103_task-EyeTracking_physio	15	952.836	1161.177	208.341	1520.385	759.265	0.206	0.079	0.671	0.326
sub-103_task-EyeTracking_physio	15	1177.843	1311.180	133.337	1573.705	745.457	0.128	0.046	0.237	0.425
sub-103_task-EyeTracking_physio	15	1327.847	1611.186	283.339	1622.682	723.567	0.096	0.036	0.269	0.312
sub-103_task-EyeTracking_physio	15	1819.527	2144.537	325.010	1624.645	679.040	0.098	0.037	0.297	0.414
sub-103_task-EyeTracking_physio	15	2161.201	2452.875	291.674	1596.145	686.395	0.164	0.038	0.316	0.340
sub-103_task-EyeTracking_physio	15	2477.873	2677.880	200.007	1529.003	686.195	0.083	0.022	0.199	0.230
sub-103_task-EyeTracking_physio	15	2702.881	2911.215	208.334	1440.155	698.645	0.118	0.029	0.366	0.179
sub-103_task-EyeTracking_physio	16	-836.695	-653.367	183.328	1323.128	733.615	0.078	0.032	0.188	0.378
sub-103_task-EyeTracking_physio	16	-461.695	-311.694	150.001	1310.015	739.140	0.251	0.052	0.124	0.637
sub-103_task-EyeTracking_physio	16	-295.027	-120.015	175.012	1273.275	719.615	0.124	0.038	0.229	0.357
sub-103_task-EyeTracking_physio	16	-103.357	321.656	425.013	1299.590	719.360	0.096	0.021	0.225	0.318
sub-103_task-EyeTracking_physio	16	338.323	538.325	200.002	1336.837	715.585	0.120	0.039	0.305	0.318
sub-103_task-EyeTracking_physio	16	563.324	763.332	200.008	1391.432	721.995	0.104	0.024	0.222	0.288
sub-103_task-EyeTracking_physio	16	779.998	988.338	208.340	1445.600	723.280	0.118	0.040	0.263	0.387
sub-103_task-EyeTracking_physio	16	1013.338	1263.345	250.007	1531.212	737.370	0.109	0.039	0.352	0.303
sub-103_task-EyeTracking_physio	16	1271.680	1496.683	225.003	1550.745	730.015	0.121	0.029	0.244	0.281
sub-103_task-EyeTracking_physio	16	1513.350	1780.019	266.669	1543.170	709.350	0.113	0.028	0.293	0.279
sub-103_task-EyeTracking_physio	16	1796.686	2405.034	608.348	1529.200	699.805	0.095	0.048	0.496	0.377
sub-103_task-EyeTracking_physio	16	2413.373	2671.710	258.337	1548.670	714.305	0.159	0.048	0.351	0.513
sub-103_task-EyeTracking_physio	16	2688.377	3005.047	316.670	1529.455	696.178	0.054	0.009	0.146	0.243
sub-103_task-EyeTracking_physio	17	-874.148	-640.809	233.339	1335.865	721.723	0.138	0.051	0.238	0.571
sub-103_task-EyeTracking_physio	17	-307.463	-165.792	141.671	1327.945	761.010	0.201	0.060	0.479	0.414
sub-103_task-EyeTracking_physio	17	-149.126	50.873	199.999	1304.115	743.062	0.159	0.053	0.365	0.421
sub-103_task-EyeTracking_physio	17	59.206	317.550	258.344	1322.725	740.300	0.119	0.041	0.379	0.426
sub-103_task-EyeTracking_physio	17	334.221	542.559	208.338	1360.480	734.610	0.102	0.033	0.218	0.326
sub-103_task-EyeTracking_physio	17	567.558	800.899	233.341	1383.430	710.817	0.071	0.018	0.163	0.268
sub-103_task-EyeTracking_physio	17	817.565	1075.905	258.340	1360.110	670.965	0.080	0.033	0.259	0.260
sub-103_task-EyeTracking_physio	17	1092.572	1484.249	391.677	1348.270	636.845	0.078	0.021	0.204	0.330
sub-103_task-EyeTracking_physio	17	1500.916	1984.264	483.348	1348.688	663.475	0.080	0.046	0.431	0.308
sub-103_task-EyeTracking_physio	17	2017.598	3000.960	983.362	1354.102	666.098	0.084	0.083	0.522	0.405
sub-103_task-EyeTracking_physio	18	-236.028	-44.360	191.668	1278.405	714.880	0.108	0.019	0.156	0.307
sub-103_task-EyeTracking_physio	18	-27.692	538.992	566.684	1312.695	716.750	0.128	0.037	0.230	0.397
sub-103_task-EyeTracking_physio	18	563.992	813.999	250.007	1292.602	712.673	0.088	0.033	0.262	0.289
sub-103_task-EyeTracking_physio	18	830.664	947.334	116.670	1225.233	723.253	0.123	0.046	0.252	0.300
sub-103_task-EyeTracking_physio	18	964.001	1155.668	191.667	1196.990	746.900	0.125	0.027	0.472	0.201
sub-103_task-EyeTracking_physio	18	1172.335	1364.009	191.674	1154.190	750.345	0.079	0.042	0.371	0.228
sub-103_task-EyeTracking_physio	18	1380.676	1539.012	158.336	1151.190	781.275	0.098	0.027	0.182	0.225
sub-103_task-EyeTracking_physio	18	1555.679	1772.352	216.673	1112.607	791.502	0.090	0.040	0.354	0.294
sub-103_task-EyeTracking_physio	18	1789.018	1980.692	191.674	1078.510	796.615	0.090	0.019	0.175	0.212
sub-103_task-EyeTracking_physio	18	2005.691	2139.030	133.339	1113.535	775.963	0.085	0.038	0.267	0.312
sub-103_task-EyeTracking_physio	18	2155.697	2522.370	366.673	1170.620	771.160	0.111	0.036	0.288	0.392
sub-103_task-EyeTracking_physio	18	2539.037	2905.713	366.676	1188.923	787.723	0.104	0.029	0.280	0.267
sub-103_task-EyeTracking_physio	19	-1821.920	-571.887	1250.033	1260.047	758.715	0.133	0.207	0.587	0.912
sub-103_task-EyeTracking_physio	19	-555.221	-5.210	550.011	1283.182	718.518	0.079	0.044	0.331	0.290
sub-103_task-EyeTracking_physio	19	11.457	178.127	166.670	1271.635	735.900	0.090	0.014	0.153	0.159
sub-103_task-EyeTracking_physio	19	194.798	328.135	133.337	1263.418	760.017	0.100	0.024	0.189	0.207
sub-103_task-EyeTracking_physio	19	361.468	561.469	200.001	1292.148	760.633	0.127	0.036	0.405	0.291
sub-103_task-EyeTracking_physio	19	586.469	811.477	225.008	1345.770	763.895	0.080	0.021	0.130	0.383
sub-103_task-EyeTracking_physio	19	828.143	944.814	116.671	1342.285	747.663	0.143	0.044	0.400	0.194
sub-103_task-EyeTracking_physio	19	969.813	1194.820	225.007	1397.045	738.830	0.089	0.023	0.215	0.335
sub-103_task-EyeTracking_physio	19	1211.485	1403.160	191.675	1424.570	683.720	0.230	0.059	0.543	0.305
sub-103_task-EyeTracking_physio	19	1436.493	1661.499	225.006	1439.940	637.690	0.243	0.066	0.756	0.638
sub-103_task-EyeTracking_physio	19	1678.166	1928.174	250.008	1414.197	625.388	0.234	0.060	0.678	0.426
sub-103_task-EyeTracking_physio	19	1936.507	2144.843	208.336	1429.890	644.595	0.112	0.026	0.201	0.205
sub-103_task-EyeTracking_physio	19	2169.847	2511.520	341.673	1413.020	734.535	0.098	0.036	0.320	0.270
sub-103_task-EyeTracking_physio	19	2528.187	3003.200	475.013	1382.530	751.410	0.122	0.035	0.477	0.340
sub-103_task-EyeTracking_physio	20	-1470.865	-1120.857	350.008	1279.125	725.690	0.088	0.033	0.204	0.453
sub-103_task-EyeTracking_physio	20	-1104.187	-887.520	216.667	1294.605	734.803	0.130	0.034	0.311	0.317
sub-103_task-EyeTracking_physio	20	-870.853	-479.176	391.677	1304.960	746.835	0.100	0.039	0.397	0.471
sub-103_task-EyeTracking_physio	20	-454.176	37.503	491.679	1287.600	729.635	0.092	0.040	0.399	0.327
sub-103_task-EyeTracking_physio	20	54.170	954.192	900.022	1309.118	731.195	0.073	0.048	0.312	0.442
sub-103_task-EyeTracking_physio	20	970.858	1179.196	208.338	1272.205	716.285	0.085	0.018	0.236	0.193
sub-103_task-EyeTracking_physio	20	1195.863	1429.204	233.341	1225.053	711.668	0.087	0.019	0.184	0.270
sub-103_task-EyeTracking_physio	20	1454.204	1720.876	266.672	1143.697	732.037	0.082	0.021	0.205	0.203
sub-103_task-EyeTracking_physio	20	1737.542	1904.212	166.670	1108.562	738.335	0.100	0.023	0.323	0.199
sub-103_task-EyeTracking_physio	20	1920.884	2070.884	150.000	1056.872	713.237	0.087	0.019	0.160	0.251
sub-103_task-EyeTracking_physio	20	2095.884	2312.559	216.675	1014.845	706.790	0.070	0.016	0.198	0.197
sub-103_task-EyeTracking_physio	20	2329.226	2654.231	325.005	990.105	685.795	0.083	0.029	0.338	0.244
sub-103_task-EyeTracking_physio	20	2670.897	2979.242	308.345	959.085	691.600	0.075	0.012	0.190	0.189
sub-103_task-EyeTracking_physio	21	-498.536	-323.533	175.003	1231.395	759.175	0.113	0.061	0.259	0.484
sub-103_task-EyeTracking_physio	21	-106.861	359.813	466.674	1283.472	706.783	0.092	0.031	0.196	0.462
sub-103_task-EyeTracking_physio	21	384.819	576.488	191.669	1324.720	700.175	0.125	0.049	0.260	0.333
sub-103_task-EyeTracking_physio	21	593.154	759.823	166.669	1360.605	686.410	0.197	0.090	0.438	0.420
sub-103_task-EyeTracking_physio	21	784.829	1318.173	533.344	1358.190	754.027	0.138	0.054	0.305	0.623
sub-103_task-EyeTracking_physio	21	1334.839	1534.843	200.004	1333.658	756.695	0.090	0.020	0.165	0.266
sub-103_task-EyeTracking_physio	21	1551.509	1751.517	200.008	1365.495	764.453	0.106	0.021	0.241	0.180
sub-103_task-EyeTracking_physio	21	1776.517	2084.860	308.343	1413.120	734.550	0.105	0.020	0.172	0.255
sub-103_task-EyeTracking_physio	21	2093.194	2426.530	333.336	1394.207	742.097	0.078	0.024	0.294	0.158
sub-103_task-EyeTracking_physio	21	2443.198	2684.871	241.673	1448.790	754.860	0.100	0.036	0.372	0.193
sub-103_task-EyeTracking_physio	21	2709.871	2918.212	208.341	1526.385	793.660	0.084	0.037	0.293	0.222
sub-103_task-EyeTracking_physio	22	-1471.961	-1330.292	141.669	1346.060	747.790	0.076	0.024	0.156	0.297
sub-103_task-EyeTracking_physio	22	-1305.288	-1038.614	266.674	1291.485	741.030	0.090	0.025	0.280	0.244
sub-103_task-EyeTracking_physio	22	-1021.947	-913.610	108.337	1331.515	764.750	0.090	0.018	0.235	0.156
sub-103_task-EyeTracking_physio	22	-905.278	-646.939	258.339	1355.560	784.395	0.089	0.022	0.196	0.278
sub-103_task-EyeTracking_physio	22	-630.272	-463.604	166.668	1325.713	775.745	0.094	0.028	0.206	0.307
sub-103_task-EyeTracking_physio	22	-446.938	53.075	500.013	1283.845	730.680	0.093	0.049	0.284	0.423
sub-103_task-EyeTracking_physio	22	69.742	203.081	133.339	1293.133	767.395	0.087	0.036	0.196	0.348
sub-103_task-EyeTracking_physio	22	219.747	436.420	216.673	1343.530	770.545	0.085	0.038	0.218	0.355
sub-103_task-EyeTracking_physio	22	453.086	669.762	216.676	1390.150	783.905	0.105	0.028	0.268	0.233
sub-103_task-EyeTracking_physio	22	686.428	953.099	266.671	1440.893	819.600	0.089	0.017	0.162	0.223
sub-103_task-EyeTracking_physio	22	969.766	1228.106	258.340	1495.955	870.645	0.183	0.101	0.582	0.642
sub-103_task-EyeTracking_physio	22	1244.771	1453.111	208.340	1547.145	928.700	0.225	0.097	0.437	0.536
sub-103_task-EyeTracking_physio	22	1469.776	1686.449	216.673	1590.145	980.170	0.276	0.127	0.351	1.064
sub-103_task-EyeTracking_physio	22	1703.118	2019.790	316.672	1652.450	988.240	0.208	0.082	0.418	0.526
sub-103_task-EyeTracking_physio	22	2036.457	2303.130	266.673	1641.342	932.717	0.187	0.073	0.454	0.464
sub-103_task-EyeTracking_physio	22	2336.463	2569.803	233.340	1529.735	851.600	0.148	0.045	0.392	0.340
sub-103_task-EyeTracking_physio	22	2586.470	2786.476	200.006	1435.520	832.773	0.125	0.052	0.332	0.297
sub-103_task-EyeTracking_physio	22	2811.476	3003.145	191.669	1322.160	807.555	0.120	0.043	0.313	0.350
sub-103_task-EyeTracking_physio	23	-542.392	-350.726	191.666	1291.425	697.910	0.055	0.009	0.147	0.137
sub-103_task-EyeTracking_physio	23	-334.053	174.287	508.340	1280.660	712.720	0.087	0.029	0.377	0.247
sub-103_task-EyeTracking_physio	23	199.293	399.294	200.001	1332.622	755.942	0.090	0.016	0.152	0.291
sub-103_task-EyeTracking_physio	23	432.627	624.301	191.674	1384.885	783.080	0.177	0.036	0.186	0.629
sub-103_task-EyeTracking_physio	23	649.300	849.308	200.008	1482.050	787.712	0.245	0.048	0.353	0.776
sub-103_task-EyeTracking_physio	23	882.641	1365.989	483.348	1549.105	782.850	0.121	0.036	0.277	0.556
sub-103_task-EyeTracking_physio	23	1382.656	1682.665	300.009	1499.767	776.965	0.121	0.052	0.342	0.534
sub-103_task-EyeTracking_physio	23	1699.332	1966.003	266.671	1475.780	770.957	0.111	0.048	0.283	0.512
sub-103_task-EyeTracking_physio	23	1982.671	2274.345	291.674	1450.730	766.360	0.109	0.026	0.297	0.232
sub-103_task-EyeTracking_physio	23	2291.016	2666.022	375.006	1422.845	773.615	0.142	0.040	0.648	0.301
sub-103_task-EyeTracking_physio	23	2682.693	2824.363	141.670	1468.500	782.655	0.131	0.048	0.312	0.340
sub-103_task-EyeTracking_physio	24	-1316.233	-982.894	333.339	1302.763	718.855	0.076	0.021	0.250	0.245
sub-103_task-EyeTracking_physio	24	-757.887	-116.201	641.686	1284.520	706.600	0.092	0.044	0.236	0.540
sub-103_task-EyeTracking_physio	24	-91.202	200.474	291.676	1305.690	736.060	0.069	0.028	0.334	0.234
sub-103_task-EyeTracking_physio	24	217.141	458.816	241.675	1348.425	756.615	0.084	0.041	0.407	0.265
sub-103_task-EyeTracking_physio	24	483.815	733.822	250.007	1436.375	794.112	0.083	0.015	0.158	0.202
sub-103_task-EyeTracking_physio	24	742.155	975.496	233.341	1475.388	831.105	0.145	0.048	0.530	0.295
sub-103_task-EyeTracking_physio	24	992.163	1275.501	283.338	1556.110	860.955	0.149	0.055	0.351	0.377
sub-103_task-EyeTracking_physio	24	1292.176	1675.515	383.339	1598.562	897.283	0.167	0.060	0.663	0.464
sub-103_task-EyeTracking_physio	24	1700.515	1900.519	200.004	1503.160	866.490	0.188	0.059	0.370	0.431
sub-103_task-EyeTracking_physio	24	1917.186	2117.191	200.005	1441.828	823.610	0.136	0.029	0.347	0.258
sub-103_task-EyeTracking_physio	24	2142.191	2367.198	225.007	1366.895	794.730	0.096	0.027	0.217	0.300
sub-103_task-EyeTracking_physio	24	2392.198	2608.870	216.672	1289.142	754.747	0.090	0.042	0.273	0.328
sub-103_task-EyeTracking_physio	24	2625.537	2892.211	266.674	1203.910	731.100	0.115	0.054	0.365	0.365
sub-103_task-EyeTracking_physio	25	-1241.007	-1066.005	175.002	1314.880	701.830	0.092	0.044	0.184	0.530
sub-103_task-EyeTracking_physio	25	-757.660	-582.657	175.003	1277.675	691.065	0.096	0.049	0.203	0.466
sub-103_task-EyeTracking_physio	25	-565.991	75.692	641.683	1295.070	708.370	0.081	0.033	0.308	0.350
sub-103_task-EyeTracking_physio	25	92.359	309.030	216.671	1312.947	721.827	0.073	0.030	0.254	0.303
sub-103_task-EyeTracking_physio	25	325.696	559.039	233.343	1383.430	728.385	0.147	0.042	0.492	0.317
sub-103_task-EyeTracking_physio	25	584.038	775.708	191.670	1464.905	741.020	0.140	0.056	0.484	0.334
sub-103_task-EyeTracking_physio	25	792.375	1042.380	250.005	1508.068	737.545	0.085	0.022	0.218	0.300
sub-103_task-EyeTracking_physio	25	1075.718	1259.054	183.336	1465.827	727.630	0.198	0.041	0.666	0.208
sub-103_task-EyeTracking_physio	25	1284.054	1617.397	333.343	1384.585	716.895	0.138	0.030	0.495	0.187
sub-103_task-EyeTracking_physio	25	1634.064	1875.737	241.673	1330.565	710.285	0.095	0.022	0.249	0.304
sub-103_task-EyeTracking_physio	25	1900.738	2167.410	266.672	1292.855	700.258	0.065	0.022	0.219	0.235
sub-103_task-EyeTracking_physio	25	2192.408	2425.750	233.342	1240.420	704.790	0.095	0.024	0.229	0.229
sub-103_task-EyeTracking_physio	25	2442.417	2709.088	266.671	1198.485	699.615	0.092	0.029	0.277	0.251
sub-103_task-EyeTracking_physio	25	2725.754	3000.761	275.007	1270.085	698.325	0.085	0.023	0.290	0.229
sub-103_task-EyeTracking_physio	26	-1147.616	-772.605	375.011	1311.980	702.695	0.106	0.034	0.301	0.302
sub-103_task-EyeTracking_physio	26	-755.939	327.420	1083.359	1282.135	718.670	0.105	0.075	0.549	0.632
sub-103_task-EyeTracking_physio	26	352.420	577.427	225.007	1265.410	731.035	0.175	0.106	0.595	0.552
sub-103_task-EyeTracking_physio	26	602.427	810.767	208.340	1254.300	689.800	0.139	0.033	0.365	0.204
sub-103_task-EyeTracking_physio	26	827.433	1127.439	300.006	1245.345	665.558	0.101	0.053	0.458	0.304
sub-103_task-EyeTracking_physio	26	1144.105	1569.118	425.013	1219.155	686.500	0.091	0.022	0.303	0.343
sub-103_task-EyeTracking_physio	26	1594.118	2352.474	758.356	1247.955	685.290	0.099	0.034	0.406	0.390
sub-103_task-EyeTracking_physio	26	2377.473	2710.813	333.340	1218.773	709.585	0.089	0.018	0.253	0.190
sub-103_task-EyeTracking_physio	26	2727.479	3002.488	275.009	1244.925	700.185	0.097	0.024	0.172	0.284
sub-103_task-EyeTracking_physio	27	-2728.555	-2395.215	333.340	1269.395	704.452	0.152	0.084	0.913	0.297
sub-103_task-EyeTracking_physio	27	-1745.200	-1461.859	283.341	1275.572	728.352	0.078	0.029	0.255	0.289
sub-103_task-EyeTracking_physio	27	-1020.179	-811.843	208.336	1291.505	724.815	0.072	0.058	0.246	0.498
sub-103_task-EyeTracking_physio	27	-795.177	-645.170	150.007	1265.680	710.412	0.063	0.013	0.212	0.118
sub-103_task-EyeTracking_physio	27	-628.503	338.186	966.689	1286.535	713.085	0.082	0.032	0.261	0.439
sub-103_task-EyeTracking_physio	27	354.852	704.862	350.010	1308.730	712.562	0.127	0.042	0.284	0.333
sub-103_task-EyeTracking_physio	27	729.862	938.201	208.339	1373.950	727.070	0.128	0.048	0.316	0.349
sub-103_task-EyeTracking_physio	27	954.866	1188.209	233.343	1448.577	734.130	0.199	0.076	0.528	0.284
sub-103_task-EyeTracking_physio	27	1204.876	1513.213	308.337	1428.310	713.200	0.329	0.152	1.028	0.675
sub-103_task-EyeTracking_physio	27	1529.880	1821.552	291.672	1458.445	714.305	0.174	0.076	0.449	0.356
sub-103_task-EyeTracking_physio	27	1838.224	2338.232	500.008	1412.612	712.330	0.199	0.091	0.862	0.478
sub-103_task-EyeTracking_physio	27	2354.898	2529.904	175.006	1428.320	694.580	0.122	0.035	0.203	0.260
sub-103_task-EyeTracking_physio	27	2554.904	2821.578	266.674	1391.562	678.715	0.190	0.074	0.533	0.556
sub-103_task-EyeTracking_physio	27	2838.245	3004.916	166.671	1424.707	702.868	0.180	0.067	0.665	0.273
sub-103_task-EyeTracking_physio	28	-989.784	-798.110	191.674	1306.795	733.940	0.083	0.027	0.244	0.262
sub-103_task-EyeTracking_physio	28	-789.776	-56.426	733.350	1321.077	721.695	0.083	0.063	0.377	0.401
sub-103_task-EyeTracking_physio	28	-48.093	285.248	333.341	1289.428	717.730	0.129	0.050	0.429	0.388
sub-103_task-EyeTracking_physio	28	301.914	501.925	200.011	1312.827	733.870	0.123	0.053	0.429	0.350
sub-103_task-EyeTracking_physio	28	518.590	810.263	291.673	1321.060	770.965	0.113	0.033	0.216	0.379
sub-103_task-EyeTracking_physio	28	1001.937	1301.943	300.006	1442.210	787.155	0.114	0.040	0.249	0.538
sub-103_task-EyeTracking_physio	28	1318.609	1451.945	133.336	1517.402	814.910	0.136	0.041	0.222	0.348
sub-103_task-EyeTracking_physio	28	1468.610	1701.952	233.342	1433.707	823.015	0.201	0.091	0.361	0.664
sub-103_task-EyeTracking_physio	28	1735.285	1910.301	175.016	1377.895	802.485	0.117	0.045	0.309	0.451
sub-103_task-EyeTracking_physio	28	1926.967	2126.969	200.002	1287.105	802.955	0.090	0.026	0.189	0.270
sub-103_task-EyeTracking_physio	28	2151.969	2335.306	183.337	1168.730	812.505	0.122	0.035	0.226	0.335
sub-103_task-EyeTracking_physio	28	2360.306	2510.311	150.005	1061.967	815.205	0.093	0.035	0.238	0.260
sub-103_task-EyeTracking_physio	28	2526.978	2701.984	175.006	1001.140	817.470	0.076	0.018	0.177	0.237
sub-103_task-EyeTracking_physio	28	2718.651	2868.654	150.003	960.757	764.860	0.099	0.051	0.365	0.325
sub-103_task-EyeTracking_physio	28	2893.654	3001.989	108.335	921.760	774.280	0.075	0.014	0.128	0.212
sub-103_task-EyeTracking_physio	29	-1178.175	-1011.501	166.674	1233.628	717.598	0.403	0.968	2.973	1.049
sub-103_task-EyeTracking_physio	29	-694.826	-519.824	175.002	1313.035	726.325	0.112	0.071	0.204	0.652
sub-103_task-EyeTracking_physio	29	-319.816	-86.477	233.339	1299.422	728.415	0.088	0.021	0.195	0.334
sub-103_task-EyeTracking_physio	29	-69.810	596.873	666.683	1286.852	764.178	0.126	0.110	0.665	0.659
sub-103_task-EyeTracking_physio	29	613.539	871.874	258.335	1252.735	816.330	0.136	0.061	0.203	0.714
sub-103_task-EyeTracking_physio	29	888.538	1121.884	233.346	1185.965	850.053	0.198	0.065	0.278	0.538
sub-103_task-EyeTracking_physio	29	1138.550	1396.888	258.338	1166.920	902.445	0.241	0.095	0.346	0.657
sub-103_task-EyeTracking_physio	29	1413.555	1605.229	191.674	1210.945	960.625	0.443	0.166	0.320	1.208
sub-103_task-EyeTracking_physio	29	1621.896	1830.230	208.334	1305.315	949.470	0.448	0.316	0.702	1.373
sub-103_task-EyeTracking_physio	29	1863.566	2080.238	216.672	1435.280	928.190	0.320	0.122	0.354	0.897
sub-103_task-EyeTracking_physio	29	2113.575	2305.242	191.667	1516.190	941.880	0.232	0.143	0.332	0.858
sub-103_task-EyeTracking_physio	29	2321.909	2496.913	175.004	1604.735	960.850	0.210	0.093	0.360	0.545
sub-103_task-EyeTracking_physio	29	2513.584	2713.587	200.003	1653.053	990.040	0.155	0.058	0.230	0.550
sub-103_task-EyeTracking_physio	29	2730.253	2996.926	266.673	1618.645	985.710	0.189	0.078	0.360	0.456
sub-103_task-EyeTracking_physio	30	-982.991	-824.656	158.335	1303.885	720.075	0.102	0.061	0.152	0.730
sub-103_task-EyeTracking_physio	30	-641.317	417.040	1058.357	1283.815	709.045	0.087	0.053	0.245	0.799
sub-103_task-EyeTracking_physio	30	433.706	658.712	225.006	1224.405	689.115	0.073	0.024	0.192	0.271
sub-103_task-EyeTracking_physio	30	683.711	925.385	241.674	1163.290	685.725	0.084	0.028	0.197	0.306
sub-103_task-EyeTracking_physio	30	942.052	1400.392	458.340	1160.145	655.730	0.131	0.110	0.682	0.428
sub-103_task-EyeTracking_physio	30	1433.730	1842.072	408.342	1187.235	644.000	0.143	0.058	0.400	0.524
sub-103_task-EyeTracking_physio	30	1867.071	2075.412	208.341	1172.905	568.065	0.070	0.025	0.157	0.332
sub-103_task-EyeTracking_physio	30	2092.078	2325.414	233.336	1151.275	513.153	0.085	0.033	0.299	0.299
sub-103_task-EyeTracking_physio	30	2342.084	2508.755	166.671	1113.657	485.528	0.072	0.021	0.286	0.278
sub-103_task-EyeTracking_physio	30	2525.422	2700.420	174.998	1076.970	549.625	0.072	0.012	0.138	0.215
sub-103_task-EyeTracking_physio	30	2842.092	3000.433	158.341	1090.755	713.370	1.107	0.815	0.776	4.556
sub-103_task-EyeTracking_physio	31	-380.720	-247.385	133.335	1172.872	758.253	0.107	0.023	0.103	0.395
sub-103_task-EyeTracking_physio	31	-222.386	-55.715	166.671	1253.673	737.815	0.113	0.031	0.315	0.218
sub-103_task-EyeTracking_physio	31	-47.381	410.963	458.344	1281.600	733.685	0.186	0.095	0.654	0.617
sub-103_task-EyeTracking_physio	31	419.296	602.636	183.340	1309.640	739.152	0.145	0.055	0.454	0.262
sub-103_task-EyeTracking_physio	31	627.638	810.972	183.334	1387.225	773.842	0.136	0.053	0.257	0.402
sub-103_task-EyeTracking_physio	31	835.973	1052.646	216.673	1485.410	794.817	0.114	0.025	0.293	0.211
sub-103_task-EyeTracking_physio	31	1077.646	1335.985	258.339	1569.440	826.975	0.259	0.070	0.749	0.667
sub-103_task-EyeTracking_physio	31	1352.652	1544.326	191.674	1624.350	854.295	0.130	0.043	0.293	0.315
sub-103_task-EyeTracking_physio	31	1794.334	2052.665	258.331	1546.390	802.530	0.101	0.062	0.247	0.604
sub-103_task-EyeTracking_physio	31	2077.672	2311.006	233.334	1431.390	767.362	0.114	0.036	0.220	0.394
sub-103_task-EyeTracking_physio	31	2336.011	2536.014	200.003	1351.710	739.590	0.094	0.036	0.199	0.342
sub-103_task-EyeTracking_physio	31	2561.013	2769.354	208.341	1238.565	730.610	0.115	0.037	0.324	0.335
sub-103_task-EyeTracking_physio	31	2794.353	3019.359	225.006	1145.710	740.710	0.124	0.055	0.237	0.438
sub-103_task-EyeTracking_physio	32	-1137.890	-1012.888	125.002	1077.020	756.150	0.084	0.038	0.118	0.472
sub-103_task-EyeTracking_physio	32	-987.884	-762.882	225.002	1254.800	742.355	0.198	0.063	0.448	0.379
sub-103_task-EyeTracking_physio	32	-479.548	20.467	500.015	1288.260	715.825	0.078	0.032	0.276	0.353
sub-103_task-EyeTracking_physio	32	37.134	378.808	341.674	1274.420	756.790	0.103	0.026	0.284	0.302
sub-103_task-EyeTracking_physio	32	387.141	662.149	275.008	1288.430	781.795	0.141	0.042	0.267	0.381
sub-103_task-EyeTracking_physio	32	687.148	945.490	258.342	1249.070	789.625	0.138	0.040	0.381	0.445
sub-103_task-EyeTracking_physio	32	962.156	1212.160	250.004	1215.110	791.070	0.134	0.053	0.328	0.360
sub-103_task-EyeTracking_physio	32	1237.163	1462.168	225.005	1177.045	759.360	0.099	0.028	0.259	0.380
sub-103_task-EyeTracking_physio	32	1478.834	1703.839	225.005	1158.680	687.735	0.164	0.082	0.415	0.457
sub-103_task-EyeTracking_physio	32	1720.504	1887.172	166.668	1194.400	616.995	0.099	0.022	0.194	0.211
sub-103_task-EyeTracking_physio	32	1903.846	2112.179	208.333	1290.615	623.495	0.137	0.053	0.366	0.446
sub-103_task-EyeTracking_physio	32	2128.845	2412.183	283.338	1342.852	658.133	0.167	0.058	0.491	0.420
sub-103_task-EyeTracking_physio	32	2428.857	2687.194	258.337	1308.120	713.010	0.172	0.062	0.377	0.359
sub-103_task-EyeTracking_physio	32	2703.860	2903.863	200.003	1274.390	783.725	0.178	0.049	0.358	0.483
sub-103_task-EyeTracking_physio	33	-537.829	-329.491	208.338	1296.505	723.550	0.136	0.051	0.221	0.614
sub-103_task-EyeTracking_physio	33	-312.825	-104.485	208.340	1272.745	718.430	0.083	0.019	0.138	0.231
sub-103_task-EyeTracking_physio	33	-87.819	370.528	458.347	1289.870	741.605	0.093	0.068	0.376	0.448
sub-103_task-EyeTracking_physio	33	378.861	670.534	291.673	1295.910	719.000	0.116	0.037	0.372	0.310
sub-103_task-EyeTracking_physio	33	687.200	920.537	233.337	1285.653	675.185	0.147	0.049	0.442	0.274
sub-103_task-EyeTracking_physio	33	945.538	1170.545	225.007	1245.470	661.460	0.145	0.046	0.391	0.367
sub-103_task-EyeTracking_physio	33	1187.211	2078.902	891.691	1233.335	605.250	0.125	0.080	0.487	0.477
sub-103_task-EyeTracking_physio	33	2103.902	2328.909	225.007	1248.790	616.720	0.099	0.014	0.223	0.202
sub-103_task-EyeTracking_physio	33	2353.909	2695.579	341.670	1240.955	687.020	0.144	0.055	0.579	0.338
sub-103_task-EyeTracking_physio	33	2703.913	3003.923	300.010	1236.935	625.803	0.152	0.052	0.521	0.291
sub-103_task-EyeTracking_physio	34	-1190.463	-1040.457	150.006	1241.795	610.530	0.212	0.045	0.320	0.209
sub-103_task-EyeTracking_physio	34	-1015.458	-815.454	200.004	1281.365	712.825	0.101	0.016	0.228	0.157
sub-103_task-EyeTracking_physio	34	-565.447	334.566	900.013	1280.257	725.452	0.166	0.097	1.064	0.557
sub-103_task-EyeTracking_physio	34	367.907	709.582	341.675	1328.760	707.595	0.263	0.125	0.893	0.744
sub-103_task-EyeTracking_physio	34	726.248	1109.592	383.344	1259.600	683.145	0.178	0.045	0.594	0.232
sub-103_task-EyeTracking_physio	34	1126.257	1426.261	300.004	1227.065	683.173	0.115	0.035	0.364	0.257
sub-103_task-EyeTracking_physio	34	1442.928	1667.934	225.006	1192.990	675.775	0.115	0.029	0.249	0.296
sub-103_task-EyeTracking_physio	34	1692.935	2459.615	766.680	1137.285	678.425	0.138	0.052	0.867	0.335
sub-103_task-EyeTracking_physio	34	2476.282	2701.289	225.007	1179.855	678.370	0.064	0.011	0.130	0.207
sub-103_task-EyeTracking_physio	34	2726.289	3001.292	275.003	1223.125	681.495	0.084	0.019	0.247	0.306
sub-103_task-EyeTracking_physio	35	-834.073	74.279	908.352	1278.570	719.960	0.183	0.111	0.768	0.479
sub-103_task-EyeTracking_physio	35	82.613	249.281	166.668	1247.080	734.793	0.181	0.077	0.645	0.318
sub-103_task-EyeTracking_physio	35	390.947	749.293	358.346	1252.160	768.600	0.177	0.077	0.602	0.462
sub-103_task-EyeTracking_physio	35	765.958	982.633	216.675	1162.317	774.845	0.116	0.033	0.331	0.273
sub-103_task-EyeTracking_physio	35	999.299	1199.301	200.002	1087.588	781.447	0.104	0.032	0.192	0.278
sub-103_task-EyeTracking_physio	35	1224.300	1415.973	191.673	1027.480	789.605	0.123	0.052	0.300	0.354
sub-103_task-EyeTracking_physio	35	1440.972	1707.645	266.673	964.672	765.812	0.103	0.045	0.199	0.479
sub-103_task-EyeTracking_physio	35	1882.647	2024.322	141.675	1002.615	664.660	0.119	0.040	0.144	0.533
sub-103_task-EyeTracking_physio	35	2040.987	2265.991	225.004	1089.355	673.460	0.108	0.051	0.279	0.422
sub-103_task-EyeTracking_physio	35	2457.663	2707.673	250.010	1226.238	783.670	0.099	0.039	0.202	0.467
sub-103_task-EyeTracking_physio	35	2732.672	2932.674	200.002	1289.300	805.033	0.133	0.031	0.283	0.259
sub-103_task-EyeTracking_physio	36	-798.141	-631.471	166.670	1282.270	748.192	0.068	0.025	0.149	0.276
sub-103_task-EyeTracking_physio	36	-614.805	285.217	900.022	1277.082	709.827	0.097	0.051	0.629	0.377
sub-103_task-EyeTracking_physio	36	301.883	460.220	158.337	1316.870	711.520	0.097	0.037	0.258	0.282
sub-103_task-EyeTracking_physio	36	476.886	593.556	116.670	1300.400	677.582	0.094	0.017	0.154	0.219
sub-103_task-EyeTracking_physio	36	626.894	793.563	166.669	1394.655	696.207	0.088	0.023	0.140	0.318
sub-103_task-EyeTracking_physio	36	1001.898	1201.905	200.007	1453.597	746.002	0.146	0.065	0.544	0.324
sub-103_task-EyeTracking_physio	36	1218.572	1426.910	208.338	1432.865	784.850	0.099	0.031	0.378	0.268
sub-103_task-EyeTracking_physio	36	1443.577	1676.918	233.341	1452.653	807.433	0.084	0.028	0.160	0.385
sub-103_task-EyeTracking_physio	36	1693.585	1960.257	266.672	1446.615	783.575	0.091	0.019	0.149	0.273
sub-103_task-EyeTracking_physio	36	1976.923	2210.262	233.339	1476.832	787.465	0.083	0.020	0.166	0.229
sub-103_task-EyeTracking_physio	36	2235.262	2426.929	191.667	1518.310	798.000	0.096	0.024	0.202	0.300
sub-103_task-EyeTracking_physio	36	2443.595	2843.610	400.015	1565.658	800.243	0.098	0.043	0.199	0.425
sub-103_task-EyeTracking_physio	36	2860.277	3001.949	141.672	1582.015	806.695	0.079	0.021	0.134	0.280
sub-103_task-EyeTracking_physio	37	-1055.523	-872.181	183.342	1404.095	765.980	0.095	0.024	0.259	0.204
sub-103_task-EyeTracking_physio	37	-847.182	-613.844	233.338	1292.275	744.880	0.117	0.026	0.221	0.345
sub-103_task-EyeTracking_physio	37	-588.844	-30.497	558.347	1280.390	715.890	0.097	0.049	0.433	0.350
sub-103_task-EyeTracking_physio	37	-5.499	286.175	291.674	1322.030	769.480	0.176	0.059	0.579	0.444
sub-103_task-EyeTracking_physio	37	311.179	502.847	191.668	1373.255	773.365	0.125	0.039	0.203	0.447
sub-103_task-EyeTracking_physio	37	519.514	752.856	233.342	1421.655	773.328	0.179	0.062	0.675	0.283
sub-103_task-EyeTracking_physio	37	777.856	1061.190	283.334	1498.662	777.440	0.080	0.014	0.141	0.240
sub-103_task-EyeTracking_physio	37	1186.194	1436.203	250.009	1461.688	690.005	0.113	0.042	0.367	0.253
sub-103_task-EyeTracking_physio	37	1452.869	1652.876	200.007	1421.315	628.820	0.129	0.032	0.271	0.399
sub-103_task-EyeTracking_physio	37	1669.541	1902.881	233.340	1342.365	615.235	0.133	0.045	0.246	0.557
sub-103_task-EyeTracking_physio	37	1927.880	2152.892	225.012	1264.440	651.295	0.077	0.020	0.153	0.288
sub-103_task-EyeTracking_physio	37	2169.559	2452.893	283.334	1201.938	687.098	0.073	0.018	0.253	0.213
sub-103_task-EyeTracking_physio	37	2469.560	2694.567	225.007	1270.050	746.670	0.089	0.032	0.222	0.302
sub-103_task-EyeTracking_physio	37	2719.567	2836.237	116.670	1360.970	751.762	0.135	0.037	0.232	0.306
sub-103_task-EyeTracking_physio	38	-799.081	-615.746	183.335	1297.678	765.150	0.094	0.041	0.215	0.356
sub-103_task-EyeTracking_physio	38	-415.740	-57.399	358.341	1288.060	701.425	0.094	0.031	0.143	0.494
sub-103_task-EyeTracking_physio	38	-32.400	359.274	391.674	1331.405	756.780	0.110	0.040	0.272	0.591
sub-103_task-EyeTracking_physio	38	375.947	742.618	366.671	1309.827	785.080	0.134	0.042	0.405	0.434
sub-103_task-EyeTracking_physio	38	767.623	1009.291	241.668	1247.805	767.900	0.175	0.072	0.478	0.499
sub-103_task-EyeTracking_physio	38	1025.962	1209.297	183.335	1224.987	723.013	0.151	0.058	0.341	0.342
sub-103_task-EyeTracking_physio	38	1234.296	1442.638	208.342	1147.480	706.800	0.084	0.017	0.133	0.273
sub-103_task-EyeTracking_physio	38	1459.305	1675.978	216.673	1095.790	690.850	0.102	0.030	0.194	0.276
sub-103_task-EyeTracking_physio	38	1692.645	2125.984	433.339	1070.543	635.605	0.089	0.032	0.378	0.317
sub-103_task-EyeTracking_physio	38	2159.317	2392.658	233.341	1153.628	637.970	0.198	0.054	0.559	0.383
sub-103_task-EyeTracking_physio	38	2409.324	2584.327	175.003	1207.915	625.570	0.180	0.068	0.469	0.453
sub-103_task-EyeTracking_physio	38	2792.669	3001.009	208.340	1356.450	680.375	0.165	0.043	0.253	0.356
sub-103_task-EyeTracking_physio	39	-866.397	-691.393	175.004	1315.145	762.615	0.089	0.020	0.205	0.244
sub-103_task-EyeTracking_physio	39	-8.040	241.967	250.007	1292.928	691.690	0.088	0.021	0.118	0.365
sub-103_task-EyeTracking_physio	39	258.633	716.975	458.342	1261.285	720.820	0.070	0.023	0.174	0.376
sub-103_task-EyeTracking_physio	39	741.974	966.982	225.008	1328.345	717.025	0.122	0.056	0.289	0.456
sub-103_task-EyeTracking_physio	39	983.648	1266.986	283.338	1395.885	722.743	0.076	0.024	0.245	0.281
sub-103_task-EyeTracking_physio	39	1283.656	1575.331	291.675	1420.840	741.320	0.125	0.039	0.323	0.540
sub-103_task-EyeTracking_physio	39	1591.997	1967.006	375.009	1359.940	694.100	0.197	0.053	0.632	0.255
sub-103_task-EyeTracking_physio	39	2000.339	2317.010	316.671	1162.683	741.195	0.133	0.042	0.365	0.401
sub-103_task-EyeTracking_physio	39	2333.682	2583.684	250.002	1127.548	782.553	0.082	0.031	0.219	0.350
sub-103_task-EyeTracking_physio	39	2600.355	3008.696	408.341	1116.415	797.395	0.082	0.023	0.185	0.418
sub-103_task-EyeTracking_physio	40	-1135.072	-943.396	191.676	1160.585	794.600	0.949	0.699	1.284	6.071
sub-103_task-EyeTracking_physio	40	-918.397	-718.397	200.000	1270.635	758.670	0.100	0.032	0.347	0.216
sub-103_task-EyeTracking_physio	40	-510.056	-110.047	400.009	1275.785	705.425	0.067	0.039	0.231	0.488
sub-103_task-EyeTracking_physio	40	-93.380	323.297	416.677	1285.747	728.507	0.078	0.031	0.268	0.298
sub-103_task-EyeTracking_physio	40	339.968	581.637	241.669	1302.115	743.755	0.068	0.029	0.275	0.246
sub-103_task-EyeTracking_physio	40	606.640	789.976	183.336	1366.580	759.560	0.103	0.040	0.341	0.276
sub-103_task-EyeTracking_physio	40	814.976	1023.316	208.340	1485.210	776.685	0.159	0.051	0.352	0.427
sub-103_task-EyeTracking_physio	40	1039.982	1306.654	266.672	1596.925	789.798	0.120	0.031	0.326	0.264
sub-103_task-EyeTracking_physio	40	1323.321	1631.659	308.338	1652.290	807.550	0.128	0.053	0.401	0.382
sub-103_task-EyeTracking_physio	40	1656.665	1873.333	216.668	1576.210	771.445	0.135	0.038	0.282	0.395
sub-103_task-EyeTracking_physio	40	1898.332	2290.007	391.675	1514.395	747.420	0.145	0.029	0.581	0.206
sub-103_task-EyeTracking_physio	40	2306.680	2515.016	208.336	1465.960	739.505	0.104	0.040	0.287	0.349
sub-103_task-EyeTracking_physio	40	2740.022	2956.690	216.668	1348.983	726.127	0.166	0.048	0.199	0.430
sub-103_task-EyeTracking_physio	41	-961.731	-803.393	158.338	1274.155	724.525	0.121	0.052	0.250	0.481
sub-103_task-EyeTracking_physio	41	-578.394	-403.386	175.008	1296.195	708.920	0.089	0.056	0.130	0.659
sub-103_task-EyeTracking_physio	41	-395.053	-36.710	358.343	1279.245	708.565	0.093	0.033	0.354	0.283
sub-103_task-EyeTracking_physio	41	-20.043	296.630	316.673	1297.153	724.235	0.082	0.024	0.150	0.405
sub-103_task-EyeTracking_physio	41	313.297	554.969	241.672	1247.760	722.055	0.096	0.026	0.213	0.333
sub-103_task-EyeTracking_physio	41	571.635	763.309	191.674	1217.450	702.855	0.130	0.031	0.230	0.327
sub-103_task-EyeTracking_physio	41	779.975	996.643	216.668	1161.990	730.507	0.167	0.062	0.337	0.732
sub-103_task-EyeTracking_physio	41	1021.649	1263.314	241.665	1027.655	745.800	0.122	0.042	0.297	0.343
sub-103_task-EyeTracking_physio	41	1279.986	1571.658	291.672	929.575	752.850	0.131	0.066	0.446	0.441
sub-103_task-EyeTracking_physio	41	1588.325	1788.327	200.002	914.618	707.955	0.094	0.064	0.268	0.378
sub-103_task-EyeTracking_physio	41	1813.332	2030.000	216.668	996.803	630.130	0.073	0.029	0.207	0.266
sub-103_task-EyeTracking_physio	41	2063.339	2255.009	191.670	1139.860	596.635	0.062	0.020	0.146	0.219
sub-103_task-EyeTracking_physio	41	2271.675	2446.681	175.006	1201.580	575.270	0.068	0.017	0.172	0.167
sub-103_task-EyeTracking_physio	41	2471.679	2646.685	175.006	1254.285	574.645	0.068	0.013	0.160	0.190
sub-103_task-EyeTracking_physio	41	2663.351	2905.023	241.672	1249.370	559.495	0.053	0.008	0.155	0.136
sub-103_task-EyeTracking_physio	42	-905.767	-605.756	300.011	1278.270	742.810	0.083	0.037	0.276	0.360
sub-103_task-EyeTracking_physio	42	-547.422	-297.416	250.006	1286.763	696.145	0.069	0.017	0.208	0.224
sub-103_task-EyeTracking_physio	42	-280.750	-114.081	166.669	1269.398	704.717	0.108	0.022	0.132	0.300
sub-103_task-EyeTracking_physio	42	-97.409	427.603	525.012	1281.910	725.655	0.072	0.023	0.171	0.335
sub-103_task-EyeTracking_physio	42	452.603	644.272	191.669	1335.665	765.640	0.116	0.054	0.329	0.364
sub-103_task-EyeTracking_physio	42	669.271	860.944	191.673	1467.070	821.915	0.120	0.034	0.271	0.289
sub-103_task-EyeTracking_physio	42	877.611	1277.622	400.011	1532.582	841.972	0.133	0.054	0.431	0.399
sub-103_task-EyeTracking_physio	42	1294.289	1452.625	158.336	1498.865	849.620	0.094	0.025	0.217	0.259
sub-103_task-EyeTracking_physio	42	1477.630	1785.968	308.338	1499.620	791.575	0.094	0.030	0.296	0.326
sub-103_task-EyeTracking_physio	42	1802.635	2002.641	200.006	1514.505	772.550	0.079	0.023	0.153	0.254
sub-103_task-EyeTracking_physio	42	2185.975	2535.987	350.012	1514.827	763.347	0.105	0.083	0.473	0.527
sub-103_task-EyeTracking_physio	42	2544.320	2735.988	191.668	1490.465	772.555	0.125	0.030	0.264	0.304
sub-103_task-EyeTracking_physio	42	2752.655	3002.663	250.008	1520.985	773.233	0.115	0.045	0.363	0.342
sub-103_task-EyeTracking_physio	43	-896.248	-704.574	191.674	1282.845	768.640	0.128	0.045	0.278	0.265
sub-103_task-EyeTracking_physio	43	-687.907	-421.235	266.672	1277.588	733.520	0.147	0.072	0.410	0.390
sub-103_task-EyeTracking_physio	43	-412.903	-21.226	391.677	1281.845	718.750	0.140	0.054	0.545	0.357
sub-103_task-EyeTracking_physio	43	-12.892	95.440	108.332	1284.655	740.680	0.223	0.067	0.554	0.267
sub-103_task-EyeTracking_physio	43	112.106	337.118	225.012	1313.400	779.140	0.144	0.056	0.426	0.392
sub-103_task-EyeTracking_physio	43	353.783	570.457	216.674	1333.447	804.180	0.109	0.026	0.273	0.220
sub-103_task-EyeTracking_physio	43	595.456	820.457	225.001	1404.315	824.120	0.154	0.035	0.242	0.291
sub-103_task-EyeTracking_physio	43	845.463	1028.797	183.334	1467.755	796.225	0.065	0.012	0.194	0.179
sub-103_task-EyeTracking_physio	43	1053.797	1245.472	191.675	1470.290	749.215	0.060	0.007	0.121	0.150
sub-103_task-EyeTracking_physio	43	1270.471	1512.145	241.674	1437.280	731.665	0.072	0.012	0.142	0.161
sub-103_task-EyeTracking_physio	43	1528.810	1745.484	216.674	1357.395	724.985	0.090	0.035	0.244	0.358
sub-103_task-EyeTracking_physio	43	1762.151	1995.486	233.335	1301.900	733.815	0.120	0.035	0.338	0.324
sub-103_task-EyeTracking_physio	43	2020.491	2237.157	216.666	1261.638	756.933	0.072	0.011	0.173	0.177
sub-103_task-EyeTracking_physio	43	2445.499	2745.504	300.005	1334.605	808.318	0.180	0.046	0.423	0.538
sub-103_task-EyeTracking_physio	43	2770.504	3003.844	233.340	1399.318	833.217	0.203	0.065	0.818	0.269
sub-103_task-EyeTracking_physio	44	-642.435	-425.762	216.673	1302.698	761.970	0.100	0.039	0.175	0.527
sub-103_task-EyeTracking_physio	44	-242.425	-0.751	241.674	1272.260	729.465	0.141	0.115	0.398	0.947
sub-103_task-EyeTracking_physio	44	15.918	440.926	425.008	1294.845	771.720	0.134	0.051	0.259	0.574
sub-103_task-EyeTracking_physio	44	457.593	682.598	225.005	1229.195	785.480	0.138	0.058	0.259	0.360
sub-103_task-EyeTracking_physio	44	707.598	907.602	200.004	1172.197	794.528	0.183	0.083	0.537	0.399
sub-103_task-EyeTracking_physio	44	924.273	1132.609	208.336	1104.845	796.480	0.105	0.026	0.220	0.253
sub-103_task-EyeTracking_physio	44	1149.275	1340.949	191.674	1034.845	802.115	0.090	0.051	0.223	0.417
sub-103_task-EyeTracking_physio	44	1357.616	1599.289	241.673	986.355	800.220	0.108	0.036	0.264	0.304
sub-103_task-EyeTracking_physio	44	1615.955	1924.293	308.338	1003.185	778.310	0.079	0.019	0.175	0.245
sub-103_task-EyeTracking_physio	44	1932.626	2124.300	191.674	1050.840	791.205	0.091	0.023	0.191	0.246
sub-103_task-EyeTracking_physio	44	2149.300	2357.630	208.330	1146.330	792.750	0.149	0.039	0.273	0.379
sub-103_task-EyeTracking_physio	44	2365.974	2615.976	250.002	1199.443	788.283	0.135	0.063	0.319	0.458
sub-103_task-EyeTracking_physio	44	2632.646	2832.649	200.003	1152.685	784.695	0.142	0.032	0.289	0.349
sub-103_task-EyeTracking_physio	44	2857.649	3007.650	150.001	1074.153	786.695	0.111	0.032	0.276	0.247
sub-103_task-EyeTracking_physio	45	-1218.807	-1093.803	125.004	1254.560	766.610	0.204	0.061	0.391	0.480
sub-103_task-EyeTracking_physio	45	-610.462	-418.789	191.673	1238.135	731.695	0.085	0.041	0.149	0.500
sub-103_task-EyeTracking_physio	45	-410.455	-293.784	116.671	1266.227	740.800	0.081	0.039	0.123	0.442
sub-103_task-EyeTracking_physio	45	-60.447	189.562	250.009	1275.140	728.457	0.101	0.070	0.251	0.657
sub-103_task-EyeTracking_physio	45	197.896	539.566	341.670	1261.415	753.230	0.134	0.049	0.325	0.591
sub-103_task-EyeTracking_physio	45	556.232	814.573	258.341	1218.420	797.840	0.167	0.091	0.350	0.684
sub-103_task-EyeTracking_physio	45	831.238	1064.578	233.340	1161.533	836.673	0.161	0.076	0.396	0.560
sub-103_task-EyeTracking_physio	45	1089.577	1289.585	200.008	1092.585	858.972	0.176	0.034	0.161	0.433
sub-103_task-EyeTracking_physio	45	1314.585	1489.593	175.008	1042.570	855.200	0.153	0.025	0.190	0.307
sub-103_task-EyeTracking_physio	45	1514.592	1756.265	241.673	1013.080	804.660	0.145	0.064	0.306	0.627
sub-103_task-EyeTracking_physio	45	1764.598	2997.959	1233.361	1010.447	775.582	0.117	0.058	0.462	0.470
sub-103_task-EyeTracking_physio	46	-953.402	-786.727	166.675	1228.880	744.875	0.125	0.053	0.122	0.762
sub-103_task-EyeTracking_physio	46	-595.057	-311.716	283.341	1304.765	706.727	0.078	0.066	0.238	0.535
sub-103_task-EyeTracking_physio	46	-295.049	-45.043	250.006	1270.642	711.190	0.071	0.029	0.271	0.200
sub-103_task-EyeTracking_physio	46	-28.378	104.960	133.338	1260.793	752.555	0.067	0.019	0.181	0.207
sub-103_task-EyeTracking_physio	46	121.630	288.300	166.670	1211.565	776.537	0.095	0.032	0.244	0.272
sub-103_task-EyeTracking_physio	46	304.967	446.636	141.669	1245.135	757.875	0.143	0.033	0.259	0.403
sub-103_task-EyeTracking_physio	46	463.302	654.973	191.671	1207.105	730.110	0.111	0.023	0.240	0.311
sub-103_task-EyeTracking_physio	46	663.306	879.980	216.674	1183.415	712.088	0.121	0.039	0.289	0.369
sub-103_task-EyeTracking_physio	46	896.646	1046.653	150.007	1138.450	732.898	0.077	0.022	0.176	0.247
sub-103_task-EyeTracking_physio	46	1063.320	1271.646	208.326	1086.235	710.890	0.154	0.049	0.444	0.325
sub-103_task-EyeTracking_physio	46	1288.313	1538.329	250.016	1052.570	670.875	0.144	0.067	0.374	0.537
sub-103_task-EyeTracking_physio	46	1554.994	1913.338	358.344	1064.420	628.645	0.095	0.045	0.304	0.288
sub-103_task-EyeTracking_physio	46	1930.004	2205.009	275.005	1038.565	614.295	0.075	0.028	0.209	0.327
sub-103_task-EyeTracking_physio	46	2221.685	2680.026	458.341	1061.700	629.030	0.106	0.030	0.474	0.273
sub-103_task-EyeTracking_physio	46	2688.359	2946.699	258.340	1075.585	635.765	0.136	0.045	0.531	0.311
sub-103_task-EyeTracking_physio	47	-500.092	-300.084	200.008	1293.605	739.570	0.208	0.097	0.572	0.453
sub-103_task-EyeTracking_physio	47	-283.418	74.920	358.338	1280.900	726.685	0.151	0.167	0.803	0.481
sub-103_task-EyeTracking_physio	47	91.592	349.924	258.332	1261.880	750.590	0.142	0.060	0.309	0.514
sub-103_task-EyeTracking_physio	47	366.590	549.933	183.343	1211.783	750.785	0.083	0.049	0.252	0.246
sub-103_task-EyeTracking_physio	47	566.600	866.611	300.011	1151.410	792.025	0.092	0.037	0.280	0.413
sub-103_task-EyeTracking_physio	47	883.277	1133.284	250.007	1114.227	808.085	0.097	0.029	0.226	0.296
sub-103_task-EyeTracking_physio	47	1149.950	1383.286	233.336	1062.200	804.847	0.072	0.014	0.151	0.220
sub-103_task-EyeTracking_physio	47	1399.956	1633.292	233.336	1016.242	794.270	0.099	0.020	0.205	0.254
sub-103_task-EyeTracking_physio	47	1649.958	1866.631	216.673	980.095	791.060	0.083	0.025	0.242	0.232
sub-103_task-EyeTracking_physio	47	1883.298	2216.641	333.343	948.132	786.395	0.111	0.031	0.187	0.400
sub-103_task-EyeTracking_physio	47	2233.307	2449.979	216.672	914.878	805.283	0.078	0.017	0.170	0.194
sub-103_task-EyeTracking_physio	47	2474.979	2733.320	258.341	953.030	792.860	0.082	0.021	0.196	0.271
sub-103_task-EyeTracking_physio	47	2749.987	2941.655	191.668	980.095	785.530	0.072	0.014	0.095	0.280
sub-103_task-EyeTracking_physio	48	-1136.913	-936.905	200.008	1208.725	740.773	0.255	0.066	0.316	0.544
sub-103_task-EyeTracking_physio	48	-920.238	-770.236	150.002	1268.243	721.632	0.134	0.040	0.311	0.322
sub-103_task-EyeTracking_physio	48	-545.231	-395.235	149.996	1300.918	714.123	0.106	0.025	0.219	0.228
sub-103_task-EyeTracking_physio	48	-378.569	154.785	533.354	1280.038	724.260	0.112	0.121	0.685	0.613
sub-103_task-EyeTracking_physio	48	171.452	271.456	100.004	1256.622	764.082	0.149	0.038	0.182	0.425
sub-103_task-EyeTracking_physio	48	288.123	438.126	150.003	1281.628	761.325	0.103	0.038	0.333	0.311
sub-103_task-EyeTracking_physio	48	454.793	746.465	291.672	1233.400	803.605	0.132	0.129	0.382	0.862
sub-103_task-EyeTracking_physio	48	763.130	938.139	175.009	1257.085	784.865	0.079	0.013	0.114	0.177
sub-103_task-EyeTracking_physio	48	1054.807	1538.151	483.344	1249.675	702.350	0.165	0.088	0.422	0.541
sub-103_task-EyeTracking_physio	48	1554.822	1854.825	300.003	1207.233	702.305	0.183	0.091	0.456	0.530
sub-103_task-EyeTracking_physio	48	1871.492	2288.170	416.678	1166.525	706.485	0.195	0.068	0.497	0.446
sub-103_task-EyeTracking_physio	48	2304.836	2804.849	500.013	1242.330	701.980	0.178	0.074	0.405	0.633
sub-103_task-EyeTracking_physio	48	2829.849	2996.521	166.672	1166.095	706.630	0.186	0.031	0.239	0.378
sub-103_task-EyeTracking_physio	49	-1500.268	-1258.595	241.673	1292.225	742.420	0.083	0.045	0.244	0.328
sub-103_task-EyeTracking_physio	49	-850.252	-658.583	191.669	1265.435	744.565	0.115	0.070	0.291	0.521
sub-103_task-EyeTracking_physio	49	-641.916	-416.908	225.008	1278.900	721.535	0.076	0.024	0.213	0.273
sub-103_task-EyeTracking_physio	49	-400.243	-125.236	275.007	1276.680	700.595	0.086	0.020	0.154	0.256
sub-103_task-EyeTracking_physio	49	-116.902	366.445	483.347	1289.382	719.240	0.124	0.040	0.448	0.440
sub-103_task-EyeTracking_physio	49	624.784	791.453	166.669	1339.535	702.597	0.115	0.035	0.234	0.277
sub-103_task-EyeTracking_physio	49	816.455	1149.796	333.341	1394.615	744.293	0.083	0.019	0.149	0.313
sub-103_task-EyeTracking_physio	49	1166.462	1783.143	616.681	1415.545	750.237	0.158	0.047	0.384	0.606
sub-103_task-EyeTracking_physio	49	1799.810	2183.154	383.344	1449.467	761.243	0.198	0.068	0.576	0.450
sub-103_task-EyeTracking_physio	49	2199.819	2533.164	333.345	1497.852	766.590	0.165	0.039	0.379	0.547
sub-103_task-EyeTracking_physio	49	2558.164	2824.832	266.668	1563.737	773.330	0.077	0.017	0.259	0.220
sub-103_task-EyeTracking_physio	49	2849.832	2999.839	150.007	1633.352	785.630	0.101	0.044	0.386	0.197
sub-103_task-EyeTracking_physio	50	-3217.728	-2976.052	241.676	1431.715	755.915	0.104	0.033	0.294	0.357
sub-103_task-EyeTracking_physio	50	-2951.053	-2842.716	108.337	1350.300	770.380	0.124	0.044	0.218	0.411
sub-103_task-EyeTracking_physio	50	-2584.379	-2342.703	241.676	1384.350	738.635	0.119	0.094	0.435	0.566
sub-103_task-EyeTracking_physio	50	-2309.370	-2042.696	266.674	1170.597	856.007	0.174	0.074	0.298	0.638
sub-103_task-EyeTracking_physio	50	-2017.696	-1876.027	141.669	1289.120	744.575	0.103	0.033	0.170	0.407
sub-103_task-EyeTracking_physio	50	-1667.688	-1534.351	133.337	1341.020	730.285	0.086	0.023	0.148	0.341
sub-103_task-EyeTracking_physio	50	-1526.018	-1267.678	258.340	1293.330	718.420	0.126	0.053	0.374	0.329
sub-103_task-EyeTracking_physio	50	-1251.012	-1034.337	216.675	1316.122	706.135	0.089	0.037	0.268	0.324
sub-103_task-EyeTracking_physio	50	-1017.671	-25.982	991.689	1286.355	720.855	0.157	0.089	0.867	0.607
sub-103_task-EyeTracking_physio	50	-17.648	299.029	316.677	1304.365	736.920	0.144	0.076	0.431	0.559
sub-103_task-EyeTracking_physio	50	315.696	532.367	216.671	1336.372	729.808	0.222	0.125	0.663	0.613
sub-103_task-EyeTracking_physio	50	540.701	849.039	308.338	1371.955	715.815	0.184	0.088	0.694	0.566
sub-103_task-EyeTracking_physio	50	857.373	974.043	116.670	1404.095	697.550	0.136	0.041	0.205	0.337
sub-103_task-EyeTracking_physio	50	990.711	1182.384	191.673	1317.265	698.450	0.151	0.044	0.459	0.202
sub-103_task-EyeTracking_physio	50	1199.051	1424.057	225.006	1248.725	704.215	0.140	0.055	0.367	0.311
sub-103_task-EyeTracking_physio	50	1449.059	1690.731	241.672	1182.455	683.220	0.118	0.089	0.451	0.533
sub-103_task-EyeTracking_physio	50	1715.731	2049.071	333.340	1110.000	683.530	0.121	0.027	0.315	0.279
sub-103_task-EyeTracking_physio	50	2199.071	2499.085	300.014	1086.618	692.608	0.071	0.019	0.147	0.307
sub-103_task-EyeTracking_physio	50	2657.421	2932.428	275.007	1145.820	687.225	0.074	0.033	0.234	0.391
sub-103_task-EyeTracking_physio	51	-2048.157	-1856.487	191.670	1206.535	685.505	0.064	0.014	0.230	0.151
sub-103_task-EyeTracking_physio	51	-1839.820	-1606.482	233.338	1262.602	701.808	0.083	0.029	0.220	0.252
sub-103_task-EyeTracking_physio	51	-1589.815	-1281.471	308.344	1279.910	703.020	0.092	0.030	0.200	0.445
sub-103_task-EyeTracking_physio	51	-1014.806	-789.796	225.010	1295.375	718.430	0.096	0.054	0.198	0.574
sub-103_task-EyeTracking_physio	51	-764.797	260.229	1025.026	1279.880	718.625	0.133	0.121	0.562	0.707
sub-103_task-EyeTracking_physio	51	276.896	585.239	308.343	1335.905	758.350	0.152	0.089	0.427	0.481
sub-103_task-EyeTracking_physio	51	610.239	851.913	241.674	1378.960	788.880	0.157	0.037	0.337	0.402
sub-103_task-EyeTracking_physio	51	868.580	1368.591	500.011	1443.688	808.043	0.200	0.082	1.308	0.415
sub-103_task-EyeTracking_physio	51	1551.927	1768.604	216.677	1404.717	769.697	0.092	0.043	0.183	0.480
sub-103_task-EyeTracking_physio	51	1785.271	2035.274	250.003	1359.668	761.467	0.150	0.066	0.370	0.476
sub-103_task-EyeTracking_physio	51	2051.941	2318.614	266.673	1334.648	765.210	0.139	0.060	0.305	0.566
sub-103_task-EyeTracking_physio	51	2335.279	2635.284	300.005	1300.430	775.062	0.211	0.087	0.649	0.696
sub-103_task-EyeTracking_physio	51	2643.617	2935.296	291.679	1323.130	784.620	0.151	0.057	0.377	0.464
sub-103_task-EyeTracking_physio	52	-1002.898	-844.561	158.337	1323.905	748.650	0.095	0.044	0.175	0.489
sub-103_task-EyeTracking_physio	52	-819.557	13.797	833.354	1284.767	721.977	0.072	0.038	0.286	0.426
sub-103_task-EyeTracking_physio	52	38.795	263.797	225.002	1305.630	749.255	0.150	0.085	0.440	0.479
sub-103_task-EyeTracking_physio	52	288.797	488.804	200.007	1359.862	775.665	0.146	0.071	0.363	0.397
sub-103_task-EyeTracking_physio	52	505.470	705.471	200.001	1453.308	796.155	0.147	0.072	0.394	0.322
sub-103_task-EyeTracking_physio	52	747.140	955.478	208.338	1577.995	819.810	0.118	0.019	0.278	0.183
sub-103_task-EyeTracking_physio	52	980.479	1230.483	250.004	1631.490	820.095	0.133	0.033	0.483	0.287
sub-103_task-EyeTracking_physio	52	1247.150	1547.158	300.008	1616.395	805.082	0.150	0.048	0.433	0.346
sub-103_task-EyeTracking_physio	52	1563.826	1972.166	408.340	1583.790	790.700	0.121	0.055	0.368	0.390
sub-103_task-EyeTracking_physio	52	1988.833	2322.175	333.342	1615.053	783.358	0.176	0.048	0.672	0.598
sub-103_task-EyeTracking_physio	52	2330.508	2888.853	558.345	1630.060	789.965	0.120	0.066	0.475	0.430
sub-103_task-EyeTracking_physio	53	-1581.362	-1414.687	166.675	1319.812	751.758	0.096	0.056	0.317	0.506
sub-103_task-EyeTracking_physio	53	-1389.688	-1214.686	175.002	1282.035	738.930	0.194	0.061	0.519	0.339
sub-103_task-EyeTracking_physio	53	-1198.019	-1089.682	108.337	1316.580	749.545	0.105	0.018	0.149	0.197
sub-103_task-EyeTracking_physio	53	-1081.349	-564.672	516.677	1318.072	767.525	0.151	0.066	0.584	0.605
sub-103_task-EyeTracking_physio	53	-539.672	-398.001	141.671	1280.415	759.165	0.091	0.018	0.123	0.235
sub-103_task-EyeTracking_physio	53	-373.002	43.680	416.682	1278.188	722.745	0.134	0.085	0.435	0.548
sub-103_task-EyeTracking_physio	53	60.347	302.018	241.671	1287.675	739.450	0.124	0.031	0.343	0.283
sub-103_task-EyeTracking_physio	53	310.352	460.356	150.004	1309.798	755.773	0.139	0.035	0.235	0.322
sub-103_task-EyeTracking_physio	53	485.355	652.024	166.669	1344.665	789.003	0.205	0.098	0.415	0.499
sub-103_task-EyeTracking_physio	53	677.024	885.363	208.339	1403.465	816.565	0.187	0.067	0.340	0.545
sub-103_task-EyeTracking_physio	53	910.363	1043.701	133.338	1509.240	849.315	0.105	0.026	0.188	0.276
sub-103_task-EyeTracking_physio	53	1060.366	1277.037	216.671	1443.935	876.087	0.079	0.022	0.174	0.234
sub-103_task-EyeTracking_physio	53	1293.704	1527.046	233.342	1412.510	896.250	0.205	0.067	0.271	0.683
sub-103_task-EyeTracking_physio	53	1543.713	1752.051	208.338	1396.425	908.795	0.299	0.130	0.272	0.797
sub-103_task-EyeTracking_physio	53	1777.051	2060.392	283.341	1365.200	915.192	0.097	0.031	0.213	0.322
sub-103_task-EyeTracking_physio	53	2085.392	2318.729	233.337	1403.060	902.422	0.139	0.036	0.288	0.482
sub-103_task-EyeTracking_physio	53	2535.404	2893.745	358.341	1408.720	875.505	0.102	0.052	0.239	0.446
sub-103_task-EyeTracking_physio	54	-1227.919	-1019.576	208.343	1292.430	770.350	0.132	0.119	0.354	0.632
sub-103_task-EyeTracking_physio	54	-819.570	-186.224	633.346	1283.670	715.482	0.115	0.097	0.539	0.617
sub-103_task-EyeTracking_physio	54	-169.554	55.448	225.002	1301.795	723.300	0.105	0.053	0.307	0.344
sub-103_task-EyeTracking_physio	54	72.116	438.808	366.692	1278.783	722.200	0.094	0.038	0.289	0.328
sub-103_task-EyeTracking_physio	54	455.474	655.466	199.992	1269.990	747.285	0.116	0.025	0.196	0.383
sub-103_task-EyeTracking_physio	54	672.133	922.135	250.002	1193.525	768.602	0.102	0.046	0.321	0.283
sub-103_task-EyeTracking_physio	54	938.802	1138.807	200.005	1132.215	770.695	0.102	0.063	0.228	0.533
sub-103_task-EyeTracking_physio	54	1155.477	1397.146	241.669	1090.210	756.950	0.098	0.019	0.204	0.279
sub-103_task-EyeTracking_physio	54	1422.151	1647.153	225.002	1009.720	747.545	0.085	0.024	0.165	0.433
sub-103_task-EyeTracking_physio	54	1672.157	1955.497	283.340	1041.947	703.700	0.106	0.030	0.238	0.321
sub-103_task-EyeTracking_physio	54	1972.164	2213.836	241.672	1104.955	683.765	0.074	0.016	0.245	0.199
sub-103_task-EyeTracking_physio	54	2238.836	2480.511	241.675	1164.045	691.080	0.179	0.054	0.665	0.439
sub-103_task-EyeTracking_physio	54	2497.178	2872.185	375.007	1240.780	699.160	0.091	0.030	0.321	0.322
sub-103_task-EyeTracking_physio	54	2897.184	3005.522	108.338	1299.930	725.790	0.090	0.028	0.296	0.210
sub-103_task-EyeTracking_physio	55	-1587.360	-1420.683	166.677	1294.648	724.930	0.082	0.026	0.140	0.449
sub-103_task-EyeTracking_physio	55	-779.010	-103.985	675.025	1276.725	746.240	0.131	0.092	0.529	0.812
sub-103_task-EyeTracking_physio	55	-95.651	446.027	541.678	1290.310	746.915	0.086	0.032	0.261	0.412
sub-103_task-EyeTracking_physio	55	462.694	879.368	416.674	1240.235	753.415	0.094	0.021	0.184	0.355
sub-103_task-EyeTracking_physio	55	904.368	1146.039	241.671	1204.785	787.820	0.090	0.022	0.248	0.232
sub-103_task-EyeTracking_physio	55	1162.706	1396.046	233.340	1165.102	797.935	0.104	0.046	0.414	0.363
sub-103_task-EyeTracking_physio	55	1571.046	2062.728	491.682	1147.235	789.640	0.103	0.036	0.223	0.540
sub-103_task-EyeTracking_physio	55	2079.394	2429.404	350.010	1233.088	785.495	0.095	0.023	0.211	0.259
sub-103_task-EyeTracking_physio	55	2454.403	2829.415	375.012	1302.980	793.470	0.107	0.035	0.248	0.388
sub-103_task-EyeTracking_physio	55	2846.081	2996.084	150.003	1339.442	786.080	0.107	0.042	0.255	0.395
sub-103_task-EyeTracking_physio	56	-3970.437	-3745.437	225.000	1292.865	786.680	0.158	0.042	0.171	0.560
sub-103_task-EyeTracking_physio	56	-3728.766	-3503.764	225.002	1301.835	756.255	0.096	0.041	0.273	0.357
sub-103_task-EyeTracking_physio	56	-2953.746	-2787.075	166.671	634.138	1160.300	0.167	0.098	0.286	0.593
sub-103_task-EyeTracking_physio	56	-2737.075	-2587.071	150.004	-54.185	1373.108	0.159	0.061	0.340	0.341
sub-103_task-EyeTracking_physio	56	-2553.736	-2270.392	283.344	-511.822	1497.635	0.568	0.459	2.270	1.542
sub-103_task-EyeTracking_physio	56	-2220.392	-1903.719	316.673	102.400	1666.443	3.005	30.958	6.987	9.269
sub-103_task-EyeTracking_physio	56	-1678.714	-1287.041	391.673	1341.340	903.335	0.323	0.174	0.259	1.351
sub-103_task-EyeTracking_physio	56	-1270.373	-1003.701	266.672	1305.030	740.675	0.089	0.026	0.194	0.319
sub-103_task-EyeTracking_physio	56	-978.699	-678.690	300.009	1278.497	741.970	0.079	0.018	0.219	0.317
sub-103_task-EyeTracking_physio	56	-662.024	-453.686	208.338	1301.985	728.180	0.069	0.010	0.117	0.183
sub-103_task-EyeTracking_physio	56	-437.020	279.666	716.686	1287.950	708.587	0.078	0.040	0.268	0.377
sub-103_task-EyeTracking_physio	56	296.333	496.337	200.004	1313.203	729.000	0.064	0.029	0.327	0.179
sub-103_task-EyeTracking_physio	56	513.003	696.343	183.340	1345.425	703.470	0.083	0.045	0.227	0.348
sub-103_task-EyeTracking_physio	56	713.009	963.015	250.006	1423.273	687.388	0.075	0.030	0.378	0.196
sub-103_task-EyeTracking_physio	56	979.688	1263.027	283.339	1495.245	701.668	0.197	0.064	0.677	0.399
sub-103_task-EyeTracking_physio	56	1279.693	1613.031	333.338	1565.855	722.058	0.095	0.026	0.256	0.409
sub-103_task-EyeTracking_physio	56	1629.697	1946.375	316.678	1576.892	757.540	0.087	0.022	0.152	0.306
sub-103_task-EyeTracking_physio	56	1963.041	2138.044	175.003	1602.795	800.870	0.088	0.011	0.099	0.212
sub-103_task-EyeTracking_physio	56	2338.051	2546.387	208.336	1616.930	805.405	0.100	0.111	0.372	0.597
sub-103_task-EyeTracking_physio	56	2563.058	2846.395	283.337	1523.622	777.135	0.110	0.033	0.271	0.283
sub-103_task-EyeTracking_physio	56	2863.062	3004.733	141.671	1470.750	755.705	0.086	0.014	0.169	0.165
sub-103_task-EyeTracking_physio	57	-512.698	245.655	758.353	1287.750	714.465	0.166	0.158	0.518	1.426
sub-103_task-EyeTracking_physio	57	278.992	553.999	275.007	1314.750	750.055	0.100	0.029	0.227	0.348
sub-103_task-EyeTracking_physio	57	570.666	762.336	191.670	1375.880	808.835	0.195	0.088	0.349	0.513
sub-103_task-EyeTracking_physio	57	787.336	970.675	183.339	1471.662	832.340	0.208	0.049	0.269	0.413
sub-103_task-EyeTracking_physio	57	987.340	1370.684	383.344	1536.355	817.822	0.118	0.079	0.588	0.353
sub-103_task-EyeTracking_physio	57	1387.350	1595.690	208.340	1486.600	801.630	0.211	0.087	0.559	0.336
sub-103_task-EyeTracking_physio	57	1620.690	1987.367	366.677	1417.162	786.225	0.097	0.020	0.219	0.303
sub-103_task-EyeTracking_physio	57	1995.701	2362.372	366.671	1381.405	783.003	0.204	0.085	0.797	0.589
sub-103_task-EyeTracking_physio	57	2387.376	2512.379	125.003	1202.950	852.985	0.187	0.058	0.367	0.365
sub-103_task-EyeTracking_physio	57	2537.379	2679.048	141.669	1383.320	788.705	0.123	0.026	0.219	0.205
sub-103_task-EyeTracking_physio	57	2704.049	2995.723	291.674	1215.920	792.035	0.104	0.025	0.247	0.250
sub-103_task-EyeTracking_physio	58	-4049.065	-3924.064	125.001	1169.705	775.250	0.139	0.027	0.380	0.158
sub-103_task-EyeTracking_physio	58	-3899.065	-3740.728	158.337	1273.525	748.730	0.119	0.033	0.241	0.286
sub-103_task-EyeTracking_physio	58	-3540.722	-3365.721	175.001	1262.310	873.190	1.439	2.253	1.095	5.348
sub-103_task-EyeTracking_physio	58	-3232.386	-3115.715	116.671	1084.320	939.567	0.140	0.058	0.276	0.374
sub-103_task-EyeTracking_physio	58	-2199.024	-1982.350	216.674	1152.717	952.788	0.185	0.145	0.438	0.734
sub-103_task-EyeTracking_physio	58	-1949.016	-1749.014	200.002	1280.053	786.380	0.198	0.046	0.205	0.659
sub-103_task-EyeTracking_physio	58	-1732.347	-1465.674	266.673	1321.788	771.600	0.162	0.039	0.182	0.447
sub-103_task-EyeTracking_physio	58	-1440.671	-1157.329	283.342	1283.572	752.637	0.143	0.030	0.224	0.411
sub-103_task-EyeTracking_physio	58	-907.324	-740.655	166.669	1305.305	723.447	0.073	0.026	0.162	0.291
sub-103_task-EyeTracking_physio	58	-723.988	-490.648	233.340	1276.003	720.930	0.080	0.015	0.224	0.219
sub-103_task-EyeTracking_physio	58	-473.981	276.038	750.019	1296.860	704.210	0.073	0.022	0.172	0.434
sub-103_task-EyeTracking_physio	58	292.704	509.378	216.674	1314.263	720.795	0.097	0.016	0.169	0.232
sub-103_task-EyeTracking_physio	58	534.378	726.048	191.670	1377.050	735.560	0.250	0.109	0.495	0.458
sub-103_task-EyeTracking_physio	58	751.047	1242.726	491.679	1456.920	745.495	0.096	0.037	0.197	0.464
sub-103_task-EyeTracking_physio	58	1259.392	1526.065	266.673	1392.245	751.067	0.112	0.064	0.425	0.371
sub-103_task-EyeTracking_physio	58	1534.398	1842.743	308.345	1360.660	752.330	0.195	0.068	0.608	0.408
sub-103_task-EyeTracking_physio	58	1884.409	2209.419	325.010	1386.940	742.735	0.075	0.012	0.136	0.272
sub-103_task-EyeTracking_physio	58	2217.752	2334.417	116.665	1409.680	744.743	0.109	0.024	0.239	0.201
sub-103_task-EyeTracking_physio	58	2351.088	2626.094	275.006	1345.415	748.870	0.117	0.031	0.304	0.240
sub-103_task-EyeTracking_physio	58	2642.760	3001.101	358.341	1317.235	744.745	0.120	0.051	0.302	0.470
sub-103_task-EyeTracking_physio	59	-1407.200	-1257.196	150.004	1269.675	728.850	0.104	0.023	0.128	0.348
sub-103_task-EyeTracking_physio	59	-1240.529	-1073.860	166.669	1284.497	708.425	0.207	0.089	0.712	0.360
sub-103_task-EyeTracking_physio	59	-848.853	-590.512	258.341	1286.660	716.795	0.068	0.035	0.188	0.360
sub-103_task-EyeTracking_physio	59	-573.847	-465.511	108.336	1263.910	711.555	0.075	0.039	0.278	0.319
sub-103_task-EyeTracking_physio	59	-448.844	392.840	841.684	1289.370	708.155	0.075	0.020	0.289	0.276
sub-103_task-EyeTracking_physio	59	409.506	676.180	266.674	1264.023	679.203	0.099	0.026	0.223	0.310
sub-103_task-EyeTracking_physio	59	684.513	909.519	225.006	1252.275	649.900	0.067	0.040	0.169	0.403
sub-103_task-EyeTracking_physio	59	942.852	1142.860	200.008	1249.560	588.320	0.058	0.008	0.161	0.128
sub-103_task-EyeTracking_physio	59	1159.527	1459.532	300.005	1262.010	549.185	0.137	0.044	0.432	0.312
sub-103_task-EyeTracking_physio	59	1476.198	1642.873	166.675	1314.773	529.397	0.786	0.127	2.106	1.433
sub-103_task-EyeTracking_physio	59	1976.211	2192.885	216.674	1427.510	564.838	0.165	0.080	0.309	0.435
sub-103_task-EyeTracking_physio	59	2234.550	2492.890	258.340	1486.510	549.010	0.047	0.008	0.132	0.176
sub-103_task-EyeTracking_physio	59	2517.890	2876.233	358.343	1528.645	549.225	0.068	0.023	0.298	0.241
sub-103_task-EyeTracking_physio	59	2892.900	2992.903	100.003	1496.398	542.338	0.058	0.009	0.115	0.107
sub-103_task-EyeTracking_physio	60	-800.404	-608.735	191.669	1294.580	735.475	0.073	0.038	0.159	0.462
sub-103_task-EyeTracking_physio	60	-592.068	41.280	633.348	1283.153	707.210	0.074	0.052	0.505	0.255
sub-103_task-EyeTracking_physio	60	57.946	374.626	316.680	1283.370	722.420	0.071	0.029	0.212	0.346
sub-103_task-EyeTracking_physio	60	399.626	624.630	225.004	1199.480	708.470	0.070	0.020	0.167	0.276
sub-103_task-EyeTracking_physio	60	641.296	824.634	183.338	1169.432	709.062	0.075	0.028	0.152	0.308
sub-103_task-EyeTracking_physio	60	841.300	1074.639	233.339	1111.622	733.858	0.087	0.021	0.228	0.236
sub-103_task-EyeTracking_physio	60	1091.307	1316.313	225.006	1050.190	747.685	0.082	0.027	0.239	0.208
sub-103_task-EyeTracking_physio	60	1482.982	1766.322	283.340	1054.673	746.845	0.084	0.040	0.164	0.429
sub-103_task-EyeTracking_physio	60	1782.993	2107.997	325.004	1013.765	768.220	0.090	0.040	0.316	0.299
sub-103_task-EyeTracking_physio	60	2308.005	2774.680	466.675	1054.670	738.995	0.093	0.063	0.270	0.553
sub-103_task-EyeTracking_physio	60	2791.346	2983.022	191.676	1071.545	729.575	0.070	0.011	0.124	0.158
sub-103_task-EyeTracking_physio	61	-1166.136	-974.467	191.669	1233.875	728.885	0.106	0.047	0.261	0.417
sub-103_task-EyeTracking_physio	61	-749.461	-541.118	208.343	1292.885	715.015	0.131	0.045	0.189	0.432
sub-103_task-EyeTracking_physio	61	-524.451	-141.111	383.340	1269.765	713.267	0.095	0.042	0.289	0.499
sub-103_task-EyeTracking_physio	61	-124.444	483.899	608.343	1281.490	726.390	0.106	0.038	0.456	0.339
sub-103_task-EyeTracking_physio	61	508.906	675.573	166.667	1360.855	723.760	0.138	0.052	0.177	0.529
sub-103_task-EyeTracking_physio	61	700.573	983.924	283.351	1445.408	729.558	0.209	0.080	0.660	0.540
sub-103_task-EyeTracking_physio	61	1008.924	1375.588	366.664	1410.305	722.047	0.134	0.092	0.625	0.447
sub-103_task-EyeTracking_physio	61	1392.256	1633.927	241.671	1388.150	689.625	0.122	0.041	0.338	0.406
sub-103_task-EyeTracking_physio	61	1650.594	2075.608	425.014	1407.415	687.690	0.125	0.090	0.634	0.322
sub-103_task-EyeTracking_physio	61	2100.607	2450.613	350.006	1353.807	708.963	0.250	0.073	0.875	0.647
sub-103_task-EyeTracking_physio	61	2467.284	2900.626	433.342	1414.947	684.500	0.227	0.083	1.102	0.548
sub-103_task-EyeTracking_physio	62	-1265.258	-1156.921	108.337	1309.495	727.700	0.084	0.017	0.116	0.190
sub-103_task-EyeTracking_physio	62	-1148.588	-906.914	241.674	1291.705	708.455	0.099	0.032	0.146	0.617
sub-103_task-EyeTracking_physio	62	-706.907	-473.572	233.335	1287.832	708.957	0.079	0.019	0.165	0.247
sub-103_task-EyeTracking_physio	62	-256.899	18.106	275.005	1288.230	715.775	0.072	0.028	0.186	0.308
sub-103_task-EyeTracking_physio	62	34.773	351.448	316.675	1311.240	730.062	0.109	0.025	0.159	0.468
sub-103_task-EyeTracking_physio	62	368.115	626.456	258.341	1317.565	708.545	0.078	0.043	0.279	0.413
sub-103_task-EyeTracking_physio	62	651.456	826.460	175.004	1390.655	715.215	0.070	0.016	0.181	0.229
sub-103_task-EyeTracking_physio	62	843.125	1051.464	208.339	1502.270	749.795	0.087	0.023	0.367	0.206
sub-103_task-EyeTracking_physio	62	1068.131	1209.801	141.670	1551.485	739.225	0.092	0.036	0.320	0.186
sub-103_task-EyeTracking_physio	62	1226.467	1484.807	258.340	1489.165	716.425	0.061	0.021	0.260	0.261
sub-103_task-EyeTracking_physio	62	1518.142	1726.479	208.337	1440.355	719.830	0.163	0.028	0.200	0.387
sub-103_task-EyeTracking_physio	62	1893.148	2176.497	283.349	1410.138	706.160	0.083	0.048	0.277	0.439
sub-103_task-EyeTracking_physio	62	2193.163	2409.828	216.665	1453.270	720.692	0.185	0.041	0.382	0.315
sub-103_task-EyeTracking_physio	62	2434.832	2759.838	325.006	1510.525	720.385	0.104	0.060	0.560	0.372
sub-103_task-EyeTracking_physio	62	2776.505	3001.511	225.006	1463.020	698.685	0.100	0.025	0.259	0.189
sub-103_task-EyeTracking_physio	63	-1400.046	-1191.707	208.339	1385.195	694.070	0.074	0.033	0.237	0.304
sub-103_task-EyeTracking_physio	63	-1175.040	-916.699	258.341	1307.800	716.965	0.086	0.030	0.226	0.405
sub-103_task-EyeTracking_physio	63	-666.695	-200.015	466.680	1286.615	702.925	0.088	0.053	0.325	0.357
sub-103_task-EyeTracking_physio	63	-183.349	283.328	466.677	1292.940	705.290	0.089	0.025	0.335	0.305
sub-103_task-EyeTracking_physio	63	299.995	424.997	125.002	1305.365	748.440	0.204	0.030	0.124	0.468
sub-103_task-EyeTracking_physio	63	625.004	850.012	225.008	1392.195	773.295	0.247	0.117	0.797	0.771
sub-103_task-EyeTracking_physio	63	875.012	1075.013	200.001	1445.035	757.180	0.107	0.022	0.146	0.338
sub-103_task-EyeTracking_physio	63	1091.679	1341.684	250.005	1486.008	740.565	0.136	0.030	0.499	0.251
sub-103_task-EyeTracking_physio	63	1358.351	1625.027	266.676	1492.777	711.428	0.082	0.019	0.188	0.244
sub-103_task-EyeTracking_physio	63	1641.693	2141.704	500.011	1463.838	675.533	0.073	0.022	0.257	0.254
sub-103_task-EyeTracking_physio	63	2158.373	2408.379	250.006	1432.180	700.732	0.088	0.029	0.233	0.220
sub-103_task-EyeTracking_physio	63	2425.046	2641.716	216.670	1461.197	722.405	0.082	0.032	0.232	0.415
sub-103_task-EyeTracking_physio	63	2658.383	3000.059	341.676	1496.995	727.485	0.105	0.034	0.396	0.349
sub-103_task-EyeTracking_physio	64	-1304.384	-1112.717	191.667	1320.285	706.415	0.250	0.120	1.287	0.229
sub-103_task-EyeTracking_physio	64	-1096.050	-787.702	308.348	1289.355	704.555	0.087	0.025	0.240	0.299
sub-103_task-EyeTracking_physio	64	-587.705	203.979	791.684	1295.515	712.105	0.112	0.083	0.415	0.574
sub-103_task-EyeTracking_physio	64	212.313	420.655	208.342	1321.715	736.325	0.115	0.035	0.160	0.428
sub-103_task-EyeTracking_physio	64	445.654	828.996	383.342	1340.380	782.080	0.082	0.042	0.215	0.476
sub-103_task-EyeTracking_physio	64	853.996	1145.668	291.672	1383.705	857.590	0.239	0.072	0.226	0.803
sub-103_task-EyeTracking_physio	64	1154.002	1404.009	250.007	1418.535	894.947	0.279	0.167	0.401	0.812
sub-103_task-EyeTracking_physio	64	1604.015	1879.022	275.007	1433.295	798.520	0.199	0.076	0.620	0.429
sub-103_task-EyeTracking_physio	64	1895.689	2129.028	233.339	1389.638	789.615	0.268	0.062	0.802	0.605
sub-103_task-EyeTracking_physio	64	2154.028	2462.367	308.339	1331.015	780.790	0.094	0.018	0.201	0.265
sub-103_task-EyeTracking_physio	64	2495.705	2695.706	200.001	1254.702	787.778	0.094	0.019	0.198	0.207
sub-103_task-EyeTracking_physio	65	-1571.503	-1404.833	166.670	1245.045	775.868	0.079	0.015	0.167	0.163
sub-103_task-EyeTracking_physio	65	-1388.167	-1204.827	183.340	1286.725	737.875	0.089	0.019	0.187	0.211
sub-103_task-EyeTracking_physio	65	-1004.825	-788.149	216.676	1278.807	714.815	0.085	0.043	0.264	0.375
sub-103_task-EyeTracking_physio	65	-421.474	411.877	833.351	1288.825	713.415	0.100	0.030	0.220	0.454
sub-103_task-EyeTracking_physio	65	420.210	628.550	208.340	1299.150	674.945	0.083	0.030	0.276	0.311
sub-103_task-EyeTracking_physio	65	645.217	870.220	225.003	1264.900	631.395	0.086	0.022	0.242	0.223
sub-103_task-EyeTracking_physio	65	886.891	1170.229	283.338	1222.582	621.740	0.060	0.015	0.266	0.152
sub-103_task-EyeTracking_physio	65	1186.896	1320.235	133.339	1173.075	645.250	0.070	0.026	0.155	0.230
sub-103_task-EyeTracking_physio	65	1528.567	1803.578	275.011	1161.510	655.525	0.072	0.017	0.160	0.207
sub-103_task-EyeTracking_physio	65	1820.245	2120.253	300.008	1192.670	612.067	0.070	0.020	0.191	0.298
sub-103_task-EyeTracking_physio	65	2136.920	2386.923	250.003	1224.168	614.150	0.085	0.023	0.212	0.327
sub-103_task-EyeTracking_physio	65	2611.930	2953.602	341.672	1211.100	618.565	0.070	0.018	0.175	0.237
sub-103_task-EyeTracking_physio	66	-1579.584	-1354.575	225.009	1252.250	721.725	0.096	0.034	0.270	0.293
sub-103_task-EyeTracking_physio	66	-1329.576	-1054.572	275.004	1288.040	711.870	0.095	0.016	0.141	0.324
sub-103_task-EyeTracking_physio	66	-729.567	-554.559	175.008	1250.095	723.215	0.083	0.015	0.106	0.339
sub-103_task-EyeTracking_physio	66	-337.890	-21.213	316.677	1293.895	710.997	0.081	0.016	0.168	0.306
sub-103_task-EyeTracking_physio	66	-4.546	328.793	333.339	1276.512	733.795	0.151	0.039	0.225	0.662
sub-103_task-EyeTracking_physio	66	387.130	553.799	166.669	1323.408	742.737	0.111	0.035	0.211	0.326
sub-103_task-EyeTracking_physio	66	578.799	820.475	241.676	1413.045	789.010	0.101	0.028	0.197	0.306
sub-103_task-EyeTracking_physio	66	837.140	1128.811	291.671	1443.160	834.290	0.181	0.043	0.255	0.491
sub-103_task-EyeTracking_physio	66	1170.480	1395.482	225.002	1386.365	851.925	0.306	0.066	0.205	0.742
sub-103_task-EyeTracking_physio	66	1420.488	1653.821	233.333	1325.295	840.125	0.269	0.149	0.698	0.623
sub-103_task-EyeTracking_physio	66	1670.493	1953.835	283.342	1279.225	824.913	0.162	0.059	0.283	0.611
sub-103_task-EyeTracking_physio	66	1978.834	2320.510	341.676	1332.785	819.670	0.150	0.054	0.281	0.437
sub-103_task-EyeTracking_physio	66	2337.176	2995.525	658.349	1276.400	818.005	0.148	0.053	0.588	0.395
sub-103_task-EyeTracking_physio	67	-2448.455	-2190.114	258.341	1295.830	826.445	0.439	0.224	0.190	3.693
sub-103_task-EyeTracking_physio	67	-2173.447	-1915.107	258.340	1287.625	725.485	0.107	0.025	0.192	0.299
sub-103_task-EyeTracking_physio	67	-1573.431	-1415.094	158.337	1302.380	711.660	0.098	0.033	0.241	0.433
sub-103_task-EyeTracking_physio	67	-1398.428	-1231.756	166.672	1275.652	715.717	0.086	0.028	0.233	0.196
sub-103_task-EyeTracking_physio	67	-1215.089	-731.746	483.343	1307.047	768.483	0.140	0.044	0.181	0.660
sub-103_task-EyeTracking_physio	67	-706.743	-565.072	141.671	1277.375	736.435	0.094	0.018	0.135	0.315
sub-103_task-EyeTracking_physio	67	-548.406	426.616	975.022	1287.465	708.000	0.083	0.034	0.338	0.372
sub-103_task-EyeTracking_physio	67	634.956	1334.970	700.014	1283.570	716.785	0.072	0.030	0.270	0.345
sub-103_task-EyeTracking_physio	67	1834.983	2243.324	408.341	1277.705	736.645	0.075	0.035	0.227	0.301
sub-103_task-EyeTracking_physio	68	-2858.905	-2717.233	141.672	1277.220	780.760	0.138	0.031	0.364	0.206
sub-103_task-EyeTracking_physio	68	-2692.234	-2500.564	191.670	1289.395	732.595	0.083	0.025	0.227	0.218
sub-103_task-EyeTracking_physio	68	-2483.898	-2317.225	166.673	1269.740	713.582	0.075	0.019	0.167	0.259
sub-103_task-EyeTracking_physio	68	-1867.217	-1600.542	266.675	1282.733	748.982	0.099	0.046	0.219	0.441
sub-103_task-EyeTracking_physio	68	-1583.876	-1300.540	283.336	1286.553	708.795	0.080	0.024	0.214	0.313
sub-103_task-EyeTracking_physio	68	-1283.868	-1108.866	175.002	1273.045	690.805	0.075	0.024	0.202	0.223
sub-103_task-EyeTracking_physio	68	-1083.866	-825.527	258.339	1164.110	714.255	0.094	0.021	0.196	0.206
sub-103_task-EyeTracking_physio	68	-800.527	-633.851	166.676	1231.825	707.655	0.093	0.028	0.306	0.218
sub-103_task-EyeTracking_physio	68	-608.852	-442.184	166.668	1113.470	727.750	0.110	0.023	0.284	0.228
sub-103_task-EyeTracking_physio	68	-408.852	-133.844	275.008	1250.240	704.650	0.074	0.021	0.268	0.217
sub-103_task-EyeTracking_physio	68	-117.178	232.831	350.009	1305.890	700.197	0.114	0.037	0.256	0.429
sub-103_task-EyeTracking_physio	68	257.830	457.837	200.007	1248.268	702.275	0.130	0.033	0.186	0.369
sub-103_task-EyeTracking_physio	68	466.170	682.846	216.676	1229.943	682.180	0.086	0.031	0.245	0.299
sub-103_task-EyeTracking_physio	68	699.512	932.850	233.338	1203.130	649.767	0.082	0.031	0.277	0.218
sub-103_task-EyeTracking_physio	68	949.516	1591.200	641.684	1189.640	578.050	0.069	0.031	0.315	0.281
sub-103_task-EyeTracking_physio	68	1607.866	2199.545	591.679	1189.730	609.715	0.074	0.078	0.471	0.460
sub-103_task-EyeTracking_physio	68	2216.211	2432.889	216.678	1224.580	641.640	0.085	0.034	0.278	0.316
sub-103_task-EyeTracking_physio	68	2616.222	2999.563	383.341	1195.957	607.735	0.077	0.026	0.245	0.427
sub-103_task-EyeTracking_physio	69	-2457.665	-2315.997	141.668	1212.035	664.575	0.060	0.011	0.128	0.168
sub-103_task-EyeTracking_physio	69	-2299.331	-2040.990	258.341	1286.830	726.780	0.116	0.026	0.209	0.383
sub-103_task-EyeTracking_physio	69	-2024.323	-1549.311	475.012	1282.715	710.650	0.083	0.030	0.223	0.423
sub-103_task-EyeTracking_physio	69	-1132.636	-890.965	241.671	1268.605	744.220	0.214	0.078	0.258	1.121
sub-103_task-EyeTracking_physio	69	-882.631	42.394	925.025	1283.830	700.565	0.086	0.056	0.405	0.339
sub-103_task-EyeTracking_physio	69	59.060	309.066	250.006	1251.517	712.178	0.076	0.032	0.246	0.263
sub-103_task-EyeTracking_physio	69	325.731	509.069	183.338	1185.758	703.108	0.074	0.013	0.151	0.191
sub-103_task-EyeTracking_physio	69	525.741	775.741	250.000	1183.825	762.090	0.081	0.030	0.227	0.258
sub-103_task-EyeTracking_physio	69	792.413	1050.754	258.341	1176.030	808.030	0.098	0.043	0.198	0.451
sub-103_task-EyeTracking_physio	69	1067.420	1342.427	275.007	1169.260	863.060	0.141	0.041	0.281	0.490
sub-103_task-EyeTracking_physio	69	1359.092	1567.432	208.340	1155.440	901.670	0.315	0.090	0.242	0.789
sub-103_task-EyeTracking_physio	69	1759.102	2025.775	266.673	1170.267	919.727	0.209	0.121	0.249	1.238
sub-103_task-EyeTracking_physio	69	2050.775	2284.115	233.340	1155.555	817.865	0.150	0.056	0.271	0.440
sub-103_task-EyeTracking_physio	69	2475.784	2742.459	266.675	1159.015	783.497	0.087	0.036	0.156	0.478
sub-103_task-EyeTracking_physio	69	2767.462	3000.799	233.337	1114.475	772.517	0.087	0.025	0.204	0.353
sub-103_task-EyeTracking_physio	70	-3464.247	-3280.911	183.336	1259.537	757.490	0.095	0.025	0.247	0.262
sub-103_task-EyeTracking_physio	70	-3264.245	-2705.893	558.352	1280.870	718.170	0.076	0.030	0.350	0.289
sub-103_task-EyeTracking_physio	70	-2314.219	-2130.880	183.339	1281.160	728.142	0.098	0.036	0.289	0.361
sub-103_task-EyeTracking_physio	70	-2105.882	-1905.875	200.007	1074.003	934.773	0.294	0.092	0.207	0.759
sub-103_task-EyeTracking_physio	70	-1772.540	-1614.201	158.339	1288.590	745.390	0.530	0.286	0.494	2.021
sub-103_task-EyeTracking_physio	70	-1272.523	-1072.523	200.000	1321.763	720.995	0.126	0.035	0.402	0.331
sub-103_task-EyeTracking_physio	70	-1047.523	-814.184	233.339	1289.602	756.865	0.108	0.035	0.169	0.583
sub-103_task-EyeTracking_physio	70	-797.517	260.843	1058.360	1284.785	710.735	0.082	0.040	0.281	0.468
sub-103_task-EyeTracking_physio	70	277.509	494.181	216.672	1308.408	730.372	0.113	0.029	0.250	0.314
sub-103_task-EyeTracking_physio	70	519.181	702.523	183.342	1370.030	762.828	0.173	0.046	0.404	0.329
sub-103_task-EyeTracking_physio	70	727.523	910.858	183.335	1434.633	773.405	0.092	0.019	0.127	0.277
sub-103_task-EyeTracking_physio	70	935.857	1135.864	200.007	1526.380	791.247	0.074	0.017	0.221	0.171
sub-103_task-EyeTracking_physio	70	1152.530	1527.542	375.012	1586.635	817.865	0.140	0.037	0.427	0.363
sub-103_task-EyeTracking_physio	70	1552.541	1802.547	250.006	1523.312	804.180	0.118	0.028	0.243	0.341
sub-103_task-EyeTracking_physio	70	1827.547	2052.552	225.005	1398.890	752.070	0.090	0.018	0.206	0.190
sub-103_task-EyeTracking_physio	70	2077.551	2435.896	358.345	1342.360	733.500	0.079	0.030	0.212	0.281
sub-103_task-EyeTracking_physio	70	2452.563	2677.571	225.008	1288.635	723.665	0.102	0.028	0.287	0.333
sub-103_task-EyeTracking_physio	70	2802.573	3002.575	200.002	1240.148	718.723	0.083	0.019	0.244	0.182
sub-103_task-EyeTracking_physio	71	-1614.668	-1472.999	141.669	1237.280	716.485	0.071	0.017	0.170	0.181
sub-103_task-EyeTracking_physio	71	-1456.332	-1164.662	291.670	1280.040	729.080	0.066	0.015	0.242	0.180
sub-103_task-EyeTracking_physio	71	-589.644	-364.644	225.000	1266.700	719.150	0.092	0.112	0.306	0.685
sub-103_task-EyeTracking_physio	71	-39.634	318.704	358.338	1294.185	727.740	0.088	0.034	0.292	0.369
sub-103_task-EyeTracking_physio	71	327.042	593.714	266.672	1308.903	757.852	0.171	0.067	0.359	0.503
sub-103_task-EyeTracking_physio	71	610.381	1018.722	408.341	1310.955	706.480	0.125	0.040	0.407	0.357
sub-103_task-EyeTracking_physio	71	1035.389	1202.057	166.668	1295.178	654.847	0.125	0.034	0.162	0.345
sub-103_task-EyeTracking_physio	71	1485.397	2085.412	600.015	1253.200	761.370	0.109	0.038	0.303	0.505
sub-103_task-EyeTracking_physio	71	2110.413	2485.420	375.007	1169.770	763.945	0.097	0.021	0.203	0.280
sub-103_task-EyeTracking_physio	71	2502.087	2727.093	225.006	1120.425	770.810	0.089	0.014	0.177	0.186
sub-103_task-EyeTracking_physio	71	2743.759	2993.765	250.006	1075.850	783.110	0.095	0.021	0.189	0.251
sub-103_task-EyeTracking_physio	72	-1753.403	-1578.397	175.006	1137.170	779.305	0.078	0.012	0.120	0.187
sub-103_task-EyeTracking_physio	72	-1236.725	-1045.051	191.674	1288.865	707.095	0.069	0.024	0.167	0.281
sub-103_task-EyeTracking_physio	72	-1020.052	-828.378	191.674	1196.885	783.170	0.109	0.031	0.196	0.437
sub-103_task-EyeTracking_physio	72	-470.042	-353.369	116.673	729.795	1052.870	0.287	0.298	0.939	0.956
sub-103_task-EyeTracking_physio	72	-295.032	-78.365	216.667	1283.690	757.485	0.090	0.019	0.146	0.275
sub-103_task-EyeTracking_physio	72	-70.031	471.648	541.679	1286.945	741.725	0.086	0.027	0.208	0.384
sub-103_task-EyeTracking_physio	72	488.318	779.991	291.673	1290.430	690.065	0.091	0.023	0.157	0.312
sub-103_task-EyeTracking_physio	72	796.658	1038.332	241.674	1286.535	649.940	0.077	0.015	0.146	0.199
sub-103_task-EyeTracking_physio	72	1046.665	1146.670	100.005	1269.130	617.767	0.103	0.023	0.128	0.357
sub-103_task-EyeTracking_physio	72	1346.670	1613.342	266.672	1273.410	629.428	0.077	0.023	0.199	0.289
sub-103_task-EyeTracking_physio	72	2046.684	2396.696	350.012	1262.260	626.850	0.081	0.072	0.249	0.555
sub-103_task-EyeTracking_physio	73	-1425.312	-1175.307	250.005	1268.858	730.983	0.081	0.026	0.146	0.362
sub-103_task-EyeTracking_physio	73	-833.636	-450.293	383.343	1262.412	700.580	0.087	0.025	0.196	0.386
sub-103_task-EyeTracking_physio	73	-425.292	-66.948	358.344	1283.100	688.745	0.084	0.026	0.238	0.276
sub-103_task-EyeTracking_physio	73	-50.282	316.392	366.674	1276.858	713.822	0.093	0.024	0.218	0.336
sub-103_task-EyeTracking_physio	73	333.059	633.071	300.012	1274.690	675.188	0.206	0.071	0.679	0.602
sub-103_task-EyeTracking_physio	73	683.071	833.075	150.004	1189.352	730.565	0.090	0.021	0.213	0.268
sub-103_task-EyeTracking_physio	73	1033.082	1233.085	200.003	1132.060	795.122	0.114	0.080	0.280	0.707
sub-103_task-EyeTracking_physio	73	1258.085	1916.434	658.349	1095.065	856.520	0.135	0.073	0.356	0.664
sub-103_task-EyeTracking_physio	73	1933.100	2116.439	183.339	1084.425	764.055	0.125	0.063	0.259	0.376
sub-103_task-EyeTracking_physio	73	2133.105	2333.108	200.003	1080.715	715.503	0.071	0.046	0.283	0.463
sub-103_task-EyeTracking_physio	73	2349.778	2558.115	208.337	1071.230	666.970	0.139	0.053	0.534	0.305
sub-103_task-EyeTracking_physio	73	2574.782	2908.125	333.343	1085.900	630.648	0.171	0.066	0.517	0.379
sub-103_task-EyeTracking_physio	74	-1070.085	-836.750	233.335	1267.310	721.602	0.134	0.071	0.196	0.748
sub-103_task-EyeTracking_physio	74	-178.402	329.947	508.349	1271.170	718.180	0.089	0.049	0.312	0.415
sub-103_task-EyeTracking_physio	74	354.951	563.288	208.337	1288.110	765.725	0.088	0.024	0.200	0.269
sub-103_task-EyeTracking_physio	74	588.286	846.625	258.339	1313.190	806.265	0.239	0.091	0.472	0.498
sub-103_task-EyeTracking_physio	74	871.629	1238.302	366.673	1336.747	845.915	0.219	0.114	0.520	0.658
sub-103_task-EyeTracking_physio	74	1463.306	1813.318	350.012	1413.970	828.963	0.249	0.122	0.532	0.868
sub-103_task-EyeTracking_physio	74	1829.985	2396.661	566.676	1455.705	860.872	0.221	0.104	0.685	0.778
sub-103_task-EyeTracking_physio	74	2421.661	2638.337	216.676	1416.322	824.148	0.141	0.062	0.484	0.375
sub-103_task-EyeTracking_physio	75	-837.015	-3.665	833.350	1275.932	710.825	0.128	0.144	0.421	0.796
sub-103_task-EyeTracking_physio	75	13.002	296.342	283.340	1286.582	739.840	0.149	0.057	0.347	0.569
sub-103_task-EyeTracking_physio	75	313.013	579.686	266.673	1260.725	779.597	0.176	0.062	0.289	0.508
sub-103_task-EyeTracking_physio	75	621.352	804.691	183.339	1220.810	788.240	0.089	0.032	0.165	0.404
sub-103_task-EyeTracking_physio	75	829.701	1054.695	224.994	1175.805	789.780	0.121	0.027	0.244	0.277
sub-103_task-EyeTracking_physio	75	1071.362	1454.704	383.342	1160.875	835.592	0.133	0.041	0.356	0.467
sub-103_task-EyeTracking_physio	75	1471.371	1779.716	308.345	1204.440	805.060	0.127	0.038	0.254	0.347
sub-103_task-EyeTracking_physio	75	1804.715	1996.384	191.669	1213.010	839.250	0.147	0.049	0.210	0.441
sub-103_task-EyeTracking_physio	75	2013.055	2363.061	350.006	1234.095	854.795	0.120	0.039	0.278	0.430
sub-103_task-EyeTracking_physio	75	2388.060	2763.072	375.012	1162.600	840.125	0.148	0.048	0.394	0.431
sub-103_task-EyeTracking_physio	75	2779.736	3004.744	225.008	1200.860	807.590	0.115	0.023	0.216	0.251
sub-103_task-EyeTracking_physio	76	-1059.927	-559.911	500.016	1257.860	741.012	0.132	0.052	0.399	0.593
sub-103_task-EyeTracking_physio	76	-193.240	115.104	308.344	1261.355	730.945	0.127	0.079	0.576	0.560
sub-103_task-EyeTracking_physio	76	131.770	398.444	266.674	1284.310	763.183	0.106	0.032	0.323	0.254
sub-103_task-EyeTracking_physio	76	423.445	681.783	258.338	1302.030	790.615	0.161	0.044	0.336	0.409
sub-103_task-EyeTracking_physio	76	698.450	956.790	258.340	1325.370	821.100	0.181	0.073	0.400	0.444
sub-103_task-EyeTracking_physio	76	965.124	1223.463	258.339	1349.080	819.980	0.244	0.142	0.570	0.547
sub-103_task-EyeTracking_physio	76	1248.463	1656.804	408.341	1316.410	803.660	0.277	0.144	0.851	0.807
sub-103_task-EyeTracking_physio	76	1681.811	2090.153	408.342	1267.020	799.925	0.149	0.058	0.549	0.453
sub-103_task-EyeTracking_physio	76	2115.153	2415.158	300.005	1329.838	813.128	0.161	0.049	0.329	0.540
sub-103_task-EyeTracking_physio	76	2440.158	2890.171	450.013	1282.683	807.517	0.121	0.039	0.524	0.311
sub-103_task-EyeTracking_physio	77	-2972.192	-2772.185	200.007	1319.010	803.758	0.185	0.059	0.475	0.397
sub-103_task-EyeTracking_physio	77	-2522.180	-2313.843	208.337	1273.700	718.975	0.100	0.038	0.206	0.421
sub-103_task-EyeTracking_physio	77	-2288.844	-2022.171	266.673	1065.172	797.562	0.128	0.045	0.380	0.500
sub-103_task-EyeTracking_physio	77	-1797.167	-1630.495	166.672	1252.452	753.088	0.600	0.223	0.367	2.100
sub-103_task-EyeTracking_physio	77	-1572.158	-905.475	666.683	1297.307	773.082	0.202	0.330	0.549	1.602
sub-103_task-EyeTracking_physio	77	-880.476	-655.468	225.008	1283.105	724.135	0.076	0.045	0.255	0.455
sub-103_task-EyeTracking_physio	77	-647.134	-422.132	225.002	1286.760	704.280	0.073	0.027	0.191	0.287
sub-103_task-EyeTracking_physio	77	-238.793	302.888	541.681	1281.245	704.145	0.083	0.055	0.290	0.466
sub-103_task-EyeTracking_physio	77	527.893	636.230	108.337	1307.690	696.505	0.085	0.015	0.213	0.160
sub-103_task-EyeTracking_physio	77	652.897	869.570	216.673	1388.912	699.408	0.141	0.063	0.372	0.397
sub-103_task-EyeTracking_physio	77	894.570	1186.242	291.672	1462.345	696.805	0.063	0.010	0.133	0.181
sub-103_task-EyeTracking_physio	77	1202.907	1602.919	400.012	1454.840	671.680	0.129	0.033	0.316	0.373
sub-103_task-EyeTracking_physio	77	1619.587	1927.930	308.343	1432.515	649.195	0.120	0.020	0.419	0.206
sub-103_task-EyeTracking_physio	77	1952.930	2119.597	166.667	1363.812	625.952	0.178	0.057	0.600	0.260
sub-103_task-EyeTracking_physio	77	2136.264	2419.605	283.341	1320.045	614.112	0.145	0.054	0.443	0.367
sub-103_task-EyeTracking_physio	77	2444.607	2786.281	341.674	1284.640	618.235	0.249	0.105	0.951	0.710
sub-103_task-EyeTracking_physio	77	2794.615	3002.956	208.341	1237.065	645.200	0.136	0.040	0.352	0.258
sub-103_task-EyeTracking_physio	78	-2044.775	-1794.769	250.006	1196.805	652.885	0.101	0.022	0.245	0.224
sub-103_task-EyeTracking_physio	78	-1478.092	-1278.090	200.002	1272.207	730.053	0.093	0.041	0.245	0.310
sub-103_task-EyeTracking_physio	78	-736.418	-561.403	175.015	1237.955	725.695	0.253	0.072	0.360	0.612
sub-103_task-EyeTracking_physio	78	-536.404	-211.397	325.007	1279.780	718.840	0.176	0.065	0.303	0.567
sub-103_task-EyeTracking_physio	78	-44.723	338.620	383.343	1265.290	713.725	0.176	0.061	0.410	0.701
sub-103_task-EyeTracking_physio	78	530.289	963.632	433.343	1275.130	741.838	0.108	0.035	0.228	0.393
sub-103_task-EyeTracking_physio	78	988.636	1196.973	208.337	1241.095	728.880	0.093	0.015	0.120	0.257
sub-103_task-EyeTracking_physio	78	1213.640	1696.983	483.343	1168.477	742.388	0.101	0.032	0.257	0.384
sub-103_task-EyeTracking_physio	78	1730.316	1921.988	191.672	1217.200	743.405	0.117	0.028	0.229	0.252
sub-103_task-EyeTracking_physio	78	1946.988	2205.330	258.342	1283.495	731.925	0.105	0.022	0.198	0.320
sub-103_task-EyeTracking_physio	78	2221.996	2605.339	383.343	1302.370	724.130	0.225	0.081	0.757	0.828
sub-103_task-EyeTracking_physio	78	2622.006	3005.349	383.343	1297.347	683.222	0.155	0.041	0.340	0.419
sub-103_task-EyeTracking_physio	79	-1638.786	-1313.780	325.006	1274.075	729.165	0.196	0.055	0.319	0.563
sub-103_task-EyeTracking_physio	79	-1130.439	294.588	1425.027	1278.795	708.615	0.090	0.101	0.461	0.807
sub-103_task-EyeTracking_physio	79	319.596	636.266	316.670	1321.295	696.325	0.087	0.036	0.196	0.328
sub-103_task-EyeTracking_physio	79	652.932	836.275	183.343	1362.640	699.993	0.095	0.026	0.246	0.230
sub-103_task-EyeTracking_physio	79	1177.945	1452.952	275.007	1408.625	681.980	0.107	0.031	0.266	0.327
sub-103_task-EyeTracking_physio	79	1477.953	1752.965	275.012	1380.545	663.160	0.072	0.026	0.210	0.379
sub-103_task-EyeTracking_physio	79	1777.964	1994.632	216.668	1356.267	654.185	0.076	0.018	0.178	0.238
sub-103_task-EyeTracking_physio	79	2011.302	2444.647	433.345	1389.332	673.288	0.207	0.078	0.595	0.617
sub-103_task-EyeTracking_physio	79	2461.313	2769.652	308.339	1416.900	673.815	0.129	0.034	0.510	0.234
sub-103_task-EyeTracking_physio	79	2794.651	3002.993	208.342	1460.020	679.505	0.127	0.022	0.325	0.195
sub-103_task-EyeTracking_physio	80	-1457.438	-1265.764	191.674	1334.080	696.010	0.266	0.092	0.661	0.603
sub-103_task-EyeTracking_physio	80	-907.426	-349.075	558.351	1283.190	710.410	0.091	0.039	0.430	0.368
sub-103_task-EyeTracking_physio	80	-332.408	-182.405	150.003	1207.445	701.822	0.092	0.017	0.273	0.155
sub-103_task-EyeTracking_physio	80	-165.739	459.276	625.015	1265.950	714.645	0.112	0.059	0.504	0.567
sub-103_task-EyeTracking_physio	80	692.617	1025.956	333.339	1231.575	721.233	0.111	0.022	0.159	0.368
sub-103_task-EyeTracking_physio	80	1034.289	1267.630	233.341	1207.898	731.632	0.105	0.029	0.284	0.301
sub-103_task-EyeTracking_physio	80	1284.296	1575.969	291.673	1205.905	709.780	0.174	0.056	0.374	0.434
sub-103_task-EyeTracking_physio	80	1592.635	2092.648	500.013	1186.085	698.560	0.125	0.096	0.417	0.680
sub-103_task-EyeTracking_physio	80	2117.647	2484.323	366.676	1213.273	722.370	0.088	0.023	0.253	0.238
sub-103_task-EyeTracking_physio	80	2509.323	2767.663	258.340	1209.250	753.220	0.176	0.075	0.638	0.395
sub-103_task-EyeTracking_physio	81	-1869.635	-1752.965	116.670	1203.283	730.758	0.212	0.042	0.266	0.387
sub-103_task-EyeTracking_physio	81	-1469.631	-1177.954	291.677	1285.215	728.085	0.133	0.120	0.350	0.693
sub-103_task-EyeTracking_physio	81	-1161.287	-1061.282	100.005	1265.477	730.590	0.128	0.036	0.228	0.302
sub-103_task-EyeTracking_physio	81	-636.275	372.083	1008.358	1274.260	721.195	0.137	0.148	0.668	0.849
sub-103_task-EyeTracking_physio	81	397.082	605.421	208.339	1257.790	748.930	0.160	0.046	0.307	0.377
sub-103_task-EyeTracking_physio	81	638.755	888.762	250.007	1202.637	785.628	0.210	0.134	0.602	0.879
sub-103_task-EyeTracking_physio	81	913.762	1197.102	283.340	1200.895	832.640	0.134	0.046	0.352	0.429
sub-103_task-EyeTracking_physio	81	1647.114	1905.452	258.338	1223.975	816.100	0.105	0.062	0.237	0.536
sub-103_task-EyeTracking_physio	81	1922.119	2163.792	241.673	1258.200	811.775	0.198	0.072	0.602	0.519
sub-103_task-EyeTracking_physio	81	2172.125	2405.464	233.339	1302.890	816.605	0.187	0.060	0.345	0.454
sub-103_task-EyeTracking_physio	81	2422.131	2663.800	241.669	1336.665	825.215	0.178	0.045	0.326	0.429
sub-103_task-EyeTracking_physio	81	2688.803	3005.474	316.671	1393.775	816.415	0.133	0.054	0.348	0.554
sub-103_task-EyeTracking_physio	82	-1035.603	-652.258	383.345	1285.385	725.375	0.138	0.284	0.621	0.834
sub-103_task-EyeTracking_physio	82	-418.920	347.768	766.688	1274.312	718.183	0.090	0.051	0.329	0.522
sub-103_task-EyeTracking_physio	82	364.435	506.106	141.671	1294.460	755.065	0.127	0.042	0.264	0.303
sub-103_task-EyeTracking_physio	82	522.773	947.780	425.007	1313.660	776.180	0.149	0.051	0.438	0.402
sub-103_task-EyeTracking_physio	82	972.783	1281.124	308.341	1257.510	791.735	0.128	0.030	0.259	0.307
sub-103_task-EyeTracking_physio	82	1306.124	1622.797	316.673	1319.092	791.110	0.139	0.032	0.243	0.329
sub-103_task-EyeTracking_physio	82	1639.464	1947.805	308.341	1335.780	786.895	0.135	0.064	0.461	0.334
sub-103_task-EyeTracking_physio	82	2239.479	2856.160	616.681	1309.570	753.590	0.166	0.081	0.619	0.632
sub-103_task-EyeTracking_physio	83	-4965.983	-4690.977	275.006	1227.615	792.950	0.096	0.026	0.257	0.262
sub-103_task-EyeTracking_physio	83	-4674.310	-4565.974	108.336	1265.430	772.020	0.204	0.077	0.323	0.451
sub-103_task-EyeTracking_physio	83	-4215.966	-4024.294	191.672	1261.095	777.260	0.147	0.041	0.228	0.458
sub-103_task-EyeTracking_physio	83	-3974.294	-3732.621	241.673	1101.550	845.825	0.115	0.021	0.165	0.386
sub-103_task-EyeTracking_physio	83	-3699.287	-3490.950	208.337	1253.635	765.420	0.238	0.074	0.280	0.623
sub-103_task-EyeTracking_physio	83	-3474.283	-3357.613	116.670	1273.495	750.143	0.151	0.037	0.236	0.361
sub-103_task-EyeTracking_physio	83	-3332.614	-3232.611	100.003	1183.898	778.250	0.108	0.033	0.178	0.265
sub-103_task-EyeTracking_physio	83	-2807.602	-2615.929	191.673	1278.670	786.900	0.128	0.063	0.398	0.499
sub-103_task-EyeTracking_physio	83	-2599.262	-2349.253	250.009	1146.632	830.175	0.216	0.080	0.592	0.456
sub-103_task-EyeTracking_physio	83	-2332.586	-2099.251	233.335	1172.622	821.725	0.128	0.043	0.280	0.366
sub-103_task-EyeTracking_physio	83	-2074.250	-1557.571	516.679	1281.358	760.892	0.114	0.186	0.580	0.831
sub-103_task-EyeTracking_physio	83	-1549.238	-1190.896	358.342	1277.325	727.585	0.088	0.022	0.157	0.309
sub-103_task-EyeTracking_physio	83	-907.558	284.137	1191.695	1287.290	710.615	0.109	0.100	0.653	0.561
sub-103_task-EyeTracking_physio	83	300.804	650.815	350.011	1287.245	737.332	0.150	0.043	0.248	0.554
sub-103_task-EyeTracking_physio	83	667.481	975.818	308.337	1252.415	739.980	0.190	0.094	0.714	0.424
sub-103_task-EyeTracking_physio	83	1000.818	1317.495	316.677	1205.040	747.743	0.153	0.048	0.522	0.348
sub-103_task-EyeTracking_physio	83	1342.494	1650.831	308.337	1119.045	747.475	0.148	0.034	0.586	0.311
sub-103_task-EyeTracking_physio	83	1667.498	3000.869	1333.371	1092.327	737.935	0.109	0.066	0.707	0.596
sub-103_task-EyeTracking_physio	84	-4343.250	-2734.879	1608.371	1090.560	742.035	0.088	0.047	0.339	0.521
sub-103_task-EyeTracking_physio	84	-2451.535	-1459.847	991.688	1079.875	820.215	0.187	0.094	0.379	1.190
sub-103_task-EyeTracking_physio	84	-1426.514	-1226.507	200.007	1287.037	736.775	0.210	0.075	0.301	0.538
sub-103_task-EyeTracking_physio	84	-1026.500	423.534	1450.034	1285.325	695.268	0.080	0.072	0.415	0.607
sub-103_task-EyeTracking_physio	84	456.867	2740.255	2283.388	1317.048	700.185	0.078	0.056	0.553	0.435
sub-103_task-EyeTracking_physio	85	-1667.249	-1567.245	100.004	1328.845	695.438	0.078	0.018	0.127	0.244
sub-103_task-EyeTracking_physio	85	-1533.911	-1308.906	225.005	1293.455	851.255	0.196	0.076	0.252	0.583
sub-103_task-EyeTracking_physio	85	-1275.572	-1100.571	175.001	1286.815	740.485	0.093	0.017	0.110	0.315
sub-103_task-EyeTracking_physio	85	-825.562	-608.890	216.672	1278.537	734.332	0.085	0.045	0.156	0.510
sub-103_task-EyeTracking_physio	85	-592.223	907.816	1500.039	1286.320	714.133	0.105	0.066	0.469	0.516
sub-103_task-EyeTracking_physio	85	924.483	1224.487	300.004	1250.933	717.628	0.124	0.042	0.281	0.347
sub-103_task-EyeTracking_physio	85	1257.821	1541.160	283.339	1216.102	727.918	0.181	0.066	0.346	0.526
sub-103_task-EyeTracking_physio	85	1557.827	1816.165	258.338	1147.355	728.930	0.107	0.022	0.247	0.276
sub-103_task-EyeTracking_physio	85	1841.171	2082.841	241.670	1083.720	737.270	0.069	0.014	0.145	0.200
sub-103_task-EyeTracking_physio	85	2324.510	2941.196	616.686	1082.760	742.860	0.106	0.036	0.305	0.337
sub-103_task-EyeTracking_physio	86	-2572.295	-2397.292	175.003	1254.100	746.495	0.188	0.123	0.447	0.596
sub-103_task-EyeTracking_physio	86	-2005.617	-1688.946	316.671	1279.515	707.213	0.124	0.040	0.497	0.384
sub-103_task-EyeTracking_physio	86	-1180.600	302.773	1483.373	1288.963	708.378	0.127	0.127	0.682	0.874
sub-103_task-EyeTracking_physio	86	319.440	486.107	166.667	1301.635	723.882	0.154	0.068	0.458	0.371
sub-103_task-EyeTracking_physio	86	502.773	719.449	216.676	1352.182	714.260	0.159	0.108	0.487	0.430
sub-103_task-EyeTracking_physio	86	736.115	911.115	175.000	1443.225	715.290	0.136	0.078	0.411	0.397
sub-103_task-EyeTracking_physio	86	936.115	1377.795	441.680	1566.870	710.230	0.149	0.052	0.695	0.613
sub-103_task-EyeTracking_physio	86	1402.794	1686.131	283.337	1601.777	688.942	0.136	0.043	0.552	0.250
sub-103_task-EyeTracking_physio	86	1719.464	2152.812	433.348	1590.818	629.283	0.077	0.025	0.230	0.247
sub-103_task-EyeTracking_physio	86	2169.478	2419.486	250.008	1567.525	657.890	0.089	0.034	0.249	0.321
sub-103_task-EyeTracking_physio	86	2444.485	2677.824	233.339	1516.457	706.533	0.142	0.034	0.472	0.257
sub-103_task-EyeTracking_physio	86	2702.823	3002.828	300.005	1426.207	710.005	0.262	0.128	0.730	0.829
sub-103_task-EyeTracking_physio	87	-1591.231	-1407.890	183.341	1291.875	719.430	0.110	0.046	0.373	0.254
sub-103_task-EyeTracking_physio	87	-1391.224	-1041.214	350.010	1266.895	720.368	0.156	0.079	0.596	0.399
sub-103_task-EyeTracking_physio	87	-1032.880	342.150	1375.030	1285.955	716.640	0.178	0.111	1.080	0.618
sub-103_task-EyeTracking_physio	87	358.817	600.490	241.673	1252.395	725.105	0.154	0.049	0.284	0.413
sub-103_task-EyeTracking_physio	87	625.490	783.831	158.341	1249.625	685.435	0.074	0.022	0.213	0.202
sub-103_task-EyeTracking_physio	87	958.832	1067.169	108.337	1258.395	663.120	0.090	0.029	0.277	0.179
sub-103_task-EyeTracking_physio	87	1075.501	1317.176	241.675	1226.670	671.770	0.142	0.061	0.523	0.377
sub-103_task-EyeTracking_physio	87	1342.174	1533.844	191.670	1188.730	667.170	0.098	0.028	0.257	0.278
sub-103_task-EyeTracking_physio	87	1550.511	1908.854	358.343	1146.530	672.380	0.091	0.022	0.248	0.257
sub-103_task-EyeTracking_physio	87	1925.521	2150.527	225.006	1165.480	668.185	0.108	0.025	0.285	0.189
sub-103_task-EyeTracking_physio	87	2175.527	2608.870	433.343	1196.375	670.715	0.138	0.064	0.310	0.496
sub-103_task-EyeTracking_physio	87	2625.541	3000.543	375.002	1169.340	678.130	0.192	0.062	0.552	0.500
sub-103_task-EyeTracking_physio	88	-1641.979	-1391.977	250.002	1228.460	709.085	0.141	0.060	0.318	0.480
sub-103_task-EyeTracking_physio	88	-708.624	-541.955	166.669	1243.357	733.087	0.142	0.069	0.465	0.395
sub-103_task-EyeTracking_physio	88	-533.621	399.733	933.354	1280.273	715.882	0.140	0.069	0.457	0.483
sub-103_task-EyeTracking_physio	88	616.408	941.412	325.004	1268.810	746.480	0.157	0.064	0.275	0.611
sub-103_task-EyeTracking_physio	88	974.751	1141.420	166.669	1260.773	783.535	0.103	0.039	0.226	0.340
sub-103_task-EyeTracking_physio	88	1158.086	1391.426	233.340	1214.253	803.143	0.114	0.084	0.427	0.440
sub-103_task-EyeTracking_physio	88	1408.092	1608.093	200.001	1147.245	816.495	0.137	0.037	0.282	0.310
sub-103_task-EyeTracking_physio	88	1633.099	1833.102	200.003	1093.270	817.235	0.092	0.029	0.273	0.283
sub-103_task-EyeTracking_physio	88	1849.768	2058.107	208.339	1039.550	812.775	0.080	0.015	0.108	0.268
sub-103_task-EyeTracking_physio	88	2091.440	2341.448	250.008	991.005	813.430	0.071	0.012	0.104	0.289
sub-103_task-EyeTracking_physio	88	2358.114	2541.451	183.337	1031.483	803.990	0.096	0.024	0.168	0.365
sub-103_task-EyeTracking_physio	88	2566.455	2924.792	358.337	1084.585	804.830	0.093	0.022	0.160	0.278
sub-103_task-EyeTracking_physio	89	-1518.354	-1326.682	191.672	1262.895	725.055	0.102	0.041	0.238	0.378
sub-103_task-EyeTracking_physio	89	-1310.016	-1085.009	225.007	1290.255	712.525	0.195	0.042	0.275	0.463
sub-103_task-EyeTracking_physio	89	-910.002	-643.328	266.674	1282.092	716.303	0.132	0.063	0.367	0.561
sub-103_task-EyeTracking_physio	89	-618.329	-493.325	125.004	1249.380	719.090	0.120	0.023	0.113	0.444
sub-103_task-EyeTracking_physio	89	-476.659	90.019	566.678	1284.500	717.178	0.106	0.033	0.269	0.547
sub-103_task-EyeTracking_physio	89	106.685	356.691	250.006	1242.210	732.195	0.118	0.045	0.223	0.443
sub-103_task-EyeTracking_physio	89	373.357	565.032	191.675	1272.135	739.310	0.104	0.029	0.169	0.319
sub-103_task-EyeTracking_physio	89	581.698	1181.710	600.012	1325.753	721.890	0.177	0.253	1.023	0.521
sub-103_task-EyeTracking_physio	89	1198.379	1356.718	158.339	1435.300	737.250	0.234	0.056	0.544	0.323
sub-103_task-EyeTracking_physio	89	1373.385	1506.720	133.335	1263.955	785.837	0.164	0.077	0.235	0.707
sub-103_task-EyeTracking_physio	89	1540.054	1773.394	233.340	1454.082	750.362	0.099	0.032	0.302	0.324
sub-103_task-EyeTracking_physio	89	1790.061	2090.066	300.005	1504.122	745.200	0.117	0.051	0.338	0.547
sub-103_task-EyeTracking_physio	89	2106.737	2381.743	275.006	1533.855	728.915	0.147	0.035	0.383	0.344
sub-103_task-EyeTracking_physio	89	2406.744	2673.412	266.668	1585.098	738.263	0.102	0.031	0.274	0.369
sub-103_task-EyeTracking_physio	89	2690.078	2998.423	308.345	1531.250	750.490	0.139	0.046	0.543	0.274
sub-103_task-EyeTracking_physio	90	-1588.007	-1371.329	216.678	1316.960	745.808	0.122	0.048	0.343	0.295
sub-103_task-EyeTracking_physio	90	-1104.660	-871.323	233.337	1259.170	713.000	0.143	0.067	0.411	0.512
sub-103_task-EyeTracking_physio	90	-621.318	-262.973	358.345	1291.040	693.205	0.096	0.033	0.279	0.357
sub-103_task-EyeTracking_physio	90	-246.306	362.043	608.349	1284.135	706.530	0.117	0.112	0.561	0.756
sub-103_task-EyeTracking_physio	90	387.044	603.716	216.672	1262.193	731.162	0.125	0.053	0.278	0.467
sub-103_task-EyeTracking_physio	90	620.382	845.385	225.003	1248.840	795.165	0.143	0.070	0.372	0.443
sub-103_task-EyeTracking_physio	90	862.055	1070.395	208.340	1205.070	810.985	0.132	0.047	0.312	0.451
sub-103_task-EyeTracking_physio	90	1087.061	1287.062	200.001	1152.455	821.530	0.234	0.096	0.429	0.694
sub-103_task-EyeTracking_physio	90	1303.729	1620.403	316.674	1126.620	772.390	0.185	0.104	0.501	0.574
sub-103_task-EyeTracking_physio	90	1645.407	1895.408	250.001	1164.362	801.267	0.182	0.071	0.571	0.450
sub-103_task-EyeTracking_physio	90	1912.080	2037.083	125.003	1207.185	804.310	0.183	0.060	0.399	0.400
sub-103_task-EyeTracking_physio	90	2053.749	2428.758	375.009	1129.930	757.585	0.139	0.043	0.427	0.303
sub-103_task-EyeTracking_physio	90	2445.425	2770.429	325.004	1176.415	792.425	0.109	0.043	0.334	0.399
sub-103_task-EyeTracking_physio	90	2803.761	3003.771	200.010	1125.452	753.612	0.118	0.044	0.387	0.312
sub-103_task-EyeTracking_physio	91	-1668.253	-1484.914	183.339	1248.005	732.278	0.075	0.050	0.235	0.371
sub-103_task-EyeTracking_physio	91	-1451.580	-1293.239	158.341	949.180	1016.925	0.153	0.063	0.329	0.419
sub-103_task-EyeTracking_physio	91	-1118.241	-918.231	200.010	1067.185	893.918	0.177	0.145	0.180	1.666
sub-103_task-EyeTracking_physio	91	-884.897	-726.563	158.334	1255.850	736.145	0.090	0.044	0.406	0.253
sub-103_task-EyeTracking_physio	91	-543.227	323.462	866.689	1285.053	706.545	0.087	0.086	0.459	0.704
sub-103_task-EyeTracking_physio	91	340.129	590.136	250.007	1263.723	737.670	0.133	0.036	0.306	0.423
sub-103_task-EyeTracking_physio	91	615.136	923.480	308.344	1249.660	709.230	0.128	0.047	0.357	0.281
sub-103_task-EyeTracking_physio	91	940.146	1115.150	175.004	1218.710	719.740	0.187	0.065	0.614	0.277
sub-103_task-EyeTracking_physio	91	1131.816	1390.155	258.339	1250.955	710.910	0.157	0.085	0.342	0.466
sub-103_task-EyeTracking_physio	91	1406.820	1690.159	283.339	1215.785	719.447	0.190	0.070	0.619	0.295
sub-103_task-EyeTracking_physio	91	1715.165	2031.838	316.673	1177.410	725.235	0.143	0.047	0.460	0.288
sub-103_task-EyeTracking_physio	91	2056.837	2448.513	391.676	1137.910	716.890	0.151	0.057	0.489	0.373
sub-103_task-EyeTracking_physio	91	2481.847	2690.185	208.338	1223.010	712.740	0.143	0.038	0.293	0.374
sub-103_task-EyeTracking_physio	91	2706.851	2998.525	291.674	1280.800	712.000	0.115	0.042	0.382	0.302
sub-103_task-EyeTracking_physio	92	-2729.118	-2329.108	400.010	1269.440	723.348	0.183	0.147	0.631	0.659
sub-103_task-EyeTracking_physio	92	-1879.098	-1629.097	250.001	1284.457	746.947	0.093	0.052	0.257	0.437
sub-103_task-EyeTracking_physio	92	-1612.424	-1287.418	325.006	1275.495	723.910	0.124	0.048	0.318	0.442
sub-103_task-EyeTracking_physio	92	-1262.420	-929.075	333.345	1275.517	760.210	0.092	0.031	0.230	0.375
sub-103_task-EyeTracking_physio	92	-912.408	-745.738	166.670	1273.010	729.667	0.086	0.019	0.235	0.171
sub-103_task-EyeTracking_physio	92	-729.071	320.955	1050.026	1284.918	716.310	0.160	0.074	1.048	0.635
sub-103_task-EyeTracking_physio	92	337.622	520.959	183.337	1281.200	739.903	0.106	0.028	0.259	0.308
sub-103_task-EyeTracking_physio	92	545.958	787.632	241.674	1219.345	777.585	0.218	0.070	0.373	0.520
sub-103_task-EyeTracking_physio	92	812.632	987.634	175.002	1084.005	780.745	0.099	0.029	0.254	0.296
sub-103_task-EyeTracking_physio	92	1004.305	1179.310	175.005	1035.225	754.030	0.104	0.024	0.173	0.271
sub-103_task-EyeTracking_physio	92	1212.642	1420.981	208.339	1005.890	704.535	0.127	0.037	0.320	0.399
sub-103_task-EyeTracking_physio	92	1445.981	1604.317	158.336	995.170	667.410	0.119	0.032	0.290	0.295
sub-103_task-EyeTracking_physio	92	1787.653	2371.003	583.350	1007.295	671.668	0.067	0.013	0.167	0.196
sub-103_task-EyeTracking_physio	92	2387.670	2854.350	466.680	1043.638	699.938	0.124	0.032	0.399	0.451
sub-103_task-EyeTracking_physio	92	2879.349	2996.019	116.670	1007.665	669.355	0.084	0.022	0.227	0.166
sub-103_task-EyeTracking_physio	93	-2499.206	-2190.863	308.343	1277.330	738.820	0.162	0.047	0.361	0.461
sub-103_task-EyeTracking_physio	93	-1757.524	-1515.846	241.678	958.165	871.485	0.115	0.074	0.240	0.717
sub-103_task-EyeTracking_physio	93	-1482.514	-1274.173	208.341	1269.100	723.990	0.118	0.058	0.309	0.400
sub-103_task-EyeTracking_physio	93	-1265.840	-1149.170	116.670	1289.930	720.870	0.148	0.051	0.191	0.353
sub-103_task-EyeTracking_physio	93	-899.164	-757.494	141.670	1281.025	758.745	0.317	0.170	0.174	1.643
sub-103_task-EyeTracking_physio	93	-590.826	350.864	941.690	1283.615	705.885	0.170	0.119	1.433	0.712
sub-103_task-EyeTracking_physio	93	359.197	625.868	266.671	1298.682	720.420	0.138	0.065	0.469	0.429
sub-103_task-EyeTracking_physio	93	642.534	859.210	216.676	1404.778	735.053	0.346	0.182	1.013	0.715
sub-103_task-EyeTracking_physio	93	892.543	1075.883	183.340	1510.523	732.217	0.088	0.015	0.189	0.161
sub-103_task-EyeTracking_physio	93	1092.549	1275.885	183.336	1594.100	744.090	0.069	0.011	0.142	0.227
sub-103_task-EyeTracking_physio	93	1292.552	1525.892	233.340	1646.900	727.502	0.091	0.029	0.201	0.268
sub-103_task-EyeTracking_physio	93	1550.892	1809.231	258.339	1600.220	717.870	0.083	0.035	0.304	0.341
sub-103_task-EyeTracking_physio	93	1842.568	2084.237	241.669	1422.420	717.390	0.095	0.034	0.257	0.322
sub-103_task-EyeTracking_physio	93	2109.241	2375.914	266.673	1315.753	707.702	0.093	0.042	0.194	0.478
sub-103_task-EyeTracking_physio	93	2392.580	2725.918	333.338	1216.675	740.447	0.093	0.052	0.295	0.354
sub-103_task-EyeTracking_physio	93	2742.585	2942.595	200.010	1151.668	738.413	0.084	0.015	0.157	0.228
sub-103_task-EyeTracking_physio	94	-1459.799	-1226.459	233.340	1256.193	738.330	0.093	0.024	0.209	0.380
sub-103_task-EyeTracking_physio	94	-693.116	290.241	983.357	1281.835	714.538	0.144	0.187	0.712	1.273
sub-103_task-EyeTracking_physio	94	315.240	740.253	425.013	1289.490	748.950	0.193	0.092	0.713	0.609
sub-103_task-EyeTracking_physio	94	756.919	973.588	216.669	1285.250	733.820	0.124	0.030	0.243	0.336
sub-103_task-EyeTracking_physio	94	990.261	1223.594	233.333	1340.645	733.188	0.128	0.049	0.428	0.230
sub-103_task-EyeTracking_physio	94	1248.598	1506.939	258.341	1419.140	750.145	0.153	0.037	0.515	0.234
sub-103_task-EyeTracking_physio	94	1523.604	1881.943	358.339	1452.440	771.835	0.202	0.062	0.617	0.312
sub-103_task-EyeTracking_physio	94	1898.614	2173.622	275.008	1415.335	763.735	0.127	0.037	0.398	0.316
sub-103_task-EyeTracking_physio	94	2190.288	2356.956	166.668	1410.058	746.760	0.113	0.037	0.296	0.207
sub-103_task-EyeTracking_physio	94	2373.622	2856.969	483.347	1433.017	730.152	0.213	0.129	0.830	0.648
sub-103_task-EyeTracking_physio	94	2881.968	2981.972	100.004	1491.205	714.175	0.136	0.019	0.284	0.175
sub-103_task-EyeTracking_physio	95	-2993.097	-2851.429	141.668	1435.445	715.280	0.248	0.063	0.634	0.503
sub-103_task-EyeTracking_physio	95	-2826.430	-2459.754	366.676	1313.418	765.205	0.128	0.051	0.373	0.442
sub-103_task-EyeTracking_physio	95	-1976.413	-1843.075	133.338	1319.935	756.373	0.067	0.026	0.136	0.275
sub-103_task-EyeTracking_physio	95	-1493.065	-1318.063	175.002	1292.430	737.640	0.095	0.026	0.155	0.304
sub-103_task-EyeTracking_physio	95	-984.720	-801.383	183.337	1280.503	750.575	0.113	0.032	0.211	0.417
sub-103_task-EyeTracking_physio	95	-426.374	-284.704	141.670	1260.510	716.310	0.071	0.039	0.181	0.425
sub-103_task-EyeTracking_physio	95	-276.371	256.975	533.346	1278.023	716.280	0.147	0.079	0.441	0.583
sub-103_task-EyeTracking_physio	95	281.977	490.314	208.337	1289.725	731.095	0.148	0.043	0.237	0.417
sub-103_task-EyeTracking_physio	95	506.981	773.653	266.672	1326.273	767.202	0.227	0.111	0.391	0.943
sub-103_task-EyeTracking_physio	95	790.319	1023.659	233.340	1361.325	808.780	0.171	0.038	0.252	0.474
sub-103_task-EyeTracking_physio	95	1040.325	1190.333	150.008	1401.092	831.005	0.094	0.028	0.167	0.308
sub-103_task-EyeTracking_physio	95	1215.332	1457.005	241.673	1337.950	861.690	0.109	0.037	0.341	0.255
sub-103_task-EyeTracking_physio	95	1473.672	1690.342	216.670	1302.338	866.860	0.142	0.063	0.319	0.451
sub-103_task-EyeTracking_physio	95	1707.008	1957.016	250.008	1246.418	858.880	0.128	0.033	0.158	0.567
sub-103_task-EyeTracking_physio	95	1973.681	2240.357	266.676	1251.480	821.995	0.093	0.030	0.163	0.353
sub-103_task-EyeTracking_physio	95	2257.023	2573.696	316.673	1258.325	756.490	0.089	0.040	0.226	0.328
sub-103_task-EyeTracking_physio	95	2590.363	2807.035	216.672	1250.253	780.450	0.096	0.026	0.242	0.274
sub-103_task-EyeTracking_physio	95	2832.034	2998.705	166.671	1257.108	832.793	0.103	0.019	0.198	0.218
sub-103_task-EyeTracking_physio	96	-434.691	198.653	633.344	1279.670	714.933	0.107	0.033	0.305	0.537
sub-103_task-EyeTracking_physio	96	240.325	398.661	158.336	1260.450	768.355	0.062	0.008	0.126	0.138
sub-103_task-EyeTracking_physio	96	715.332	1223.679	508.347	1220.450	793.510	0.140	0.161	0.556	0.840
sub-103_task-EyeTracking_physio	96	1448.683	1757.024	308.341	1167.995	772.205	0.152	0.048	0.237	0.535
sub-103_task-EyeTracking_physio	96	1990.362	2340.374	350.012	1221.778	790.688	0.193	0.138	0.706	0.658
sub-103_task-EyeTracking_physio	96	2357.041	2615.381	258.340	1188.280	772.640	0.123	0.085	0.287	0.519
sub-103_task-EyeTracking_physio	96	2623.714	2948.720	325.006	1156.585	776.825	0.141	0.078	0.413	0.353
sub-103_task-EyeTracking_physio	97	-852.732	-636.057	216.675	1234.653	787.263	0.189	0.087	0.553	0.516
sub-103_task-EyeTracking_physio	97	-394.386	-211.051	183.335	1263.383	756.540	0.136	0.167	0.414	0.709
sub-103_task-EyeTracking_physio	97	-202.717	-61.044	141.673	1281.460	742.795	0.134	0.080	0.377	0.459
sub-103_task-EyeTracking_physio	97	-44.379	388.967	433.346	1256.582	775.715	0.163	0.119	0.705	0.636
sub-103_task-EyeTracking_physio	97	397.300	563.970	166.670	1271.835	756.763	0.141	0.067	0.406	0.375
sub-103_task-EyeTracking_physio	97	588.970	822.312	233.342	1238.722	712.938	0.130	0.056	0.341	0.291
sub-103_task-EyeTracking_physio	97	838.978	1738.999	900.021	1235.675	694.257	0.166	0.169	0.785	1.032
sub-103_task-EyeTracking_physio	97	1755.665	2355.681	600.016	1252.825	731.938	0.188	0.092	0.545	0.853
sub-103_task-EyeTracking_physio	97	2372.348	2730.685	358.337	1267.470	762.570	0.196	0.072	0.352	0.543
sub-103_task-EyeTracking_physio	98	-8632.188	-8473.846	158.342	1294.525	771.810	0.219	0.087	0.239	0.761
sub-103_task-EyeTracking_physio	98	-8223.833	-7940.491	283.342	1272.110	709.875	0.145	0.070	0.295	0.753
sub-103_task-EyeTracking_physio	98	-7398.811	-7223.808	175.003	1273.785	720.785	0.202	0.145	0.352	0.964
sub-103_task-EyeTracking_physio	98	-6615.458	-6507.119	108.339	1324.925	714.630	0.109	0.037	0.146	0.389
sub-103_task-EyeTracking_physio	98	-6490.453	-6390.452	100.001	1274.935	714.367	0.174	0.062	0.192	0.342
sub-103_task-EyeTracking_physio	98	-5357.093	-5232.090	125.003	1208.480	581.850	0.210	0.390	1.129	1.055
sub-103_task-EyeTracking_physio	98	-5090.421	-4757.076	333.345	1297.270	689.005	0.147	0.133	0.427	0.873
sub-103_task-EyeTracking_physio	98	-4507.069	-4290.396	216.673	1300.220	679.965	0.141	0.056	0.295	0.415
sub-103_task-EyeTracking_physio	98	-4273.728	-4140.392	133.336	1310.480	691.265	0.114	0.038	0.236	0.272
sub-103_task-EyeTracking_physio	98	-4123.725	-3923.723	200.002	1282.315	687.025	0.131	0.048	0.431	0.318
sub-103_task-EyeTracking_physio	98	-3907.052	-3290.373	616.679	1297.340	687.655	0.105	0.052	0.331	0.554
sub-103_task-EyeTracking_physio	98	-3273.707	-2823.695	450.012	1294.685	702.555	0.102	0.046	0.295	0.398
sub-103_task-EyeTracking_physio	98	-2640.358	-2448.687	191.671	1291.520	684.980	0.110	0.060	0.351	0.602
sub-103_task-EyeTracking_physio	98	-2215.349	-1982.011	233.338	1290.430	676.490	0.114	0.052	0.239	0.480
sub-103_task-EyeTracking_physio	98	-1965.345	-1440.331	525.014	1294.250	698.090	0.119	0.054	0.256	0.627
sub-103_task-EyeTracking_physio	98	-773.648	-656.977	116.671	1251.805	777.305	0.056	0.004	0.058	0.092
sub-103_task-EyeTracking_physio	98	-631.977	318.049	950.026	1286.217	713.842	0.121	0.107	0.748	0.733
sub-103_task-EyeTracking_physio	98	334.716	568.047	233.331	1332.020	753.370	0.331	0.148	1.085	0.416
sub-103_task-EyeTracking_physio	98	584.714	776.391	191.677	1386.850	732.770	0.336	0.110	0.947	0.712
sub-103_task-EyeTracking_physio	98	793.057	1168.066	375.009	1464.390	723.380	0.107	0.029	0.437	0.236
sub-103_task-EyeTracking_physio	98	1184.733	1459.737	275.004	1434.825	724.515	0.159	0.066	0.486	0.304
sub-103_task-EyeTracking_physio	98	1468.076	1693.079	225.003	1406.100	713.485	0.220	0.058	0.748	0.365
sub-103_task-EyeTracking_physio	98	1701.412	1968.083	266.671	1360.240	698.648	0.214	0.110	0.538	0.447
sub-103_task-EyeTracking_physio	98	2101.419	2201.425	100.006	1350.695	658.723	0.247	0.253	0.399	0.987
sub-103_task-EyeTracking_physio	98	2226.423	2476.429	250.006	1290.898	689.453	0.137	0.066	0.317	0.517
sub-103_task-EyeTracking_physio	98	2501.421	2676.428	175.007	1253.260	752.270	0.205	0.077	0.489	0.721
sub-103_task-EyeTracking_physio	98	2709.761	2976.441	266.680	1202.385	795.920	0.222	0.109	0.744	0.574
sub-103_task-EyeTracking_physio	99	-2652.337	-2477.340	174.997	1250.005	768.330	0.199	0.080	0.406	0.444
sub-103_task-EyeTracking_physio	99	-2460.673	-2210.659	250.014	1288.990	744.908	0.155	0.064	0.421	0.668
sub-103_task-EyeTracking_physio	99	-1943.994	-1460.648	483.346	1286.082	724.923	0.143	0.053	0.718	0.401
sub-103_task-EyeTracking_physio	99	-1102.309	-918.968	183.341	1301.497	695.933	0.189	0.047	0.097	0.957
sub-103_task-EyeTracking_physio	99	-902.301	372.733	1275.034	1286.795	709.480	0.122	0.098	0.562	0.633
sub-103_task-EyeTracking_physio	99	547.732	789.404	241.672	1273.515	667.220	0.185	0.106	0.809	0.420
sub-103_task-EyeTracking_physio	99	822.736	1047.746	225.010	1272.710	595.055	0.110	0.034	0.222	0.380
sub-103_task-EyeTracking_physio	99	1064.413	1314.416	250.003	1263.210	507.952	0.074	0.012	0.250	0.131
sub-103_task-EyeTracking_physio	99	1331.082	1864.429	533.347	1270.820	480.995	0.061	0.012	0.215	0.222
sub-103_task-EyeTracking_physio	99	1881.096	2206.118	325.022	1290.650	488.780	0.068	0.051	0.255	0.450
sub-103_task-EyeTracking_physio	99	2581.112	2839.450	258.338	1305.990	695.670	0.090	0.025	0.147	0.363
sub-103_task-EyeTracking_physio	99	2872.790	2997.791	125.001	1266.615	748.425	0.138	0.044	0.143	0.671
sub-103_task-EyeTracking_physio	100	-952.531	-694.190	258.341	1267.875	747.600	0.116	0.027	0.383	0.230
sub-103_task-EyeTracking_physio	100	-677.524	-577.520	100.004	1281.888	725.200	0.074	0.015	0.119	0.219
sub-103_task-EyeTracking_physio	100	-352.503	297.510	650.013	1281.882	711.435	0.115	0.056	0.554	0.463
sub-103_task-EyeTracking_physio	100	322.501	522.503	200.002	1307.020	735.062	0.092	0.030	0.189	0.305
sub-103_task-EyeTracking_physio	100	547.509	739.184	191.675	1376.530	765.405	0.186	0.047	0.254	0.476
sub-103_task-EyeTracking_physio	100	764.184	1039.182	274.998	1464.390	787.840	0.261	0.136	0.685	0.685
sub-103_task-EyeTracking_physio	100	1055.854	1272.531	216.677	1445.255	839.240	0.261	0.134	0.581	0.596
sub-103_task-EyeTracking_physio	100	1289.197	1930.871	641.674	1441.715	890.190	0.276	0.160	0.763	0.829
sub-103_task-EyeTracking_physio	100	1939.203	2272.555	333.352	1463.178	887.550	0.273	0.166	0.712	0.712
sub-103_task-EyeTracking_physio	100	2280.889	2505.895	225.006	1439.745	882.395	0.186	0.056	0.229	0.490
sub-103_task-EyeTracking_physio	100	2530.895	2805.901	275.006	1465.810	892.290	0.221	0.101	0.564	0.588
sub-103_task-EyeTracking_physio	100	2814.234	2989.238	175.004	1484.680	891.150	0.221	0.061	0.200	0.546
sub-103_task-EyeTracking_physio	101	-4541.571	-4349.896	191.675	1288.340	513.515	0.138	0.058	0.246	0.454
sub-103_task-EyeTracking_physio	101	-4324.897	-4166.560	158.337	1294.315	688.890	0.169	0.069	0.315	0.434
sub-103_task-EyeTracking_physio	101	-3991.556	-3583.211	408.345	1283.770	726.175	0.202	0.135	0.266	0.911
sub-103_task-EyeTracking_physio	101	-3566.543	-3399.869	166.674	1229.485	715.710	0.113	0.047	0.229	0.430
sub-103_task-EyeTracking_physio	101	-3383.202	-2899.853	483.349	1293.385	700.192	0.159	0.043	0.199	0.644
sub-103_task-EyeTracking_physio	101	-2883.187	-2441.513	441.674	1309.240	723.895	0.220	0.063	0.191	0.604
sub-103_task-EyeTracking_physio	101	-2266.509	550.238	2816.747	1291.838	717.662	0.216	0.318	0.970	1.521
sub-103_task-EyeTracking_physio	101	583.562	825.233	241.671	1276.145	656.680	0.130	0.058	0.352	0.335
sub-103_task-EyeTracking_physio	101	850.233	1050.240	200.007	1241.812	630.562	0.088	0.027	0.200	0.281
sub-103_task-EyeTracking_physio	101	1066.906	1191.909	125.003	1191.775	616.190	0.089	0.024	0.196	0.170
sub-103_task-EyeTracking_physio	101	1208.575	1408.578	200.003	1252.773	595.680	0.072	0.020	0.230	0.202
sub-103_task-EyeTracking_physio	101	1433.584	1908.590	475.006	1276.315	573.460	0.074	0.025	0.238	0.295
sub-103_task-EyeTracking_physio	101	1933.590	2166.931	233.341	1284.095	628.737	0.089	0.017	0.170	0.209
sub-103_task-EyeTracking_physio	101	2191.931	2433.603	241.672	1280.815	586.290	0.061	0.016	0.223	0.169
sub-103_task-EyeTracking_physio	101	2458.603	2791.948	333.345	1308.695	569.935	0.068	0.022	0.275	0.229
sub-103_task-EyeTracking_physio	101	2816.947	3000.296	183.349	1283.235	575.370	0.073	0.051	0.291	0.235
sub-103_task-EyeTracking_physio	102	-1008.424	-783.416	225.008	1298.715	727.880	0.120	0.058	0.207	0.559
sub-103_task-EyeTracking_physio	102	-766.750	-133.396	633.354	1280.845	713.395	0.114	0.087	0.427	0.425
sub-103_task-EyeTracking_physio	102	-100.062	274.944	375.006	1292.215	695.055	0.079	0.022	0.165	0.342
sub-103_task-EyeTracking_physio	102	291.610	549.951	258.341	1295.585	725.205	0.095	0.021	0.159	0.389
sub-103_task-EyeTracking_physio	102	566.618	841.630	275.012	1305.660	764.555	0.068	0.026	0.178	0.295
sub-103_task-EyeTracking_physio	102	858.297	1041.633	183.336	1308.153	738.822	0.085	0.021	0.267	0.253
sub-103_task-EyeTracking_physio	102	1074.966	1358.306	283.340	1371.340	767.172	0.067	0.020	0.232	0.261
sub-103_task-EyeTracking_physio	102	1374.977	1624.984	250.007	1401.385	785.255	0.081	0.023	0.168	0.296
sub-103_task-EyeTracking_physio	102	1758.321	1924.990	166.669	1393.783	771.465	0.095	0.029	0.266	0.255
sub-103_task-EyeTracking_physio	102	1941.657	2349.998	408.341	1483.760	757.945	0.100	0.043	0.407	0.418
sub-103_task-EyeTracking_physio	102	2366.664	2675.009	308.345	1504.850	759.915	0.084	0.030	0.233	0.293
sub-103_task-EyeTracking_physio	102	2691.676	3000.019	308.343	1421.485	781.740	0.106	0.029	0.272	0.312
sub-103_task-EyeTracking_physio	103	-1604.909	-1454.914	149.995	1332.572	742.882	0.112	0.040	0.132	0.492
sub-103_task-EyeTracking_physio	103	-1263.241	-1088.240	175.001	1298.515	726.220	0.066	0.057	0.191	0.489
sub-103_task-EyeTracking_physio	103	-1079.907	-671.563	408.344	1324.820	732.235	0.090	0.030	0.248	0.350
sub-103_task-EyeTracking_physio	103	-663.231	-38.208	625.023	1288.030	714.450	0.149	0.084	0.385	0.799
sub-103_task-EyeTracking_physio	103	-29.874	295.136	325.010	1303.300	726.415	0.123	0.038	0.330	0.412
sub-103_task-EyeTracking_physio	103	311.803	570.144	258.341	1316.535	745.990	0.114	0.055	0.269	0.354
sub-103_task-EyeTracking_physio	103	586.803	778.471	191.668	1254.720	737.345	0.095	0.035	0.202	0.382
sub-103_task-EyeTracking_physio	103	803.483	1020.145	216.662	1193.637	736.367	0.089	0.024	0.119	0.434
sub-103_task-EyeTracking_physio	103	1036.811	1270.150	233.339	1138.350	749.418	0.105	0.035	0.220	0.473
sub-103_task-EyeTracking_physio	103	1286.817	1636.836	350.019	1102.460	749.147	0.081	0.021	0.171	0.409
sub-103_task-EyeTracking_physio	103	1653.503	1870.167	216.664	1141.812	736.088	0.067	0.013	0.124	0.183
sub-103_task-EyeTracking_physio	103	1886.834	2120.173	233.339	1209.135	725.815	0.079	0.037	0.218	0.341
sub-103_task-EyeTracking_physio	103	2136.840	2395.180	258.340	1243.280	735.995	0.070	0.020	0.155	0.332
sub-103_task-EyeTracking_physio	103	2411.847	2661.853	250.006	1290.932	742.808	0.110	0.051	0.315	0.425
sub-103_task-EyeTracking_physio	103	2678.519	2903.527	225.008	1238.435	747.730	0.096	0.030	0.175	0.295
sub-103_task-EyeTracking_physio	104	-1369.700	-1211.363	158.337	1242.865	737.560	0.080	0.036	0.198	0.327
sub-103_task-EyeTracking_physio	104	-836.345	-611.350	224.995	1268.175	703.555	0.115	0.089	0.230	0.755
sub-103_task-EyeTracking_physio	104	-594.679	-419.674	175.005	1284.100	707.960	0.082	0.021	0.201	0.183
sub-103_task-EyeTracking_physio	104	-244.673	280.341	525.014	1279.615	708.040	0.120	0.050	0.257	0.662
sub-103_task-EyeTracking_physio	104	305.348	480.349	175.001	1301.045	734.345	0.096	0.025	0.157	0.277
sub-103_task-EyeTracking_physio	104	497.016	813.688	316.672	1363.577	736.788	0.079	0.015	0.200	0.194
sub-103_task-EyeTracking_physio	104	830.354	1080.360	250.006	1331.073	741.743	0.075	0.026	0.215	0.302
sub-103_task-EyeTracking_physio	104	1088.692	1497.038	408.346	1305.205	747.775	0.115	0.075	0.505	0.533
sub-103_task-EyeTracking_physio	104	1522.046	1863.717	341.671	1323.885	799.480	0.185	0.086	0.604	0.474
sub-103_task-EyeTracking_physio	104	1880.384	2080.391	200.007	1271.825	815.940	0.192	0.050	0.224	0.496
sub-103_task-EyeTracking_physio	104	2097.057	2305.398	208.341	1212.180	832.955	0.178	0.059	0.203	0.673
sub-103_task-EyeTracking_physio	104	2322.065	2555.405	233.340	1158.380	827.650	0.156	0.033	0.188	0.427
sub-103_task-EyeTracking_physio	104	2580.405	2838.746	258.341	1109.990	786.425	0.110	0.049	0.285	0.364
sub-103_task-EyeTracking_physio	104	2863.747	3005.418	141.671	1089.670	751.275	0.083	0.031	0.156	0.263
sub-103_task-EyeTracking_physio	105	-329.684	537.013	866.697	1283.390	712.190	0.123	0.138	0.533	0.988
sub-103_task-EyeTracking_physio	105	562.019	753.684	191.665	1191.375	723.635	0.106	0.034	0.241	0.325
sub-103_task-EyeTracking_physio	105	770.351	970.360	200.009	1102.955	744.095	0.086	0.029	0.232	0.286
sub-103_task-EyeTracking_physio	105	987.027	1178.694	191.667	1061.060	740.845	0.107	0.065	0.311	0.444
sub-103_task-EyeTracking_physio	105	1195.360	1403.702	208.342	1038.365	701.560	0.084	0.024	0.241	0.254
sub-103_task-EyeTracking_physio	105	1420.369	1628.709	208.340	1074.175	697.090	0.092	0.022	0.212	0.208
sub-103_task-EyeTracking_physio	105	1645.377	1862.049	216.672	1036.480	684.997	0.072	0.016	0.197	0.204
sub-103_task-EyeTracking_physio	105	2003.718	2220.387	216.669	996.233	646.480	0.086	0.027	0.221	0.297
sub-103_task-EyeTracking_physio	105	2237.053	2470.394	233.341	915.112	646.098	0.073	0.017	0.199	0.192
sub-103_task-EyeTracking_physio	105	2487.060	2695.400	208.340	881.600	717.165	0.078	0.022	0.204	0.229
sub-103_task-EyeTracking_physio	105	2720.400	2920.407	200.007	967.715	815.197	0.098	0.036	0.248	0.282
sub-103_task-EyeTracking_physio	106	-409.270	-209.254	200.016	1289.135	736.663	0.121	0.104	0.212	0.782
sub-103_task-EyeTracking_physio	106	-192.588	107.419	300.007	1253.950	725.760	0.089	0.027	0.211	0.322
sub-103_task-EyeTracking_physio	106	124.091	265.759	141.668	1233.165	719.500	0.165	0.040	0.180	0.419
sub-103_task-EyeTracking_physio	106	290.759	557.434	266.675	1291.337	740.618	0.111	0.039	0.261	0.337
sub-103_task-EyeTracking_physio	106	574.100	782.442	208.342	1340.615	734.155	0.147	0.056	0.280	0.378
sub-103_task-EyeTracking_physio	106	799.109	1007.444	208.335	1430.130	717.405	0.154	0.067	0.218	0.499
sub-103_task-EyeTracking_physio	106	1024.110	1265.781	241.671	1475.155	696.530	0.091	0.029	0.170	0.339
sub-103_task-EyeTracking_physio	106	1282.449	1490.791	208.342	1437.715	685.185	0.109	0.031	0.275	0.245
sub-103_task-EyeTracking_physio	106	1507.458	1949.135	441.677	1406.740	669.910	0.108	0.032	0.273	0.282
sub-103_task-EyeTracking_physio	106	1965.806	2224.146	258.340	1449.425	691.250	0.087	0.025	0.174	0.347
sub-103_task-EyeTracking_physio	106	2232.480	2407.482	175.002	1468.195	692.630	0.094	0.036	0.211	0.273
sub-103_task-EyeTracking_physio	106	2424.150	2657.489	233.339	1424.317	685.230	0.075	0.020	0.165	0.247
sub-103_task-EyeTracking_physio	106	2682.489	2999.171	316.682	1461.632	691.572	0.077	0.024	0.245	0.292
sub-103_task-EyeTracking_physio	107	-3449.274	-3249.265	200.009	1468.950	691.633	0.088	0.017	0.148	0.292
sub-103_task-EyeTracking_physio	107	-3224.265	-2965.916	258.349	1349.065	731.545	0.126	0.037	0.400	0.279
sub-103_task-EyeTracking_physio	107	-2949.250	-2024.235	925.015	1297.970	740.685	0.369	3.585	2.111	12.401
sub-103_task-EyeTracking_physio	107	-1990.901	-1832.565	158.336	1358.180	719.660	0.219	0.178	0.595	0.489
sub-103_task-EyeTracking_physio	107	-1640.882	-1440.891	199.991	1308.530	725.087	0.261	0.071	0.190	0.812
sub-103_task-EyeTracking_physio	107	-1424.217	-1065.870	358.347	1283.065	703.750	0.113	0.060	0.226	0.523
sub-103_task-EyeTracking_physio	107	-857.529	-532.532	324.997	1289.970	697.155	0.113	0.065	0.345	0.566
sub-103_task-EyeTracking_physio	107	-374.191	342.498	716.689	1292.773	686.967	0.102	0.047	0.306	0.446
sub-103_task-EyeTracking_physio	107	375.823	509.168	133.345	1362.945	652.245	0.092	0.030	0.193	0.279
sub-103_task-EyeTracking_physio	107	525.825	667.505	141.680	1327.755	601.385	0.073	0.018	0.155	0.243
sub-103_task-EyeTracking_physio	107	684.179	859.173	174.994	1399.045	593.120	0.086	0.042	0.298	0.419
sub-103_task-EyeTracking_physio	107	884.173	1059.174	175.001	1482.175	536.175	0.073	0.020	0.262	0.233
sub-103_task-EyeTracking_physio	107	1084.176	1217.513	133.337	1542.415	529.535	0.076	0.031	0.336	0.144
sub-103_task-EyeTracking_physio	107	1234.180	1684.189	450.009	1489.255	534.005	0.074	0.025	0.215	0.358
sub-103_task-EyeTracking_physio	107	1709.188	1859.197	150.009	1522.457	522.530	0.057	0.010	0.155	0.128
sub-103_task-EyeTracking_physio	107	1875.864	2434.210	558.346	1536.725	484.490	0.084	0.053	0.465	0.376
sub-103_task-EyeTracking_physio	107	2459.208	2817.550	358.342	1512.450	534.215	0.061	0.018	0.190	0.196
sub-103_task-EyeTracking_physio	107	2850.884	3000.885	150.001	1453.973	625.273	0.080	0.028	0.277	0.207
sub-103_task-EyeTracking_physio	108	-1795.143	-1670.141	125.002	1293.690	728.805	0.134	0.119	0.262	0.705
sub-103_task-EyeTracking_physio	108	-1403.461	-1220.126	183.335	1284.350	694.467	0.110	0.056	0.213	0.552
sub-103_task-EyeTracking_physio	108	-1028.459	-811.785	216.674	1293.070	689.263	0.087	0.040	0.186	0.416
sub-103_task-EyeTracking_physio	108	-620.107	288.247	908.354	1283.995	691.740	0.091	0.080	0.491	0.399
sub-103_task-EyeTracking_physio	108	321.580	471.574	149.994	1298.645	635.410	0.067	0.016	0.134	0.261
sub-103_task-EyeTracking_physio	108	621.592	838.257	216.665	1330.903	619.192	0.100	0.087	0.261	0.687
sub-103_task-EyeTracking_physio	108	854.915	1221.590	366.675	1392.938	621.290	0.089	0.044	0.334	0.326
sub-103_task-EyeTracking_physio	108	1246.599	1438.276	191.677	1285.955	619.625	0.084	0.015	0.223	0.184
sub-103_task-EyeTracking_physio	108	1454.943	1821.616	366.673	1243.342	611.470	0.068	0.023	0.161	0.324
sub-103_task-EyeTracking_physio	108	1854.941	2321.622	466.681	1370.652	618.128	0.099	0.050	0.384	0.473
sub-103_task-EyeTracking_physio	108	2338.297	2704.964	366.667	1323.017	626.030	0.096	0.044	0.225	0.560
sub-103_task-EyeTracking_physio	108	2721.630	2996.638	275.008	1370.045	624.945	0.083	0.028	0.327	0.232
sub-103_task-EyeTracking_physio	109	-1737.762	-1587.745	150.017	1277.695	705.305	0.117	0.055	0.161	0.544
sub-103_task-EyeTracking_physio	109	-1421.076	-1221.074	200.002	1297.115	697.915	0.133	0.108	0.270	0.786
sub-103_task-EyeTracking_physio	109	-1037.733	-862.731	175.002	1285.565	696.270	0.095	0.073	0.194	0.582
sub-103_task-EyeTracking_physio	109	-687.727	445.636	1133.363	1288.275	694.920	0.098	0.067	0.302	0.631
sub-103_task-EyeTracking_physio	109	462.303	687.308	225.005	1247.800	700.760	0.082	0.030	0.222	0.233
sub-103_task-EyeTracking_physio	109	703.975	912.315	208.340	1170.740	708.125	0.112	0.034	0.268	0.388
sub-103_task-EyeTracking_physio	109	937.315	1178.989	241.674	1095.545	720.785	0.085	0.031	0.156	0.350
sub-103_task-EyeTracking_physio	109	1212.321	1428.990	216.669	1026.818	721.030	0.095	0.030	0.218	0.416
sub-103_task-EyeTracking_physio	109	1462.324	1637.330	175.006	990.050	704.420	0.061	0.012	0.097	0.210
sub-103_task-EyeTracking_physio	109	1653.997	1954.007	300.010	939.585	712.643	0.063	0.011	0.134	0.229
sub-103_task-EyeTracking_physio	109	1987.340	2204.009	216.669	896.077	716.038	0.085	0.032	0.243	0.309
sub-103_task-EyeTracking_physio	109	2229.014	2479.019	250.005	871.060	723.720	0.068	0.017	0.114	0.277
sub-103_task-EyeTracking_physio	109	2495.687	2979.030	483.343	901.250	722.327	0.063	0.030	0.201	0.315
sub-103_task-EyeTracking_physio	110	-1410.066	-1243.398	166.668	1232.622	713.675	0.102	0.021	0.276	0.266
sub-103_task-EyeTracking_physio	110	-593.381	-201.704	391.677	1274.665	725.380	0.133	0.072	0.359	0.529
sub-103_task-EyeTracking_physio	110	-60.036	314.976	375.012	1254.910	714.080	0.106	0.066	0.296	0.652
sub-103_task-EyeTracking_physio	110	331.643	548.322	216.679	1198.565	738.482	0.094	0.026	0.247	0.250
sub-103_task-EyeTracking_physio	110	589.988	748.318	158.330	1131.385	756.655	0.071	0.017	0.193	0.207
sub-103_task-EyeTracking_physio	110	764.984	964.991	200.007	1053.938	769.918	0.100	0.037	0.247	0.340
sub-103_task-EyeTracking_physio	110	981.657	1581.672	600.015	1039.680	812.798	0.105	0.029	0.214	0.474
sub-103_task-EyeTracking_physio	110	1823.344	2131.689	308.345	1118.485	765.745	0.094	0.030	0.167	0.495
sub-103_task-EyeTracking_physio	110	2148.355	2398.362	250.007	1080.645	770.993	0.068	0.017	0.152	0.248
sub-103_task-EyeTracking_physio	110	2423.362	2615.033	191.671	1138.205	738.100	0.090	0.024	0.195	0.298
sub-103_task-EyeTracking_physio	110	2640.032	2765.035	125.003	1143.060	702.270	0.087	0.016	0.131	0.187
sub-103_task-EyeTracking_physio	110	2781.706	2998.373	216.667	1068.870	777.798	0.126	0.042	0.258	0.424
sub-103_task-EyeTracking_physio	111	-1548.944	-1407.278	141.666	1067.865	782.560	0.087	0.024	0.180	0.235
sub-103_task-EyeTracking_physio	111	-1365.611	-1223.938	141.673	1260.500	741.275	0.106	0.028	0.125	0.337
sub-103_task-EyeTracking_physio	111	-890.596	-582.256	308.340	1230.385	765.525	0.131	0.095	0.346	0.595
sub-103_task-EyeTracking_physio	111	-407.250	334.433	741.683	1272.490	703.600	0.093	0.069	0.293	0.786
sub-103_task-EyeTracking_physio	111	351.100	551.106	200.006	1305.480	717.382	0.089	0.024	0.197	0.281
sub-103_task-EyeTracking_physio	111	567.773	767.775	200.002	1419.673	715.652	0.093	0.029	0.246	0.250
sub-103_task-EyeTracking_physio	111	784.446	1284.457	500.011	1482.957	714.805	0.117	0.068	0.393	0.650
sub-103_task-EyeTracking_physio	111	1334.459	1634.466	300.007	1438.715	699.390	0.065	0.013	0.182	0.191
sub-103_task-EyeTracking_physio	111	1651.133	2567.820	916.687	1409.825	722.135	0.074	0.016	0.209	0.270
sub-103_task-EyeTracking_physio	111	2584.486	2884.497	300.011	1446.817	715.765	0.085	0.021	0.187	0.275
sub-103_task-EyeTracking_physio	112	-1995.658	-1695.650	300.008	1294.335	713.625	0.101	0.044	0.226	0.470
sub-103_task-EyeTracking_physio	112	-1370.653	-1053.968	316.685	1347.730	749.810	0.172	0.095	0.278	0.836
sub-103_task-EyeTracking_physio	112	-1028.968	-695.628	333.340	1284.005	717.040	0.088	0.031	0.216	0.437
sub-103_task-EyeTracking_physio	112	-253.952	271.062	525.014	1282.495	702.560	0.098	0.037	0.238	0.417
sub-103_task-EyeTracking_physio	112	287.729	612.737	325.008	1324.420	712.485	0.099	0.050	0.285	0.565
sub-103_task-EyeTracking_physio	112	637.737	829.407	191.670	1413.075	776.245	0.115	0.047	0.295	0.441
sub-103_task-EyeTracking_physio	112	846.066	1112.742	266.676	1510.275	795.150	0.100	0.036	0.191	0.371
sub-103_task-EyeTracking_physio	112	1129.416	1446.088	316.672	1550.707	812.678	0.099	0.038	0.271	0.400
sub-103_task-EyeTracking_physio	112	1471.088	1712.762	241.674	1450.830	801.665	0.098	0.025	0.230	0.235
sub-103_task-EyeTracking_physio	112	1737.762	1929.435	191.673	1369.580	779.060	0.096	0.019	0.263	0.175
sub-103_task-EyeTracking_physio	112	1954.435	2187.777	233.342	1256.957	775.370	0.080	0.012	0.145	0.168
sub-103_task-EyeTracking_physio	112	2212.777	2412.777	200.000	1188.182	770.842	0.093	0.023	0.248	0.217
sub-103_task-EyeTracking_physio	112	2429.448	2637.784	208.336	1108.875	783.880	0.089	0.025	0.202	0.275
sub-103_task-EyeTracking_physio	112	2654.451	2879.458	225.007	1029.845	792.180	0.085	0.020	0.162	0.243
sub-103_task-EyeTracking_physio	112	2904.458	3004.459	100.001	976.045	791.435	0.091	0.028	0.175	0.249
sub-103_task-EyeTracking_physio	113	-1133.718	-908.711	225.007	1198.455	750.895	0.093	0.036	0.187	0.398
sub-103_task-EyeTracking_physio	113	-425.370	-275.368	150.002	1281.657	726.233	0.215	0.093	0.143	1.123
sub-103_task-EyeTracking_physio	113	-133.691	82.976	216.667	1272.767	720.105	0.119	0.060	0.182	0.615
sub-103_task-EyeTracking_physio	113	99.643	391.322	291.679	1253.710	764.170	0.099	0.050	0.293	0.408
sub-103_task-EyeTracking_physio	113	407.988	624.656	216.668	1206.620	725.365	0.108	0.039	0.177	0.327
sub-103_task-EyeTracking_physio	113	641.323	899.663	258.340	1151.785	692.215	0.103	0.037	0.326	0.292
sub-103_task-EyeTracking_physio	113	916.334	1208.008	291.674	1099.050	674.490	0.073	0.022	0.211	0.356
sub-103_task-EyeTracking_physio	113	1224.674	1424.676	200.002	1130.465	682.987	0.083	0.039	0.147	0.415
sub-103_task-EyeTracking_physio	113	1433.013	1716.354	283.341	1180.090	687.433	0.077	0.026	0.133	0.389
sub-103_task-EyeTracking_physio	113	1733.021	1924.690	191.669	1199.445	689.965	0.065	0.014	0.157	0.163
sub-103_task-EyeTracking_physio	113	1933.024	2199.696	266.672	1148.590	692.480	0.067	0.023	0.194	0.283
sub-103_task-EyeTracking_physio	113	2216.362	2483.039	266.677	1107.285	702.255	0.078	0.018	0.221	0.211
sub-103_task-EyeTracking_physio	113	2491.373	2999.712	508.339	1155.735	692.460	0.079	0.032	0.330	0.302
sub-103_task-EyeTracking_physio	114	-1870.261	-1570.256	300.005	1297.198	706.965	0.063	0.011	0.154	0.189
sub-103_task-EyeTracking_physio	114	-1045.242	-845.238	200.004	1271.642	700.327	0.110	0.072	0.258	0.476
sub-103_task-EyeTracking_physio	114	-670.234	-495.231	175.003	1289.435	696.545	0.115	0.048	0.197	0.445
sub-103_task-EyeTracking_physio	114	-353.561	288.117	641.678	1294.860	692.690	0.107	0.063	0.403	0.409
sub-103_task-EyeTracking_physio	114	304.783	504.794	200.011	1333.427	687.827	0.131	0.036	0.246	0.377
sub-103_task-EyeTracking_physio	114	521.461	729.799	208.338	1252.860	689.520	0.111	0.049	0.304	0.356
sub-103_task-EyeTracking_physio	114	754.799	938.135	183.336	1157.355	689.380	0.112	0.027	0.134	0.370
sub-103_task-EyeTracking_physio	114	954.802	1113.142	158.340	1082.835	699.870	0.112	0.053	0.284	0.392
sub-103_task-EyeTracking_physio	114	1129.809	1238.147	108.338	1039.020	708.415	0.117	0.036	0.217	0.276
sub-103_task-EyeTracking_physio	114	1263.146	1488.148	225.002	1057.030	627.945	0.091	0.040	0.227	0.352
sub-103_task-EyeTracking_physio	114	1496.486	1929.827	433.341	1060.415	601.135	0.080	0.069	0.304	0.413
sub-103_task-EyeTracking_physio	114	1938.161	2521.506	583.345	1049.450	611.545	0.058	0.031	0.247	0.339
sub-103_task-EyeTracking_physio	114	2546.510	3004.854	458.344	1087.380	617.795	0.060	0.015	0.161	0.256
sub-103_task-EyeTracking_physio	115	-1966.092	-1616.086	350.006	1257.100	697.717	0.128	0.028	0.596	0.220
sub-103_task-EyeTracking_physio	115	-1224.410	-982.739	241.671	1294.875	756.395	0.216	0.117	0.199	1.217
sub-103_task-EyeTracking_physio	115	-974.406	-549.396	425.010	1296.350	736.355	0.111	0.033	0.201	0.545
sub-103_task-EyeTracking_physio	115	-357.721	-41.050	316.671	1287.457	703.550	0.118	0.083	0.261	0.729
sub-103_task-EyeTracking_physio	115	-32.717	275.628	308.345	1291.010	728.440	0.107	0.047	0.234	0.396
sub-103_task-EyeTracking_physio	115	300.628	500.628	200.000	1335.795	730.582	0.087	0.034	0.243	0.390
sub-103_task-EyeTracking_physio	115	525.634	667.305	141.671	1404.375	664.325	0.110	0.026	0.191	0.322
sub-103_task-EyeTracking_physio	115	683.971	792.306	108.335	1360.035	597.605	0.116	0.024	0.182	0.228
sub-103_task-EyeTracking_physio	115	808.973	1017.311	208.338	1467.885	610.290	0.082	0.023	0.207	0.235
sub-103_task-EyeTracking_physio	115	1033.980	1292.322	258.342	1555.445	640.645	0.097	0.038	0.380	0.284
sub-103_task-EyeTracking_physio	115	1308.987	1517.322	208.335	1578.490	608.325	0.077	0.016	0.184	0.221
sub-103_task-EyeTracking_physio	115	1533.989	1800.660	266.671	1535.242	600.155	0.062	0.022	0.238	0.200
sub-103_task-EyeTracking_physio	115	1817.332	2075.668	258.336	1506.805	626.705	0.077	0.026	0.294	0.204
sub-103_task-EyeTracking_physio	115	2092.340	2442.346	350.006	1522.190	602.160	0.065	0.016	0.172	0.232
sub-103_task-EyeTracking_physio	115	2459.012	2867.357	408.345	1504.600	597.160	0.070	0.020	0.200	0.223
sub-103_task-EyeTracking_physio	115	2892.357	3000.689	108.332	1522.120	604.760	0.088	0.014	0.126	0.164
sub-103_task-EyeTracking_physio	116	-1444.342	-1269.338	175.004	1329.340	679.420	0.181	0.040	0.684	0.213
sub-103_task-EyeTracking_physio	116	-1244.333	-1094.330	150.003	1273.890	701.630	0.076	0.019	0.143	0.299
sub-103_task-EyeTracking_physio	116	-527.651	347.369	875.020	1288.945	709.960	0.115	0.058	0.343	0.985
sub-103_task-EyeTracking_physio	116	364.036	589.043	225.007	1247.765	726.520	0.116	0.035	0.195	0.323
sub-103_task-EyeTracking_physio	116	605.710	789.044	183.334	1154.767	758.197	0.090	0.060	0.299	0.409
sub-103_task-EyeTracking_physio	116	805.710	989.050	183.340	1068.620	775.038	0.119	0.044	0.252	0.369
sub-103_task-EyeTracking_physio	116	1014.050	1239.058	225.008	1007.235	779.940	0.104	0.041	0.327	0.288
sub-103_task-EyeTracking_physio	116	1255.723	1505.732	250.009	963.793	806.033	0.121	0.070	0.360	0.488
sub-103_task-EyeTracking_physio	116	1539.065	1755.736	216.671	1222.273	761.950	0.119	0.048	0.392	0.252
sub-103_task-EyeTracking_physio	116	1780.736	1972.405	191.669	1364.335	743.595	0.088	0.047	0.319	0.332
sub-103_task-EyeTracking_physio	116	1989.071	2172.411	183.340	1460.080	738.483	0.091	0.020	0.308	0.152
sub-103_task-EyeTracking_physio	116	2189.077	2405.750	216.673	1530.763	757.847	0.082	0.031	0.309	0.306
sub-103_task-EyeTracking_physio	116	2422.416	2739.089	316.673	1605.862	787.923	0.092	0.039	0.256	0.371
sub-103_task-EyeTracking_physio	116	2755.755	3005.757	250.002	1582.517	810.560	0.090	0.047	0.264	0.387
sub-103_task-EyeTracking_physio	117	-2298.780	-2132.112	166.668	1303.750	743.595	0.099	0.021	0.200	0.226
sub-103_task-EyeTracking_physio	117	-1765.443	-1515.428	250.015	1324.158	742.745	0.157	0.107	0.300	0.747
sub-103_task-EyeTracking_physio	117	-1323.755	-1098.754	225.001	1284.760	738.935	0.157	0.103	0.192	1.091
sub-103_task-EyeTracking_physio	117	-1082.088	-648.738	433.350	1310.237	756.765	0.097	0.057	0.360	0.377
sub-103_task-EyeTracking_physio	117	-640.405	-490.402	150.003	1275.645	747.752	0.072	0.024	0.200	0.248
sub-103_task-EyeTracking_physio	117	-473.736	384.621	858.357	1286.555	703.140	0.098	0.103	0.528	0.628
sub-103_task-EyeTracking_physio	117	409.621	659.625	250.004	1201.275	705.567	0.074	0.029	0.172	0.430
sub-103_task-EyeTracking_physio	117	676.291	917.966	241.675	1162.940	701.605	0.070	0.025	0.178	0.287
sub-103_task-EyeTracking_physio	117	934.633	1184.639	250.006	1130.057	683.288	0.069	0.012	0.146	0.178
sub-103_task-EyeTracking_physio	117	1201.306	1509.645	308.339	1102.770	651.340	0.058	0.011	0.158	0.198
sub-103_task-EyeTracking_physio	117	1534.645	1876.322	341.677	1154.280	673.455	0.064	0.010	0.141	0.195
sub-103_task-EyeTracking_physio	117	1901.323	2243.000	341.677	1102.895	658.475	0.077	0.017	0.247	0.189
sub-103_task-EyeTracking_physio	117	2268.000	2743.009	475.009	1151.910	677.575	0.066	0.014	0.231	0.230
sub-103_task-EyeTracking_physio	117	2759.676	3001.345	241.669	1101.865	670.190	0.090	0.023	0.277	0.208
sub-103_task-EyeTracking_physio	118	-1297.193	-1197.187	100.006	1140.845	677.915	0.063	0.015	0.158	0.119
sub-103_task-EyeTracking_physio	118	-1172.187	-1055.519	116.668	1269.120	713.817	0.093	0.018	0.241	0.144
sub-103_task-EyeTracking_physio	118	-47.161	286.179	333.340	1282.015	704.640	0.085	0.100	0.234	0.880
sub-103_task-EyeTracking_physio	118	302.845	569.514	266.669	1323.632	700.287	0.090	0.040	0.177	0.466
sub-103_task-EyeTracking_physio	118	586.181	827.857	241.676	1332.410	687.630	0.074	0.026	0.232	0.263
sub-103_task-EyeTracking_physio	118	852.857	1044.532	191.675	1281.070	647.285	0.085	0.020	0.210	0.197
sub-103_task-EyeTracking_physio	118	1069.531	1402.875	333.344	1283.950	610.085	0.074	0.024	0.298	0.209
sub-103_task-EyeTracking_physio	118	1427.874	1611.210	183.336	1303.283	647.388	0.068	0.012	0.143	0.193
sub-103_task-EyeTracking_physio	118	1644.547	3002.910	1358.363	1314.430	679.160	0.065	0.021	0.338	0.265
sub-103_task-EyeTracking_physio	119	-468.967	-210.628	258.339	1284.970	746.190	0.120	0.076	0.397	0.450
sub-103_task-EyeTracking_physio	119	-77.291	489.384	566.675	1290.872	713.777	0.121	0.040	0.212	0.731
sub-103_task-EyeTracking_physio	119	506.052	722.727	216.675	1283.140	677.832	0.072	0.020	0.171	0.241
sub-103_task-EyeTracking_physio	119	747.726	947.728	200.002	1166.970	706.910	0.079	0.017	0.276	0.219
sub-103_task-EyeTracking_physio	119	972.732	1164.405	191.673	1076.620	748.770	0.097	0.038	0.213	0.443
sub-103_task-EyeTracking_physio	119	1189.404	1331.072	141.668	1015.055	795.370	0.074	0.026	0.195	0.276
sub-103_task-EyeTracking_physio	119	1347.738	1547.745	200.007	968.562	762.020	0.092	0.045	0.193	0.450
sub-103_task-EyeTracking_physio	119	1564.411	1839.418	275.007	910.235	768.605	0.081	0.019	0.207	0.296
sub-103_task-EyeTracking_physio	119	1856.084	2131.089	275.005	946.600	740.230	0.070	0.016	0.176	0.200
sub-103_task-EyeTracking_physio	119	2147.760	2456.101	308.341	979.900	734.245	0.076	0.021	0.175	0.247
sub-103_task-EyeTracking_physio	119	2472.767	2764.440	291.673	955.210	738.005	0.074	0.010	0.114	0.226
sub-103_task-EyeTracking_physio	119	2781.107	3006.112	225.005	932.550	743.640	0.066	0.014	0.141	0.194
sub-103_task-EyeTracking_physio	120	-1650.324	-1508.655	141.669	959.105	733.450	0.064	0.009	0.107	0.126
sub-103_task-EyeTracking_physio	120	-1475.322	-1283.652	191.670	1260.970	735.205	0.093	0.050	0.291	0.378
sub-103_task-EyeTracking_physio	120	-900.313	-666.970	233.343	1253.665	732.180	0.128	0.088	0.234	0.853
sub-103_task-EyeTracking_physio	120	-433.631	441.392	875.023	1277.050	702.445	0.109	0.047	0.317	0.517
sub-103_task-EyeTracking_physio	120	458.058	674.726	216.668	1294.905	701.375	0.095	0.041	0.259	0.416
sub-103_task-EyeTracking_physio	120	691.393	1141.407	450.014	1388.963	714.303	0.082	0.043	0.336	0.350
sub-103_task-EyeTracking_physio	120	1158.074	1391.413	233.339	1466.533	706.328	0.094	0.024	0.300	0.232
sub-103_task-EyeTracking_physio	120	1416.413	1591.417	175.004	1572.880	716.670	0.098	0.051	0.227	0.351
sub-103_task-EyeTracking_physio	120	1624.755	1791.423	166.668	1639.503	738.730	0.071	0.017	0.196	0.189
sub-103_task-EyeTracking_physio	120	1808.090	2024.762	216.672	1692.310	727.492	0.087	0.026	0.258	0.289
sub-103_task-EyeTracking_physio	120	2041.429	2424.773	383.344	1627.782	711.845	0.081	0.031	0.311	0.272
sub-103_task-EyeTracking_physio	120	2449.772	2674.779	225.007	1488.150	722.640	0.057	0.025	0.237	0.270
sub-103_task-EyeTracking_physio	120	2691.445	2891.447	200.002	1408.688	720.205	0.069	0.031	0.198	0.260
sub-103_task-EyeTracking_physio	121	-166.081	292.261	458.342	1293.930	701.155	0.100	0.067	0.373	0.548
sub-103_task-EyeTracking_physio	121	308.928	567.267	258.339	1315.070	720.690	0.094	0.049	0.201	0.472
sub-103_task-EyeTracking_physio	121	583.933	792.274	208.341	1344.210	757.335	0.115	0.048	0.211	0.360
sub-103_task-EyeTracking_physio	121	808.940	1000.610	191.670	1424.755	772.645	0.083	0.022	0.227	0.203
sub-103_task-EyeTracking_physio	121	1025.615	1233.950	208.335	1500.665	785.600	0.080	0.016	0.174	0.177
sub-103_task-EyeTracking_physio	121	1250.616	1475.625	225.009	1579.200	790.270	0.089	0.021	0.204	0.220
sub-103_task-EyeTracking_physio	121	1500.624	2033.969	533.345	1640.597	790.212	0.080	0.026	0.215	0.294
sub-103_task-EyeTracking_physio	121	2050.635	2275.642	225.007	1573.100	787.040	0.068	0.036	0.310	0.299
sub-103_task-EyeTracking_physio	121	2308.974	2500.649	191.675	1429.510	775.815	0.091	0.032	0.292	0.167
sub-103_task-EyeTracking_physio	121	2525.649	2717.321	191.672	1317.690	764.455	0.070	0.022	0.211	0.208
sub-103_task-EyeTracking_physio	121	2733.987	2892.325	158.338	1259.555	773.190	0.076	0.013	0.178	0.145
sub-103_task-EyeTracking_physio	122	-218.452	-68.447	150.005	1315.227	751.908	0.187	0.131	0.326	0.964
sub-103_task-EyeTracking_physio	122	-51.781	423.228	475.009	1282.235	729.165	0.142	0.054	0.271	0.437
sub-103_task-EyeTracking_physio	122	439.895	631.566	191.671	1244.305	713.400	0.114	0.033	0.208	0.254
sub-103_task-EyeTracking_physio	122	648.232	873.238	225.006	1146.615	719.450	0.094	0.038	0.247	0.281
sub-103_task-EyeTracking_physio	122	889.904	1139.911	250.007	1095.400	728.640	0.099	0.038	0.158	0.408
sub-103_task-EyeTracking_physio	122	1156.577	1456.587	300.010	1055.910	711.765	0.090	0.035	0.245	0.351
sub-103_task-EyeTracking_physio	122	1473.253	1923.262	450.009	1005.913	709.908	0.090	0.044	0.258	0.452
sub-103_task-EyeTracking_physio	122	1939.928	2281.605	341.677	972.325	712.930	0.087	0.049	0.459	0.332
sub-103_task-EyeTracking_physio	122	2298.272	2564.944	266.672	927.570	709.223	0.084	0.018	0.150	0.248
sub-103_task-EyeTracking_physio	122	2589.944	3006.620	416.676	895.912	705.862	0.080	0.046	0.340	0.277
sub-103_task-EyeTracking_physio	123	-4142.584	-4017.582	125.002	944.490	706.415	0.094	0.026	0.222	0.255
sub-103_task-EyeTracking_physio	123	-3475.904	-3317.568	158.336	1148.860	762.780	0.108	0.056	0.243	0.436
sub-103_task-EyeTracking_physio	123	-3084.228	-2459.212	625.016	1285.975	709.700	0.137	0.274	0.713	1.029
sub-103_task-EyeTracking_physio	123	-1925.867	-1750.873	174.994	1255.620	758.765	0.162	0.166	0.537	0.676
sub-103_task-EyeTracking_physio	123	-1734.198	-1500.858	233.340	1275.740	727.310	0.108	0.049	0.293	0.512
sub-103_task-EyeTracking_physio	123	-1375.862	-1217.527	158.335	1259.205	716.340	0.196	0.071	0.241	0.612
sub-103_task-EyeTracking_physio	123	-975.853	-625.844	350.009	1257.200	717.443	0.128	0.071	0.337	0.618
sub-103_task-EyeTracking_physio	123	-575.836	-409.165	166.671	1186.443	1478.003	0.137	0.117	0.558	0.577
sub-103_task-EyeTracking_physio	123	-259.169	-75.823	183.346	1268.650	730.440	0.111	0.034	0.200	0.304
sub-103_task-EyeTracking_physio	123	-67.489	282.520	350.009	1274.655	714.062	0.119	0.042	0.264	0.449
sub-103_task-EyeTracking_physio	123	307.520	507.514	199.994	1315.040	719.168	0.084	0.021	0.173	0.228
sub-103_task-EyeTracking_physio	123	532.528	740.862	208.334	1448.130	725.665	0.082	0.036	0.326	0.270
sub-103_task-EyeTracking_physio	123	765.863	957.536	191.673	1515.065	731.975	0.075	0.018	0.217	0.246
sub-103_task-EyeTracking_physio	123	982.536	1199.200	216.664	1583.338	772.875	0.075	0.017	0.206	0.204
sub-103_task-EyeTracking_physio	123	1224.209	1499.216	275.007	1601.310	819.920	0.084	0.042	0.231	0.430
sub-103_task-EyeTracking_physio	123	1515.881	1882.557	366.676	1606.410	860.688	0.102	0.061	0.447	0.397
sub-103_task-EyeTracking_physio	123	1990.895	2315.899	325.004	1608.655	848.870	0.110	0.042	0.349	0.387
sub-103_task-EyeTracking_physio	123	2332.565	2557.573	225.008	1583.375	842.265	0.085	0.017	0.117	0.234
sub-103_task-EyeTracking_physio	123	2574.240	2815.914	241.674	1507.460	823.525	0.113	0.044	0.328	0.416
sub-103_task-EyeTracking_physio	123	2832.580	2999.248	166.668	1444.255	804.895	0.128	0.036	0.179	0.403
sub-103_task-EyeTracking_physio	124	-1641.175	-1432.840	208.335	1301.105	748.170	0.090	0.018	0.171	0.212
sub-103_task-EyeTracking_physio	124	-1407.841	-1299.503	108.338	1263.730	737.370	0.137	0.060	0.266	0.525
sub-103_task-EyeTracking_physio	124	-516.152	-382.817	133.335	1357.423	800.112	0.181	0.073	0.315	0.450
sub-103_task-EyeTracking_physio	124	-366.150	-132.807	233.343	1285.110	736.330	0.147	0.038	0.212	0.380
sub-103_task-EyeTracking_physio	124	-116.141	283.866	400.007	1276.608	697.700	0.134	0.051	0.217	0.626
sub-103_task-EyeTracking_physio	124	300.532	642.210	341.678	1300.405	714.810	0.154	0.046	0.232	0.397
sub-103_task-EyeTracking_physio	124	650.543	858.882	208.339	1293.655	739.935	0.132	0.026	0.192	0.370
sub-103_task-EyeTracking_physio	124	1058.886	1233.893	175.007	1276.180	769.305	0.206	0.089	0.282	0.552
sub-103_task-EyeTracking_physio	124	1392.220	1583.889	191.669	1305.565	740.810	0.223	0.156	0.330	1.052
sub-103_task-EyeTracking_physio	124	1800.563	2183.912	383.349	1307.510	742.560	0.181	0.111	0.291	1.013
sub-103_task-EyeTracking_physio	124	2192.246	2517.244	324.998	1274.820	733.045	0.122	0.055	0.306	0.451
sub-103_task-EyeTracking_physio	124	2533.911	2850.596	316.685	1203.765	742.317	0.104	0.038	0.278	0.353
sub-103_task-EyeTracking_physio	124	2867.263	3000.599	133.336	1154.412	739.770	0.077	0.014	0.171	0.158
sub-103_task-EyeTracking_physio	125	-1005.695	-780.685	225.010	1283.470	712.545	0.096	0.023	0.149	0.344
sub-103_task-EyeTracking_physio	125	-630.682	-205.668	425.014	1295.720	697.815	0.154	0.078	0.326	0.690
sub-103_task-EyeTracking_physio	125	-97.336	286.007	383.343	1303.750	711.060	0.119	0.037	0.325	0.346
sub-103_task-EyeTracking_physio	125	302.677	427.676	124.999	1289.260	729.830	0.109	0.037	0.254	0.273
sub-103_task-EyeTracking_physio	125	586.010	919.355	333.345	1353.835	723.947	0.102	0.061	0.274	0.605
sub-103_task-EyeTracking_physio	125	936.013	1127.693	191.680	1410.480	744.975	0.076	0.027	0.241	0.232
sub-103_task-EyeTracking_physio	125	1152.694	1369.369	216.675	1507.680	755.680	0.087	0.025	0.285	0.207
sub-103_task-EyeTracking_physio	125	1386.036	1552.705	166.669	1561.418	751.062	0.093	0.027	0.197	0.262
sub-103_task-EyeTracking_physio	125	1577.704	1861.044	283.340	1501.370	757.683	0.076	0.022	0.252	0.220
sub-103_task-EyeTracking_physio	125	1877.715	2094.384	216.669	1464.920	759.553	0.075	0.018	0.166	0.260
sub-103_task-EyeTracking_physio	125	2119.382	2352.724	233.342	1390.592	734.055	0.082	0.023	0.179	0.318
sub-103_task-EyeTracking_physio	125	2369.390	2602.729	233.339	1373.210	728.285	0.073	0.021	0.188	0.264
sub-103_task-EyeTracking_physio	125	2619.396	2869.403	250.007	1441.298	744.885	0.092	0.026	0.287	0.249
sub-103_task-EyeTracking_physio	125	2894.402	3002.729	108.327	1469.250	764.830	0.050	0.006	0.142	0.072
sub-103_task-EyeTracking_physio	126	-1185.555	-1002.220	183.335	1302.125	737.608	0.146	0.141	0.432	0.556
sub-103_task-EyeTracking_physio	126	-802.215	-418.868	383.347	1343.645	721.492	0.097	0.067	0.304	0.518
sub-103_task-EyeTracking_physio	126	-402.202	-193.866	208.336	1292.595	737.215	0.096	0.032	0.163	0.341
sub-103_task-EyeTracking_physio	126	-185.532	364.481	550.013	1277.850	715.173	0.114	0.048	0.314	0.479
sub-103_task-EyeTracking_physio	126	506.153	764.495	258.342	1192.475	746.640	0.142	0.057	0.207	0.787
sub-103_task-EyeTracking_physio	126	781.161	1081.167	300.006	1149.020	759.263	0.107	0.040	0.268	0.436
sub-103_task-EyeTracking_physio	126	1097.834	1231.171	133.337	1194.332	742.540	0.072	0.009	0.131	0.147
sub-103_task-EyeTracking_physio	126	1247.838	1564.516	316.678	1167.053	740.240	0.068	0.015	0.145	0.241
sub-103_task-EyeTracking_physio	126	1581.183	1789.520	208.337	1134.690	730.100	0.072	0.012	0.144	0.161
sub-103_task-EyeTracking_physio	126	1814.521	2081.195	266.674	1161.995	724.685	0.077	0.024	0.222	0.243
sub-103_task-EyeTracking_physio	126	2106.195	2331.201	225.006	1219.535	722.085	0.064	0.014	0.215	0.229
sub-103_task-EyeTracking_physio	126	2356.200	2547.869	191.669	1285.665	690.805	0.063	0.011	0.114	0.197
sub-103_task-EyeTracking_physio	126	2564.536	2764.546	200.010	1379.000	680.510	0.076	0.012	0.146	0.243
sub-103_task-EyeTracking_physio	126	2781.212	3006.218	225.006	1434.855	673.090	0.072	0.014	0.196	0.144
sub-103_task-EyeTracking_physio	127	-965.344	-765.343	200.001	1277.145	722.727	0.127	0.043	0.146	0.546
sub-103_task-EyeTracking_physio	127	-590.335	426.350	1016.685	1281.597	703.153	0.108	0.106	0.482	0.764
sub-103_task-EyeTracking_physio	127	443.017	609.695	166.678	1323.588	697.668	0.070	0.018	0.201	0.193
sub-103_task-EyeTracking_physio	127	626.361	868.032	241.671	1238.520	701.390	0.107	0.054	0.414	0.225
sub-103_task-EyeTracking_physio	127	893.032	1093.036	200.004	1161.270	698.975	0.064	0.015	0.099	0.242
sub-103_task-EyeTracking_physio	127	1109.708	1318.042	208.334	1094.005	691.920	0.074	0.014	0.157	0.188
sub-103_task-EyeTracking_physio	127	1334.709	1534.716	200.007	1148.412	679.977	0.075	0.017	0.178	0.227
sub-103_task-EyeTracking_physio	127	1568.049	1743.049	175.000	1319.955	678.620	0.083	0.014	0.165	0.181
sub-103_task-EyeTracking_physio	127	1768.054	1951.391	183.337	1449.912	682.423	0.085	0.011	0.182	0.117
sub-103_task-EyeTracking_physio	127	1976.391	2251.399	275.008	1515.695	698.635	0.076	0.022	0.218	0.234
sub-103_task-EyeTracking_physio	127	2284.734	2493.071	208.337	1404.800	713.330	0.073	0.022	0.253	0.224
sub-103_task-EyeTracking_physio	127	2509.738	2751.411	241.673	1309.135	693.285	0.106	0.025	0.273	0.245
sub-103_task-EyeTracking_physio	127	2768.077	2959.750	191.673	1251.225	677.780	0.112	0.022	0.180	0.366
sub-103_task-EyeTracking_physio	128	-555.624	-263.953	291.671	1271.125	723.380	0.112	0.097	0.241	0.760
sub-103_task-EyeTracking_physio	128	-255.619	302.727	558.346	1295.535	713.315	0.102	0.030	0.253	0.409
sub-103_task-EyeTracking_physio	128	319.394	502.734	183.340	1312.928	710.613	0.071	0.017	0.177	0.194
sub-103_task-EyeTracking_physio	128	519.401	719.407	200.006	1386.640	717.815	0.081	0.017	0.190	0.185
sub-103_task-EyeTracking_physio	128	736.074	927.743	191.669	1460.795	734.220	0.083	0.021	0.172	0.233
sub-103_task-EyeTracking_physio	128	952.743	1369.419	416.676	1534.705	736.952	0.082	0.035	0.334	0.292
sub-103_task-EyeTracking_physio	128	1386.090	1686.097	300.007	1490.202	720.885	0.075	0.031	0.256	0.348
sub-103_task-EyeTracking_physio	128	1711.096	1902.770	191.674	1409.040	706.935	0.067	0.023	0.186	0.290
sub-103_task-EyeTracking_physio	128	1927.770	2136.105	208.335	1308.275	704.100	0.099	0.018	0.311	0.153
sub-103_task-EyeTracking_physio	128	2152.770	2336.111	183.341	1228.327	714.303	0.079	0.020	0.221	0.210
sub-103_task-EyeTracking_physio	128	2361.111	2569.452	208.341	1141.070	701.785	0.062	0.025	0.211	0.261
sub-103_task-EyeTracking_physio	128	2586.118	2819.458	233.340	1061.010	705.722	0.089	0.027	0.247	0.254
sub-103_task-EyeTracking_physio	128	2836.125	3002.797	166.672	983.995	704.262	0.069	0.015	0.115	0.234
sub-103_task-EyeTracking_physio	129	-994.790	-811.454	183.336	1221.602	712.128	0.118	0.036	0.342	0.182
sub-103_task-EyeTracking_physio	129	-169.771	321.907	491.678	1264.205	722.380	0.104	0.047	0.231	0.618
sub-103_task-EyeTracking_physio	129	338.574	646.915	308.341	1234.045	699.510	0.112	0.025	0.144	0.415
sub-103_task-EyeTracking_physio	129	663.585	905.255	241.670	1265.630	690.925	0.084	0.032	0.200	0.358
sub-103_task-EyeTracking_physio	129	921.924	1288.597	366.673	1313.620	687.735	0.083	0.026	0.218	0.324
sub-103_task-EyeTracking_physio	129	1305.264	1705.278	400.014	1353.770	684.023	0.072	0.020	0.195	0.320
sub-103_task-EyeTracking_physio	129	1721.945	2196.953	475.008	1426.115	675.380	0.084	0.032	0.259	0.414
sub-103_task-EyeTracking_physio	129	2221.952	2480.291	258.339	1495.130	682.775	0.077	0.021	0.179	0.253
sub-103_task-EyeTracking_physio	129	2505.295	2788.635	283.340	1570.293	677.175	0.066	0.018	0.202	0.242
sub-103_task-EyeTracking_physio	130	-785.690	-577.348	208.342	1334.320	702.075	0.090	0.037	0.252	0.338
sub-103_task-EyeTracking_physio	130	-560.682	-435.678	125.004	1291.175	717.235	0.064	0.008	0.150	0.124
sub-103_task-EyeTracking_physio	130	-235.675	297.670	533.345	1293.977	714.653	0.114	0.042	0.200	0.925
sub-103_task-EyeTracking_physio	130	322.669	522.676	200.007	1340.872	706.190	0.083	0.028	0.208	0.313
sub-103_task-EyeTracking_physio	130	539.343	914.352	375.009	1381.060	709.530	0.080	0.069	0.395	0.430
sub-103_task-EyeTracking_physio	130	931.019	1747.705	816.686	1365.965	705.505	0.080	0.046	0.319	0.424
sub-103_task-EyeTracking_physio	130	2256.043	2506.059	250.016	1339.157	719.173	0.079	0.015	0.211	0.204
sub-103_task-EyeTracking_physio	130	2522.725	2756.061	233.336	1405.013	723.188	0.125	0.025	0.198	0.269
sub-103_task-EyeTracking_physio	130	2772.735	2997.731	224.996	1422.685	713.880	0.074	0.015	0.225	0.146
sub-103_task-EyeTracking_physio	131	-1999.696	-1799.691	200.005	1331.140	730.442	0.098	0.026	0.153	0.419
sub-103_task-EyeTracking_physio	131	-1774.692	-1591.350	183.342	1286.192	723.290	0.081	0.023	0.168	0.272
sub-103_task-EyeTracking_physio	131	-1541.352	-1349.681	191.671	729.145	788.510	0.143	0.068	0.296	0.443
sub-103_task-EyeTracking_physio	131	-1308.011	-1141.350	166.661	1250.713	754.112	0.091	0.046	0.308	0.305
sub-103_task-EyeTracking_physio	131	-966.348	-824.675	141.673	1323.195	751.035	0.123	0.030	0.093	0.578
sub-103_task-EyeTracking_physio	131	-799.672	342.031	1141.703	1284.540	713.540	0.102	0.102	0.552	0.637
sub-103_task-EyeTracking_physio	131	358.701	575.372	216.671	1237.640	741.405	0.131	0.056	0.244	0.359
sub-103_task-EyeTracking_physio	131	592.038	875.376	283.338	1193.658	753.665	0.095	0.025	0.248	0.260
sub-103_task-EyeTracking_physio	131	908.714	1308.725	400.011	1216.148	759.363	0.081	0.026	0.168	0.345
sub-103_task-EyeTracking_physio	131	1333.724	1558.732	225.008	1323.170	767.490	0.178	0.066	0.339	0.575
sub-103_task-EyeTracking_physio	131	1583.732	2033.739	450.007	1372.540	776.140	0.105	0.046	0.291	0.481
sub-103_task-EyeTracking_physio	131	2067.077	2325.415	258.338	1437.545	784.285	0.072	0.017	0.176	0.321
sub-103_task-EyeTracking_physio	131	2342.082	3000.432	658.350	1468.045	795.120	0.075	0.030	0.266	0.479
sub-103_task-EyeTracking_physio	132	-1533.014	-1016.334	516.680	1282.645	747.675	0.105	0.049	0.252	0.785
sub-103_task-EyeTracking_physio	132	-666.329	-541.325	125.004	1293.210	754.695	0.156	0.048	0.177	0.527
sub-103_task-EyeTracking_physio	132	-416.320	-232.982	183.338	1280.915	738.627	0.127	0.043	0.137	0.672
sub-103_task-EyeTracking_physio	132	-91.311	625.371	716.682	1280.903	725.130	0.105	0.103	0.472	0.640
sub-103_task-EyeTracking_physio	132	642.037	908.710	266.673	1239.820	720.492	0.084	0.029	0.227	0.405
sub-103_task-EyeTracking_physio	132	925.381	1125.385	200.004	1201.155	713.268	0.068	0.013	0.174	0.198
sub-103_task-EyeTracking_physio	132	1142.052	1408.723	266.671	1127.233	713.008	0.087	0.030	0.354	0.260
sub-103_task-EyeTracking_physio	132	1425.389	1717.066	291.677	1096.390	712.835	0.079	0.029	0.232	0.269
sub-103_task-EyeTracking_physio	132	1742.066	1958.734	216.668	1133.545	709.523	0.074	0.021	0.241	0.170
sub-103_task-EyeTracking_physio	132	1975.406	2175.407	200.001	1234.245	718.717	0.086	0.024	0.253	0.219
sub-103_task-EyeTracking_physio	132	2200.407	2508.752	308.345	1314.125	709.395	0.069	0.027	0.256	0.249
sub-103_task-EyeTracking_physio	132	2525.420	2775.425	250.005	1331.375	704.737	0.077	0.024	0.236	0.222
sub-103_task-EyeTracking_physio	132	2792.092	3000.426	208.334	1268.775	721.070	0.099	0.031	0.315	0.213
sub-103_task-EyeTracking_physio	133	-2017.704	-1826.034	191.670	1130.105	734.590	0.071	0.010	0.128	0.168
sub-103_task-EyeTracking_physio	133	-1442.691	-1267.682	175.009	1152.945	881.895	0.269	0.090	0.272	0.746
sub-103_task-EyeTracking_physio	133	-1234.350	-1067.682	166.668	758.830	1229.430	0.158	0.074	0.329	0.487
sub-103_task-EyeTracking_physio	133	-1034.348	-776.008	258.340	611.300	1421.940	0.114	0.047	0.241	0.475
sub-103_task-EyeTracking_physio	133	-609.336	-450.997	158.339	1260.405	799.610	0.201	0.147	0.277	1.103
sub-103_task-EyeTracking_physio	133	-442.665	-342.661	100.004	1279.402	749.152	0.243	0.172	0.598	1.091
sub-103_task-EyeTracking_physio	133	-225.992	407.354	633.346	1286.407	707.837	0.083	0.063	0.296	0.514
sub-103_task-EyeTracking_physio	133	424.027	682.366	258.339	1307.255	725.245	0.076	0.033	0.282	0.223
sub-103_task-EyeTracking_physio	133	715.699	949.039	233.340	1213.537	720.362	0.091	0.019	0.225	0.244
sub-103_task-EyeTracking_physio	133	965.706	1274.044	308.338	1148.690	711.700	0.077	0.018	0.150	0.340
sub-103_task-EyeTracking_physio	133	1290.711	1557.385	266.674	1112.280	720.803	0.073	0.014	0.141	0.237
sub-103_task-EyeTracking_physio	133	1582.385	1924.061	341.676	1168.955	717.740	0.074	0.019	0.205	0.267
sub-103_task-EyeTracking_physio	133	1957.394	2174.067	216.673	1289.035	724.812	0.052	0.024	0.272	0.215
sub-103_task-EyeTracking_physio	133	2199.067	2424.074	225.007	1385.020	723.240	0.074	0.038	0.273	0.308
sub-103_task-EyeTracking_physio	133	2440.741	2999.089	558.348	1477.980	742.570	0.085	0.037	0.365	0.404
sub-103_task-EyeTracking_physio	134	-939.556	-814.554	125.002	1395.725	743.675	0.559	0.284	0.198	2.591
sub-103_task-EyeTracking_physio	134	-789.554	-581.213	208.341	1322.170	723.895	0.083	0.024	0.207	0.250
sub-103_task-EyeTracking_physio	134	-564.546	-339.546	225.000	1278.000	717.375	0.080	0.023	0.253	0.220
sub-103_task-EyeTracking_physio	134	-172.871	310.472	483.343	1295.435	718.155	0.104	0.061	0.304	0.678
sub-103_task-EyeTracking_physio	134	327.139	535.479	208.340	1266.975	743.810	0.108	0.038	0.251	0.305
sub-103_task-EyeTracking_physio	134	560.479	827.151	266.672	1179.615	748.062	0.080	0.024	0.171	0.235
sub-103_task-EyeTracking_physio	134	843.817	1077.157	233.340	1136.210	731.750	0.084	0.028	0.197	0.332
sub-103_task-EyeTracking_physio	134	1102.157	1702.172	600.015	1064.530	727.565	0.073	0.024	0.254	0.285
sub-103_task-EyeTracking_physio	134	1735.506	2052.183	316.677	1173.690	747.885	0.082	0.019	0.170	0.242
sub-103_task-EyeTracking_physio	134	2077.183	2268.854	191.671	1277.620	741.850	0.098	0.025	0.247	0.277
sub-103_task-EyeTracking_physio	134	2293.853	2818.866	525.013	1399.305	764.790	0.070	0.013	0.187	0.240
sub-103_task-EyeTracking_physio	135	-1952.132	-1585.454	366.678	1265.983	750.928	0.080	0.041	0.310	0.341
sub-103_task-EyeTracking_physio	135	-1160.449	-827.104	333.345	1259.288	807.128	0.190	0.081	0.358	0.680
sub-103_task-EyeTracking_physio	135	-677.102	-477.094	200.008	1301.530	728.298	0.107	0.083	0.222	0.599
sub-103_task-EyeTracking_physio	135	-460.427	-277.095	183.332	1262.997	723.565	0.070	0.033	0.233	0.230
sub-103_task-EyeTracking_physio	135	-260.428	339.591	600.019	1287.197	710.425	0.093	0.030	0.262	0.334
sub-103_task-EyeTracking_physio	135	356.249	756.256	400.007	1228.933	721.058	0.103	0.068	0.437	0.375
sub-103_task-EyeTracking_physio	135	772.923	1031.272	258.349	1179.945	719.380	0.084	0.031	0.190	0.411
sub-103_task-EyeTracking_physio	135	1047.939	1414.615	366.676	1144.895	719.340	0.090	0.024	0.145	0.398
sub-103_task-EyeTracking_physio	135	1431.273	1656.287	225.014	1191.775	714.860	0.076	0.021	0.122	0.306
sub-103_task-EyeTracking_physio	135	1681.287	1897.964	216.677	1333.497	715.678	0.108	0.030	0.343	0.294
sub-103_task-EyeTracking_physio	135	1931.297	2139.634	208.337	1474.850	722.795	0.075	0.015	0.199	0.155
sub-103_task-EyeTracking_physio	135	2164.634	2581.309	416.675	1569.120	730.872	0.074	0.018	0.224	0.244
sub-103_task-EyeTracking_physio	135	2597.976	2814.642	216.666	1516.410	707.280	0.091	0.030	0.337	0.238
sub-103_task-EyeTracking_physio	135	2839.642	3006.310	166.668	1469.053	692.142	0.070	0.014	0.117	0.260
sub-103_task-EyeTracking_physio	136	-2180.361	-2047.015	133.346	1385.370	690.505	0.078	0.011	0.122	0.175
sub-103_task-EyeTracking_physio	136	-1572.004	-1322.001	250.003	1231.695	813.580	0.129	0.077	0.278	0.620
sub-103_task-EyeTracking_physio	136	-1005.325	-246.978	758.347	1270.375	762.710	0.120	0.086	0.515	0.531
sub-103_task-EyeTracking_physio	136	-230.305	-63.636	166.669	1287.000	737.162	0.144	0.047	0.237	0.367
sub-103_task-EyeTracking_physio	136	-46.969	269.702	316.671	1269.820	713.793	0.112	0.023	0.173	0.277
sub-103_task-EyeTracking_physio	136	286.369	436.377	150.008	1302.723	719.990	0.117	0.026	0.314	0.237
sub-103_task-EyeTracking_physio	136	461.377	778.049	316.672	1253.680	717.323	0.092	0.028	0.202	0.305
sub-103_task-EyeTracking_physio	136	794.716	1069.720	275.004	1234.965	706.255	0.096	0.027	0.182	0.316
sub-103_task-EyeTracking_physio	136	1086.392	1353.065	266.673	1163.095	697.795	0.091	0.027	0.223	0.299
sub-103_task-EyeTracking_physio	136	1369.732	1569.733	200.001	1114.423	699.248	0.073	0.018	0.120	0.299
sub-103_task-EyeTracking_physio	136	1586.399	1903.078	316.679	1025.408	704.033	0.080	0.032	0.219	0.386
sub-103_task-EyeTracking_physio	136	1919.744	2194.751	275.007	1036.665	674.635	0.089	0.022	0.161	0.347
sub-103_task-EyeTracking_physio	136	2219.751	2461.424	241.673	1133.815	639.210	0.081	0.021	0.260	0.164
sub-103_task-EyeTracking_physio	136	2486.423	2686.430	200.007	1191.718	631.123	0.068	0.015	0.156	0.158
sub-103_task-EyeTracking_physio	136	2703.096	2944.768	241.672	1279.875	698.695	0.082	0.024	0.198	0.230
sub-103_task-EyeTracking_physio	137	-442.591	-225.915	216.676	1230.160	826.913	0.289	0.151	0.267	1.402
sub-103_task-EyeTracking_physio	137	-92.581	124.089	216.670	1264.255	734.315	0.136	0.090	0.293	0.703
sub-103_task-EyeTracking_physio	137	132.422	432.430	300.008	1285.230	741.128	0.118	0.048	0.168	0.477
sub-103_task-EyeTracking_physio	137	449.097	665.772	216.675	1319.170	770.697	0.091	0.048	0.216	0.449
sub-103_task-EyeTracking_physio	137	690.771	865.775	175.004	1395.145	768.980	0.094	0.024	0.197	0.257
sub-103_task-EyeTracking_physio	137	890.775	1082.447	191.672	1462.235	785.260	0.102	0.020	0.176	0.278
sub-103_task-EyeTracking_physio	137	1099.113	1449.120	350.007	1545.518	795.910	0.085	0.030	0.219	0.321
sub-103_task-EyeTracking_physio	137	1474.124	1749.129	275.005	1496.515	775.630	0.072	0.013	0.182	0.250
sub-103_task-EyeTracking_physio	137	1765.796	2007.468	241.672	1377.880	759.780	0.084	0.025	0.332	0.211
sub-103_task-EyeTracking_physio	137	2032.467	2257.476	225.009	1286.035	758.405	0.064	0.010	0.106	0.247
sub-103_task-EyeTracking_physio	137	2282.475	2515.817	233.342	1174.178	767.247	0.075	0.018	0.171	0.254
sub-103_task-EyeTracking_physio	137	2540.816	2832.488	291.672	1108.330	766.440	0.081	0.016	0.167	0.198
sub-103_task-EyeTracking_physio	137	2857.488	2999.157	141.669	1059.855	764.040	0.080	0.015	0.155	0.194
sub-103_task-EyeTracking_physio	138	-1021.982	-788.641	233.341	1236.238	896.560	0.285	0.201	0.317	1.445
sub-103_task-EyeTracking_physio	138	-580.302	-321.963	258.339	1276.640	773.515	0.168	0.101	0.241	1.019
sub-103_task-EyeTracking_physio	138	-305.296	478.057	783.353	1279.108	743.330	0.097	0.028	0.237	0.417
sub-103_task-EyeTracking_physio	138	494.724	728.064	233.340	1300.415	723.435	0.089	0.024	0.190	0.303
sub-103_task-EyeTracking_physio	138	744.729	1011.403	266.674	1331.035	680.173	0.086	0.030	0.178	0.378
sub-103_task-EyeTracking_physio	138	1028.070	1328.080	300.010	1299.878	649.058	0.068	0.022	0.183	0.267
sub-103_task-EyeTracking_physio	138	1344.746	1611.416	266.670	1265.102	601.890	0.060	0.015	0.149	0.221
sub-103_task-EyeTracking_physio	138	1636.419	1844.755	208.336	1223.330	602.290	0.065	0.014	0.136	0.213
sub-103_task-EyeTracking_physio	138	1861.422	2144.763	283.341	1168.832	653.250	0.083	0.017	0.158	0.257
sub-103_task-EyeTracking_physio	138	2169.763	2378.101	208.338	1258.110	673.435	0.065	0.013	0.149	0.195
sub-103_task-EyeTracking_physio	138	2403.105	2628.108	225.003	1347.705	675.620	0.067	0.016	0.211	0.189
sub-103_task-EyeTracking_physio	138	2653.107	2928.116	275.009	1418.250	682.090	0.083	0.016	0.160	0.239
sub-103_task-EyeTracking_physio	139	-458.262	-258.248	200.014	1271.390	764.720	0.252	0.185	0.302	1.143
sub-103_task-EyeTracking_physio	139	-91.580	241.762	333.342	1291.613	708.810	0.105	0.076	0.257	0.724
sub-103_task-EyeTracking_physio	139	250.095	850.111	600.016	1263.115	727.578	0.079	0.059	0.287	0.482
sub-103_task-EyeTracking_physio	139	875.111	1091.785	216.674	1291.750	763.845	0.068	0.013	0.122	0.238
sub-103_task-EyeTracking_physio	139	1116.785	1325.123	208.338	1347.075	690.075	0.082	0.019	0.206	0.269
sub-103_task-EyeTracking_physio	139	1350.124	1641.801	291.677	1371.280	644.810	0.073	0.020	0.237	0.247
sub-103_task-EyeTracking_physio	139	1666.800	1875.138	208.338	1422.335	647.395	0.072	0.012	0.168	0.137
sub-103_task-EyeTracking_physio	139	1891.805	2141.812	250.007	1496.760	657.422	0.074	0.010	0.136	0.168
sub-103_task-EyeTracking_physio	139	2175.144	2433.485	258.341	1579.960	678.720	0.068	0.012	0.148	0.190
sub-103_task-EyeTracking_physio	139	2450.151	2800.160	350.009	1620.725	680.278	0.065	0.013	0.229	0.172
sub-103_task-EyeTracking_physio	139	2825.159	3000.165	175.006	1570.560	655.970	0.068	0.010	0.146	0.172
sub-103_task-EyeTracking_physio	140	-769.110	-560.774	208.336	1321.570	708.130	0.060	0.014	0.188	0.136
sub-103_task-EyeTracking_physio	140	-102.428	297.583	400.011	1279.253	712.590	0.153	0.075	0.272	1.089
sub-103_task-EyeTracking_physio	140	305.916	605.923	300.007	1287.727	739.145	0.103	0.044	0.206	0.431
sub-103_task-EyeTracking_physio	140	630.925	889.259	258.334	1235.565	773.930	0.093	0.038	0.218	0.358
sub-103_task-EyeTracking_physio	140	914.266	1189.274	275.008	1178.665	815.530	0.094	0.026	0.158	0.328
sub-103_task-EyeTracking_physio	140	1205.940	1489.278	283.338	1210.492	858.740	0.165	0.051	0.220	0.574
sub-103_task-EyeTracking_physio	140	1522.611	1722.619	200.008	1332.938	815.360	0.089	0.018	0.192	0.220
sub-103_task-EyeTracking_physio	140	1739.285	2039.290	300.005	1399.668	808.280	0.102	0.037	0.273	0.462
sub-103_task-EyeTracking_physio	140	2055.957	2439.299	383.342	1477.012	830.245	0.083	0.020	0.255	0.232
sub-103_task-EyeTracking_physio	140	2455.965	2872.647	416.682	1518.963	862.200	0.130	0.040	0.391	0.512
sub-103_task-EyeTracking_physio	140	2897.647	3005.985	108.338	1550.120	882.695	0.109	0.023	0.170	0.309
sub-103_task-EyeTracking_physio	141	-1006.963	-881.960	125.003	1317.335	779.345	0.644	0.734	4.137	1.764
sub-103_task-EyeTracking_physio	141	-856.960	-723.624	133.336	1263.150	1098.245	2.101	8.232	2.391	8.291
sub-103_task-EyeTracking_physio	141	-556.951	-231.945	325.006	1276.170	736.360	0.101	0.040	0.257	0.497
sub-103_task-EyeTracking_physio	141	-81.943	401.418	483.361	1283.392	728.112	0.109	0.063	0.296	0.585
sub-103_task-EyeTracking_physio	141	418.085	651.410	233.325	1239.783	704.183	0.066	0.016	0.159	0.236
sub-103_task-EyeTracking_physio	141	668.077	868.079	200.002	1196.390	683.355	0.071	0.024	0.144	0.326
sub-103_task-EyeTracking_physio	141	884.750	1209.756	325.006	1170.105	652.100	0.068	0.022	0.233	0.256
sub-103_task-EyeTracking_physio	141	1226.421	1601.430	375.009	1220.640	675.275	0.070	0.021	0.190	0.263
sub-103_task-EyeTracking_physio	141	1618.088	1834.772	216.684	1268.273	766.983	0.115	0.064	0.247	0.490
sub-103_task-EyeTracking_physio	141	1851.439	1993.101	141.662	1266.085	834.655	0.140	0.028	0.174	0.348
sub-103_task-EyeTracking_physio	141	2009.775	2284.772	274.997	1314.575	846.415	0.115	0.026	0.201	0.328
sub-103_task-EyeTracking_physio	141	2301.437	2568.118	266.681	1266.315	855.217	0.102	0.027	0.231	0.306
sub-103_task-EyeTracking_physio	141	2584.789	2818.124	233.335	1242.217	807.007	0.106	0.030	0.233	0.346
sub-103_task-EyeTracking_physio	141	2834.790	3001.464	166.674	1233.697	733.533	0.099	0.022	0.193	0.251
sub-103_task-EyeTracking_physio	142	-311.863	463.156	775.019	1258.485	738.935	0.141	0.047	0.293	0.822
sub-103_task-EyeTracking_physio	142	479.823	879.833	400.010	1180.700	721.935	0.100	0.055	0.467	0.389
sub-103_task-EyeTracking_physio	142	896.499	1263.176	366.677	1124.790	715.895	0.088	0.032	0.274	0.279
sub-103_task-EyeTracking_physio	142	1279.843	1479.846	200.003	1141.550	641.750	0.088	0.025	0.172	0.276
sub-103_task-EyeTracking_physio	142	1496.513	1713.185	216.672	1164.158	606.048	0.083	0.020	0.229	0.224
sub-103_task-EyeTracking_physio	142	1738.184	1971.523	233.339	1216.795	600.733	0.094	0.045	0.254	0.348
sub-103_task-EyeTracking_physio	142	2129.860	2346.535	216.675	1233.980	643.410	0.121	0.075	0.258	0.670
sub-103_task-EyeTracking_physio	142	2371.535	2713.210	341.675	1214.570	772.400	0.079	0.025	0.226	0.301
sub-103_task-EyeTracking_physio	142	2729.876	3004.885	275.009	1171.435	755.600	0.080	0.036	0.251	0.365
sub-103_task-EyeTracking_physio	143	-641.863	-450.196	191.667	1251.165	751.135	0.196	0.170	0.268	0.955
sub-103_task-EyeTracking_physio	143	-250.188	-75.186	175.002	1248.890	745.155	0.076	0.064	0.375	0.406
sub-103_task-EyeTracking_physio	143	-41.847	333.159	375.006	1277.780	736.585	0.079	0.029	0.240	0.325
sub-103_task-EyeTracking_physio	143	349.829	566.497	216.668	1270.360	694.605	0.090	0.015	0.131	0.253
sub-103_task-EyeTracking_physio	143	583.164	799.838	216.674	1230.943	675.200	0.076	0.029	0.136	0.334
sub-103_task-EyeTracking_physio	143	816.506	1074.847	258.341	1167.405	662.500	0.110	0.054	0.303	0.376
sub-103_task-EyeTracking_physio	143	1091.513	1324.850	233.337	1065.628	698.058	0.088	0.020	0.254	0.223
sub-103_task-EyeTracking_physio	143	1383.182	1858.195	475.013	997.680	691.245	0.101	0.045	0.355	0.511
sub-103_task-EyeTracking_physio	143	1883.195	2383.210	500.015	978.570	708.158	0.077	0.012	0.148	0.206
sub-103_task-EyeTracking_physio	143	2399.875	2624.883	225.008	1021.800	704.315	0.094	0.034	0.256	0.274
sub-103_task-EyeTracking_physio	143	2649.883	2833.223	183.340	1131.513	687.150	0.144	0.038	0.286	0.451
sub-103_task-EyeTracking_physio	143	2874.889	2999.894	125.005	1280.350	692.890	0.072	0.009	0.123	0.152
sub-103_task-EyeTracking_physio	144	-71.202	303.806	375.008	1267.145	744.410	0.110	0.079	0.295	0.640
sub-103_task-EyeTracking_physio	144	320.473	487.144	166.671	1292.737	743.860	0.114	0.036	0.221	0.401
sub-103_task-EyeTracking_physio	144	503.816	803.820	300.004	1326.452	767.888	0.201	0.097	0.387	0.731
sub-103_task-EyeTracking_physio	144	828.820	1003.823	175.003	1384.770	774.445	0.287	0.076	0.335	0.561
sub-103_task-EyeTracking_physio	144	1028.827	1253.830	225.003	1474.415	755.700	0.147	0.066	0.310	0.513
sub-103_task-EyeTracking_physio	144	1270.496	1453.837	183.341	1550.693	747.483	0.127	0.056	0.416	0.410
sub-103_task-EyeTracking_physio	144	1478.836	1787.176	308.340	1694.550	745.930	0.091	0.021	0.188	0.255
sub-103_task-EyeTracking_physio	144	1803.847	2037.185	233.338	1619.015	751.592	0.131	0.052	0.324	0.411
sub-103_task-EyeTracking_physio	144	2053.851	2303.855	250.004	1547.170	752.360	0.076	0.049	0.245	0.382
sub-103_task-EyeTracking_physio	144	2320.521	2587.195	266.674	1462.233	760.785	0.174	0.074	0.296	0.694
sub-103_task-EyeTracking_physio	144	2603.867	2753.873	150.006	1397.275	749.520	0.133	0.028	0.194	0.286
sub-103_task-EyeTracking_physio	144	2770.541	2978.867	208.326	1398.265	712.705	0.094	0.027	0.231	0.261
sub-103_task-EyeTracking_physio	145	-1961.535	-1828.202	133.333	1212.928	814.132	0.210	0.051	0.178	0.452
sub-103_task-EyeTracking_physio	145	-1811.529	-1519.859	291.670	1267.120	758.280	0.143	0.045	0.288	0.516
sub-103_task-EyeTracking_physio	145	-1503.191	-1344.855	158.336	1287.575	738.475	0.185	0.047	0.215	0.397
sub-103_task-EyeTracking_physio	145	-928.180	-728.166	200.014	1308.068	731.970	0.169	0.076	0.220	0.682
sub-103_task-EyeTracking_physio	145	-711.500	-519.835	191.665	1275.810	734.430	0.213	0.060	0.271	0.462
sub-103_task-EyeTracking_physio	145	-511.498	305.196	816.694	1288.827	716.990	0.137	0.060	0.332	0.569
sub-103_task-EyeTracking_physio	145	330.196	521.865	191.669	1283.470	751.925	0.082	0.027	0.169	0.318
sub-103_task-EyeTracking_physio	145	538.528	755.199	216.671	1237.753	735.975	0.117	0.021	0.160	0.306
sub-103_task-EyeTracking_physio	145	771.865	1021.879	250.014	1150.710	744.988	0.151	0.074	0.392	0.519
sub-103_task-EyeTracking_physio	145	1038.545	1288.551	250.006	1097.632	757.277	0.164	0.072	0.299	0.516
sub-103_task-EyeTracking_physio	145	1305.218	1455.224	150.006	1089.640	713.808	0.110	0.035	0.171	0.437
sub-103_task-EyeTracking_physio	145	1471.890	1738.557	266.667	1137.133	686.957	0.130	0.045	0.224	0.435
sub-103_task-EyeTracking_physio	145	1746.891	1971.891	225.000	1139.770	664.835	0.103	0.040	0.235	0.295
sub-103_task-EyeTracking_physio	145	1988.562	2388.572	400.010	1106.165	665.560	0.087	0.032	0.204	0.364
sub-103_task-EyeTracking_physio	145	2405.238	2671.920	266.682	1106.835	725.283	0.141	0.038	0.201	0.541
sub-103_task-EyeTracking_physio	145	2688.586	2971.925	283.339	1098.463	774.928	0.099	0.033	0.190	0.394
sub-103_task-EyeTracking_physio	146	-856.478	-723.138	133.340	1220.900	768.758	0.113	0.025	0.304	0.220
sub-103_task-EyeTracking_physio	146	-189.792	318.553	508.345	1271.335	730.890	0.085	0.024	0.214	0.306
sub-103_task-EyeTracking_physio	146	343.552	660.225	316.673	1312.245	742.585	0.105	0.029	0.253	0.342
sub-103_task-EyeTracking_physio	146	685.225	885.232	200.007	1406.368	762.065	0.109	0.030	0.213	0.348
sub-103_task-EyeTracking_physio	146	901.898	1101.904	200.006	1497.497	772.225	0.100	0.030	0.259	0.295
sub-103_task-EyeTracking_physio	146	1118.571	1435.235	316.664	1527.523	735.425	0.088	0.027	0.222	0.271
sub-103_task-EyeTracking_physio	146	1451.910	1793.587	341.677	1495.735	729.030	0.093	0.051	0.345	0.288
sub-103_task-EyeTracking_physio	146	1818.587	2051.927	233.340	1461.675	732.473	0.075	0.029	0.280	0.272
sub-103_task-EyeTracking_physio	146	2068.593	2368.599	300.006	1477.100	733.060	0.068	0.027	0.247	0.263
sub-103_task-EyeTracking_physio	146	2385.266	3001.949	616.683	1501.372	729.775	0.086	0.031	0.260	0.398
sub-103_task-EyeTracking_physio	147	-965.572	-782.239	183.333	1318.910	786.482	0.244	0.182	0.227	1.230
sub-103_task-EyeTracking_physio	147	-765.573	-565.566	200.007	1338.495	746.053	0.104	0.018	0.170	0.232
sub-103_task-EyeTracking_physio	147	-548.892	-265.551	283.341	1355.980	735.440	0.098	0.026	0.223	0.384
sub-103_task-EyeTracking_physio	147	-240.552	-65.548	175.004	1317.040	741.330	0.104	0.031	0.214	0.310
sub-103_task-EyeTracking_physio	147	-48.881	417.795	466.676	1282.018	711.822	0.081	0.056	0.252	0.474
sub-103_task-EyeTracking_physio	147	434.461	559.467	125.006	1324.700	700.835	0.100	0.024	0.216	0.266
sub-103_task-EyeTracking_physio	147	584.467	684.470	100.003	1246.152	667.995	0.089	0.036	0.224	0.280
sub-103_task-EyeTracking_physio	147	709.470	942.812	233.342	1380.365	674.840	0.069	0.022	0.212	0.231
sub-103_task-EyeTracking_physio	147	967.811	1301.154	333.343	1462.735	680.705	0.083	0.024	0.165	0.312
sub-103_task-EyeTracking_physio	147	1317.820	2517.849	1200.029	1436.465	651.868	0.079	0.086	0.555	0.380
sub-103_task-EyeTracking_physio	147	2534.515	2901.192	366.677	1432.512	690.350	0.074	0.026	0.226	0.254
sub-103_task-EyeTracking_physio	148	-1021.884	-813.545	208.339	1334.260	711.015	0.182	0.260	1.358	0.490
sub-103_task-EyeTracking_physio	148	-796.878	-571.873	225.005	1293.015	719.190	0.104	0.036	0.206	0.352
sub-103_task-EyeTracking_physio	148	-130.195	344.817	475.012	1298.570	709.615	0.133	0.095	0.400	0.685
sub-103_task-EyeTracking_physio	148	353.151	536.488	183.337	1319.680	730.852	0.135	0.067	0.288	0.502
sub-103_task-EyeTracking_physio	148	553.154	769.827	216.673	1348.320	752.780	0.083	0.045	0.356	0.274
sub-103_task-EyeTracking_physio	148	786.493	1044.834	258.341	1423.475	794.745	0.097	0.034	0.250	0.346
sub-103_task-EyeTracking_physio	148	1061.501	1353.175	291.674	1448.465	803.560	0.079	0.040	0.267	0.309
sub-103_task-EyeTracking_physio	148	1369.842	1586.512	216.670	1533.148	832.605	0.113	0.033	0.328	0.268
sub-103_task-EyeTracking_physio	148	1603.178	1936.521	333.343	1577.697	843.080	0.085	0.038	0.233	0.350
sub-103_task-EyeTracking_physio	148	1961.521	2169.862	208.341	1478.855	841.100	0.153	0.054	0.249	0.484
sub-103_task-EyeTracking_physio	148	2186.528	2369.864	183.336	1412.735	810.092	0.150	0.042	0.236	0.405
sub-103_task-EyeTracking_physio	148	2394.863	2619.863	225.000	1339.105	792.880	0.133	0.029	0.160	0.377
sub-103_task-EyeTracking_physio	148	2644.862	2836.545	191.683	1286.755	786.550	0.121	0.025	0.139	0.298
sub-103_task-EyeTracking_physio	148	2861.545	3003.214	141.669	1181.950	816.100	0.133	0.049	0.176	0.449
sub-103_task-EyeTracking_physio	149	-1091.174	-924.509	166.665	1300.420	729.955	0.282	0.084	0.137	0.943
sub-103_task-EyeTracking_physio	149	-32.818	242.181	274.999	1301.180	693.605	0.178	0.082	0.193	1.042
sub-103_task-EyeTracking_physio	149	417.196	708.863	291.667	1375.485	718.600	0.407	0.159	0.355	2.055
sub-103_task-EyeTracking_physio	149	733.861	900.534	166.673	1419.705	703.065	0.106	0.051	0.402	0.292
sub-103_task-EyeTracking_physio	149	925.534	1158.871	233.337	1448.560	775.212	0.104	0.025	0.153	0.344
sub-103_task-EyeTracking_physio	149	1175.541	1525.547	350.006	1489.572	801.648	0.122	0.060	0.343	0.376
sub-103_task-EyeTracking_physio	149	1700.555	2083.895	383.340	1504.400	786.237	0.110	0.070	0.251	0.656
sub-103_task-EyeTracking_physio	149	2100.561	2292.233	191.672	1474.715	799.305	0.105	0.059	0.297	0.335
sub-103_task-EyeTracking_physio	149	2475.581	2675.584	200.003	1481.280	806.362	0.140	0.103	0.426	0.556
sub-103_task-EyeTracking_physio	150	-1157.454	-957.450	200.004	1415.520	793.178	0.122	0.052	0.245	0.607
sub-103_task-EyeTracking_physio	150	-932.450	-715.779	216.671	1315.447	763.195	0.099	0.024	0.215	0.197
sub-103_task-EyeTracking_physio	150	-699.112	-532.440	166.672	1272.305	729.212	0.112	0.027	0.194	0.247
sub-103_task-EyeTracking_physio	150	-515.774	-232.439	283.335	1288.335	718.222	0.145	0.052	0.223	0.548
sub-103_task-EyeTracking_physio	150	-215.773	-115.760	100.013	1258.115	1108.350	4.124	8.906	1.251	5.564
sub-103_task-EyeTracking_physio	150	-99.094	392.573	491.667	1297.125	743.260	0.175	0.093	0.295	0.852
sub-103_task-EyeTracking_physio	150	409.245	617.579	208.334	1319.215	736.315	0.088	0.016	0.137	0.256
sub-103_task-EyeTracking_physio	150	634.246	900.920	266.674	1333.682	714.905	0.099	0.022	0.160	0.330
sub-103_task-EyeTracking_physio	150	917.587	1100.927	183.340	1290.860	731.447	0.107	0.033	0.229	0.335
sub-103_task-EyeTracking_physio	150	1117.593	1400.933	283.340	1285.528	762.850	0.134	0.029	0.238	0.330
sub-103_task-EyeTracking_physio	150	1417.607	1600.940	183.333	1245.327	760.855	0.124	0.025	0.176	0.262
sub-103_task-EyeTracking_physio	150	1617.607	1817.609	200.002	1214.097	746.158	0.147	0.036	0.182	0.354
sub-103_task-EyeTracking_physio	150	1834.275	2050.948	216.673	1237.055	716.710	0.137	0.033	0.240	0.337
sub-103_task-EyeTracking_physio	150	2067.614	2250.956	183.342	1279.602	715.738	0.138	0.049	0.255	0.283
sub-103_task-EyeTracking_physio	150	2267.623	2484.291	216.668	1170.488	715.572	0.113	0.043	0.339	0.324
sub-103_task-EyeTracking_physio	150	2500.956	2667.631	166.675	1130.612	729.562	0.120	0.050	0.283	0.388
sub-103_task-EyeTracking_physio	150	2684.298	2892.635	208.337	1123.330	704.890	0.097	0.029	0.188	0.277
sub-103_task-EyeTracking_physio	151	-1387.202	-1245.533	141.669	1212.920	743.305	0.100	0.022	0.135	0.267
sub-103_task-EyeTracking_physio	151	-1220.533	-928.862	291.671	1265.690	723.270	0.107	0.042	0.296	0.358
sub-103_task-EyeTracking_physio	151	-912.196	454.508	1366.704	1285.490	710.115	0.100	0.132	0.694	0.578
sub-103_task-EyeTracking_physio	151	479.507	871.183	391.676	1279.550	804.025	0.144	0.118	0.381	0.984
sub-103_task-EyeTracking_physio	151	1087.848	1296.193	208.345	1222.770	835.615	0.146	0.052	0.203	0.474
sub-103_task-EyeTracking_physio	151	1312.859	1554.532	241.673	1157.825	805.975	0.115	0.039	0.233	0.397
sub-103_task-EyeTracking_physio	151	1596.197	1737.867	141.670	1313.235	1490.925	0.243	0.205	0.503	0.906
sub-103_task-EyeTracking_physio	151	1754.539	1946.208	191.669	1331.780	1612.640	0.183	0.090	0.418	0.442
sub-103_task-EyeTracking_physio	151	1971.207	2096.209	125.002	819.005	1652.260	0.570	0.788	1.136	1.537
sub-103_task-EyeTracking_physio	151	2287.883	2462.885	175.002	1282.020	868.410	0.213	0.102	0.220	0.944
sub-103_task-EyeTracking_physio	151	2504.551	2954.564	450.013	-172.885	1458.390	6.248	106.614	26.764	8.031
sub-103_task-EyeTracking_physio	152	-1403.881	-1195.555	208.326	1223.430	787.990	0.132	0.055	0.273	0.354
sub-103_task-EyeTracking_physio	152	-1178.885	-1003.880	175.005	1281.435	771.425	0.097	0.024	0.192	0.228
sub-103_task-EyeTracking_physio	152	-687.211	-470.534	216.677	1256.985	728.300	0.116	0.043	0.155	0.602
sub-103_task-EyeTracking_physio	152	-287.191	-53.851	233.340	1291.713	726.440	0.208	0.088	0.326	0.916
sub-103_task-EyeTracking_physio	152	-37.184	254.489	291.673	1291.365	758.960	0.198	0.059	0.206	0.701
sub-103_task-EyeTracking_physio	152	271.161	454.497	183.336	1343.838	760.668	0.168	0.060	0.266	0.503
sub-103_task-EyeTracking_physio	152	471.163	771.158	299.995	1369.300	714.225	0.118	0.043	0.299	0.377
sub-103_task-EyeTracking_physio	152	787.837	1004.507	216.670	1379.530	776.013	0.095	0.037	0.212	0.336
sub-103_task-EyeTracking_physio	152	1021.174	1354.516	333.342	1385.003	813.325	0.073	0.025	0.195	0.314
sub-103_task-EyeTracking_physio	152	1379.516	1621.190	241.674	1386.470	690.415	0.107	0.036	0.293	0.317
sub-103_task-EyeTracking_physio	152	1637.857	2004.534	366.677	1371.348	669.707	0.091	0.031	0.212	0.359
sub-103_task-EyeTracking_physio	152	2029.534	2237.873	208.339	1385.230	792.325	0.103	0.024	0.160	0.327
sub-103_task-EyeTracking_physio	152	2254.540	2537.880	283.340	1385.928	820.805	0.081	0.017	0.145	0.297
sub-103_task-EyeTracking_physio	152	2546.213	2804.553	258.340	1390.080	838.305	0.128	0.036	0.456	0.229
sub-103_task-EyeTracking_physio	152	2821.220	3004.557	183.337	1403.235	859.727	0.105	0.026	0.228	0.205
sub-103_task-EyeTracking_physio	153	-958.922	-792.247	166.675	1279.868	781.220	0.103	0.062	0.156	0.538
sub-103_task-EyeTracking_physio	153	-775.580	-517.240	258.340	1295.175	746.450	0.140	0.065	0.305	0.551
sub-103_task-EyeTracking_physio	153	-500.574	-258.901	241.673	1275.880	741.645	0.156	0.065	0.279	0.494
sub-103_task-EyeTracking_physio	153	-250.568	-17.234	233.334	1285.195	722.665	0.158	0.039	0.231	0.349
sub-103_task-EyeTracking_physio	153	-0.561	407.782	408.343	1304.510	751.565	0.111	0.053	0.313	0.388
sub-103_task-EyeTracking_physio	153	424.447	616.117	191.670	1277.625	739.855	0.086	0.022	0.215	0.199
sub-103_task-EyeTracking_physio	153	641.116	891.121	250.005	1177.557	758.668	0.097	0.036	0.255	0.362
sub-103_task-EyeTracking_physio	153	907.798	1116.130	208.332	1135.785	779.995	0.091	0.032	0.171	0.347
sub-103_task-EyeTracking_physio	153	1141.129	1424.468	283.339	1066.560	810.763	0.076	0.028	0.167	0.368
sub-103_task-EyeTracking_physio	153	1441.141	1691.144	250.003	1040.835	841.862	0.098	0.065	0.333	0.514
sub-103_task-EyeTracking_physio	153	1699.477	1957.819	258.342	1055.790	883.765	0.151	0.075	0.329	0.703
sub-103_task-EyeTracking_physio	153	1982.818	2199.487	216.669	1127.745	882.442	0.194	0.061	0.308	0.431
sub-103_task-EyeTracking_physio	153	2216.159	2449.496	233.337	1208.628	829.827	0.107	0.034	0.225	0.401
sub-103_task-EyeTracking_physio	153	2557.832	2824.505	266.673	1201.780	776.047	0.096	0.025	0.173	0.346
sub-103_task-EyeTracking_physio	153	2857.837	2999.509	141.672	1321.065	829.100	0.111	0.019	0.168	0.218
sub-103_task-EyeTracking_physio	154	-578.126	-469.789	108.337	1264.775	773.965	0.206	0.190	0.507	0.876
sub-103_task-EyeTracking_physio	154	-319.787	38.558	358.345	1284.945	749.845	0.132	0.097	0.230	1.136
sub-103_task-EyeTracking_physio	154	46.892	280.229	233.337	1272.050	728.160	0.107	0.035	0.222	0.324
sub-103_task-EyeTracking_physio	154	305.233	488.565	183.332	1283.640	774.392	0.153	0.029	0.189	0.308
sub-103_task-EyeTracking_physio	154	505.232	738.574	233.342	1331.362	815.842	0.114	0.053	0.270	0.361
sub-103_task-EyeTracking_physio	154	763.574	980.247	216.673	1414.693	839.260	0.110	0.031	0.192	0.362
sub-103_task-EyeTracking_physio	154	996.913	1455.257	458.344	1459.070	837.990	0.205	0.117	0.406	0.743
sub-103_task-EyeTracking_physio	154	1471.926	1705.263	233.337	1415.423	824.482	0.116	0.034	0.259	0.344
sub-103_task-EyeTracking_physio	154	1730.268	1971.935	241.667	1358.680	815.305	0.083	0.025	0.139	0.391
sub-103_task-EyeTracking_physio	154	1996.940	2255.280	258.340	1288.690	812.845	0.169	0.045	0.218	0.695
sub-103_task-EyeTracking_physio	154	2271.947	2580.285	308.338	1215.320	783.285	0.084	0.030	0.282	0.234
sub-103_task-EyeTracking_physio	154	2596.951	2780.292	183.341	1184.688	790.908	0.087	0.020	0.144	0.279
sub-103_task-EyeTracking_physio	155	-6702.831	-6586.162	116.669	1268.195	744.895	0.147	0.034	0.130	0.552
sub-103_task-EyeTracking_physio	155	-5661.142	-5011.124	650.018	1273.165	769.410	0.127	0.186	0.563	0.863
sub-103_task-EyeTracking_physio	155	-4994.457	-4777.785	216.672	1284.290	765.053	0.114	0.040	0.331	0.286
sub-103_task-EyeTracking_physio	155	-4769.451	-4277.776	491.675	1281.565	744.165	0.099	0.053	0.258	0.528
sub-103_task-EyeTracking_physio	155	-3219.425	-3002.744	216.681	1249.968	930.398	0.289	0.145	0.350	1.000
sub-103_task-EyeTracking_physio	155	-1761.045	-1586.043	175.002	1344.175	769.350	0.134	0.039	0.183	0.447
sub-103_task-EyeTracking_physio	155	-1569.376	-1377.701	191.675	1271.660	744.395	0.137	0.053	0.347	0.355
sub-103_task-EyeTracking_physio	155	-1219.368	-494.352	725.016	1287.455	706.755	0.177	0.066	0.373	0.545
sub-103_task-EyeTracking_physio	155	-311.017	247.336	558.353	1290.055	699.910	0.185	0.049	0.244	0.627
sub-103_task-EyeTracking_physio	155	272.336	530.674	258.338	1338.425	718.580	0.135	0.056	0.286	0.529
sub-103_task-EyeTracking_physio	155	555.674	797.348	241.674	1389.840	714.530	0.103	0.033	0.213	0.357
sub-103_task-EyeTracking_physio	155	822.348	1039.014	216.666	1515.412	706.923	0.157	0.031	0.178	0.385
sub-103_task-EyeTracking_physio	155	1055.681	1339.020	283.339	1620.233	722.987	0.119	0.044	0.395	0.242
sub-103_task-EyeTracking_physio	155	1364.021	1605.693	241.672	1665.075	731.290	0.168	0.053	0.310	0.425
sub-103_task-EyeTracking_physio	155	1630.693	1955.705	325.012	1591.410	731.895	0.180	0.066	0.344	0.389
sub-103_task-EyeTracking_physio	155	1980.704	2222.384	241.680	1532.355	738.865	0.112	0.030	0.212	0.353
sub-103_task-EyeTracking_physio	155	2247.385	2514.049	266.664	1449.320	734.832	0.118	0.033	0.203	0.402
sub-103_task-EyeTracking_physio	155	2530.716	2755.723	225.007	1373.070	718.330	0.128	0.048	0.236	0.328
sub-103_task-EyeTracking_physio	155	2780.723	2997.404	216.681	1274.908	696.973	0.149	0.047	0.277	0.323
sub-103_task-EyeTracking_physio	156	-1171.840	-988.501	183.339	1288.673	719.585	0.150	0.107	0.310	0.665
sub-103_task-EyeTracking_physio	156	-771.828	-313.484	458.344	1290.305	709.375	0.163	0.070	0.177	1.218
sub-103_task-EyeTracking_physio	156	-296.817	-121.813	175.004	1270.200	701.105	0.089	0.021	0.134	0.364
sub-103_task-EyeTracking_physio	156	-96.814	428.200	525.014	1297.475	700.180	0.123	0.079	0.441	0.541
sub-103_task-EyeTracking_physio	156	453.200	736.544	283.344	1383.273	695.095	0.097	0.028	0.349	0.245
sub-103_task-EyeTracking_physio	156	753.211	986.551	233.340	1409.098	686.688	0.102	0.040	0.253	0.360
sub-103_task-EyeTracking_physio	156	1003.217	1203.219	200.002	1379.298	681.325	0.077	0.019	0.153	0.273
sub-103_task-EyeTracking_physio	156	1228.217	1436.559	208.342	1260.655	661.215	0.096	0.034	0.225	0.277
sub-103_task-EyeTracking_physio	156	1453.226	2044.910	591.684	1241.065	667.835	0.113	0.037	0.279	0.377
sub-103_task-EyeTracking_physio	156	2069.910	2286.576	216.666	1287.688	670.060	0.112	0.023	0.125	0.308
sub-103_task-EyeTracking_physio	156	2311.582	3003.263	691.681	1375.250	685.845	0.110	0.068	0.398	0.467
sub-103_task-EyeTracking_physio	157	-1068.444	-576.761	491.683	1296.605	736.725	0.124	0.054	0.302	0.460
sub-103_task-EyeTracking_physio	157	-543.429	-393.428	150.001	1317.173	723.812	0.092	0.022	0.251	0.202
sub-103_task-EyeTracking_physio	157	-376.762	-160.089	216.673	1278.632	716.330	0.124	0.026	0.157	0.360
sub-103_task-EyeTracking_physio	157	-151.756	506.593	658.349	1300.100	717.395	0.124	0.058	0.262	0.563
sub-103_task-EyeTracking_physio	157	523.260	789.932	266.672	1261.360	748.003	0.096	0.021	0.179	0.238
sub-103_task-EyeTracking_physio	157	806.600	1073.273	266.673	1232.050	788.942	0.122	0.043	0.206	0.353
sub-103_task-EyeTracking_physio	157	1089.938	1306.609	216.671	1180.650	792.777	0.114	0.090	0.337	0.456
sub-103_task-EyeTracking_physio	157	1331.609	1523.284	191.675	1189.265	745.765	0.101	0.045	0.231	0.343
sub-103_task-EyeTracking_physio	157	1548.283	1756.620	208.337	1265.180	706.035	0.081	0.029	0.112	0.378
sub-103_task-EyeTracking_physio	157	1773.287	1981.627	208.340	1329.285	683.445	0.065	0.017	0.137	0.254
sub-103_task-EyeTracking_physio	157	1998.293	2198.302	200.009	1390.403	699.688	0.084	0.032	0.251	0.227
sub-103_task-EyeTracking_physio	157	2214.969	2456.639	241.670	1468.400	729.370	0.122	0.053	0.323	0.403
sub-103_task-EyeTracking_physio	157	2473.306	2739.979	266.673	1496.765	809.998	0.099	0.035	0.272	0.328
sub-103_task-EyeTracking_physio	157	2756.644	2998.310	241.666	1488.495	841.965	0.100	0.044	0.315	0.432
sub-103_task-EyeTracking_physio	158	-705.639	-505.631	200.008	1366.113	802.555	0.083	0.029	0.304	0.308
sub-103_task-EyeTracking_physio	158	-105.623	319.386	425.009	1302.395	744.860	0.108	0.104	0.446	0.871
sub-103_task-EyeTracking_physio	158	344.386	569.391	225.005	1268.120	755.840	0.094	0.026	0.163	0.373
sub-103_task-EyeTracking_physio	158	586.058	836.065	250.007	1245.283	743.628	0.075	0.029	0.244	0.286
sub-103_task-EyeTracking_physio	158	861.065	1069.404	208.339	1154.660	753.150	0.092	0.042	0.367	0.251
sub-103_task-EyeTracking_physio	158	1094.405	1369.411	275.006	1082.195	747.930	0.079	0.022	0.258	0.247
sub-103_task-EyeTracking_physio	158	1427.748	1611.084	183.336	1238.935	755.102	0.083	0.022	0.201	0.277
sub-103_task-EyeTracking_physio	158	1661.084	2311.099	650.015	1279.568	741.322	0.077	0.019	0.244	0.277
sub-103_task-EyeTracking_physio	158	2327.766	2702.777	375.011	1298.385	768.610	0.071	0.036	0.273	0.361
sub-103_task-EyeTracking_physio	158	2719.445	2927.783	208.338	1299.375	800.325	0.097	0.051	0.279	0.412
sub-103_task-EyeTracking_physio	159	-169.757	13.582	183.339	1292.130	749.225	0.181	0.073	0.215	0.721
sub-103_task-EyeTracking_physio	159	30.249	396.928	366.679	1269.218	761.105	0.122	0.041	0.233	0.472
sub-103_task-EyeTracking_physio	159	421.919	663.595	241.676	1207.795	770.130	0.148	0.044	0.261	0.419
sub-103_task-EyeTracking_physio	159	680.261	980.273	300.012	1136.055	770.697	0.145	0.064	0.276	0.490
sub-103_task-EyeTracking_physio	159	996.940	1313.618	316.678	1088.072	766.957	0.159	0.065	0.354	0.402
sub-103_task-EyeTracking_physio	159	1330.284	1580.289	250.005	1152.840	755.612	0.260	0.073	0.268	0.582
sub-103_task-EyeTracking_physio	159	1596.956	1780.293	183.337	1217.420	752.760	0.127	0.050	0.261	0.402
sub-103_task-EyeTracking_physio	159	1796.960	2030.296	233.336	1271.202	757.960	0.179	0.049	0.253	0.431
sub-103_task-EyeTracking_physio	159	2055.296	2630.316	575.020	1324.435	758.470	0.114	0.042	0.241	0.432
sub-103_task-EyeTracking_physio	159	2655.316	3005.324	350.008	1345.685	778.023	0.107	0.048	0.285	0.433
sub-103_task-EyeTracking_physio	160	-1358.053	-1199.716	158.337	1312.070	776.450	0.232	0.141	0.249	1.012
sub-103_task-EyeTracking_physio	160	-1041.383	-874.711	166.672	1314.298	783.928	0.220	0.188	0.266	1.045
sub-103_task-EyeTracking_physio	160	-858.044	-591.367	266.677	1280.848	771.675	0.095	0.036	0.207	0.335
sub-103_task-EyeTracking_physio	160	-566.368	-416.364	150.004	1268.883	1115.835	4.724	14.313	2.134	10.496
sub-103_task-EyeTracking_physio	160	-374.698	325.324	700.022	1281.135	709.808	0.115	0.059	0.276	0.685
sub-103_task-EyeTracking_physio	160	333.656	625.329	291.673	1268.210	666.600	0.095	0.033	0.332	0.245
sub-103_task-EyeTracking_physio	160	641.996	833.665	191.669	1213.570	676.180	0.117	0.017	0.114	0.358
sub-103_task-EyeTracking_physio	160	858.669	1142.009	283.340	1119.720	692.753	0.088	0.027	0.204	0.312
sub-103_task-EyeTracking_physio	160	1158.675	1400.348	241.673	1069.985	699.535	0.106	0.042	0.266	0.334
sub-103_task-EyeTracking_physio	160	1425.347	1675.355	250.008	976.283	723.453	0.080	0.029	0.218	0.306
sub-103_task-EyeTracking_physio	160	1683.688	1933.695	250.007	936.537	731.280	0.077	0.023	0.165	0.337
sub-103_task-EyeTracking_physio	160	1950.363	2167.034	216.671	989.000	719.353	0.086	0.027	0.226	0.237
sub-103_task-EyeTracking_physio	160	2200.367	2400.368	200.001	1110.535	711.190	0.074	0.024	0.159	0.368
sub-103_task-EyeTracking_physio	160	2433.710	2642.043	208.333	1232.885	699.830	0.082	0.027	0.190	0.284
sub-103_task-EyeTracking_physio	160	2667.043	2883.715	216.672	1335.327	686.778	0.081	0.024	0.321	0.190
sub-103_task-EyeTracking_physio	160	2900.381	3000.386	100.005	1411.325	697.795	0.113	0.020	0.298	0.126
sub-103_task-EyeTracking_physio	161	-115.576	84.428	200.004	1300.670	729.488	0.160	0.080	0.231	0.734
sub-103_task-EyeTracking_physio	161	101.094	534.442	433.348	1263.883	728.325	0.108	0.036	0.243	0.328
sub-103_task-EyeTracking_physio	161	542.776	809.448	266.672	1289.675	737.390	0.115	0.041	0.224	0.406
sub-103_task-EyeTracking_physio	161	826.113	992.784	166.671	1350.020	736.587	0.105	0.045	0.317	0.356
sub-103_task-EyeTracking_physio	161	1001.117	1292.787	291.670	1399.085	734.370	0.111	0.064	0.351	0.458
sub-103_task-EyeTracking_physio	161	1309.460	1542.796	233.336	1453.580	757.082	0.087	0.037	0.225	0.315
sub-103_task-EyeTracking_physio	161	1559.463	1884.472	325.009	1490.480	779.465	0.084	0.037	0.270	0.351
sub-103_task-EyeTracking_physio	161	1909.471	2109.480	200.009	1532.670	825.987	0.078	0.030	0.231	0.303
sub-103_task-EyeTracking_physio	161	2492.822	2734.493	241.671	1380.420	799.740	0.067	0.036	0.233	0.260
sub-103_task-EyeTracking_physio	161	2751.162	2951.166	200.004	1329.020	775.975	0.098	0.051	0.274	0.363
sub-103_task-EyeTracking_physio	162	-1164.549	-956.211	208.338	1246.285	755.010	0.082	0.025	0.174	0.293
sub-103_task-EyeTracking_physio	162	-939.545	-639.539	300.006	1274.805	753.722	0.076	0.037	0.215	0.363
sub-103_task-EyeTracking_physio	162	-622.872	-422.866	200.006	1296.200	731.622	0.170	0.060	0.298	0.435
sub-103_task-EyeTracking_physio	162	-406.200	-172.858	233.342	1266.867	720.243	0.126	0.055	0.238	0.427
sub-103_task-EyeTracking_physio	162	-156.193	277.150	433.343	1286.290	734.043	0.105	0.040	0.223	0.456
sub-103_task-EyeTracking_physio	162	293.817	518.824	225.007	1294.150	759.615	0.100	0.036	0.202	0.411
sub-103_task-EyeTracking_physio	162	543.823	927.164	383.341	1307.267	808.582	0.093	0.050	0.314	0.356
sub-103_task-EyeTracking_physio	162	943.830	1160.503	216.673	1267.798	817.888	0.104	0.043	0.265	0.390
sub-103_task-EyeTracking_physio	162	1185.503	1427.177	241.674	1168.035	808.620	0.080	0.039	0.292	0.301
sub-103_task-EyeTracking_physio	162	1443.844	1643.854	200.010	1068.733	808.903	0.094	0.027	0.199	0.290
sub-103_task-EyeTracking_physio	162	1660.520	1860.522	200.002	1005.158	798.303	0.104	0.034	0.201	0.370
sub-103_task-EyeTracking_physio	162	1877.189	2077.195	200.006	950.473	753.118	0.081	0.038	0.210	0.259
sub-103_task-EyeTracking_physio	162	2093.862	2293.868	200.006	984.360	707.087	0.080	0.022	0.197	0.241
sub-103_task-EyeTracking_physio	162	2318.868	2510.538	191.670	1041.445	645.545	0.074	0.017	0.151	0.221
sub-103_task-EyeTracking_physio	162	2527.205	2760.544	233.339	1138.493	626.540	0.075	0.045	0.309	0.259
sub-103_task-EyeTracking_physio	162	2785.544	2952.230	166.686	1193.205	608.095	0.077	0.032	0.240	0.210
sub-103_task-EyeTracking_physio	163	-275.456	-50.448	225.008	1254.985	712.915	0.127	0.047	0.180	0.652
sub-103_task-EyeTracking_physio	163	-33.782	407.892	441.674	1281.260	714.860	0.091	0.036	0.214	0.457
sub-103_task-EyeTracking_physio	163	416.225	682.898	266.673	1298.202	738.055	0.125	0.052	0.306	0.368
sub-103_task-EyeTracking_physio	163	699.565	957.906	258.341	1251.870	792.000	0.105	0.048	0.262	0.350
sub-103_task-EyeTracking_physio	163	974.575	1224.575	250.000	1205.560	820.527	0.080	0.020	0.264	0.285
sub-103_task-EyeTracking_physio	163	1241.247	1449.583	208.336	1142.940	805.280	0.076	0.020	0.254	0.228
sub-103_task-EyeTracking_physio	163	1474.581	1716.258	241.677	1040.705	787.300	0.101	0.027	0.253	0.290
sub-103_task-EyeTracking_physio	163	1732.923	2007.927	275.004	957.240	800.620	0.105	0.047	0.311	0.514
sub-103_task-EyeTracking_physio	163	2024.600	2324.604	300.004	914.202	836.817	0.121	0.051	0.307	0.396
sub-103_task-EyeTracking_physio	163	2349.603	2582.948	233.345	1084.247	823.737	0.153	0.057	0.276	0.542
sub-103_task-EyeTracking_physio	163	2607.948	2824.620	216.672	1194.763	811.515	0.108	0.024	0.230	0.248
sub-103_task-EyeTracking_physio	163	2849.620	2999.624	150.004	1292.948	813.250	0.092	0.032	0.232	0.270
sub-103_task-EyeTracking_physio	164	-393.487	273.203	666.690	1277.460	726.683	0.118	0.144	0.470	0.844
sub-103_task-EyeTracking_physio	164	289.870	514.877	225.007	1315.330	738.640	0.086	0.027	0.326	0.324
sub-103_task-EyeTracking_physio	164	539.877	714.879	175.002	1401.470	728.870	0.122	0.060	0.259	0.474
sub-103_task-EyeTracking_physio	164	739.878	1006.551	266.673	1540.430	735.338	0.085	0.050	0.364	0.312
sub-103_task-EyeTracking_physio	164	1023.222	1248.226	225.004	1637.155	731.340	0.114	0.032	0.379	0.250
sub-103_task-EyeTracking_physio	164	1273.225	1514.899	241.674	1567.655	722.560	0.092	0.032	0.201	0.377
sub-103_task-EyeTracking_physio	164	1531.565	1814.910	283.345	1515.388	714.930	0.102	0.029	0.217	0.334
sub-103_task-EyeTracking_physio	164	1839.909	2098.248	258.339	1423.195	717.805	0.098	0.040	0.192	0.405
sub-103_task-EyeTracking_physio	164	2131.581	2373.256	241.675	1322.650	729.400	0.087	0.045	0.334	0.303
sub-103_task-EyeTracking_physio	164	2406.590	2598.263	191.673	1218.445	724.945	0.094	0.035	0.244	0.354
sub-103_task-EyeTracking_physio	164	2623.263	2831.599	208.336	1124.060	719.225	0.075	0.018	0.183	0.240
sub-103_task-EyeTracking_physio	164	2848.265	2998.274	150.009	1053.305	733.017	0.087	0.039	0.266	0.285
sub-103_task-EyeTracking_physio	165	-864.054	-730.717	133.337	1207.740	750.175	0.111	0.024	0.242	0.181
sub-103_task-EyeTracking_physio	165	-414.039	-130.700	283.339	1289.227	728.567	0.172	0.064	0.222	0.843
sub-103_task-EyeTracking_physio	165	-122.366	260.976	383.342	1268.030	724.180	0.099	0.065	0.396	0.394
sub-103_task-EyeTracking_physio	165	285.975	469.311	183.336	1291.415	761.905	0.107	0.035	0.189	0.400
sub-103_task-EyeTracking_physio	165	494.311	702.650	208.339	1382.075	761.700	0.082	0.028	0.174	0.318
sub-103_task-EyeTracking_physio	165	727.649	1152.665	425.016	1466.915	779.835	0.098	0.040	0.292	0.437
sub-103_task-EyeTracking_physio	165	1177.665	1936.013	758.348	1441.640	823.505	0.091	0.041	0.425	0.383
sub-103_task-EyeTracking_physio	165	1952.685	2444.360	491.675	1452.390	799.170	0.078	0.019	0.270	0.290
sub-103_task-EyeTracking_physio	165	2611.032	3002.715	391.683	1443.720	787.355	0.090	0.059	0.289	0.601
sub-103_task-EyeTracking_physio	166	-741.247	-557.911	183.336	1285.240	761.535	0.110	0.033	0.286	0.226
sub-103_task-EyeTracking_physio	166	-316.239	283.780	600.019	1278.612	716.360	0.100	0.045	0.219	0.570
sub-103_task-EyeTracking_physio	166	292.111	567.116	275.005	1292.095	745.285	0.127	0.048	0.283	0.524
sub-103_task-EyeTracking_physio	166	583.783	900.458	316.675	1257.910	797.405	0.098	0.049	0.263	0.350
sub-103_task-EyeTracking_physio	166	933.795	1167.135	233.340	1144.733	789.763	0.085	0.031	0.305	0.262
sub-103_task-EyeTracking_physio	166	1183.802	1417.137	233.335	1061.707	784.800	0.088	0.016	0.158	0.248
sub-103_task-EyeTracking_physio	166	1433.809	1758.814	325.005	1086.615	742.810	0.082	0.032	0.306	0.304
sub-103_task-EyeTracking_physio	166	1783.815	2017.153	233.338	1199.588	752.037	0.066	0.022	0.160	0.247
sub-103_task-EyeTracking_physio	166	2042.153	2267.160	225.007	1279.595	749.250	0.082	0.016	0.141	0.242
sub-103_task-EyeTracking_physio	166	2292.160	2517.167	225.007	1409.710	761.705	0.070	0.023	0.185	0.250
sub-103_task-EyeTracking_physio	166	2533.834	2733.837	200.003	1505.910	754.250	0.081	0.012	0.192	0.139
sub-103_task-EyeTracking_physio	166	2750.507	3000.511	250.004	1581.850	756.915	0.103	0.063	0.333	0.417
sub-103_task-EyeTracking_physio	167	-805.119	-655.115	150.004	1378.970	720.640	0.655	0.543	4.880	0.208
sub-103_task-EyeTracking_physio	167	-505.114	-238.438	266.676	1265.483	745.472	0.162	0.112	0.398	0.671
sub-103_task-EyeTracking_physio	167	-221.766	61.573	283.339	1280.875	725.888	0.125	0.034	0.175	0.374
sub-103_task-EyeTracking_physio	167	86.572	369.912	283.340	1281.733	764.872	0.100	0.042	0.219	0.374
sub-103_task-EyeTracking_physio	167	386.578	603.252	216.674	1322.863	772.240	0.090	0.035	0.246	0.308
sub-103_task-EyeTracking_physio	167	628.251	969.930	341.679	1380.600	858.305	0.211	0.058	0.248	0.585
sub-103_task-EyeTracking_physio	167	986.597	1219.936	233.339	1441.980	877.490	0.120	0.040	0.214	0.368
sub-103_task-EyeTracking_physio	167	1236.602	1453.272	216.670	1555.043	896.520	0.114	0.048	0.335	0.353
sub-103_task-EyeTracking_physio	167	1478.273	1903.286	425.013	1636.580	897.945	0.097	0.050	0.240	0.475
sub-103_task-EyeTracking_physio	167	1911.620	2178.292	266.672	1621.098	863.655	0.087	0.024	0.291	0.223
sub-103_task-EyeTracking_physio	167	2194.959	2436.630	241.671	1552.625	845.400	0.098	0.079	0.400	0.462
sub-103_task-EyeTracking_physio	167	2453.297	2678.303	225.006	1463.080	841.715	0.086	0.017	0.168	0.178
sub-103_task-EyeTracking_physio	167	2711.637	2969.979	258.342	1322.995	845.700	0.096	0.041	0.281	0.396
sub-103_task-EyeTracking_physio	168	-391.899	241.451	633.350	1271.755	723.215	0.196	0.047	0.228	0.706
sub-103_task-EyeTracking_physio	168	266.451	491.453	225.002	1243.775	760.350	0.086	0.032	0.175	0.370
sub-103_task-EyeTracking_physio	168	508.123	733.126	225.003	1174.465	781.075	0.089	0.030	0.255	0.268
sub-103_task-EyeTracking_physio	168	749.792	941.467	191.675	1098.305	772.635	0.098	0.020	0.253	0.193
sub-103_task-EyeTracking_physio	168	958.132	1183.139	225.007	1036.175	755.420	0.101	0.039	0.284	0.462
sub-103_task-EyeTracking_physio	168	1199.806	1524.812	325.006	968.780	754.010	0.082	0.031	0.214	0.351
sub-103_task-EyeTracking_physio	168	1549.817	1808.152	258.335	1005.020	741.485	0.086	0.043	0.248	0.313
sub-103_task-EyeTracking_physio	168	1824.823	2058.158	233.335	1028.753	709.280	0.073	0.019	0.201	0.252
sub-103_task-EyeTracking_physio	168	2074.828	2224.831	150.003	1087.947	723.127	0.101	0.019	0.127	0.242
sub-103_task-EyeTracking_physio	168	2241.498	2358.168	116.670	1187.970	1157.380	0.577	0.989	2.153	0.662
sub-103_task-EyeTracking_physio	168	2374.835	2683.174	308.339	1182.245	755.450	0.103	0.036	0.183	0.527
sub-103_task-EyeTracking_physio	169	-462.337	-320.668	141.669	1298.700	738.900	0.122	0.056	0.150	0.664
sub-103_task-EyeTracking_physio	169	-304.002	396.014	700.016	1282.862	719.908	0.137	0.133	0.493	0.701
sub-103_task-EyeTracking_physio	169	412.685	646.020	233.335	1287.418	761.520	0.139	0.036	0.138	0.398
sub-103_task-EyeTracking_physio	169	662.687	1012.698	350.011	1295.472	816.303	0.093	0.026	0.276	0.312
sub-103_task-EyeTracking_physio	169	1029.364	1196.038	166.674	1327.680	883.840	0.254	0.093	0.302	0.749
sub-103_task-EyeTracking_physio	169	1221.038	1404.374	183.336	1403.555	849.967	0.086	0.028	0.252	0.239
sub-103_task-EyeTracking_physio	169	1429.375	1612.713	183.338	1490.035	840.785	0.113	0.058	0.387	0.407
sub-103_task-EyeTracking_physio	169	1629.380	1846.055	216.675	1455.392	757.125	0.078	0.026	0.138	0.320
sub-103_task-EyeTracking_physio	169	1862.721	2529.401	666.680	1427.155	731.645	0.084	0.040	0.312	0.618
sub-103_task-EyeTracking_physio	169	2546.068	2946.082	400.014	1434.257	749.270	0.077	0.021	0.193	0.326
sub-103_task-EyeTracking_physio	170	-466.730	-241.722	225.008	1296.745	771.115	0.172	0.064	0.198	0.653
sub-103_task-EyeTracking_physio	170	-225.056	266.620	491.676	1284.205	711.955	0.114	0.078	0.401	0.521
sub-103_task-EyeTracking_physio	170	291.622	524.959	233.337	1262.997	737.712	0.064	0.025	0.226	0.292
sub-103_task-EyeTracking_physio	170	541.630	824.969	283.339	1228.003	788.168	0.094	0.031	0.249	0.337
sub-103_task-EyeTracking_physio	170	841.636	1166.642	325.006	1190.440	790.945	0.090	0.018	0.293	0.229
sub-103_task-EyeTracking_physio	170	1191.641	1449.983	258.342	1220.730	784.840	0.075	0.025	0.276	0.239
sub-103_task-EyeTracking_physio	170	1474.987	1683.321	208.334	1328.640	800.415	0.084	0.024	0.214	0.267
sub-103_task-EyeTracking_physio	170	1708.321	1891.662	183.341	1423.943	814.817	0.089	0.028	0.277	0.234
sub-103_task-EyeTracking_physio	170	1908.327	2125.001	216.674	1497.220	825.543	0.125	0.040	0.427	0.287
sub-103_task-EyeTracking_physio	170	2141.668	2375.009	233.341	1571.070	832.790	0.099	0.018	0.294	0.243
sub-103_task-EyeTracking_physio	170	2391.676	2650.014	258.338	1628.120	826.380	0.120	0.027	0.317	0.356
sub-103_task-EyeTracking_physio	170	2675.014	2875.017	200.003	1620.507	783.952	0.071	0.019	0.195	0.182
sub-103_task-EyeTracking_physio	170	2900.020	3016.687	116.667	1598.202	725.582	0.051	0.007	0.129	0.136
sub-103_task-EyeTracking_physio	171	-316.524	-33.186	283.338	1289.805	714.120	0.112	0.047	0.233	0.639
sub-103_task-EyeTracking_physio	171	-16.519	441.827	458.346	1273.110	717.890	0.104	0.040	0.223	0.404
sub-103_task-EyeTracking_physio	171	458.494	708.500	250.006	1237.918	716.690	0.182	0.089	0.394	0.759
sub-103_task-EyeTracking_physio	171	733.500	991.840	258.340	1195.975	700.325	0.091	0.034	0.261	0.292
sub-103_task-EyeTracking_physio	171	1000.173	1283.511	283.338	1176.975	696.777	0.112	0.042	0.379	0.302
sub-103_task-EyeTracking_physio	171	1300.178	1541.852	241.674	1226.260	691.940	0.087	0.018	0.178	0.210
sub-103_task-EyeTracking_physio	171	1558.519	1850.189	291.670	1278.450	691.315	0.077	0.017	0.189	0.237
sub-103_task-EyeTracking_physio	171	1866.856	2133.530	266.674	1292.702	684.040	0.070	0.014	0.157	0.193
sub-103_task-EyeTracking_physio	171	2158.535	2466.873	308.338	1268.160	683.455	0.058	0.016	0.203	0.209
sub-103_task-EyeTracking_physio	171	2483.538	2750.214	266.676	1238.773	695.035	0.084	0.020	0.181	0.359
sub-103_task-EyeTracking_physio	171	2775.214	2966.890	191.676	1179.000	727.110	0.081	0.018	0.192	0.247
sub-103_task-EyeTracking_physio	172	-766.498	-599.829	166.669	1250.705	723.100	0.391	0.361	2.983	0.160
sub-103_task-EyeTracking_physio	172	-391.488	-216.484	175.004	1297.990	709.170	0.109	0.051	0.168	0.486
sub-103_task-EyeTracking_physio	172	-208.151	250.195	458.346	1275.735	708.790	0.090	0.031	0.177	0.356
sub-103_task-EyeTracking_physio	172	266.862	500.202	233.340	1297.705	733.225	0.091	0.016	0.127	0.283
sub-103_task-EyeTracking_physio	172	516.869	750.201	233.332	1360.902	781.265	0.087	0.023	0.195	0.272
sub-103_task-EyeTracking_physio	172	766.873	1108.547	341.674	1412.685	784.840	0.081	0.030	0.188	0.352
sub-103_task-EyeTracking_physio	172	1125.213	1408.554	283.341	1372.785	764.297	0.083	0.021	0.262	0.237
sub-103_task-EyeTracking_physio	172	1425.224	1641.894	216.670	1324.610	757.050	0.069	0.026	0.283	0.238
sub-103_task-EyeTracking_physio	172	1666.893	1891.901	225.008	1239.470	755.825	0.081	0.019	0.148	0.253
sub-103_task-EyeTracking_physio	172	1916.900	2183.573	266.673	1185.052	754.620	0.073	0.019	0.180	0.328
sub-103_task-EyeTracking_physio	172	2208.575	2458.578	250.003	1140.767	762.633	0.068	0.009	0.147	0.158
sub-103_task-EyeTracking_physio	172	2466.917	2758.589	291.672	1165.980	761.620	0.083	0.018	0.143	0.193
sub-103_task-EyeTracking_physio	172	2791.922	3000.268	208.346	1276.285	760.360	0.091	0.022	0.251	0.212
sub-103_task-EyeTracking_physio	173	-508.072	-299.734	208.338	1286.920	740.830	0.066	0.024	0.216	0.248
sub-103_task-EyeTracking_physio	173	-283.069	83.611	366.680	1278.710	717.192	0.070	0.014	0.143	0.247
sub-103_task-EyeTracking_physio	173	100.277	316.946	216.669	1294.055	738.550	0.096	0.033	0.247	0.367
sub-103_task-EyeTracking_physio	173	333.617	508.620	175.003	1295.275	766.820	0.101	0.048	0.268	0.354
sub-103_task-EyeTracking_physio	173	716.955	966.962	250.007	1375.628	796.548	0.096	0.042	0.241	0.387
sub-103_task-EyeTracking_physio	173	991.966	1283.641	291.675	1433.500	773.910	0.074	0.033	0.199	0.417
sub-103_task-EyeTracking_physio	173	1300.307	1575.313	275.006	1473.425	771.880	0.079	0.032	0.230	0.290
sub-103_task-EyeTracking_physio	173	1591.978	1891.986	300.008	1507.213	778.085	0.098	0.049	0.337	0.371
sub-103_task-EyeTracking_physio	173	1916.988	2300.332	383.344	1457.245	776.357	0.072	0.036	0.214	0.318
sub-103_task-EyeTracking_physio	173	2316.998	2667.003	350.005	1409.335	771.035	0.066	0.021	0.147	0.256
sub-103_task-EyeTracking_physio	173	2700.341	2958.680	258.339	1298.050	759.680	0.065	0.016	0.185	0.194
sub-103_task-EyeTracking_physio	174	-391.868	-125.185	266.683	1273.178	709.543	0.099	0.039	0.197	0.521
sub-103_task-EyeTracking_physio	174	-108.520	66.486	175.006	1289.425	745.335	0.104	0.027	0.198	0.237
sub-103_task-EyeTracking_physio	174	74.818	349.825	275.007	1293.190	776.515	0.104	0.029	0.157	0.436
sub-103_task-EyeTracking_physio	174	366.493	633.155	266.662	1312.862	817.638	0.100	0.044	0.233	0.404
sub-103_task-EyeTracking_physio	174	641.488	1033.175	391.687	1321.955	848.205	0.095	0.049	0.299	0.360
sub-103_task-EyeTracking_physio	174	1041.508	1191.508	150.000	1287.928	840.820	0.102	0.042	0.232	0.329
sub-103_task-EyeTracking_physio	174	1224.841	1416.516	191.675	1216.530	828.060	0.068	0.011	0.129	0.226
sub-103_task-EyeTracking_physio	174	1433.182	1666.522	233.340	1125.532	832.608	0.131	0.052	0.382	0.361
sub-103_task-EyeTracking_physio	174	1683.188	1949.861	266.673	1050.037	845.023	0.100	0.027	0.172	0.352
sub-103_task-EyeTracking_physio	174	1958.194	2174.866	216.672	1030.783	866.915	0.097	0.036	0.201	0.355
sub-103_task-EyeTracking_physio	174	2199.866	2399.868	200.002	1183.500	850.248	0.181	0.089	0.459	0.696
sub-103_task-EyeTracking_physio	174	2424.873	2633.209	208.336	1343.935	834.915	0.180	0.033	0.134	0.531
sub-103_task-EyeTracking_physio	174	2658.207	2916.547	258.340	1451.570	843.255	0.078	0.016	0.175	0.223
sub-103_task-EyeTracking_physio	175	-1147.929	-456.247	691.682	1284.710	777.505	0.206	0.250	0.646	1.144
sub-103_task-EyeTracking_physio	175	-297.909	-181.242	116.667	1283.243	749.695	0.176	0.103	0.235	0.714
sub-103_task-EyeTracking_physio	175	-172.909	218.767	391.676	1276.320	717.625	0.102	0.135	0.406	0.580
sub-103_task-EyeTracking_physio	175	235.433	468.775	233.342	1275.005	760.278	0.075	0.018	0.169	0.242
sub-103_task-EyeTracking_physio	175	485.441	710.447	225.006	1304.390	812.055	0.138	0.034	0.229	0.357
sub-103_task-EyeTracking_physio	175	727.114	952.122	225.008	1352.070	834.295	0.113	0.044	0.197	0.516
sub-103_task-EyeTracking_physio	175	977.122	1227.129	250.007	1431.537	845.640	0.084	0.013	0.189	0.207
sub-103_task-EyeTracking_physio	175	1243.795	1543.801	300.006	1498.443	840.040	0.101	0.047	0.351	0.327
sub-103_task-EyeTracking_physio	175	1752.133	1918.802	166.669	1493.102	815.498	0.182	0.097	0.342	0.716
sub-103_task-EyeTracking_physio	175	2102.146	2318.813	216.667	1482.323	795.763	0.127	0.080	0.317	0.599
sub-103_task-EyeTracking_physio	175	2335.478	2535.485	200.007	1569.995	764.680	0.140	0.044	0.316	0.373
sub-103_task-EyeTracking_physio	175	2552.151	2768.823	216.672	1618.322	751.382	0.090	0.040	0.215	0.341
sub-103_task-EyeTracking_physio	175	2785.490	2993.829	208.339	1706.730	793.290	0.106	0.038	0.219	0.368
sub-103_task-EyeTracking_physio	176	-1021.659	-771.652	250.007	1333.045	749.975	0.117	0.054	0.301	0.505
sub-103_task-EyeTracking_physio	176	-529.972	-363.311	166.661	1340.303	744.510	0.187	0.033	0.104	0.716
sub-103_task-EyeTracking_physio	176	-346.645	445.041	791.686	1277.875	731.590	0.142	0.049	0.268	0.587
sub-103_task-EyeTracking_physio	176	461.707	686.723	225.016	1234.835	778.760	0.121	0.035	0.218	0.412
sub-103_task-EyeTracking_physio	176	711.722	903.394	191.672	1147.800	806.240	0.125	0.024	0.211	0.282
sub-103_task-EyeTracking_physio	176	936.727	1261.733	325.006	1048.490	821.545	0.169	0.051	0.325	0.524
sub-103_task-EyeTracking_physio	176	1278.399	1595.075	316.676	1017.522	844.503	0.112	0.029	0.195	0.352
sub-103_task-EyeTracking_physio	176	1611.742	1828.414	216.672	1050.827	824.790	0.093	0.031	0.202	0.387
sub-103_task-EyeTracking_physio	176	1853.414	2045.085	191.671	1117.985	808.070	0.148	0.034	0.176	0.407
sub-103_task-EyeTracking_physio	176	2070.087	2236.760	166.673	1220.533	789.560	0.094	0.047	0.203	0.350
sub-103_task-EyeTracking_physio	176	2261.760	2470.094	208.334	1351.235	789.375	0.087	0.036	0.282	0.295
sub-103_task-EyeTracking_physio	176	2495.100	2728.434	233.334	1418.980	837.760	0.116	0.034	0.229	0.306
sub-103_task-EyeTracking_physio	176	2745.107	3003.444	258.337	1493.800	875.125	0.107	0.038	0.253	0.314
sub-103_task-EyeTracking_physio	177	-10694.802	-10553.132	141.670	1354.265	843.830	0.111	0.037	0.210	0.350
sub-103_task-EyeTracking_physio	177	-9844.778	-9628.108	216.670	1248.087	882.357	0.462	0.207	0.425	1.548
sub-103_task-EyeTracking_physio	177	-1594.579	-1444.574	150.005	1271.175	728.357	0.131	0.035	0.213	0.323
sub-103_task-EyeTracking_physio	177	-886.230	-677.889	208.341	1271.670	791.395	0.148	0.040	0.249	0.487
sub-103_task-EyeTracking_physio	177	-461.220	280.469	741.689	1281.570	714.490	0.177	0.105	0.518	0.825
sub-103_task-EyeTracking_physio	177	297.135	547.143	250.008	1229.150	720.888	0.181	0.043	0.188	0.444
sub-103_task-EyeTracking_physio	177	563.806	738.809	175.003	1170.870	716.235	0.088	0.029	0.216	0.242
sub-103_task-EyeTracking_physio	177	763.814	980.482	216.668	1100.045	710.890	0.143	0.036	0.231	0.322
sub-103_task-EyeTracking_physio	177	997.148	1205.490	208.342	1021.575	727.345	0.126	0.034	0.244	0.336
sub-103_task-EyeTracking_physio	177	1230.490	1488.828	258.338	982.995	721.085	0.101	0.041	0.343	0.310
sub-103_task-EyeTracking_physio	177	1513.828	1705.505	191.677	1062.235	719.270	0.140	0.032	0.324	0.255
sub-103_task-EyeTracking_physio	177	1722.170	1880.509	158.339	1127.410	701.325	0.101	0.031	0.165	0.263
sub-103_task-EyeTracking_physio	177	2080.511	2388.851	308.340	1076.685	696.385	0.101	0.065	0.284	0.507
sub-103_task-EyeTracking_physio	177	2413.851	2722.190	308.339	1018.980	712.155	0.126	0.043	0.342	0.398
sub-103_task-EyeTracking_physio	178	-952.709	-694.370	258.339	1281.530	732.090	0.059	0.022	0.187	0.278
sub-103_task-EyeTracking_physio	178	-677.704	222.320	900.024	1280.403	699.735	0.097	0.093	0.352	0.823
sub-103_task-EyeTracking_physio	178	238.987	463.993	225.006	1257.905	725.575	0.072	0.022	0.146	0.322
sub-103_task-EyeTracking_physio	178	488.992	789.001	300.009	1215.628	761.350	0.097	0.033	0.171	0.433
sub-103_task-EyeTracking_physio	178	805.667	1072.335	266.668	1209.075	804.607	0.139	0.033	0.163	0.492
sub-103_task-EyeTracking_physio	178	1097.335	1339.008	241.673	1218.360	772.610	0.079	0.019	0.143	0.279
sub-103_task-EyeTracking_physio	178	1347.342	1605.682	258.340	1221.435	750.640	0.080	0.021	0.136	0.288
sub-103_task-EyeTracking_physio	178	1622.348	1855.688	233.340	1200.487	733.957	0.080	0.027	0.201	0.316
sub-103_task-EyeTracking_physio	178	1872.354	2239.030	366.676	1171.178	726.717	0.079	0.012	0.164	0.194
sub-103_task-EyeTracking_physio	178	2255.696	2739.041	483.345	1110.307	756.003	0.088	0.031	0.234	0.355
sub-103_task-EyeTracking_physio	178	2805.708	3005.715	200.007	1166.588	761.513	0.085	0.020	0.158	0.345
sub-103_task-EyeTracking_physio	179	-1445.399	-1270.396	175.003	1229.110	748.940	0.068	0.008	0.100	0.168
sub-103_task-EyeTracking_physio	179	-1253.729	-1087.062	166.667	1277.898	724.688	0.069	0.013	0.104	0.216
sub-103_task-EyeTracking_physio	179	-920.385	-778.717	141.668	1250.575	667.750	0.171	0.063	0.162	0.709
sub-103_task-EyeTracking_physio	179	-737.051	-512.046	225.005	615.435	635.715	0.068	0.034	0.318	0.173
sub-103_task-EyeTracking_physio	179	-503.713	-370.376	133.337	595.575	608.162	0.096	0.026	0.139	0.339
sub-103_task-EyeTracking_physio	179	-328.710	-70.372	258.338	1272.840	693.945	0.087	0.046	0.271	0.382
sub-103_task-EyeTracking_physio	179	-53.705	329.638	383.343	1291.747	706.485	0.067	0.018	0.219	0.204
sub-103_task-EyeTracking_physio	179	346.305	662.982	316.677	1335.072	717.760	0.096	0.048	0.338	0.332
sub-103_task-EyeTracking_physio	179	679.649	779.655	100.006	1431.070	743.598	0.143	0.058	0.248	0.405
sub-103_task-EyeTracking_physio	179	796.321	962.987	166.666	1521.200	724.045	0.111	0.039	0.236	0.309
sub-103_task-EyeTracking_physio	179	987.986	1279.659	291.673	1506.070	799.450	0.092	0.022	0.269	0.255
sub-103_task-EyeTracking_physio	179	1296.325	1537.999	241.674	1459.740	830.060	0.105	0.034	0.295	0.246
sub-103_task-EyeTracking_physio	179	1554.665	1829.678	275.013	1382.815	870.930	0.199	0.057	0.267	0.583
sub-103_task-EyeTracking_physio	179	1846.344	2096.350	250.006	1293.995	872.567	0.242	0.074	0.338	0.747
sub-103_task-EyeTracking_physio	179	2113.015	2438.021	325.006	1228.905	924.465	0.291	0.113	0.332	0.876
sub-103_task-EyeTracking_physio	179	2463.020	2846.366	383.346	1188.295	822.947	0.083	0.020	0.250	0.280
sub-103_task-EyeTracking_physio	179	2871.366	3004.699	133.333	1248.113	754.213	0.093	0.015	0.119	0.218
sub-103_task-EyeTracking_physio	180	-997.833	-856.161	141.672	1297.410	726.965	0.077	0.019	0.200	0.176
sub-103_task-EyeTracking_physio	180	-706.159	-456.152	250.007	1276.010	695.590	0.102	0.038	0.176	0.373
sub-103_task-EyeTracking_physio	180	-439.485	-181.147	258.338	1293.960	697.545	0.105	0.022	0.159	0.343
sub-103_task-EyeTracking_physio	180	-72.810	260.536	333.346	1286.733	716.837	0.094	0.031	0.280	0.398
sub-103_task-EyeTracking_physio	180	293.868	443.870	150.002	1299.040	740.560	0.081	0.014	0.189	0.145
sub-103_task-EyeTracking_physio	180	468.870	693.878	225.008	1397.820	736.830	0.087	0.028	0.273	0.197
sub-103_task-EyeTracking_physio	180	710.544	927.216	216.672	1480.523	709.285	0.069	0.016	0.164	0.180
sub-103_task-EyeTracking_physio	180	952.216	1093.887	141.671	1549.590	692.665	0.088	0.019	0.203	0.203
sub-103_task-EyeTracking_physio	180	1110.553	1577.234	466.681	1500.547	684.438	0.082	0.038	0.263	0.343
sub-103_task-EyeTracking_physio	180	1593.899	2010.575	416.676	1455.445	678.737	0.065	0.026	0.167	0.370
sub-103_task-EyeTracking_physio	180	2035.575	2310.581	275.006	1418.985	687.490	0.071	0.018	0.145	0.259
sub-103_task-EyeTracking_physio	180	2327.248	2627.259	300.011	1372.497	719.225	0.070	0.021	0.143	0.320
sub-103_task-EyeTracking_physio	180	2643.924	2860.594	216.670	1458.730	688.360	0.080	0.019	0.187	0.273
sub-103_task-EyeTracking_physio	180	2877.265	3002.264	124.999	1495.045	683.165	0.083	0.021	0.108	0.241
sub-103_task-EyeTracking_physio	181	-579.811	-421.475	158.336	1315.145	725.480	0.215	0.123	0.378	0.758
sub-103_task-EyeTracking_physio	181	-288.139	278.547	566.686	1279.870	708.442	0.145	0.057	0.240	0.641
sub-103_task-EyeTracking_physio	181	295.214	503.548	208.334	1258.725	750.835	0.113	0.039	0.204	0.419
sub-103_task-EyeTracking_physio	181	528.552	720.219	191.667	1185.150	761.600	0.127	0.042	0.180	0.401
sub-103_task-EyeTracking_physio	181	736.886	945.228	208.342	1114.040	744.410	0.107	0.028	0.216	0.275
sub-103_task-EyeTracking_physio	181	970.226	1253.567	283.341	1046.637	717.990	0.082	0.027	0.164	0.400
sub-103_task-EyeTracking_physio	181	1270.233	1478.577	208.344	1089.505	695.120	0.092	0.023	0.249	0.201
sub-103_task-EyeTracking_physio	181	1503.576	1828.586	325.010	1158.310	691.055	0.081	0.038	0.200	0.352
sub-103_task-EyeTracking_physio	181	1853.586	2095.261	241.675	1208.515	750.230	0.088	0.016	0.150	0.283
sub-103_task-EyeTracking_physio	181	2128.593	2311.930	183.337	1315.008	788.938	0.091	0.023	0.131	0.347
sub-103_task-EyeTracking_physio	181	2336.929	3003.613	666.684	1447.335	822.288	0.085	0.021	0.217	0.335
sub-103_task-EyeTracking_physio	182	-850.117	-558.447	291.670	1315.800	709.975	0.127	0.052	0.201	0.664
sub-103_task-EyeTracking_physio	182	-541.780	441.578	983.358	1282.702	717.257	0.086	0.039	0.378	0.330
sub-103_task-EyeTracking_physio	182	458.245	708.252	250.007	1221.338	733.825	0.090	0.041	0.218	0.357
sub-103_task-EyeTracking_physio	182	724.919	958.258	233.339	1142.923	736.582	0.079	0.022	0.252	0.238
sub-103_task-EyeTracking_physio	182	974.925	1758.279	783.354	1050.028	737.565	0.085	0.043	0.314	0.467
sub-103_task-EyeTracking_physio	182	1808.277	2008.282	200.005	1147.430	758.615	0.084	0.016	0.127	0.277
sub-103_task-EyeTracking_physio	182	2041.616	2241.624	200.008	1273.775	776.378	0.081	0.022	0.190	0.315
sub-103_task-EyeTracking_physio	182	2266.623	2774.970	508.347	1382.045	809.755	0.090	0.027	0.173	0.417
sub-103_task-EyeTracking_physio	183	-1813.507	-1588.500	225.007	1306.910	791.175	0.096	0.023	0.394	0.179
sub-103_task-EyeTracking_physio	183	-1563.501	-1338.494	225.007	1261.360	739.485	0.079	0.018	0.107	0.314
sub-103_task-EyeTracking_physio	183	-1321.827	-1096.821	225.006	1288.710	703.490	0.084	0.019	0.170	0.275
sub-103_task-EyeTracking_physio	183	-705.144	-480.142	225.002	1259.400	684.755	0.125	0.035	0.102	0.701
sub-103_task-EyeTracking_physio	183	-280.138	86.541	366.679	1290.860	704.360	0.093	0.067	0.282	0.621
sub-103_task-EyeTracking_physio	183	103.208	411.548	308.340	1261.555	746.705	0.108	0.033	0.198	0.366
sub-103_task-EyeTracking_physio	183	428.215	653.217	225.002	1249.765	695.885	0.088	0.023	0.145	0.322
sub-103_task-EyeTracking_physio	183	669.883	769.890	100.007	1276.385	656.432	0.093	0.018	0.190	0.157
sub-103_task-EyeTracking_physio	183	803.223	1103.229	300.006	1314.545	644.158	0.052	0.012	0.202	0.197
sub-103_task-EyeTracking_physio	183	1128.230	1319.903	191.673	1230.385	609.785	0.080	0.021	0.180	0.281
sub-103_task-EyeTracking_physio	183	1336.569	1603.240	266.671	1215.065	561.380	0.066	0.018	0.134	0.271
sub-103_task-EyeTracking_physio	183	1611.573	1869.916	258.343	1227.255	552.285	0.070	0.017	0.174	0.218
sub-103_task-EyeTracking_physio	183	1894.915	2169.925	275.010	1291.110	630.090	0.070	0.021	0.157	0.277
sub-103_task-EyeTracking_physio	183	2186.592	2536.598	350.006	1306.053	654.638	0.070	0.012	0.135	0.211
sub-103_task-EyeTracking_physio	183	2561.598	2794.936	233.338	1259.975	650.225	0.067	0.011	0.212	0.172
sub-103_task-EyeTracking_physio	183	2828.277	3003.278	175.001	1239.215	599.065	0.082	0.017	0.172	0.221
sub-103_task-EyeTracking_physio	184	-884.515	-692.846	191.669	1267.090	701.470	0.092	0.022	0.177	0.291
sub-103_task-EyeTracking_physio	184	-409.503	340.514	750.017	1280.858	706.842	0.142	0.081	0.286	1.042
sub-103_task-EyeTracking_physio	184	357.184	573.849	216.665	1306.298	725.007	0.107	0.039	0.305	0.330
sub-103_task-EyeTracking_physio	184	598.851	773.860	175.009	1376.530	780.445	0.100	0.023	0.158	0.310
sub-103_task-EyeTracking_physio	184	798.861	1048.871	250.010	1486.878	779.098	0.125	0.047	0.404	0.364
sub-103_task-EyeTracking_physio	184	1065.537	1373.872	308.335	1580.870	774.095	0.113	0.032	0.392	0.305
sub-103_task-EyeTracking_physio	184	1398.872	1640.542	241.670	1497.565	726.790	0.112	0.045	0.304	0.360
sub-103_task-EyeTracking_physio	184	1673.881	1865.550	191.669	1456.820	725.015	0.080	0.021	0.127	0.260
sub-103_task-EyeTracking_physio	184	1890.550	2082.223	191.673	1362.995	719.605	0.109	0.050	0.250	0.390
sub-103_task-EyeTracking_physio	184	2248.892	2490.567	241.675	1259.785	722.200	0.178	0.075	0.278	0.620
sub-103_task-EyeTracking_physio	184	2540.566	2698.901	158.335	1195.190	725.625	0.072	0.011	0.123	0.197
sub-103_task-EyeTracking_physio	184	2715.568	2965.575	250.007	1105.003	745.360	0.103	0.050	0.228	0.393
sub-103_task-EyeTracking_physio	185	-1513.515	-1288.513	225.002	1236.575	732.115	0.083	0.040	0.228	0.340
sub-103_task-EyeTracking_physio	185	-1271.844	-1171.840	100.004	1276.845	720.168	0.124	0.033	0.170	0.269
sub-103_task-EyeTracking_physio	185	-863.505	-605.162	258.343	1284.450	713.210	0.111	0.030	0.207	0.486
sub-103_task-EyeTracking_physio	185	-330.151	-88.482	241.669	1280.185	732.940	0.179	0.058	0.155	0.803
sub-103_task-EyeTracking_physio	185	-80.149	86.526	166.675	1264.368	720.087	0.103	0.029	0.118	0.449
sub-103_task-EyeTracking_physio	185	103.193	361.529	258.336	1285.175	738.780	0.130	0.050	0.277	0.471
sub-103_task-EyeTracking_physio	185	386.529	628.203	241.674	1334.850	721.660	0.121	0.028	0.204	0.344
sub-103_task-EyeTracking_physio	185	653.201	1086.543	433.342	1457.133	712.548	0.077	0.024	0.213	0.393
sub-103_task-EyeTracking_physio	185	1119.881	1344.885	225.004	1373.645	711.075	0.073	0.028	0.199	0.306
sub-103_task-EyeTracking_physio	185	1361.552	1628.222	266.670	1310.490	701.368	0.081	0.030	0.202	0.318
sub-103_task-EyeTracking_physio	185	1644.896	2019.899	375.003	1287.015	694.480	0.073	0.013	0.137	0.247
sub-103_task-EyeTracking_physio	185	2036.572	3003.257	966.685	1335.385	710.312	0.077	0.026	0.258	0.353
sub-103_task-EyeTracking_physio	186	-3076.932	-2443.589	633.343	1295.947	700.942	0.076	0.017	0.168	0.250
sub-103_task-EyeTracking_physio	186	-2201.917	-1876.905	325.012	1133.635	1057.320	0.109	0.059	0.238	0.597
sub-103_task-EyeTracking_physio	186	-1518.567	-1326.892	191.675	1249.350	900.605	0.259	0.164	0.312	0.935
sub-103_task-EyeTracking_physio	186	-1101.888	164.809	1266.697	1288.928	708.307	0.101	0.090	0.365	0.750
sub-103_task-EyeTracking_physio	186	189.808	406.482	216.674	1303.275	733.930	0.109	0.030	0.194	0.282
sub-103_task-EyeTracking_physio	186	431.482	606.488	175.006	1351.835	739.815	0.084	0.036	0.200	0.404
sub-103_task-EyeTracking_physio	186	631.489	973.158	341.669	1348.340	652.705	0.091	0.037	0.292	0.319
sub-103_task-EyeTracking_physio	186	981.497	1281.503	300.006	1334.388	639.165	0.096	0.030	0.240	0.261
sub-103_task-EyeTracking_physio	186	1298.169	1431.503	133.334	1359.612	624.805	0.099	0.026	0.152	0.266
sub-103_task-EyeTracking_physio	186	1448.170	2073.187	625.017	1428.425	621.380	0.088	0.026	0.230	0.343
sub-103_task-EyeTracking_physio	186	2098.186	2364.860	266.674	1388.493	634.750	0.085	0.026	0.190	0.295
sub-103_task-EyeTracking_physio	186	2389.860	2998.208	608.348	1421.730	625.950	0.098	0.056	0.411	0.312
sub-103_task-EyeTracking_physio	187	-769.565	-619.563	150.002	1391.035	715.933	0.246	0.082	0.261	0.765
sub-103_task-EyeTracking_physio	187	-594.572	-402.889	191.683	1318.710	710.280	0.102	0.021	0.165	0.309
sub-103_task-EyeTracking_physio	187	-386.224	530.466	916.690	1285.707	719.192	0.104	0.075	0.383	0.479
sub-103_task-EyeTracking_physio	187	547.133	847.139	300.006	1239.965	679.803	0.138	0.043	0.272	0.452
sub-103_task-EyeTracking_physio	187	863.810	1180.484	316.674	1208.690	689.195	0.118	0.041	0.242	0.385
sub-103_task-EyeTracking_physio	187	1197.151	1530.493	333.342	1237.170	710.832	0.133	0.054	0.321	0.404
sub-103_task-EyeTracking_physio	187	1547.160	1830.500	283.340	1254.497	727.215	0.102	0.036	0.308	0.223
sub-103_task-EyeTracking_physio	187	1863.832	2080.506	216.674	1356.838	729.405	0.100	0.025	0.169	0.291
sub-103_task-EyeTracking_physio	187	2097.173	2297.181	200.008	1451.943	766.885	0.130	0.072	0.339	0.386
sub-103_task-EyeTracking_physio	187	2322.180	2547.181	225.001	1549.810	806.335	0.101	0.051	0.294	0.327
sub-103_task-EyeTracking_physio	187	2572.187	2780.521	208.334	1608.470	840.100	0.119	0.051	0.239	0.523
sub-103_task-EyeTracking_physio	187	2797.188	3005.528	208.340	1650.155	871.095	0.122	0.049	0.209	0.440
sub-103_task-EyeTracking_physio	188	-1749.963	-1524.963	225.000	1347.090	769.655	0.152	0.048	0.318	0.411
sub-103_task-EyeTracking_physio	188	-1374.953	-1108.281	266.672	1292.312	724.310	0.128	0.057	0.185	0.595
sub-103_task-EyeTracking_physio	188	-1091.615	-808.274	283.341	1271.237	711.030	0.130	0.025	0.209	0.237
sub-103_task-EyeTracking_physio	188	-799.941	341.754	1141.695	1285.635	717.315	0.102	0.055	0.307	0.598
sub-103_task-EyeTracking_physio	188	366.753	591.762	225.009	1345.220	751.920	0.096	0.030	0.214	0.392
sub-103_task-EyeTracking_physio	188	616.762	791.763	175.001	1401.555	767.930	0.142	0.056	0.284	0.390
sub-103_task-EyeTracking_physio	188	808.428	1058.436	250.008	1497.173	755.683	0.123	0.043	0.343	0.277
sub-103_task-EyeTracking_physio	188	1075.102	1316.777	241.675	1471.025	726.235	0.071	0.028	0.243	0.198
sub-103_task-EyeTracking_physio	188	1325.111	1616.783	291.672	1450.855	715.880	0.109	0.040	0.306	0.328
sub-103_task-EyeTracking_physio	188	1633.454	2175.131	541.677	1428.260	778.145	0.106	0.041	0.295	0.444
sub-103_task-EyeTracking_physio	188	2191.798	2483.472	291.674	1448.550	722.715	0.098	0.027	0.192	0.368
sub-103_task-EyeTracking_physio	188	2508.471	2741.811	233.340	1422.110	683.170	0.077	0.017	0.176	0.206
sub-103_task-EyeTracking_physio	188	2758.476	2916.813	158.337	1415.060	655.360	0.095	0.019	0.130	0.272
sub-103_task-EyeTracking_physio	189	-962.833	-712.827	250.006	1294.485	731.347	0.085	0.028	0.204	0.328
sub-103_task-EyeTracking_physio	189	-704.493	245.536	950.029	1278.577	713.340	0.103	0.098	0.444	0.448
sub-103_task-EyeTracking_physio	189	262.203	503.878	241.675	1315.835	726.720	0.088	0.032	0.181	0.392
sub-103_task-EyeTracking_physio	189	528.877	753.883	225.006	1362.100	698.395	0.063	0.017	0.227	0.203
sub-103_task-EyeTracking_physio	189	770.550	987.219	216.669	1415.855	671.825	0.066	0.020	0.210	0.191
sub-103_task-EyeTracking_physio	189	1003.885	1270.558	266.673	1368.588	646.633	0.070	0.038	0.299	0.230
sub-103_task-EyeTracking_physio	189	1295.563	1487.231	191.668	1324.275	660.645	0.062	0.014	0.140	0.258
sub-103_task-EyeTracking_physio	189	1512.230	1837.241	325.011	1269.415	665.970	0.068	0.020	0.190	0.229
sub-103_task-EyeTracking_physio	189	1845.573	1987.244	141.671	1285.030	660.570	0.081	0.019	0.281	0.131
sub-103_task-EyeTracking_physio	189	2003.911	2270.582	266.671	1216.832	682.737	0.098	0.028	0.235	0.324
sub-103_task-EyeTracking_physio	189	2287.248	2403.921	116.673	1263.523	678.473	0.068	0.017	0.120	0.250
sub-103_task-EyeTracking_physio	189	2420.585	2820.598	400.013	1141.245	704.375	0.075	0.019	0.243	0.245
sub-103_task-EyeTracking_physio	189	2837.263	3003.937	166.674	1148.918	727.257	0.073	0.017	0.136	0.248
sub-103_task-EyeTracking_physio	190	-545.344	-337.002	208.342	1268.370	729.530	0.141	0.066	0.222	0.731
sub-103_task-EyeTracking_physio	190	-328.670	146.334	475.004	1281.160	708.780	0.121	0.071	0.334	0.552
sub-103_task-EyeTracking_physio	190	154.668	496.348	341.680	1279.225	725.950	0.111	0.090	0.307	0.655
sub-103_task-EyeTracking_physio	190	513.015	729.689	216.674	1321.935	759.520	0.091	0.030	0.235	0.238
sub-103_task-EyeTracking_physio	190	746.355	938.024	191.669	1367.795	764.475	0.087	0.018	0.214	0.176
sub-103_task-EyeTracking_physio	190	963.025	1254.704	291.679	1466.795	756.045	0.105	0.057	0.462	0.314
sub-103_task-EyeTracking_physio	190	1271.370	1804.716	533.346	1513.503	752.062	0.087	0.035	0.347	0.320
sub-103_task-EyeTracking_physio	190	1821.383	2063.054	241.671	1490.585	762.615	0.091	0.030	0.194	0.348
sub-103_task-EyeTracking_physio	190	2079.719	2296.395	216.676	1431.832	755.510	0.065	0.020	0.188	0.236
sub-103_task-EyeTracking_physio	190	2321.395	2546.400	225.005	1367.305	753.320	0.099	0.047	0.257	0.424
sub-103_task-EyeTracking_physio	190	2563.066	2813.072	250.006	1288.582	756.298	0.110	0.032	0.257	0.386
sub-103_task-EyeTracking_physio	190	2838.073	3004.741	166.668	1208.405	760.952	0.107	0.033	0.157	0.406
sub-103_task-EyeTracking_physio	191	-744.861	-536.524	208.337	1268.035	735.830	0.105	0.034	0.172	0.431
sub-103_task-EyeTracking_physio	191	-219.849	-11.510	208.339	1285.000	716.985	0.125	0.050	0.300	0.327
sub-103_task-EyeTracking_physio	191	-3.178	355.167	358.345	1269.875	726.570	0.112	0.058	0.276	0.530
sub-103_task-EyeTracking_physio	191	363.500	671.841	308.341	1247.825	748.145	0.131	0.050	0.175	0.678
sub-103_task-EyeTracking_physio	191	688.507	955.179	266.672	1208.987	760.072	0.085	0.028	0.203	0.326
sub-103_task-EyeTracking_physio	191	980.177	1188.519	208.342	1168.315	744.845	0.103	0.029	0.238	0.272
sub-103_task-EyeTracking_physio	191	1213.519	1521.864	308.345	1217.680	725.790	0.090	0.042	0.267	0.379
sub-103_task-EyeTracking_physio	191	1546.864	1813.535	266.671	1262.170	733.178	0.086	0.035	0.258	0.390
sub-103_task-EyeTracking_physio	191	1838.534	2071.875	233.341	1360.165	748.660	0.099	0.088	0.581	0.370
sub-103_task-EyeTracking_physio	191	2096.876	2305.213	208.337	1447.580	758.720	0.106	0.037	0.260	0.365
sub-103_task-EyeTracking_physio	191	2330.211	2780.220	450.009	1524.443	756.268	0.092	0.058	0.335	0.435
sub-103_task-EyeTracking_physio	191	2796.887	3005.232	208.345	1492.615	751.750	0.104	0.033	0.163	0.378
sub-103_task-EyeTracking_physio	192	-439.103	260.911	700.014	1275.010	751.930	0.211	0.558	0.649	1.697
sub-103_task-EyeTracking_physio	192	469.250	635.918	166.668	1316.912	732.202	0.085	0.035	0.160	0.424
sub-103_task-EyeTracking_physio	192	660.923	944.262	283.339	1236.235	796.362	0.161	0.057	0.325	0.475
sub-103_task-EyeTracking_physio	192	960.927	1169.258	208.331	1179.320	824.025	0.140	0.046	0.280	0.455
sub-103_task-EyeTracking_physio	192	1194.262	1444.267	250.005	1115.727	844.108	0.123	0.086	0.293	0.681
sub-103_task-EyeTracking_physio	192	1460.939	1777.609	316.670	1070.625	860.530	0.121	0.083	0.438	0.565
sub-103_task-EyeTracking_physio	192	1802.609	2094.282	291.673	1104.345	848.770	0.099	0.026	0.188	0.339
sub-103_task-EyeTracking_physio	192	2102.619	2377.626	275.007	1125.485	834.830	0.124	0.041	0.311	0.417
sub-103_task-EyeTracking_physio	192	2394.292	2644.298	250.006	1093.500	815.135	0.104	0.023	0.151	0.343
sub-103_task-EyeTracking_physio	192	2660.964	2919.305	258.341	1054.420	786.735	0.093	0.050	0.372	0.324
sub-103_task-EyeTracking_physio	193	-873.919	-598.920	274.999	1300.135	711.010	0.129	0.031	0.178	0.418
sub-103_task-EyeTracking_physio	193	-582.253	276.103	858.356	1273.565	719.850	0.110	0.138	0.477	0.596
sub-103_task-EyeTracking_physio	193	292.769	484.447	191.678	1296.025	739.755	0.077	0.034	0.156	0.402
sub-103_task-EyeTracking_physio	193	509.446	717.779	208.333	1393.610	754.120	0.072	0.017	0.165	0.253
sub-103_task-EyeTracking_physio	193	742.787	934.460	191.673	1458.060	743.005	0.090	0.021	0.174	0.250
sub-103_task-EyeTracking_physio	193	967.794	1192.790	224.996	1549.500	755.080	0.072	0.013	0.145	0.253
sub-103_task-EyeTracking_physio	193	1209.466	1459.462	249.996	1580.500	729.553	0.092	0.031	0.190	0.279
sub-103_task-EyeTracking_physio	193	1476.138	1726.145	250.007	1550.017	695.652	0.119	0.049	0.464	0.323
sub-103_task-EyeTracking_physio	193	1742.812	2001.152	258.340	1547.490	670.185	0.085	0.049	0.350	0.307
sub-103_task-EyeTracking_physio	193	2026.152	2234.492	208.340	1487.120	684.850	0.104	0.054	0.376	0.374
sub-103_task-EyeTracking_physio	193	2259.491	2492.830	233.339	1398.693	691.475	0.092	0.036	0.217	0.367
sub-103_task-EyeTracking_physio	193	2509.497	2834.501	325.004	1356.795	705.540	0.075	0.027	0.209	0.401
sub-103_task-EyeTracking_physio	193	2851.169	3009.501	158.332	1378.665	735.150	0.077	0.024	0.128	0.307
sub-103_task-EyeTracking_physio	194	-815.371	-707.035	108.336	1476.335	728.445	0.117	0.027	0.171	0.267
sub-103_task-EyeTracking_physio	194	-682.033	-523.700	158.333	1346.760	714.905	0.140	0.060	0.306	0.435
sub-103_task-EyeTracking_physio	194	-507.033	526.325	1033.358	1282.162	714.098	0.128	0.152	0.757	0.861
sub-103_task-EyeTracking_physio	194	559.662	792.997	233.335	1327.678	781.353	0.097	0.025	0.202	0.223
sub-103_task-EyeTracking_physio	194	809.664	1076.335	266.671	1372.158	813.930	0.101	0.041	0.302	0.275
sub-103_task-EyeTracking_physio	194	1093.007	1409.676	316.669	1355.117	831.615	0.106	0.043	0.275	0.385
sub-103_task-EyeTracking_physio	194	1426.342	1659.685	233.343	1314.142	821.507	0.084	0.018	0.200	0.200
sub-103_task-EyeTracking_physio	194	1676.351	1976.356	300.005	1255.352	779.905	0.123	0.037	0.229	0.321
sub-103_task-EyeTracking_physio	194	1993.024	2193.031	200.007	1224.057	757.553	0.110	0.044	0.336	0.315
sub-103_task-EyeTracking_physio	194	2209.696	2409.705	200.009	1184.305	745.745	0.121	0.029	0.221	0.279
sub-103_task-EyeTracking_physio	194	2426.371	2659.708	233.337	1124.862	741.598	0.082	0.041	0.230	0.345
sub-103_task-EyeTracking_physio	194	2676.375	2893.043	216.668	1083.425	743.035	0.096	0.020	0.229	0.171
sub-103_task-EyeTracking_physio	195	-365.541	-248.870	116.671	1234.745	721.467	0.125	0.045	0.277	0.371
sub-103_task-EyeTracking_physio	195	-232.204	242.811	475.015	1273.605	708.555	0.135	0.057	0.385	0.559
sub-103_task-EyeTracking_physio	195	251.144	534.481	283.337	1260.060	732.850	0.117	0.046	0.241	0.485
sub-103_task-EyeTracking_physio	195	551.148	809.485	258.337	1293.605	744.635	0.105	0.048	0.279	0.467
sub-103_task-EyeTracking_physio	195	834.484	1051.162	216.678	1328.457	770.607	0.124	0.050	0.232	0.453
sub-103_task-EyeTracking_physio	195	1076.162	1392.834	316.672	1348.835	790.600	0.111	0.040	0.266	0.387
sub-103_task-EyeTracking_physio	195	1417.840	1601.176	183.336	1329.253	758.230	0.099	0.022	0.243	0.253
sub-103_task-EyeTracking_physio	195	1626.175	1842.850	216.675	1297.865	729.155	0.147	0.042	0.454	0.291
sub-103_task-EyeTracking_physio	195	1859.516	2409.525	550.009	1281.787	707.360	0.223	0.092	0.517	0.630
sub-103_task-EyeTracking_physio	195	2426.191	2726.206	300.015	1301.615	736.707	0.189	0.087	0.359	0.623
sub-103_task-EyeTracking_physio	195	2742.871	3001.215	258.344	1264.025	702.515	0.108	0.040	0.252	0.368
sub-103_task-EyeTracking_physio	196	-379.580	220.432	600.012	1273.005	721.080	0.118	0.228	0.464	1.057
sub-103_task-EyeTracking_physio	196	237.098	528.778	291.680	1285.790	744.190	0.074	0.032	0.254	0.307
sub-103_task-EyeTracking_physio	196	537.111	937.118	400.007	1279.648	726.615	0.101	0.051	0.292	0.396
sub-103_task-EyeTracking_physio	196	953.785	1153.787	200.002	1208.142	746.697	0.124	0.046	0.309	0.384
sub-103_task-EyeTracking_physio	196	1178.788	1370.455	191.667	1098.055	764.605	0.121	0.048	0.267	0.356
sub-103_task-EyeTracking_physio	196	1387.120	1603.796	216.676	1034.727	757.615	0.090	0.033	0.280	0.265
sub-103_task-EyeTracking_physio	196	1620.463	1903.803	283.340	997.097	754.875	0.116	0.043	0.311	0.399
sub-103_task-EyeTracking_physio	196	1912.136	2212.149	300.013	1016.153	747.077	0.123	0.036	0.209	0.462
sub-103_task-EyeTracking_physio	196	2228.813	2503.821	275.008	1031.190	718.930	0.110	0.042	0.267	0.369
sub-103_task-EyeTracking_physio	196	2528.820	2770.490	241.670	1157.775	709.400	0.156	0.062	0.321	0.507
sub-103_task-EyeTracking_physio	196	2787.156	2903.829	116.673	1275.695	705.000	0.100	0.022	0.197	0.247
sub-103_task-EyeTracking_physio	197	-728.339	-536.671	191.668	1371.350	722.630	0.104	0.035	0.226	0.281
sub-103_task-EyeTracking_physio	197	-94.991	305.019	400.010	1284.463	697.955	0.202	0.253	0.540	1.096
sub-103_task-EyeTracking_physio	197	521.688	763.361	241.673	1241.720	694.800	0.142	0.035	0.174	0.434
sub-103_task-EyeTracking_physio	197	780.027	996.701	216.674	1188.028	649.915	0.169	0.044	0.211	0.418
sub-103_task-EyeTracking_physio	197	1013.368	1280.042	266.674	1110.780	662.403	0.143	0.033	0.223	0.423
sub-103_task-EyeTracking_physio	197	1296.707	1788.390	491.683	1080.105	659.535	0.158	0.098	0.497	0.399
sub-103_task-EyeTracking_physio	197	1963.388	2171.731	208.343	1246.600	640.405	0.214	0.077	0.399	0.573
sub-103_task-EyeTracking_physio	197	2188.398	2371.734	183.336	1391.908	660.598	0.182	0.064	0.379	0.458
sub-103_task-EyeTracking_physio	197	2388.404	2605.074	216.670	1451.868	665.265	0.121	0.036	0.269	0.270
sub-103_task-EyeTracking_physio	197	2621.740	2805.081	183.341	1518.665	671.960	0.082	0.037	0.263	0.272
sub-103_task-EyeTracking_physio	197	2821.748	2996.750	175.002	1558.355	698.810	0.103	0.050	0.327	0.290
sub-103_task-EyeTracking_physio	198	-351.867	331.483	683.350	1307.493	713.460	0.338	0.598	0.863	3.958
sub-103_task-EyeTracking_physio	198	348.148	631.489	283.341	1306.035	652.303	0.119	0.036	0.177	0.565
sub-103_task-EyeTracking_physio	198	648.155	848.158	200.003	1250.548	641.538	0.099	0.030	0.277	0.254
sub-103_task-EyeTracking_physio	198	873.157	1164.832	291.675	1187.740	650.415	0.082	0.020	0.194	0.256
sub-103_task-EyeTracking_physio	198	1181.498	1589.842	408.344	1117.945	657.340	0.075	0.020	0.213	0.307
sub-103_task-EyeTracking_physio	198	1606.509	1798.180	191.671	1096.825	611.165	0.070	0.022	0.118	0.320
sub-103_task-EyeTracking_physio	198	1814.847	2014.856	200.009	1076.660	579.955	0.068	0.018	0.204	0.196
sub-103_task-EyeTracking_physio	198	2031.522	2248.192	216.670	1090.023	539.237	0.076	0.032	0.235	0.284
sub-103_task-EyeTracking_physio	198	2264.860	2598.200	333.340	1139.862	511.630	0.086	0.049	0.339	0.370
sub-103_task-EyeTracking_physio	198	2623.199	2798.206	175.007	1221.615	547.225	0.084	0.029	0.227	0.222
sub-103_task-EyeTracking_physio	198	2814.873	2998.210	183.337	1299.255	545.820	0.074	0.012	0.128	0.187
sub-103_task-EyeTracking_physio	199	-702.798	-527.799	174.999	1404.235	633.655	0.078	0.026	0.247	0.235
sub-103_task-EyeTracking_physio	199	-336.123	-177.786	158.337	1228.240	728.275	0.170	0.064	0.161	0.704
sub-103_task-EyeTracking_physio	199	-161.120	38.881	200.001	1271.597	717.212	0.148	0.036	0.174	0.418
sub-103_task-EyeTracking_physio	199	47.214	255.556	208.342	1287.010	705.760	0.113	0.023	0.119	0.320
sub-103_task-EyeTracking_physio	199	272.222	472.230	200.008	1325.102	718.278	0.086	0.020	0.167	0.263
sub-103_task-EyeTracking_physio	199	497.230	655.566	158.336	1400.800	754.940	0.097	0.025	0.219	0.231
sub-103_task-EyeTracking_physio	199	713.904	922.240	208.336	1485.570	779.750	0.088	0.047	0.222	0.418
sub-103_task-EyeTracking_physio	199	938.906	1130.579	191.673	1538.140	791.090	0.108	0.046	0.230	0.418
sub-103_task-EyeTracking_physio	199	1147.245	1305.582	158.337	1588.855	782.420	0.103	0.025	0.162	0.323
sub-103_task-EyeTracking_physio	199	1322.248	1555.582	233.334	1511.365	737.195	0.077	0.014	0.151	0.212
sub-103_task-EyeTracking_physio	199	1572.249	1888.932	316.683	1486.415	715.690	0.083	0.043	0.289	0.332
sub-103_task-EyeTracking_physio	199	1913.931	2455.612	541.681	1535.095	682.095	0.078	0.023	0.286	0.273
sub-103_task-EyeTracking_physio	199	2480.612	2672.282	191.670	1610.270	690.375	0.079	0.033	0.283	0.212
sub-103_task-EyeTracking_physio	199	2697.286	2872.289	175.003	1655.070	715.315	0.072	0.020	0.139	0.257
sub-103_task-EyeTracking_physio	199	2897.289	3005.626	108.337	1648.130	802.035	0.125	0.037	0.210	0.332
sub-103_task-EyeTracking_physio	200	-842.235	-450.562	391.673	1337.250	743.005	0.123	0.076	0.451	0.697
sub-103_task-EyeTracking_physio	200	-433.895	91.121	525.016	1287.290	707.415	0.095	0.069	0.313	0.480
sub-103_task-EyeTracking_physio	200	99.455	291.128	191.673	1293.970	725.390	0.101	0.031	0.202	0.341
sub-103_task-EyeTracking_physio	200	307.793	507.795	200.002	1357.122	725.410	0.099	0.035	0.166	0.410
sub-103_task-EyeTracking_physio	200	524.467	749.470	225.003	1455.865	721.035	0.088	0.025	0.209	0.265
sub-103_task-EyeTracking_physio	200	866.138	1116.146	250.008	1457.705	679.413	0.081	0.027	0.247	0.246
sub-103_task-EyeTracking_physio	200	1141.146	1341.150	200.004	1455.392	617.295	0.088	0.033	0.353	0.238
sub-103_task-EyeTracking_physio	200	1357.816	1707.828	350.012	1455.500	559.203	0.081	0.044	0.295	0.268
sub-103_task-EyeTracking_physio	200	1716.161	1924.496	208.335	1472.470	526.320	0.090	0.035	0.275	0.225
sub-103_task-EyeTracking_physio	200	1941.163	2166.171	225.008	1440.630	486.745	0.076	0.044	0.368	0.285
sub-103_task-EyeTracking_physio	200	2182.838	2424.510	241.672	1369.070	486.535	0.065	0.070	0.385	0.312
sub-103_task-EyeTracking_physio	200	2441.177	2682.850	241.673	1305.270	513.600	0.079	0.025	0.199	0.351
sub-103_task-EyeTracking_physio	200	2707.851	2907.857	200.006	1189.307	584.683	0.076	0.024	0.239	0.227
sub-103_task-EyeTracking_physio	201	-3317.104	324.643	3641.747	1282.295	713.065	0.154	0.123	0.609	0.949
sub-103_task-EyeTracking_physio	201	349.643	549.650	200.007	1321.168	699.533	0.145	0.093	0.313	0.531
sub-103_task-EyeTracking_physio	201	574.650	907.994	333.344	1377.040	670.840	0.110	0.048	0.273	0.411
sub-103_task-EyeTracking_physio	201	941.327	1132.995	191.668	1266.215	653.020	0.117	0.035	0.321	0.399
sub-103_task-EyeTracking_physio	201	1157.995	1332.999	175.004	1202.425	661.100	0.109	0.028	0.213	0.252
sub-103_task-EyeTracking_physio	201	1349.666	1566.340	216.674	1127.705	653.095	0.130	0.050	0.308	0.351
sub-103_task-EyeTracking_physio	201	1583.006	1899.679	316.673	1054.570	651.180	0.092	0.028	0.302	0.352
sub-103_task-EyeTracking_physio	201	1933.012	2166.351	233.339	1201.977	665.732	0.083	0.032	0.261	0.295
sub-103_task-EyeTracking_physio	201	2191.351	2366.360	175.009	1299.240	680.485	0.102	0.064	0.352	0.385
sub-103_task-EyeTracking_physio	201	2399.692	2599.695	200.003	1453.733	691.348	0.104	0.051	0.338	0.315
sub-103_task-EyeTracking_physio	201	2616.367	2924.706	308.339	1519.735	700.375	0.078	0.028	0.382	0.201
sub-103_task-EyeTracking_physio	202	-1923.368	-1790.026	133.342	1289.332	731.985	0.149	0.059	0.224	0.479
sub-103_task-EyeTracking_physio	202	-1781.693	-1040.013	741.680	1284.495	709.215	0.174	0.116	0.395	1.014
sub-103_task-EyeTracking_physio	202	-873.344	268.355	1141.699	1282.580	703.390	0.107	0.053	0.299	0.831
sub-103_task-EyeTracking_physio	202	285.023	410.025	125.002	1254.775	708.605	0.071	0.013	0.128	0.156
sub-103_task-EyeTracking_physio	202	426.691	1093.373	666.682	1282.767	747.020	0.106	0.209	0.723	0.820
sub-103_task-EyeTracking_physio	202	1110.040	1593.391	483.351	1267.725	805.322	0.151	0.071	0.327	0.780
sub-103_task-EyeTracking_physio	202	1610.057	1860.066	250.009	1283.957	746.967	0.115	0.034	0.246	0.285
sub-103_task-EyeTracking_physio	202	1876.732	2010.070	133.338	1355.443	721.847	0.097	0.027	0.172	0.263
sub-103_task-EyeTracking_physio	202	2026.736	2218.412	191.676	1406.915	728.960	0.077	0.021	0.167	0.226
sub-103_task-EyeTracking_physio	202	2243.411	2501.751	258.340	1412.755	756.820	0.076	0.012	0.185	0.177
sub-103_task-EyeTracking_physio	202	2518.418	2735.093	216.675	1426.560	765.868	0.083	0.024	0.195	0.317
sub-103_task-EyeTracking_physio	202	2801.759	3001.768	200.009	1294.855	754.150	0.071	0.019	0.195	0.233
sub-103_task-EyeTracking_physio	203	-1115.412	-932.068	183.344	1273.030	759.273	0.073	0.019	0.157	0.260
sub-103_task-EyeTracking_physio	203	-515.392	267.965	783.357	1282.460	715.082	0.101	0.127	0.493	0.668
sub-103_task-EyeTracking_physio	203	284.632	434.635	150.003	1308.440	739.120	0.077	0.029	0.338	0.224
sub-103_task-EyeTracking_physio	203	451.300	717.974	266.674	1193.080	727.645	0.168	0.051	0.244	0.437
sub-103_task-EyeTracking_physio	203	734.645	917.980	183.335	1131.360	720.690	0.112	0.029	0.229	0.291
sub-103_task-EyeTracking_physio	203	942.980	1267.992	325.012	1060.500	721.790	0.103	0.056	0.246	0.451
sub-103_task-EyeTracking_physio	203	1284.657	1534.663	250.006	1088.438	666.368	0.133	0.055	0.232	0.440
sub-103_task-EyeTracking_physio	203	1551.329	1818.003	266.674	1144.068	652.485	0.086	0.025	0.309	0.239
sub-103_task-EyeTracking_physio	203	1843.003	2034.672	191.669	1257.060	689.730	0.115	0.067	0.326	0.431
sub-103_task-EyeTracking_physio	203	2059.676	2251.345	191.669	1386.795	720.925	0.086	0.030	0.153	0.373
sub-103_task-EyeTracking_physio	203	2268.012	2451.351	183.339	1470.558	744.327	0.107	0.044	0.183	0.398
sub-103_task-EyeTracking_physio	203	2468.018	2734.692	266.674	1544.168	755.210	0.097	0.037	0.304	0.350
sub-103_task-EyeTracking_physio	203	2751.359	2959.698	208.339	1623.140	762.195	0.103	0.035	0.286	0.306
sub-103_task-EyeTracking_physio	204	-388.118	-13.110	375.008	1279.620	715.100	0.152	0.042	0.200	0.627
sub-103_task-EyeTracking_physio	204	3.557	261.898	258.341	1288.850	730.060	0.081	0.024	0.155	0.270
sub-103_task-EyeTracking_physio	204	278.564	428.567	150.003	1320.952	727.018	0.099	0.035	0.178	0.339
sub-103_task-EyeTracking_physio	204	453.567	661.906	208.339	1234.950	721.790	0.111	0.059	0.265	0.463
sub-103_task-EyeTracking_physio	204	678.573	870.244	191.671	1145.720	699.635	0.124	0.040	0.213	0.420
sub-103_task-EyeTracking_physio	204	895.248	1070.250	175.002	1063.815	716.185	0.094	0.018	0.163	0.220
sub-103_task-EyeTracking_physio	204	1095.248	1295.255	200.007	1031.408	766.243	0.081	0.023	0.234	0.280
sub-103_task-EyeTracking_physio	204	1320.255	1520.259	200.004	1045.895	849.588	0.090	0.033	0.210	0.353
sub-103_task-EyeTracking_physio	204	1545.264	2320.286	775.022	1077.735	930.005	0.249	0.192	0.405	1.185
sub-103_task-EyeTracking_physio	204	2336.952	2928.631	591.679	994.485	943.900	0.193	0.205	0.614	0.726
sub-103_task-EyeTracking_physio	205	-788.479	-555.137	233.342	1182.070	782.230	0.107	0.067	0.252	0.516
sub-103_task-EyeTracking_physio	205	-355.131	-196.792	158.339	1301.350	719.600	0.104	0.054	0.202	0.544
sub-103_task-EyeTracking_physio	205	-180.126	494.891	675.017	1277.880	744.930	0.113	0.136	0.330	1.284
sub-103_task-EyeTracking_physio	205	511.558	736.565	225.007	1226.555	793.640	0.143	0.052	0.236	0.466
sub-103_task-EyeTracking_physio	205	753.231	1011.571	258.340	1138.500	821.765	0.132	0.044	0.355	0.381
sub-103_task-EyeTracking_physio	205	1036.571	1253.245	216.674	1030.345	845.878	0.271	0.071	0.227	0.611
sub-103_task-EyeTracking_physio	205	1278.245	1494.919	216.674	955.915	845.952	0.260	0.096	0.343	0.604
sub-103_task-EyeTracking_physio	205	1519.919	1736.593	216.674	1056.190	741.193	0.187	0.064	0.249	0.576
sub-103_task-EyeTracking_physio	205	1761.592	1953.263	191.671	1155.200	643.630	0.137	0.031	0.181	0.296
sub-103_task-EyeTracking_physio	205	1969.929	2169.937	200.008	1281.942	606.467	0.152	0.049	0.286	0.349
sub-103_task-EyeTracking_physio	205	2186.602	2394.945	208.343	1362.870	612.555	0.137	0.066	0.428	0.347
sub-103_task-EyeTracking_physio	205	2411.611	2919.957	508.346	1460.605	657.025	0.109	0.057	0.336	0.446
sub-103_task-EyeTracking_physio	206	-341.420	-166.418	175.002	1334.470	770.545	0.239	0.144	0.585	0.563
sub-103_task-EyeTracking_physio	206	-149.751	283.591	433.342	1284.730	719.900	0.164	0.073	0.369	0.540
sub-103_task-EyeTracking_physio	206	300.258	425.261	125.003	1317.260	737.470	0.112	0.037	0.254	0.332
sub-103_task-EyeTracking_physio	206	441.933	733.608	291.675	1284.300	769.495	0.170	0.042	0.209	0.416
sub-103_task-EyeTracking_physio	206	750.273	983.616	233.343	1243.973	820.970	0.128	0.048	0.257	0.556
sub-103_task-EyeTracking_physio	206	1000.281	1216.951	216.670	1164.775	843.597	0.231	0.095	0.319	0.651
sub-103_task-EyeTracking_physio	206	1241.953	1466.954	225.001	1074.690	840.935	0.275	0.121	0.309	0.887
sub-103_task-EyeTracking_physio	206	1483.621	1683.627	200.006	997.258	831.077	0.115	0.048	0.263	0.498
sub-103_task-EyeTracking_physio	206	1700.294	1933.642	233.348	1011.745	786.712	0.108	0.030	0.197	0.351
sub-103_task-EyeTracking_physio	206	1950.308	2166.975	216.667	1061.492	715.387	0.118	0.035	0.219	0.420
sub-103_task-EyeTracking_physio	206	2183.641	2400.308	216.667	1120.988	671.345	0.124	0.036	0.223	0.456
sub-103_task-EyeTracking_physio	206	2425.313	2650.317	225.004	1186.680	650.085	0.090	0.040	0.271	0.308
sub-103_task-EyeTracking_physio	206	2675.320	2866.991	191.671	1304.135	665.890	0.079	0.032	0.217	0.269
sub-103_task-EyeTracking_physio	206	2883.657	3000.328	116.671	1402.013	675.888	0.103	0.022	0.227	0.210
sub-103_task-EyeTracking_physio	207	-1889.505	-1731.164	158.341	1336.350	723.560	0.103	0.038	0.314	0.325
sub-103_task-EyeTracking_physio	207	-1206.149	-1022.816	183.333	1318.525	724.642	0.251	0.136	0.229	1.314
sub-103_task-EyeTracking_physio	207	-1006.148	-872.811	133.337	1276.935	714.212	0.237	0.065	0.178	0.650
sub-103_task-EyeTracking_physio	207	-706.139	-522.797	183.342	1308.572	719.317	0.294	0.132	0.205	1.043
sub-103_task-EyeTracking_physio	207	-506.131	-314.461	191.670	1280.095	709.735	0.162	0.057	0.271	0.462
sub-103_task-EyeTracking_physio	207	-139.451	252.218	391.669	1285.525	711.705	0.128	0.053	0.254	0.600
sub-103_task-EyeTracking_physio	207	268.884	435.563	166.679	1320.160	705.243	0.165	0.053	0.247	0.384
sub-103_task-EyeTracking_physio	207	460.563	685.571	225.008	1300.560	630.705	0.136	0.043	0.231	0.408
sub-103_task-EyeTracking_physio	207	702.229	935.574	233.345	1276.992	591.345	0.180	0.050	0.296	0.374
sub-103_task-EyeTracking_physio	207	952.242	1485.592	533.350	1239.405	553.280	0.150	0.065	0.379	0.400
sub-103_task-EyeTracking_physio	207	1502.257	1702.265	200.008	1284.980	584.582	0.094	0.021	0.190	0.266
sub-103_task-EyeTracking_physio	207	1727.265	2018.938	291.673	1332.605	625.210	0.088	0.017	0.165	0.244
sub-103_task-EyeTracking_physio	207	2260.613	2602.292	341.679	1364.345	739.640	0.126	0.045	0.238	0.443
sub-103_task-EyeTracking_physio	207	2618.958	2977.302	358.344	1364.495	773.090	0.123	0.052	0.280	0.489
sub-103_task-EyeTracking_physio	208	-455.288	-271.952	183.336	1285.068	704.760	0.104	0.036	0.169	0.470
sub-103_task-EyeTracking_physio	208	-38.611	469.735	508.346	1278.265	699.345	0.119	0.041	0.215	0.509
sub-103_task-EyeTracking_physio	208	494.734	711.410	216.676	1413.730	699.565	0.131	0.043	0.223	0.414
sub-103_task-EyeTracking_physio	208	728.077	969.746	241.669	1516.380	712.095	0.125	0.046	0.393	0.344
sub-103_task-EyeTracking_physio	208	994.749	1211.417	216.668	1614.262	731.503	0.099	0.050	0.207	0.451
sub-103_task-EyeTracking_physio	208	1236.422	1569.761	333.339	1701.847	755.442	0.117	0.058	0.390	0.406
sub-103_task-EyeTracking_physio	208	1594.761	1819.768	225.007	1540.225	754.130	0.125	0.062	0.339	0.363
sub-103_task-EyeTracking_physio	208	1844.767	2044.777	200.010	1449.045	721.765	0.086	0.028	0.182	0.319
sub-103_task-EyeTracking_physio	208	2061.444	3003.130	941.686	1404.745	682.690	0.115	0.117	0.593	0.751
sub-103_task-EyeTracking_physio	209	-96.201	87.138	183.339	1302.672	717.977	0.154	0.076	0.188	0.905
sub-103_task-EyeTracking_physio	209	103.804	428.816	325.012	1326.025	718.625	0.118	0.035	0.197	0.588
sub-103_task-EyeTracking_physio	209	453.815	837.158	383.343	1286.370	742.372	0.200	0.089	0.396	0.664
sub-103_task-EyeTracking_physio	209	853.825	1562.176	708.351	1264.170	751.490	0.156	0.080	0.445	0.777
sub-103_task-EyeTracking_physio	209	1578.843	1787.180	208.337	1282.685	726.695	0.175	0.040	0.181	0.392
sub-103_task-EyeTracking_physio	209	1803.847	1995.521	191.674	1319.835	731.360	0.163	0.088	0.308	0.567
sub-103_task-EyeTracking_physio	209	2020.521	2262.195	241.674	1357.425	740.375	0.139	0.061	0.243	0.450
sub-103_task-EyeTracking_physio	209	2287.195	2578.869	291.674	1403.500	767.585	0.184	0.057	0.344	0.719
sub-103_task-EyeTracking_physio	209	2595.536	2862.206	266.670	1408.628	787.640	0.133	0.049	0.215	0.441
sub-103_task-EyeTracking_physio	209	2878.873	3003.875	125.002	1440.105	760.955	0.104	0.033	0.272	0.219
sub-103_task-EyeTracking_physio	210	-827.530	-519.184	308.346	1329.430	749.885	0.123	0.062	0.360	0.543
sub-103_task-EyeTracking_physio	210	-152.511	280.839	433.350	1287.390	739.602	0.148	0.132	0.361	1.054
sub-103_task-EyeTracking_physio	210	297.506	522.510	225.004	1335.730	737.025	0.139	0.040	0.242	0.362
sub-103_task-EyeTracking_physio	210	539.177	755.845	216.668	1383.352	702.957	0.206	0.052	0.316	0.463
sub-103_task-EyeTracking_physio	210	772.515	1014.186	241.671	1382.975	637.615	0.119	0.032	0.161	0.337
sub-103_task-EyeTracking_physio	210	1030.854	1230.858	200.004	1321.762	606.045	0.104	0.033	0.261	0.379
sub-103_task-EyeTracking_physio	210	1255.857	1455.865	200.008	1205.733	613.085	0.080	0.029	0.193	0.381
sub-103_task-EyeTracking_physio	210	1480.865	1739.204	258.339	1112.040	679.345	0.103	0.041	0.193	0.409
sub-103_task-EyeTracking_physio	210	1755.870	1880.875	125.005	1068.250	734.995	0.105	0.053	0.246	0.378
sub-103_task-EyeTracking_physio	210	2089.215	2497.560	408.345	1179.005	729.360	0.152	0.108	0.375	0.649
sub-103_task-EyeTracking_physio	210	2522.560	2814.234	291.674	1055.900	728.180	0.148	0.056	0.290	0.540
sub-103_task-EyeTracking_physio	210	2839.234	2997.569	158.335	1015.350	752.335	0.134	0.050	0.282	0.447
sub-103_task-EyeTracking_physio	211	-2109.491	-1934.485	175.006	1237.200	736.180	0.137	0.070	0.318	0.361
sub-103_task-EyeTracking_physio	211	-1559.474	-1367.804	191.670	1233.005	758.500	0.283	0.148	0.253	1.272
sub-103_task-EyeTracking_physio	211	-1351.138	-492.788	858.350	1276.610	735.375	0.154	0.065	0.287	0.625
sub-103_task-EyeTracking_physio	211	-467.787	198.898	666.685	1283.277	710.577	0.111	0.054	0.316	0.431
sub-103_task-EyeTracking_physio	211	223.897	407.237	183.340	1326.575	707.352	0.103	0.047	0.247	0.354
sub-103_task-EyeTracking_physio	211	432.236	615.572	183.336	1414.040	697.080	0.161	0.051	0.369	0.314
sub-103_task-EyeTracking_physio	211	640.571	832.244	191.673	1539.580	723.935	0.178	0.049	0.313	0.328
sub-103_task-EyeTracking_physio	211	857.244	1098.926	241.682	1643.070	807.770	0.170	0.061	0.395	0.578
sub-103_task-EyeTracking_physio	211	1123.926	1432.270	308.344	1699.950	874.055	0.172	0.061	0.314	0.477
sub-103_task-EyeTracking_physio	211	1465.603	1690.605	225.002	1589.530	845.205	0.128	0.071	0.390	0.417
sub-103_task-EyeTracking_physio	211	1715.610	1940.612	225.002	1433.860	785.620	0.151	0.053	0.289	0.461
sub-103_task-EyeTracking_physio	211	1965.615	2165.618	200.003	1322.227	730.392	0.127	0.039	0.249	0.400
sub-103_task-EyeTracking_physio	211	2190.618	2432.293	241.675	1257.285	700.145	0.093	0.032	0.200	0.315
sub-103_task-EyeTracking_physio	211	2457.292	2998.973	541.681	1194.740	694.445	0.102	0.039	0.210	0.515
sub-103_task-EyeTracking_physio	212	-2719.478	-2527.811	191.667	1237.750	759.430	0.290	0.141	0.214	1.700
sub-103_task-EyeTracking_physio	212	-2202.801	-1969.463	233.338	1289.117	779.118	0.189	0.137	0.259	1.236
sub-103_task-EyeTracking_physio	212	-1952.793	-1802.788	150.005	1221.695	737.650	0.181	0.104	0.383	0.530
sub-103_task-EyeTracking_physio	212	-1777.788	-1519.449	258.339	1277.265	730.750	0.124	0.055	0.268	0.611
sub-103_task-EyeTracking_physio	212	-1477.783	-1119.440	358.343	1123.550	744.670	0.084	0.016	0.153	0.266
sub-103_task-EyeTracking_physio	212	-1094.441	-886.102	208.339	1218.140	742.715	0.101	0.023	0.140	0.360
sub-103_task-EyeTracking_physio	212	-861.102	-586.097	275.005	1290.410	753.120	0.142	0.044	0.248	0.524
sub-103_task-EyeTracking_physio	212	-569.431	313.928	883.359	1274.760	721.880	0.138	0.124	0.744	0.565
sub-103_task-EyeTracking_physio	212	322.261	430.600	108.339	1313.795	727.310	0.145	0.041	0.233	0.497
sub-103_task-EyeTracking_physio	212	455.600	647.270	191.670	1399.955	724.425	0.176	0.089	0.381	0.485
sub-103_task-EyeTracking_physio	212	672.273	888.941	216.668	1530.707	734.088	0.138	0.056	0.334	0.446
sub-103_task-EyeTracking_physio	212	913.941	1172.281	258.340	1570.260	756.185	0.079	0.023	0.253	0.240
sub-103_task-EyeTracking_physio	212	1197.285	1455.626	258.341	1628.830	765.550	0.091	0.051	0.366	0.336
sub-103_task-EyeTracking_physio	212	1472.293	1938.967	466.674	1640.365	748.070	0.202	0.108	0.623	0.509
sub-103_task-EyeTracking_physio	212	1947.300	2255.643	308.343	1638.140	723.855	0.144	0.076	0.312	0.471
sub-103_task-EyeTracking_physio	212	2280.644	2872.325	591.681	1552.105	737.695	0.187	0.060	0.304	0.540
sub-103_task-EyeTracking_physio	213	-1605.742	-1414.074	191.668	1590.160	734.230	0.196	0.071	0.258	0.692
sub-103_task-EyeTracking_physio	213	-1389.069	-1214.066	175.003	1381.750	946.753	2.814	11.580	1.495	13.211
sub-103_task-EyeTracking_physio	213	-680.719	-505.716	175.003	1302.985	809.365	0.220	0.074	0.170	1.030
sub-103_task-EyeTracking_physio	213	-480.717	252.637	733.354	1277.060	760.770	0.224	0.208	0.382	1.493
sub-103_task-EyeTracking_physio	213	269.303	494.305	225.002	1307.005	737.205	0.146	0.035	0.162	0.523
sub-103_task-EyeTracking_physio	213	510.971	710.976	200.005	1398.530	684.348	0.233	0.065	0.379	0.508
sub-103_task-EyeTracking_physio	213	727.641	994.317	266.676	1419.735	649.178	0.216	0.050	0.258	0.492
sub-103_task-EyeTracking_physio	213	1010.983	1152.654	141.671	1393.520	606.965	0.098	0.044	0.252	0.295
sub-103_task-EyeTracking_physio	213	1160.987	1469.328	308.341	1385.535	653.420	0.109	0.039	0.203	0.562
sub-103_task-EyeTracking_physio	213	1494.332	1711.000	216.668	1298.005	689.730	0.090	0.025	0.162	0.313
sub-103_task-EyeTracking_physio	213	1727.666	1952.673	225.007	1203.360	720.555	0.133	0.041	0.212	0.428
sub-103_task-EyeTracking_physio	213	1986.006	2161.014	175.008	1112.735	745.700	0.100	0.029	0.113	0.487
sub-103_task-EyeTracking_physio	213	2186.014	2394.347	208.333	1045.780	774.675	0.090	0.016	0.123	0.244
sub-103_task-EyeTracking_physio	213	2419.355	2652.690	233.335	970.850	822.633	0.140	0.042	0.245	0.428
sub-103_task-EyeTracking_physio	213	2677.692	2836.027	158.335	913.090	849.210	0.087	0.025	0.135	0.334
sub-103_task-EyeTracking_physio	213	2861.027	3002.699	141.672	999.785	830.150	0.137	0.033	0.125	0.470
sub-103_task-EyeTracking_physio	214	-831.525	-689.851	141.674	1291.740	736.290	0.124	0.038	0.167	0.399
sub-103_task-EyeTracking_physio	214	-264.837	201.835	466.672	1294.923	719.632	0.111	0.181	0.491	0.812
sub-103_task-EyeTracking_physio	214	218.501	568.511	350.010	1332.588	749.852	0.113	0.049	0.233	0.579
sub-103_task-EyeTracking_physio	214	601.843	835.187	233.344	1197.072	769.577	0.104	0.055	0.319	0.405
sub-103_task-EyeTracking_physio	214	851.854	1068.523	216.669	1111.932	773.745	0.099	0.067	0.299	0.402
sub-103_task-EyeTracking_physio	214	1085.189	1351.863	266.674	1043.685	799.775	0.100	0.056	0.279	0.476
sub-103_task-EyeTracking_physio	214	1360.197	1660.203	300.006	1007.897	795.500	0.128	0.074	0.218	0.622
sub-103_task-EyeTracking_physio	214	1868.543	2260.221	391.678	1070.065	755.090	0.114	0.038	0.206	0.463
sub-103_task-EyeTracking_physio	214	2276.887	2560.227	283.340	1125.550	748.815	0.127	0.035	0.254	0.383
sub-103_task-EyeTracking_physio	214	2585.231	2818.566	233.335	1291.710	763.388	0.165	0.051	0.250	0.587
sub-103_task-EyeTracking_physio	214	2851.901	3001.907	150.006	1482.745	797.663	0.113	0.040	0.274	0.453
sub-103_task-EyeTracking_physio	215	-688.981	-513.978	175.003	1332.345	717.025	0.114	0.066	0.248	0.482
sub-103_task-EyeTracking_physio	215	-497.306	486.050	983.356	1286.162	700.685	0.111	0.062	0.358	0.544
sub-103_task-EyeTracking_physio	215	519.384	736.056	216.672	1432.553	703.890	0.094	0.017	0.176	0.213
sub-103_task-EyeTracking_physio	215	752.723	952.729	200.006	1539.278	714.560	0.102	0.043	0.211	0.416
sub-103_task-EyeTracking_physio	215	969.397	1402.738	433.341	1624.993	719.048	0.089	0.058	0.259	0.513
sub-103_task-EyeTracking_physio	215	1419.405	1719.411	300.006	1609.352	679.845	0.103	0.043	0.282	0.393
sub-103_task-EyeTracking_physio	215	1744.414	2036.087	291.673	1527.470	692.245	0.086	0.027	0.205	0.294
sub-103_task-EyeTracking_physio	215	2052.754	2269.427	216.673	1421.062	695.835	0.092	0.054	0.304	0.314
sub-103_task-EyeTracking_physio	215	2319.425	2502.761	183.336	1301.595	713.838	0.093	0.025	0.123	0.456
sub-103_task-EyeTracking_physio	215	2519.434	2802.775	283.341	1220.245	703.562	0.102	0.063	0.450	0.412
sub-103_task-EyeTracking_physio	215	2819.441	3002.776	183.335	1217.007	747.035	0.081	0.016	0.152	0.202
sub-103_task-EyeTracking_physio	216	-934.908	-768.236	166.672	1215.308	746.150	0.151	0.060	0.256	0.513
sub-103_task-EyeTracking_physio	216	-384.895	90.118	475.013	1290.345	705.475	0.119	0.070	0.216	0.900
sub-103_task-EyeTracking_physio	216	98.451	331.787	233.336	1272.533	745.013	0.130	0.041	0.179	0.514
sub-103_task-EyeTracking_physio	216	348.459	556.795	208.336	1295.740	763.285	0.103	0.046	0.213	0.467
sub-103_task-EyeTracking_physio	216	581.794	815.136	233.342	1425.865	798.558	0.111	0.052	0.254	0.402
sub-103_task-EyeTracking_physio	216	840.135	1048.472	208.337	1509.695	813.200	0.116	0.044	0.155	0.529
sub-103_task-EyeTracking_physio	216	1065.139	1298.482	233.343	1559.202	824.140	0.097	0.039	0.158	0.451
sub-103_task-EyeTracking_physio	216	1306.815	1490.150	183.335	1537.332	829.400	0.083	0.070	0.262	0.423
sub-103_task-EyeTracking_physio	216	1515.153	1690.156	175.003	1462.045	781.995	0.087	0.029	0.200	0.298
sub-103_task-EyeTracking_physio	216	1706.822	1948.495	241.673	1400.960	749.485	0.088	0.022	0.138	0.316
sub-103_task-EyeTracking_physio	216	1965.162	2140.165	175.003	1427.435	749.140	0.097	0.025	0.143	0.349
sub-103_task-EyeTracking_physio	216	2156.832	2531.839	375.007	1399.315	726.205	0.096	0.031	0.225	0.355
sub-103_task-EyeTracking_physio	216	2540.173	2673.510	133.337	1430.240	764.128	0.103	0.024	0.153	0.335
sub-103_task-EyeTracking_physio	216	2681.844	2940.185	258.341	1399.195	737.840	0.089	0.032	0.253	0.345
sub-103_task-EyeTracking_physio	217	-458.363	-216.691	241.672	1287.480	747.890	0.095	0.029	0.149	0.416
sub-103_task-EyeTracking_physio	217	-191.691	333.322	525.013	1295.190	716.475	0.158	0.055	0.192	0.817
sub-103_task-EyeTracking_physio	217	349.988	566.663	216.675	1373.545	722.150	0.114	0.058	0.198	0.521
sub-103_task-EyeTracking_physio	217	591.663	899.998	308.335	1443.470	755.235	0.106	0.034	0.165	0.407
sub-103_task-EyeTracking_physio	217	933.331	1216.672	283.341	1461.675	825.100	0.094	0.039	0.234	0.401
sub-103_task-EyeTracking_physio	217	1241.675	1500.019	258.344	1383.935	862.990	0.096	0.050	0.265	0.346
sub-103_task-EyeTracking_physio	217	1516.685	1750.023	233.338	1297.140	861.118	0.095	0.030	0.198	0.307
sub-103_task-EyeTracking_physio	217	1766.689	2000.023	233.334	1209.797	862.118	0.106	0.035	0.265	0.343
sub-103_task-EyeTracking_physio	217	2016.695	2241.699	225.004	1149.450	868.715	0.137	0.056	0.264	0.505
sub-103_task-EyeTracking_physio	217	2266.703	2433.372	166.669	1088.160	856.967	0.112	0.045	0.222	0.363
sub-103_task-EyeTracking_physio	217	2450.040	2683.376	233.336	1052.512	829.882	0.092	0.026	0.178	0.383
sub-103_task-EyeTracking_physio	217	2700.043	2875.044	175.001	1015.145	819.585	0.117	0.047	0.135	0.669
sub-103_task-EyeTracking_physio	217	2900.044	3025.050	125.006	1037.980	802.400	0.096	0.028	0.219	0.238
sub-103_task-EyeTracking_physio	218	-1313.359	-1055.020	258.339	1264.670	753.210	0.151	0.182	0.345	1.175
sub-103_task-EyeTracking_physio	218	-1030.021	-863.347	166.674	1189.110	766.118	0.107	0.023	0.204	0.267
sub-103_task-EyeTracking_physio	218	-846.680	-671.679	175.001	1144.540	774.455	0.172	0.040	0.221	0.620
sub-103_task-EyeTracking_physio	218	-655.012	-438.338	216.674	1191.600	758.037	0.173	0.049	0.203	0.713
sub-103_task-EyeTracking_physio	218	-421.672	-263.335	158.337	1256.530	754.270	0.095	0.025	0.173	0.288
sub-103_task-EyeTracking_physio	218	-246.668	261.676	508.344	1288.795	708.205	0.099	0.043	0.222	0.607
sub-103_task-EyeTracking_physio	218	270.009	528.349	258.340	1286.620	743.850	0.097	0.046	0.195	0.568
sub-103_task-EyeTracking_physio	218	553.352	761.690	208.338	1351.760	798.060	0.097	0.031	0.180	0.498
sub-103_task-EyeTracking_physio	218	795.021	995.031	200.010	1440.717	795.173	0.086	0.025	0.189	0.201
sub-103_task-EyeTracking_physio	218	1011.697	1228.371	216.674	1540.700	793.950	0.114	0.054	0.330	0.316
sub-103_task-EyeTracking_physio	218	1253.370	1603.378	350.008	1622.840	819.618	0.072	0.028	0.248	0.288
sub-103_task-EyeTracking_physio	218	1836.711	2020.054	183.343	1565.960	832.890	0.500	0.624	0.673	2.600
sub-103_task-EyeTracking_physio	218	2045.054	2328.392	283.338	1376.863	829.602	0.105	0.054	0.310	0.382
sub-103_task-EyeTracking_physio	218	2345.058	2553.399	208.341	1302.235	803.390	0.104	0.038	0.253	0.335
sub-103_task-EyeTracking_physio	218	2578.398	2786.740	208.342	1202.775	784.210	0.086	0.035	0.201	0.411
sub-103_task-EyeTracking_physio	218	2803.407	2995.074	191.667	1112.775	781.190	0.112	0.058	0.215	0.419
sub-103_task-EyeTracking_physio	219	-951.933	-793.596	158.337	1019.740	798.665	0.075	0.079	0.313	0.324
sub-103_task-EyeTracking_physio	219	-768.596	-568.592	200.004	1269.707	738.058	0.134	0.076	0.293	0.414
sub-103_task-EyeTracking_physio	219	-243.582	306.429	550.011	1280.128	696.668	0.103	0.047	0.238	0.729
sub-103_task-EyeTracking_physio	219	323.096	481.434	158.338	1319.015	716.125	0.093	0.021	0.217	0.211
sub-103_task-EyeTracking_physio	219	498.101	698.105	200.004	1460.455	738.888	0.091	0.022	0.239	0.241
sub-103_task-EyeTracking_physio	219	731.438	1123.115	391.677	1595.280	819.175	0.094	0.040	0.299	0.378
sub-103_task-EyeTracking_physio	219	1139.787	1373.120	233.333	1533.910	830.947	0.094	0.024	0.159	0.278
sub-103_task-EyeTracking_physio	219	1398.126	1614.794	216.668	1416.898	825.097	0.172	0.064	0.237	0.505
sub-103_task-EyeTracking_physio	219	1631.460	1864.801	233.341	1278.217	808.450	0.137	0.057	0.371	0.419
sub-103_task-EyeTracking_physio	219	1889.801	2114.808	225.007	1182.715	811.940	0.124	0.029	0.173	0.412
sub-103_task-EyeTracking_physio	219	2131.475	2331.480	200.005	1110.717	800.370	0.094	0.044	0.212	0.371
sub-103_task-EyeTracking_physio	219	2356.481	2581.487	225.006	1112.095	695.450	0.103	0.029	0.134	0.393
sub-103_task-EyeTracking_physio	219	2598.154	2714.825	116.671	1098.497	631.643	0.083	0.026	0.119	0.389
sub-103_task-EyeTracking_physio	219	2739.824	2998.165	258.341	1172.035	605.720	0.073	0.026	0.238	0.224
sub-103_task-EyeTracking_physio	220	-806.909	-623.573	183.336	1280.652	704.648	0.155	0.079	0.457	0.399
sub-103_task-EyeTracking_physio	220	-431.898	284.782	716.680	1279.822	697.795	0.097	0.069	0.267	0.795
sub-103_task-EyeTracking_physio	220	293.115	501.455	208.340	1306.365	703.980	0.100	0.039	0.182	0.510
sub-103_task-EyeTracking_physio	220	518.120	734.796	216.676	1397.035	702.062	0.129	0.071	0.407	0.410
sub-103_task-EyeTracking_physio	220	759.796	976.462	216.666	1465.465	625.803	0.074	0.009	0.132	0.226
sub-103_task-EyeTracking_physio	220	993.129	1243.133	250.004	1435.597	575.912	0.088	0.034	0.281	0.347
sub-103_task-EyeTracking_physio	220	1276.470	1468.141	191.671	1335.400	542.705	0.078	0.015	0.193	0.197
sub-103_task-EyeTracking_physio	220	1493.141	1701.479	208.338	1235.730	600.925	0.093	0.028	0.218	0.259
sub-103_task-EyeTracking_physio	220	1726.479	1893.152	166.673	1158.988	659.817	0.079	0.026	0.252	0.293
sub-103_task-EyeTracking_physio	220	1901.486	2151.488	250.002	1223.757	709.985	0.120	0.042	0.263	0.432
sub-103_task-EyeTracking_physio	220	2209.825	2368.162	158.337	1310.465	710.945	0.077	0.015	0.161	0.204
sub-103_task-EyeTracking_physio	220	2384.829	2584.833	200.004	1432.148	702.680	0.080	0.021	0.246	0.245
sub-103_task-EyeTracking_physio	220	2601.499	2818.169	216.670	1516.342	706.185	0.099	0.030	0.261	0.309
sub-103_task-EyeTracking_physio	220	2834.839	3001.510	166.671	1577.383	704.985	0.102	0.041	0.165	0.468
sub-103_task-EyeTracking_physio	221	-303.793	246.217	550.010	1281.773	694.352	0.108	0.046	0.216	0.661
sub-103_task-EyeTracking_physio	221	262.889	521.229	258.340	1291.610	729.960	0.107	0.032	0.193	0.365
sub-103_task-EyeTracking_physio	221	537.894	996.237	458.343	1334.020	807.465	0.208	0.145	0.386	1.246
sub-103_task-EyeTracking_physio	221	1012.904	1246.244	233.340	1392.030	865.100	0.277	0.077	0.225	1.000
sub-103_task-EyeTracking_physio	221	1271.244	1529.582	258.338	1474.785	887.840	0.235	0.062	0.260	0.685
sub-103_task-EyeTracking_physio	221	1546.249	1796.256	250.007	1542.585	902.697	0.234	0.082	0.238	0.863
sub-103_task-EyeTracking_physio	221	1812.924	2037.929	225.005	1599.865	900.115	0.166	0.065	0.295	0.731
sub-103_task-EyeTracking_physio	221	2062.928	2304.604	241.676	1416.740	876.070	0.190	0.081	0.291	0.686
sub-103_task-EyeTracking_physio	221	2329.603	2579.608	250.005	1239.697	855.297	0.197	0.051	0.215	0.600
sub-103_task-EyeTracking_physio	221	2596.273	2837.949	241.676	1127.290	847.565	0.306	0.094	0.310	0.821
sub-103_task-EyeTracking_physio	221	2871.282	3004.619	133.337	1050.025	860.562	0.145	0.031	0.115	0.473
sub-103_task-EyeTracking_physio	222	-1666.302	-1466.294	200.008	1262.125	769.190	0.159	0.041	0.157	0.477
sub-103_task-EyeTracking_physio	222	-1232.952	-782.945	450.007	1282.178	697.918	0.102	0.088	0.490	0.442
sub-103_task-EyeTracking_physio	222	-757.944	-416.268	341.676	1282.800	852.315	0.203	0.062	0.262	0.655
sub-103_task-EyeTracking_physio	222	-399.601	-249.599	150.002	1299.438	786.260	0.293	0.083	0.262	0.876
sub-103_task-EyeTracking_physio	222	-232.932	417.083	650.015	1286.133	706.995	0.102	0.057	0.328	0.575
sub-103_task-EyeTracking_physio	222	425.417	542.086	116.669	1194.035	866.662	NaN	0.000	3.027	0.829
sub-103_task-EyeTracking_physio	222	558.752	792.093	233.341	1336.952	744.027	0.109	0.037	0.181	0.531
sub-103_task-EyeTracking_physio	222	808.760	1092.097	283.337	1384.255	723.990	0.116	0.041	0.286	0.402
sub-103_task-EyeTracking_physio	222	1108.763	1292.105	183.342	1406.043	668.053	0.110	0.029	0.269	0.326
sub-103_task-EyeTracking_physio	222	1308.771	1542.113	233.342	1335.832	648.080	0.086	0.029	0.168	0.440
sub-103_task-EyeTracking_physio	222	1558.780	1883.784	325.004	1276.240	625.225	0.084	0.032	0.225	0.391
sub-103_task-EyeTracking_physio	222	1900.454	2200.459	300.005	1280.850	668.837	0.094	0.021	0.167	0.350
sub-103_task-EyeTracking_physio	222	2217.126	2450.465	233.339	1273.237	710.618	0.084	0.016	0.174	0.264
sub-103_task-EyeTracking_physio	222	2467.132	2692.139	225.007	1164.655	734.765	0.114	0.050	0.318	0.406
sub-103_task-EyeTracking_physio	222	2708.805	2917.141	208.336	1072.820	732.305	0.101	0.092	0.353	0.603
sub-103_task-EyeTracking_physio	223	-1311.028	-1086.021	225.007	1245.810	719.520	0.095	0.051	0.261	0.413
sub-103_task-EyeTracking_physio	223	-719.350	-494.343	225.007	1308.910	711.615	0.101	0.053	0.178	0.728
sub-103_task-EyeTracking_physio	223	-486.010	264.007	750.017	1286.315	695.817	0.085	0.053	0.301	0.567
sub-103_task-EyeTracking_physio	223	305.673	480.675	175.002	1313.590	701.735	0.085	0.041	0.152	0.417
sub-103_task-EyeTracking_physio	223	497.347	772.353	275.006	1357.260	666.470	0.086	0.019	0.228	0.246
sub-103_task-EyeTracking_physio	223	789.019	1039.026	250.007	1344.375	642.632	0.073	0.030	0.185	0.364
sub-103_task-EyeTracking_physio	223	1055.694	1239.028	183.334	1299.343	630.902	0.076	0.021	0.126	0.317
sub-103_task-EyeTracking_physio	223	1255.694	1597.373	341.679	1248.115	592.430	0.089	0.019	0.167	0.292
sub-103_task-EyeTracking_physio	223	1614.038	1847.381	233.343	1331.265	632.840	0.079	0.030	0.172	0.305
sub-103_task-EyeTracking_physio	223	1872.379	2047.381	175.002	1384.760	670.055	0.101	0.024	0.246	0.278
sub-103_task-EyeTracking_physio	223	2072.386	2264.057	191.671	1463.925	695.280	0.097	0.032	0.217	0.301
sub-103_task-EyeTracking_physio	223	2280.724	2489.061	208.337	1550.220	720.240	0.087	0.035	0.245	0.385
sub-103_task-EyeTracking_physio	223	2514.061	2655.731	141.670	1629.250	736.910	0.097	0.024	0.242	0.208
sub-103_task-EyeTracking_physio	223	2680.730	2780.732	100.002	1623.430	1126.500	NaN	0.000	1.569	0.153
sub-103_task-EyeTracking_physio	223	2805.732	3005.742	200.010	1674.868	778.650	0.101	0.171	0.249	1.036
sub-103_task-EyeTracking_physio	224	-871.601	-679.934	191.667	1431.555	746.040	0.136	0.040	0.293	0.369
sub-103_task-EyeTracking_physio	224	-663.268	-496.596	166.672	1290.287	726.505	0.135	0.064	0.389	0.403
sub-103_task-EyeTracking_physio	224	-304.924	-104.920	200.004	1291.513	704.098	0.092	0.052	0.169	0.559
sub-103_task-EyeTracking_physio	224	-96.586	395.092	491.678	1272.800	721.245	0.116	0.049	0.289	0.550
sub-103_task-EyeTracking_physio	224	428.428	611.765	183.337	1314.520	775.885	0.084	0.019	0.195	0.263
sub-103_task-EyeTracking_physio	224	636.764	811.767	175.003	1412.230	859.410	0.253	0.064	0.204	0.812
sub-103_task-EyeTracking_physio	224	828.437	1036.773	208.336	1496.875	876.390	0.245	0.059	0.238	0.845
sub-103_task-EyeTracking_physio	224	1053.440	1445.117	391.677	1577.795	875.455	0.144	0.035	0.222	0.641
sub-103_task-EyeTracking_physio	224	1470.116	1703.460	233.344	1433.997	831.895	0.143	0.060	0.239	0.545
sub-103_task-EyeTracking_physio	224	1728.460	1928.461	200.001	1281.690	806.755	0.096	0.035	0.144	0.362
sub-103_task-EyeTracking_physio	224	1953.460	2153.469	200.009	1143.267	787.967	0.081	0.026	0.218	0.279
sub-103_task-EyeTracking_physio	224	2170.136	2386.806	216.670	1043.955	767.950	0.113	0.052	0.241	0.459
sub-103_task-EyeTracking_physio	224	2395.143	2603.480	208.337	1025.110	748.690	0.114	0.040	0.222	0.416
sub-103_task-EyeTracking_physio	224	2645.147	2845.154	200.007	1088.525	632.587	0.076	0.012	0.193	0.149
sub-103_task-EyeTracking_physio	224	2870.153	3003.490	133.337	1164.237	581.415	0.078	0.024	0.129	0.394
sub-103_task-EyeTracking_physio	225	-446.924	-146.912	300.012	1299.885	720.030	0.101	0.078	0.263	0.777
sub-103_task-EyeTracking_physio	225	-138.579	19.762	158.341	1285.190	694.815	0.084	0.017	0.149	0.206
sub-103_task-EyeTracking_physio	225	36.428	278.097	241.669	1285.570	710.645	0.082	0.022	0.167	0.290
sub-103_task-EyeTracking_physio	225	294.764	636.440	341.676	1301.730	736.810	0.112	0.069	0.404	0.479
sub-103_task-EyeTracking_physio	225	661.441	869.776	208.335	1276.965	650.075	0.091	0.039	0.163	0.507
sub-103_task-EyeTracking_physio	225	886.443	1153.123	266.680	1258.842	600.770	0.084	0.017	0.161	0.250
sub-103_task-EyeTracking_physio	225	1169.791	1344.791	175.000	1241.430	562.070	0.075	0.021	0.195	0.300
sub-103_task-EyeTracking_physio	225	1353.125	1578.131	225.006	1234.890	585.175	0.071	0.016	0.191	0.231
sub-103_task-EyeTracking_physio	225	1603.132	1786.466	183.334	1271.225	642.940	0.085	0.020	0.177	0.248
sub-103_task-EyeTracking_physio	225	1811.474	2194.810	383.336	1278.770	742.128	0.089	0.020	0.192	0.271
sub-103_task-EyeTracking_physio	225	2219.816	2436.485	216.669	1455.267	748.625	0.093	0.042	0.256	0.452
sub-103_task-EyeTracking_physio	225	2461.485	2769.830	308.345	1548.810	762.420	0.089	0.046	0.252	0.332
sub-103_task-EyeTracking_physio	225	2786.497	3003.173	216.676	1514.525	698.675	0.079	0.027	0.145	0.413
sub-103_task-EyeTracking_physio	226	-505.616	269.404	775.020	1284.025	743.185	0.109	0.123	0.409	0.841
sub-103_task-EyeTracking_physio	226	286.070	752.748	466.678	1285.160	703.283	0.098	0.065	0.208	0.659
sub-103_task-EyeTracking_physio	226	769.414	1036.088	266.674	1233.108	670.210	0.068	0.018	0.176	0.328
sub-103_task-EyeTracking_physio	226	1061.088	1352.762	291.674	1176.780	666.060	0.113	0.055	0.215	0.597
sub-103_task-EyeTracking_physio	226	1377.761	1519.434	141.673	1111.265	673.135	0.087	0.015	0.129	0.194
sub-103_task-EyeTracking_physio	226	1536.101	1752.772	216.671	1175.585	672.980	0.090	0.045	0.283	0.388
sub-103_task-EyeTracking_physio	226	1777.770	1969.444	191.674	1292.400	684.185	0.076	0.029	0.140	0.362
sub-103_task-EyeTracking_physio	226	1986.110	2127.782	141.672	1359.965	701.115	0.071	0.023	0.148	0.213
sub-103_task-EyeTracking_physio	226	2144.449	2394.455	250.006	1242.138	662.722	0.127	0.064	0.315	0.511
sub-103_task-EyeTracking_physio	226	2411.122	2869.468	458.346	1201.250	669.670	0.088	0.034	0.353	0.383
sub-103_task-EyeTracking_physio	226	2886.135	3002.803	116.668	1241.783	665.203	0.139	0.073	0.306	0.388
sub-103_task-EyeTracking_physio	227	-697.735	-539.401	158.334	1298.700	676.705	0.087	0.014	0.139	0.207
sub-103_task-EyeTracking_physio	227	-497.728	327.290	825.018	1284.685	708.710	0.097	0.099	0.346	0.776
sub-103_task-EyeTracking_physio	227	518.964	1035.639	516.675	1301.175	641.535	0.146	0.133	0.392	0.710
sub-103_task-EyeTracking_physio	227	1060.642	1302.315	241.673	1291.710	616.825	0.091	0.020	0.143	0.343
sub-103_task-EyeTracking_physio	227	1327.315	1902.326	575.011	1311.855	613.720	0.119	0.051	0.236	0.548
sub-103_task-EyeTracking_physio	227	1918.994	2185.669	266.675	1292.665	619.372	0.086	0.030	0.164	0.378
sub-103_task-EyeTracking_physio	227	2202.337	3002.359	800.022	1311.405	614.048	0.105	0.059	0.334	0.416
sub-103_task-EyeTracking_physio	228	-1124.257	-915.920	208.337	1262.840	709.190	0.135	0.067	0.146	0.953
sub-103_task-EyeTracking_physio	228	-382.575	-115.902	266.673	1306.300	695.695	0.133	0.061	0.166	0.878
sub-103_task-EyeTracking_physio	228	-99.235	109.105	208.340	1285.840	701.210	0.120	0.027	0.150	0.572
sub-103_task-EyeTracking_physio	228	117.437	334.113	216.676	1304.830	693.072	0.123	0.052	0.313	0.368
sub-103_task-EyeTracking_physio	228	350.781	575.786	225.005	1305.020	661.355	0.147	0.043	0.172	0.522
sub-103_task-EyeTracking_physio	228	600.787	900.787	300.000	1329.860	649.178	0.122	0.025	0.186	0.394
sub-103_task-EyeTracking_physio	228	925.794	1134.133	208.339	1441.945	658.350	0.139	0.053	0.269	0.378
sub-103_task-EyeTracking_physio	228	1159.133	1317.467	158.334	1530.210	675.135	0.132	0.021	0.122	0.356
sub-103_task-EyeTracking_physio	228	1359.139	1675.811	316.672	1462.383	622.743	0.103	0.049	0.231	0.452
sub-103_task-EyeTracking_physio	228	1692.477	1917.485	225.008	1406.705	636.480	0.085	0.021	0.160	0.293
sub-103_task-EyeTracking_physio	228	1942.485	2150.824	208.339	1331.740	638.455	0.082	0.035	0.222	0.309
sub-103_task-EyeTracking_physio	228	2167.490	2450.833	283.343	1303.505	655.225	0.087	0.019	0.147	0.351
sub-103_task-EyeTracking_physio	228	2467.499	2759.170	291.671	1278.135	662.570	0.066	0.012	0.179	0.134
sub-103_task-EyeTracking_physio	228	2784.169	3000.843	216.674	1307.062	668.600	0.069	0.012	0.143	0.157
sub-103_task-EyeTracking_physio	229	-1034.496	-892.827	141.669	1369.920	677.105	0.056	0.006	0.109	0.099
sub-103_task-EyeTracking_physio	229	-192.812	-42.810	150.002	1322.935	716.615	0.091	0.059	0.180	0.578
sub-103_task-EyeTracking_physio	229	-34.477	332.198	366.675	1294.362	706.185	0.112	0.035	0.173	0.478
sub-103_task-EyeTracking_physio	229	348.865	557.207	208.342	1321.090	722.880	0.103	0.024	0.132	0.350
sub-103_task-EyeTracking_physio	229	573.874	740.544	166.670	1337.078	698.447	0.123	0.039	0.201	0.388
sub-103_task-EyeTracking_physio	229	757.209	957.217	200.008	1411.347	722.385	0.116	0.038	0.199	0.324
sub-103_task-EyeTracking_physio	229	973.883	1207.223	233.340	1450.068	761.808	0.099	0.047	0.229	0.429
sub-103_task-EyeTracking_physio	229	1223.891	1948.907	725.016	1417.190	752.695	0.113	0.143	0.521	0.626
sub-103_task-EyeTracking_physio	229	1965.577	2148.914	183.337	1475.162	733.425	0.179	0.035	0.131	0.460
sub-103_task-EyeTracking_physio	229	2173.913	2373.922	200.009	1538.882	728.485	0.100	0.018	0.207	0.224
sub-103_task-EyeTracking_physio	229	2390.589	2657.260	266.671	1504.747	721.653	0.097	0.029	0.161	0.393
sub-103_task-EyeTracking_physio	229	2682.261	2998.933	316.672	1477.040	728.533	0.097	0.049	0.336	0.463
sub-103_task-EyeTracking_physio	230	-3300.309	-3025.302	275.007	1398.970	712.540	0.203	0.096	0.222	1.044
sub-103_task-EyeTracking_physio	230	-3000.302	-2591.960	408.342	1314.375	713.495	0.138	0.063	0.161	0.802
sub-103_task-EyeTracking_physio	230	-2575.287	-2225.283	350.004	1358.733	713.585	0.145	0.042	0.265	0.412
sub-103_task-EyeTracking_physio	230	-2041.940	-1866.938	175.002	1301.920	688.485	0.118	0.067	0.217	0.534
sub-103_task-EyeTracking_physio	230	-1841.938	-1400.257	441.681	1356.585	700.540	0.119	0.028	0.192	0.449
sub-103_task-EyeTracking_physio	230	-1375.257	-1183.589	191.668	1310.580	698.455	0.078	0.027	0.184	0.261
sub-103_task-EyeTracking_physio	230	-1025.252	-891.916	133.336	1312.472	680.595	0.103	0.043	0.153	0.464
sub-103_task-EyeTracking_physio	230	-883.583	-741.907	141.676	1288.810	671.635	0.097	0.023	0.182	0.208
sub-103_task-EyeTracking_physio	230	-733.573	124.777	858.350	1298.910	692.355	0.079	0.071	0.279	0.713
sub-103_task-EyeTracking_physio	230	141.444	424.784	283.340	1339.707	727.278	0.089	0.026	0.249	0.247
sub-103_task-EyeTracking_physio	230	441.453	658.124	216.671	1256.345	761.685	0.081	0.040	0.307	0.364
sub-103_task-EyeTracking_physio	230	683.124	908.128	225.004	1168.690	798.280	0.081	0.029	0.167	0.362
sub-103_task-EyeTracking_physio	230	924.794	1124.801	200.007	1111.465	816.450	0.107	0.039	0.286	0.378
sub-103_task-EyeTracking_physio	230	1149.802	1349.804	200.002	997.480	796.505	0.098	0.037	0.198	0.396
sub-103_task-EyeTracking_physio	230	1366.475	1533.142	166.667	954.240	780.457	0.103	0.027	0.159	0.330
sub-103_task-EyeTracking_physio	230	1558.143	1774.818	216.675	965.200	645.403	0.114	0.020	0.154	0.332
sub-103_task-EyeTracking_physio	230	1783.151	1966.487	183.336	969.120	603.625	0.085	0.015	0.146	0.179
sub-103_task-EyeTracking_physio	230	1991.486	2199.828	208.342	1041.160	528.315	0.059	0.013	0.127	0.189
sub-103_task-EyeTracking_physio	230	2224.828	2399.834	175.006	1121.660	530.485	0.065	0.009	0.138	0.108
sub-103_task-EyeTracking_physio	230	2441.500	2624.835	183.335	1199.428	638.025	0.074	0.012	0.103	0.177
sub-103_task-EyeTracking_physio	230	2658.169	2874.842	216.673	1241.658	769.370	0.072	0.020	0.122	0.344
sub-103_task-EyeTracking_physio	230	2899.843	2999.845	100.002	1233.920	837.195	0.168	0.038	0.158	0.281
sub-103_task-EyeTracking_physio	231	-1598.400	-1465.063	133.337	1225.513	794.513	0.179	0.088	0.548	0.416
sub-103_task-EyeTracking_physio	231	-773.376	276.651	1050.027	1282.322	709.612	0.090	0.040	0.300	0.771
sub-103_task-EyeTracking_physio	231	293.316	484.982	191.666	1317.115	725.015	0.062	0.010	0.147	0.168
sub-103_task-EyeTracking_physio	231	501.649	718.325	216.676	1418.673	712.857	0.092	0.037	0.294	0.355
sub-103_task-EyeTracking_physio	231	743.326	943.332	200.006	1488.612	691.865	0.074	0.019	0.172	0.196
sub-103_task-EyeTracking_physio	231	968.332	1243.340	275.008	1565.855	673.650	0.077	0.016	0.125	0.307
sub-103_task-EyeTracking_physio	231	1260.003	1376.678	116.675	1533.488	672.600	0.084	0.028	0.184	0.251
sub-103_task-EyeTracking_physio	231	1501.676	1751.687	250.011	1554.295	670.467	0.075	0.025	0.150	0.391
sub-103_task-EyeTracking_physio	231	1776.687	2026.694	250.007	1519.653	670.398	0.085	0.022	0.165	0.329
sub-103_task-EyeTracking_physio	231	2043.360	2318.366	275.006	1540.370	661.735	0.075	0.018	0.140	0.240
sub-103_task-EyeTracking_physio	231	2343.364	2910.047	566.683	1554.955	648.615	0.064	0.022	0.281	0.243
sub-103_task-EyeTracking_physio	232	-2537.499	-2420.831	116.668	1548.125	659.385	0.095	0.031	0.189	0.228
sub-103_task-EyeTracking_physio	232	-2387.495	-2070.817	316.678	1280.942	709.425	0.097	0.020	0.193	0.311
sub-103_task-EyeTracking_physio	232	-1562.478	-1379.137	183.341	1288.845	715.405	0.096	0.053	0.215	0.571
sub-103_task-EyeTracking_physio	232	-1362.470	304.237	1666.707	1277.745	697.292	0.082	0.056	0.419	0.489
sub-103_task-EyeTracking_physio	232	320.904	520.908	200.004	1237.105	700.362	0.089	0.026	0.171	0.320
sub-103_task-EyeTracking_physio	232	545.910	870.919	325.009	1173.780	700.115	0.083	0.024	0.187	0.311
sub-103_task-EyeTracking_physio	232	887.585	1120.927	233.342	1217.783	681.220	0.063	0.014	0.186	0.259
sub-103_task-EyeTracking_physio	232	1137.593	1504.266	366.673	1233.385	668.425	0.085	0.024	0.197	0.355
sub-103_task-EyeTracking_physio	232	1529.264	1820.939	291.675	1237.970	704.225	0.062	0.012	0.210	0.203
sub-103_task-EyeTracking_physio	232	1837.605	2404.289	566.684	1234.450	675.070	0.068	0.023	0.159	0.391
sub-103_task-EyeTracking_physio	232	2429.288	2737.628	308.340	1185.175	691.190	0.106	0.017	0.272	0.250
sub-103_task-EyeTracking_physio	232	2762.628	3004.302	241.674	1215.010	678.630	0.092	0.019	0.236	0.203
sub-103_task-EyeTracking_physio	233	-1902.407	-1802.403	100.004	1214.840	674.080	0.086	0.017	0.202	0.143
sub-103_task-EyeTracking_physio	233	-1794.068	-1635.732	158.336	1269.310	692.020	0.142	0.034	0.210	0.412
sub-103_task-EyeTracking_physio	233	-1452.396	-1310.729	141.667	1275.150	729.475	0.196	0.067	0.226	0.597
sub-103_task-EyeTracking_physio	233	-860.715	472.652	1333.367	1278.668	706.753	0.074	0.062	0.438	0.695
sub-103_task-EyeTracking_physio	233	497.652	705.990	208.338	1197.535	699.065	0.115	0.038	0.324	0.302
sub-103_task-EyeTracking_physio	233	722.657	947.664	225.007	1133.355	703.595	0.081	0.011	0.153	0.181
sub-103_task-EyeTracking_physio	233	972.663	1272.670	300.007	1063.515	705.520	0.088	0.029	0.293	0.303
sub-103_task-EyeTracking_physio	233	1297.670	1639.344	341.674	1139.060	694.845	0.073	0.011	0.138	0.214
sub-103_task-EyeTracking_physio	233	1664.345	2047.690	383.345	1075.555	701.750	0.081	0.017	0.181	0.232
sub-103_task-EyeTracking_physio	233	2064.358	2356.031	291.673	1119.225	690.860	0.073	0.017	0.210	0.220
sub-103_task-EyeTracking_physio	233	2372.703	2681.042	308.339	1077.275	696.230	0.085	0.021	0.237	0.305
sub-103_task-EyeTracking_physio	233	2706.042	3006.049	300.007	1037.910	700.422	0.077	0.026	0.185	0.304
sub-103_task-EyeTracking_physio	234	-1098.104	-956.435	141.669	1188.145	700.215	0.073	0.011	0.113	0.177
sub-103_task-EyeTracking_physio	234	-939.768	-781.433	158.335	1278.105	710.290	0.099	0.019	0.149	0.233
sub-103_task-EyeTracking_physio	234	-598.092	1.921	600.013	1281.758	712.088	0.104	0.122	0.326	1.030
sub-103_task-EyeTracking_physio	234	26.921	326.929	300.008	1278.693	732.768	0.089	0.029	0.239	0.288
sub-103_task-EyeTracking_physio	234	343.596	535.266	191.670	1299.610	756.215	0.085	0.028	0.152	0.346
sub-103_task-EyeTracking_physio	234	560.271	760.273	200.002	1443.160	781.247	0.121	0.035	0.352	0.228
sub-103_task-EyeTracking_physio	234	785.273	976.946	191.673	1526.375	791.030	0.079	0.030	0.175	0.351
sub-103_task-EyeTracking_physio	234	1001.945	1168.615	166.670	1637.707	794.022	0.097	0.018	0.129	0.264
sub-103_task-EyeTracking_physio	234	1185.282	1385.292	200.010	1569.475	720.928	0.078	0.017	0.182	0.166
sub-103_task-EyeTracking_physio	234	1410.292	1610.295	200.003	1498.477	672.568	0.084	0.017	0.193	0.198
sub-103_task-EyeTracking_physio	234	1626.962	1860.298	233.336	1431.915	662.872	0.063	0.016	0.161	0.213
sub-103_task-EyeTracking_physio	234	1876.970	2210.307	333.337	1366.680	666.528	0.091	0.017	0.208	0.230
sub-103_task-EyeTracking_physio	234	2235.307	2535.318	300.011	1339.082	729.112	0.099	0.026	0.175	0.490
sub-103_task-EyeTracking_physio	234	2551.985	2810.326	258.341	1354.055	762.530	0.069	0.014	0.158	0.218
sub-103_task-EyeTracking_physio	234	2826.993	3001.994	175.001	1416.240	763.595	0.082	0.018	0.195	0.210
sub-103_task-EyeTracking_physio	235	-1789.112	-1664.109	125.003	1455.060	720.020	0.102	0.084	0.198	0.719
sub-103_task-EyeTracking_physio	235	-1622.443	-1430.768	191.675	1305.375	720.890	0.091	0.027	0.202	0.292
sub-103_task-EyeTracking_physio	235	-1414.101	-855.756	558.345	1280.640	703.230	0.076	0.054	0.335	0.462
sub-103_task-EyeTracking_physio	235	-705.751	-564.084	141.667	1279.250	692.615	0.146	0.028	0.110	0.528
sub-103_task-EyeTracking_physio	235	-555.750	44.266	600.016	1284.085	709.688	0.081	0.034	0.311	0.369
sub-103_task-EyeTracking_physio	235	60.933	310.939	250.006	1298.973	729.188	0.076	0.014	0.092	0.252
sub-103_task-EyeTracking_physio	235	319.272	544.278	225.006	1314.985	749.505	0.075	0.020	0.158	0.330
sub-103_task-EyeTracking_physio	235	560.945	910.951	350.006	1354.005	790.147	0.111	0.028	0.166	0.424
sub-103_task-EyeTracking_physio	235	927.617	1235.963	308.346	1379.300	789.025	0.115	0.028	0.428	0.223
sub-103_task-EyeTracking_physio	235	1252.629	1402.630	150.001	1407.338	770.715	0.070	0.015	0.123	0.223
sub-103_task-EyeTracking_physio	235	1419.297	1727.641	308.344	1449.490	770.790	0.081	0.021	0.217	0.339
sub-103_task-EyeTracking_physio	235	1744.308	1960.977	216.669	1382.057	713.490	0.076	0.018	0.185	0.225
sub-103_task-EyeTracking_physio	235	1985.981	2219.317	233.336	1222.082	680.062	0.078	0.024	0.252	0.292
sub-103_task-EyeTracking_physio	235	2244.322	2485.990	241.668	1153.400	676.640	0.067	0.012	0.134	0.194
sub-103_task-EyeTracking_physio	235	2502.661	2902.672	400.011	1097.535	669.143	0.065	0.009	0.147	0.133
sub-103_task-EyeTracking_physio	236	-1664.322	-1389.311	275.011	1271.695	732.405	0.082	0.018	0.187	0.227
sub-103_task-EyeTracking_physio	236	-997.636	-89.283	908.353	1282.815	714.630	0.108	0.112	0.475	0.754
sub-103_task-EyeTracking_physio	236	-80.944	327.398	408.342	1267.765	718.540	0.085	0.017	0.160	0.266
sub-103_task-EyeTracking_physio	236	344.064	510.733	166.669	1306.653	718.860	0.068	0.018	0.202	0.215
sub-103_task-EyeTracking_physio	236	535.733	760.740	225.007	1411.915	735.710	0.075	0.025	0.241	0.312
sub-103_task-EyeTracking_physio	236	777.406	1010.746	233.340	1500.210	754.335	0.084	0.020	0.199	0.217
sub-103_task-EyeTracking_physio	236	1027.413	1135.750	108.337	1429.110	1117.390	NaN	0.000	1.339	1.862
sub-103_task-EyeTracking_physio	236	1177.416	1402.423	225.007	1547.950	715.130	0.092	0.045	0.181	0.477
sub-103_task-EyeTracking_physio	236	1452.423	1660.763	208.340	1594.970	692.995	0.068	0.015	0.148	0.227
sub-103_task-EyeTracking_physio	236	1677.428	2027.441	350.013	1625.303	689.237	0.095	0.035	0.364	0.310
sub-103_task-EyeTracking_physio	236	2044.107	2177.443	133.336	1591.640	684.315	0.092	0.018	0.132	0.270
sub-103_task-EyeTracking_physio	236	2194.109	2560.786	366.677	1609.398	635.582	0.072	0.018	0.185	0.238
sub-103_task-EyeTracking_physio	236	2577.452	3002.464	425.012	1578.945	671.215	0.089	0.024	0.179	0.278
sub-103_task-EyeTracking_physio	237	-1631.744	-1265.068	366.676	1276.705	710.080	0.085	0.023	0.197	0.266
sub-103_task-EyeTracking_physio	237	-890.059	-656.719	233.340	1286.848	687.932	0.079	0.024	0.092	0.534
sub-103_task-EyeTracking_physio	237	-640.053	-65.036	575.017	1278.605	701.240	0.077	0.033	0.179	0.483
sub-103_task-EyeTracking_physio	237	-40.036	284.970	325.006	1310.490	717.050	0.093	0.021	0.298	0.260
sub-103_task-EyeTracking_physio	237	301.636	543.308	241.672	1341.715	735.075	0.079	0.024	0.210	0.287
sub-103_task-EyeTracking_physio	237	559.974	751.649	191.675	1395.795	771.285	0.082	0.026	0.155	0.292
sub-103_task-EyeTracking_physio	237	776.649	959.986	183.337	1508.633	760.950	0.080	0.015	0.128	0.233
sub-103_task-EyeTracking_physio	237	976.652	1226.657	250.005	1594.938	757.100	0.086	0.033	0.278	0.322
sub-103_task-EyeTracking_physio	237	1243.329	1560.001	316.672	1629.455	756.180	0.090	0.024	0.198	0.298
sub-103_task-EyeTracking_physio	237	1585.002	1818.341	233.339	1527.595	728.223	0.095	0.033	0.234	0.336
sub-103_task-EyeTracking_physio	237	1843.341	2043.349	200.008	1384.660	709.345	0.098	0.025	0.197	0.267
sub-103_task-EyeTracking_physio	237	2060.014	2276.684	216.670	1312.342	701.605	0.079	0.017	0.193	0.198
sub-103_task-EyeTracking_physio	237	2301.688	2493.359	191.671	1249.885	676.685	0.065	0.007	0.150	0.110
sub-103_task-EyeTracking_physio	237	2510.025	2668.361	158.336	1208.860	650.710	0.079	0.015	0.157	0.195
sub-103_task-EyeTracking_physio	237	2685.032	2951.706	266.674	1254.988	605.205	0.064	0.009	0.149	0.157
sub-103_task-EyeTracking_physio	238	-129.787	328.561	458.348	1285.045	705.050	0.092	0.032	0.158	0.512
sub-103_task-EyeTracking_physio	238	345.227	645.233	300.006	1248.747	731.855	0.090	0.030	0.191	0.358
sub-103_task-EyeTracking_physio	238	661.899	870.239	208.340	1148.385	758.500	0.096	0.040	0.192	0.389
sub-103_task-EyeTracking_physio	238	886.906	1120.246	233.340	1039.135	764.925	0.113	0.036	0.292	0.335
sub-103_task-EyeTracking_physio	238	1128.578	1370.253	241.675	980.550	766.645	0.125	0.060	0.354	0.415
sub-103_task-EyeTracking_physio	238	1378.586	1595.256	216.670	942.793	739.555	0.079	0.019	0.184	0.221
sub-103_task-EyeTracking_physio	238	1611.922	1820.262	208.340	955.835	648.995	0.074	0.015	0.131	0.211
sub-103_task-EyeTracking_physio	238	1836.928	2045.268	208.340	1014.180	620.875	0.081	0.018	0.152	0.270
sub-103_task-EyeTracking_physio	238	2070.269	2295.275	225.006	1117.025	646.890	0.091	0.031	0.260	0.291
sub-103_task-EyeTracking_physio	238	2311.941	2511.944	200.003	1212.635	690.598	0.083	0.018	0.164	0.245
sub-103_task-EyeTracking_physio	238	2536.944	2736.951	200.007	1312.590	725.255	0.103	0.020	0.201	0.181
sub-103_task-EyeTracking_physio	238	2753.617	2978.623	225.006	1395.665	758.995	0.089	0.025	0.158	0.326
sub-103_task-EyeTracking_physio	239	-1093.065	-893.056	200.009	1287.537	713.812	0.090	0.021	0.191	0.280
sub-103_task-EyeTracking_physio	239	-518.049	-293.048	225.001	1318.980	707.380	0.118	0.047	0.171	0.548
sub-103_task-EyeTracking_physio	239	-268.048	-26.374	241.674	1265.670	696.020	0.085	0.029	0.165	0.413
sub-103_task-EyeTracking_physio	239	-9.708	290.304	300.012	1301.918	712.608	0.102	0.033	0.242	0.404
sub-103_task-EyeTracking_physio	239	306.970	423.639	116.669	1343.588	750.008	0.132	0.056	0.283	0.441
sub-103_task-EyeTracking_physio	239	448.638	706.980	258.342	1221.285	718.760	0.088	0.037	0.237	0.380
sub-103_task-EyeTracking_physio	239	731.980	1048.651	316.671	1167.260	709.775	0.087	0.022	0.207	0.296
sub-103_task-EyeTracking_physio	239	1065.322	1415.326	350.004	1200.245	725.105	0.083	0.017	0.170	0.251
sub-103_task-EyeTracking_physio	239	1431.992	1707.002	275.010	1207.255	761.340	0.088	0.021	0.217	0.269
sub-103_task-EyeTracking_physio	239	1723.672	2165.347	441.675	1183.810	736.500	0.098	0.022	0.175	0.368
sub-103_task-EyeTracking_physio	239	2182.013	2440.352	258.339	1204.305	755.405	0.078	0.013	0.180	0.184
sub-103_task-EyeTracking_physio	239	2465.352	2773.695	308.343	1183.950	708.400	0.083	0.024	0.253	0.336
sub-103_task-EyeTracking_physio	239	2790.362	2998.699	208.337	1181.795	667.625	0.079	0.017	0.117	0.317
sub-103_task-EyeTracking_physio	240	-1460.521	-1310.521	150.000	1190.878	632.197	0.081	0.015	0.118	0.222
sub-103_task-EyeTracking_physio	240	-818.840	-643.835	175.005	1283.280	716.620	0.147	0.075	0.169	0.921
sub-103_task-EyeTracking_physio	240	-277.160	-60.485	216.675	1272.585	716.548	0.111	0.045	0.139	0.692
sub-103_task-EyeTracking_physio	240	-52.152	272.853	325.005	1289.480	736.085	0.112	0.027	0.209	0.390
sub-103_task-EyeTracking_physio	240	289.520	489.528	200.008	1301.170	755.165	0.078	0.018	0.172	0.237
sub-103_task-EyeTracking_physio	240	506.195	872.871	366.676	1274.327	791.530	0.078	0.038	0.284	0.339
sub-103_task-EyeTracking_physio	240	889.537	1072.872	183.335	1255.370	808.553	0.100	0.019	0.141	0.253
sub-103_task-EyeTracking_physio	240	1089.539	1339.545	250.006	1267.055	775.785	0.107	0.029	0.202	0.422
sub-103_task-EyeTracking_physio	240	1356.213	1589.550	233.337	1290.902	764.618	0.092	0.016	0.197	0.213
sub-103_task-EyeTracking_physio	240	1606.216	1889.558	283.342	1233.680	781.428	0.096	0.037	0.184	0.414
sub-103_task-EyeTracking_physio	240	1906.230	2222.903	316.673	1301.855	769.913	0.076	0.019	0.203	0.237
sub-103_task-EyeTracking_physio	240	2239.568	2839.585	600.017	1230.463	771.925	0.080	0.020	0.184	0.327
sub-103_task-EyeTracking_physio	240	2856.252	3006.254	150.002	1275.148	764.462	0.100	0.025	0.245	0.262
sub-103_task-EyeTracking_physio	241	-587.930	-96.253	491.677	1283.310	715.800	0.118	0.074	0.223	0.766
sub-103_task-EyeTracking_physio	241	153.753	387.092	233.339	1290.343	742.768	0.092	0.024	0.191	0.325
sub-103_task-EyeTracking_physio	241	403.759	620.430	216.671	1272.227	795.125	0.108	0.038	0.200	0.420
sub-103_task-EyeTracking_physio	241	645.429	887.104	241.675	1199.320	805.925	0.106	0.028	0.265	0.357
sub-103_task-EyeTracking_physio	241	912.104	1345.446	433.342	1180.287	773.160	0.095	0.060	0.350	0.382
sub-103_task-EyeTracking_physio	241	1362.113	1628.792	266.679	1205.567	790.265	0.092	0.023	0.190	0.283
sub-103_task-EyeTracking_physio	241	1653.791	2228.803	575.012	1314.610	826.070	0.164	0.054	0.267	0.702
sub-103_task-EyeTracking_physio	241	2253.802	2437.143	183.341	1185.485	785.215	0.126	0.034	0.203	0.318
sub-103_task-EyeTracking_physio	241	2453.810	2628.810	175.000	1150.745	766.800	0.089	0.026	0.149	0.284
sub-103_task-EyeTracking_physio	241	2645.476	3003.818	358.342	1166.015	760.095	0.084	0.022	0.211	0.246
sub-103_task-EyeTracking_physio	242	-377.147	-135.474	241.673	1238.455	756.430	0.162	0.044	0.189	0.561
sub-103_task-EyeTracking_physio	242	-118.807	297.870	416.677	1283.688	732.378	0.114	0.036	0.199	0.448
sub-103_task-EyeTracking_physio	242	414.540	672.880	258.340	1357.890	705.925	0.081	0.019	0.164	0.290
sub-103_task-EyeTracking_physio	242	689.546	964.552	275.006	1375.085	683.275	0.092	0.016	0.182	0.278
sub-103_task-EyeTracking_physio	242	981.218	1197.892	216.674	1370.330	631.962	0.079	0.018	0.109	0.356
sub-103_task-EyeTracking_physio	242	1214.559	1397.900	183.341	1362.017	607.825	0.075	0.015	0.116	0.228
sub-103_task-EyeTracking_physio	242	1422.899	1847.907	425.008	1396.640	692.645	0.079	0.018	0.201	0.368
sub-103_task-EyeTracking_physio	242	1864.574	2031.244	166.670	1370.188	687.705	0.126	0.057	0.590	0.607
sub-103_task-EyeTracking_physio	242	2147.914	2831.263	683.349	1375.992	685.868	0.094	0.044	0.282	0.580
sub-103_task-EyeTracking_physio	242	2856.268	2997.938	141.670	1392.715	685.245	0.072	0.011	0.110	0.163
sub-103_task-EyeTracking_physio	243	-1184.716	-859.711	325.005	1330.635	708.660	0.092	0.035	0.243	0.458
sub-103_task-EyeTracking_physio	243	-134.691	398.653	533.344	1305.865	743.862	0.148	0.193	0.396	1.137
sub-103_task-EyeTracking_physio	243	415.319	673.662	258.343	1350.265	763.080	0.092	0.039	0.284	0.372
sub-103_task-EyeTracking_physio	243	681.996	1032.004	350.008	1399.450	772.330	0.110	0.042	0.288	0.467
sub-103_task-EyeTracking_physio	243	1065.337	1298.678	233.341	1288.410	756.398	0.087	0.018	0.178	0.231
sub-103_task-EyeTracking_physio	243	1315.345	1540.346	225.001	1206.390	759.500	0.100	0.030	0.224	0.268
sub-103_task-EyeTracking_physio	243	1557.017	1707.021	150.004	1173.685	730.688	0.080	0.016	0.136	0.213
sub-103_task-EyeTracking_physio	243	1723.688	2182.028	458.340	1161.660	671.490	0.079	0.019	0.179	0.360
sub-103_task-EyeTracking_physio	243	2215.366	2448.702	233.336	1074.972	728.217	0.074	0.018	0.178	0.224
sub-103_task-EyeTracking_physio	243	2465.372	2640.376	175.004	1005.555	742.540	0.109	0.038	0.224	0.272
sub-103_task-EyeTracking_physio	243	2665.376	2915.382	250.006	983.537	711.362	0.078	0.016	0.140	0.252
sub-103_task-EyeTracking_physio	244	-713.166	-529.827	183.339	1238.810	725.495	0.108	0.022	0.169	0.370
sub-103_task-EyeTracking_physio	244	-513.162	-254.820	258.342	1267.220	720.635	0.121	0.040	0.166	0.457
sub-103_task-EyeTracking_physio	244	-246.487	-13.146	233.341	1280.960	713.985	0.101	0.028	0.300	0.229
sub-103_task-EyeTracking_physio	244	3.520	395.197	391.677	1249.080	713.460	0.100	0.042	0.287	0.406
sub-103_task-EyeTracking_physio	244	411.864	620.199	208.335	1274.175	679.740	0.089	0.015	0.133	0.203
sub-103_task-EyeTracking_physio	244	645.202	870.205	225.003	1268.480	617.530	0.103	0.029	0.153	0.439
sub-103_task-EyeTracking_physio	244	895.208	1128.543	233.335	1298.670	588.840	0.133	0.035	0.202	0.316
sub-103_task-EyeTracking_physio	244	1153.543	2170.238	1016.695	1333.645	588.175	0.146	0.047	0.296	0.612
sub-103_task-EyeTracking_physio	244	2186.905	2345.242	158.337	1310.310	590.395	0.144	0.032	0.169	0.352
sub-103_task-EyeTracking_physio	244	2370.243	2628.585	258.342	1335.705	583.310	0.112	0.027	0.237	0.319
sub-103_task-EyeTracking_physio	244	2653.585	2886.923	233.338	1359.967	564.710	0.094	0.019	0.193	0.240
sub-103_task-EyeTracking_physio	244	2903.589	3003.604	100.015	1340.443	541.768	0.124	0.022	0.096	0.342
sub-103_task-EyeTracking_physio	245	-387.720	-196.045	191.675	1306.315	694.970	0.175	0.066	0.164	0.667
sub-103_task-EyeTracking_physio	245	-21.046	170.630	191.676	1279.935	706.940	0.253	0.144	0.355	1.125
sub-103_task-EyeTracking_physio	245	378.964	637.305	258.341	1402.650	700.520	0.139	0.045	0.201	0.611
sub-103_task-EyeTracking_physio	245	653.971	912.312	258.341	1438.025	668.380	0.120	0.036	0.239	0.325
sub-103_task-EyeTracking_physio	245	928.983	1137.316	208.333	1408.190	614.275	0.142	0.042	0.235	0.347
sub-103_task-EyeTracking_physio	245	1153.983	1387.323	233.340	1397.015	559.343	0.120	0.034	0.233	0.318
sub-103_task-EyeTracking_physio	245	1403.989	1687.332	283.343	1400.895	499.220	0.082	0.013	0.142	0.257
sub-103_task-EyeTracking_physio	245	1703.998	1929.005	225.007	1415.180	556.110	0.092	0.041	0.219	0.362
sub-103_task-EyeTracking_physio	245	1954.005	2187.344	233.339	1417.807	643.053	0.075	0.014	0.217	0.224
sub-103_task-EyeTracking_physio	245	2204.011	2479.017	275.006	1417.015	677.220	0.084	0.024	0.205	0.242
sub-103_task-EyeTracking_physio	245	2504.022	2745.687	241.665	1427.910	643.460	0.076	0.012	0.157	0.189
sub-103_task-EyeTracking_physio	245	2770.693	3004.029	233.336	1406.503	601.545	0.066	0.017	0.199	0.224
sub-103_task-EyeTracking_physio	246	-753.521	-253.510	500.011	1262.260	723.378	0.129	0.039	0.181	0.599
sub-103_task-EyeTracking_physio	246	-45.174	321.503	366.677	1292.295	700.340	0.132	0.042	0.204	0.671
sub-103_task-EyeTracking_physio	246	338.169	604.842	266.673	1318.017	711.355	0.089	0.017	0.173	0.255
sub-103_task-EyeTracking_physio	246	629.842	838.182	208.340	1406.385	759.500	0.081	0.017	0.146	0.315
sub-103_task-EyeTracking_physio	246	863.181	1171.521	308.340	1456.775	816.880	0.193	0.060	0.297	0.644
sub-103_task-EyeTracking_physio	246	1188.190	1421.528	233.338	1429.945	871.923	0.226	0.057	0.168	0.635
sub-103_task-EyeTracking_physio	246	1438.193	1688.201	250.008	1362.520	900.655	0.231	0.104	0.217	0.949
sub-103_task-EyeTracking_physio	246	1704.871	1888.207	183.336	1302.400	910.985	0.286	0.078	0.235	0.677
sub-103_task-EyeTracking_physio	246	1904.873	2088.209	183.336	1277.928	824.640	0.221	0.059	0.174	0.708
sub-103_task-EyeTracking_physio	246	2096.543	2221.546	125.003	1306.915	775.380	0.103	0.017	0.133	0.247
sub-103_task-EyeTracking_physio	246	2238.216	2371.556	133.340	1308.265	704.210	0.116	0.020	0.136	0.260
sub-103_task-EyeTracking_physio	246	2388.222	2588.223	200.001	1342.325	665.168	0.111	0.039	0.231	0.426
sub-103_task-EyeTracking_physio	246	2604.889	2821.564	216.675	1407.382	666.900	0.074	0.015	0.180	0.212
sub-103_task-EyeTracking_physio	246	2838.230	3004.896	166.666	1463.855	720.005	0.220	0.176	0.335	1.518
sub-103_task-EyeTracking_physio	247	-1159.425	-951.090	208.335	1284.725	715.345	0.136	0.089	0.511	0.504
sub-103_task-EyeTracking_physio	247	-776.082	-526.082	250.000	1313.007	720.090	0.110	0.049	0.257	0.563
sub-103_task-EyeTracking_physio	247	-509.410	-226.070	283.340	1293.803	727.862	0.080	0.020	0.190	0.241
sub-103_task-EyeTracking_physio	247	-192.737	-9.403	183.334	1270.535	715.572	0.087	0.020	0.144	0.347
sub-103_task-EyeTracking_physio	247	-1.070	265.604	266.674	1285.743	717.142	0.084	0.024	0.196	0.365
sub-103_task-EyeTracking_physio	247	282.276	490.615	208.339	1321.185	690.320	0.076	0.017	0.142	0.262
sub-103_task-EyeTracking_physio	247	507.281	715.618	208.337	1380.135	671.225	0.071	0.020	0.131	0.254
sub-103_task-EyeTracking_physio	247	740.617	1132.295	391.678	1466.240	659.250	0.074	0.025	0.181	0.374
sub-103_task-EyeTracking_physio	247	1148.961	1373.966	225.005	1417.395	678.435	0.079	0.018	0.154	0.247
sub-103_task-EyeTracking_physio	247	1398.966	1632.308	233.342	1329.703	687.263	0.081	0.029	0.179	0.307
sub-103_task-EyeTracking_physio	247	1648.975	1848.983	200.008	1255.910	680.975	0.075	0.011	0.162	0.158
sub-103_task-EyeTracking_physio	247	2040.653	2398.993	358.340	1200.530	690.300	0.121	0.106	0.343	0.701
sub-103_task-EyeTracking_physio	247	2415.659	2665.668	250.009	1169.570	700.565	0.089	0.021	0.150	0.333
sub-103_task-EyeTracking_physio	247	2690.667	2965.675	275.008	1202.090	745.670	0.085	0.039	0.198	0.445
sub-103_task-EyeTracking_physio	248	-600.310	-416.971	183.339	1308.273	723.862	0.102	0.058	0.178	0.620
sub-103_task-EyeTracking_physio	248	-400.304	-166.965	233.339	1280.423	719.470	0.080	0.021	0.239	0.270
sub-103_task-EyeTracking_physio	248	-150.297	316.377	466.674	1297.378	716.598	0.098	0.027	0.161	0.404
sub-103_task-EyeTracking_physio	248	341.381	666.387	325.006	1327.640	712.905	0.077	0.021	0.178	0.255
sub-103_task-EyeTracking_physio	248	924.727	1141.401	216.674	1311.203	662.805	0.144	0.052	0.160	0.616
sub-103_task-EyeTracking_physio	248	1158.067	1466.408	308.341	1308.865	616.555	0.083	0.027	0.169	0.346
sub-103_task-EyeTracking_physio	248	1483.074	1699.747	216.673	1270.543	607.197	0.074	0.032	0.188	0.373
sub-103_task-EyeTracking_physio	248	1724.747	1924.754	200.007	1194.750	607.223	0.079	0.030	0.158	0.337
sub-103_task-EyeTracking_physio	248	1941.421	2116.425	175.004	1121.100	624.895	0.064	0.007	0.155	0.119
sub-103_task-EyeTracking_physio	248	2133.092	2499.767	366.675	1061.142	637.578	0.084	0.034	0.286	0.311
sub-103_task-EyeTracking_physio	248	2516.433	2683.102	166.669	1020.233	642.555	0.076	0.013	0.153	0.182
sub-103_task-EyeTracking_physio	248	2699.772	2966.447	266.675	1064.793	631.435	0.082	0.027	0.213	0.299
sub-103_task-EyeTracking_physio	249	-1342.971	-1134.629	208.342	1231.460	692.880	0.165	0.095	0.431	0.542
sub-103_task-EyeTracking_physio	249	-792.955	-509.613	283.342	1263.105	701.250	0.157	0.054	0.198	0.738
sub-103_task-EyeTracking_physio	249	-484.614	282.075	766.689	1282.697	717.773	0.110	0.050	0.313	0.599
sub-103_task-EyeTracking_physio	249	315.408	740.415	425.007	1224.250	735.535	0.079	0.024	0.196	0.379
sub-103_task-EyeTracking_physio	249	765.415	1148.759	383.344	1196.655	786.138	0.102	0.024	0.225	0.333
sub-103_task-EyeTracking_physio	249	1173.758	2598.793	1425.035	1213.535	757.370	0.087	0.064	0.419	0.488
sub-103_task-EyeTracking_physio	249	2615.459	2832.134	216.675	1205.495	739.495	0.075	0.012	0.122	0.211
sub-103_task-EyeTracking_physio	249	2857.135	2998.801	141.666	1217.280	718.155	0.088	0.013	0.140	0.226
sub-103_task-EyeTracking_physio	250	-5494.969	-4769.952	725.017	1212.565	721.090	0.074	0.022	0.297	0.234
sub-103_task-EyeTracking_physio	250	-4736.613	-2536.564	2200.049	1249.783	727.525	0.135	0.231	0.906	1.304
sub-103_task-EyeTracking_physio	250	-2253.219	-2053.217	200.002	1275.818	781.037	0.121	0.029	0.186	0.565
sub-103_task-EyeTracking_physio	250	-2028.218	-1678.206	350.012	1274.957	707.913	0.208	0.099	0.380	0.699
sub-103_task-EyeTracking_physio	250	-1344.859	-1153.192	191.667	1321.240	726.180	0.246	0.103	0.172	1.343
sub-103_task-EyeTracking_physio	250	-1128.194	480.183	1608.377	1280.220	697.600	0.110	0.060	0.289	0.810
sub-103_task-EyeTracking_physio	250	513.518	663.522	150.004	1360.425	725.330	0.090	0.018	0.164	0.236
sub-103_task-EyeTracking_physio	250	688.521	963.527	275.006	1438.540	738.430	0.073	0.020	0.248	0.228
sub-103_task-EyeTracking_physio	250	980.194	1230.202	250.008	1472.075	743.580	0.076	0.020	0.118	0.366
sub-103_task-EyeTracking_physio	250	1263.534	1571.878	308.344	1396.185	735.515	0.088	0.017	0.203	0.227
sub-103_task-EyeTracking_physio	250	1596.878	1913.549	316.671	1447.350	745.820	0.077	0.021	0.227	0.304
sub-103_task-EyeTracking_physio	250	1938.554	2271.894	333.340	1382.870	735.938	0.075	0.017	0.167	0.238
sub-103_task-EyeTracking_physio	250	2296.894	2596.904	300.010	1459.267	744.075	0.085	0.029	0.230	0.436
sub-103_task-EyeTracking_physio	250	2621.904	3005.247	383.343	1368.470	729.145	0.082	0.030	0.216	0.392
sub-103_task-EyeTracking_physio	251	-1626.641	-1426.631	200.010	1363.503	728.110	0.075	0.024	0.184	0.263
sub-103_task-EyeTracking_physio	251	-1401.631	-1159.959	241.672	1274.280	717.475	0.086	0.029	0.232	0.317
sub-103_task-EyeTracking_physio	251	-493.275	523.418	1016.693	1278.372	704.582	0.087	0.136	0.338	1.155
sub-103_task-EyeTracking_physio	251	631.749	890.089	258.340	1265.025	792.680	0.091	0.028	0.173	0.325
sub-103_task-EyeTracking_physio	251	915.094	1415.103	500.009	1261.325	818.820	0.132	0.042	0.311	0.517
sub-103_task-EyeTracking_physio	251	1440.107	1748.446	308.339	1208.440	787.750	0.083	0.024	0.161	0.379
sub-103_task-EyeTracking_physio	251	1773.446	2090.122	316.676	1168.412	767.425	0.095	0.030	0.298	0.298
sub-103_task-EyeTracking_physio	251	2106.789	2998.477	891.688	1121.535	776.390	0.086	0.027	0.189	0.403
sub-103_task-EyeTracking_physio	252	-1492.552	-1167.540	325.012	1124.230	776.625	0.089	0.026	0.240	0.355
sub-103_task-EyeTracking_physio	252	-959.206	357.496	1316.702	1266.122	712.585	0.090	0.100	0.379	0.815
sub-103_task-EyeTracking_physio	252	390.833	924.180	533.347	1300.565	745.470	0.064	0.026	0.266	0.320
sub-103_task-EyeTracking_physio	252	957.512	1190.854	233.342	1278.705	802.630	0.091	0.015	0.157	0.187
sub-103_task-EyeTracking_physio	252	1215.855	1565.865	350.010	1229.660	852.027	0.122	0.025	0.191	0.429
sub-103_task-EyeTracking_physio	252	1590.864	2274.214	683.350	1149.072	881.362	0.186	0.061	0.259	0.849
sub-103_task-EyeTracking_physio	252	2307.548	2615.890	308.342	1296.710	830.270	0.103	0.029	0.147	0.471
sub-103_task-EyeTracking_physio	252	2640.891	2890.898	250.007	1449.825	821.950	0.124	0.027	0.318	0.259
sub-103_task-EyeTracking_physio	253	-728.194	-361.517	366.677	1287.235	742.402	0.089	0.021	0.269	0.283
sub-103_task-EyeTracking_physio	253	-336.518	388.497	725.015	1261.985	703.520	0.083	0.020	0.169	0.365
sub-103_task-EyeTracking_physio	253	413.497	646.834	233.337	1303.902	749.423	0.138	0.036	0.170	0.444
sub-103_task-EyeTracking_physio	253	663.499	788.504	125.005	1312.145	721.400	0.098	0.032	0.148	0.301
sub-103_task-EyeTracking_physio	253	813.509	1121.849	308.340	1251.715	646.235	0.090	0.026	0.192	0.321
sub-103_task-EyeTracking_physio	253	1138.516	1363.523	225.007	1284.500	659.280	0.080	0.014	0.169	0.162
sub-103_task-EyeTracking_physio	253	1380.188	1705.195	325.007	1325.225	701.800	0.084	0.021	0.180	0.328
sub-103_task-EyeTracking_physio	253	1730.199	2038.540	308.341	1280.510	663.125	0.075	0.026	0.192	0.377
sub-103_task-EyeTracking_physio	253	2063.541	3005.228	941.687	1325.255	713.415	0.076	0.024	0.299	0.284
sub-103_task-EyeTracking_physio	254	-1614.324	-405.962	1208.362	1316.015	707.585	0.075	0.016	0.192	0.284
sub-103_task-EyeTracking_physio	254	-372.630	-55.953	316.677	1279.115	703.570	0.075	0.013	0.160	0.211
sub-103_task-EyeTracking_physio	254	-39.285	627.397	666.682	1283.272	726.902	0.084	0.034	0.200	0.476
sub-103_task-EyeTracking_physio	254	652.395	894.071	241.676	1332.900	772.005	0.060	0.009	0.201	0.119
sub-103_task-EyeTracking_physio	254	919.070	1094.072	175.002	1417.500	776.935	0.069	0.019	0.177	0.212
sub-103_task-EyeTracking_physio	254	1110.742	1502.420	391.678	1489.900	770.190	0.086	0.016	0.193	0.296
sub-103_task-EyeTracking_physio	254	1527.419	1994.094	466.675	1436.508	759.865	0.100	0.026	0.227	0.344
sub-103_task-EyeTracking_physio	254	2010.761	2277.432	266.671	1391.530	741.392	0.151	0.040	0.297	0.564
sub-103_task-EyeTracking_physio	254	2294.103	3002.453	708.350	1423.390	727.605	0.096	0.030	0.243	0.350
sub-103_task-EyeTracking_physio	255	-995.203	-828.532	166.671	1316.592	737.580	0.255	0.426	2.259	0.437
sub-103_task-EyeTracking_physio	255	-245.187	504.833	750.020	1280.750	721.820	0.096	0.027	0.179	0.443
sub-103_task-EyeTracking_physio	255	529.833	696.502	166.669	1218.345	710.725	0.083	0.017	0.195	0.183
sub-103_task-EyeTracking_physio	255	721.507	929.841	208.334	1088.415	741.240	0.070	0.018	0.205	0.217
sub-103_task-EyeTracking_physio	255	954.841	1204.852	250.011	988.905	745.128	0.090	0.017	0.154	0.260
sub-103_task-EyeTracking_physio	255	1221.518	2004.868	783.350	923.582	746.317	0.073	0.019	0.195	0.268
sub-103_task-EyeTracking_physio	255	2029.873	2229.873	200.000	1050.533	745.200	0.081	0.021	0.236	0.184
sub-103_task-EyeTracking_physio	255	2263.207	2463.217	200.010	1210.952	739.243	0.074	0.018	0.164	0.218
sub-103_task-EyeTracking_physio	255	2496.548	2729.889	233.341	1400.740	763.245	0.085	0.019	0.181	0.273
sub-103_task-EyeTracking_physio	255	2771.554	3004.894	233.340	1520.890	784.642	0.081	0.015	0.147	0.251
sub-103_task-EyeTracking_physio	256	-1262.120	-1128.783	133.337	1517.850	778.358	0.088	0.019	0.200	0.196
sub-103_task-EyeTracking_physio	256	-1095.450	-428.767	666.683	1269.600	737.212	0.086	0.027	0.242	0.311
sub-103_task-EyeTracking_physio	256	-78.758	462.922	541.680	1278.950	713.110	0.091	0.050	0.245	0.695
sub-103_task-EyeTracking_physio	256	479.589	729.596	250.007	1200.273	723.908	0.094	0.045	0.422	0.265
sub-103_task-EyeTracking_physio	256	746.263	1012.937	266.674	1178.925	715.507	0.089	0.026	0.194	0.293
sub-103_task-EyeTracking_physio	256	1029.603	1321.278	291.675	1200.205	705.095	0.079	0.014	0.192	0.196
sub-103_task-EyeTracking_physio	256	1346.283	1612.954	266.671	1272.015	720.130	0.084	0.019	0.175	0.246
sub-103_task-EyeTracking_physio	256	1629.620	2112.963	483.343	1341.632	735.408	0.082	0.027	0.295	0.301
sub-103_task-EyeTracking_physio	256	2129.633	2329.635	200.002	1302.500	721.595	0.087	0.026	0.225	0.292
sub-103_task-EyeTracking_physio	256	2346.301	2554.644	208.343	1240.380	710.275	0.093	0.025	0.269	0.246
sub-103_task-EyeTracking_physio	256	2579.643	3004.652	425.009	1186.585	698.965	0.075	0.015	0.192	0.229
sub-103_task-EyeTracking_physio	257	-1080.979	-755.970	325.009	1278.200	708.280	0.113	0.033	0.309	0.303
sub-103_task-EyeTracking_physio	257	-339.291	-122.617	216.674	1272.540	696.490	0.135	0.059	0.169	0.690
sub-103_task-EyeTracking_physio	257	-105.951	302.393	408.344	1280.880	715.480	0.082	0.028	0.215	0.316
sub-103_task-EyeTracking_physio	257	327.393	560.733	233.340	1258.987	735.965	0.065	0.012	0.116	0.222
sub-103_task-EyeTracking_physio	257	577.399	752.403	175.004	1207.955	731.500	0.087	0.016	0.126	0.288
sub-103_task-EyeTracking_physio	257	785.741	1244.080	458.339	1139.855	742.870	0.082	0.026	0.144	0.472
sub-103_task-EyeTracking_physio	257	1260.746	2194.105	933.359	1202.895	729.250	0.081	0.039	0.248	0.429
sub-103_task-EyeTracking_physio	257	2210.772	2360.780	150.008	1225.750	719.188	0.061	0.013	0.154	0.174
sub-103_task-EyeTracking_physio	257	2385.780	2810.788	425.008	1183.950	725.050	0.071	0.021	0.182	0.355
sub-103_task-EyeTracking_physio	257	2827.455	3002.456	175.001	1231.370	737.350	0.072	0.011	0.208	0.179
sub-103_task-EyeTracking_physio	258	-1226.649	-1101.645	125.004	1311.630	746.685	0.079	0.015	0.126	0.216
sub-103_task-EyeTracking_physio	258	-1084.977	-884.972	200.005	1266.325	727.472	0.083	0.019	0.188	0.225
sub-103_task-EyeTracking_physio	258	-868.305	-609.965	258.340	1284.500	715.215	0.098	0.031	0.172	0.404
sub-103_task-EyeTracking_physio	258	-451.630	-259.961	191.669	1283.755	723.790	0.135	0.031	0.196	0.347
sub-103_task-EyeTracking_physio	258	-118.286	98.384	216.670	1270.665	697.203	0.121	0.039	0.193	0.487
sub-103_task-EyeTracking_physio	258	115.050	465.060	350.010	1282.025	725.395	0.090	0.053	0.285	0.449
sub-103_task-EyeTracking_physio	258	490.059	681.734	191.675	1216.165	745.145	0.060	0.016	0.120	0.249
sub-103_task-EyeTracking_physio	258	698.401	948.406	250.005	1144.898	753.133	0.084	0.036	0.214	0.415
sub-103_task-EyeTracking_physio	258	965.073	1248.410	283.337	1079.513	764.840	0.087	0.024	0.195	0.318
sub-103_task-EyeTracking_physio	258	1265.076	1448.413	183.337	1047.352	746.087	0.089	0.027	0.174	0.264
sub-103_task-EyeTracking_physio	258	1465.084	1665.086	200.002	1064.463	684.283	0.066	0.011	0.093	0.204
sub-103_task-EyeTracking_physio	258	1681.754	1906.759	225.005	1068.920	655.755	0.102	0.020	0.148	0.294
sub-103_task-EyeTracking_physio	258	1923.426	2131.765	208.339	1041.525	621.505	0.067	0.010	0.184	0.147
sub-103_task-EyeTracking_physio	258	2148.432	2448.437	300.005	1015.265	600.848	0.071	0.013	0.167	0.260
sub-103_task-EyeTracking_physio	258	2473.438	2748.442	275.004	1046.455	627.075	0.069	0.012	0.134	0.216
sub-103_task-EyeTracking_physio	258	2765.114	3006.780	241.666	1016.600	617.135	0.057	0.012	0.112	0.210
sub-103_task-EyeTracking_physio	259	-878.160	-636.486	241.674	1220.690	685.415	0.234	0.134	0.925	0.843
sub-103_task-EyeTracking_physio	259	-611.486	-503.150	108.336	1273.510	708.935	0.075	0.014	0.128	0.195
sub-103_task-EyeTracking_physio	259	-136.473	21.862	158.335	1291.290	700.865	0.113	0.029	0.096	0.686
sub-103_task-EyeTracking_physio	259	38.528	563.540	525.012	1266.735	720.810	0.081	0.030	0.226	0.354
sub-103_task-EyeTracking_physio	259	588.540	821.881	233.341	1216.348	747.648	0.082	0.019	0.175	0.260
sub-103_task-EyeTracking_physio	259	830.214	1013.548	183.334	1191.028	750.618	0.090	0.017	0.158	0.202
sub-103_task-EyeTracking_physio	259	1030.214	1271.889	241.675	1214.800	722.150	0.079	0.023	0.159	0.329
sub-103_task-EyeTracking_physio	259	1288.556	1521.894	233.338	1229.048	699.217	0.057	0.012	0.136	0.221
sub-103_task-EyeTracking_physio	259	1546.894	1963.576	416.682	1204.763	675.977	0.068	0.013	0.198	0.215
sub-103_task-EyeTracking_physio	259	1980.242	2271.914	291.672	1231.305	729.735	0.089	0.018	0.138	0.322
sub-103_task-EyeTracking_physio	259	2296.915	2605.253	308.338	1250.595	702.620	0.078	0.022	0.144	0.361
sub-103_task-EyeTracking_physio	259	2621.924	3005.264	383.340	1210.362	700.337	0.091	0.026	0.246	0.306
sub-103_task-EyeTracking_physio	260	-1469.416	-1086.074	383.342	1276.365	695.085	0.088	0.050	0.248	0.550
sub-103_task-EyeTracking_physio	260	-602.727	-327.720	275.007	1301.405	728.545	0.084	0.021	0.147	0.421
sub-103_task-EyeTracking_physio	260	-311.054	13.951	325.005	1280.015	703.190	0.080	0.018	0.156	0.255
sub-103_task-EyeTracking_physio	260	30.623	355.628	325.005	1297.175	728.155	0.077	0.019	0.219	0.294
sub-103_task-EyeTracking_physio	260	388.962	1072.310	683.348	1335.207	724.525	0.082	0.052	0.434	0.328
sub-103_task-EyeTracking_physio	260	1097.313	1413.989	316.676	1297.590	729.148	0.079	0.014	0.189	0.170
sub-103_task-EyeTracking_physio	260	1430.654	2064.002	633.348	1344.260	703.745	0.085	0.065	0.420	0.428
sub-103_task-EyeTracking_physio	260	2089.002	2647.350	558.348	1294.315	716.905	0.077	0.022	0.204	0.352
sub-103_task-EyeTracking_physio	260	2664.019	2980.688	316.669	1262.230	739.243	0.077	0.010	0.170	0.225
sub-103_task-EyeTracking_physio	261	-1582.754	-1316.080	266.674	1281.890	731.952	0.091	0.017	0.184	0.228
sub-103_task-EyeTracking_physio	261	-432.731	-232.724	200.007	1270.503	716.632	0.135	0.073	0.160	0.947
sub-103_task-EyeTracking_physio	261	-57.721	658.965	716.686	1292.673	724.475	0.077	0.056	0.288	0.496
sub-103_task-EyeTracking_physio	261	692.299	875.634	183.335	1408.570	719.895	0.078	0.020	0.170	0.187
sub-103_task-EyeTracking_physio	261	900.635	1308.980	408.345	1520.975	735.930	0.074	0.019	0.203	0.285
sub-103_task-EyeTracking_physio	261	1333.980	1517.315	183.335	1314.930	719.697	0.075	0.025	0.182	0.260
sub-103_task-EyeTracking_physio	261	1525.648	1708.989	183.341	1294.825	717.133	0.177	0.131	0.924	0.261
sub-103_task-EyeTracking_physio	261	1725.656	1925.659	200.003	1266.945	709.712	0.084	0.017	0.190	0.232
sub-103_task-EyeTracking_physio	261	1942.330	2200.665	258.335	1282.550	701.600	0.069	0.015	0.154	0.214
sub-103_task-EyeTracking_physio	261	2242.335	2484.008	241.673	1166.435	737.180	0.086	0.019	0.149	0.266
sub-103_task-EyeTracking_physio	261	2509.008	2717.344	208.336	1127.570	744.510	0.077	0.012	0.131	0.181
sub-103_task-EyeTracking_physio	261	2734.016	2875.685	141.669	1092.285	737.385	0.097	0.039	0.141	0.379
sub-103_task-EyeTracking_physio	261	2892.351	3000.693	108.342	1141.590	688.485	0.081	0.023	0.151	0.224
sub-103_task-EyeTracking_physio	262	-726.959	-618.622	108.337	1336.193	1306.805	NaN	0.000	0.768	1.317
sub-103_task-EyeTracking_physio	262	-601.955	-410.285	191.670	1283.790	727.595	0.111	0.043	0.152	0.389
sub-103_task-EyeTracking_physio	262	-260.287	39.728	300.015	1279.398	721.295	0.113	0.048	0.171	0.711
sub-103_task-EyeTracking_physio	262	73.060	414.737	341.677	1291.780	742.295	0.089	0.030	0.178	0.347
sub-103_task-EyeTracking_physio	262	431.403	681.411	250.008	1243.555	717.365	0.082	0.023	0.237	0.208
sub-103_task-EyeTracking_physio	262	698.077	881.412	183.335	1264.830	663.835	0.083	0.017	0.156	0.227
sub-103_task-EyeTracking_physio	262	898.079	1114.753	216.674	1338.320	625.100	0.079	0.018	0.155	0.275
sub-103_task-EyeTracking_physio	262	1139.752	1356.427	216.675	1410.247	583.495	0.071	0.016	0.131	0.293
sub-103_task-EyeTracking_physio	262	1373.093	1556.426	183.333	1434.582	553.923	0.077	0.034	0.221	0.245
sub-103_task-EyeTracking_physio	262	1573.092	1848.106	275.014	1396.350	518.965	0.055	0.012	0.116	0.238
sub-103_task-EyeTracking_physio	262	1864.773	2148.112	283.339	1375.175	516.658	0.064	0.019	0.254	0.262
sub-103_task-EyeTracking_physio	262	2164.778	2431.452	266.674	1397.033	528.122	0.072	0.012	0.159	0.171
sub-103_task-EyeTracking_physio	262	2448.119	2639.792	191.673	1417.395	530.745	0.061	0.011	0.142	0.186
sub-103_task-EyeTracking_physio	262	2831.461	2998.131	166.670	1400.300	550.530	0.059	0.022	0.134	0.334
sub-103_task-EyeTracking_physio	263	-1820.186	-1553.515	266.671	1293.800	693.273	0.093	0.018	0.191	0.242
sub-103_task-EyeTracking_physio	263	-686.825	-461.817	225.008	1289.555	738.975	0.099	0.054	0.155	0.738
sub-103_task-EyeTracking_physio	263	-453.483	-236.815	216.668	1266.223	714.712	0.088	0.028	0.255	0.387
sub-103_task-EyeTracking_physio	263	-228.481	113.195	341.676	1278.565	706.175	0.082	0.029	0.230	0.345
sub-103_task-EyeTracking_physio	263	129.862	488.201	358.339	1292.465	722.970	0.084	0.013	0.117	0.218
sub-103_task-EyeTracking_physio	263	513.201	754.879	241.678	1190.690	770.000	0.078	0.027	0.265	0.239
sub-103_task-EyeTracking_physio	263	779.879	1038.217	258.338	1138.235	765.600	0.086	0.022	0.220	0.255
sub-103_task-EyeTracking_physio	263	1054.884	1246.557	191.673	1106.815	768.200	0.075	0.024	0.156	0.319
sub-103_task-EyeTracking_physio	263	1271.557	1638.234	366.677	1121.995	691.697	0.070	0.022	0.144	0.372
sub-103_task-EyeTracking_physio	263	1654.900	1913.242	258.342	1170.455	755.165	0.097	0.022	0.177	0.222
sub-103_task-EyeTracking_physio	263	1929.909	2554.923	625.014	1193.810	728.925	0.087	0.028	0.188	0.428
sub-103_task-EyeTracking_physio	263	2571.590	3004.932	433.342	1112.195	758.023	0.091	0.026	0.287	0.328
sub-103_task-EyeTracking_physio	264	-1058.816	-908.809	150.007	1112.225	755.745	0.090	0.013	0.135	0.232
sub-103_task-EyeTracking_physio	264	-883.809	-675.476	208.333	1274.125	726.185	0.082	0.016	0.191	0.264
sub-103_task-EyeTracking_physio	264	-358.799	307.883	666.682	1281.213	708.733	0.102	0.137	0.448	0.552
sub-103_task-EyeTracking_physio	264	324.550	507.886	183.336	1308.350	738.233	0.084	0.015	0.139	0.218
sub-103_task-EyeTracking_physio	264	532.895	891.230	358.335	1415.435	734.715	0.089	0.025	0.189	0.417
sub-103_task-EyeTracking_physio	264	916.233	1199.572	283.339	1367.305	712.967	0.086	0.023	0.145	0.334
sub-103_task-EyeTracking_physio	264	1224.573	1607.915	383.342	1365.442	669.695	0.078	0.020	0.177	0.351
sub-103_task-EyeTracking_physio	264	1632.915	2082.924	450.009	1383.135	729.255	0.083	0.022	0.214	0.262
sub-103_task-EyeTracking_physio	264	2099.595	2791.276	691.681	1376.500	714.995	0.078	0.024	0.223	0.330
sub-103_task-EyeTracking_physio	264	2816.276	2999.612	183.336	1356.213	697.485	0.083	0.018	0.152	0.308
sub-103_task-EyeTracking_physio	265	-971.893	-705.226	266.667	1299.945	706.800	0.090	0.019	0.227	0.208
sub-103_task-EyeTracking_physio	265	-288.548	19.796	308.344	1289.060	709.070	0.149	0.067	0.226	0.971
sub-103_task-EyeTracking_physio	265	28.129	336.468	308.339	1287.670	726.100	0.086	0.021	0.138	0.316
sub-103_task-EyeTracking_physio	265	361.467	561.472	200.005	1338.597	750.758	0.085	0.018	0.164	0.238
sub-103_task-EyeTracking_physio	265	586.472	978.151	391.679	1415.015	779.150	0.110	0.035	0.290	0.453
sub-103_task-EyeTracking_physio	265	1003.150	1386.493	383.343	1395.832	820.430	0.093	0.029	0.254	0.327
sub-103_task-EyeTracking_physio	265	1403.159	1686.499	283.340	1400.197	782.135	0.074	0.016	0.211	0.262
sub-103_task-EyeTracking_physio	265	1703.165	2069.837	366.672	1388.085	831.435	0.249	0.048	0.149	0.600
sub-103_task-EyeTracking_physio	265	2078.171	2553.190	475.019	1402.890	820.560	0.118	0.033	0.299	0.376
sub-103_task-EyeTracking_physio	265	2578.190	2803.195	225.005	1426.465	832.730	0.105	0.021	0.190	0.328
sub-103_task-EyeTracking_physio	265	2811.528	3003.198	191.670	1441.230	840.150	0.119	0.026	0.186	0.270
sub-103_task-EyeTracking_physio	266	-840.793	-624.119	216.674	1303.905	752.278	0.091	0.018	0.165	0.291
sub-103_task-EyeTracking_physio	266	-299.115	17.563	316.678	1291.335	705.785	0.141	0.072	0.401	0.715
sub-103_task-EyeTracking_physio	266	34.230	509.240	475.010	1322.015	769.310	0.120	0.030	0.228	0.454
sub-103_task-EyeTracking_physio	266	525.906	717.580	191.674	1262.455	757.905	0.120	0.029	0.229	0.269
sub-103_task-EyeTracking_physio	266	742.580	984.253	241.673	1163.265	762.295	0.102	0.031	0.156	0.474
sub-103_task-EyeTracking_physio	266	1000.918	1217.589	216.671	1101.477	774.605	0.132	0.042	0.215	0.400
sub-103_task-EyeTracking_physio	266	1234.256	1467.592	233.336	1045.095	808.697	0.132	0.050	0.199	0.561
sub-103_task-EyeTracking_physio	266	1484.264	2000.943	516.679	1011.298	832.327	0.112	0.037	0.209	0.507
sub-103_task-EyeTracking_physio	266	2025.941	2317.619	291.678	1125.690	819.345	0.145	0.045	0.258	0.430
sub-103_task-EyeTracking_physio	266	2334.285	2650.963	316.678	1188.372	810.980	0.080	0.024	0.189	0.325
sub-103_task-EyeTracking_physio	266	2667.629	2850.964	183.335	1168.885	830.377	0.129	0.037	0.226	0.401
sub-103_task-EyeTracking_physio	266	2867.630	3000.966	133.336	1172.148	802.307	0.096	0.017	0.120	0.303
sub-103_task-EyeTracking_physio	267	-640.854	-415.847	225.007	1265.980	745.255	0.076	0.014	0.204	0.164
sub-103_task-EyeTracking_physio	267	-249.177	-82.503	166.674	1293.665	705.930	0.197	0.102	0.327	0.961
sub-103_task-EyeTracking_physio	267	-57.504	350.841	408.345	1278.285	730.595	0.090	0.015	0.134	0.303
sub-103_task-EyeTracking_physio	267	359.174	600.847	241.673	1293.900	719.350	0.086	0.029	0.195	0.314
sub-103_task-EyeTracking_physio	267	625.846	867.520	241.674	1193.955	702.725	0.086	0.021	0.265	0.259
sub-103_task-EyeTracking_physio	267	892.520	1067.522	175.002	1146.040	737.245	0.098	0.020	0.161	0.282
sub-103_task-EyeTracking_physio	267	1092.525	1317.527	225.002	1134.170	778.505	0.103	0.029	0.251	0.242
sub-103_task-EyeTracking_physio	267	1334.194	1634.204	300.010	1108.215	820.577	0.099	0.047	0.437	0.271
sub-103_task-EyeTracking_physio	267	1650.871	1884.211	233.340	1076.415	850.312	0.105	0.042	0.354	0.277
sub-103_task-EyeTracking_physio	267	1900.876	2150.887	250.011	1019.535	847.290	0.119	0.063	0.282	0.423
sub-103_task-EyeTracking_physio	267	2167.553	2350.887	183.334	990.263	836.460	0.105	0.045	0.338	0.263
sub-103_task-EyeTracking_physio	267	2367.554	2600.896	233.342	1045.990	826.525	0.099	0.063	0.254	0.421
sub-103_task-EyeTracking_physio	267	2625.895	2809.234	183.339	1129.293	817.053	0.078	0.024	0.210	0.279
sub-103_task-EyeTracking_physio	267	2842.568	3017.572	175.004	1303.005	803.630	0.132	0.038	0.170	0.372
sub-103_task-EyeTracking_physio	268	-1651.064	-1459.396	191.668	1296.190	738.445	0.096	0.029	0.280	0.242
sub-103_task-EyeTracking_physio	268	-851.044	-659.375	191.669	1261.560	774.725	0.163	0.077	0.242	0.825
sub-103_task-EyeTracking_physio	268	-642.708	-426.035	216.673	1281.880	791.318	0.088	0.034	0.245	0.303
sub-103_task-EyeTracking_physio	268	-401.035	-201.028	200.007	1275.017	748.940	0.151	0.036	0.156	0.582
sub-103_task-EyeTracking_physio	268	-176.028	165.649	341.677	1277.325	711.800	0.074	0.014	0.147	0.234
sub-103_task-EyeTracking_physio	268	182.316	423.989	241.673	1271.365	757.165	0.077	0.024	0.162	0.332
sub-103_task-EyeTracking_physio	268	440.656	823.995	383.339	1245.390	789.335	0.084	0.036	0.234	0.404
sub-103_task-EyeTracking_physio	268	840.662	1265.675	425.013	1243.040	744.085	0.072	0.023	0.170	0.322
sub-103_task-EyeTracking_physio	268	1290.675	2149.032	858.357	1260.660	779.390	0.114	0.034	0.277	0.705
sub-103_task-EyeTracking_physio	268	2374.034	2949.052	575.018	1247.115	768.805	0.085	0.030	0.235	0.434
sub-103_task-EyeTracking_physio	269	-1049.387	-799.384	250.003	1272.965	731.225	0.071	0.012	0.199	0.180
sub-103_task-EyeTracking_physio	269	-782.713	-649.378	133.335	1287.423	719.597	0.083	0.014	0.141	0.227
sub-103_task-EyeTracking_physio	269	-441.039	-157.701	283.338	1270.048	695.648	0.198	0.067	0.305	0.888
sub-103_task-EyeTracking_physio	269	-141.031	275.647	416.678	1275.845	719.945	0.103	0.040	0.281	0.467
sub-103_task-EyeTracking_physio	269	292.312	542.320	250.008	1289.108	739.105	0.087	0.030	0.229	0.339
sub-103_task-EyeTracking_physio	269	558.986	733.988	175.002	1395.345	750.090	0.106	0.031	0.248	0.355
sub-103_task-EyeTracking_physio	269	750.654	1008.993	258.339	1483.665	750.000	0.101	0.042	0.168	0.482
sub-103_task-EyeTracking_physio	269	1025.659	1225.668	200.009	1508.050	750.700	0.077	0.013	0.131	0.175
sub-103_task-EyeTracking_physio	269	1259.002	1659.013	400.011	1337.023	740.045	0.106	0.024	0.235	0.408
sub-103_task-EyeTracking_physio	269	1675.679	1992.356	316.677	1290.775	743.918	0.089	0.016	0.205	0.268
sub-103_task-EyeTracking_physio	269	2009.022	2125.690	116.668	1271.835	744.947	0.230	0.032	0.307	0.316
sub-103_task-EyeTracking_physio	269	2142.358	2484.034	341.676	1297.470	740.420	0.159	0.036	0.491	0.659
sub-103_task-EyeTracking_physio	269	2509.033	2792.370	283.337	1411.818	758.215	0.092	0.089	0.770	0.201
sub-103_task-EyeTracking_physio	269	2817.370	3000.708	183.338	1486.645	756.322	0.098	0.042	0.243	0.346
sub-103_task-EyeTracking_physio	270	-1159.102	-909.097	250.005	1323.360	730.440	0.123	0.088	0.356	0.719
sub-103_task-EyeTracking_physio	270	-442.417	324.269	766.686	1284.485	738.845	0.102	0.051	0.217	0.782
sub-103_task-EyeTracking_physio	270	332.602	607.607	275.005	1303.370	744.915	0.113	0.050	0.251	0.640
sub-103_task-EyeTracking_physio	270	632.606	832.612	200.006	1218.947	758.660	0.136	0.046	0.264	0.461
sub-103_task-EyeTracking_physio	270	857.613	1057.613	200.000	1127.472	753.800	0.095	0.036	0.242	0.359
sub-103_task-EyeTracking_physio	270	1074.280	1290.955	216.675	1054.557	769.960	0.103	0.055	0.308	0.324
sub-103_task-EyeTracking_physio	270	1307.622	1474.290	166.668	1014.570	775.415	0.092	0.021	0.157	0.244
sub-103_task-EyeTracking_physio	270	1499.293	1657.632	158.339	1032.240	678.115	0.119	0.054	0.227	0.382
sub-103_task-EyeTracking_physio	270	1682.631	1807.633	125.002	1072.535	614.395	0.095	0.030	0.185	0.296
sub-103_task-EyeTracking_physio	270	1824.301	1999.305	175.004	1167.835	567.915	0.081	0.069	0.271	0.428
sub-103_task-EyeTracking_physio	270	2015.976	2199.310	183.334	1263.722	570.630	0.070	0.026	0.133	0.375
sub-103_task-EyeTracking_physio	270	2224.309	2407.652	183.343	1369.753	661.340	0.062	0.017	0.125	0.291
sub-103_task-EyeTracking_physio	270	2465.984	2690.992	225.008	1429.820	732.870	0.078	0.018	0.144	0.310
sub-103_task-EyeTracking_physio	270	2707.658	2832.660	125.002	1439.315	768.285	0.077	0.013	0.105	0.164
sub-103_task-EyeTracking_physio	270	2849.326	2999.332	150.006	1493.952	774.227	0.091	0.021	0.202	0.279
sub-103_task-EyeTracking_physio	271	-1028.426	546.612	1575.038	1296.705	730.355	0.100	0.158	0.516	0.980
sub-103_task-EyeTracking_physio	271	571.612	729.950	158.338	1237.490	769.675	0.095	0.019	0.155	0.236
sub-103_task-EyeTracking_physio	271	746.616	929.954	183.338	1214.090	707.857	0.124	0.027	0.149	0.300
sub-103_task-EyeTracking_physio	271	954.954	1279.960	325.006	1131.805	673.835	0.088	0.036	0.241	0.340
sub-103_task-EyeTracking_physio	271	1296.625	1463.299	166.674	1098.983	678.610	0.080	0.028	0.158	0.368
sub-103_task-EyeTracking_physio	271	1488.299	1713.311	225.012	1172.715	697.835	0.127	0.031	0.238	0.300
sub-103_task-EyeTracking_physio	271	1729.976	2079.979	350.003	1248.088	695.143	0.082	0.035	0.240	0.338
sub-103_task-EyeTracking_physio	271	2113.316	2296.653	183.337	1151.380	739.895	0.064	0.019	0.168	0.220
sub-103_task-EyeTracking_physio	271	2313.319	2546.658	233.339	1071.602	801.058	0.139	0.047	0.202	0.387
sub-103_task-EyeTracking_physio	271	2571.658	2821.664	250.006	1048.898	840.985	0.096	0.017	0.116	0.334
sub-103_task-EyeTracking_physio	271	2846.664	3005.000	158.336	1022.275	845.270	0.086	0.021	0.151	0.255
sub-103_task-EyeTracking_physio	272	-920.473	-745.471	175.002	1168.810	795.655	0.106	0.061	0.251	0.403
sub-103_task-EyeTracking_physio	272	-312.125	404.557	716.682	1270.605	750.183	0.148	0.118	0.405	1.038
sub-103_task-EyeTracking_physio	272	412.891	804.564	391.673	1300.410	728.700	0.110	0.045	0.326	0.435
sub-103_task-EyeTracking_physio	272	829.565	1021.240	191.675	1233.000	672.825	0.106	0.029	0.322	0.316
sub-103_task-EyeTracking_physio	272	1037.907	1237.913	200.006	1176.790	642.562	0.114	0.020	0.135	0.459
sub-103_task-EyeTracking_physio	272	1262.912	1421.250	158.338	1135.985	598.010	0.113	0.021	0.123	0.321
sub-103_task-EyeTracking_physio	272	1446.250	1662.924	216.674	1265.515	577.145	0.095	0.023	0.149	0.296
sub-103_task-EyeTracking_physio	272	1687.923	1879.592	191.669	1392.065	600.165	0.097	0.026	0.192	0.276
sub-103_task-EyeTracking_physio	272	1904.597	2129.598	225.001	1461.735	683.575	0.154	0.025	0.116	0.497
sub-103_task-EyeTracking_physio	272	2154.598	2496.275	341.677	1502.750	777.505	0.137	0.049	0.301	0.485
sub-103_task-EyeTracking_physio	272	2512.942	2729.616	216.674	1557.472	804.425	0.139	0.037	0.197	0.407
sub-103_task-EyeTracking_physio	272	2746.283	2979.622	233.339	1622.145	835.192	0.193	0.087	0.337	0.480
sub-103_task-EyeTracking_physio	273	-1762.793	-1604.454	158.339	1584.170	796.585	0.161	0.061	0.219	0.525
sub-103_task-EyeTracking_physio	273	-1546.122	-1254.448	291.674	1239.670	791.705	0.267	0.759	1.370	1.250
sub-103_task-EyeTracking_physio	273	-1237.778	-1079.441	158.337	1284.375	756.450	0.192	0.043	0.198	0.516
sub-103_task-EyeTracking_physio	273	-837.769	-404.426	433.343	1298.628	772.620	0.237	0.229	0.796	1.455
sub-103_task-EyeTracking_physio	273	-254.424	-21.082	233.342	1285.993	694.268	0.142	0.035	0.156	0.395
sub-103_task-EyeTracking_physio	273	-12.749	337.261	350.010	1303.340	714.523	0.121	0.033	0.237	0.522
sub-103_task-EyeTracking_physio	273	362.261	612.268	250.007	1294.438	778.507	0.248	0.094	0.358	0.807
sub-103_task-EyeTracking_physio	273	637.267	828.933	191.666	1252.560	818.275	0.267	0.064	0.192	0.791
sub-103_task-EyeTracking_physio	273	845.600	1128.945	283.345	1108.233	795.660	0.176	0.075	0.373	0.516
sub-103_task-EyeTracking_physio	273	1145.611	1295.617	150.006	1053.452	770.285	0.113	0.033	0.188	0.340
sub-103_task-EyeTracking_physio	273	1320.617	1612.287	291.670	1065.995	681.980	0.093	0.044	0.283	0.310
sub-103_task-EyeTracking_physio	273	1637.289	1845.629	208.340	1133.340	624.805	0.077	0.017	0.163	0.246
sub-103_task-EyeTracking_physio	273	1870.629	2078.968	208.339	1247.125	590.260	0.081	0.030	0.175	0.323
sub-103_task-EyeTracking_physio	273	2112.302	2303.976	191.674	1370.785	616.305	0.069	0.027	0.202	0.323
sub-103_task-EyeTracking_physio	273	2328.975	2520.645	191.670	1505.995	681.865	0.103	0.040	0.299	0.301
sub-103_task-EyeTracking_physio	273	2545.645	2812.317	266.672	1556.835	767.277	0.092	0.023	0.169	0.348
sub-103_task-EyeTracking_physio	273	2837.322	3003.991	166.669	1614.443	792.875	0.136	0.036	0.121	0.494
sub-103_task-EyeTracking_physio	274	-911.047	-719.374	191.673	1321.740	728.760	0.106	0.040	0.250	0.391
sub-103_task-EyeTracking_physio	274	-494.373	-327.697	166.676	1305.452	719.423	0.089	0.015	0.113	0.443
sub-103_task-EyeTracking_physio	274	-319.364	-127.694	191.670	1279.960	721.660	0.084	0.019	0.134	0.306
sub-103_task-EyeTracking_physio	274	-111.027	355.651	466.678	1305.253	736.200	0.093	0.038	0.190	0.515
sub-103_task-EyeTracking_physio	274	372.318	588.994	216.676	1275.020	742.317	0.095	0.020	0.187	0.228
sub-103_task-EyeTracking_physio	274	622.327	872.333	250.006	1152.233	766.452	0.072	0.030	0.247	0.361
sub-103_task-EyeTracking_physio	274	889.000	1272.343	383.343	1084.082	801.092	0.094	0.029	0.251	0.392
sub-103_task-EyeTracking_physio	274	1297.344	1505.684	208.340	1005.710	764.485	0.095	0.028	0.217	0.308
sub-103_task-EyeTracking_physio	274	1530.683	1764.023	233.340	937.950	727.760	0.114	0.019	0.100	0.448
sub-103_task-EyeTracking_physio	274	1789.022	2005.694	216.672	947.725	663.882	0.088	0.030	0.248	0.311
sub-103_task-EyeTracking_physio	274	2030.699	2230.702	200.003	993.290	601.308	0.095	0.030	0.258	0.267
sub-103_task-EyeTracking_physio	274	2247.369	2489.042	241.673	1007.365	565.135	0.065	0.017	0.223	0.192
sub-103_task-EyeTracking_physio	274	2530.708	2797.382	266.674	955.290	550.992	0.075	0.035	0.271	0.322
sub-103_task-EyeTracking_physio	274	2830.719	3005.720	175.001	1168.175	573.495	0.084	0.034	0.280	0.294
sub-103_task-EyeTracking_physio	275	-1093.391	-943.383	150.008	1342.775	630.028	0.135	0.084	0.459	0.466
sub-103_task-EyeTracking_physio	275	-385.034	-251.698	133.336	1219.003	732.725	0.115	0.088	0.265	0.684
sub-103_task-EyeTracking_physio	275	-235.031	248.315	483.346	1265.432	715.402	0.079	0.026	0.199	0.361
sub-103_task-EyeTracking_physio	275	264.982	414.985	150.003	1277.205	675.442	0.096	0.039	0.161	0.400
sub-103_task-EyeTracking_physio	275	431.651	581.653	150.002	1253.765	659.220	0.108	0.044	0.127	0.384
sub-103_task-EyeTracking_physio	275	598.320	981.663	383.343	1358.650	650.115	0.086	0.027	0.192	0.377
sub-103_task-EyeTracking_physio	275	998.329	1698.350	700.021	1329.302	654.463	0.083	0.027	0.210	0.402
sub-103_task-EyeTracking_physio	275	1731.683	1948.357	216.674	1252.555	666.900	0.072	0.016	0.181	0.210
sub-103_task-EyeTracking_physio	275	1973.356	2173.359	200.003	1138.485	673.960	0.090	0.014	0.163	0.210
sub-103_task-EyeTracking_physio	275	2206.697	2415.028	208.331	1025.240	674.965	0.104	0.024	0.300	0.192
sub-103_task-EyeTracking_physio	275	2431.695	2665.039	233.344	969.122	677.642	0.073	0.023	0.227	0.229
sub-103_task-EyeTracking_physio	275	2681.705	2948.378	266.673	928.290	693.155	0.108	0.037	0.407	0.237
sub-103_task-EyeTracking_physio	276	-1050.070	-866.734	183.336	1292.898	754.945	0.175	0.056	0.234	0.538
sub-103_task-EyeTracking_physio	276	-483.391	-166.720	316.671	1278.710	752.273	0.111	0.048	0.246	0.612
sub-103_task-EyeTracking_physio	276	-150.054	408.299	558.353	1279.985	728.625	0.120	0.040	0.215	0.725
sub-103_task-EyeTracking_physio	276	1041.641	1416.651	375.010	1267.170	676.655	0.104	0.060	0.223	0.802
sub-103_task-EyeTracking_physio	276	1433.317	1783.329	350.012	1243.610	715.935	0.115	0.031	0.180	0.391
sub-103_task-EyeTracking_physio	276	1808.330	1975.004	166.674	1335.630	709.648	0.119	0.031	0.301	0.308
sub-103_task-EyeTracking_physio	276	2000.004	2191.674	191.670	1446.965	700.840	0.096	0.031	0.287	0.257
sub-103_task-EyeTracking_physio	276	2208.339	2433.347	225.008	1576.685	694.975	0.112	0.048	0.366	0.382
sub-103_task-EyeTracking_physio	276	2450.014	2666.686	216.672	1622.957	677.855	0.084	0.050	0.251	0.368
sub-103_task-EyeTracking_physio	276	2683.353	2900.028	216.675	1618.320	605.788	0.084	0.017	0.188	0.219
sub-103_task-EyeTracking_physio	277	-919.756	-811.418	108.338	1427.665	554.760	0.048	0.010	0.154	0.136
sub-103_task-EyeTracking_physio	277	-786.418	-553.079	233.339	1308.078	667.025	0.105	0.024	0.209	0.362
sub-103_task-EyeTracking_physio	277	-36.398	438.609	475.007	1280.325	713.320	0.089	0.032	0.235	0.405
sub-103_task-EyeTracking_physio	277	463.615	671.948	208.333	1172.635	752.040	0.127	0.052	0.337	0.401
sub-103_task-EyeTracking_physio	277	696.948	905.290	208.342	1067.250	759.820	0.096	0.058	0.306	0.338
sub-103_task-EyeTracking_physio	277	930.290	1155.296	225.006	965.615	787.805	0.081	0.020	0.174	0.272
sub-103_task-EyeTracking_physio	277	1171.963	1505.302	333.339	905.320	799.770	0.097	0.075	0.461	0.392
sub-103_task-EyeTracking_physio	277	1763.642	1905.312	141.670	1130.095	800.610	0.118	0.041	0.300	0.323
sub-103_task-EyeTracking_physio	277	1930.316	2071.984	141.668	1226.780	803.360	0.144	0.046	0.319	0.317
sub-103_task-EyeTracking_physio	277	2088.651	2188.658	100.007	1351.158	806.192	0.144	0.036	0.343	0.191
sub-103_task-EyeTracking_physio	277	2213.656	2338.659	125.003	1490.665	820.155	0.112	0.044	0.197	0.388
sub-103_task-EyeTracking_physio	277	2346.992	2480.326	133.334	1552.327	808.750	0.108	0.053	0.290	0.350
sub-103_task-EyeTracking_physio	277	2496.993	2805.336	308.343	1623.200	795.510	0.084	0.063	0.299	0.405
sub-103_task-EyeTracking_physio	277	2830.339	2997.007	166.668	1607.773	760.450	0.086	0.024	0.221	0.194
sub-103_task-EyeTracking_physio	278	-1264.348	-1139.344	125.004	1313.690	731.110	0.104	0.033	0.210	0.212
sub-103_task-EyeTracking_physio	278	-505.994	-355.991	150.003	1207.610	712.618	0.162	0.170	0.461	0.936
sub-103_task-EyeTracking_physio	278	-347.658	-147.656	200.002	1250.705	712.235	0.096	0.041	0.262	0.336
sub-103_task-EyeTracking_physio	278	-130.985	460.693	591.678	1283.200	719.085	0.090	0.044	0.359	0.445
sub-103_task-EyeTracking_physio	278	477.360	677.363	200.003	1220.092	728.253	0.101	0.031	0.250	0.254
sub-103_task-EyeTracking_physio	278	702.363	910.700	208.337	1100.705	736.525	0.112	0.039	0.195	0.421
sub-103_task-EyeTracking_physio	278	935.704	1135.707	200.003	1009.317	752.028	0.086	0.032	0.229	0.236
sub-103_task-EyeTracking_physio	278	1152.373	1410.710	258.337	937.740	784.790	0.129	0.055	0.404	0.365
sub-103_task-EyeTracking_physio	278	1427.376	1585.717	158.341	907.550	819.765	0.080	0.019	0.147	0.276
sub-103_task-EyeTracking_physio	278	1610.716	1835.724	225.008	979.060	808.225	0.096	0.034	0.300	0.253
sub-103_task-EyeTracking_physio	278	1860.723	2052.393	191.670	1076.270	772.910	0.098	0.030	0.176	0.341
sub-103_task-EyeTracking_physio	278	2069.060	2344.062	275.002	1129.470	754.185	0.072	0.010	0.148	0.132
sub-103_task-EyeTracking_physio	278	2360.736	2752.413	391.677	1107.320	740.420	0.089	0.028	0.223	0.338
sub-103_task-EyeTracking_physio	278	2769.080	3002.417	233.337	1057.380	751.337	0.112	0.031	0.188	0.288
sub-103_task-EyeTracking_physio	279	-1921.969	-1755.301	166.668	1010.005	777.298	0.122	0.074	0.240	0.526
sub-103_task-EyeTracking_physio	279	-663.605	-346.937	316.668	1271.710	761.878	0.139	0.072	0.154	1.203
sub-103_task-EyeTracking_physio	279	-338.604	294.749	633.353	1283.668	734.787	0.085	0.045	0.288	0.464
sub-103_task-EyeTracking_physio	279	644.761	936.431	291.670	1381.515	709.400	0.084	0.025	0.177	0.395
sub-103_task-EyeTracking_physio	279	953.099	1294.774	341.675	1410.555	676.380	0.074	0.031	0.270	0.311
sub-103_task-EyeTracking_physio	279	1319.774	1686.453	366.679	1467.037	678.490	0.083	0.030	0.315	0.341
sub-103_task-EyeTracking_physio	279	1703.120	1953.125	250.005	1565.188	679.308	0.093	0.035	0.297	0.295
sub-103_task-EyeTracking_physio	279	1986.458	2219.799	233.341	1631.365	696.590	0.066	0.011	0.146	0.189
sub-103_task-EyeTracking_physio	279	2236.465	2519.805	283.340	1580.195	747.322	0.089	0.027	0.182	0.296
sub-103_task-EyeTracking_physio	279	2544.804	2769.809	225.005	1453.880	798.120	0.099	0.032	0.151	0.338
sub-103_task-EyeTracking_physio	279	2794.811	2994.813	200.002	1331.175	777.632	0.108	0.023	0.277	0.231
sub-103_task-EyeTracking_physio	280	-1265.250	-1123.581	141.669	1151.895	772.715	0.102	0.029	0.142	0.348
sub-103_task-EyeTracking_physio	280	-1106.914	-890.241	216.673	1241.918	744.475	0.084	0.018	0.197	0.188
sub-103_task-EyeTracking_physio	280	-873.576	-715.238	158.338	1285.305	737.680	0.088	0.025	0.176	0.283
sub-103_task-EyeTracking_physio	280	-140.221	43.117	183.338	1301.378	714.035	0.108	0.055	0.137	0.624
sub-103_task-EyeTracking_physio	280	59.783	384.789	325.006	1271.555	719.585	0.090	0.024	0.218	0.318
sub-103_task-EyeTracking_physio	280	393.122	634.798	241.676	1254.560	698.805	0.122	0.041	0.153	0.503
sub-103_task-EyeTracking_physio	280	668.131	851.466	183.335	1313.280	670.922	0.075	0.016	0.087	0.324
sub-103_task-EyeTracking_physio	280	868.133	1143.138	275.005	1401.440	661.915	0.053	0.012	0.200	0.190
sub-103_task-EyeTracking_physio	280	1168.145	1468.150	300.005	1349.580	665.985	0.072	0.019	0.184	0.223
sub-103_task-EyeTracking_physio	280	1493.150	1751.489	258.339	1284.845	678.530	0.077	0.014	0.157	0.248
sub-103_task-EyeTracking_physio	280	1784.822	2018.159	233.337	1187.778	689.477	0.080	0.023	0.179	0.267
sub-103_task-EyeTracking_physio	280	2043.159	2609.844	566.685	1119.173	710.312	0.079	0.020	0.229	0.274
sub-103_task-EyeTracking_physio	280	2634.843	2851.516	216.673	1234.000	706.825	0.077	0.015	0.174	0.216
sub-103_task-EyeTracking_physio	280	2884.848	3001.519	116.671	1364.110	688.817	0.070	0.014	0.173	0.153
sub-103_task-EyeTracking_physio	281	-3002.318	-2718.974	283.344	1244.495	712.463	0.096	0.028	0.294	0.340
sub-103_task-EyeTracking_physio	281	-2368.968	-2077.294	291.674	1255.650	718.835	0.103	0.043	0.189	0.546
sub-103_task-EyeTracking_physio	281	-2052.289	-1527.276	525.013	1304.365	717.700	0.066	0.027	0.237	0.357
sub-103_task-EyeTracking_physio	281	-1502.278	-1235.606	266.672	1265.220	710.765	0.089	0.023	0.184	0.330
sub-103_task-EyeTracking_physio	281	-1218.939	-843.929	375.010	1288.705	697.135	0.080	0.026	0.193	0.345
sub-103_task-EyeTracking_physio	281	-460.586	322.768	783.354	1275.952	715.548	0.099	0.077	0.364	0.710
sub-103_task-EyeTracking_physio	281	614.439	881.113	266.674	1274.192	713.190	0.070	0.023	0.210	0.395
sub-103_task-EyeTracking_physio	281	897.779	1039.447	141.668	1247.450	721.915	0.085	0.031	0.126	0.395
sub-103_task-EyeTracking_physio	281	1064.446	1197.784	133.338	1170.795	758.590	0.094	0.029	0.184	0.362
sub-103_task-EyeTracking_physio	281	1222.788	1397.789	175.001	1116.880	809.680	0.076	0.022	0.186	0.175
sub-103_task-EyeTracking_physio	281	1422.788	1639.465	216.677	1058.183	837.800	0.099	0.035	0.224	0.348
sub-103_task-EyeTracking_physio	281	1664.464	2006.141	341.677	986.260	881.945	0.123	0.046	0.233	0.474
sub-103_task-EyeTracking_physio	281	2031.140	2139.477	108.337	1047.925	855.085	0.113	0.028	0.347	0.184
sub-103_task-EyeTracking_physio	281	2306.147	2497.816	191.669	1353.720	785.310	0.193	0.369	0.764	1.395
sub-103_task-EyeTracking_physio	281	2514.487	2697.823	183.336	1408.648	786.173	0.092	0.033	0.191	0.333
sub-103_task-EyeTracking_physio	281	2714.490	2822.827	108.337	1439.980	793.210	0.123	0.056	0.192	0.366
sub-103_task-EyeTracking_physio	281	2839.492	2997.829	158.337	1466.550	783.370	0.088	0.034	0.249	0.238
sub-103_task-EyeTracking_physio	282	-5628.168	-5469.833	158.335	1267.280	740.820	0.160	0.096	0.203	0.918
sub-103_task-EyeTracking_physio	282	-5311.491	-5144.821	166.670	1278.315	767.183	0.223	0.292	0.647	1.258
sub-103_task-EyeTracking_physio	282	-5086.486	-4903.150	183.336	569.118	1075.415	0.128	0.132	0.623	0.641
sub-103_task-EyeTracking_physio	282	-1453.066	-1186.390	266.676	1233.415	833.232	0.175	0.081	0.276	0.605
sub-103_task-EyeTracking_physio	282	-1028.054	-828.049	200.005	1265.875	742.433	0.204	0.058	0.164	0.748
sub-103_task-EyeTracking_physio	282	-586.376	-144.698	441.678	1280.755	703.755	0.171	0.092	0.270	0.939
sub-103_task-EyeTracking_physio	282	-128.031	371.982	500.013	1304.827	727.595	0.196	0.056	0.239	0.779
sub-103_task-EyeTracking_physio	282	388.649	555.317	166.668	1225.732	733.362	0.132	0.028	0.178	0.331
sub-103_task-EyeTracking_physio	282	571.983	905.328	333.345	1144.798	735.660	0.115	0.041	0.298	0.375
sub-103_task-EyeTracking_physio	282	938.662	1172.002	233.340	1339.265	729.493	0.107	0.038	0.249	0.332
sub-103_task-EyeTracking_physio	282	1188.670	1522.011	333.341	1482.858	733.345	0.120	0.040	0.397	0.269
sub-103_task-EyeTracking_physio	282	1555.344	1772.019	216.675	1342.848	638.855	0.082	0.039	0.232	0.361
sub-103_task-EyeTracking_physio	282	1797.019	2072.025	275.006	1267.000	612.500	0.072	0.019	0.193	0.275
sub-103_task-EyeTracking_physio	282	2088.692	2322.031	233.339	1185.150	648.480	0.074	0.030	0.186	0.338
sub-103_task-EyeTracking_physio	282	2338.698	3005.379	666.681	1171.332	706.635	0.072	0.020	0.163	0.462
sub-103_task-EyeTracking_physio	283	-3242.124	-2933.786	308.338	1296.155	904.090	0.256	0.098	0.360	0.957
sub-103_task-EyeTracking_physio	283	-2883.781	-2450.437	433.344	729.753	1387.112	0.088	0.039	0.394	0.309
sub-103_task-EyeTracking_physio	283	-1925.425	-1450.413	475.012	1286.135	728.120	0.098	0.026	0.169	0.482
sub-103_task-EyeTracking_physio	283	-1433.746	-1233.742	200.004	1266.668	705.545	0.081	0.016	0.137	0.249
sub-103_task-EyeTracking_physio	283	-1217.069	-300.381	916.688	1286.825	698.688	0.083	0.057	0.444	0.313
sub-103_task-EyeTracking_physio	283	-283.714	-167.043	116.671	1273.128	700.903	0.071	0.015	0.117	0.167
sub-103_task-EyeTracking_physio	283	-150.378	266.297	416.675	1289.370	703.195	0.066	0.013	0.178	0.195
sub-103_task-EyeTracking_physio	283	282.964	482.971	200.007	1273.637	733.975	0.092	0.022	0.154	0.280
sub-103_task-EyeTracking_physio	283	499.638	882.982	383.344	1216.850	765.027	0.106	0.019	0.153	0.381
sub-103_task-EyeTracking_physio	283	907.982	1232.985	325.003	1271.315	779.760	0.103	0.024	0.250	0.299
sub-103_task-EyeTracking_physio	283	1249.652	1849.671	600.019	1292.707	793.488	0.080	0.022	0.188	0.320
sub-103_task-EyeTracking_physio	283	1866.337	2224.682	358.345	1240.665	770.830	0.086	0.018	0.165	0.219
sub-103_task-EyeTracking_physio	283	2241.348	2583.025	341.677	1265.460	767.550	0.071	0.008	0.101	0.173
sub-103_task-EyeTracking_physio	283	2608.026	2999.702	391.676	1303.975	800.915	0.090	0.022	0.177	0.274
sub-103_task-EyeTracking_physio	284	-2815.171	-2298.490	516.681	1300.340	801.435	0.081	0.021	0.228	0.322
sub-103_task-EyeTracking_physio	284	-2073.481	-1773.477	300.004	1287.923	710.077	0.097	0.056	0.157	0.891
sub-103_task-EyeTracking_physio	284	-1765.144	-1356.802	408.342	1272.090	700.030	0.067	0.022	0.173	0.346
sub-103_task-EyeTracking_physio	284	-1106.793	-831.787	275.006	1270.345	699.740	0.084	0.034	0.164	0.505
sub-103_task-EyeTracking_physio	284	-806.786	-556.777	250.009	1230.580	700.758	0.079	0.022	0.196	0.293
sub-103_task-EyeTracking_physio	284	-540.111	284.908	825.019	1280.405	705.670	0.089	0.089	0.523	0.394
sub-103_task-EyeTracking_physio	284	301.574	518.250	216.676	1316.165	728.197	0.118	0.032	0.171	0.350
sub-103_task-EyeTracking_physio	284	543.248	834.921	291.673	1379.490	719.680	0.079	0.027	0.216	0.343
sub-103_task-EyeTracking_physio	284	851.588	1234.932	383.344	1441.182	724.757	0.101	0.027	0.258	0.294
sub-103_task-EyeTracking_physio	284	1259.931	1551.606	291.675	1360.625	726.125	0.083	0.027	0.233	0.256
sub-103_task-EyeTracking_physio	284	1576.606	1826.615	250.009	1243.985	718.635	0.141	0.031	0.232	0.342
sub-103_task-EyeTracking_physio	284	1843.281	2059.955	216.674	1179.765	720.263	0.080	0.017	0.157	0.224
sub-103_task-EyeTracking_physio	284	2084.955	2309.956	225.001	1096.290	711.445	0.108	0.036	0.227	0.339
sub-103_task-EyeTracking_physio	284	2326.627	2526.629	200.002	1040.775	705.845	0.112	0.022	0.226	0.261
sub-103_task-EyeTracking_physio	284	2551.629	2751.636	200.007	1085.380	652.770	0.138	0.033	0.241	0.377
sub-103_task-EyeTracking_physio	284	2776.635	2976.642	200.007	1188.080	599.710	0.109	0.033	0.255	0.317
sub-103_task-EyeTracking_physio	285	-771.204	-496.200	275.004	1243.600	770.265	0.167	0.092	0.518	0.650
sub-103_task-EyeTracking_physio	285	-287.865	-46.191	241.674	1262.320	700.200	0.115	0.048	0.230	0.522
sub-103_task-EyeTracking_physio	285	-12.858	345.484	358.342	1283.785	715.730	0.092	0.019	0.170	0.286
sub-103_task-EyeTracking_physio	285	362.151	570.491	208.340	1319.515	725.290	0.093	0.024	0.230	0.254
sub-103_task-EyeTracking_physio	285	587.157	837.164	250.007	1389.845	738.348	0.078	0.019	0.133	0.278
sub-103_task-EyeTracking_physio	285	853.830	1220.508	366.678	1437.225	769.985	0.091	0.016	0.161	0.253
sub-103_task-EyeTracking_physio	285	1237.175	1470.512	233.337	1437.390	745.140	0.095	0.018	0.197	0.203
sub-103_task-EyeTracking_physio	285	1495.512	1770.519	275.007	1450.550	703.675	0.069	0.016	0.158	0.233
sub-103_task-EyeTracking_physio	285	1787.185	2303.865	516.680	1401.382	693.465	0.077	0.015	0.164	0.282
sub-103_task-EyeTracking_physio	285	2320.532	2537.203	216.671	1467.283	704.900	0.083	0.029	0.194	0.361
sub-103_task-EyeTracking_physio	285	2553.870	2970.547	416.677	1498.713	704.985	0.074	0.014	0.203	0.230
sub-103_task-EyeTracking_physio	286	-103.090	421.923	525.013	1282.140	724.225	0.133	0.059	0.217	1.018
sub-103_task-EyeTracking_physio	286	446.923	671.930	225.007	1306.220	749.585	0.087	0.025	0.179	0.297
sub-103_task-EyeTracking_physio	286	696.929	946.937	250.008	1326.075	803.495	0.125	0.027	0.213	0.373
sub-103_task-EyeTracking_physio	286	963.602	1238.608	275.006	1349.055	818.350	0.092	0.041	0.230	0.493
sub-103_task-EyeTracking_physio	286	1263.608	1621.952	358.344	1306.865	744.815	0.079	0.030	0.204	0.439
sub-103_task-EyeTracking_physio	286	1646.952	2088.627	441.675	1330.230	817.800	0.097	0.019	0.174	0.309
sub-103_task-EyeTracking_physio	286	2105.294	2696.976	591.682	1317.860	752.215	0.089	0.028	0.163	0.471
sub-103_task-EyeTracking_physio	286	2721.976	3005.316	283.340	1275.815	726.865	0.089	0.024	0.192	0.338
sub-103_task-EyeTracking_physio	287	-800.123	-491.782	308.341	1271.195	727.680	0.072	0.013	0.113	0.311
sub-103_task-EyeTracking_physio	287	-483.449	91.567	575.016	1278.060	712.070	0.089	0.032	0.251	0.312
sub-103_task-EyeTracking_physio	287	108.233	408.241	300.008	1283.077	737.797	0.113	0.029	0.190	0.305
sub-103_task-EyeTracking_physio	287	424.907	641.580	216.673	1254.365	768.107	0.106	0.027	0.195	0.282
sub-103_task-EyeTracking_physio	287	658.247	891.586	233.339	1157.610	781.960	0.112	0.031	0.218	0.344
sub-103_task-EyeTracking_physio	287	916.586	1158.260	241.674	1096.320	801.290	0.114	0.041	0.300	0.401
sub-103_task-EyeTracking_physio	287	1174.926	1458.266	283.340	1112.300	834.175	0.143	0.022	0.144	0.414
sub-103_task-EyeTracking_physio	287	1474.933	1708.276	233.343	1173.330	879.225	0.328	0.096	0.269	1.001
sub-103_task-EyeTracking_physio	287	1724.942	2024.945	300.003	1234.358	915.895	0.260	0.095	0.255	1.051
sub-103_task-EyeTracking_physio	287	2041.616	2308.290	266.674	1290.997	895.540	0.332	0.058	0.155	0.902
sub-103_task-EyeTracking_physio	287	2324.957	2541.624	216.667	1329.393	891.362	0.223	0.065	0.183	0.835
sub-103_task-EyeTracking_physio	287	2566.631	2799.967	233.336	1392.513	898.132	0.299	0.082	0.251	0.780
sub-103_task-EyeTracking_physio	287	2824.967	2999.974	175.007	1453.510	893.760	0.268	0.087	0.265	0.609
sub-103_task-EyeTracking_physio	288	-802.339	-543.999	258.340	1280.470	782.185	0.096	0.032	0.198	0.279
sub-103_task-EyeTracking_physio	288	-285.659	47.682	333.341	1280.347	731.347	0.148	0.065	0.253	0.791
sub-103_task-EyeTracking_physio	288	64.349	306.022	241.673	1287.385	765.315	0.099	0.046	0.206	0.449
sub-103_task-EyeTracking_physio	288	331.024	556.027	225.003	1171.010	829.135	0.169	0.067	0.248	0.543
sub-103_task-EyeTracking_physio	288	572.693	806.035	233.342	1081.952	812.498	0.125	0.043	0.283	0.360
sub-103_task-EyeTracking_physio	288	814.368	1056.043	241.675	1005.560	821.435	0.093	0.028	0.337	0.202
sub-103_task-EyeTracking_physio	288	1072.710	1314.382	241.672	950.320	842.955	0.087	0.016	0.161	0.241
sub-103_task-EyeTracking_physio	288	1339.382	1581.055	241.673	891.405	863.365	0.100	0.017	0.183	0.260
sub-103_task-EyeTracking_physio	288	1631.054	1872.728	241.674	1049.570	874.340	0.118	0.052	0.295	0.374
sub-103_task-EyeTracking_physio	288	1889.394	2189.405	300.011	1168.102	864.985	0.245	0.073	0.369	0.601
sub-103_task-EyeTracking_physio	288	2206.071	2447.745	241.674	1230.725	861.060	0.190	0.059	0.192	0.673
sub-103_task-EyeTracking_physio	288	2472.744	2681.078	208.334	1258.455	770.715	0.088	0.022	0.164	0.291
sub-103_task-EyeTracking_physio	288	2706.085	2964.423	258.338	1293.005	698.755	0.087	0.022	0.156	0.326
sub-103_task-EyeTracking_physio	289	-901.929	-493.587	408.342	1253.535	704.135	0.078	0.031	0.207	0.422
sub-103_task-EyeTracking_physio	289	-476.920	306.433	783.353	1277.225	707.355	0.077	0.026	0.201	0.387
sub-103_task-EyeTracking_physio	289	331.433	581.437	250.004	1212.800	736.020	0.093	0.020	0.179	0.280
sub-103_task-EyeTracking_physio	289	606.440	1098.117	491.677	1177.035	706.565	0.089	0.051	0.308	0.422
sub-103_task-EyeTracking_physio	289	1123.117	1348.125	225.008	1130.805	685.570	0.102	0.039	0.194	0.444
sub-103_task-EyeTracking_physio	289	1548.131	1839.805	291.674	1116.710	632.325	0.087	0.060	0.201	0.677
sub-103_task-EyeTracking_physio	289	1856.472	2073.145	216.673	1135.700	583.670	0.077	0.021	0.155	0.384
sub-103_task-EyeTracking_physio	289	2098.145	2464.821	366.676	1113.465	539.725	0.068	0.020	0.230	0.192
sub-103_task-EyeTracking_physio	289	2489.821	2906.496	416.675	1175.360	569.130	0.075	0.024	0.328	0.250
sub-103_task-EyeTracking_physio	290	-3622.942	-2514.584	1108.358	1261.505	724.765	0.077	0.051	0.459	0.362
sub-103_task-EyeTracking_physio	290	-2497.917	-1239.551	1258.366	1230.080	734.770	0.095	0.078	0.682	0.410
sub-103_task-EyeTracking_physio	290	-1231.218	-481.198	750.020	1217.653	725.520	0.107	0.053	0.277	0.707
sub-103_task-EyeTracking_physio	290	-464.532	-247.864	216.668	1280.745	702.673	0.085	0.060	0.325	0.356
sub-103_task-EyeTracking_physio	290	-72.858	93.814	166.672	1305.915	705.115	0.140	0.043	0.142	0.472
sub-103_task-EyeTracking_physio	290	102.148	252.150	150.002	1302.335	686.230	0.078	0.011	0.102	0.189
sub-103_task-EyeTracking_physio	290	277.150	377.153	100.003	1300.503	701.170	0.057	0.009	0.081	0.138
sub-103_task-EyeTracking_physio	290	402.152	568.827	166.675	1358.570	718.402	0.102	0.030	0.236	0.269
sub-103_task-EyeTracking_physio	290	602.159	985.501	383.342	1465.918	735.428	0.074	0.021	0.215	0.315
sub-103_task-EyeTracking_physio	290	1018.835	1393.844	375.009	1438.730	683.075	0.071	0.023	0.213	0.411
sub-103_task-EyeTracking_physio	290	1435.511	3002.217	1566.706	1395.112	714.832	0.076	0.030	0.296	0.373
sub-103_task-EyeTracking_physio	291	-1146.058	-971.057	175.001	1389.340	713.320	0.081	0.011	0.158	0.156
sub-103_task-EyeTracking_physio	291	-954.390	-804.386	150.004	1264.420	713.947	0.074	0.012	0.170	0.139
sub-103_task-EyeTracking_physio	291	-629.379	303.978	933.357	1282.230	704.003	0.099	0.074	0.354	0.630
sub-103_task-EyeTracking_physio	291	328.978	612.317	283.339	1243.670	733.620	0.083	0.029	0.220	0.346
sub-103_task-EyeTracking_physio	291	637.317	820.657	183.340	1170.950	744.602	0.095	0.025	0.190	0.307
sub-103_task-EyeTracking_physio	291	853.990	1062.329	208.339	1067.330	728.570	0.076	0.023	0.225	0.178
sub-103_task-EyeTracking_physio	291	1078.995	1345.670	266.675	1001.260	706.525	0.094	0.028	0.291	0.415
sub-103_task-EyeTracking_physio	291	1362.337	1679.008	316.671	991.163	648.100	0.067	0.030	0.242	0.229
sub-103_task-EyeTracking_physio	291	1704.013	2029.016	325.003	1015.625	622.925	0.072	0.022	0.176	0.212
sub-103_task-EyeTracking_physio	291	2045.681	2379.028	333.347	1048.005	669.735	0.074	0.028	0.196	0.276
sub-103_task-EyeTracking_physio	291	2404.028	2737.368	333.340	1104.793	694.852	0.072	0.019	0.158	0.337
sub-103_task-EyeTracking_physio	291	2762.372	3004.039	241.667	1206.130	718.705	0.071	0.020	0.229	0.211
sub-103_task-EyeTracking_physio	292	-485.571	-318.901	166.670	1264.435	710.972	0.159	0.096	0.148	0.908
sub-103_task-EyeTracking_physio	292	-293.897	72.775	366.672	1277.930	705.910	0.091	0.025	0.169	0.302
sub-103_task-EyeTracking_physio	292	97.779	414.450	316.671	1255.047	739.515	0.085	0.020	0.223	0.302
sub-103_task-EyeTracking_physio	292	439.449	1064.467	625.018	1291.690	723.710	0.084	0.026	0.196	0.459
sub-103_task-EyeTracking_physio	292	1089.467	1256.136	166.669	1326.200	712.827	0.072	0.014	0.153	0.160
sub-103_task-EyeTracking_physio	292	1281.141	2622.841	1341.700	1244.675	746.285	0.085	0.029	0.252	0.396
sub-103_task-EyeTracking_physio	292	2647.840	2897.844	250.004	1194.742	756.920	0.075	0.019	0.238	0.240
sub-103_task-EyeTracking_physio	293	-3543.106	-3326.433	216.673	1143.557	778.503	0.082	0.017	0.124	0.317
sub-103_task-EyeTracking_physio	293	-3076.432	-2759.753	316.679	1230.210	888.147	0.197	0.080	0.218	0.896
sub-103_task-EyeTracking_physio	293	-2501.415	-2268.074	233.341	1245.233	748.773	0.170	0.063	0.379	0.386
sub-103_task-EyeTracking_physio	293	-1934.731	-1684.724	250.007	1166.508	947.800	0.349	0.173	0.330	1.871
sub-103_task-EyeTracking_physio	293	-1651.392	-1434.723	216.669	1275.973	761.610	0.108	0.028	0.219	0.353
sub-103_task-EyeTracking_physio	293	-1384.718	-1234.714	150.004	744.680	1434.940	0.114	0.028	0.242	0.289
sub-103_task-EyeTracking_physio	293	-1209.716	-1051.379	158.337	648.320	1481.015	0.110	0.042	0.306	0.277
sub-103_task-EyeTracking_physio	293	-1034.714	-768.041	266.673	525.490	1487.760	0.132	0.055	0.320	0.334
sub-103_task-EyeTracking_physio	293	-634.698	-409.700	224.998	1298.230	750.640	0.082	0.030	0.178	0.366
sub-103_task-EyeTracking_physio	293	-401.366	-226.356	175.010	1270.500	720.245	0.077	0.014	0.154	0.172
sub-103_task-EyeTracking_physio	293	-209.689	298.659	508.348	1280.845	702.750	0.086	0.021	0.147	0.412
sub-103_task-EyeTracking_physio	293	306.991	515.326	208.335	1278.005	732.545	0.091	0.030	0.137	0.390
sub-103_task-EyeTracking_physio	293	540.326	732.000	191.674	1391.660	754.385	0.107	0.027	0.257	0.217
sub-103_task-EyeTracking_physio	293	748.666	982.009	233.343	1493.043	749.655	0.106	0.031	0.217	0.337
sub-103_task-EyeTracking_physio	293	1007.009	1282.013	275.004	1466.105	690.625	0.057	0.016	0.136	0.278
sub-103_task-EyeTracking_physio	293	1290.346	1632.024	341.678	1416.555	676.715	0.106	0.020	0.206	0.426
sub-103_task-EyeTracking_physio	293	1657.023	2015.368	358.345	1464.460	719.150	0.081	0.024	0.243	0.342
sub-103_task-EyeTracking_physio	293	2032.034	2407.046	375.012	1428.330	699.600	0.080	0.021	0.204	0.257
sub-103_task-EyeTracking_physio	293	2598.714	2857.054	258.340	1445.140	710.815	0.093	0.044	0.242	0.531
sub-103_task-EyeTracking_physio	294	-2181.517	-2023.180	158.337	1278.145	767.330	0.138	0.081	0.215	0.674
sub-103_task-EyeTracking_physio	294	-1523.166	-1331.492	191.674	1315.835	719.070	0.134	0.070	0.334	0.526
sub-103_task-EyeTracking_physio	294	-1306.493	-998.153	308.340	1277.660	719.425	0.089	0.021	0.155	0.292
sub-103_task-EyeTracking_physio	294	-948.150	-814.812	133.338	1311.480	724.768	0.093	0.018	0.105	0.307
sub-103_task-EyeTracking_physio	294	-798.145	-473.141	325.004	1328.280	750.645	0.070	0.015	0.190	0.207
sub-103_task-EyeTracking_physio	294	-456.473	-289.798	166.675	1291.553	728.783	0.104	0.035	0.179	0.352
sub-103_task-EyeTracking_physio	294	-264.799	285.214	550.013	1283.632	704.798	0.091	0.040	0.220	0.479
sub-103_task-EyeTracking_physio	294	301.881	485.216	183.335	1273.812	729.420	0.089	0.020	0.155	0.352
sub-103_task-EyeTracking_physio	294	518.555	726.891	208.336	1206.470	751.530	0.072	0.016	0.164	0.241
sub-103_task-EyeTracking_physio	294	743.558	1043.566	300.008	1144.575	768.433	0.095	0.036	0.218	0.415
sub-103_task-EyeTracking_physio	294	1060.232	1243.570	183.338	1187.953	805.540	0.069	0.020	0.143	0.270
sub-103_task-EyeTracking_physio	294	1260.237	1618.582	358.345	1243.850	825.390	0.151	0.065	0.430	0.942
sub-103_task-EyeTracking_physio	294	1726.917	1901.919	175.002	1203.520	724.655	0.115	0.111	0.309	0.754
sub-103_task-EyeTracking_physio	294	1926.919	2176.926	250.007	1124.858	699.865	0.098	0.025	0.187	0.370
sub-103_task-EyeTracking_physio	294	2201.931	2426.933	225.002	1092.275	653.530	0.084	0.017	0.182	0.232
sub-103_task-EyeTracking_physio	294	2443.599	2685.271	241.672	1134.860	609.305	0.071	0.025	0.199	0.269
sub-103_task-EyeTracking_physio	294	2710.272	3001.947	291.675	1177.630	601.035	0.074	0.012	0.188	0.157
sub-103_task-EyeTracking_physio	295	-2035.307	-1876.972	158.335	1213.395	613.480	0.082	0.019	0.145	0.208
sub-103_task-EyeTracking_physio	295	-1851.967	-1235.286	616.681	1282.230	706.423	0.101	0.024	0.404	0.390
sub-103_task-EyeTracking_physio	295	-718.611	-535.268	183.343	1189.722	739.525	0.163	0.053	0.169	0.712
sub-103_task-EyeTracking_physio	295	-518.602	-326.934	191.668	1262.485	718.765	0.079	0.017	0.152	0.201
sub-103_task-EyeTracking_physio	295	-310.267	789.766	1100.033	1283.995	710.885	0.093	0.043	0.303	0.591
sub-103_task-EyeTracking_physio	295	814.765	1181.441	366.676	1265.428	740.048	0.068	0.019	0.169	0.243
sub-103_task-EyeTracking_physio	295	1198.108	1514.780	316.672	1241.490	750.865	0.085	0.024	0.177	0.359
sub-103_task-EyeTracking_physio	295	1531.446	1848.125	316.679	1274.707	748.950	0.101	0.025	0.146	0.423
sub-103_task-EyeTracking_physio	295	1864.792	2231.468	366.676	1335.395	757.862	0.075	0.019	0.207	0.313
sub-103_task-EyeTracking_physio	295	2273.134	2498.142	225.008	1284.075	748.075	0.082	0.029	0.236	0.329
sub-103_task-EyeTracking_physio	295	2514.809	2964.818	450.009	1243.737	731.675	0.069	0.014	0.148	0.310
sub-103_task-EyeTracking_physio	296	-1291.774	-1133.437	158.337	1281.975	742.920	0.085	0.015	0.170	0.185
sub-103_task-EyeTracking_physio	296	-1116.766	-833.426	283.340	1282.337	719.872	0.074	0.013	0.136	0.213
sub-103_task-EyeTracking_physio	296	-133.409	333.272	466.681	1282.690	702.158	0.099	0.032	0.199	0.474
sub-103_task-EyeTracking_physio	296	349.938	524.941	175.003	1281.250	726.360	0.069	0.009	0.141	0.129
sub-103_task-EyeTracking_physio	296	549.940	758.282	208.342	1225.975	674.440	0.084	0.023	0.141	0.357
sub-103_task-EyeTracking_physio	296	774.948	1016.624	241.676	1177.675	725.840	0.074	0.017	0.141	0.247
sub-103_task-EyeTracking_physio	296	1024.957	1274.961	250.004	1151.852	751.510	0.086	0.012	0.170	0.163
sub-103_task-EyeTracking_physio	296	1466.629	1683.304	216.675	1162.332	767.815	0.112	0.030	0.203	0.393
sub-103_task-EyeTracking_physio	296	1941.642	2583.327	641.685	1157.860	750.120	0.138	0.073	0.346	0.779
sub-103_task-EyeTracking_physio	296	2591.660	2816.666	225.006	1172.215	736.950	0.084	0.024	0.234	0.196
sub-103_task-EyeTracking_physio	296	2841.666	3000.002	158.336	1171.625	656.260	0.076	0.014	0.123	0.207
sub-103_task-EyeTracking_physio	297	-2290.458	-2148.788	141.670	1205.660	644.125	0.107	0.016	0.109	0.266
sub-103_task-EyeTracking_physio	297	-1707.112	-1440.437	266.675	1239.945	737.340	0.129	0.081	0.259	0.926
sub-103_task-EyeTracking_physio	297	-1123.764	-607.085	516.679	1276.337	744.142	0.097	0.094	0.339	0.892
sub-103_task-EyeTracking_physio	297	-315.408	-157.072	158.336	1250.835	724.665	0.242	0.171	0.414	0.905
sub-103_task-EyeTracking_physio	297	-148.738	442.940	591.678	1286.640	731.265	0.125	0.133	0.502	0.716
sub-103_task-EyeTracking_physio	297	459.606	659.611	200.005	1223.745	759.003	0.091	0.015	0.168	0.187
sub-103_task-EyeTracking_physio	297	676.277	892.954	216.677	1156.100	756.117	0.167	0.059	0.259	0.500
sub-103_task-EyeTracking_physio	297	909.619	1217.958	308.339	1098.235	770.960	0.135	0.041	0.276	0.508
sub-103_task-EyeTracking_physio	297	1234.625	1409.633	175.008	1067.045	769.310	0.160	0.054	0.302	0.516
sub-103_task-EyeTracking_physio	297	1426.300	1676.306	250.006	1118.358	746.320	0.105	0.032	0.256	0.279
sub-103_task-EyeTracking_physio	297	1701.306	1876.309	175.003	1182.455	737.380	0.091	0.021	0.199	0.258
sub-103_task-EyeTracking_physio	297	1892.976	2042.982	150.006	1139.763	723.075	0.137	0.070	0.359	0.552
sub-103_task-EyeTracking_physio	297	2059.649	2292.986	233.337	1246.562	730.520	0.119	0.057	0.461	0.328
sub-103_task-EyeTracking_physio	297	2326.321	2476.326	150.005	1307.987	732.980	0.089	0.034	0.143	0.447
sub-103_task-EyeTracking_physio	297	2501.325	2617.993	116.668	1345.415	731.612	0.068	0.015	0.131	0.173
sub-103_task-EyeTracking_physio	297	2634.660	2742.999	108.339	1412.220	750.120	0.113	0.040	0.176	0.410
sub-103_task-EyeTracking_physio	297	2759.665	2984.671	225.006	1482.630	765.230	0.102	0.060	0.368	0.458
sub-103_task-EyeTracking_physio	298	-189.238	327.442	516.680	1297.273	745.172	0.122	0.108	0.366	0.900
sub-103_task-EyeTracking_physio	298	344.108	527.443	183.335	1341.822	758.812	0.112	0.049	0.194	0.407
sub-103_task-EyeTracking_physio	298	544.110	769.118	225.008	1400.345	801.720	0.109	0.047	0.276	0.361
sub-103_task-EyeTracking_physio	298	777.451	902.451	125.000	1438.770	821.325	0.164	0.062	0.236	0.524
sub-103_task-EyeTracking_physio	298	1110.795	1394.132	283.337	1417.670	785.240	0.113	0.063	0.211	0.710
sub-103_task-EyeTracking_physio	298	1410.797	1727.473	316.676	1378.697	782.497	0.129	0.064	0.342	0.479
sub-103_task-EyeTracking_physio	298	1735.806	1994.145	258.339	1349.460	806.165	0.116	0.030	0.202	0.446
sub-103_task-EyeTracking_physio	298	2010.811	2169.153	158.342	1353.835	831.595	0.161	0.035	0.140	0.428
sub-103_task-EyeTracking_physio	298	2185.819	2585.829	400.010	1370.165	868.310	0.141	0.038	0.252	0.580
sub-103_task-EyeTracking_physio	298	2835.836	2994.172	158.336	1293.635	804.915	0.111	0.098	0.476	0.418
sub-103_task-EyeTracking_physio	299	-1502.119	-1285.453	216.666	1284.432	722.612	0.190	0.101	0.201	1.106
sub-103_task-EyeTracking_physio	299	-843.772	-602.096	241.676	1256.990	718.865	0.167	0.128	0.515	0.585
sub-103_task-EyeTracking_physio	299	-243.759	-27.083	216.676	1288.642	731.528	0.140	0.100	0.305	0.712
sub-103_task-EyeTracking_physio	299	-18.750	331.259	350.009	1268.965	733.142	0.100	0.031	0.159	0.441
sub-103_task-EyeTracking_physio	299	339.592	647.931	308.339	1289.160	722.135	0.106	0.042	0.218	0.491
sub-103_task-EyeTracking_physio	299	672.930	847.937	175.007	1360.930	762.930	0.071	0.023	0.204	0.229
sub-103_task-EyeTracking_physio	299	881.270	1181.278	300.008	1416.273	798.210	0.088	0.034	0.224	0.391
sub-103_task-EyeTracking_physio	299	1214.609	1397.947	183.338	1274.420	837.180	0.160	0.066	0.223	0.563
sub-103_task-EyeTracking_physio	299	1422.947	1847.957	425.010	1237.095	835.365	0.097	0.055	0.272	0.559
sub-103_task-EyeTracking_physio	299	1864.624	1997.959	133.335	1279.365	824.510	0.065	0.017	0.182	0.154
sub-103_task-EyeTracking_physio	299	2047.962	2197.966	150.004	1398.358	784.085	0.075	0.019	0.189	0.211
sub-103_task-EyeTracking_physio	299	2214.632	2556.307	341.675	1374.160	781.190	0.093	0.070	0.307	0.581
sub-103_task-EyeTracking_physio	299	2581.306	2756.312	175.006	1332.725	791.055	0.080	0.033	0.256	0.305
sub-103_task-EyeTracking_physio	299	2781.311	2997.983	216.672	1271.940	831.015	0.110	0.138	0.758	0.726
sub-103_task-EyeTracking_physio	300	-2049.181	-1882.515	166.666	1249.205	832.433	0.128	0.082	0.442	0.403
sub-103_task-EyeTracking_physio	300	-1624.177	-1249.168	375.009	1263.975	778.320	0.124	0.221	0.609	1.141
sub-103_task-EyeTracking_physio	300	-1224.167	-1057.499	166.668	1281.590	735.040	0.121	0.027	0.161	0.356
sub-103_task-EyeTracking_physio	300	-1040.832	192.534	1233.366	1272.963	716.158	0.109	0.094	0.491	0.699
sub-103_task-EyeTracking_physio	300	200.868	575.878	375.010	1291.530	755.140	0.114	0.141	0.530	0.616
sub-103_task-EyeTracking_physio	300	592.544	734.213	141.669	1186.880	783.330	0.096	0.051	0.298	0.323
sub-103_task-EyeTracking_physio	300	750.880	975.887	225.007	1122.365	791.885	0.110	0.063	0.249	0.572
sub-103_task-EyeTracking_physio	300	1009.218	1259.223	250.005	1006.447	843.267	0.121	0.038	0.222	0.522
sub-103_task-EyeTracking_physio	300	1275.889	1434.230	158.341	955.085	839.760	0.069	0.019	0.129	0.234
sub-103_task-EyeTracking_physio	300	1467.563	1742.572	275.009	954.870	762.890	0.082	0.024	0.158	0.338
sub-103_task-EyeTracking_physio	300	1800.902	1975.906	175.004	1016.350	712.075	0.070	0.014	0.165	0.225
sub-103_task-EyeTracking_physio	300	2009.244	2209.250	200.006	1053.800	652.290	0.068	0.021	0.104	0.340
sub-103_task-EyeTracking_physio	300	2225.914	2425.920	200.006	1130.582	624.040	0.069	0.010	0.160	0.147
sub-103_task-EyeTracking_physio	300	2450.920	2659.260	208.340	1216.475	621.710	0.060	0.013	0.170	0.165
sub-103_task-EyeTracking_physio	300	2684.259	2984.266	300.007	1308.600	637.947	0.070	0.016	0.213	0.204
