t	gaze_point_LX	gaze_point_LY	gaze_point_RX	gaze_point_RY	pupil_diameter_L	pupil_diameter_R
258398273190	1294.75	766.70	1338.26	798.70	3.5855	3.7090
258398281526	1307.47	751.49	1336.97	784.79	3.5828	3.6866
258398289859	1296.22	751.15	1337.00	794.90	3.5774	3.7059
258398298192	1285.72	774.55	1338.19	774.65	3.6131	3.6812
258398306524	1299.90	762.46	1333.38	785.55	3.6199	3.6980
258398314858	1288.29	758.45	1335.88	787.47	3.5910	3.6817
258398323191	1288.39	770.76	1340.31	795.45	3.5769	3.7012
258398331524	1298.56	759.76	1337.14	792.04	3.5685	3.6968
258398339858	1292.27	768.95	1333.88	782.66	3.6008	3.6613
258398348191	1287.99	755.85	1345.66	794.27	3.5949	3.6926
258398356525	1286.49	756.91	1333.93	785.42	3.5941	3.6802
258398364858	1293.84	768.14	1331.72	798.73	3.5929	3.6742
258398373191	1299.26	767.00	1339.30	793.91	3.5947	3.6585
258398381525	1302.90	751.52	1336.52	801.77	3.5687	3.6836
258398389856	1298.91	752.26	1341.87	809.24	3.5465	3.6930
258398398196	1293.07	764.43	1342.26	784.48	3.5864	3.6533
258398406530	1295.74	752.25	1341.91	801.47	3.5529	3.6726
258398414862	1300.08	754.81	1337.32	787.43	3.5623	3.6660
258398423196	1293.75	757.44	1332.94	789.62	3.5802	3.6788
258398431529	1307.14	755.40	1339.22	785.74	3.5628	3.6452
258398439863	1298.28	764.28	1342.44	789.62	3.5870	3.6623
258398448196	1286.57	738.85	1342.72	773.75	3.6031	3.6747
258398456529	1302.22	717.45	1343.56	763.28	3.5676	3.6630
258398464862	1306.50	714.13	1345.65	769.77	3.5762	3.6927
258398473195	1294.23	720.46	1335.67	757.82	3.5828	3.6593
258398481529	1294.83	738.39	1330.33	759.65	3.6034	3.6747
258398489862	1301.18	721.13	1329.25	769.02	3.5975	3.6876
258398498195	1294.83	733.83	1332.47	770.09	3.5916	3.6777
258398506529	1289.53	734.81	1338.84	762.00	3.5976	3.6870
258398514861	1303.73	740.34	1327.49	774.07	3.5955	3.7180
258398523195	1301.54	748.40	1320.45	767.14	3.6361	3.7093
258398531529	1293.31	731.84	1326.11	762.49	3.5871	3.6839
258398539861	1296.23	725.96	1331.26	758.80	3.5926	3.7010
258398548194	1281.49	735.52	1321.63	769.67	3.6378	3.7210
258398556527	1286.16	737.80	1320.32	756.11	3.6062	3.6925
258398564861	1281.60	732.43	1329.07	761.23	3.6206	3.7118
258398573194	1288.40	750.28	1331.34	751.31	3.6512	3.7056
258398581527	1289.85	744.17	1326.63	764.80	3.6238	3.7309
258398589861	1292.30	738.49	1314.60	753.51	3.6330	3.7244
258398598194	1281.89	734.72	1325.06	764.82	3.6648	3.7395
258398606529	1290.77	747.21	1331.91	746.02	3.6656	3.7187
258398614861	1295.02	728.53	1321.23	753.48	3.6384	3.7308
258398623196	1294.50	733.71	1325.10	756.51	3.6545	3.7267
258398631528	1290.42	749.33	1330.62	742.62	3.6921	3.7203
258398639861	1283.07	729.79	1319.63	762.76	3.6435	3.7591
258398648195	1295.73	737.53	1323.59	753.91	3.6597	3.7641
258398656526	1294.78	718.31	1322.16	761.88	3.6596	3.7563
258398664868	1298.90	735.81	1324.99	755.47	3.6893	3.7751
258398673200	1292.02	740.45	1325.81	762.69	3.6932	3.7841
258398681533	1295.63	734.69	1325.87	764.53	3.6854	3.7807
258398689867	1288.70	745.29	1313.67	755.74	3.7348	3.7794
258398698200	1296.35	731.01	1318.24	755.45	3.7091	3.7704
258398706532	1294.57	728.33	1326.04	751.30	3.7171	3.7935
258398714866	1303.47	728.67	1324.27	765.31	3.7067	3.7972
258398723199	1299.25	737.20	1324.65	758.50	3.7282	3.8109
258398731532	1289.37	714.79	1329.36	757.55	3.7161	3.7904
258398739866	1292.89	733.08	1331.42	759.24	3.7222	3.7994
258398748199	1285.76	731.98	1329.82	741.14	3.7252	3.7944
258398756532	1298.16	742.89	1328.43	758.45	3.7705	3.8285
258398764867	1285.20	728.91	1317.42	747.95	3.7377	3.8081
258398773199	1272.46	727.54	1310.94	741.34	3.7368	3.7888
258398781533	1265.63	727.10	1306.26	760.55	3.7484	3.8346
258398789866	1262.38	714.55	1305.43	757.71	3.7139	3.8418
258398798203	1259.93	734.46	1303.11	758.18	3.7513	3.8293
258398806536	1258.97	745.03	1305.26	774.94	3.7492	3.8585
258398814870	1267.67	738.11	1308.96	767.69	3.7477	3.8576
258398823203	1257.73	740.21	1315.09	772.77	3.7439	3.8352
258398831536	1264.79	753.18	1304.49	777.72	3.7443	3.8626
258398839870	1293.66	766.11	1303.62	786.16	3.7512	3.8724
258398848202	1308.00	776.05	1308.83	803.54	3.7530	3.8609
258398856535	1299.36	742.20	1304.02	797.31	3.7894	3.8462
258398864867	1303.77	759.53	1315.14	791.54	3.7537	3.8591
258398873201	1305.71	809.11	1318.54	781.09	3.7053	3.8905
258398881533	1306.80	875.08	1327.18	780.81	3.6488	3.9104
258398889866	1317.09	895.38	1335.29	804.67	3.5813	3.9009
258398898202	1355.88	933.71	1328.25	800.01	3.4691	3.8941
258398906533	1291.42	1006.28	1326.03	784.49	3.4540	3.8750
258398914866	1370.39	971.54	1322.53	797.07	3.3520	3.8827
258398923203	1317.50	951.05	1326.21	810.77	3.4938	3.8852
258398931537	1292.66	946.57	1325.62	782.72	3.5391	3.8905
258398939872	1305.43	879.17	1317.54	779.69	3.5742	3.9377
258398948205	1294.79	854.16	1322.46	769.40	3.6629	3.9124
258398956536	1284.59	822.55	1327.97	757.50	3.6954	3.9156
258398964869	1289.20	803.31	1311.13	782.71	3.7177	3.8679
258398973204	1272.30	777.35	1304.86	799.50	3.7385	3.8964
258398981538	1286.33	771.46	1312.02	800.94	3.8069	3.8874
258398989872	1270.34	740.61	1311.17	807.37	3.7634	3.8925
258398998204	1278.66	747.40	1310.81	811.40	3.7916	3.9162
258399006538	1270.83	741.18	1312.37	791.95	3.7977	3.9027
258399014870	1283.12	728.43	1310.65	771.45	3.7854	3.8785
258399023204	1271.91	746.04	1318.64	786.86	3.7898	3.8997
258399031537	1283.92	740.40	1319.20	796.98	3.8029	3.9177
258399039870	1271.74	759.08	1304.41	790.66	3.7731	3.9144
258399048203	1281.14	756.78	1308.57	780.13	3.7894	3.9138
258399056544	1280.23	754.49	1314.29	769.27	3.8018	3.8813
258399064878	1274.63	750.14	1313.24	781.15	3.7645	3.9145
258399073211	1275.07	745.67	1312.41	785.90	3.7848	3.9056
258399081544	1283.17	754.02	1314.35	783.73	3.7793	3.9223
258399089877	1272.32	748.09	1313.23	771.69	3.8060	3.9019
258399098209	1267.40	746.97	1312.50	789.95	3.7950	3.9261
258399106543	1279.91	756.03	1308.87	784.43	3.7969	3.9223
258399114876	1267.10	754.97	1312.92	795.89	3.7919	3.9351
258399123209	1268.32	748.44	1305.81	799.63	3.8140	3.9079
258399131543	1307.37	809.42	1309.26	774.40	3.7393	3.9832
258399139876	1353.78	1005.04	1302.23	839.99	3.3905	3.8804
258399148210	1602.08	1295.51	1270.31	1075.50	2.3590	3.4694
258399156543	NaN	NaN	1115.98	1382.33	NaN	2.3546
258399164876	NaN	NaN	NaN	NaN	NaN	NaN
258399173209	NaN	NaN	NaN	NaN	NaN	NaN
258399181542	NaN	NaN	NaN	NaN	NaN	NaN
258399189880	NaN	NaN	NaN	NaN	NaN	NaN
258399198214	NaN	NaN	NaN	NaN	NaN	NaN
258399206547	NaN	NaN	NaN	NaN	NaN	NaN
258399214880	NaN	NaN	NaN	NaN	NaN	NaN
258399223213	NaN	NaN	NaN	NaN	NaN	NaN
258399231547	NaN	NaN	NaN	NaN	NaN	NaN
258399239880	NaN	NaN	NaN	NaN	NaN	NaN
258399248213	NaN	NaN	NaN	NaN	NaN	NaN
258399256546	NaN	NaN	NaN	NaN	NaN	NaN
258399264879	NaN	NaN	NaN	NaN	NaN	NaN
258399273213	NaN	NaN	NaN	NaN	NaN	NaN
258399281546	NaN	NaN	NaN	NaN	NaN	NaN
258399289879	NaN	NaN	NaN	NaN	NaN	NaN
258399298213	NaN	NaN	NaN	NaN	NaN	NaN
258399306546	NaN	NaN	NaN	NaN	NaN	NaN
258399314880	NaN	NaN	NaN	NaN	NaN	NaN
258399323213	NaN	NaN	NaN	NaN	NaN	NaN
258399331547	NaN	NaN	NaN	NaN	NaN	NaN
258399339879	NaN	NaN	1193.39	1271.49	NaN	2.5506
258399348213	1695.72	1399.33	NaN	NaN	1.8254	NaN
258399356544	NaN	NaN	NaN	NaN	NaN	NaN
258399364879	NaN	NaN	1330.32	997.28	NaN	3.6683
258399373211	1534.09	1144.27	1330.29	912.89	2.6711	3.7694
258399381544	1545.53	1068.67	1335.36	820.20	2.8498	3.8928
258399389879	1449.14	978.02	1337.30	756.18	3.2435	3.9600
258399398212	1280.24	925.90	1339.94	741.82	3.5914	3.9964
258399406543	1282.26	825.82	1352.08	726.57	3.7125	3.9909
258399414876	1284.57	787.49	1334.15	785.42	3.7663	3.9333
258399423209	1277.73	761.39	1334.99	794.05	3.8550	3.9134
258399431545	1286.70	707.87	1323.96	801.86	3.8942	3.9636
258399439878	1282.48	717.34	1322.91	776.39	3.9171	3.9166
258399448221	1270.43	721.42	1328.86	784.66	3.9074	3.9458
258399456554	1284.92	755.72	1329.26	781.67	3.8211	3.9423
258399464887	1285.19	756.51	1332.37	779.42	3.8129	3.9514
258399473220	1282.93	757.06	1331.08	778.94	3.8405	3.9600
258399481553	1281.23	762.33	1339.64	772.48	3.8484	3.9638
258399489886	1281.43	765.34	1328.98	780.60	3.8558	3.9640
258399498219	1286.62	767.94	1337.65	774.23	3.8707	3.9639
258399506552	1285.46	762.76	1329.23	771.05	3.8639	3.9820
258399514885	1293.26	738.73	1325.39	757.18	3.8851	3.9788
258399523218	1287.92	744.34	1330.89	763.83	3.9062	4.0036
258399531552	1300.55	727.93	1316.50	759.19	3.8842	3.9993
258399539885	1297.76	744.83	1326.42	754.65	3.8963	3.9939
258399548219	1305.02	748.34	1329.84	762.87	3.9000	3.9787
258399556552	1292.51	751.88	1330.44	766.99	3.9054	3.9931
258399564885	1297.50	764.45	1325.23	769.05	3.9059	4.0186
258399573218	1280.92	758.35	1324.24	774.18	3.9106	4.0060
258399581555	1283.27	750.39	1321.62	769.65	3.9123	4.0213
258399589888	1271.68	748.32	1318.85	770.32	3.8930	4.0116
258399598222	1290.87	758.99	1316.99	772.20	3.9197	4.0199
258399606554	1283.06	763.79	1319.06	759.36	3.9134	4.0191
258399614888	1284.26	758.89	1310.17	778.15	3.9348	4.0377
258399623221	1288.42	765.17	1322.24	762.55	3.9431	4.0133
258399631555	1289.64	767.15	1315.92	767.37	3.9271	4.0357
258399639888	1283.75	756.31	1319.44	760.83	3.8989	4.0128
258399648221	1283.43	763.02	1316.00	780.78	3.9122	4.0383
258399656554	1271.94	751.51	1326.31	773.16	3.8929	4.0387
258399664888	1283.90	757.61	1317.45	774.70	3.9092	4.0346
258399673220	1276.35	757.11	1314.74	760.46	3.9092	4.0002
258399681554	1282.58	753.12	1320.24	774.51	3.9164	4.0448
258399689887	1287.32	756.10	1323.98	767.80	3.9287	4.0050
258399698220	1280.47	760.68	1318.68	785.95	3.9376	4.0282
258399706554	1281.65	763.45	1322.80	776.05	3.8969	4.0397
258399714893	1286.16	772.77	1320.99	780.22	3.9167	4.0476
258399723226	1280.46	765.26	1324.67	772.35	3.9041	4.0366
258399731559	1284.07	768.87	1320.86	780.83	3.9133	4.0242
258399739892	1274.52	766.47	1318.63	785.03	3.8825	4.0381
258399748225	1275.15	766.03	1319.77	775.79	3.8786	4.0207
258399756559	1283.24	771.16	1325.37	790.18	3.8978	4.0405
258399764892	1277.55	764.28	1320.41	782.43	3.8730	4.0137
258399773225	1275.25	756.46	1325.87	779.57	3.8707	4.0058
258399781559	1275.93	762.44	1327.08	780.48	3.8631	4.0017
258399789892	1291.64	738.52	1316.06	780.97	3.8421	4.0123
258399798225	1285.22	757.36	1320.19	776.41	3.8640	3.9965
258399806558	1286.62	732.76	1318.48	760.28	3.8413	3.9691
258399814891	1282.63	740.52	1312.31	772.94	3.8342	3.9953
258399823224	1290.02	743.11	1312.88	768.46	3.8113	3.9894
258399831558	1285.62	736.06	1311.08	786.92	3.8077	4.0139
258399839894	1281.82	739.05	1314.24	772.20	3.7973	3.9725
258399848227	1282.71	741.65	1320.59	768.03	3.7889	3.9448
258399856560	1283.60	740.59	1314.13	770.51	3.7862	3.9590
258399864894	1289.65	732.56	1326.52	763.67	3.7715	3.9407
258399873227	1286.17	751.32	1329.33	779.43	3.7716	3.9450
258399881561	1283.66	740.58	1323.27	771.40	3.7715	3.9327
258399889893	1283.22	745.87	1325.89	771.04	3.7505	3.9105
258399898226	1274.08	734.37	1336.90	767.98	3.7401	3.9174
258399906559	1276.66	739.23	1323.70	774.96	3.7413	3.9507
258399914893	1281.19	755.74	1325.60	773.37	3.7386	3.9029
258399923226	1286.31	751.35	1321.41	756.69	3.7119	3.8723
258399931559	1280.88	744.06	1318.15	765.99	3.6747	3.8766
258399939892	1290.22	762.38	1318.60	766.28	3.7054	3.8683
258399948226	1275.16	772.52	1314.80	775.92	3.7006	3.8878
258399956560	1279.25	760.30	1324.97	768.50	3.6765	3.8439
258399964893	1287.75	768.72	1311.78	780.63	3.6785	3.8777
258399973231	1284.34	760.81	1318.38	766.53	3.6816	3.8426
258399981563	1283.91	761.50	1316.20	768.85	3.6905	3.8323
258399989897	1288.70	742.53	1323.35	767.97	3.6538	3.8133
258399998230	1282.31	750.90	1320.73	775.80	3.6429	3.8429
258400006563	1278.11	749.13	1324.39	765.37	3.6607	3.8018
258400014896	1292.03	746.97	1328.42	759.37	3.6458	3.7806
258400023230	1295.32	740.11	1315.27	760.51	3.6508	3.8051
258400031563	1285.98	748.37	1314.66	774.86	3.6528	3.7847
258400039897	1292.57	748.11	1315.90	765.10	3.6080	3.7725
258400048230	1296.92	766.87	1314.92	769.18	3.6385	3.7813
258400056562	1293.90	764.85	1319.60	772.66	3.6329	3.7666
258400064895	1284.09	766.76	1312.60	775.72	3.6288	3.7714
258400073229	1296.10	778.98	1310.77	774.27	3.6207	3.7583
258400081563	1295.52	771.31	1301.83	774.87	3.6072	3.7520
258400089895	1287.09	775.31	1312.64	769.57	3.6040	3.7302
258400098229	1285.05	767.66	1315.57	779.19	3.6182	3.7683
258400106567	1297.17	759.22	1312.86	785.60	3.6053	3.7762
258400114900	1295.33	750.16	1326.09	761.17	3.6117	3.7414
258400123234	1284.92	772.23	1323.63	773.15	3.6278	3.7657
258400131567	1292.77	747.16	1320.04	770.27	3.6171	3.7455
258400139899	1281.78	725.77	1313.89	775.25	3.5820	3.7432
258400148233	1293.24	728.96	1317.58	765.07	3.5858	3.7475
258400156566	1294.34	728.58	1320.66	770.92	3.5973	3.7266
258400164900	1298.75	735.80	1313.87	772.56	3.5998	3.7240
258400173233	1291.64	735.96	1318.70	776.75	3.6084	3.7399
258400181566	1300.04	730.29	1312.64	771.44	3.5909	3.7266
258400189899	1287.74	734.99	1309.68	765.83	3.5979	3.7370
258400198233	1297.14	736.18	1305.90	767.03	3.6181	3.7455
258400206566	1296.04	735.36	1303.73	758.49	3.6222	3.7231
258400214898	1290.73	727.09	1304.54	765.55	3.5734	3.7449
258400223232	1300.54	738.98	1301.45	766.95	3.5959	3.7223
258400231565	1300.31	731.02	1307.35	759.14	3.5912	3.7516
258400239904	1306.11	741.58	1303.13	770.25	3.6344	3.7399
258400248237	1296.04	733.08	1300.90	750.29	3.6212	3.7337
258400256570	1276.75	715.03	1290.49	757.54	3.5976	3.7417
258400264903	1293.92	712.67	1294.11	774.90	3.6002	3.7725
258400273237	1297.81	729.33	1302.03	764.12	3.6535	3.7179
258400281570	1300.36	730.64	1292.65	772.20	3.5990	3.7524
258400289904	1290.16	746.89	1292.72	766.61	3.6443	3.7499
258400298236	1287.19	733.23	1294.16	765.98	3.6403	3.7451
258400306569	1291.01	740.85	1289.25	756.77	3.6071	3.7422
258400314902	1293.51	738.86	1287.46	753.15	3.6345	3.7511
258400323236	1293.36	725.60	1288.67	753.97	3.6177	3.7614
258400331569	1297.45	723.50	1291.97	754.51	3.6398	3.7596
258400339902	1286.99	728.27	1293.73	763.47	3.6449	3.7502
258400348236	1288.55	731.94	1295.06	776.44	3.6269	3.7608
258400356569	1287.06	736.12	1305.92	770.21	3.6716	3.7518
258400364907	1284.81	729.88	1301.49	776.18	3.6612	3.7553
258400373240	1285.56	742.25	1295.48	779.01	3.6774	3.7728
258400381572	1290.33	731.87	1303.19	778.66	3.6661	3.7894
258400389905	1300.51	728.87	1302.69	780.89	3.6397	3.7843
258400398239	1311.34	748.99	1290.59	782.11	3.6562	3.7758
258400406572	1319.23	697.57	1281.78	781.63	3.6983	3.7517
258400414906	1319.26	924.11	1276.73	801.85	3.5298	3.7962
258400423238	1545.23	1267.93	1268.87	914.38	2.4066	3.6556
258400431572	NaN	NaN	1126.59	1265.06	NaN	2.6639
258400439906	NaN	NaN	1358.76	1498.13	NaN	1.8254
258400448236	NaN	NaN	NaN	NaN	NaN	NaN
258400456569	NaN	NaN	NaN	NaN	NaN	NaN
258400464903	NaN	NaN	NaN	NaN	NaN	NaN
258400473236	NaN	NaN	NaN	NaN	NaN	NaN
258400481569	NaN	NaN	NaN	NaN	NaN	NaN
258400489903	NaN	NaN	NaN	NaN	NaN	NaN
258400498241	NaN	NaN	NaN	NaN	NaN	NaN
258400506574	NaN	NaN	NaN	NaN	NaN	NaN
258400514907	NaN	NaN	NaN	NaN	NaN	NaN
258400523241	NaN	NaN	NaN	NaN	NaN	NaN
258400531574	NaN	NaN	NaN	NaN	NaN	NaN
258400539906	NaN	NaN	NaN	NaN	NaN	NaN
258400548240	NaN	NaN	NaN	NaN	NaN	NaN
258400556573	NaN	NaN	NaN	NaN	NaN	NaN
258400564906	NaN	NaN	NaN	NaN	NaN	NaN
258400573240	NaN	NaN	NaN	NaN	NaN	NaN
258400581573	NaN	NaN	NaN	NaN	NaN	NaN
258400589906	NaN	NaN	1127.06	1221.51	NaN	2.5941
258400598239	NaN	NaN	1021.61	1137.20	NaN	2.8143
258400606573	NaN	NaN	1203.08	1088.25	NaN	3.1369
258400614905	NaN	NaN	1261.48	994.84	NaN	3.5532
258400623238	NaN	NaN	1282.87	925.96	NaN	3.6492
258400631578	NaN	NaN	1296.48	875.09	NaN	3.7137
258400639912	NaN	NaN	1289.31	795.67	NaN	3.7897
258400648244	NaN	NaN	1296.51	749.92	NaN	3.8750
258400656578	1374.72	1039.71	1299.36	725.90	3.3169	3.8999
258400664912	1392.84	954.41	1315.32	717.87	3.2907	3.9046
258400673245	1304.95	930.50	1317.47	737.56	3.4986	3.9133
258400681578	1308.77	894.86	1307.31	733.82	3.5884	3.9086
258400689913	1321.02	853.39	1301.06	768.07	3.6367	3.8757
258400698246	1281.53	856.01	1295.35	780.52	3.6437	3.8577
258400706579	1284.65	844.44	1296.95	795.02	3.6848	3.8907
258400714912	1291.66	814.92	1299.45	791.31	3.6918	3.8670
258400723246	1281.54	826.51	1298.74	799.05	3.7187	3.8927
258400731579	1300.97	810.53	1296.98	798.05	3.7769	3.8733
258400739912	1293.52	794.01	1294.39	784.69	3.7938	3.8554
258400748246	1300.35	787.25	1301.22	791.23	3.7997	3.8814
258400756583	1296.85	780.19	1305.38	788.66	3.8154	3.9088
258400764916	1299.09	770.25	1298.47	781.09	3.8271	3.8958
258400773249	1306.11	782.91	1297.28	781.69	3.8165	3.8896
258400781582	1300.74	774.02	1302.91	789.02	3.8075	3.9140
258400789915	1308.09	778.74	1294.60	792.04	3.8110	3.9277
258400798249	1303.02	783.82	1293.33	786.57	3.8025	3.9160
258400806582	1312.80	777.89	1284.64	797.89	3.8009	3.9245
258400814915	1304.83	782.97	1276.50	791.81	3.7995	3.9395
258400823249	1301.94	802.73	1287.01	782.00	3.8218	3.9291
258400831582	1303.28	792.91	1288.87	786.05	3.8072	3.9465
258400839915	1309.55	798.57	1283.33	785.45	3.8033	3.9349
258400848249	1320.09	762.13	1289.71	784.47	3.7974	3.9547
258400856581	1313.74	800.68	1285.23	795.80	3.8178	3.9626
258400864914	1312.42	797.67	1290.67	782.99	3.8330	3.9442
258400873247	1299.87	793.81	1295.48	782.72	3.8574	3.9475
258400881581	1294.99	791.94	1287.25	782.44	3.8346	3.9474
258400889918	1286.37	794.54	1286.60	775.37	3.8382	3.9498
258400898252	1302.63	777.19	1289.53	785.29	3.8428	3.9680
258400906585	1299.44	776.52	1283.38	795.85	3.8551	3.9801
258400914918	1288.99	770.76	1285.00	790.72	3.8577	3.9751
258400923251	1291.53	763.65	1291.56	780.77	3.8600	3.9568
258400931585	1283.67	788.64	1293.67	775.69	3.8270	3.9537
258400939917	1287.58	785.78	1304.16	784.71	3.8252	3.9799
258400948250	1293.24	785.50	1300.68	757.24	3.8519	3.9460
258400956584	1283.69	783.79	1294.52	776.37	3.8137	3.9618
258400964917	1289.69	789.74	1297.95	766.87	3.8465	3.9551
258400973250	1298.31	773.99	1295.35	764.34	3.8234	3.9462
258400981584	1294.64	779.81	1295.51	773.20	3.8006	3.9642
258400989917	1285.80	782.35	1291.38	771.32	3.8220	3.9639
258400998251	1286.05	782.69	1291.34	771.01	3.8026	3.9599
258401006583	1289.03	787.05	1287.09	771.83	3.7707	3.9325
258401014916	1297.05	765.86	1287.39	781.01	3.7779	3.9355
258401023254	1285.88	769.21	1281.39	772.72	3.7847	3.9049
258401031587	1288.34	770.81	1283.01	779.62	3.8083	3.9158
258401039921	1273.27	775.01	1278.40	779.16	3.7667	3.9042
258401048255	1286.11	770.08	1280.41	791.80	3.7380	3.9050
258401056587	1283.78	774.97	1281.49	777.62	3.7651	3.8611
258401064921	1290.05	763.17	1275.98	781.29	3.7487	3.8873
258401073255	1289.20	768.24	1276.33	772.82	3.7314	3.8687
258401081588	1283.75	766.75	1283.54	791.21	3.7192	3.8748
258401089921	1273.65	771.04	1278.95	788.78	3.6878	3.8635
258401098254	1284.02	769.43	1274.53	788.83	3.7070	3.8605
258401106586	1270.20	779.20	1276.43	777.12	3.6711	3.8382
258401114920	1279.85	779.31	1274.88	780.91	3.6624	3.8531
258401123253	1286.96	793.47	1278.36	780.96	3.6892	3.8370
258401131586	1285.10	796.09	1275.18	790.06	3.6627	3.8388
258401139920	1277.88	801.76	1275.62	787.97	3.6312	3.8207
258401148254	1288.21	796.04	1269.84	784.38	3.6271	3.8200
258401156593	1289.59	808.64	1282.51	779.23	3.6461	3.8074
258401164926	1300.84	812.64	1269.65	792.65	3.6023	3.8252
258401173260	1282.91	816.95	1277.31	792.10	3.6177	3.8056
258401181592	1282.43	823.90	1273.20	793.32	3.5903	3.8203
258401189925	1281.37	818.86	1277.33	785.64	3.5670	3.7994
258401198258	1287.08	817.52	1279.88	792.03	3.5686	3.8047
258401206591	1288.08	833.24	1271.12	783.65	3.5639	3.7589
258401214925	1293.64	831.75	1267.95	782.83	3.5268	3.7807
258401223258	1290.33	824.13	1270.24	795.28	3.5272	3.7823
258401231592	1298.35	836.64	1268.54	779.42	3.5791	3.7649
258401239925	1291.42	832.85	1272.67	787.65	3.5520	3.7636
258401248258	1302.71	836.42	1265.58	793.57	3.5405	3.7650
258401256590	1304.18	834.54	1279.86	788.83	3.5412	3.7756
258401264924	1288.74	835.41	1270.83	796.57	3.5527	3.7591
258401273257	1296.55	813.69	1277.02	794.55	3.5345	3.7530
258401281594	1299.74	813.17	1286.78	786.87	3.5630	3.7581
258401289928	1287.61	816.95	1282.44	786.60	3.5486	3.7423
258401298261	1282.69	809.96	1291.25	800.74	3.5340	3.7740
258401306595	1297.49	825.73	1281.68	785.55	3.5562	3.7450
258401314928	1280.37	808.24	1287.71	793.34	3.5278	3.7558
258401323261	1278.21	825.47	1288.50	795.57	3.5262	3.7641
258401331594	1287.76	821.40	1284.92	791.52	3.5377	3.7416
258401339927	1299.95	833.20	1292.17	806.30	3.5297	3.7588
258401348260	1293.90	837.92	1286.29	790.73	3.5388	3.7423
258401356594	1287.88	818.07	1286.73	800.21	3.5450	3.7388
258401364927	1292.37	816.40	1285.36	802.78	3.5361	3.7556
258401373260	1283.15	827.50	1287.30	795.51	3.5252	3.7361
258401381594	1300.72	816.31	1291.73	789.73	3.5269	3.7357
258401389927	1286.30	820.01	1288.71	803.14	3.5391	3.7406
258401398260	1281.87	810.54	1294.13	801.05	3.5411	3.7456
258401406594	1286.83	808.56	1293.31	800.35	3.5503	3.7512
258401414931	1283.92	817.39	1292.84	797.95	3.5713	3.7363
258401423263	1308.46	825.19	1292.46	791.80	3.5618	3.7255
258401431596	1295.62	821.44	1292.00	784.20	3.5646	3.7397
258401439930	1297.22	805.29	1280.45	788.28	3.5456	3.7495
258401448263	1293.68	815.47	1279.19	786.86	3.5515	3.7473
258401456597	1294.07	809.72	1285.27	789.82	3.5688	3.7725
258401464930	1305.29	809.55	1281.47	782.27	3.5795	3.7232
258401473263	1309.74	802.44	1284.27	772.73	3.5660	3.7258
258401481596	1304.26	802.57	1283.06	787.04	3.6060	3.7613
258401489930	1314.60	788.69	1281.06	783.81	3.6009	3.7523
258401498262	1297.14	796.21	1274.73	780.78	3.5636	3.7483
258401506596	1299.86	794.04	1285.56	778.70	3.5763	3.7580
258401514928	1294.30	812.33	1271.68	780.51	3.5925	3.7435
258401523262	1290.23	796.25	1277.04	788.86	3.5932	3.7689
258401531595	1290.99	807.84	1274.05	785.90	3.6068	3.7372
258401539929	1299.06	804.90	1277.34	794.89	3.5923	3.7377
258401548268	1286.33	820.90	1286.80	791.87	3.5975	3.7295
258401556601	1293.85	789.20	1282.85	791.97	3.5866	3.7607
258401564935	1282.95	814.32	1282.81	784.65	3.6033	3.7433
258401573268	1277.47	807.73	1289.66	789.22	3.5819	3.7521
258401581601	1273.98	796.83	1288.17	788.30	3.5822	3.7491
258401589933	1270.07	801.70	1284.79	784.55	3.6010	3.7590
258401598267	1268.01	801.22	1289.70	790.93	3.6228	3.7655
258401606600	1271.73	790.15	1289.34	784.21	3.6250	3.7606
258401614933	1288.81	770.65	1281.35	775.69	3.6375	3.7773
258401623267	1275.36	764.12	1287.67	782.23	3.6896	3.7684
258401631600	1272.37	743.52	1282.80	782.58	3.6983	3.7791
258401639934	1263.07	705.71	1278.91	789.86	3.7240	3.8166
258401648267	1261.93	681.74	1291.78	764.84	3.7313	3.7739
258401656600	1275.14	709.63	1272.70	781.70	3.7244	3.8138
258401664932	1277.21	770.31	1286.39	762.20	3.6752	3.8053
258401673266	1284.10	765.84	1280.02	755.72	3.7020	3.8008
258401681605	1281.55	755.02	1283.49	740.10	3.6881	3.8080
258401689938	1281.45	756.44	1281.65	728.28	3.7256	3.7963
258401698272	1283.18	750.91	1282.91	731.83	3.7260	3.8150
258401706605	1282.86	745.70	1273.99	736.53	3.7354	3.8353
258401714939	1285.31	742.20	1272.01	735.84	3.7167	3.8277
258401723272	1288.79	711.88	1275.80	737.91	3.7238	3.8422
258401731605	1289.91	722.28	1268.95	723.54	3.7668	3.7984
258401739937	1291.47	718.27	1268.48	742.29	3.7883	3.8495
258401748271	1276.46	714.11	1280.90	734.84	3.7697	3.8421
258401756604	1291.35	714.73	1274.67	747.10	3.8137	3.8430
258401764937	1306.68	715.83	1287.57	749.61	3.7912	3.8455
258401773271	1303.97	734.51	1283.01	750.42	3.7794	3.8362
258401781604	1300.89	721.39	1280.50	761.04	3.7503	3.8546
258401789937	1309.68	728.37	1270.31	761.29	3.7748	3.8557
258401798271	1295.91	719.22	1269.93	753.32	3.7522	3.8326
258401806604	1312.56	725.75	1277.50	753.81	3.7874	3.8445
258401814937	1295.34	744.70	1279.98	748.22	3.8105	3.8416
258401823270	1302.85	742.92	1271.27	757.08	3.8048	3.8747
258401831603	1306.58	751.00	1273.64	746.94	3.8048	3.8569
258401839937	1303.17	749.33	1284.88	744.22	3.7851	3.8686
258401848270	1300.91	744.09	1273.11	741.80	3.7930	3.8721
258401856603	1295.42	754.10	1275.42	745.58	3.8200	3.8695
258401864936	1297.62	758.84	1274.47	744.64	3.8255	3.8779
258401873270	1300.10	743.58	1271.66	743.58	3.8332	3.8835
258401881603	1293.51	741.16	1274.36	760.14	3.8066	3.9054
258401889936	1299.52	747.12	1278.98	751.64	3.8491	3.8921
258401898269	1305.81	751.68	1285.40	748.23	3.8309	3.8706
258401906602	1302.10	743.82	1273.96	761.53	3.8473	3.8942
258401914935	1296.79	736.49	1282.65	743.25	3.8334	3.8945
258401923269	1302.58	748.90	1269.35	755.24	3.8442	3.9013
258401931602	1292.94	744.44	1277.23	759.82	3.8468	3.9094
258401939942	1292.71	736.07	1270.51	755.79	3.8366	3.8988
258401948276	1298.21	743.17	1275.11	759.03	3.8670	3.9145
258401956609	1297.34	719.53	1277.38	765.17	3.8336	3.9260
258401964943	1299.52	720.80	1271.90	765.83	3.8462	3.9031
258401973276	1303.14	716.10	1277.82	760.87	3.8450	3.9039
258401981608	1287.49	718.81	1275.34	756.11	3.8373	3.9024
258401989941	1296.72	715.54	1271.86	755.71	3.8581	3.8947
258401998275	1286.29	730.29	1288.64	771.93	3.8541	3.9292
258402006608	1286.14	725.54	1275.59	756.24	3.8559	3.9028
258402014941	1275.69	721.12	1266.51	769.14	3.8519	3.9467
258402023275	1287.34	728.10	1254.67	771.96	3.8576	3.9385
258402031608	1277.16	725.81	1267.54	759.54	3.8532	3.9221
258402039941	1277.36	731.20	1272.58	762.12	3.8407	3.9235
258402048275	1287.58	732.13	1268.37	769.58	3.8646	3.9502
258402056607	1280.04	738.55	1276.31	762.31	3.8550	3.9305
258402064940	1278.59	734.21	1277.01	753.23	3.8550	3.9125
258402073278	1273.64	738.93	1266.60	753.07	3.8532	3.9123
258402081612	1283.24	742.13	1261.07	758.42	3.8615	3.9405
258402089946	1284.33	740.31	1259.36	758.86	3.8681	3.9366
258402098278	1276.30	728.27	1262.94	784.92	3.8308	3.9407
258402106612	1272.46	738.10	1257.26	771.71	3.8508	3.9497
258402114945	1278.83	752.64	1262.81	785.06	3.8713	3.9619
258402123278	1286.44	754.16	1264.45	771.25	3.8719	3.9344
258402131612	1279.90	749.30	1267.32	764.91	3.8761	3.9329
258402139944	1276.96	741.34	1276.01	775.33	3.8390	3.9362
258402148277	1276.49	747.97	1276.71	771.61	3.8735	3.9199
258402156611	1282.25	737.50	1276.48	768.22	3.8495	3.9325
258402164944	1277.86	738.48	1277.61	779.44	3.8480	3.9497
258402173278	1283.90	754.33	1268.66	772.64	3.8705	3.9633
258402181611	1267.79	741.95	1260.77	780.16	3.8400	3.9573
258402189944	1284.30	746.25	1281.08	778.47	3.8500	3.9323
258402198282	1278.79	742.66	1276.32	772.12	3.8388	3.9157
258402206616	1272.66	745.26	1283.48	770.51	3.8140	3.9427
258402214950	1274.85	758.29	1280.12	768.11	3.8470	3.9180
258402223281	1265.37	745.79	1275.01	774.91	3.8199	3.9446
258402231615	1271.45	754.99	1266.96	793.40	3.8194	3.9642
258402239948	1279.18	764.73	1276.95	768.43	3.8484	3.9188
258402248281	1273.94	760.90	1274.93	773.36	3.8214	3.8939
258402256615	1268.80	767.21	1281.93	765.08	3.8331	3.9121
258402264948	1271.39	757.99	1273.34	759.76	3.7994	3.9145
258402273281	1271.80	767.85	1280.65	764.67	3.8030	3.8859
258402281615	1277.01	758.61	1281.20	763.89	3.7861	3.8727
258402289948	1262.44	760.12	1277.37	759.13	3.7896	3.8807
258402298281	1274.71	754.66	1284.74	764.63	3.7744	3.8640
258402306614	1268.20	757.85	1284.83	777.68	3.7756	3.8724
258402314947	1273.36	751.56	1285.16	763.69	3.7644	3.8389
258402323280	1282.02	748.49	1294.02	780.46	3.7532	3.8597
258402331621	1282.85	757.12	1286.40	781.82	3.7613	3.8466
258402339954	1288.54	754.79	1286.56	787.03	3.7653	3.8635
258402348287	1278.55	756.69	1278.46	798.21	3.7581	3.8839
258402356621	1271.94	754.70	1291.34	773.62	3.7475	3.8322
258402364954	1282.60	752.50	1288.93	777.18	3.7487	3.8373
258402373287	1284.73	769.54	1287.64	783.05	3.7495	3.8157
258402381620	1276.49	763.61	1296.82	789.84	3.7389	3.8387
258402389953	1281.76	752.97	1292.30	776.81	3.7176	3.8277
258402398286	1291.36	769.00	1288.36	785.65	3.7394	3.8187
258402406620	1280.51	767.92	1302.71	778.83	3.7401	3.8229
258402414953	1278.98	760.13	1294.59	765.66	3.7119	3.7992
258402423287	1282.39	759.79	1292.66	768.16	3.7286	3.8056
258402431620	1277.74	772.07	1287.45	782.22	3.7232	3.8204
258402439953	1272.44	766.66	1285.79	776.50	3.7242	3.7970
258402448286	1280.91	763.47	1288.21	782.77	3.7347	3.8332
258402456619	1273.80	758.54	1289.95	775.77	3.7386	3.8067
258402464956	1268.36	762.26	1284.03	764.29	3.7178	3.8120
258402473289	1275.43	747.25	1296.77	770.11	3.7303	3.8221
258402481623	1268.65	747.69	1291.17	776.13	3.6973	3.8116
258402489956	1276.39	746.75	1286.57	763.45	3.7181	3.7779
258402498289	1276.32	739.80	1287.25	771.79	3.7136	3.8277
258402506623	1277.93	742.16	1294.70	769.48	3.7054	3.8150
258402514956	1276.17	743.66	1279.31	763.88	3.7151	3.8141
258402523289	1273.97	749.51	1286.14	761.48	3.7303	3.8109
258402531622	1277.36	747.21	1288.84	776.92	3.7160	3.8255
258402539955	1266.93	750.55	1281.55	760.75	3.7153	3.8092
258402548289	1283.63	756.89	1277.59	767.85	3.7278	3.8308
258402556621	1282.52	742.40	1281.72	770.89	3.7200	3.8190
258402564955	1272.08	742.04	1282.78	777.34	3.7272	3.8415
258402573288	1277.51	738.14	1287.16	764.53	3.7145	3.8230
258402581621	1273.74	752.80	1285.33	761.02	3.7344	3.7945
258402589955	1275.77	746.68	1290.84	770.37	3.7398	3.8180
258402598292	1277.32	739.80	1290.33	762.52	3.7170	3.8371
258402606625	1283.26	738.57	1282.49	757.24	3.7141	3.8363
258402614959	1280.11	744.13	1297.28	758.81	3.7063	3.8332
258402623291	1278.29	772.49	1287.59	760.22	3.7338	3.8065
258402631625	1276.43	757.57	1278.56	754.25	3.7120	3.8003
258402639958	1281.48	744.55	1287.80	753.31	3.7195	3.8369
258402648291	1286.26	764.65	1280.45	772.26	3.7028	3.8124
258402656624	1283.91	750.30	1283.01	757.33	3.7105	3.8204
258402664958	1282.98	787.74	1290.67	775.93	3.7267	3.8121
258402673292	1293.73	802.92	1285.72	805.33	3.7074	3.8430
258402681624	1315.93	743.35	1299.23	760.54	3.7866	3.8833
258402689958	1314.21	958.20	1291.87	866.34	3.4924	3.7662
258402698291	1604.72	1198.68	1290.25	1072.61	2.5826	3.4556
258402706623	NaN	NaN	NaN	NaN	NaN	NaN
258402714957	NaN	NaN	1293.44	1421.27	NaN	2.1251
258402723293	NaN	NaN	1307.61	1483.90	NaN	1.9002
258402731625	NaN	NaN	NaN	NaN	NaN	NaN
258402739959	NaN	NaN	NaN	NaN	NaN	NaN
258402748292	NaN	NaN	1106.55	1549.82	NaN	1.7278
258402756626	NaN	NaN	NaN	NaN	NaN	NaN
258402764959	NaN	NaN	NaN	NaN	NaN	NaN
258402773293	NaN	NaN	1059.48	1160.71	NaN	2.9060
258402781624	NaN	NaN	1289.52	995.88	NaN	3.5246
258402789958	1310.79	1034.36	1299.06	812.91	3.4538	3.7881
258402798291	1280.31	799.87	1320.49	745.82	3.7478	3.8967
258402806627	1253.40	727.17	1295.51	799.02	3.7960	3.8367
258402814958	1260.98	784.81	1290.07	773.55	3.7360	3.8654
258402823292	1258.27	767.01	1299.24	769.93	3.7563	3.8702
258402831626	1252.91	754.54	1278.95	756.73	3.7968	3.8739
258402839960	1257.02	755.41	1299.27	763.50	3.7794	3.8747
258402848293	1259.41	747.04	1298.95	776.24	3.7929	3.9285
258402856631	1265.60	735.15	1287.39	771.00	3.8342	3.9086
258402864962	1256.03	730.76	1290.89	748.53	3.8115	3.8766
258402873297	1251.77	718.49	1298.18	754.20	3.7986	3.8925
258402881631	1265.14	715.71	1288.43	740.35	3.8136	3.9055
258402889962	1253.39	722.99	1294.26	748.64	3.8140	3.9211
258402898295	1262.92	728.95	1289.51	748.24	3.8447	3.8904
258402906629	1254.23	728.45	1297.01	750.51	3.8586	3.9149
258402914962	1261.74	714.45	1288.57	742.75	3.8446	3.9393
258402923295	1260.72	714.37	1283.24	735.90	3.8487	3.9303
258402931628	1266.84	715.38	1278.04	748.24	3.8665	3.9128
258402939961	1271.45	714.53	1284.09	739.48	3.8650	3.9244
258402948294	1272.46	708.83	1292.33	719.72	3.8746	3.9044
258402956627	1264.67	723.73	1296.07	735.82	3.8797	3.9415
258402964961	1253.14	723.41	1302.93	739.51	3.8956	3.9408
258402973294	1253.31	704.44	1285.24	737.99	3.8677	3.9426
258402981628	1271.24	720.71	1288.03	746.30	3.8757	3.9536
258402989965	1275.42	722.09	1297.22	728.21	3.9029	3.9526
258402998298	1258.89	714.25	1301.99	735.60	3.8866	3.9570
258403006632	1260.77	713.28	1288.17	743.85	3.8962	3.9765
258403014965	1255.70	732.20	1279.71	738.35	3.9019	3.9785
258403023297	1279.07	706.12	1296.78	734.48	3.9143	3.9785
258403031631	1265.83	717.43	1310.99	744.86	3.9237	3.9948
258403039964	1253.39	711.49	1308.74	732.88	3.9332	3.9753
258403048297	1271.83	710.75	1294.72	743.71	3.9182	4.0018
258403056631	1276.99	742.55	1290.55	733.36	3.9450	4.0100
258403064964	1263.05	721.16	1291.42	734.91	3.9390	3.9800
258403073297	1260.78	733.25	1304.09	730.37	3.9474	3.9992
258403081630	1260.44	717.78	1290.17	754.35	3.9420	4.0206
258403089964	1267.50	730.11	1294.85	747.69	3.9634	4.0270
258403098296	1275.40	736.29	1311.06	735.48	3.9583	4.0098
258403106630	1272.17	721.43	1305.01	732.37	3.9645	3.9985
258403114963	1281.07	725.94	1312.33	751.66	3.9520	4.0163
258403123301	1253.47	720.53	1311.83	732.72	3.9592	4.0088
258403131635	1268.50	729.66	1299.04	750.76	3.9879	4.0371
258403139968	1263.57	732.63	1288.65	748.54	3.9857	4.0222
258403148301	1259.02	742.87	1287.26	735.47	3.9713	4.0351
258403156635	1265.69	719.43	1295.83	756.01	3.9734	4.0403
258403164968	1267.14	730.53	1291.11	746.16	3.9862	4.0437
258403173301	1256.68	717.20	1296.85	749.66	3.9911	4.0378
258403181633	1251.05	708.30	1288.93	742.32	3.9785	4.0422
258403189967	1255.54	724.77	1298.59	753.00	3.9769	4.0505
258403198300	1273.63	748.07	1300.68	748.10	3.9973	4.0339
258403206634	1258.87	738.78	1302.86	739.04	4.0015	4.0122
258403214967	1257.23	718.65	1304.26	745.02	3.9930	4.0460
258403223300	1248.07	718.42	1302.70	751.86	4.0007	4.0626
258403231634	1265.02	745.44	1303.77	753.36	3.9848	4.0374
258403239967	1258.05	717.98	1298.86	758.74	4.0018	4.0642
258403248303	1270.50	721.34	1300.25	742.73	4.0262	4.0522
258403256636	1261.89	727.69	1306.61	759.28	4.0000	4.0688
258403264968	1253.96	725.28	1304.54	743.87	4.0197	4.0143
258403273302	1260.00	722.85	1297.49	759.19	4.0024	4.0788
258403281635	1259.55	745.03	1308.29	749.17	4.0197	4.0513
258403289968	1265.42	737.99	1307.49	758.23	4.0120	4.0837
258403298302	1246.14	723.97	1300.30	750.55	4.0066	4.0493
258403306635	1261.96	715.12	1289.07	753.82	3.9901	4.0596
258403314968	1243.54	724.27	1279.96	751.50	4.0145	4.0540
258403323302	1242.12	728.04	1282.23	759.94	4.0237	4.0907
258403331637	1246.93	742.51	1292.26	770.16	3.9995	4.0782
258403339968	1245.95	738.06	1287.96	775.09	4.0253	4.1038
258403348301	1239.63	731.81	1292.20	762.79	4.0306	4.0578
258403356634	1240.06	732.96	1301.94	781.22	4.0488	4.1076
258403364968	1239.26	731.87	1294.33	767.39	4.0198	4.0879
258403373301	1231.72	743.50	1299.66	763.17	4.0435	4.0955
258403381641	1232.60	743.07	1291.69	764.70	4.0477	4.0849
258403389974	1235.84	752.17	1285.61	759.19	4.0113	4.0826
258403398308	1241.00	762.32	1278.08	770.99	4.0389	4.1014
258403406643	1241.58	748.52	1284.40	766.02	4.0308	4.0832
258403414975	1251.80	728.44	1286.61	761.24	4.0455	4.1131
258403423307	1247.24	733.22	1292.57	771.24	4.0075	4.0992
258403431640	1247.23	761.53	1288.95	776.19	4.0388	4.1249
258403439973	1250.88	755.93	1291.32	761.83	4.0305	4.0808
258403448307	1252.90	729.59	1294.49	769.41	4.0221	4.0899
258403456640	1235.71	749.59	1300.41	757.82	4.0412	4.0785
258403464974	1249.06	732.64	1301.47	765.26	4.0166	4.0830
258403473307	1246.53	763.48	1298.16	766.22	4.0201	4.0744
258403481640	1244.87	740.64	1292.38	765.07	4.0184	4.0976
258403489973	1243.39	735.60	1295.51	764.94	4.0429	4.0825
258403498306	1242.85	739.48	1293.73	775.83	4.0213	4.1071
258403506639	1244.89	730.64	1292.06	760.18	4.0001	4.0606
258403514977	1246.61	757.37	1292.72	777.27	4.0127	4.0814
258403523310	1248.02	743.29	1293.60	773.94	4.0283	4.0921
258403531643	1252.65	738.66	1295.28	764.59	4.0146	4.0747
258403539976	1250.19	759.05	1300.75	759.99	4.0163	4.0610
258403548310	1250.23	740.71	1299.51	761.26	4.0151	4.0352
258403556643	1252.20	754.86	1301.17	760.52	4.0033	4.0453
258403564977	1252.08	739.99	1300.24	766.64	3.9815	4.0585
258403573310	1243.49	730.09	1308.27	752.72	3.9824	4.0338
258403581642	1236.31	746.46	1294.20	767.89	3.9827	4.0228
258403589976	1244.17	760.35	1300.86	765.55	3.9811	4.0269
258403598309	1243.69	766.55	1306.56	759.65	3.9863	4.0240
258403606642	1242.09	742.41	1301.61	748.72	3.9452	4.0052
258403614976	1241.14	738.94	1298.63	750.03	3.9757	3.9900
258403623309	1242.89	731.26	1299.23	772.13	3.9605	4.0199
258403631642	1241.15	744.00	1311.39	768.61	3.9630	4.0067
258403639980	1250.85	755.11	1303.46	764.89	3.9332	3.9965
258403648313	1245.21	748.26	1306.48	774.23	3.9460	4.0213
258403656647	1251.04	755.30	1306.17	763.45	3.9358	3.9923
258403664980	1248.06	758.05	1304.53	761.73	3.9396	3.9811
258403673313	1256.68	754.64	1306.83	765.21	3.9186	3.9852
258403681646	1246.11	754.42	1311.57	774.37	3.9552	3.9830
258403689980	1253.58	746.45	1310.98	777.46	3.9147	3.9686
258403698313	1245.72	754.27	1304.81	781.52	3.9266	3.9834
258403706646	1235.77	743.59	1307.99	766.34	3.9075	3.9378
258403714980	1245.29	739.31	1314.38	775.84	3.9180	3.9650
258403723312	1251.09	767.46	1304.72	770.56	3.9119	3.9530
258403731646	1250.53	755.52	1304.31	776.18	3.9066	3.9609
258403739978	1251.72	731.43	1301.62	775.52	3.9173	3.9640
258403748312	1251.70	744.27	1306.98	786.65	3.9069	3.9673
258403756645	1254.59	758.53	1299.17	774.81	3.8856	3.9554
258403764979	1248.34	742.70	1302.37	777.89	3.8980	3.9523
258403773318	1248.88	747.48	1299.98	784.23	3.9136	3.9522
258403781651	1246.90	750.21	1305.53	783.33	3.8833	3.9573
258403789984	1258.67	734.68	1313.37	765.77	3.8950	3.9456
258403798318	1250.55	752.77	1310.87	775.30	3.9027	3.9274
258403806651	1262.05	737.60	1314.39	761.65	3.9072	3.9441
258403814985	1266.89	751.89	1319.20	767.50	3.8959	3.9383
258403823317	1271.47	735.85	1326.25	777.61	3.8846	3.9494
258403831650	1264.73	746.77	1324.18	775.32	3.9035	3.9474
258403839983	1267.39	745.88	1324.50	780.20	3.8900	3.9552
258403848317	1263.02	727.09	1319.94	776.23	3.8904	3.9444
258403856650	1270.83	737.42	1319.07	787.31	3.9075	3.9574
258403864983	1265.83	754.37	1322.84	765.33	3.9001	3.9365
258403873317	1264.05	733.07	1311.18	777.39	3.9142	3.9386
258403881650	1258.89	760.00	1313.44	800.64	3.9073	3.9760
258403889983	1249.68	757.93	1315.26	775.87	3.9118	3.9464
258403898315	1248.97	730.57	1307.12	776.32	3.9034	3.9509
258403906654	1253.37	733.77	1312.15	787.02	3.9073	3.9725
258403914987	1266.06	743.15	1324.44	776.95	3.9032	3.9535
258403923320	1258.93	747.59	1318.54	782.99	3.8915	3.9618
258403931654	1266.73	752.94	1324.50	776.44	3.8963	3.9328
258403939987	1271.30	746.39	1326.72	782.32	3.9128	3.9681
258403948320	1274.77	725.42	1326.35	776.37	3.9193	3.9341
258403956654	1277.14	744.92	1324.13	783.28	3.9154	3.9696
258403964987	1272.93	753.29	1322.31	768.31	3.9155	3.9464
258403973320	1263.22	744.13	1313.99	789.83	3.9278	3.9859
258403981653	1262.82	732.74	1314.43	776.79	3.9164	3.9593
258403989986	1262.24	756.44	1310.86	777.19	3.9245	3.9638
258403998319	1258.63	745.99	1308.33	794.07	3.9250	3.9913
258404006653	1259.83	745.38	1302.43	785.37	3.9182	3.9661
258404014986	1247.44	724.71	1302.36	789.88	3.9326	3.9756
258404023320	1247.73	735.67	1303.91	784.95	3.9447	3.9771
258404031653	1258.71	723.69	1305.74	783.91	3.9303	3.9766
258404039990	1250.43	731.73	1310.08	789.85	3.9464	3.9763
258404048323	1250.16	729.82	1301.48	782.73	3.9715	3.9919
258404056657	1254.89	723.02	1303.42	789.85	3.9434	3.9989
258404064989	1248.63	740.14	1309.77	785.03	3.9609	4.0178
258404073322	1245.67	742.86	1306.43	777.96	3.9684	4.0027
258404081656	1246.33	725.49	1291.31	785.89	3.9526	4.0306
258404089989	1245.71	746.80	1300.34	780.35	3.9688	4.0215
258404098323	1249.64	728.62	1307.07	782.42	3.9730	4.0453
258404106656	1242.81	718.52	1309.59	772.09	3.9380	4.0270
258404114989	1250.04	738.00	1291.65	783.04	3.9380	4.0299
258404123323	1251.66	728.43	1294.30	770.76	3.9840	4.0222
258404131656	1246.94	714.60	1297.07	777.95	3.9640	4.0628
258404139988	1253.68	742.63	1290.84	784.81	3.9980	4.0504
258404148322	1247.60	725.65	1299.27	774.87	3.9823	4.0327
258404156654	1244.98	720.96	1299.72	768.78	3.9709	4.0634
258404164991	1246.08	726.03	1290.08	768.57	3.9859	4.0493
258404173325	1242.62	733.87	1293.26	767.69	4.0005	4.0604
258404181658	1246.94	729.20	1281.97	772.92	4.0117	4.0788
258404189991	1238.79	738.42	1296.01	766.94	4.0109	4.0640
258404198324	1243.93	739.77	1287.59	775.34	4.0264	4.0722
258404206658	1250.75	746.57	1293.34	774.37	4.0076	4.0886
258404214991	1247.69	739.66	1295.29	775.35	3.9980	4.0774
258404223324	1251.42	744.01	1302.79	779.15	4.0096	4.1200
258404231657	1261.98	744.67	1300.25	776.05	4.0004	4.0992
258404239990	1255.57	741.72	1303.97	773.46	4.0131	4.0979
258404248323	1257.08	752.48	1311.74	769.88	4.0230	4.0963
258404256656	1250.70	748.48	1299.72	780.13	4.0170	4.0976
258404264990	1247.43	748.19	1303.54	782.96	4.0120	4.1160
258404273324	1249.40	736.69	1302.20	779.86	4.0206	4.1228
258404281657	1244.16	734.60	1289.55	783.04	4.0378	4.1207
258404289990	1240.47	728.03	1292.62	773.39	4.0387	4.0945
258404298329	1233.26	721.28	1280.16	790.98	4.0404	4.1306
258404306662	1243.13	733.91	1290.38	781.83	4.0353	4.1304
258404314996	1247.05	737.81	1290.37	773.30	4.0524	4.1080
258404323330	1244.79	742.41	1299.87	774.86	4.0287	4.1337
258404331662	1251.91	746.54	1307.07	785.08	4.0249	4.1275
258404339996	1255.92	745.11	1299.59	778.35	4.0395	4.1188
258404348329	1250.79	755.74	1304.88	795.32	4.0498	4.1554
258404356662	1247.89	748.75	1308.33	788.62	4.0490	4.1404
258404364996	1250.89	734.23	1303.42	784.65	4.0380	4.1233
258404373330	1254.70	730.66	1302.07	783.66	4.0445	4.1254
258404381662	1246.53	732.46	1294.68	785.66	4.0533	4.1291
258404389995	1261.90	731.80	1302.70	790.90	4.0642	4.1456
258404398328	1258.73	727.05	1303.12	782.64	4.0383	4.1362
258404406661	1261.58	727.13	1304.13	780.23	4.0403	4.1418
258404414995	1266.60	729.49	1306.59	788.18	4.0354	4.1337
258404423328	1265.76	729.01	1307.32	780.93	4.0447	4.1335
258404431665	1269.76	720.61	1309.82	785.98	4.0332	4.1491
258404439999	1276.02	727.43	1309.50	785.56	4.0649	4.1506
258404448332	1280.91	735.44	1308.27	784.73	4.0673	4.1431
258404456665	1275.78	726.42	1306.46	787.77	4.0502	4.1424
258404464998	1276.59	732.81	1308.86	779.00	4.0384	4.1486
258404473331	1276.47	735.43	1308.20	781.54	4.0451	4.1470
258404481664	1280.11	735.92	1307.82	785.48	4.0609	4.1302
258404489998	1282.97	748.86	1307.41	779.33	4.0744	4.1425
258404498331	1271.95	735.75	1305.49	784.40	4.0729	4.1409
258404506664	1279.88	730.11	1309.35	783.88	4.0592	4.1405
258404514998	1287.40	747.24	1318.65	794.03	4.0528	4.1631
258404523331	1277.79	741.95	1313.36	782.79	4.0537	4.1143
258404531665	1280.40	760.85	1316.02	798.80	4.0847	4.1397
258404539997	1280.02	751.97	1315.13	785.56	4.0602	4.1265
258404548330	1280.73	755.84	1324.12	789.13	4.0707	4.1565
258404556664	1278.17	751.46	1317.37	795.26	4.0698	4.1379
258404565003	1270.48	753.95	1312.74	792.64	4.0787	4.1405
258404573336	1270.30	751.51	1316.57	793.29	4.0607	4.1542
258404581670	1260.42	743.66	1315.01	793.03	4.0657	4.1547
258404590003	1260.56	742.21	1310.56	793.22	4.0741	4.1645
258404598336	1254.13	745.02	1306.19	789.87	4.0642	4.1596
258404606670	1263.17	736.68	1308.91	780.25	4.0529	4.1581
258404615003	1267.76	736.37	1297.19	785.41	4.0742	4.1523
258404623335	1259.25	737.67	1301.62	782.74	4.0482	4.1562
258404631668	1270.74	736.46	1306.30	783.45	4.0485	4.1654
258404640002	1283.66	750.96	1296.80	785.28	4.0581	4.1576
258404648335	1293.59	762.54	1307.15	786.27	4.0458	4.1329
258404656669	1288.03	767.86	1313.18	796.80	4.0697	4.1651
258404665002	1281.81	764.51	1312.34	791.66	4.0390	4.1512
258404673335	1283.06	765.16	1320.03	790.71	4.0503	4.1463
258404681668	1277.70	758.44	1313.27	787.08	4.0486	4.1472
258404690006	1275.13	770.71	1320.66	787.61	4.0643	4.1616
258404698338	1275.31	763.56	1314.26	790.17	4.0506	4.1686
258404706672	1268.87	756.22	1315.06	789.56	4.0491	4.1500
258404715004	1273.07	761.47	1317.70	796.81	4.0397	4.1576
258404723338	1276.43	754.19	1317.87	793.20	4.0438	4.1650
258404731672	1281.39	756.46	1318.63	794.30	4.0539	4.1641
258404740005	1273.22	762.01	1319.72	792.96	4.0813	4.1566
258404748338	1281.06	751.52	1322.19	790.10	4.0605	4.1576
258404756671	1283.46	747.66	1310.60	794.70	4.0833	4.1741
258404765005	1277.44	744.76	1319.85	784.75	4.0719	4.1462
258404773338	1289.64	746.34	1301.46	791.71	4.0548	4.1381
258404781671	1276.72	736.63	1299.08	786.73	4.0609	4.1570
258404790004	1274.36	740.83	1299.59	789.96	4.0625	4.1524
258404798337	1269.88	746.48	1306.66	779.34	4.0654	4.1483
258404806671	1284.31	754.96	1303.49	786.05	4.0733	4.1615
258404815004	1279.52	762.52	1306.56	792.47	4.0512	4.1597
258404823344	1273.63	760.48	1297.30	788.79	4.0448	4.1667
258404831678	1271.61	763.58	1298.23	802.59	4.0751	4.1748
258404840010	1263.24	756.11	1309.47	789.73	4.0694	4.1652
258404848344	1267.07	743.18	1301.20	791.77	4.0604	4.1873
258404856678	1262.07	735.69	1304.24	779.45	4.0503	4.1593
258404865010	1274.55	731.46	1299.01	778.91	4.0732	4.1746
258404873343	1268.98	727.33	1303.14	781.99	4.1045	4.1887
258404881676	1273.24	720.57	1305.82	774.78	4.0990	4.1773
258404890009	1279.89	702.31	1306.11	772.20	4.1167	4.1930
258404898343	1280.32	700.08	1312.71	772.77	4.1001	4.2031
258404906677	1284.17	686.53	1310.11	757.92	4.0828	4.1691
258404915010	1285.20	701.56	1311.86	752.44	4.1116	4.1798
258404923343	1290.21	698.73	1319.79	751.38	4.1243	4.1840
258404931676	1285.95	698.64	1311.82	747.46	4.1215	4.1848
258404940009	1286.39	712.01	1311.22	756.76	4.1299	4.1868
258404948342	1290.23	713.81	1307.31	761.90	4.1298	4.2060
258404956677	1277.62	720.81	1317.69	769.06	4.1139	4.1893
258404965010	1271.00	723.68	1299.61	778.67	4.1187	4.2135
258404973344	1277.71	729.05	1302.41	784.00	4.1250	4.1995
258404981677	1278.86	706.71	1301.06	771.80	4.1316	4.2108
258404990011	1280.17	705.03	1305.08	770.99	4.1504	4.2084
258404998344	1270.68	701.03	1309.31	766.17	4.1427	4.2139
258405006677	1268.53	707.12	1306.19	756.45	4.1423	4.2061
258405015010	1271.53	712.05	1299.44	765.82	4.1446	4.2098
258405023343	1279.51	706.89	1302.70	768.96	4.1294	4.2166
258405031676	1270.39	710.02	1296.57	768.43	4.1441	4.2244
258405040010	1277.40	735.90	1301.64	769.52	4.1562	4.2069
258405048343	1265.73	718.52	1287.77	768.21	4.1499	4.2085
258405056676	1271.03	718.79	1289.06	771.56	4.1525	4.2319
258405065010	1274.29	710.23	1289.23	768.47	4.1353	4.2097
258405073343	1272.84	718.79	1289.72	764.82	4.1431	4.2312
258405081680	1266.20	712.25	1291.81	776.13	4.1370	4.2224
258405090013	1274.56	716.25	1286.79	772.05	4.1517	4.2409
258405098346	1271.47	717.70	1291.61	754.97	4.1646	4.2127
258405106679	1287.02	700.80	1299.60	768.13	4.1480	4.2239
258405115013	1263.51	697.06	1303.45	756.74	4.1626	4.2359
258405123346	1271.33	708.76	1304.99	768.06	4.1552	4.2297
258405131679	1268.19	690.07	1300.27	750.97	4.1439	4.2227
258405140012	1272.43	701.20	1295.51	746.19	4.1653	4.2394
258405148346	1275.08	701.00	1304.89	767.74	4.1651	4.2425
258405156679	1270.24	713.32	1303.45	756.57	4.1826	4.2106
258405165013	1270.59	714.46	1292.16	755.14	4.1807	4.2385
258405173346	1263.51	707.61	1296.58	769.84	4.1732	4.2404
258405181678	1284.65	723.79	1289.67	763.23	4.1887	4.2251
258405190012	1273.62	708.55	1297.82	765.92	4.1805	4.2361
258405198345	1273.43	694.26	1300.72	774.34	4.1635	4.2319
258405206678	1263.67	715.29	1286.18	773.24	4.1764	4.2415
258405215017	1270.03	699.98	1297.83	773.25	4.1564	4.2639
258405223351	1275.14	695.57	1291.07	773.35	4.1642	4.2581
258405231684	1272.16	711.95	1279.29	766.26	4.1671	4.2377
258405240018	1282.53	719.45	1284.54	767.56	4.1911	4.2421
258405248351	1266.11	735.64	1277.76	779.03	4.1708	4.2495
258405256684	1268.00	731.44	1280.90	790.26	4.1674	4.2484
258405265016	1275.39	733.12	1293.41	777.49	4.1814	4.2321
258405273350	1269.81	728.90	1286.37	786.38	4.1710	4.2336
258405281683	1273.63	731.34	1294.07	780.81	4.1480	4.2333
258405290017	1261.97	733.81	1293.35	794.32	4.1620	4.2177
258405298349	1271.00	731.90	1287.30	787.19	4.1524	4.2326
258405306683	1262.92	732.85	1283.85	785.61	4.1447	4.2136
258405315017	1275.32	730.23	1292.53	787.59	4.1404	4.2185
258405323350	1274.62	741.22	1293.29	781.93	4.1303	4.1834
258405331683	1269.93	744.83	1292.96	785.90	4.1172	4.1946
258405340015	1271.88	756.13	1292.74	790.55	4.1148	4.1785
258405348353	1267.96	751.45	1309.05	782.06	4.0947	4.1541
258405356687	1267.99	738.03	1309.63	800.01	4.0717	4.1613
258405365021	1268.30	734.89	1300.90	782.22	4.0459	4.1387
258405373354	1261.65	731.68	1314.41	792.45	4.0584	4.1293
258405381687	1265.09	732.07	1314.35	792.36	4.0558	4.1240
258405390020	1260.06	729.86	1318.26	799.62	4.0159	4.1156
258405398354	1265.73	730.19	1314.45	793.84	4.0314	4.1164
258405406687	1269.10	733.07	1302.38	791.39	4.0295	4.1077
258405415021	1274.77	742.65	1314.09	783.46	4.0090	4.0678
258405423352	1265.53	730.65	1309.86	792.46	3.9979	4.0618
258405431686	1266.00	731.77	1303.65	802.67	3.9831	4.0788
258405440020	1258.95	738.95	1307.61	791.67	3.9807	4.0381
258405448353	1263.75	743.81	1313.55	794.86	3.9518	4.0490
258405456686	1263.21	741.42	1308.62	779.94	3.9627	4.0099
258405465019	1266.32	755.43	1307.69	787.13	3.9370	4.0260
258405473352	1261.46	747.74	1308.65	797.16	3.9467	4.0224
258405481691	1268.51	750.09	1307.26	787.84	3.9265	3.9859
258405490024	1261.47	739.94	1305.99	802.96	3.9002	3.9887
258405498357	1264.36	728.89	1307.97	797.83	3.9155	3.9742
258405506690	1262.05	731.71	1309.48	802.52	3.8778	3.9949
258405515023	1272.67	720.49	1308.14	790.36	3.8782	3.9527
258405523357	1268.96	736.62	1302.07	775.49	3.8960	3.9454
258405531690	1263.82	730.47	1298.04	786.89	3.8622	3.9282
258405540023	1277.16	734.94	1300.21	801.98	3.8622	3.9612
258405548356	1269.38	745.04	1306.56	787.22	3.8704	3.9252
258405556690	1269.73	732.84	1297.23	792.65	3.8506	3.9333
258405565023	1278.68	732.62	1291.83	797.64	3.8475	3.9257
258405573357	1267.28	740.43	1284.29	796.65	3.8401	3.9227
258405581689	1283.24	742.87	1294.49	781.22	3.8292	3.8979
258405590022	1284.72	746.27	1306.09	799.05	3.8395	3.9054
258405598355	1278.67	729.36	1297.26	795.54	3.8081	3.9026
258405606693	1287.66	730.10	1301.99	777.66	3.8032	3.8642
258405615026	1281.40	729.98	1296.51	787.61	3.8195	3.8824
258405623360	1279.97	727.89	1300.39	798.93	3.8297	3.8701
258405631693	1276.98	736.33	1315.31	789.12	3.8060	3.8612
258405640026	1273.01	737.88	1315.64	792.22	3.7899	3.8526
258405648360	1274.85	731.52	1313.36	798.08	3.7931	3.8731
258405656693	1278.39	741.26	1316.54	787.61	3.8001	3.8471
258405665025	1282.02	731.90	1313.88	800.18	3.7863	3.8604
258405673358	1283.87	739.82	1309.49	791.74	3.7879	3.8548
258405681692	1282.00	737.49	1315.72	782.77	3.7749	3.8322
258405690025	1277.85	732.96	1308.14	789.23	3.7582	3.8295
258405698359	1288.22	734.99	1307.90	791.86	3.7464	3.8328
258405706692	1285.79	758.26	1325.16	781.34	3.7940	3.8076
258405715025	1286.84	748.34	1306.61	802.82	3.7660	3.8372
258405723358	1284.53	747.45	1309.33	805.43	3.7489	3.8463
258405731692	1278.87	752.87	1315.88	808.73	3.7385	3.8248
258405740029	1292.69	743.29	1318.36	802.04	3.7289	3.8104
258405748363	1284.96	750.91	1318.54	794.13	3.7471	3.7984
258405756695	1283.37	744.25	1310.50	798.71	3.7308	3.7917
258405765029	1294.07	741.92	1298.43	794.64	3.7327	3.7970
258405773363	1279.96	739.73	1295.73	787.06	3.7158	3.7939
258405781695	1277.83	744.11	1295.82	778.92	3.7429	3.7697
258405790028	1271.60	741.83	1301.98	803.81	3.7182	3.7985
258405798361	1282.12	738.34	1296.25	804.29	3.7122	3.8014
258405806694	1287.03	737.09	1313.93	802.23	3.7130	3.7916
258405815028	1281.78	738.23	1298.60	788.05	3.7125	3.7740
258405823361	1283.46	738.69	1295.49	795.46	3.7208	3.7782
258405831694	1281.54	741.84	1302.01	801.08	3.6870	3.7643
258405840027	1280.57	746.64	1313.82	789.06	3.7049	3.7529
258405848360	1281.67	744.63	1307.39	786.22	3.6868	3.7512
258405856694	1283.12	740.94	1304.15	779.17	3.6843	3.7695
258405865027	1280.32	733.64	1300.52	774.83	3.7048	3.7446
258405873366	1278.33	728.32	1295.51	785.04	3.7169	3.7527
258405881698	1277.89	727.99	1294.90	794.87	3.6916	3.7721
258405890032	1265.50	726.73	1299.82	784.94	3.6862	3.7531
258405898366	1274.73	736.64	1309.22	781.18	3.6741	3.7522
258405906700	1267.00	731.05	1303.89	802.20	3.6929	3.8049
258405915031	1272.38	729.65	1302.68	785.33	3.6813	3.7542
258405923364	1279.61	724.88	1305.36	790.80	3.7021	3.7561
258405931697	1289.66	734.69	1318.59	775.62	3.7038	3.7458
258405940031	1278.93	729.69	1308.16	787.80	3.6800	3.7418
258405948365	1274.69	733.26	1298.48	774.31	3.6913	3.7467
258405956698	1282.92	735.09	1315.02	781.56	3.6748	3.7579
258405965031	1269.63	735.63	1312.06	768.06	3.7056	3.7552
258405973364	1278.32	725.30	1306.37	769.17	3.6980	3.7511
258405981697	1267.08	721.38	1301.48	782.44	3.7036	3.7476
258405990030	1269.35	723.95	1306.66	776.28	3.7089	3.7410
258405998364	1277.20	719.74	1312.16	772.20	3.7091	3.7483
258406006700	1279.53	730.93	1311.20	784.20	3.7045	3.7842
258406015034	1282.43	704.70	1296.42	776.05	3.6960	3.7542
258406023368	1279.55	725.39	1303.57	774.39	3.6952	3.7500
258406031701	1273.01	742.40	1300.20	780.88	3.7290	3.7566
258406040034	1276.69	731.90	1300.05	776.42	3.7469	3.7595
258406048367	1285.94	731.13	1302.07	781.63	3.7234	3.7694
258406056700	1271.53	725.96	1302.29	774.72	3.7499	3.7716
258406065033	1271.33	735.28	1297.40	765.04	3.7409	3.7547
258406073366	1268.13	717.01	1294.21	780.77	3.7318	3.7785
258406081700	1272.38	734.19	1295.33	786.02	3.7276	3.7876
258406090035	1283.25	748.01	1291.95	786.79	3.7731	3.7745
258406098368	1280.52	716.37	1304.95	796.48	3.7600	3.8124
258406106702	1272.44	731.79	1299.29	786.07	3.7451	3.7901
258406115035	1274.85	732.04	1291.79	785.03	3.7719	3.7963
258406123368	1277.71	735.29	1304.70	763.85	3.7910	3.7696
258406131705	1266.17	737.97	1310.19	780.00	3.8147	3.7991
258406140038	1279.85	730.97	1292.63	774.64	3.7968	3.8120
258406148371	1275.92	727.15	1290.56	773.27	3.7796	3.8130
258406156705	1283.99	741.62	1303.65	778.89	3.8065	3.8038
258406165038	1271.26	735.87	1302.40	776.42	3.7805	3.8310
258406173371	1275.81	734.15	1291.64	783.91	3.7946	3.8439
258406181704	1266.44	735.86	1297.77	779.91	3.7964	3.8478
258406190038	1282.80	741.29	1297.59	786.09	3.7980	3.8405
258406198371	1276.00	736.31	1292.28	787.53	3.7908	3.8638
258406206705	1277.17	727.76	1308.74	779.86	3.7818	3.8441
258406215038	1278.48	724.21	1293.98	798.85	3.7937	3.8988
258406223370	1266.69	744.33	1299.35	785.86	3.8165	3.8735
258406231704	1276.46	730.67	1301.95	777.51	3.8320	3.8777
258406240037	1279.35	735.12	1297.11	776.20	3.8269	3.8701
258406248370	1262.80	731.71	1289.73	781.53	3.8105	3.8849
258406256703	1282.37	736.19	1301.66	791.28	3.8337	3.8960
258406265042	1276.31	729.18	1302.07	788.46	3.8383	3.9022
258406273375	1273.65	724.71	1295.07	796.89	3.8683	3.9209
258406281709	1277.33	726.69	1302.01	782.20	3.8645	3.8996
258406290042	1273.63	721.77	1294.58	769.59	3.8484	3.9181
258406298375	1266.56	736.24	1303.08	784.79	3.8616	3.9244
258406306707	1284.26	736.26	1292.87	784.55	3.8679	3.9420
258406315041	1282.86	732.52	1286.66	781.84	3.8873	3.9398
258406323374	1275.17	730.09	1292.48	795.92	3.9050	3.9627
258406331708	1275.62	729.94	1301.56	782.11	3.8840	3.9488
258406340040	1274.26	739.14	1300.65	784.70	3.9096	3.9586
258406348374	1286.79	734.74	1300.46	779.13	3.9030	3.9600
258406356708	1271.48	737.48	1285.69	789.68	3.9204	3.9912
258406365041	1262.22	748.17	1299.43	786.15	3.9147	3.9714
258406373374	1272.83	738.02	1305.82	789.04	3.8834	3.9810
258406381706	1281.93	731.52	1295.27	795.78	3.9148	3.9972
258406390039	1287.70	719.85	1280.59	785.95	3.9195	3.9957
258406398379	1272.96	725.29	1284.87	781.01	3.9198	4.0048
258406406713	1273.60	722.16	1296.02	779.59	3.9062	3.9862
258406415046	1268.79	737.41	1286.00	777.06	3.9395	4.0058
258406423379	1261.87	730.06	1297.03	777.71	3.9406	3.9967
258406431712	1260.57	721.87	1303.51	782.63	3.9279	4.0088
258406440046	1261.56	736.91	1295.78	794.32	3.9508	4.0262
258406448379	1270.57	738.75	1295.84	792.43	3.9522	4.0271
258406456713	1268.42	729.16	1296.05	778.76	3.9469	4.0104
258406465044	1278.05	746.86	1296.66	799.70	3.9590	4.0517
258406473378	1272.43	742.77	1301.12	777.59	3.9570	4.0205
258406481712	1279.13	744.44	1294.86	773.64	3.9558	4.0272
258406490045	1275.28	738.57	1292.13	778.93	3.9552	4.0393
258406498378	1270.71	728.02	1290.91	780.36	3.9795	4.0269
258406506711	1270.08	733.13	1281.39	780.48	3.9908	4.0451
258406515044	1264.14	720.25	1291.59	770.88	3.9597	4.0195
258406523378	1275.13	741.90	1292.45	779.39	4.0086	4.0586
258406531716	1264.06	741.39	1296.54	786.09	4.0119	4.0516
258406540049	1266.02	733.04	1286.98	788.69	4.0027	4.0527
258406548382	1267.41	741.14	1295.54	790.20	3.9864	4.0417
258406556715	1275.66	729.02	1298.24	789.88	3.9739	4.0483
258406565049	1268.09	739.22	1297.75	792.29	3.9703	4.0491
258406573382	1267.91	736.81	1300.62	801.96	3.9999	4.0656
258406581715	1265.63	743.85	1298.14	799.01	3.9869	4.0562
258406590048	1264.86	741.78	1289.46	791.29	3.9864	4.0624
258406598382	1263.52	743.03	1285.52	793.77	3.9920	4.0817
258406606715	1279.55	736.38	1287.27	787.31	4.0106	4.0674
258406615048	1276.53	737.51	1294.74	792.04	4.0260	4.0707
258406623381	1274.00	746.57	1292.45	803.87	4.0207	4.0859
258406631714	1284.56	759.75	1297.66	791.53	3.9983	4.0798
258406640047	1269.63	754.87	1301.67	792.04	4.0265	4.0704
258406648381	1268.13	730.75	1299.63	790.46	4.0231	4.0794
258406656713	1264.17	744.05	1291.72	802.04	4.0260	4.0973
258406665047	1265.17	771.03	1298.46	807.31	3.9980	4.0646
258406673379	1279.07	748.73	1308.12	795.78	4.0264	4.0667
258406681712	1270.70	775.00	1316.77	806.66	4.0184	4.0853
258406690046	1285.11	764.76	1303.08	821.17	4.0246	4.0916
258406698379	1275.55	799.80	1312.83	828.47	4.0247	4.0904
258406706712	1284.10	795.47	1315.38	844.09	4.0316	4.0968
258406715045	1294.97	816.36	1318.96	846.37	4.0274	4.0935
258406723379	1302.31	811.92	1339.89	845.95	4.0597	4.0851
258406731712	1302.05	838.11	1327.29	880.63	4.0333	4.0911
258406740046	1349.92	980.28	1332.54	979.02	3.7875	3.9414
258406748378	1613.59	1130.80	1341.68	1147.79	3.1242	3.6773
258406756711	1569.82	1176.69	1097.77	1260.27	3.1410	3.0278
258406765044	NaN	NaN	NaN	NaN	NaN	NaN
258406773378	NaN	NaN	NaN	NaN	NaN	NaN
258406781710	NaN	NaN	NaN	NaN	NaN	NaN
258406790055	NaN	NaN	NaN	NaN	NaN	NaN
258406798388	NaN	NaN	NaN	NaN	NaN	NaN
258406806721	NaN	NaN	NaN	NaN	NaN	NaN
258406815054	NaN	NaN	NaN	NaN	NaN	NaN
258406823388	NaN	NaN	NaN	NaN	NaN	NaN
258406831721	NaN	NaN	NaN	NaN	NaN	NaN
258406840055	NaN	NaN	NaN	NaN	NaN	NaN
258406848387	NaN	NaN	NaN	NaN	NaN	NaN
258406856721	NaN	NaN	NaN	NaN	NaN	NaN
258406865053	NaN	NaN	NaN	NaN	NaN	NaN
258406873386	NaN	NaN	NaN	NaN	NaN	NaN
258406881720	NaN	NaN	NaN	NaN	NaN	NaN
258406890054	NaN	NaN	NaN	NaN	NaN	NaN
258406898386	NaN	NaN	NaN	NaN	NaN	NaN
258406906720	NaN	NaN	NaN	NaN	NaN	NaN
258406915054	NaN	NaN	NaN	NaN	NaN	NaN
258406923391	NaN	NaN	NaN	NaN	NaN	NaN
258406931724	NaN	NaN	NaN	NaN	NaN	NaN
258406940057	NaN	NaN	NaN	NaN	NaN	NaN
258406948389	NaN	NaN	NaN	NaN	NaN	NaN
258406956723	NaN	NaN	NaN	NaN	NaN	NaN
258406965057	NaN	NaN	NaN	NaN	NaN	NaN
258406973390	NaN	NaN	NaN	NaN	NaN	NaN
258406981723	NaN	NaN	NaN	NaN	NaN	NaN
258406990057	NaN	NaN	NaN	NaN	NaN	NaN
258406998390	NaN	NaN	NaN	NaN	NaN	NaN
258407006723	NaN	NaN	NaN	NaN	NaN	NaN
258407015057	NaN	NaN	NaN	NaN	NaN	NaN
258407023388	NaN	NaN	NaN	NaN	NaN	NaN
258407031722	NaN	NaN	NaN	NaN	NaN	NaN
258407040056	NaN	NaN	NaN	NaN	NaN	NaN
258407048391	NaN	NaN	NaN	NaN	NaN	NaN
258407056724	NaN	NaN	NaN	NaN	NaN	NaN
258407065058	NaN	NaN	NaN	NaN	NaN	NaN
258407073390	NaN	NaN	NaN	NaN	NaN	NaN
258407081724	NaN	NaN	NaN	NaN	NaN	NaN
258407090057	NaN	NaN	NaN	NaN	NaN	NaN
258407098391	NaN	NaN	NaN	NaN	NaN	NaN
258407106723	NaN	NaN	NaN	NaN	NaN	NaN
258407115056	NaN	NaN	NaN	NaN	NaN	NaN
258407123390	NaN	NaN	NaN	NaN	NaN	NaN
258407131723	NaN	NaN	NaN	NaN	NaN	NaN
258407140056	NaN	NaN	NaN	NaN	NaN	NaN
258407148390	NaN	NaN	NaN	NaN	NaN	NaN
258407156723	NaN	NaN	NaN	NaN	NaN	NaN
258407165056	NaN	NaN	NaN	NaN	NaN	NaN
258407173390	NaN	NaN	NaN	NaN	NaN	NaN
258407181727	NaN	NaN	NaN	NaN	NaN	NaN
258407190060	NaN	NaN	NaN	NaN	NaN	NaN
258407198394	NaN	NaN	NaN	NaN	NaN	NaN
258407206727	NaN	NaN	NaN	NaN	NaN	NaN
258407215060	NaN	NaN	NaN	NaN	NaN	NaN
258407223393	NaN	NaN	NaN	NaN	NaN	NaN
258407231727	NaN	NaN	NaN	NaN	NaN	NaN
258407240060	NaN	NaN	NaN	NaN	NaN	NaN
258407248393	NaN	NaN	NaN	NaN	NaN	NaN
258407256727	NaN	NaN	NaN	NaN	NaN	NaN
258407265059	NaN	NaN	NaN	NaN	NaN	NaN
258407273393	NaN	NaN	NaN	NaN	NaN	NaN
258407281726	NaN	NaN	NaN	NaN	NaN	NaN
258407289987	NaN	NaN	NaN	NaN	NaN	NaN
258407298249	NaN	NaN	NaN	NaN	NaN	NaN
258407306585	NaN	NaN	NaN	NaN	NaN	NaN
258407314922	NaN	NaN	NaN	NaN	NaN	NaN
258407323255	NaN	NaN	NaN	NaN	NaN	NaN
258407331588	NaN	NaN	NaN	NaN	NaN	NaN
258407339956	NaN	NaN	NaN	NaN	NaN	NaN
258407348325	NaN	NaN	NaN	NaN	NaN	NaN
258407356694	NaN	NaN	NaN	NaN	NaN	NaN
258407365063	NaN	NaN	NaN	NaN	NaN	NaN
258407373397	NaN	NaN	NaN	NaN	NaN	NaN
258407381730	NaN	NaN	NaN	NaN	NaN	NaN
258407390063	NaN	NaN	NaN	NaN	NaN	NaN
258407398397	NaN	NaN	NaN	NaN	NaN	NaN
258407406729	NaN	NaN	NaN	NaN	NaN	NaN
258407415063	NaN	NaN	NaN	NaN	NaN	NaN
258407423395	NaN	NaN	NaN	NaN	NaN	NaN
258407431728	NaN	NaN	NaN	NaN	NaN	NaN
258407440062	NaN	NaN	NaN	NaN	NaN	NaN
258407448401	NaN	NaN	NaN	NaN	NaN	NaN
258407456734	NaN	NaN	NaN	NaN	NaN	NaN
258407465066	NaN	NaN	NaN	NaN	NaN	NaN
258407473400	NaN	NaN	NaN	NaN	NaN	NaN
258407481732	NaN	NaN	NaN	NaN	NaN	NaN
258407490066	NaN	NaN	NaN	NaN	NaN	NaN
258407498399	NaN	NaN	NaN	NaN	NaN	NaN
258407506732	NaN	NaN	NaN	NaN	NaN	NaN
258407515066	NaN	NaN	NaN	NaN	NaN	NaN
258407523400	NaN	NaN	NaN	NaN	NaN	NaN
258407531733	NaN	NaN	NaN	NaN	NaN	NaN
258407540066	NaN	NaN	NaN	NaN	NaN	NaN
258407548398	NaN	NaN	NaN	NaN	NaN	NaN
258407556731	NaN	NaN	NaN	NaN	NaN	NaN
258407565065	NaN	NaN	NaN	NaN	NaN	NaN
258407573401	NaN	NaN	NaN	NaN	NaN	NaN
258407581735	NaN	NaN	NaN	NaN	NaN	NaN
258407590068	NaN	NaN	NaN	NaN	NaN	NaN
258407598401	NaN	NaN	NaN	NaN	NaN	NaN
258407606735	NaN	NaN	NaN	NaN	NaN	NaN
258407615068	NaN	NaN	NaN	NaN	NaN	NaN
258407623400	NaN	NaN	NaN	NaN	NaN	NaN
258407631733	NaN	NaN	NaN	NaN	NaN	NaN
258407640067	NaN	NaN	NaN	NaN	NaN	NaN
258407648400	NaN	NaN	NaN	NaN	NaN	NaN
258407656734	NaN	NaN	NaN	NaN	NaN	NaN
258407665067	NaN	NaN	NaN	NaN	NaN	NaN
258407673400	NaN	NaN	NaN	NaN	NaN	NaN
258407681734	NaN	NaN	NaN	NaN	NaN	NaN
258407690067	NaN	NaN	NaN	NaN	NaN	NaN
258407698400	NaN	NaN	NaN	NaN	NaN	NaN
258407706739	NaN	NaN	NaN	NaN	NaN	NaN
258407715073	NaN	NaN	NaN	NaN	NaN	NaN
258407723406	NaN	NaN	NaN	NaN	NaN	NaN
258407731740	NaN	NaN	NaN	NaN	NaN	NaN
258407740073	NaN	NaN	NaN	NaN	NaN	NaN
258407748406	NaN	NaN	NaN	NaN	NaN	NaN
258407756740	NaN	NaN	NaN	NaN	NaN	NaN
258407765073	NaN	NaN	NaN	NaN	NaN	NaN
258407773406	NaN	NaN	NaN	NaN	NaN	NaN
258407781738	NaN	NaN	NaN	NaN	NaN	NaN
258407790072	NaN	NaN	NaN	NaN	NaN	NaN
258407798405	NaN	NaN	NaN	NaN	NaN	NaN
258407806738	NaN	NaN	NaN	NaN	NaN	NaN
258407815072	NaN	NaN	NaN	NaN	NaN	NaN
258407823404	NaN	NaN	NaN	NaN	NaN	NaN
258407831742	NaN	NaN	NaN	NaN	NaN	NaN
258407840075	NaN	NaN	NaN	NaN	NaN	NaN
258407848337	NaN	NaN	NaN	NaN	NaN	NaN
258407856600	NaN	NaN	NaN	NaN	NaN	NaN
258407864933	NaN	NaN	NaN	NaN	NaN	NaN
258407873266	NaN	NaN	NaN	NaN	NaN	NaN
258407881599	NaN	NaN	NaN	NaN	NaN	NaN
258407889933	NaN	NaN	NaN	NaN	NaN	NaN
258407898266	NaN	NaN	NaN	NaN	NaN	NaN
258407906598	NaN	NaN	NaN	NaN	NaN	NaN
258407914932	NaN	NaN	NaN	NaN	NaN	NaN
258407923265	NaN	NaN	NaN	NaN	NaN	NaN
258407931599	NaN	NaN	NaN	NaN	NaN	NaN
258407939977	NaN	NaN	NaN	NaN	NaN	NaN
258407948355	NaN	NaN	NaN	NaN	NaN	NaN
258407956735	NaN	NaN	NaN	NaN	NaN	NaN
258407965068	NaN	NaN	NaN	NaN	NaN	NaN
258407973410	NaN	NaN	NaN	NaN	NaN	NaN
258407981742	NaN	NaN	NaN	NaN	NaN	NaN
258407990075	NaN	NaN	NaN	NaN	NaN	NaN
258407998409	NaN	NaN	NaN	NaN	NaN	NaN
258408006742	NaN	NaN	NaN	NaN	NaN	NaN
258408015076	NaN	NaN	NaN	NaN	NaN	NaN
258408023409	NaN	NaN	NaN	NaN	NaN	NaN
258408031743	NaN	NaN	1360.52	1622.25	NaN	1.9877
258408040076	NaN	NaN	NaN	NaN	NaN	NaN
258408048409	NaN	NaN	1188.77	1103.54	NaN	3.5054
258408056742	NaN	NaN	1278.96	1001.88	NaN	3.8790
258408065074	NaN	NaN	1295.42	918.05	NaN	4.0213
258408073408	NaN	NaN	1274.99	878.41	NaN	4.0927
258408081741	NaN	NaN	1295.07	836.17	NaN	4.1600
258408090075	NaN	NaN	1286.72	842.42	NaN	4.1755
258408098412	NaN	NaN	1288.18	875.39	NaN	4.1255
258408106745	NaN	NaN	1292.10	869.51	NaN	4.1031
258408115079	NaN	NaN	1283.57	862.35	NaN	4.1140
258408123412	NaN	NaN	1289.05	862.66	NaN	4.1038
258408131746	NaN	NaN	1282.27	864.06	NaN	4.1267
258408140078	NaN	NaN	1274.16	862.42	NaN	4.1110
258408148411	NaN	NaN	1267.82	862.52	NaN	4.1040
258408156744	NaN	NaN	1284.13	868.25	NaN	4.1016
258408165078	NaN	NaN	1287.67	856.62	NaN	4.1051
258408173411	NaN	NaN	1284.86	862.18	NaN	4.1192
258408181744	NaN	NaN	1300.03	818.00	NaN	4.1148
258408190078	NaN	NaN	1309.70	813.68	NaN	4.1153
258408198411	NaN	NaN	1304.63	803.48	NaN	4.1078
258408206744	NaN	NaN	1302.67	801.89	NaN	4.0997
258408215078	NaN	NaN	1313.08	802.54	NaN	4.1061
258408223410	NaN	NaN	1305.96	797.41	NaN	4.0905
258408231749	NaN	NaN	1297.76	809.52	NaN	4.0812
258408240083	NaN	NaN	1293.32	793.02	NaN	4.0544
258408248416	NaN	NaN	1283.48	813.27	NaN	4.0844
258408256749	NaN	NaN	1294.65	812.40	NaN	4.0410
258408265083	NaN	NaN	1309.22	813.23	NaN	4.0566
258408273416	NaN	NaN	1311.86	798.41	NaN	4.0321
258408281748	NaN	NaN	1308.51	804.49	NaN	4.0130
258408290081	NaN	NaN	1307.26	820.59	NaN	4.0159
258408298415	NaN	NaN	1300.13	809.86	NaN	3.9973
258408306748	NaN	NaN	1303.73	811.92	NaN	3.9543
258408315082	NaN	NaN	1299.00	816.69	NaN	3.9650
258408323415	NaN	NaN	1296.14	812.63	NaN	3.9569
258408331748	NaN	NaN	1297.53	809.79	NaN	3.8895
258408340081	NaN	NaN	1294.48	820.03	NaN	3.8715
258408348414	NaN	NaN	1301.98	814.95	NaN	3.8646
258408356747	NaN	NaN	1299.42	800.65	NaN	3.8246
258408365084	NaN	NaN	1296.24	816.23	NaN	3.8062
258408373417	NaN	NaN	1297.53	795.71	NaN	3.7769
258408381751	NaN	NaN	1304.93	780.28	NaN	3.7405
258408390084	NaN	NaN	1308.28	783.15	NaN	3.7402
258408398418	NaN	NaN	1317.42	776.68	NaN	3.7096
258408406751	NaN	NaN	1313.80	792.83	NaN	3.6905
258408415084	NaN	NaN	1308.73	782.78	NaN	3.6704
258408423417	NaN	NaN	1318.99	798.31	NaN	3.6565
258408431750	NaN	NaN	1308.02	775.36	NaN	3.6263
258408440084	NaN	NaN	1302.67	790.04	NaN	3.6069
258408448417	NaN	NaN	1306.82	782.78	NaN	3.5750
258408456750	NaN	NaN	1311.01	793.23	NaN	3.5854
258408465083	NaN	NaN	1315.87	789.60	NaN	3.5595
258408473416	NaN	NaN	1310.47	799.79	NaN	3.5760
258408481750	NaN	NaN	1304.66	774.76	NaN	3.5316
258408490086	NaN	NaN	1311.48	785.84	NaN	3.5125
258408498418	NaN	NaN	1309.51	781.82	NaN	3.5101
258408506752	NaN	NaN	1305.15	774.50	NaN	3.4552
258408515086	NaN	NaN	1314.03	785.42	NaN	3.5038
258408523419	NaN	NaN	1312.52	783.59	NaN	3.5128
258408531752	NaN	NaN	1298.92	785.78	NaN	3.4760
258408540086	NaN	NaN	1303.34	781.32	NaN	3.4452
258408548418	NaN	NaN	1303.73	785.91	NaN	3.4458
258408556752	NaN	NaN	1305.28	785.10	NaN	3.4005
258408565086	NaN	NaN	1300.41	803.90	NaN	3.4581
258408573417	NaN	NaN	1307.30	793.82	NaN	3.4464
258408581751	NaN	NaN	1297.23	776.27	NaN	3.4009
258408590085	NaN	NaN	1295.19	758.62	NaN	3.3537
258408598418	NaN	NaN	1291.27	769.47	NaN	3.3795
258408606751	NaN	NaN	1289.37	772.70	NaN	3.4091
258408615084	NaN	NaN	1281.90	755.84	NaN	3.3655
258408623424	NaN	NaN	1293.44	751.39	NaN	3.3389
258408631757	NaN	NaN	1296.29	775.77	NaN	3.3527
258408640090	NaN	NaN	1292.35	760.72	NaN	3.3311
258408648424	NaN	NaN	1293.17	767.85	NaN	3.3378
258408656756	NaN	NaN	1298.44	774.41	NaN	3.3352
258408665089	NaN	NaN	1292.55	771.69	NaN	3.3442
258408673423	NaN	NaN	1298.82	774.24	NaN	3.3554
258408681756	NaN	NaN	1287.36	755.13	NaN	3.3076
258408690089	NaN	NaN	1296.48	774.04	NaN	3.3400
258408698423	NaN	NaN	1280.72	766.65	NaN	3.3080
258408706756	NaN	NaN	1290.73	757.06	NaN	3.3508
258408715089	NaN	NaN	1283.54	750.35	NaN	3.3133
258408723422	NaN	NaN	1288.28	771.37	NaN	3.3173
258408731755	NaN	NaN	1287.37	764.82	NaN	3.2972
258408740088	NaN	NaN	1298.35	762.24	NaN	3.2837
258408748421	NaN	NaN	1274.90	747.77	NaN	3.2845
258408756761	NaN	NaN	1280.19	757.49	NaN	3.3133
258408765094	NaN	NaN	1275.50	772.44	NaN	3.2987
258408773428	NaN	NaN	1283.94	760.11	NaN	3.2845
258408781760	NaN	NaN	1276.92	766.67	NaN	3.3269
258408790093	NaN	NaN	1279.26	758.93	NaN	3.3312
258408798426	NaN	NaN	1279.62	774.00	NaN	3.2998
258408806760	NaN	NaN	1278.81	762.29	NaN	3.3319
258408815093	NaN	NaN	1276.76	758.29	NaN	3.3623
258408823426	NaN	NaN	1277.41	753.03	NaN	3.3091
258408831760	NaN	NaN	1278.92	758.74	NaN	3.3050
258408840093	NaN	NaN	1276.75	755.42	NaN	3.3058
258408848426	NaN	NaN	1273.02	755.62	NaN	3.3259
258408856760	NaN	NaN	1279.47	748.77	NaN	3.3268
258408865092	NaN	NaN	1286.77	771.41	NaN	3.3387
258408873425	NaN	NaN	1289.28	756.64	NaN	3.3470
258408881759	NaN	NaN	1287.59	750.01	NaN	3.3446
258408890097	NaN	NaN	1285.90	758.16	NaN	3.3634
258408898431	NaN	NaN	1282.93	768.93	NaN	3.3871
258408906764	NaN	NaN	1270.61	752.98	NaN	3.3709
258408915097	NaN	NaN	1270.21	753.84	NaN	3.3898
258408923431	NaN	NaN	1269.72	757.56	NaN	3.3982
258408931764	NaN	NaN	1264.71	755.41	NaN	3.3766
258408940097	NaN	NaN	1266.14	748.97	NaN	3.3747
258408948429	NaN	NaN	1261.49	748.01	NaN	3.4201
258408956763	NaN	NaN	1271.16	768.36	NaN	3.4385
258408965096	NaN	NaN	1264.95	769.26	NaN	3.4276
258408973429	NaN	NaN	1269.67	763.13	NaN	3.4549
258408981763	NaN	NaN	1275.50	751.48	NaN	3.4426
258408990096	NaN	NaN	1267.92	734.78	NaN	3.4207
258408998429	NaN	NaN	1267.86	764.16	NaN	3.4787
258409006763	NaN	NaN	1267.91	769.68	NaN	3.4884
258409015099	NaN	NaN	1269.25	754.84	NaN	3.4783
258409023432	NaN	NaN	1270.73	757.55	NaN	3.5083
258409031764	NaN	NaN	1276.94	757.76	NaN	3.5302
258409040098	NaN	NaN	1272.38	760.24	NaN	3.5106
258409048432	NaN	NaN	1255.61	785.64	NaN	3.5828
258409056764	NaN	NaN	1260.97	776.57	NaN	3.5625
258409065098	NaN	NaN	1259.97	768.21	NaN	3.5369
258409073432	NaN	NaN	1262.55	775.93	NaN	3.5812
258409081764	NaN	NaN	1257.11	781.75	NaN	3.6035
258409090098	NaN	NaN	1256.47	776.13	NaN	3.6068
258409098431	NaN	NaN	1266.38	784.42	NaN	3.6430
258409106764	NaN	NaN	1255.13	771.08	NaN	3.6150
258409115097	NaN	NaN	1257.75	772.33	NaN	3.6471
258409123430	NaN	NaN	1261.69	756.94	NaN	3.6497
258409131763	NaN	NaN	1265.04	769.91	NaN	3.6831
258409140096	NaN	NaN	1266.33	756.44	NaN	3.6681
258409148437	NaN	NaN	1267.68	762.51	NaN	3.6961
258409156770	NaN	NaN	1273.93	765.44	NaN	3.7041
258409165103	NaN	NaN	1272.59	777.66	NaN	3.7228
258409173436	NaN	NaN	1277.62	774.28	NaN	3.7178
258409181770	NaN	NaN	1275.73	783.96	NaN	3.7574
258409190103	NaN	NaN	1263.23	799.21	NaN	3.7507
258409198436	NaN	NaN	1242.78	788.61	NaN	3.8174
258409206770	NaN	NaN	1240.51	1006.85	NaN	3.4561
258409215102	NaN	NaN	1088.34	1429.83	NaN	2.2669
258409223435	NaN	NaN	NaN	NaN	NaN	NaN
258409231768	NaN	NaN	NaN	NaN	NaN	NaN
258409240102	NaN	NaN	NaN	NaN	NaN	NaN
258409248435	NaN	NaN	NaN	NaN	NaN	NaN
258409256768	NaN	NaN	NaN	NaN	NaN	NaN
258409265102	NaN	NaN	NaN	NaN	NaN	NaN
258409273435	NaN	NaN	NaN	NaN	NaN	NaN
258409281772	NaN	NaN	NaN	NaN	NaN	NaN
258409290105	NaN	NaN	NaN	NaN	NaN	NaN
258409298438	NaN	NaN	NaN	NaN	NaN	NaN
258409306771	NaN	NaN	NaN	NaN	NaN	NaN
258409315105	NaN	NaN	NaN	NaN	NaN	NaN
258409323438	NaN	NaN	NaN	NaN	NaN	NaN
258409331772	NaN	NaN	NaN	NaN	NaN	NaN
258409340105	NaN	NaN	NaN	NaN	NaN	NaN
258409348438	NaN	NaN	NaN	NaN	NaN	NaN
258409356771	NaN	NaN	NaN	NaN	NaN	NaN
258409365105	NaN	NaN	NaN	NaN	NaN	NaN
258409373437	NaN	NaN	NaN	NaN	NaN	NaN
258409381770	NaN	NaN	NaN	NaN	NaN	NaN
258409390104	NaN	NaN	NaN	NaN	NaN	NaN
258409398437	NaN	NaN	NaN	NaN	NaN	NaN
258409406771	NaN	NaN	NaN	NaN	NaN	NaN
258409415107	NaN	NaN	957.39	1187.41	NaN	2.9073
258409423440	NaN	NaN	1102.45	1140.49	NaN	3.1953
258409431773	NaN	NaN	1280.82	1052.98	NaN	3.5835
258409440107	NaN	NaN	1296.66	978.19	NaN	3.7111
258409448439	NaN	NaN	1291.19	874.43	NaN	3.8958
258409456772	NaN	NaN	1290.39	798.35	NaN	3.9710
258409465106	NaN	NaN	1295.22	745.55	NaN	4.0655
258409473439	NaN	NaN	1289.26	720.48	NaN	4.1192
258409481773	NaN	NaN	1281.83	750.39	NaN	4.0727
258409490106	NaN	NaN	1277.65	780.92	NaN	4.0452
258409498439	NaN	NaN	1273.42	772.66	NaN	4.0435
258409506772	NaN	NaN	1276.36	780.52	NaN	4.1083
258409515105	NaN	NaN	1287.85	758.53	NaN	4.0706
258409523439	NaN	NaN	1281.54	766.37	NaN	4.1104
258409531771	NaN	NaN	1288.75	746.99	NaN	4.0883
258409540109	NaN	NaN	1296.48	766.53	NaN	4.1013
258409548443	NaN	NaN	1287.86	779.16	NaN	4.1160
258409556777	NaN	NaN	1287.93	763.97	NaN	4.1212
258409565110	NaN	NaN	1292.64	753.76	NaN	4.1307
258409573443	NaN	NaN	1291.44	746.51	NaN	4.1328
258409581776	NaN	NaN	1282.72	748.95	NaN	4.1403
258409590109	NaN	NaN	1273.83	759.39	NaN	4.1423
258409598443	NaN	NaN	1273.76	763.84	NaN	4.1604
258409606775	NaN	NaN	1282.18	751.41	NaN	4.1426
258409615108	NaN	NaN	1278.77	748.75	NaN	4.1645
258409623442	NaN	NaN	1288.72	745.76	NaN	4.1506
258409631775	NaN	NaN	1289.66	761.34	NaN	4.1818
258409640109	NaN	NaN	1295.53	748.20	NaN	4.1882
258409648442	NaN	NaN	1301.33	752.81	NaN	4.1790
258409656776	NaN	NaN	1300.10	753.95	NaN	4.1832
258409665108	NaN	NaN	1299.32	765.11	NaN	4.2012
258409673448	NaN	NaN	1299.41	765.75	NaN	4.2034
258409681781	NaN	NaN	1300.17	760.30	NaN	4.1999
258409690113	NaN	NaN	1295.44	769.12	NaN	4.2090
258409698447	NaN	NaN	1298.04	772.72	NaN	4.2180
258409706780	NaN	NaN	1302.23	766.16	NaN	4.2090
258409715113	NaN	NaN	1302.56	771.71	NaN	4.2101
258409723447	NaN	NaN	1299.37	773.59	NaN	4.2275
258409731781	NaN	NaN	1308.94	763.77	NaN	4.2244
258409740114	NaN	NaN	1306.54	778.83	NaN	4.2289
258409748447	NaN	NaN	1310.59	765.95	NaN	4.2053
258409756780	NaN	NaN	1309.14	772.51	NaN	4.2458
258409765112	NaN	NaN	1316.71	763.13	NaN	4.2355
258409773446	NaN	NaN	1313.99	764.94	NaN	4.2173
258409781779	NaN	NaN	1320.29	763.59	NaN	4.2177
258409790112	NaN	NaN	1319.97	759.75	NaN	4.2239
258409798446	NaN	NaN	1321.23	774.25	NaN	4.2193
258409806784	NaN	NaN	1310.71	778.51	NaN	4.2410
258409815118	NaN	NaN	1311.86	758.08	NaN	4.2035
258409823450	NaN	NaN	1324.41	758.53	NaN	4.2076
258409831783	NaN	NaN	1314.06	768.23	NaN	4.2185
258409840116	NaN	NaN	1314.34	756.35	NaN	4.1922
258409848450	NaN	NaN	1311.28	761.21	NaN	4.2249
258409856783	NaN	NaN	1307.23	759.76	NaN	4.2033
258409865116	NaN	NaN	1308.90	764.09	NaN	4.1780
258409873450	NaN	NaN	1308.19	775.65	NaN	4.2002
258409881783	NaN	NaN	1305.10	764.22	NaN	4.1811
258409890117	NaN	NaN	1301.72	768.92	NaN	4.1900
258409898450	NaN	NaN	1310.85	765.79	NaN	4.2043
258409906782	NaN	NaN	1312.38	764.97	NaN	4.1740
258409915115	NaN	NaN	1308.18	760.25	NaN	4.1861
258409923449	NaN	NaN	1317.71	762.06	NaN	4.1810
258409931784	NaN	NaN	1315.53	778.30	NaN	4.1889
258409940117	NaN	NaN	1313.50	777.59	NaN	4.1829
258409948450	NaN	NaN	1312.22	768.42	NaN	4.1608
258409956783	NaN	NaN	1327.55	768.39	NaN	4.1353
258409965116	NaN	NaN	1332.00	752.62	NaN	4.1007
258409973450	NaN	NaN	1328.25	763.05	NaN	4.1202
258409981783	NaN	NaN	1321.97	777.26	NaN	4.1474
258409990116	NaN	NaN	1330.50	780.35	NaN	4.1001
258409998449	NaN	NaN	1326.33	771.52	NaN	4.1280
258410006782	NaN	NaN	1327.15	765.01	NaN	4.1092
258410015115	NaN	NaN	1328.69	766.41	NaN	4.0958
258410023448	NaN	NaN	1317.94	774.36	NaN	4.0939
258410031782	NaN	NaN	1315.13	791.20	NaN	4.0989
258410040115	NaN	NaN	1317.33	773.31	NaN	4.0983
258410048448	NaN	NaN	1322.26	763.81	NaN	4.0688
258410056782	NaN	NaN	1325.03	763.35	NaN	4.0569
258410065123	NaN	NaN	1319.43	761.15	NaN	4.0684
258410073455	NaN	NaN	1316.86	771.24	NaN	4.0708
258410081788	NaN	NaN	1320.99	765.16	NaN	4.0479
258410090121	NaN	NaN	1321.16	775.35	NaN	4.0265
258410098454	NaN	NaN	1327.89	776.92	NaN	4.0452
258410106788	NaN	NaN	1319.50	786.12	NaN	4.0424
258410115122	NaN	NaN	1314.76	792.09	NaN	4.0479
258410123454	NaN	NaN	1323.75	774.93	NaN	4.0137
258410131788	NaN	NaN	1329.78	778.73	NaN	4.0325
258410140122	NaN	NaN	1325.43	778.14	NaN	4.0122
258410148455	NaN	NaN	1324.82	765.43	NaN	4.0038
258410156788	NaN	NaN	1322.18	772.78	NaN	3.9930
258410165121	NaN	NaN	1325.25	783.46	NaN	3.9855
258410173453	NaN	NaN	1330.63	787.19	NaN	3.9866
258410181787	NaN	NaN	1331.77	785.11	NaN	3.9742
258410190120	NaN	NaN	1328.33	775.04	NaN	3.9413
258410198459	NaN	NaN	1325.72	782.33	NaN	3.9698
258410206792	NaN	NaN	1329.63	769.37	NaN	3.9550
258410215125	NaN	NaN	1334.61	772.19	NaN	3.9585
258410223459	NaN	NaN	1331.59	785.26	NaN	3.9672
258410231792	NaN	NaN	1334.62	788.03	NaN	3.9624
258410240125	NaN	NaN	1328.81	776.90	NaN	3.9301
258410248457	NaN	NaN	1325.44	776.93	NaN	3.9436
258410256791	NaN	NaN	1319.53	767.87	NaN	3.9105
258410265124	NaN	NaN	1318.20	787.85	NaN	3.9431
258410273457	NaN	NaN	1317.72	788.89	NaN	3.9161
258410281791	NaN	NaN	1310.02	795.68	NaN	3.9347
258410290124	NaN	NaN	1305.84	797.68	NaN	3.9162
258410298458	NaN	NaN	1301.29	801.15	NaN	3.9049
258410306791	NaN	NaN	1303.89	803.41	NaN	3.9073
258410315124	NaN	NaN	1301.95	807.59	NaN	3.9057
258410323456	NaN	NaN	1304.11	814.71	NaN	3.9222
258410331794	NaN	NaN	1301.60	825.14	NaN	3.9240
258410340127	NaN	NaN	1301.46	818.74	NaN	3.8961
258410348460	NaN	NaN	1305.68	820.58	NaN	3.9053
258410356794	NaN	NaN	1306.58	820.59	NaN	3.9062
258410365127	NaN	NaN	1301.57	819.71	NaN	3.8901
258410373460	NaN	NaN	1300.33	823.19	NaN	3.9035
258410381794	NaN	NaN	1308.41	824.37	NaN	3.9173
258410390127	NaN	NaN	1298.65	810.05	NaN	3.8887
258410398459	NaN	NaN	1304.73	808.82	NaN	3.9079
258410406793	NaN	NaN	1304.42	807.08	NaN	3.8963
258410415126	NaN	NaN	1307.80	794.95	NaN	3.8873
258410423460	NaN	NaN	1303.03	806.91	NaN	3.8986
258410431793	NaN	NaN	1310.91	794.73	NaN	3.8965
258410440126	NaN	NaN	1309.82	807.31	NaN	3.9281
258410448459	NaN	NaN	1306.35	795.87	NaN	3.8842
258410456798	NaN	NaN	1301.88	804.26	NaN	3.9092
258410465131	NaN	NaN	1296.70	807.52	NaN	3.9059
258410473464	NaN	NaN	1303.10	806.34	NaN	3.8948
258410481797	NaN	NaN	1303.56	824.13	NaN	3.9084
258410490130	NaN	NaN	1319.15	825.92	NaN	3.9206
258410498463	NaN	NaN	1327.26	808.55	NaN	3.9033
258410506797	NaN	NaN	1318.74	799.93	NaN	3.8796
258410515130	NaN	NaN	1318.82	796.69	NaN	3.9138
258410523463	NaN	NaN	1323.20	804.71	NaN	3.9228
258410531796	NaN	NaN	1324.26	802.34	NaN	3.9210
258410540130	NaN	NaN	1320.33	799.92	NaN	3.9184
258410548464	NaN	NaN	1315.22	791.07	NaN	3.9377
258410556795	NaN	NaN	1310.46	780.24	NaN	3.9374
258410565129	NaN	NaN	1304.88	785.32	NaN	3.9440
258410573462	NaN	NaN	1317.06	796.69	NaN	3.9406
258410581795	NaN	NaN	1311.62	792.21	NaN	3.9398
258410590134	NaN	NaN	1311.80	813.49	NaN	3.9569
258410598468	NaN	NaN	1308.90	799.75	NaN	3.9524
258410606801	NaN	NaN	1309.53	781.11	NaN	3.9489
258410615134	NaN	NaN	1309.22	781.51	NaN	3.9597
258410623467	NaN	NaN	1303.21	786.28	NaN	3.9698
258410631801	NaN	NaN	1305.73	791.34	NaN	3.9674
258410640133	NaN	NaN	1301.81	800.68	NaN	3.9783
258410648467	NaN	NaN	1305.83	799.90	NaN	3.9852
258410656799	NaN	NaN	1310.71	796.57	NaN	3.9890
258410665133	NaN	NaN	1309.74	795.82	NaN	4.0024
258410673467	NaN	NaN	1313.82	789.76	NaN	4.0121
258410681799	NaN	NaN	1306.59	790.32	NaN	4.0031
258410690133	NaN	NaN	1311.76	787.64	NaN	4.0104
258410698466	NaN	NaN	1315.36	780.91	NaN	4.0050
258410706799	NaN	NaN	1315.75	785.45	NaN	4.0234
258410715133	NaN	NaN	1308.52	773.98	NaN	4.0342
258410723471	NaN	NaN	1313.51	760.90	NaN	4.0471
258410731804	NaN	NaN	1321.12	755.76	NaN	4.0381
258410740137	NaN	NaN	1310.81	776.35	NaN	4.0579
258410748470	NaN	NaN	1302.43	762.50	NaN	4.0537
258410756804	NaN	NaN	1310.33	754.49	NaN	4.0686
258410765137	NaN	NaN	1311.51	748.90	NaN	4.0478
258410773470	NaN	NaN	1312.58	741.33	NaN	4.0623
258410781804	NaN	NaN	1307.42	740.77	NaN	4.0681
258410790137	NaN	NaN	1313.57	733.59	NaN	4.0725
258410798470	NaN	NaN	1309.57	743.19	NaN	4.1042
258410806802	NaN	NaN	1306.98	743.56	NaN	4.0877
258410815136	NaN	NaN	1310.09	751.95	NaN	4.0940
258410823470	NaN	NaN	1321.73	751.07	NaN	4.0841
258410831802	NaN	NaN	1314.58	729.36	NaN	4.0771
258410840136	NaN	NaN	1310.33	732.49	NaN	4.0986
258410848469	NaN	NaN	1315.68	741.93	NaN	4.0878
258410856807	NaN	NaN	1310.36	736.88	NaN	4.1023
258410865141	NaN	NaN	1316.16	725.88	NaN	4.0753
258410873474	NaN	NaN	1308.46	731.43	NaN	4.0819
258410881807	NaN	NaN	1312.54	733.04	NaN	4.0952
258410890140	NaN	NaN	1306.41	739.28	NaN	4.1055
258410898473	NaN	NaN	1317.16	736.03	NaN	4.0876
258410906807	NaN	NaN	1309.99	742.65	NaN	4.0751
258410915140	NaN	NaN	1303.06	740.32	NaN	4.0770
258410923473	NaN	NaN	1305.66	762.70	NaN	4.1193
258410931806	NaN	NaN	1304.11	746.77	NaN	4.0970
258410940140	NaN	NaN	1305.50	739.97	NaN	4.1083
258410948473	NaN	NaN	1313.07	744.29	NaN	4.1028
258410956805	NaN	NaN	1304.59	744.41	NaN	4.0879
258410965139	NaN	NaN	1302.53	739.67	NaN	4.0819
258410973472	NaN	NaN	1293.74	743.55	NaN	4.1007
258410981806	NaN	NaN	1304.43	756.60	NaN	4.0981
258410990140	NaN	NaN	1292.43	748.16	NaN	4.0990
258410998473	NaN	NaN	1284.78	746.17	NaN	4.0813
258411006807	NaN	NaN	1295.25	768.17	NaN	4.1154
258411015140	NaN	NaN	1299.59	754.16	NaN	4.1150
258411023473	NaN	NaN	1289.98	761.05	NaN	4.1234
258411031807	NaN	NaN	1297.66	748.46	NaN	4.0908
258411040139	NaN	NaN	1300.20	747.94	NaN	4.0923
258411048472	NaN	NaN	1305.94	758.70	NaN	4.1146
258411056805	NaN	NaN	1301.46	752.29	NaN	4.1166
258411065138	NaN	NaN	1301.50	768.43	NaN	4.1378
258411073472	NaN	NaN	1294.97	758.46	NaN	4.0806
258411081805	NaN	NaN	1295.02	760.21	NaN	4.1002
258411090139	NaN	NaN	1298.25	750.75	NaN	4.1041
258411098472	NaN	NaN	1307.50	746.67	NaN	4.0953
258411106805	NaN	NaN	1300.19	735.62	NaN	4.1132
258411115145	NaN	NaN	1296.29	730.47	NaN	4.1025
258411123478	NaN	NaN	1299.03	749.75	NaN	4.1276
258411131812	NaN	NaN	1301.18	747.20	NaN	4.1187
258411140144	NaN	NaN	1309.03	759.61	NaN	4.1188
258411148478	NaN	NaN	1316.45	751.42	NaN	4.0928
258411156812	NaN	NaN	1306.97	754.21	NaN	4.1090
258411165144	NaN	NaN	1303.95	753.67	NaN	4.1107
258411173478	NaN	NaN	1284.74	754.33	NaN	4.1146
258411181811	NaN	NaN	1296.33	751.81	NaN	4.1069
258411190144	NaN	NaN	1288.34	745.00	NaN	4.1117
258411198477	NaN	NaN	1290.51	753.61	NaN	4.0956
258411206810	NaN	NaN	1292.19	753.27	NaN	4.0756
258411215144	NaN	NaN	1283.66	756.94	NaN	4.1050
258411223477	NaN	NaN	1297.23	765.71	NaN	4.0837
258411231810	NaN	NaN	1290.18	760.89	NaN	4.0768
258411240144	NaN	NaN	1297.03	784.76	NaN	4.0731
258411248483	NaN	NaN	1291.72	772.26	NaN	4.0691
258411256817	NaN	NaN	1291.63	770.65	NaN	4.0737
258411265149	NaN	NaN	1287.34	771.58	NaN	4.0591
258411273482	NaN	NaN	1290.20	775.19	NaN	4.0461
258411281816	NaN	NaN	1290.12	770.86	NaN	4.0575
258411290148	NaN	NaN	1296.56	767.71	NaN	4.0498
258411298482	NaN	NaN	1299.30	762.21	NaN	4.0324
258411306815	NaN	NaN	1299.62	758.89	NaN	4.0214
258411315148	NaN	NaN	1304.29	759.55	NaN	4.0376
258411323482	NaN	NaN	1298.48	759.64	NaN	4.0118
258411331815	NaN	NaN	1294.31	758.13	NaN	4.0286
258411340149	NaN	NaN	1297.35	754.07	NaN	4.0101
258411348482	NaN	NaN	1289.91	762.88	NaN	4.0266
258411356814	NaN	NaN	1294.64	756.96	NaN	4.0069
258411365148	NaN	NaN	1292.10	762.97	NaN	4.0142
258411373481	NaN	NaN	1300.98	761.73	NaN	4.0054
258411381814	NaN	NaN	1291.56	761.91	NaN	3.9972
258411390147	NaN	NaN	1295.32	772.10	NaN	3.9936
258411398481	NaN	NaN	1290.13	778.00	NaN	4.0003
258411406814	NaN	NaN	1284.19	785.37	NaN	4.0062
258411415147	NaN	NaN	1284.38	799.61	NaN	4.0111
258411423481	NaN	NaN	1278.87	770.13	NaN	4.0438
258411431813	NaN	NaN	1230.95	1056.33	NaN	3.5455
258411440146	NaN	NaN	1107.01	1552.27	NaN	2.2251
258411448480	NaN	NaN	NaN	NaN	NaN	NaN
258411456813	NaN	NaN	NaN	NaN	NaN	NaN
258411465146	NaN	NaN	NaN	NaN	NaN	NaN
258411473480	NaN	NaN	NaN	NaN	NaN	NaN
258411481813	NaN	NaN	NaN	NaN	NaN	NaN
258411490146	NaN	NaN	NaN	NaN	NaN	NaN
258411498480	NaN	NaN	NaN	NaN	NaN	NaN
258411506821	NaN	NaN	NaN	NaN	NaN	NaN
258411515154	NaN	NaN	NaN	NaN	NaN	NaN
258411523487	NaN	NaN	NaN	NaN	NaN	NaN
258411531820	NaN	NaN	NaN	NaN	NaN	NaN
258411540153	NaN	NaN	NaN	NaN	NaN	NaN
258411548487	NaN	NaN	NaN	NaN	NaN	NaN
258411556820	NaN	NaN	NaN	NaN	NaN	NaN
258411565154	NaN	NaN	NaN	NaN	NaN	NaN
258411573487	NaN	NaN	NaN	NaN	NaN	NaN
258411581820	NaN	NaN	1298.68	1068.89	NaN	3.5635
258411590153	NaN	NaN	1293.71	924.94	NaN	3.8495
258411598486	NaN	NaN	1289.61	819.43	NaN	4.0057
258411606819	NaN	NaN	1301.69	750.57	NaN	4.0554
258411615153	NaN	NaN	1293.46	786.20	NaN	4.0273
258411623485	NaN	NaN	1290.20	809.28	NaN	4.0073
258411631819	NaN	NaN	1286.08	803.35	NaN	4.0277
258411640159	NaN	NaN	1289.81	801.52	NaN	4.0348
258411648492	NaN	NaN	1296.25	800.89	NaN	4.0414
258411656825	NaN	NaN	1301.45	815.92	NaN	4.0779
258411665159	NaN	NaN	1286.01	784.80	NaN	4.0597
258411673491	NaN	NaN	1292.12	776.92	NaN	4.0768
258411681824	NaN	NaN	1298.94	772.65	NaN	4.0747
258411690158	NaN	NaN	1290.58	760.51	NaN	4.0934
258411698491	NaN	NaN	1287.54	763.93	NaN	4.0810
258411706824	NaN	NaN	1276.15	766.94	NaN	4.1041
258411715157	NaN	NaN	1289.22	754.13	NaN	4.0903
258411723491	NaN	NaN	1285.11	757.19	NaN	4.0948
258411731824	NaN	NaN	1293.95	755.70	NaN	4.0977
258411740158	NaN	NaN	1283.02	766.43	NaN	4.1113
258411748490	NaN	NaN	1288.23	762.08	NaN	4.1127
258411756823	NaN	NaN	1286.68	752.20	NaN	4.0970
258411765157	NaN	NaN	1283.39	758.57	NaN	4.1174
258411773493	NaN	NaN	1293.21	765.77	NaN	4.1581
258411781827	NaN	NaN	1294.74	741.73	NaN	4.0985
258411790160	NaN	NaN	1281.74	761.15	NaN	4.1541
258411798493	NaN	NaN	1283.80	754.19	NaN	4.1456
258411806827	NaN	NaN	1286.96	756.54	NaN	4.1519
258411815161	NaN	NaN	1288.17	765.20	NaN	4.1777
258411823494	NaN	NaN	1290.44	743.99	NaN	4.1598
258411831826	NaN	NaN	1292.78	753.92	NaN	4.1632
258411840159	NaN	NaN	1293.62	755.52	NaN	4.1731
258411848493	NaN	NaN	1304.75	760.28	NaN	4.1774
258411856826	NaN	NaN	1306.84	760.53	NaN	4.1798
258411865160	NaN	NaN	1300.91	775.62	NaN	4.2050
258411873492	NaN	NaN	1306.17	768.14	NaN	4.1851
258411881826	NaN	NaN	1291.71	770.14	NaN	4.2088
258411890160	NaN	NaN	1300.11	764.46	NaN	4.1829
258411898500	NaN	NaN	1295.91	771.29	NaN	4.2077
258411906833	NaN	NaN	1300.15	772.52	NaN	4.2187
258411915166	NaN	NaN	1300.67	768.33	NaN	4.2190
258411923499	NaN	NaN	1314.02	759.50	NaN	4.2108
258411931833	NaN	NaN	1312.17	766.25	NaN	4.2191
258411940166	NaN	NaN	1299.37	762.60	NaN	4.2111
258411948500	NaN	NaN	1305.55	745.36	NaN	4.2132
258411956833	NaN	NaN	1298.69	763.18	NaN	4.2461
258411965166	NaN	NaN	1295.59	748.07	NaN	4.2092
258411973500	NaN	NaN	1290.67	752.35	NaN	4.2310
258411981833	NaN	NaN	1290.79	755.78	NaN	4.2252
258411990165	NaN	NaN	1299.38	767.89	NaN	4.2353
258411998498	NaN	NaN	1355.45	756.85	NaN	4.2266
258412006832	NaN	NaN	1412.17	764.23	NaN	4.2484
258412015165	NaN	NaN	1450.17	760.86	NaN	4.2033
258412023498	NaN	NaN	1491.08	759.65	NaN	4.2182
258412031835	NaN	NaN	1524.57	747.48	NaN	4.2146
258412040168	NaN	NaN	1532.17	742.86	NaN	4.1853
258412048502	NaN	NaN	1528.96	758.21	NaN	4.2181
258412056835	NaN	NaN	1520.10	768.35	NaN	4.2419
258412065167	NaN	NaN	1529.04	763.47	NaN	4.2094
258412073501	NaN	NaN	1540.29	767.78	NaN	4.2086
258412081834	NaN	NaN	1535.99	771.92	NaN	4.2181
258412090167	NaN	NaN	1538.43	779.54	NaN	4.2297
258412098501	NaN	NaN	1534.75	771.18	NaN	4.2063
258412106834	NaN	NaN	1531.99	765.57	NaN	4.2091
258412115167	NaN	NaN	1524.32	769.09	NaN	4.2207
258412123500	NaN	NaN	1523.11	768.31	NaN	4.2138
258412131834	NaN	NaN	1519.76	757.09	NaN	4.1865
258412140167	NaN	NaN	1534.69	764.79	NaN	4.2241
258412148499	NaN	NaN	1534.20	761.16	NaN	4.2167
258412156833	NaN	NaN	1534.59	756.13	NaN	4.2071
258412165169	NaN	NaN	1545.98	753.24	NaN	4.1927
258412173503	NaN	NaN	1540.48	753.66	NaN	4.1749
258412181836	NaN	NaN	1539.89	752.69	NaN	4.1914
258412190169	NaN	NaN	1530.04	752.29	NaN	4.1740
258412198503	NaN	NaN	1529.22	751.16	NaN	4.2129
258412206835	NaN	NaN	1533.85	744.43	NaN	4.2035
258412215169	NaN	NaN	1531.31	754.90	NaN	4.1991
258412223502	NaN	NaN	1530.22	767.08	NaN	4.2054
258412231834	NaN	NaN	1516.62	760.79	NaN	4.2057
258412240168	NaN	NaN	1516.89	756.31	NaN	4.1865
258412248501	NaN	NaN	1517.98	756.82	NaN	4.1919
258412256835	NaN	NaN	1513.05	764.59	NaN	4.1978
258412265168	NaN	NaN	1513.61	752.11	NaN	4.1848
258412273501	NaN	NaN	1520.61	760.72	NaN	4.1844
258412281835	NaN	NaN	1527.76	764.02	NaN	4.2095
258412290168	NaN	NaN	1547.83	736.49	NaN	4.1770
258412298508	NaN	NaN	1635.90	738.91	NaN	4.2347
258412306840	NaN	NaN	1690.31	722.44	NaN	4.2187
258412315173	NaN	NaN	1779.82	720.61	NaN	4.2127
258412323504	1751.97	694.80	1820.91	707.80	4.1418	4.1982
258412331836	1860.10	689.73	1898.06	713.09	4.1182	4.2094
258412340170	1919.83	681.79	1968.70	708.53	4.1445	4.1962
258412348511	1997.99	689.22	2045.25	688.53	4.1595	4.1936
258412356843	2071.76	680.80	2113.48	685.63	4.1553	4.1714
258412365177	2137.08	673.26	2213.21	685.22	4.1488	4.1745
258412373510	2213.98	653.10	2271.35	700.74	4.1420	4.1483
258412381843	2255.95	655.51	2312.84	712.59	4.1451	4.1784
258412390176	2291.94	653.57	2324.88	712.36	4.1613	4.1795
258412398509	2284.41	663.24	2338.96	699.81	4.1846	4.1718
258412406843	2278.56	658.47	2327.89	703.45	4.1660	4.1891
258412415176	2274.50	655.86	2344.55	704.56	4.1773	4.1834
258412423513	2287.89	654.60	2338.32	707.59	4.1487	4.1477
258412431846	2288.10	658.71	2327.83	712.18	4.1503	4.1604
258412440180	2296.59	660.94	2321.56	715.77	4.1418	4.1856
258412448513	2292.19	665.40	2326.15	713.18	4.1513	4.1599
258412456847	2290.75	673.21	2317.71	698.95	4.1350	4.1523
258412465179	2280.04	671.78	2323.73	704.49	4.1293	4.1631
258412473512	2276.99	669.93	2321.19	710.60	4.1310	4.1739
258412481845	2279.59	673.16	2311.72	702.24	4.1240	4.1497
258412490179	2275.95	668.31	2315.16	694.44	4.1320	4.1698
258412498512	2275.12	671.70	2307.78	699.51	4.1406	4.1694
258412506845	2275.34	661.09	2307.54	701.52	4.1204	4.1584
258412515179	2276.15	665.27	2316.14	692.26	4.1011	4.1459
258412523512	2276.56	666.18	2311.10	695.33	4.1228	4.1564
258412531845	2282.03	668.64	2299.51	697.52	4.1104	4.1433
258412540178	2280.45	662.41	2302.71	695.45	4.0951	4.1527
258412548511	2274.85	664.83	2305.55	688.28	4.1161	4.1450
258412556851	2280.64	653.66	2299.47	685.22	4.1041	4.1444
258412565184	2269.24	662.13	2295.94	688.97	4.0985	4.1679
258412573517	2272.10	658.35	2299.01	682.26	4.0961	4.1763
258412581850	2278.74	666.16	2308.35	673.97	4.1070	4.1642
258412590184	2278.57	673.79	2298.80	672.57	4.0903	4.1535
258412598517	2269.37	663.69	2302.14	677.45	4.0958	4.1704
258412606850	2268.79	674.49	2308.77	675.07	4.1018	4.1631
258412615184	2271.18	678.43	2308.79	665.07	4.0895	4.1604
258412623516	2270.90	667.20	2309.84	659.86	4.0769	4.1597
258412631850	2277.29	671.47	2314.90	657.79	4.0678	4.1789
258412640183	2271.72	678.50	2311.05	658.96	4.0724	4.1525
258412648516	2279.60	668.45	2306.53	662.98	4.0747	4.1728
258412656849	2267.51	668.87	2296.90	660.77	4.0787	4.1601
258412665183	2264.63	674.81	2317.04	658.91	4.0717	4.1401
258412673516	2269.65	696.23	2316.08	676.24	4.0602	4.1543
258412681849	2164.85	625.04	2230.80	663.29	4.1032	4.1763
258412690185	2050.58	616.40	2155.61	633.38	4.1102	4.2140
258412698519	1942.87	593.20	2057.97	623.84	4.0597	4.1776
258412706851	1828.71	547.20	1924.25	591.66	4.0744	4.1965
258412715185	1738.61	507.82	1852.73	558.03	4.0247	4.1479
258412723518	1677.22	504.43	1759.87	563.85	4.0298	4.1967
258412731851	1673.87	503.26	1733.57	570.48	4.0469	4.2242
258412740184	1673.00	517.50	1727.58	580.52	4.0643	4.2285
258412748518	1686.97	491.55	1730.57	571.49	4.0401	4.2183
258412756852	1679.91	523.62	1734.98	557.26	4.0704	4.2143
258412765184	1686.34	512.43	1729.37	559.78	4.0237	4.2285
258412773518	1684.13	520.77	1733.70	520.57	4.0480	4.1214
258412781850	1683.98	493.14	1731.88	572.26	3.9968	4.1963
258412790183	1692.17	514.78	1729.56	557.83	4.0225	4.1929
258412798517	1707.13	497.36	1736.26	532.57	3.9717	4.0948
258412806850	1699.21	495.60	1742.89	541.44	3.9776	4.1307
258412815187	1707.64	529.15	1726.83	558.60	4.0044	4.1736
258412823521	1693.36	504.12	1742.55	549.67	3.9555	4.1190
258412831854	1705.08	498.56	1739.60	569.44	3.9579	4.1360
258412840188	1701.74	507.88	1741.98	564.24	3.9470	4.0957
258412848521	1683.87	543.41	1738.54	523.26	3.9974	4.0679
258412856854	1634.96	471.55	1702.21	484.12	3.9968	4.1138
258412865186	1617.30	419.76	1697.16	465.59	3.9115	4.1016
258412873520	1619.78	421.26	1684.15	470.19	3.9329	4.1302
258412881854	1603.09	412.61	1689.53	411.92	3.9174	4.0352
258412890186	1600.54	380.61	1684.57	371.21	3.9116	4.0522
258412898520	1564.43	363.30	1641.37	387.70	3.9207	4.0952
258412906853	1539.70	354.34	1611.80	358.59	3.9297	4.0476
258412915186	1493.67	356.61	1564.06	414.37	3.9145	4.1307
258412923520	1453.28	337.83	1512.35	411.99	3.9194	4.1237
258412931853	1406.80	339.72	1474.08	357.66	3.9267	4.0658
258412940185	1377.66	351.32	1445.91	338.33	3.9360	4.0350
258412948524	1333.15	337.31	1396.93	316.01	3.9025	4.0488
258412956857	1285.60	329.70	1348.24	345.98	3.8840	4.1003
258412965191	1241.69	309.28	1302.52	305.79	3.8791	4.0438
258412973524	1193.30	308.42	1249.43	328.11	3.8765	4.0704
258412981857	1144.15	290.15	1205.18	329.23	3.8808	4.0738
258412990190	1095.08	300.45	1136.41	304.99	3.8841	4.0474
258412998524	1053.03	293.79	1104.46	304.41	3.8811	4.0658
258413006857	1016.66	282.00	1074.19	305.20	3.8779	4.0792
258413015190	962.86	261.04	1001.84	285.17	3.8477	4.0509
258413023523	920.68	267.60	960.89	291.26	3.8679	4.0487
258413031856	842.77	260.33	886.50	282.90	3.8515	4.0331
258413040189	776.90	249.49	833.44	281.75	3.8750	4.0475
258413048523	711.49	245.70	771.38	281.57	3.8067	4.0332
258413056856	681.99	260.82	723.74	283.76	3.8393	4.0431
258413065189	615.48	254.55	689.58	281.29	3.8061	4.0618
258413073523	558.86	261.06	619.42	291.65	3.8222	4.0478
258413081862	498.31	228.81	558.57	276.29	3.8259	4.0626
258413090196	469.95	214.09	532.35	292.26	3.8344	4.0855
258413098528	439.46	213.87	480.13	274.25	3.8321	4.0983
258413106861	376.91	186.69	440.62	280.42	3.8425	4.0544
258413115195	338.41	161.22	389.89	257.98	3.7710	4.0732
258413123528	304.39	148.46	370.74	261.98	3.7962	4.0674
258413131861	257.75	160.54	335.79	252.15	3.8297	4.0457
258413140195	198.25	155.79	272.64	250.34	3.8405	4.0548
258413148528	184.60	151.72	272.72	245.92	3.8026	4.0500
258413156861	148.71	175.73	230.67	268.76	3.7794	4.0473
258413165194	150.45	164.42	208.82	269.97	3.7772	4.0485
258413173528	126.09	172.79	181.66	258.75	3.8557	4.0543
258413181860	81.45	161.65	150.61	257.12	3.7958	4.0620
258413190193	50.56	181.23	152.88	257.70	3.7495	4.0421
258413198527	29.98	187.28	139.21	268.07	3.8287	4.0329
258413206860	29.42	183.45	123.76	302.41	3.8351	4.0517
258413215198	-5.01	191.52	85.72	305.34	3.7996	4.0229
258413223531	6.77	181.48	86.58	319.17	3.7361	4.0446
258413231865	-39.22	238.55	93.41	316.04	3.8190	4.0397
258413240199	-20.06	202.81	66.63	329.41	3.8358	4.0423
258413248531	-15.23	219.56	97.11	330.76	3.8271	4.0445
258413256864	-25.54	246.71	101.39	303.19	3.8218	4.0295
258413265198	-1.71	221.72	94.76	315.83	3.7908	4.0089
258413273530	25.59	265.72	107.28	339.33	3.8368	4.0379
258413281864	42.19	250.41	121.84	347.08	3.8425	4.0558
258413290198	72.97	287.79	135.81	391.72	3.8652	4.0468
258413298531	133.70	336.43	188.03	404.35	3.9085	4.0590
258413306864	169.92	385.77	212.04	437.41	3.9231	4.0862
258413315197	225.69	438.52	248.11	451.01	3.9303	4.0865
258413323530	271.08	469.70	296.30	476.69	3.9586	4.1029
258413331864	321.70	501.01	338.99	487.10	3.9747	4.0774
258413340199	366.64	491.16	383.85	518.10	3.9348	4.0606
258413348532	386.19	524.69	401.93	529.44	3.9631	4.0586
258413356866	431.70	533.24	448.04	517.33	3.9896	4.0370
258413365199	466.48	542.84	500.06	534.05	3.9665	4.0296
258413373533	538.53	587.03	559.56	559.29	3.9787	4.0180
258413381866	579.81	583.34	629.74	580.01	3.9363	3.9893
258413390199	660.56	620.13	702.01	588.48	3.9738	3.9855
258413398533	740.41	663.06	797.62	641.97	3.9802	3.9716
258413406866	820.34	705.52	872.71	665.34	3.9857	3.9592
258413415199	888.06	707.11	929.69	673.12	3.9972	3.9424
258413423531	946.74	716.45	1009.99	706.65	3.9901	3.9887
258413431865	1018.13	728.36	1050.25	711.77	4.0094	3.9735
258413440199	1079.57	739.47	1099.10	729.66	4.0066	3.9435
258413448531	1120.30	753.86	1154.55	761.17	4.0416	3.9358
258413456865	1160.56	748.73	1170.49	774.41	4.0370	3.9635
258413465198	1194.46	748.85	1225.69	782.63	4.0307	3.9630
258413473535	1219.14	758.55	1243.25	775.41	4.0458	3.9445
258413481869	1247.73	759.97	1242.71	768.17	4.0386	3.9456
258413490202	1239.23	761.36	1245.56	776.24	4.0433	3.9220
258413498535	1246.54	749.29	1256.57	776.03	4.0439	3.9055
258413506868	1235.69	744.24	1265.17	778.20	4.0382	3.9244
258413515201	1233.70	727.09	1267.05	779.88	4.0275	3.9198
258413523535	1239.30	732.22	1269.80	787.28	4.0315	3.9477
258413531868	1242.58	731.90	1264.30	785.49	4.0105	3.9363
258413540201	1223.44	732.93	1275.02	787.23	4.0415	3.9327
258413548534	1229.88	731.73	1273.65	781.25	4.0284	3.9199
258413556868	1219.10	739.93	1274.08	769.86	4.0309	3.9083
258413565201	1229.15	738.74	1274.05	775.81	4.0444	3.9367
258413573533	1227.70	736.62	1280.04	776.68	4.0292	3.9121
258413581867	1235.69	747.55	1270.40	765.75	4.0428	3.9153
258413590200	1222.99	736.22	1265.37	777.91	4.0119	3.9304
258413598533	1224.84	745.95	1271.98	776.38	4.0079	3.9235
258413606875	1228.26	740.19	1273.90	764.87	4.0240	3.9124
258413615208	1216.44	738.05	1271.99	759.99	4.0090	3.9192
258413623542	1228.18	736.58	1265.74	758.11	4.0051	3.8951
258413631875	1220.50	738.87	1265.16	757.04	4.0053	3.9103
258413640208	1217.04	729.41	1265.87	747.11	4.0155	3.9014
258413648542	1220.50	741.86	1268.68	766.37	4.0168	3.9276
258413656874	1216.39	734.20	1269.29	763.08	4.0123	3.9359
258413665207	1223.06	740.41	1268.81	756.93	4.0269	3.9383
258413673540	1225.40	741.67	1276.42	766.13	4.0319	3.9515
258413681874	1217.96	732.44	1271.04	760.27	4.0252	3.9494
258413690207	1220.91	733.27	1270.42	744.54	4.0062	3.9271
258413698540	1226.18	732.08	1276.80	750.15	4.0342	3.9489
258413706874	1237.55	749.08	1305.72	749.81	4.0398	3.9456
258413715207	1236.92	739.86	1298.16	755.43	4.0259	3.9551
258413723540	1236.58	747.99	1286.70	752.01	4.0509	3.9592
258413731873	1234.06	735.21	1302.09	752.63	4.0326	3.9550
258413740210	1246.62	745.27	1297.11	758.57	4.0234	3.9513
258413748544	1244.43	750.03	1300.91	751.67	4.0469	3.9596
258413756877	1255.13	756.50	1301.40	765.66	4.0493	3.9755
258413765210	1239.70	757.87	1308.81	756.95	4.0480	3.9639
258413773544	1240.03	750.82	1307.04	764.17	4.0369	3.9894
258413781877	1250.20	748.21	1302.68	757.62	4.0623	3.9992
258413790210	1245.17	755.57	1304.41	758.08	4.0619	3.9938
258413798543	1251.07	748.47	1297.99	750.26	4.0721	3.9927
258413806876	1248.99	750.11	1312.25	752.44	4.0656	3.9973
258413815209	1245.81	748.04	1312.47	747.23	4.0956	4.0073
258413823542	1240.71	742.77	1310.87	757.75	4.0683	3.9926
258413831876	1244.75	745.40	1320.18	751.32	4.0837	3.9955
258413840209	1253.86	747.67	1308.37	763.01	4.0853	4.0218
258413848542	1251.43	748.77	1309.08	751.42	4.0825	4.0150
258413856876	1248.24	748.27	1299.27	773.48	4.0854	4.0409
258413865216	1250.19	747.11	1305.82	771.16	4.0869	4.0524
258413873550	1248.32	748.40	1309.05	757.86	4.0873	4.0503
258413881882	1252.56	749.87	1309.40	753.51	4.0819	4.0430
258413890215	1251.56	748.21	1293.10	755.03	4.0914	4.0614
258413898549	1250.60	746.09	1303.61	754.72	4.0962	4.0507
258413906881	1247.78	755.33	1305.35	768.88	4.1102	4.0699
258413915215	1246.50	753.60	1304.28	758.13	4.1104	4.0593
258413923548	1250.49	756.99	1290.73	773.91	4.1153	4.1037
258413931881	1245.92	767.86	1296.83	766.45	4.1100	4.0697
258413940215	1249.70	763.31	1293.47	773.25	4.1407	4.1080
258413948548	1251.64	760.84	1303.85	764.65	4.1172	4.0879
258413956882	1259.91	754.91	1306.57	767.07	4.0911	4.1152
258413965215	1243.17	753.78	1300.60	778.08	4.1218	4.1231
258413973547	1252.86	759.82	1299.02	759.59	4.1233	4.0978
258413981881	1257.45	749.06	1298.17	765.62	4.1098	4.1238
258413990214	1253.18	750.36	1303.06	771.96	4.1205	4.1295
258413998554	1251.71	766.96	1317.69	773.05	4.1655	4.1196
258414006886	1258.22	758.67	1299.24	773.32	4.1465	4.1289
258414015220	1257.70	755.77	1304.72	769.67	4.1116	4.1368
258414023554	1259.45	760.31	1302.50	767.43	4.1389	4.1147
258414031886	1253.80	768.10	1299.48	769.54	4.1219	4.1321
258414040220	1244.44	770.49	1307.91	762.57	4.1499	4.1310
258414048552	1251.72	762.00	1295.67	775.77	4.1223	4.1594
258414056885	1260.41	760.24	1306.23	768.03	4.1172	4.1441
258414065219	1257.23	766.17	1304.68	771.31	4.1374	4.1535
258414073552	1247.87	754.09	1303.78	784.16	4.1174	4.1570
258414081886	1254.44	757.86	1301.69	762.86	4.1352	4.1425
258414090219	1246.14	753.65	1304.46	776.60	4.1279	4.1432
258414098552	1252.38	762.48	1293.29	782.02	4.1268	4.1667
258414106886	1252.66	765.73	1307.02	767.79	4.1474	4.1537
258414115219	1247.49	769.26	1306.93	761.06	4.1367	4.1154
258414123552	1261.47	773.88	1291.38	777.56	4.1298	4.1569
258414131885	1254.10	768.81	1298.27	768.50	4.1303	4.1492
258414140219	1252.84	764.60	1305.78	766.50	4.1390	4.1317
258414148552	1252.48	772.65	1303.99	768.18	4.1394	4.1566
258414156885	1254.43	756.29	1302.94	760.86	4.0936	4.1453
258414165219	1255.97	763.10	1298.17	767.71	4.1077	4.1442
258414173552	1253.75	776.47	1291.52	758.88	4.1151	4.1453
258414181885	1249.90	771.35	1297.51	764.20	4.1033	4.1470
258414190219	1252.74	762.12	1303.39	767.99	4.1262	4.1592
258414198552	1253.41	769.75	1293.72	768.41	4.0942	4.1477
258414206885	1251.85	753.05	1298.85	768.25	4.0767	4.1337
258414215218	1255.15	768.02	1301.74	756.98	4.0943	4.1531
258414223551	1250.60	764.75	1301.33	756.28	4.0863	4.1138
258414231885	1251.86	770.33	1306.06	766.20	4.0965	4.1268
258414240218	1243.32	762.00	1308.72	762.11	4.0684	4.1209
258414248551	1252.36	775.46	1319.17	759.26	4.0810	4.1016
258414256887	1254.50	776.64	1305.70	768.29	4.0745	4.1216
258414265221	1253.99	769.95	1302.89	765.83	4.0479	4.0979
258414273554	1250.92	766.18	1295.90	776.93	4.0575	4.0943
258414281887	1253.24	767.60	1305.43	791.56	4.0612	4.1009
258414290220	1258.87	762.91	1308.99	780.72	4.0480	4.0698
258414298553	1263.72	765.01	1301.42	780.53	4.0460	4.0912
258414306886	1252.16	745.38	1314.96	786.14	4.0470	4.1155
258414315220	1263.25	759.74	1311.52	777.30	4.0305	4.0668
258414323553	1264.13	760.25	1308.45	766.52	4.0381	4.0746
258414331887	1250.27	751.08	1302.55	771.39	4.0129	4.0724
258414340219	1253.26	763.37	1301.64	772.77	4.0044	4.0878
258414348553	1262.04	759.82	1307.65	760.33	4.0262	4.0285
258414356887	1257.06	758.95	1303.91	768.63	4.0248	4.0681
258414365218	1262.41	767.46	1306.82	754.71	4.0342	4.0622
258414373552	1257.82	758.07	1304.26	763.45	3.9946	4.0673
258414381885	1256.63	753.21	1312.41	768.64	4.0056	4.0665
258414390225	1263.89	757.20	1312.08	759.46	4.0170	4.0616
258414398559	1255.15	757.50	1306.96	773.86	4.0224	4.0737
258414406892	1261.37	754.67	1304.89	768.09	4.0061	4.0390
258414415226	1259.97	767.41	1305.91	775.15	4.0172	4.0492
258414423559	1262.65	763.37	1300.68	770.05	3.9981	4.0579
258414431892	1271.03	748.45	1310.17	764.01	4.0043	4.0371
258414440226	1255.70	740.67	1305.58	763.88	4.0007	4.0161
258414448558	1263.41	744.55	1296.31	777.67	4.0025	4.0443
258414456892	1261.07	735.64	1302.73	773.80	4.0031	4.0346
258414465224	1259.28	744.04	1295.94	782.13	4.0202	4.0697
258414473558	1256.37	756.12	1296.70	769.96	4.0154	4.0322
258414481892	1260.07	747.79	1295.95	781.20	4.0246	4.0496
258414490224	1263.10	743.72	1298.69	763.98	3.9858	4.0323
258414498558	1255.25	756.76	1297.00	764.89	3.9917	4.0426
258414506891	1261.39	749.25	1294.93	760.21	3.9916	4.0205
258414515224	1257.30	748.24	1291.09	762.31	3.9908	4.0414
258414523563	1258.16	761.88	1294.51	764.80	4.0031	4.0423
258414531895	1267.32	762.34	1298.48	763.90	4.0097	4.0325
258414540229	1263.50	754.30	1310.44	766.24	4.0005	4.0407
258414548562	1256.69	763.66	1315.45	756.24	4.0036	4.0385
258414556895	1259.43	754.08	1313.10	765.28	3.9898	4.0198
258414565229	1260.89	760.46	1309.37	772.05	4.0033	4.0374
258414573562	1243.99	750.18	1311.90	763.71	4.0118	4.0361
258414581895	1252.86	750.01	1299.62	766.37	3.9940	4.0416
258414590228	1262.32	745.79	1291.95	764.41	4.0118	4.0420
258414598562	1264.83	746.95	1299.54	754.76	4.0105	4.0295
258414606894	1244.66	739.19	1299.46	761.40	4.0170	4.0552
258414615227	1258.28	736.38	1291.41	745.46	4.0222	4.0268
258414623561	1252.52	737.55	1310.34	754.37	3.9983	4.0365
258414631894	1256.23	738.29	1302.69	756.77	4.0248	4.0316
258414640227	1256.67	744.06	1303.09	762.00	4.0257	4.0437
258414648564	1255.66	747.44	1299.01	746.58	4.0464	4.0439
258414656897	1255.89	749.31	1299.23	757.28	4.0228	4.0273
258414665231	1260.16	733.55	1287.15	768.38	4.0302	4.0556
258414673564	1258.04	738.14	1290.11	744.67	4.0201	4.0374
258414681897	1263.07	740.04	1291.16	755.05	4.0536	4.0427
258414690230	1252.57	736.01	1289.25	760.49	4.0336	4.0443
258414698563	1254.12	731.20	1279.38	759.18	4.0176	4.0333
258414706896	1255.52	727.69	1285.82	772.11	4.0539	4.0408
258414715229	1257.69	733.44	1293.39	775.55	4.0518	4.0560
258414723563	1252.22	741.13	1273.45	766.98	4.0678	4.0378
258414731896	1259.01	744.06	1282.74	773.63	4.0881	4.0614
258414740229	1282.52	737.94	1285.47	767.89	4.0710	4.0498
258414748563	1286.76	747.39	1274.28	785.31	4.1014	4.0794
258414756896	1325.20	774.53	1277.98	790.42	4.0876	4.1117
258414765228	1363.85	1042.90	1285.82	867.58	3.6826	4.0512
258414773562	NaN	NaN	1013.24	1304.44	NaN	2.8498
258414781900	NaN	NaN	NaN	NaN	NaN	NaN
258414790234	NaN	NaN	NaN	NaN	NaN	NaN
258414798566	NaN	NaN	NaN	NaN	NaN	NaN
258414806900	NaN	NaN	NaN	NaN	NaN	NaN
258414815234	NaN	NaN	NaN	NaN	NaN	NaN
258414823567	NaN	NaN	NaN	NaN	NaN	NaN
258414831900	NaN	NaN	NaN	NaN	NaN	NaN
258414840234	NaN	NaN	NaN	NaN	NaN	NaN
258414848566	NaN	NaN	NaN	NaN	NaN	NaN
258414856899	NaN	NaN	NaN	NaN	NaN	NaN
258414865233	NaN	NaN	NaN	NaN	NaN	NaN
258414873565	NaN	NaN	NaN	NaN	NaN	NaN
258414881899	NaN	NaN	NaN	NaN	NaN	NaN
258414890232	NaN	NaN	NaN	NaN	NaN	NaN
258414898565	NaN	NaN	NaN	NaN	NaN	NaN
258414906899	NaN	NaN	NaN	NaN	NaN	NaN
258414915239	NaN	NaN	NaN	NaN	NaN	NaN
258414923571	NaN	NaN	NaN	NaN	NaN	NaN
258414931904	NaN	NaN	NaN	NaN	NaN	NaN
258414940238	NaN	NaN	NaN	NaN	NaN	NaN
258414948570	NaN	NaN	NaN	NaN	NaN	NaN
258414956904	NaN	NaN	NaN	NaN	NaN	NaN
258414965237	NaN	NaN	1202.13	1466.92	NaN	2.2105
258414973570	NaN	NaN	1058.36	1139.82	NaN	3.1189
258414981904	NaN	NaN	1331.73	1069.53	NaN	3.7355
258414990238	NaN	NaN	1298.83	964.43	NaN	3.8535
258414998571	NaN	NaN	1295.34	857.52	NaN	4.0562
258415006903	1591.96	1171.19	1305.38	763.67	2.7444	4.1967
258415015237	1490.83	1047.95	1308.06	717.28	3.1894	4.2378
258415023570	1337.78	1014.59	1295.95	787.22	3.5351	4.1682
258415031903	1330.29	912.01	1296.53	771.91	3.7379	4.1488
258415040236	1251.11	858.66	1301.96	786.52	3.9542	4.1916
258415048573	1258.45	783.94	1284.67	777.25	4.1036	4.1786
258415056907	1249.13	756.80	1294.63	786.02	4.1507	4.2146
258415065240	1244.06	714.84	1295.16	774.50	4.2090	4.1868
258415073574	1244.38	717.13	1289.13	775.54	4.1950	4.2058
258415081906	1233.15	705.33	1286.45	785.64	4.2079	4.2403
258415090239	1249.09	754.46	1301.39	765.06	4.1470	4.2057
258415098573	1243.26	747.96	1295.79	780.36	4.1648	4.2320
258415106906	1237.59	741.19	1288.93	765.91	4.1830	4.2081
258415115239	1241.11	733.16	1297.08	781.00	4.1716	4.2495
258415123573	1241.63	725.90	1304.89	779.27	4.1890	4.2314
258415131906	1250.23	726.56	1300.58	769.12	4.2115	4.2209
258415140239	1243.68	729.14	1289.72	776.17	4.2221	4.2400
258415148572	1244.96	720.98	1302.55	767.11	4.2311	4.2272
258415156906	1245.58	712.15	1294.95	768.16	4.2323	4.2628
258415165238	1243.87	714.94	1296.27	766.06	4.2156	4.2520
258415173572	1239.77	711.02	1292.73	754.51	4.2189	4.2419
258415181911	1237.55	726.72	1295.86	743.97	4.2201	4.2359
258415190244	1228.95	728.25	1283.02	757.38	4.2198	4.2819
258415198577	1245.38	722.78	1289.35	741.79	4.2151	4.2564
258415206911	1235.84	741.78	1292.70	741.31	4.2404	4.2477
258415215244	1244.53	745.24	1286.28	748.46	4.2341	4.2833
258415223578	1251.18	747.87	1291.00	756.87	4.2374	4.2843
258415231911	1244.22	742.13	1283.11	742.56	4.2128	4.2617
258415240243	1246.20	747.52	1287.03	737.73	4.2263	4.2591
258415248577	1250.53	746.65	1287.29	750.20	4.2470	4.2938
258415256910	1238.91	734.43	1290.51	753.05	4.2439	4.2829
258415265243	1241.53	737.20	1291.44	746.16	4.2508	4.2866
258415273576	1246.13	747.85	1288.28	752.07	4.2498	4.3002
258415281910	1242.85	744.19	1290.30	744.67	4.2469	4.2796
258415290243	1253.90	737.60	1290.57	744.50	4.2636	4.2683
258415298576	1248.10	740.03	1294.60	748.18	4.2661	4.2981
258415306916	1242.03	739.21	1294.21	744.04	4.2518	4.2735
258415315249	1248.36	732.80	1303.57	749.94	4.2765	4.2856
258415323581	1256.50	728.78	1292.48	739.30	4.2585	4.2854
258415331915	1254.34	743.12	1290.08	756.51	4.2746	4.3015
258415340248	1250.87	730.77	1297.82	755.22	4.2471	4.2874
258415348582	1254.63	733.16	1299.24	759.51	4.2562	4.2947
258415356914	1243.99	741.45	1291.70	751.88	4.2457	4.2879
258415365248	1244.77	736.06	1301.00	755.45	4.2565	4.2953
258415373582	1251.45	741.94	1300.82	753.02	4.2551	4.2724
258415381914	1249.34	744.63	1301.62	755.57	4.2419	4.2866
258415390248	1250.21	747.57	1307.91	747.57	4.2646	4.2823
258415398580	1242.17	744.53	1291.83	750.17	4.2530	4.2735
258415406913	1254.79	740.97	1293.19	760.13	4.2682	4.2914
258415415247	1232.75	755.71	1297.83	750.45	4.2352	4.2884
258415423580	1243.56	765.17	1296.58	762.47	4.2439	4.2667
258415431914	1245.67	773.04	1308.27	762.02	4.2396	4.2687
258415440249	1243.81	761.58	1302.73	759.89	4.2620	4.2705
258415448582	1234.50	757.72	1305.19	769.53	4.2466	4.2751
258415456916	1231.49	757.23	1308.26	771.58	4.2451	4.2660
258415465249	1249.27	754.69	1307.66	775.26	4.2236	4.2752
258415473583	1248.16	739.87	1305.43	773.91	4.2343	4.2637
258415481914	1239.26	740.15	1305.46	770.09	4.2205	4.2622
258415490248	1235.40	747.30	1298.24	775.70	4.2252	4.2529
258415498582	1242.28	744.72	1293.72	782.92	4.2265	4.2525
258415506914	1240.01	738.72	1302.68	777.02	4.2185	4.2409
258415515248	1245.28	736.10	1303.45	778.34	4.2219	4.2223
258415523581	1246.04	753.41	1300.54	779.74	4.2377	4.2305
258415531915	1240.95	746.60	1295.37	788.61	4.2237	4.2377
258415540248	1246.71	748.40	1300.93	781.75	4.2281	4.2348
258415548581	1243.35	753.75	1296.44	776.30	4.2131	4.2225
258415556914	1246.29	742.47	1293.09	783.71	4.2147	4.2527
258415565247	1251.05	750.46	1296.45	763.42	4.1931	4.2199
258415573586	1254.43	742.50	1290.28	761.18	4.1946	4.2164
258415581919	1248.08	753.03	1304.35	747.08	4.1953	4.2068
258415590252	1242.88	753.95	1303.50	754.43	4.1894	4.2079
258415598586	1239.09	743.05	1301.26	756.97	4.1978	4.2137
258415606918	1244.86	744.18	1303.08	755.15	4.1909	4.1802
258415615252	1243.63	739.05	1308.21	766.48	4.1892	4.1959
258415623585	1239.42	736.58	1316.52	772.58	4.1676	4.1932
258415631918	1247.24	738.87	1310.87	777.90	4.1879	4.2065
258415640251	1241.33	739.59	1308.80	760.53	4.1700	4.1404
258415648584	1246.09	745.79	1310.13	774.75	4.1730	4.1837
258415656917	1239.18	746.71	1315.16	778.20	4.1702	4.1689
258415665251	1242.30	743.43	1306.74	766.88	4.1426	4.1445
258415673584	1241.71	733.37	1309.18	771.67	4.1451	4.1649
258415681918	1232.53	740.95	1308.81	761.58	4.1566	4.1683
258415690251	1238.58	727.22	1319.58	770.08	4.1327	4.1617
258415698587	1243.84	738.58	1313.32	764.64	4.1593	4.1548
258415706921	1240.20	733.44	1308.46	774.73	4.1249	4.1683
258415715253	1244.65	727.96	1306.26	781.88	4.1128	4.1604
258415723586	1244.24	723.62	1319.62	764.50	4.1192	4.1605
258415731919	1249.71	723.97	1307.60	768.31	4.1215	4.1364
258415740253	1248.39	728.67	1299.36	771.73	4.1169	4.1579
258415748586	1243.59	726.52	1312.65	757.09	4.1022	4.1221
258415756919	1241.46	730.62	1312.48	762.51	4.1023	4.1292
258415765253	1247.44	723.04	1306.94	757.05	4.0972	4.1359
258415773586	1234.50	727.12	1306.71	777.96	4.1043	4.1400
258415781919	1226.29	733.68	1294.32	762.35	4.1044	4.1209
258415790253	1238.24	736.48	1287.52	769.36	4.0865	4.1345
258415798585	1236.56	748.32	1278.72	762.31	4.0854	4.1122
258415806919	1242.29	761.06	1292.43	757.64	4.1156	4.1082
258415815252	1240.73	734.16	1287.57	769.75	4.0526	4.1246
258415823585	1243.34	739.93	1292.41	764.04	4.0855	4.1201
258415831923	1238.42	726.16	1293.98	762.41	4.0507	4.1157
258415840256	1247.59	744.00	1291.91	768.68	4.0784	4.1379
258415848589	1247.32	756.74	1300.55	762.06	4.0834	4.1125
258415856922	1250.97	735.42	1295.99	770.25	4.0702	4.1035
258415865256	1253.03	742.97	1294.77	765.87	4.0779	4.1187
258415873589	1250.94	726.89	1305.65	756.39	4.0573	4.1019
258415881921	1238.82	730.03	1301.71	745.54	4.0687	4.0869
258415890255	1240.99	723.06	1304.00	757.55	4.0584	4.0965
258415898588	1238.21	734.56	1310.90	762.09	4.0787	4.0924
258415906922	1243.83	735.00	1311.62	756.55	4.0584	4.0966
258415915255	1251.44	725.43	1309.02	769.16	4.0423	4.1421
258415923588	1243.38	728.45	1309.07	758.75	4.0582	4.0884
258415931922	1243.06	733.99	1301.49	752.28	4.0740	4.0996
258415940254	1248.32	728.94	1306.74	760.74	4.0576	4.1014
258415948588	1254.71	736.90	1305.84	765.90	4.0517	4.1208
258415956921	1241.07	735.06	1303.48	764.31	4.0541	4.0983
258415965260	1246.17	726.52	1300.54	762.34	4.0557	4.0894
258415973594	1244.14	727.32	1309.96	767.10	4.0278	4.1097
258415981927	1246.76	739.52	1300.24	761.61	4.0358	4.0932
258415990261	1248.99	745.17	1295.98	762.74	4.0839	4.0963
258415998594	1251.91	744.87	1301.42	766.22	4.0759	4.0773
258416006927	1247.07	734.42	1307.81	765.42	4.0723	4.1033
258416015261	1244.27	736.28	1296.16	761.46	4.0594	4.0862
258416023594	1246.19	730.69	1299.69	760.26	4.0670	4.1077
258416031928	1248.75	738.61	1301.38	767.96	4.0527	4.1041
258416040260	1247.90	731.08	1308.87	769.00	4.0667	4.1038
258416048593	1245.56	731.93	1307.90	774.70	4.0402	4.0848
258416056927	1243.64	734.93	1296.28	763.60	4.0456	4.0721
258416065259	1250.78	728.47	1303.88	767.80	4.0270	4.0826
258416073593	1250.23	729.66	1297.47	776.95	4.0178	4.0842
258416081927	1242.90	733.09	1300.52	772.63	4.0270	4.0698
258416090259	1244.47	730.70	1304.03	766.61	4.0073	4.0385
258416098597	1242.22	742.72	1311.67	775.27	3.9980	4.0195
258416106930	1254.68	744.48	1321.07	780.27	3.9615	4.0115
258416115263	1260.11	752.24	1329.98	779.66	3.9724	3.9967
258416123596	1256.06	762.21	1322.91	782.26	3.9498	3.9545
258416131929	1261.46	772.14	1326.18	790.05	3.9353	3.9558
258416140263	1252.91	751.93	1317.94	793.54	3.8983	3.9308
258416148596	1250.94	762.27	1322.38	794.18	3.8660	3.9176
258416156929	1248.46	764.27	1321.81	804.28	3.8592	3.9050
258416165263	1258.27	758.20	1331.36	786.84	3.8349	3.8567
258416173596	1249.27	765.43	1315.83	795.57	3.8199	3.8680
258416181929	1250.08	778.24	1323.12	784.20	3.8089	3.8433
258416190262	1252.19	762.84	1315.45	792.10	3.7900	3.8369
258416198595	1256.44	769.49	1318.69	792.46	3.7671	3.7995
258416206928	1251.26	768.71	1309.70	795.80	3.7555	3.7825
258416215261	1251.50	772.60	1305.89	793.19	3.7572	3.7815
258416223600	1251.19	762.97	1315.87	797.33	3.7284	3.7708
258416231933	1252.73	765.03	1313.07	794.09	3.7097	3.7613
258416240267	1257.83	770.50	1319.50	819.33	3.7294	3.7784
258416248600	1254.90	772.37	1318.69	805.87	3.7228	3.7617
258416256933	1248.27	757.78	1319.75	796.94	3.7070	3.7301
258416265267	1257.07	761.98	1316.21	797.72	3.6691	3.7102
258416273599	1252.55	770.90	1308.98	802.18	3.6914	3.7188
258416281932	1251.42	766.63	1311.16	803.59	3.6609	3.7142
258416290266	1262.90	773.42	1317.10	810.13	3.6986	3.7211
258416298599	1246.76	775.92	1317.87	810.99	3.6828	3.7009
258416306932	1267.21	780.79	1311.19	811.81	3.6746	3.6867
258416315265	1254.50	766.30	1311.46	807.93	3.6667	3.7011
258416323599	1262.61	776.22	1314.67	791.40	3.6547	3.6526
258416331932	1260.10	766.52	1306.79	814.18	3.6277	3.7108
258416340265	1250.43	770.34	1314.29	816.10	3.6585	3.6746
258416348599	1250.30	773.39	1306.47	798.43	3.6388	3.6570
258416356935	1254.63	766.40	1318.14	810.24	3.6334	3.6776
258416365269	1253.65	770.83	1314.62	806.60	3.6218	3.6688
258416373602	1255.88	774.43	1302.97	810.51	3.6365	3.6665
258416381935	1251.52	768.30	1300.60	805.94	3.6307	3.6340
258416390269	1247.66	772.94	1307.34	816.47	3.6269	3.6561
258416398602	1257.56	766.91	1307.38	799.13	3.6291	3.6250
258416406935	1260.18	765.05	1310.14	816.56	3.6145	3.6626
258416415269	1248.20	782.22	1301.08	813.46	3.6286	3.6517
258416423602	1252.11	764.91	1299.92	804.09	3.5853	3.6065
258416431934	1258.01	771.50	1300.91	804.72	3.6093	3.6102
258416440267	1252.14	783.20	1303.61	805.31	3.5993	3.6225
258416448601	1249.27	769.80	1303.78	806.77	3.5778	3.5863
258416456934	1286.15	777.29	1334.76	794.36	3.5779	3.5614
258416465267	1294.01	778.77	1325.47	798.55	3.5573	3.5687
258416473601	1286.30	770.54	1327.54	794.43	3.5448	3.5607
258416481934	1291.52	767.16	1325.10	804.75	3.5561	3.5644
258416490274	1276.61	776.56	1326.22	811.44	3.5574	3.5522
258416498607	1285.14	769.37	1330.92	797.58	3.5368	3.5450
258416506940	1295.28	778.14	1322.33	801.87	3.5324	3.5562
258416515273	1281.30	765.80	1339.32	808.87	3.4997	3.5357
258416523605	1288.36	786.33	1324.29	808.41	3.5293	3.5314
258416531939	1289.18	766.52	1326.04	802.84	3.4945	3.5184
258416540273	1290.91	773.97	1328.38	799.66	3.4908	3.4969
258416548605	1287.21	770.90	1326.00	802.04	3.4895	3.4948
258416556939	1280.51	786.42	1341.28	786.06	3.4843	3.4670
258416565272	1285.02	777.67	1322.39	802.16	3.4828	3.4743
258416573606	1285.49	760.85	1323.11	804.59	3.4476	3.5086
258416581939	1280.05	773.88	1322.03	798.51	3.4812	3.4852
258416590271	1277.33	764.79	1324.77	807.17	3.4414	3.4815
258416598605	1283.33	764.82	1324.70	800.99	3.4304	3.4750
258416606938	1280.22	778.62	1322.32	802.65	3.4784	3.4538
258416615272	1283.72	770.80	1325.85	804.55	3.4572	3.4499
258416623610	1288.12	770.06	1315.02	816.33	3.4440	3.4604
258416631943	1292.38	778.14	1320.27	807.00	3.4435	3.4556
258416640277	1284.33	772.81	1322.83	808.23	3.4415	3.4640
258416648609	1316.94	778.29	1381.29	811.96	3.4365	3.4636
258416656943	1387.41	769.15	1443.00	792.29	3.4580	3.4479
258416665277	1434.98	748.17	1494.72	783.51	3.4532	3.4095
258416673608	1472.85	736.93	1534.30	766.67	3.4737	3.4391
258416681942	1502.02	702.15	1542.27	751.28	3.4378	3.4282
258416690275	1519.61	708.66	1569.24	739.36	3.4631	3.4196
258416698609	1536.15	694.08	1574.04	740.18	3.4514	3.4168
258416706942	1529.91	676.94	1574.02	745.84	3.4254	3.4328
258416715275	1543.69	698.49	1568.96	746.21	3.4439	3.4208
258416723609	1550.60	681.26	1569.31	758.95	3.4242	3.4450
258416731942	1547.35	689.82	1571.35	740.75	3.4205	3.4038
258416740275	1531.54	685.58	1558.57	744.91	3.4324	3.4157
258416748613	1535.71	671.75	1565.17	740.81	3.4053	3.4382
258416756945	1532.51	696.34	1563.77	744.73	3.4387	3.4016
258416765278	1525.16	677.11	1568.73	745.37	3.4196	3.4045
258416773611	1526.51	689.76	1566.23	741.25	3.4257	3.3825
258416781945	1539.62	673.33	1566.29	742.28	3.4090	3.3924
258416790278	1531.13	689.35	1556.34	760.02	3.4377	3.4187
258416798611	1521.95	692.31	1554.92	743.92	3.4285	3.4077
258416806945	1527.51	675.79	1560.28	739.28	3.4081	3.3964
258416815278	1521.31	713.55	1546.02	747.52	3.4816	3.3849
258416823612	1532.33	690.99	1559.44	731.28	3.4444	3.4095
258416831944	1535.34	700.62	1567.94	738.87	3.4284	3.4004
258416840277	1535.82	710.85	1563.44	731.09	3.4580	3.3747
258416848611	1530.88	695.52	1564.71	744.70	3.4379	3.4313
258416856944	1537.52	708.94	1567.25	745.06	3.4502	3.3980
258416865277	1525.22	713.41	1565.50	733.13	3.4659	3.4089
258416873611	1519.94	706.06	1560.73	727.91	3.4133	3.3828
258416881949	1534.44	703.25	1561.58	736.64	3.4296	3.4160
258416890282	1527.25	682.11	1561.04	738.44	3.3803	3.4215
258416898615	1537.51	685.12	1565.29	736.98	3.3798	3.4189
258416906949	1568.99	697.89	1616.77	720.51	3.4053	3.4297
258416915281	1593.76	692.95	1643.58	715.34	3.4061	3.4109
258416923614	1595.66	689.57	1640.23	703.34	3.4102	3.4151
258416931948	1599.66	674.97	1640.09	693.69	3.4088	3.4017
258416940281	1592.32	687.47	1633.21	705.16	3.3932	3.4014
258416948615	1603.65	674.62	1631.95	697.63	3.3581	3.3983
258416956948	1610.75	656.15	1631.30	708.25	3.3528	3.4213
258416965281	1608.95	682.94	1642.06	692.71	3.4022	3.3873
258416973615	1600.56	663.96	1635.00	708.87	3.3594	3.4051
258416981947	1599.22	651.07	1634.06	717.33	3.3361	3.4075
258416990280	1608.76	637.58	1647.13	714.81	3.3124	3.3978
258416998614	1607.29	637.91	1628.54	717.23	3.3080	3.3989
258417006946	1609.70	662.47	1636.56	721.86	3.3528	3.4169
258417015286	1590.90	651.37	1633.91	705.79	3.3495	3.3749
258417023619	1601.65	652.12	1636.30	719.23	3.3483	3.3866
258417031953	1606.76	642.20	1641.49	708.51	3.3256	3.3626
258417040286	1607.18	630.47	1636.23	715.85	3.2926	3.3817
258417048619	1601.30	634.82	1640.12	694.53	3.2675	3.3432
258417056953	1603.58	664.87	1638.14	712.22	3.3134	3.3664
258417065286	1594.13	663.86	1627.87	707.91	3.3169	3.3519
258417073619	1604.80	673.43	1640.06	699.12	3.3260	3.3552
258417081952	1595.62	649.03	1632.05	691.72	3.2931	3.3271
258417090285	1603.90	644.83	1629.42	700.71	3.2544	3.3774
258417098619	1613.40	620.84	1637.50	698.06	3.2438	3.3270
258417106951	1599.37	651.44	1645.28	711.70	3.2945	3.3394
258417115285	1606.78	635.57	1629.23	707.03	3.2517	3.3402
258417123619	1604.64	644.34	1639.19	699.94	3.2694	3.3119
258417131951	1607.37	638.50	1632.54	704.66	3.2708	3.3263
258417140285	1601.37	648.81	1626.18	702.76	3.2903	3.3032
258417148620	1597.00	648.85	1632.88	706.01	3.3006	3.3252
258417156954	1606.80	618.61	1637.17	687.87	3.2576	3.2859
258417165287	1607.57	632.43	1629.69	691.40	3.2803	3.2921
258417173620	1597.97	627.82	1632.95	697.75	3.2523	3.3106
258417181954	1604.45	645.29	1638.37	699.35	3.2696	3.2911
258417190287	1603.62	632.27	1628.93	717.88	3.2151	3.3364
258417198620	1601.14	644.37	1623.00	693.89	3.2571	3.3382
258417206954	1604.08	645.09	1632.59	717.21	3.2714	3.3410
258417215287	1596.71	638.83	1629.05	702.94	3.2593	3.3313
258417223620	1605.90	621.28	1630.51	697.67	3.2108	3.3080
258417231952	1596.77	633.65	1635.36	704.73	3.2172	3.3162
258417240286	1611.14	629.01	1635.26	691.13	3.2000	3.2752
258417248619	1601.37	641.30	1634.95	697.09	3.2350	3.3003
258417256952	1601.93	639.24	1640.77	704.11	3.2423	3.3043
258417265286	1604.78	619.96	1628.88	704.07	3.1991	3.3205
258417273623	1612.53	612.49	1624.41	707.90	3.1899	3.3256
258417281957	1608.43	628.03	1635.41	709.01	3.2082	3.3339
258417290290	1605.20	637.16	1630.65	711.05	3.2089	3.3082
258417298623	1600.37	652.05	1633.71	713.09	3.2589	3.3322
258417306956	1601.56	635.17	1639.79	704.35	3.2202	3.3207
258417315289	1609.78	624.90	1633.89	724.55	3.1857	3.3600
258417323622	1610.18	603.33	1627.51	692.40	3.1748	3.3105
258417331956	1560.96	706.23	1598.75	752.78	3.2529	3.3284
258417340289	1534.44	731.86	1573.56	757.84	3.2537	3.3108
258417348622	1527.13	804.27	1575.45	829.37	3.2292	3.2898
258417356955	1527.69	823.75	1553.73	843.06	3.2592	3.2873
258417365289	1527.64	830.21	1552.85	861.86	3.2750	3.3008
258417373622	1526.05	818.51	1562.37	867.15	3.2188	3.3288
258417381955	1527.62	834.89	1558.88	863.37	3.2539	3.3049
258417390288	1531.69	827.84	1557.49	853.99	3.2099	3.2935
258417398621	1539.43	827.98	1563.39	876.42	3.2159	3.3381
258417406961	1533.57	826.35	1561.19	869.51	3.2079	3.3407
258417415294	1528.39	849.55	1562.39	877.04	3.2439	3.3549
258417423627	1529.80	829.85	1561.34	870.91	3.2278	3.3511
258417431961	1527.55	829.07	1552.93	877.16	3.2359	3.3294
258417440294	1534.76	827.90	1564.70	866.41	3.2532	3.3338
258417448627	1522.68	823.37	1563.36	873.46	3.2657	3.3578
258417456961	1534.07	822.33	1560.35	863.30	3.2722	3.3518
258417465293	1519.43	821.63	1564.63	852.23	3.2695	3.3518
258417473626	1522.53	823.10	1565.40	845.03	3.2885	3.3498
258417481959	1511.27	807.79	1561.34	853.07	3.2648	3.3770
258417490293	1515.45	820.11	1560.81	837.96	3.2748	3.3627
258417498626	1519.32	815.03	1553.10	839.67	3.2930	3.3952
258417506959	1521.59	823.48	1557.10	834.13	3.3048	3.3727
258417515293	1515.99	823.87	1559.37	850.48	3.3044	3.3900
258417523626	1514.41	828.16	1557.93	837.06	3.3269	3.3991
258417531960	1513.53	822.08	1559.17	837.87	3.2847	3.3943
258417540298	1522.43	833.72	1548.70	855.16	3.2976	3.3957
258417548630	1510.79	820.58	1555.93	854.54	3.3079	3.4168
258417556964	1528.82	848.33	1565.77	858.47	3.3354	3.4209
258417565296	1518.28	821.39	1562.61	857.21	3.3134	3.4219
258417573630	1515.98	836.06	1564.77	839.98	3.3417	3.4003
258417581964	1513.39	828.31	1567.74	855.70	3.3408	3.4550
258417590296	1501.34	818.54	1575.97	845.67	3.3456	3.4438
258417598630	1502.89	821.55	1565.77	836.14	3.3443	3.4446
258417606963	1516.62	814.37	1577.58	846.23	3.3443	3.4397
258417615297	1506.85	823.32	1566.98	861.53	3.3389	3.4569
258417623629	1513.69	844.35	1568.07	861.01	3.3784	3.4462
258417631962	1516.48	829.70	1566.28	869.17	3.3478	3.4836
258417640296	1509.39	839.75	1554.12	851.25	3.3695	3.4536
258417648629	1509.49	833.01	1571.01	868.32	3.3875	3.4778
258417656963	1511.07	834.55	1559.14	856.78	3.3876	3.4714
258417665302	1505.29	831.52	1563.01	856.54	3.4001	3.4989
258417673635	1504.66	832.11	1556.36	846.37	3.4035	3.4987
258417681969	1506.61	824.24	1557.17	843.09	3.3958	3.4920
258417690301	1515.61	824.91	1570.45	843.87	3.3972	3.5194
258417698635	1520.85	830.37	1570.09	846.25	3.3970	3.5169
258417706968	1517.71	838.72	1560.36	849.08	3.4201	3.5128
258417715300	1513.56	828.60	1559.98	847.82	3.4185	3.5192
258417723634	1507.02	832.89	1577.13	853.25	3.4074	3.5313
258417731967	1517.10	828.52	1580.73	849.12	3.4383	3.5484
258417740301	1519.22	838.83	1566.60	845.12	3.4434	3.5405
258417748634	1520.81	835.50	1587.22	842.20	3.4397	3.5229
258417756967	1506.19	836.99	1523.46	853.06	3.4571	3.5268
258417765301	1412.46	838.70	1458.73	857.91	3.4946	3.5902
258417773634	1334.96	831.64	1387.47	854.85	3.4833	3.6093
258417781966	1300.25	815.64	1373.03	856.78	3.4540	3.6131
258417790300	1245.28	814.83	1322.16	840.73	3.4669	3.5896
258417798635	1234.82	815.69	1298.33	851.47	3.4992	3.5806
258417806968	1235.90	813.64	1278.92	851.65	3.5034	3.6089
258417815301	1237.24	807.20	1279.41	847.66	3.4928	3.5881
258417823635	1247.96	801.95	1282.15	844.24	3.4725	3.6194
258417831968	1245.30	803.67	1276.47	850.00	3.4834	3.6293
258417840301	1248.93	793.70	1276.32	842.49	3.4857	3.5963
258417848635	1242.94	800.11	1274.97	849.19	3.4938	3.6100
258417856968	1245.58	792.73	1287.78	846.86	3.4843	3.6127
258417865301	1236.00	795.82	1284.70	847.53	3.4866	3.6036
258417873634	1234.12	809.41	1291.28	846.79	3.4964	3.6094
258417881967	1242.05	796.13	1298.28	845.30	3.4808	3.5965
258417890301	1250.68	801.99	1292.59	864.93	3.4949	3.6208
258417898634	1235.52	806.68	1297.12	853.13	3.4949	3.6135
258417906967	1243.49	816.69	1289.98	844.31	3.5208	3.5892
258417915301	1246.87	814.89	1286.43	850.26	3.5192	3.6176
258417923634	1235.71	813.96	1280.20	843.20	3.5158	3.6072
258417931974	1238.72	811.29	1295.17	850.91	3.5036	3.6198
258417940306	1239.46	825.09	1286.26	843.46	3.5294	3.6008
258417948640	1241.02	808.81	1266.56	851.71	3.5173	3.6174
258417956973	1144.52	787.20	1203.44	823.40	3.5652	3.6445
258417965306	1080.10	757.09	1149.99	790.37	3.5281	3.6402
258417973640	1058.63	759.28	1120.77	809.49	3.5527	3.6785
258417981973	1062.97	748.76	1113.99	779.77	3.5541	3.6517
258417990307	1046.17	739.89	1101.17	775.60	3.5248	3.6408
258417998640	1051.80	744.84	1095.11	775.85	3.5542	3.6480
258418006973	1052.94	739.89	1098.12	784.18	3.5360	3.6548
258418015307	1050.80	734.14	1090.24	769.67	3.5295	3.6399
258418023638	1056.82	724.83	1095.22	774.97	3.5367	3.6632
258418031972	1060.21	720.38	1097.30	767.00	3.5522	3.6584
258418040306	1051.30	725.44	1101.56	759.22	3.5554	3.6326
258418048639	1055.97	716.41	1099.94	768.86	3.5486	3.6483
258418056972	1058.95	728.95	1102.13	768.67	3.5468	3.6418
258418065309	1058.99	731.97	1104.52	762.49	3.5513	3.6217
258418073642	1056.26	730.67	1087.86	769.41	3.5333	3.6437
258418081976	1061.70	724.49	1103.54	772.68	3.5518	3.6228
258418090310	1056.00	738.35	1092.71	758.85	3.5668	3.6084
258418098642	1067.95	725.14	1101.01	773.05	3.5524	3.6100
258418106975	1040.86	733.84	1081.69	781.70	3.5644	3.6194
258418115308	966.09	719.18	1016.59	744.40	3.5592	3.6282
258418123642	968.84	706.76	1015.31	749.53	3.5526	3.6152
258418131975	962.14	713.74	1013.42	723.49	3.5739	3.6068
258418140309	948.67	703.97	1010.98	712.35	3.5785	3.5700
258418148641	954.79	691.99	1002.85	707.86	3.5545	3.5607
258418156975	957.88	698.92	1002.60	711.71	3.5838	3.5474
258418165309	961.82	698.06	1001.69	721.43	3.5853	3.5647
258418173642	963.39	690.83	1005.94	727.45	3.5827	3.6083
258418181974	961.09	693.85	986.74	707.75	3.5699	3.5609
258418190308	964.97	701.61	997.46	709.76	3.5810	3.5827
258418198641	954.69	696.34	998.99	715.56	3.5754	3.5903
258418206975	968.23	688.84	991.66	721.77	3.5651	3.5947
258418215309	960.82	702.93	1001.80	715.71	3.5919	3.6064
258418223642	958.80	693.61	1002.81	706.89	3.5927	3.5877
258418231975	961.62	702.43	999.35	700.36	3.6045	3.5639
258418240309	956.17	688.45	999.20	714.56	3.5868	3.6122
258418248642	957.41	693.64	1004.57	723.14	3.5740	3.6022
258418256974	960.64	705.03	993.91	722.06	3.6144	3.6025
258418265308	961.96	691.03	1008.90	721.71	3.5928	3.5964
258418273640	957.29	675.17	998.71	722.64	3.5760	3.5993
258418281974	958.17	696.53	991.49	724.36	3.6222	3.5800
258418290307	960.01	683.54	994.35	743.17	3.6044	3.6178
258418298641	965.34	691.92	989.89	711.16	3.6355	3.5625
258418306974	957.23	696.65	987.03	719.03	3.6342	3.5531
258418315307	958.03	675.58	988.56	718.57	3.6182	3.5548
258418323651	962.11	680.62	999.33	725.34	3.6223	3.5946
258418331984	953.57	691.34	1001.52	730.54	3.6471	3.5955
258418340316	961.27	697.60	999.64	740.97	3.6250	3.6100
258418348650	957.18	684.24	1001.34	740.75	3.6181	3.6151
258418356983	960.17	695.29	1004.49	742.43	3.6402	3.6136
258418365316	967.94	697.81	999.09	725.62	3.6429	3.6112
258418373650	950.68	686.76	1004.01	737.63	3.6498	3.6246
258418381983	959.81	692.05	993.53	739.64	3.6473	3.6219
258418390316	959.72	688.33	1010.43	721.18	3.6563	3.6035
258418398649	953.23	686.48	982.32	746.51	3.6582	3.5918
258418406983	952.67	719.95	973.63	749.15	3.6564	3.6183
258418415315	947.56	737.04	971.79	730.10	3.6545	3.5796
258418423649	943.58	738.73	969.74	741.56	3.6621	3.6210
258418431982	943.83	746.74	957.84	722.68	3.6891	3.5877
258418440315	940.52	728.71	967.97	753.52	3.6522	3.6461
258418448649	940.98	725.96	961.57	716.22	3.6675	3.5741
258418456986	942.97	738.46	962.34	748.35	3.6710	3.5976
258418465319	948.19	741.35	963.71	754.82	3.6976	3.6065
258418473653	945.23	740.94	966.34	742.33	3.7009	3.6208
258418481986	946.32	741.80	964.09	759.41	3.7167	3.6336
258418490319	939.97	732.42	967.01	751.15	3.6991	3.6203
258418498652	949.79	731.92	972.96	749.98	3.6892	3.6112
258418506985	937.45	717.02	969.82	743.80	3.6749	3.5921
258418515318	948.29	738.90	973.67	746.97	3.7130	3.6429
258418523651	933.31	723.40	975.94	746.29	3.6983	3.6124
258418531985	938.88	719.19	963.01	757.58	3.6841	3.6395
258418540318	942.94	723.96	964.75	747.77	3.7121	3.6331
258418548652	928.64	722.30	964.16	744.53	3.7105	3.6271
258418556985	941.33	724.37	975.96	731.66	3.7175	3.6101
258418565318	926.98	728.42	975.75	757.37	3.7284	3.6636
258418573651	935.20	744.91	965.62	769.49	3.7781	3.6994
258418581984	935.18	738.27	969.00	740.56	3.7487	3.6683
258418590319	935.75	735.50	968.49	762.51	3.7498	3.6790
258418598653	932.62	723.61	971.16	741.72	3.7275	3.6397
258418606985	925.10	731.34	976.21	765.32	3.7607	3.6881
258418615319	937.99	724.47	964.19	766.47	3.7572	3.6882
258418623653	935.81	725.29	977.79	762.53	3.7669	3.6920
258418631986	931.84	734.57	972.41	747.37	3.7751	3.6678
258418640319	941.35	725.32	971.75	766.82	3.7724	3.6955
258418648652	947.93	724.46	980.19	776.86	3.7714	3.7360
258418656985	954.96	732.91	995.15	771.63	3.7864	3.7002
258418665318	987.51	735.97	1027.93	786.75	3.7834	3.6919
258418673652	1003.33	763.16	1045.48	803.61	3.8220	3.7036
258418681985	999.05	803.02	1040.24	817.43	3.8149	3.7103
258418690318	1002.21	821.00	1038.73	822.48	3.8229	3.7118
258418698652	1008.24	834.73	1038.89	830.55	3.8331	3.6955
258418706985	1012.95	830.10	1043.87	841.51	3.8237	3.7162
258418715329	1018.97	841.05	1044.66	847.20	3.8267	3.6984
258418723663	1022.43	839.43	1042.57	866.86	3.8321	3.7479
258418731995	1027.91	852.25	1045.42	845.06	3.8386	3.7235
258418740328	1020.01	848.33	1054.76	834.29	3.8226	3.7154
258418748662	1020.45	832.13	1048.85	843.56	3.8291	3.7023
258418756995	1020.66	855.22	1051.83	849.37	3.8523	3.7232
