t	gaze_point_LX	gaze_point_LY	gaze_point_RX	gaze_point_RY	pupil_diameter_L	pupil_diameter_R
230907762615	1595.10	735.12	1585.34	714.65	3.2438	3.0253
230907770947	1599.65	742.55	1583.47	705.20	3.2410	3.0065
230907779281	1601.27	732.84	1585.16	697.83	3.2273	3.0086
230907787619	1598.27	732.50	1586.24	697.83	3.2196	3.0118
230907795952	1589.26	742.57	1592.08	702.89	3.2344	3.0103
230907804286	1523.64	752.97	1522.74	697.97	3.2880	3.0425
230907812619	1434.81	760.87	1438.02	693.33	3.3213	3.0260
230907820961	1382.92	724.34	1383.18	694.10	3.2420	3.0234
230907829294	1349.17	734.78	1332.13	709.78	3.2635	3.0446
230907837619	1353.59	743.25	1350.24	745.32	3.2860	3.1047
230907845952	1350.21	728.15	1352.84	709.67	3.2558	3.0392
230907854286	1356.15	736.36	1343.32	712.31	3.2793	3.0580
230907862628	1360.39	733.28	1349.08	717.39	3.2834	3.0609
230907870952	1356.83	739.71	1351.49	692.81	3.2902	3.0090
230907879286	1363.10	732.57	1343.69	725.16	3.2769	3.0682
230907887619	1357.94	731.48	1350.48	714.89	3.2716	3.0544
230907895951	1364.31	744.94	1343.40	703.52	3.3038	3.0360
230907904285	1359.13	736.51	1346.89	712.18	3.2794	3.0501
230907912618	1364.83	733.03	1342.63	703.17	3.2743	3.0284
230907920956	1360.95	740.50	1343.45	693.06	3.2854	3.0244
230907929290	1359.34	727.92	1347.27	704.21	3.2677	3.0507
230907937623	1365.51	717.21	1347.14	707.93	3.2455	3.0546
230907945956	1361.68	728.46	1346.73	702.50	3.2802	3.0467
230907954290	1363.14	729.11	1346.13	697.01	3.2747	3.0389
230907962623	1359.53	727.14	1347.16	720.00	3.2773	3.0852
230907970956	1361.84	749.39	1340.86	742.49	3.3170	3.1368
230907979289	1360.93	735.80	1347.53	697.35	3.2912	3.0280
230907987622	1358.94	741.97	1346.42	698.33	3.3145	3.0503
230907995964	1363.48	742.25	1348.99	694.79	3.3015	3.0404
230908004289	1362.89	748.30	1344.80	691.63	3.3241	3.0445
230908012622	1363.70	742.45	1347.52	686.99	3.3164	3.0417
230908020955	1363.92	736.00	1341.18	698.59	3.3087	3.0695
230908029289	1359.73	740.26	1346.02	721.84	3.3171	3.1110
230908037622	1360.25	740.44	1349.53	708.39	3.3175	3.0849
230908045955	1338.69	746.26	1316.31	718.56	3.3317	3.1017
230908054294	1313.02	716.15	1286.12	689.77	3.2517	3.0443
230908062627	1307.13	762.49	1281.99	706.53	3.3157	3.1308
230908070960	1303.00	762.88	1284.73	696.49	3.3350	3.0965
230908079294	1306.10	768.97	1287.34	710.81	3.3339	3.1113
230908087627	1302.09	757.75	1284.04	712.46	3.3230	3.1235
230908095968	1304.59	770.52	1284.17	711.65	3.3338	3.1236
230908104301	1304.14	761.13	1282.53	710.14	3.3306	3.1230
230908112626	1302.65	773.08	1282.04	719.54	3.3583	3.1404
230908120959	1306.40	778.08	1275.06	697.97	3.3623	3.1122
230908129293	1310.89	766.88	1281.33	677.91	3.3438	3.0582
230908137634	1310.16	769.04	1279.06	712.76	3.3522	3.1253
230908145960	1310.97	775.30	1282.97	699.96	3.3670	3.0968
230908154293	1315.89	771.43	1280.08	771.23	3.3501	3.2339
230908162626	1311.00	775.49	1280.09	760.56	3.3607	3.1907
230908170959	1305.75	719.91	1283.49	749.92	3.2872	3.1790
230908179296	1306.27	732.09	1281.19	758.69	3.3177	3.1914
230908187629	1303.30	733.17	1277.72	705.90	3.3251	3.1168
230908195971	1305.34	751.10	1284.11	735.30	3.3516	3.1590
230908204304	1293.51	763.35	1275.38	724.05	3.3798	3.1800
230908212637	1288.84	755.54	1268.11	735.61	3.3837	3.2176
230908220962	1294.28	744.80	1292.72	721.55	3.3793	3.1896
230908229296	1294.32	749.48	1295.58	716.82	3.3946	3.1393
230908237629	1304.71	688.08	1301.31	822.90	3.3786	3.1969
230908245971	1312.30	854.03	NaN	NaN	3.3286	NaN
230908254304	NaN	NaN	1571.95	1488.64	NaN	2.1682
230908262636	NaN	NaN	NaN	NaN	NaN	NaN
230908270970	NaN	NaN	NaN	NaN	NaN	NaN
230908279303	NaN	NaN	NaN	NaN	NaN	NaN
230908287636	NaN	NaN	NaN	NaN	NaN	NaN
230908295970	NaN	NaN	NaN	NaN	NaN	NaN
230908304304	NaN	NaN	NaN	NaN	NaN	NaN
230908312643	NaN	NaN	NaN	NaN	NaN	NaN
230908320976	NaN	NaN	NaN	NaN	NaN	NaN
230908329310	NaN	NaN	NaN	NaN	NaN	NaN
230908337642	NaN	NaN	NaN	NaN	NaN	NaN
230908345976	NaN	NaN	NaN	NaN	NaN	NaN
230908354309	NaN	NaN	NaN	NaN	NaN	NaN
230908362642	NaN	NaN	NaN	NaN	NaN	NaN
230908370976	NaN	NaN	NaN	NaN	NaN	NaN
230908379309	NaN	NaN	NaN	NaN	NaN	NaN
230908387643	NaN	NaN	NaN	NaN	NaN	NaN
230908395976	NaN	NaN	NaN	NaN	NaN	NaN
230908404308	NaN	NaN	NaN	NaN	NaN	NaN
230908412641	NaN	NaN	NaN	NaN	NaN	NaN
230908420975	NaN	NaN	NaN	NaN	NaN	NaN
230908429308	NaN	NaN	NaN	NaN	NaN	NaN
230908437641	NaN	NaN	NaN	NaN	NaN	NaN
230908445980	NaN	NaN	NaN	NaN	NaN	NaN
230908454313	NaN	NaN	NaN	NaN	NaN	NaN
230908462647	NaN	NaN	NaN	NaN	NaN	NaN
230908470980	NaN	NaN	NaN	NaN	NaN	NaN
230908479313	1310.49	809.12	NaN	NaN	3.2415	NaN
230908487646	1324.96	660.57	NaN	NaN	3.1466	NaN
230908495979	1309.05	775.38	NaN	NaN	3.3053	NaN
230908504312	1306.25	742.66	1267.30	845.30	3.2202	3.1727
230908512645	1300.89	738.53	1269.34	804.84	3.2134	3.1474
230908520979	1303.72	788.95	1270.80	841.90	3.3316	3.1581
230908529312	1307.54	745.67	1273.10	855.97	3.2804	3.1772
230908537646	1309.16	772.87	1269.93	838.93	3.3467	3.1936
230908545979	1304.23	728.90	1266.01	826.56	3.2383	3.2048
230908554312	1303.48	753.60	1275.77	793.96	3.3175	3.1812
230908562646	1296.98	743.71	1271.83	789.86	3.2752	3.1952
230908570977	1305.60	758.97	1266.97	762.34	3.3064	3.1679
230908579314	1301.72	773.22	1267.29	768.92	3.3596	3.1899
230908587647	1299.53	779.40	1271.08	770.23	3.3625	3.1803
230908595981	1308.62	788.01	1268.72	758.62	3.3585	3.1652
230908604314	1308.60	753.16	1268.45	776.12	3.2927	3.1835
230908612648	1304.70	760.30	1273.97	778.07	3.3078	3.1718
230908620981	1303.26	755.74	1276.49	769.64	3.2995	3.1784
230908629314	1307.98	768.97	1271.91	767.02	3.3233	3.1566
230908637648	1303.57	755.68	1271.13	786.27	3.2943	3.2000
230908645981	1312.11	735.87	1273.97	772.02	3.2359	3.1655
230908654314	1309.90	761.89	1276.16	791.34	3.3263	3.2036
230908662647	1309.24	763.70	1289.50	723.06	3.3542	3.0822
230908670981	1306.10	760.78	1280.61	777.09	3.3590	3.2070
230908679313	1303.79	765.39	1277.80	776.18	3.3755	3.2005
230908687647	1308.89	770.46	1285.37	686.27	3.3874	3.0284
230908695980	1306.62	759.45	1266.40	780.72	3.3706	3.2099
230908704318	1309.73	763.20	1273.56	773.36	3.3857	3.1899
230908712651	1314.15	764.83	1268.72	771.15	3.3901	3.2021
230908720985	1307.23	752.51	1272.57	763.96	3.3656	3.2110
230908729318	1305.51	740.50	1277.24	755.91	3.3594	3.1967
230908737651	1296.36	735.60	1273.71	761.19	3.3051	3.2163
230908745984	1300.80	739.21	1278.54	779.34	3.3142	3.2193
230908754318	1309.40	750.41	1270.06	786.58	3.3535	3.2198
230908762651	1305.47	768.36	1270.89	783.13	3.3740	3.2283
230908770984	1300.17	767.41	1273.09	790.55	3.3804	3.2379
230908779317	1305.08	772.06	1272.02	793.09	3.4042	3.2171
230908787651	1312.25	769.33	1274.95	781.00	3.3867	3.1857
230908795983	1312.86	714.13	1274.72	785.07	3.3013	3.2332
230908804317	1308.13	760.94	1276.43	774.14	3.3866	3.1817
230908812651	1305.49	754.70	1276.48	788.22	3.3800	3.2182
230908820983	1301.67	764.04	1276.70	785.43	3.3881	3.2113
230908829317	1313.66	719.24	1278.55	771.84	3.3194	3.1785
230908837656	1317.33	757.27	1284.77	766.75	3.3771	3.1737
230908845990	1302.61	764.50	1284.68	739.78	3.3774	3.1243
230908854323	1299.52	765.36	1275.11	782.14	3.3894	3.1928
230908862656	1311.07	758.35	1277.23	784.39	3.3849	3.1950
230908870990	1313.62	704.04	1279.68	777.87	3.2890	3.1991
230908879323	1307.30	755.87	1265.18	774.87	3.3943	3.1854
230908887656	1312.08	755.90	1272.57	773.81	3.3962	3.1975
230908895990	1313.22	765.35	1277.39	761.79	3.3951	3.1930
230908904322	1312.30	718.43	1278.48	772.55	3.2818	3.1979
230908912655	1306.36	768.65	1279.32	749.42	3.3932	3.1279
230908920988	1299.53	730.07	1279.96	770.84	3.3235	3.1746
230908929322	1310.30	752.74	1283.61	776.91	3.3402	3.1943
230908937655	1314.76	772.90	1275.65	783.60	3.3722	3.1838
230908945988	1323.23	736.83	1281.01	778.73	3.2951	3.1821
230908954322	1310.23	724.58	1278.31	783.85	3.2836	3.2185
230908962655	1301.81	766.54	1274.15	768.31	3.3572	3.1819
230908970993	1303.80	763.35	1278.22	772.21	3.3506	3.2013
230908979327	1293.70	730.11	1271.16	727.73	3.2937	3.1155
230908987659	1305.43	771.92	1276.46	760.04	3.3575	3.1742
230908995993	1307.30	725.48	1274.32	762.51	3.3064	3.1752
230909004326	1308.55	765.49	1271.55	759.11	3.3725	3.1544
230909012659	1308.99	771.55	1271.35	762.81	3.3811	3.1473
230909020993	1302.82	766.12	1263.46	738.92	3.3678	3.1227
230909029317	1300.75	759.92	1259.62	788.64	3.3558	3.2106
230909037651	1296.47	749.95	1272.06	785.98	3.3475	3.2176
230909045984	1300.79	746.38	1277.49	725.68	3.3661	3.1132
230909054326	1303.97	723.83	1276.94	731.45	3.3384	3.1394
230909062659	1306.29	768.31	1272.91	762.21	3.3944	3.1921
230909070983	1300.05	758.66	1277.65	779.33	3.3624	3.2040
230909079325	1309.92	778.30	1268.82	788.15	3.3932	3.2033
230909087649	1308.59	769.30	1266.41	789.82	3.3810	3.2214
230909095995	1308.13	773.49	1272.88	768.65	3.3767	3.1582
230909104321	1303.49	766.31	1280.94	784.63	3.3869	3.2049
230909112662	1327.71	708.84	1300.83	767.17	3.2991	3.1828
230909120996	1335.01	755.93	1312.75	772.10	3.3763	3.2235
230909129328	1337.90	750.61	1306.66	755.02	3.3897	3.1830
230909137662	1334.31	766.99	1297.89	757.98	3.4178	3.1946
230909145996	1331.75	769.55	1300.06	753.80	3.4176	3.1695
230909154327	1326.15	760.36	1300.24	759.44	3.3839	3.1872
230909162661	1325.73	754.41	1305.90	765.93	3.3664	3.1981
230909170995	1329.24	741.47	1309.01	779.37	3.3664	3.2213
230909179327	1333.94	758.55	1301.19	780.28	3.3927	3.2038
230909187661	1335.52	742.13	1296.03	780.23	3.3636	3.2047
230909195994	1329.41	761.15	1291.95	788.12	3.4104	3.2170
230909204327	1334.49	744.69	1298.90	781.57	3.3755	3.2157
230909212661	1336.40	743.09	1299.92	789.42	3.3592	3.2208
230909220986	1335.73	736.78	1303.90	784.74	3.3581	3.2231
230909229334	1333.77	712.33	1302.82	780.78	3.2865	3.2361
230909237658	1340.64	762.70	1305.47	767.80	3.3950	3.2334
230909246000	1324.67	653.44	1302.61	753.36	3.1885	3.2133
230909254333	1327.04	683.97	1295.96	771.71	3.2582	3.2329
230909262657	1319.67	648.53	1300.01	768.85	3.1895	3.2426
230909271000	1316.64	668.72	1304.17	754.86	3.2287	3.2102
230909279332	1318.27	685.89	1306.62	737.11	3.2836	3.1757
230909287666	1316.86	727.22	1308.45	767.75	3.3441	3.2264
230909296000	1322.56	698.08	1301.07	776.85	3.2750	3.2542
230909304332	1335.39	756.69	1302.64	778.03	3.4169	3.2421
230909312666	1332.32	691.72	1303.12	766.79	3.2691	3.2016
230909320999	1333.13	756.37	1297.46	789.99	3.4044	3.2599
230909329332	1331.09	753.07	1291.26	781.79	3.4077	3.2495
230909337666	1329.12	751.60	1293.44	783.66	3.3853	3.2483
230909345999	1326.12	698.30	1302.16	775.21	3.2680	3.2588
230909354333	1325.06	669.44	1303.93	760.82	3.2273	3.2391
230909362671	1335.34	734.76	1296.92	763.01	3.3777	3.2594
230909371004	1335.15	743.35	1290.16	759.59	3.4031	3.2563
230909379338	1334.48	735.52	1294.42	767.53	3.3917	3.2565
230909387671	1331.75	681.20	1297.24	767.00	3.2890	3.2609
230909396005	1336.28	731.98	1301.58	764.21	3.4051	3.2431
230909404336	1329.23	748.52	1311.39	747.28	3.4187	3.2255
230909412670	1335.67	718.53	1312.93	732.32	3.3636	3.1990
230909421004	1336.18	756.42	1312.80	734.59	3.4372	3.2194
230909429336	1338.12	749.93	1313.54	733.01	3.4199	3.2310
230909437670	1334.16	740.53	1314.47	730.00	3.4003	3.2159
230909446003	1328.91	611.96	1308.23	755.29	3.1681	3.2551
230909454336	1328.63	690.69	1304.28	765.73	3.3287	3.2895
230909462670	1330.67	739.65	1305.95	768.46	3.4228	3.2901
230909471003	1333.59	751.39	1303.83	779.23	3.4522	3.2961
230909479337	1328.17	714.41	1311.32	777.94	3.3651	3.2784
230909487669	1327.63	753.28	1304.99	788.74	3.4480	3.2757
230909496007	1326.77	756.77	1299.09	787.19	3.4268	3.2765
230909504341	1326.99	717.16	1302.02	759.44	3.3542	3.2370
230909512674	1329.37	735.36	1307.95	741.70	3.3875	3.2156
230909521007	1334.08	772.79	1297.51	750.01	3.4734	3.2530
230909529340	1329.16	726.10	1297.74	759.95	3.3835	3.2896
230909537674	1328.07	699.74	1304.17	755.24	3.3417	3.2724
230909545999	1331.50	700.83	1298.89	757.85	3.3514	3.2883
230909554332	1326.63	681.60	1296.13	761.32	3.3123	3.2967
230909562666	1334.04	722.07	1298.61	766.80	3.4070	3.2940
230909570998	1334.65	723.18	1297.07	761.22	3.4108	3.2915
230909579331	1331.05	726.59	1293.19	764.80	3.4043	3.2830
230909587673	1331.64	734.20	1296.71	773.34	3.4247	3.2947
230909596006	1332.66	744.49	1296.35	763.72	3.4475	3.2908
230909604340	1329.10	747.63	1301.31	769.71	3.4491	3.2972
230909612673	1333.00	749.26	1300.77	770.58	3.4574	3.2960
230909621010	1332.98	752.26	1293.39	781.04	3.4544	3.2972
230909629344	1332.42	741.84	1294.37	786.60	3.4584	3.3113
230909637677	1330.13	729.61	1290.93	783.36	3.4341	3.2894
230909646010	1328.77	718.11	1286.49	778.59	3.4096	3.2800
230909654343	1331.81	717.09	1291.68	784.27	3.4045	3.2830
230909662676	1326.95	726.90	1294.11	756.39	3.4212	3.2497
230909671009	1334.68	740.24	1291.24	766.61	3.4601	3.2621
230909679342	1323.84	716.88	1305.01	709.13	3.4204	3.1680
230909687676	1326.32	743.76	1295.48	756.40	3.4787	3.2749
230909696009	1321.42	712.04	1298.12	768.08	3.4057	3.3052
230909704342	1325.83	753.34	1294.32	732.62	3.4877	3.2565
230909712676	1308.92	743.47	1284.80	753.86	3.4773	3.3113
230909721009	1264.77	718.27	1231.65	762.54	3.4240	3.3314
230909729334	1246.93	762.29	1205.50	744.71	3.5246	3.3123
230909737675	1215.08	738.31	1197.40	733.27	3.4946	3.3183
230909746008	1215.26	755.46	1201.51	754.21	3.5126	3.3481
230909754349	1229.75	745.20	1198.63	749.63	3.4916	3.3250
230909762681	1226.02	710.27	1201.63	746.91	3.3959	3.3155
230909771015	1220.42	729.28	1202.08	750.87	3.4314	3.3320
230909779348	1219.70	740.39	1193.36	751.57	3.4673	3.3296
230909787682	1204.29	614.25	1185.70	745.71	3.2395	3.3385
230909796015	1227.07	740.79	1184.79	733.64	3.4790	3.3445
230909804348	1213.96	753.84	1179.49	708.90	3.5133	3.2835
230909812682	1219.68	739.37	1183.68	742.84	3.4940	3.3463
230909821015	1213.72	752.58	1190.40	719.06	3.5056	3.2888
230909829348	1217.47	744.79	1188.99	750.12	3.4960	3.3584
230909837682	1220.01	745.51	1185.41	747.05	3.5136	3.3425
230909846015	1220.57	701.45	1180.14	699.38	3.4071	3.2627
230909854349	1217.93	719.37	1183.29	707.78	3.4476	3.2939
230909862681	1224.15	690.31	1183.26	726.91	3.4007	3.3195
230909871007	1228.19	741.84	1184.17	722.40	3.5063	3.3205
230909879349	1224.79	758.77	1187.58	723.83	3.5305	3.3194
230909887683	1222.46	741.23	1178.64	750.39	3.5243	3.3479
230909896017	1216.66	733.98	1176.70	760.56	3.5155	3.3544
230909904350	1214.04	721.74	1180.02	744.53	3.5047	3.3226
230909912683	1217.16	746.13	1185.24	757.87	3.5195	3.3544
230909921016	1215.39	750.43	1178.55	756.75	3.5169	3.3668
230909929349	1209.37	669.27	1183.00	724.40	3.3642	3.3317
230909937683	1227.38	715.48	1179.19	731.15	3.4440	3.3609
230909946016	1221.34	737.05	1183.44	735.43	3.4896	3.3617
230909954349	1221.10	721.61	1180.01	720.00	3.4838	3.3310
230909962683	1224.34	743.57	1181.11	721.07	3.5350	3.3220
230909971007	1224.19	749.47	1182.59	730.68	3.5435	3.3509
230909979349	1214.21	654.49	1183.56	733.08	3.3844	3.3304
230909987674	1211.88	619.50	1187.79	745.46	3.3221	3.3537
230909996007	1215.72	728.88	1193.84	742.32	3.5392	3.3507
230910004348	1216.77	694.52	1193.76	745.37	3.4707	3.3529
230910012681	1216.71	733.06	1197.60	761.69	3.5422	3.3589
230910021020	1196.43	705.43	1179.59	752.49	3.4825	3.3651
230910029353	1156.66	748.23	1146.34	701.77	3.5502	3.3105
230910037687	1136.29	723.89	1148.74	726.62	3.5311	3.3170
230910046020	1091.22	733.96	1122.14	784.04	3.5075	3.3345
230910054353	1070.49	771.49	1073.37	727.76	3.5147	3.2752
230910062678	1016.05	675.70	1086.40	1018.21	3.3903	3.2335
230910071020	979.77	780.44	NaN	NaN	3.3958	NaN
230910079344	916.60	1028.02	NaN	NaN	3.4292	NaN
230910087685	NaN	NaN	NaN	NaN	NaN	NaN
230910096019	NaN	NaN	NaN	NaN	NaN	NaN
230910104352	NaN	NaN	NaN	NaN	NaN	NaN
230910112685	NaN	NaN	NaN	NaN	NaN	NaN
230910121019	NaN	NaN	NaN	NaN	NaN	NaN
230910129352	NaN	NaN	NaN	NaN	NaN	NaN
230910137686	NaN	NaN	NaN	NaN	NaN	NaN
230910146023	546.44	783.70	NaN	NaN	3.1355	NaN
230910154356	540.03	774.12	NaN	NaN	3.2672	NaN
230910162688	502.25	683.53	NaN	NaN	3.2765	NaN
230910171014	462.32	632.05	459.12	593.45	3.3305	3.1893
230910179346	438.25	621.48	478.47	593.69	3.3082	3.3261
230910187689	395.80	688.96	440.70	633.41	3.2820	3.2742
230910196022	365.10	689.45	427.96	661.35	3.2661	3.2411
230910204355	325.50	668.07	391.86	659.75	3.3084	3.2266
230910212689	304.05	663.56	364.40	656.26	3.2991	3.2659
230910221022	287.52	648.51	325.12	668.91	3.3338	3.2756
230910229355	255.55	655.96	300.20	636.17	3.3432	3.2776
230910237689	221.14	660.82	280.82	625.24	3.3670	3.2823
230910246021	208.74	652.49	248.96	641.07	3.3499	3.2994
230910254354	187.23	653.97	250.11	637.90	3.3430	3.3039
230910262687	180.10	639.52	239.70	638.42	3.3379	3.3034
230910271020	180.67	643.79	253.52	618.90	3.3335	3.2914
230910279359	171.21	641.30	247.61	611.58	3.3243	3.2828
230910287692	184.68	643.58	237.54	611.87	3.3142	3.2772
230910296026	196.65	648.94	244.76	619.43	3.3199	3.2638
230910304359	195.53	653.08	252.87	620.01	3.3128	3.2666
230910312693	204.33	653.32	242.45	632.87	3.3272	3.2777
230910321026	205.16	649.10	233.28	626.39	3.2995	3.2797
230910329350	214.86	654.64	242.04	633.95	3.3130	3.2740
230910337692	206.97	663.30	231.48	636.51	3.3040	3.2804
230910346025	203.70	665.78	233.10	629.90	3.3066	3.2465
230910354350	201.14	658.16	247.41	639.47	3.3038	3.2413
230910362684	196.16	664.45	243.38	633.21	3.3057	3.2333
230910371017	197.60	653.95	247.01	624.20	3.2855	3.2303
230910379351	197.17	653.14	227.34	622.81	3.3050	3.2205
230910387684	196.53	636.70	245.95	604.76	3.2888	3.2365
230910396017	195.84	631.80	243.55	601.88	3.2770	3.2205
230910404351	207.85	650.44	250.20	604.48	3.2901	3.2108
230910412698	200.54	652.81	244.99	613.63	3.2682	3.2021
230910421031	206.23	653.68	242.18	616.70	3.2655	3.1906
230910429364	194.66	646.80	243.05	628.93	3.2451	3.1928
230910437697	202.71	654.13	240.67	624.93	3.2479	3.1874
230910446030	204.54	648.77	244.39	629.41	3.2419	3.1861
230910454364	208.71	639.37	245.59	638.44	3.2308	3.1825
230910462697	211.34	654.06	245.55	625.75	3.2396	3.1631
230910471031	209.37	646.57	247.85	630.86	3.2139	3.1580
230910479364	207.46	643.68	251.70	628.73	3.2219	3.1508
230910487698	203.29	644.74	255.19	623.90	3.1819	3.1293
230910496030	201.31	625.29	256.27	623.77	3.1598	3.1388
230910504363	198.33	632.45	262.26	619.37	3.1734	3.1344
230910512696	185.25	623.18	246.46	615.14	3.1397	3.1309
230910521030	197.94	620.05	230.88	606.15	3.1553	3.1004
230910529363	192.99	608.77	236.76	607.82	3.1344	3.1065
230910537700	208.33	606.84	239.87	617.08	3.1311	3.0861
230910546025	214.36	607.29	237.01	624.28	3.1220	3.0956
230910554358	217.29	616.45	228.37	626.25	3.1257	3.0706
230910562691	213.40	615.05	243.96	616.06	3.1110	3.0675
230910571025	278.33	623.19	311.25	624.44	3.1310	3.0741
230910579358	393.00	624.52	469.25	632.84	3.1505	3.1343
230910587690	541.62	634.13	603.41	643.74	3.2065	3.1395
230910596033	668.04	654.32	730.40	642.62	3.2169	3.0692
230910604366	800.21	659.11	859.98	654.56	3.1760	3.0161
230910612699	909.31	690.58	977.49	660.08	3.1947	2.9839
230910621033	1022.23	681.72	1077.45	673.47	3.1267	2.9748
230910629366	1138.19	728.46	1192.64	665.97	3.2549	2.9279
230910637691	1232.04	706.61	1272.18	696.16	3.2155	2.9339
230910646024	1297.86	754.37	1323.03	765.96	3.2931	3.0186
230910654366	1308.11	735.75	1296.28	788.55	3.2690	3.1037
230910662698	1297.96	760.73	1301.40	746.10	3.3015	2.9873
230910671036	1294.86	773.59	1296.73	756.11	3.3087	3.0011
230910679370	1297.44	637.22	1295.63	717.55	3.0424	2.9298
230910687703	1308.54	733.91	1291.52	736.08	3.2200	2.9600
230910696028	1304.84	724.49	1284.87	745.28	3.1848	2.9707
230910704370	1305.15	724.56	1298.56	709.06	3.1808	2.9063
230910712694	1300.77	733.13	1290.53	730.72	3.1835	2.9504
230910721037	1294.15	735.98	1296.65	693.47	3.1848	2.9094
230910729370	1285.65	711.89	1297.47	695.17	3.1684	2.9029
230910737694	1281.81	623.37	1281.90	702.42	3.0027	2.9223
230910746027	1299.71	757.24	1277.34	703.00	3.2647	2.9104
230910754368	1301.61	753.58	1275.38	720.52	3.2523	2.9337
230910762702	1295.13	723.56	1282.72	717.75	3.1738	2.9154
230910771027	1287.39	758.95	1285.82	716.80	3.2423	2.9269
230910779360	1306.00	758.45	1282.58	709.40	3.2424	2.9352
230910787694	1303.69	747.53	1270.97	699.85	3.2410	2.9239
230910796035	1306.45	748.21	1273.25	705.49	3.2504	2.9076
230910804375	1300.93	756.87	1257.31	740.58	3.2489	2.9626
230910812708	1297.35	755.64	1264.66	740.46	3.2358	2.9592
230910821041	1302.93	712.40	1274.94	730.74	3.1687	2.9608
230910829374	1295.96	714.44	1264.81	757.07	3.1759	2.9883
230910837708	1296.32	714.76	1265.60	734.61	3.1682	2.9650
230910846042	1306.58	701.99	1276.36	705.53	3.1730	2.9100
230910854374	1308.88	723.94	1276.62	695.37	3.1876	2.8994
230910862708	1304.96	756.85	1282.88	703.76	3.2389	2.9178
230910871042	1298.79	717.86	1275.63	748.10	3.1786	2.9553
230910879374	1301.04	766.07	1264.63	714.97	3.2621	2.9417
230910887700	1303.06	755.03	1271.67	709.87	3.2440	2.9613
230910896033	1304.36	761.91	1274.65	723.55	3.2462	2.9550
230910904366	1296.40	724.85	1267.88	743.60	3.1714	2.9828
230910912699	1300.89	757.94	1280.90	719.81	3.2667	2.9833
230910921032	1297.98	761.15	1281.58	681.77	3.2780	2.9282
230910929374	1297.46	753.63	1281.41	691.83	3.2478	2.9363
230910937710	1302.17	767.25	1287.89	697.94	3.2752	2.9313
230910946043	1304.53	769.90	1287.64	731.64	3.2581	2.9627
230910954368	1304.22	755.01	1278.99	705.81	3.2206	2.9323
230910962701	1312.98	740.32	1277.44	702.79	3.1839	2.9240
230910971044	1310.75	779.10	1278.56	757.27	3.2783	3.0391
230910979368	1304.11	772.18	1277.43	750.01	3.2677	3.0131
230910987701	1308.26	773.16	1272.22	758.46	3.2714	3.0398
230910996043	1300.94	721.47	1277.80	733.53	3.1998	3.0092
230911004375	1303.58	707.14	1279.85	747.60	3.1785	3.0336
230911012709	1307.84	740.20	1284.06	726.91	3.2578	3.0003
230911021042	1306.50	724.13	1275.04	727.48	3.2172	3.0471
230911029375	1309.53	756.42	1282.70	686.27	3.2823	2.9476
230911037709	1302.46	745.45	1281.38	717.14	3.2769	3.0148
230911046042	1304.15	746.46	1269.53	750.52	3.2862	3.1023
230911054367	1297.91	754.86	1273.52	728.76	3.2903	3.0584
230911062714	1296.55	755.82	1279.40	722.20	3.2794	3.0347
230911071047	1299.12	763.03	1279.53	739.44	3.2958	3.0368
230911079381	1307.43	771.63	1269.25	766.83	3.2907	3.0980
230911087713	1312.21	731.34	1276.34	746.05	3.2149	3.0910
230911096046	1308.46	770.48	1277.35	752.91	3.2973	3.0988
230911104379	1297.56	716.14	1270.12	741.29	3.2017	3.1245
230911112713	1293.96	718.06	1284.83	725.26	3.2501	3.0733
230911121038	1300.16	758.12	1270.13	779.97	3.3089	3.1296
230911129379	1306.03	764.86	1277.58	724.85	3.3171	3.0573
230911137713	1306.95	768.72	1272.15	711.35	3.3058	3.0562
230911146046	1311.83	759.71	1269.00	751.43	3.3156	3.1048
230911154371	1317.24	761.79	1287.50	726.86	3.3309	3.0715
230911162713	1312.86	778.39	1279.44	734.38	3.3235	3.0726
230911171045	1311.96	730.66	1272.00	712.88	3.2393	3.0890
230911179379	1296.52	736.00	1277.58	691.87	3.2311	3.0587
230911187712	1306.58	740.34	1273.13	724.51	3.2847	3.1123
230911196042	1309.17	781.22	1279.77	701.83	3.3344	3.0947
230911204385	1310.72	730.31	1280.62	761.02	3.2521	3.1414
230911212718	1339.10	759.96	1303.68	757.60	3.3174	3.1460
230911221043	1346.22	761.63	1313.27	762.15	3.3462	3.1554
230911229376	1346.07	735.61	1318.61	700.77	3.2973	3.0839
230911237718	1351.05	778.16	1315.62	767.90	3.3516	3.1629
230911246051	1345.27	779.22	1303.30	761.49	3.3962	3.1716
230911254383	1344.37	782.31	1312.93	709.64	3.3669	3.1111
230911262717	1344.54	779.34	1315.38	754.22	3.3782	3.1302
230911271050	1343.49	766.65	1309.10	762.89	3.3669	3.1533
230911279375	1344.82	742.28	1309.38	750.54	3.3329	3.1477
230911287708	1346.78	771.33	1317.99	741.91	3.3739	3.1525
230911296050	1346.00	728.90	1311.61	731.20	3.2945	3.1335
230911304384	1346.43	743.61	1311.35	737.56	3.3389	3.1551
230911312716	1346.25	768.40	1309.83	733.66	3.3855	3.1711
230911321050	1343.57	725.31	1316.38	723.45	3.3069	3.1330
230911329388	1345.00	734.14	1305.06	749.73	3.3547	3.2017
230911337711	1347.79	777.67	1311.27	769.52	3.4290	3.2223
230911346053	1352.74	777.08	1309.54	750.39	3.4558	3.1799
230911354386	1355.25	730.38	1306.71	766.37	3.3405	3.2233
230911362719	1358.02	774.90	1305.16	778.87	3.4338	3.2380
230911371053	1345.97	747.41	1305.56	758.31	3.3887	3.1894
230911379386	1357.25	784.20	1298.54	770.28	3.4560	3.2255
230911387720	1342.72	783.70	1295.38	767.93	3.4496	3.2335
230911396053	1339.31	770.29	1301.37	751.85	3.4427	3.2115
230911404378	1345.80	766.03	1317.53	766.29	3.4484	3.2515
230911412711	1343.97	761.13	1312.10	764.23	3.4308	3.2332
230911421052	1350.03	780.04	1298.75	772.41	3.4682	3.2437
230911429386	1349.00	768.62	1302.99	783.71	3.4530	3.2447
230911437718	1349.65	775.93	1294.07	792.26	3.4634	3.2693
230911446043	1353.34	778.87	1304.68	763.02	3.4829	3.2421
230911454386	1354.98	768.40	1310.69	743.65	3.4707	3.2040
230911462716	1346.52	766.30	1294.16	771.91	3.4858	3.2775
230911471050	1341.02	736.58	1301.51	784.27	3.4162	3.2849
230911479383	1350.21	776.52	1308.12	769.62	3.4900	3.2669
230911487716	1361.35	776.60	1301.46	760.71	3.4993	3.2681
230911496058	1346.72	774.53	1301.55	784.75	3.5108	3.2973
230911504390	1348.01	776.70	1304.73	759.83	3.4941	3.2453
230911512724	1349.49	776.46	1311.87	746.37	3.4996	3.2479
230911521057	1355.83	784.87	1305.98	769.21	3.5250	3.2922
230911529390	1358.65	758.94	1308.96	774.21	3.5158	3.2976
230911537724	1343.09	752.48	1317.59	781.69	3.4922	3.3007
230911546048	1353.42	770.19	1308.12	789.61	3.5383	3.3188
230911554390	1353.27	752.71	1313.06	774.64	3.5116	3.3000
230911562723	1356.60	773.63	1317.23	747.77	3.5554	3.2317
230911571057	1358.01	757.38	1314.79	771.66	3.4942	3.3137
230911579390	1353.76	791.77	1307.47	754.45	3.5407	3.2876
230911587716	1340.92	728.34	1306.95	766.28	3.4455	3.2955
230911596050	1353.74	776.03	1311.28	785.20	3.5556	3.3259
230911604382	1355.02	754.47	1298.08	777.29	3.4916	3.3428
230911612724	1352.05	756.15	1302.82	757.98	3.5055	3.2907
230911621058	1347.44	728.29	1288.90	801.14	3.4765	3.3538
230911629391	1351.63	760.18	1294.23	767.42	3.5431	3.3280
230911637725	1358.87	709.36	1304.81	758.29	3.3932	3.3163
230911646058	1364.44	735.63	1306.15	777.19	3.4572	3.3512
230911654391	1363.58	703.46	1303.54	786.57	3.4211	3.3506
230911662725	1356.47	734.53	1309.06	777.02	3.4802	3.3186
230911671057	1352.34	782.33	1305.50	786.51	3.5897	3.3521
230911679390	1346.80	733.10	1306.71	782.28	3.4889	3.3339
230911687723	1351.23	753.36	1296.24	791.29	3.5262	3.3674
230911696057	1347.64	761.40	1298.37	785.29	3.5335	3.3657
230911704390	1345.26	725.78	1295.93	783.42	3.4691	3.3549
230911712723	1353.56	731.00	1299.84	773.49	3.4643	3.3321
230911721063	1348.78	771.32	1298.97	789.45	3.5509	3.3690
230911729396	1348.46	751.26	1303.77	767.98	3.5267	3.3188
230911737729	1349.48	743.68	1298.08	741.42	3.5188	3.2893
230911746063	1343.45	725.92	1304.92	784.05	3.4822	3.3799
230911754395	1347.53	739.43	1297.40	767.94	3.5372	3.3366
230911762729	1359.57	734.35	1296.24	778.99	3.5219	3.3745
230911771062	1355.12	758.29	1297.18	764.88	3.5682	3.3764
230911779395	1355.45	737.99	1296.59	757.52	3.5403	3.3620
230911787729	1355.85	737.26	1304.15	764.51	3.5501	3.3589
230911796062	1352.13	764.52	1299.41	759.94	3.5927	3.3602
230911804395	1347.88	752.49	1303.09	755.85	3.5899	3.3614
230911812728	1348.62	728.15	1309.78	767.45	3.5317	3.3590
230911821061	1349.46	751.68	1298.81	788.81	3.5581	3.3812
230911829395	1355.85	718.55	1306.28	780.23	3.4676	3.3960
230911837727	1354.23	733.28	1294.22	763.74	3.5456	3.3921
230911846061	1350.13	750.80	1291.93	788.61	3.5754	3.3805
230911854399	1345.74	749.72	1304.64	762.34	3.5418	3.3723
230911862724	1354.06	723.34	1299.00	766.72	3.5261	3.4046
230911871066	1345.00	738.78	1309.67	790.79	3.5457	3.3978
230911879399	1349.26	756.53	1301.56	786.60	3.5789	3.4145
230911887733	1354.09	740.64	1310.37	759.22	3.5478	3.4081
230911896065	1353.10	744.28	1303.08	769.12	3.5606	3.4181
230911904399	1352.83	744.02	1313.45	723.39	3.5566	3.3440
230911912724	1358.98	757.29	1309.15	753.45	3.5906	3.4002
230911921056	1359.26	745.92	1307.60	756.59	3.5690	3.3991
230911929390	1353.56	740.57	1304.39	784.34	3.5547	3.4124
230911937723	1337.53	736.16	1314.45	790.62	3.5438	3.4254
230911946056	1346.35	720.25	1301.94	779.26	3.5453	3.4234
230911954398	1344.51	743.56	1290.90	776.85	3.5880	3.4217
230911962731	1354.01	728.88	1305.26	770.10	3.5392	3.4113
230911971065	1352.01	737.20	1293.83	793.76	3.5303	3.4215
230911979402	1347.14	720.46	1307.36	789.51	3.5230	3.4126
230911987735	1342.19	749.77	1313.55	785.89	3.5618	3.3984
230911996069	1341.31	728.01	1299.16	792.16	3.5355	3.4252
230912004401	1345.63	745.89	1296.85	779.53	3.5592	3.3895
230912012735	1356.27	743.07	1298.75	780.99	3.5632	3.4023
230912021067	1349.66	746.90	1297.84	790.98	3.5574	3.4273
230912029401	1352.19	733.75	1292.53	797.16	3.5462	3.4326
230912037735	1345.12	711.96	1288.72	803.18	3.4824	3.4494
230912046067	1347.42	751.38	1294.38	791.28	3.5706	3.4220
230912054401	1345.64	744.61	1299.05	787.23	3.5768	3.4487
230912062734	1375.96	727.05	1332.67	780.12	3.5544	3.4480
230912071067	1434.29	732.50	1404.31	788.46	3.5833	3.5003
230912079401	1490.68	750.68	1452.86	780.59	3.6200	3.4648
230912087733	1524.36	751.74	1508.79	764.78	3.6427	3.4254
230912096067	1544.29	762.74	1528.53	720.74	3.6674	3.3769
230912104391	1538.54	764.60	1513.48	729.28	3.6701	3.3893
230912112737	1545.02	745.98	1498.85	740.01	3.6465	3.3787
230912121071	1535.93	757.03	1498.38	753.85	3.6491	3.3856
230912129404	1534.90	758.34	1489.93	762.81	3.6432	3.3932
230912137737	1529.24	750.61	1493.02	769.24	3.6082	3.4273
230912146070	1542.89	751.91	1498.66	741.58	3.6355	3.3615
230912154395	1544.78	736.40	1492.89	748.43	3.6044	3.4039
230912162737	1554.51	730.54	1500.77	735.18	3.5811	3.3906
230912171061	1547.01	734.94	1492.83	752.77	3.5933	3.4006
230912179395	1541.53	742.18	1494.98	756.79	3.6217	3.4097
230912187727	1538.35	753.21	1499.86	758.22	3.6407	3.4041
230912196069	1537.68	737.46	1499.05	755.94	3.6229	3.4222
230912204403	1537.63	737.19	1501.68	744.04	3.6334	3.4147
230912212736	1537.64	752.03	1503.77	723.17	3.6766	3.3880
230912221070	1535.51	738.79	1497.69	755.81	3.6494	3.4410
230912229403	1542.00	744.33	1499.25	748.59	3.6636	3.4098
230912237736	1546.46	740.34	1494.80	753.14	3.6559	3.4199
230912246077	1549.61	734.94	1500.87	763.03	3.6472	3.4282
230912254409	1553.18	733.06	1497.29	763.84	3.6382	3.4142
230912262742	1552.92	750.42	1502.99	742.73	3.6672	3.3922
230912271075	1549.14	739.43	1502.23	757.35	3.6573	3.4247
230912279409	1548.73	735.75	1498.92	756.03	3.6582	3.4160
230912287742	1550.46	724.77	1493.86	756.63	3.6421	3.4209
230912296075	1547.96	724.57	1490.49	755.49	3.6607	3.4249
230912304409	1549.75	724.04	1496.45	766.03	3.6617	3.4372
230912312742	1548.67	718.70	1497.01	751.50	3.6588	3.4183
230912321075	1545.37	739.51	1497.90	762.65	3.6888	3.4299
230912329409	1545.65	716.11	1497.59	778.11	3.6624	3.4545
230912337741	1541.71	717.22	1504.31	754.77	3.6644	3.4324
230912346075	1532.36	720.73	1500.25	765.21	3.6421	3.4403
230912354407	1531.38	732.41	1506.42	730.27	3.6755	3.3961
230912362741	1533.08	737.56	1497.75	731.78	3.6906	3.4389
230912371075	1533.39	745.18	1484.31	762.84	3.6582	3.4621
230912379412	1540.42	747.82	1494.24	765.97	3.6587	3.4502
230912387746	1541.36	723.31	1491.78	761.36	3.6462	3.4483
230912396079	1546.20	719.63	1496.58	754.29	3.6760	3.4563
230912404412	1557.26	718.59	1502.10	726.64	3.6158	3.4213
230912412746	1555.87	736.25	1496.80	734.15	3.6436	3.4417
230912421078	1561.17	732.05	1494.97	739.50	3.6392	3.4592
230912429412	1546.52	732.52	1489.56	748.63	3.6243	3.4616
230912437745	1546.69	740.56	1494.64	744.12	3.6477	3.4515
230912446078	1551.26	740.18	1502.08	730.86	3.6283	3.4322
230912454412	1558.34	750.23	1498.94	751.26	3.6519	3.4399
230912462745	1554.52	726.29	1491.73	769.63	3.6205	3.4553
230912471079	1554.35	739.77	1492.25	771.67	3.6514	3.4486
230912479411	1554.31	714.49	1494.75	775.88	3.6066	3.4505
230912487745	1549.40	725.28	1500.80	742.25	3.6286	3.4255
230912496079	1548.51	718.74	1496.39	751.58	3.6099	3.4273
230912504416	1550.00	714.87	1494.75	746.50	3.6039	3.4465
230912512741	1546.08	734.68	1495.47	747.57	3.6342	3.4332
230912521082	1545.61	715.48	1494.62	748.45	3.5930	3.4277
230912529407	1549.44	743.48	1487.96	782.58	3.6389	3.4615
230912537741	1553.75	708.70	1495.16	774.05	3.5606	3.4321
230912546074	1551.16	740.66	1493.48	775.04	3.6063	3.4211
230912554416	1556.35	722.30	1507.14	741.14	3.5833	3.4099
230912562749	1546.95	733.60	1499.49	746.53	3.6010	3.4245
230912571082	1548.44	717.36	1495.15	739.85	3.5895	3.4130
230912579416	1548.73	716.50	1485.71	765.59	3.5890	3.4385
230912587749	1553.00	735.86	1487.49	752.06	3.6224	3.4029
230912596082	1548.27	750.11	1482.03	773.53	3.6460	3.4584
230912604414	1547.15	737.28	1485.73	748.70	3.6160	3.3984
230912612748	1548.48	720.52	1492.38	742.89	3.5987	3.3999
230912621081	1544.51	740.35	1491.55	753.15	3.6344	3.4313
230912629414	1550.19	731.95	1500.70	741.61	3.6082	3.4100
230912637752	1542.49	733.27	1506.15	743.46	3.6071	3.3919
230912646085	1543.20	720.43	1499.55	773.97	3.5640	3.4097
230912654418	1532.77	727.55	1507.29	772.15	3.5814	3.4087
230912662752	1527.78	730.31	1504.35	758.60	3.5989	3.4016
230912671085	1533.35	723.85	1510.51	750.75	3.5943	3.4047
230912679418	1534.18	743.21	1502.44	744.81	3.6428	3.4055
230912687742	1533.33	739.62	1505.37	733.08	3.6082	3.3783
230912696075	1542.31	740.63	1496.38	755.52	3.5914	3.4114
230912704409	1543.48	759.44	1495.80	759.53	3.6316	3.4055
230912712742	1549.31	739.74	1495.94	773.28	3.5783	3.4320
230912721084	1555.50	734.87	1502.21	770.54	3.5768	3.4056
230912729417	1544.50	743.52	1502.41	765.61	3.6050	3.4091
230912737751	1545.89	767.73	1507.58	765.46	3.6471	3.4135
230912746084	1540.28	737.03	1505.45	764.92	3.5985	3.4065
230912754417	1538.07	762.72	1507.27	765.05	3.6556	3.4060
230912762750	1541.18	732.33	1504.45	763.50	3.5810	3.4137
230912771088	1551.16	762.10	1504.63	761.20	3.6414	3.4229
230912779421	1551.13	747.78	1505.28	764.59	3.6062	3.4165
230912787755	1535.64	752.76	1491.66	735.21	3.6251	3.3990
230912796088	1465.38	721.39	1413.95	794.11	3.6063	3.5114
230912804422	1395.27	725.41	1348.20	800.55	3.5844	3.5235
230912812746	1357.30	736.23	1300.04	777.29	3.5866	3.5093
230912821079	1328.27	729.92	1286.52	797.42	3.5547	3.5255
230912829422	1343.03	736.04	1303.01	744.11	3.5811	3.4337
230912837746	1345.28	733.77	1300.25	766.32	3.5579	3.4626
230912846079	1348.93	735.29	1304.59	786.88	3.5828	3.5118
230912854412	1343.13	735.17	1303.53	793.59	3.5816	3.5409
230912862745	1346.71	738.84	1304.65	787.21	3.5840	3.5191
230912871087	1346.66	741.94	1306.44	788.13	3.5640	3.5061
230912879420	1349.24	734.25	1302.71	773.50	3.5662	3.4695
230912887754	1340.95	746.99	1299.95	781.87	3.5783	3.4715
230912896087	1344.56	749.85	1300.70	788.91	3.5935	3.4634
230912904425	1345.91	743.66	1299.12	779.70	3.5922	3.4565
230912912759	1352.70	741.61	1299.33	786.77	3.5929	3.5097
230912921092	1341.07	729.78	1296.59	773.67	3.5858	3.5102
230912929425	1353.49	740.43	1301.16	777.50	3.6167	3.4926
230912937757	1353.48	736.82	1295.99	787.93	3.5710	3.5010
230912946091	1353.50	755.40	1292.37	788.77	3.6105	3.4909
230912954425	1360.64	742.30	1298.68	783.88	3.5834	3.4809
230912962757	1358.14	732.10	1288.43	790.35	3.5912	3.5083
230912971091	1357.68	736.24	1292.05	791.41	3.6140	3.4977
230912979424	1357.29	743.18	1294.00	795.16	3.6156	3.5189
230912987757	1357.23	732.95	1296.54	793.36	3.6007	3.5256
230912996083	1356.54	747.25	1299.81	782.67	3.6246	3.4901
230913004416	1349.74	750.92	1293.94	810.09	3.6351	3.5275
230913012748	1351.17	743.98	1293.66	793.12	3.6090	3.4836
230913021081	1342.19	743.63	1293.84	810.60	3.6164	3.5314
230913029418	1351.19	747.81	1305.75	784.93	3.6236	3.4679
230913037760	1345.23	743.71	1313.15	769.48	3.6184	3.4666
230913046093	1344.87	730.33	1309.11	780.81	3.6255	3.4956
230913054427	1344.08	729.99	1312.94	776.50	3.6057	3.5019
230913062759	1341.24	730.86	1305.48	784.14	3.6024	3.5223
230913071093	1363.33	730.84	1309.98	780.34	3.6213	3.5111
230913079427	1374.82	723.91	1310.90	794.02	3.6200	3.5337
230913087759	1373.27	736.23	1304.60	795.70	3.6286	3.5340
230913096092	1370.94	714.57	1304.95	779.44	3.5887	3.4842
230913104425	1379.42	732.80	1306.36	791.27	3.6069	3.5086
230913112758	1370.30	726.22	1307.72	779.05	3.5761	3.4935
230913121092	1375.83	734.25	1305.45	773.57	3.6017	3.4767
230913129425	1363.88	737.54	1313.50	798.53	3.6072	3.5201
230913137759	1366.92	730.64	1322.53	775.73	3.5727	3.4807
230913146092	1353.20	733.19	1322.80	773.14	3.5945	3.4581
230913154425	1350.79	742.74	1327.86	777.74	3.5970	3.4644
230913162764	1353.30	738.72	1322.81	788.97	3.5840	3.4945
230913171097	1351.49	750.32	1321.92	771.79	3.6216	3.4572
230913179429	1355.57	747.11	1328.96	791.22	3.6039	3.4911
230913187762	1352.96	750.16	1328.50	771.95	3.6380	3.4575
230913196096	1359.89	744.41	1316.81	797.43	3.6254	3.4999
230913204429	1365.55	720.09	1316.35	792.00	3.5682	3.4956
230913212762	1358.52	723.50	1319.82	791.73	3.5789	3.5046
230913221096	1357.85	729.35	1317.61	793.59	3.5775	3.5086
230913229429	1353.54	728.54	1323.56	782.00	3.5885	3.4927
230913237762	1356.38	737.67	1325.07	793.72	3.6036	3.5081
230913246096	1353.58	735.27	1327.42	778.73	3.5776	3.4800
230913254429	1354.70	729.77	1321.20	789.11	3.5747	3.4727
230913262762	1360.11	738.93	1318.97	793.27	3.5710	3.4829
230913271095	1361.11	734.41	1308.02	802.93	3.5581	3.4919
230913279428	1364.60	725.49	1315.01	774.04	3.5579	3.4369
230913287762	1361.12	735.63	1309.76	789.84	3.5639	3.4845
230913296100	1368.06	737.48	1313.45	797.98	3.5859	3.4840
230913304433	1358.37	730.78	1313.08	787.48	3.5574	3.4670
230913312766	1355.14	737.44	1327.39	752.91	3.5741	3.4084
230913321100	1351.27	738.79	1323.91	742.46	3.5841	3.3870
230913329433	1343.76	736.31	1328.14	752.13	3.5721	3.3996
230913337766	1351.60	724.67	1319.12	769.98	3.5515	3.4508
230913346099	1343.85	730.00	1324.56	732.39	3.5656	3.3664
230913354432	1352.35	745.12	1328.42	755.71	3.5915	3.3993
230913362765	1346.80	737.02	1326.18	760.85	3.5713	3.4228
230913371099	1346.69	729.91	1321.83	756.88	3.5744	3.4166
230913379432	1349.05	737.10	1326.67	750.44	3.5664	3.4120
230913387766	1376.08	753.66	1328.68	788.75	3.5992	3.4799
230913396099	1436.79	753.22	1398.58	784.19	3.5965	3.5008
230913404432	1497.50	762.47	1486.45	785.25	3.6190	3.5002
230913412766	1566.30	749.78	1569.62	747.18	3.6093	3.4287
230913421103	1622.79	775.46	1585.68	774.95	3.6447	3.4683
230913429436	1610.29	743.43	1585.51	738.61	3.5795	3.3983
230913437769	1621.08	750.99	1583.80	747.24	3.6025	3.4132
230913446102	1626.83	747.94	1575.01	760.07	3.5942	3.4375
230913454436	1625.16	753.08	1579.89	758.25	3.6240	3.4111
230913462769	1626.13	746.70	1573.79	768.35	3.6006	3.4328
230913471103	1618.61	736.24	1577.73	762.20	3.5835	3.3938
230913479436	1619.35	743.16	1571.20	772.78	3.5969	3.4122
230913487769	1615.53	756.98	1574.45	780.90	3.5972	3.4286
230913496103	1614.29	762.47	1582.60	759.56	3.5861	3.4142
230913504436	1607.17	768.99	1586.50	768.62	3.5854	3.4415
230913512769	1599.69	758.84	1587.70	744.18	3.5792	3.4033
230913521101	1605.45	750.31	1582.06	758.74	3.5939	3.4018
230913529435	1615.13	753.57	1588.45	769.31	3.5975	3.4021
230913537769	1618.54	747.38	1589.80	778.18	3.5924	3.4109
230913546101	1616.50	761.34	1577.07	780.00	3.6128	3.4614
230913554440	1615.02	755.58	1590.42	756.49	3.5905	3.4171
230913562773	1613.63	759.24	1584.44	748.76	3.6105	3.4213
230913571106	1613.12	750.66	1583.66	764.29	3.5960	3.4170
230913579440	1615.54	743.85	1588.37	759.83	3.6028	3.3954
230913587773	1615.08	750.48	1585.42	763.27	3.6063	3.4099
230913596106	1617.40	758.00	1581.34	767.87	3.5910	3.4469
230913604439	1613.46	793.71	1585.01	758.35	3.6593	3.4427
230913612772	1618.83	763.31	1592.99	733.46	3.5946	3.3987
230913621106	1615.65	767.51	1586.77	746.68	3.5903	3.4214
230913629439	1615.39	788.52	1586.57	745.70	3.6391	3.4285
230913637773	1625.23	768.71	1582.01	768.09	3.6267	3.4468
230913646105	1624.59	747.69	1578.64	785.40	3.5927	3.4843
230913654439	1619.04	732.99	1585.66	761.17	3.5918	3.4225
230913662773	1651.43	730.32	1594.12	770.96	3.5630	3.4609
230913671105	1684.39	786.30	1652.78	781.60	3.6274	3.4804
230913679438	1738.79	772.31	1702.88	808.55	3.6142	3.4738
230913687776	1737.75	761.11	1690.64	790.63	3.6269	3.4543
230913696109	1726.89	782.88	1690.42	766.12	3.6386	3.4547
230913704443	1730.81	796.02	1687.72	764.70	3.6300	3.4323
230913712776	1732.12	770.53	1684.21	779.96	3.5750	3.4160
230913721110	1739.42	770.01	1681.60	798.29	3.5898	3.4229
230913729443	1737.09	767.68	1680.50	791.37	3.5846	3.4286
230913737776	1737.07	771.95	1686.52	775.41	3.6105	3.3999
230913746110	1743.88	753.43	1674.00	791.34	3.5683	3.4449
230913754443	1743.02	757.28	1683.99	776.49	3.5789	3.4201
230913762775	1740.56	777.56	1684.45	788.80	3.6145	3.4585
230913771108	1744.36	747.13	1684.93	760.70	3.5500	3.4096
230913779442	1738.40	778.20	1682.73	755.96	3.6228	3.4030
230913787775	1734.94	759.51	1693.47	744.07	3.5845	3.3870
230913796108	1739.20	758.58	1683.36	762.48	3.5810	3.4261
230913804442	1737.44	770.18	1689.49	768.81	3.5729	3.4283
230913812775	1741.56	782.43	1689.97	779.88	3.5741	3.4236
230913821114	1730.22	768.30	1680.01	788.41	3.5605	3.4244
230913829448	1732.86	751.67	1686.23	776.21	3.5624	3.4235
230913837781	1732.15	758.76	1681.25	765.36	3.5660	3.4352
230913846114	1735.16	785.72	1688.48	735.73	3.6103	3.3670
230913854447	1732.70	792.55	1685.78	746.66	3.6340	3.4003
230913862780	1731.79	759.52	1679.01	758.31	3.5728	3.4021
230913871114	1730.09	782.85	1675.17	779.10	3.6228	3.4042
230913879447	1730.13	757.82	1673.10	778.21	3.5587	3.4360
230913887780	1733.42	772.65	1683.96	750.49	3.5655	3.4007
230913896113	1733.25	789.27	1674.78	804.18	3.6287	3.4491
230913904447	1730.30	787.26	1679.29	745.80	3.5895	3.4076
230913912772	1721.87	788.05	1683.47	770.35	3.6164	3.3753
230913921113	1738.16	796.93	1690.39	777.27	3.6237	3.4205
230913929446	1728.40	764.71	1688.76	739.32	3.5496	3.3646
230913937779	1729.19	768.60	1692.53	760.33	3.5846	3.3779
230913946114	1733.89	793.45	1684.78	768.06	3.6095	3.3989
230913954448	1732.07	780.02	1679.72	765.81	3.5593	3.4045
230913962781	1725.29	791.58	1682.64	746.41	3.5739	3.3750
230913971115	1728.74	779.29	1689.98	743.74	3.5524	3.3749
230913979447	1729.87	788.75	1683.53	755.66	3.5730	3.3880
230913987781	1729.29	771.67	1675.80	778.04	3.5367	3.4424
230913996115	1727.85	782.61	1678.15	769.62	3.5685	3.4084
230914004447	1724.77	775.95	1684.19	762.67	3.5800	3.3817
230914012781	1727.74	765.96	1686.11	760.13	3.5632	3.3898
230914021113	1727.61	764.94	1676.91	785.14	3.5443	3.4163
230914029446	1736.07	781.46	1680.83	762.29	3.5746	3.3949
230914037780	1727.53	767.40	1685.75	755.50	3.5392	3.3658
230914046113	1730.17	759.70	1683.97	751.69	3.5398	3.3647
230914054447	1734.52	771.47	1669.60	769.65	3.5697	3.4126
230914062780	1729.48	776.40	1676.54	760.67	3.5683	3.3763
230914071113	1726.51	772.30	1682.06	785.39	3.5402	3.4143
230914079454	1738.87	771.31	1682.03	779.68	3.5370	3.3954
230914087787	1745.24	766.73	1674.32	796.68	3.5040	3.4029
230914096121	1724.18	787.80	1687.76	754.05	3.5133	3.3566
230914104452	1731.42	790.42	1673.52	753.65	3.5497	3.3668
230914112786	1728.12	765.86	1682.70	779.05	3.5377	3.3852
230914121111	1711.74	787.34	1685.30	804.95	3.5369	3.4195
230914129444	1713.90	807.93	1681.67	770.45	3.5866	3.3829
230914137786	1727.19	796.79	1679.95	741.19	3.5783	3.3713
230914146119	1722.98	779.88	1687.55	772.03	3.5586	3.3891
230914154452	1716.45	784.40	1686.45	779.26	3.5571	3.3703
230914162786	1713.49	781.17	1682.37	756.81	3.5304	3.3445
230914171119	1721.53	788.20	1681.53	741.88	3.5276	3.3506
230914179444	1728.37	811.47	1679.89	745.96	3.5828	3.3328
230914187785	1731.68	779.03	1684.89	788.29	3.5278	3.3520
230914196110	1722.60	774.01	1688.36	769.47	3.5229	3.3224
230914204443	1718.96	774.51	1680.74	768.88	3.5142	3.3573
230914212790	1722.20	798.00	1689.25	727.65	3.5484	3.3190
230914221124	1725.31	791.16	1674.63	763.87	3.5326	3.3789
230914229456	1723.79	783.10	1672.07	764.47	3.5291	3.3408
230914237790	1726.97	787.82	1671.48	755.47	3.5445	3.3369
230914246123	1729.99	796.77	1680.73	757.27	3.5692	3.3591
230914254456	1726.65	780.62	1690.30	737.13	3.5318	3.2944
230914262790	1698.55	782.07	1651.10	760.74	3.5187	3.3207
230914271122	1609.66	797.13	1572.81	757.03	3.6045	3.3596
230914279455	1533.99	778.11	1482.06	774.51	3.5947	3.4249
230914287789	1457.44	751.13	1417.31	774.97	3.4972	3.4402
230914296113	1392.40	753.95	1334.30	765.05	3.5427	3.4195
230914304447	1349.02	770.48	1307.30	774.87	3.5463	3.4415
230914312789	1343.72	733.54	1308.63	779.67	3.5069	3.4638
230914321122	1346.59	711.85	1285.26	778.38	3.4725	3.4419
230914329456	1348.39	722.13	1320.34	711.43	3.4626	3.3749
230914337780	1339.21	749.43	1308.65	771.77	3.5071	3.4573
230914346127	1353.76	737.17	1306.57	771.96	3.5035	3.4257
230914354459	1367.85	725.97	1302.26	777.67	3.4728	3.4298
230914362793	1356.11	733.58	1295.16	791.75	3.4529	3.4277
230914371126	1350.28	741.70	1304.13	785.91	3.4786	3.4214
230914379459	1353.80	770.90	1300.90	776.91	3.5386	3.4223
230914387793	1351.15	759.93	1300.77	767.62	3.5160	3.4181
230914396126	1361.78	749.00	1301.99	760.41	3.5010	3.4107
230914404459	1353.06	745.04	1299.31	770.45	3.4830	3.4235
230914412793	1355.81	734.33	1297.16	766.23	3.4606	3.4171
230914421126	1357.91	741.93	1302.02	776.35	3.4877	3.4361
230914429460	1356.79	709.35	1303.33	787.98	3.3885	3.4279
230914437783	1354.11	741.63	1295.82	775.97	3.4659	3.4079
230914446125	1345.88	754.10	1302.24	780.38	3.5003	3.4081
230914454459	1361.33	746.44	1311.92	771.55	3.4854	3.4059
230914462792	1353.97	741.62	1305.48	771.21	3.4984	3.4118
230914471126	1351.89	721.05	1295.16	775.65	3.4638	3.4222
230914479459	1346.44	726.94	1288.48	782.57	3.4576	3.4140
230914487792	1351.22	727.25	1303.22	785.22	3.4696	3.4249
230914496126	1353.34	722.97	1304.18	782.57	3.4503	3.4081
230914504459	1355.97	741.78	1304.67	774.46	3.4668	3.4047
230914512793	1351.43	747.82	1303.84	766.72	3.4654	3.4069
230914521125	1357.05	733.30	1294.81	786.20	3.4740	3.4134
230914529458	1349.79	726.24	1303.05	768.34	3.4698	3.4062
230914537792	1351.98	751.66	1290.85	770.20	3.4772	3.3913
230914546116	1356.60	771.79	1303.31	774.93	3.5329	3.4132
230914554450	1354.06	752.12	1302.49	769.73	3.5099	3.3888
230914562783	1346.98	736.47	1306.64	753.88	3.4625	3.3867
230914571125	1343.29	761.86	1310.83	775.10	3.5101	3.4089
230914579459	1341.42	704.46	1313.95	774.92	3.3794	3.3760
230914587791	1345.38	704.93	1306.86	780.19	3.3706	3.3972
230914596125	1339.96	715.89	1303.08	775.48	3.3896	3.3833
230914604463	1340.54	716.59	1310.79	770.43	3.3910	3.3555
230914612796	1346.47	766.03	1306.22	758.89	3.4883	3.3710
230914621130	1350.28	747.01	1305.81	750.91	3.4648	3.3818
230914629463	1342.94	697.40	1302.95	757.33	3.3818	3.3761
230914637797	1347.82	749.16	1305.94	760.72	3.4816	3.3396
230914646130	1342.55	754.56	1310.37	776.34	3.4600	3.3509
230914654463	1344.12	761.87	1309.57	777.46	3.4890	3.3738
230914662797	1340.63	728.98	1313.28	778.45	3.4036	3.3529
230914671130	1336.40	745.32	1297.43	765.90	3.4549	3.3479
230914679464	1339.22	731.30	1289.73	767.58	3.4456	3.3601
230914687795	1340.68	743.90	1302.73	744.63	3.4767	3.3494
230914696120	1342.48	743.31	1304.41	763.29	3.4666	3.3591
230914704463	1329.94	646.10	1302.38	768.36	3.2702	3.3548
230914712787	1339.32	730.92	1305.02	777.82	3.4609	3.3432
230914721121	1342.01	732.53	1309.02	787.81	3.4234	3.3758
230914729462	1341.60	753.77	1302.58	781.69	3.4695	3.3766
230914737802	1342.17	766.52	1297.14	764.77	3.4830	3.3314
230914746136	1341.86	767.82	1295.54	784.03	3.4682	3.3680
230914754469	1341.90	763.59	1301.63	776.19	3.4651	3.3503
230914762803	1343.84	738.61	1298.71	773.08	3.4358	3.3613
230914771135	1339.94	758.09	1303.23	777.87	3.4785	3.3676
230914779468	1341.85	755.39	1309.88	772.74	3.4827	3.3538
230914787802	1337.65	730.37	1305.60	781.62	3.4447	3.3676
230914796126	1345.87	736.88	1305.48	770.42	3.4504	3.3571
230914804468	1338.83	740.17	1308.51	738.66	3.4521	3.3038
230914812801	1342.99	747.77	1304.45	731.85	3.4743	3.2825
230914821135	1338.16	751.36	1299.24	769.03	3.4755	3.3639
230914829468	1348.50	760.18	1308.79	762.50	3.4785	3.3540
230914837801	1344.61	709.77	1305.62	754.52	3.3749	3.3470
230914846135	1344.01	709.61	1300.04	757.42	3.3879	3.3575
230914854458	1341.04	681.60	1310.70	761.39	3.3254	3.3603
230914862805	1346.00	720.16	1315.00	717.85	3.4024	3.2970
230914871139	1348.61	747.02	1314.21	755.48	3.4536	3.3578
230914879472	1348.98	755.16	1307.26	728.31	3.4994	3.2868
230914887806	1335.88	734.70	1287.42	788.69	3.4734	3.3854
230914896139	1340.00	730.00	1300.24	773.33	3.4682	3.3586
230914904472	1326.20	716.50	1300.20	769.04	3.4264	3.3560
230914912806	1328.27	722.47	1300.48	776.11	3.4035	3.3369
230914921130	1327.16	728.15	1292.99	794.80	3.4423	3.3690
230914929464	1333.55	729.50	1291.61	789.67	3.4478	3.3680
230914937804	1333.53	731.58	1299.39	776.04	3.4412	3.3722
230914946138	1333.32	777.37	1298.16	757.33	3.5307	3.3597
230914954471	1325.61	728.66	1288.03	772.38	3.4324	3.3672
230914962804	1330.89	732.61	1289.32	766.50	3.4426	3.3424
230914971138	1322.57	730.62	1288.92	777.25	3.4667	3.3861
230914979471	1323.76	740.83	1299.63	772.11	3.4829	3.3741
230914987804	1325.42	717.72	1301.94	771.84	3.4548	3.3730
230914996141	1334.78	740.28	1291.23	783.01	3.4625	3.3930
230915004474	1327.69	733.85	1296.92	788.46	3.4339	3.3776
230915012808	1330.76	762.12	1295.07	787.24	3.4898	3.3839
230915021139	1337.41	763.34	1285.59	798.92	3.4958	3.3925
230915029473	1335.11	743.15	1288.20	799.94	3.4706	3.3959
230915037807	1334.14	734.83	1285.88	793.34	3.4530	3.3924
230915046139	1339.41	741.37	1294.85	786.61	3.4783	3.3835
230915054473	1340.60	747.03	1297.72	797.49	3.4640	3.3874
230915062806	1337.90	725.29	1300.22	791.56	3.4568	3.3893
230915071139	1333.36	716.75	1300.32	784.82	3.4377	3.3899
230915079473	1330.01	742.90	1299.52	795.63	3.4694	3.4117
230915087806	1329.73	753.98	1296.18	785.18	3.5024	3.4044
230915096140	1333.92	743.36	1296.98	799.44	3.4970	3.4302
230915104472	1331.23	748.41	1297.82	779.24	3.4914	3.3987
230915112805	1333.04	745.45	1297.13	779.31	3.4944	3.4213
230915121139	1332.76	743.77	1297.95	781.93	3.4892	3.4182
230915129477	1335.75	736.69	1295.71	780.23	3.4658	3.4269
230915137811	1333.79	747.33	1298.33	785.76	3.4983	3.4231
230915146143	1330.94	742.97	1297.50	786.21	3.5038	3.4238
230915154477	1335.85	748.00	1291.36	788.29	3.4998	3.4275
230915162811	1338.42	736.93	1297.12	786.83	3.4874	3.4282
230915171143	1334.14	717.38	1300.60	778.68	3.4413	3.4252
230915179477	1337.02	740.71	1297.14	769.83	3.4852	3.4303
230915187809	1341.91	745.15	1293.82	780.05	3.5182	3.4335
230915196142	1339.52	746.94	1299.33	764.77	3.5116	3.4109
230915204476	1339.26	733.80	1299.43	779.43	3.5021	3.4274
230915212801	1340.68	728.03	1297.63	777.37	3.4919	3.4278
230915221134	1336.17	717.78	1292.15	774.37	3.4585	3.4433
230915229467	1339.56	751.18	1289.66	774.45	3.5109	3.4411
230915237800	1333.45	745.44	1287.26	771.46	3.5063	3.4302
230915246134	1325.58	749.96	1292.39	787.93	3.5280	3.4565
230915254467	1331.41	747.94	1288.11	780.75	3.5153	3.4338
230915262807	1330.67	756.58	1284.70	789.86	3.5283	3.4349
230915271147	1339.47	756.39	1283.16	792.65	3.5231	3.4308
230915279481	1340.69	755.57	1292.83	796.10	3.5306	3.4330
230915287815	1337.26	743.88	1289.97	790.15	3.5088	3.4212
230915296147	1331.61	728.00	1287.92	787.98	3.4955	3.4227
230915304481	1331.57	732.23	1289.82	794.99	3.5081	3.4431
230915312814	1329.91	736.49	1297.58	784.05	3.5238	3.4162
230915321147	1340.22	727.23	1292.52	791.21	3.5057	3.4154
230915329481	1333.30	722.95	1291.52	791.78	3.4985	3.4189
230915337814	1336.93	735.76	1295.07	796.12	3.5146	3.4285
230915346148	1338.40	736.39	1286.46	804.50	3.5115	3.4426
230915354480	1331.95	734.58	1290.37	793.65	3.4941	3.4160
230915362813	1333.36	740.92	1291.41	798.04	3.5237	3.4327
230915371147	1329.85	724.96	1287.36	795.64	3.4723	3.4282
230915379480	1336.78	749.86	1290.98	796.73	3.5059	3.4292
230915387816	1338.47	749.07	1291.27	786.66	3.5212	3.4286
230915396149	1339.23	746.95	1294.55	786.20	3.5104	3.4123
230915404483	1337.40	750.30	1289.66	795.65	3.5079	3.4386
230915412816	1334.53	730.12	1294.93	791.49	3.4729	3.4342
230915421149	1341.55	736.75	1287.89	791.50	3.4996	3.4451
230915429483	1341.69	727.06	1287.65	777.47	3.4704	3.4162
230915437815	1336.60	753.66	1297.92	772.50	3.5186	3.3932
230915446148	1336.07	730.37	1288.46	778.58	3.4846	3.4170
230915454482	1336.12	728.86	1292.07	782.34	3.4748	3.4322
230915462815	1333.13	726.56	1288.65	773.18	3.4736	3.4096
230915471149	1331.13	722.44	1293.06	783.10	3.4650	3.4206
230915479482	1329.47	718.73	1285.17	773.56	3.4443	3.4135
230915487815	1328.00	719.93	1288.03	772.28	3.4775	3.4111
230915496149	1330.62	731.27	1289.51	767.89	3.4581	3.4010
230915504482	1328.45	728.89	1291.41	767.83	3.4859	3.4059
230915512815	1343.75	715.80	1304.07	773.25	3.4571	3.4078
230915521154	1373.64	716.10	1335.68	773.60	3.4489	3.3909
230915529487	1365.29	756.80	1324.88	775.70	3.5503	3.3848
230915537820	1369.26	733.52	1325.94	776.05	3.4837	3.3844
230915546153	1360.93	754.52	1321.21	790.92	3.5068	3.3992
230915554487	1365.80	751.94	1321.82	776.28	3.4959	3.3923
230915562820	1363.76	754.39	1310.11	788.08	3.5004	3.4011
230915571153	1363.39	742.57	1313.78	786.14	3.4846	3.4104
230915579487	1367.00	763.09	1313.49	772.77	3.5194	3.3759
230915587820	1363.83	751.97	1315.87	783.42	3.4839	3.3910
230915596154	1367.19	742.85	1311.50	788.01	3.4786	3.4130
230915604486	1367.20	758.77	1308.85	786.21	3.4931	3.4052
230915612819	1368.65	728.47	1314.73	785.07	3.4574	3.4104
230915621153	1365.78	737.38	1318.15	772.68	3.4880	3.3834
230915629485	1364.12	750.94	1317.72	776.03	3.5292	3.3923
230915637819	1362.72	725.01	1320.12	770.56	3.4701	3.3908
230915646152	1361.74	730.49	1316.77	777.28	3.4781	3.4093
230915654491	1360.09	740.19	1321.56	778.45	3.5184	3.4040
230915662825	1362.15	729.99	1316.28	774.82	3.4784	3.4094
230915671158	1357.59	732.97	1318.64	779.01	3.4856	3.4087
230915679492	1369.01	763.48	1319.32	777.60	3.5487	3.3983
230915687825	1373.37	736.70	1317.17	785.77	3.4996	3.4033
230915696157	1363.93	747.46	1326.29	772.04	3.5101	3.3845
230915704491	1361.74	731.53	1320.71	776.20	3.4804	3.3933
230915712824	1368.81	734.02	1317.82	790.51	3.4930	3.4018
230915721158	1365.70	754.54	1322.14	782.74	3.5207	3.4026
230915729490	1365.42	745.63	1323.86	785.54	3.5053	3.4031
230915737824	1361.12	750.59	1317.81	785.42	3.5175	3.3965
230915746158	1345.29	754.45	1286.13	789.99	3.5117	3.4008
230915754490	1351.24	757.18	1311.28	785.73	3.5052	3.3846
230915762824	1344.87	722.51	1303.99	783.97	3.4541	3.4042
230915771157	1341.94	716.44	1306.04	781.00	3.4428	3.4018
230915779489	1346.79	748.91	1302.70	771.97	3.5019	3.3903
230915787827	1347.37	748.86	1305.08	766.55	3.5004	3.3936
230915796160	1353.47	739.49	1299.72	760.13	3.4742	3.3926
230915804494	1353.23	736.22	1304.70	756.09	3.4590	3.3809
230915812827	1354.78	751.38	1301.34	768.28	3.4822	3.4138
230915821160	1353.46	724.91	1303.93	755.00	3.4226	3.3660
230915829494	1358.15	718.11	1306.68	764.25	3.4236	3.3915
230915837827	1352.91	741.17	1296.65	765.41	3.4563	3.3857
230915846160	1357.89	739.14	1307.74	758.63	3.4499	3.3734
230915854493	1355.90	729.08	1298.89	764.63	3.4316	3.3950
230915862826	1354.79	739.34	1306.59	722.68	3.4745	3.3141
230915871159	1353.23	737.81	1293.36	762.54	3.4537	3.3884
230915879492	1355.89	727.93	1290.23	773.75	3.4377	3.4003
230915887825	1351.79	722.93	1288.73	767.10	3.4277	3.3935
230915896158	1345.78	734.95	1293.41	762.41	3.4609	3.3642
230915904491	1340.18	726.12	1296.24	770.17	3.4381	3.3907
230915912826	1336.89	732.50	1290.16	766.79	3.4575	3.3755
230915921159	1340.62	719.57	1298.78	758.57	3.4380	3.3673
230915929493	1341.93	719.76	1295.48	763.80	3.4313	3.4000
230915937826	1343.99	753.86	1292.12	757.50	3.4949	3.3657
230915946158	1347.88	768.45	1295.17	767.84	3.5301	3.4068
230915954492	1354.03	748.02	1284.17	774.36	3.4709	3.4070
230915962825	1348.74	772.91	1289.72	769.84	3.5218	3.3874
230915971158	1353.14	717.55	1291.06	771.66	3.4302	3.3853
230915979491	1348.24	711.37	1295.98	775.39	3.3935	3.3751
230915987825	1346.51	688.04	1291.33	779.72	3.3728	3.3952
230915996158	1348.95	746.09	1300.03	787.66	3.5021	3.4100
230916004491	1341.02	738.42	1300.85	785.12	3.4823	3.4063
230916012825	1340.39	739.25	1300.14	781.77	3.4913	3.3930
230916021158	1345.10	727.45	1300.42	778.25	3.4744	3.3939
230916029490	1338.92	750.18	1302.21	788.85	3.5238	3.4246
230916037824	1343.42	728.19	1306.30	787.28	3.4723	3.4086
230916046165	1334.29	739.90	1309.07	793.83	3.5007	3.4293
230916054499	1336.29	755.37	1306.43	779.08	3.5319	3.4138
230916062832	1341.49	740.60	1309.64	784.00	3.5260	3.4227
230916071165	1338.52	723.34	1303.35	781.87	3.4865	3.4291
230916079499	1343.92	703.59	1307.66	767.12	3.4476	3.4208
230916087832	1350.99	709.79	1303.50	767.90	3.4558	3.4156
230916096165	1349.85	681.19	1298.05	770.27	3.4086	3.4313
230916104498	1352.26	703.45	1299.51	766.26	3.4409	3.4355
230916112830	1353.99	706.01	1296.92	765.37	3.4543	3.4211
230916121164	1353.15	723.71	1283.51	769.18	3.4766	3.4411
230916129497	1353.67	735.26	1285.21	775.21	3.4875	3.4333
230916137831	1347.58	720.98	1289.20	773.84	3.4991	3.4436
230916146164	1388.58	753.35	1346.85	764.65	3.5527	3.4000
230916154497	1452.93	749.50	1427.52	809.87	3.5432	3.4779
230916162831	1514.24	783.31	1499.20	790.28	3.6168	3.4278
230916171164	1546.72	776.14	1496.98	786.98	3.5927	3.4105
230916179502	1542.89	771.25	1493.44	795.39	3.5899	3.4460
230916187834	1542.95	789.53	1490.87	795.48	3.6100	3.4336
230916196167	1543.69	773.75	1478.92	801.44	3.5930	3.4545
230916204501	1542.12	740.28	1482.81	784.51	3.5244	3.4204
230916212833	1551.58	733.43	1472.20	798.92	3.5177	3.4524
230916221167	1545.09	776.49	1474.35	772.63	3.6065	3.4059
230916229500	1546.86	767.25	1484.23	773.78	3.5833	3.4057
230916237833	1541.39	757.47	1486.38	779.58	3.5638	3.4293
230916246167	1541.69	766.61	1490.65	754.98	3.6149	3.3871
230916254500	1541.93	755.02	1494.60	764.34	3.5743	3.4137
230916262834	1547.75	748.97	1499.39	754.22	3.6099	3.3853
230916271167	1532.61	747.74	1499.00	773.53	3.6054	3.4350
230916279499	1539.07	728.60	1498.50	760.46	3.5727	3.4196
230916287833	1542.45	741.17	1509.28	754.30	3.5862	3.4070
230916296166	1539.15	750.48	1488.07	766.08	3.6078	3.4448
230916304500	1541.36	736.77	1498.25	765.13	3.5915	3.4397
230916312836	1541.51	746.06	1500.19	757.27	3.5829	3.4270
230916321170	1548.05	741.46	1506.26	748.46	3.5789	3.4173
230916329504	1552.08	718.29	1504.38	741.43	3.5547	3.4008
230916337836	1544.65	748.63	1506.51	743.04	3.5959	3.3960
230916346170	1540.25	726.20	1500.23	748.69	3.5629	3.4261
230916354503	1546.75	739.85	1493.89	756.06	3.5929	3.4412
230916362835	1545.80	742.00	1502.52	747.30	3.6007	3.4158
230916371169	1543.41	731.30	1497.93	743.30	3.5715	3.4144
230916379502	1544.05	730.61	1500.00	755.45	3.5748	3.4279
230916387836	1540.81	735.88	1492.57	762.80	3.5763	3.4430
230916396169	1540.08	731.38	1488.59	763.22	3.5460	3.4507
230916404502	1543.86	744.11	1496.07	757.05	3.5810	3.4344
230916412836	1541.59	731.20	1496.66	742.34	3.5428	3.4184
230916421169	1545.59	737.15	1505.11	742.53	3.5377	3.4013
230916429502	1545.64	737.18	1491.20	772.85	3.5353	3.4560
230916437840	1540.14	750.55	1492.68	767.03	3.5568	3.4322
230916446173	1543.86	760.42	1500.20	763.78	3.5755	3.4212
230916454506	1538.51	745.46	1502.65	764.63	3.5353	3.4052
230916462839	1537.48	751.13	1497.78	763.17	3.5325	3.4016
230916471173	1536.84	753.62	1496.13	765.45	3.5283	3.4010
230916479506	1594.07	751.14	1555.31	758.82	3.5337	3.3733
230916487839	1655.62	780.55	1629.36	778.85	3.5930	3.4270
230916496173	1708.86	775.49	1666.33	766.06	3.5462	3.3936
230916504506	1702.94	796.56	1661.88	771.13	3.5810	3.3811
230916512840	1708.71	784.47	1660.35	771.56	3.5459	3.3844
230916521173	1701.70	780.84	1666.79	746.54	3.5498	3.3399
230916529505	1703.23	772.60	1660.69	765.08	3.5264	3.3627
230916537839	1708.37	789.52	1668.29	748.98	3.5524	3.3237
230916546172	1705.80	773.74	1667.85	760.68	3.5258	3.3463
230916554505	1703.89	774.74	1657.70	767.53	3.5254	3.3515
230916562838	1707.32	769.97	1662.92	762.36	3.5193	3.3378
230916571178	1703.47	777.09	1665.01	765.51	3.5342	3.3512
230916579511	1696.26	770.15	1658.16	766.58	3.5243	3.3293
230916587844	1701.36	768.56	1671.13	761.18	3.5163	3.2965
230916596178	1695.82	781.07	1662.04	788.63	3.5152	3.3410
230916604511	1685.75	781.88	1668.96	791.30	3.5196	3.3234
230916612843	1686.52	793.16	1663.96	783.38	3.5207	3.3131
230916621177	1697.16	779.93	1666.68	769.98	3.4798	3.2581
230916629510	1695.01	780.43	1659.88	764.59	3.5109	3.2945
230916637844	1692.38	791.04	1669.03	749.80	3.5328	3.2761
230916646176	1690.61	778.93	1671.39	753.77	3.4989	3.2707
230916654501	1692.64	772.60	1667.81	780.80	3.4869	3.2965
230916662835	1711.30	778.97	1644.65	798.40	3.4704	3.2939
230916671168	1700.96	775.33	1666.49	777.02	3.4583	3.2499
230916679510	1701.25	780.37	1660.21	774.81	3.4776	3.2803
230916687843	1689.42	767.61	1659.56	758.22	3.4720	3.2612
230916696179	1700.31	766.00	1656.27	755.49	3.4696	3.2420
230916704513	1690.50	783.39	1656.91	764.38	3.5108	3.2427
230916712846	1681.94	786.93	1666.56	775.48	3.4924	3.2371
230916721180	1694.05	792.96	1654.95	798.39	3.4773	3.2921
230916729513	1701.64	800.34	1653.69	790.48	3.4685	3.2914
230916737846	1693.62	781.44	1658.22	783.72	3.4540	3.2578
230916746180	1691.14	784.79	1661.02	746.53	3.4840	3.2503
230916754504	1696.20	784.39	1658.69	755.69	3.4904	3.2699
230916762838	1693.42	769.50	1660.51	753.95	3.4809	3.2374
230916771171	1699.02	761.97	1651.90	795.54	3.4277	3.2947
230916779503	1691.18	778.68	1651.50	797.35	3.4479	3.2807
230916787846	1687.04	776.12	1652.43	810.68	3.4076	3.2920
230916796178	1685.77	783.74	1646.35	802.54	3.4579	3.2901
230916804512	1685.31	793.00	1662.82	771.62	3.4797	3.2318
230916812845	1687.66	796.86	1649.63	804.04	3.4774	3.2943
230916821178	1683.92	790.68	1655.08	792.99	3.4546	3.2745
230916829516	1683.84	790.73	1656.49	767.29	3.4574	3.2525
230916837849	1689.92	798.43	1659.67	769.83	3.4803	3.2821
230916846183	1693.79	771.79	1647.66	787.84	3.4714	3.2812
230916854516	1689.69	774.06	1649.52	795.17	3.4541	3.2952
230916862840	1688.96	813.06	1659.21	765.52	3.4943	3.2643
230916871173	1692.96	779.86	1660.48	766.26	3.4908	3.2527
230916879506	1689.45	778.51	1654.86	766.47	3.4575	3.2456
230916887840	1694.33	793.29	1648.47	778.51	3.4527	3.2930
230916896181	1686.34	782.22	1663.76	759.37	3.4736	3.2392
230916904515	1683.89	784.23	1655.31	787.88	3.5050	3.2859
230916912840	1687.65	769.67	1654.10	781.79	3.4545	3.2634
230916921173	1691.18	800.38	1657.12	762.39	3.4742	3.2363
230916929507	1692.58	801.43	1662.33	745.49	3.4677	3.2304
230916937839	1684.94	799.79	1657.25	764.64	3.4623	3.2698
230916946172	1684.46	815.85	1665.89	756.55	3.4965	3.2430
230916954506	1683.54	794.92	1659.78	763.91	3.4637	3.2775
230916962843	1678.59	815.37	1657.76	785.94	3.4997	3.3008
230916971177	1686.76	790.16	1668.31	760.92	3.4619	3.2550
230916979510	1688.74	797.52	1672.64	771.50	3.4821	3.2570
230916987843	1685.28	807.19	1672.32	752.55	3.4902	3.2611
230916996177	1689.42	791.52	1670.65	745.74	3.4580	3.2358
230917004510	1691.27	780.22	1672.42	744.69	3.4307	3.2394
230917012844	1679.95	804.69	1674.16	755.88	3.4756	3.2528
230917021185	1678.46	801.82	1665.86	753.58	3.4972	3.2575
230917029510	1692.33	793.03	1671.64	747.18	3.4931	3.2584
230917037843	1686.93	791.20	1666.23	747.78	3.4879	3.2482
230917046176	1682.15	777.39	1660.84	770.15	3.4582	3.2728
230917054518	1681.20	789.81	1666.67	769.39	3.4721	3.2659
230917062842	1678.37	794.23	1676.50	770.71	3.4853	3.2547
230917071184	1674.64	801.87	1665.33	781.07	3.5158	3.2822
230917079518	1677.13	811.82	1665.24	752.28	3.5207	3.2343
230917087851	1688.47	782.11	1669.84	741.49	3.4553	3.2405
230917096183	1688.35	781.35	1669.23	755.56	3.4810	3.2492
230917104516	1684.49	785.84	1669.61	783.98	3.5028	3.2807
230917112849	1679.14	794.17	1661.15	773.33	3.4990	3.2894
230917121182	1679.56	800.63	1667.85	738.38	3.4839	3.2330
230917129524	1685.52	807.87	1654.16	769.78	3.4955	3.2624
230917137857	1683.24	794.47	1662.96	777.60	3.4911	3.2703
230917146190	1692.02	780.19	1665.84	767.03	3.4967	3.2674
230917154523	1686.27	789.62	1666.45	744.54	3.4950	3.2161
230917162857	1685.80	793.56	1667.43	757.01	3.5222	3.2505
230917171190	1684.93	792.72	1673.79	760.70	3.5323	3.2553
230917179524	1681.97	779.43	1652.56	794.56	3.4949	3.2982
230917187848	1678.05	788.38	1645.66	785.24	3.4959	3.2826
230917196181	1692.67	802.84	1654.07	781.82	3.5004	3.2982
230917204523	1688.30	797.63	1650.86	769.50	3.5013	3.2851
230917212856	1684.67	794.61	1655.95	770.74	3.5117	3.2650
230917221190	1684.89	797.72	1651.85	767.30	3.5367	3.2657
230917229526	1684.52	815.25	1674.94	743.84	3.5062	3.2547
230917237860	1691.75	760.86	1661.94	797.00	3.4442	3.3065
230917246185	1684.71	789.58	1668.24	762.78	3.5081	3.2741
230917254518	1681.38	789.46	1652.96	750.71	3.4948	3.2686
230917262860	1684.20	803.64	1669.17	765.77	3.4989	3.2496
230917271193	1692.67	796.51	1658.45	781.76	3.4942	3.2788
230917279525	1683.89	783.78	1662.76	768.63	3.5004	3.2612
230917287859	1682.50	776.66	1667.99	760.18	3.4818	3.2710
230917296192	1689.56	778.15	1651.16	768.91	3.4811	3.2891
230917304526	1684.50	753.09	1673.15	752.25	3.4556	3.2535
230917312859	1697.94	772.61	1649.08	762.22	3.4686	3.2784
230917321192	1679.96	790.99	1659.71	781.46	3.5005	3.3133
230917329517	1684.56	782.18	1658.00	785.13	3.4820	3.2931
230917337850	1687.46	790.08	1630.32	788.19	3.4886	3.3001
230917346193	1628.17	779.21	1569.52	751.42	3.5102	3.2983
230917354531	1527.26	782.49	1474.65	758.57	3.5400	3.3612
230917362864	1453.18	746.72	1399.65	786.12	3.5056	3.4383
230917371189	1384.45	705.72	1333.32	794.16	3.4042	3.4136
230917379522	1340.35	713.40	1300.66	801.56	3.4386	3.4262
230917387856	1347.55	723.53	1316.29	802.17	3.4554	3.4185
230917396197	1336.04	755.98	1319.13	789.58	3.5197	3.4024
230917404522	1342.93	738.05	1318.51	793.33	3.4894	3.4112
230917412856	1351.16	748.16	1319.12	799.00	3.4886	3.4198
230917421189	1354.20	666.02	1304.39	800.08	3.3395	3.4169
230917429522	1359.65	729.06	1308.13	790.29	3.4421	3.4084
230917437855	1359.02	761.22	1303.22	761.60	3.5333	3.3905
230917446187	1359.75	738.42	1298.90	774.40	3.4767	3.3992
230917454521	1358.29	681.93	1303.36	794.12	3.3440	3.4078
230917462854	1354.47	723.23	1290.09	774.04	3.4600	3.4195
230917471196	1352.95	712.68	1292.24	784.75	3.4512	3.4002
230917479529	1357.35	695.66	1308.36	756.62	3.3631	3.3479
230917487858	1355.39	719.89	1299.92	771.12	3.4424	3.4212
230917496192	1365.20	746.60	1294.53	773.44	3.5117	3.4059
230917504525	1362.32	720.41	1297.39	796.38	3.4630	3.4183
230917512859	1370.89	726.83	1305.10	764.99	3.4609	3.3402
230917521200	1366.68	727.66	1304.93	769.03	3.4459	3.3469
230917529532	1370.02	701.49	1301.81	752.64	3.4017	3.3298
230917537866	1374.06	688.85	1301.47	758.57	3.3918	3.3621
230917546199	1372.04	675.65	1310.05	765.63	3.3450	3.3552
230917554532	1372.44	697.53	1297.31	785.83	3.4043	3.4088
230917562865	1373.16	702.41	1304.24	776.68	3.4173	3.3706
230917571198	1361.38	748.76	1304.06	785.75	3.5012	3.3993
230917579532	1364.16	746.94	1303.78	782.83	3.5055	3.4035
230917587865	1353.30	737.64	1298.09	789.05	3.4900	3.4154
230917596198	1353.43	738.49	1301.56	788.78	3.4965	3.4235
230917604531	1355.90	728.58	1296.66	788.99	3.4784	3.4223
230917612865	1356.91	749.88	1298.05	785.38	3.5173	3.4097
230917621202	1360.40	707.66	1303.62	786.17	3.4441	3.3845
230917629535	1369.62	757.45	1305.04	785.09	3.5391	3.4088
230917637869	1357.95	733.47	1316.00	740.72	3.5052	3.3326
230917646202	1354.96	724.26	1304.77	782.58	3.4779	3.4096
230917654535	1358.81	710.17	1303.52	772.58	3.4645	3.4002
230917662869	1362.88	755.20	1306.61	743.45	3.5298	3.3278
230917671202	1362.17	761.53	1299.40	793.74	3.5328	3.4004
230917679527	1361.22	758.92	1304.05	783.24	3.5204	3.3748
230917687860	1359.00	704.34	1304.65	796.89	3.4066	3.3965
230917696193	1359.53	705.58	1305.06	784.71	3.3936	3.3775
230917704526	1362.98	722.53	1312.08	785.23	3.4477	3.3822
230917712859	1353.97	737.38	1304.98	789.37	3.4555	3.3934
230917721193	1360.11	722.40	1303.47	792.11	3.4443	3.3829
230917729526	1365.22	765.53	1305.22	793.50	3.5331	3.4052
230917737859	1359.83	743.44	1307.02	798.19	3.4715	3.4028
230917746193	1363.65	737.19	1309.06	803.09	3.4847	3.3999
230917754531	1363.65	748.15	1306.63	798.92	3.4847	3.3941
230917762864	1355.86	730.53	1298.14	794.67	3.4738	3.3819
230917771197	1359.81	739.46	1296.69	792.51	3.4909	3.3837
230917779531	1352.54	741.22	1290.80	788.04	3.4695	3.3970
230917787863	1356.46	721.37	1293.86	787.75	3.4189	3.4042
230917796196	1360.25	753.15	1301.09	781.24	3.4791	3.3949
230917804530	1359.56	719.35	1303.70	788.21	3.4326	3.4097
230917812863	1353.79	740.24	1313.48	783.98	3.4839	3.3915
230917821196	1354.22	710.17	1310.29	779.13	3.4098	3.3960
230917829530	1348.20	687.05	1305.01	789.83	3.3702	3.4040
230917837863	1349.57	737.70	1293.33	793.69	3.4625	3.3873
230917846197	1352.69	750.21	1300.95	788.87	3.4729	3.3986
230917854530	1352.85	738.33	1310.36	773.85	3.4850	3.3624
230917862863	1352.63	732.40	1308.21	765.60	3.4720	3.3644
230917871196	1357.28	769.30	1302.99	774.44	3.5697	3.4048
230917879530	1350.58	755.81	1294.71	766.31	3.5411	3.3884
230917887863	1345.18	738.74	1299.59	784.45	3.5044	3.4051
230917896196	1350.45	753.78	1313.75	790.02	3.5324	3.4005
230917904530	1360.47	717.62	1306.49	797.57	3.4504	3.4192
230917912872	1344.70	746.40	1301.67	783.20	3.5126	3.3804
230917921205	1346.34	716.30	1289.31	786.71	3.4728	3.3907
230917929539	1348.86	728.23	1301.09	789.57	3.4745	3.4058
230917937871	1355.70	765.80	1317.45	782.98	3.5426	3.3861
230917946205	1345.11	708.23	1317.95	736.30	3.4383	3.3279
230917954537	1341.60	694.60	1301.27	775.37	3.3953	3.4049
230917962870	1351.89	746.83	1297.04	765.59	3.4866	3.3768
230917971204	1350.13	759.00	1301.48	763.01	3.5613	3.3996
230917979537	1353.21	745.16	1308.66	767.56	3.5449	3.3818
230917987862	1360.77	766.43	1314.72	744.62	3.5748	3.3427
230917996196	1355.15	726.33	1302.76	775.93	3.4807	3.4146
230918004528	1314.35	721.98	1269.70	786.60	3.4736	3.4244
230918012869	1326.24	754.28	1271.07	783.82	3.5524	3.4109
230918021202	1329.34	719.57	1275.22	783.62	3.4680	3.4176
230918029544	1327.82	733.81	1278.77	782.02	3.4976	3.4052
230918037868	1327.94	694.57	1273.79	783.58	3.4060	3.4067
230918046201	1322.00	655.71	1288.92	755.19	3.3584	3.3276
230918054535	1323.28	699.99	1285.87	765.89	3.4494	3.3356
230918062868	1329.73	746.50	1285.50	779.12	3.5105	3.3549
230918071210	1323.79	759.22	1272.10	796.58	3.5493	3.3921
230918079543	1320.90	760.82	1274.45	806.35	3.5315	3.4056
230918087868	1323.35	752.23	1272.48	788.39	3.4993	3.3879
230918096202	1322.77	770.56	1269.92	789.33	3.5402	3.3951
230918104543	1321.89	731.84	1275.80	784.83	3.4787	3.4003
230918112876	1319.31	735.26	1288.58	733.75	3.4954	3.3364
230918121209	1324.93	730.12	1284.25	777.01	3.4886	3.3974
230918129542	1333.52	788.31	1279.38	782.03	3.6021	3.3942
230918137876	1334.63	769.00	1281.98	782.12	3.5631	3.3894
230918146214	1333.48	755.49	1281.87	777.50	3.5389	3.3835
230918154547	1340.53	755.65	1274.68	779.35	3.5381	3.3769
230918162881	1338.78	782.53	1278.28	772.78	3.5949	3.3638
230918171214	1336.27	727.95	1278.90	772.25	3.4669	3.3687
230918179547	1338.45	776.25	1281.54	781.04	3.5688	3.3724
230918187880	1339.53	776.62	1275.24	768.43	3.5816	3.3443
230918196214	1337.76	756.60	1279.92	777.25	3.5258	3.3551
230918204546	1340.30	762.12	1282.49	777.88	3.5438	3.3761
230918212879	1325.12	731.26	1285.17	790.31	3.4702	3.3688
230918221213	1377.17	745.00	1322.28	784.27	3.5194	3.3638
230918229546	1374.35	747.16	1320.94	777.61	3.5192	3.3683
230918237879	1371.36	762.38	1321.78	780.20	3.5502	3.3774
230918246213	1368.86	727.30	1315.48	784.74	3.4980	3.3762
230918254546	1361.52	758.44	1317.82	777.18	3.5479	3.3570
230918262880	1363.57	754.64	1319.60	775.41	3.5319	3.3548
230918271217	1361.72	755.30	1318.05	779.48	3.5499	3.3640
230918279551	1364.17	757.45	1332.01	776.05	3.5414	3.3518
230918287875	1363.24	733.88	1327.26	786.07	3.4940	3.3738
230918296216	1373.77	690.72	1328.70	787.20	3.4229	3.3741
230918304550	1375.99	706.05	1336.38	792.11	3.4477	3.3787
230918312883	1370.83	702.71	1334.02	787.35	3.4180	3.3743
230918321216	1373.69	713.13	1336.98	788.83	3.4505	3.3812
230918329550	1372.69	694.38	1337.10	773.72	3.4226	3.3474
230918337883	1372.06	711.97	1335.42	786.12	3.4516	3.3579
230918346217	1376.00	704.01	1336.95	786.32	3.4319	3.3630
230918354550	1377.38	723.97	1330.93	790.30	3.4728	3.3773
230918362883	1372.32	703.58	1331.02	787.66	3.4198	3.3781
230918371216	1376.41	735.00	1330.91	775.55	3.5207	3.3488
230918379549	1372.28	755.33	1328.51	788.65	3.5471	3.3710
230918387883	1373.25	756.79	1329.09	795.43	3.5608	3.3723
230918396215	1372.82	755.12	1335.11	788.00	3.5738	3.3570
230918404553	1373.97	734.60	1331.27	780.24	3.5218	3.3440
230918412887	1382.03	742.99	1333.96	762.39	3.5551	3.3249
230918421219	1377.63	735.08	1329.41	752.90	3.5542	3.2983
230918429545	1379.82	726.29	1328.67	742.21	3.5247	3.3060
230918437878	1378.03	723.55	1326.39	768.73	3.5066	3.3631
230918446210	1371.98	748.28	1327.54	771.02	3.5399	3.3633
230918454544	1438.18	746.61	1393.85	787.47	3.5618	3.4262
230918462877	1505.24	768.57	1491.60	780.46	3.6026	3.3941
230918471210	1579.21	790.29	1564.78	733.51	3.6564	3.3017
230918479543	1642.99	795.00	1637.05	763.43	3.6529	3.2917
230918487876	1714.08	778.71	1703.98	763.90	3.5756	3.2711
230918496210	1737.48	767.97	1703.40	780.13	3.5410	3.3002
230918504543	1731.37	793.98	1692.66	775.82	3.5963	3.3113
230918512877	1741.03	805.38	1699.63	772.94	3.5985	3.2874
230918521210	1736.59	786.68	1695.06	764.80	3.5610	3.2975
230918529542	1736.77	776.55	1701.49	759.07	3.5426	3.2764
230918537882	1730.74	781.58	1701.25	740.56	3.5466	3.2398
230918546223	1734.64	793.07	1694.18	761.62	3.5761	3.2762
230918554557	1733.68	790.66	1704.82	737.57	3.5800	3.2600
230918562890	1728.71	787.07	1694.94	761.56	3.5642	3.2924
230918571215	1735.87	784.70	1704.24	741.51	3.5574	3.2548
230918579549	1739.41	780.06	1708.74	745.71	3.5446	3.2547
230918587890	1743.31	776.23	1708.64	743.58	3.5382	3.2500
230918596215	1742.46	773.60	1708.46	745.82	3.5199	3.2489
230918604548	1741.02	768.86	1696.11	769.71	3.5167	3.3074
230918612880	1733.58	806.83	1700.15	756.75	3.5821	3.2929
230918621214	1738.67	776.87	1693.77	771.51	3.5386	3.3026
230918629547	1732.59	775.42	1690.36	758.15	3.5200	3.2818
230918637881	1728.86	785.16	1688.21	752.18	3.5431	3.2646
230918646214	1731.04	771.38	1686.01	783.46	3.5335	3.3194
230918654547	1734.62	773.60	1688.21	760.99	3.5592	3.2743
230918662881	1733.62	752.89	1692.74	761.86	3.5421	3.2880
230918671219	1739.37	779.04	1687.81	735.86	3.5635	3.2573
230918679553	1740.13	789.23	1688.06	731.93	3.5481	3.2746
230918687885	1743.18	787.81	1687.91	744.53	3.5502	3.2693
230918696218	1731.41	774.93	1696.12	746.36	3.5426	3.2709
230918704551	1734.90	769.65	1694.15	753.42	3.5395	3.2749
230918712884	1729.26	771.86	1691.20	764.83	3.5542	3.2967
230918721227	1724.38	774.93	1693.34	733.88	3.5634	3.2517
230918729560	1729.83	774.94	1687.61	737.38	3.5177	3.2598
230918737893	1736.68	796.39	1686.80	744.15	3.5585	3.2775
230918746218	1747.50	793.19	1675.46	753.91	3.5583	3.2760
230918754559	1732.30	801.76	1693.34	746.49	3.6028	3.2577
230918762885	1733.33	788.19	1695.69	744.21	3.5651	3.2575
230918771218	1739.94	755.17	1699.86	726.90	3.5196	3.2261
230918779550	1737.06	766.10	1685.48	747.04	3.5325	3.2796
230918787884	1736.00	769.94	1692.74	751.26	3.5202	3.2823
230918796220	1742.01	769.84	1695.95	737.53	3.5278	3.2547
230918804553	1737.21	779.99	1692.83	734.82	3.5207	3.2513
230918812886	1739.51	785.48	1696.61	743.58	3.5155	3.2680
230918821220	1741.18	782.03	1701.23	738.40	3.5426	3.2560
230918829553	1738.64	780.13	1694.56	746.42	3.5315	3.2517
230918837886	1729.52	767.44	1699.00	748.50	3.5213	3.2767
230918846220	1732.75	791.59	1695.05	750.13	3.5482	3.2512
230918854553	1734.33	770.65	1695.57	715.26	3.5110	3.1923
230918862885	1735.42	766.29	1699.65	730.70	3.4940	3.2440
230918871219	1738.59	776.74	1696.12	757.04	3.5023	3.2687
230918879552	1738.23	770.04	1693.28	721.19	3.4833	3.2185
230918887886	1738.17	775.10	1689.65	750.40	3.5024	3.2499
230918896219	1719.40	778.42	1677.55	747.34	3.5018	3.2469
230918904552	1704.76	783.13	1669.02	748.37	3.5298	3.2561
230918912886	1706.67	777.00	1668.01	756.89	3.4855	3.2500
230918921220	1718.16	793.94	1663.64	755.67	3.4799	3.2459
230918929560	1710.81	797.42	1664.48	743.25	3.4745	3.2412
230918937893	1708.73	803.80	1668.99	734.38	3.5116	3.2274
230918946226	1712.04	767.18	1671.62	742.40	3.4448	3.2636
230918954559	1701.03	796.96	1669.02	737.54	3.5171	3.2295
230918962892	1704.24	778.49	1669.20	734.50	3.4958	3.2427
230918971225	1707.42	779.70	1666.46	727.19	3.4850	3.2159
230918979559	1709.01	795.67	1672.84	721.76	3.5082	3.2276
230918987891	1710.34	788.45	1653.26	757.74	3.5177	3.2741
230918996225	1701.71	789.10	1659.79	738.36	3.5134	3.2415
230919004558	1709.73	771.90	1666.39	744.30	3.4741	3.2560
230919012892	1707.42	784.49	1659.05	748.39	3.4749	3.2719
230919021225	1712.58	774.02	1657.87	769.45	3.4488	3.3087
230919029557	1699.92	815.11	1666.35	729.52	3.5158	3.2413
230919037891	1698.14	799.43	1661.98	747.13	3.5080	3.2756
230919046223	1621.44	804.27	1578.58	768.82	3.5274	3.3377
230919054557	1517.08	796.46	1474.94	754.61	3.5250	3.3671
230919062894	1442.09	731.09	1400.48	778.71	3.4119	3.3999
230919071227	1382.56	707.36	1340.08	756.96	3.3666	3.3607
230919079561	1335.49	736.70	1292.81	766.42	3.4190	3.3820
230919087894	1352.42	740.76	1313.55	784.32	3.4454	3.3825
230919096228	1351.30	777.91	1308.62	786.25	3.5416	3.3935
230919104561	1353.52	760.21	1298.93	779.57	3.4855	3.3781
230919112894	1352.19	763.48	1309.81	758.52	3.5127	3.3841
230919121227	1353.05	729.97	1307.48	768.17	3.4014	3.3722
230919129560	1352.44	774.83	1302.83	782.79	3.4925	3.3535
230919137894	1352.44	742.14	1296.52	795.57	3.4380	3.3982
230919146235	1354.11	730.29	1307.59	755.71	3.4407	3.3630
230919154560	1355.80	758.08	1306.16	773.30	3.4789	3.3998
230919162902	1357.89	750.62	1307.23	773.70	3.4328	3.3686
230919171235	1361.79	756.01	1301.86	798.64	3.4561	3.3920
230919179560	1351.61	701.00	1314.04	764.12	3.3636	3.3808
230919187893	1356.29	759.70	1311.60	772.18	3.4842	3.3884
230919196230	1360.56	760.97	1303.60	771.45	3.4664	3.3939
230919204563	1356.68	739.05	1304.41	781.56	3.4243	3.3858
230919212905	1354.85	745.19	1304.25	780.56	3.4305	3.3764
230919221237	1355.74	778.94	1300.13	781.66	3.5081	3.4070
230919229570	1356.25	747.92	1304.99	766.45	3.4538	3.3855
230919237904	1358.20	762.33	1307.49	766.83	3.4992	3.3945
230919246229	1355.07	723.52	1303.47	776.34	3.4311	3.3886
230919254562	1359.84	746.41	1297.87	784.11	3.4535	3.3632
230919262895	1362.77	786.01	1300.58	758.42	3.5210	3.3550
230919271228	1357.55	766.35	1300.11	762.58	3.4749	3.3745
230919279562	1359.82	748.64	1303.16	767.08	3.4516	3.3551
230919287896	1363.74	755.40	1304.73	792.66	3.4779	3.3591
230919296227	1359.98	765.83	1304.64	783.74	3.4934	3.3627
230919304561	1361.73	773.75	1301.61	777.91	3.4967	3.3705
230919312894	1356.34	753.96	1298.59	764.85	3.4649	3.3749
230919321233	1359.92	778.41	1296.49	771.09	3.5250	3.3757
230919329576	1352.35	605.08	1304.29	786.22	3.1947	3.3663
230919337900	1363.61	769.45	1310.66	781.49	3.5089	3.3666
230919346234	1356.03	703.02	1295.06	784.27	3.3304	3.3607
230919354575	1355.94	755.75	1297.96	762.17	3.4715	3.3530
230919362900	1351.98	733.86	1305.65	765.12	3.4278	3.3554
230919371234	1346.46	748.75	1307.17	764.62	3.4537	3.3587
230919379566	1351.07	769.58	1314.00	770.96	3.4998	3.3615
230919387899	1352.69	746.08	1308.31	768.34	3.4497	3.3616
230919396232	1359.15	772.49	1302.39	790.55	3.5132	3.3782
230919404566	1360.03	758.80	1310.28	788.83	3.4825	3.3571
230919412899	1353.57	755.91	1309.32	776.80	3.4709	3.3386
230919421232	1343.57	760.31	1310.70	767.12	3.4703	3.3300
230919429566	1343.92	760.28	1310.15	780.43	3.4747	3.3679
230919437899	1353.85	768.80	1306.84	779.52	3.4962	3.3725
230919446232	1350.41	703.28	1307.38	777.54	3.3652	3.3751
230919454571	1349.08	752.15	1312.45	790.48	3.4791	3.3730
230919462903	1348.72	723.05	1308.80	764.50	3.4067	3.3359
230919471245	1345.70	734.02	1315.64	755.42	3.4438	3.3445
230919479570	1346.68	748.23	1309.22	734.53	3.4532	3.3149
230919487903	1355.12	719.37	1308.82	770.37	3.3961	3.3813
230919496237	1359.35	712.61	1336.79	657.35	3.3609	3.1573
230919504570	1351.61	751.62	1305.63	784.19	3.4483	3.3724
230919512903	1347.79	725.26	1310.16	788.68	3.4196	3.3988
230919521237	1346.56	749.55	1306.47	766.59	3.4940	3.3608
230919529569	1348.75	778.02	1315.37	766.94	3.5170	3.3693
230919537903	1348.48	689.84	1316.70	777.81	3.3413	3.3800
230919546235	1345.62	766.38	1312.59	786.03	3.4760	3.3705
230919554569	1345.43	763.32	1306.80	787.20	3.4802	3.3816
230919562910	1346.39	756.92	1306.04	769.85	3.4862	3.3706
230919571244	1360.95	773.64	1318.98	756.05	3.5243	3.3370
230919579569	1355.29	777.38	1307.76	770.28	3.5300	3.3858
230919587907	1352.30	778.74	1313.25	779.38	3.5426	3.3733
230919596241	1347.34	757.56	1310.25	780.14	3.4865	3.3621
230919604573	1348.80	779.63	1314.15	775.88	3.5196	3.3689
230919612907	1348.18	769.07	1309.32	748.31	3.4898	3.3437
230919621241	1344.73	759.61	1303.83	760.91	3.5024	3.3832
230919629581	1342.25	734.68	1306.03	778.87	3.4734	3.3860
230919637915	1345.40	764.63	1311.00	778.10	3.4984	3.3585
230919646239	1341.75	700.46	1315.19	778.13	3.3654	3.3858
230919654572	1349.70	759.42	1307.21	760.85	3.5047	3.3531
230919662906	1354.12	693.23	1308.16	758.28	3.3794	3.3474
230919671239	1346.70	706.83	1309.51	779.90	3.4007	3.3663
230919679573	1350.19	745.58	1302.72	787.07	3.4688	3.3726
230919687906	1336.59	731.88	1309.79	774.06	3.4396	3.3652
230919696248	1342.05	748.35	1309.35	769.18	3.4724	3.3834
230919704572	1352.23	759.70	1304.17	759.36	3.5360	3.3767
230919712915	1345.49	757.22	1319.62	725.60	3.5283	3.3120
230919721249	1338.94	766.08	1312.89	754.28	3.5378	3.3724
230919729573	1337.39	738.91	1316.93	724.61	3.4880	3.3194
230919737907	1335.44	745.55	1310.06	756.63	3.4958	3.3752
230919746241	1346.13	757.13	1304.41	759.81	3.5186	3.3668
230919754573	1352.01	735.18	1307.65	772.02	3.4723	3.3591
230919762907	1342.15	765.14	1308.70	754.24	3.5438	3.3395
230919771240	1347.42	756.64	1308.66	773.07	3.5142	3.3595
230919779573	1347.98	758.53	1308.82	776.77	3.5136	3.3854
230919787906	1344.27	745.75	1314.66	774.80	3.4883	3.3860
230919796239	1344.18	753.79	1315.75	759.91	3.5234	3.3878
230919804573	1350.31	750.36	1304.86	762.32	3.5084	3.3804
230919812906	1347.96	735.38	1301.99	765.19	3.4665	3.3783
230919821239	1343.06	774.48	1298.55	779.59	3.5422	3.3974
230919829573	1339.20	752.80	1310.78	779.63	3.4624	3.3720
230919837906	1346.26	787.30	1308.19	771.08	3.5253	3.3472
230919846254	1348.88	755.98	1308.28	768.74	3.4778	3.3631
230919854587	1351.74	762.99	1304.56	762.91	3.5098	3.3882
230919862912	1346.49	758.41	1301.37	757.08	3.5060	3.3723
230919871244	1353.23	739.26	1294.88	770.75	3.4559	3.3753
230919879577	1351.31	740.38	1304.82	777.89	3.4537	3.3688
230919887911	1347.75	744.44	1312.69	763.17	3.4610	3.3477
230919896244	1342.33	728.60	1310.26	728.94	3.4608	3.3290
230919904577	1387.50	747.74	1351.87	743.07	3.5233	3.3902
230919912911	1452.69	732.57	1457.81	680.03	3.5645	3.3333
230919921244	1534.12	707.13	1553.81	634.38	3.5789	3.2943
230919929578	1605.84	620.27	1617.85	588.42	3.5168	3.2894
230919937911	1651.15	590.00	1658.61	563.10	3.4783	3.2874
230919946244	1665.99	575.40	1658.82	555.78	3.4660	3.3016
230919954577	1674.08	569.40	1655.39	567.37	3.4602	3.2865
230919962910	1677.66	586.00	1654.75	565.09	3.5101	3.3245
230919971243	1666.61	585.55	1647.15	558.67	3.4997	3.3088
230919979583	1669.95	573.27	1644.53	553.35	3.4846	3.3038
230919987917	1669.05	569.57	1650.38	539.44	3.4931	3.3007
230919996250	1675.85	561.48	1640.94	535.96	3.4865	3.2797
230920004583	1660.34	585.82	1639.56	556.51	3.5005	3.3045
230920012917	1657.37	563.08	1635.52	558.50	3.4707	3.3055
230920021250	1669.20	550.53	1640.09	540.70	3.4723	3.3075
230920029584	1666.73	563.37	1630.12	544.49	3.4906	3.2928
230920037916	1657.88	580.89	1630.75	553.59	3.4941	3.3040
230920046249	1660.67	574.70	1640.91	557.14	3.5086	3.3060
230920054583	1668.22	561.72	1638.44	542.12	3.5132	3.3040
230920062916	1666.72	555.36	1641.04	535.15	3.5066	3.3049
230920071249	1668.68	577.21	1636.41	541.91	3.5427	3.3290
230920079584	1674.01	544.50	1641.06	541.33	3.4692	3.3056
230920087915	1669.80	569.81	1642.63	538.40	3.5188	3.2994
230920096249	1666.92	559.42	1646.04	538.78	3.4843	3.3143
230920104582	1670.98	588.28	1640.88	537.66	3.5457	3.2984
230920112920	1668.12	599.49	1641.54	545.90	3.5621	3.3047
230920121252	1667.35	594.72	1634.53	555.29	3.5451	3.3273
230920129585	1665.93	589.38	1637.49	552.17	3.5521	3.3233
230920137919	1665.37	577.74	1635.93	560.23	3.5161	3.3387
230920146252	1667.58	576.54	1648.08	541.87	3.5161	3.3291
230920154585	1667.37	588.57	1626.64	554.21	3.5383	3.3427
230920162919	1664.63	575.08	1637.13	536.66	3.5177	3.3069
230920171252	1662.97	571.23	1628.67	545.58	3.5056	3.3156
230920179586	1665.16	572.45	1630.88	538.76	3.5437	3.3157
230920187918	1670.76	558.78	1638.47	522.77	3.5246	3.3172
230920196252	1706.88	510.42	1681.11	502.80	3.4948	3.3469
230920204585	1711.74	477.05	1706.14	473.83	3.5150	3.3418
230920212917	1736.76	447.01	1690.86	441.96	3.5061	3.3303
230920221251	1735.57	434.64	1688.35	447.47	3.4913	3.3389
230920229584	1726.43	454.85	1680.54	451.18	3.5126	3.3492
230920237921	1724.59	445.89	1681.64	456.35	3.4935	3.3271
230920246254	1727.24	446.29	1682.87	469.78	3.4768	3.3297
230920254587	1728.12	455.00	1685.32	459.08	3.4730	3.3370
230920262921	1737.07	454.35	1681.49	450.10	3.4943	3.3317
230920271254	1731.29	450.28	1689.33	469.16	3.4933	3.3238
230920279587	1737.14	456.73	1676.33	467.45	3.4590	3.3223
230920287928	1736.77	439.82	1676.65	452.76	3.4598	3.3269
230920296253	1730.46	441.74	1681.09	446.57	3.4704	3.3297
230920304587	1741.29	445.24	1679.90	458.05	3.4650	3.3163
230920312919	1733.32	448.33	1688.74	465.40	3.4692	3.3248
230920321253	1735.02	449.63	1689.42	469.46	3.4372	3.3139
230920329587	1735.20	457.90	1688.45	464.74	3.4595	3.3146
230920337919	1734.23	453.88	1679.96	459.26	3.4450	3.3079
230920346253	1730.96	444.77	1687.77	450.00	3.4405	3.3033
230920354586	1733.52	446.58	1688.50	446.30	3.4512	3.3208
230920362919	1738.19	447.53	1684.99	455.23	3.4424	3.3092
230920371258	1735.00	453.68	1682.71	464.44	3.4348	3.2991
230920379591	1738.63	434.55	1684.47	452.30	3.4244	3.2979
230920387925	1734.95	452.23	1687.87	441.36	3.4408	3.3142
230920396258	1728.87	442.18	1680.74	461.26	3.4227	3.3007
230920404599	1734.03	434.46	1682.50	443.54	3.4376	3.2929
230920412925	1743.81	444.76	1683.86	446.96	3.4189	3.3135
230920421258	1736.36	447.26	1681.10	454.69	3.4338	3.3054
230920429591	1729.78	428.60	1679.23	452.14	3.4216	3.3046
230920437924	1735.70	424.70	1685.91	445.10	3.4279	3.2873
230920446258	1736.34	428.30	1692.78	441.08	3.4357	3.3050
230920454599	1740.91	434.76	1685.03	442.57	3.4329	3.3104
230920462932	1743.01	427.11	1681.89	439.89	3.4036	3.3106
230920471266	1741.38	420.15	1686.72	438.32	3.4084	3.3121
230920479598	1746.52	417.84	1689.75	425.50	3.4336	3.3047
230920487932	1768.01	403.92	1725.03	400.15	3.4387	3.3338
230920496266	1766.59	408.68	1733.01	387.69	3.4259	3.3162
230920504602	1768.87	400.42	1732.05	388.55	3.4187	3.3116
230920512928	1772.22	407.20	1734.07	392.34	3.4240	3.3029
230920521261	1769.89	395.61	1733.85	397.45	3.4121	3.3229
230920529594	1770.52	401.92	1729.72	396.41	3.4360	3.3161
230920537927	1766.90	397.57	1728.99	404.63	3.4334	3.3309
230920546260	1769.78	395.51	1733.86	408.66	3.4198	3.3275
230920554593	1772.90	389.97	1734.12	409.10	3.4115	3.3210
230920562926	1773.19	397.56	1721.81	402.09	3.4180	3.3197
230920571260	1781.97	397.54	1716.71	384.57	3.4257	3.3044
230920579593	1779.51	396.24	1718.52	392.47	3.4133	3.3060
230920587926	1776.02	394.28	1723.61	384.09	3.4063	3.3103
230920596260	1778.72	395.54	1722.79	382.49	3.4366	3.3103
230920604593	1773.77	382.43	1725.78	369.34	3.4184	3.3008
230920612927	1769.88	356.03	1738.98	377.74	3.4097	3.2979
230920621259	1774.60	382.46	1730.25	391.77	3.4336	3.3066
230920629592	1770.14	382.65	1732.74	370.79	3.4218	3.2975
230920637931	1773.05	354.07	1731.94	375.26	3.4201	3.2806
230920646263	1777.84	380.36	1724.13	381.42	3.4203	3.2926
230920654605	1779.56	373.90	1726.71	359.27	3.4257	3.2954
230920662931	1778.60	359.26	1729.87	364.85	3.4265	3.2782
230920671263	1779.07	372.17	1740.33	370.72	3.4310	3.2868
230920679597	1784.07	382.92	1735.56	371.68	3.4089	3.2704
230920687930	1785.23	384.98	1740.48	368.50	3.4283	3.2781
230920696263	1788.81	383.09	1734.43	373.88	3.4333	3.2922
230920704596	1790.72	380.20	1740.56	374.51	3.4265	3.2599
230920712929	1786.18	371.48	1745.54	373.36	3.4300	3.2736
230920721271	1780.45	356.24	1736.65	357.56	3.4306	3.2900
230920729596	1775.17	364.40	1743.01	345.86	3.4417	3.2910
230920737929	1781.70	370.13	1742.15	353.48	3.4315	3.2810
230920746263	1777.76	375.28	1738.78	365.92	3.4220	3.2819
230920754596	1772.23	360.79	1733.08	362.71	3.4419	3.2736
230920762932	1780.06	353.43	1731.48	344.81	3.4505	3.2739
230920771265	1784.80	368.07	1741.79	351.59	3.4266	3.2845
230920779599	1779.24	378.48	1738.89	359.65	3.4343	3.2871
230920787932	1780.21	373.32	1748.33	357.76	3.4196	3.2663
230920796273	1791.97	373.20	1733.65	364.52	3.4210	3.2706
230920804598	1789.95	362.33	1725.77	357.72	3.4337	3.2746
230920812931	1781.01	365.04	1728.66	359.65	3.4352	3.2763
230920821264	1772.29	366.68	1731.92	360.66	3.4339	3.2686
230920829598	1771.25	376.23	1748.42	364.03	3.4304	3.2585
230920837931	1773.21	374.75	1745.95	359.04	3.4389	3.2690
230920846264	1780.02	379.54	1745.18	357.73	3.4464	3.2597
230920854598	1786.79	381.38	1734.77	352.69	3.4255	3.2713
230920862931	1788.41	375.20	1739.82	355.84	3.4279	3.2755
230920871264	1788.25	371.77	1734.16	349.88	3.4253	3.2724
230920879597	1780.85	359.70	1734.59	353.41	3.4167	3.2707
230920887930	1775.64	365.27	1739.53	356.66	3.4199	3.2732
230920896269	1776.60	349.32	1738.63	349.67	3.4240	3.2513
230920904603	1776.45	353.19	1737.84	353.01	3.4190	3.2538
230920912936	1779.86	368.53	1736.95	356.40	3.4151	3.2617
230920921269	1778.22	374.06	1755.80	359.98	3.4240	3.2542
230920929603	1772.51	372.72	1753.75	352.88	3.4087	3.2538
230920937936	1781.73	368.30	1746.26	347.96	3.4062	3.2643
230920946270	1790.66	362.59	1737.91	338.77	3.3959	3.2551
230920954602	1789.42	359.75	1733.34	349.24	3.4079	3.2659
230920962935	1772.57	364.11	1739.43	343.92	3.4043	3.2411
230920971269	1737.62	376.32	1660.32	401.04	3.4097	3.2673
230920979602	1627.86	449.31	1582.14	458.92	3.4289	3.2944
230920987935	1507.64	497.46	1484.70	520.66	3.4065	3.2822
230920996269	1417.33	591.81	1418.11	567.57	3.4237	3.2546
230921004602	1375.75	666.58	1352.30	626.15	3.4362	3.2378
230921012944	1376.24	698.25	1352.92	615.19	3.4693	3.2369
230921021268	1373.17	686.21	1352.20	635.34	3.4631	3.2486
230921029607	1382.67	691.60	1361.53	632.29	3.4426	3.2236
230921037940	1382.10	666.58	1362.27	599.84	3.3963	3.2105
230921046272	1388.93	699.85	1360.12	602.56	3.4563	3.2166
230921054607	1393.90	691.17	1365.47	612.82	3.4202	3.2404
230921062947	1391.48	681.32	1360.48	609.41	3.3962	3.2227
230921071273	1382.96	676.82	1363.75	603.97	3.4119	3.2155
230921079606	1387.72	675.51	1355.35	602.27	3.4213	3.2072
230921087939	1387.63	670.56	1360.44	630.57	3.4149	3.2191
230921096273	1395.04	698.04	1360.53	621.80	3.4434	3.2091
230921104606	1392.14	710.91	1361.62	622.52	3.4548	3.2081
230921112939	1395.50	683.56	1369.48	609.51	3.4218	3.2105
230921121273	1390.70	678.26	1369.26	602.59	3.4075	3.2193
230921129605	1372.81	700.43	1341.50	632.58	3.4281	3.2317
230921137938	1329.34	719.05	1281.70	665.78	3.4481	3.2377
230921146271	1321.29	743.64	1271.29	760.41	3.4286	3.3331
230921154611	1329.25	712.64	1284.45	764.37	3.3465	3.3333
230921162943	1315.49	734.04	1281.69	751.42	3.3959	3.3310
230921171276	1320.58	760.37	1282.72	741.30	3.4510	3.3390
230921179618	1325.87	745.95	1278.93	741.35	3.4475	3.3313
230921187951	1319.17	744.31	1278.24	734.89	3.4430	3.3246
230921196277	1312.49	754.68	1276.86	743.34	3.4631	3.3380
230921204609	1313.30	754.39	1274.73	742.68	3.4370	3.3416
230921212942	1314.80	754.89	1276.77	738.49	3.4811	3.3321
230921221276	1314.77	745.92	1286.85	739.56	3.4277	3.3392
230921229608	1316.73	750.00	1282.03	736.66	3.4545	3.3397
230921237942	1314.27	757.49	1277.13	734.66	3.4707	3.3141
230921246276	1319.86	759.83	1280.51	745.82	3.4779	3.3097
230921254608	1315.12	744.62	1286.23	729.39	3.4543	3.2719
230921262942	1322.61	730.15	1286.00	766.48	3.4506	3.3641
230921271275	1320.17	719.87	1290.12	754.48	3.4131	3.3590
230921279609	1321.08	735.72	1283.06	740.83	3.4221	3.3354
230921287946	1316.57	753.90	1269.75	716.98	3.4433	3.3020
230921296279	1315.66	753.70	1287.40	687.54	3.4523	3.2218
230921304613	1313.71	743.64	1278.48	720.04	3.4380	3.3040
230921312946	1317.70	757.49	1287.39	704.04	3.4630	3.2781
230921321280	1318.44	744.07	1280.25	724.16	3.4463	3.3269
230921329613	1321.90	745.41	1279.20	719.88	3.4307	3.3121
230921337946	1319.17	747.24	1273.11	720.31	3.4316	3.3175
230921346280	1321.90	743.02	1270.02	734.43	3.4443	3.3374
230921354612	1318.32	738.55	1275.84	743.90	3.4445	3.3460
230921362946	1313.91	728.45	1274.38	744.42	3.4563	3.3366
230921371279	1319.70	719.71	1275.12	748.62	3.4208	3.3188
230921379611	1324.61	758.27	1269.91	746.63	3.4912	3.3315
230921387946	1315.91	741.95	1278.04	733.34	3.4370	3.3379
230921396279	1317.26	738.78	1276.57	724.11	3.4421	3.3357
230921404613	1326.92	726.02	1267.46	725.18	3.4362	3.3379
230921412945	1320.06	711.89	1267.57	727.81	3.4007	3.3494
230921421292	1317.76	755.74	1265.40	739.14	3.4821	3.3738
230921429626	1317.97	744.72	1269.26	735.12	3.4650	3.3625
230921437959	1314.36	734.32	1264.89	738.58	3.4623	3.3663
230921446284	1318.57	715.39	1264.04	734.38	3.4299	3.3707
230921454617	1316.08	729.12	1266.62	734.97	3.4548	3.3694
230921462950	1318.98	746.64	1268.22	732.37	3.4744	3.3768
230921471283	1319.51	745.43	1268.73	729.04	3.4637	3.3770
230921479616	1316.35	756.96	1271.69	730.85	3.4943	3.3763
230921487950	1315.61	695.62	1273.84	727.50	3.3702	3.3853
230921496283	1318.32	679.92	1273.16	733.62	3.3460	3.3714
230921504616	1321.62	702.48	1279.35	728.07	3.3944	3.3882
230921512959	1310.67	663.12	1276.99	731.77	3.3342	3.3921
230921521283	1311.91	725.36	1275.15	726.45	3.4427	3.4105
230921529617	1318.84	736.91	1280.65	740.09	3.4902	3.3974
230921537949	1320.15	729.85	1287.25	738.52	3.4908	3.3969
230921546282	1312.63	735.49	1281.26	754.24	3.4910	3.3967
230921554619	1313.31	747.63	1278.56	742.20	3.5138	3.3779
230921562952	1317.24	744.03	1284.52	729.03	3.4987	3.3958
230921571285	1313.69	709.97	1289.70	725.14	3.4399	3.3976
230921579619	1315.60	743.36	1290.39	736.64	3.5074	3.4102
230921587952	1316.71	681.13	1284.91	730.87	3.3906	3.4185
230921596285	1311.17	711.74	1284.38	719.23	3.4603	3.4108
230921604618	1314.01	709.10	1284.20	722.32	3.4357	3.3995
230921612952	1316.57	652.71	1278.01	739.92	3.3295	3.4078
230921621284	1319.65	714.46	1277.57	755.12	3.4837	3.4102
230921629617	1313.65	691.29	1268.49	748.79	3.4443	3.4220
230921637951	1317.09	729.34	1265.66	736.94	3.4816	3.4313
230921646284	1311.27	736.96	1278.58	734.23	3.5079	3.4244
230921654626	1301.57	721.88	1279.22	749.53	3.4926	3.4390
230921662951	1307.51	749.53	1278.76	768.81	3.5568	3.4699
230921671292	1312.77	719.24	1280.26	758.12	3.5079	3.4236
230921679623	1310.34	723.69	1280.31	761.33	3.5115	3.4235
230921687955	1310.63	717.39	1293.86	713.75	3.4907	3.3318
230921696289	1311.31	705.73	1290.57	711.83	3.4512	3.3151
230921704622	1310.35	674.10	1283.94	738.72	3.3863	3.4097
230921712954	1313.75	733.53	1287.83	729.16	3.5066	3.3975
230921721287	1275.22	754.80	1230.87	783.50	3.5267	3.4083
230921729620	1256.10	734.21	1221.96	797.57	3.4270	3.3865
230921737954	1247.22	711.85	1227.90	793.48	3.3674	3.3826
230921746287	1247.18	746.54	1229.06	788.40	3.4292	3.3497
230921754620	1255.21	755.21	1229.35	790.00	3.4403	3.3385
230921762954	1260.27	760.40	1232.97	799.39	3.4313	3.3188
230921771287	1255.28	754.23	1230.83	782.32	3.4117	3.2811
230921779621	1248.31	744.60	1225.28	784.43	3.3549	3.2807
230921787953	1245.96	760.12	1228.24	755.80	3.3653	3.2016
230921796286	1247.86	770.46	1228.33	782.13	3.3848	3.2405
230921804620	1245.73	782.08	1230.56	749.45	3.3819	3.1461
230921812959	1244.17	780.38	1228.23	765.08	3.3670	3.1606
230921821293	1246.92	778.40	1232.81	767.44	3.3539	3.1442
230921829627	1244.29	780.19	1227.09	748.48	3.3389	3.0956
230921837959	1242.96	786.51	1224.60	754.38	3.3217	3.0905
230921846293	1252.58	777.72	1220.93	757.55	3.2925	3.0823
230921854626	1245.50	769.88	1232.71	757.84	3.2805	3.0623
230921862960	1252.17	785.20	1227.49	759.75	3.2757	3.0415
230921871292	1250.24	776.99	1234.03	749.20	3.2671	2.9810
230921879625	1256.36	760.23	1233.09	784.23	3.2418	3.0564
230921887959	1246.46	765.28	1238.58	761.47	3.2313	2.9877
230921896292	1247.39	753.59	1239.57	731.37	3.2063	2.9187
230921904626	1250.97	755.83	1234.77	747.74	3.2107	2.9514
230921912959	1245.32	761.18	1241.11	744.68	3.1984	2.9211
230921921292	1248.63	754.29	1244.19	734.21	3.1653	2.8936
230921929626	1252.10	763.21	1244.98	730.42	3.1931	2.8821
230921937958	1251.20	760.22	1246.73	731.37	3.1604	2.8722
230921946296	1247.74	748.47	1244.96	736.67	3.1502	2.8770
230921954629	1243.42	748.44	1235.31	730.07	3.1427	2.8684
230921962961	1245.25	749.93	1237.75	744.70	3.1339	2.9017
230921971295	1256.42	764.39	1237.20	754.72	3.1523	2.9034
230921979628	1253.04	771.68	1239.83	723.18	3.1434	2.8465
230921987962	1209.60	790.69	1195.90	749.21	3.1674	2.9140
230921996295	1134.41	778.69	1128.41	818.11	3.1021	2.9310
230922004628	1102.03	818.97	1083.92	797.69	3.0998	2.8540
230922012963	1086.00	826.77	1089.32	859.17	3.0749	2.9607
230922021303	1080.57	799.09	1089.91	836.23	3.0227	2.9058
230922029628	1081.92	806.30	1099.68	854.91	3.0291	2.9280
230922037961	1076.73	743.54	1093.85	843.47	2.9129	2.9056
230922046294	1084.24	808.11	1088.36	835.11	3.0565	2.8994
230922054627	1087.13	793.40	1080.48	835.61	3.0329	2.8880
230922062960	1084.69	815.58	1082.44	831.18	3.0381	2.9021
230922071294	1077.06	752.78	1076.82	830.45	2.8976	2.8917
230922079633	1087.36	817.65	1085.58	841.42	3.0488	2.9159
230922087966	1080.37	738.09	1080.96	831.21	2.8794	2.8889
230922096300	1095.82	793.24	1082.27	845.03	2.9912	2.8839
230922104633	1089.03	793.03	1082.07	827.57	3.0127	2.8692
230922112967	1082.34	802.89	1083.39	842.55	3.0178	2.9008
230922121300	1038.76	796.29	1025.97	828.17	2.9960	2.8700
230922129632	990.78	814.33	979.15	817.30	3.0272	2.8661
230922137966	972.28	802.17	950.12	781.36	3.0255	2.8221
230922146299	958.65	787.91	943.13	761.08	3.0094	2.8371
230922154632	969.39	805.60	953.97	771.40	3.0331	2.8599
230922162966	972.16	816.87	946.93	756.45	3.0608	2.8343
230922171300	967.55	821.06	951.07	785.53	3.0396	2.8440
230922179632	960.10	802.75	948.04	777.88	3.0340	2.8232
230922187966	958.74	801.36	960.24	793.95	3.0386	2.8541
230922196300	956.70	790.38	954.67	781.97	3.0390	2.8203
230922204635	961.39	794.44	949.97	788.41	3.0309	2.8501
230922212966	962.14	790.19	963.16	790.34	3.0363	2.8657
230922221300	954.98	789.78	962.06	785.85	3.0410	2.8632
230922229633	964.40	801.08	959.58	799.20	3.0545	2.8737
230922237967	961.73	801.39	954.77	773.56	3.0228	2.8500
230922246300	931.57	804.66	920.74	775.76	3.0424	2.8690
230922254634	905.91	777.66	896.26	746.40	3.0579	2.8845
230922262968	900.93	753.05	874.41	720.60	3.0430	2.8893
230922271300	887.74	724.85	887.87	689.52	3.0154	2.9068
230922279633	905.71	747.11	888.09	683.02	3.0440	2.8889
230922287967	897.24	741.31	885.69	701.16	3.0279	2.8987
230922296298	899.56	729.06	884.10	687.98	3.0239	2.8947
230922304632	891.14	736.70	883.71	689.97	3.0369	2.9092
230922312965	889.39	734.38	880.29	689.55	3.0346	2.9118
230922321299	894.34	750.10	876.51	694.61	3.0741	2.9292
230922329632	887.35	735.27	884.70	691.71	3.0566	2.8945
230922337968	889.97	737.74	880.00	692.75	3.0668	2.9135
230922346302	889.37	727.59	884.00	699.82	3.0489	2.9241
230922354635	894.69	737.18	883.79	695.39	3.0753	2.9201
230922362970	899.00	728.42	879.75	701.46	3.0409	2.9096
230922371303	894.03	735.94	886.52	701.38	3.0589	2.9250
230922379635	894.20	740.64	871.02	703.91	3.0979	2.9200
230922387969	868.90	691.84	866.29	664.82	3.0470	2.9583
230922396301	881.85	661.00	883.39	638.35	3.0372	2.9418
230922404635	880.15	618.81	854.88	620.38	3.0378	2.9754
230922412968	873.06	608.20	854.48	592.87	3.0578	2.9633
230922421300	871.76	604.94	850.11	591.76	3.0287	2.9612
230922429634	874.62	609.67	856.88	589.93	3.0658	2.9768
230922437967	872.03	622.51	857.04	578.06	3.0895	2.9596
230922446301	872.21	609.77	858.81	582.89	3.0430	2.9909
230922454634	871.29	600.83	853.40	589.07	3.0363	2.9903
230922462966	870.41	602.50	859.81	581.74	3.0439	2.9966
230922471309	870.92	609.91	855.68	584.14	3.0448	2.9895
230922479642	871.35	613.68	861.03	588.77	3.0531	3.0007
230922487975	876.24	610.73	860.57	583.49	3.0755	2.9858
230922496309	870.83	609.36	863.04	584.95	3.0690	2.9883
230922504642	872.87	611.34	862.07	580.98	3.0727	3.0029
230922512975	870.24	607.83	858.04	577.14	3.0585	2.9881
230922521308	921.13	574.32	902.76	572.24	3.0572	3.0012
230922529642	954.64	554.64	969.81	572.80	3.0788	3.0015
230922537975	978.49	539.33	985.93	574.16	3.0831	3.0388
230922546307	987.74	541.86	986.67	578.83	3.0731	3.0208
230922554641	981.57	542.91	975.63	564.61	3.0601	3.0215
230922562974	985.09	545.22	974.12	562.77	3.0777	3.0124
230922571308	984.45	553.44	980.42	564.68	3.0944	3.0224
230922579641	988.30	553.21	983.95	559.29	3.0844	3.0233
230922587974	991.97	556.75	981.37	551.24	3.0976	3.0093
230922596308	985.83	555.60	984.85	549.12	3.0786	3.0142
230922604645	990.91	569.64	983.19	542.63	3.1297	3.0164
230922612978	992.11	572.04	977.50	558.06	3.1211	3.0428
230922621320	985.62	559.18	978.71	561.18	3.0921	3.0325
230922629652	986.61	560.87	980.84	557.65	3.1243	3.0360
230922637977	983.26	539.85	981.41	566.15	3.1113	3.0500
230922646310	982.35	552.49	979.12	570.91	3.1339	3.0406
230922654644	986.28	534.51	980.58	565.56	3.1023	3.0565
230922662977	976.89	537.59	985.53	563.86	3.1146	3.0582
230922671310	985.58	554.43	980.62	551.64	3.1422	3.0522
230922679644	985.15	545.01	983.92	547.15	3.1314	3.0672
230922687977	1001.14	561.05	987.70	549.93	3.1337	3.0616
230922696311	1030.13	610.64	1018.00	559.19	3.1936	3.0454
230922704644	1029.12	610.14	1013.14	568.57	3.1768	3.0634
230922712976	1025.85	615.50	1018.01	562.86	3.2168	3.0672
230922721310	1023.20	582.85	1016.70	565.33	3.1542	3.0617
230922729648	1025.94	571.88	1020.27	572.64	3.1556	3.0524
230922737981	1028.68	605.16	1016.48	570.70	3.2415	3.0706
230922746315	1023.90	575.25	1016.13	574.95	3.1767	3.0802
230922754647	1031.90	616.57	1012.51	578.27	3.2534	3.0861
230922762981	1025.04	609.25	1014.61	572.82	3.2348	3.0857
230922771314	1029.35	605.42	1016.40	571.94	3.2178	3.0883
230922779648	1027.71	604.70	1008.61	572.21	3.2055	3.0989
230922787981	1041.02	620.80	1009.50	567.66	3.2508	3.1041
230922796313	1032.82	612.03	1003.23	565.92	3.2327	3.1095
230922804647	1017.41	574.51	999.51	572.36	3.1604	3.1129
230922812980	1024.80	599.42	1003.69	572.32	3.2059	3.1198
230922821314	1023.06	583.39	1007.22	572.61	3.1672	3.1038
230922829647	1028.72	580.26	1009.30	576.22	3.1795	3.1279
230922837980	1023.21	572.38	1010.61	568.72	3.1772	3.1203
230922846314	1037.91	613.75	1014.56	587.55	3.2339	3.1323
230922854646	1077.92	625.10	1061.75	612.75	3.2428	3.1165
230922862984	1075.88	642.81	1072.64	633.12	3.2555	3.0997
230922871318	1075.69	631.66	1063.59	632.11	3.2198	3.1215
230922879649	1072.47	637.46	1063.87	624.58	3.2502	3.1114
230922887992	1072.23	641.51	1062.83	611.47	3.2426	3.1041
230922896317	1083.38	665.90	1064.25	610.59	3.2956	3.0955
230922904650	1081.23	664.44	1060.04	607.78	3.2915	3.1200
230922912983	1081.24	666.05	1061.74	607.65	3.2998	3.1046
230922921316	1086.88	658.26	1059.38	605.97	3.2821	3.1082
230922929651	1074.31	623.12	1049.46	609.57	3.2252	3.1177
230922937983	1084.20	636.26	1054.32	614.42	3.2608	3.1204
230922946318	1085.94	640.20	1063.12	616.72	3.2729	3.1187
230922954650	1081.50	628.15	1062.10	624.85	3.2502	3.1268
230922962982	1086.68	645.04	1063.74	620.44	3.2960	3.1302
230922971315	1086.18	636.38	1062.39	625.44	3.2753	3.1307
230922979648	1082.10	632.54	1068.06	622.90	3.2602	3.1143
230922987983	1085.41	625.39	1060.60	621.76	3.2654	3.1167
230922996322	1081.63	630.63	1063.38	623.56	3.2754	3.1200
230923004654	1138.80	681.83	1137.56	635.64	3.3474	3.1520
230923012988	1216.48	702.05	1221.00	747.48	3.3733	3.2656
230923021320	1287.79	781.21	1304.28	789.11	3.4292	3.2788
230923029654	1364.28	786.70	1376.84	799.38	3.3896	3.2173
230923037987	1367.30	790.95	1391.70	802.37	3.3046	3.2153
230923046319	1356.05	772.14	1373.43	803.42	3.3247	3.2413
230923054653	1370.38	784.58	1376.88	809.64	3.3213	3.2435
230923062986	1362.45	788.03	1370.54	804.88	3.3278	3.2322
230923071328	1365.62	784.11	1365.27	810.84	3.3174	3.2355
230923079661	1364.82	788.60	1366.97	797.14	3.3239	3.2174
230923087986	1371.39	784.42	1362.04	810.79	3.3145	3.2272
230923096328	1358.92	767.37	1360.17	811.81	3.2902	3.2372
230923104652	1369.66	772.46	1370.09	803.83	3.2974	3.2171
230923112986	1373.97	791.57	1365.71	808.82	3.3349	3.2206
230923121332	1359.90	745.50	1362.00	805.74	3.2669	3.2079
230923129655	1364.70	778.31	1362.71	817.80	3.3058	3.2078
230923137998	1366.67	772.37	1361.06	822.35	3.3084	3.2484
230923146322	1367.60	780.14	1359.29	819.40	3.3169	3.2217
230923154656	1365.78	764.04	1358.11	835.76	3.2773	3.2472
230923162989	1367.46	792.47	1366.32	832.17	3.3365	3.2356
230923171322	1362.81	768.86	1363.15	830.97	3.2924	3.2159
230923179664	1370.53	789.41	1363.72	831.75	3.3218	3.2259
230923187989	1364.50	757.94	1358.99	828.73	3.2601	3.2314
230923196322	1366.51	791.70	1368.49	811.64	3.3264	3.1917
230923204656	1357.49	796.49	1368.35	818.41	3.3279	3.2267
230923212988	1358.10	780.75	1358.63	812.26	3.3304	3.2135
230923221321	1364.14	771.56	1364.48	806.69	3.3147	3.2087
230923229654	1363.62	780.89	1361.29	812.83	3.3324	3.2088
230923237988	1364.67	775.20	1361.94	816.96	3.3380	3.2175
230923246321	1372.92	774.62	1355.63	821.69	3.3487	3.2175
230923254667	1369.15	776.75	1357.06	833.53	3.3391	3.2493
230923263001	1365.40	783.69	1349.65	835.73	3.3693	3.2413
230923271333	1366.26	762.21	1355.35	833.89	3.3221	3.2372
230923279667	1360.40	763.82	1354.49	838.68	3.3192	3.2626
230923288000	1364.60	769.66	1352.19	836.17	3.3268	3.2459
230923296324	1364.22	780.69	1346.99	823.78	3.3556	3.2363
230923304658	1358.97	757.25	1359.22	827.63	3.3081	3.2338
230923312990	1365.96	761.59	1349.09	828.91	3.3086	3.2424
230923321324	1369.54	778.83	1353.18	829.41	3.3456	3.2455
230923329658	1365.13	766.91	1354.29	832.15	3.2944	3.2423
230923337999	1366.09	767.17	1353.24	823.13	3.2892	3.2171
230923346324	1358.57	745.70	1358.79	827.11	3.2374	3.2292
230923354666	1362.59	778.49	1354.74	834.16	3.3145	3.2362
230923362991	1368.83	791.40	1352.33	824.79	3.3253	3.2216
230923371333	1360.67	797.39	1350.86	827.00	3.3386	3.1983
230923379665	1359.39	781.52	1353.82	827.91	3.3136	3.2222
230923387997	1360.83	766.03	1358.33	835.09	3.2717	3.2121
230923396330	1407.38	802.40	1394.49	835.36	3.2484	3.1987
230923404664	1408.48	827.46	1425.62	851.22	3.2676	3.2084
230923413005	1422.66	821.62	1426.86	860.22	3.2659	3.1780
230923421330	1414.94	819.53	1419.41	861.62	3.2366	3.1998
230923429664	1420.22	829.86	1428.08	853.55	3.2643	3.1825
230923437996	1411.81	832.21	1419.66	859.25	3.2570	3.1865
230923446330	1417.39	834.15	1417.77	864.29	3.2623	3.1988
230923454664	1411.95	833.70	1422.08	854.19	3.2837	3.1944
230923462995	1415.17	830.01	1416.01	867.61	3.2574	3.1864
230923471329	1416.08	832.34	1415.59	861.09	3.2561	3.2015
230923479662	1411.45	831.76	1421.59	860.67	3.2563	3.1806
230923487996	1409.80	834.09	1415.30	866.41	3.2740	3.1929
230923496329	1420.85	829.42	1415.42	865.59	3.2536	3.1974
230923504662	1421.80	837.02	1438.19	745.79	3.2637	2.9469
230923512996	1421.32	833.65	1418.46	853.94	3.2707	3.1569
230923521333	1419.34	818.42	1424.27	868.79	3.2522	3.1687
230923529667	1414.58	829.30	1415.97	875.98	3.2603	3.1910
230923538000	1465.70	810.20	1461.87	866.87	3.2473	3.1842
230923546332	1528.51	824.43	1541.79	814.65	3.2789	3.1582
230923554665	1561.84	826.53	1573.18	794.87	3.2872	3.0926
230923562998	1580.34	816.38	1598.90	764.76	3.3299	3.0817
230923571332	1586.33	825.77	1591.84	797.19	3.3541	3.1434
230923579665	1582.75	835.41	1577.50	803.12	3.3402	3.1420
230923587999	1581.85	837.85	1580.27	784.90	3.3412	3.1211
230923596332	1581.55	826.97	1584.40	783.81	3.3385	3.1106
230923604666	1580.75	815.91	1578.32	800.51	3.3098	3.1402
230923612999	1581.58	792.23	1586.41	786.58	3.2700	3.1048
230923621333	1578.47	814.97	1586.61	794.47	3.3227	3.0731
230923629664	1579.39	824.18	1587.56	815.39	3.3543	3.1165
230923637999	1583.50	819.92	1586.44	811.76	3.3378	3.1155
230923646337	1588.37	796.71	1578.37	838.04	3.2895	3.1568
230923654670	1582.69	809.17	1584.23	817.03	3.3187	3.1076
230923663004	1582.95	815.26	1580.70	818.24	3.3246	3.1192
230923671336	1585.14	830.01	1580.41	820.16	3.3496	3.1249
230923679669	1583.75	820.57	1582.52	835.89	3.3322	3.1346
230923688002	1581.70	813.65	1573.04	820.51	3.3106	3.1268
230923696337	1582.76	815.29	1584.20	805.68	3.3306	3.0977
230923704670	1591.80	815.20	1580.91	815.26	3.3105	3.1261
230923713001	1585.22	808.47	1578.59	790.70	3.2880	3.1047
230923721336	1585.11	830.51	1578.03	792.06	3.3252	3.1003
230923729668	1585.00	819.99	1580.28	778.62	3.3137	3.0967
230923738003	1581.12	832.38	1580.17	793.92	3.3235	3.1113
230923746336	1589.83	825.86	1586.27	776.60	3.3203	3.0824
230923754669	1587.64	821.64	1583.45	798.09	3.3223	3.1192
230923763003	1589.70	820.77	1580.86	782.46	3.3338	3.0866
230923771336	1598.60	787.36	1597.07	791.63	3.2748	3.0850
230923779674	1647.05	792.24	1638.20	755.89	3.3359	3.1176
230923788009	1661.93	738.55	1667.94	730.12	3.3052	3.1119
230923796340	1672.15	688.25	1681.51	640.98	3.3158	3.1157
230923804673	1660.14	643.23	1663.22	652.64	3.2983	3.1227
230923813007	1663.32	668.51	1652.98	654.74	3.3287	3.1156
230923821340	1664.61	655.19	1661.71	658.06	3.3096	3.1312
230923829673	1662.42	645.76	1664.09	639.08	3.3023	3.1289
230923838006	1658.18	657.35	1663.69	629.80	3.3108	3.1190
230923846340	1661.86	663.11	1660.69	630.35	3.3204	3.1301
230923854673	1661.90	658.46	1663.88	624.15	3.3243	3.1123
230923863007	1664.22	651.66	1660.35	633.78	3.2926	3.1254
230923871340	1670.12	641.50	1665.57	623.22	3.2805	3.1211
230923879672	1667.90	660.60	1661.40	627.53	3.3227	3.1311
230923888006	1676.07	655.62	1666.70	636.52	3.3077	3.1401
230923896338	1660.70	650.06	1662.89	636.47	3.2834	3.1257
230923904672	1665.10	665.41	1671.44	630.71	3.3176	3.1288
230923913010	1665.92	654.51	1660.77	633.27	3.3023	3.1267
230923921342	1669.11	661.38	1661.21	636.30	3.3076	3.1193
230923929676	1669.78	667.31	1666.75	649.14	3.3190	3.1351
230923938009	1665.62	666.00	1661.23	639.56	3.3067	3.1194
230923946343	1673.13	649.81	1663.99	639.28	3.2900	3.1174
230923954676	1673.10	644.42	1662.91	642.47	3.2904	3.1357
230923963008	1660.66	653.06	1668.41	644.24	3.2904	3.1290
230923971342	1666.87	637.75	1663.62	624.28	3.2761	3.1103
230923979675	1662.31	665.33	1661.35	624.39	3.3321	3.0906
230923988009	1666.44	653.36	1666.26	630.47	3.3141	3.1012
230923996342	1665.06	653.93	1661.61	627.17	3.2999	3.1014
230924004675	1668.96	649.11	1661.38	636.31	3.2985	3.1130
230924013009	1672.42	649.96	1659.47	635.54	3.2882	3.1027
230924021341	1673.12	646.61	1662.33	641.91	3.2807	3.0997
230924029675	1651.05	661.34	1630.44	642.39	3.3069	3.1198
230924038009	1564.92	662.05	1540.26	590.40	3.3807	3.1162
230924046342	1489.91	614.96	1478.40	580.87	3.3368	3.1399
230924054676	1431.86	565.14	1424.24	582.98	3.2730	3.1420
230924063009	1368.94	549.50	1369.36	566.07	3.2459	3.1291
230924071343	1341.09	612.51	1343.12	576.86	3.3620	3.1305
230924079676	1352.89	603.69	1358.45	575.89	3.3414	3.1402
230924088009	1337.25	568.28	1350.19	561.47	3.2905	3.1161
230924096343	1351.96	573.87	1352.31	565.44	3.2951	3.1155
230924104676	1353.48	568.47	1354.77	560.78	3.2846	3.1040
230924113009	1354.65	589.98	1358.36	563.00	3.3201	3.1046
230924121343	1362.77	598.49	1354.70	570.81	3.3034	3.0986
230924129675	1358.58	610.95	1355.28	560.36	3.3311	3.0975
230924138008	1355.23	595.12	1356.18	564.68	3.2998	3.1114
230924146341	1355.74	598.77	1353.63	560.91	3.3032	3.0942
230924154675	1359.55	598.12	1354.05	558.90	3.3007	3.1000
230924163008	1360.18	587.72	1354.66	563.38	3.2622	3.0985
230924171348	1348.31	575.86	1355.51	565.13	3.2284	3.1042
230924179682	1359.65	587.78	1360.81	560.25	3.2868	3.1001
230924188015	1358.80	606.06	1353.40	565.95	3.3213	3.0862
230924196349	1359.64	595.20	1360.65	567.72	3.2804	3.0814
230924204682	1356.40	595.14	1351.55	575.25	3.2804	3.1023
230924213014	1355.68	606.35	1350.61	570.89	3.2896	3.0853
230924221348	1360.86	568.06	1352.30	570.32	3.2459	3.0873
230924229681	1365.06	578.14	1354.43	569.77	3.2534	3.0862
230924238014	1357.80	603.67	1352.69	577.29	3.2753	3.0944
230924246348	1357.88	553.72	1354.60	568.74	3.2168	3.0688
230924254681	1358.33	586.09	1350.29	570.57	3.2650	3.0818
230924263014	1354.65	587.77	1349.15	565.72	3.2586	3.0732
230924271347	1356.16	570.82	1347.81	570.92	3.2398	3.0770
230924279681	1364.11	597.39	1354.40	569.62	3.2763	3.0801
230924288014	1360.53	584.99	1351.43	566.66	3.2663	3.0743
230924296346	1357.55	577.12	1352.75	566.67	3.2271	3.0632
230924304687	1356.13	565.85	1354.52	559.92	3.1993	3.0659
230924313020	1365.82	569.36	1353.68	569.19	3.2174	3.0682
230924321354	1363.43	561.71	1355.61	568.48	3.1886	3.0721
230924329687	1361.24	578.11	1349.04	564.61	3.2465	3.0742
230924338020	1352.85	543.65	1352.24	569.42	3.1599	3.0693
230924346354	1357.02	526.03	1355.23	567.12	3.1331	3.0715
230924354687	1347.81	592.48	1347.07	556.97	3.2431	3.0680
230924363020	1305.39	645.97	1294.51	588.03	3.2819	3.0590
230924371354	1292.15	631.42	1272.47	608.04	3.2240	3.0353
230924379685	1288.41	623.01	1277.75	625.12	3.2241	3.0362
230924388019	1290.41	602.82	1276.91	610.52	3.1808	3.0252
230924396352	1295.13	663.12	1278.44	615.66	3.2614	3.0231
230924404686	1290.13	669.84	1278.52	609.79	3.2650	3.0340
230924413020	1288.98	659.18	1280.28	612.23	3.2548	3.0337
