t	gaze_point_LX	gaze_point_LY	gaze_point_RX	gaze_point_RY	pupil_diameter_L	pupil_diameter_R
839755791720	1450.24	804.87	1313.54	829.78	5.1325	5.3449
839755800053	1452.49	801.70	1313.17	822.43	5.1235	5.3200
839755808386	1449.21	808.09	1314.19	822.58	5.1262	5.3147
839755816720	1450.35	810.34	1309.21	825.88	5.1298	5.3249
839755825053	1458.08	802.70	1308.49	828.96	5.1122	5.3194
839755833387	1450.11	807.09	1313.47	829.00	5.1235	5.3186
839755841720	1456.84	807.83	1306.73	829.72	5.1266	5.3203
839755850052	1451.02	809.07	1308.04	826.35	5.1206	5.3140
839755858386	1449.88	810.62	1304.88	826.97	5.1184	5.3188
839755866719	1449.09	809.01	1308.94	825.10	5.1152	5.3056
839755875052	1446.92	805.56	1310.44	822.56	5.1019	5.3055
839755883386	1447.29	812.90	1305.49	825.91	5.1168	5.3129
839755891718	1444.89	810.31	1302.55	827.53	5.0946	5.3088
839755900052	1442.04	806.90	1302.87	827.42	5.0973	5.3035
839755908386	1441.88	803.37	1305.22	830.52	5.0848	5.3008
839755916723	1403.30	794.38	1281.31	802.89	5.0955	5.3028
839755925055	1381.41	739.04	1257.97	742.41	5.0951	5.3149
839755933380	1355.35	708.47	1252.07	717.62	5.0957	5.3214
839755941722	1364.20	717.70	1251.30	731.70	5.0682	5.3156
839755950055	1369.77	725.63	1254.45	728.91	5.0827	5.3167
839755958389	1368.34	720.13	1252.13	732.25	5.0842	5.3141
839755966722	1364.14	728.03	1248.93	728.87	5.0767	5.3023
839755975055	1366.46	725.57	1245.06	730.01	5.0777	5.3109
839755983389	1366.90	726.91	1241.90	727.48	5.0871	5.3050
839755991722	1366.53	723.47	1245.06	731.92	5.0701	5.3182
839756000055	1365.11	724.90	1241.20	732.49	5.0845	5.3080
839756008388	1364.37	726.37	1241.84	729.19	5.0868	5.3098
839756016720	1364.30	728.70	1240.10	729.44	5.0757	5.3270
839756025054	1364.64	727.59	1246.00	728.63	5.0844	5.3279
839756033388	1364.55	725.66	1244.33	731.48	5.0838	5.3163
839756041721	1363.64	734.24	1241.88	731.88	5.0956	5.3287
839756050059	1369.35	723.42	1245.12	726.45	5.0816	5.3266
839756058392	1362.24	728.60	1246.43	727.70	5.0788	5.3349
839756066726	1367.26	720.01	1240.93	724.30	5.0730	5.3462
839756075059	1367.43	725.90	1243.40	727.75	5.1000	5.3484
839756083392	1368.08	722.83	1244.95	731.53	5.0972	5.3405
839756091725	1368.62	729.93	1246.09	725.05	5.1043	5.3529
839756100058	1369.82	727.26	1249.39	727.95	5.0946	5.3421
839756108392	1378.30	724.34	1247.98	728.52	5.1057	5.3503
839756116725	1374.65	722.78	1248.12	723.73	5.1033	5.3587
839756125058	1370.01	726.93	1253.50	725.31	5.0970	5.3587
839756133391	1368.73	728.32	1252.57	726.12	5.1130	5.3608
839756141724	1372.72	720.72	1248.85	723.19	5.1017	5.3635
839756150058	1367.51	721.13	1249.22	727.64	5.1096	5.3673
839756158391	1366.18	726.88	1249.14	727.73	5.0968	5.3744
839756166724	1368.01	725.82	1250.72	722.57	5.0978	5.3695
839756175062	1366.14	726.79	1244.82	725.27	5.1144	5.3792
839756183395	1363.99	728.62	1248.47	725.68	5.1335	5.3700
839756191729	1364.95	723.87	1246.01	719.84	5.1056	5.3760
839756200062	1371.70	728.92	1244.69	722.50	5.1232	5.3810
839756208396	1366.30	727.05	1247.83	725.66	5.1179	5.3830
839756216729	1363.62	734.96	1248.45	726.19	5.1370	5.3849
839756225062	1366.82	727.36	1247.00	722.78	5.1176	5.3865
839756233396	1361.19	732.43	1254.03	727.02	5.1312	5.3792
839756241728	1366.26	735.37	1250.79	727.21	5.1319	5.3903
839756250061	1366.69	737.42	1248.52	729.56	5.1458	5.3957
839756258395	1360.15	737.92	1254.57	729.62	5.1491	5.3934
839756266727	1360.51	734.60	1254.82	734.95	5.1478	5.3931
839756275061	1367.88	735.15	1256.38	734.87	5.1584	5.4028
839756283395	1363.27	732.99	1253.87	733.12	5.1517	5.3908
839756291728	1363.46	729.25	1253.15	736.98	5.1554	5.4028
839756300061	1362.23	733.78	1249.08	732.43	5.1587	5.3972
839756308398	1366.06	731.98	1249.71	734.61	5.1606	5.3921
839756316732	1373.75	730.09	1253.74	730.04	5.1610	5.3980
839756325064	1371.12	729.67	1254.88	733.19	5.1628	5.3959
839756333397	1367.86	731.21	1252.08	732.67	5.1609	5.4028
839756341731	1370.65	726.97	1254.65	729.11	5.1546	5.4028
839756350064	1373.78	730.48	1254.32	728.87	5.1688	5.4059
839756358397	1375.27	726.14	1254.47	730.89	5.1584	5.3949
839756366731	1382.25	726.34	1267.96	727.12	5.1666	5.4026
839756375064	1383.53	727.32	1266.00	725.97	5.1723	5.3969
839756383397	1378.50	721.58	1261.36	721.81	5.1637	5.4083
839756391730	1377.75	721.36	1260.99	723.04	5.1720	5.4029
839756400063	1379.84	727.41	1266.00	720.18	5.1705	5.3924
839756408396	1382.12	724.78	1262.19	721.11	5.1752	5.3761
839756416730	1382.83	721.63	1267.08	723.47	5.1687	5.3718
839756425063	1383.37	724.92	1265.17	744.34	5.1789	5.4096
839756433396	1374.89	725.47	1263.62	755.04	5.1518	5.4298
839756441735	1379.28	722.27	1268.02	753.02	5.1570	5.3850
839756450068	1375.57	715.44	1268.31	731.26	5.1362	5.4233
839756458401	1376.18	721.98	1268.71	779.84	5.1420	5.3592
839756466735	1385.35	730.69	1263.94	873.60	5.0980	5.1915
839756475068	1372.39	751.13	1233.82	1046.60	5.1095	4.5757
839756483400	1373.76	753.43	NaN	NaN	5.0871	NaN
839756491734	1362.27	815.17	1261.53	1707.73	4.9409	1.8524
839756500058	1342.25	940.43	1254.12	1536.37	4.6352	2.4607
839756508392	1353.33	1027.62	NaN	NaN	4.3920	NaN
839756516726	NaN	NaN	1226.31	1435.36	NaN	2.5192
839756525059	1507.04	1109.12	NaN	NaN	3.7760	NaN
839756533393	1486.88	1083.98	NaN	NaN	3.9746	NaN
839756541726	1363.92	984.70	NaN	NaN	4.4715	NaN
839756550060	1343.37	961.75	NaN	NaN	4.5074	NaN
839756558392	1349.25	954.39	NaN	NaN	4.6143	NaN
839756566728	1357.00	896.29	1178.97	1377.82	4.7868	3.1288
839756575061	1372.87	848.44	1324.71	1312.83	4.8630	3.4058
839756583395	1363.87	828.60	1281.21	1279.80	4.9143	3.5612
839756591729	1375.95	803.28	NaN	NaN	4.9441	NaN
839756600062	1377.34	781.16	1271.89	1211.23	4.9814	3.7140
839756608396	1371.57	760.56	1148.74	1191.75	5.0340	3.9296
839756616729	1365.44	736.57	1118.86	1166.09	5.0533	4.0949
839756625062	1374.23	735.27	1177.72	1125.48	5.0718	4.2740
839756633396	1376.67	729.35	1240.20	1112.66	5.0819	4.3650
839756641728	1372.20	718.42	1190.29	1090.88	5.0779	4.3617
839756650060	1377.81	715.67	1235.24	1050.05	5.0803	4.5353
839756658394	1375.19	718.15	1408.19	1049.88	5.0827	4.3516
839756666727	1376.44	733.30	1290.22	1073.21	5.0624	4.4151
839756675060	1380.95	736.78	1355.52	1075.62	5.0599	4.2507
839756683393	1378.57	724.66	1357.56	1054.57	5.0554	4.4300
839756691726	1377.59	714.39	1281.47	1047.52	5.0566	4.6849
839756700065	1375.04	710.08	1299.23	1006.89	5.0573	4.7649
839756708398	1378.43	701.27	1299.07	969.42	5.0781	4.7788
839756716731	1381.45	700.60	1256.00	979.99	5.0847	4.6389
839756725064	1376.36	705.27	1267.88	986.62	5.0671	4.7889
839756733398	1379.04	705.11	1212.39	976.04	5.0526	4.6587
839756741731	1379.02	707.31	1268.02	955.37	5.0736	4.8989
839756750064	1382.51	729.34	1309.52	930.56	5.0410	4.9376
839756758397	1385.34	721.70	1281.82	912.14	5.0490	4.9284
839756766731	1384.56	734.67	1266.55	916.76	5.0313	4.9282
839756775064	1387.73	736.70	1288.23	911.70	5.0367	4.9324
839756783397	1385.91	728.82	1293.61	920.85	5.0388	4.8845
839756791731	1384.33	726.58	1267.70	919.65	5.0370	4.9038
839756800063	1381.88	746.50	1295.37	888.27	5.0623	5.0088
839756808405	1381.16	730.33	1274.24	858.93	5.0185	5.0683
839756816738	1382.84	734.38	1279.55	875.09	5.0475	5.0400
839756825071	1379.80	729.24	1292.97	877.55	5.0401	4.9989
839756833411	1380.31	734.71	1288.17	873.63	5.0308	5.0490
839756841745	1378.11	729.95	1279.87	874.11	5.0265	4.9924
839756850077	1382.40	733.14	1284.12	841.09	5.0565	5.1011
839756858411	1382.21	738.27	1284.15	833.60	5.0796	5.1640
839756866744	1376.78	731.15	1286.99	808.37	5.0457	5.1902
839756875076	1381.03	729.99	1282.62	805.79	5.0604	5.1846
839756883410	1376.60	722.46	1283.95	804.36	5.0468	5.2272
839756891743	1377.74	728.69	1282.74	789.14	5.0647	5.2448
839756900076	1385.30	734.51	1281.12	786.25	5.0829	5.2393
839756908410	1384.64	731.27	1276.12	777.01	5.0701	5.2348
839756916743	1376.82	729.26	1268.97	772.21	5.0775	5.2536
839756925076	1380.88	741.45	1271.40	778.01	5.0817	5.2652
839756933410	1385.83	737.23	1272.49	774.30	5.0747	5.2886
839756941743	1384.43	723.50	1273.62	765.95	5.0709	5.2697
839756950077	1388.34	730.66	1274.62	775.15	5.0704	5.2812
839756958409	1388.07	743.49	1276.17	767.32	5.0981	5.2853
839756966746	1386.97	736.15	1273.55	767.16	5.0953	5.2880
839756975080	1383.64	740.20	1271.03	761.52	5.0988	5.2729
839756983413	1379.98	729.90	1275.24	769.73	5.0848	5.2860
839756991746	1381.90	744.93	1274.15	768.56	5.1164	5.2892
839757000079	1381.05	744.57	1276.68	765.60	5.1206	5.2752
839757008413	1383.18	733.90	1272.14	786.85	5.1066	5.2666
839757016746	1386.24	734.25	1266.28	771.92	5.1017	5.2693
839757025079	1385.11	725.12	1273.36	769.20	5.0792	5.2854
839757033412	1380.84	735.21	1269.47	777.75	5.0975	5.2806
839757041745	1381.43	724.45	1278.21	791.57	5.0951	5.2296
839757050078	1383.18	725.97	1272.40	810.22	5.0833	5.2156
839757058412	1377.42	730.81	1284.92	807.53	5.0915	5.1933
839757066745	1379.77	730.77	1276.50	801.04	5.1101	5.2285
839757075079	1381.50	729.00	1274.70	806.01	5.1071	5.2595
839757083412	1377.69	732.74	1278.39	798.79	5.1140	5.2697
839757091749	1378.69	737.09	1271.65	798.05	5.1037	5.2605
839757100083	1378.89	730.67	1275.13	794.29	5.0826	5.2741
839757108415	1382.91	736.80	1273.34	770.34	5.1093	5.2962
839757116748	1382.51	737.94	1269.67	780.04	5.0975	5.3105
839757125082	1383.11	743.93	1269.99	770.90	5.1066	5.3023
839757133415	1380.92	736.92	1266.41	778.48	5.1019	5.3148
839757141748	1380.99	738.33	1266.44	777.67	5.0908	5.3117
839757150081	1382.40	732.83	1273.17	758.42	5.0889	5.2869
839757158415	1383.74	737.71	1265.03	791.70	5.0889	5.2436
839757166748	1382.94	726.00	1269.43	798.36	5.0659	5.1900
839757175082	1383.82	727.28	1272.04	799.75	5.0647	5.1934
839757183415	1385.40	737.00	1264.14	797.15	5.0821	5.2317
839757191747	1385.53	728.19	1275.33	786.62	5.0780	5.2007
839757200081	1384.21	738.41	1264.26	807.36	5.0793	5.2262
839757208413	1376.70	732.67	1267.53	798.99	5.0555	5.2334
839757216747	1381.89	732.91	1271.50	794.76	5.0665	5.2096
839757225089	1382.89	722.19	1274.48	795.13	5.0482	5.1981
839757233421	1381.41	734.95	1270.05	796.16	5.0732	5.1812
839757241755	1380.58	736.45	1270.03	801.61	5.0713	5.1980
839757250088	1380.79	739.64	1270.37	797.65	5.0774	5.2049
839757258421	1378.13	740.90	1266.54	787.33	5.0742	5.2110
839757266755	1385.45	749.10	1269.23	780.18	5.0865	5.2227
839757275087	1380.88	747.15	1271.52	784.80	5.0624	5.2159
839757283421	1384.22	740.73	1268.90	785.65	5.0590	5.1797
839757291754	1378.77	740.66	1266.60	787.09	5.0557	5.2107
839757300087	1385.76	738.66	1270.49	777.91	5.0560	5.2524
839757308420	1388.07	737.47	1265.55	769.34	5.0538	5.2203
839757316754	1384.92	742.57	1261.92	766.62	5.0485	5.2412
839757325087	1387.18	732.62	1255.14	764.72	5.0322	5.2565
839757333420	1378.76	739.74	1250.15	762.41	5.0456	5.2685
839757341754	1380.71	732.66	1254.87	761.52	5.0298	5.2665
839757350087	1377.52	736.19	1249.81	762.32	5.0188	5.2996
839757358421	1379.18	735.09	1251.33	760.13	5.0240	5.3188
839757366755	1383.80	739.58	1251.51	743.18	5.0376	5.2845
839757375088	1377.82	740.72	1251.06	753.78	5.0468	5.3253
839757383421	1382.44	741.81	1246.86	746.58	5.0385	5.3282
839757391755	1383.91	753.95	1251.79	744.63	5.0568	5.3208
839757400088	1382.45	747.40	1250.65	746.95	5.0446	5.3094
839757408421	1379.14	737.25	1248.65	748.62	5.0287	5.3038
839757416755	1381.21	739.57	1252.79	752.22	5.0217	5.2901
839757425088	1379.36	740.62	1255.07	762.82	5.0529	5.2875
839757433420	1378.18	741.62	1251.65	759.31	5.0494	5.2870
839757441753	1379.60	734.26	1251.28	763.37	5.0152	5.3297
839757450087	1382.06	741.62	1256.34	754.75	5.0200	5.3512
839757458420	1384.15	742.52	1258.85	751.36	5.0317	5.3496
839757466754	1382.13	740.84	1256.80	759.45	5.0306	5.3632
839757475087	1383.61	741.54	1258.00	751.17	5.0220	5.3596
839757483420	1383.25	747.73	1252.27	757.55	5.0305	5.3974
839757491759	1359.12	724.33	1257.89	743.22	5.0250	5.3720
839757500092	1382.01	744.23	1261.30	742.91	5.0319	5.3564
839757508426	1383.59	738.36	1256.86	752.95	5.0389	5.3611
839757516758	1378.99	735.04	1256.27	762.43	5.0345	5.3432
839757525091	1381.55	730.13	1258.31	766.86	5.0289	5.3266
839757533424	1386.51	727.84	1256.66	764.20	5.0331	5.3217
839757541758	1384.35	727.79	1261.87	770.58	5.0373	5.3034
839757550091	1387.01	728.43	1257.62	769.61	5.0270	5.3112
839757558424	1388.67	733.04	1257.37	747.17	5.0281	5.2930
839757566758	1386.10	736.34	1263.86	764.67	5.0333	5.2990
839757575091	1381.30	737.06	1263.54	764.68	5.0393	5.2901
839757583424	1381.67	730.96	1267.19	764.76	5.0339	5.3076
839757591757	1386.39	734.88	1254.93	767.43	5.0478	5.3195
839757600090	1386.06	740.66	1253.46	769.86	5.0569	5.3466
839757608423	1381.67	735.96	1249.28	768.98	5.0359	5.3716
839757616761	1376.31	744.05	1253.05	769.07	5.0632	5.3794
839757625094	1383.22	741.98	1255.82	767.22	5.0487	5.3653
839757633428	1381.44	738.33	1248.27	764.19	5.0409	5.3754
839757641760	1380.17	739.20	1258.12	765.74	5.0457	5.3731
839757650094	1383.77	728.70	1252.57	753.14	5.0412	5.3183
839757658427	1379.94	736.26	1251.93	765.77	5.0450	5.3407
839757666760	1381.18	736.38	1258.06	760.81	5.0520	5.3295
839757675093	1389.62	740.03	1254.93	765.07	5.0625	5.3526
839757683426	1389.32	738.97	1254.57	754.44	5.0513	5.3457
839757691759	1388.10	749.13	1254.93	750.57	5.0622	5.3649
839757700093	1355.53	722.98	1254.20	757.20	5.0621	5.3515
839757708426	1355.67	714.59	1248.10	769.52	5.0507	5.4019
839757716760	1357.14	708.95	1254.98	755.01	5.0508	5.3774
839757725093	1359.94	714.30	1257.14	737.48	5.0527	5.3572
839757733426	1360.74	718.86	1248.08	756.66	5.0606	5.3894
839757741759	1362.13	714.44	1254.60	747.16	5.0621	5.3553
839757750097	1364.94	721.05	1255.18	749.90	5.0738	5.4055
839757758430	1361.03	716.42	1249.56	748.93	5.0601	5.3902
839757766763	1364.42	717.00	1255.42	748.50	5.0636	5.4077
839757775097	1360.13	713.36	1256.26	744.44	5.0623	5.4098
839757783431	1361.82	707.02	1253.04	755.54	5.0548	5.3933
839757791763	1361.68	713.03	1254.12	755.01	5.0701	5.3696
839757800097	1362.30	709.82	1248.67	755.69	5.0724	5.4022
839757808430	1364.31	708.71	1251.57	751.39	5.0728	5.3898
839757816763	1362.63	709.48	1257.40	763.46	5.0681	5.4035
839757825097	1367.36	701.78	1252.18	755.05	5.0683	5.3605
839757833429	1364.79	701.97	1252.61	760.22	5.0632	5.3812
839757841763	1368.33	700.47	1261.12	748.17	5.0759	5.3896
839757850096	1396.03	731.18	1270.72	748.40	5.0569	5.3740
839757858429	1372.69	706.51	1268.84	752.68	5.0676	5.3781
839757866763	1372.51	703.00	1269.57	756.22	5.0782	5.4236
839757875096	1375.57	703.94	1270.58	744.72	5.0786	5.4065
839757883435	1370.44	701.28	1269.43	737.80	5.0816	5.4337
839757891768	1377.00	702.74	1271.42	747.54	5.0946	5.4109
839757900101	1371.70	696.73	1272.56	753.66	5.0852	5.3910
839757908433	1369.63	699.29	1266.90	747.47	5.0813	5.4171
839757916767	1373.94	697.59	1268.96	749.79	5.1002	5.4248
839757925100	1373.82	689.53	1271.85	748.60	5.0756	5.3774
839757933433	1377.89	690.95	1268.33	756.01	5.0859	5.3935
839757941766	1373.90	693.02	1269.43	769.08	5.0834	5.4339
839757950100	1378.37	687.34	1269.96	758.97	5.0893	5.3901
839757958433	1381.04	695.83	1272.14	780.43	5.0932	5.3641
839757966767	1380.02	692.85	1273.40	789.91	5.0995	5.3309
839757975100	1372.86	691.00	1272.47	779.04	5.0912	5.3081
839757983433	1376.06	694.86	1274.19	787.40	5.1011	5.3200
839757991766	1369.08	687.40	1269.20	792.32	5.0793	5.3388
839758000099	1370.59	690.63	1270.44	789.88	5.0924	5.3529
839758008436	1371.72	696.75	1267.51	789.58	5.0917	5.3261
839758016770	1369.27	694.65	1269.14	782.21	5.1065	5.3206
839758025103	1369.89	697.06	1269.09	777.70	5.1020	5.3154
839758033436	1368.95	694.18	1270.38	775.72	5.1105	5.3354
839758041770	1362.87	693.53	1264.15	788.18	5.1045	5.3531
839758050103	1361.06	697.18	1267.47	792.22	5.0967	5.3524
839758058436	1363.87	695.84	1257.98	790.18	5.1100	5.3492
839758066769	1356.12	705.45	1260.44	789.34	5.1016	5.3471
839758075102	1362.89	697.05	1264.72	784.90	5.1048	5.3471
839758083435	1357.09	704.32	1265.62	783.61	5.1165	5.3372
839758091769	1362.33	702.47	1258.92	786.40	5.1153	5.3435
839758100102	1366.43	700.16	1264.18	782.51	5.1130	5.3315
839758108435	1362.15	695.64	1267.64	779.25	5.0994	5.3292
839758116769	1357.92	697.03	1259.49	776.41	5.1038	5.3195
839758125102	1365.65	696.27	1259.62	797.03	5.1102	5.3443
839758133435	1371.46	703.14	1268.00	787.40	5.1061	5.3321
839758141773	1370.71	707.17	1265.68	786.94	5.0967	5.3384
839758150105	1368.83	704.27	1270.29	789.97	5.0937	5.3424
839758158439	1370.01	710.24	1270.47	782.17	5.1009	5.3415
839758166772	1364.01	707.74	1269.45	786.57	5.1064	5.3266
839758175105	1371.52	713.42	1273.70	768.39	5.1078	5.3149
839758183439	1370.80	714.83	1272.47	779.48	5.1116	5.3288
839758191772	1371.81	714.57	1267.40	791.17	5.1011	5.3413
839758200106	1374.23	712.15	1267.72	783.95	5.1078	5.3378
839758208439	1372.04	711.21	1268.01	790.42	5.1089	5.3451
839758216772	1373.72	712.35	1271.56	775.78	5.1048	5.3069
839758225104	1369.37	708.64	1269.76	781.51	5.0962	5.3054
839758233438	1368.38	707.31	1267.33	779.40	5.0998	5.3203
839758241771	1365.27	707.02	1270.66	787.91	5.1049	5.3440
839758250104	1363.39	708.01	1269.47	767.79	5.1012	5.3017
839758258438	1365.79	708.61	1270.37	779.45	5.1052	5.3319
839758266771	1364.84	712.61	1268.03	780.02	5.1148	5.3253
839758275109	1364.03	712.37	1267.96	789.64	5.1092	5.3409
839758283443	1359.60	714.72	1267.57	768.78	5.1083	5.3000
839758291776	1358.91	715.19	1268.58	777.44	5.1091	5.3151
839758300109	1360.21	711.80	1271.95	781.52	5.1028	5.3330
839758308442	1361.79	711.43	1264.42	783.70	5.1013	5.3379
839758316775	1365.25	710.79	1269.24	776.11	5.1121	5.3290
839758325108	1356.14	711.35	1266.75	777.82	5.1176	5.3413
839758333442	1361.52	704.78	1272.62	776.30	5.1122	5.3282
839758341775	1366.70	705.58	1266.08	782.84	5.1050	5.3386
839758350108	1361.38	705.67	1268.75	777.59	5.0962	5.3102
839758358442	1366.76	706.53	1268.84	788.83	5.1160	5.3525
839758366775	1354.54	701.07	1270.38	783.26	5.0963	5.3473
839758375108	1363.08	703.60	1263.40	788.38	5.1211	5.3589
839758383441	1362.04	708.41	1272.39	780.11	5.1124	5.3367
839758391774	1364.74	708.85	1271.23	780.08	5.1222	5.3476
839758400107	1357.49	711.84	1273.38	766.03	5.1274	5.3264
839758408446	1361.14	711.72	1269.67	781.19	5.1292	5.3701
839758416779	1360.49	720.51	1272.02	780.99	5.1472	5.3660
839758425112	1359.56	714.44	1275.65	754.91	5.1261	5.3272
839758433446	1362.70	712.94	1270.63	761.01	5.1207	5.3556
839758441779	1358.62	716.39	1270.04	760.41	5.1284	5.3370
839758450112	1363.02	716.31	1260.38	764.43	5.1304	5.3411
839758458446	1363.54	706.55	1263.50	763.38	5.1191	5.3466
839758466778	1368.99	702.13	1258.30	770.98	5.1194	5.3912
839758475103	1373.59	703.39	1263.19	764.39	5.1468	5.3765
839758483445	1375.50	703.86	1267.45	756.75	5.1406	5.3708
839758491778	1375.37	704.03	1267.62	749.45	5.1453	5.3657
839758500111	1377.57	706.35	1268.41	754.48	5.1450	5.3977
839758508445	1380.25	704.86	1277.58	731.01	5.1553	5.3659
839758516778	1373.46	694.21	1273.97	718.56	5.1530	5.3523
839758525111	1380.15	705.16	1279.80	721.34	5.1629	5.3621
839758533448	1378.72	703.45	1283.27	713.63	5.1627	5.3556
839758541780	1373.17	702.12	1285.26	712.25	5.1411	5.3710
839758550113	1371.24	705.78	1280.46	712.71	5.1690	5.3680
839758558447	1370.92	708.64	1278.31	713.07	5.1663	5.3711
839758566780	1374.46	709.00	1280.04	714.91	5.1835	5.3886
839758575113	1379.47	703.72	1282.35	712.85	5.1735	5.3886
839758583447	1371.68	704.35	1274.99	714.21	5.1908	5.3935
839758591780	1374.13	700.55	1275.95	716.89	5.1769	5.4022
839758600113	1378.33	708.08	1279.80	718.39	5.1782	5.3839
839758608447	1372.94	708.02	1274.33	715.84	5.1837	5.3945
839758616780	1374.26	706.52	1272.60	717.94	5.1824	5.4021
839758625112	1371.16	708.89	1272.10	721.65	5.1887	5.3939
839758633446	1372.03	712.75	1272.80	724.52	5.1927	5.4002
839758641779	1374.82	709.56	1272.05	729.07	5.1905	5.3982
839758650113	1371.17	712.21	1273.82	731.95	5.1828	5.3907
839758658446	1371.85	706.35	1271.66	729.45	5.1944	5.3973
839758666786	1367.27	705.87	1268.48	729.18	5.1815	5.4110
839758675119	1375.29	711.53	1271.92	726.69	5.2077	5.4055
839758683453	1367.45	711.37	1273.85	727.25	5.1900	5.4062
839758691786	1375.43	705.53	1270.34	729.92	5.1992	5.4207
839758700119	1370.84	710.35	1265.59	732.51	5.2067	5.4128
839758708452	1367.53	717.65	1266.89	729.54	5.2198	5.4107
839758716785	1374.33	713.68	1268.31	731.68	5.2103	5.4240
839758725118	1369.44	704.78	1269.36	732.26	5.1993	5.4193
839758733452	1369.50	710.53	1268.12	729.13	5.2012	5.4082
839758741785	1377.46	710.58	1266.89	728.17	5.2259	5.4145
839758750118	1374.40	712.21	1269.94	729.35	5.2268	5.4281
839758758452	1374.57	716.67	1268.48	729.85	5.2313	5.4354
839758766785	1375.55	711.01	1267.92	734.15	5.2259	5.4370
839758775119	1369.67	716.55	1265.91	732.38	5.2397	5.4397
839758783451	1374.09	718.15	1265.37	730.75	5.2413	5.4556
839758791784	1372.06	713.78	1262.18	734.61	5.2222	5.4321
839758800121	1378.11	713.51	1266.57	731.18	5.2353	5.4295
839758808454	1380.05	704.78	1262.54	738.13	5.2275	5.4227
839758816788	1386.24	712.19	1268.23	737.53	5.2139	5.4120
839758825122	1387.13	736.08	1265.35	751.35	5.2307	5.4095
839758833455	1410.14	728.19	1258.34	754.32	5.2400	5.4058
839758841788	1366.10	829.57	1274.08	996.66	4.9824	4.7886
839758850121	1531.61	1138.61	NaN	NaN	3.7195	NaN
839758858446	NaN	NaN	NaN	NaN	NaN	NaN
839758866779	NaN	NaN	NaN	NaN	NaN	NaN
839758875113	NaN	NaN	NaN	NaN	NaN	NaN
839758883446	NaN	NaN	NaN	NaN	NaN	NaN
839758891780	NaN	NaN	1136.94	1589.64	NaN	1.8397
839758900119	1250.53	1573.57	NaN	NaN	1.9644	NaN
839758908453	NaN	NaN	NaN	NaN	NaN	NaN
839758916786	1457.84	1282.26	1067.38	1190.93	3.2236	3.6554
839758925121	NaN	NaN	1393.59	1060.93	NaN	4.2852
839758933454	1349.50	994.11	1314.05	918.98	4.6206	4.9530
839758941790	1363.93	861.62	1288.66	811.38	4.9242	5.2051
839758950123	1368.20	785.60	1289.94	745.52	5.0899	5.3585
839758958457	1378.90	735.75	1275.42	706.87	5.2023	5.4399
839758966790	1372.33	704.81	1270.51	697.39	5.2616	5.5009
839758975123	1376.88	705.57	1276.60	728.75	5.2640	5.4300
839758983457	1379.89	731.07	1275.27	735.06	5.2251	5.4161
839758991790	1378.79	736.86	1275.53	725.79	5.2302	5.4253
839759000123	1378.24	740.71	1278.49	727.35	5.2408	5.4225
839759008456	1380.97	733.45	1272.44	725.63	5.2321	5.4388
839759016789	1377.34	729.29	1274.64	729.05	5.2324	5.4543
839759025122	1379.94	727.79	1271.84	725.36	5.2281	5.4492
839759033455	1379.74	724.38	1274.77	715.36	5.2391	5.4422
839759041789	1376.14	723.58	1271.88	722.01	5.2469	5.4468
839759050122	1381.10	723.98	1271.56	713.52	5.2505	5.4455
839759058459	1381.41	720.48	1272.51	718.20	5.2451	5.4530
839759066793	1383.34	721.23	1269.00	715.25	5.2517	5.4584
839759075126	1383.90	722.68	1268.53	712.37	5.2593	5.4465
839759083459	1383.38	726.74	1270.66	707.96	5.2598	5.4539
839759091792	1381.72	724.34	1269.09	713.87	5.2658	5.4429
839759100125	1380.24	722.18	1269.07	718.50	5.2663	5.4529
839759108459	1382.40	717.18	1267.83	712.52	5.2662	5.4463
839759116792	1383.17	721.22	1268.69	717.02	5.2594	5.4512
839759125125	1383.94	724.36	1270.44	715.92	5.2640	5.4599
839759133458	1383.56	720.10	1272.47	718.69	5.2514	5.4549
839759141792	1382.76	725.78	1268.92	726.18	5.2473	5.4639
839759150125	1387.19	722.88	1265.39	721.87	5.2572	5.4559
839759158459	1385.83	726.87	1271.63	719.44	5.2549	5.4411
839759166792	1389.54	727.72	1267.93	718.13	5.2537	5.4466
839759175124	1374.04	703.53	1269.60	719.06	5.2483	5.4445
839759183458	1391.53	737.76	1264.36	723.15	5.2464	5.4561
839759191798	1380.64	700.76	1269.48	722.77	5.2534	5.4545
839759200131	1375.99	697.08	1266.77	722.64	5.2409	5.4530
839759208464	1375.39	702.93	1270.76	720.26	5.2540	5.4440
839759216798	1375.92	696.75	1268.27	724.72	5.2487	5.4493
839759225131	1371.42	696.91	1271.79	716.10	5.2354	5.4419
839759233464	1382.73	732.74	1260.10	723.00	5.2341	5.4412
839759241798	1379.03	738.83	1261.13	726.58	5.2533	5.4387
839759250131	1383.69	734.67	1261.48	726.18	5.2291	5.4431
839759258464	1379.87	737.09	1263.86	728.35	5.2274	5.4345
839759266797	1375.66	736.81	1264.43	730.52	5.2372	5.4400
839759275130	1377.24	737.20	1262.79	730.88	5.2353	5.4421
839759283463	1362.12	714.41	1261.07	730.61	5.2325	5.4292
839759291796	1364.53	716.10	1265.74	726.49	5.2201	5.4346
839759300130	1378.18	740.25	1258.53	728.29	5.2206	5.4336
839759308463	1367.17	708.09	1268.24	725.88	5.2198	5.4226
839759316797	1370.19	708.90	1269.27	720.46	5.2164	5.4206
839759325135	1365.08	705.61	1265.89	728.01	5.2054	5.4326
839759333468	1366.54	710.46	1267.28	720.71	5.1964	5.4145
839759341801	1368.01	704.83	1266.20	729.21	5.2087	5.4207
839759350126	1373.07	703.74	1263.33	727.05	5.2217	5.4263
839759358467	1373.71	703.29	1265.53	725.78	5.2072	5.4206
839759366800	1377.98	713.13	1261.78	726.99	5.2039	5.4201
839759375134	1378.47	708.54	1261.82	723.64	5.1941	5.4197
839759383467	1377.56	711.71	1264.81	727.31	5.1968	5.4103
839759391800	1375.62	716.72	1261.28	722.14	5.1872	5.4139
839759400134	1380.79	717.28	1263.83	725.57	5.1996	5.4142
839759408467	1376.25	715.78	1266.74	722.84	5.1904	5.4113
839759416799	1380.04	714.62	1264.33	721.49	5.1810	5.4133
839759425133	1377.99	707.51	1272.41	717.08	5.1821	5.4060
839759433467	1384.97	713.07	1269.64	716.48	5.1864	5.4095
839759441799	1382.41	713.57	1267.83	718.18	5.1770	5.4170
839759450136	1377.58	715.56	1265.99	717.11	5.1834	5.3951
839759458470	1383.42	711.17	1261.52	724.02	5.1751	5.4165
839759466803	1373.49	717.95	1265.23	722.08	5.1617	5.4106
839759475136	1379.71	717.35	1263.60	721.84	5.1749	5.4140
839759483469	1378.12	718.39	1262.84	724.77	5.1752	5.4050
839759491801	1377.03	717.35	1260.08	727.75	5.1670	5.4037
839759500135	1374.29	718.26	1261.15	732.47	5.1682	5.4059
839759508469	1375.39	709.95	1261.84	725.50	5.1498	5.4040
839759516802	1371.44	723.46	1258.11	729.75	5.1586	5.4058
839759525135	1371.65	716.53	1260.00	730.98	5.1521	5.4108
839759533468	1368.64	718.16	1267.91	725.43	5.1627	5.3912
839759541802	1370.16	722.33	1266.79	728.82	5.1465	5.3986
839759550135	1375.26	715.36	1260.53	728.72	5.1400	5.4132
839759558468	1376.86	721.84	1263.41	726.69	5.1479	5.4108
839759566802	1370.61	718.48	1266.45	721.85	5.1457	5.3973
839759575134	1372.96	710.66	1265.45	722.24	5.1427	5.4081
839759583473	1378.49	712.79	1260.14	724.84	5.1451	5.3987
839759591806	1383.21	714.75	1260.35	719.51	5.1436	5.3958
839759600140	1382.14	713.90	1264.24	722.35	5.1385	5.4051
839759608473	1381.05	713.70	1262.55	721.31	5.1420	5.3967
839759616806	1381.06	713.75	1262.53	721.66	5.1344	5.4008
839759625140	1380.63	718.99	1263.52	725.13	5.1357	5.4013
839759633473	1372.52	718.12	1265.87	719.15	5.1377	5.4007
839759641806	1379.77	720.31	1263.41	726.59	5.1393	5.4043
839759650139	1366.00	721.52	1267.04	722.96	5.1339	5.4091
839759658472	1367.36	713.20	1263.04	727.04	5.1223	5.4070
839759666806	1364.94	718.64	1268.34	724.68	5.1235	5.3938
839759675139	1363.40	717.43	1270.66	728.00	5.1281	5.4045
839759683472	1364.05	714.70	1274.43	730.97	5.1194	5.4034
839759691805	1365.80	713.41	1267.98	723.65	5.1290	5.3943
839759700139	1364.19	717.96	1269.73	723.53	5.1394	5.4009
839759708472	1367.96	714.29	1273.08	725.45	5.1270	5.4080
839759716810	1368.62	719.05	1273.69	721.74	5.1334	5.3898
839759725143	1368.84	716.74	1270.91	721.79	5.1427	5.4017
839759733476	1368.02	714.10	1270.74	715.41	5.1329	5.3981
839759741810	1371.99	709.65	1268.66	718.51	5.1342	5.3998
839759750143	1367.16	713.25	1264.68	723.71	5.1332	5.4167
839759758476	1368.38	712.17	1267.87	713.76	5.1350	5.3927
839759766810	1370.44	714.09	1266.76	717.86	5.1342	5.3876
839759775143	1365.67	709.41	1266.27	720.29	5.1352	5.4028
839759783476	1372.62	711.92	1263.46	719.13	5.1462	5.3959
839759791810	1371.43	711.82	1265.97	717.27	5.1443	5.3961
839759800143	1375.94	715.47	1266.23	720.67	5.1442	5.3997
839759808475	1370.34	711.49	1268.05	726.13	5.1463	5.4015
839759816808	1373.34	711.79	1267.55	725.82	5.1452	5.4083
839759825142	1374.98	710.86	1269.24	723.59	5.1524	5.4056
839759833475	1376.44	710.53	1267.27	720.25	5.1482	5.4037
839759841809	1370.79	713.75	1265.59	721.28	5.1636	5.4123
839759850147	1373.40	711.43	1265.03	720.87	5.1573	5.4054
839759858480	1367.37	707.70	1268.66	722.61	5.1453	5.4075
839759866813	1369.82	708.30	1268.76	721.26	5.1622	5.4105
839759875147	1372.80	711.47	1265.55	719.86	5.1606	5.4174
839759883479	1371.33	704.32	1268.86	716.00	5.1702	5.4174
839759891812	1369.55	705.57	1267.55	720.80	5.1612	5.4254
839759900145	1368.11	708.19	1268.16	719.52	5.1783	5.4283
839759908479	1369.11	708.42	1269.65	714.77	5.1759	5.4342
839759916813	1363.17	715.14	1273.42	720.54	5.1774	5.4412
839759925146	1364.21	706.91	1270.42	716.45	5.1760	5.4393
839759933479	1363.55	704.13	1273.45	709.74	5.1727	5.4470
839759941812	1368.99	705.81	1280.38	714.87	5.1910	5.4383
839759950145	1380.71	707.21	1284.58	720.19	5.1795	5.4567
839759958478	1374.15	706.12	1280.92	717.92	5.1892	5.4464
839759966812	1376.32	705.79	1278.87	709.25	5.1903	5.4443
839759975149	1371.31	705.71	1281.39	723.35	5.1810	5.4456
839759983483	1368.85	707.50	1284.01	714.77	5.1899	5.4436
839759991816	1371.39	714.31	1282.90	719.88	5.1966	5.4601
839760000150	1367.45	712.13	1282.28	727.47	5.2085	5.4580
839760008483	1368.18	710.64	1278.37	728.66	5.2087	5.4691
839760016816	1372.84	707.95	1274.96	725.41	5.2221	5.4555
839760025149	1373.29	703.43	1274.30	722.50	5.2231	5.4598
839760033483	1372.07	709.70	1278.05	725.39	5.2257	5.4745
839760041815	1372.26	706.28	1277.98	724.98	5.2186	5.4619
839760050148	1374.34	709.56	1280.32	715.75	5.2310	5.4674
839760058482	1372.54	709.65	1276.26	718.67	5.2383	5.4770
839760066815	1375.45	704.89	1276.57	716.54	5.2333	5.4791
839760075148	1375.02	703.04	1279.07	715.84	5.2351	5.4773
839760083482	1376.71	701.61	1273.79	712.32	5.2430	5.4826
839760091815	1379.98	698.10	1276.88	717.50	5.2463	5.4909
839760100148	1381.79	695.32	1271.81	720.50	5.2420	5.4890
839760108488	1385.14	699.08	1269.15	725.20	5.2321	5.4842
839760116820	NaN	NaN	1270.57	726.80	NaN	5.4584
839760125153	1382.37	731.83	1270.92	740.79	5.2238	5.4386
839760133487	1386.62	714.20	1274.04	769.16	5.2192	5.3733
839760141820	1363.13	904.58	1411.60	1050.69	4.8044	4.5336
839760150153	1560.34	1129.96	NaN	NaN	3.7634	NaN
839760158487	1362.84	1260.76	1102.52	1708.59	2.9702	1.4277
839760166820	1378.57	1334.47	1165.74	1490.21	2.7316	2.1448
839760175153	NaN	NaN	NaN	NaN	NaN	NaN
839760183479	NaN	NaN	NaN	NaN	NaN	NaN
839760191820	NaN	NaN	NaN	NaN	NaN	NaN
839760200153	NaN	NaN	1364.00	1438.54	NaN	2.5470
839760208486	1451.89	1231.48	NaN	NaN	3.3306	NaN
839760216819	1518.47	1145.69	NaN	NaN	3.7818	NaN
839760225152	1314.80	1061.20	1322.94	1214.50	4.4593	3.6750
839760233486	1326.41	976.16	1291.82	1111.69	4.6518	4.0341
839760241823	1327.94	863.59	1280.33	993.30	4.9221	4.7210
839760250148	1356.07	797.86	1289.34	853.82	5.0935	5.1858
839760258481	1361.18	747.13	1285.25	773.23	5.1784	5.3477
839760266823	1365.49	716.91	1270.70	732.94	5.2713	5.4713
839760275148	1367.76	701.61	1270.95	693.68	5.2954	5.5559
839760283489	1368.71	728.10	1273.11	692.53	5.2477	5.5348
839760291822	1371.18	724.88	1275.11	720.17	5.2469	5.4990
839760300156	1373.35	723.60	1268.31	719.54	5.2523	5.5058
839760308489	1375.23	721.51	1267.85	722.30	5.2705	5.5213
839760316822	1373.05	718.26	1268.88	723.08	5.2605	5.5188
839760325156	1372.59	724.83	1267.23	721.15	5.2729	5.5289
839760333489	1368.14	724.72	1269.38	724.15	5.2584	5.5307
839760341822	1370.48	718.35	1265.92	720.31	5.2672	5.5307
839760350156	1378.45	724.05	1270.39	722.13	5.2854	5.5181
839760358489	1373.25	716.60	1272.41	716.23	5.2664	5.5279
839760366824	1372.46	721.94	1269.75	715.30	5.2685	5.5232
839760375157	1374.12	720.46	1272.07	717.11	5.2764	5.5285
839760383491	1367.38	720.71	1272.87	708.95	5.2670	5.5282
839760391824	1370.11	726.99	1268.89	712.11	5.2757	5.5272
839760400157	1365.99	727.88	1270.64	713.06	5.2705	5.5304
839760408491	1367.22	715.79	1263.83	711.14	5.2755	5.5367
839760416824	1368.51	726.67	1270.41	711.85	5.2778	5.5368
839760425158	1366.95	723.46	1267.99	709.74	5.2788	5.5325
839760433491	1372.59	723.59	1266.56	707.83	5.2919	5.5313
839760441823	1377.42	718.63	1265.63	704.86	5.2779	5.5380
839760450157	1375.12	715.85	1268.07	707.68	5.2847	5.5309
839760458490	1371.74	725.54	1270.10	701.38	5.2772	5.5378
839760466823	1373.76	721.14	1266.26	710.01	5.2783	5.5478
839760475156	1371.42	720.22	1269.61	706.31	5.2796	5.5400
839760483489	1370.23	716.55	1262.92	700.97	5.2755	5.5360
839760491823	1367.44	713.19	1267.80	702.86	5.2651	5.5329
839760500163	1371.47	718.70	1266.37	704.68	5.2828	5.5443
839760508495	1364.03	714.10	1265.82	707.10	5.2753	5.5387
839760516829	1365.98	719.14	1273.34	708.99	5.2866	5.5485
839760525161	1383.18	716.03	1287.82	710.51	5.2755	5.5396
839760533495	1380.59	716.50	1276.39	719.81	5.2818	5.5438
839760541828	1376.34	718.41	1282.15	714.18	5.2880	5.5418
839760550161	1372.65	716.68	1279.59	713.95	5.2803	5.5312
839760558494	1372.63	723.43	1277.11	718.91	5.3031	5.5334
839760566828	1372.55	720.73	1270.42	719.92	5.3076	5.5396
839760575161	1371.59	720.68	1273.71	722.07	5.2853	5.5304
839760583495	1369.61	715.38	1279.08	718.02	5.2892	5.5338
839760591828	1370.53	719.72	1282.19	719.40	5.2931	5.5390
839760600160	1373.08	718.44	1281.74	714.54	5.2772	5.5193
839760608493	1373.13	723.25	1279.95	714.46	5.2847	5.5212
839760616827	1378.61	727.15	1277.27	714.20	5.2773	5.5144
839760625160	1374.76	710.98	1274.65	711.16	5.2536	5.5009
839760633495	1385.66	723.78	1277.16	713.44	5.2730	5.5176
839760641829	1382.16	724.44	1275.62	709.91	5.2693	5.5092
839760650162	1382.22	727.14	1271.59	709.58	5.2636	5.4925
839760658496	1381.67	722.08	1265.18	709.95	5.2368	5.5016
839760666829	1382.15	719.54	1272.37	704.94	5.2472	5.4799
839760675162	1380.59	722.16	1263.64	722.84	5.2296	5.5190
839760683494	1375.25	719.75	1266.68	715.58	5.2369	5.5017
839760691828	1375.99	724.76	1264.57	721.12	5.2250	5.5132
839760700161	1376.80	725.02	1256.01	750.98	5.2288	5.5556
839760708495	1374.95	727.27	1267.72	731.73	5.2331	5.5188
839760716828	1377.51	727.35	1256.86	750.65	5.2145	5.5496
839760725161	1380.82	729.70	1260.47	754.66	5.2074	5.5457
839760733495	1376.09	731.35	1264.32	741.50	5.2004	5.5087
839760741828	1375.10	730.79	1260.89	758.05	5.1833	5.5378
839760750161	1372.45	725.67	1257.55	761.74	5.1881	5.5210
839760758494	1379.13	722.87	1261.26	760.77	5.1819	5.5347
839760766835	1378.71	725.12	1261.09	757.70	5.1946	5.5205
839760775160	1381.40	719.70	1261.91	767.66	5.1757	5.5481
839760783502	1381.32	721.47	1259.29	756.90	5.1816	5.5151
839760791835	1383.38	718.91	1256.75	758.44	5.1573	5.5097
839760800168	1387.32	715.80	1259.09	759.21	5.1677	5.5146
839760808501	1380.82	722.35	1260.08	750.21	5.1707	5.4803
839760816835	1378.76	717.88	1263.42	764.58	5.1574	5.5074
839760825168	1384.88	721.72	1257.03	748.47	5.1538	5.4749
839760833502	1387.75	718.02	1255.56	741.94	5.1417	5.4446
839760841834	1385.50	721.47	1255.19	764.79	5.1447	5.5097
839760850168	1382.80	719.67	1252.72	761.99	5.1452	5.4814
839760858502	1382.74	726.28	1252.76	770.13	5.1252	5.4736
839760866835	1382.11	728.72	1252.66	762.40	5.1337	5.4736
839760875168	1378.80	729.86	1256.59	752.09	5.1213	5.4457
839760883502	1376.45	728.24	1254.40	765.11	5.1011	5.4631
839760891834	1375.82	735.47	1254.38	765.65	5.1290	5.4639
839760900170	1379.48	739.37	1255.60	760.33	5.1123	5.4564
839760908504	1379.34	735.24	1251.11	757.76	5.1069	5.4527
839760916836	1383.26	732.48	1253.79	757.04	5.1121	5.4416
839760925169	1373.21	730.43	1253.65	764.79	5.0951	5.4489
839760933502	1371.28	729.10	1255.24	757.97	5.0927	5.4432
839760941836	1374.44	725.76	1252.99	767.30	5.0985	5.4330
839760950169	1372.02	724.98	1250.58	758.03	5.0840	5.4290
839760958502	1372.46	727.46	1254.37	759.04	5.0780	5.4255
839760966836	1374.50	726.00	1251.94	761.78	5.0819	5.4431
839760975169	1371.85	723.41	1252.39	767.60	5.0818	5.4324
839760983502	1371.67	733.54	1252.79	771.55	5.0827	5.4557
839760991836	1374.94	729.13	1258.49	754.35	5.0949	5.4064
839761000160	1375.52	724.74	1254.54	761.43	5.0742	5.4142
839761008493	1373.99	723.87	1253.20	754.29	5.0766	5.4193
839761016834	1377.63	733.47	1249.27	765.87	5.0927	5.4430
839761025165	1370.20	730.14	1251.31	756.65	5.0705	5.4140
839761033506	1369.92	731.05	1252.44	755.47	5.0714	5.4047
839761041840	1367.82	730.53	1252.09	748.55	5.0672	5.3929
839761050173	1371.59	727.67	1253.73	744.70	5.0636	5.3844
839761058506	1374.10	724.83	1252.11	745.52	5.0567	5.3860
839761066839	1371.12	729.72	1248.92	753.13	5.0642	5.4068
839761075172	1373.70	726.91	1254.67	753.63	5.0721	5.4175
839761083505	1369.53	729.93	1254.88	756.22	5.0709	5.4275
839761091830	1367.25	733.89	1248.59	757.39	5.0665	5.4147
839761100163	1375.42	733.42	1252.08	748.31	5.0696	5.4102
839761108505	1371.79	729.36	1252.45	746.67	5.0396	5.4016
839761116839	1370.06	736.56	1254.47	743.66	5.0613	5.4106
839761125172	1368.87	723.76	1254.70	748.85	5.0326	5.4370
839761133505	1372.18	729.25	1253.48	748.44	5.0700	5.4289
839761141838	1372.35	730.91	1255.79	752.64	5.0605	5.4204
839761150171	1369.79	721.79	1250.17	767.72	5.0416	5.4514
839761158511	1373.64	728.11	1256.53	751.64	5.0676	5.4300
839761166844	1366.29	730.03	1255.92	746.86	5.0473	5.4102
839761175178	1368.33	732.43	1256.64	751.12	5.0854	5.4255
839761183511	1366.04	731.16	1245.64	771.61	5.0590	5.4488
839761191844	1367.81	729.05	1256.71	760.40	5.0591	5.4415
839761200178	1367.42	725.89	1249.67	767.67	5.0643	5.4508
839761208511	1371.28	732.05	1254.74	759.78	5.0730	5.4436
839761216845	1367.55	724.27	1250.57	754.03	5.0496	5.4296
839761225169	1369.11	728.86	1252.44	771.38	5.0605	5.4639
839761233510	1365.39	723.12	1251.97	767.72	5.0467	5.4599
839761241835	1375.58	726.44	1251.66	765.38	5.0705	5.4489
839761250176	1363.88	725.05	1253.32	763.52	5.0675	5.4321
839761258502	1366.17	726.48	1255.52	770.52	5.0582	5.4585
839761266843	1366.86	723.19	1254.97	756.96	5.0738	5.4400
839761275177	1368.79	722.10	1252.65	763.94	5.0746	5.4491
839761283510	1370.25	727.42	1255.73	750.92	5.0861	5.4289
839761291847	1367.29	723.90	1254.42	769.03	5.0761	5.4718
839761300181	1367.80	721.90	1258.20	755.96	5.0677	5.4307
839761308514	1369.63	724.26	1257.22	760.71	5.0676	5.4544
839761316846	1366.12	723.32	1255.21	760.16	5.0781	5.4503
839761325180	1367.85	722.59	1256.56	758.12	5.0790	5.4437
839761333513	1368.42	720.79	1255.31	758.43	5.0902	5.4566
839761341847	1364.24	725.02	1259.25	755.89	5.0680	5.5026
839761350179	1372.48	726.49	1257.49	753.60	5.0777	5.4926
839761358513	1363.71	731.71	1254.89	755.74	5.0895	5.5088
839761366847	1365.35	728.45	1256.13	753.72	5.0912	5.5122
839761375179	1367.81	727.38	1256.41	748.62	5.0929	5.4607
839761383513	1369.21	724.75	1254.93	739.36	5.0985	5.4714
839761391845	1370.00	726.50	1252.26	752.61	5.1089	5.4535
839761400178	1369.03	725.08	1250.70	759.67	5.1073	5.4729
839761408512	1370.69	732.53	1252.35	760.73	5.1158	5.4838
839761416848	1368.58	729.71	1250.43	747.47	5.1089	5.4819
839761425182	1368.73	697.74	1252.53	728.89	5.1014	5.5772
839761433515	1374.73	693.03	1253.40	731.33	5.1088	5.5321
839761441848	NaN	NaN	1260.12	750.73	NaN	5.4624
839761450182	NaN	NaN	1271.11	795.37	NaN	5.3802
839761458515	1364.51	750.22	1275.05	910.83	5.0221	5.1160
839761466848	1345.08	835.66	1308.16	1014.88	4.8536	4.8141
839761475180	1328.72	968.17	1293.40	1101.52	4.5672	4.0283
839761483514	1457.68	1051.60	1345.86	1180.13	4.0730	3.6950
839761491839	1280.19	1154.66	NaN	NaN	3.3855	NaN
839761500180	1511.86	1238.04	NaN	NaN	3.2052	NaN
839761508506	1316.67	1337.12	NaN	NaN	2.7134	NaN
839761516839	1381.92	1354.34	NaN	NaN	2.4389	NaN
839761525180	1336.79	1412.62	NaN	NaN	2.2209	NaN
839761533506	NaN	NaN	NaN	NaN	NaN	NaN
839761541840	1255.47	1510.08	NaN	NaN	1.9612	NaN
839761550179	1257.82	1536.61	NaN	NaN	1.9058	NaN
839761558512	NaN	NaN	NaN	NaN	NaN	NaN
839761566844	NaN	NaN	NaN	NaN	NaN	NaN
839761575177	1571.82	1270.44	NaN	NaN	3.0386	NaN
839761583519	NaN	NaN	NaN	NaN	NaN	NaN
839761591852	1506.45	1185.70	1326.56	1272.19	3.3487	3.1497
839761600185	1601.24	1163.17	1269.34	1405.92	3.4629	2.6096
839761608519	1554.85	1163.25	NaN	NaN	3.4148	NaN
839761616844	1480.87	1180.95	NaN	NaN	3.4295	NaN
839761625178	1545.68	1173.18	1333.47	1346.44	3.4587	3.5803
839761633510	1549.49	1167.21	NaN	NaN	3.4338	NaN
839761641843	1616.53	1136.05	1247.22	1237.79	3.5505	3.2333
839761650177	1561.43	1143.40	1375.07	1226.20	3.5118	3.3573
839761658510	NaN	NaN	1190.68	1200.73	NaN	3.3504
839761666843	1627.86	1057.00	NaN	NaN	3.7774	NaN
839761675176	1515.54	1064.39	1414.55	1168.44	4.0203	3.6002
839761683522	1520.50	1024.70	NaN	NaN	4.0954	NaN
839761691856	1504.94	1001.26	NaN	NaN	4.2465	NaN
839761700190	1341.02	1003.20	1455.25	1116.63	4.5246	3.9887
839761708523	1371.69	977.69	NaN	NaN	4.6148	NaN
839761716846	1362.47	965.03	1388.42	1132.40	4.6038	3.7999
839761725180	1371.39	986.14	1136.85	1142.93	4.5625	4.0390
839761733513	1493.28	971.70	1501.63	1115.00	4.2970	4.0082
839761741847	1381.08	962.64	NaN	NaN	4.5939	NaN
839761750180	1496.34	946.28	1309.21	1081.19	4.3598	4.1320
839761758514	1501.11	960.80	1523.07	1082.44	4.3710	4.1610
839761766847	1387.65	979.81	1428.37	1120.97	4.5995	4.0870
839761775180	1498.00	943.46	1437.07	1125.27	4.3795	4.1693
839761783513	1364.12	953.29	1084.35	1078.67	4.6595	4.2119
839761791846	1465.62	928.05	1424.36	1106.37	4.4956	4.3012
839761800179	1387.94	924.62	1309.92	1120.00	4.6980	4.2504
839761808512	1480.11	957.36	1329.79	1092.56	4.3585	4.0625
839761816851	1373.30	1000.58	NaN	NaN	4.6168	NaN
839761825184	1468.33	1056.63	1420.54	1216.67	4.1108	3.7209
839761833517	1522.25	1129.13	NaN	NaN	3.6971	NaN
839761841850	1349.26	1198.96	NaN	NaN	3.1766	NaN
839761850185	1345.77	1529.53	NaN	NaN	2.0463	NaN
839761858518	NaN	NaN	NaN	NaN	NaN	NaN
839761866859	1575.03	1455.37	NaN	NaN	2.2642	NaN
839761875193	1308.23	1567.85	NaN	NaN	1.9643	NaN
839761883518	NaN	NaN	1271.31	1640.13	NaN	1.8736
839761891852	NaN	NaN	1406.84	1406.51	NaN	2.6450
839761900193	NaN	NaN	NaN	NaN	NaN	NaN
839761908525	NaN	NaN	NaN	NaN	NaN	NaN
839761916859	1255.51	1545.03	NaN	NaN	2.0199	NaN
839761925192	NaN	NaN	1603.86	1500.67	NaN	2.3579
839761933526	1378.46	1421.97	NaN	NaN	2.5396	NaN
839761941863	NaN	NaN	976.99	1525.91	NaN	2.5027
839761950196	1653.15	1287.53	NaN	NaN	3.2350	NaN
839761958521	NaN	NaN	914.41	1279.64	NaN	3.0126
839761966855	NaN	NaN	1250.54	1275.69	NaN	3.2866
839761975188	NaN	NaN	1223.47	1256.26	NaN	3.4850
839761983521	NaN	NaN	1137.75	1199.11	NaN	3.6254
839761991854	NaN	NaN	1358.89	1206.40	NaN	3.6660
839762000188	1584.00	1033.13	1263.37	1215.54	3.9322	3.8371
839762008521	NaN	NaN	1306.39	1184.07	NaN	4.0730
839762016854	1475.03	969.20	1388.00	1137.42	4.3214	4.1076
839762025195	1365.91	963.18	1457.63	1097.44	4.6531	4.0721
839762033528	1362.84	932.35	1503.46	1045.06	4.7141	4.2314
839762041861	1364.13	908.70	1215.34	1037.14	4.7974	4.5850
839762050186	1369.80	915.27	1290.59	994.94	4.8050	4.8191
839762058519	1347.03	885.55	1297.93	1019.60	4.8245	4.7350
839762066853	1355.15	901.26	1332.23	1079.57	4.8095	4.3868
839762075201	1342.61	920.16	1209.50	1105.92	4.7928	4.5244
839762083525	1479.94	966.72	1288.42	1152.55	4.4059	4.2205
839762091859	1494.77	1017.41	1039.32	1191.41	4.1796	4.0274
839762100192	NaN	NaN	NaN	NaN	NaN	NaN
839762108524	1586.13	1185.17	NaN	NaN	3.4967	NaN
839762116858	1659.77	1238.48	1231.31	1384.55	3.2794	2.8247
839762125191	NaN	NaN	NaN	NaN	NaN	NaN
839762133524	1645.27	1398.98	1174.87	1607.48	2.5181	1.8797
839762141858	NaN	NaN	NaN	NaN	NaN	NaN
839762150190	NaN	NaN	1621.54	1552.24	NaN	1.8099
839762158524	NaN	NaN	NaN	NaN	NaN	NaN
839762166858	NaN	NaN	NaN	NaN	NaN	NaN
839762175191	1577.31	1478.78	NaN	NaN	2.0992	NaN
839762183524	NaN	NaN	NaN	NaN	NaN	NaN
839762191856	1565.39	1420.78	NaN	NaN	2.5227	NaN
839762200193	1383.97	1239.06	NaN	NaN	3.1808	NaN
839762208526	NaN	NaN	NaN	NaN	NaN	NaN
839762216860	1411.08	1015.87	NaN	NaN	4.5432	NaN
839762225193	1373.92	919.13	1258.66	995.48	4.7704	4.7467
839762233526	1387.00	827.48	1287.20	902.53	4.9325	4.9869
839762241859	1387.13	771.19	1285.78	814.24	5.0286	5.1396
839762250201	1392.34	733.89	1281.62	754.83	5.1003	5.2635
839762258535	1393.81	717.42	1277.52	716.34	5.1318	5.3277
839762266868	1397.65	712.85	1279.64	692.33	5.1265	5.3895
839762275192	1404.23	757.62	1279.09	729.93	5.0880	5.3213
839762283534	1404.58	753.02	1275.60	727.58	5.0719	5.3040
839762291867	1404.73	751.96	1276.00	726.74	5.0767	5.3026
839762300200	1409.77	750.13	1275.83	724.44	5.0758	5.2961
839762308534	1404.64	748.89	1275.90	722.98	5.0694	5.3002
839762316867	1400.73	747.23	1284.61	715.02	5.0635	5.2906
839762325200	1407.28	747.85	1281.33	714.41	5.0513	5.2790
839762333540	1402.12	743.66	1279.86	711.54	5.0477	5.2682
839762341873	1402.98	749.20	1282.87	716.24	5.0466	5.2814
839762350205	1398.55	750.38	1282.71	711.22	5.0273	5.2514
839762358539	1395.68	750.81	1281.70	712.91	5.0268	5.2578
839762366872	1394.36	749.27	1286.54	708.20	5.0096	5.2342
839762375205	1389.69	749.06	1288.19	707.62	5.0122	5.2288
839762383539	1391.63	748.16	1286.27	708.97	5.0011	5.2220
839762391872	1389.05	750.83	1285.49	706.71	4.9888	5.2064
839762400205	1388.49	751.56	1287.27	707.26	4.9945	5.1937
839762408539	1387.09	747.21	1286.83	704.82	4.9709	5.1782
839762416872	1383.30	754.71	1286.14	706.15	4.9685	5.1785
839762425205	1387.34	744.04	1287.71	705.46	4.9456	5.1569
839762433538	1389.55	751.62	1287.56	705.03	4.9452	5.1493
839762441871	1393.26	753.56	1289.16	706.19	4.9332	5.1414
839762450204	1389.86	748.38	1288.19	703.03	4.9322	5.1259
839762458538	1391.77	744.76	1287.14	708.21	4.8966	5.1203
839762466880	1391.08	754.40	1286.71	702.23	4.9076	5.1029
839762475213	1393.56	750.48	1287.77	706.88	4.8792	5.0875
839762483547	1386.20	751.48	1288.09	703.53	4.8620	5.0715
839762491880	1391.90	750.05	1287.03	705.71	4.8600	5.0650
839762500213	1393.31	748.29	1285.66	704.30	4.8359	5.0457
839762508546	1391.64	754.46	1287.38	704.70	4.8409	5.0429
839762516879	1387.99	758.74	1286.05	703.61	4.8363	5.0277
839762525212	1387.39	757.37	1286.53	699.48	4.8263	5.0126
839762533546	1381.33	760.73	1282.46	701.42	4.8154	5.0015
839762541879	1383.43	760.00	1285.29	704.03	4.8056	4.9908
839762550212	1389.04	766.77	1291.05	697.83	4.8004	4.9765
839762558546	1383.67	758.11	1286.67	700.16	4.7781	4.9666
839762566879	1389.13	762.98	1286.48	698.32	4.7618	4.9579
839762575212	1389.72	759.41	1281.23	707.69	4.7622	4.9503
839762583546	1386.48	756.16	1283.34	703.31	4.7601	4.9346
839762591878	1386.49	754.46	1281.81	704.59	4.7468	4.9187
839762600213	1386.58	757.90	1280.44	702.65	4.7404	4.9192
839762608547	1385.06	758.97	1280.44	709.32	4.7330	4.9307
839762616880	1390.29	763.50	1278.88	703.88	4.7491	4.9036
839762625213	1388.59	758.67	1281.22	702.07	4.7169	4.9000
839762633547	1386.30	757.59	1280.40	705.85	4.7096	4.8981
839762641880	1386.64	761.50	1282.31	707.36	4.7017	4.8868
839762650213	1384.53	758.94	1283.83	713.05	4.6968	4.8982
839762658547	1382.28	763.81	1281.30	708.50	4.6915	4.8925
839762666879	1376.09	763.53	1283.85	700.83	4.6783	4.8730
839762675212	1379.22	766.90	1279.47	698.46	4.6808	4.8715
839762683545	1377.51	761.62	1282.19	696.57	4.6571	4.8721
839762691879	1375.63	765.60	1282.63	699.51	4.6460	4.8591
839762700212	1377.69	766.57	1280.54	700.15	4.6508	4.8548
839762708545	1376.33	762.50	1283.31	701.68	4.6408	4.8569
839762716879	1375.84	769.86	1277.76	703.84	4.6320	4.8481
839762725212	1376.32	762.14	1279.41	697.81	4.6220	4.8272
839762733548	1374.11	762.07	1278.82	708.18	4.6081	4.8408
839762741882	1378.34	761.88	1279.71	705.58	4.6069	4.8277
839762750214	1378.63	759.91	1275.81	710.60	4.5986	4.8208
839762758547	1378.51	761.83	1273.40	713.40	4.5928	4.8114
839762766881	1380.97	757.96	1276.08	717.70	4.5757	4.8187
839762775214	1381.72	748.95	1279.14	719.23	4.5571	4.8002
839762783547	1387.60	756.01	1280.29	714.89	4.5701	4.7863
839762791881	1381.89	754.14	1281.57	720.55	4.5561	4.7979
839762800214	1382.09	764.67	1281.07	717.00	4.5524	4.7957
839762808547	1380.33	760.73	1283.29	716.36	4.5329	4.7809
839762816881	1381.51	765.41	1280.17	712.52	4.5336	4.7679
839762825214	1379.25	754.43	1278.03	706.56	4.5132	4.7688
839762833546	1383.90	760.00	1275.84	711.94	4.5153	4.7708
839762841880	1379.34	763.56	1281.36	706.09	4.5181	4.7693
839762850214	1382.47	757.16	1277.30	704.37	4.5028	4.7324
839762858549	1376.46	764.05	1279.16	708.63	4.4944	4.7539
839762866883	1376.09	756.86	1283.54	710.75	4.4950	4.7328
839762875216	1379.00	753.98	1287.82	713.18	4.4802	4.7330
839762883549	1379.45	756.85	1284.30	719.04	4.4757	4.7413
839762891883	1381.75	754.10	1280.90	720.30	4.4750	4.7370
839762900216	1377.84	759.78	1284.56	722.88	4.4718	4.7209
839762908548	1382.12	751.16	1282.16	721.90	4.4638	4.7124
839762916882	1373.95	754.01	1279.21	722.64	4.4578	4.7137
839762925215	1380.15	750.19	1280.96	724.07	4.4734	4.7128
839762933548	1379.35	751.62	1277.63	723.45	4.4513	4.7005
839762941882	1375.02	753.88	1281.59	719.68	4.4535	4.6864
839762950215	1378.29	747.19	1281.23	720.04	4.4326	4.6952
839762958548	1374.72	754.75	1282.17	724.65	4.4461	4.7075
839762966882	1373.09	751.86	1282.54	716.91	4.4396	4.6753
839762975215	1377.00	756.03	1277.15	717.18	4.4443	4.6727
839762983548	1372.42	754.67	1281.93	712.92	4.4469	4.6829
839762991888	1374.88	755.92	1283.42	717.28	4.4411	4.6763
839763000221	1370.47	762.04	1278.85	724.88	4.4425	4.6881
839763008554	1374.98	758.57	1275.05	719.26	4.4439	4.6893
839763016888	1373.58	758.19	1278.26	726.18	4.4364	4.6973
839763025221	1370.45	752.40	1281.80	716.92	4.4251	4.6881
839763033554	1370.53	758.24	1281.40	721.52	4.4380	4.6750
839763041888	1376.38	762.73	1280.27	722.96	4.4564	4.6850
839763050221	1369.28	761.17	1276.78	722.13	4.4494	4.6891
839763058554	1365.06	749.65	1282.08	724.98	4.4218	4.6781
839763066887	1373.46	751.17	1281.55	722.68	4.4490	4.6995
839763075219	1365.99	755.78	1279.75	726.25	4.4329	4.6956
839763083553	1365.41	746.52	1287.11	719.05	4.4394	4.6918
839763091886	1366.33	757.87	1275.22	718.11	4.4576	4.6991
839763100219	1372.24	753.90	1281.93	719.34	4.4461	4.6906
839763108553	1368.68	753.88	1280.56	719.34	4.4668	4.7093
839763116887	1368.10	752.13	1277.20	715.66	4.4518	4.7160
839763125225	1368.26	750.01	1279.26	716.68	4.4698	4.7172
839763133558	1369.54	752.07	1276.63	714.40	4.4827	4.7174
839763141892	1372.60	753.24	1276.98	709.61	4.4656	4.7333
839763150224	1365.97	752.49	1282.73	712.13	4.4733	4.7330
839763158557	1362.91	750.64	1276.64	707.95	4.4909	4.7326
839763166890	1367.42	748.88	1280.80	711.86	4.4931	4.7491
839763175223	1365.43	747.06	1278.36	712.18	4.4985	4.7456
839763183557	1367.55	745.97	1283.93	710.93	4.5040	4.7519
839763191891	1361.39	758.78	1280.55	707.75	4.5167	4.7597
839763200224	1371.56	752.11	1283.79	708.58	4.5251	4.7668
839763208557	1367.72	746.80	1282.47	711.36	4.5344	4.7797
839763216891	1368.63	750.10	1282.09	708.91	4.5391	4.7807
839763225223	1365.26	751.09	1281.98	713.20	4.5575	4.7957
839763233556	1362.59	746.59	1282.46	715.86	4.5484	4.8165
839763241889	1361.18	747.98	1282.76	713.82	4.5651	4.8221
839763250222	1364.06	741.84	1282.39	709.30	4.5689	4.8101
839763258561	1364.11	739.48	1276.29	712.59	4.5603	4.8275
839763266894	1367.62	743.65	1280.89	713.83	4.5902	4.8437
839763275227	1365.13	746.09	1286.20	705.86	4.5999	4.8361
839763283561	1365.20	749.18	1284.52	705.67	4.6281	4.8453
839763291894	1362.81	744.46	1283.81	711.02	4.6170	4.8695
839763300227	1366.44	743.16	1282.99	706.86	4.6289	4.8803
839763308560	1362.37	747.12	1279.02	714.06	4.6257	4.8817
839763316893	1360.73	744.46	1280.73	718.85	4.6356	4.8998
839763325226	1363.18	746.84	1278.78	718.12	4.6478	4.9033
839763333560	1364.82	743.24	1275.49	718.50	4.6629	4.9304
839763341893	1367.96	746.79	1280.78	716.84	4.6727	4.9133
839763350227	1364.09	747.16	1276.12	714.47	4.6875	4.9380
839763358559	1369.71	748.29	1281.02	717.91	4.7095	4.9601
839763366893	1364.05	743.29	1281.96	713.29	4.6964	4.9640
839763375227	1352.52	721.65	1281.36	712.03	4.6945	4.9609
839763383567	1312.19	716.29	1245.68	710.81	4.7241	4.9420
839763391900	1261.97	727.66	1196.96	713.87	4.7150	4.9429
839763400234	1205.98	727.42	1166.76	704.68	4.7319	4.9100
839763408567	1130.13	898.38	1176.49	958.44	4.4373	4.3143
839763416900	NaN	NaN	NaN	NaN	NaN	NaN
839763425234	NaN	NaN	764.68	1410.90	NaN	1.7572
839763433566	NaN	NaN	NaN	NaN	NaN	NaN
839763441900	NaN	NaN	NaN	NaN	NaN	NaN
839763450233	NaN	NaN	NaN	NaN	NaN	NaN
839763458567	NaN	NaN	NaN	NaN	NaN	NaN
839763466899	NaN	NaN	NaN	NaN	NaN	NaN
839763475232	NaN	NaN	1154.71	1109.61	NaN	3.1102
839763483565	1082.18	1044.03	1017.93	993.86	4.3265	3.6885
839763491899	1159.00	841.91	1307.52	906.09	4.5392	4.3141
839763500232	1240.05	761.94	1218.76	795.54	4.7526	4.7942
839763508565	1282.13	718.78	1237.67	742.07	4.8132	4.9686
839763516894	1298.24	678.02	1237.55	701.43	4.8786	5.0662
839763525236	1320.99	719.64	1256.22	673.50	4.8262	5.1405
839763533568	1332.86	724.82	1261.35	673.44	4.8428	5.1662
839763541902	1338.92	726.79	1264.22	714.08	4.8636	5.1143
839763550235	1338.79	729.30	1260.84	716.45	4.8940	5.1238
839763558568	1342.01	730.64	1263.76	715.09	4.8840	5.1460
839763566901	1353.82	736.55	1264.86	719.08	4.8990	5.1439
839763575235	1354.22	745.13	1261.71	720.67	4.9116	5.1636
839763583568	1352.98	740.46	1267.26	717.79	4.9106	5.1625
839763591901	1349.82	740.37	1264.37	720.67	4.9202	5.1747
839763600234	1344.36	742.66	1259.29	715.83	4.9280	5.1913
839763608567	1348.81	744.44	1258.87	722.65	4.9287	5.2057
839763616901	1347.12	738.46	1264.94	720.36	4.9143	5.2018
839763625233	1336.10	738.11	1257.77	718.91	4.9332	5.2057
839763633566	1340.43	737.38	1262.61	716.98	4.9600	5.2176
839763641900	1341.01	737.65	1257.88	714.67	4.9553	5.2155
839763650237	1342.82	733.77	1251.65	717.21	4.9588	5.2282
839763658570	1340.67	739.11	1262.27	721.18	4.9611	5.2250
839763666903	1347.07	738.98	1258.42	716.73	4.9693	5.2330
839763675237	1340.59	744.25	1257.62	720.77	4.9946	5.2460
839763683569	1346.53	738.17	1255.90	717.63	4.9888	5.2624
839763691903	1340.17	734.49	1256.29	719.37	4.9660	5.2580
839763700236	1346.30	737.90	1255.75	713.28	4.9762	5.2623
839763708568	1344.61	740.93	1259.66	715.07	4.9990	5.2589
839763716902	1347.39	736.15	1257.32	713.84	4.9908	5.2709
839763725235	1344.06	733.20	1256.99	712.40	4.9952	5.2784
839763733569	1341.70	740.23	1255.63	718.60	5.0186	5.2840
839763741902	1346.64	736.69	1259.49	714.43	5.0043	5.2834
839763750235	1345.96	733.03	1257.99	715.25	5.0079	5.2890
839763758569	1342.00	735.18	1260.14	715.53	5.0104	5.2910
839763766902	1353.48	734.77	1269.22	715.15	5.0066	5.2941
839763775235	1379.49	743.70	1285.61	725.62	5.0293	5.3118
839763783564	1373.36	738.95	1276.98	722.34	5.0105	5.3089
839763791906	1366.72	732.85	1279.54	718.87	5.0170	5.3029
839763800239	1371.21	746.43	1276.33	720.73	5.0305	5.3276
839763808572	1373.94	740.41	1279.64	717.46	5.0206	5.3195
839763816898	1368.19	739.64	1281.76	713.36	5.0244	5.3298
839763825239	1369.09	747.52	1280.15	713.24	5.0211	5.3159
839763833572	1370.11	745.85	1277.56	715.74	5.0345	5.3351
839763841906	1375.49	740.83	1280.32	715.42	5.0306	5.3232
839763850239	1376.89	734.97	1274.28	721.11	5.0277	5.3258
839763858572	1372.23	744.29	1274.99	716.09	5.0366	5.3269
839763866905	1376.67	739.11	1279.24	717.58	5.0186	5.3285
839763875238	1380.79	744.95	1279.95	715.19	5.0346	5.3192
839763883572	1383.74	745.44	1277.98	718.96	5.0461	5.3127
839763891904	1377.32	750.65	1279.17	719.22	5.0264	5.3189
839763900238	1380.23	736.89	1268.54	716.36	5.0250	5.3434
839763908575	1384.76	740.70	1277.74	718.92	5.0370	5.3311
839763916908	1380.97	741.40	1274.58	722.76	5.0246	5.3257
839763925241	1381.08	754.59	1273.99	723.91	5.0549	5.3338
839763933574	1382.32	750.91	1272.67	722.84	5.0464	5.3370
839763941907	1374.28	730.76	1274.61	724.06	5.0189	5.3298
839763950240	1379.84	733.32	1273.00	723.55	5.0368	5.3262
839763958574	1379.86	741.55	1275.52	721.89	5.0524	5.3243
839763966907	1374.28	722.24	1270.52	727.56	5.0222	5.3296
839763975240	1375.51	738.92	1271.51	722.16	5.0545	5.3371
839763983573	1379.75	723.81	1273.36	723.33	5.0368	5.3296
839763991907	1378.70	731.49	1270.26	722.29	5.0564	5.3248
839764000240	1380.70	732.35	1272.00	725.44	5.0723	5.3397
839764008574	1378.77	734.94	1269.31	723.00	5.0558	5.3375
839764016907	1379.65	726.48	1268.90	719.11	5.0377	5.3418
839764025239	1377.78	731.16	1268.75	720.12	5.0471	5.3476
839764033572	1380.58	734.20	1265.10	721.10	5.0449	5.3374
839764041912	1385.87	735.80	1266.55	722.46	5.0577	5.3380
839764050245	1381.50	730.04	1266.98	724.37	5.0496	5.3387
839764058578	1383.36	732.87	1261.91	720.38	5.0441	5.3306
839764066912	1385.73	725.69	1263.59	719.36	5.0638	5.3431
839764075245	1386.88	732.94	1265.37	720.37	5.0626	5.3302
839764083579	1384.81	731.90	1258.33	722.15	5.0609	5.3386
839764091912	1391.29	735.59	1262.55	720.33	5.0648	5.3353
839764100245	1382.43	735.39	1266.23	721.92	5.0732	5.3563
839764108577	1386.68	742.99	1260.22	719.23	5.0917	5.3510
839764116910	1382.12	735.81	1259.35	723.17	5.0563	5.3395
839764125244	1382.32	732.94	1261.18	720.10	5.0510	5.3419
839764133578	1381.83	737.61	1256.59	722.71	5.0659	5.3482
839764141910	1379.32	742.58	1252.64	719.91	5.0531	5.3451
839764150244	1378.35	742.75	1258.76	721.65	5.0515	5.3396
839764158577	1381.15	740.08	1258.18	720.89	5.0601	5.3357
839764166911	1382.29	737.76	1256.31	723.01	5.0704	5.3428
839764175249	1383.85	731.46	1254.44	717.13	5.0364	5.3250
839764183581	1382.90	736.58	1254.66	720.63	5.0429	5.3468
839764191914	1381.10	739.15	1256.36	721.60	5.0434	5.3447
839764200248	1378.31	738.18	1256.28	723.66	5.0568	5.3410
839764208582	1384.25	744.10	1252.77	722.57	5.0555	5.3361
839764216915	1376.92	734.61	1253.10	720.20	5.0462	5.3370
839764225248	1382.31	743.65	1255.97	724.20	5.0607	5.3312
839764233581	1377.04	735.47	1257.32	720.05	5.0408	5.3337
839764241914	1383.54	745.45	1255.38	722.94	5.0572	5.3220
839764250248	1383.04	743.35	1255.99	723.83	5.0474	5.3369
839764258581	1376.77	744.20	1256.62	725.99	5.0343	5.3314
839764266913	1381.61	748.74	1257.70	720.67	5.0479	5.3284
839764275247	1379.54	734.97	1256.05	724.27	5.0310	5.3318
839764283580	1374.00	741.55	1258.02	722.76	5.0316	5.3210
839764291914	1374.18	747.67	1258.13	719.02	5.0460	5.3316
839764300252	1377.09	741.63	1250.72	727.38	5.0264	5.3370
839764308585	1373.97	750.72	1252.55	726.37	5.0347	5.3288
839764316918	1372.12	745.67	1255.20	719.73	5.0150	5.3276
839764325252	1368.61	734.69	1251.02	722.70	5.0052	5.3285
839764333585	1374.19	742.94	1254.16	723.06	5.0167	5.3348
839764341917	1374.90	748.07	1254.71	725.30	5.0186	5.3252
839764350251	1373.93	739.73	1254.32	723.30	4.9963	5.3175
839764358584	1372.61	745.31	1258.03	723.67	5.0092	5.3164
839764366918	1375.12	752.84	1251.07	728.50	5.0245	5.3213
839764375251	1369.74	743.37	1254.73	720.69	5.0102	5.3144
839764383584	1369.24	743.93	1261.34	721.27	5.0005	5.3109
839764391917	1370.96	742.13	1255.09	724.14	4.9999	5.3231
839764400251	1370.27	746.57	1255.52	723.87	4.9981	5.3135
839764408584	1371.48	744.57	1258.20	722.89	4.9869	5.3192
839764416918	1371.72	744.57	1256.56	726.68	4.9853	5.3254
839764425250	1381.49	747.37	1265.18	727.74	4.9906	5.3133
839764433587	1373.31	749.84	1257.71	724.38	4.9885	5.3039
839764441921	1369.60	746.91	1254.69	730.17	4.9718	5.3339
839764450254	1376.87	746.30	1260.63	724.06	4.9814	5.3239
839764458587	1376.39	744.01	1255.59	726.59	4.9786	5.3220
839764466921	1376.62	750.54	1259.01	726.24	4.9757	5.3121
839764475254	1377.01	759.67	1260.48	726.61	5.0063	5.3179
839764483587	1368.12	749.12	1254.15	727.09	4.9785	5.3235
839764491921	1373.98	755.45	1256.73	727.80	4.9949	5.3233
839764500253	1372.56	750.62	1258.63	728.46	4.9594	5.3285
839764508586	1373.80	750.95	1258.30	727.35	4.9808	5.3044
839764516919	1369.87	748.37	1259.99	729.45	4.9658	5.3301
839764525253	1372.23	741.17	1258.94	724.72	4.9545	5.3294
839764533586	1372.85	750.32	1258.53	726.83	4.9697	5.3454
839764541920	1368.29	749.42	1258.28	723.27	4.9686	5.3465
839764550253	1371.01	751.61	1256.35	724.82	4.9790	5.3339
839764558586	1371.41	749.41	1254.94	722.42	4.9635	5.3395
839764566925	1370.10	754.23	1259.05	721.69	4.9558	5.3514
839764575258	1376.31	755.92	1262.38	722.73	4.9766	5.3364
839764583590	1374.97	754.64	1258.64	726.22	4.9726	5.3251
839764591924	1374.11	752.73	1262.59	720.69	4.9656	5.3460
839764600256	1374.53	746.12	1262.63	722.27	4.9503	5.3364
839764608590	1377.28	760.73	1257.56	728.79	4.9868	5.3371
839764616924	1374.73	751.60	1258.61	724.02	4.9808	5.3294
839764625256	1372.41	753.90	1262.37	720.69	4.9840	5.3280
839764633590	1378.62	754.83	1258.08	725.81	4.9761	5.3338
839764641923	1372.83	758.84	1257.00	725.29	4.9847	5.3394
839764650257	1374.83	763.15	1258.31	721.55	4.9993	5.3460
839764658589	1371.98	754.70	1259.27	728.10	4.9730	5.3596
839764666922	1376.70	753.49	1256.94	723.20	4.9870	5.3464
839764675256	1374.61	755.49	1256.30	718.92	5.0042	5.3544
839764683589	1371.75	747.87	1258.71	721.77	4.9756	5.3566
839764691922	1376.05	754.62	1261.76	721.16	4.9851	5.3610
839764700261	1373.79	752.34	1263.55	726.60	4.9885	5.3586
839764708594	1373.16	753.63	1262.19	722.12	4.9742	5.3655
839764716928	1372.19	753.97	1266.45	724.15	4.9897	5.3561
839764725260	1368.63	752.92	1260.74	723.90	4.9904	5.3533
839764733594	1375.38	758.71	1262.06	724.63	5.0007	5.3481
839764741927	1377.34	756.36	1261.91	724.21	4.9827	5.3620
839764750259	1378.26	759.47	1258.44	721.34	4.9990	5.3391
839764758593	1374.85	753.68	1257.63	721.47	5.0017	5.3513
839764766926	1367.53	745.94	1253.93	719.42	4.9861	5.3533
839764775260	1377.89	756.22	1257.76	720.51	5.0203	5.3664
839764783593	1369.72	749.28	1258.80	721.85	5.0036	5.3636
839764791926	1367.41	756.74	1250.28	721.29	5.0199	5.3649
839764800260	1367.49	749.01	1257.69	724.37	4.9930	5.3539
839764808593	1370.02	753.12	1252.45	720.46	5.0051	5.3687
839764816926	1369.10	748.55	1255.46	722.42	5.0208	5.3673
839764825264	1367.01	749.24	1253.19	723.18	5.0136	5.3796
839764833597	1363.83	745.52	1252.26	725.27	5.0184	5.3679
839764841930	1362.10	754.97	1254.21	723.09	5.0390	5.3729
839764850263	1361.37	751.17	1253.39	721.22	5.0316	5.3773
839764858597	1367.19	750.11	1257.58	723.80	5.0298	5.3706
839764866930	1361.41	745.93	1260.38	716.18	5.0226	5.3686
839764875263	1361.67	750.78	1255.54	716.92	5.0372	5.3726
839764883597	1365.15	755.40	1256.07	716.30	5.0350	5.3808
839764891930	1361.79	752.17	1251.87	719.41	5.0308	5.3920
839764900263	1362.51	757.03	1252.34	720.32	5.0405	5.3773
839764908596	1358.95	751.37	1253.27	722.60	5.0549	5.3924
839764916929	1365.92	751.20	1255.02	718.36	5.0638	5.3885
839764925263	1362.84	750.32	1258.15	722.99	5.0524	5.3762
839764933595	1364.86	758.24	1250.41	721.69	5.0553	5.3918
839764941929	1364.75	753.46	1254.08	726.10	5.0569	5.3941
839764950263	1364.82	759.32	1254.29	723.88	5.0771	5.3966
839764958603	1367.08	752.83	1255.40	730.33	5.0579	5.4052
839764966936	1362.35	756.56	1253.68	729.16	5.0838	5.4007
839764975269	1364.32	753.09	1256.27	727.03	5.0851	5.4044
839764983602	1363.73	753.98	1252.67	725.07	5.0937	5.4131
839764991935	1367.51	757.74	1252.91	719.22	5.0907	5.4316
839765000268	1377.76	762.42	1260.18	722.13	5.1054	5.3995
839765008602	1391.53	758.10	1262.18	724.92	5.0801	5.4062
839765016935	1379.85	757.39	1259.91	727.49	5.0779	5.4149
839765025269	1380.69	754.95	1257.32	726.24	5.0992	5.4126
839765033602	1376.83	755.37	1263.05	721.65	5.0918	5.4127
839765041935	1384.96	763.64	1262.43	724.53	5.1164	5.4139
839765050269	1378.59	758.35	1263.67	727.61	5.0997	5.4160
839765058600	1377.37	751.30	1257.39	726.57	5.1040	5.4134
839765066934	1376.02	756.69	1259.05	727.10	5.1106	5.4307
839765075268	1375.70	744.97	1264.47	730.43	5.1083	5.4243
839765083601	1377.71	753.88	1263.51	730.79	5.1093	5.4219
839765091936	1378.38	740.42	1259.43	732.74	5.1143	5.4298
839765100269	1382.13	741.24	1263.42	734.39	5.1276	5.4291
839765108603	1377.65	743.80	1262.75	734.24	5.1297	5.4399
839765116936	1382.21	738.95	1263.20	731.80	5.1286	5.4376
839765125269	1380.99	745.02	1261.11	728.05	5.1410	5.4492
839765133603	1376.24	745.64	1262.21	724.59	5.1279	5.4347
839765141935	1378.88	742.17	1263.04	726.82	5.1146	5.4485
839765150269	1379.60	744.69	1262.93	726.30	5.1275	5.4408
839765158602	1384.09	745.45	1261.34	725.38	5.1395	5.4394
839765166935	1380.28	748.23	1256.52	725.07	5.1373	5.4627
839765175268	1375.22	750.93	1261.49	726.16	5.1396	5.4637
839765183601	1380.98	748.00	1263.38	723.73	5.1472	5.4451
839765191935	1375.73	743.48	1264.38	725.86	5.1239	5.4629
839765200269	1377.73	743.35	1261.52	728.40	5.1260	5.4757
839765208601	1376.11	745.01	1265.13	724.17	5.1222	5.4682
839765216934	1378.01	739.91	1259.47	727.65	5.1347	5.4798
839765225272	1377.67	744.36	1260.35	722.30	5.1450	5.4642
839765233606	1381.48	740.51	1266.26	725.52	5.1361	5.4673
839765241939	1383.68	740.66	1260.66	730.17	5.1400	5.4850
839765250272	1378.24	741.38	1260.14	723.15	5.1358	5.4834
839765258606	1385.23	744.78	1261.54	725.64	5.1385	5.4843
839765266939	1387.73	738.07	1259.67	723.33	5.1281	5.4880
839765275273	1383.10	738.29	1258.54	725.12	5.1267	5.4850
839765283606	1393.94	738.33	1261.84	724.44	5.1307	5.4919
839765291939	1388.93	741.81	1255.54	721.81	5.1204	5.4954
839765300271	1391.11	744.93	1262.22	720.77	5.1295	5.4900
839765308604	1389.12	748.45	1258.50	723.61	5.1418	5.5041
839765316938	1381.87	739.84	1260.82	722.76	5.1189	5.4888
839765325271	1390.54	737.33	1262.03	720.11	5.1307	5.5059
839765333604	1395.62	739.95	1258.90	721.18	5.1146	5.4995
839765341938	1386.86	734.31	1262.50	721.69	5.1117	5.4999
839765350274	1391.38	744.40	1255.70	726.04	5.1165	5.4936
839765358608	1397.05	745.81	1262.45	723.34	5.1312	5.4967
839765366941	1380.01	744.01	1260.89	724.32	5.1179	5.5152
839765375274	1391.64	744.67	1258.33	726.14	5.1339	5.5139
839765383607	1385.74	740.86	1263.58	722.05	5.1234	5.5112
839765391940	1388.51	739.69	1261.92	720.95	5.1250	5.5128
839765400273	1392.78	741.03	1265.98	720.54	5.1206	5.5303
839765408607	1392.16	739.50	1269.53	718.95	5.1421	5.5330
839765416939	1379.99	743.96	1261.38	721.66	5.1340	5.5225
839765425273	1379.48	739.98	1267.51	724.98	5.1260	5.5168
839765433606	1377.33	738.61	1261.04	727.46	5.1256	5.5279
839765441940	1374.16	726.77	1265.44	727.96	5.1423	5.5234
839765450273	1369.48	733.88	1268.13	729.97	5.1240	5.5221
839765458605	1369.53	726.51	1260.94	730.15	5.1292	5.5156
839765466939	1371.53	724.24	1265.81	727.17	5.1262	5.5081
839765475272	1380.42	725.42	1264.44	731.27	5.1336	5.5163
839765483612	1381.85	730.16	1278.37	735.87	5.1395	5.5040
839765491945	1377.90	729.80	1266.48	736.28	5.1368	5.5111
839765500278	1375.87	728.91	1273.25	733.18	5.1306	5.5250
839765508612	1379.83	722.57	1271.07	735.13	5.1243	5.5203
839765516945	1381.40	728.09	1269.34	733.20	5.1304	5.5216
839765525278	1378.59	731.56	1269.29	735.04	5.1365	5.5269
839765533612	1382.67	736.83	1263.66	733.55	5.1337	5.5224
839765541943	1379.25	733.72	1269.34	739.65	5.1398	5.5227
839765550277	1380.82	744.67	1264.98	736.17	5.1391	5.5224
839765558610	1374.26	730.78	1267.84	736.00	5.1452	5.5223
839765566944	1374.98	729.46	1270.26	733.67	5.1461	5.5126
839765575277	1373.19	727.79	1265.42	731.18	5.1362	5.5235
839765583610	1375.29	730.64	1270.36	734.80	5.1492	5.5145
839765591944	1377.80	725.68	1266.89	732.09	5.1479	5.5162
839765600277	1378.09	728.60	1265.87	730.58	5.1340	5.5218
839765608611	1379.53	724.11	1270.67	734.22	5.1479	5.5178
839765616948	1378.36	727.29	1269.68	730.57	5.1494	5.5078
839765625281	1374.91	722.34	1263.21	734.61	5.1502	5.5317
839765633615	1376.68	722.82	1262.69	734.63	5.1484	5.5258
839765641947	1373.24	718.24	1267.25	733.07	5.1357	5.5162
839765650281	1372.46	720.18	1269.05	735.19	5.1372	5.5206
839765658615	1371.70	722.13	1269.82	727.91	5.1529	5.5176
839765666947	1375.69	714.21	1270.29	731.73	5.1289	5.5118
839765675281	1377.11	720.38	1266.41	733.39	5.1586	5.5282
839765683614	1376.82	718.86	1266.34	735.83	5.1421	5.5224
839765691948	1373.57	718.20	1266.52	739.94	5.1434	5.5260
839765700280	1372.23	721.63	1271.45	736.75	5.1562	5.5207
839765708613	1379.50	721.31	1263.46	739.15	5.1550	5.5259
839765716947	1374.42	726.34	1271.22	739.64	5.1631	5.5068
839765725280	1378.73	727.54	1271.17	744.10	5.1607	5.5095
839765733614	1380.55	725.07	1267.78	739.78	5.1705	5.5078
839765741951	1382.28	721.76	1270.46	745.42	5.1590	5.5257
839765750284	1382.47	730.01	1271.09	741.88	5.1561	5.5094
839765758618	1381.86	728.98	1268.85	744.78	5.1494	5.5186
839765766950	1382.50	723.90	1268.32	739.76	5.1609	5.5208
839765775283	1378.69	724.72	1266.71	736.89	5.1598	5.5082
839765783617	1382.38	721.97	1268.62	729.17	5.1664	5.5115
839765791949	1379.05	720.67	1264.50	733.83	5.1614	5.5271
839765800283	1380.56	718.33	1270.54	733.27	5.1615	5.5126
839765808616	1370.96	728.39	1271.57	734.58	5.1526	5.5233
839765816950	1377.35	731.53	1272.07	740.75	5.1655	5.5118
839765825283	1374.09	731.40	1269.14	738.39	5.1668	5.5124
839765833616	1375.24	736.45	1267.98	737.98	5.1735	5.5162
839765841950	1376.76	726.36	1270.35	737.45	5.1701	5.5176
839765850283	1374.20	725.61	1271.03	735.17	5.1448	5.5143
839765858615	1372.68	724.79	1269.76	739.09	5.1333	5.5165
839765866949	1370.29	730.75	1272.94	733.44	5.1630	5.5229
839765875287	1367.73	734.41	1270.26	733.77	5.1724	5.5226
839765883620	1368.87	725.04	1269.85	736.45	5.1609	5.5085
839765891953	1362.17	734.28	1269.95	737.85	5.1583	5.5132
839765900287	1363.71	727.47	1267.65	734.79	5.1611	5.5183
839765908620	1367.92	735.64	1270.26	736.37	5.1555	5.4861
839765916953	1375.46	736.28	1266.36	740.15	5.1409	5.4801
839765925287	1368.57	745.51	1262.62	757.26	5.1254	5.4435
839765933620	1373.83	733.75	1269.38	760.43	5.1656	5.4343
839765941953	1387.53	851.72	1290.83	917.41	4.8384	5.0631
839765950286	1221.74	1128.68	1421.74	1073.10	4.0871	4.3366
839765958619	1375.33	1266.13	1365.61	1197.33	2.9551	3.7386
839765966944	NaN	NaN	1233.03	1262.31	NaN	3.5456
839765975286	1265.25	1285.09	NaN	NaN	2.8602	NaN
839765983619	NaN	NaN	1318.10	1154.10	NaN	4.0666
839765991953	1392.45	1101.68	1296.02	1079.01	4.1544	4.5356
839766000286	1346.87	1032.57	1284.05	970.09	4.4840	4.8365
839766008624	1352.51	944.10	1304.74	905.53	4.7110	5.0678
839766016957	1375.18	860.58	1303.32	839.01	4.9092	5.1984
839766025289	1380.13	815.81	1285.51	779.50	5.0436	5.3396
839766033623	1380.75	778.49	1289.00	737.94	5.1367	5.4392
839766041956	1380.23	736.69	1279.39	715.69	5.1851	5.4827
839766050290	1383.68	706.94	1275.62	701.33	5.2020	5.5233
839766058623	1383.47	742.51	1276.18	714.98	5.1599	5.5114
839766066957	1388.25	743.16	1278.14	737.71	5.1711	5.4441
839766075290	1382.79	747.29	1277.76	741.58	5.1729	5.4670
839766083623	1384.43	748.28	1275.68	741.76	5.1487	5.4675
839766091957	1390.25	746.53	1278.82	735.98	5.1459	5.4711
839766100289	1389.36	751.64	1273.24	736.75	5.1634	5.4901
839766108622	1389.30	752.82	1277.52	729.68	5.1705	5.4714
839766116956	1381.08	750.27	1277.09	731.10	5.1751	5.4744
839766125289	1380.63	742.68	1277.22	729.85	5.1682	5.4756
839766133622	1376.30	738.89	1278.60	730.88	5.1741	5.4780
839766141960	1376.17	746.30	1283.37	725.39	5.1965	5.4687
839766150293	1380.17	744.15	1284.16	727.94	5.1840	5.4631
839766158627	1376.11	745.76	1280.49	725.38	5.1841	5.4741
839766166961	1375.22	742.17	1289.25	722.18	5.1953	5.4639
839766175293	1378.40	750.85	1287.06	726.73	5.1770	5.4745
839766183626	1375.82	755.85	1286.20	726.90	5.1878	5.4608
839766191960	1373.02	753.84	1285.16	729.84	5.2018	5.4635
839766200293	1371.91	754.19	1282.27	727.59	5.1895	5.4732
839766208626	1372.33	754.48	1281.26	735.09	5.1821	5.4575
839766216959	1371.58	761.20	1273.04	714.38	5.1828	5.5055
839766225292	1377.52	740.29	1280.18	739.05	5.1649	5.4497
839766233626	1378.76	759.24	1293.70	898.36	5.1603	5.3163
839766241959	1369.52	875.43	1097.53	1233.86	4.9201	4.0099
839766250293	1552.20	1024.22	NaN	NaN	4.0850	NaN
839766258625	1609.67	1201.22	NaN	NaN	3.5654	NaN
839766266956	1483.93	1303.18	NaN	NaN	3.0739	NaN
839766275288	NaN	NaN	NaN	NaN	NaN	NaN
839766283621	NaN	NaN	NaN	NaN	NaN	NaN
839766291956	NaN	NaN	NaN	NaN	NaN	NaN
839766300289	NaN	NaN	NaN	NaN	NaN	NaN
839766308622	NaN	NaN	NaN	NaN	NaN	NaN
839766316956	NaN	NaN	NaN	NaN	NaN	NaN
839766325289	NaN	NaN	1250.99	1515.85	NaN	2.3552
839766333621	1545.40	1198.99	NaN	NaN	3.5369	NaN
839766341955	NaN	NaN	1340.28	1443.57	NaN	3.2132
839766350288	NaN	NaN	NaN	NaN	NaN	NaN
839766358629	1321.08	1080.89	NaN	NaN	4.3201	NaN
839766366953	1487.39	1024.73	NaN	NaN	4.2785	NaN
839766375287	1404.74	1002.13	1360.87	1260.77	4.6298	3.6545
839766383629	1384.42	950.13	NaN	NaN	4.6991	NaN
839766391954	1375.41	908.53	1287.93	1213.08	4.8182	3.9482
839766400292	1377.01	899.11	1312.29	1211.19	4.8226	3.9892
839766408626	1367.46	907.26	1288.37	1224.43	4.8464	3.9155
839766416959	1393.48	921.81	1408.48	1195.19	4.7874	3.9185
839766425292	1361.02	917.94	1198.85	1230.29	4.8297	4.1597
839766433626	1365.85	888.03	1319.08	1224.04	4.8650	3.8817
839766441959	1359.32	876.50	1061.41	1197.30	4.8610	4.0469
839766450292	1358.77	864.86	1062.98	1151.03	4.9110	4.0393
839766458626	1363.64	844.79	1387.59	1170.65	4.9142	4.0415
839766466957	1370.86	838.50	1342.67	1167.07	4.9294	4.0930
839766475291	1372.64	861.50	NaN	NaN	4.9159	NaN
839766483624	1367.29	862.72	1120.08	1163.29	4.9034	3.7215
839766491956	1367.66	846.34	1028.57	1128.42	4.9337	3.8034
839766500290	1366.21	847.58	990.69	1109.40	4.9422	3.6720
839766508624	1364.43	850.29	NaN	NaN	4.9139	NaN
839766516956	1372.22	838.72	NaN	NaN	4.9449	NaN
839766525290	1375.17	830.16	NaN	NaN	4.9344	NaN
839766533628	1366.62	826.91	NaN	NaN	4.9704	NaN
839766541961	1373.91	798.56	NaN	NaN	4.9606	NaN
839766550294	1371.54	806.03	NaN	NaN	4.9925	NaN
839766558628	1369.52	799.52	NaN	NaN	4.9788	NaN
839766566960	1365.82	822.01	NaN	NaN	4.9816	NaN
839766575293	1369.83	799.98	NaN	NaN	5.0077	NaN
839766583626	1366.34	803.99	NaN	NaN	4.9742	NaN
839766591960	1365.29	808.68	NaN	NaN	4.9810	NaN
839766600293	1368.96	823.46	NaN	NaN	4.9892	NaN
839766608627	1365.09	818.42	1097.20	1147.02	4.9911	3.5493
839766616960	1366.06	804.28	NaN	NaN	5.0051	NaN
839766625293	1370.48	790.23	1425.01	1124.29	5.0119	3.7984
839766633626	1363.69	806.36	NaN	NaN	4.9979	NaN
839766641960	1364.22	803.37	1078.98	1101.05	5.0050	3.7225
839766650293	1368.95	815.42	1028.07	1101.74	4.9877	3.5541
839766658625	1362.08	811.08	1271.69	1138.39	4.9803	3.6945
839766666963	1363.75	805.91	1058.14	1103.19	4.9769	3.6094
839766675297	1366.91	799.24	NaN	NaN	5.0097	NaN
839766683631	1367.55	795.69	1149.02	1130.50	5.0068	3.8037
839766691964	1360.43	800.20	NaN	NaN	4.9884	NaN
839766700297	1361.41	787.55	NaN	NaN	4.9766	NaN
839766708630	1363.18	784.14	NaN	NaN	4.9984	NaN
839766716964	1364.37	776.03	1308.74	1093.53	5.0116	3.9345
839766725297	1364.78	782.42	1296.49	1108.11	5.0145	4.0042
839766733629	1361.58	791.94	1080.04	1093.54	4.9692	3.6283
839766741962	1358.60	804.42	997.03	1102.44	4.9151	3.5793
839766750296	1365.82	843.63	1237.74	1173.85	4.8684	3.5506
839766758629	1373.80	888.33	NaN	NaN	4.7672	NaN
839766766962	1381.52	990.03	1199.86	1297.37	4.7125	3.2146
839766775296	1364.10	1032.75	1275.72	1476.98	4.3723	2.6560
839766783629	1434.31	1071.11	NaN	NaN	4.1808	NaN
839766791968	NaN	NaN	NaN	NaN	NaN	NaN
839766800302	1566.82	1241.08	NaN	NaN	3.2888	NaN
839766808635	NaN	NaN	NaN	NaN	NaN	NaN
839766816968	NaN	NaN	NaN	NaN	NaN	NaN
839766825301	NaN	NaN	NaN	NaN	NaN	NaN
839766833634	1342.75	1511.55	NaN	NaN	1.9058	NaN
839766841968	1514.46	1541.42	NaN	NaN	1.7218	NaN
839766850309	NaN	NaN	NaN	NaN	NaN	NaN
839766858641	NaN	NaN	NaN	NaN	NaN	NaN
839766866975	NaN	NaN	NaN	NaN	NaN	NaN
839766875308	NaN	NaN	NaN	NaN	NaN	NaN
839766883641	1506.14	1304.96	NaN	NaN	2.8273	NaN
839766891965	NaN	NaN	1297.61	1617.01	NaN	1.9923
839766900299	NaN	NaN	NaN	NaN	NaN	NaN
839766908632	NaN	NaN	NaN	NaN	NaN	NaN
839766916974	1478.90	1046.18	NaN	NaN	3.9408	NaN
839766925303	1476.73	1034.28	NaN	NaN	3.9465	NaN
839766933637	1500.67	1055.55	NaN	NaN	3.9153	NaN
839766941970	NaN	NaN	NaN	NaN	NaN	NaN
839766950303	1579.89	1158.75	NaN	NaN	3.2887	NaN
839766958637	1318.22	1267.78	NaN	NaN	2.7195	NaN
839766966970	NaN	NaN	NaN	NaN	NaN	NaN
839766975303	NaN	NaN	NaN	NaN	NaN	NaN
839766983636	NaN	NaN	NaN	NaN	NaN	NaN
839766991970	NaN	NaN	NaN	NaN	NaN	NaN
839767000303	NaN	NaN	NaN	NaN	NaN	NaN
839767008636	NaN	NaN	NaN	NaN	NaN	NaN
839767016969	NaN	NaN	NaN	NaN	NaN	NaN
839767025302	NaN	NaN	NaN	NaN	NaN	NaN
839767033636	NaN	NaN	NaN	NaN	NaN	NaN
839767041969	NaN	NaN	NaN	NaN	NaN	NaN
839767050301	NaN	NaN	NaN	NaN	NaN	NaN
839767058640	NaN	NaN	NaN	NaN	NaN	NaN
839767066974	NaN	NaN	NaN	NaN	NaN	NaN
839767075307	1576.66	1170.98	NaN	NaN	3.2468	NaN
839767083640	1451.98	1075.90	NaN	NaN	3.7712	NaN
839767091973	1307.29	1010.73	NaN	NaN	4.1695	NaN
839767100306	1325.46	911.29	NaN	NaN	4.5032	NaN
839767108647	1328.14	841.79	NaN	NaN	4.6653	NaN
839767116980	1330.65	800.14	1316.46	920.42	4.7238	4.5646
839767125305	1336.05	762.88	1295.23	860.94	4.8129	4.6914
839767133647	1340.40	730.60	1319.20	809.56	4.8646	4.7802
839767141980	1346.20	712.88	1307.12	791.85	4.8885	4.8272
839767150313	1346.01	695.23	1290.93	755.31	4.9133	4.9788
839767158647	1344.16	678.24	1289.76	733.40	4.9313	4.9890
839767166980	1346.96	689.22	1281.74	764.90	4.9405	5.0443
839767175305	1346.36	686.08	1285.90	767.14	4.9288	5.0272
839767183643	1350.88	683.87	1285.37	758.09	4.9202	5.0189
839767191976	1354.09	683.81	1280.47	765.08	4.9196	5.0975
839767200310	1348.09	703.00	1285.69	742.52	4.8878	5.0776
839767208643	1348.70	701.92	1281.80	756.69	4.9020	5.0832
839767216975	1345.89	691.05	1277.49	777.46	4.9003	5.0370
839767225317	1348.33	686.84	1277.98	777.38	4.9003	5.0160
839767233651	1348.57	685.76	1282.72	770.25	4.8933	5.0152
839767241984	1343.74	700.79	1275.50	775.19	4.8729	5.0516
839767250317	1345.26	703.40	1285.01	764.65	4.8864	5.0399
839767258642	1343.12	704.51	1275.79	773.52	4.8840	5.0269
839767266984	1348.90	716.74	1293.95	766.33	4.8870	5.0307
839767275317	1352.51	715.20	1296.32	765.36	4.8862	5.0721
839767283651	1348.81	715.17	1298.29	751.10	4.8849	5.0739
839767291983	1346.33	713.41	1288.03	742.77	4.8886	5.0972
839767300316	1347.08	715.92	1294.28	731.37	4.9042	5.1261
839767308650	1349.29	718.69	1287.14	727.03	4.9005	5.1501
839767316990	1353.72	716.32	1283.13	737.00	4.9025	5.1738
839767325323	1347.59	711.19	1279.09	740.15	4.9041	5.1542
839767333657	1347.04	717.67	1279.16	732.15	4.9173	5.1842
839767341990	1344.34	717.00	1279.12	714.81	4.9036	5.1922
839767350323	1354.43	715.04	1277.08	716.17	4.9262	5.1895
839767358657	1358.03	711.02	1277.27	722.88	4.9122	5.2297
839767366990	1364.02	708.87	1275.80	713.32	4.9234	5.1982
839767375322	1356.97	703.80	1272.56	704.93	4.9306	5.2047
839767383656	1361.93	703.03	1275.30	700.65	4.9327	5.2197
839767391989	1364.04	707.77	1271.53	715.10	4.9318	5.2611
839767400322	1356.81	704.95	1268.40	696.29	4.9398	5.2350
839767408656	1359.74	703.63	1270.80	708.41	4.9393	5.2653
839767416989	1358.67	703.42	1265.69	694.01	4.9421	5.2612
839767425322	1361.01	714.24	1267.83	704.83	4.9637	5.2679
839767433655	1357.31	709.76	1269.86	702.15	4.9509	5.2674
839767441989	1358.51	711.28	1274.07	703.27	4.9458	5.2525
839767450323	1366.36	712.00	1274.25	714.08	4.9509	5.2712
839767458656	1367.83	716.15	1274.14	713.29	4.9492	5.2567
839767466990	1367.80	719.68	1273.27	713.42	4.9587	5.2361
839767475323	1371.31	715.09	1271.02	711.30	4.9507	5.2308
839767483656	1369.18	721.99	1276.47	717.78	4.9584	5.2050
839767491990	1362.13	710.28	1281.08	740.64	4.9506	5.1987
839767500323	1370.33	706.68	1279.64	784.10	4.9710	5.1282
839767508656	1363.94	693.03	1284.02	831.30	4.9935	5.0364
839767516990	1355.09	759.01	1172.98	998.78	4.9069	4.3331
839767525323	1329.05	881.81	NaN	NaN	4.5773	NaN
839767533655	1338.48	1072.49	1240.60	1513.43	4.2058	2.4015
839767541980	1202.06	1204.81	NaN	NaN	3.0298	NaN
839767550315	1527.57	1645.64	NaN	NaN	1.1876	NaN
839767558648	1187.88	1553.48	NaN	NaN	1.6784	NaN
839767566980	1249.46	1499.61	NaN	NaN	2.0325	NaN
839767575316	NaN	NaN	NaN	NaN	NaN	NaN
839767583650	NaN	NaN	NaN	NaN	NaN	NaN
839767591983	NaN	NaN	NaN	NaN	NaN	NaN
839767600316	NaN	NaN	NaN	NaN	NaN	NaN
839767608648	NaN	NaN	NaN	NaN	NaN	NaN
839767616982	NaN	NaN	NaN	NaN	NaN	NaN
839767625316	NaN	NaN	NaN	NaN	NaN	NaN
839767633649	NaN	NaN	NaN	NaN	NaN	NaN
839767641982	NaN	NaN	NaN	NaN	NaN	NaN
839767650316	NaN	NaN	NaN	NaN	NaN	NaN
839767658648	NaN	NaN	NaN	NaN	NaN	NaN
839767666982	NaN	NaN	NaN	NaN	NaN	NaN
839767675315	NaN	NaN	NaN	NaN	NaN	NaN
839767683648	NaN	NaN	NaN	NaN	NaN	NaN
839767691981	NaN	NaN	NaN	NaN	NaN	NaN
839767700314	NaN	NaN	NaN	NaN	NaN	NaN
839767708654	NaN	NaN	NaN	NaN	NaN	NaN
839767716987	NaN	NaN	NaN	NaN	NaN	NaN
839767725320	NaN	NaN	NaN	NaN	NaN	NaN
839767733654	NaN	NaN	NaN	NaN	NaN	NaN
839767741988	1341.24	1371.78	NaN	NaN	2.3248	NaN
839767750321	NaN	NaN	NaN	NaN	NaN	NaN
839767758654	1631.41	1247.13	NaN	NaN	2.9493	NaN
839767766987	1273.25	1189.56	NaN	NaN	2.9128	NaN
839767775321	NaN	NaN	1314.44	1498.86	NaN	2.2373
839767783653	NaN	NaN	NaN	NaN	NaN	NaN
839767791987	NaN	NaN	NaN	NaN	NaN	NaN
839767800320	1330.90	1073.85	1114.67	1375.11	4.1355	2.5033
839767808653	1518.40	1017.47	NaN	NaN	3.9914	NaN
839767816986	1494.97	955.68	NaN	NaN	4.1181	NaN
839767825319	1393.19	976.21	NaN	NaN	4.3607	NaN
839767833652	NaN	NaN	NaN	NaN	NaN	NaN
839767841992	NaN	NaN	NaN	NaN	NaN	NaN
839767850324	1476.06	1016.40	NaN	NaN	4.3599	NaN
839767858658	1375.02	1113.50	NaN	NaN	4.7565	NaN
839767866991	1400.87	1051.13	NaN	NaN	4.6600	NaN
839767875324	1392.20	1055.84	NaN	NaN	4.7554	NaN
839767883658	1374.55	985.95	NaN	NaN	4.7714	NaN
839767891991	1374.05	943.19	NaN	NaN	4.6562	NaN
839767900324	1388.73	926.40	NaN	NaN	4.7238	NaN
839767908666	1372.61	886.53	NaN	NaN	4.6907	NaN
839767916999	1355.13	857.84	NaN	NaN	4.7097	NaN
839767925332	1341.69	849.06	NaN	NaN	4.7836	NaN
839767933657	1350.85	830.01	NaN	NaN	4.8282	NaN
839767941991	1357.54	833.66	NaN	NaN	4.7951	NaN
839767950324	1343.40	857.00	NaN	NaN	4.7957	NaN
839767958658	1358.19	820.90	NaN	NaN	4.8460	NaN
839767966991	1356.39	808.34	NaN	NaN	4.8205	NaN
839767975328	1352.56	806.52	NaN	NaN	4.8338	NaN
839767983661	1358.84	812.14	NaN	NaN	4.8401	NaN
839767991995	1366.77	822.55	NaN	NaN	4.8466	NaN
839768000328	1348.71	810.62	NaN	NaN	4.8485	NaN
839768008660	1360.30	823.53	NaN	NaN	4.8512	NaN
839768016994	1358.21	845.55	NaN	NaN	4.7883	NaN
839768025327	1354.06	894.24	NaN	NaN	4.7190	NaN
839768033661	1370.52	1063.51	NaN	NaN	4.3892	NaN
839768041994	1559.19	1277.58	NaN	NaN	3.0325	NaN
839768050327	1487.37	1568.55	NaN	NaN	2.0387	NaN
839768058661	NaN	NaN	NaN	NaN	NaN	NaN
839768066993	NaN	NaN	NaN	NaN	NaN	NaN
839768075327	NaN	NaN	NaN	NaN	NaN	NaN
839768083661	NaN	NaN	NaN	NaN	NaN	NaN
839768091992	NaN	NaN	NaN	NaN	NaN	NaN
839768100326	NaN	NaN	NaN	NaN	NaN	NaN
839768108665	NaN	NaN	NaN	NaN	NaN	NaN
839768116997	NaN	NaN	NaN	NaN	NaN	NaN
839768125331	NaN	NaN	NaN	NaN	NaN	NaN
839768133665	NaN	NaN	NaN	NaN	NaN	NaN
839768141998	NaN	NaN	NaN	NaN	NaN	NaN
839768150331	NaN	NaN	NaN	NaN	NaN	NaN
839768158665	NaN	NaN	NaN	NaN	NaN	NaN
839768166997	NaN	NaN	1185.01	1481.49	NaN	2.4344
839768175330	NaN	NaN	1238.65	1250.50	NaN	3.0372
839768183663	1489.39	979.32	1007.84	1156.20	4.1180	3.4910
839768191996	1348.68	903.91	NaN	NaN	4.6906	NaN
839768200330	1336.29	819.85	1288.16	963.88	4.8443	4.7296
839768208671	1343.37	749.69	1338.72	879.67	4.9740	4.8971
839768217004	1346.71	713.60	1289.38	825.28	5.0500	5.1715
839768225329	1349.29	684.57	1280.69	780.06	5.0891	5.2961
839768233676	1351.20	663.85	1277.80	729.72	5.1282	5.3115
839768242009	1361.13	670.39	1270.59	711.01	5.1487	5.3549
839768250342	1355.44	677.18	1275.39	681.27	5.1270	5.3552
839768258675	1357.64	709.32	1274.09	667.88	5.1181	5.3689
839768267008	1359.12	705.54	1273.41	703.33	5.0911	5.3013
839768275342	1337.95	697.65	1269.66	720.12	5.0825	5.2948
839768283675	1340.45	698.52	1266.69	724.56	5.0850	5.2969
839768292008	1343.31	697.34	1265.00	725.48	5.0945	5.3091
839768300342	1344.03	704.56	1272.94	722.43	5.0944	5.3196
839768308675	1345.64	702.08	1270.86	718.28	5.0885	5.3148
839768317008	1350.22	711.96	1277.09	712.06	5.0911	5.2810
839768325342	1342.98	713.17	1276.99	710.75	5.0867	5.2720
839768333675	1334.69	733.91	1270.01	713.42	5.0791	5.2974
839768342008	1333.36	712.96	1277.36	712.08	5.0952	5.2923
839768350342	1336.06	712.13	1278.06	707.35	5.0895	5.2924
839768358675	1348.47	725.70	1277.11	716.01	5.0971	5.2963
839768367013	1344.43	722.50	1277.57	709.98	5.0886	5.3022
839768375347	1347.01	726.69	1276.39	709.46	5.1052	5.2864
839768383680	1347.05	729.51	1277.16	711.20	5.1079	5.3190
839768392013	1350.40	726.62	1271.72	707.40	5.0966	5.3015
839768400346	1350.45	721.28	1274.09	712.59	5.0935	5.3006
839768408679	1351.20	722.13	1273.09	716.35	5.0999	5.3073
839768417012	1353.97	723.59	1272.90	714.27	5.1042	5.3128
839768425346	1354.66	730.42	1274.15	715.75	5.1008	5.3129
839768433679	1355.00	726.59	1270.01	707.49	5.0954	5.3044
839768442012	1344.29	729.92	1269.43	715.71	5.1083	5.3312
839768450346	1347.75	724.47	1272.51	703.94	5.0836	5.3024
839768458679	1352.80	728.41	1276.29	704.49	5.0903	5.3083
839768467012	1352.03	727.78	1281.75	709.10	5.0880	5.3122
839768475346	1351.94	733.22	1281.11	703.50	5.1207	5.3016
839768483679	1347.99	730.92	1280.17	708.26	5.0935	5.3086
839768492011	1349.04	727.08	1280.20	703.17	5.0891	5.2991
839768500349	1350.27	725.46	1280.29	707.17	5.0803	5.2933
839768508682	1348.73	727.67	1276.60	708.47	5.0910	5.2974
839768517015	1349.81	728.92	1275.07	706.03	5.0838	5.2954
839768525349	1343.41	732.90	1276.71	706.13	5.0674	5.2928
839768533682	1343.59	731.55	1274.81	701.66	5.0681	5.2843
839768542015	1342.44	733.33	1268.87	704.77	5.0661	5.2810
839768550349	1343.68	730.69	1274.32	702.68	5.0680	5.2785
839768558682	1346.36	731.12	1268.07	705.40	5.0462	5.2956
839768567014	1345.63	730.83	1275.70	696.57	5.0470	5.2735
839768575347	1349.77	739.52	1272.83	694.96	5.0692	5.2912
839768583681	1351.69	738.14	1272.03	700.56	5.0505	5.2815
839768592014	1352.13	736.16	1276.12	701.18	5.0353	5.2790
839768600347	1350.65	735.85	1273.99	694.41	5.0087	5.2764
839768608681	1356.72	739.35	1276.99	697.25	5.0333	5.2724
839768617014	1346.20	735.92	1276.68	699.94	5.0169	5.2771
839768625351	1352.85	735.82	1276.95	689.16	5.0311	5.2585
839768633684	1349.39	738.69	1277.03	693.19	5.0234	5.2743
839768642018	1353.43	738.76	1276.83	686.67	5.0241	5.2665
839768650350	1352.36	738.34	1273.47	691.65	5.0105	5.2634
839768658684	1345.61	742.96	1283.50	689.76	5.0246	5.2635
839768667017	1357.88	744.69	1278.50	688.76	5.0300	5.2759
839768675350	1349.21	738.36	1275.91	691.47	5.0026	5.2726
839768683684	1349.98	739.31	1274.56	689.35	5.0116	5.2724
839768692017	1354.13	739.48	1277.01	688.20	5.0096	5.2595
839768700350	1353.88	747.74	1276.21	692.60	5.0013	5.2706
839768708683	1353.36	753.09	1274.49	693.53	5.0086	5.2678
839768717017	1352.11	747.63	1274.22	696.62	4.9971	5.2755
839768725349	1355.66	744.74	1269.38	696.02	4.9818	5.2672
839768733682	1351.17	743.60	1272.92	700.23	4.9882	5.2702
839768742017	1359.33	740.08	1273.44	698.28	4.9657	5.2633
839768750350	1356.28	741.17	1276.75	698.81	4.9683	5.2818
839768758688	1352.55	739.47	1269.35	697.50	4.9684	5.2801
839768767021	1357.38	743.38	1272.25	698.86	4.9686	5.2792
839768775354	1361.36	750.40	1272.04	696.04	4.9746	5.2594
839768783688	1357.54	737.55	1268.18	700.02	4.9357	5.2701
839768792019	1361.89	747.26	1273.22	698.15	4.9695	5.2716
839768800353	1356.16	740.75	1270.71	703.65	4.9559	5.2724
839768808686	1362.52	744.32	1274.08	697.02	4.9564	5.2744
839768817020	1360.46	746.43	1274.80	698.02	4.9561	5.2786
839768825353	1355.54	749.38	1274.00	694.79	4.9643	5.2690
839768833687	1360.73	739.15	1269.55	702.27	4.9326	5.2794
839768842020	1358.89	747.59	1269.35	710.51	4.9446	5.2834
839768850353	1361.30	750.17	1264.96	711.14	4.9476	5.2887
839768858687	1361.35	744.30	1266.78	711.15	4.9253	5.2656
839768867020	1360.07	743.38	1267.01	713.46	4.9322	5.2739
839768875353	1361.19	743.16	1263.73	709.31	4.9322	5.2737
839768883685	1358.36	748.77	1268.53	714.16	4.9412	5.2834
839768892024	1354.68	739.69	1270.80	716.26	4.9229	5.2783
839768900358	1357.98	754.52	1274.72	713.61	4.9306	5.2801
839768908692	1363.23	749.34	1270.93	713.85	4.9333	5.2863
839768917025	1355.76	741.37	1268.24	713.95	4.9107	5.2847
839768925358	1357.10	749.57	1270.74	716.31	4.9254	5.2955
839768933692	1359.99	751.16	1272.35	710.25	4.9402	5.2899
839768942024	1352.75	742.93	1270.20	711.98	4.9066	5.2785
839768950358	1365.60	748.43	1272.02	705.73	4.9409	5.2915
839768958691	1362.38	749.50	1265.83	704.63	4.9278	5.2958
839768967023	1360.06	746.98	1265.61	706.02	4.9208	5.2900
839768975357	1361.66	753.60	1267.65	709.32	4.9389	5.2966
839768983690	1365.93	745.73	1269.84	705.98	4.9295	5.2918
839768992024	1358.96	746.52	1268.43	705.44	4.9219	5.2919
839769000357	1355.97	742.23	1270.14	706.12	4.9177	5.2963
839769008691	1361.96	749.49	1272.33	702.59	4.9433	5.2880
839769017024	1353.83	748.57	1268.86	703.90	4.9304	5.2988
839769025362	1361.56	745.23	1271.81	705.43	4.9275	5.3042
839769033696	1360.44	745.84	1267.41	706.22	4.9338	5.2902
839769042027	1364.86	744.88	1269.93	706.95	4.9267	5.2997
839769050361	1365.98	740.05	1267.17	709.03	4.9420	5.3149
839769058694	1364.11	739.54	1266.05	709.77	4.9395	5.3080
839769067027	1371.41	750.68	1270.39	704.41	4.9628	5.3104
839769075361	1367.93	746.45	1270.69	707.24	4.9500	5.3080
839769083694	1369.91	754.98	1269.09	709.88	4.9721	5.3270
839769092028	1366.13	748.93	1269.52	712.75	4.9677	5.3295
839769100361	1367.55	746.44	1264.24	709.33	4.9541	5.3266
839769108695	1369.78	755.27	1265.41	708.24	4.9691	5.3241
839769117027	1363.26	752.69	1271.61	707.02	4.9610	5.3331
839769125360	1366.02	750.19	1270.14	711.31	4.9875	5.3342
839769133693	1363.97	746.55	1271.20	712.34	4.9699	5.3252
839769142026	1364.51	747.29	1275.56	710.80	4.9797	5.3314
839769150362	1362.20	740.02	1273.28	710.10	4.9807	5.3446
839769158696	1368.39	741.67	1279.45	712.90	4.9985	5.3389
839769167030	1361.21	734.15	1275.98	717.11	4.9777	5.3442
839769175363	1366.01	744.12	1271.56	714.80	5.0118	5.3509
839769183696	1365.17	744.22	1281.74	714.31	5.0101	5.3504
839769192030	1376.14	742.59	1288.78	709.69	5.0077	5.3558
839769200362	1369.52	741.50	1286.55	713.63	4.9943	5.3539
839769208695	1372.55	749.09	1279.60	707.55	5.0167	5.3524
839769217028	1368.65	748.45	1278.55	708.09	5.0134	5.3705
839769225362	1375.50	750.37	1279.61	709.59	5.0190	5.3799
839769233695	1373.10	747.30	1279.88	708.78	5.0229	5.3683
839769242029	1374.70	747.82	1282.72	706.08	5.0384	5.3637
839769250362	1375.35	744.55	1280.05	709.15	5.0282	5.3740
839769258695	1372.64	749.69	1281.02	706.81	5.0236	5.3799
839769267029	1372.03	752.80	1276.37	708.77	5.0548	5.3900
839769275362	1372.11	749.60	1280.30	711.13	5.0450	5.3745
839769283701	1371.80	748.34	1282.83	706.91	5.0582	5.3927
839769292034	1373.72	752.67	1277.88	709.97	5.0675	5.3961
839769300368	1366.85	750.19	1280.73	708.39	5.0569	5.3824
839769308701	1370.99	743.66	1279.79	708.57	5.0548	5.3883
839769317034	1374.23	748.09	1281.30	710.35	5.0727	5.3918
839769325368	1374.57	743.63	1278.50	708.08	5.0754	5.4013
839769333701	1370.13	745.83	1279.76	712.33	5.0782	5.4030
839769342035	1367.30	746.82	1282.84	713.16	5.0982	5.4070
839769350368	1366.05	747.47	1276.48	718.60	5.0956	5.4201
839769358701	1367.61	746.48	1279.88	716.77	5.0895	5.4072
839769367034	1365.18	750.14	1280.98	718.06	5.0987	5.4115
839769375366	1370.69	746.37	1281.53	723.13	5.0959	5.4345
839769383700	1369.10	744.31	1282.45	723.77	5.1080	5.4223
839769392033	1369.26	745.54	1280.92	717.77	5.1205	5.4259
839769400367	1368.80	745.58	1279.26	719.33	5.1225	5.4230
839769408700	1369.11	750.98	1284.56	721.32	5.1378	5.4247
839769417040	1370.09	742.52	1282.10	721.38	5.1129	5.4424
839769425373	1369.56	746.81	1286.10	721.06	5.1205	5.4317
839769433706	1365.99	749.66	1279.80	718.47	5.1349	5.4363
839769442038	1366.31	747.70	1278.46	717.27	5.1351	5.4347
839769450372	1369.42	749.11	1281.50	714.54	5.1268	5.4299
839769458705	1369.29	745.68	1280.59	717.09	5.1248	5.4400
839769467038	1366.11	740.89	1280.98	712.42	5.1251	5.4292
839769475371	1368.18	741.97	1281.14	718.43	5.1360	5.4270
839769483705	1371.98	741.78	1280.53	709.55	5.1370	5.4095
839769492038	1376.38	747.42	1275.10	730.22	5.1377	5.4055
839769500372	1359.12	729.37	1270.64	738.16	5.1236	5.3986
839769508705	1365.30	715.85	1271.85	712.83	5.1266	5.4241
839769517038	1349.04	771.22	1279.24	826.24	5.0302	5.1731
839769525370	1330.95	914.78	1295.15	990.14	4.7528	4.8071
839769533704	1311.54	1032.99	NaN	NaN	4.4708	NaN
839769542037	1310.31	1085.67	1157.54	1150.45	4.3211	3.9421
839769550366	1405.63	1089.68	NaN	NaN	4.0336	NaN
839769558708	1344.21	1034.19	1204.61	1068.94	4.4400	4.4330
839769567041	1305.12	942.61	1285.46	986.54	4.6234	4.7287
839769575376	1357.58	894.18	1300.79	889.53	4.7829	4.9959
839769583709	1349.11	835.98	1278.98	815.56	4.9498	5.2054
839769592033	1360.00	806.11	1272.88	761.19	5.0359	5.3183
839769600375	1360.06	769.67	1274.00	720.00	5.1175	5.3965
839769608708	1366.95	721.11	1264.95	695.79	5.1499	5.4565
839769617041	1371.88	718.23	1268.02	680.32	5.1734	5.4902
839769625374	1367.66	742.58	1261.86	711.67	5.1362	5.4161
839769633708	1367.91	731.30	1264.08	721.93	5.1494	5.4408
839769642041	1374.70	710.50	1268.52	719.20	5.1294	5.4404
839769650374	1366.92	718.88	1269.03	721.08	5.1492	5.4472
839769658708	1362.46	725.18	1272.77	711.76	5.1632	5.4514
839769667041	1366.36	722.05	1267.01	711.96	5.1694	5.4704
839769675378	1364.73	717.63	1269.40	709.70	5.1726	5.4714
839769683711	1362.54	718.53	1264.95	706.56	5.1730	5.4570
839769692044	1359.95	723.34	1259.22	709.08	5.1657	5.4836
839769700378	1355.84	725.09	1268.94	703.66	5.1739	5.4862
839769708711	1369.06	721.95	1267.17	702.81	5.1765	5.4869
839769717044	1358.33	729.27	1268.16	701.64	5.1693	5.4777
839769725378	1354.61	732.65	1265.26	706.98	5.1664	5.4510
839769733710	1357.21	734.11	1268.07	712.69	5.1579	5.4708
839769742044	1357.33	769.13	1272.29	730.53	5.0915	5.4465
839769750377	1316.68	997.05	1319.09	879.17	4.6209	5.0225
839769758710	1255.13	1180.07	NaN	NaN	4.0126	NaN
839769767043	NaN	NaN	NaN	NaN	NaN	NaN
839769775376	NaN	NaN	NaN	NaN	NaN	NaN
839769783710	NaN	NaN	NaN	NaN	NaN	NaN
839769792043	NaN	NaN	NaN	NaN	NaN	NaN
839769800376	NaN	NaN	NaN	NaN	NaN	NaN
839769808716	NaN	NaN	NaN	NaN	NaN	NaN
839769817049	NaN	NaN	NaN	NaN	NaN	NaN
839769825382	NaN	NaN	NaN	NaN	NaN	NaN
839769833716	NaN	NaN	NaN	NaN	NaN	NaN
839769842049	1285.90	1617.29	1117.83	1429.09	1.7996	2.5066
839769850381	NaN	NaN	1267.25	1274.29	NaN	3.3060
839769858715	1538.78	1256.77	1041.41	1094.59	3.1107	4.0196
839769867048	1439.69	1110.16	1234.23	954.64	3.9207	4.8667
839769875381	1336.64	971.33	1285.47	832.59	4.6060	5.2263
839769883714	1351.91	844.36	1285.51	747.69	4.9244	5.4387
839769892048	1371.54	761.57	1278.98	706.61	5.1028	5.5342
839769900381	1373.63	710.24	1273.78	693.23	5.1977	5.5697
839769908715	1381.62	698.20	1285.80	722.17	5.2244	5.5030
839769917048	1383.43	711.83	1284.60	722.61	5.2236	5.5196
839769925381	1383.08	740.80	1279.58	713.98	5.1944	5.5292
839769933714	1372.09	736.74	1274.07	707.26	5.2025	5.5283
839769942051	1377.35	730.47	1271.12	706.95	5.1954	5.5286
839769950385	1379.57	728.42	1274.98	703.96	5.2065	5.5392
839769958718	1380.86	718.82	1276.63	705.84	5.2049	5.5330
839769967051	1381.40	717.23	1276.86	711.08	5.2097	5.5395
839769975385	1377.59	711.07	1272.23	705.74	5.2070	5.5348
839769983718	1373.84	710.34	1278.51	709.64	5.2029	5.5484
839769992052	1377.74	711.01	1279.46	707.69	5.1896	5.5415
839770000385	1376.61	720.11	1275.30	708.61	5.2192	5.5616
839770008718	1381.52	720.93	1279.96	708.34	5.2050	5.5484
839770017051	1373.49	721.02	1277.14	711.62	5.2006	5.5477
839770025385	1366.01	723.04	1282.00	712.51	5.1962	5.5513
839770033718	1370.26	730.51	1282.68	708.73	5.2143	5.5405
839770042051	1372.26	724.22	1283.47	706.75	5.2091	5.5428
839770050384	1373.45	723.11	1281.58	711.80	5.1998	5.5444
839770058718	1373.13	723.34	1279.56	714.74	5.2128	5.5515
839770067051	1378.40	724.90	1278.70	711.61	5.2207	5.5553
839770075388	1367.42	721.76	1276.20	712.37	5.2051	5.5441
839770083720	1369.92	717.31	1276.89	714.04	5.1860	5.5387
839770092054	1377.97	720.21	1273.92	712.05	5.2055	5.5404
839770100387	1375.60	719.16	1272.72	712.46	5.1989	5.5278
839770108720	1371.14	718.82	1276.80	714.04	5.1971	5.5247
839770117054	1374.04	720.12	1270.79	713.30	5.2003	5.5148
839770125387	1366.09	713.55	1269.99	704.81	5.1887	5.5091
839770133721	1376.10	710.19	1264.18	710.47	5.1763	5.5190
839770142054	1378.19	712.97	1269.49	714.68	5.1698	5.5113
839770150387	1378.14	710.13	1269.26	712.79	5.1781	5.5032
839770158719	1374.51	717.41	1263.89	714.00	5.1810	5.4976
839770167053	1375.62	718.85	1267.52	709.64	5.1827	5.4792
839770175386	1376.11	725.01	1267.06	707.18	5.1775	5.4770
839770183719	1378.97	729.01	1265.08	709.83	5.1773	5.4834
839770192053	1370.81	719.80	1267.24	709.05	5.1448	5.4636
839770200394	1378.04	724.98	1270.32	711.03	5.1487	5.4604
839770208726	1378.18	724.20	1266.09	714.36	5.1390	5.4544
839770217060	1378.91	717.97	1265.42	714.60	5.1399	5.4568
839770225393	1379.80	724.07	1274.14	716.14	5.1461	5.4328
839770233727	1374.37	722.93	1268.64	711.26	5.1351	5.4448
839770242060	1376.46	723.91	1273.03	713.61	5.1286	5.4302
839770250392	1372.22	726.29	1269.92	712.52	5.1111	5.4301
839770258725	1371.88	726.45	1271.12	715.40	5.0859	5.4225
839770267059	1366.36	730.80	1272.42	716.42	5.1012	5.4248
839770275392	1375.07	737.61	1274.23	710.56	5.1183	5.4150
839770283726	1374.84	734.47	1274.54	712.10	5.1011	5.4078
839770292059	1375.22	739.48	1269.46	714.70	5.0945	5.4009
839770300392	1376.54	735.42	1271.78	716.98	5.1004	5.4061
839770308726	1376.88	727.17	1278.71	713.05	5.0887	5.3881
839770317059	1384.33	736.38	1274.99	710.16	5.0911	5.3929
839770325392	1381.22	733.76	1273.94	706.06	5.0955	5.3873
839770333728	1380.58	735.49	1272.08	708.60	5.0884	5.3920
839770342061	1380.76	735.63	1273.20	707.53	5.0744	5.3847
839770350394	1379.62	744.01	1273.52	708.65	5.1027	5.3794
839770358727	1378.79	737.90	1272.17	707.28	5.0903	5.3844
839770367061	1381.74	732.40	1269.76	705.88	5.0730	5.3940
839770375394	1378.59	734.07	1270.83	707.46	5.0737	5.3698
839770383727	1378.24	734.53	1268.68	711.61	5.0996	5.3877
839770392061	1378.83	734.16	1270.63	714.74	5.0918	5.3820
839770400394	1376.18	722.40	1269.44	706.62	5.0719	5.3739
839770408719	1376.35	730.68	1267.95	717.71	5.0901	5.3817
839770417052	1378.25	725.34	1267.08	709.89	5.0862	5.3770
839770425394	1372.24	734.06	1268.70	709.92	5.0854	5.3860
839770433728	1368.34	734.75	1267.18	707.62	5.0896	5.3703
839770442060	1371.86	726.64	1266.04	714.24	5.0768	5.3185
839770450394	1382.37	714.61	1259.96	712.22	5.0757	5.3503
839770458728	1363.88	1092.37	1330.38	1171.83	3.8258	3.7561
839770467065	1327.21	1669.37	NaN	NaN	1.7135	NaN
839770475391	NaN	NaN	NaN	NaN	NaN	NaN
839770483723	NaN	NaN	NaN	NaN	NaN	NaN
839770492056	NaN	NaN	NaN	NaN	NaN	NaN
839770500390	NaN	NaN	NaN	NaN	NaN	NaN
839770508723	NaN	NaN	NaN	NaN	NaN	NaN
839770517056	NaN	NaN	NaN	NaN	NaN	NaN
839770525390	NaN	NaN	NaN	NaN	NaN	NaN
839770533723	1287.62	1511.97	NaN	NaN	1.9260	NaN
839770542056	1299.99	1363.00	NaN	NaN	2.4742	NaN
839770550389	1512.13	1242.76	NaN	NaN	3.1768	NaN
839770558722	1297.64	1110.31	1367.20	1075.23	4.1737	4.0171
839770567055	1333.29	951.25	1267.25	928.74	4.5661	4.7692
839770575389	1356.48	818.66	1295.14	802.08	4.8653	5.1313
839770583722	1365.93	746.25	1292.69	727.92	5.0327	5.3134
839770592069	1370.05	711.85	1284.81	679.93	5.1134	5.4107
839770600402	1379.44	708.03	1286.79	700.08	5.1037	5.3767
839770608736	1383.71	730.40	1283.22	715.68	5.0770	5.3530
839770617068	1382.23	727.00	1283.66	715.20	5.0733	5.3652
839770625402	1379.72	718.43	1280.07	716.51	5.0843	5.3699
839770633735	1378.69	719.30	1287.29	710.50	5.0896	5.3848
839770642069	1383.41	720.00	1286.71	709.27	5.1075	5.3877
839770650402	1377.52	715.82	1286.03	705.86	5.1095	5.3853
839770658735	1381.26	714.65	1286.83	708.05	5.1112	5.3936
839770667068	1382.08	713.29	1284.66	705.55	5.1037	5.4033
839770675401	1379.92	711.12	1281.02	708.54	5.1028	5.4216
839770683735	1381.18	705.69	1287.27	702.87	5.1007	5.4151
839770692068	1378.37	713.31	1285.16	703.06	5.1269	5.4136
839770700401	1378.39	719.04	1286.41	700.51	5.1256	5.4270
839770708734	1380.10	711.75	1283.74	700.99	5.1199	5.4210
839770717067	1378.11	716.96	1286.17	699.66	5.1077	5.4247
839770725404	1376.95	718.12	1289.72	691.59	5.1205	5.4298
839770733737	1378.29	722.24	1291.15	691.22	5.1429	5.4306
839770742061	1378.61	715.45	1288.62	693.91	5.1198	5.4435
839770750395	1378.16	719.96	1289.69	694.23	5.1314	5.4400
839770758728	1383.07	729.31	1284.07	695.21	5.1438	5.4489
839770767061	1378.21	722.48	1294.06	693.34	5.1395	5.4408
839770775395	1381.57	719.27	1282.72	693.26	5.1370	5.4602
839770783728	1379.25	715.60	1289.28	694.36	5.1304	5.4565
839770792061	1381.03	718.43	1285.74	689.78	5.1537	5.4630
839770800394	1383.34	718.03	1287.07	695.04	5.1476	5.4627
839770808727	1382.31	723.08	1288.92	691.90	5.1645	5.4611
839770817060	1381.16	719.79	1288.81	696.74	5.1615	5.4704
839770825394	1380.23	719.60	1288.90	692.65	5.1566	5.4693
839770833728	1378.89	720.50	1295.28	695.33	5.1723	5.4616
839770842061	1381.83	725.48	1291.26	694.91	5.1838	5.4642
839770850394	1383.32	712.55	1285.92	699.92	5.1623	5.4781
839770858737	1377.38	720.57	1289.40	698.26	5.1632	5.4779
839770867070	1377.61	722.45	1291.25	699.29	5.1766	5.4741
839770875403	1377.42	723.92	1286.94	702.14	5.1924	5.4813
839770883735	1375.11	721.47	1288.95	703.09	5.1682	5.4801
839770892069	1368.93	724.94	1285.31	708.24	5.1670	5.4803
839770900402	1369.43	729.21	1280.81	707.88	5.1672	5.4633
839770908735	1376.07	726.22	1284.76	709.92	5.1744	5.4730
839770917069	1370.87	726.96	1283.20	715.66	5.1727	5.4674
839770925411	1370.22	722.83	1276.41	715.61	5.1410	5.4625
839770933744	1375.01	730.68	1282.70	710.51	5.1572	5.4608
839770942078	1372.68	734.23	1281.49	712.79	5.1547	5.4576
839770950411	1371.55	737.71	1282.97	709.38	5.1618	5.4435
839770958743	1367.61	734.21	1282.44	714.09	5.1603	5.4580
839770967076	1372.21	735.04	1282.59	704.97	5.1608	5.4515
839770975409	1369.93	736.67	1281.86	710.82	5.1412	5.4564
839770983743	1365.63	735.55	1278.82	709.50	5.1407	5.4381
839770992078	1362.23	734.02	1279.87	706.00	5.1286	5.4360
839771000411	1364.88	741.57	1274.87	705.84	5.1349	5.4239
839771008736	1362.41	738.09	1282.81	711.17	5.1412	5.4230
839771017070	1367.49	741.34	1277.82	705.32	5.1243	5.4097
839771025412	1365.08	745.14	1275.37	704.81	5.1218	5.4184
839771033737	1364.53	749.82	1272.09	709.91	5.1091	5.4135
839771042070	1365.10	745.60	1271.15	712.90	5.1041	5.4185
839771050412	1370.60	742.96	1265.98	714.23	5.0905	5.3842
839771058744	1368.67	750.99	1272.81	711.94	5.1043	5.3846
839771067077	1363.26	747.62	1273.86	712.83	5.0866	5.3766
839771075410	1368.46	747.99	1278.64	714.07	5.0896	5.3713
839771083744	1364.53	746.15	1275.72	711.53	5.0658	5.3690
839771092077	1370.20	750.85	1279.10	712.94	5.0826	5.3586
839771100411	1373.00	743.90	1275.42	713.15	5.0638	5.3505
839771108744	1366.68	749.48	1279.61	709.60	5.0627	5.3413
839771117080	1363.76	752.44	1277.80	714.56	5.0538	5.3401
839771125413	1368.13	746.50	1277.28	713.79	5.0520	5.3278
839771133747	1367.46	746.34	1277.79	716.28	5.0579	5.3281
839771142079	1364.67	748.20	1277.74	713.98	5.0266	5.3240
839771150412	1366.86	748.57	1275.78	711.75	5.0343	5.3114
839771158737	1367.63	745.07	1274.66	712.07	5.0296	5.3135
839771167070	1363.86	743.62	1278.48	711.81	5.0265	5.3111
839771175413	1365.43	749.61	1275.84	715.91	5.0283	5.2999
839771183746	1368.93	751.03	1277.93	714.38	5.0247	5.2806
839771192079	1368.44	748.46	1276.78	717.39	4.9967	5.2758
839771200412	1369.58	753.85	1278.52	717.04	5.0111	5.2780
839771208746	1381.39	758.14	1282.18	719.29	5.0058	5.2691
839771217079	1376.83	766.04	1283.94	725.82	5.0023	5.2725
839771225411	1377.20	767.25	1283.22	720.42	4.9979	5.2578
839771233745	1374.33	759.77	1285.56	712.82	4.9874	5.2470
839771242079	1378.78	768.29	1281.93	719.18	4.9826	5.2582
839771250419	1383.16	769.23	1285.39	715.36	4.9898	5.2360
839771258753	1379.86	763.35	1280.59	718.47	4.9701	5.2327
839771267086	1380.09	770.62	1279.36	718.05	4.9703	5.2224
839771275419	1379.94	766.59	1285.10	720.55	4.9594	5.2144
839771283752	1375.97	762.20	1280.32	714.44	4.9373	5.2091
839771292085	1378.94	762.77	1278.93	720.75	4.9346	5.2183
839771300419	1377.03	768.10	1282.39	713.98	4.9252	5.2080
839771308752	1374.70	773.67	1280.55	715.68	4.9402	5.2138
839771317085	1374.38	767.94	1274.70	719.14	4.9141	5.2003
839771325418	1374.51	768.61	1282.20	717.02	4.9097	5.2027
839771333752	1373.82	771.51	1281.75	715.37	4.9039	5.2057
839771342085	1371.38	772.25	1287.59	721.56	4.9014	5.2008
839771350419	1371.92	767.70	1281.25	721.86	4.8889	5.2112
839771358750	1365.48	772.74	1280.88	724.38	4.8826	5.1998
839771367085	1367.57	772.62	1282.89	719.66	4.8970	5.2063
839771375418	1360.15	769.09	1282.13	717.33	4.8755	5.1951
839771383755	1369.81	766.61	1282.79	718.41	4.8703	5.1889
839771392088	1367.52	770.37	1279.46	721.87	4.8759	5.1959
839771400421	1363.43	767.24	1288.94	723.83	4.8592	5.1814
839771408754	1367.85	762.31	1283.06	726.05	4.8457	5.1860
839771417088	1363.47	760.15	1286.10	720.36	4.8489	5.1798
839771425421	1362.59	764.29	1283.63	725.65	4.8561	5.1881
839771433755	1365.05	762.09	1286.62	725.94	4.8434	5.1893
839771442088	1360.07	763.24	1283.20	722.30	4.8584	5.1892
839771450421	1362.67	750.96	1285.31	720.86	4.8288	5.1949
839771458754	1362.93	766.17	1287.18	722.92	4.8571	5.1986
839771467087	1366.02	759.12	1282.55	725.72	4.8329	5.1939
839771475420	1364.78	767.91	1281.91	725.04	4.8365	5.1943
839771483753	1359.92	762.18	1287.24	723.91	4.8424	5.2075
839771492087	1360.20	768.32	1284.69	724.25	4.8479	5.1972
839771500420	1364.68	761.12	1280.77	721.98	4.8481	5.1975
839771508753	1358.74	760.82	1284.24	721.09	4.8262	5.1867
839771517092	1356.00	759.87	1284.50	727.36	4.8445	5.2028
839771525425	1355.39	753.29	1285.68	725.69	4.8327	5.2113
839771533758	1354.37	762.22	1281.60	723.79	4.8439	5.2156
839771542092	1356.27	755.43	1285.00	725.93	4.8447	5.2000
839771550424	1352.18	762.11	1285.00	723.71	4.8559	5.2038
839771558757	1354.09	764.27	1278.44	725.09	4.8470	5.2132
839771567091	1349.31	751.24	1278.92	726.02	4.8273	5.2044
839771575424	1350.36	759.23	1279.18	730.48	4.8586	5.2124
839771583757	1356.90	761.70	1280.16	726.69	4.8534	5.2009
839771592091	1353.10	752.62	1282.69	723.81	4.8233	5.2112
839771600424	1353.80	759.75	1279.75	728.56	4.8511	5.1966
839771608757	1355.95	754.60	1280.12	723.35	4.8321	5.1990
839771617091	1351.69	762.32	1280.06	723.38	4.8460	5.2014
839771625424	1355.46	754.38	1277.12	722.04	4.8303	5.1968
839771633756	1350.23	754.77	1275.93	722.81	4.8312	5.2025
839771642094	1355.86	750.52	1278.86	723.60	4.8307	5.2101
839771650427	1356.61	750.46	1273.37	723.09	4.8432	5.2045
839771658762	1351.30	748.34	1276.48	722.44	4.8301	5.2009
839771667095	1352.37	747.76	1276.49	724.98	4.8460	5.2030
839771675427	1347.82	755.24	1270.49	726.43	4.8485	5.1945
839771683760	1349.31	749.13	1273.89	720.17	4.8427	5.1890
839771692094	1352.83	749.08	1273.85	717.25	4.8622	5.2044
839771700428	1351.03	747.50	1275.87	721.84	4.8398	5.2009
839771708760	1355.17	751.78	1274.92	716.20	4.8542	5.2076
839771717094	1360.27	759.95	1276.01	714.79	4.8722	5.2011
839771725427	1357.40	758.36	1275.27	719.12	4.8542	5.2059
839771733760	1358.41	759.56	1275.06	710.26	4.8676	5.2042
839771742094	1355.11	757.34	1271.41	717.79	4.8562	5.2103
839771750427	1356.78	751.07	1276.02	713.62	4.8578	5.2031
839771758761	1353.87	754.03	1277.07	713.23	4.8671	5.1899
839771767094	1354.59	755.67	1277.91	711.59	4.8636	5.2091
839771775436	1358.26	757.14	1271.98	715.57	4.8698	5.1948
839771783770	1361.27	755.73	1273.81	719.40	4.8712	5.1893
839771792102	1356.73	744.54	1276.33	715.29	4.8545	5.1984
839771800435	1358.64	758.55	1274.44	721.21	4.8816	5.2099
839771808768	1354.74	741.22	1270.15	717.23	4.8447	5.2106
839771817102	1362.25	750.67	1270.90	718.95	4.8920	5.2079
839771825435	1356.89	747.11	1273.77	718.52	4.8766	5.2080
839771833768	1357.70	747.07	1271.78	719.74	4.8887	5.2055
839771842102	1359.58	742.20	1274.46	718.54	4.8933	5.2179
839771850435	1356.34	740.32	1273.04	723.69	4.8920	5.2193
839771858769	1358.31	746.52	1276.92	720.34	4.8909	5.2342
839771867102	1354.58	749.22	1274.53	720.45	4.9208	5.2092
839771875434	1358.98	737.69	1269.91	720.38	4.8962	5.2377
839771883768	1359.95	740.12	1273.44	725.78	4.9021	5.2385
839771892101	1356.79	734.72	1274.63	718.64	4.8989	5.2381
839771900434	1360.79	735.03	1274.79	721.61	4.9077	5.2467
839771908769	1357.83	742.53	1275.53	718.29	4.9110	5.2388
839771917102	1362.72	744.55	1271.62	718.48	4.9167	5.2454
839771925435	1358.32	735.99	1271.32	717.66	4.9197	5.2413
839771933768	1359.19	743.81	1276.39	714.69	4.9187	5.2419
839771942102	1365.14	734.24	1278.13	717.14	4.9280	5.2465
839771950434	1367.31	738.08	1272.35	719.31	4.9252	5.2495
839771958767	1368.40	738.27	1272.98	721.94	4.9409	5.2514
839771967101	1369.74	732.36	1273.84	722.90	4.9297	5.2499
839771975434	1371.02	730.60	1271.33	722.14	4.9189	5.2406
839771983768	1366.71	743.67	1271.51	717.33	4.9389	5.2362
839771992101	1369.68	736.89	1271.48	720.15	4.9458	5.2453
839772000434	1365.56	738.03	1268.75	727.23	4.9420	5.2691
839772008768	1366.86	741.63	1267.62	724.72	4.9303	5.2485
839772017101	1363.23	731.48	1266.23	721.74	4.9239	5.2583
839772025434	1365.55	741.86	1267.44	718.59	4.9479	5.2599
839772033770	1363.67	743.70	1265.90	717.19	4.9339	5.2630
839772042102	1362.28	741.79	1269.77	718.70	4.9484	5.2548
839772050436	1363.17	742.60	1273.54	716.77	4.9409	5.2578
839772058769	1361.48	742.80	1269.43	714.78	4.9383	5.2470
839772067103	1360.58	743.60	1273.72	720.66	4.9491	5.2518
839772075436	1361.58	746.35	1272.20	717.43	4.9534	5.2551
839772083769	1360.42	749.01	1270.54	723.12	4.9602	5.2625
839772092103	1357.30	739.26	1273.63	719.72	4.9333	5.2461
839772100436	1352.88	742.04	1274.78	722.82	4.9505	5.2382
839772108770	1359.92	745.39	1270.37	722.32	4.9511	5.2482
839772117103	1358.02	743.27	1267.74	724.65	4.9454	5.2495
839772125436	1360.12	734.89	1270.01	718.13	4.9399	5.2318
839772133770	1352.84	736.40	1273.81	719.32	4.9276	5.2510
839772142102	1361.56	742.24	1269.76	719.46	4.9296	5.2329
839772150436	1358.08	735.58	1269.70	723.21	4.9316	5.2335
839772158770	1354.50	741.50	1269.19	722.91	4.9252	5.2295
839772167107	1361.94	739.26	1271.73	728.26	4.9126	5.2539
839772175440	1360.66	739.96	1270.12	725.37	4.9212	5.2330
839772183773	1358.50	745.70	1268.24	728.54	4.9236	5.2295
839772192107	1360.03	746.45	1269.41	726.36	4.9238	5.2326
839772200439	1356.47	736.90	1273.65	727.98	4.9088	5.2210
839772208773	1357.70	734.61	1271.37	728.12	4.8888	5.2127
839772217106	1358.72	744.75	1269.39	726.99	4.9182	5.2098
839772225439	1358.53	732.10	1272.75	724.81	4.8748	5.2138
839772233773	1363.71	734.39	1281.00	725.12	4.8909	5.2179
839772242106	1364.37	736.23	1282.22	730.01	4.8772	5.2003
839772250439	1360.47	740.30	1278.60	730.04	4.8759	5.2164
839772258772	1360.73	733.06	1273.91	731.30	4.8593	5.2084
839772267105	1361.07	736.82	1278.35	724.29	4.8665	5.2122
839772275438	1367.45	739.26	1280.41	727.55	4.8734	5.1920
839772283771	1361.29	740.10	1277.03	728.04	4.8620	5.1916
839772292105	1356.74	736.55	1278.09	725.99	4.8530	5.1920
839772300446	1362.48	735.77	1282.45	725.62	4.8492	5.1872
839772308779	1362.06	737.44	1280.03	728.94	4.8616	5.1842
839772317113	1361.32	739.63	1278.58	721.75	4.8477	5.1873
839772325446	1364.14	741.27	1280.26	728.85	4.8568	5.1793
839772333779	1362.04	736.60	1279.44	725.98	4.8501	5.1758
839772342112	1361.02	742.43	1276.94	729.56	4.8415	5.1874
839772350446	1365.34	736.96	1283.11	722.95	4.8499	5.1622
839772358778	1360.91	740.35	1278.01	725.90	4.8496	5.1804
839772367112	1362.13	730.92	1280.25	725.25	4.8249	5.1712
839772375445	1360.04	737.15	1279.33	718.90	4.8360	5.1492
839772383778	1361.21	741.89	1284.31	726.89	4.8317	5.1671
839772392111	1360.43	743.05	1279.26	721.91	4.8354	5.1597
839772400445	1363.09	742.44	1284.05	728.94	4.8275	5.1606
839772408778	1355.79	737.27	1279.88	722.64	4.8199	5.1469
839772417112	1360.97	742.77	1279.28	725.87	4.8110	5.1388
839772425445	1367.51	733.74	1281.26	719.40	4.8028	5.1411
839772433782	1359.69	735.22	1283.22	723.06	4.8013	5.1389
839772442115	1364.39	733.90	1279.27	728.55	4.8025	5.1461
839772450448	1364.31	742.51	1275.39	723.81	4.8064	5.1421
839772458781	1363.69	738.36	1284.47	718.71	4.7986	5.1398
839772467114	1360.10	742.51	1286.42	719.81	4.8106	5.1374
839772475448	1362.91	742.33	1278.23	722.39	4.8138	5.1370
839772483781	1362.54	740.43	1280.48	723.88	4.7972	5.1326
839772492115	1365.21	745.87	1279.52	721.79	4.8118	5.1375
839772500448	1362.04	734.86	1278.87	721.62	4.7896	5.1311
839772508781	1363.04	744.19	1274.28	720.03	4.7829	5.1318
839772517115	1367.15	746.16	1279.54	722.62	4.8149	5.1305
839772525448	1362.94	742.83	1283.79	720.49	4.7887	5.1031
839772533781	1367.06	744.41	1278.70	720.58	4.8001	5.1252
839772542115	1365.49	745.68	1280.13	719.79	4.8162	5.1190
839772550447	1364.88	742.89	1274.16	721.33	4.8032	5.1299
839772558785	1364.59	742.60	1274.69	718.62	4.8033	5.1271
839772567119	1364.69	740.24	1278.32	717.93	4.8064	5.1323
839772575452	1367.92	744.81	1276.92	721.03	4.8068	5.1279
839772583785	1363.11	742.61	1280.77	720.16	4.8122	5.1399
839772592118	1370.13	735.05	1279.14	712.63	4.8026	5.1200
839772600451	1370.01	744.73	1279.82	717.03	4.8118	5.1354
839772608784	1362.86	738.63	1282.04	723.40	4.8029	5.1259
839772617117	1362.92	738.13	1274.02	723.10	4.8060	5.1337
839772625451	1360.44	739.85	1274.36	716.75	4.8049	5.1382
839772633784	1366.04	742.15	1279.35	721.50	4.8210	5.1369
839772642118	1367.49	747.80	1272.62	722.59	4.8278	5.1403
839772650451	1369.32	745.87	1277.90	720.30	4.8237	5.1537
839772658784	1368.70	738.10	1274.54	713.21	4.8057	5.1382
839772667118	1370.45	736.80	1279.55	715.83	4.8144	5.1547
839772675450	1371.75	741.60	1277.50	710.75	4.8206	5.1511
839772683783	1369.08	743.18	1279.83	716.96	4.8351	5.1660
839772692124	1383.69	747.21	1286.63	717.91	4.8355	5.1556
839772700458	1376.05	747.62	1287.11	727.37	4.8277	5.1557
839772708791	1376.88	748.39	1280.26	726.73	4.8357	5.1787
839772717124	1375.38	737.31	1285.34	719.36	4.8331	5.1546
839772725458	1375.56	746.26	1285.68	723.51	4.8424	5.1794
839772733791	1376.27	742.48	1283.68	720.10	4.8446	5.1723
839772742125	1372.63	739.87	1282.73	721.21	4.8435	5.1895
839772750458	1376.04	742.68	1277.19	720.60	4.8482	5.1800
839772758791	1371.16	737.87	1279.08	721.53	4.8404	5.1884
839772767123	1375.09	739.25	1284.95	726.73	4.8604	5.1942
839772775457	1375.77	732.47	1287.26	719.35	4.8710	5.1784
839772783790	1379.92	744.08	1282.56	719.32	4.8736	5.2048
839772792124	1378.63	738.59	1287.80	719.69	4.8723	5.2070
839772800456	1378.31	738.23	1281.26	724.55	4.8770	5.2161
839772808790	1371.78	744.46	1281.66	721.09	4.8790	5.2060
839772817124	1379.40	739.67	1284.71	718.58	4.8863	5.2252
839772825459	1378.06	744.43	1286.62	722.23	4.8928	5.2163
839772833792	1376.07	742.95	1284.08	724.12	4.8977	5.2276
839772842124	1375.29	742.47	1284.23	723.24	4.9180	5.2361
839772850457	1365.14	715.66	1285.58	721.06	4.9041	5.2318
839772858791	1363.98	719.71	1280.50	722.21	4.9221	5.2299
839772867124	1366.21	720.51	1282.15	722.86	4.9102	5.2396
839772875458	1363.82	719.58	1276.83	725.75	4.9256	5.2347
839772883791	1366.41	722.36	1282.63	721.42	4.9249	5.2377
839772892124	1373.67	720.89	1279.81	724.44	4.9324	5.2449
839772900458	1366.97	724.25	1282.14	723.56	4.9351	5.2378
839772908792	1375.03	719.01	1275.85	722.17	4.9270	5.2478
839772917125	1374.57	719.42	1277.45	723.22	4.9502	5.2448
839772925457	1368.42	721.79	1277.45	724.44	4.9436	5.2550
839772933791	1361.53	724.29	1271.05	728.86	4.9518	5.2626
839772942124	1367.07	715.48	1276.77	726.03	4.9418	5.2615
839772950458	1365.72	714.16	1282.73	722.33	4.9493	5.2580
839772958795	1372.90	722.85	1275.16	722.58	4.9679	5.2571
839772967128	1365.11	720.60	1270.70	725.12	4.9878	5.2731
839772975461	1369.73	714.61	1277.13	726.55	4.9812	5.2669
839772983795	1362.15	711.99	1282.14	724.33	4.9615	5.2669
839772992128	1364.19	708.69	1280.01	724.28	4.9882	5.2649
839773000462	1365.83	712.71	1278.70	726.10	4.9850	5.2797
839773008794	1365.46	706.41	1282.44	726.98	4.9813	5.2828
839773017127	1365.98	704.89	1281.31	720.05	4.9921	5.2661
839773025461	1364.96	718.07	1278.68	715.98	5.0175	5.2805
839773033794	1365.50	710.34	1280.12	720.97	5.0173	5.2877
839773042127	1364.89	706.99	1279.02	723.98	5.0069	5.2915
839773050460	1359.09	711.97	1281.67	725.66	5.0194	5.2956
839773058793	1366.09	713.66	1280.43	723.83	5.0389	5.2824
839773067127	1366.70	714.89	1280.82	726.99	5.0390	5.3115
839773075461	1366.93	709.15	1275.79	723.67	5.0388	5.2843
839773083800	1360.53	711.54	1275.78	720.99	5.0410	5.2877
839773092132	1367.05	709.62	1280.23	724.24	5.0467	5.3121
839773100465	1369.53	699.72	1280.25	720.53	5.0408	5.2984
839773108799	1370.23	709.25	1280.10	725.40	5.0446	5.2990
839773117132	1367.54	709.54	1277.80	727.22	5.0471	5.3082
839773125466	1371.09	715.93	1278.18	731.00	5.0588	5.3124
839773133798	1369.72	715.91	1278.79	732.96	5.0786	5.3163
839773142132	1373.81	714.00	1279.00	728.92	5.0755	5.3063
839773150466	1371.65	710.34	1279.94	737.71	5.0845	5.3329
839773158799	1376.43	713.40	1277.93	729.39	5.0854	5.3310
839773167131	1373.94	712.34	1282.59	729.93	5.0984	5.3153
839773175464	1374.99	710.05	1279.18	729.93	5.0987	5.3275
839773183797	1370.95	709.19	1280.00	735.23	5.0966	5.3317
839773192131	1371.67	718.00	1280.43	733.62	5.0990	5.3383
839773200465	1368.90	720.14	1279.08	729.70	5.1128	5.3443
839773208798	1372.44	715.71	1275.56	735.48	5.1120	5.3365
839773217135	1371.25	718.17	1273.34	734.42	5.1129	5.3480
839773225468	1366.56	715.10	1278.01	734.53	5.1057	5.3467
839773233802	1382.68	714.94	1279.69	736.95	5.1130	5.3428
839773242127	1383.17	717.69	1289.97	736.86	5.1123	5.3471
839773250459	1378.26	713.41	1282.55	736.52	5.1199	5.3511
839773258792	1376.89	715.49	1285.95	730.88	5.1332	5.3455
839773267125	1377.52	713.76	1284.71	734.20	5.1271	5.3548
839773275459	1377.45	718.95	1283.14	735.84	5.1368	5.3544
839773283792	1377.79	707.66	1284.99	736.25	5.1219	5.3557
839773292126	1381.06	719.41	1286.10	734.31	5.1282	5.3649
839773300459	1376.06	716.00	1281.84	736.43	5.1178	5.3642
839773308792	1377.72	714.00	1283.91	732.98	5.1223	5.3614
839773317126	1380.50	725.76	1279.69	736.60	5.1442	5.3769
839773325459	1375.95	720.47	1282.44	733.96	5.1176	5.3740
839773333791	1376.53	715.79	1279.37	734.22	5.1266	5.3611
839773342127	1376.50	720.21	1283.06	737.10	5.1239	5.3650
839773350460	1371.66	725.42	1278.85	738.78	5.1412	5.3702
839773358794	1372.00	727.05	1280.41	732.59	5.1336	5.3850
839773367128	1369.02	727.24	1280.68	735.25	5.1278	5.3851
839773375461	1368.47	722.61	1281.23	728.15	5.1273	5.3732
839773383794	1367.13	724.52	1279.53	729.29	5.1244	5.3697
839773392127	1367.04	723.69	1278.54	732.26	5.1294	5.3797
839773400461	1367.70	721.32	1283.19	725.56	5.1320	5.3827
839773408793	1367.68	722.27	1282.38	729.09	5.1264	5.3700
839773417135	1374.82	718.00	1281.50	728.76	5.1212	5.3812
839773425468	1372.71	725.47	1277.82	729.84	5.1340	5.3780
839773433802	1376.00	718.38	1275.98	731.94	5.1332	5.3862
839773442126	1373.53	724.05	1281.69	728.82	5.1400	5.3944
839773450460	1378.93	720.48	1283.12	729.73	5.1482	5.3799
839773458793	1377.01	720.83	1283.56	730.68	5.1516	5.3788
839773467126	1374.91	719.95	1284.50	731.24	5.1476	5.3976
839773475466	1372.82	726.68	1277.37	728.44	5.1552	5.3954
839773483799	1372.49	723.45	1276.03	729.95	5.1439	5.3976
839773492131	1372.24	722.80	1283.18	729.06	5.1623	5.4002
839773500473	1374.71	715.59	1276.65	732.89	5.1391	5.4026
839773508798	1373.88	716.51	1277.61	727.76	5.1442	5.4125
839773517140	1380.59	716.53	1277.99	735.34	5.1533	5.4156
839773525473	1374.76	709.63	1278.19	730.36	5.1512	5.4213
839773533798	1376.90	719.44	1278.90	731.16	5.1530	5.4142
839773542140	1380.34	710.27	1279.37	729.61	5.1521	5.4170
839773550473	1381.41	710.88	1282.55	736.12	5.1429	5.4133
839773558807	1376.36	714.42	1281.62	729.02	5.1594	5.4250
839773567139	1376.37	721.23	1277.68	732.66	5.1743	5.4268
839773575472	1376.93	716.12	1276.67	730.51	5.1672	5.4265
839773583806	1379.57	710.20	1277.17	733.63	5.1483	5.4271
839773592138	1376.89	718.79	1279.55	729.94	5.1706	5.4323
839773600472	1379.59	716.08	1279.65	727.97	5.1712	5.4249
839773608812	1380.77	720.74	1277.58	726.88	5.1624	5.4476
839773617145	1373.55	722.41	1273.96	727.69	5.1646	5.4400
839773625478	1373.16	730.09	1276.17	731.67	5.1862	5.4441
839773633811	1377.35	717.27	1274.06	728.42	5.1633	5.4436
839773642145	1375.60	717.36	1273.92	731.58	5.1757	5.4574
839773650478	1376.24	719.27	1279.91	731.98	5.1897	5.4387
839773658811	1375.12	718.73	1275.99	738.53	5.1789	5.4384
839773667144	1373.40	708.01	1279.41	734.08	5.1941	5.4427
839773675477	1378.15	713.84	1278.21	737.63	5.1848	5.4423
839773683811	1380.73	715.95	1276.64	741.63	5.2109	5.4492
839773692144	1380.05	704.58	1276.93	739.01	5.1858	5.4598
839773700477	1372.59	710.38	1278.84	734.30	5.2004	5.4371
839773708811	1374.48	712.40	1275.53	733.71	5.1973	5.4592
839773717143	1373.55	715.92	1281.51	736.91	5.1928	5.4532
839773725477	1373.17	715.78	1275.81	734.41	5.2145	5.4517
839773733810	1374.68	712.26	1279.86	743.64	5.1987	5.4671
839773742147	1370.50	714.89	1273.65	734.30	5.1992	5.4676
839773750480	1380.11	720.26	1282.57	736.43	5.1970	5.4547
839773758813	1376.06	717.78	1280.87	735.91	5.2071	5.4649
839773767147	1368.12	715.67	1277.05	737.21	5.2195	5.4719
839773775480	1372.12	717.37	1276.94	741.28	5.2097	5.4581
839773783814	1370.03	713.48	1275.51	737.43	5.2207	5.4585
839773792147	1376.80	713.76	1278.65	735.57	5.2068	5.4666
839773800480	1369.42	721.10	1273.40	735.12	5.2115	5.4717
839773808814	1371.56	719.51	1272.26	738.09	5.2176	5.4678
839773817146	1370.58	718.92	1278.62	729.35	5.2275	5.4602
839773825479	1367.12	720.98	1271.72	733.26	5.2158	5.4759
839773833813	1369.32	721.48	1277.05	736.59	5.2149	5.4673
839773842145	1366.86	724.93	1274.13	732.67	5.2176	5.4646
839773850479	1364.86	726.45	1276.10	740.07	5.2085	5.4698
839773858813	1365.71	728.14	1275.76	734.77	5.2129	5.4613
839773867146	1371.22	735.68	1272.91	735.69	5.2316	5.4748
839773875484	1366.92	727.72	1274.87	734.05	5.2106	5.4618
839773883817	1369.33	732.09	1274.79	735.35	5.2164	5.4635
839773892151	1371.19	733.84	1277.83	741.11	5.2097	5.4613
839773900483	1368.90	739.60	1278.91	736.92	5.2194	5.4543
839773908816	1367.88	735.69	1278.21	731.27	5.2139	5.4591
839773917150	1367.88	730.84	1277.81	735.28	5.2154	5.4323
839773925483	1365.85	734.26	1273.88	733.92	5.2069	5.4531
839773933816	1368.93	727.63	1273.07	737.94	5.2173	5.4290
839773942150	1368.92	726.97	1272.94	739.68	5.2149	5.4315
839773950483	1367.52	720.35	1277.63	744.20	5.2200	5.4341
839773958816	1362.89	721.51	1274.20	741.54	5.2272	5.4134
839773967149	1364.76	717.73	1287.86	747.34	5.2081	5.4271
839773975483	1370.06	722.35	1288.64	742.83	5.2133	5.4059
839773983815	1376.63	724.10	1280.35	742.44	5.1851	5.4519
839773992149	1383.83	733.52	1281.76	746.35	5.1962	5.4247
839774000485	1370.68	735.82	1280.27	845.57	5.1821	5.2702
839774008818	1357.31	785.27	1285.96	1005.52	5.0945	4.9140
839774017152	1336.18	902.83	1424.50	1107.35	4.8185	4.1945
839774025485	1263.35	1009.94	NaN	NaN	4.4367	NaN
839774033810	1377.08	1102.19	1255.67	1303.74	3.9962	3.2163
839774042144	NaN	NaN	NaN	NaN	NaN	NaN
839774050476	1252.63	1164.40	NaN	NaN	4.1086	NaN
839774058809	1336.45	1086.27	1156.72	1272.20	4.3769	3.2914
839774067142	1344.26	1023.72	1310.83	1262.91	4.5250	3.5638
839774075476	1332.56	960.49	NaN	NaN	4.5545	NaN
839774083808	1352.65	967.54	1284.94	1261.64	4.6920	3.7382
839774092142	1365.31	959.31	1236.15	1237.24	4.7525	3.8914
839774100475	1373.55	910.17	1304.20	1205.52	4.8201	4.0644
839774108808	1356.15	889.60	1308.57	1178.88	4.8633	4.0658
839774117143	1352.27	879.98	1110.91	1166.40	4.9211	4.2889
839774125477	1357.25	852.88	1109.08	1165.29	4.9917	4.2753
839774133815	1365.00	852.93	1194.64	1156.58	4.9925	4.3181
839774142148	1367.80	823.60	1211.31	1136.90	5.0351	4.3698
839774150481	1367.04	817.41	1380.17	1083.51	5.0768	4.3748
839774158815	1377.14	804.29	1476.84	1066.12	5.1041	4.4847
839774167148	1378.61	802.96	1365.84	1054.37	5.1044	4.6762
839774175481	1366.37	802.69	1322.91	1085.19	5.1108	4.6620
839774183815	1372.87	799.75	1480.44	1078.96	5.0927	4.4742
839774192148	1366.27	806.10	1274.71	1094.03	5.0703	4.5289
839774200481	1360.92	838.51	NaN	NaN	5.0216	NaN
839774208815	1358.96	866.59	NaN	NaN	4.9271	NaN
839774217148	1361.67	927.43	1319.64	1292.34	4.7586	3.5910
839774225480	1356.54	996.88	1239.45	1394.06	4.4952	3.2586
839774233814	NaN	NaN	NaN	NaN	NaN	NaN
839774242148	NaN	NaN	1348.57	1521.19	NaN	2.0763
839774250480	NaN	NaN	NaN	NaN	NaN	NaN
839774258815	1293.97	1529.15	NaN	NaN	2.1139	NaN
839774267149	NaN	NaN	NaN	NaN	NaN	NaN
839774275483	NaN	NaN	NaN	NaN	NaN	NaN
839774283817	NaN	NaN	NaN	NaN	NaN	NaN
839774292150	NaN	NaN	NaN	NaN	NaN	NaN
839774300482	NaN	NaN	NaN	NaN	NaN	NaN
839774308816	1194.92	1729.55	NaN	NaN	1.6543	NaN
839774317149	1242.51	1644.13	NaN	NaN	1.7565	NaN
839774325482	1659.19	1573.57	NaN	NaN	1.9513	NaN
839774333815	NaN	NaN	NaN	NaN	NaN	NaN
839774342150	NaN	NaN	NaN	NaN	NaN	NaN
839774350482	NaN	NaN	NaN	NaN	NaN	NaN
839774358816	NaN	NaN	NaN	NaN	NaN	NaN
839774367149	NaN	NaN	NaN	NaN	NaN	NaN
839774375482	NaN	NaN	NaN	NaN	NaN	NaN
839774383814	NaN	NaN	NaN	NaN	NaN	NaN
839774392148	NaN	NaN	NaN	NaN	NaN	NaN
839774400487	NaN	NaN	NaN	NaN	NaN	NaN
839774408820	NaN	NaN	NaN	NaN	NaN	NaN
839774417153	NaN	NaN	NaN	NaN	NaN	NaN
839774425487	NaN	NaN	NaN	NaN	NaN	NaN
839774433820	NaN	NaN	NaN	NaN	NaN	NaN
839774442154	NaN	NaN	NaN	NaN	NaN	NaN
839774450487	NaN	NaN	NaN	NaN	NaN	NaN
839774458821	NaN	NaN	NaN	NaN	NaN	NaN
839774467152	NaN	NaN	NaN	NaN	NaN	NaN
839774475486	NaN	NaN	NaN	NaN	NaN	NaN
839774483819	NaN	NaN	NaN	NaN	NaN	NaN
839774492152	NaN	NaN	NaN	NaN	NaN	NaN
839774500486	NaN	NaN	NaN	NaN	NaN	NaN
839774508820	NaN	NaN	NaN	NaN	NaN	NaN
839774517152	NaN	NaN	NaN	NaN	NaN	NaN
839774525489	NaN	NaN	NaN	NaN	NaN	NaN
839774533822	NaN	NaN	NaN	NaN	NaN	NaN
839774542156	NaN	NaN	NaN	NaN	NaN	NaN
839774550488	NaN	NaN	NaN	NaN	NaN	NaN
839774558821	NaN	NaN	NaN	NaN	NaN	NaN
839774567154	NaN	NaN	NaN	NaN	NaN	NaN
839774575488	NaN	NaN	NaN	NaN	NaN	NaN
839774583821	NaN	NaN	NaN	NaN	NaN	NaN
839774592155	NaN	NaN	NaN	NaN	NaN	NaN
839774600488	NaN	NaN	NaN	NaN	NaN	NaN
839774608821	NaN	NaN	NaN	NaN	NaN	NaN
839774617155	NaN	NaN	NaN	NaN	NaN	NaN
839774625487	NaN	NaN	NaN	NaN	NaN	NaN
839774633820	NaN	NaN	NaN	NaN	NaN	NaN
839774642153	NaN	NaN	NaN	NaN	NaN	NaN
839774650487	NaN	NaN	NaN	NaN	NaN	NaN
839774658826	NaN	NaN	NaN	NaN	NaN	NaN
839774667159	NaN	NaN	NaN	NaN	NaN	NaN
839774675493	NaN	NaN	NaN	NaN	NaN	NaN
839774683826	NaN	NaN	NaN	NaN	NaN	NaN
839774692160	NaN	NaN	NaN	NaN	NaN	NaN
839774700493	NaN	NaN	NaN	NaN	NaN	NaN
839774708825	NaN	NaN	NaN	NaN	NaN	NaN
839774717158	NaN	NaN	NaN	NaN	NaN	NaN
839774725492	NaN	NaN	NaN	NaN	NaN	NaN
839774733825	NaN	NaN	NaN	NaN	NaN	NaN
839774742158	NaN	NaN	NaN	NaN	NaN	NaN
839774750492	NaN	NaN	NaN	NaN	NaN	NaN
839774758825	NaN	NaN	NaN	NaN	NaN	NaN
839774767159	NaN	NaN	NaN	NaN	NaN	NaN
839774775492	NaN	NaN	NaN	NaN	NaN	NaN
839774783825	NaN	NaN	NaN	NaN	NaN	NaN
839774792161	NaN	NaN	NaN	NaN	NaN	NaN
839774800495	NaN	NaN	NaN	NaN	NaN	NaN
839774808828	NaN	NaN	NaN	NaN	NaN	NaN
839774817161	NaN	NaN	NaN	NaN	NaN	NaN
839774825494	NaN	NaN	NaN	NaN	NaN	NaN
839774833828	NaN	NaN	NaN	NaN	NaN	NaN
839774842162	NaN	NaN	NaN	NaN	NaN	NaN
839774850450	NaN	NaN	NaN	NaN	NaN	NaN
839774858738	NaN	NaN	NaN	NaN	NaN	NaN
839774867025	NaN	NaN	NaN	NaN	NaN	NaN
839774875358	NaN	NaN	NaN	NaN	NaN	NaN
839774883692	NaN	NaN	NaN	NaN	NaN	NaN
839774892025	NaN	NaN	NaN	NaN	NaN	NaN
839774900358	NaN	NaN	NaN	NaN	NaN	NaN
839774908692	NaN	NaN	NaN	NaN	NaN	NaN
839774917073	NaN	NaN	NaN	NaN	NaN	NaN
839774925454	NaN	NaN	NaN	NaN	NaN	NaN
839774933837	NaN	NaN	NaN	NaN	NaN	NaN
839774942171	NaN	NaN	NaN	NaN	NaN	NaN
839774950503	NaN	NaN	NaN	NaN	NaN	NaN
839774958837	NaN	NaN	NaN	NaN	NaN	NaN
839774967170	NaN	NaN	NaN	NaN	NaN	NaN
839774975503	NaN	NaN	NaN	NaN	NaN	NaN
839774983837	NaN	NaN	NaN	NaN	NaN	NaN
839774992170	NaN	NaN	NaN	NaN	NaN	NaN
839775000503	NaN	NaN	NaN	NaN	NaN	NaN
839775008836	NaN	NaN	NaN	NaN	NaN	NaN
839775017170	NaN	NaN	NaN	NaN	NaN	NaN
839775025503	NaN	NaN	NaN	NaN	NaN	NaN
839775033836	NaN	NaN	NaN	NaN	NaN	NaN
839775042169	NaN	NaN	NaN	NaN	NaN	NaN
839775050508	NaN	NaN	NaN	NaN	NaN	NaN
839775058842	NaN	NaN	NaN	NaN	NaN	NaN
839775067175	NaN	NaN	NaN	NaN	NaN	NaN
839775075508	NaN	NaN	NaN	NaN	NaN	NaN
839775083841	NaN	NaN	NaN	NaN	NaN	NaN
839775092175	NaN	NaN	NaN	NaN	NaN	NaN
839775100508	NaN	NaN	NaN	NaN	NaN	NaN
839775108842	NaN	NaN	NaN	NaN	NaN	NaN
839775117174	NaN	NaN	NaN	NaN	NaN	NaN
839775125507	NaN	NaN	NaN	NaN	NaN	NaN
839775133840	NaN	NaN	NaN	NaN	NaN	NaN
839775142174	NaN	NaN	NaN	NaN	NaN	NaN
839775150507	NaN	NaN	NaN	NaN	NaN	NaN
839775158840	NaN	NaN	NaN	NaN	NaN	NaN
839775167174	NaN	NaN	NaN	NaN	NaN	NaN
839775175507	NaN	NaN	NaN	NaN	NaN	NaN
839775183847	NaN	NaN	NaN	NaN	NaN	NaN
839775192179	NaN	NaN	NaN	NaN	NaN	NaN
839775200512	NaN	NaN	NaN	NaN	NaN	NaN
839775208845	NaN	NaN	NaN	NaN	NaN	NaN
839775217178	NaN	NaN	NaN	NaN	NaN	NaN
839775225512	NaN	NaN	NaN	NaN	NaN	NaN
839775233846	NaN	NaN	NaN	NaN	NaN	NaN
839775242179	NaN	NaN	NaN	NaN	NaN	NaN
839775250512	NaN	NaN	NaN	NaN	NaN	NaN
839775258846	NaN	NaN	NaN	NaN	NaN	NaN
839775267179	NaN	NaN	NaN	NaN	NaN	NaN
839775275511	NaN	NaN	NaN	NaN	NaN	NaN
839775283844	NaN	NaN	NaN	NaN	NaN	NaN
839775292177	NaN	NaN	NaN	NaN	NaN	NaN
839775300511	NaN	NaN	NaN	NaN	NaN	NaN
839775308844	NaN	NaN	1193.71	1450.55	NaN	2.5795
839775317181	NaN	NaN	1170.77	1525.00	NaN	2.2084
839775325516	NaN	NaN	1385.90	1236.45	NaN	3.5006
839775333841	1485.89	1150.16	NaN	NaN	3.6239	NaN
839775342183	1491.89	1039.71	1133.45	1061.60	3.9342	4.4992
839775350516	1265.20	992.50	1312.80	908.60	4.6835	5.0790
839775358848	1247.56	919.42	1304.46	836.58	4.8378	5.2501
839775367181	1281.37	850.68	1291.26	796.46	5.0727	5.3689
839775375515	1292.53	791.57	1282.65	757.53	5.1599	5.4465
839775383848	1294.29	754.86	1277.03	741.35	5.2283	5.4970
839775392182	1298.33	730.89	1270.87	716.69	5.2714	5.5326
839775400515	1306.15	709.94	1269.26	702.16	5.2940	5.5676
839775408840	1304.99	711.82	1267.56	698.89	5.3201	5.5819
839775417173	1313.04	719.99	1271.76	715.47	5.2881	5.5343
839775425507	1313.28	733.88	1273.76	739.36	5.2516	5.4852
839775433840	1313.37	746.37	1267.00	737.54	5.2487	5.4895
839775442184	1317.31	747.04	1268.81	740.26	5.2552	5.4868
839775450517	1314.28	745.11	1266.05	736.21	5.2344	5.4817
839775458850	1321.04	749.32	1263.55	735.30	5.2530	5.4742
839775467184	1319.64	747.24	1265.90	737.05	5.2472	5.4812
839775475517	1326.33	755.26	1265.65	735.37	5.2641	5.4873
839775483850	1322.09	748.13	1268.21	738.46	5.2484	5.4876
839775492184	1326.11	755.82	1268.44	729.78	5.2668	5.4834
839775500517	1331.27	749.01	1268.87	722.81	5.2590	5.4688
839775508850	1334.49	748.41	1271.26	723.86	5.2497	5.4758
839775517183	1335.00	741.57	1273.67	722.82	5.2455	5.4709
839775525516	1336.62	739.24	1265.57	727.98	5.2664	5.4836
839775533849	1337.88	737.67	1260.00	727.05	5.2468	5.4748
839775542183	1334.40	738.87	1260.50	723.73	5.2380	5.4728
839775550508	1332.83	740.25	1261.56	722.77	5.2214	5.4706
839775558841	1336.71	745.70	1258.77	714.70	5.2363	5.4538
839775567174	1339.42	744.78	1262.10	725.58	5.2333	5.4694
839775575514	1342.42	750.27	1259.92	724.65	5.2460	5.4651
839775583855	1341.26	747.67	1253.34	720.04	5.2281	5.4541
839775592189	1341.48	752.50	1258.24	725.61	5.2314	5.4493
839775600521	1346.83	752.84	1256.29	724.64	5.2402	5.4560
839775608854	1348.78	758.99	1257.97	730.99	5.2427	5.4520
839775617188	1349.11	754.08	1253.92	727.42	5.2254	5.4433
839775625521	1351.21	748.40	1260.58	727.65	5.2208	5.4441
839775633854	1347.75	754.37	1260.83	727.36	5.2310	5.4447
839775642188	1346.69	752.95	1262.55	726.35	5.2178	5.4222
839775650521	1353.03	745.73	1267.42	721.88	5.2103	5.4143
839775658854	1369.30	728.61	1289.13	705.59	5.2218	5.4244
839775667188	1370.61	719.49	1293.00	701.23	5.2170	5.3887
839775675513	1362.04	720.76	1282.15	700.54	5.2025	5.3822
839775683845	1360.68	728.54	1285.37	703.95	5.2003	5.3724
839775692178	1364.77	729.12	1281.30	705.97	5.1987	5.3810
839775700512	1364.92	727.57	1282.93	705.98	5.1822	5.3670
839775708851	1365.23	730.83	1283.22	702.39	5.1605	5.3790
839775717184	1362.68	734.79	1281.27	701.49	5.1532	5.3610
839775725518	1360.35	740.26	1281.35	700.86	5.1637	5.3371
839775733851	1362.00	739.33	1282.64	705.82	5.1521	5.3363
839775742184	1366.13	737.69	1283.24	699.98	5.1417	5.3320
839775750517	1364.82	737.59	1277.78	697.71	5.1366	5.3067
839775758850	1368.19	735.30	1280.54	701.20	5.1135	5.2980
839775767183	1362.35	737.11	1282.53	697.02	5.1034	5.2691
839775775516	1371.51	738.25	1280.79	697.45	5.0953	5.2801
839775783850	1365.87	741.01	1277.65	691.63	5.0943	5.2523
839775792183	1366.58	732.16	1279.91	694.10	5.0693	5.2448
839775800516	1366.04	733.27	1280.29	693.91	5.0501	5.2501
839775808858	1366.64	734.06	1280.22	698.75	5.0360	5.2453
839775817183	1364.22	741.33	1280.19	700.15	5.0260	5.2348
839775825516	1365.56	736.37	1276.74	698.50	5.0083	5.2195
839775833850	1359.71	737.86	1279.09	693.81	4.9867	5.2008
839775842186	1363.58	737.50	1281.64	699.57	4.9738	5.1906
839775850519	1357.91	738.16	1283.59	697.49	4.9419	5.1832
839775858853	1360.77	742.07	1279.19	702.39	4.9429	5.1708
839775867186	1359.34	745.35	1281.29	705.23	4.9396	5.1582
839775875528	1355.99	739.40	1283.90	701.37	4.9115	5.1435
839775883853	1355.08	740.07	1285.15	703.72	4.8999	5.1380
839775892186	1354.17	748.61	1279.82	705.61	4.8866	5.1263
839775900519	1359.52	748.93	1284.16	703.94	4.8890	5.1091
839775908861	1356.56	746.39	1285.94	705.55	4.8622	5.1031
839775917195	1347.72	741.32	1282.19	702.67	4.8491	5.0830
839775925527	1349.73	739.49	1279.58	703.15	4.8306	5.0691
839775933852	1346.43	746.38	1281.59	700.88	4.8188	5.0599
839775942185	1357.61	743.34	1285.13	703.71	4.8138	5.0480
839775950527	1354.88	748.25	1282.83	709.05	4.8177	5.0581
839775958852	1354.72	739.79	1283.11	705.54	4.7802	5.0399
839775967198	1351.52	738.43	1284.89	697.95	4.7607	5.0060
839775975522	1356.03	757.34	1285.47	702.29	4.7940	5.0050
839775983855	1356.11	760.48	1281.74	703.76	4.7761	5.0054
839775992189	1347.86	750.59	1283.83	706.14	4.7481	4.9920
839776000531	1351.95	762.46	1285.54	699.86	4.7568	4.9592
839776008863	1349.34	750.64	1279.65	714.48	4.7257	4.9736
839776017197	1350.78	751.23	1283.64	704.58	4.7321	4.9542
839776025530	1352.42	750.74	1282.81	709.05	4.7201	4.9699
839776033855	1359.11	752.57	1284.25	713.29	4.7186	4.9664
839776042196	1354.52	761.86	1280.04	713.74	4.7261	4.9433
839776050529	1349.51	757.46	1286.96	722.75	4.7233	4.9536
839776058863	1346.28	749.58	1283.41	720.85	4.7103	4.9407
839776067196	1346.20	755.05	1283.18	716.80	4.7069	4.9327
839776075521	1349.92	751.06	1279.42	708.41	4.6947	4.9131
839776083862	1345.77	750.97	1278.94	709.84	4.6746	4.9118
839776092195	1350.35	736.96	1277.83	707.84	4.6759	4.9074
839776100535	1348.83	746.67	1283.01	713.59	4.6670	4.9069
839776108868	1345.51	744.87	1276.89	710.01	4.6674	4.9038
839776117201	1343.76	739.89	1279.35	712.46	4.6547	4.9006
839776125526	1346.00	753.05	1276.33	719.86	4.6866	4.8933
839776133868	1347.48	745.02	1278.15	707.19	4.6685	4.8709
839776142201	1347.12	750.18	1278.51	713.47	4.6600	4.8774
839776150534	1346.30	739.97	1281.23	714.72	4.6378	4.8970
839776158868	1343.05	751.43	1277.21	715.96	4.6550	4.8902
839776167200	1348.70	741.24	1276.44	712.88	4.6316	4.8764
839776175533	1345.54	741.91	1277.24	713.78	4.6257	4.8730
839776183867	1350.37	739.70	1274.11	717.68	4.6209	4.8840
839776192200	1355.57	759.93	1280.59	723.02	4.6583	4.8972
839776200534	1352.62	742.19	1282.21	710.91	4.6267	4.8779
839776208867	1350.90	740.61	1278.15	722.60	4.6426	4.8978
839776217200	1353.19	741.24	1275.90	715.77	4.6351	4.8842
839776225533	1343.74	741.51	1274.87	713.41	4.6318	4.8814
839776233871	1342.56	730.87	1269.61	712.04	4.6128	4.8905
839776242204	1339.39	734.73	1272.39	712.35	4.6112	4.8828
839776250536	1334.03	742.46	1267.18	712.54	4.6137	4.8937
839776258870	1335.74	738.62	1272.81	713.13	4.6204	4.8669
839776267203	1341.53	727.27	1271.21	717.32	4.5722	4.8813
839776275537	1341.15	731.73	1273.74	723.27	4.6058	4.8950
839776283870	1339.02	736.96	1271.21	715.74	4.6172	4.8625
839776292203	1338.92	741.97	1273.74	720.49	4.6220	4.8657
839776300536	1340.15	731.80	1271.18	713.77	4.5874	4.8666
839776308869	1336.45	732.08	1268.56	718.12	4.6027	4.8740
839776317203	1344.12	731.41	1271.90	722.81	4.6042	4.8842
839776325535	1340.88	735.61	1272.30	720.08	4.6067	4.8733
839776333868	1336.71	738.86	1269.97	716.17	4.5966	4.8611
839776342202	1341.53	752.01	1269.98	716.85	4.6212	4.8543
839776350535	1343.34	741.42	1271.93	722.91	4.6092	4.8650
839776358872	1340.76	736.94	1272.44	720.83	4.5985	4.8695
839776367205	1346.20	733.65	1270.41	717.68	4.5827	4.8628
839776375538	1342.42	735.61	1266.03	714.46	4.5825	4.8535
839776383871	1336.02	740.53	1272.74	723.23	4.5869	4.8589
839776392205	1346.48	732.31	1272.66	720.87	4.5909	4.8741
839776400538	1347.22	740.74	1273.52	716.94	4.6061	4.8509
839776408870	1341.68	741.06	1276.18	718.23	4.5959	4.8626
839776417204	1342.93	744.72	1271.42	721.47	4.6133	4.8626
839776425537	1346.30	747.95	1271.00	719.74	4.6058	4.8589
839776433870	1342.76	742.49	1273.83	717.59	4.5890	4.8528
839776442204	1348.71	741.41	1272.18	725.06	4.6049	4.8760
839776450538	1343.42	736.19	1272.25	720.60	4.5907	4.8761
839776458871	1350.76	746.13	1274.43	721.24	4.6092	4.8652
839776467204	1346.90	741.42	1269.91	723.27	4.5877	4.8685
839776475537	1340.22	746.34	1271.58	724.32	4.6033	4.8792
839776483870	1344.87	737.44	1272.55	721.88	4.6065	4.8789
839776492211	1342.76	752.80	1269.79	726.21	4.6301	4.8888
839776500545	1338.72	730.78	1268.49	724.14	4.5908	4.8835
839776508877	1337.14	747.93	1273.32	722.70	4.6281	4.8816
839776517211	1339.22	748.03	1269.67	726.63	4.6250	4.8981
839776525544	1343.70	745.01	1268.92	719.19	4.6256	4.8959
839776533878	1338.79	743.63	1269.35	721.54	4.6248	4.8908
839776542211	1342.00	754.33	1269.41	717.87	4.6436	4.9066
839776550544	1340.47	742.71	1271.43	714.88	4.6295	4.9180
839776558877	1343.26	744.39	1270.74	724.48	4.6228	4.9332
839776567211	1337.98	747.14	1277.30	723.72	4.6386	4.9289
839776575543	1339.97	749.54	1273.04	724.24	4.6477	4.9361
839776583876	1339.85	746.71	1268.43	723.20	4.6237	4.9299
839776592210	1338.01	746.28	1272.73	719.34	4.6399	4.9250
839776600543	1339.22	744.46	1268.88	725.96	4.6424	4.9527
839776608877	1339.97	749.03	1268.51	724.23	4.6584	4.9573
839776617210	1344.53	748.46	1264.95	720.84	4.6736	4.9506
839776625546	1340.37	730.90	1266.09	716.56	4.6310	4.9548
839776633880	1338.22	737.70	1273.00	714.65	4.6478	4.9651
839776642213	1337.18	736.51	1273.02	714.58	4.6591	4.9661
839776650545	1339.78	744.21	1269.33	717.16	4.6804	4.9625
839776658878	1338.89	743.71	1267.56	716.87	4.6691	4.9689
839776667211	1332.13	744.88	1272.65	713.93	4.6984	4.9746
839776675545	1335.27	748.65	1262.18	717.88	4.6958	5.0042
839776683870	1336.42	745.23	1267.51	717.60	4.6943	4.9801
839776692212	1335.33	749.50	1269.13	710.05	4.7068	4.9810
839776700545	1335.62	746.78	1268.83	718.95	4.7071	5.0106
839776708878	1335.10	759.19	1270.65	722.54	4.7425	5.0199
839776717212	1338.41	750.54	1269.12	715.85	4.7260	5.0223
839776725545	1334.35	749.09	1270.76	718.40	4.7093	5.0339
839776733869	1334.37	749.93	1270.00	718.16	4.7106	5.0328
839776742211	1333.71	754.08	1265.43	715.42	4.7459	5.0446
839776750535	1336.11	752.03	1267.97	719.49	4.7413	5.0368
839776758883	1330.80	747.24	1264.76	715.98	4.7288	5.0338
839776767216	1336.61	759.55	1272.56	714.57	4.7678	5.0411
839776775549	1331.38	745.48	1269.70	713.59	4.7437	5.0481
839776783883	1333.76	747.78	1271.40	711.56	4.7552	5.0587
839776792216	1337.64	753.85	1270.50	704.96	4.7758	5.0603
839776800541	1337.66	748.51	1276.41	714.55	4.7603	5.0772
839776808874	1333.61	746.00	1274.06	703.86	4.7726	5.0736
839776817206	1334.98	739.38	1279.11	714.36	4.7775	5.1096
839776825539	1333.80	743.02	1276.83	711.89	4.7858	5.1074
839776833881	1339.81	748.64	1276.35	710.79	4.7945	5.1185
839776842206	1335.44	748.98	1276.46	709.83	4.8042	5.1136
839776850539	1336.55	745.00	1275.01	709.17	4.8182	5.1127
839776858873	1332.57	749.47	1278.36	716.65	4.8307	5.1462
839776867206	1335.27	740.15	1274.46	712.53	4.8234	5.1433
839776875539	1332.54	736.90	1274.74	710.26	4.8163	5.1369
839776883877	1336.84	728.73	1271.37	709.88	4.8238	5.1530
839776892210	1334.48	740.62	1265.59	712.25	4.8406	5.1452
839776900542	1335.40	738.44	1263.55	709.45	4.8515	5.1782
839776908876	1337.75	737.00	1264.65	710.39	4.8621	5.1690
839776917209	1338.25	739.02	1266.92	714.17	4.8650	5.1783
839776925543	1337.73	737.62	1262.59	708.11	4.8779	5.1651
839776933876	1335.92	734.65	1262.80	709.86	4.8658	5.1893
839776942209	1338.37	749.29	1263.57	709.82	4.9019	5.2026
839776950542	1341.45	738.97	1266.82	703.27	4.8887	5.1849
839776958875	1339.44	730.76	1264.42	710.68	4.8964	5.2018
839776967209	1336.48	748.46	1262.82	711.86	4.9367	5.2208
839776975541	1339.18	739.25	1258.35	711.61	4.9232	5.2155
839776983875	1339.34	739.63	1262.55	709.82	4.9304	5.2253
839776992208	1338.11	731.43	1260.86	708.21	4.9373	5.2252
839777000541	1337.67	733.31	1265.89	718.06	4.9373	5.2466
839777008875	1337.57	732.86	1261.25	710.07	4.9425	5.2546
839777017221	1340.85	742.85	1263.97	714.66	4.9643	5.2639
839777025547	1336.91	732.02	1263.64	708.34	4.9426	5.2696
839777033880	1342.85	740.94	1266.24	707.96	4.9632	5.2627
839777042213	1338.03	727.05	1264.65	711.16	4.9497	5.2764
839777050547	1339.96	741.41	1268.31	705.42	4.9775	5.2687
839777058879	1334.75	732.01	1268.93	709.02	4.9688	5.2778
839777067212	1337.77	734.66	1269.21	707.94	4.9735	5.2896
839777075545	1340.10	742.28	1271.87	711.21	5.0058	5.3084
839777083878	1340.46	731.32	1266.47	707.11	4.9781	5.2913
839777092212	1338.94	726.27	1270.13	709.08	4.9793	5.2940
839777100545	1343.38	746.13	1272.06	700.82	5.0340	5.2905
839777108879	1340.52	732.80	1271.45	707.36	5.0170	5.2974
839777117212	1338.08	729.77	1272.11	703.13	4.9951	5.3183
839777125545	1341.25	727.43	1268.34	702.03	5.0024	5.3106
839777133879	1347.09	740.57	1268.72	705.55	5.0403	5.3170
839777142211	1343.45	731.21	1266.75	706.84	5.0167	5.3073
839777150549	1340.35	739.40	1267.54	704.08	5.0275	5.3207
839777158882	1344.75	739.75	1268.83	705.33	5.0434	5.3120
839777167216	1341.24	748.28	1267.19	706.27	5.0563	5.3305
839777175550	1344.33	737.49	1268.42	701.55	5.0368	5.3246
839777183891	1343.67	742.89	1267.06	703.79	5.0574	5.3456
839777192225	1339.85	743.13	1261.32	702.12	5.0509	5.3215
839777200549	1341.63	743.00	1268.82	704.14	5.0629	5.3398
839777208891	1340.74	738.77	1263.22	702.88	5.0484	5.3305
839777217224	1338.52	733.86	1268.41	702.32	5.0602	5.3489
839777225548	1337.00	740.69	1271.66	700.58	5.0734	5.3558
839777233890	1340.25	735.32	1266.19	701.78	5.0767	5.3499
839777242215	1344.97	727.09	1269.07	706.97	5.0637	5.3634
839777250556	1340.04	726.81	1268.97	699.45	5.0619	5.3509
839777258890	1339.44	734.09	1268.91	703.49	5.0829	5.3687
839777267215	1338.46	738.04	1264.86	706.24	5.0916	5.3792
839777275549	1340.52	731.85	1264.35	698.49	5.0785	5.3571
839777283886	1343.17	732.59	1269.27	703.10	5.0999	5.3704
839777292220	1343.98	732.46	1264.09	701.84	5.0962	5.3766
839777300553	1342.77	733.65	1259.30	702.64	5.1009	5.3796
839777308885	1343.99	732.91	1264.57	705.83	5.0989	5.3738
839777317219	1340.80	736.80	1264.90	705.11	5.1116	5.3794
839777325560	1343.78	731.30	1264.76	708.81	5.1115	5.3893
839777333894	1337.55	730.61	1269.29	705.01	5.1106	5.3997
839777342228	1340.63	731.16	1263.47	711.27	5.1196	5.4032
839777350561	1342.67	735.10	1262.57	713.37	5.1373	5.4151
839777358894	1341.72	740.04	1263.37	712.52	5.1403	5.4054
839777367227	1342.72	742.31	1264.47	713.12	5.1489	5.4164
839777375560	1338.61	736.32	1262.92	707.85	5.1462	5.4262
839777383893	1344.23	737.45	1266.76	713.05	5.1546	5.4311
839777392226	1338.59	733.62	1264.97	715.12	5.1494	5.4467
839777400559	1333.88	739.41	1262.24	708.21	5.1624	5.4273
839777408899	1330.00	739.87	1258.11	704.95	5.1717	5.4290
839777417232	1332.42	741.51	1259.31	706.75	5.1654	5.4516
839777425566	1333.24	734.28	1265.51	704.64	5.1891	5.4677
839777433899	1341.53	730.15	1266.72	700.38	5.1779	5.4487
839777442233	1333.79	731.64	1264.27	695.04	5.1828	5.4512
839777450557	1340.97	732.51	1270.49	695.28	5.1929	5.4511
839777458890	1340.39	728.58	1264.48	691.30	5.1986	5.4510
839777467223	1334.98	727.71	1260.95	694.24	5.1734	5.4526
839777475556	1334.40	728.59	1270.30	697.90	5.1914	5.4547
839777483889	1328.46	727.60	1269.11	697.34	5.1714	5.4628
839777492223	1330.48	734.86	1263.63	699.67	5.1879	5.4768
839777500556	1332.47	742.60	1262.49	704.14	5.2015	5.4763
839777508890	1329.79	734.84	1262.39	707.83	5.1774	5.4920
839777517223	1337.33	734.35	1261.58	708.52	5.2000	5.4852
839777525565	1328.57	739.78	1261.24	705.21	5.2053	5.4799
839777533898	1335.10	742.20	1259.35	704.48	5.2157	5.4835
839777542231	1331.46	735.51	1262.93	703.68	5.1941	5.4948
839777550565	1334.42	741.05	1264.10	694.19	5.2307	5.4927
839777558898	1336.15	736.66	1266.01	703.28	5.2348	5.5023
839777567231	1337.04	731.01	1260.29	702.44	5.2267	5.5024
839777575564	1346.50	724.89	1261.62	699.69	5.2434	5.4904
839777583889	1344.28	731.81	1260.89	708.50	5.2544	5.4931
839777592223	1342.01	727.70	1260.46	709.12	5.2240	5.4834
839777600564	1342.51	724.68	1262.85	710.38	5.2054	5.4772
839777608898	1338.91	728.14	1260.47	707.74	5.2027	5.4611
839777617231	1337.62	729.41	1261.70	713.12	5.1877	5.4580
839777625563	1334.87	732.92	1261.61	706.26	5.1856	5.4284
839777633897	1338.10	730.41	1263.96	707.39	5.1675	5.4207
839777642230	1336.23	730.98	1267.52	709.96	5.1441	5.3805
839777650563	1335.73	731.05	1260.34	708.35	5.1303	5.3691
839777658897	1331.98	735.26	1266.07	692.44	5.1029	5.3297
839777667230	1339.54	738.71	1265.09	697.06	5.0916	5.3363
839777675571	1337.93	742.73	1262.09	692.38	5.0532	5.2852
839777683904	1338.08	745.31	1260.74	696.80	5.0548	5.2779
839777692228	1338.07	745.69	1272.24	693.66	5.0306	5.2446
839777700562	1339.02	737.77	1271.69	697.51	4.9855	5.2067
839777708903	1332.57	731.56	1266.26	704.75	4.9602	5.1876
839777717236	1339.92	739.93	1261.61	704.13	4.9290	5.1507
839777725569	1350.73	742.02	1255.88	719.45	4.9137	5.1095
839777733903	1349.01	747.70	1245.82	720.73	4.9043	5.0997
839777742236	1289.05	1152.50	1060.64	1108.94	3.4633	3.7093
839777750561	NaN	NaN	NaN	NaN	NaN	NaN
839777758903	NaN	NaN	NaN	NaN	NaN	NaN
839777767236	NaN	NaN	NaN	NaN	NaN	NaN
839777775569	NaN	NaN	NaN	NaN	NaN	NaN
839777783903	NaN	NaN	NaN	NaN	NaN	NaN
839777792235	NaN	NaN	NaN	NaN	NaN	NaN
839777800568	NaN	NaN	NaN	NaN	NaN	NaN
839777808907	1311.15	1567.32	1588.34	1454.83	1.7406	2.3234
839777817240	1453.99	1425.36	NaN	NaN	2.5502	NaN
839777825574	NaN	NaN	NaN	NaN	NaN	NaN
839777833907	1356.07	1083.06	1353.16	958.09	4.1881	4.6105
839777842240	1399.40	943.57	1343.05	864.24	4.5366	4.8694
839777850573	1393.08	841.23	1330.89	818.32	4.6774	4.9813
839777858907	1395.64	809.22	1333.30	831.00	4.7369	4.9243
839777867239	1391.76	837.86	1335.29	833.64	4.6867	4.9127
839777875573	1398.11	836.03	1335.83	829.12	4.6837	4.9214
839777883905	1401.30	824.99	1330.33	823.74	4.6892	4.9333
839777892239	1397.97	825.22	1335.74	815.45	4.6849	4.9311
839777900564	1396.24	815.84	1333.34	813.07	4.6708	4.9311
839777908897	1406.09	826.99	1345.43	809.66	4.6952	4.9282
839777917230	1405.21	823.79	1334.40	809.44	4.6920	4.9349
839777925564	1400.23	831.15	1328.39	806.06	4.6893	4.9376
839777933900	1403.48	830.79	1330.71	805.11	4.6932	4.9401
839777942233	1405.28	820.45	1329.09	807.58	4.6815	4.9365
839777950566	1407.85	812.12	1334.34	804.98	4.6666	4.9286
839777958898	1403.33	820.61	1329.39	809.07	4.6726	4.9233
839777967231	1402.50	816.30	1333.96	806.88	4.6669	4.9170
839777975565	1395.93	826.24	1333.49	810.39	4.6776	4.9245
839777983898	1406.82	820.88	1327.98	808.45	4.6649	4.9261
839777992231	1403.06	826.20	1331.32	807.73	4.6675	4.9298
839778000565	1405.82	830.10	1327.87	807.61	4.6605	4.9161
839778008898	1408.30	829.77	1329.74	807.50	4.6767	4.9163
839778017231	1399.34	824.51	1327.29	808.42	4.6535	4.9223
839778025565	1398.06	835.58	1328.80	812.73	4.6459	4.9178
839778033897	1392.04	832.40	1325.03	809.05	4.6446	4.9231
839778042231	1389.15	829.64	1329.39	814.00	4.6625	4.9135
839778050563	1389.97	822.43	1330.40	812.61	4.6494	4.9106
839778058897	1388.82	812.91	1334.09	811.15	4.6317	4.9221
839778067245	1386.31	816.66	1330.42	809.56	4.6489	4.9177
839778075570	1387.29	819.57	1331.83	806.52	4.6250	4.9243
839778083903	1383.87	827.54	1332.57	806.48	4.6469	4.9246
839778092245	1389.69	824.38	1332.51	804.75	4.6268	4.9337
839778100570	1393.70	837.63	1333.32	801.79	4.6673	4.9255
839778108911	1401.73	822.99	1328.19	798.94	4.6563	4.9402
839778117236	1395.73	790.75	1334.60	780.44	4.6536	4.9413
839778125577	1397.94	784.85	1333.11	780.25	4.6452	4.9422
839778133902	1403.02	796.35	1333.41	784.48	4.6464	4.9286
839778142244	1400.00	797.74	1337.15	777.57	4.6624	4.9339
839778150577	1391.99	783.27	1338.98	782.48	4.6333	4.9227
839778158911	1393.75	779.49	1339.93	780.06	4.6368	4.9214
839778167244	1395.55	783.33	1335.92	776.88	4.6407	4.9352
839778175577	1396.13	791.51	1339.24	780.96	4.6422	4.9271
839778183910	1398.71	784.89	1337.05	777.82	4.6482	4.9235
839778192243	1402.73	792.63	1335.15	776.78	4.6339	4.9348
839778200581	1404.38	783.32	1333.99	780.75	4.6387	4.9276
839778208914	1404.21	789.00	1329.58	781.84	4.6501	4.9299
839778217248	1402.48	794.40	1332.29	777.51	4.6466	4.9234
839778225581	1405.50	793.29	1327.52	777.35	4.6335	4.9183
839778233915	1405.35	792.61	1329.50	776.62	4.6543	4.9187
839778242248	1413.05	789.87	1332.18	775.77	4.6507	4.8991
839778250581	1414.51	787.76	1336.30	778.58	4.6482	4.8984
839778258914	1402.37	778.09	1330.08	786.89	4.6379	4.9122
839778267247	1413.06	776.11	1336.19	784.09	4.6518	4.9060
839778275580	1408.26	777.04	1338.20	788.22	4.6485	4.9065
839778283914	1408.67	769.08	1328.18	780.63	4.6417	4.8918
839778292247	1408.02	760.36	1333.24	779.46	4.6319	4.8867
839778300580	1407.57	769.03	1338.11	779.32	4.6550	4.8772
839778308913	1405.30	765.46	1335.57	777.69	4.6308	4.8764
839778317247	1410.36	776.81	1339.38	782.40	4.6565	4.8764
839778325585	1401.28	779.49	1337.76	779.18	4.6466	4.8566
839778333919	1403.56	783.26	1338.72	777.01	4.6472	4.8731
839778342251	1405.40	780.49	1341.41	781.18	4.6281	4.8666
839778350585	1415.25	787.78	1342.14	776.65	4.6268	4.8561
839778358918	1410.54	785.93	1339.25	780.81	4.6283	4.8546
839778367251	1408.55	787.72	1339.38	774.23	4.6182	4.8553
839778375584	1416.69	791.10	1340.19	772.22	4.6255	4.8334
839778383917	1415.27	786.92	1338.99	765.95	4.6172	4.8360
839778392251	1413.90	789.57	1338.27	771.44	4.6329	4.8364
839778400584	1410.85	785.14	1341.36	768.97	4.6000	4.8230
839778408918	1376.02	790.95	1319.63	764.00	4.6261	4.8208
839778417251	1278.64	795.56	1233.25	757.80	4.6242	4.8215
839778425584	1196.77	793.87	1158.39	765.43	4.5973	4.8112
839778433916	1109.76	791.66	1093.03	761.70	4.5903	4.8096
839778442250	1056.37	820.93	1039.81	775.92	4.6000	4.8284
839778450583	1002.87	823.92	975.83	792.24	4.5754	4.8158
839778458921	967.00	832.38	956.51	801.29	4.5507	4.8233
839778467255	982.34	836.47	964.66	804.57	4.5553	4.8227
839778475588	978.67	832.79	965.26	800.67	4.5504	4.8246
839778483922	986.11	834.59	964.83	805.14	4.5543	4.8164
839778492255	979.54	831.15	961.04	805.28	4.5567	4.7902
839778500588	985.63	837.34	963.95	806.67	4.5387	4.8005
839778508922	983.98	834.96	958.92	809.54	4.5360	4.8087
839778517253	980.78	822.57	958.48	811.44	4.5041	4.7903
839778525587	978.03	833.31	961.30	814.14	4.5252	4.8052
839778533921	985.61	824.82	959.36	810.10	4.5235	4.8020
839778542253	979.38	834.23	961.45	816.23	4.5199	4.8002
839778550587	979.88	836.61	961.35	810.58	4.5213	4.7937
839778558920	976.47	835.19	958.78	815.30	4.5293	4.7923
839778567254	980.38	835.04	957.13	814.04	4.5070	4.8065
839778575587	978.93	843.28	952.98	813.79	4.5266	4.8149
839778583920	978.33	842.74	955.74	811.33	4.5364	4.8164
839778592257	979.89	835.67	955.18	816.29	4.5278	4.8198
839778600590	982.28	838.64	955.89	811.94	4.5126	4.8133
839778608924	980.34	838.18	955.40	811.10	4.5214	4.8105
839778617257	982.20	825.24	962.08	816.81	4.5268	4.8165
839778625590	983.68	840.19	952.46	813.19	4.5278	4.8187
839778633924	982.38	833.75	952.24	812.31	4.5295	4.8228
839778642256	986.35	829.84	955.08	814.11	4.5426	4.8291
839778650590	988.76	834.36	953.70	814.49	4.5417	4.8386
839778658924	984.23	834.52	948.63	814.83	4.5221	4.8432
839778667257	985.54	834.81	953.77	812.45	4.5495	4.8304
839778675589	986.74	835.25	951.13	816.09	4.5445	4.8459
839778683922	983.49	834.02	947.46	817.80	4.5347	4.8478
839778692255	985.42	831.13	945.67	809.08	4.5366	4.8403
839778700589	991.33	835.13	944.81	813.97	4.5547	4.8592
839778708922	980.31	829.11	938.45	816.70	4.5529	4.8559
839778717255	984.64	835.80	938.08	814.79	4.5501	4.8459
839778725594	984.15	831.40	937.00	811.28	4.5332	4.8570
839778733927	980.35	841.01	937.43	815.07	4.5611	4.8664
839778742260	977.76	837.11	943.48	817.60	4.5572	4.8738
839778750593	992.38	838.94	936.01	814.22	4.5813	4.8786
839778758926	983.29	834.53	941.35	819.18	4.5571	4.8835
839778767260	979.04	837.97	937.91	811.67	4.5481	4.8755
839778775592	987.12	830.65	938.29	815.05	4.5436	4.8738
839778783926	985.57	828.03	936.38	812.81	4.5527	4.8854
839778792259	988.01	831.17	936.71	819.08	4.5745	4.8867
839778800591	993.89	831.37	937.64	817.41	4.5842	4.8860
839778808925	988.44	833.40	941.22	812.91	4.5696	4.8876
839778817259	980.37	828.25	935.75	817.37	4.5636	4.9055
839778825592	987.51	836.76	936.01	818.66	4.5662	4.9150
839778833925	982.69	839.59	938.72	818.58	4.5743	4.9032
839778842257	982.42	834.84	932.46	818.73	4.5609	4.9113
839778850595	979.87	839.39	934.52	821.98	4.5706	4.9215
839778858928	967.66	863.70	923.00	833.83	4.5924	4.9135
839778867261	968.14	867.48	921.46	843.70	4.5955	4.9310
839778875595	971.40	862.48	928.80	837.16	4.5893	4.9284
839778883928	970.38	867.60	922.97	835.97	4.6005	4.9401
839778892262	965.07	868.17	927.39	842.43	4.6151	4.9281
839778900595	969.18	873.29	926.60	841.05	4.6283	4.9323
839778908928	963.80	881.28	917.97	842.93	4.6294	4.9494
839778917262	964.70	883.97	920.55	844.46	4.6244	4.9544
839778925594	964.38	886.10	928.81	844.47	4.6283	4.9552
839778933927	964.74	881.64	921.76	848.24	4.6313	4.9637
839778942261	970.16	885.00	922.15	850.98	4.6525	4.9730
839778950594	967.35	893.18	918.05	847.32	4.6626	4.9735
839778958927	969.52	887.15	922.72	851.69	4.6553	4.9919
839778967261	973.34	881.89	922.23	848.25	4.6627	4.9839
839778975594	973.26	887.04	920.91	853.75	4.6537	5.0005
839778983934	969.36	875.58	919.09	850.08	4.6805	5.0029
839778992268	965.70	876.87	915.42	852.85	4.6691	5.0251
839779000600	969.15	882.51	911.49	847.86	4.7003	5.0363
839779008933	968.17	880.23	915.01	849.50	4.6901	5.0306
839779017267	967.94	882.09	916.16	848.11	4.7038	5.0437
839779025600	967.82	877.66	907.63	845.30	4.7021	5.0520
839779033933	970.22	880.84	914.29	849.71	4.7197	5.0586
839779042267	966.52	878.39	911.25	856.87	4.7331	5.0639
839779050600	971.90	886.72	914.04	858.55	4.7508	5.0694
839779058933	970.14	875.34	917.43	859.60	4.7530	5.0775
839779067267	976.46	880.70	913.03	854.71	4.7469	5.0932
839779075600	969.05	872.02	910.21	845.56	4.7579	5.0879
839779083932	978.81	871.62	911.58	851.84	4.7638	5.1010
839779092265	975.47	874.07	916.61	849.25	4.7782	5.1017
839779100599	970.72	864.37	914.00	849.56	4.7854	5.1052
839779108932	974.88	869.57	914.19	849.28	4.7927	5.1183
839779117269	976.24	869.62	913.67	848.83	4.8080	5.1164
839779125602	973.27	861.41	914.94	848.75	4.8022	5.1373
839779133935	971.11	869.55	916.06	847.50	4.8045	5.1325
839779142269	972.32	866.49	915.50	851.07	4.8083	5.1440
839779150602	976.99	872.44	913.73	852.30	4.8298	5.1503
839779158935	973.36	876.35	915.82	858.14	4.8453	5.1620
839779167268	973.99	873.61	915.75	856.12	4.8404	5.1624
839779175600	972.06	877.34	917.89	858.97	4.8557	5.1751
839779183934	970.21	879.34	914.84	862.69	4.8576	5.1918
839779192268	971.78	880.31	912.63	862.37	4.8449	5.1921
839779200601	971.06	878.72	915.18	864.48	4.8681	5.1962
839779208934	1035.33	911.58	950.27	890.91	4.8867	5.2025
839779217267	1034.65	977.55	979.83	954.64	4.8991	5.2115
839779225600	1031.14	979.17	966.18	964.55	4.8992	5.2043
839779233934	1018.35	972.09	960.44	954.75	4.8961	5.1973
839779242267	1022.37	963.54	963.51	947.57	4.8945	5.2103
839779250605	1018.88	964.06	966.12	948.02	4.8914	5.2230
839779258938	1024.79	958.61	962.94	950.52	4.9042	5.2188
839779267271	1020.36	958.55	965.01	952.65	4.9040	5.2298
839779275605	1020.96	951.76	968.48	946.66	4.9000	5.2342
839779283938	1025.45	952.97	960.29	947.91	4.9162	5.2349
839779292271	1027.42	957.17	961.95	949.44	4.9283	5.2444
839779300604	1022.62	953.07	964.38	951.99	4.9212	5.2502
839779308938	1022.79	953.40	965.46	949.31	4.9240	5.2514
839779317271	1022.04	953.67	960.19	947.24	4.9247	5.2571
839779325603	1017.59	948.43	961.98	949.50	4.9120	5.2425
839779333937	1020.12	951.60	964.37	949.47	4.9275	5.2534
839779342270	1019.94	950.29	962.03	950.96	4.9290	5.2700
839779350603	1024.21	955.27	962.35	950.74	4.9496	5.2542
839779358937	1022.49	955.36	965.61	949.45	4.9362	5.2585
839779367270	1025.06	956.95	968.99	948.11	4.9263	5.2651
839779375608	1025.77	960.36	966.70	954.33	4.9433	5.2648
839779383941	1026.03	959.55	963.74	952.08	4.9464	5.2732
839779392273	1029.06	957.14	966.40	949.86	4.9556	5.2722
839779400607	1026.46	953.86	958.22	950.37	4.9318	5.2739
839779408940	1022.49	953.02	960.28	947.62	4.9490	5.2711
839779417273	1027.78	952.48	965.93	949.87	4.9568	5.2757
839779425606	1023.69	948.04	962.95	949.66	4.9403	5.2840
839779433939	1023.39	954.57	962.70	943.20	4.9494	5.2814
839779442273	1021.54	958.00	958.41	944.80	4.9514	5.2894
839779450606	1025.31	956.49	962.31	952.27	4.9344	5.2792
839779458940	1023.95	959.46	964.85	948.39	4.9571	5.2772
839779467273	1017.86	955.08	964.95	946.97	4.9565	5.2884
839779475605	1020.03	954.32	962.71	949.72	4.9411	5.2805
839779483939	1022.69	951.69	963.25	948.99	4.9437	5.2840
839779492272	1022.58	949.25	960.71	950.38	4.9525	5.2962
839779500606	1020.84	948.33	956.83	951.69	4.9477	5.2824
839779508943	1028.73	953.19	957.87	955.05	4.9470	5.2832
839779517277	1025.80	957.78	954.65	960.72	4.9549	5.2816
839779525611	1025.00	959.13	954.84	961.92	4.9492	5.2763
839779533943	1025.01	959.06	953.31	959.52	4.9454	5.2735
839779542277	1017.07	968.53	938.73	972.48	4.9477	5.2935
839779550610	1010.38	984.55	929.97	980.29	4.9344	5.2875
839779558942	1016.75	975.40	937.30	971.43	4.9450	5.2847
839779567276	1015.10	975.03	929.44	973.66	4.9503	5.2820
839779575609	1014.23	976.45	937.31	975.51	4.9384	5.2789
839779583943	1007.63	976.93	932.50	975.58	4.9363	5.2728
839779592276	1008.60	983.73	934.22	982.06	4.9442	5.2721
839779600609	1011.32	977.87	933.85	979.11	4.9520	5.2831
839779608943	1005.45	978.93	932.41	977.85	4.9369	5.2791
839779617276	1008.62	982.13	936.42	980.12	4.9305	5.2834
839779625609	1008.49	985.24	934.71	977.88	4.9302	5.2841
839779633941	1013.86	984.20	934.52	981.36	4.9268	5.2753
839779642280	1010.82	988.38	933.10	980.49	4.9121	5.2741
839779650613	1016.18	987.32	935.01	983.05	4.9203	5.2805
839779658945	1009.27	980.68	934.49	978.90	4.9203	5.2881
839779667279	1011.86	983.55	933.96	978.00	4.9049	5.2898
839779675612	1006.06	973.38	933.07	974.60	4.9093	5.2764
839779683945	1009.10	981.81	933.67	978.47	4.8968	5.2736
839779692279	1009.45	974.19	933.12	981.41	4.9085	5.2761
839779700612	1009.46	972.65	928.21	982.46	4.9085	5.2664
839779708946	1008.99	973.49	932.39	979.75	4.8900	5.2754
839779717279	1010.80	979.70	930.68	982.00	4.8854	5.2669
839779725612	1011.58	976.35	930.27	984.32	4.8920	5.2692
839779733945	1009.06	976.37	927.87	984.24	4.8764	5.2583
839779742278	1008.95	983.43	929.15	985.05	4.9052	5.2630
839779750612	1001.59	970.52	931.23	981.78	4.8700	5.2637
839779758944	1003.75	970.65	930.40	983.69	4.8826	5.2648
839779767283	1002.23	977.43	928.49	979.37	4.8935	5.2500
839779775616	997.99	974.41	927.46	986.62	4.8724	5.2561
839779783949	1000.85	970.38	929.12	983.74	4.8689	5.2434
839779792283	1004.56	972.93	930.56	981.85	4.8740	5.2484
839779800616	997.77	978.40	921.53	982.99	4.8673	5.2375
839779808949	980.39	990.21	911.24	998.53	4.8597	5.2390
839779817282	986.59	989.88	913.00	990.86	4.8645	5.2367
839779825615	985.55	987.07	917.76	996.10	4.8739	5.2359
839779833949	980.91	991.49	919.00	995.56	4.8707	5.2368
839779842282	980.85	981.85	917.77	991.92	4.8541	5.2148
839779850615	986.52	991.21	916.46	993.21	4.8728	5.2186
839779858949	981.96	987.32	921.62	989.96	4.8529	5.2092
839779867281	986.11	990.54	915.85	993.05	4.8606	5.2203
839779875615	990.17	992.50	915.68	996.63	4.8651	5.2098
839779883948	986.88	992.48	914.19	996.60	4.8464	5.2121
839779892280	986.61	993.45	914.43	997.20	4.8574	5.2159
839779900618	983.91	991.52	915.91	1002.71	4.8608	5.2168
839779908951	981.40	992.93	916.96	1002.78	4.8548	5.2045
839779917285	988.63	995.38	912.91	998.65	4.8648	5.2071
839779925618	984.16	990.98	908.40	997.12	4.8444	5.2029
839779933951	982.21	992.36	909.53	999.23	4.8637	5.2090
839779942285	982.26	988.07	911.50	997.83	4.8418	5.2008
839779950618	989.67	995.78	911.57	1001.51	4.8526	5.2061
839779958952	985.94	994.12	910.38	997.24	4.8546	5.1984
839779967285	978.94	992.82	910.61	996.79	4.8494	5.2092
839779975617	984.57	988.67	913.69	1001.06	4.8503	5.2005
839779983951	974.59	994.75	916.18	996.84	4.8360	5.1991
839779992284	980.21	992.08	914.34	995.41	4.8657	5.2208
839780000617	955.55	1004.50	883.65	999.92	4.8539	5.1891
839780008950	942.76	997.62	860.55	1004.25	4.8387	5.1883
839780017284	949.99	999.21	867.60	1004.96	4.8319	5.1892
839780025617	953.97	997.85	870.21	1005.82	4.8369	5.1900
839780033955	951.07	1000.15	870.31	1005.21	4.8521	5.1922
839780042289	950.64	998.82	866.54	1013.28	4.8426	5.1848
839780050622	948.31	1001.11	858.83	1013.53	4.8358	5.1890
839780058954	949.39	1004.89	865.02	1013.12	4.8335	5.1912
839780067288	949.60	1007.88	863.37	1013.79	4.8376	5.1864
839780075621	951.41	1013.90	859.52	1011.31	4.8332	5.1938
839780083955	955.01	1013.24	862.66	1015.57	4.8237	5.1914
839780092287	946.35	1011.31	866.69	1013.92	4.8404	5.1835
839780100621	951.62	1008.21	860.59	1011.27	4.8441	5.1796
839780108955	950.01	1006.34	860.34	1012.30	4.8305	5.1701
839780117286	952.24	1004.10	857.58	1008.24	4.8340	5.1824
839780125620	949.96	999.78	863.30	1010.84	4.8341	5.1767
839780133953	953.63	998.88	865.32	1007.11	4.8353	5.1696
839780142286	951.39	1001.57	856.18	1001.68	4.8479	5.1795
839780150620	946.28	999.44	863.35	1005.21	4.8300	5.1663
839780158953	944.52	1006.20	864.51	1004.23	4.8328	5.1700
839780167292	945.78	1001.22	863.87	1005.42	4.8343	5.1797
839780175625	944.56	1002.71	862.79	1005.26	4.8304	5.1749
839780183958	945.32	1004.49	858.17	1005.35	4.8527	5.1740
839780192292	944.62	997.68	859.85	1009.33	4.8496	5.1735
839780200624	951.61	1002.79	861.44	1015.18	4.8353	5.1790
839780208958	944.10	1003.48	861.30	1015.41	4.8256	5.1759
839780217290	954.98	1004.24	859.68	1015.85	4.8432	5.1723
839780225624	942.41	996.69	863.35	1014.85	4.8402	5.1806
839780233958	944.74	1006.94	865.02	1013.34	4.8451	5.1702
839780242290	954.02	1006.38	864.99	1016.67	4.8526	5.1772
839780250624	945.18	1008.38	869.19	1016.06	4.8486	5.1799
839780258957	944.45	1007.28	869.67	1018.79	4.8503	5.1897
839780267290	944.24	1015.92	872.19	1016.80	4.8454	5.1913
839780275624	947.39	1018.65	871.02	1018.11	4.8386	5.1992
839780283956	945.08	1019.99	879.09	1020.99	4.8432	5.2063
839780292294	941.80	1012.75	869.94	1014.17	4.8477	5.2021
839780300627	942.50	1015.45	875.55	1018.80	4.8575	5.2122
839780308960	944.90	1015.11	870.10	1016.43	4.8557	5.2041
839780317294	938.95	1014.40	872.26	1016.25	4.8509	5.2182
839780325627	954.40	1017.92	881.73	1020.24	4.8609	5.2367
839780333960	1048.07	1022.97	1004.49	1027.58	4.8850	5.2698
