t	gaze_point_LX	gaze_point_LY	gaze_point_RX	gaze_point_RY	pupil_diameter_L	pupil_diameter_R
848135022492	1465.28	727.15	1466.96	755.38	4.2303	4.2762
848135030826	1474.68	721.17	1470.19	757.30	4.2163	4.2648
848135039159	1468.55	727.17	1472.53	762.16	4.2189	4.2486
848135047492	1457.45	727.92	1473.15	762.80	4.1865	4.2467
848135055826	1471.95	732.28	1470.75	755.27	4.2415	4.2495
848135064159	1466.55	738.49	1467.17	759.53	4.2327	4.2679
848135072492	1462.09	730.90	1471.86	764.06	4.2265	4.2537
848135080826	1441.58	731.32	1453.83	758.97	4.2251	4.2177
848135089159	1382.80	749.78	1393.13	766.57	4.2246	4.2424
848135097491	1330.45	750.69	1357.29	764.02	4.2417	4.2130
848135105824	1301.08	741.85	1310.38	771.53	4.2020	4.2233
848135114158	1268.89	744.58	1275.92	773.38	4.1913	4.2206
848135122491	1269.39	754.43	1282.21	775.09	4.1781	4.2224
848135130824	1277.22	745.96	1287.29	774.30	4.1753	4.2145
848135139167	1277.51	744.93	1285.98	772.63	4.1765	4.2143
848135147500	1270.95	745.01	1291.49	775.34	4.1801	4.1938
848135155833	1269.56	742.90	1287.81	771.22	4.1699	4.2060
848135164167	1269.72	742.25	1284.83	772.96	4.1487	4.2099
848135172500	1266.67	744.00	1282.54	762.43	4.1587	4.1985
848135180832	1266.00	737.56	1281.65	769.22	4.1651	4.1990
848135189166	1272.72	739.55	1288.97	766.54	4.1753	4.2018
848135197499	1272.96	743.19	1279.05	772.28	4.1383	4.1994
848135205832	1264.12	740.69	1277.87	764.88	4.1634	4.1872
848135214166	1273.51	738.84	1280.66	765.13	4.1579	4.1860
848135222499	1269.01	743.96	1280.21	763.84	4.1585	4.1682
848135230832	1272.58	742.58	1281.65	764.66	4.1434	4.1664
848135239166	1266.65	736.36	1278.99	773.50	4.1552	4.1682
848135247499	1265.64	748.94	1279.92	770.63	4.1453	4.1678
848135255831	1264.06	744.51	1275.06	768.44	4.1797	4.1577
848135264165	1267.67	738.13	1273.39	772.83	4.1493	4.1816
848135272505	1273.55	746.17	1281.03	768.71	4.1453	4.1657
848135280838	1275.33	736.46	1273.90	770.47	4.1387	4.1476
848135289172	1272.53	746.39	1278.17	772.56	4.1572	4.1755
848135297505	1269.37	744.34	1275.78	771.32	4.1290	4.1807
848135305838	1273.42	754.59	1272.04	776.84	4.1546	4.1893
848135314172	1267.89	744.98	1274.11	772.17	4.1368	4.1705
848135322505	1271.57	753.30	1274.21	765.94	4.1301	4.1599
848135330837	1271.07	738.79	1267.46	765.97	4.1601	4.1661
848135339171	1275.64	737.25	1268.72	753.66	4.1632	4.1667
848135347504	1276.93	739.65	1265.79	764.42	4.1717	4.1850
848135355837	1270.05	733.91	1261.83	761.28	4.1601	4.2197
848135364171	1268.48	734.82	1265.74	761.50	4.1530	4.1742
848135372504	1272.83	733.45	1265.77	757.99	4.1725	4.1734
848135380837	1279.92	735.78	1269.50	761.71	4.1723	4.1993
848135389171	1273.75	735.07	1262.32	762.39	4.1653	4.2101
848135397504	1268.14	719.64	1262.86	754.75	4.1877	4.2223
848135405838	1267.51	730.46	1266.61	750.88	4.1972	4.2254
848135414171	1273.41	720.56	1263.01	757.00	4.2147	4.2239
848135422504	1277.07	725.37	1262.65	736.98	4.2061	4.2099
848135430837	1273.46	715.22	1263.82	750.82	4.2098	4.2292
848135439171	1286.38	713.51	1263.70	746.63	4.1924	4.2245
848135447504	1279.86	719.88	1267.23	743.98	4.2305	4.2496
848135455837	1279.20	707.62	1264.46	754.70	4.2306	4.2377
848135464171	1273.06	699.64	1264.27	750.67	4.2721	4.2305
848135472504	1274.15	699.01	1265.35	745.41	4.3094	4.2592
848135480837	1277.41	705.08	1268.90	713.15	4.2967	4.2977
848135489170	1267.43	710.08	1261.44	732.44	4.2639	4.2738
848135497503	1252.49	659.27	1267.45	734.96	4.3514	4.2825
848135505836	1236.34	674.94	1265.48	740.56	4.2923	4.2676
848135514170	1239.23	723.96	1267.78	761.62	4.1902	4.2074
848135522503	NaN	NaN	1271.34	761.33	NaN	4.1608
848135530840	NaN	NaN	1272.63	823.45	NaN	4.1142
848135539173	NaN	NaN	1324.90	775.65	NaN	4.0746
848135547507	1340.66	1461.86	NaN	NaN	1.4969	NaN
848135555840	NaN	NaN	NaN	NaN	NaN	NaN
848135564174	NaN	NaN	NaN	NaN	NaN	NaN
848135572506	NaN	NaN	NaN	NaN	NaN	NaN
848135580839	NaN	NaN	NaN	NaN	NaN	NaN
848135589173	NaN	NaN	NaN	NaN	NaN	NaN
848135597506	NaN	NaN	NaN	NaN	NaN	NaN
848135605840	NaN	NaN	NaN	NaN	NaN	NaN
848135614173	NaN	NaN	NaN	NaN	NaN	NaN
848135622506	NaN	NaN	NaN	NaN	NaN	NaN
848135630839	NaN	NaN	NaN	NaN	NaN	NaN
848135639172	NaN	NaN	NaN	NaN	NaN	NaN
848135647505	NaN	NaN	NaN	NaN	NaN	NaN
848135655838	NaN	NaN	NaN	NaN	NaN	NaN
848135664178	NaN	NaN	NaN	NaN	NaN	NaN
848135672511	NaN	NaN	NaN	NaN	NaN	NaN
848135680845	NaN	NaN	NaN	NaN	NaN	NaN
848135689178	NaN	NaN	NaN	NaN	NaN	NaN
848135697511	NaN	NaN	NaN	NaN	NaN	NaN
848135705845	NaN	NaN	NaN	NaN	NaN	NaN
848135714177	NaN	NaN	NaN	NaN	NaN	NaN
848135722510	NaN	NaN	NaN	NaN	NaN	NaN
848135730843	NaN	NaN	NaN	NaN	NaN	NaN
848135739176	NaN	NaN	NaN	NaN	NaN	NaN
848135747510	NaN	NaN	NaN	NaN	NaN	NaN
848135755843	NaN	NaN	NaN	NaN	NaN	NaN
848135764177	NaN	NaN	NaN	NaN	NaN	NaN
848135772510	NaN	NaN	NaN	NaN	NaN	NaN
848135780843	NaN	NaN	NaN	NaN	NaN	NaN
848135789176	NaN	NaN	NaN	NaN	NaN	NaN
848135797515	NaN	NaN	NaN	NaN	NaN	NaN
848135805847	NaN	NaN	NaN	NaN	NaN	NaN
848135814180	1716.06	1527.14	NaN	NaN	2.6645	NaN
848135822514	NaN	NaN	NaN	NaN	NaN	NaN
848135830847	NaN	NaN	NaN	NaN	NaN	NaN
848135839181	NaN	NaN	NaN	NaN	NaN	NaN
848135847515	NaN	NaN	NaN	NaN	NaN	NaN
848135855848	NaN	NaN	NaN	NaN	NaN	NaN
848135864182	NaN	NaN	NaN	NaN	NaN	NaN
848135872515	NaN	NaN	NaN	NaN	NaN	NaN
848135880846	NaN	NaN	1353.48	955.55	NaN	3.7394
848135889179	NaN	NaN	1378.76	926.04	NaN	3.8722
848135897513	NaN	NaN	1284.66	836.70	NaN	4.1971
848135905846	NaN	NaN	NaN	NaN	NaN	NaN
848135914180	NaN	NaN	1289.14	823.64	NaN	4.2736
848135922513	NaN	NaN	1333.70	818.36	NaN	4.3233
848135930851	1480.80	890.49	NaN	NaN	3.7969	NaN
848135939184	1447.62	879.61	1321.63	848.54	3.7885	4.2694
848135947517	NaN	NaN	1142.67	1384.08	NaN	1.9575
848135955850	NaN	NaN	1212.77	1037.48	NaN	3.5439
848135964183	NaN	NaN	NaN	NaN	NaN	NaN
848135972517	NaN	NaN	NaN	NaN	NaN	NaN
848135980849	NaN	NaN	NaN	NaN	NaN	NaN
848135989182	NaN	NaN	NaN	NaN	NaN	NaN
848135997516	NaN	NaN	NaN	NaN	NaN	NaN
848136005849	NaN	NaN	NaN	NaN	NaN	NaN
848136014183	NaN	NaN	NaN	NaN	NaN	NaN
848136022516	NaN	NaN	NaN	NaN	NaN	NaN
848136030849	NaN	NaN	NaN	NaN	NaN	NaN
848136039181	NaN	NaN	NaN	NaN	NaN	NaN
848136047515	NaN	NaN	NaN	NaN	NaN	NaN
848136055852	NaN	NaN	NaN	NaN	NaN	NaN
848136064185	NaN	NaN	NaN	NaN	NaN	NaN
848136072519	NaN	NaN	NaN	NaN	NaN	NaN
848136080852	NaN	NaN	NaN	NaN	NaN	NaN
848136089186	NaN	NaN	NaN	NaN	NaN	NaN
848136097519	NaN	NaN	NaN	NaN	NaN	NaN
848136105852	NaN	NaN	NaN	NaN	NaN	NaN
848136114184	NaN	NaN	NaN	NaN	NaN	NaN
848136122518	NaN	NaN	NaN	NaN	NaN	NaN
848136130851	NaN	NaN	NaN	NaN	NaN	NaN
848136139184	NaN	NaN	NaN	NaN	NaN	NaN
848136147518	NaN	NaN	NaN	NaN	NaN	NaN
848136155851	NaN	NaN	NaN	NaN	NaN	NaN
848136164185	NaN	NaN	NaN	NaN	NaN	NaN
848136172518	NaN	NaN	NaN	NaN	NaN	NaN
848136180851	NaN	NaN	NaN	NaN	NaN	NaN
848136189191	NaN	NaN	NaN	NaN	NaN	NaN
848136197522	NaN	NaN	1325.87	1454.64	NaN	2.1651
848136205856	NaN	NaN	NaN	NaN	NaN	NaN
848136214189	NaN	NaN	NaN	NaN	NaN	NaN
848136222522	NaN	NaN	NaN	NaN	NaN	NaN
848136230856	1613.65	1171.35	NaN	NaN	3.2425	NaN
848136239190	NaN	NaN	1181.95	900.55	NaN	4.0662
848136247523	NaN	NaN	1288.41	841.89	NaN	4.3568
848136255857	NaN	NaN	1316.99	815.89	NaN	4.4735
848136264191	NaN	NaN	1294.87	773.14	NaN	4.5316
848136272523	NaN	NaN	1314.42	771.75	NaN	4.5569
848136280855	NaN	NaN	1302.29	738.46	NaN	4.6668
848136289190	1367.75	745.52	1305.54	701.50	4.4288	4.7710
848136297523	1326.16	736.45	1303.06	732.68	4.5245	4.6546
848136305856	NaN	NaN	1304.47	716.96	NaN	4.6839
848136314189	1363.09	715.46	1305.97	777.49	4.6478	4.5775
848136322527	1369.75	751.06	1299.31	709.38	4.5170	4.7291
848136330861	1374.37	739.86	1297.24	722.35	4.5132	4.7001
848136339194	1360.54	718.43	1299.08	699.69	4.5152	4.7576
848136347528	NaN	NaN	1290.69	715.93	NaN	4.7085
848136355860	NaN	NaN	1294.06	714.57	NaN	4.7363
848136364193	1304.50	662.45	1303.11	755.52	4.8478	4.6606
848136372526	1345.27	711.57	1296.75	723.50	4.7007	4.7077
848136380859	1360.90	773.37	1317.44	737.06	4.4861	4.6735
848136389201	1382.89	702.93	1292.42	674.47	4.6848	4.8006
848136397534	1334.01	763.65	1298.23	797.87	4.4764	4.5385
848136405860	NaN	NaN	1222.88	832.76	NaN	4.3666
848136414193	NaN	NaN	NaN	NaN	NaN	NaN
848136422526	NaN	NaN	1534.88	1319.41	NaN	2.5495
848136430859	NaN	NaN	NaN	NaN	NaN	NaN
848136439192	NaN	NaN	NaN	NaN	NaN	NaN
848136447528	NaN	NaN	NaN	NaN	NaN	NaN
848136455861	NaN	NaN	NaN	NaN	NaN	NaN
848136464194	NaN	NaN	NaN	NaN	NaN	NaN
848136472527	NaN	NaN	NaN	NaN	NaN	NaN
848136480861	NaN	NaN	NaN	NaN	NaN	NaN
848136489194	NaN	NaN	NaN	NaN	NaN	NaN
848136497527	NaN	NaN	NaN	NaN	NaN	NaN
848136505861	NaN	NaN	NaN	NaN	NaN	NaN
848136514194	NaN	NaN	NaN	NaN	NaN	NaN
848136522527	NaN	NaN	NaN	NaN	NaN	NaN
848136530860	NaN	NaN	NaN	NaN	NaN	NaN
848136539193	NaN	NaN	NaN	NaN	NaN	NaN
848136547526	NaN	NaN	NaN	NaN	NaN	NaN
848136555859	NaN	NaN	NaN	NaN	NaN	NaN
848136564193	NaN	NaN	NaN	NaN	NaN	NaN
848136572526	NaN	NaN	NaN	NaN	NaN	NaN
848136580866	NaN	NaN	NaN	NaN	NaN	NaN
848136589199	NaN	NaN	NaN	NaN	NaN	NaN
848136597531	NaN	NaN	NaN	NaN	NaN	NaN
848136605865	NaN	NaN	NaN	NaN	NaN	NaN
848136614198	NaN	NaN	NaN	NaN	NaN	NaN
848136622533	1555.44	1130.41	NaN	NaN	3.0648	NaN
848136630864	1491.26	1109.57	1354.11	1491.80	3.0940	2.0796
848136639198	NaN	NaN	NaN	NaN	NaN	NaN
848136647540	NaN	NaN	NaN	NaN	NaN	NaN
848136655864	NaN	NaN	NaN	NaN	NaN	NaN
848136664197	NaN	NaN	NaN	NaN	NaN	NaN
848136672539	NaN	NaN	1273.00	822.12	NaN	4.4247
848136680872	1356.22	806.92	1306.49	763.09	4.3314	4.5878
848136689206	1373.65	749.31	1299.30	752.37	4.4058	4.6148
848136697539	1330.98	740.76	1293.70	722.89	4.6362	4.7032
848136705863	1320.69	708.84	1298.30	707.87	4.6194	4.7750
848136714203	1313.63	672.33	1299.69	727.13	4.8135	4.7038
848136722537	1299.05	658.13	1293.67	690.83	4.8679	4.7657
848136730870	1309.46	630.25	1298.86	746.79	4.9014	4.6626
848136739203	1297.63	635.63	1301.91	731.96	4.9344	4.6702
848136747536	1284.40	644.16	1311.08	755.24	4.8968	4.6574
848136755868	1308.74	655.25	1303.01	758.25	4.8018	4.6075
848136764201	1274.21	699.20	1295.18	791.31	4.7542	4.5852
848136772535	NaN	NaN	1293.19	718.59	NaN	4.7110
848136780868	NaN	NaN	NaN	NaN	NaN	NaN
848136789202	NaN	NaN	NaN	NaN	NaN	NaN
848136797535	NaN	NaN	NaN	NaN	NaN	NaN
848136805869	NaN	NaN	NaN	NaN	NaN	NaN
848136814202	NaN	NaN	NaN	NaN	NaN	NaN
848136822533	NaN	NaN	NaN	NaN	NaN	NaN
848136830866	NaN	NaN	NaN	NaN	NaN	NaN
848136839200	NaN	NaN	NaN	NaN	NaN	NaN
848136847538	NaN	NaN	NaN	NaN	NaN	NaN
848136855871	NaN	NaN	NaN	NaN	NaN	NaN
848136864205	NaN	NaN	NaN	NaN	NaN	NaN
848136872538	NaN	NaN	NaN	NaN	NaN	NaN
848136880872	NaN	NaN	NaN	NaN	NaN	NaN
848136889205	NaN	NaN	NaN	NaN	NaN	NaN
848136897539	NaN	NaN	NaN	NaN	NaN	NaN
848136905871	NaN	NaN	NaN	NaN	NaN	NaN
848136914204	NaN	NaN	NaN	NaN	NaN	NaN
848136922537	NaN	NaN	NaN	NaN	NaN	NaN
848136930870	NaN	NaN	NaN	NaN	NaN	NaN
848136939204	NaN	NaN	NaN	NaN	NaN	NaN
848136947537	NaN	NaN	NaN	NaN	NaN	NaN
848136955871	NaN	NaN	NaN	NaN	NaN	NaN
848136964204	NaN	NaN	NaN	NaN	NaN	NaN
848136972540	1293.27	1381.56	NaN	NaN	2.1871	NaN
848136980873	NaN	NaN	1687.23	1396.16	NaN	2.0340
848136989206	NaN	NaN	NaN	NaN	NaN	NaN
848136997540	1533.48	1182.89	NaN	NaN	2.8249	NaN
848137005874	NaN	NaN	NaN	NaN	NaN	NaN
848137014207	NaN	NaN	NaN	NaN	NaN	NaN
848137022540	NaN	NaN	NaN	NaN	NaN	NaN
848137030874	1549.05	1009.46	1183.09	946.66	3.4153	3.8562
848137039207	NaN	NaN	NaN	NaN	NaN	NaN
848137047540	NaN	NaN	1307.43	817.05	NaN	4.4202
848137055873	1390.16	799.32	1319.64	764.02	4.1664	4.5187
848137064206	1276.80	733.68	1315.16	715.55	4.5265	4.6223
848137072538	1317.32	725.67	1298.37	687.42	4.5443	4.6228
848137080872	1324.43	707.11	1303.36	684.20	4.6696	4.7175
848137089205	1301.01	664.52	1307.05	710.89	4.7137	4.6424
848137097538	NaN	NaN	1314.02	746.36	NaN	4.5829
848137105877	1292.49	635.82	NaN	NaN	4.8824	NaN
848137114209	1307.01	612.07	1300.15	736.86	4.8422	4.5849
848137122543	1327.31	607.09	NaN	NaN	4.8567	NaN
848137130876	1300.52	677.32	1290.47	727.71	4.7390	4.6110
848137139209	1308.49	670.07	1301.42	720.93	4.7175	4.6378
848137147542	1328.38	662.96	NaN	NaN	4.7200	NaN
848137155875	1310.33	676.95	1289.88	702.39	4.7064	4.6092
848137164208	1321.59	680.47	1292.08	684.96	4.6393	4.6206
848137172541	1320.04	691.92	1299.35	717.60	4.6546	4.6130
848137180874	1329.97	676.65	NaN	NaN	4.6574	NaN
848137189208	1311.53	712.96	1297.66	700.08	4.6614	4.6337
848137197541	1317.10	669.14	1299.60	712.59	4.7011	4.6277
848137205874	1309.93	703.63	1298.74	706.18	4.7110	4.6353
848137214207	1302.02	700.19	1292.64	688.27	4.6991	4.6222
848137222540	1315.09	697.01	1307.88	698.26	4.6749	4.6593
848137230873	1303.12	696.14	NaN	NaN	4.6675	NaN
848137239214	1304.78	690.15	1296.04	703.67	4.7021	4.6069
848137247547	1312.44	678.67	1295.85	700.74	4.6980	4.6188
848137255880	1311.87	673.31	1300.20	685.33	4.6981	4.6525
848137264213	1301.96	682.44	1296.68	682.51	4.6955	4.6624
848137272547	1299.09	688.88	1301.82	717.03	4.6916	4.6179
848137280880	1306.98	685.26	1299.68	710.93	4.6950	4.6478
848137289214	1301.01	692.96	1305.27	719.11	4.7153	4.6254
848137297546	1299.93	691.46	1302.84	724.94	4.7202	4.6235
848137305880	1303.34	692.07	1301.76	719.93	4.7341	4.6437
848137314212	1307.57	688.49	1294.55	712.10	4.7250	4.6118
848137322546	1306.72	688.81	1294.36	724.20	4.7169	4.6379
848137330879	1305.20	693.58	NaN	NaN	4.7119	NaN
848137339212	1301.15	693.50	1291.37	728.52	4.7422	4.6150
848137347546	1303.09	696.41	1292.94	714.50	4.7528	4.6284
848137355879	1300.03	687.05	1293.57	718.79	4.7465	4.6369
848137364212	1302.16	691.46	NaN	NaN	4.7446	NaN
848137372550	1309.53	699.29	1299.14	733.43	4.7255	4.6102
848137380883	1300.64	690.84	1293.44	725.66	4.7288	4.6333
848137389217	1310.10	680.15	1293.59	718.98	4.7575	4.6480
848137397550	1286.99	692.74	1273.06	750.63	4.7719	4.6200
848137405883	1292.52	702.04	1274.97	770.77	4.7652	4.6259
848137414217	1297.32	689.36	1275.73	758.32	4.8040	4.6319
848137422558	1293.12	714.71	1280.15	752.41	4.7632	4.6597
848137430891	1292.05	715.06	1283.32	754.97	4.7895	4.6540
848137439225	1295.86	707.02	1284.67	780.47	4.7671	4.6223
848137447557	1288.10	707.57	1286.23	769.92	4.7933	4.6436
848137455891	1287.24	699.48	1282.10	762.89	4.7663	4.6183
848137464224	1297.44	700.27	1273.75	759.36	4.7220	4.6118
848137472558	1294.02	691.87	1277.85	779.02	4.7572	4.6157
848137480891	1291.60	715.46	1279.75	771.77	4.7276	4.6211
848137489224	1296.62	714.14	1280.72	773.14	4.7509	4.6172
848137497561	1290.63	707.44	1282.02	760.31	4.7339	4.6371
848137505894	1279.17	730.47	1278.46	768.77	4.7302	4.6240
848137514227	1290.49	724.58	1273.23	770.03	4.7193	4.6223
848137522561	1288.05	726.13	1286.05	771.83	4.6926	4.6313
848137530892	1292.90	705.35	1278.22	780.66	4.7077	4.5895
848137539226	1286.56	714.71	1275.00	782.40	4.7058	4.6129
848137547560	1281.29	717.88	1278.86	782.07	4.7129	4.6109
848137555893	1285.57	715.16	1274.61	778.77	4.6854	4.6205
848137564226	1283.85	696.14	1273.69	778.51	4.6952	4.5951
848137572560	1286.79	726.87	1277.04	774.47	4.6679	4.5929
848137580893	1276.03	717.40	1273.33	761.06	4.6743	4.5695
848137589226	1270.27	701.69	1275.42	778.08	4.6909	4.5743
848137597559	1278.82	724.09	1270.45	766.37	4.6580	4.5936
848137605890	1288.01	712.04	1275.56	780.48	4.6858	4.5782
848137614223	1281.35	709.22	1274.54	770.42	4.6499	4.5698
848137622556	1278.27	729.98	1267.55	762.18	4.6720	4.5832
848137630896	1279.49	714.79	1269.52	775.32	4.6413	4.5697
848137639229	1278.65	724.36	1275.71	760.85	4.6790	4.5753
848137647562	1266.05	724.65	1272.11	765.04	4.6347	4.5653
848137655896	1281.57	727.77	1274.89	779.71	4.6586	4.5618
848137664229	1274.62	705.46	1272.76	775.92	4.6522	4.5691
848137672562	1267.37	713.74	1266.72	770.67	4.6302	4.5763
848137680895	1265.13	719.96	1265.58	792.78	4.6510	4.5507
848137689228	1265.64	726.97	1278.94	769.95	4.6421	4.5501
848137697561	1264.80	728.69	1265.67	777.43	4.6079	4.5391
848137705892	1269.10	718.40	1265.89	768.32	4.6506	4.5460
848137714226	1274.82	722.75	1279.37	803.66	4.6363	4.5609
848137722560	1290.83	709.60	1291.19	784.89	4.6495	4.5672
848137730892	1286.38	700.84	1282.58	775.15	4.6330	4.5602
848137739226	1272.29	721.02	1271.59	801.04	4.6309	4.5302
848137747558	1274.87	714.39	1272.74	808.69	4.6403	4.5322
848137755891	1278.31	710.60	1270.67	786.25	4.6216	4.5466
848137764228	1268.17	710.41	1274.93	783.75	4.6546	4.5593
848137772562	1276.72	719.21	1275.06	781.97	4.6383	4.5564
848137780894	1269.55	717.62	1270.68	792.48	4.6356	4.5525
848137789227	1272.33	711.56	1271.36	802.93	4.6388	4.5586
848137797560	1274.41	720.62	1268.09	790.58	4.6583	4.5518
848137805894	1266.11	727.19	1274.11	777.66	4.6461	4.5664
848137814227	1267.43	720.18	1266.37	807.81	4.6388	4.5683
848137822558	1270.34	719.16	1258.63	796.26	4.6647	4.5580
848137830900	1263.49	727.39	1270.14	775.77	4.6524	4.5750
848137839234	1266.47	715.58	1271.65	813.56	4.6485	4.5765
848137847565	1265.53	724.27	1263.82	796.47	4.6496	4.5751
848137855899	1266.95	732.28	1268.35	781.50	4.6470	4.5794
848137864230	1264.18	726.03	1264.46	801.87	4.6795	4.5855
848137872564	1264.85	713.30	1253.10	800.33	4.6698	4.5878
848137880897	1260.41	737.56	1270.90	782.00	4.6692	4.5820
848137889235	1265.69	717.34	1265.61	817.57	4.6727	4.5872
848137897568	1275.07	723.18	1260.88	793.71	4.7071	4.5706
848137905902	1275.38	727.60	1263.88	791.40	4.6752	4.5850
848137914233	1270.40	725.75	1257.39	806.50	4.6854	4.5926
848137922566	1272.30	721.72	1260.74	799.53	4.7047	4.6085
848137930899	1266.34	709.80	1262.09	820.98	4.7155	4.6151
848137939232	1269.71	723.91	1253.68	801.53	4.6994	4.6072
848137947565	1272.88	731.64	1261.02	793.04	4.6933	4.5928
848137955899	1268.41	741.47	1258.43	810.93	4.6727	4.6033
848137964232	1266.70	736.54	1270.92	787.47	4.6884	4.6098
848137972565	1269.71	720.91	1264.30	823.74	4.6993	4.6017
848137980898	1261.52	740.75	1267.29	804.48	4.6882	4.6120
848137989231	1267.22	732.51	1265.17	798.60	4.7104	4.6221
848137997563	1275.65	729.68	1256.12	816.61	4.7312	4.6325
848138005897	1268.11	743.30	1261.73	787.91	4.7117	4.6269
848138014230	1277.75	738.47	1257.08	818.51	4.7295	4.6256
848138022567	1268.08	740.64	1259.05	790.69	4.7107	4.6483
848138030900	1263.60	724.03	1269.71	825.01	4.7445	4.6548
848138039231	1273.60	728.96	1262.35	795.12	4.7189	4.6617
848138047564	1272.62	731.79	1266.09	808.13	4.7489	4.6429
848138055898	1267.06	731.11	1251.02	815.99	4.7086	4.6582
848138064231	1262.64	731.54	1265.39	806.89	4.7437	4.6577
848138072565	1274.86	737.76	1260.18	781.51	4.7404	4.6602
848138080897	1265.67	739.88	1272.44	799.80	4.7331	4.6734
848138089230	1267.83	750.06	1259.51	803.20	4.7547	4.6658
848138097563	1278.45	741.01	1262.15	802.43	4.7436	4.6659
848138105897	1279.77	741.97	1258.35	809.77	4.7725	4.6790
848138114230	1277.82	751.90	1263.06	811.40	4.7556	4.6825
848138122564	1266.07	740.18	1269.48	801.94	4.7491	4.6869
848138130897	1273.97	742.84	1279.67	790.59	4.7791	4.6894
848138139230	1262.55	742.18	1274.43	784.72	4.7606	4.6987
848138147564	1267.40	735.72	1276.41	770.36	4.7871	4.7208
848138155902	1267.60	716.97	1278.96	741.28	4.8265	4.8074
848138164235	1260.07	723.20	1262.92	790.14	4.7681	4.7811
848138172569	1248.38	763.26	1233.39	896.32	4.6886	4.4415
848138180901	NaN	NaN	NaN	NaN	NaN	NaN
848138189235	NaN	NaN	NaN	NaN	NaN	NaN
848138197569	NaN	NaN	NaN	NaN	NaN	NaN
848138205901	NaN	NaN	NaN	NaN	NaN	NaN
848138214235	NaN	NaN	NaN	NaN	NaN	NaN
848138222568	NaN	NaN	NaN	NaN	NaN	NaN
848138230902	NaN	NaN	NaN	NaN	NaN	NaN
848138239234	NaN	NaN	NaN	NaN	NaN	NaN
848138247568	NaN	NaN	NaN	NaN	NaN	NaN
848138255901	NaN	NaN	NaN	NaN	NaN	NaN
848138264234	NaN	NaN	NaN	NaN	NaN	NaN
848138272567	NaN	NaN	NaN	NaN	NaN	NaN
848138280901	NaN	NaN	NaN	NaN	NaN	NaN
848138289239	NaN	NaN	NaN	NaN	NaN	NaN
848138297573	NaN	NaN	NaN	NaN	NaN	NaN
848138305905	NaN	NaN	NaN	NaN	NaN	NaN
848138314238	NaN	NaN	NaN	NaN	NaN	NaN
848138322572	NaN	NaN	NaN	NaN	NaN	NaN
848138330905	NaN	NaN	NaN	NaN	NaN	NaN
848138339238	NaN	NaN	NaN	NaN	NaN	NaN
848138347572	NaN	NaN	NaN	NaN	NaN	NaN
848138355904	NaN	NaN	NaN	NaN	NaN	NaN
848138364238	NaN	NaN	NaN	NaN	NaN	NaN
848138372572	NaN	NaN	NaN	NaN	NaN	NaN
848138380905	NaN	NaN	NaN	NaN	NaN	NaN
848138389242	NaN	NaN	NaN	NaN	NaN	NaN
848138397576	NaN	NaN	982.08	1099.91	NaN	3.5568
848138405908	NaN	NaN	1037.47	1023.97	NaN	3.8603
848138414247	NaN	NaN	1000.39	1001.84	NaN	3.9063
848138422582	NaN	NaN	1104.69	921.39	NaN	4.3713
848138430907	NaN	NaN	1188.88	950.58	NaN	4.5089
848138439242	NaN	NaN	1165.66	846.98	NaN	4.6890
848138447576	NaN	NaN	1209.85	851.14	NaN	4.7973
848138455909	NaN	NaN	1239.40	812.26	NaN	4.8948
848138464243	NaN	NaN	1234.91	778.69	NaN	4.9464
848138472574	NaN	NaN	1243.41	784.70	NaN	4.9679
848138480909	NaN	NaN	1241.10	791.30	NaN	5.0141
848138489243	NaN	NaN	1243.90	778.14	NaN	4.9872
848138497576	NaN	NaN	1249.93	806.71	NaN	4.9250
848138505909	NaN	NaN	1245.51	824.09	NaN	4.8958
848138514243	NaN	NaN	1230.99	818.21	NaN	4.8775
848138522576	NaN	NaN	NaN	NaN	NaN	NaN
848138530909	NaN	NaN	NaN	NaN	NaN	NaN
848138539245	NaN	NaN	NaN	NaN	NaN	NaN
848138547581	NaN	NaN	NaN	NaN	NaN	NaN
848138555914	NaN	NaN	NaN	NaN	NaN	NaN
848138564248	NaN	NaN	NaN	NaN	NaN	NaN
848138572581	NaN	NaN	NaN	NaN	NaN	NaN
848138580914	NaN	NaN	NaN	NaN	NaN	NaN
848138589247	NaN	NaN	NaN	NaN	NaN	NaN
848138597580	NaN	NaN	NaN	NaN	NaN	NaN
848138605914	NaN	NaN	NaN	NaN	NaN	NaN
848138614248	NaN	NaN	NaN	NaN	NaN	NaN
848138622581	NaN	NaN	NaN	NaN	NaN	NaN
848138630913	NaN	NaN	NaN	NaN	NaN	NaN
848138639247	NaN	NaN	NaN	NaN	NaN	NaN
848138647580	NaN	NaN	NaN	NaN	NaN	NaN
848138655913	NaN	NaN	NaN	NaN	NaN	NaN
848138664246	NaN	NaN	NaN	NaN	NaN	NaN
848138672579	NaN	NaN	NaN	NaN	NaN	NaN
848138680918	NaN	NaN	NaN	NaN	NaN	NaN
848138689251	NaN	NaN	NaN	NaN	NaN	NaN
848138697585	NaN	NaN	NaN	NaN	NaN	NaN
848138705917	NaN	NaN	NaN	NaN	NaN	NaN
848138714250	NaN	NaN	NaN	NaN	NaN	NaN
848138722584	NaN	NaN	NaN	NaN	NaN	NaN
848138730917	NaN	NaN	1249.57	1040.98	NaN	3.9624
848138739250	NaN	NaN	NaN	NaN	NaN	NaN
848138747587	NaN	NaN	1221.54	918.07	NaN	4.5433
848138755912	NaN	NaN	1305.08	857.73	NaN	4.8028
848138764246	NaN	NaN	1263.28	853.94	NaN	4.8239
848138772588	NaN	NaN	1296.26	791.92	NaN	5.0113
848138780921	NaN	NaN	1281.47	781.76	NaN	5.0774
848138789255	NaN	NaN	1277.78	744.50	NaN	5.1622
848138797588	NaN	NaN	1284.61	783.07	NaN	5.1150
848138805921	NaN	NaN	1291.92	795.37	NaN	5.0777
848138814258	NaN	NaN	1292.04	796.81	NaN	5.0794
848138822591	NaN	NaN	1284.58	774.28	NaN	5.1370
848138830924	NaN	NaN	1278.30	762.87	NaN	5.1855
848138839258	NaN	NaN	1281.51	755.95	NaN	5.1849
848138847591	NaN	NaN	1280.87	749.61	NaN	5.1819
848138855924	NaN	NaN	1279.62	745.16	NaN	5.2255
848138864257	NaN	NaN	1278.39	746.54	NaN	5.1944
848138872581	NaN	NaN	1276.96	723.73	NaN	5.2321
848138880915	NaN	NaN	1276.61	710.99	NaN	5.2573
848138889248	NaN	NaN	1268.04	720.67	NaN	5.2777
848138897581	NaN	NaN	1273.98	727.04	NaN	5.2810
848138905915	NaN	NaN	1284.11	731.88	NaN	5.2437
848138914248	NaN	NaN	1275.33	713.82	NaN	5.2878
848138922581	NaN	NaN	1280.80	713.23	NaN	5.2788
848138930915	NaN	NaN	1278.95	718.03	NaN	5.2667
848138939253	NaN	NaN	1285.14	713.90	NaN	5.2940
848138947586	NaN	NaN	1277.76	725.81	NaN	5.2901
848138955928	NaN	NaN	1279.20	732.62	NaN	5.2709
848138964261	NaN	NaN	1277.57	709.09	NaN	5.3009
848138972586	NaN	NaN	1276.41	715.81	NaN	5.3085
848138980920	NaN	NaN	1282.32	714.57	NaN	5.2974
848138989253	NaN	NaN	1286.42	715.60	NaN	5.2975
848138997586	NaN	NaN	1278.83	712.44	NaN	5.3315
848139005919	NaN	NaN	1285.04	726.45	NaN	5.2985
848139014253	NaN	NaN	1283.24	723.70	NaN	5.3164
848139022585	NaN	NaN	1279.93	731.86	NaN	5.2856
848139030919	NaN	NaN	1282.68	714.03	NaN	5.3229
848139039252	NaN	NaN	1291.08	727.33	NaN	5.2880
848139047585	NaN	NaN	1289.56	723.89	NaN	5.2894
848139055918	NaN	NaN	1287.25	729.82	NaN	5.2986
848139064252	NaN	NaN	1286.20	718.95	NaN	5.3346
848139072590	NaN	NaN	1291.82	725.48	NaN	5.3074
848139080924	NaN	NaN	1283.51	727.52	NaN	5.3313
848139089257	NaN	NaN	1294.29	732.58	NaN	5.3105
848139097589	NaN	NaN	1278.46	725.87	NaN	5.3286
848139105923	NaN	NaN	1279.90	726.78	NaN	5.3326
848139114256	NaN	NaN	1285.98	721.18	NaN	5.3230
848139122589	NaN	NaN	1289.12	715.11	NaN	5.3468
848139130922	NaN	NaN	1293.14	724.47	NaN	5.3339
848139139256	NaN	NaN	1286.32	728.94	NaN	5.3109
848139147589	NaN	NaN	1288.85	716.56	NaN	5.3371
848139155923	NaN	NaN	1291.92	706.73	NaN	5.3590
848139164257	NaN	NaN	1294.91	713.39	NaN	5.3394
848139172590	NaN	NaN	1277.42	733.78	NaN	5.3260
848139180924	NaN	NaN	1285.35	742.07	NaN	5.3202
848139189264	NaN	NaN	1290.32	727.83	NaN	5.3163
848139197589	NaN	NaN	1285.36	719.60	NaN	5.3224
848139205936	NaN	NaN	1285.28	718.94	NaN	5.3100
848139214269	NaN	NaN	1296.08	724.07	NaN	5.2919
848139222602	NaN	NaN	1297.08	719.20	NaN	5.3016
848139230935	NaN	NaN	1295.67	724.98	NaN	5.2990
848139239269	NaN	NaN	1294.36	734.43	NaN	5.2701
848139247594	NaN	NaN	1296.35	729.85	NaN	5.2546
848139255934	NaN	NaN	1289.48	739.70	NaN	5.2302
848139264268	NaN	NaN	1286.36	740.97	NaN	5.2430
848139272601	NaN	NaN	1293.21	745.42	NaN	5.2155
848139280935	NaN	NaN	1294.96	747.87	NaN	5.2004
848139289268	NaN	NaN	1289.52	739.74	NaN	5.2215
848139297602	NaN	NaN	1290.04	740.11	NaN	5.2102
848139305934	NaN	NaN	1282.32	749.89	NaN	5.1564
848139314268	NaN	NaN	1285.57	744.31	NaN	5.1680
848139322601	NaN	NaN	1285.33	739.83	NaN	5.1773
848139330934	NaN	NaN	1285.93	748.92	NaN	5.1548
848139339271	NaN	NaN	1287.88	744.80	NaN	5.1493
848139347604	NaN	NaN	1295.81	763.05	NaN	5.1201
848139355938	NaN	NaN	1287.83	762.73	NaN	5.1314
848139364271	NaN	NaN	1289.53	759.78	NaN	5.1226
848139372604	NaN	NaN	1285.97	762.02	NaN	5.1053
848139380937	NaN	NaN	1287.59	770.49	NaN	5.1158
848139389271	NaN	NaN	1288.59	761.81	NaN	5.0871
848139397604	NaN	NaN	1284.39	771.95	NaN	5.0826
848139405937	NaN	NaN	1283.90	771.44	NaN	5.0822
848139414270	NaN	NaN	1280.14	759.85	NaN	5.0765
848139422603	NaN	NaN	1287.19	759.21	NaN	5.0700
848139430937	NaN	NaN	1297.83	754.49	NaN	5.0671
848139439270	NaN	NaN	1290.24	761.27	NaN	5.0653
848139447603	NaN	NaN	1289.76	779.61	NaN	5.0501
848139455937	NaN	NaN	1285.54	766.43	NaN	5.0381
848139464275	NaN	NaN	1288.38	770.35	NaN	5.0420
848139472608	NaN	NaN	1282.56	767.67	NaN	5.0555
848139480941	NaN	NaN	1286.80	768.06	NaN	5.0434
848139489275	NaN	NaN	1280.64	764.81	NaN	5.0364
848139497608	NaN	NaN	1273.13	771.46	NaN	5.0498
848139505941	NaN	NaN	1280.76	758.57	NaN	5.0278
848139514274	NaN	NaN	1274.22	774.26	NaN	5.0342
848139522607	NaN	NaN	1276.69	766.15	NaN	5.0149
848139530941	NaN	NaN	1276.37	773.90	NaN	5.0150
848139539274	NaN	NaN	1274.68	773.60	NaN	5.0324
848139547608	NaN	NaN	1274.33	780.29	NaN	5.0073
848139555942	NaN	NaN	1278.78	783.07	NaN	5.0076
848139564275	NaN	NaN	1284.26	774.12	NaN	5.0173
848139572607	NaN	NaN	1276.35	776.09	NaN	5.0180
848139580941	NaN	NaN	1282.30	766.21	NaN	5.0106
848139589274	NaN	NaN	1282.60	764.20	NaN	5.0164
848139597612	NaN	NaN	1280.72	767.13	NaN	5.0204
848139605946	NaN	NaN	1280.37	775.47	NaN	5.0310
848139614279	NaN	NaN	1279.75	780.08	NaN	5.0208
848139622612	NaN	NaN	1280.23	785.63	NaN	5.0334
848139630945	NaN	NaN	1273.34	784.14	NaN	5.0161
848139639279	NaN	NaN	1270.61	768.80	NaN	5.0372
848139647611	NaN	NaN	1280.85	764.37	NaN	5.0228
848139655945	NaN	NaN	1284.28	766.52	NaN	5.0202
848139664278	NaN	NaN	1279.71	769.05	NaN	5.0154
848139672611	NaN	NaN	1284.95	769.97	NaN	5.0122
848139680945	NaN	NaN	1278.60	772.30	NaN	5.0146
848139689277	NaN	NaN	1270.39	770.58	NaN	5.0240
848139697611	NaN	NaN	1272.90	765.90	NaN	5.0305
848139705945	NaN	NaN	1277.75	767.83	NaN	5.0278
848139714277	NaN	NaN	1278.67	759.47	NaN	5.0260
848139722610	NaN	NaN	1277.05	775.26	NaN	5.0219
848139730949	NaN	NaN	1282.29	768.86	NaN	5.0197
848139739282	NaN	NaN	1280.26	775.75	NaN	5.0389
848139747615	NaN	NaN	1277.41	765.21	NaN	5.0292
848139755948	NaN	NaN	1271.93	765.63	NaN	5.0437
848139764282	NaN	NaN	1274.54	767.03	NaN	5.0509
848139772615	NaN	NaN	1276.99	774.35	NaN	5.0577
848139780948	NaN	NaN	1280.03	775.77	NaN	5.0521
848139789282	NaN	NaN	1277.19	779.01	NaN	5.0505
848139797615	NaN	NaN	1276.23	779.78	NaN	5.0638
848139805947	NaN	NaN	1271.63	772.67	NaN	5.0729
848139814281	NaN	NaN	1280.29	770.02	NaN	5.0564
848139822615	NaN	NaN	1277.10	773.11	NaN	5.0715
848139830948	NaN	NaN	1277.06	773.14	NaN	5.0677
848139839281	NaN	NaN	1266.52	773.34	NaN	5.0853
848139847614	NaN	NaN	1265.74	774.35	NaN	5.0934
848139855952	NaN	NaN	1269.16	770.73	NaN	5.0847
848139864284	NaN	NaN	1271.07	763.06	NaN	5.0759
848139872618	NaN	NaN	1263.39	764.97	NaN	5.0931
848139880952	NaN	NaN	1269.55	766.30	NaN	5.0791
848139889285	NaN	NaN	1270.39	763.30	NaN	5.0898
848139897618	NaN	NaN	1264.38	777.75	NaN	5.1061
848139905952	NaN	NaN	1269.40	774.24	NaN	5.0885
848139914284	NaN	NaN	1265.54	774.60	NaN	5.1027
848139922617	NaN	NaN	1267.42	776.34	NaN	5.0914
848139930951	NaN	NaN	1267.14	778.95	NaN	5.1078
848139939285	NaN	NaN	1259.69	779.04	NaN	5.1276
848139947618	NaN	NaN	1268.29	778.04	NaN	5.1195
848139955951	NaN	NaN	1267.32	776.37	NaN	5.1336
848139964284	NaN	NaN	1272.45	772.27	NaN	5.1172
848139972617	NaN	NaN	1263.35	778.93	NaN	5.1493
848139980950	NaN	NaN	1262.13	777.67	NaN	5.1438
848139989289	NaN	NaN	1275.88	772.52	NaN	5.1221
848139997622	NaN	NaN	1261.77	774.15	NaN	5.1477
848140005955	NaN	NaN	1264.30	777.68	NaN	5.1645
848140014288	NaN	NaN	1262.31	774.74	NaN	5.1595
848140022622	NaN	NaN	1271.75	776.09	NaN	5.1596
848140030955	NaN	NaN	1270.85	780.28	NaN	5.1740
848140039287	NaN	NaN	1272.93	774.22	NaN	5.1644
848140047621	NaN	NaN	1279.23	776.87	NaN	5.1681
848140055954	NaN	NaN	1265.08	795.75	NaN	5.1770
848140064287	NaN	NaN	1253.08	807.06	NaN	5.1929
848140072621	NaN	NaN	1268.04	797.77	NaN	5.1929
848140080954	NaN	NaN	1267.08	792.37	NaN	5.2089
848140089287	NaN	NaN	1261.92	792.55	NaN	5.2041
848140097621	NaN	NaN	1257.66	793.48	NaN	5.2298
848140105954	NaN	NaN	1264.43	786.84	NaN	5.2171
848140114287	NaN	NaN	1263.28	780.05	NaN	5.2322
848140122625	NaN	NaN	1260.54	781.08	NaN	5.2336
848140130958	NaN	NaN	1268.12	778.59	NaN	5.2247
848140139291	NaN	NaN	1262.41	794.17	NaN	5.2310
848140147625	NaN	NaN	1263.23	791.84	NaN	5.2383
848140155958	NaN	NaN	1265.56	800.34	NaN	5.2330
848140164291	NaN	NaN	1271.07	789.37	NaN	5.2513
848140172625	NaN	NaN	1264.05	781.26	NaN	5.2538
848140180958	NaN	NaN	1260.09	773.28	NaN	5.2451
848140189292	NaN	NaN	1259.85	777.84	NaN	5.2639
848140197625	NaN	NaN	1259.12	778.86	NaN	5.2714
848140205958	NaN	NaN	1255.50	778.56	NaN	5.2768
848140214291	NaN	NaN	1264.57	780.22	NaN	5.2759
848140222624	NaN	NaN	1256.60	783.13	NaN	5.2720
848140230957	NaN	NaN	1260.14	782.98	NaN	5.2688
848140239290	NaN	NaN	1256.33	786.56	NaN	5.2728
848140247623	NaN	NaN	1255.92	789.56	NaN	5.2911
848140255962	NaN	NaN	1260.16	772.94	NaN	5.2840
848140264295	NaN	NaN	1264.65	774.87	NaN	5.2871
848140272628	NaN	NaN	1257.83	782.22	NaN	5.2955
848140280954	NaN	NaN	1265.40	789.56	NaN	5.2804
848140289287	NaN	NaN	1257.69	779.97	NaN	5.3178
848140297620	NaN	NaN	1261.24	781.96	NaN	5.2975
848140305952	NaN	NaN	1255.57	785.44	NaN	5.3224
848140314288	NaN	NaN	1259.77	772.32	NaN	5.3080
848140322621	NaN	NaN	1268.75	773.51	NaN	5.2958
848140330954	NaN	NaN	1259.67	780.91	NaN	5.3093
848140339288	NaN	NaN	1253.90	791.51	NaN	5.3235
848140347621	NaN	NaN	1253.50	782.87	NaN	5.3221
848140355954	NaN	NaN	1261.94	781.92	NaN	5.3287
848140364287	NaN	NaN	1259.51	772.42	NaN	5.3127
848140372620	NaN	NaN	1255.62	776.39	NaN	5.3268
848140380957	NaN	NaN	1261.26	777.03	NaN	5.3219
848140389290	NaN	NaN	1255.53	791.54	NaN	5.3437
848140397624	NaN	NaN	1258.87	778.06	NaN	5.3357
848140405958	NaN	NaN	1262.43	778.25	NaN	5.3224
848140414291	NaN	NaN	1258.71	774.44	NaN	5.3380
848140422624	NaN	NaN	1258.19	784.80	NaN	5.3336
848140430956	NaN	NaN	1262.70	779.19	NaN	5.3371
848140439289	NaN	NaN	1252.62	797.39	NaN	5.3689
848140447622	NaN	NaN	1253.53	790.09	NaN	5.3489
848140455955	NaN	NaN	1253.98	791.89	NaN	5.3500
848140464297	NaN	NaN	1258.97	795.42	NaN	5.3415
848140472630	NaN	NaN	1250.12	807.09	NaN	5.3591
848140480964	NaN	NaN	1257.10	784.20	NaN	5.3449
848140489297	NaN	NaN	1258.16	788.73	NaN	5.3430
848140497630	NaN	NaN	1252.60	783.95	NaN	5.3615
848140505961	NaN	NaN	1261.67	788.19	NaN	5.3625
848140514298	NaN	NaN	1261.57	790.51	NaN	5.3520
848140522632	NaN	NaN	1253.89	793.37	NaN	5.3807
848140530965	NaN	NaN	1259.77	784.99	NaN	5.3723
848140539299	NaN	NaN	1268.68	789.46	NaN	5.3480
848140547631	NaN	NaN	1264.27	789.77	NaN	5.3738
848140555962	NaN	NaN	1254.93	788.68	NaN	5.3954
848140564296	NaN	NaN	1261.73	786.82	NaN	5.3766
848140572630	NaN	NaN	1257.71	788.32	NaN	5.3976
848140580962	NaN	NaN	1260.41	783.40	NaN	5.4033
848140589296	NaN	NaN	1263.07	786.27	NaN	5.3980
848140597629	NaN	NaN	1259.78	791.72	NaN	5.4016
848140605963	NaN	NaN	1261.93	788.28	NaN	5.3906
848140614296	NaN	NaN	1267.34	788.93	NaN	5.3839
848140622629	NaN	NaN	1260.77	789.45	NaN	5.4193
848140630961	NaN	NaN	NaN	NaN	NaN	NaN
848140639295	NaN	NaN	1261.67	791.77	NaN	5.4037
848140647633	NaN	NaN	1266.18	784.15	NaN	5.4030
848140655966	NaN	NaN	1262.38	784.13	NaN	5.4114
848140664299	NaN	NaN	1256.05	787.04	NaN	5.4190
848140672632	NaN	NaN	1257.17	795.27	NaN	5.4308
848140680966	NaN	NaN	1263.86	791.02	NaN	5.4133
848140689299	NaN	NaN	1260.27	791.61	NaN	5.4260
848140697633	NaN	NaN	1252.61	794.39	NaN	5.4330
848140705966	NaN	NaN	1251.82	790.51	NaN	5.4295
848140714299	NaN	NaN	1258.70	795.83	NaN	5.4230
848140722632	NaN	NaN	1265.97	791.12	NaN	5.4157
848140730966	NaN	NaN	1256.43	794.88	NaN	5.4335
848140739299	NaN	NaN	1257.72	794.87	NaN	5.4396
848140747631	NaN	NaN	1268.28	789.81	NaN	5.4283
848140755964	NaN	NaN	1257.35	792.89	NaN	5.4412
848140764298	NaN	NaN	1263.46	786.16	NaN	5.4354
848140772631	NaN	NaN	1269.22	786.74	NaN	5.4595
848140780967	NaN	NaN	1260.97	785.13	NaN	5.4586
848140789300	NaN	NaN	1256.87	792.93	NaN	5.4598
848140797633	NaN	NaN	1249.52	799.04	NaN	5.4604
848140805966	NaN	NaN	1266.97	780.99	NaN	5.4588
848140814300	NaN	NaN	1272.22	796.54	NaN	5.4647
848140822633	NaN	NaN	1268.14	792.68	NaN	5.4447
848140830965	NaN	NaN	1264.93	789.16	NaN	5.4632
848140839299	NaN	NaN	1268.51	794.04	NaN	5.4598
848140847632	NaN	NaN	1270.97	773.69	NaN	5.4765
848140855965	NaN	NaN	1278.74	738.22	NaN	5.4534
848140864299	NaN	NaN	1261.23	735.07	NaN	5.4560
848140872632	NaN	NaN	1273.23	734.68	NaN	5.4701
848140880963	NaN	NaN	1274.50	738.37	NaN	5.4748
848140889297	NaN	NaN	1268.75	744.17	NaN	5.4798
848140897630	NaN	NaN	1261.62	749.44	NaN	5.4810
848140905969	NaN	NaN	1267.05	741.67	NaN	5.4767
848140914302	NaN	NaN	1275.82	739.36	NaN	5.4684
848140922635	NaN	NaN	1272.26	738.69	NaN	5.4813
848140930968	NaN	NaN	1264.56	732.57	NaN	5.4798
848140939302	NaN	NaN	1270.36	731.96	NaN	5.4962
848140947635	NaN	NaN	1269.70	738.94	NaN	5.4726
848140955969	NaN	NaN	1265.38	734.23	NaN	5.4951
848140964303	NaN	NaN	1263.61	720.59	NaN	5.5102
848140972636	NaN	NaN	1248.20	721.58	NaN	5.5338
848140980969	NaN	NaN	1280.35	815.37	NaN	5.2730
848140989303	NaN	NaN	NaN	NaN	NaN	NaN
848140997636	NaN	NaN	NaN	NaN	NaN	NaN
848141005970	NaN	NaN	NaN	NaN	NaN	NaN
848141014303	NaN	NaN	NaN	NaN	NaN	NaN
848141022635	NaN	NaN	NaN	NaN	NaN	NaN
848141030969	NaN	NaN	NaN	NaN	NaN	NaN
848141039310	NaN	NaN	NaN	NaN	NaN	NaN
848141047643	NaN	NaN	NaN	NaN	NaN	NaN
848141055977	NaN	NaN	NaN	NaN	NaN	NaN
848141064310	NaN	NaN	NaN	NaN	NaN	NaN
848141072643	NaN	NaN	NaN	NaN	NaN	NaN
848141080977	NaN	NaN	NaN	NaN	NaN	NaN
848141089310	NaN	NaN	NaN	NaN	NaN	NaN
848141097643	NaN	NaN	NaN	NaN	NaN	NaN
848141105976	NaN	NaN	NaN	NaN	NaN	NaN
848141114310	NaN	NaN	NaN	NaN	NaN	NaN
848141122643	NaN	NaN	NaN	NaN	NaN	NaN
848141130976	NaN	NaN	NaN	NaN	NaN	NaN
848141139309	NaN	NaN	NaN	NaN	NaN	NaN
848141147642	NaN	NaN	NaN	NaN	NaN	NaN
848141155975	NaN	NaN	NaN	NaN	NaN	NaN
848141164309	NaN	NaN	NaN	NaN	NaN	NaN
848141172645	NaN	NaN	NaN	NaN	NaN	NaN
848141180978	NaN	NaN	NaN	NaN	NaN	NaN
848141189312	NaN	NaN	1305.78	833.17	NaN	5.2387
848141197645	NaN	NaN	1306.89	876.12	NaN	5.1668
848141205978	NaN	NaN	1286.09	844.66	NaN	5.3140
848141214314	NaN	NaN	1271.99	771.18	NaN	5.4732
848141222647	NaN	NaN	1260.44	779.34	NaN	5.4603
848141230981	NaN	NaN	1264.29	744.66	NaN	5.5508
848141239314	NaN	NaN	1268.26	749.53	NaN	5.5493
848141247650	NaN	NaN	1251.81	713.72	NaN	5.6184
848141255984	NaN	NaN	1244.45	736.12	NaN	5.5811
848141264316	NaN	NaN	1254.36	732.26	NaN	5.6014
848141272649	NaN	NaN	1245.69	722.87	NaN	5.6239
848141280983	NaN	NaN	1242.06	741.75	NaN	5.6080
848141289316	NaN	NaN	1242.24	718.77	NaN	5.6288
848141297654	NaN	NaN	1247.68	737.86	NaN	5.6026
848141305988	NaN	NaN	1245.12	742.90	NaN	5.5880
848141314321	NaN	NaN	1238.60	731.69	NaN	5.6176
848141322654	NaN	NaN	1239.18	767.74	NaN	5.5561
848141330988	NaN	NaN	1255.12	764.60	NaN	5.5559
848141339321	NaN	NaN	1235.36	752.89	NaN	5.5833
848141347655	NaN	NaN	1247.42	761.38	NaN	5.5679
848141355989	NaN	NaN	1245.38	759.67	NaN	5.5895
848141364322	NaN	NaN	1250.49	751.88	NaN	5.5725
848141372655	NaN	NaN	1246.39	751.41	NaN	5.5738
848141380989	NaN	NaN	1251.28	773.23	NaN	5.5772
848141389321	NaN	NaN	1252.85	766.32	NaN	5.5617
848141397655	NaN	NaN	1256.10	756.81	NaN	5.5814
848141405988	NaN	NaN	1249.21	762.13	NaN	5.5570
848141414321	NaN	NaN	1248.02	765.68	NaN	5.5589
848141422654	NaN	NaN	1249.53	762.68	NaN	5.5520
848141430991	NaN	NaN	1257.41	765.01	NaN	5.5824
848141439323	NaN	NaN	1247.23	770.11	NaN	5.5734
848141447657	NaN	NaN	1252.05	764.31	NaN	5.5629
848141455982	NaN	NaN	1239.03	768.74	NaN	5.5580
848141464315	NaN	NaN	1241.42	776.48	NaN	5.5730
848141472648	NaN	NaN	1248.29	784.91	NaN	5.5580
848141480982	NaN	NaN	1250.12	788.68	NaN	5.5563
848141489315	NaN	NaN	1241.96	781.46	NaN	5.5660
848141497649	NaN	NaN	1238.76	782.92	NaN	5.5711
848141505982	NaN	NaN	1247.39	776.77	NaN	5.5609
848141514315	NaN	NaN	1253.96	774.03	NaN	5.5608
848141522648	NaN	NaN	1248.30	771.98	NaN	5.5814
848141530981	NaN	NaN	1244.83	762.59	NaN	5.5821
848141539314	NaN	NaN	1245.79	772.18	NaN	5.5683
848141547647	NaN	NaN	1245.14	768.04	NaN	5.5753
848141555980	NaN	NaN	1246.43	777.10	NaN	5.5788
848141564320	NaN	NaN	1251.21	770.78	NaN	5.5716
848141572653	NaN	NaN	1248.92	772.71	NaN	5.5755
848141580986	NaN	NaN	1256.06	775.30	NaN	5.5789
848141589320	NaN	NaN	1254.52	772.48	NaN	5.5682
848141597654	NaN	NaN	1256.96	778.07	NaN	5.5743
848141605986	NaN	NaN	1254.99	774.01	NaN	5.5739
848141614320	NaN	NaN	1251.97	784.72	NaN	5.5712
848141622653	NaN	NaN	1248.41	786.84	NaN	5.5607
848141630986	NaN	NaN	1250.30	786.81	NaN	5.5687
848141639321	NaN	NaN	1252.75	783.41	NaN	5.5698
848141647654	NaN	NaN	1249.58	783.97	NaN	5.5744
848141655987	NaN	NaN	1248.46	782.96	NaN	5.5692
848141664320	NaN	NaN	1252.44	778.88	NaN	5.5665
848141672653	NaN	NaN	1252.73	784.76	NaN	5.5603
848141680987	NaN	NaN	1256.19	784.21	NaN	5.5611
848141689320	NaN	NaN	1250.79	784.98	NaN	5.5674
848141697658	NaN	NaN	1250.83	788.88	NaN	5.5645
848141705992	NaN	NaN	1246.82	788.67	NaN	5.5702
848141714325	NaN	NaN	1250.06	787.10	NaN	5.5673
848141722658	NaN	NaN	1252.62	786.43	NaN	5.5549
848141730992	NaN	NaN	1242.71	783.89	NaN	5.5724
848141739323	NaN	NaN	1253.58	783.17	NaN	5.5474
848141747656	NaN	NaN	1251.70	781.00	NaN	5.5574
848141755989	NaN	NaN	1249.91	779.77	NaN	5.5574
848141764323	NaN	NaN	1254.42	775.41	NaN	5.5373
848141772656	NaN	NaN	1255.44	774.44	NaN	5.5523
848141780989	NaN	NaN	1258.12	773.16	NaN	5.5436
848141789324	NaN	NaN	1263.01	771.93	NaN	5.5434
848141797657	NaN	NaN	1264.89	773.34	NaN	5.5239
848141805991	NaN	NaN	1255.82	773.75	NaN	5.5431
848141814324	NaN	NaN	1256.98	774.96	NaN	5.5246
848141822660	NaN	NaN	1256.40	769.82	NaN	5.5317
848141830993	NaN	NaN	1243.09	776.85	NaN	5.5403
848141839327	NaN	NaN	1250.91	773.60	NaN	5.5267
848141847660	NaN	NaN	1251.82	778.75	NaN	5.5255
848141855993	NaN	NaN	1249.48	777.57	NaN	5.5222
848141864327	NaN	NaN	1250.98	779.88	NaN	5.5284
848141872660	NaN	NaN	1254.31	779.86	NaN	5.5241
848141880993	NaN	NaN	1251.54	785.08	NaN	5.5264
848141889327	NaN	NaN	1252.81	781.71	NaN	5.5206
848141897660	NaN	NaN	1258.05	782.76	NaN	5.5195
848141905994	NaN	NaN	1249.81	782.93	NaN	5.5284
848141914327	NaN	NaN	1252.84	777.95	NaN	5.5147
848141922659	NaN	NaN	1249.47	777.48	NaN	5.5225
848141930993	NaN	NaN	1250.99	773.28	NaN	5.5070
848141939326	NaN	NaN	1253.55	769.31	NaN	5.5108
848141947659	NaN	NaN	1254.27	775.68	NaN	5.5002
848141955999	NaN	NaN	1251.45	772.09	NaN	5.4972
848141964333	NaN	NaN	1255.39	770.84	NaN	5.4956
848141972666	NaN	NaN	1261.17	771.18	NaN	5.4830
848141980998	NaN	NaN	1253.89	772.77	NaN	5.4794
848141989331	NaN	NaN	1255.57	775.97	NaN	5.4930
848141997665	NaN	NaN	1256.65	773.28	NaN	5.4735
848142005998	NaN	NaN	1252.86	778.05	NaN	5.4737
848142014331	NaN	NaN	1257.41	776.63	NaN	5.4722
848142022665	NaN	NaN	1257.41	777.26	NaN	5.4679
848142030999	NaN	NaN	1247.30	782.81	NaN	5.4755
848142039331	NaN	NaN	1255.20	780.49	NaN	5.4624
848142047665	NaN	NaN	1244.90	783.45	NaN	5.4661
848142055998	NaN	NaN	1250.11	783.83	NaN	5.4596
848142064330	NaN	NaN	1251.08	783.74	NaN	5.4532
848142072664	NaN	NaN	1249.73	787.80	NaN	5.4694
848142080998	NaN	NaN	1252.02	785.81	NaN	5.4333
848142089335	NaN	NaN	1247.66	783.32	NaN	5.4446
848142097668	NaN	NaN	1245.49	792.71	NaN	5.4398
848142106002	NaN	NaN	1247.44	782.43	NaN	5.4279
848142114335	NaN	NaN	1244.29	785.31	NaN	5.4379
848142122668	NaN	NaN	1247.31	777.43	NaN	5.4351
848142131001	NaN	NaN	1247.63	777.23	NaN	5.4244
848142139334	NaN	NaN	1249.09	781.19	NaN	5.4267
848142147667	NaN	NaN	1249.14	775.49	NaN	5.4138
848142156000	NaN	NaN	1252.20	778.81	NaN	5.4132
848142164333	NaN	NaN	1250.46	776.47	NaN	5.4016
848142172667	NaN	NaN	1251.81	780.15	NaN	5.4002
848142181000	NaN	NaN	1251.82	781.18	NaN	5.3882
848142189334	NaN	NaN	1252.80	780.66	NaN	5.4020
848142197667	NaN	NaN	1254.14	786.15	NaN	5.3940
848142206000	NaN	NaN	1245.51	787.74	NaN	5.4012
848142214333	NaN	NaN	1252.99	784.23	NaN	5.3818
848142222671	NaN	NaN	1254.34	780.49	NaN	5.3787
848142231004	NaN	NaN	1255.25	778.62	NaN	5.3801
848142239337	NaN	NaN	1248.36	780.03	NaN	5.3939
848142247671	NaN	NaN	1252.21	785.13	NaN	5.3806
848142256004	NaN	NaN	1261.12	775.69	NaN	5.3644
848142264338	NaN	NaN	1251.85	778.16	NaN	5.3798
848142272671	NaN	NaN	1256.07	775.96	NaN	5.3718
848142281004	NaN	NaN	1249.98	777.97	NaN	5.3657
848142289338	NaN	NaN	1250.00	773.65	NaN	5.3604
848142297671	NaN	NaN	1246.85	779.62	NaN	5.3741
848142306004	NaN	NaN	1239.43	779.49	NaN	5.3775
848142314337	NaN	NaN	1245.39	773.58	NaN	5.3674
848142322671	NaN	NaN	1247.84	773.16	NaN	5.3617
848142331004	NaN	NaN	1244.38	774.28	NaN	5.3681
848142339338	NaN	NaN	1242.34	779.34	NaN	5.3759
848142347676	NaN	NaN	1248.85	776.02	NaN	5.3630
848142356009	NaN	NaN	1242.31	776.86	NaN	5.3719
848142364342	NaN	NaN	1250.14	776.90	NaN	5.3615
848142372676	NaN	NaN	1250.43	777.09	NaN	5.3739
848142381008	NaN	NaN	1258.65	769.60	NaN	5.3663
848142389342	NaN	NaN	1250.36	757.04	NaN	5.3735
848142397675	NaN	NaN	1244.30	760.88	NaN	5.3655
848142406008	NaN	NaN	1250.92	758.85	NaN	5.3472
848142414341	NaN	NaN	1248.47	758.03	NaN	5.3625
848142422675	NaN	NaN	1253.63	763.68	NaN	5.3639
848142431008	NaN	NaN	1249.50	760.60	NaN	5.3738
848142439342	NaN	NaN	1245.22	760.17	NaN	5.3837
848142447675	NaN	NaN	1246.06	761.67	NaN	5.3781
848142456007	NaN	NaN	1249.35	759.48	NaN	5.3832
848142464341	NaN	NaN	1252.07	758.94	NaN	5.3811
848142472673	NaN	NaN	1254.11	755.02	NaN	5.3727
848142481011	NaN	NaN	1252.94	755.70	NaN	5.3593
848142489345	NaN	NaN	1257.43	754.15	NaN	5.3603
848142497678	NaN	NaN	1253.67	758.73	NaN	5.3616
848142506011	NaN	NaN	1250.06	758.66	NaN	5.3718
848142514344	NaN	NaN	1254.15	755.37	NaN	5.3635
848142522678	NaN	NaN	1258.01	749.98	NaN	5.3578
848142531011	NaN	NaN	1257.21	750.93	NaN	5.3562
848142539344	NaN	NaN	1244.52	758.50	NaN	5.3961
848142547676	NaN	NaN	1248.86	762.77	NaN	5.3714
848142556010	NaN	NaN	1243.95	761.37	NaN	5.3945
848142564344	NaN	NaN	1248.13	763.17	NaN	5.3845
848142572677	NaN	NaN	1255.37	758.87	NaN	5.3687
848142581010	NaN	NaN	1251.43	761.07	NaN	5.3700
848142589343	NaN	NaN	1245.66	761.07	NaN	5.3754
848142597676	NaN	NaN	1252.45	756.06	NaN	5.3598
848142606010	NaN	NaN	1249.36	761.74	NaN	5.3705
848142614348	NaN	NaN	1251.38	757.98	NaN	5.3762
848142622681	NaN	NaN	1243.05	761.74	NaN	5.3723
848142631014	NaN	NaN	1243.79	757.82	NaN	5.3829
848142639347	NaN	NaN	1254.06	752.45	NaN	5.3737
848142647681	NaN	NaN	1250.15	754.51	NaN	5.3631
848142656014	NaN	NaN	1244.06	761.28	NaN	5.3918
848142664347	NaN	NaN	1249.34	751.75	NaN	5.3716
848142672680	NaN	NaN	1248.42	757.57	NaN	5.3892
848142681015	NaN	NaN	1248.19	752.95	NaN	5.3718
848142689349	NaN	NaN	1248.70	748.30	NaN	5.3684
848142697681	NaN	NaN	1248.75	754.76	NaN	5.3784
848142706014	NaN	NaN	1251.00	754.24	NaN	5.3642
848142714347	NaN	NaN	1252.72	752.68	NaN	5.3705
848142722680	NaN	NaN	1248.40	758.77	NaN	5.3745
848142731014	NaN	NaN	1259.10	745.34	NaN	5.3633
848142739351	NaN	NaN	1252.06	750.59	NaN	5.3750
848142747684	NaN	NaN	1250.79	747.88	NaN	5.3622
848142756018	NaN	NaN	1248.25	744.46	NaN	5.3774
848142764351	NaN	NaN	1245.54	739.54	NaN	5.3857
848142772685	NaN	NaN	1247.45	747.09	NaN	5.3838
848142781017	NaN	NaN	1246.01	749.99	NaN	5.3894
848142789350	NaN	NaN	1254.85	746.71	NaN	5.3742
848142797683	NaN	NaN	1250.57	748.20	NaN	5.3901
848142806017	NaN	NaN	1252.26	753.01	NaN	5.4037
848142814350	NaN	NaN	1255.11	750.78	NaN	5.3820
848142822684	NaN	NaN	1246.11	757.65	NaN	5.4095
848142831017	NaN	NaN	1249.17	753.99	NaN	5.4104
848142839351	NaN	NaN	1249.45	747.70	NaN	5.4069
848142847683	NaN	NaN	1251.51	743.28	NaN	5.3945
848142856016	NaN	NaN	1245.27	750.49	NaN	5.4125
848142864349	NaN	NaN	1254.57	748.27	NaN	5.4021
848142872686	NaN	NaN	1262.23	732.58	NaN	5.3956
848142881019	NaN	NaN	1259.22	723.23	NaN	5.4040
848142889352	NaN	NaN	1248.82	725.03	NaN	5.4178
848142897685	NaN	NaN	1257.66	720.82	NaN	5.4099
848142906019	NaN	NaN	1259.61	717.12	NaN	5.4140
848142914352	NaN	NaN	1252.14	723.56	NaN	5.4336
848142922685	NaN	NaN	1256.51	716.87	NaN	5.4253
848142931019	NaN	NaN	1246.32	720.38	NaN	5.4312
848142939351	NaN	NaN	1256.86	714.82	NaN	5.4249
848142947684	NaN	NaN	1251.54	717.58	NaN	5.4227
848142956018	NaN	NaN	1254.19	721.75	NaN	5.4151
848142964351	NaN	NaN	1247.99	729.18	NaN	5.4437
848142972685	NaN	NaN	1258.68	735.61	NaN	5.4221
848142981018	NaN	NaN	1248.65	734.76	NaN	5.4365
848142989351	NaN	NaN	1250.08	731.43	NaN	5.4578
848142997684	NaN	NaN	1256.00	719.12	NaN	5.4491
848143006025	NaN	NaN	1250.13	727.01	NaN	5.4659
848143014358	NaN	NaN	1256.10	713.38	NaN	5.4383
848143022691	NaN	NaN	1251.80	719.51	NaN	5.4700
848143031024	NaN	NaN	1247.82	724.61	NaN	5.4622
848143039358	NaN	NaN	1249.53	719.16	NaN	5.4459
848143047692	NaN	NaN	1254.57	720.28	NaN	5.4501
848143056024	NaN	NaN	1243.02	727.71	NaN	5.4546
848143064358	NaN	NaN	1248.36	724.99	NaN	5.4456
848143072692	NaN	NaN	1247.62	725.15	NaN	5.4509
848143081024	NaN	NaN	1246.25	725.06	NaN	5.4479
848143089358	NaN	NaN	1249.52	725.53	NaN	5.4379
848143097690	NaN	NaN	1253.92	729.19	NaN	5.4353
848143106023	NaN	NaN	1253.88	737.85	NaN	5.4380
848143114357	NaN	NaN	1250.91	734.08	NaN	5.4436
848143122690	NaN	NaN	1254.86	729.63	NaN	5.4390
848143131024	NaN	NaN	1255.47	738.09	NaN	5.4402
848143139361	NaN	NaN	1257.47	734.45	NaN	5.4385
848143147694	NaN	NaN	1254.16	730.10	NaN	5.4383
848143156027	NaN	NaN	1253.29	737.98	NaN	5.4533
848143164361	NaN	NaN	1255.80	731.00	NaN	5.4408
848143172694	NaN	NaN	1251.19	724.05	NaN	5.4391
848143181026	NaN	NaN	1251.86	724.88	NaN	5.4476
848143189360	NaN	NaN	1257.57	720.00	NaN	5.4294
848143197693	NaN	NaN	1256.77	715.56	NaN	5.4186
848143206026	NaN	NaN	1254.84	724.73	NaN	5.4298
848143214360	NaN	NaN	1254.87	721.37	NaN	5.4378
848143222693	NaN	NaN	1245.35	728.47	NaN	5.4434
848143231027	NaN	NaN	1252.68	723.50	NaN	5.4196
848143239360	NaN	NaN	1252.19	720.79	NaN	5.4333
848143247693	NaN	NaN	1253.57	716.08	NaN	5.4196
848143256026	NaN	NaN	1246.84	719.14	NaN	5.4342
848143264365	NaN	NaN	1251.31	720.82	NaN	5.4227
848143272699	NaN	NaN	1253.10	721.01	NaN	5.4255
848143281031	NaN	NaN	1254.26	720.77	NaN	5.4074
848143289365	NaN	NaN	1250.99	720.16	NaN	5.4179
848143297698	NaN	NaN	1251.58	722.41	NaN	5.4271
848143306031	NaN	NaN	1252.71	714.94	NaN	5.4094
848143314365	NaN	NaN	1246.86	724.29	NaN	5.4201
848143322698	NaN	NaN	1244.05	734.40	NaN	5.4317
848143331030	NaN	NaN	1240.33	716.82	NaN	5.4217
848143339364	NaN	NaN	1243.85	723.02	NaN	5.4399
848143347697	NaN	NaN	1237.43	716.47	NaN	5.4226
848143356031	NaN	NaN	1243.44	717.23	NaN	5.4175
848143364364	NaN	NaN	1248.46	711.23	NaN	5.4066
848143372697	NaN	NaN	1246.06	720.38	NaN	5.4336
848143381031	NaN	NaN	1245.16	717.01	NaN	5.4184
848143389365	NaN	NaN	1237.13	718.66	NaN	5.4404
848143397702	NaN	NaN	1245.04	715.38	NaN	5.4161
848143406035	NaN	NaN	1244.76	712.43	NaN	5.4238
848143414368	NaN	NaN	1243.37	716.83	NaN	5.4138
848143422701	NaN	NaN	1241.17	718.11	NaN	5.4173
848143431035	NaN	NaN	1240.66	715.54	NaN	5.4077
848143439368	NaN	NaN	1237.76	722.29	NaN	5.4352
848143447701	NaN	NaN	1242.69	719.35	NaN	5.4135
848143456034	NaN	NaN	1249.39	710.90	NaN	5.4010
848143464368	NaN	NaN	1245.35	723.22	NaN	5.4072
848143472701	NaN	NaN	1242.68	719.41	NaN	5.3994
848143481035	NaN	NaN	1251.14	722.28	NaN	5.4134
848143489367	NaN	NaN	1238.52	726.80	NaN	5.4232
848143497700	NaN	NaN	1256.78	715.30	NaN	5.3928
848143506034	NaN	NaN	1248.83	724.27	NaN	5.4030
848143514367	NaN	NaN	1254.22	716.14	NaN	5.3895
848143522700	NaN	NaN	1249.24	729.99	NaN	5.4146
848143531038	NaN	NaN	1254.49	720.80	NaN	5.3893
848143539372	NaN	NaN	1251.70	724.92	NaN	5.4073
848143547705	NaN	NaN	1258.10	717.09	NaN	5.3900
848143556039	NaN	NaN	1248.84	727.16	NaN	5.4174
848143564372	NaN	NaN	1256.33	724.42	NaN	5.4011
848143572704	NaN	NaN	1265.64	724.40	NaN	5.3892
848143581038	NaN	NaN	1258.83	734.54	NaN	5.4168
848143589371	NaN	NaN	1254.86	727.59	NaN	5.4051
848143597704	NaN	NaN	1257.23	725.24	NaN	5.4214
848143606037	NaN	NaN	1253.47	724.14	NaN	5.4150
848143614371	NaN	NaN	1260.42	724.44	NaN	5.4123
848143622704	NaN	NaN	1261.80	716.01	NaN	5.3906
848143631037	NaN	NaN	1258.13	721.52	NaN	5.4206
848143639370	NaN	NaN	1255.84	726.04	NaN	5.4295
848143647704	NaN	NaN	1259.24	720.28	NaN	5.4140
848143656036	NaN	NaN	1259.74	723.74	NaN	5.4174
848143664375	NaN	NaN	1266.10	720.96	NaN	5.4059
848143672708	NaN	NaN	1258.53	715.94	NaN	5.4029
848143681041	NaN	NaN	1262.39	708.81	NaN	5.3980
848143689374	NaN	NaN	1251.46	718.29	NaN	5.4375
848143697708	NaN	NaN	1258.87	714.04	NaN	5.4119
848143706042	NaN	NaN	1265.38	705.91	NaN	5.3911
848143714374	NaN	NaN	1258.31	714.95	NaN	5.4146
848143722708	NaN	NaN	1262.23	715.35	NaN	5.4077
848143731040	NaN	NaN	1258.67	716.32	NaN	5.4109
848143739374	NaN	NaN	1264.58	716.58	NaN	5.4023
848143747707	NaN	NaN	1267.61	711.73	NaN	5.3990
848143756040	NaN	NaN	1269.29	711.60	NaN	5.4013
848143764373	NaN	NaN	1269.24	705.47	NaN	5.4026
848143772707	NaN	NaN	1275.60	707.16	NaN	5.3843
848143781041	NaN	NaN	1264.56	712.17	NaN	5.4034
848143789381	NaN	NaN	1265.50	720.77	NaN	5.4173
848143797714	NaN	NaN	1277.28	708.68	NaN	5.3971
848143806047	NaN	NaN	1269.70	715.76	NaN	5.4133
848143814379	NaN	NaN	1258.90	720.17	NaN	5.4197
848143822713	NaN	NaN	1266.98	711.44	NaN	5.3902
848143831047	NaN	NaN	1270.38	718.47	NaN	5.4075
848143839379	NaN	NaN	1268.00	718.52	NaN	5.4153
848143847713	NaN	NaN	1266.26	723.08	NaN	5.4150
848143856046	NaN	NaN	1269.85	716.94	NaN	5.4070
848143864380	NaN	NaN	1267.44	722.86	NaN	5.4325
848143872713	NaN	NaN	1269.04	722.61	NaN	5.4147
848143881046	NaN	NaN	1271.48	718.87	NaN	5.4062
848143889378	NaN	NaN	1276.10	720.92	NaN	5.3887
848143897712	NaN	NaN	1265.08	737.04	NaN	5.4244
848143906045	NaN	NaN	1253.11	753.66	NaN	5.4436
848143914379	NaN	NaN	1266.85	741.88	NaN	5.4222
848143922714	NaN	NaN	1262.05	740.89	NaN	5.4165
848143931047	NaN	NaN	1268.32	742.19	NaN	5.4260
848143939380	NaN	NaN	1264.07	739.12	NaN	5.4301
848143947714	NaN	NaN	1266.05	730.81	NaN	5.4251
848143956047	NaN	NaN	1267.57	731.53	NaN	5.4399
848143964380	NaN	NaN	1258.55	733.09	NaN	5.4373
848143972713	NaN	NaN	1264.61	727.09	NaN	5.4411
848143981046	NaN	NaN	1264.50	725.29	NaN	5.4426
848143989380	NaN	NaN	1261.82	730.82	NaN	5.4501
848143997713	NaN	NaN	1263.28	725.85	NaN	5.4551
848144006046	NaN	NaN	1271.01	723.35	NaN	5.4470
848144014379	NaN	NaN	1264.48	717.26	NaN	5.4577
848144022713	NaN	NaN	1267.53	723.29	NaN	5.4504
848144031046	NaN	NaN	1271.63	722.14	NaN	5.4489
848144039380	NaN	NaN	1269.58	722.48	NaN	5.4554
848144047712	NaN	NaN	1268.83	733.46	NaN	5.4775
848144056050	NaN	NaN	1272.94	739.14	NaN	5.4562
848144064383	NaN	NaN	1266.32	736.07	NaN	5.4476
848144072717	NaN	NaN	1255.40	734.52	NaN	5.4741
848144081050	NaN	NaN	1263.95	725.45	NaN	5.4773
848144089383	NaN	NaN	1262.44	728.51	NaN	5.4722
848144097717	NaN	NaN	1258.64	716.04	NaN	5.4697
848144106050	NaN	NaN	1254.25	727.43	NaN	5.4766
848144114384	NaN	NaN	1258.59	728.77	NaN	5.4692
848144122717	NaN	NaN	1247.59	734.47	NaN	5.4847
848144131049	NaN	NaN	1256.77	736.07	NaN	5.4586
848144139382	NaN	NaN	1255.22	736.55	NaN	5.4731
848144147716	NaN	NaN	1259.35	738.38	NaN	5.4790
848144156049	NaN	NaN	1258.23	729.63	NaN	5.4695
848144164383	NaN	NaN	1257.57	724.81	NaN	5.4871
848144172716	NaN	NaN	1254.75	726.75	NaN	5.4895
848144181051	NaN	NaN	1255.73	743.24	NaN	5.4827
848144189384	NaN	NaN	1257.43	744.28	NaN	5.4857
848144197718	NaN	NaN	1255.64	764.24	NaN	5.4907
848144206051	NaN	NaN	1263.40	766.77	NaN	5.4701
848144214383	NaN	NaN	1258.42	752.66	NaN	5.4921
848144222716	NaN	NaN	1261.56	749.89	NaN	5.4810
848144231050	NaN	NaN	1254.33	766.44	NaN	5.4906
848144239384	NaN	NaN	1246.37	761.19	NaN	5.5152
848144247717	NaN	NaN	1255.53	757.72	NaN	5.4916
848144256050	NaN	NaN	1253.56	751.31	NaN	5.4868
848144264383	NaN	NaN	1243.48	753.90	NaN	5.5041
848144272716	NaN	NaN	1250.85	756.45	NaN	5.4910
848144281050	NaN	NaN	1254.76	758.72	NaN	5.4997
848144289383	NaN	NaN	1259.36	748.37	NaN	5.4859
848144297715	NaN	NaN	1255.82	757.23	NaN	5.5074
848144306049	NaN	NaN	1260.21	760.64	NaN	5.4847
848144314392	NaN	NaN	1266.25	748.54	NaN	5.5002
848144322725	NaN	NaN	1261.43	762.24	NaN	5.5078
848144331058	NaN	NaN	1257.46	754.82	NaN	5.5049
848144339391	NaN	NaN	1262.27	752.70	NaN	5.4963
848144347724	NaN	NaN	1259.33	766.53	NaN	5.5040
848144356058	NaN	NaN	1256.84	750.12	NaN	5.5100
848144364391	NaN	NaN	1255.13	759.49	NaN	5.5052
848144372723	NaN	NaN	1255.42	760.92	NaN	5.4953
848144381057	NaN	NaN	1262.74	747.53	NaN	5.5031
848144389390	NaN	NaN	1266.58	759.07	NaN	5.4979
848144397724	NaN	NaN	1256.95	769.14	NaN	5.5023
848144406057	NaN	NaN	1262.83	755.25	NaN	5.5020
848144414390	NaN	NaN	1258.35	744.99	NaN	5.5157
848144422722	NaN	NaN	1259.21	759.03	NaN	5.5026
848144431056	NaN	NaN	1274.20	780.51	NaN	5.4918
848144439389	NaN	NaN	1266.76	787.90	NaN	5.4812
848144447725	NaN	NaN	1261.66	780.54	NaN	5.4979
848144456059	NaN	NaN	1263.60	783.64	NaN	5.4952
848144464392	NaN	NaN	1267.13	787.87	NaN	5.5061
848144472725	NaN	NaN	1268.47	782.21	NaN	5.5043
848144481058	NaN	NaN	1276.83	771.95	NaN	5.5160
848144489392	NaN	NaN	1275.88	778.62	NaN	5.5032
848144497725	NaN	NaN	1266.12	781.66	NaN	5.5012
848144506058	NaN	NaN	1262.74	791.18	NaN	5.4977
848144514391	NaN	NaN	1261.90	786.57	NaN	5.5018
848144522725	NaN	NaN	1258.99	789.23	NaN	5.4984
848144531057	NaN	NaN	1254.35	778.02	NaN	5.5035
848144539390	NaN	NaN	1252.97	777.38	NaN	5.5016
848144547723	NaN	NaN	1256.18	775.29	NaN	5.4945
848144556056	NaN	NaN	1259.43	768.99	NaN	5.4915
848144564390	NaN	NaN	1258.36	776.04	NaN	5.5025
848144572724	NaN	NaN	1264.51	775.91	NaN	5.5103
848144581062	NaN	NaN	1271.10	772.46	NaN	5.5011
848144589403	NaN	NaN	1265.37	777.20	NaN	5.5001
848144597737	NaN	NaN	1264.37	776.94	NaN	5.5066
848144606070	NaN	NaN	1262.43	771.48	NaN	5.5036
848144614403	NaN	NaN	1252.38	776.54	NaN	5.5022
848144622736	NaN	NaN	1258.00	776.94	NaN	5.4896
848144631069	NaN	NaN	1251.40	783.16	NaN	5.5008
848144639394	NaN	NaN	1257.39	787.44	NaN	5.5084
848144647728	NaN	NaN	1259.10	785.89	NaN	5.5030
848144656061	NaN	NaN	1268.51	776.31	NaN	5.4818
848144664394	NaN	NaN	1268.19	773.54	NaN	5.5061
848144672727	NaN	NaN	1271.15	769.50	NaN	5.4983
848144681060	NaN	NaN	1277.55	781.38	NaN	5.4850
848144689393	NaN	NaN	1269.71	787.29	NaN	5.4789
848144697727	NaN	NaN	1262.94	791.87	NaN	5.4910
848144706064	NaN	NaN	1250.89	787.26	NaN	5.4969
848144714397	NaN	NaN	1253.33	778.08	NaN	5.4863
848144722731	NaN	NaN	1251.06	777.00	NaN	5.4888
848144731064	NaN	NaN	1262.46	772.69	NaN	5.4851
848144739397	NaN	NaN	1264.18	774.00	NaN	5.5003
848144747732	NaN	NaN	1272.13	775.13	NaN	5.4843
848144756064	NaN	NaN	1265.57	776.06	NaN	5.4984
848144764397	NaN	NaN	1266.38	775.59	NaN	5.4897
848144772731	NaN	NaN	1258.27	775.47	NaN	5.4904
848144781064	NaN	NaN	1261.60	774.90	NaN	5.4837
848144789397	NaN	NaN	1255.09	773.36	NaN	5.4874
848144797730	NaN	NaN	1253.17	775.98	NaN	5.4883
848144806064	NaN	NaN	1255.42	776.74	NaN	5.4818
848144814397	NaN	NaN	1255.61	777.69	NaN	5.4844
848144822730	NaN	NaN	1258.62	784.44	NaN	5.4768
848144831064	NaN	NaN	1256.24	794.33	NaN	5.4771
848144839402	NaN	NaN	1263.48	790.92	NaN	5.4578
848144847734	NaN	NaN	1255.87	791.47	NaN	5.4645
848144856068	NaN	NaN	1258.11	789.54	NaN	5.4743
848144864401	NaN	NaN	1257.78	783.46	NaN	5.4613
848144872735	NaN	NaN	1258.61	784.49	NaN	5.4694
848144881067	NaN	NaN	1255.79	768.79	NaN	5.4630
848144889401	NaN	NaN	1255.02	766.60	NaN	5.4649
848144897734	NaN	NaN	1250.73	764.35	NaN	5.4422
848144906068	NaN	NaN	1264.70	758.82	NaN	5.4371
848144914401	NaN	NaN	1266.31	773.37	NaN	5.4467
848144922734	NaN	NaN	1268.24	771.97	NaN	5.4353
848144931067	NaN	NaN	1257.37	769.78	NaN	5.4315
848144939400	NaN	NaN	1253.53	770.82	NaN	5.4445
848144947734	NaN	NaN	1261.18	766.32	NaN	5.4187
848144956067	NaN	NaN	1265.37	763.51	NaN	5.4086
848144964400	NaN	NaN	1271.32	777.32	NaN	5.4271
848144972738	NaN	NaN	1262.90	773.37	NaN	5.4200
848144981072	NaN	NaN	1263.05	773.24	NaN	5.4076
848144989405	NaN	NaN	1255.85	770.46	NaN	5.4007
848144997738	NaN	NaN	1259.87	770.59	NaN	5.3923
848145006070	NaN	NaN	1260.42	774.78	NaN	5.3961
848145014404	NaN	NaN	1269.07	767.66	NaN	5.4003
848145022737	NaN	NaN	1270.15	762.50	NaN	5.3938
848145031071	NaN	NaN	1266.26	770.16	NaN	5.3860
848145039404	NaN	NaN	1261.05	767.85	NaN	5.3905
848145047737	NaN	NaN	1261.37	765.43	NaN	5.3859
848145056071	NaN	NaN	1255.25	772.36	NaN	5.3728
848145064404	NaN	NaN	1259.57	763.91	NaN	5.3648
848145072737	NaN	NaN	1265.32	763.75	NaN	5.3595
848145081071	NaN	NaN	1257.78	779.46	NaN	5.3802
848145089403	NaN	NaN	1258.20	780.50	NaN	5.3742
848145097736	NaN	NaN	1261.44	779.74	NaN	5.3575
848145106082	NaN	NaN	1267.13	772.01	NaN	5.3495
848145114416	NaN	NaN	1256.16	772.96	NaN	5.3538
848145122749	NaN	NaN	1259.04	767.14	NaN	5.3523
848145131082	NaN	NaN	1258.04	766.53	NaN	5.3651
848145139415	NaN	NaN	1258.66	765.82	NaN	5.3639
848145147740	NaN	NaN	1256.13	778.62	NaN	5.3618
848145156074	NaN	NaN	1254.64	782.24	NaN	5.3459
848145164406	NaN	NaN	1247.96	789.97	NaN	5.3637
848145172739	NaN	NaN	1254.21	773.70	NaN	5.3544
848145181073	NaN	NaN	1247.72	762.84	NaN	5.3600
848145189406	NaN	NaN	1264.80	757.68	NaN	5.3447
848145197739	NaN	NaN	1262.98	770.34	NaN	5.3462
848145206073	NaN	NaN	1265.02	778.84	NaN	5.3524
848145214405	NaN	NaN	1269.58	768.33	NaN	5.3528
848145222739	NaN	NaN	1267.83	763.33	NaN	5.3680
848145231086	NaN	NaN	1266.11	777.90	NaN	5.3620
848145239411	NaN	NaN	1266.35	774.07	NaN	5.3695
848145247743	NaN	NaN	1271.30	763.43	NaN	5.3660
848145256076	NaN	NaN	1263.73	764.91	NaN	5.3808
848145264410	NaN	NaN	1263.13	772.60	NaN	5.3611
848145272743	NaN	NaN	1264.02	777.47	NaN	5.3566
848145281077	NaN	NaN	1259.59	772.85	NaN	5.3642
848145289410	NaN	NaN	1265.29	757.67	NaN	5.3585
848145297743	NaN	NaN	1260.64	775.81	NaN	5.3674
848145306077	NaN	NaN	1260.52	784.67	NaN	5.3888
848145314410	NaN	NaN	1264.72	765.46	NaN	5.3740
848145322742	NaN	NaN	1262.04	768.59	NaN	5.3996
848145331076	NaN	NaN	1265.45	765.67	NaN	5.3669
848145339408	NaN	NaN	1255.00	776.77	NaN	5.4008
848145347742	NaN	NaN	1251.24	773.36	NaN	5.3890
848145356076	NaN	NaN	1258.40	760.99	NaN	5.3797
848145364413	NaN	NaN	1264.40	763.35	NaN	5.3974
848145372755	NaN	NaN	1259.90	771.67	NaN	5.4070
848145381079	NaN	NaN	1257.82	780.58	NaN	5.4123
848145389413	NaN	NaN	1260.80	776.55	NaN	5.3949
848145397746	NaN	NaN	1261.68	777.07	NaN	5.4110
848145406079	NaN	NaN	1267.85	769.88	NaN	5.4006
848145414412	NaN	NaN	1267.58	764.99	NaN	5.4118
848145422745	NaN	NaN	1261.92	763.17	NaN	5.4169
848145431079	NaN	NaN	1268.78	763.07	NaN	5.4068
848145439412	NaN	NaN	1269.26	766.66	NaN	5.3979
848145447745	NaN	NaN	1253.83	782.19	NaN	5.4331
848145456079	NaN	NaN	1261.13	774.67	NaN	5.4282
848145464411	NaN	NaN	1256.69	772.12	NaN	5.4285
848145472745	NaN	NaN	1252.01	777.31	NaN	5.4345
848145481078	NaN	NaN	1255.47	771.28	NaN	5.4314
848145489411	NaN	NaN	1248.68	773.13	NaN	5.4530
848145497758	NaN	NaN	1261.08	768.74	NaN	5.4377
848145506082	NaN	NaN	1254.26	776.08	NaN	5.4612
848145514416	NaN	NaN	1255.80	772.67	NaN	5.4514
848145522749	NaN	NaN	1251.44	776.85	NaN	5.4561
848145531082	NaN	NaN	1261.58	771.70	NaN	5.4286
848145539416	NaN	NaN	1258.92	771.62	NaN	5.4371
848145547757	NaN	NaN	1255.76	773.32	NaN	5.4468
848145556091	NaN	NaN	1254.14	774.28	NaN	5.4655
848145564423	NaN	NaN	1263.17	775.12	NaN	5.4653
848145572748	NaN	NaN	1258.83	773.29	NaN	5.4590
848145581081	NaN	NaN	1264.60	772.59	NaN	5.4639
848145589414	NaN	NaN	1257.20	768.88	NaN	5.4567
848145597748	NaN	NaN	1261.29	773.38	NaN	5.4693
848145606081	NaN	NaN	1259.64	773.93	NaN	5.4618
848145614415	NaN	NaN	1263.13	775.18	NaN	5.4584
848145622748	NaN	NaN	1262.87	774.89	NaN	5.4601
848145631087	NaN	NaN	1259.94	773.60	NaN	5.4619
848145639421	NaN	NaN	1259.28	772.13	NaN	5.4651
848145647753	NaN	NaN	1258.96	775.09	NaN	5.4684
848145656086	NaN	NaN	1261.34	767.78	NaN	5.4614
848145664420	NaN	NaN	1263.32	765.99	NaN	5.4675
848145672753	NaN	NaN	1266.93	764.89	NaN	5.4794
848145681086	NaN	NaN	1260.22	763.05	NaN	5.4792
848145689420	NaN	NaN	1258.67	759.49	NaN	5.4802
848145697753	NaN	NaN	1257.56	771.31	NaN	5.4774
848145706086	NaN	NaN	1264.26	767.97	NaN	5.4620
848145714419	NaN	NaN	1254.29	773.51	NaN	5.4699
848145722752	NaN	NaN	1259.02	776.60	NaN	5.4655
848145731085	NaN	NaN	1262.73	772.92	NaN	5.4906
848145739419	NaN	NaN	1257.51	780.45	NaN	5.4736
848145747752	NaN	NaN	1260.83	777.58	NaN	5.4669
848145756086	NaN	NaN	1254.61	777.55	NaN	5.4712
848145764420	NaN	NaN	1267.21	775.79	NaN	5.4616
848145772753	NaN	NaN	1258.98	773.53	NaN	5.4705
848145781086	NaN	NaN	1258.65	770.88	NaN	5.4583
848145789420	NaN	NaN	1257.62	769.68	NaN	5.4662
848145797752	NaN	NaN	1259.62	769.41	NaN	5.4540
848145806085	NaN	NaN	1258.94	767.92	NaN	5.4674
848145814419	NaN	NaN	1250.11	768.82	NaN	5.4754
848145822752	NaN	NaN	1261.57	758.98	NaN	5.4471
848145831085	NaN	NaN	1258.30	764.74	NaN	5.4519
848145839418	NaN	NaN	1258.46	767.27	NaN	5.4617
848145847752	NaN	NaN	1257.68	776.77	NaN	5.4690
848145856085	NaN	NaN	1258.74	771.15	NaN	5.4460
848145864419	NaN	NaN	1266.87	775.45	NaN	5.4427
848145872752	NaN	NaN	1258.56	778.26	NaN	5.4569
848145881084	NaN	NaN	1260.22	773.39	NaN	5.4572
848145889424	NaN	NaN	1259.38	774.50	NaN	5.4462
848145897758	NaN	NaN	1257.77	779.50	NaN	5.4587
848145906091	NaN	NaN	1259.81	771.29	NaN	5.4467
848145914425	NaN	NaN	1263.11	765.68	NaN	5.4487
848145922757	NaN	NaN	1275.43	763.45	NaN	5.4513
848145931091	NaN	NaN	1275.59	763.81	NaN	5.4420
848145939425	NaN	NaN	1269.53	773.86	NaN	5.4471
848145947758	NaN	NaN	1268.50	770.32	NaN	5.4469
848145956091	NaN	NaN	1270.03	768.40	NaN	5.4466
848145964423	NaN	NaN	1267.67	774.70	NaN	5.4518
848145972757	NaN	NaN	1275.41	775.14	NaN	5.4435
848145981090	NaN	NaN	1270.96	776.86	NaN	5.4576
848145989424	NaN	NaN	1273.73	777.82	NaN	5.4549
848145997757	NaN	NaN	1277.90	771.88	NaN	5.4352
848146006090	NaN	NaN	1275.18	770.12	NaN	5.4436
848146014423	NaN	NaN	1276.77	777.21	NaN	5.4414
848146022762	NaN	NaN	1279.72	788.65	NaN	5.4474
848146031095	NaN	NaN	1278.44	781.18	NaN	5.4471
848146039428	NaN	NaN	1274.22	784.82	NaN	5.4521
848146047760	NaN	NaN	1281.27	780.72	NaN	5.4463
848146056094	NaN	NaN	1287.31	781.91	NaN	5.4317
848146064428	NaN	NaN	1278.06	791.27	NaN	5.4446
848146072761	NaN	NaN	1283.07	790.92	NaN	5.4337
848146081094	NaN	NaN	1277.34	792.09	NaN	5.4402
848146089427	NaN	NaN	1275.32	793.89	NaN	5.4375
848146097761	NaN	NaN	1265.73	790.53	NaN	5.4509
848146106094	NaN	NaN	1258.24	793.14	NaN	5.4602
848146114427	NaN	NaN	1260.91	798.92	NaN	5.4561
848146122760	NaN	NaN	1266.39	797.87	NaN	5.4401
848146131092	NaN	NaN	1264.39	796.75	NaN	5.4473
848146139426	NaN	NaN	1268.86	789.93	NaN	5.4482
848146147765	NaN	NaN	1266.76	796.09	NaN	5.4453
848146156098	NaN	NaN	1270.85	789.01	NaN	5.4480
848146164431	NaN	NaN	1278.08	789.61	NaN	5.4527
848146172764	NaN	NaN	1284.46	786.24	NaN	5.4370
848146181098	NaN	NaN	1280.67	798.48	NaN	5.4500
848146189431	NaN	NaN	1278.12	800.32	NaN	5.4517
848146197765	NaN	NaN	1285.03	794.37	NaN	5.4288
848146206098	NaN	NaN	1282.29	796.90	NaN	5.4510
848146214431	NaN	NaN	1279.40	797.48	NaN	5.4426
848146222765	NaN	NaN	1284.46	792.72	NaN	5.4321
848146231098	NaN	NaN	1284.02	795.26	NaN	5.4502
848146239431	NaN	NaN	1277.39	799.94	NaN	5.4528
848146247765	NaN	NaN	1275.96	801.28	NaN	5.4296
848146256097	NaN	NaN	1275.50	792.92	NaN	5.4423
848146264431	NaN	NaN	1271.81	799.71	NaN	5.4536
848146272765	NaN	NaN	1272.40	794.74	NaN	5.4478
848146281102	NaN	NaN	1274.28	794.63	NaN	5.4581
848146289435	NaN	NaN	1277.12	783.97	NaN	5.4624
848146297768	NaN	NaN	1276.21	786.09	NaN	5.4451
848146306102	NaN	NaN	1277.11	786.78	NaN	5.4589
848146314435	NaN	NaN	1276.10	788.06	NaN	5.4548
848146322769	NaN	NaN	1278.87	785.93	NaN	5.4645
848146331102	NaN	NaN	1283.68	782.72	NaN	5.4539
848146339435	NaN	NaN	1285.49	783.54	NaN	5.4626
848146347769	NaN	NaN	1281.43	781.42	NaN	5.4692
848146356102	NaN	NaN	1283.54	790.85	NaN	5.4536
848146364434	NaN	NaN	1280.62	787.89	NaN	5.4655
848146372768	NaN	NaN	1286.93	786.20	NaN	5.4628
848146381099	NaN	NaN	1284.86	785.35	NaN	5.4725
848146389434	NaN	NaN	1288.94	783.51	NaN	5.4595
848146397767	NaN	NaN	1282.17	789.41	NaN	5.4579
848146406101	NaN	NaN	1286.68	790.33	NaN	5.4562
848146414439	NaN	NaN	1280.26	791.50	NaN	5.4759
848146422771	NaN	NaN	1281.82	800.97	NaN	5.4697
848146431105	NaN	NaN	1275.16	800.18	NaN	5.4977
848146439437	NaN	NaN	1276.36	799.76	NaN	5.4697
848146447770	NaN	NaN	1283.27	804.64	NaN	5.4873
848146456105	NaN	NaN	1283.56	804.46	NaN	5.4700
848146464438	NaN	NaN	1283.31	803.92	NaN	5.4887
848146472772	NaN	NaN	1282.56	799.23	NaN	5.4846
848146481105	NaN	NaN	1285.31	803.83	NaN	5.4863
848146489438	NaN	NaN	1283.08	806.14	NaN	5.4677
848146497771	NaN	NaN	1280.84	800.33	NaN	5.4887
848146506104	NaN	NaN	1277.58	798.07	NaN	5.4854
848146514438	NaN	NaN	1276.09	805.93	NaN	5.4970
848146522770	NaN	NaN	1276.27	796.98	NaN	5.4801
848146531103	NaN	NaN	1280.10	800.19	NaN	5.4939
848146539437	NaN	NaN	1275.66	794.97	NaN	5.4923
848146547774	NaN	NaN	1273.34	802.93	NaN	5.4963
848146556108	NaN	NaN	1269.62	804.32	NaN	5.4851
848146564441	NaN	NaN	1274.15	802.45	NaN	5.4937
848146572774	NaN	NaN	1269.68	803.41	NaN	5.4988
848146581108	NaN	NaN	1269.61	805.37	NaN	5.4915
848146589442	NaN	NaN	1270.80	797.74	NaN	5.4918
848146597774	NaN	NaN	1279.90	800.89	NaN	5.4839
848146606108	NaN	NaN	1279.70	795.86	NaN	5.4923
848146614440	NaN	NaN	1278.57	801.70	NaN	5.4984
848146622775	NaN	NaN	1278.39	806.58	NaN	5.4872
848146631107	NaN	NaN	1285.01	799.21	NaN	5.4920
848146639441	NaN	NaN	1294.86	805.01	NaN	5.4826
848146647774	NaN	NaN	1288.36	823.62	NaN	5.4970
848146656107	NaN	NaN	1268.60	877.92	NaN	5.4998
848146664440	NaN	NaN	1267.21	874.91	NaN	5.4973
848146672777	NaN	NaN	1269.80	878.57	NaN	5.4906
848146681110	NaN	NaN	1271.54	869.27	NaN	5.5165
848146689443	NaN	NaN	1276.01	871.49	NaN	5.5044
848146697776	NaN	NaN	1273.93	884.29	NaN	5.5105
848146706110	NaN	NaN	1276.51	876.06	NaN	5.5062
848146714442	NaN	NaN	1278.88	879.93	NaN	5.5098
848146722776	NaN	NaN	1276.29	877.08	NaN	5.5068
848146731109	NaN	NaN	1279.04	872.43	NaN	5.4909
848146739442	NaN	NaN	1269.57	874.04	NaN	5.5276
848146747776	NaN	NaN	1277.30	873.12	NaN	5.5170
848146756108	NaN	NaN	1273.88	866.11	NaN	5.5145
848146764442	NaN	NaN	1271.89	872.11	NaN	5.5256
848146772775	NaN	NaN	1270.26	877.06	NaN	5.5184
848146781109	NaN	NaN	1276.81	877.87	NaN	5.4966
848146789442	NaN	NaN	1276.14	882.50	NaN	5.4988
848146797775	NaN	NaN	1278.79	880.17	NaN	5.5045
848146806113	NaN	NaN	NaN	NaN	NaN	NaN
848146814446	NaN	NaN	1278.44	881.64	NaN	5.5189
848146822779	NaN	NaN	1274.86	881.84	NaN	5.5095
848146831113	NaN	NaN	1273.61	879.20	NaN	5.5309
848146839444	NaN	NaN	1275.68	878.45	NaN	5.5178
848146847778	NaN	NaN	1271.46	874.20	NaN	5.5228
848146856112	NaN	NaN	1272.75	871.63	NaN	5.5185
848146864445	NaN	NaN	1271.99	866.24	NaN	5.5296
848146872779	NaN	NaN	1277.80	858.04	NaN	5.5303
848146881112	NaN	NaN	1287.53	851.39	NaN	5.5222
848146889446	NaN	NaN	1284.96	849.08	NaN	5.5200
848146897779	NaN	NaN	1281.90	839.69	NaN	5.5295
848146906112	NaN	NaN	1276.39	845.55	NaN	5.5281
848146914444	NaN	NaN	1280.47	846.27	NaN	5.5441
848146922778	NaN	NaN	1276.61	848.80	NaN	5.5435
848146931111	NaN	NaN	1274.61	851.81	NaN	5.5296
848146939450	NaN	NaN	1279.99	846.36	NaN	5.5418
848146947783	NaN	NaN	1276.66	846.81	NaN	5.5289
848146956116	NaN	NaN	1280.66	845.04	NaN	5.5354
848146964449	NaN	NaN	1282.33	846.13	NaN	5.5524
848146972783	NaN	NaN	1283.00	845.25	NaN	5.5484
848146981116	NaN	NaN	1282.97	847.70	NaN	5.5503
848146989450	NaN	NaN	1283.14	848.51	NaN	5.5477
848146997782	NaN	NaN	1284.64	849.33	NaN	5.5542
848147006115	NaN	NaN	1282.44	851.08	NaN	5.5547
848147014449	NaN	NaN	1284.27	845.46	NaN	5.5538
848147022782	NaN	NaN	1288.62	850.09	NaN	5.5504
848147031115	NaN	NaN	1282.07	850.99	NaN	5.5627
848147039449	NaN	NaN	1286.82	852.27	NaN	5.5732
848147047782	NaN	NaN	1289.94	851.47	NaN	5.5608
848147056115	NaN	NaN	1283.34	849.21	NaN	5.5693
848147064449	NaN	NaN	1284.66	851.42	NaN	5.5643
848147072785	NaN	NaN	1287.11	841.78	NaN	5.5580
848147081117	NaN	NaN	1285.26	844.36	NaN	5.5850
848147089450	NaN	NaN	1280.88	847.90	NaN	5.5806
848147097784	NaN	NaN	1290.79	842.93	NaN	5.5732
848147106117	NaN	NaN	1288.14	843.35	NaN	5.5873
848147114451	NaN	NaN	1289.99	839.59	NaN	5.5734
848147122784	NaN	NaN	1288.06	839.02	NaN	5.5849
848147131117	NaN	NaN	1282.04	840.20	NaN	5.5914
848147139451	NaN	NaN	1289.64	840.91	NaN	5.5889
848147147784	NaN	NaN	1287.13	838.52	NaN	5.5788
848147156116	NaN	NaN	1288.07	843.39	NaN	5.5826
848147164450	NaN	NaN	1289.01	840.58	NaN	5.5838
848147172783	NaN	NaN	1294.04	834.43	NaN	5.5736
848147181116	NaN	NaN	1291.10	839.47	NaN	5.5859
848147189450	NaN	NaN	1290.01	836.17	NaN	5.5903
848147197789	NaN	NaN	1290.95	837.33	NaN	5.5927
848147206122	NaN	NaN	1287.44	842.26	NaN	5.5886
848147214455	NaN	NaN	1283.51	842.68	NaN	5.5887
848147222789	NaN	NaN	1286.49	835.73	NaN	5.5907
848147231122	NaN	NaN	1282.77	833.27	NaN	5.5888
848147239455	NaN	NaN	1285.22	837.52	NaN	5.5913
848147247788	NaN	NaN	1288.34	831.26	NaN	5.5839
848147256121	NaN	NaN	1289.89	840.33	NaN	5.5843
848147264455	NaN	NaN	1283.35	837.03	NaN	5.5860
848147272788	NaN	NaN	1280.48	833.90	NaN	5.6064
848147281121	NaN	NaN	1279.88	835.83	NaN	5.5896
848147289455	NaN	NaN	1282.87	840.93	NaN	5.6055
848147297787	NaN	NaN	1286.76	831.60	NaN	5.5930
848147306121	NaN	NaN	1285.39	835.25	NaN	5.5974
848147314454	NaN	NaN	1286.55	836.77	NaN	5.5923
848147322787	NaN	NaN	1289.25	833.87	NaN	5.5921
848147331126	NaN	NaN	1292.58	834.85	NaN	5.6038
848147339459	NaN	NaN	1292.03	835.36	NaN	5.5881
848147347793	NaN	NaN	1283.82	837.88	NaN	5.5919
848147356126	NaN	NaN	1288.27	835.29	NaN	5.6034
848147364460	NaN	NaN	1281.75	841.10	NaN	5.6026
848147372793	NaN	NaN	1286.69	837.54	NaN	5.5969
848147381126	NaN	NaN	1283.33	837.69	NaN	5.5956
848147389460	NaN	NaN	1285.75	835.03	NaN	5.6057
848147397792	NaN	NaN	1288.70	831.60	NaN	5.5887
848147406125	NaN	NaN	1281.87	829.84	NaN	5.6112
848147414459	NaN	NaN	1285.49	796.62	NaN	5.5943
848147422791	NaN	NaN	1286.65	759.27	NaN	5.5962
848147431125	NaN	NaN	1282.15	736.46	NaN	5.5909
848147439459	NaN	NaN	1281.02	728.24	NaN	5.5970
848147447792	NaN	NaN	1280.60	727.57	NaN	5.6059
848147456125	NaN	NaN	1283.47	737.29	NaN	5.6052
848147464462	NaN	NaN	1284.41	731.48	NaN	5.6084
848147472795	NaN	NaN	1282.28	732.08	NaN	5.6211
848147481128	NaN	NaN	1278.57	729.88	NaN	5.6292
848147489461	NaN	NaN	1277.65	726.21	NaN	5.6265
848147497795	NaN	NaN	1282.36	719.50	NaN	5.6264
848147506128	NaN	NaN	1278.73	715.25	NaN	5.6272
848147514461	NaN	NaN	1275.21	718.38	NaN	5.6308
848147522794	NaN	NaN	1274.71	714.80	NaN	5.6398
848147531128	NaN	NaN	1275.39	714.16	NaN	5.6437
848147539461	NaN	NaN	1275.62	718.09	NaN	5.6417
848147547795	NaN	NaN	1283.27	707.90	NaN	5.6296
848147556127	NaN	NaN	1284.73	706.74	NaN	5.6267
848147564460	NaN	NaN	1282.87	710.70	NaN	5.6425
848147572794	NaN	NaN	1283.13	710.08	NaN	5.6253
848147581127	NaN	NaN	1282.15	711.82	NaN	5.6426
848147589463	NaN	NaN	1280.39	711.29	NaN	5.6324
848147597796	NaN	NaN	1279.70	704.54	NaN	5.6308
848147606130	NaN	NaN	1279.33	702.48	NaN	5.6341
848147614463	NaN	NaN	1280.23	706.81	NaN	5.6352
848147622796	NaN	NaN	1284.59	705.13	NaN	5.6316
848147631129	NaN	NaN	1279.57	708.82	NaN	5.6399
848147639462	NaN	NaN	1290.11	713.15	NaN	5.6212
848147647796	NaN	NaN	1288.67	720.29	NaN	5.6349
848147656129	NaN	NaN	1285.01	717.13	NaN	5.6240
848147664463	NaN	NaN	1288.84	719.51	NaN	5.6179
848147672795	NaN	NaN	1279.62	724.88	NaN	5.6445
848147681129	NaN	NaN	1287.07	721.34	NaN	5.6111
848147689462	NaN	NaN	1285.57	722.31	NaN	5.6182
848147697795	NaN	NaN	1285.24	717.33	NaN	5.6070
848147706129	NaN	NaN	1287.53	716.54	NaN	5.6107
848147714461	NaN	NaN	1282.78	710.09	NaN	5.6000
848147722801	NaN	NaN	1288.36	710.27	NaN	5.5865
848147731135	NaN	NaN	1283.64	709.72	NaN	5.6111
848147739468	NaN	NaN	1287.10	707.70	NaN	5.5961
848147747801	NaN	NaN	1276.55	701.04	NaN	5.5961
848147756134	NaN	NaN	1278.57	694.61	NaN	5.5732
848147764468	NaN	NaN	1279.57	698.38	NaN	5.5805
848147772802	NaN	NaN	1276.14	702.03	NaN	5.6007
848147781135	NaN	NaN	1279.53	704.32	NaN	5.5838
848147789467	NaN	NaN	1282.13	708.07	NaN	5.5846
848147797800	NaN	NaN	1276.14	712.79	NaN	5.5952
848147806133	NaN	NaN	1278.70	710.88	NaN	5.5701
848147814467	NaN	NaN	1285.34	716.58	NaN	5.5704
848147822801	NaN	NaN	1279.97	720.87	NaN	5.5724
848147831133	NaN	NaN	1277.09	709.46	NaN	5.5688
848147839467	NaN	NaN	1282.29	712.64	NaN	5.5497
848147847800	NaN	NaN	1277.10	704.39	NaN	5.5644
848147856139	NaN	NaN	1273.22	709.87	NaN	5.5568
848147864472	NaN	NaN	1273.30	711.66	NaN	5.5563
848147872804	NaN	NaN	1277.73	710.11	NaN	5.5286
848147881137	NaN	NaN	1280.97	707.62	NaN	5.5230
848147889471	NaN	NaN	1273.51	716.37	NaN	5.5283
848147897805	NaN	NaN	1275.02	713.98	NaN	5.5206
848147906137	NaN	NaN	1277.17	712.96	NaN	5.5171
848147914471	NaN	NaN	1281.25	709.68	NaN	5.4952
848147922805	NaN	NaN	1272.01	716.06	NaN	5.5037
848147931138	NaN	NaN	1274.61	706.74	NaN	5.4920
848147939471	NaN	NaN	1278.03	704.80	NaN	5.4750
848147947804	NaN	NaN	1266.03	711.80	NaN	5.4993
848147956136	NaN	NaN	1272.19	712.27	NaN	5.4804
848147964470	NaN	NaN	1271.54	709.77	NaN	5.4726
848147972804	NaN	NaN	1270.33	703.03	NaN	5.4565
848147981137	NaN	NaN	1268.38	713.19	NaN	5.4560
848147989475	NaN	NaN	1270.17	715.02	NaN	5.4633
848147997808	NaN	NaN	1276.95	709.73	NaN	5.4233
848148006142	NaN	NaN	1268.50	708.79	NaN	5.4475
848148014475	NaN	NaN	1274.75	711.20	NaN	5.4214
848148022808	NaN	NaN	1271.27	714.77	NaN	5.4329
848148031140	NaN	NaN	1272.78	712.99	NaN	5.4143
848148039474	NaN	NaN	1272.48	715.36	NaN	5.4199
848148047807	NaN	NaN	1277.69	705.27	NaN	5.4121
848148056141	NaN	NaN	1268.59	709.56	NaN	5.3942
848148064474	NaN	NaN	1272.29	711.00	NaN	5.4074
848148072807	NaN	NaN	1266.83	710.39	NaN	5.4043
848148081140	NaN	NaN	1269.50	709.29	NaN	5.3960
848148089474	NaN	NaN	1274.19	705.88	NaN	5.3854
848148097808	NaN	NaN	1262.05	713.07	NaN	5.3997
848148106140	NaN	NaN	1259.79	711.46	NaN	5.3995
848148114477	NaN	NaN	1264.57	710.46	NaN	5.3936
848148122810	NaN	NaN	1264.47	712.18	NaN	5.3893
848148131144	NaN	NaN	1259.71	710.71	NaN	5.3856
848148139477	NaN	NaN	1263.42	715.31	NaN	5.4009
848148147810	NaN	NaN	1260.02	712.50	NaN	5.3951
848148156143	NaN	NaN	1267.09	714.16	NaN	5.3855
848148164477	NaN	NaN	1263.92	713.89	NaN	5.3877
848148172811	NaN	NaN	1258.20	717.49	NaN	5.4012
848148181144	NaN	NaN	1264.21	710.64	NaN	5.3816
848148189476	NaN	NaN	1259.95	744.83	NaN	5.3764
848148197809	NaN	NaN	1250.50	788.46	NaN	5.3922
848148206142	NaN	NaN	1255.19	798.24	NaN	5.3962
848148214476	NaN	NaN	1263.33	789.73	NaN	5.3699
848148222809	NaN	NaN	1253.24	792.63	NaN	5.3981
848148231142	NaN	NaN	1255.39	789.46	NaN	5.3941
848148239476	NaN	NaN	1260.49	788.10	NaN	5.3837
848148247813	NaN	NaN	1255.44	788.77	NaN	5.4122
848148256147	NaN	NaN	1261.21	786.70	NaN	5.3987
848148264479	NaN	NaN	1259.75	782.92	NaN	5.4071
848148272812	NaN	NaN	1262.03	787.39	NaN	5.4094
848148281145	NaN	NaN	1257.91	787.38	NaN	5.4076
848148289479	NaN	NaN	1258.71	787.25	NaN	5.4228
848148297812	NaN	NaN	1261.30	785.32	NaN	5.4187
848148306145	NaN	NaN	1267.91	784.96	NaN	5.4064
848148314478	NaN	NaN	1254.16	788.33	NaN	5.4214
848148322812	NaN	NaN	1253.54	788.76	NaN	5.4467
848148331145	NaN	NaN	1264.56	776.15	NaN	5.3963
848148339479	NaN	NaN	1257.89	777.25	NaN	5.4280
848148347811	NaN	NaN	1250.02	782.96	NaN	5.4437
848148356144	NaN	NaN	1253.41	783.43	NaN	5.4470
848148364477	NaN	NaN	1254.88	782.77	NaN	5.4500
848148372811	NaN	NaN	1248.82	786.66	NaN	5.4650
848148381151	NaN	NaN	1254.49	784.90	NaN	5.4573
848148389483	NaN	NaN	1244.57	782.25	NaN	5.4853
848148397817	NaN	NaN	1255.05	782.49	NaN	5.4712
848148406150	NaN	NaN	1257.40	778.64	NaN	5.4671
848148414483	NaN	NaN	1255.71	785.95	NaN	5.4838
848148422817	NaN	NaN	1251.99	776.13	NaN	5.4810
848148431149	NaN	NaN	1252.65	782.73	NaN	5.4882
848148439483	NaN	NaN	1251.09	777.10	NaN	5.4902
848148447816	NaN	NaN	1250.76	775.55	NaN	5.5000
848148456149	NaN	NaN	1257.10	769.26	NaN	5.4921
848148464483	NaN	NaN	1252.78	771.79	NaN	5.5079
848148472816	NaN	NaN	1253.43	770.75	NaN	5.5169
848148481149	NaN	NaN	1257.01	772.38	NaN	5.5200
848148489482	NaN	NaN	1249.48	776.04	NaN	5.5331
848148497816	NaN	NaN	1261.09	775.52	NaN	5.5215
848148506149	NaN	NaN	1262.55	773.81	NaN	5.5139
848148514486	NaN	NaN	1257.57	783.93	NaN	5.5360
848148522820	NaN	NaN	1253.94	785.62	NaN	5.5376
848148531153	NaN	NaN	1261.40	787.35	NaN	5.5392
848148539486	NaN	NaN	1262.42	780.04	NaN	5.5334
848148547820	NaN	NaN	1259.66	782.30	NaN	5.5323
848148556153	NaN	NaN	1262.54	778.30	NaN	5.5445
848148564486	NaN	NaN	1257.61	780.36	NaN	5.5422
848148572820	NaN	NaN	1249.02	775.28	NaN	5.5602
848148581153	NaN	NaN	1254.27	760.07	NaN	5.5575
848148589486	NaN	NaN	1253.26	754.39	NaN	5.5576
848148597819	NaN	NaN	1252.59	756.50	NaN	5.5553
848148606152	NaN	NaN	1251.48	748.74	NaN	5.5568
848148614485	NaN	NaN	1252.00	756.23	NaN	5.5613
848148622819	NaN	NaN	1257.81	750.86	NaN	5.5488
848148631152	NaN	NaN	1257.65	759.46	NaN	5.5605
848148639488	NaN	NaN	1254.17	758.19	NaN	5.5500
848148647822	NaN	NaN	1256.72	767.82	NaN	5.5633
848148656155	NaN	NaN	1260.17	763.54	NaN	5.5527
848148664488	NaN	NaN	1263.49	768.66	NaN	5.5624
848148672821	NaN	NaN	1264.46	768.21	NaN	5.5615
848148681154	NaN	NaN	1264.31	770.67	NaN	5.5670
848148689487	NaN	NaN	1267.93	768.76	NaN	5.5595
848148697821	NaN	NaN	1266.72	769.86	NaN	5.5517
848148706154	NaN	NaN	1258.19	768.45	NaN	5.5661
848148714488	NaN	NaN	1258.16	760.57	NaN	5.5712
848148722821	NaN	NaN	1253.57	765.56	NaN	5.5836
848148731154	NaN	NaN	1254.56	757.04	NaN	5.5661
848148739487	NaN	NaN	1255.33	753.69	NaN	5.5723
848148747820	NaN	NaN	1253.08	754.58	NaN	5.5659
848148756153	NaN	NaN	1254.66	752.68	NaN	5.5675
848148764486	NaN	NaN	1256.41	756.22	NaN	5.5702
848148772826	NaN	NaN	1257.91	758.05	NaN	5.5665
848148781159	NaN	NaN	1249.61	760.99	NaN	5.5807
848148789492	NaN	NaN	1265.17	754.98	NaN	5.5747
848148797826	NaN	NaN	1259.16	758.10	NaN	5.5753
848148806159	NaN	NaN	1266.46	761.62	NaN	5.5632
848148814492	NaN	NaN	1263.07	765.82	NaN	5.5570
848148822825	NaN	NaN	1272.13	769.26	NaN	5.5610
848148831158	NaN	NaN	1262.25	768.83	NaN	5.5698
848148839492	NaN	NaN	1266.99	762.85	NaN	5.5508
848148847824	NaN	NaN	1259.40	761.21	NaN	5.5558
848148856158	NaN	NaN	1260.16	761.28	NaN	5.5428
848148864491	NaN	NaN	1255.80	760.57	NaN	5.5685
848148872824	NaN	NaN	1258.96	755.10	NaN	5.5458
848148881158	NaN	NaN	1260.96	757.49	NaN	5.5615
848148889491	NaN	NaN	1263.42	760.91	NaN	5.5585
848148897824	NaN	NaN	1261.01	765.05	NaN	5.5500
848148906162	NaN	NaN	1270.02	762.21	NaN	5.5446
848148914495	NaN	NaN	1266.46	762.98	NaN	5.5478
848148922829	NaN	NaN	1259.51	757.69	NaN	5.5573
848148931162	NaN	NaN	1255.02	755.01	NaN	5.5484
848148939495	NaN	NaN	1254.46	757.65	NaN	5.5614
848148947828	NaN	NaN	1259.16	755.71	NaN	5.5551
848148956162	NaN	NaN	1257.59	751.80	NaN	5.5513
848148964496	NaN	NaN	1253.26	757.13	NaN	5.5500
848148972828	NaN	NaN	1256.37	764.76	NaN	5.5522
848148981162	NaN	NaN	1252.03	760.40	NaN	5.5517
848148989494	NaN	NaN	1255.32	755.09	NaN	5.5406
848148997827	NaN	NaN	1251.10	758.67	NaN	5.5418
848149006161	NaN	NaN	1253.51	766.19	NaN	5.5505
848149014494	NaN	NaN	1251.56	766.30	NaN	5.5561
848149022827	NaN	NaN	1254.64	764.81	NaN	5.5636
848149031167	NaN	NaN	1261.42	763.17	NaN	5.5350
848149039500	NaN	NaN	1253.92	765.72	NaN	5.5495
848149047834	NaN	NaN	1258.84	761.18	NaN	5.5467
848149056167	NaN	NaN	1253.37	760.54	NaN	5.5573
848149064499	NaN	NaN	1244.90	769.43	NaN	5.5590
848149072832	NaN	NaN	1250.79	766.88	NaN	5.5571
848149081166	NaN	NaN	1247.26	769.06	NaN	5.5559
848149089500	NaN	NaN	1250.99	774.67	NaN	5.5559
848149097832	NaN	NaN	1261.20	779.66	NaN	5.5561
848149106166	NaN	NaN	1255.83	784.52	NaN	5.5592
848149114499	NaN	NaN	1253.37	781.61	NaN	5.5508
848149122832	NaN	NaN	1255.93	783.72	NaN	5.5563
848149131166	NaN	NaN	1255.42	778.22	NaN	5.5557
848149139499	NaN	NaN	1265.00	777.90	NaN	5.5557
848149147831	NaN	NaN	1256.13	771.96	NaN	5.5486
848149156165	NaN	NaN	1257.15	771.40	NaN	5.5708
848149164503	NaN	NaN	1259.73	765.97	NaN	5.5655
848149172837	NaN	NaN	1259.09	763.63	NaN	5.5681
848149181170	NaN	NaN	1256.85	765.22	NaN	5.5689
848149189503	NaN	NaN	1254.13	767.08	NaN	5.5679
848149197836	NaN	NaN	1260.16	764.59	NaN	5.5600
848149206170	NaN	NaN	1261.21	770.45	NaN	5.5723
848149214504	NaN	NaN	1265.55	770.33	NaN	5.5631
848149222835	NaN	NaN	1262.36	774.22	NaN	5.5676
848149231169	NaN	NaN	1262.07	778.27	NaN	5.5661
848149239502	NaN	NaN	1265.03	779.64	NaN	5.5564
848149247835	NaN	NaN	1273.87	773.46	NaN	5.5637
848149256169	NaN	NaN	1266.86	772.89	NaN	5.5642
848149264502	NaN	NaN	1262.70	768.43	NaN	5.5670
848149272835	NaN	NaN	1266.59	771.58	NaN	5.5720
848149281169	NaN	NaN	1257.86	770.62	NaN	5.5770
848149289502	NaN	NaN	1265.15	767.76	NaN	5.5769
848149297839	NaN	NaN	1262.64	770.75	NaN	5.5734
848149306171	NaN	NaN	1265.09	768.89	NaN	5.5731
848149314504	NaN	NaN	1263.75	764.34	NaN	5.5727
848149322837	NaN	NaN	1261.73	773.65	NaN	5.5795
848149331170	NaN	NaN	1274.03	762.01	NaN	5.5566
848149339504	NaN	NaN	1270.84	761.88	NaN	5.5669
848149347837	NaN	NaN	1262.76	764.78	NaN	5.5849
848149356171	NaN	NaN	1264.27	757.65	NaN	5.5782
848149364504	NaN	NaN	1266.64	764.40	NaN	5.5731
848149372837	NaN	NaN	1260.17	767.62	NaN	5.5840
848149381171	NaN	NaN	1279.98	768.10	NaN	5.5921
848149389503	NaN	NaN	1328.03	771.46	NaN	5.5856
848149397836	NaN	NaN	1328.24	769.77	NaN	5.5665
848149406169	NaN	NaN	1328.31	767.08	NaN	5.5621
848149414503	NaN	NaN	1320.74	765.85	NaN	5.5665
848149422837	NaN	NaN	1318.57	772.94	NaN	5.5759
848149431175	NaN	NaN	1324.47	772.75	NaN	5.5646
848149439508	NaN	NaN	1326.54	775.43	NaN	5.5646
848149447841	NaN	NaN	1318.18	782.70	NaN	5.5793
848149456174	NaN	NaN	1319.74	776.45	NaN	5.5566
848149464507	NaN	NaN	1320.80	780.52	NaN	5.5836
848149472840	NaN	NaN	1319.78	776.37	NaN	5.5712
848149481173	NaN	NaN	1312.55	777.39	NaN	5.5787
848149489507	NaN	NaN	1324.13	770.25	NaN	5.5734
848149497840	NaN	NaN	1322.73	774.71	NaN	5.5716
848149506174	NaN	NaN	1312.75	782.20	NaN	5.5756
848149514507	NaN	NaN	1314.61	780.73	NaN	5.5753
848149522840	NaN	NaN	1319.53	779.44	NaN	5.5809
848149531173	NaN	NaN	1319.66	778.42	NaN	5.5826
848149539507	NaN	NaN	1323.07	779.93	NaN	5.5761
848149547840	NaN	NaN	1324.18	777.77	NaN	5.5683
848149556176	NaN	NaN	1320.32	774.80	NaN	5.5751
848149564510	NaN	NaN	1332.08	772.97	NaN	5.5636
848149572843	NaN	NaN	1321.02	777.80	NaN	5.5775
848149581176	NaN	NaN	1324.82	777.78	NaN	5.5697
848149589510	NaN	NaN	1325.70	782.15	NaN	5.5679
848149597843	NaN	NaN	1327.23	775.98	NaN	5.5756
848149606176	NaN	NaN	1320.53	777.04	NaN	5.5787
848149614510	NaN	NaN	1328.90	767.49	NaN	5.5639
848149622842	NaN	NaN	1328.86	766.92	NaN	5.5693
848149631176	NaN	NaN	1321.54	769.85	NaN	5.5708
848149639509	NaN	NaN	1320.36	773.25	NaN	5.5666
848149647842	NaN	NaN	1321.27	773.31	NaN	5.5601
848149656175	NaN	NaN	1325.28	773.77	NaN	5.5417
848149664509	NaN	NaN	1324.23	772.12	NaN	5.5582
848149672842	NaN	NaN	1326.23	775.69	NaN	5.5584
848149681175	NaN	NaN	1324.03	777.09	NaN	5.5636
848149689515	NaN	NaN	1326.31	775.94	NaN	5.5497
848149697848	NaN	NaN	1318.18	777.09	NaN	5.5732
848149706181	NaN	NaN	1324.83	777.97	NaN	5.5790
848149714514	NaN	NaN	1320.64	778.25	NaN	5.5598
848149722847	NaN	NaN	1320.98	775.95	NaN	5.5555
848149731180	NaN	NaN	1315.12	775.63	NaN	5.5623
848149739514	NaN	NaN	1317.42	774.88	NaN	5.5615
848149747847	NaN	NaN	1308.48	774.26	NaN	5.5871
848149756181	NaN	NaN	1317.55	781.59	NaN	5.5685
848149764514	NaN	NaN	1320.80	776.14	NaN	5.5540
848149772847	NaN	NaN	1315.89	777.50	NaN	5.5618
848149781180	NaN	NaN	1319.95	774.55	NaN	5.5718
848149789514	NaN	NaN	1312.13	774.52	NaN	5.5700
848149797847	NaN	NaN	1310.35	773.35	NaN	5.5688
848149806179	NaN	NaN	1313.78	772.68	NaN	5.5808
848149814513	NaN	NaN	1321.03	774.34	NaN	5.5636
848149822850	NaN	NaN	1319.30	769.91	NaN	5.5635
848149831183	NaN	NaN	1321.44	768.74	NaN	5.5644
848149839517	NaN	NaN	1321.21	764.47	NaN	5.5765
848149847850	NaN	NaN	1324.60	763.69	NaN	5.5685
848149856183	NaN	NaN	1322.01	764.15	NaN	5.5815
848149864517	NaN	NaN	1332.76	763.40	NaN	5.5770
848149872849	NaN	NaN	1326.36	759.75	NaN	5.5818
848149881183	NaN	NaN	1322.84	761.51	NaN	5.5948
848149889515	NaN	NaN	1321.82	765.20	NaN	5.5713
848149897849	NaN	NaN	1325.64	756.90	NaN	5.5654
848149906182	NaN	NaN	1327.91	761.48	NaN	5.5629
848149914516	NaN	NaN	1331.86	757.87	NaN	5.5645
848149922849	NaN	NaN	1328.35	756.72	NaN	5.5690
848149931182	NaN	NaN	1323.63	759.53	NaN	5.5749
848149939516	NaN	NaN	1334.19	753.26	NaN	5.5671
848149947849	NaN	NaN	1333.79	759.84	NaN	5.5705
848149956186	NaN	NaN	1325.15	762.20	NaN	5.5778
848149964520	NaN	NaN	1329.49	761.08	NaN	5.5580
848149972853	NaN	NaN	1331.29	757.52	NaN	5.5728
848149981186	NaN	NaN	1329.50	760.98	NaN	5.5755
848149989519	NaN	NaN	1329.82	758.35	NaN	5.5954
848149997853	NaN	NaN	1335.85	755.13	NaN	5.5529
848150006187	NaN	NaN	1329.14	760.54	NaN	5.5812
848150014519	NaN	NaN	1335.99	754.58	NaN	5.5640
848150022853	NaN	NaN	1335.08	757.25	NaN	5.5684
848150031185	NaN	NaN	1325.82	764.77	NaN	5.5768
848150039519	NaN	NaN	1334.26	761.16	NaN	5.5676
848150047852	NaN	NaN	1329.25	768.09	NaN	5.5769
848150056185	NaN	NaN	1301.86	770.35	NaN	5.5714
848150064518	NaN	NaN	1254.05	764.88	NaN	5.5742
848150072852	NaN	NaN	1250.43	757.30	NaN	5.5878
848150081191	NaN	NaN	1253.79	750.73	NaN	5.5813
848150089525	NaN	NaN	1264.73	750.22	NaN	5.5675
848150097858	NaN	NaN	1259.97	751.95	NaN	5.5887
848150106191	NaN	NaN	1254.11	749.34	NaN	5.5825
848150114524	NaN	NaN	1262.05	744.64	NaN	5.5713
848150122858	NaN	NaN	1263.52	747.17	NaN	5.5714
848150131192	NaN	NaN	1263.65	750.90	NaN	5.5782
848150139524	NaN	NaN	1255.85	751.53	NaN	5.5849
848150147858	NaN	NaN	1255.76	753.23	NaN	5.5717
848150156191	NaN	NaN	1255.31	749.97	NaN	5.5738
848150164524	NaN	NaN	1259.10	755.06	NaN	5.5712
848150172858	NaN	NaN	1258.11	753.79	NaN	5.5730
848150181190	NaN	NaN	1258.74	753.61	NaN	5.5746
848150189523	NaN	NaN	1259.54	754.79	NaN	5.5621
848150197857	NaN	NaN	1261.93	749.59	NaN	5.5721
848150206190	NaN	NaN	1260.68	753.91	NaN	5.5715
848150214527	NaN	NaN	1256.44	752.39	NaN	5.5715
848150222860	NaN	NaN	1259.89	753.84	NaN	5.5594
848150231193	NaN	NaN	1261.79	757.07	NaN	5.5602
848150239526	NaN	NaN	1265.47	759.37	NaN	5.5664
848150247860	NaN	NaN	1263.64	757.42	NaN	5.5807
848150256194	NaN	NaN	1263.26	756.14	NaN	5.5767
848150264525	NaN	NaN	1268.14	749.79	NaN	5.5654
848150272859	NaN	NaN	1266.83	753.13	NaN	5.5803
848150281192	NaN	NaN	1264.30	750.08	NaN	5.5910
848150289525	NaN	NaN	1266.06	752.77	NaN	5.5685
848150297859	NaN	NaN	1263.78	764.07	NaN	5.5778
848150306192	NaN	NaN	1265.95	762.45	NaN	5.5670
848150314525	NaN	NaN	1270.31	789.79	NaN	5.5749
848150322859	NaN	NaN	1260.42	807.61	NaN	5.5896
848150331192	NaN	NaN	1258.14	802.13	NaN	5.5824
848150339525	NaN	NaN	1264.42	793.89	NaN	5.5676
848150347863	NaN	NaN	1266.40	795.32	NaN	5.5832
848150356196	NaN	NaN	1267.97	803.70	NaN	5.5690
848150364529	NaN	NaN	1261.02	798.55	NaN	5.5709
848150372863	NaN	NaN	1260.52	798.23	NaN	5.5669
848150381196	NaN	NaN	1267.93	797.76	NaN	5.5528
848150389529	NaN	NaN	1265.12	800.89	NaN	5.5589
848150397863	NaN	NaN	1275.53	795.64	NaN	5.5508
848150406196	NaN	NaN	1278.84	795.81	NaN	5.5605
848150414529	NaN	NaN	1264.98	800.48	NaN	5.5475
848150422862	NaN	NaN	1259.80	789.48	NaN	5.5528
848150431195	NaN	NaN	1273.46	790.07	NaN	5.5580
848150439528	NaN	NaN	1262.24	789.77	NaN	5.5408
848150447861	NaN	NaN	1267.02	796.46	NaN	5.5459
848150456195	NaN	NaN	1266.08	801.21	NaN	5.5598
848150464529	NaN	NaN	1258.20	804.00	NaN	5.5450
848150472866	NaN	NaN	1265.06	798.98	NaN	5.5473
848150481199	NaN	NaN	1271.52	793.47	NaN	5.5382
848150489532	NaN	NaN	1261.76	794.52	NaN	5.5365
848150497864	NaN	NaN	1264.26	806.95	NaN	5.5500
848150506198	NaN	NaN	1260.42	804.58	NaN	5.5435
848150514531	NaN	NaN	1248.49	789.28	NaN	5.5471
848150522865	NaN	NaN	1260.27	795.47	NaN	5.5394
848150531198	NaN	NaN	1264.46	797.99	NaN	5.5500
848150539531	NaN	NaN	1265.66	802.19	NaN	5.5339
848150547865	NaN	NaN	1250.15	794.33	NaN	5.5686
848150556198	NaN	NaN	1255.93	788.24	NaN	5.5531
848150564531	NaN	NaN	1269.21	788.16	NaN	5.5336
848150572864	NaN	NaN	1257.67	794.49	NaN	5.5542
848150581197	NaN	NaN	1258.40	791.56	NaN	5.5376
848150589531	NaN	NaN	1250.53	793.02	NaN	5.5480
848150597863	NaN	NaN	1251.28	797.79	NaN	5.5427
848150606203	NaN	NaN	1255.49	796.37	NaN	5.5427
848150614536	NaN	NaN	1259.28	800.34	NaN	5.5487
848150622870	NaN	NaN	1269.61	794.98	NaN	5.5242
848150631203	NaN	NaN	1275.06	788.78	NaN	5.5385
848150639536	NaN	NaN	1265.00	788.11	NaN	5.5399
848150647869	NaN	NaN	1260.64	794.74	NaN	5.5335
848150656202	NaN	NaN	1249.82	801.37	NaN	5.5349
848150664535	NaN	NaN	1255.48	779.83	NaN	5.5107
848150672869	NaN	NaN	1256.49	795.36	NaN	5.5422
848150681202	NaN	NaN	1252.24	795.88	NaN	5.5382
848150689535	NaN	NaN	1261.71	779.43	NaN	5.5332
848150697868	NaN	NaN	1275.36	774.26	NaN	5.5291
848150706202	NaN	NaN	1268.87	766.69	NaN	5.5364
848150714535	NaN	NaN	1259.66	771.84	NaN	5.5473
848150722868	NaN	NaN	1273.66	779.09	NaN	5.5437
848150731202	NaN	NaN	1272.80	769.52	NaN	5.5393
848150739540	NaN	NaN	1276.98	770.37	NaN	5.5283
848150747873	NaN	NaN	1273.68	771.25	NaN	5.5097
848150756207	NaN	NaN	1272.64	765.87	NaN	5.5284
848150764540	NaN	NaN	1269.86	771.39	NaN	5.5249
848150772873	NaN	NaN	1275.60	775.77	NaN	5.5273
848150781206	NaN	NaN	1277.81	759.23	NaN	5.5101
848150789539	NaN	NaN	1277.82	771.66	NaN	5.5214
848150797874	NaN	NaN	1278.57	778.02	NaN	5.5215
848150806207	NaN	NaN	1278.71	770.87	NaN	5.5027
848150814540	NaN	NaN	1268.47	773.66	NaN	5.5144
848150822872	NaN	NaN	1275.26	767.38	NaN	5.5148
848150831206	NaN	NaN	1265.33	772.33	NaN	5.5363
848150839540	NaN	NaN	1272.59	767.03	NaN	5.5087
848150847871	NaN	NaN	1279.95	772.03	NaN	5.5061
848150856205	NaN	NaN	1272.17	780.34	NaN	5.5094
848150864539	NaN	NaN	1272.22	780.06	NaN	5.5091
848150872875	NaN	NaN	1272.60	777.13	NaN	5.5041
848150881209	NaN	NaN	1266.34	779.48	NaN	5.5091
848150889542	NaN	NaN	1264.13	774.63	NaN	5.5054
848150897874	NaN	NaN	1265.26	776.21	NaN	5.5207
848150906208	NaN	NaN	1276.32	769.49	NaN	5.5224
848150914541	NaN	NaN	1277.79	775.66	NaN	5.5003
848150922875	NaN	NaN	1262.22	779.51	NaN	5.4931
848150931207	NaN	NaN	1267.92	770.77	NaN	5.4934
848150939541	NaN	NaN	1277.72	769.46	NaN	5.5103
848150947874	NaN	NaN	1266.79	781.63	NaN	5.4944
848150956208	NaN	NaN	1266.75	772.79	NaN	5.4888
848150964541	NaN	NaN	1271.05	770.77	NaN	5.5011
848150972874	NaN	NaN	1268.16	781.54	NaN	5.4986
848150981207	NaN	NaN	1267.08	782.01	NaN	5.4846
848150989540	NaN	NaN	1274.50	776.80	NaN	5.4978
848150997876	NaN	NaN	1279.63	778.73	NaN	5.4916
848151006210	NaN	NaN	1265.53	777.35	NaN	5.4943
848151014543	NaN	NaN	1284.20	780.16	NaN	5.4901
848151022876	NaN	NaN	1270.80	785.37	NaN	5.4762
848151031209	NaN	NaN	1265.55	789.01	NaN	5.4731
848151039543	NaN	NaN	1279.24	779.18	NaN	5.4696
848151047876	NaN	NaN	1274.50	781.64	NaN	5.4790
848151056209	NaN	NaN	1275.44	779.11	NaN	5.4858
848151064542	NaN	NaN	1272.88	778.23	NaN	5.4970
848151072875	NaN	NaN	1271.36	777.90	NaN	5.4879
848151081209	NaN	NaN	1265.74	783.64	NaN	5.4823
848151089542	NaN	NaN	1271.21	788.46	NaN	5.4759
848151097875	NaN	NaN	1269.45	782.94	NaN	5.4886
848151106209	NaN	NaN	1273.72	779.85	NaN	5.4940
848151114542	NaN	NaN	1272.36	783.45	NaN	5.4965
848151122875	NaN	NaN	1275.77	783.05	NaN	5.4917
848151131215	NaN	NaN	1277.04	781.94	NaN	5.5053
848151139549	NaN	NaN	1264.67	789.26	NaN	5.5086
848151147881	NaN	NaN	1258.49	784.02	NaN	5.5045
848151156215	NaN	NaN	1269.89	778.93	NaN	5.4896
848151164548	NaN	NaN	1278.38	781.55	NaN	5.5029
848151172881	NaN	NaN	1270.07	783.43	NaN	5.5023
848151181214	NaN	NaN	1270.68	794.56	NaN	5.4990
848151189548	NaN	NaN	1279.55	787.27	NaN	5.5045
848151197881	NaN	NaN	1277.42	786.40	NaN	5.5161
848151206214	NaN	NaN	1272.03	782.30	NaN	5.5166
848151214548	NaN	NaN	1269.04	782.80	NaN	5.5134
848151222880	NaN	NaN	1263.35	790.57	NaN	5.5409
848151231213	NaN	NaN	1282.38	789.14	NaN	5.5110
848151239547	NaN	NaN	1266.62	784.97	NaN	5.5320
848151247880	NaN	NaN	1266.66	784.02	NaN	5.5366
848151256213	NaN	NaN	1277.60	780.86	NaN	5.5365
848151264551	NaN	NaN	1270.45	788.03	NaN	5.5533
848151272884	NaN	NaN	1265.84	787.07	NaN	5.5420
848151281217	NaN	NaN	1271.93	780.63	NaN	5.5333
848151289551	NaN	NaN	1267.48	794.63	NaN	5.5463
848151297884	NaN	NaN	1269.57	788.00	NaN	5.5388
848151306216	NaN	NaN	1273.57	786.52	NaN	5.5434
848151314550	NaN	NaN	1279.29	787.09	NaN	5.5495
848151322883	NaN	NaN	1275.85	790.80	NaN	5.5685
848151331216	NaN	NaN	1273.90	794.07	NaN	5.5766
848151339550	NaN	NaN	1274.57	791.82	NaN	5.5641
848151347883	NaN	NaN	1266.01	790.55	NaN	5.5558
848151356216	NaN	NaN	1265.50	796.76	NaN	5.5853
848151364550	NaN	NaN	1268.72	795.41	NaN	5.5795
848151372883	NaN	NaN	1278.89	795.45	NaN	5.5680
848151381215	NaN	NaN	1273.65	789.60	NaN	5.5653
848151389549	NaN	NaN	1271.76	786.39	NaN	5.5742
848151397887	NaN	NaN	1271.63	790.43	NaN	5.5731
848151406220	NaN	NaN	1271.99	787.16	NaN	5.5814
848151414554	NaN	NaN	1278.81	786.97	NaN	5.5867
848151422887	NaN	NaN	1275.61	782.80	NaN	5.5840
848151431220	NaN	NaN	1273.59	779.12	NaN	5.5826
848151439554	NaN	NaN	1260.78	784.31	NaN	5.5989
848151447887	NaN	NaN	1269.32	789.58	NaN	5.5737
848151456220	NaN	NaN	1277.55	785.89	NaN	5.5870
848151464553	NaN	NaN	1266.75	788.56	NaN	5.5737
848151472886	NaN	NaN	1276.36	784.64	NaN	5.5779
848151481219	NaN	NaN	1271.10	794.31	NaN	5.6001
848151489553	NaN	NaN	1274.55	788.38	NaN	5.5883
848151497886	NaN	NaN	1279.81	781.79	NaN	5.5873
848151506219	NaN	NaN	1274.50	790.94	NaN	5.5734
848151514552	NaN	NaN	1279.99	785.86	NaN	5.5902
848151522890	NaN	NaN	1268.89	789.23	NaN	5.5952
848151531223	NaN	NaN	1280.76	787.35	NaN	5.5818
848151539556	NaN	NaN	1273.12	783.62	NaN	5.5810
848151547889	NaN	NaN	1279.07	785.56	NaN	5.5914
848151556222	NaN	NaN	1277.08	788.78	NaN	5.5705
848151564556	NaN	NaN	1269.99	797.45	NaN	5.5848
848151572889	NaN	NaN	1277.57	790.50	NaN	5.5879
848151581222	NaN	NaN	1276.91	793.47	NaN	5.5702
848151589555	NaN	NaN	1277.36	800.85	NaN	5.5838
848151597889	NaN	NaN	1277.38	787.34	NaN	5.5724
848151606222	NaN	NaN	1277.85	788.45	NaN	5.5833
848151614555	NaN	NaN	1278.51	794.46	NaN	5.5869
848151622888	NaN	NaN	1279.72	785.19	NaN	5.5736
848151631221	NaN	NaN	1281.25	792.23	NaN	5.5788
848151639554	NaN	NaN	1278.45	794.61	NaN	5.5883
848151647888	NaN	NaN	1276.94	783.48	NaN	5.5851
848151656226	NaN	NaN	1275.62	790.59	NaN	5.5884
848151664559	NaN	NaN	1276.13	790.02	NaN	5.5944
848151672893	NaN	NaN	1279.37	787.07	NaN	5.5719
848151681226	NaN	NaN	1284.13	782.58	NaN	5.5475
848151689560	NaN	NaN	1272.82	783.11	NaN	5.5777
848151697893	NaN	NaN	NaN	NaN	NaN	NaN
848151706225	NaN	NaN	1276.48	782.20	NaN	5.5907
848151714558	NaN	NaN	1284.96	789.16	NaN	5.5813
848151722892	NaN	NaN	1291.74	778.08	NaN	5.5790
848151731225	NaN	NaN	1285.71	777.11	NaN	5.5801
848151739558	NaN	NaN	1288.76	785.36	NaN	5.5709
848151747891	NaN	NaN	1280.32	783.80	NaN	5.5858
848151756225	NaN	NaN	1276.55	778.47	NaN	5.5820
848151764558	NaN	NaN	1280.90	782.29	NaN	5.5855
848151772892	NaN	NaN	1275.91	783.76	NaN	5.5877
848151781225	NaN	NaN	1272.06	792.12	NaN	5.5892
848151789563	NaN	NaN	1272.49	792.75	NaN	5.5874
848151797897	NaN	NaN	1271.98	790.56	NaN	5.5789
848151806230	NaN	NaN	1258.92	788.53	NaN	5.5931
848151814563	NaN	NaN	1264.57	785.94	NaN	5.5838
848151822897	NaN	NaN	1267.18	770.77	NaN	5.5909
848151831230	NaN	NaN	1262.15	776.56	NaN	5.5886
848151839563	NaN	NaN	1257.45	782.34	NaN	5.5891
848151847897	NaN	NaN	1262.40	783.47	NaN	5.5857
848151856229	NaN	NaN	1264.73	779.06	NaN	5.5988
848151864562	NaN	NaN	1265.99	785.83	NaN	5.5969
848151872896	NaN	NaN	1271.99	788.12	NaN	5.5889
848151881229	NaN	NaN	1272.79	783.89	NaN	5.5937
848151889562	NaN	NaN	1271.21	779.21	NaN	5.5930
848151897896	NaN	NaN	1277.33	775.09	NaN	5.5991
848151906229	NaN	NaN	1273.90	775.94	NaN	5.5929
848151914562	NaN	NaN	1267.34	776.55	NaN	5.6151
848151922901	NaN	NaN	1264.56	780.02	NaN	5.5986
848151931233	NaN	NaN	1266.48	778.35	NaN	5.6026
848151939566	NaN	NaN	1274.01	781.24	NaN	5.6009
848151947900	NaN	NaN	1268.94	781.01	NaN	5.5897
848151956233	NaN	NaN	1261.42	785.60	NaN	5.6029
848151964566	NaN	NaN	1270.09	786.96	NaN	5.5925
848151972899	NaN	NaN	1274.96	789.22	NaN	5.5985
848151981232	NaN	NaN	1265.35	785.04	NaN	5.6062
848151989565	NaN	NaN	1263.78	776.09	NaN	5.6075
848151997900	NaN	NaN	1274.35	778.94	NaN	5.5993
848152006233	NaN	NaN	1273.08	779.47	NaN	5.6003
848152014565	NaN	NaN	1264.09	783.90	NaN	5.5888
848152022899	NaN	NaN	1272.10	784.04	NaN	5.5996
848152031232	NaN	NaN	1278.76	785.54	NaN	5.5930
848152039564	NaN	NaN	1264.86	778.01	NaN	5.5977
848152047903	NaN	NaN	1267.81	779.74	NaN	5.5970
848152056236	NaN	NaN	1282.81	777.65	NaN	5.5847
848152064569	NaN	NaN	1278.12	777.15	NaN	5.5860
848152072911	NaN	NaN	1267.88	781.85	NaN	5.5988
848152081244	NaN	NaN	1273.19	784.01	NaN	5.5913
848152089577	NaN	NaN	1266.87	783.89	NaN	5.5990
848152097910	NaN	NaN	1280.66	782.60	NaN	5.5956
848152106243	NaN	NaN	1270.24	777.12	NaN	5.6084
848152114577	NaN	NaN	1273.87	783.81	NaN	5.6071
848152122910	NaN	NaN	1280.83	779.85	NaN	5.5901
848152131243	NaN	NaN	1275.61	781.11	NaN	5.5924
848152139577	NaN	NaN	1279.28	778.13	NaN	5.5807
848152147910	NaN	NaN	1275.19	779.98	NaN	5.6037
848152156243	NaN	NaN	1278.20	780.55	NaN	5.5910
848152164568	NaN	NaN	1279.77	773.81	NaN	5.5975
848152172900	NaN	NaN	1277.90	780.84	NaN	5.5929
848152181238	NaN	NaN	1272.56	772.21	NaN	5.5934
848152189571	NaN	NaN	1278.32	776.94	NaN	5.5909
848152197913	NaN	NaN	1287.00	771.69	NaN	5.5929
848152206246	NaN	NaN	1280.42	778.11	NaN	5.5857
848152214580	NaN	NaN	1267.93	776.29	NaN	5.5954
848152222913	NaN	NaN	1267.08	774.39	NaN	5.5921
848152231246	NaN	NaN	1266.55	775.69	NaN	5.5935
848152239580	NaN	NaN	1279.59	771.38	NaN	5.6007
848152247913	NaN	NaN	1299.07	771.98	NaN	5.5870
848152256245	NaN	NaN	1284.42	764.21	NaN	5.5999
848152264579	NaN	NaN	1279.93	768.29	NaN	5.5948
848152272912	NaN	NaN	1283.35	770.12	NaN	5.5860
848152281245	NaN	NaN	1275.17	775.74	NaN	5.5969
848152289579	NaN	NaN	1282.24	761.64	NaN	5.5928
848152297912	NaN	NaN	1286.20	762.46	NaN	5.6083
848152306245	NaN	NaN	1282.00	763.56	NaN	5.6049
848152314583	NaN	NaN	1283.24	768.92	NaN	5.5899
848152322917	NaN	NaN	1284.92	779.45	NaN	5.5932
848152331250	NaN	NaN	1279.13	772.62	NaN	5.5888
848152339583	NaN	NaN	1284.06	771.51	NaN	5.5900
848152347916	NaN	NaN	1275.66	772.78	NaN	5.6004
848152356241	NaN	NaN	1278.50	768.36	NaN	5.6039
848152364574	NaN	NaN	1277.38	771.05	NaN	5.5915
848152372907	NaN	NaN	1280.06	769.45	NaN	5.6019
848152381241	NaN	NaN	1284.95	771.55	NaN	5.5923
848152389574	NaN	NaN	1284.99	774.95	NaN	5.6017
848152397907	NaN	NaN	1291.25	773.85	NaN	5.5808
848152406241	NaN	NaN	1289.18	774.56	NaN	5.5737
848152414573	NaN	NaN	1294.11	776.47	NaN	5.5957
848152422906	NaN	NaN	1284.27	770.04	NaN	5.5972
848152431240	NaN	NaN	1291.89	773.36	NaN	5.5850
848152439589	NaN	NaN	1290.07	769.34	NaN	5.5874
848152447914	NaN	NaN	1274.67	771.08	NaN	5.5929
848152456248	NaN	NaN	1285.49	769.91	NaN	5.5760
848152464581	NaN	NaN	1266.38	764.54	NaN	5.5735
848152472914	NaN	NaN	1274.15	761.66	NaN	5.5894
848152481248	NaN	NaN	1271.47	754.66	NaN	5.5886
848152489581	NaN	NaN	1275.19	753.75	NaN	5.5799
848152497913	NaN	NaN	1275.12	748.86	NaN	5.5733
848152506247	NaN	NaN	1272.99	746.44	NaN	5.5780
848152514588	NaN	NaN	1276.46	756.40	NaN	5.5681
848152522922	NaN	NaN	1274.84	768.99	NaN	5.5678
848152531246	NaN	NaN	1277.28	760.41	NaN	5.5755
848152539580	NaN	NaN	1273.75	751.28	NaN	5.5654
848152547913	NaN	NaN	1262.62	746.64	NaN	5.5905
848152556246	NaN	NaN	1266.33	757.43	NaN	5.5728
848152564580	NaN	NaN	1272.94	759.52	NaN	5.5602
848152572916	NaN	NaN	1276.21	756.56	NaN	5.5569
848152581248	NaN	NaN	1270.41	757.00	NaN	5.5652
848152589582	NaN	NaN	1266.24	749.18	NaN	5.5597
848152597915	NaN	NaN	1267.99	759.00	NaN	5.5733
848152606248	NaN	NaN	1268.30	755.59	NaN	5.5672
848152614582	NaN	NaN	1281.94	754.50	NaN	5.5649
848152622915	NaN	NaN	1284.01	750.65	NaN	5.5648
848152631249	NaN	NaN	1275.60	761.09	NaN	5.5587
848152639582	NaN	NaN	1280.22	755.18	NaN	5.5813
848152647915	NaN	NaN	1269.91	756.13	NaN	5.5826
848152656249	NaN	NaN	1276.01	756.79	NaN	5.5665
848152664581	NaN	NaN	1266.42	748.04	NaN	5.5848
848152672914	NaN	NaN	1278.24	755.87	NaN	5.5700
848152681248	NaN	NaN	1281.32	757.87	NaN	5.5692
848152689582	NaN	NaN	1273.77	743.22	NaN	5.5715
848152697915	NaN	NaN	1282.83	745.44	NaN	5.5617
848152706251	NaN	NaN	1276.42	754.82	NaN	5.5827
848152714584	NaN	NaN	1290.42	760.05	NaN	5.5609
848152722917	NaN	NaN	1284.36	746.65	NaN	5.5612
848152731251	NaN	NaN	1281.16	747.62	NaN	5.5625
848152739584	NaN	NaN	1278.03	762.55	NaN	5.5836
848152747917	NaN	NaN	1277.28	761.33	NaN	5.5770
848152756251	NaN	NaN	1272.46	799.53	NaN	5.5644
848152764584	NaN	NaN	1277.05	804.07	NaN	5.5777
848152772917	NaN	NaN	1273.70	807.55	NaN	5.5872
848152781250	NaN	NaN	1282.58	803.92	NaN	5.5718
848152789584	NaN	NaN	1272.98	791.34	NaN	5.5862
848152797917	NaN	NaN	1268.47	799.38	NaN	5.5911
848152806250	NaN	NaN	1276.53	806.30	NaN	5.5786
848152814583	NaN	NaN	1269.67	800.59	NaN	5.5943
848152822916	NaN	NaN	1272.78	792.11	NaN	5.5943
848152831249	NaN	NaN	1272.62	795.96	NaN	5.5814
848152839588	NaN	NaN	1274.45	800.02	NaN	5.5978
848152847921	NaN	NaN	1285.25	805.49	NaN	5.6040
848152856254	NaN	NaN	1288.07	808.69	NaN	5.5943
848152864588	NaN	NaN	1283.46	801.52	NaN	5.5972
848152872921	NaN	NaN	1283.45	805.73	NaN	5.5985
848152881254	NaN	NaN	1272.70	796.24	NaN	5.6073
848152889588	NaN	NaN	1273.99	793.86	NaN	5.6252
848152897920	NaN	NaN	1265.91	788.67	NaN	5.6181
848152906253	NaN	NaN	1268.15	797.16	NaN	5.6280
848152914587	NaN	NaN	1261.37	791.16	NaN	5.6218
848152922920	NaN	NaN	1259.92	799.02	NaN	5.6264
848152931253	NaN	NaN	1265.15	800.19	NaN	5.6184
848152939587	NaN	NaN	1262.66	802.58	NaN	5.6419
848152947920	NaN	NaN	1267.81	803.79	NaN	5.6278
848152956253	NaN	NaN	1265.54	805.71	NaN	5.6339
848152964592	NaN	NaN	1267.68	804.04	NaN	5.6311
848152972924	NaN	NaN	1270.44	809.69	NaN	5.6391
848152981257	NaN	NaN	1272.77	797.50	NaN	5.6435
848152989591	NaN	NaN	1269.64	797.44	NaN	5.6466
848152997924	NaN	NaN	1266.26	796.59	NaN	5.6340
848153006257	NaN	NaN	1266.84	798.35	NaN	5.6679
848153014591	NaN	NaN	1271.23	796.54	NaN	5.6501
848153022924	NaN	NaN	1270.93	797.02	NaN	5.6557
848153031257	NaN	NaN	1270.21	797.38	NaN	5.6614
848153039591	NaN	NaN	1266.01	802.96	NaN	5.6664
848153047924	NaN	NaN	1263.33	802.89	NaN	5.6611
848153056256	NaN	NaN	1264.01	800.54	NaN	5.6604
848153064589	NaN	NaN	1261.14	807.73	NaN	5.6684
848153072923	NaN	NaN	1262.67	806.97	NaN	5.6777
848153081256	NaN	NaN	1264.73	803.30	NaN	5.6759
848153089590	NaN	NaN	1259.73	798.84	NaN	5.6707
848153097929	NaN	NaN	1251.08	799.55	NaN	5.6837
848153106262	NaN	NaN	1255.13	790.30	NaN	5.7051
848153114595	NaN	NaN	1264.10	789.67	NaN	5.6664
848153122929	NaN	NaN	1271.53	777.54	NaN	5.6794
848153131261	NaN	NaN	1271.01	785.50	NaN	5.6755
848153139595	NaN	NaN	1269.31	787.19	NaN	5.6894
848153147928	NaN	NaN	1271.52	782.19	NaN	5.6991
848153156261	NaN	NaN	1270.43	786.07	NaN	5.6764
848153164594	NaN	NaN	1261.48	785.09	NaN	5.7034
848153172928	NaN	NaN	1270.90	786.73	NaN	5.6825
848153181261	NaN	NaN	1275.32	791.18	NaN	5.6883
848153189594	NaN	NaN	1270.88	791.69	NaN	5.6901
848153197928	NaN	NaN	1267.74	792.95	NaN	5.6955
848153206261	NaN	NaN	1261.20	803.03	NaN	5.7052
848153214594	NaN	NaN	1274.02	791.21	NaN	5.6865
848153222927	NaN	NaN	1271.68	791.09	NaN	5.6994
848153231263	NaN	NaN	1275.26	784.77	NaN	5.7014
848153239597	NaN	NaN	1277.63	780.38	NaN	5.6823
848153247930	NaN	NaN	1276.26	782.24	NaN	5.7015
848153256263	NaN	NaN	1272.49	777.11	NaN	5.7054
848153264597	NaN	NaN	1275.90	769.06	NaN	5.6955
848153272930	NaN	NaN	1275.82	773.14	NaN	5.6972
848153281263	NaN	NaN	1277.23	776.20	NaN	5.6995
848153289595	NaN	NaN	1276.23	779.23	NaN	5.6838
848153297929	NaN	NaN	1269.02	776.79	NaN	5.6969
848153306262	NaN	NaN	1278.29	779.48	NaN	5.6899
848153314595	NaN	NaN	1276.26	776.85	NaN	5.6994
848153322929	NaN	NaN	1274.35	772.81	NaN	5.6948
848153331262	NaN	NaN	1271.39	773.22	NaN	5.6983
848153339595	NaN	NaN	1276.79	773.57	NaN	5.6706
848153347929	NaN	NaN	1276.83	772.23	NaN	5.6786
848153356262	NaN	NaN	1272.37	777.32	NaN	5.6873
848153364600	NaN	NaN	1268.06	777.08	NaN	5.6857
848153372933	NaN	NaN	1272.97	777.51	NaN	5.6918
848153381266	NaN	NaN	1275.87	772.18	NaN	5.6642
848153389599	NaN	NaN	1270.74	784.22	NaN	5.6700
848153397933	NaN	NaN	1273.12	780.33	NaN	5.6633
848153406266	NaN	NaN	1276.50	775.03	NaN	5.6733
848153414599	NaN	NaN	1273.54	777.11	NaN	5.6671
848153422933	NaN	NaN	1269.65	773.88	NaN	5.6782
848153431266	NaN	NaN	1281.57	774.19	NaN	5.6503
848153439599	NaN	NaN	1278.41	763.24	NaN	5.6639
848153447933	NaN	NaN	1275.06	768.38	NaN	5.6662
848153456266	NaN	NaN	1275.33	773.89	NaN	5.6630
848153464599	NaN	NaN	1273.88	769.08	NaN	5.6632
848153472933	NaN	NaN	1273.46	774.47	NaN	5.6684
848153481266	NaN	NaN	1268.55	770.23	NaN	5.6684
848153489602	NaN	NaN	1265.41	775.63	NaN	5.6732
848153497936	NaN	NaN	1273.24	774.74	NaN	5.6457
848153506269	NaN	NaN	1263.79	781.37	NaN	5.6732
848153514602	NaN	NaN	1271.91	782.42	NaN	5.6523
848153522936	NaN	NaN	1274.94	782.91	NaN	5.6701
848153531268	NaN	NaN	1270.03	786.04	NaN	5.6723
848153539601	NaN	NaN	1267.04	789.29	NaN	5.6764
848153547935	NaN	NaN	1263.80	787.09	NaN	5.6743
848153556268	NaN	NaN	1272.15	785.68	NaN	5.6594
848153564601	NaN	NaN	1271.22	783.32	NaN	5.6615
848153572935	NaN	NaN	1271.34	784.08	NaN	5.6824
848153581268	NaN	NaN	1272.20	773.97	NaN	5.6721
848153589601	NaN	NaN	1276.10	774.28	NaN	5.6657
848153597935	NaN	NaN	1271.85	771.94	NaN	5.6629
848153606268	NaN	NaN	1276.18	767.45	NaN	5.6565
848153614600	NaN	NaN	1266.32	769.73	NaN	5.6762
848153622940	NaN	NaN	1273.88	766.87	NaN	5.6614
848153631273	NaN	NaN	1269.97	769.66	NaN	5.6841
848153639606	NaN	NaN	1271.17	771.88	NaN	5.6746
848153647939	NaN	NaN	1266.82	774.60	NaN	5.6856
848153656273	NaN	NaN	1272.59	769.83	NaN	5.6742
848153664606	NaN	NaN	1266.99	773.60	NaN	5.6833
848153672939	NaN	NaN	1265.99	773.35	NaN	5.6924
848153681273	NaN	NaN	1265.44	770.86	NaN	5.6954
848153689605	NaN	NaN	1267.00	768.90	NaN	5.6922
848153697938	NaN	NaN	1264.64	771.63	NaN	5.6934
848153706272	NaN	NaN	1274.85	773.84	NaN	5.6803
848153714605	NaN	NaN	1282.90	774.76	NaN	5.6903
848153722938	NaN	NaN	1279.05	767.90	NaN	5.6890
848153731272	NaN	NaN	1262.56	778.97	NaN	5.6972
848153739605	NaN	NaN	1267.03	782.51	NaN	5.6930
848153747938	NaN	NaN	1265.54	783.81	NaN	5.6959
848153756277	NaN	NaN	1267.73	781.21	NaN	5.6974
848153764610	NaN	NaN	1267.58	782.69	NaN	5.7017
848153772943	NaN	NaN	1260.88	790.70	NaN	5.7053
848153781276	NaN	NaN	1269.64	784.81	NaN	5.6960
848153789609	NaN	NaN	1270.25	782.37	NaN	5.7052
848153797942	NaN	NaN	1263.46	786.48	NaN	5.7224
848153806276	NaN	NaN	1264.51	782.85	NaN	5.7200
848153814609	NaN	NaN	1262.69	782.33	NaN	5.7192
848153822943	NaN	NaN	1270.87	781.44	NaN	5.7118
848153831276	NaN	NaN	1265.65	784.78	NaN	5.7243
848153839609	NaN	NaN	1266.09	781.82	NaN	5.7238
848153847941	NaN	NaN	1271.74	779.35	NaN	5.7146
848153856275	NaN	NaN	1268.93	779.52	NaN	5.7324
848153864608	NaN	NaN	1268.55	777.63	NaN	5.7185
848153872941	NaN	NaN	1270.40	773.54	NaN	5.7249
848153881279	NaN	NaN	1272.48	780.33	NaN	5.7144
848153889612	NaN	NaN	1275.60	770.30	NaN	5.7127
848153897945	NaN	NaN	1272.04	776.41	NaN	5.7362
848153906279	NaN	NaN	1268.83	772.98	NaN	5.7233
848153914612	NaN	NaN	1279.95	775.71	NaN	5.7166
848153922945	NaN	NaN	1269.85	778.31	NaN	5.7294
848153931278	NaN	NaN	1275.61	772.75	NaN	5.7280
848153939611	NaN	NaN	1273.27	773.53	NaN	5.7179
848153947944	NaN	NaN	1270.32	774.57	NaN	5.7319
848153956278	NaN	NaN	1278.12	769.10	NaN	5.7089
848153964611	NaN	NaN	1275.13	777.63	NaN	5.7203
848153972944	NaN	NaN	1265.10	777.03	NaN	5.7446
848153981278	NaN	NaN	1270.15	776.82	NaN	5.7273
848153989611	NaN	NaN	1272.35	777.99	NaN	5.7214
848153997944	NaN	NaN	1271.12	778.94	NaN	5.7228
848154006277	NaN	NaN	1268.07	772.67	NaN	5.7358
848154014614	NaN	NaN	1276.23	768.92	NaN	5.7148
848154022947	NaN	NaN	1273.69	781.29	NaN	5.7274
848154031281	NaN	NaN	1276.55	775.37	NaN	5.7234
848154039614	NaN	NaN	1275.70	770.05	NaN	5.7291
848154047947	NaN	NaN	1277.16	765.95	NaN	5.7141
848154056281	NaN	NaN	1274.35	772.21	NaN	5.7284
848154064614	NaN	NaN	1279.81	769.42	NaN	5.7187
848154072947	NaN	NaN	1285.82	767.76	NaN	5.7259
848154081281	NaN	NaN	1271.51	777.99	NaN	5.7185
848154089613	NaN	NaN	1272.97	782.78	NaN	5.7235
848154097946	NaN	NaN	1278.75	776.18	NaN	5.7132
848154106280	NaN	NaN	1272.65	782.13	NaN	5.7201
848154114613	NaN	NaN	1274.50	776.23	NaN	5.7108
848154122946	NaN	NaN	1272.98	788.31	NaN	5.7253
848154131280	NaN	NaN	1270.83	783.15	NaN	5.7219
848154139613	NaN	NaN	1268.33	781.25	NaN	5.7333
848154147952	NaN	NaN	1272.05	781.16	NaN	5.7139
848154156286	NaN	NaN	1280.58	787.49	NaN	5.6977
848154164618	NaN	NaN	1271.01	785.25	NaN	5.7200
848154172951	NaN	NaN	1267.16	791.11	NaN	5.7356
848154181284	NaN	NaN	1277.37	788.15	NaN	5.7051
848154189618	NaN	NaN	1273.75	786.25	NaN	5.7174
848154197951	NaN	NaN	1277.93	782.39	NaN	5.7089
848154206285	NaN	NaN	1282.46	783.71	NaN	5.7112
848154214618	NaN	NaN	1280.66	780.66	NaN	5.7149
848154222951	NaN	NaN	1274.36	784.65	NaN	5.7031
848154231284	NaN	NaN	1275.51	786.44	NaN	5.7090
848154239618	NaN	NaN	1275.83	785.03	NaN	5.7039
848154247950	NaN	NaN	1280.98	783.22	NaN	5.6982
848154256283	NaN	NaN	1279.02	783.03	NaN	5.7038
848154264617	NaN	NaN	1276.81	789.81	NaN	5.6927
848154272950	NaN	NaN	1279.10	787.68	NaN	5.6855
848154281289	NaN	NaN	1279.67	785.41	NaN	5.6699
848154289622	NaN	NaN	1278.71	790.10	NaN	5.6945
848154297955	NaN	NaN	1279.46	792.23	NaN	5.6919
848154306288	NaN	NaN	1280.14	792.84	NaN	5.6811
848154314622	NaN	NaN	1276.42	793.36	NaN	5.6798
848154322954	NaN	NaN	1271.73	800.33	NaN	5.6966
848154331287	NaN	NaN	1275.26	796.61	NaN	5.6873
848154339621	NaN	NaN	1276.76	795.77	NaN	5.6799
848154347954	NaN	NaN	1277.68	799.05	NaN	5.7023
848154356287	NaN	NaN	1286.80	783.65	NaN	5.6785
848154364621	NaN	NaN	1280.73	783.97	NaN	5.6856
848154372954	NaN	NaN	1283.87	780.67	NaN	5.6695
848154381287	NaN	NaN	1290.89	778.91	NaN	5.6634
848154389621	NaN	NaN	1281.03	786.84	NaN	5.6717
848154397954	NaN	NaN	1279.17	786.42	NaN	5.6654
848154406290	NaN	NaN	1280.99	784.19	NaN	5.6660
848154414624	NaN	NaN	1282.31	784.84	NaN	5.6595
848154422957	NaN	NaN	1281.08	791.06	NaN	5.6625
848154431290	NaN	NaN	1284.59	793.94	NaN	5.6657
848154439624	NaN	NaN	1288.78	793.51	NaN	5.6548
848154447957	NaN	NaN	1283.46	805.90	NaN	5.6646
848154456290	NaN	NaN	1282.91	803.80	NaN	5.6259
848154464624	NaN	NaN	1273.06	796.50	NaN	5.6714
848154472957	NaN	NaN	1272.46	769.58	NaN	5.7118
848154481289	NaN	NaN	1291.45	818.95	NaN	5.5992
848154489623	NaN	NaN	NaN	NaN	NaN	NaN
848154497956	NaN	NaN	NaN	NaN	NaN	NaN
848154506289	NaN	NaN	NaN	NaN	NaN	NaN
848154514623	NaN	NaN	NaN	NaN	NaN	NaN
848154522956	NaN	NaN	NaN	NaN	NaN	NaN
848154531289	NaN	NaN	NaN	NaN	NaN	NaN
848154539629	NaN	NaN	NaN	NaN	NaN	NaN
848154547962	NaN	NaN	NaN	NaN	NaN	NaN
848154556296	NaN	NaN	NaN	NaN	NaN	NaN
848154564628	NaN	NaN	NaN	NaN	NaN	NaN
848154572961	NaN	NaN	NaN	NaN	NaN	NaN
848154581294	NaN	NaN	NaN	NaN	NaN	NaN
848154589628	NaN	NaN	NaN	NaN	NaN	NaN
848154597961	NaN	NaN	NaN	NaN	NaN	NaN
848154606294	NaN	NaN	NaN	NaN	NaN	NaN
848154614628	NaN	NaN	NaN	NaN	NaN	NaN
848154622961	NaN	NaN	NaN	NaN	NaN	NaN
848154631295	NaN	NaN	NaN	NaN	NaN	NaN
848154639628	NaN	NaN	NaN	NaN	NaN	NaN
848154647960	NaN	NaN	NaN	NaN	NaN	NaN
848154656293	NaN	NaN	NaN	NaN	NaN	NaN
848154664627	NaN	NaN	NaN	NaN	NaN	NaN
848154672965	NaN	NaN	NaN	NaN	NaN	NaN
848154681298	NaN	NaN	NaN	NaN	NaN	NaN
848154689632	NaN	NaN	NaN	NaN	NaN	NaN
848154697965	NaN	NaN	1315.69	808.94	NaN	5.4625
848154706299	NaN	NaN	1293.79	787.28	NaN	5.5369
848154714632	NaN	NaN	1288.89	798.15	NaN	5.5004
848154722964	NaN	NaN	1285.46	792.80	NaN	5.5664
848154731298	NaN	NaN	1281.72	750.24	NaN	5.6378
848154739630	NaN	NaN	1272.70	735.25	NaN	5.6570
848154747964	NaN	NaN	1269.95	726.07	NaN	5.6892
848154756297	NaN	NaN	1266.46	736.90	NaN	5.6588
848154764630	NaN	NaN	1268.56	721.86	NaN	5.6901
848154772964	NaN	NaN	1263.50	733.42	NaN	5.6693
848154781298	NaN	NaN	1259.12	717.13	NaN	5.7061
848154789631	NaN	NaN	1254.56	742.57	NaN	5.6516
848154797964	NaN	NaN	1257.00	748.85	NaN	5.6531
848154806300	NaN	NaN	1259.50	755.01	NaN	5.6486
848154814633	NaN	NaN	1254.90	756.29	NaN	5.6497
848154822966	NaN	NaN	1258.17	759.15	NaN	5.6183
848154831300	NaN	NaN	1253.71	759.84	NaN	5.6241
848154839633	NaN	NaN	1258.54	769.64	NaN	5.6042
848154847966	NaN	NaN	1258.69	763.32	NaN	5.6349
848154856299	NaN	NaN	1261.28	769.81	NaN	5.6062
848154864633	NaN	NaN	1267.50	784.35	NaN	5.6061
848154872966	NaN	NaN	1296.57	786.19	NaN	5.6031
848154881299	NaN	NaN	1282.51	785.81	NaN	5.5938
848154889631	NaN	NaN	1281.20	790.06	NaN	5.5855
848154897965	NaN	NaN	1277.17	786.95	NaN	5.6073
848154906299	NaN	NaN	1281.88	787.78	NaN	5.5967
848154914632	NaN	NaN	1283.46	782.72	NaN	5.6070
848154922965	NaN	NaN	1281.28	786.44	NaN	5.5993
848154931304	NaN	NaN	1283.97	783.34	NaN	5.5919
848154939637	NaN	NaN	1280.33	785.78	NaN	5.6104
848154947971	NaN	NaN	1283.79	785.15	NaN	5.6058
848154956304	NaN	NaN	1283.58	784.92	NaN	5.6069
848154964637	NaN	NaN	1282.76	783.42	NaN	5.5998
848154972970	NaN	NaN	1277.97	779.04	NaN	5.5969
848154981303	NaN	NaN	1278.45	783.46	NaN	5.6030
848154989636	NaN	NaN	1279.02	777.73	NaN	5.6091
848154997970	NaN	NaN	1282.26	774.12	NaN	5.5978
848155006303	NaN	NaN	1278.85	772.66	NaN	5.6006
848155014637	NaN	NaN	1281.22	770.13	NaN	5.6002
848155022970	NaN	NaN	1282.93	771.23	NaN	5.5932
848155031303	NaN	NaN	1284.55	773.76	NaN	5.6038
848155039636	NaN	NaN	1286.15	779.22	NaN	5.5942
848155047969	NaN	NaN	1285.06	779.58	NaN	5.5980
848155056302	NaN	NaN	1284.68	777.58	NaN	5.5949
848155064640	NaN	NaN	1293.06	775.27	NaN	5.5788
848155072973	NaN	NaN	1293.31	775.72	NaN	5.5735
848155081307	NaN	NaN	1287.11	774.08	NaN	5.5875
848155089640	NaN	NaN	1286.56	770.62	NaN	5.6059
848155097973	NaN	NaN	1288.00	767.30	NaN	5.5921
848155106306	NaN	NaN	1287.98	770.64	NaN	5.5925
848155114639	NaN	NaN	1283.67	771.56	NaN	5.5907
848155122972	NaN	NaN	1283.41	771.44	NaN	5.6047
848155131306	NaN	NaN	1284.13	770.83	NaN	5.5953
848155139639	NaN	NaN	1284.01	775.28	NaN	5.5989
848155147972	NaN	NaN	1281.72	772.36	NaN	5.6051
848155156305	NaN	NaN	1283.21	773.06	NaN	5.5930
848155164639	NaN	NaN	1286.63	779.13	NaN	5.5730
848155172972	NaN	NaN	1277.49	772.79	NaN	5.6020
848155181305	NaN	NaN	1278.21	770.46	NaN	5.5858
848155189639	NaN	NaN	1278.19	769.39	NaN	5.5833
848155197976	NaN	NaN	1278.24	771.60	NaN	5.5641
848155206309	NaN	NaN	1277.27	770.33	NaN	5.5710
848155214643	NaN	NaN	1276.70	767.92	NaN	5.5706
848155222976	NaN	NaN	1275.74	773.63	NaN	5.5667
848155231309	NaN	NaN	1278.13	772.65	NaN	5.5598
848155239643	NaN	NaN	1281.80	766.87	NaN	5.5515
848155247976	NaN	NaN	1274.30	779.83	NaN	5.5483
848155256309	NaN	NaN	1277.63	771.05	NaN	5.5440
848155264643	NaN	NaN	1275.85	767.11	NaN	5.5509
848155272976	NaN	NaN	1275.35	779.34	NaN	5.5287
848155281308	NaN	NaN	1277.62	776.47	NaN	5.5293
848155289642	NaN	NaN	1275.24	767.46	NaN	5.5371
848155297975	NaN	NaN	1278.05	785.40	NaN	5.5000
848155306308	NaN	NaN	1272.18	783.85	NaN	5.5167
848155314642	NaN	NaN	1273.91	773.02	NaN	5.5282
848155322979	NaN	NaN	1279.82	780.45	NaN	5.5015
848155331312	NaN	NaN	1282.40	776.74	NaN	5.5034
848155339646	NaN	NaN	1272.21	780.26	NaN	5.5042
848155347979	NaN	NaN	1272.62	776.90	NaN	5.5208
848155356311	NaN	NaN	1280.12	780.19	NaN	5.4785
848155364645	NaN	NaN	1282.78	774.45	NaN	5.4823
848155372978	NaN	NaN	1281.89	774.41	NaN	5.4753
848155381311	NaN	NaN	1273.63	782.73	NaN	5.4761
848155389645	NaN	NaN	1280.80	780.60	NaN	5.4777
848155397978	NaN	NaN	1277.58	779.93	NaN	5.4767
848155406311	NaN	NaN	1278.60	784.82	NaN	5.4761
848155414645	NaN	NaN	1278.12	785.63	NaN	5.4632
848155422978	NaN	NaN	1284.04	787.25	NaN	5.4521
848155431311	NaN	NaN	1274.73	786.80	NaN	5.4507
848155439644	NaN	NaN	1278.23	789.70	NaN	5.4505
848155447977	NaN	NaN	1275.98	789.37	NaN	5.4678
848155456316	NaN	NaN	1285.87	788.72	NaN	5.4397
848155464650	NaN	NaN	1285.87	786.32	NaN	5.4459
848155472983	NaN	NaN	1284.81	788.60	NaN	5.4325
848155481316	NaN	NaN	1277.41	785.82	NaN	5.4514
848155489650	NaN	NaN	1280.83	778.99	NaN	5.4496
848155497983	NaN	NaN	1280.81	784.57	NaN	5.4257
848155506316	NaN	NaN	1271.93	776.53	NaN	5.4380
848155514648	NaN	NaN	1268.92	789.35	NaN	5.4307
848155522982	NaN	NaN	1273.85	781.54	NaN	5.4229
848155531315	NaN	NaN	1265.51	785.47	NaN	5.4284
848155539649	NaN	NaN	1267.84	786.14	NaN	5.4255
848155547982	NaN	NaN	1271.37	789.67	NaN	5.4104
848155556315	NaN	NaN	1270.46	786.38	NaN	5.3950
848155564649	NaN	NaN	1263.07	788.23	NaN	5.4142
848155572982	NaN	NaN	1262.11	787.67	NaN	5.4145
848155581315	NaN	NaN	1265.74	788.79	NaN	5.4007
848155589653	NaN	NaN	1271.95	787.56	NaN	5.4109
848155597985	NaN	NaN	1263.47	793.18	NaN	5.4021
848155606318	NaN	NaN	1269.86	786.85	NaN	5.3803
848155614651	NaN	NaN	1267.88	784.67	NaN	5.3919
848155622985	NaN	NaN	1270.61	779.77	NaN	5.3801
848155631318	NaN	NaN	1277.33	777.25	NaN	5.3916
848155639652	NaN	NaN	1276.96	781.66	NaN	5.3714
848155647985	NaN	NaN	1276.92	782.35	NaN	5.3738
848155656318	NaN	NaN	1279.34	774.98	NaN	5.3712
848155664651	NaN	NaN	1280.85	778.49	NaN	5.3771
848155672984	NaN	NaN	1286.09	779.07	NaN	5.3623
848155681317	NaN	NaN	1284.29	783.54	NaN	5.3641
848155689650	NaN	NaN	1286.89	776.45	NaN	5.3662
848155697984	NaN	NaN	1284.15	785.49	NaN	5.3650
848155706317	NaN	NaN	1292.31	783.55	NaN	5.3369
848155714650	NaN	NaN	1280.37	788.07	NaN	5.3587
848155722989	NaN	NaN	1275.81	795.68	NaN	5.3575
848155731322	NaN	NaN	1279.92	789.17	NaN	5.3259
848155739655	NaN	NaN	1280.91	794.12	NaN	5.3433
848155747989	NaN	NaN	1277.31	792.50	NaN	5.3380
848155756321	NaN	NaN	1277.64	793.92	NaN	5.3311
848155764654	NaN	NaN	1281.15	791.43	NaN	5.3209
848155772988	NaN	NaN	1275.59	794.54	NaN	5.3199
848155781321	NaN	NaN	1296.61	791.82	NaN	5.3068
848155789654	NaN	NaN	1296.77	794.26	NaN	5.3144
848155797988	NaN	NaN	1276.92	789.13	NaN	5.3168
848155806321	NaN	NaN	1279.77	787.76	NaN	5.3198
848155814654	NaN	NaN	1279.18	794.15	NaN	5.3378
848155822988	NaN	NaN	1287.11	790.33	NaN	5.3229
848155831321	NaN	NaN	1289.51	786.99	NaN	5.3110
848155839653	NaN	NaN	1287.13	790.06	NaN	5.3216
848155847992	NaN	NaN	1292.80	786.79	NaN	5.3103
848155856325	NaN	NaN	1281.97	792.51	NaN	5.3316
848155864658	NaN	NaN	1286.07	788.33	NaN	5.3152
848155872992	NaN	NaN	1287.98	791.06	NaN	5.3091
848155881325	NaN	NaN	1285.61	789.28	NaN	5.3374
848155889658	NaN	NaN	1284.24	786.32	NaN	5.3128
848155897992	NaN	NaN	1284.67	785.80	NaN	5.3173
848155906325	NaN	NaN	1286.57	790.05	NaN	5.3284
848155914657	NaN	NaN	1294.24	780.46	NaN	5.2984
848155922991	NaN	NaN	1289.59	785.88	NaN	5.3189
848155931324	NaN	NaN	1288.52	788.91	NaN	5.3171
848155939657	NaN	NaN	1285.29	787.15	NaN	5.3244
848155947991	NaN	NaN	1290.64	785.79	NaN	5.3082
848155956324	NaN	NaN	1292.40	783.57	NaN	5.3041
848155964657	NaN	NaN	1284.77	791.86	NaN	5.3242
848155972991	NaN	NaN	1290.36	782.22	NaN	5.3164
848155981328	NaN	NaN	1287.21	782.72	NaN	5.3191
848155989661	NaN	NaN	1287.69	787.00	NaN	5.3368
848155997994	NaN	NaN	1291.83	786.95	NaN	5.3254
848156006327	NaN	NaN	1290.82	785.05	NaN	5.3293
848156014660	NaN	NaN	1284.16	783.08	NaN	5.3222
848156022993	NaN	NaN	1291.09	781.71	NaN	5.3314
848156031327	NaN	NaN	1289.48	785.66	NaN	5.3297
848156039660	NaN	NaN	1279.83	786.00	NaN	5.3524
848156047993	NaN	NaN	1286.19	785.62	NaN	5.3370
848156056327	NaN	NaN	1284.18	787.35	NaN	5.3525
848156064660	NaN	NaN	1288.51	777.30	NaN	5.3303
848156072992	NaN	NaN	1286.35	781.69	NaN	5.3507
848156081325	NaN	NaN	1283.57	781.88	NaN	5.3571
848156089659	NaN	NaN	1280.80	782.54	NaN	5.3667
848156097992	NaN	NaN	1280.89	777.57	NaN	5.3586
848156106326	NaN	NaN	1284.12	774.46	NaN	5.3529
848156114664	NaN	NaN	1283.22	777.78	NaN	5.3689
848156122997	NaN	NaN	1284.66	782.07	NaN	5.3927
848156131331	NaN	NaN	1279.44	777.30	NaN	5.3873
848156139664	NaN	NaN	1283.52	770.95	NaN	5.3754
848156147997	NaN	NaN	1280.64	774.09	NaN	5.3885
848156156329	NaN	NaN	1278.58	778.50	NaN	5.3952
848156164663	NaN	NaN	1291.54	773.37	NaN	5.4008
848156172996	NaN	NaN	1394.66	815.84	NaN	5.4390
848156181329	NaN	NaN	1467.59	878.42	NaN	5.4310
848156189663	NaN	NaN	1524.67	906.05	NaN	5.4027
848156197996	NaN	NaN	1567.71	908.93	NaN	5.3718
848156206330	NaN	NaN	1590.69	918.83	NaN	5.3797
848156214663	NaN	NaN	1565.56	916.14	NaN	5.4046
848156222996	NaN	NaN	1566.10	908.76	NaN	5.4039
848156231329	NaN	NaN	1559.13	922.20	NaN	5.4127
848156239662	NaN	NaN	1553.28	918.17	NaN	5.4321
848156247998	NaN	NaN	1554.73	927.89	NaN	5.4330
848156256331	NaN	NaN	1563.65	927.53	NaN	5.4228
848156264665	NaN	NaN	1561.31	930.72	NaN	5.4233
848156272998	NaN	NaN	1562.69	923.13	NaN	5.4285
848156281332	NaN	NaN	1558.52	930.31	NaN	5.4388
848156289665	NaN	NaN	1574.18	922.38	NaN	5.4263
848156297998	NaN	NaN	1522.51	901.69	NaN	5.4357
848156306332	NaN	NaN	1422.18	883.35	NaN	5.4653
848156314664	NaN	NaN	1365.06	831.98	NaN	5.4655
848156322997	NaN	NaN	1301.00	824.28	NaN	5.4586
848156331331	NaN	NaN	1281.26	795.88	NaN	5.4542
848156339664	NaN	NaN	1299.75	793.17	NaN	5.4270
848156347997	NaN	NaN	1307.60	808.34	NaN	5.4480
848156356331	NaN	NaN	1303.08	806.28	NaN	5.4697
848156364664	NaN	NaN	1301.23	802.11	NaN	5.4716
848156373003	NaN	NaN	1297.70	788.90	NaN	5.4642
848156381336	NaN	NaN	1294.77	785.67	NaN	5.4653
848156389668	NaN	NaN	1290.92	783.39	NaN	5.4637
848156398002	NaN	NaN	1283.96	784.11	NaN	5.4642
848156406335	NaN	NaN	1287.99	780.47	NaN	5.4702
848156414668	NaN	NaN	1281.86	780.22	NaN	5.4677
848156423002	NaN	NaN	1289.21	777.07	NaN	5.4732
848156431336	NaN	NaN	1281.78	782.59	NaN	5.4716
848156439669	NaN	NaN	1278.36	782.47	NaN	5.4868
848156448002	NaN	NaN	1281.31	779.67	NaN	5.4813
848156456336	NaN	NaN	1281.94	782.31	NaN	5.4882
848156464668	NaN	NaN	1287.73	776.89	NaN	5.4755
848156473001	NaN	NaN	1292.03	777.54	NaN	5.4675
848156481334	NaN	NaN	1283.03	785.90	NaN	5.4955
848156489667	NaN	NaN	1295.79	775.73	NaN	5.4660
848156498001	NaN	NaN	1293.48	773.73	NaN	5.4611
848156506340	NaN	NaN	1289.29	780.24	NaN	5.4861
848156514674	NaN	NaN	1286.98	777.90	NaN	5.4739
848156523007	NaN	NaN	1289.43	764.36	NaN	5.4804
848156531340	NaN	NaN	1269.07	742.17	NaN	5.4684
848156539674	NaN	NaN	1267.70	731.20	NaN	5.4756
848156548006	NaN	NaN	1270.64	716.64	NaN	5.4606
848156556339	NaN	NaN	1265.27	712.89	NaN	5.4718
848156564672	NaN	NaN	1266.32	719.01	NaN	5.4502
848156573006	NaN	NaN	1268.13	715.76	NaN	5.4661
848156581339	NaN	NaN	1263.45	706.03	NaN	5.4682
848156589673	NaN	NaN	1262.78	703.30	NaN	5.4908
848156598006	NaN	NaN	1257.40	708.18	NaN	5.4890
848156606340	NaN	NaN	1262.46	706.06	NaN	5.4931
848156614673	NaN	NaN	1262.80	702.30	NaN	5.4774
848156623006	NaN	NaN	1264.88	700.27	NaN	5.4819
848156631338	NaN	NaN	1264.46	705.62	NaN	5.4945
848156639675	NaN	NaN	1264.02	701.18	NaN	5.4923
848156648009	NaN	NaN	1258.76	702.81	NaN	5.4929
848156656342	NaN	NaN	1262.50	696.10	NaN	5.4832
848156664675	NaN	NaN	1255.35	700.43	NaN	5.4980
848156673009	NaN	NaN	1260.88	705.40	NaN	5.4901
848156681342	NaN	NaN	1276.97	696.95	NaN	5.4975
848156689676	NaN	NaN	1360.43	639.87	NaN	5.4928
848156698009	NaN	NaN	1446.44	596.19	NaN	5.4781
848156706341	NaN	NaN	1512.30	535.24	NaN	5.4682
848156714674	NaN	NaN	1560.56	484.99	NaN	5.4486
848156723008	NaN	NaN	1583.12	418.96	NaN	5.4801
848156731341	NaN	NaN	1603.44	348.97	NaN	5.3875
848156739675	NaN	NaN	1604.21	376.86	NaN	5.4334
848156748008	NaN	NaN	1593.69	385.30	NaN	5.4762
848156756341	NaN	NaN	1592.87	396.26	NaN	5.5011
848156764679	NaN	NaN	1596.58	383.63	NaN	5.4941
848156773013	NaN	NaN	1597.50	380.07	NaN	5.4887
848156781346	NaN	NaN	1593.66	381.82	NaN	5.5095
848156789679	NaN	NaN	1597.91	375.23	NaN	5.5101
848156798012	NaN	NaN	1592.26	380.68	NaN	5.5217
848156806345	NaN	NaN	1585.88	382.27	NaN	5.5196
848156814678	NaN	NaN	1589.47	378.48	NaN	5.5197
848156823012	NaN	NaN	1586.04	390.29	NaN	5.5343
848156831345	NaN	NaN	1588.87	394.73	NaN	5.5527
848156839678	NaN	NaN	1587.86	396.86	NaN	5.5583
848156848012	NaN	NaN	1583.70	390.46	NaN	5.5465
848156856345	NaN	NaN	1581.73	395.67	NaN	5.5641
848156864678	NaN	NaN	1582.56	391.75	NaN	5.5502
848156873011	NaN	NaN	1589.94	398.07	NaN	5.5641
848156881344	NaN	NaN	1592.31	388.61	NaN	5.5463
848156889677	NaN	NaN	1592.12	381.15	NaN	5.5375
848156898015	NaN	NaN	1585.02	396.19	NaN	5.5619
848156906348	NaN	NaN	1596.94	382.11	NaN	5.5382
848156914681	NaN	NaN	1585.97	401.37	NaN	5.5747
848156923015	NaN	NaN	1593.10	387.23	NaN	5.5589
848156931348	NaN	NaN	1586.72	389.80	NaN	5.5526
848156939681	NaN	NaN	1600.16	387.64	NaN	5.5566
848156948013	NaN	NaN	1598.72	402.42	NaN	5.5812
848156956347	NaN	NaN	1596.07	391.99	NaN	5.5658
848156964680	NaN	NaN	1594.77	400.20	NaN	5.5895
848156973014	NaN	NaN	1607.25	385.84	NaN	5.5558
848156981347	NaN	NaN	1607.04	384.26	NaN	5.5647
848156989680	NaN	NaN	1607.62	385.59	NaN	5.5530
848156998014	NaN	NaN	1600.86	386.37	NaN	5.5661
848157006347	NaN	NaN	1594.93	394.05	NaN	5.5892
848157014681	NaN	NaN	1606.60	380.18	NaN	5.5481
848157023014	NaN	NaN	1590.84	400.33	NaN	5.5723
848157031352	NaN	NaN	1518.74	453.28	NaN	5.5411
848157039685	NaN	NaN	1413.93	537.36	NaN	5.5818
848157048018	NaN	NaN	1358.55	601.68	NaN	5.5581
848157056352	NaN	NaN	1299.33	692.56	NaN	5.5590
848157064686	NaN	NaN	1274.70	743.07	NaN	5.5528
848157073018	NaN	NaN	1281.74	749.75	NaN	5.5727
848157081352	NaN	NaN	1300.26	719.03	NaN	5.5736
848157089686	NaN	NaN	1282.49	728.10	NaN	5.5815
848157098018	NaN	NaN	1273.23	743.63	NaN	5.5908
848157106351	NaN	NaN	1281.18	744.13	NaN	5.5762
848157114685	NaN	NaN	1274.72	747.08	NaN	5.5881
848157123018	NaN	NaN	1275.71	747.54	NaN	5.5671
848157131351	NaN	NaN	1273.03	754.33	NaN	5.5811
848157139684	NaN	NaN	1275.80	751.77	NaN	5.5797
848157148017	NaN	NaN	1276.73	746.12	NaN	5.5760
848157156351	NaN	NaN	1275.17	751.41	NaN	5.5592
848157164688	NaN	NaN	1274.99	750.18	NaN	5.5710
848157173022	NaN	NaN	1274.66	755.80	NaN	5.5827
848157181355	NaN	NaN	1273.19	751.79	NaN	5.5682
848157189687	NaN	NaN	1274.10	750.78	NaN	5.5749
848157198021	NaN	NaN	1261.61	753.37	NaN	5.5956
848157206354	NaN	NaN	1276.19	744.68	NaN	5.5698
848157214687	NaN	NaN	1268.51	753.16	NaN	5.5909
848157223021	NaN	NaN	1271.17	756.27	NaN	5.5895
848157231354	NaN	NaN	1269.19	750.46	NaN	5.5826
848157239687	NaN	NaN	1274.51	751.01	NaN	5.5754
848157248020	NaN	NaN	1273.35	754.25	NaN	5.5857
848157256354	NaN	NaN	1272.56	749.60	NaN	5.5760
848157264687	NaN	NaN	1268.54	754.52	NaN	5.5836
848157273019	NaN	NaN	1271.43	756.42	NaN	5.5939
848157281353	NaN	NaN	1277.04	750.62	NaN	5.5755
848157289690	NaN	NaN	1273.06	755.52	NaN	5.5899
848157298024	NaN	NaN	1275.60	750.76	NaN	5.5952
848157306357	NaN	NaN	1275.30	754.73	NaN	5.5901
848157314690	NaN	NaN	1266.19	751.84	NaN	5.5989
848157323023	NaN	NaN	1238.32	747.18	NaN	5.6059
848157331356	NaN	NaN	1254.46	744.53	NaN	5.5907
848157339690	NaN	NaN	1257.33	743.53	NaN	5.5988
848157348022	NaN	NaN	1260.31	740.67	NaN	5.5997
848157356356	NaN	NaN	1257.97	744.08	NaN	5.5992
848157364689	NaN	NaN	1259.25	743.42	NaN	5.5959
848157373022	NaN	NaN	1247.77	745.10	NaN	5.5998
848157381356	NaN	NaN	1256.11	746.22	NaN	5.5993
848157389689	NaN	NaN	1254.32	750.06	NaN	5.6007
848157398023	NaN	NaN	1260.56	752.32	NaN	5.6001
848157406356	NaN	NaN	1253.36	758.69	NaN	5.6091
848157414689	NaN	NaN	1254.16	754.95	NaN	5.6051
848157423029	NaN	NaN	1256.35	751.81	NaN	5.5986
848157431363	NaN	NaN	1253.56	757.91	NaN	5.5959
848157439696	NaN	NaN	1262.64	747.08	NaN	5.5928
848157448029	NaN	NaN	1260.53	746.79	NaN	5.5994
848157456363	NaN	NaN	1253.67	756.38	NaN	5.6099
848157464696	NaN	NaN	1252.44	754.68	NaN	5.6204
848157473029	NaN	NaN	1261.43	743.90	NaN	5.5889
848157481363	NaN	NaN	1263.96	743.38	NaN	5.6042
848157489696	NaN	NaN	1258.90	737.54	NaN	5.5990
848157498029	NaN	NaN	1260.84	740.98	NaN	5.6182
848157506361	NaN	NaN	1260.74	742.92	NaN	5.6130
848157514695	NaN	NaN	1258.07	745.51	NaN	5.6093
848157523028	NaN	NaN	1255.29	747.07	NaN	5.6148
848157531362	NaN	NaN	1252.45	750.63	NaN	5.6111
848157539695	NaN	NaN	1255.84	754.00	NaN	5.6115
848157548028	NaN	NaN	1254.91	747.79	NaN	5.6040
848157556364	NaN	NaN	1256.56	751.94	NaN	5.5955
848157564698	NaN	NaN	1251.33	751.11	NaN	5.6000
848157573031	NaN	NaN	1255.09	754.75	NaN	5.6179
848157581363	NaN	NaN	1249.91	754.05	NaN	5.6219
848157589697	NaN	NaN	1253.40	751.68	NaN	5.6156
848157598030	NaN	NaN	1236.63	754.24	NaN	5.6205
848157606363	NaN	NaN	1190.18	786.72	NaN	5.6433
848157614697	NaN	NaN	1200.16	778.67	NaN	5.6204
848157623030	NaN	NaN	1197.96	763.07	NaN	5.6183
848157631363	NaN	NaN	1202.28	767.91	NaN	5.6288
848157639697	NaN	NaN	1207.47	763.66	NaN	5.6153
848157648030	NaN	NaN	1205.40	768.74	NaN	5.6327
848157656363	NaN	NaN	1210.89	762.88	NaN	5.6228
848157664696	NaN	NaN	1203.16	769.82	NaN	5.6264
848157673029	NaN	NaN	1206.17	771.09	NaN	5.6262
848157681362	NaN	NaN	1209.55	771.54	NaN	5.6259
848157689701	NaN	NaN	1209.25	775.37	NaN	5.6188
848157698034	NaN	NaN	1206.59	775.77	NaN	5.6260
848157706367	NaN	NaN	1202.90	777.65	NaN	5.6223
848157714701	NaN	NaN	1209.54	777.08	NaN	5.6176
848157723034	NaN	NaN	1204.70	776.11	NaN	5.6136
848157731367	NaN	NaN	1200.01	773.02	NaN	5.6316
848157739700	NaN	NaN	1205.27	774.02	NaN	5.6248
848157748033	NaN	NaN	1205.01	765.72	NaN	5.6289
848157756366	NaN	NaN	1205.41	765.39	NaN	5.6321
848157764700	NaN	NaN	1205.00	762.60	NaN	5.6370
848157773033	NaN	NaN	1204.54	763.53	NaN	5.6327
848157781366	NaN	NaN	1203.35	770.67	NaN	5.6288
848157789700	NaN	NaN	1207.62	763.91	NaN	5.6189
848157798033	NaN	NaN	1205.64	769.64	NaN	5.6304
848157806366	NaN	NaN	1206.45	770.11	NaN	5.6285
848157814707	NaN	NaN	1205.18	771.04	NaN	5.6164
848157823039	NaN	NaN	1203.79	775.62	NaN	5.6264
848157831372	NaN	NaN	1206.31	771.00	NaN	5.6196
848157839706	NaN	NaN	1196.13	770.72	NaN	5.6317
848157848039	NaN	NaN	1204.58	769.65	NaN	5.6268
848157856372	NaN	NaN	1199.12	773.40	NaN	5.6424
848157864706	NaN	NaN	1203.25	767.12	NaN	5.6277
848157873039	NaN	NaN	1208.02	763.61	NaN	5.6231
848157881372	NaN	NaN	1210.07	759.58	NaN	5.6200
848157889706	NaN	NaN	1207.56	763.43	NaN	5.6366
848157898039	NaN	NaN	1205.64	764.94	NaN	5.6242
848157906371	NaN	NaN	1204.43	759.41	NaN	5.6337
848157914705	NaN	NaN	1206.21	759.52	NaN	5.6240
848157923038	NaN	NaN	1204.14	770.12	NaN	5.6254
848157931371	NaN	NaN	1205.42	771.00	NaN	5.6307
848157939704	NaN	NaN	1204.54	773.51	NaN	5.6106
848157948040	NaN	NaN	1201.00	774.21	NaN	5.6274
848157956373	NaN	NaN	1200.22	768.81	NaN	5.6276
848157964706	NaN	NaN	1199.93	775.81	NaN	5.6308
848157973040	NaN	NaN	1200.91	774.10	NaN	5.6202
848157981372	NaN	NaN	1206.43	771.98	NaN	5.6194
848157989705	NaN	NaN	1196.14	772.58	NaN	5.6279
848157998039	NaN	NaN	1198.57	772.67	NaN	5.6319
848158006372	NaN	NaN	1201.13	773.33	NaN	5.6262
848158014706	NaN	NaN	1201.71	772.24	NaN	5.6329
848158023039	NaN	NaN	1203.52	766.74	NaN	5.6306
848158031372	NaN	NaN	1207.17	763.13	NaN	5.6168
848158039705	NaN	NaN	1202.80	763.12	NaN	5.6192
848158048039	NaN	NaN	1201.51	764.04	NaN	5.6174
848158056372	NaN	NaN	1206.02	769.22	NaN	5.6182
848158064704	NaN	NaN	1198.81	772.45	NaN	5.6105
848158073038	NaN	NaN	1200.83	768.41	NaN	5.6126
848158081376	NaN	NaN	1195.61	769.09	NaN	5.6321
848158089709	NaN	NaN	1201.97	771.58	NaN	5.6062
848158098043	NaN	NaN	1199.47	769.87	NaN	5.6082
848158106376	NaN	NaN	1197.94	769.19	NaN	5.6077
848158114709	NaN	NaN	1202.10	770.88	NaN	5.6139
848158123043	NaN	NaN	1197.82	766.81	NaN	5.6042
848158131376	NaN	NaN	1197.84	773.29	NaN	5.6144
848158139708	NaN	NaN	1204.10	772.22	NaN	5.6136
848158148042	NaN	NaN	1207.50	771.02	NaN	5.6080
848158156375	NaN	NaN	1193.29	769.19	NaN	5.6203
848158164708	NaN	NaN	1208.41	767.88	NaN	5.5977
848158173042	NaN	NaN	1212.45	761.70	NaN	5.6018
848158181375	NaN	NaN	1212.54	761.66	NaN	5.6014
848158189708	NaN	NaN	1207.99	762.14	NaN	5.6147
848158198042	NaN	NaN	1210.75	765.60	NaN	5.5967
848158206378	NaN	NaN	1214.40	763.56	NaN	5.5858
848158214711	NaN	NaN	1203.52	768.85	NaN	5.5996
848158223044	NaN	NaN	1203.15	777.51	NaN	5.6020
848158231377	NaN	NaN	1209.60	770.09	NaN	5.5848
848158239710	NaN	NaN	1206.74	769.29	NaN	5.5805
848158248044	NaN	NaN	1207.95	771.16	NaN	5.5837
848158256377	NaN	NaN	1206.82	768.35	NaN	5.5811
848158264710	NaN	NaN	1204.33	766.78	NaN	5.5839
848158273044	NaN	NaN	1202.28	768.23	NaN	5.5889
848158281377	NaN	NaN	1207.18	760.89	NaN	5.5890
848158289710	NaN	NaN	1209.13	758.33	NaN	5.5925
848158298043	NaN	NaN	1201.90	760.60	NaN	5.5950
848158306376	NaN	NaN	1213.16	755.88	NaN	5.5825
848158314709	NaN	NaN	1218.87	754.72	NaN	5.5662
848158323043	NaN	NaN	1253.90	758.45	NaN	5.5696
848158331376	NaN	NaN	1275.72	738.89	NaN	5.5493
848158339716	NaN	NaN	1267.18	743.59	NaN	5.5598
848158348050	NaN	NaN	1265.69	740.55	NaN	5.5527
848158356383	NaN	NaN	1261.49	743.45	NaN	5.5569
848158364716	NaN	NaN	1260.31	752.15	NaN	5.5776
848158373050	NaN	NaN	1254.05	757.31	NaN	5.5637
848158381382	NaN	NaN	1258.14	748.91	NaN	5.5595
848158389715	NaN	NaN	1258.34	753.95	NaN	5.5693
848158398049	NaN	NaN	1258.06	754.68	NaN	5.5633
848158406382	NaN	NaN	1250.51	758.51	NaN	5.5832
848158414715	NaN	NaN	1263.08	751.65	NaN	5.5555
848158423049	NaN	NaN	1258.20	749.17	NaN	5.5596
848158431382	NaN	NaN	1258.04	748.18	NaN	5.5606
848158439715	NaN	NaN	1257.48	744.50	NaN	5.5670
848158448049	NaN	NaN	1260.96	748.21	NaN	5.5689
848158456381	NaN	NaN	1270.53	743.63	NaN	5.5606
848158464714	NaN	NaN	1264.31	743.94	NaN	5.5627
848158473052	NaN	NaN	1270.03	741.42	NaN	5.5614
848158481385	NaN	NaN	1265.31	747.28	NaN	5.5636
848158489718	NaN	NaN	1262.44	749.56	NaN	5.5703
848158498052	NaN	NaN	1259.99	751.40	NaN	5.5713
848158506385	NaN	NaN	1267.79	750.46	NaN	5.5551
848158514718	NaN	NaN	1264.49	749.46	NaN	5.5742
848158523052	NaN	NaN	1259.91	753.59	NaN	5.5782
848158531385	NaN	NaN	1263.66	752.87	NaN	5.5689
848158539717	NaN	NaN	1270.13	748.61	NaN	5.5544
848158548051	NaN	NaN	1263.89	755.14	NaN	5.5703
848158556384	NaN	NaN	1262.48	752.36	NaN	5.5682
848158564717	NaN	NaN	1265.32	747.15	NaN	5.5466
848158573051	NaN	NaN	1258.76	748.97	NaN	5.5763
848158581384	NaN	NaN	1268.49	768.08	NaN	5.5805
848158589717	NaN	NaN	1260.32	808.56	NaN	5.5690
848158598050	NaN	NaN	1255.93	807.72	NaN	5.5847
848158606389	NaN	NaN	1254.17	807.88	NaN	5.5865
848158614721	NaN	NaN	1255.88	802.97	NaN	5.5843
848158623054	NaN	NaN	1260.01	803.29	NaN	5.5875
848158631388	NaN	NaN	1263.92	793.42	NaN	5.5735
848158639721	NaN	NaN	1266.65	796.96	NaN	5.5920
848158648054	NaN	NaN	1263.24	798.32	NaN	5.5816
848158656388	NaN	NaN	1263.54	795.73	NaN	5.5790
848158664721	NaN	NaN	1266.33	799.64	NaN	5.5801
848158673054	NaN	NaN	1265.00	795.65	NaN	5.5919
848158681388	NaN	NaN	1257.79	796.39	NaN	5.5906
848158689721	NaN	NaN	1259.14	801.39	NaN	5.5959
848158698053	NaN	NaN	1257.67	795.46	NaN	5.5967
848158706387	NaN	NaN	1257.66	800.31	NaN	5.6028
848158714720	NaN	NaN	1260.66	794.75	NaN	5.5977
848158723053	NaN	NaN	1250.86	794.51	NaN	5.6166
848158731388	NaN	NaN	1259.80	793.55	NaN	5.5994
848158739721	NaN	NaN	1255.08	795.10	NaN	5.6075
848158748054	NaN	NaN	1255.54	792.07	NaN	5.5925
848158756388	NaN	NaN	1254.45	793.40	NaN	5.6082
848158764721	NaN	NaN	1263.89	793.85	NaN	5.6024
848158773053	NaN	NaN	1253.93	792.25	NaN	5.6191
848158781387	NaN	NaN	1246.61	795.90	NaN	5.6233
848158789720	NaN	NaN	1256.89	791.04	NaN	5.6161
848158798053	NaN	NaN	1254.96	793.56	NaN	5.6099
848158806387	NaN	NaN	1248.30	793.76	NaN	5.6189
848158814720	NaN	NaN	1251.99	791.07	NaN	5.6248
848158823053	NaN	NaN	1254.96	794.60	NaN	5.6081
848158831387	NaN	NaN	1250.35	795.22	NaN	5.6295
848158839720	NaN	NaN	1249.69	793.17	NaN	5.6234
848158848053	NaN	NaN	1256.42	794.39	NaN	5.6176
848158856386	NaN	NaN	1259.19	795.60	NaN	5.6175
848158864727	NaN	NaN	1257.54	791.74	NaN	5.6146
848158873060	NaN	NaN	1256.69	789.97	NaN	5.6157
848158881394	NaN	NaN	1255.39	787.96	NaN	5.6252
848158889727	NaN	NaN	1262.82	790.73	NaN	5.6123
848158898060	NaN	NaN	1252.73	789.49	NaN	5.6170
848158906394	NaN	NaN	1258.48	792.61	NaN	5.6238
848158914727	NaN	NaN	1256.17	789.44	NaN	5.6126
848158923060	NaN	NaN	1258.13	795.24	NaN	5.6198
848158931393	NaN	NaN	1252.86	796.53	NaN	5.6285
848158939726	NaN	NaN	1251.77	789.73	NaN	5.6345
848158948060	NaN	NaN	1257.73	792.44	NaN	5.6194
848158956393	NaN	NaN	1260.03	814.09	NaN	5.6254
848158964727	NaN	NaN	1263.75	823.11	NaN	5.6187
848158973060	NaN	NaN	1247.21	834.95	NaN	5.6434
848158981393	NaN	NaN	1257.14	836.12	NaN	5.6245
848158989727	NaN	NaN	1262.35	832.09	NaN	5.6249
848158998065	NaN	NaN	1255.54	829.35	NaN	5.6382
848159006398	NaN	NaN	1253.91	831.05	NaN	5.6427
848159014731	NaN	NaN	1255.96	832.84	NaN	5.6252
848159023064	NaN	NaN	1255.72	827.73	NaN	5.6225
848159031397	NaN	NaN	1248.98	826.27	NaN	5.6218
848159039731	NaN	NaN	1257.18	817.57	NaN	5.6256
848159048064	NaN	NaN	1247.52	820.11	NaN	5.6420
848159056397	NaN	NaN	1255.69	815.63	NaN	5.6312
848159064731	NaN	NaN	1250.71	823.63	NaN	5.6520
848159073064	NaN	NaN	1247.68	822.37	NaN	5.6373
848159081397	NaN	NaN	1254.16	819.02	NaN	5.6396
848159089731	NaN	NaN	1260.70	814.24	NaN	5.6292
848159098063	NaN	NaN	1258.96	817.75	NaN	5.6361
848159106397	NaN	NaN	1254.67	822.74	NaN	5.6411
848159114730	NaN	NaN	1251.96	825.61	NaN	5.6552
848159123063	NaN	NaN	1257.99	827.37	NaN	5.6349
848159131400	NaN	NaN	1260.05	831.35	NaN	5.6328
848159139734	NaN	NaN	1261.39	827.58	NaN	5.6293
848159148067	NaN	NaN	1264.12	827.75	NaN	5.6335
848159156400	NaN	NaN	1260.46	825.26	NaN	5.6355
848159164734	NaN	NaN	1263.83	827.95	NaN	5.6391
848159173066	NaN	NaN	1263.05	819.90	NaN	5.6340
848159181399	NaN	NaN	1262.86	820.39	NaN	5.6203
848159189733	NaN	NaN	1265.96	823.32	NaN	5.6380
848159198066	NaN	NaN	1269.34	821.62	NaN	5.6278
848159206399	NaN	NaN	1266.75	821.83	NaN	5.6252
848159214733	NaN	NaN	1263.41	825.18	NaN	5.6369
848159223066	NaN	NaN	1266.91	820.30	NaN	5.6147
848159231399	NaN	NaN	1263.63	820.74	NaN	5.6465
848159239733	NaN	NaN	1264.97	822.47	NaN	5.6264
848159248066	NaN	NaN	1260.31	827.16	NaN	5.6292
848159256401	NaN	NaN	1255.95	826.73	NaN	5.6285
848159264735	NaN	NaN	1259.30	828.08	NaN	5.6302
848159273068	NaN	NaN	1261.54	828.13	NaN	5.6242
848159281401	NaN	NaN	1258.53	824.71	NaN	5.6294
848159289735	NaN	NaN	1267.72	822.90	NaN	5.6165
848159298068	NaN	NaN	1260.44	826.99	NaN	5.6211
848159306401	NaN	NaN	1265.43	824.17	NaN	5.6255
848159314735	NaN	NaN	1257.44	825.95	NaN	5.6297
848159323068	NaN	NaN	1262.30	832.28	NaN	5.6236
848159331400	NaN	NaN	1267.32	829.40	NaN	5.6300
848159339734	NaN	NaN	1265.42	827.31	NaN	5.6233
848159348067	NaN	NaN	1267.12	835.54	NaN	5.6242
848159356400	NaN	NaN	1264.80	830.60	NaN	5.6090
848159364734	NaN	NaN	1262.85	832.53	NaN	5.6225
848159373067	NaN	NaN	1263.00	827.69	NaN	5.6165
848159381400	NaN	NaN	1261.12	829.44	NaN	5.6161
848159389740	NaN	NaN	1265.58	827.29	NaN	5.6171
848159398073	NaN	NaN	1263.26	829.80	NaN	5.6177
848159406406	NaN	NaN	1258.64	831.48	NaN	5.6215
848159414740	NaN	NaN	1264.07	830.17	NaN	5.6138
848159423073	NaN	NaN	1267.78	826.38	NaN	5.6076
848159431406	NaN	NaN	NaN	NaN	NaN	NaN
848159439740	NaN	NaN	1259.91	830.83	NaN	5.6152
848159448073	NaN	NaN	NaN	NaN	NaN	NaN
848159456406	NaN	NaN	1263.67	840.38	NaN	5.6267
848159464739	NaN	NaN	1267.69	838.68	NaN	5.6211
848159473073	NaN	NaN	1267.90	841.42	NaN	5.6068
848159481406	NaN	NaN	1272.25	839.64	NaN	5.5999
848159489739	NaN	NaN	1273.04	837.81	NaN	5.5952
848159498072	NaN	NaN	1265.17	835.36	NaN	5.6143
848159506405	NaN	NaN	1264.81	839.96	NaN	5.6118
848159514738	NaN	NaN	1268.83	843.75	NaN	5.6128
848159523078	NaN	NaN	1276.28	837.80	NaN	5.6111
848159531411	NaN	NaN	1267.52	843.54	NaN	5.6142
848159539744	NaN	NaN	1266.56	841.31	NaN	5.6071
848159548078	NaN	NaN	1263.94	837.97	NaN	5.6195
848159556411	NaN	NaN	1264.39	836.08	NaN	5.6183
848159564744	NaN	NaN	1275.58	835.26	NaN	5.5993
848159573077	NaN	NaN	1264.29	839.17	NaN	5.6144
848159581410	NaN	NaN	1270.14	839.52	NaN	5.6097
848159589743	NaN	NaN	1269.30	838.76	NaN	5.6002
848159598077	NaN	NaN	1266.46	838.33	NaN	5.6149
848159606410	NaN	NaN	1268.47	839.65	NaN	5.5948
848159614743	NaN	NaN	1266.42	837.96	NaN	5.6035
848159623077	NaN	NaN	1265.03	837.56	NaN	5.5964
848159631410	NaN	NaN	1273.53	831.83	NaN	5.5928
848159639744	NaN	NaN	1301.28	809.03	NaN	5.5937
848159648076	NaN	NaN	1321.32	791.31	NaN	5.5906
848159656412	NaN	NaN	1328.32	779.53	NaN	5.5891
848159664745	NaN	NaN	1321.07	775.54	NaN	5.5854
848159673079	NaN	NaN	1320.57	774.67	NaN	5.5771
848159681412	NaN	NaN	1318.90	784.53	NaN	5.5933
848159689745	NaN	NaN	1321.27	779.32	NaN	5.5695
848159698079	NaN	NaN	1323.22	779.84	NaN	5.5649
848159706412	NaN	NaN	1321.33	781.70	NaN	5.5759
848159714745	NaN	NaN	1320.12	779.39	NaN	5.5788
848159723079	NaN	NaN	1319.00	784.51	NaN	5.5870
848159731411	NaN	NaN	1322.25	776.71	NaN	5.5757
848159739744	NaN	NaN	1326.52	777.69	NaN	5.5757
848159748078	NaN	NaN	1318.27	780.45	NaN	5.5769
848159756411	NaN	NaN	1318.11	781.76	NaN	5.5818
848159764744	NaN	NaN	1319.06	781.56	NaN	5.5878
848159773078	NaN	NaN	1322.56	779.50	NaN	5.5780
848159781418	NaN	NaN	1326.58	776.65	NaN	5.5660
848159789751	NaN	NaN	1324.27	778.41	NaN	5.5754
848159798085	NaN	NaN	1330.38	780.58	NaN	5.5703
848159806418	NaN	NaN	1327.87	780.21	NaN	5.5702
848159814750	NaN	NaN	1321.92	782.92	NaN	5.5720
848159823084	NaN	NaN	1323.83	778.22	NaN	5.5815
848159831417	NaN	NaN	1322.34	781.12	NaN	5.5781
848159839750	NaN	NaN	1328.49	773.78	NaN	5.5603
848159848084	NaN	NaN	1319.20	780.41	NaN	5.5765
848159856418	NaN	NaN	1327.98	783.85	NaN	5.5800
848159864751	NaN	NaN	1340.81	779.91	NaN	5.5596
848159873085	NaN	NaN	1344.30	774.45	NaN	5.5632
848159881418	NaN	NaN	1338.87	774.02	NaN	5.5508
848159889750	NaN	NaN	1328.22	782.77	NaN	5.5827
848159898084	NaN	NaN	1332.23	784.90	NaN	5.5719
848159906417	NaN	NaN	1334.16	780.60	NaN	5.5690
848159914754	NaN	NaN	1330.81	781.45	NaN	5.5797
848159923088	NaN	NaN	1331.24	779.44	NaN	5.5726
848159931421	NaN	NaN	1332.98	781.33	NaN	5.5748
848159939754	NaN	NaN	1338.36	774.29	NaN	5.5632
848159948088	NaN	NaN	1331.56	773.48	NaN	5.5732
848159956421	NaN	NaN	1333.91	782.46	NaN	5.5715
848159964754	NaN	NaN	1334.75	778.51	NaN	5.5667
848159973087	NaN	NaN	1336.49	776.55	NaN	5.5714
848159981420	NaN	NaN	1331.31	781.41	NaN	5.5750
848159989753	NaN	NaN	1324.15	787.99	NaN	5.5868
848159998087	NaN	NaN	1325.07	784.65	NaN	5.5723
848160006420	NaN	NaN	1334.41	783.15	NaN	5.5695
848160014753	NaN	NaN	1331.74	785.54	NaN	5.5753
848160023087	NaN	NaN	1332.34	783.76	NaN	5.5777
848160031420	NaN	NaN	1336.36	776.38	NaN	5.5666
848160039753	NaN	NaN	1334.95	777.09	NaN	5.5607
848160048091	NaN	NaN	1328.69	779.29	NaN	5.5876
848160056424	NaN	NaN	1333.47	771.86	NaN	5.5601
848160064757	NaN	NaN	1333.61	770.72	NaN	5.5728
848160073091	NaN	NaN	1330.44	772.89	NaN	5.5762
848160081424	NaN	NaN	1333.55	778.62	NaN	5.5714
848160089757	NaN	NaN	1298.08	780.48	NaN	5.5758
848160098091	NaN	NaN	1254.48	779.01	NaN	5.5873
848160106424	NaN	NaN	1216.52	785.98	NaN	5.6085
848160114757	NaN	NaN	1205.85	778.44	NaN	5.5899
848160123090	NaN	NaN	1223.82	778.98	NaN	5.5809
848160131423	NaN	NaN	1232.56	777.96	NaN	5.5871
848160139756	NaN	NaN	1223.38	780.01	NaN	5.5936
848160148090	NaN	NaN	1226.76	782.43	NaN	5.5831
848160156423	NaN	NaN	1229.84	775.59	NaN	5.5882
848160164756	NaN	NaN	1224.99	776.80	NaN	5.5840
848160173093	NaN	NaN	1227.50	775.27	NaN	5.5875
848160181427	NaN	NaN	1220.71	778.37	NaN	5.5925
848160189760	NaN	NaN	1221.40	777.83	NaN	5.5969
848160198093	NaN	NaN	1220.90	781.51	NaN	5.5743
848160206427	NaN	NaN	1225.90	780.42	NaN	5.5680
848160214759	NaN	NaN	1219.92	783.56	NaN	5.5874
848160223092	NaN	NaN	1220.98	780.86	NaN	5.5907
848160231426	NaN	NaN	1213.63	780.29	NaN	5.5977
848160239759	NaN	NaN	1220.36	770.51	NaN	5.5770
848160248092	NaN	NaN	1219.44	775.50	NaN	5.5775
848160256426	NaN	NaN	1217.59	778.79	NaN	5.5876
848160264759	NaN	NaN	1219.65	777.48	NaN	5.5828
848160273092	NaN	NaN	1228.07	775.68	NaN	5.5821
848160281426	NaN	NaN	1213.46	784.27	NaN	5.5895
848160289759	NaN	NaN	1208.82	779.90	NaN	5.5813
848160298091	NaN	NaN	1210.77	783.79	NaN	5.5852
848160306431	NaN	NaN	1212.05	781.27	NaN	5.5893
848160314765	NaN	NaN	1210.79	779.17	NaN	5.5898
848160323098	NaN	NaN	1210.56	770.34	NaN	5.5665
848160331432	NaN	NaN	1211.07	769.53	NaN	5.5775
848160339765	NaN	NaN	1211.02	767.57	NaN	5.5778
848160348098	NaN	NaN	1206.70	768.51	NaN	5.5853
848160356432	NaN	NaN	1208.10	771.05	NaN	5.5809
848160364764	NaN	NaN	1208.77	768.47	NaN	5.5788
848160373097	NaN	NaN	1209.08	769.53	NaN	5.5884
848160381431	NaN	NaN	1208.08	772.33	NaN	5.5788
848160389764	NaN	NaN	1208.88	775.90	NaN	5.5801
848160398097	NaN	NaN	1216.58	777.04	NaN	5.5723
848160406431	NaN	NaN	1217.19	777.69	NaN	5.5798
848160414764	NaN	NaN	1218.78	781.93	NaN	5.5684
848160423097	NaN	NaN	1221.78	775.51	NaN	5.5683
848160431431	NaN	NaN	1212.02	780.73	NaN	5.5719
848160439768	NaN	NaN	1218.85	777.63	NaN	5.5622
848160448100	NaN	NaN	1219.04	781.60	NaN	5.5833
848160456434	NaN	NaN	1220.24	781.81	NaN	5.5565
848160464767	NaN	NaN	1217.37	779.27	NaN	5.5835
848160473100	NaN	NaN	1213.66	776.89	NaN	5.5579
848160481434	NaN	NaN	1208.00	783.99	NaN	5.5793
848160489767	NaN	NaN	1213.72	781.43	NaN	5.5745
848160498100	NaN	NaN	1217.62	776.49	NaN	5.5705
848160506434	NaN	NaN	1214.26	774.29	NaN	5.5588
848160514767	NaN	NaN	1211.84	781.98	NaN	5.5739
848160523099	NaN	NaN	1214.54	780.60	NaN	5.5598
848160531433	NaN	NaN	1217.13	781.85	NaN	5.5573
848160539766	NaN	NaN	1219.35	781.18	NaN	5.5579
848160548099	NaN	NaN	1216.88	778.29	NaN	5.5635
848160556433	NaN	NaN	1219.16	777.37	NaN	5.5493
848160564770	NaN	NaN	1219.99	780.61	NaN	5.5531
848160573103	NaN	NaN	1222.14	779.75	NaN	5.5466
848160581437	NaN	NaN	1218.29	788.18	NaN	5.5533
848160589770	NaN	NaN	1222.31	784.28	NaN	5.5427
848160598103	NaN	NaN	1218.38	783.12	NaN	5.5347
848160606436	NaN	NaN	1213.44	786.40	NaN	5.5463
848160614769	NaN	NaN	1225.57	780.60	NaN	5.5308
848160623102	NaN	NaN	1218.67	775.21	NaN	5.5266
848160631435	NaN	NaN	1219.20	777.04	NaN	5.5472
848160639769	NaN	NaN	1224.16	775.86	NaN	5.5339
848160648102	NaN	NaN	1216.88	779.01	NaN	5.5451
848160656435	NaN	NaN	1218.78	782.01	NaN	5.5232
848160664769	NaN	NaN	1222.10	780.77	NaN	5.5287
848160673102	NaN	NaN	1220.96	781.12	NaN	5.5426
848160681436	NaN	NaN	1220.24	779.02	NaN	5.5347
848160689769	NaN	NaN	1213.84	785.63	NaN	5.5522
848160698106	NaN	NaN	1225.02	776.69	NaN	5.5366
848160706439	NaN	NaN	1223.63	778.44	NaN	5.5322
848160714773	NaN	NaN	1224.23	776.63	NaN	5.5457
848160723106	NaN	NaN	1222.27	780.49	NaN	5.5398
848160731439	NaN	NaN	1219.35	788.24	NaN	5.5375
848160739773	NaN	NaN	1223.32	782.84	NaN	5.5297
848160748106	NaN	NaN	1225.98	781.13	NaN	5.5290
848160756439	NaN	NaN	1225.21	777.19	NaN	5.5206
848160764773	NaN	NaN	1222.71	782.85	NaN	5.5357
848160773106	NaN	NaN	1218.42	779.87	NaN	5.5415
848160781439	NaN	NaN	1219.82	781.16	NaN	5.5403
848160789773	NaN	NaN	1221.22	782.23	NaN	5.5195
848160798106	NaN	NaN	1218.85	780.56	NaN	5.5483
848160806439	NaN	NaN	1226.43	780.90	NaN	5.5301
848160814773	NaN	NaN	1228.97	777.62	NaN	5.5303
848160823106	NaN	NaN	1221.74	782.14	NaN	5.5476
848160831444	NaN	NaN	1231.09	769.25	NaN	5.5181
848160839777	NaN	NaN	1226.02	774.70	NaN	5.5184
848160848110	NaN	NaN	1216.03	780.22	NaN	5.5387
848160856443	NaN	NaN	1224.99	776.08	NaN	5.5232
848160864777	NaN	NaN	1222.75	778.29	NaN	5.5350
848160873110	NaN	NaN	1223.58	777.54	NaN	5.5451
848160881443	NaN	NaN	1221.47	776.62	NaN	5.5312
848160889777	NaN	NaN	1228.54	775.96	NaN	5.5285
848160898110	NaN	NaN	1223.28	779.29	NaN	5.5412
848160906443	NaN	NaN	1222.38	778.16	NaN	5.5362
848160914777	NaN	NaN	1226.01	778.27	NaN	5.5365
848160923109	NaN	NaN	1220.13	773.18	NaN	5.5281
848160931442	NaN	NaN	1220.14	776.80	NaN	5.5376
848160939776	NaN	NaN	1220.29	777.85	NaN	5.5373
848160948109	NaN	NaN	1224.28	775.81	NaN	5.5280
848160956442	NaN	NaN	1222.30	778.60	NaN	5.5363
848160964781	NaN	NaN	1223.81	775.94	NaN	5.5418
848160973114	NaN	NaN	1230.95	786.89	NaN	5.5495
848160981447	NaN	NaN	1266.14	790.61	NaN	5.5424
848160989781	NaN	NaN	1296.83	797.25	NaN	5.5347
848160998114	NaN	NaN	1300.79	806.57	NaN	5.5303
848161006447	NaN	NaN	1288.93	806.65	NaN	5.5347
848161014781	NaN	NaN	1287.18	799.43	NaN	5.5275
848161023113	NaN	NaN	1286.86	800.65	NaN	5.5328
848161031446	NaN	NaN	1284.96	799.49	NaN	5.5432
848161039780	NaN	NaN	1282.75	797.13	NaN	5.5371
848161048113	NaN	NaN	1284.06	793.35	NaN	5.5394
848161056446	NaN	NaN	1283.56	793.01	NaN	5.5363
848161064780	NaN	NaN	1279.05	790.94	NaN	5.5427
848161073113	NaN	NaN	1287.01	793.59	NaN	5.5334
848161081446	NaN	NaN	1283.96	796.68	NaN	5.5358
848161089780	NaN	NaN	1288.03	801.94	NaN	5.5358
848161098118	NaN	NaN	1286.86	807.60	NaN	5.5475
848161106450	NaN	NaN	1282.86	798.74	NaN	5.5577
848161114784	NaN	NaN	1287.17	796.27	NaN	5.5500
848161123117	NaN	NaN	1283.60	799.06	NaN	5.5593
848161131450	NaN	NaN	1281.92	795.51	NaN	5.5597
848161139784	NaN	NaN	1280.00	794.79	NaN	5.5473
848161148117	NaN	NaN	1277.11	803.26	NaN	5.5651
848161156450	NaN	NaN	1281.99	800.22	NaN	5.5526
848161164784	NaN	NaN	1278.84	808.86	NaN	5.5654
848161173117	NaN	NaN	1284.83	801.49	NaN	5.5560
848161181449	NaN	NaN	1278.89	804.44	NaN	5.5737
848161189783	NaN	NaN	1288.60	796.74	NaN	5.5440
848161198116	NaN	NaN	1284.80	801.31	NaN	5.5424
848161206449	NaN	NaN	1281.81	801.43	NaN	5.5544
848161214783	NaN	NaN	1284.71	799.36	NaN	5.5429
848161223121	NaN	NaN	1285.71	800.13	NaN	5.5514
848161231454	NaN	NaN	1278.53	800.43	NaN	5.5704
848161239786	NaN	NaN	1280.68	798.41	NaN	5.5573
848161248120	NaN	NaN	1278.82	795.04	NaN	5.5620
848161256453	NaN	NaN	1279.84	791.67	NaN	5.5571
848161264786	NaN	NaN	1275.65	789.53	NaN	5.5607
848161273120	NaN	NaN	1270.95	803.56	NaN	5.5622
848161281453	NaN	NaN	1260.82	822.51	NaN	5.5578
848161289786	NaN	NaN	1262.54	838.14	NaN	5.5809
848161298120	NaN	NaN	1267.11	831.27	NaN	5.5620
848161306453	NaN	NaN	1265.02	830.56	NaN	5.5683
848161314786	NaN	NaN	1259.03	830.54	NaN	5.5765
848161323119	NaN	NaN	1259.66	826.94	NaN	5.5779
848161331452	NaN	NaN	1257.48	831.26	NaN	5.5935
848161339785	NaN	NaN	1261.15	827.89	NaN	5.5873
848161348119	NaN	NaN	1264.68	823.57	NaN	5.5788
848161356457	NaN	NaN	1261.13	832.14	NaN	5.5855
848161364790	NaN	NaN	1269.89	824.31	NaN	5.5670
848161373124	NaN	NaN	1266.38	823.50	NaN	5.5651
848161381457	NaN	NaN	1261.19	837.50	NaN	5.5805
848161389790	NaN	NaN	1266.16	835.18	NaN	5.5645
848161398123	NaN	NaN	1255.31	835.60	NaN	5.5902
848161406457	NaN	NaN	1262.53	830.93	NaN	5.5845
848161414790	NaN	NaN	1257.13	830.48	NaN	5.5785
848161423123	NaN	NaN	1256.60	831.48	NaN	5.5756
848161431456	NaN	NaN	1263.28	825.60	NaN	5.5714
848161439789	NaN	NaN	1257.63	832.55	NaN	5.5830
848161448123	NaN	NaN	1253.68	835.93	NaN	5.5948
848161456456	NaN	NaN	1258.61	830.94	NaN	5.5795
848161464789	NaN	NaN	1253.45	836.39	NaN	5.6017
848161473123	NaN	NaN	1260.70	826.59	NaN	5.5801
848161481456	NaN	NaN	1255.80	830.19	NaN	5.6023
848161489794	NaN	NaN	1253.69	829.95	NaN	5.5982
848161498128	NaN	NaN	1254.90	837.60	NaN	5.5989
848161506460	NaN	NaN	1255.77	830.70	NaN	5.6031
848161514793	NaN	NaN	1255.20	831.57	NaN	5.6180
848161523127	NaN	NaN	1265.56	820.02	NaN	5.5906
848161531460	NaN	NaN	1256.18	829.57	NaN	5.6133
848161539793	NaN	NaN	1262.83	824.04	NaN	5.5977
848161548127	NaN	NaN	1259.81	822.47	NaN	5.6053
848161556460	NaN	NaN	1275.19	827.57	NaN	5.5962
848161564793	NaN	NaN	1260.22	869.88	NaN	5.6019
848161573127	NaN	NaN	1202.60	946.02	NaN	5.6271
848161581460	NaN	NaN	1133.01	1037.49	NaN	5.6645
848161589792	NaN	NaN	1073.48	1096.21	NaN	5.6583
848161598126	NaN	NaN	1012.14	1171.80	NaN	5.6430
848161606459	NaN	NaN	965.42	1244.64	NaN	5.6306
848161614796	NaN	NaN	917.21	1307.48	NaN	5.6282
848161623130	NaN	NaN	884.39	1339.40	NaN	5.6333
848161631463	NaN	NaN	917.66	1319.99	NaN	5.6453
848161639796	NaN	NaN	930.83	1307.25	NaN	5.6540
848161648130	NaN	NaN	921.97	1316.93	NaN	5.6460
848161656463	NaN	NaN	920.37	1317.95	NaN	5.6550
848161664795	NaN	NaN	916.82	1318.23	NaN	5.6422
848161673130	NaN	NaN	919.41	1323.92	NaN	5.6427
848161681463	NaN	NaN	916.49	1325.85	NaN	5.6515
848161689796	NaN	NaN	915.47	1325.26	NaN	5.6504
848161698130	NaN	NaN	913.99	1325.98	NaN	5.6574
848161706463	NaN	NaN	906.23	1330.28	NaN	5.6480
848161714795	NaN	NaN	911.19	1328.58	NaN	5.6535
848161723129	NaN	NaN	906.36	1329.42	NaN	5.6615
848161731462	NaN	NaN	909.98	1325.66	NaN	5.6654
848161739795	NaN	NaN	915.22	1324.95	NaN	5.6636
848161748135	NaN	NaN	909.75	1330.24	NaN	5.6552
848161756468	NaN	NaN	910.87	1333.17	NaN	5.6606
848161764801	NaN	NaN	910.86	1332.22	NaN	5.6761
848161773134	NaN	NaN	907.84	1335.60	NaN	5.6703
848161781468	NaN	NaN	909.65	1339.00	NaN	5.6810
848161789801	NaN	NaN	912.13	1336.34	NaN	5.6785
848161798134	NaN	NaN	913.68	1334.23	NaN	5.6882
848161806467	NaN	NaN	912.00	1344.09	NaN	5.6740
848161814800	NaN	NaN	834.08	1407.54	NaN	5.7055
848161823134	NaN	NaN	729.63	1490.93	NaN	5.7216
848161831467	NaN	NaN	698.58	1513.01	NaN	5.6826
848161839800	NaN	NaN	654.56	1514.86	NaN	5.6606
848161848133	NaN	NaN	680.54	1500.55	NaN	5.6566
848161856467	NaN	NaN	704.65	1500.96	NaN	5.6192
848161864800	NaN	NaN	694.73	1501.67	NaN	5.6294
848161873133	NaN	NaN	696.32	1498.57	NaN	5.6020
848161881471	NaN	NaN	688.80	1502.27	NaN	5.5887
848161889804	NaN	NaN	695.44	1502.24	NaN	5.5754
848161898137	NaN	NaN	695.33	1508.60	NaN	5.5662
848161906470	NaN	NaN	695.58	1507.96	NaN	5.5664
848161914803	NaN	NaN	692.65	1512.08	NaN	5.5340
848161923136	NaN	NaN	698.08	1512.70	NaN	5.5254
848161931470	NaN	NaN	695.15	1509.06	NaN	5.5027
848161939803	NaN	NaN	693.22	1519.87	NaN	5.4852
848161948136	NaN	NaN	694.48	1516.46	NaN	5.4936
848161956470	NaN	NaN	691.15	1523.15	NaN	5.4681
848161964803	NaN	NaN	692.70	1519.65	NaN	5.4614
848161973136	NaN	NaN	690.13	1520.49	NaN	5.4315
848161981470	NaN	NaN	686.99	1516.09	NaN	5.4218
848161989802	NaN	NaN	685.99	1514.22	NaN	5.4005
848161998135	NaN	NaN	692.18	1515.01	NaN	5.3931
848162006469	NaN	NaN	690.19	1513.32	NaN	5.3670
848162014807	NaN	NaN	687.26	1513.77	NaN	5.3643
848162023140	NaN	NaN	688.21	1516.54	NaN	5.3512
848162031474	NaN	NaN	686.26	1512.26	NaN	5.3534
848162039807	NaN	NaN	690.85	1511.01	NaN	5.3368
848162048140	NaN	NaN	686.66	1512.13	NaN	5.3288
848162056474	NaN	NaN	689.58	1513.89	NaN	5.3210
848162064807	NaN	NaN	690.00	1517.86	NaN	5.3147
848162073139	NaN	NaN	687.21	1515.05	NaN	5.3041
848162081473	NaN	NaN	684.26	1520.35	NaN	5.2934
848162089806	NaN	NaN	688.33	1516.51	NaN	5.2919
848162098139	NaN	NaN	687.52	1516.36	NaN	5.2797
848162106473	NaN	NaN	684.76	1517.78	NaN	5.2500
848162114806	NaN	NaN	681.98	1517.42	NaN	5.2614
848162123139	NaN	NaN	683.33	1518.12	NaN	5.2521
848162131473	NaN	NaN	686.99	1512.88	NaN	5.2345
848162139810	NaN	NaN	685.10	1515.51	NaN	5.2436
848162148143	NaN	NaN	681.86	1516.52	NaN	5.2294
848162156477	NaN	NaN	680.74	1520.90	NaN	5.2311
848162164810	NaN	NaN	681.40	1517.59	NaN	5.2199
848162173143	NaN	NaN	682.11	1517.68	NaN	5.1994
848162181476	NaN	NaN	680.62	1516.18	NaN	5.1964
848162189810	NaN	NaN	685.30	1515.88	NaN	5.1785
848162198142	NaN	NaN	677.34	1518.86	NaN	5.1792
848162206476	NaN	NaN	680.69	1519.95	NaN	5.1524
848162214809	NaN	NaN	682.04	1526.32	NaN	5.1466
848162223142	NaN	NaN	684.54	1526.29	NaN	5.1329
848162231476	NaN	NaN	685.14	1519.10	NaN	5.1347
848162239809	NaN	NaN	729.13	1532.72	NaN	5.1363
848162248142	NaN	NaN	870.04	1537.66	NaN	5.1365
848162256476	NaN	NaN	1038.73	1513.54	NaN	5.0957
848162264809	NaN	NaN	1162.38	1532.01	NaN	5.0501
848162273145	NaN	NaN	1290.64	1512.22	NaN	5.0425
848162281479	NaN	NaN	1412.15	1495.11	NaN	5.0121
848162289812	NaN	NaN	1545.60	1485.32	NaN	4.9938
848162298145	NaN	NaN	1661.83	1506.85	NaN	4.9585
848162306478	NaN	NaN	1731.63	1513.50	NaN	4.9391
848162314811	NaN	NaN	1790.71	1514.86	NaN	4.9070
848162323144	NaN	NaN	1752.11	1514.99	NaN	4.9446
848162331477	NaN	NaN	1757.27	1510.85	NaN	4.9456
848162339811	NaN	NaN	1768.02	1516.18	NaN	4.9060
848162348144	NaN	NaN	1776.33	1506.19	NaN	4.8694
848162356477	NaN	NaN	1788.56	1502.98	NaN	4.8555
848162364811	NaN	NaN	1785.78	1508.60	NaN	4.8518
848162373144	NaN	NaN	1772.51	1511.31	NaN	4.8585
848162381477	NaN	NaN	1779.06	1505.07	NaN	4.8355
848162389810	NaN	NaN	1782.41	1501.15	NaN	4.8437
848162398143	NaN	NaN	1776.39	1505.82	NaN	4.8257
848162406483	NaN	NaN	1774.76	1513.58	NaN	4.8230
848162414817	NaN	NaN	1778.63	1516.59	NaN	4.8161
848162423150	NaN	NaN	1777.95	1518.35	NaN	4.8077
848162431483	NaN	NaN	1763.56	1520.56	NaN	4.8143
848162439817	NaN	NaN	1785.02	1514.33	NaN	4.8092
848162448150	NaN	NaN	1775.93	1510.56	NaN	4.8096
848162456483	NaN	NaN	1777.62	1515.54	NaN	4.8168
848162464817	NaN	NaN	1776.41	1515.34	NaN	4.8068
848162473149	NaN	NaN	1707.56	1439.74	NaN	4.8385
848162481482	NaN	NaN	1582.12	1322.45	NaN	4.8982
848162489816	NaN	NaN	1493.32	1210.84	NaN	4.8911
848162498149	NaN	NaN	1407.91	1103.40	NaN	4.8800
848162506482	NaN	NaN	1336.31	982.34	NaN	4.8740
848162514816	NaN	NaN	1289.53	897.35	NaN	4.8615
848162523149	NaN	NaN	1271.35	824.68	NaN	4.8438
848162531482	NaN	NaN	1254.35	815.13	NaN	4.8803
848162539820	NaN	NaN	1264.21	845.17	NaN	4.8964
848162548153	NaN	NaN	1257.59	845.18	NaN	4.9444
848162556485	NaN	NaN	1259.88	817.67	NaN	4.8849
848162564819	NaN	NaN	1256.36	806.64	NaN	4.8793
848162573152	NaN	NaN	1257.77	817.31	NaN	4.9032
848162581486	NaN	NaN	1260.12	812.17	NaN	4.8999
848162589819	NaN	NaN	1259.88	812.80	NaN	4.8991
848162598152	NaN	NaN	1260.85	812.94	NaN	4.9055
848162606485	NaN	NaN	1257.79	815.30	NaN	4.8967
848162614819	NaN	NaN	1260.61	818.48	NaN	4.8879
848162623152	NaN	NaN	1257.17	815.22	NaN	4.8806
848162631485	NaN	NaN	1257.38	821.52	NaN	4.9017
848162639818	NaN	NaN	1255.83	817.87	NaN	4.8903
848162648152	NaN	NaN	1255.50	815.87	NaN	4.8969
848162656485	NaN	NaN	1254.74	822.74	NaN	4.9135
848162664822	NaN	NaN	1261.66	820.21	NaN	4.9006
848162673156	NaN	NaN	1255.55	815.66	NaN	4.9072
848162681489	NaN	NaN	1250.91	820.84	NaN	4.9188
848162689822	NaN	NaN	1255.74	816.84	NaN	4.8967
848162698156	NaN	NaN	1260.92	818.12	NaN	4.9014
848162706489	NaN	NaN	1245.25	824.31	NaN	4.9234
848162714821	NaN	NaN	1265.79	811.34	NaN	4.8848
848162723155	NaN	NaN	1261.89	808.43	NaN	4.8916
848162731488	NaN	NaN	1259.75	824.02	NaN	4.9152
848162739821	NaN	NaN	1259.47	822.85	NaN	4.9160
848162748155	NaN	NaN	1260.22	809.34	NaN	4.9100
848162756488	NaN	NaN	1250.45	790.16	NaN	4.9149
848162764822	NaN	NaN	1255.69	787.42	NaN	4.9073
848162773155	NaN	NaN	1248.02	785.25	NaN	4.9134
848162781488	NaN	NaN	1247.42	796.30	NaN	4.9295
848162789822	NaN	NaN	1253.65	791.83	NaN	4.9248
848162798160	NaN	NaN	1255.49	786.30	NaN	4.9017
848162806493	NaN	NaN	1250.54	800.26	NaN	4.9426
848162814826	NaN	NaN	1257.10	796.86	NaN	4.9317
848162823160	NaN	NaN	1254.29	801.69	NaN	4.9359
848162831493	NaN	NaN	1253.66	799.59	NaN	4.9432
848162839826	NaN	NaN	1245.18	804.00	NaN	4.9695
848162848160	NaN	NaN	1254.54	800.82	NaN	4.9538
848162856493	NaN	NaN	1253.03	798.82	NaN	4.9644
848162864826	NaN	NaN	1253.56	796.71	NaN	4.9754
848162873160	NaN	NaN	1254.68	790.29	NaN	4.9828
848162881492	NaN	NaN	1250.05	789.52	NaN	4.9840
848162889825	NaN	NaN	1245.09	789.10	NaN	4.9921
848162898159	NaN	NaN	1246.20	792.92	NaN	5.0050
848162906492	NaN	NaN	1252.11	791.33	NaN	5.0156
848162914826	NaN	NaN	1247.34	789.97	NaN	5.0211
848162923159	NaN	NaN	1249.79	794.76	NaN	5.0269
848162931497	NaN	NaN	1250.43	793.08	NaN	5.0244
848162939830	NaN	NaN	1251.34	794.64	NaN	5.0282
848162948164	NaN	NaN	1257.32	796.89	NaN	5.0381
848162956496	NaN	NaN	1248.16	805.52	NaN	5.0455
848162964829	NaN	NaN	1255.17	808.87	NaN	5.0643
848162973163	NaN	NaN	1249.47	803.18	NaN	5.0632
848162981496	NaN	NaN	1251.44	806.33	NaN	5.0797
848162989829	NaN	NaN	1245.97	810.52	NaN	5.0900
848162998163	NaN	NaN	1253.08	809.65	NaN	5.0856
848163006496	NaN	NaN	1247.81	801.94	NaN	5.0914
848163014829	NaN	NaN	1250.97	796.65	NaN	5.0985
848163023163	NaN	NaN	1235.15	815.31	NaN	5.1534
848163031496	NaN	NaN	1245.84	800.68	NaN	5.1274
848163039829	NaN	NaN	1247.09	808.37	NaN	5.1355
848163048163	NaN	NaN	1249.37	803.34	NaN	5.1289
848163056500	NaN	NaN	1243.74	812.14	NaN	5.1663
848163064832	NaN	NaN	1242.30	805.43	NaN	5.1676
848163073167	NaN	NaN	1248.89	805.85	NaN	5.1549
848163081500	NaN	NaN	1252.36	802.05	NaN	5.1546
848163089833	NaN	NaN	1255.91	812.32	NaN	5.1730
848163098167	NaN	NaN	1246.78	814.93	NaN	5.2074
848163106500	NaN	NaN	1255.64	808.77	NaN	5.1837
848163114833	NaN	NaN	1251.08	809.50	NaN	5.1981
848163123166	NaN	NaN	1252.61	805.28	NaN	5.1971
848163131499	NaN	NaN	1256.48	770.90	NaN	5.2070
848163139832	NaN	NaN	1242.70	758.90	NaN	5.2449
848163148166	NaN	NaN	1253.70	747.75	NaN	5.2322
848163156499	NaN	NaN	1251.46	745.55	NaN	5.2411
848163164832	NaN	NaN	1264.51	746.29	NaN	5.2299
848163173166	NaN	NaN	1267.60	744.32	NaN	5.2283
848163181499	NaN	NaN	1262.13	746.11	NaN	5.2520
848163189837	NaN	NaN	1258.69	748.64	NaN	5.2579
848163198169	NaN	NaN	1259.53	750.72	NaN	5.2624
848163206503	NaN	NaN	1259.11	744.87	NaN	5.2595
848163214836	NaN	NaN	1254.68	753.07	NaN	5.2807
848163223170	NaN	NaN	1253.46	746.59	NaN	5.2762
848163231503	NaN	NaN	1253.55	736.79	NaN	5.2647
848163239836	NaN	NaN	1250.14	740.44	NaN	5.2940
848163248169	NaN	NaN	1253.19	739.24	NaN	5.2907
848163256503	NaN	NaN	1250.96	742.34	NaN	5.3052
848163264836	NaN	NaN	1249.91	748.07	NaN	5.3213
848163273170	NaN	NaN	1257.46	750.48	NaN	5.3046
848163281502	NaN	NaN	1255.20	751.13	NaN	5.3339
848163289835	NaN	NaN	1256.69	765.06	NaN	5.3248
848163298168	NaN	NaN	1257.46	749.90	NaN	5.3166
848163306502	NaN	NaN	1264.13	752.60	NaN	5.3190
848163314835	NaN	NaN	1258.68	747.05	NaN	5.3390
848163323173	NaN	NaN	1255.01	757.33	NaN	5.3333
848163331507	NaN	NaN	1261.13	751.67	NaN	5.3295
848163339840	NaN	NaN	1249.82	753.19	NaN	5.3474
848163348173	NaN	NaN	1261.55	749.70	NaN	5.3345
848163356507	NaN	NaN	1261.19	751.68	NaN	5.3515
848163364839	NaN	NaN	1254.05	751.06	NaN	5.3631
848163373173	NaN	NaN	1260.99	736.45	NaN	5.3415
848163381506	NaN	NaN	1255.28	747.44	NaN	5.3529
848163389839	NaN	NaN	1259.78	746.03	NaN	5.3689
848163398172	NaN	NaN	1264.62	748.99	NaN	5.3655
848163406506	NaN	NaN	1259.80	758.36	NaN	5.3775
848163414839	NaN	NaN	1259.29	761.93	NaN	5.3965
848163423172	NaN	NaN	1263.80	752.35	NaN	5.3695
848163431506	NaN	NaN	1255.93	755.17	NaN	5.3916
848163439838	NaN	NaN	1255.28	759.31	NaN	5.3813
848163448171	NaN	NaN	1256.88	749.31	NaN	5.3852
848163456510	NaN	NaN	1262.81	757.16	NaN	5.3902
848163464843	NaN	NaN	1258.61	755.71	NaN	5.3931
848163473176	NaN	NaN	1254.83	759.27	NaN	5.4052
848163481510	NaN	NaN	1262.51	755.60	NaN	5.3962
848163489844	NaN	NaN	1260.62	749.03	NaN	5.4018
848163498177	NaN	NaN	1257.35	756.47	NaN	5.4126
848163506511	NaN	NaN	1258.28	750.16	NaN	5.4153
848163514844	NaN	NaN	1258.37	745.27	NaN	5.3966
848163523176	NaN	NaN	1258.06	748.15	NaN	5.4159
848163531510	NaN	NaN	1255.10	748.79	NaN	5.4247
848163539843	NaN	NaN	1258.01	751.25	NaN	5.4127
848163548176	NaN	NaN	1255.54	757.29	NaN	5.4427
848163556510	NaN	NaN	1256.27	755.75	NaN	5.4331
848163564843	NaN	NaN	1266.16	758.14	NaN	5.4099
848163573176	NaN	NaN	1268.64	774.60	NaN	5.4187
848163581512	NaN	NaN	1262.60	772.14	NaN	5.4280
848163589845	NaN	NaN	1252.02	780.13	NaN	5.4537
848163598178	NaN	NaN	1259.17	771.07	NaN	5.4514
848163606511	NaN	NaN	1253.19	772.23	NaN	5.4535
848163614844	NaN	NaN	1258.70	764.78	NaN	5.4450
848163623177	NaN	NaN	1263.25	767.27	NaN	5.4309
848163631511	NaN	NaN	1260.71	762.20	NaN	5.4486
848163639844	NaN	NaN	1266.92	765.15	NaN	5.4410
848163648177	NaN	NaN	1261.62	763.00	NaN	5.4446
848163656511	NaN	NaN	1261.71	765.41	NaN	5.4642
848163664844	NaN	NaN	1268.69	758.96	NaN	5.4337
848163673177	NaN	NaN	1265.99	764.16	NaN	5.4315
848163681510	NaN	NaN	1263.55	769.41	NaN	5.4609
848163689843	NaN	NaN	1275.39	768.70	NaN	5.4448
848163698176	NaN	NaN	1272.42	768.99	NaN	5.4543
848163706510	NaN	NaN	1262.65	769.53	NaN	5.4716
848163714853	NaN	NaN	1264.75	769.79	NaN	5.4655
848163723186	NaN	NaN	1266.49	771.73	NaN	5.4695
848163731519	NaN	NaN	1264.91	767.06	NaN	5.4561
848163739853	NaN	NaN	1267.25	765.24	NaN	5.4695
848163748186	NaN	NaN	1262.06	768.35	NaN	5.4737
848163756520	NaN	NaN	1260.89	770.61	NaN	5.4780
848163764852	NaN	NaN	1261.14	767.12	NaN	5.4765
848163773185	NaN	NaN	1258.96	766.14	NaN	5.4677
848163781518	NaN	NaN	1255.88	761.74	NaN	5.4629
848163789852	NaN	NaN	1259.92	763.92	NaN	5.4700
848163798185	NaN	NaN	1262.54	764.73	NaN	5.4594
848163806518	NaN	NaN	1259.35	765.57	NaN	5.4762
848163814852	NaN	NaN	1269.02	767.63	NaN	5.4736
848163823185	NaN	NaN	1260.41	773.30	NaN	5.4757
848163831518	NaN	NaN	1268.66	774.62	NaN	5.4728
848163839852	NaN	NaN	1270.49	775.14	NaN	5.4707
848163848186	NaN	NaN	1273.39	770.86	NaN	5.4690
848163856520	NaN	NaN	1259.18	783.06	NaN	5.4848
848163864853	NaN	NaN	1264.40	784.04	NaN	5.4957
848163873186	NaN	NaN	1268.93	774.48	NaN	5.4868
848163881520	NaN	NaN	1265.24	776.87	NaN	5.4781
848163889853	NaN	NaN	1267.05	772.21	NaN	5.4828
848163898186	NaN	NaN	1265.82	765.38	NaN	5.4805
848163906519	NaN	NaN	1258.96	767.46	NaN	5.5006
848163914853	NaN	NaN	1263.76	765.75	NaN	5.4816
848163923185	NaN	NaN	1257.25	765.37	NaN	5.5095
848163931518	NaN	NaN	1266.37	739.64	NaN	5.5041
848163939852	NaN	NaN	1260.96	723.67	NaN	5.4924
848163948185	NaN	NaN	1252.78	720.04	NaN	5.5149
848163956519	NaN	NaN	1264.60	701.44	NaN	5.4982
848163964852	NaN	NaN	1266.86	703.71	NaN	5.5019
848163973185	NaN	NaN	1257.63	706.01	NaN	5.5218
848163981523	NaN	NaN	1262.21	705.84	NaN	5.5166
848163989857	NaN	NaN	1262.88	705.18	NaN	5.5277
848163998190	NaN	NaN	1262.64	701.40	NaN	5.5237
848164006522	NaN	NaN	1254.97	711.53	NaN	5.5262
848164014856	NaN	NaN	1254.61	713.55	NaN	5.5361
848164023189	NaN	NaN	1256.25	711.04	NaN	5.5222
848164031522	NaN	NaN	1265.05	709.64	NaN	5.5255
848164039856	NaN	NaN	1258.84	713.67	NaN	5.5467
848164048189	NaN	NaN	1256.97	713.63	NaN	5.5417
848164056522	NaN	NaN	1262.98	707.19	NaN	5.5338
848164064856	NaN	NaN	1255.38	711.04	NaN	5.5449
848164073189	NaN	NaN	1263.44	709.65	NaN	5.5410
848164081522	NaN	NaN	1259.86	711.86	NaN	5.5472
848164089855	NaN	NaN	1260.53	712.16	NaN	5.5352
848164098188	NaN	NaN	1266.15	712.76	NaN	5.5311
848164106526	NaN	NaN	1262.56	716.84	NaN	5.5437
848164114860	NaN	NaN	1260.90	713.80	NaN	5.5328
848164123193	NaN	NaN	1262.16	713.79	NaN	5.5357
848164131526	NaN	NaN	1259.43	709.71	NaN	5.5474
848164139860	NaN	NaN	1260.70	715.41	NaN	5.5419
848164148193	NaN	NaN	1260.07	715.80	NaN	5.5513
848164156526	NaN	NaN	1263.67	708.33	NaN	5.5395
848164164859	NaN	NaN	1267.46	709.93	NaN	5.5471
848164173192	NaN	NaN	1263.88	716.12	NaN	5.5544
848164181525	NaN	NaN	1260.87	712.38	NaN	5.5545
848164189859	NaN	NaN	1263.01	709.36	NaN	5.5498
848164198192	NaN	NaN	1263.19	707.89	NaN	5.5378
848164206525	NaN	NaN	1262.44	714.67	NaN	5.5442
848164214859	NaN	NaN	1257.82	712.78	NaN	5.5410
848164223192	NaN	NaN	1262.11	710.41	NaN	5.5577
848164231525	NaN	NaN	1261.98	706.91	NaN	5.5575
848164239863	NaN	NaN	1267.56	702.86	NaN	5.5479
848164248195	NaN	NaN	1258.93	707.54	NaN	5.5625
848164256528	NaN	NaN	1257.30	710.30	NaN	5.5727
848164264861	NaN	NaN	1265.05	699.53	NaN	5.5512
848164273195	NaN	NaN	1264.73	700.41	NaN	5.5634
848164281528	NaN	NaN	1265.61	708.76	NaN	5.5374
848164289862	NaN	NaN	1258.59	712.83	NaN	5.5553
848164298195	NaN	NaN	1267.64	703.54	NaN	5.5413
848164306528	NaN	NaN	1255.04	714.98	NaN	5.5525
848164314861	NaN	NaN	1255.94	720.94	NaN	5.5576
848164323195	NaN	NaN	1263.99	715.26	NaN	5.5396
848164331527	NaN	NaN	1266.38	709.40	NaN	5.5370
848164339860	NaN	NaN	1263.56	713.70	NaN	5.5437
848164348194	NaN	NaN	1263.93	705.83	NaN	5.5450
848164356527	NaN	NaN	1257.65	718.77	NaN	5.5637
848164364860	NaN	NaN	1260.02	721.86	NaN	5.5614
848164373199	NaN	NaN	1265.92	714.32	NaN	5.5456
848164381532	NaN	NaN	1270.71	709.13	NaN	5.5416
848164389865	NaN	NaN	1257.70	717.08	NaN	5.5755
848164398199	NaN	NaN	1266.27	710.37	NaN	5.5508
848164406531	NaN	NaN	1268.57	718.43	NaN	5.5647
848164414864	NaN	NaN	1267.31	717.53	NaN	5.5626
848164423198	NaN	NaN	1268.61	712.61	NaN	5.5600
848164431531	NaN	NaN	1257.01	723.68	NaN	5.5871
848164439865	NaN	NaN	1265.38	713.55	NaN	5.5597
848164448198	NaN	NaN	1267.23	718.43	NaN	5.5673
848164456531	NaN	NaN	1267.05	719.83	NaN	5.5537
848164464864	NaN	NaN	1273.98	731.42	NaN	5.5609
848164473198	NaN	NaN	1264.06	745.07	NaN	5.5636
848164481531	NaN	NaN	1254.76	750.01	NaN	5.5709
848164489863	NaN	NaN	1257.30	743.81	NaN	5.5717
848164498201	NaN	NaN	1264.67	741.50	NaN	5.5610
848164506534	NaN	NaN	1275.20	737.01	NaN	5.5444
848164514867	NaN	NaN	1266.24	741.86	NaN	5.5524
848164523201	NaN	NaN	1260.38	743.51	NaN	5.5577
848164531534	NaN	NaN	1262.76	742.85	NaN	5.5667
848164539867	NaN	NaN	1267.55	736.88	NaN	5.5458
848164548201	NaN	NaN	1265.87	743.16	NaN	5.5616
848164556534	NaN	NaN	1263.96	744.74	NaN	5.5592
848164564867	NaN	NaN	1263.28	746.07	NaN	5.5697
848164573200	NaN	NaN	1267.52	746.14	NaN	5.5572
848164581533	NaN	NaN	1267.61	747.69	NaN	5.5761
848164589866	NaN	NaN	1267.37	748.69	NaN	5.5723
848164598200	NaN	NaN	1264.66	748.16	NaN	5.5847
848164606533	NaN	NaN	1265.52	748.07	NaN	5.5746
848164614866	NaN	NaN	1265.89	746.56	NaN	5.5830
848164623200	NaN	NaN	1268.55	746.68	NaN	5.5750
848164631537	NaN	NaN	1267.37	749.06	NaN	5.5778
848164639870	NaN	NaN	1275.34	744.07	NaN	5.5590
848164648204	NaN	NaN	1272.08	744.92	NaN	5.5743
848164656536	NaN	NaN	1266.92	751.76	NaN	5.5808
848164664869	NaN	NaN	1271.03	747.37	NaN	5.5863
848164673203	NaN	NaN	1271.48	749.60	NaN	5.5683
848164681536	NaN	NaN	1269.89	745.04	NaN	5.5695
848164689869	NaN	NaN	1270.21	747.96	NaN	5.5869
848164698203	NaN	NaN	1262.34	747.86	NaN	5.5894
848164706536	NaN	NaN	1268.28	746.77	NaN	5.5811
848164714869	NaN	NaN	1266.81	743.01	NaN	5.5747
848164723203	NaN	NaN	1269.28	742.56	NaN	5.5897
848164731535	NaN	NaN	1260.54	751.93	NaN	5.5933
848164739868	NaN	NaN	1268.61	744.11	NaN	5.5727
848164748202	NaN	NaN	1268.48	747.39	NaN	5.5849
848164756535	NaN	NaN	1262.07	749.33	NaN	5.5754
848164764874	NaN	NaN	1270.80	749.60	NaN	5.5750
848164773208	NaN	NaN	1263.39	748.50	NaN	5.5786
848164781541	NaN	NaN	1260.97	750.91	NaN	5.5823
848164789874	NaN	NaN	1263.12	748.18	NaN	5.5830
848164798207	NaN	NaN	1271.15	749.82	NaN	5.5924
848164806541	NaN	NaN	1264.43	755.54	NaN	5.6018
848164814873	NaN	NaN	1264.74	752.20	NaN	5.5993
848164823207	NaN	NaN	1264.71	749.08	NaN	5.5955
848164831540	NaN	NaN	1269.03	745.57	NaN	5.5876
848164839873	NaN	NaN	1261.09	761.94	NaN	5.6158
848164848206	NaN	NaN	1263.63	754.52	NaN	5.6020
848164856540	NaN	NaN	1260.46	749.34	NaN	5.6095
848164864873	NaN	NaN	1267.16	750.36	NaN	5.5990
848164873206	NaN	NaN	1254.79	753.10	NaN	5.6193
848164881540	NaN	NaN	1255.19	755.02	NaN	5.6147
848164889873	NaN	NaN	1267.75	783.06	NaN	5.6331
848164898210	NaN	NaN	1272.85	818.33	NaN	5.6332
848164906544	NaN	NaN	1262.70	834.91	NaN	5.6133
848164914877	NaN	NaN	1254.24	846.28	NaN	5.6207
848164923211	NaN	NaN	1260.86	842.06	NaN	5.6204
848164931544	NaN	NaN	1257.95	840.53	NaN	5.6151
848164939877	NaN	NaN	1263.36	844.59	NaN	5.6321
848164948210	NaN	NaN	1267.19	837.37	NaN	5.6310
848164956544	NaN	NaN	1274.75	834.21	NaN	5.6284
848164964877	NaN	NaN	1266.45	837.36	NaN	5.6375
848164973210	NaN	NaN	1263.60	829.12	NaN	5.6303
848164981543	NaN	NaN	1264.61	827.98	NaN	5.6274
848164989876	NaN	NaN	1260.55	825.74	NaN	5.6367
848164998209	NaN	NaN	1263.14	827.44	NaN	5.6312
848165006543	NaN	NaN	1259.74	826.53	NaN	5.6345
848165014876	NaN	NaN	1265.08	821.96	NaN	5.6329
848165023211	NaN	NaN	1259.90	827.73	NaN	5.6476
848165031545	NaN	NaN	1262.24	821.63	NaN	5.6465
848165039878	NaN	NaN	1263.96	822.51	NaN	5.6330
848165048211	NaN	NaN	1269.98	829.76	NaN	5.6278
848165056544	NaN	NaN	1262.57	830.16	NaN	5.6503
848165064877	NaN	NaN	1269.59	826.68	NaN	5.6338
848165073210	NaN	NaN	1275.73	824.21	NaN	5.6343
848165081544	NaN	NaN	1269.39	821.69	NaN	5.6486
848165089877	NaN	NaN	1270.51	821.97	NaN	5.6460
848165098210	NaN	NaN	1270.16	820.09	NaN	5.6312
848165106544	NaN	NaN	1259.70	826.21	NaN	5.6267
848165114877	NaN	NaN	1259.35	830.51	NaN	5.6374
848165123210	NaN	NaN	1264.57	832.05	NaN	5.6134
848165131544	NaN	NaN	1260.86	831.17	NaN	5.6212
848165139876	NaN	NaN	1260.41	837.04	NaN	5.6346
848165148209	NaN	NaN	1264.54	834.54	NaN	5.6267
848165156549	NaN	NaN	1259.86	832.39	NaN	5.6316
848165164882	NaN	NaN	1264.31	829.29	NaN	5.6268
848165173215	NaN	NaN	1263.12	822.73	NaN	5.6243
848165181549	NaN	NaN	1257.33	823.37	NaN	5.6357
848165189882	NaN	NaN	1257.61	818.47	NaN	5.6387
848165198215	NaN	NaN	1254.06	826.76	NaN	5.6350
848165206549	NaN	NaN	1260.67	821.32	NaN	5.6241
848165214881	NaN	NaN	1257.79	824.67	NaN	5.6082
848165223214	NaN	NaN	1259.87	820.21	NaN	5.6310
848165231548	NaN	NaN	1262.20	829.54	NaN	5.6315
848165239881	NaN	NaN	1264.78	835.24	NaN	5.6304
848165248214	NaN	NaN	1260.84	839.23	NaN	5.6305
848165256548	NaN	NaN	1262.16	838.67	NaN	5.6250
848165264881	NaN	NaN	1259.29	834.35	NaN	5.6209
848165273214	NaN	NaN	1257.26	833.48	NaN	5.6285
848165281548	NaN	NaN	1258.36	834.15	NaN	5.6352
848165289887	NaN	NaN	1262.02	835.46	NaN	5.6113
848165298219	NaN	NaN	1256.28	833.03	NaN	5.6373
848165306553	NaN	NaN	1255.24	834.60	NaN	5.6319
848165314886	NaN	NaN	1260.20	832.63	NaN	5.6344
848165323219	NaN	NaN	1266.78	825.76	NaN	5.6218
848165331553	NaN	NaN	1259.37	829.44	NaN	5.6440
848165339886	NaN	NaN	1264.05	825.59	NaN	5.6298
848165348219	NaN	NaN	1257.96	820.26	NaN	5.6391
848165356553	NaN	NaN	1269.76	821.79	NaN	5.6287
848165364886	NaN	NaN	1267.29	823.21	NaN	5.6304
848165373219	NaN	NaN	1260.37	822.72	NaN	5.6405
848165381551	NaN	NaN	1269.65	818.13	NaN	5.6169
848165389885	NaN	NaN	1262.19	822.82	NaN	5.6426
848165398218	NaN	NaN	1261.18	828.28	NaN	5.6310
848165406551	NaN	NaN	1261.31	825.16	NaN	5.6297
848165414885	NaN	NaN	1255.36	831.72	NaN	5.6405
848165423223	NaN	NaN	1257.22	829.75	NaN	5.6364
848165431557	NaN	NaN	1264.94	828.09	NaN	5.6256
848165439890	NaN	NaN	1260.28	831.94	NaN	5.6346
848165448223	NaN	NaN	1260.84	832.52	NaN	5.6407
848165456555	NaN	NaN	1259.64	826.55	NaN	5.6492
848165464889	NaN	NaN	1266.73	821.96	NaN	5.6360
848165473222	NaN	NaN	1261.16	821.99	NaN	5.6417
848165481556	NaN	NaN	1262.74	822.75	NaN	5.6559
848165489889	NaN	NaN	1264.49	821.05	NaN	5.6369
848165498222	NaN	NaN	1266.00	820.00	NaN	5.6464
848165506556	NaN	NaN	1261.98	824.49	NaN	5.6528
848165514889	NaN	NaN	1266.64	813.04	NaN	5.6443
848165523222	NaN	NaN	1264.22	818.80	NaN	5.6662
848165531556	NaN	NaN	1261.10	815.75	NaN	5.6610
848165539888	NaN	NaN	1268.03	810.81	NaN	5.6493
848165548224	NaN	NaN	1262.83	819.44	NaN	5.6493
848165556557	NaN	NaN	1264.73	815.91	NaN	5.6533
848165564891	NaN	NaN	1267.93	812.27	NaN	5.6536
848165573224	NaN	NaN	1267.79	814.89	NaN	5.6593
848165581557	NaN	NaN	1258.38	818.27	NaN	5.6675
848165589891	NaN	NaN	1259.39	820.52	NaN	5.6653
848165598224	NaN	NaN	1264.41	821.72	NaN	5.6719
848165606557	NaN	NaN	1261.12	827.31	NaN	5.6715
848165614891	NaN	NaN	1260.41	826.80	NaN	5.6686
848165623223	NaN	NaN	1258.46	819.60	NaN	5.6740
848165631556	NaN	NaN	1258.97	824.50	NaN	5.6779
848165639890	NaN	NaN	1256.53	822.83	NaN	5.6805
848165648223	NaN	NaN	1253.47	825.44	NaN	5.6948
848165656556	NaN	NaN	1258.45	821.10	NaN	5.6878
848165664890	NaN	NaN	1255.75	822.43	NaN	5.6894
848165673223	NaN	NaN	1253.76	812.04	NaN	5.6829
848165681563	NaN	NaN	1257.55	813.20	NaN	5.6875
848165689897	NaN	NaN	1254.22	807.72	NaN	5.6909
848165698229	NaN	NaN	1251.26	808.55	NaN	5.7043
848165706562	NaN	NaN	1251.55	809.79	NaN	5.6999
848165714896	NaN	NaN	1251.13	807.44	NaN	5.7012
848165723229	NaN	NaN	1258.64	805.90	NaN	5.6929
848165731562	NaN	NaN	1250.70	810.71	NaN	5.7004
848165739896	NaN	NaN	1250.58	817.19	NaN	5.7092
848165748229	NaN	NaN	1257.03	821.19	NaN	5.7014
848165756562	NaN	NaN	1253.86	815.85	NaN	5.6959
848165764896	NaN	NaN	1255.81	821.36	NaN	5.6898
848165773229	NaN	NaN	1250.07	816.80	NaN	5.7066
848165781561	NaN	NaN	1249.10	815.58	NaN	5.7112
848165789895	NaN	NaN	1255.60	810.53	NaN	5.7005
848165798228	NaN	NaN	1251.93	804.79	NaN	5.7099
848165806561	NaN	NaN	1254.91	808.51	NaN	5.7252
848165814899	NaN	NaN	1257.04	814.39	NaN	5.7029
848165823232	NaN	NaN	1250.61	818.86	NaN	5.6952
848165831565	NaN	NaN	1243.62	808.38	NaN	5.7237
848165839898	NaN	NaN	1252.78	804.53	NaN	5.7200
848165848232	NaN	NaN	1250.87	814.87	NaN	5.7318
848165856565	NaN	NaN	1251.27	815.86	NaN	5.7102
848165864898	NaN	NaN	1251.12	808.10	NaN	5.7094
848165873231	NaN	NaN	1253.25	803.67	NaN	5.7169
848165881564	NaN	NaN	1256.91	809.86	NaN	5.7272
848165889898	NaN	NaN	1254.22	814.43	NaN	5.7147
848165898231	NaN	NaN	1246.09	804.14	NaN	5.7346
848165906564	NaN	NaN	1259.63	812.51	NaN	5.7256
848165914898	NaN	NaN	1253.92	794.84	NaN	5.7346
848165923231	NaN	NaN	1264.70	817.52	NaN	5.7191
848165931564	NaN	NaN	1265.28	799.79	NaN	5.7269
848165939898	NaN	NaN	1266.63	815.38	NaN	5.7406
848165948231	NaN	NaN	1259.28	802.52	NaN	5.7494
848165956564	NaN	NaN	1263.40	808.74	NaN	5.7345
848165964898	NaN	NaN	1261.86	810.31	NaN	5.7361
848165973231	NaN	NaN	1252.62	805.56	NaN	5.7445
848165981564	NaN	NaN	1258.99	809.39	NaN	5.7438
848165989898	NaN	NaN	1249.97	810.55	NaN	5.7433
848165998231	NaN	NaN	1263.88	808.75	NaN	5.7551
848166006564	NaN	NaN	1261.11	809.39	NaN	5.7424
848166014897	NaN	NaN	1271.08	801.86	NaN	5.7606
848166023230	NaN	NaN	1268.73	812.47	NaN	5.7472
848166031563	NaN	NaN	1257.61	805.45	NaN	5.7691
848166039896	NaN	NaN	1264.91	809.71	NaN	5.7471
848166048230	NaN	NaN	1255.15	803.02	NaN	5.7771
848166056563	NaN	NaN	1257.72	813.17	NaN	5.7698
848166064896	NaN	NaN	1267.81	800.79	NaN	5.7438
848166073236	NaN	NaN	1267.79	801.77	NaN	5.7484
848166081568	NaN	NaN	1261.17	806.84	NaN	5.7684
848166089902	NaN	NaN	1265.36	803.12	NaN	5.7805
848166098236	NaN	NaN	1273.52	807.77	NaN	5.7644
848166106567	NaN	NaN	1270.56	804.89	NaN	5.7818
848166114901	NaN	NaN	1255.74	809.93	NaN	5.7874
848166123235	NaN	NaN	1256.71	803.97	NaN	5.7777
848166131567	NaN	NaN	1260.77	813.48	NaN	5.7620
848166139900	NaN	NaN	1265.40	802.53	NaN	5.7699
848166148235	NaN	NaN	1257.87	811.00	NaN	5.7758
848166156567	NaN	NaN	1260.53	806.13	NaN	5.7719
848166164900	NaN	NaN	1263.19	804.18	NaN	5.7942
848166173234	NaN	NaN	1257.31	813.28	NaN	5.7746
848166181566	NaN	NaN	1266.81	803.77	NaN	5.7780
848166189899	NaN	NaN	1254.52	796.94	NaN	5.7991
848166198241	NaN	NaN	1271.98	802.77	NaN	5.7759
848166206573	NaN	NaN	1255.92	804.84	NaN	5.7833
848166214915	NaN	NaN	1267.39	806.20	NaN	5.7855
848166223240	NaN	NaN	1259.65	807.52	NaN	5.7817
848166231582	NaN	NaN	1256.28	803.26	NaN	5.7892
848166239915	NaN	NaN	1258.62	799.88	NaN	5.7832
848166248240	NaN	NaN	1265.55	803.39	NaN	5.7739
848166256581	NaN	NaN	1262.55	809.28	NaN	5.7891
848166264914	NaN	NaN	1252.58	803.23	NaN	5.7944
848166273247	NaN	NaN	1250.11	809.93	NaN	5.7929
848166281581	NaN	NaN	1256.30	801.93	NaN	5.7849
848166289914	NaN	NaN	1254.78	805.13	NaN	5.7918
848166298247	NaN	NaN	1259.43	804.89	NaN	5.8068
848166306581	NaN	NaN	1263.00	805.15	NaN	5.7867
848166314914	NaN	NaN	1263.70	805.85	NaN	5.7976
848166323247	NaN	NaN	1261.27	810.46	NaN	5.7944
848166331581	NaN	NaN	1264.53	808.50	NaN	5.8033
848166339919	NaN	NaN	1256.49	806.18	NaN	5.7934
848166348251	NaN	NaN	1259.53	803.68	NaN	5.7928
848166356584	NaN	NaN	1264.24	811.15	NaN	5.8062
848166364918	NaN	NaN	1248.52	801.60	NaN	5.7991
848166373251	NaN	NaN	1274.37	803.84	NaN	5.7957
848166381584	NaN	NaN	1256.47	803.65	NaN	5.7847
848166389918	NaN	NaN	1264.58	809.39	NaN	5.7873
848166398251	NaN	NaN	1270.55	805.45	NaN	5.7893
848166406584	NaN	NaN	1259.54	811.75	NaN	5.7980
848166414918	NaN	NaN	1257.62	812.97	NaN	5.7918
848166423250	NaN	NaN	1264.38	809.21	NaN	5.7891
848166431583	NaN	NaN	1260.45	804.24	NaN	5.7974
848166439917	NaN	NaN	1258.55	809.63	NaN	5.8001
848166448250	NaN	NaN	1263.29	810.33	NaN	5.7868
848166456583	NaN	NaN	1258.29	808.40	NaN	5.7910
848166464921	NaN	NaN	1254.23	811.41	NaN	5.8032
848166473246	NaN	NaN	1259.04	804.50	NaN	5.7989
848166481579	NaN	NaN	1270.89	810.68	NaN	5.7847
848166489912	NaN	NaN	1272.32	810.82	NaN	5.7895
848166498245	NaN	NaN	1258.98	814.20	NaN	5.7782
848166506578	NaN	NaN	1254.98	815.46	NaN	5.7757
848166514911	NaN	NaN	1258.66	813.96	NaN	5.7862
848166523245	NaN	NaN	1263.55	810.86	NaN	5.7941
848166531586	NaN	NaN	1260.97	812.08	NaN	5.8072
848166539920	NaN	NaN	1262.40	812.02	NaN	5.7980
848166548253	NaN	NaN	1259.91	814.49	NaN	5.7806
848166556586	NaN	NaN	1253.63	815.86	NaN	5.7749
848166564920	NaN	NaN	1261.58	813.20	NaN	5.7769
848166573253	NaN	NaN	1253.76	817.65	NaN	5.7943
848166581586	NaN	NaN	1260.19	814.26	NaN	5.7779
848166589919	NaN	NaN	1256.50	816.78	NaN	5.7752
848166598259	NaN	NaN	1264.66	810.77	NaN	5.7791
848166606592	NaN	NaN	1267.67	814.00	NaN	5.7775
848166614926	NaN	NaN	1261.79	808.23	NaN	5.7811
848166623259	NaN	NaN	1262.22	810.16	NaN	5.7855
848166631592	NaN	NaN	1271.04	813.54	NaN	5.7793
848166639917	NaN	NaN	1260.72	809.50	NaN	5.7812
848166648250	NaN	NaN	1265.64	814.59	NaN	5.7722
848166656584	NaN	NaN	1260.12	815.54	NaN	5.7785
848166664926	NaN	NaN	1255.58	817.51	NaN	5.7894
848166673249	NaN	NaN	1260.85	814.33	NaN	5.7892
848166681583	NaN	NaN	1268.76	812.28	NaN	5.7783
848166689916	NaN	NaN	1266.41	814.21	NaN	5.7826
848166698249	NaN	NaN	1257.78	816.46	NaN	5.7774
848166706591	NaN	NaN	1260.61	812.48	NaN	5.7766
848166714916	NaN	NaN	1256.16	812.82	NaN	5.7847
848166723249	NaN	NaN	1264.57	814.31	NaN	5.7851
848166731586	NaN	NaN	1267.35	819.72	NaN	5.7822
848166739919	NaN	NaN	1264.56	816.12	NaN	5.7831
848166748251	NaN	NaN	1260.98	810.85	NaN	5.7926
848166756585	NaN	NaN	1270.82	812.75	NaN	5.7777
848166764918	NaN	NaN	1265.32	812.46	NaN	5.7731
848166773252	NaN	NaN	1258.16	815.90	NaN	5.7878
848166781585	NaN	NaN	1261.85	816.92	NaN	5.7834
848166789918	NaN	NaN	1261.86	820.33	NaN	5.7751
848166798251	NaN	NaN	1256.78	813.41	NaN	5.7932
848166806585	NaN	NaN	1259.90	804.96	NaN	5.7780
848166814918	NaN	NaN	1257.11	820.42	NaN	5.7707
848166823252	NaN	NaN	1252.13	822.98	NaN	5.7894
848166831585	NaN	NaN	1259.30	815.64	NaN	5.7832
848166839917	NaN	NaN	1261.81	811.65	NaN	5.7730
848166848250	NaN	NaN	1263.77	810.93	NaN	5.7813
848166856588	NaN	NaN	1250.89	819.33	NaN	5.7979
848166864921	NaN	NaN	1252.74	815.25	NaN	5.7785
848166873254	NaN	NaN	1253.11	822.09	NaN	5.7844
848166881589	NaN	NaN	1256.07	820.21	NaN	5.7818
848166889922	NaN	NaN	1257.33	818.60	NaN	5.7827
848166898255	NaN	NaN	1261.79	817.19	NaN	5.7925
848166906589	NaN	NaN	1259.18	818.07	NaN	5.7860
848166914921	NaN	NaN	1255.68	814.55	NaN	5.7886
848166923254	NaN	NaN	1256.29	813.72	NaN	5.7885
848166931588	NaN	NaN	1261.41	814.66	NaN	5.7821
848166939921	NaN	NaN	1261.58	807.29	NaN	5.7916
848166948254	NaN	NaN	1264.33	817.83	NaN	5.7811
848166956588	NaN	NaN	1266.92	813.84	NaN	5.7723
848166964921	NaN	NaN	1259.82	815.48	NaN	5.7899
848166973254	NaN	NaN	1266.55	815.76	NaN	5.7764
848166981587	NaN	NaN	1264.04	813.70	NaN	5.7832
848166989927	NaN	NaN	1260.46	812.77	NaN	5.7974
848166998260	NaN	NaN	1265.30	814.37	NaN	5.7817
848167006594	NaN	NaN	1265.82	811.02	NaN	5.7838
848167014927	NaN	NaN	1259.22	816.03	NaN	5.7866
848167023260	NaN	NaN	1263.29	817.59	NaN	5.7726
848167031594	NaN	NaN	1263.19	819.18	NaN	5.7831
848167039927	NaN	NaN	1259.41	814.77	NaN	5.7695
848167048260	NaN	NaN	1261.41	819.27	NaN	5.7854
848167056594	NaN	NaN	1268.43	816.75	NaN	5.7761
848167064927	NaN	NaN	1263.24	821.48	NaN	5.7938
848167073259	NaN	NaN	1263.10	820.43	NaN	5.7726
848167081592	NaN	NaN	1258.99	813.88	NaN	5.7845
848167089926	NaN	NaN	1267.70	814.77	NaN	5.7623
848167098259	NaN	NaN	1259.34	816.29	NaN	5.7960
848167106592	NaN	NaN	1265.08	815.67	NaN	5.7741
848167114926	NaN	NaN	1262.65	811.20	NaN	5.7832
848167123262	NaN	NaN	1259.22	810.13	NaN	5.7761
848167131595	NaN	NaN	1266.61	813.87	NaN	5.7824
848167139929	NaN	NaN	1270.88	813.53	NaN	5.7646
848167148262	NaN	NaN	1260.05	816.75	NaN	5.7697
848167156595	NaN	NaN	1258.27	825.60	NaN	5.7650
848167164928	NaN	NaN	NaN	NaN	NaN	NaN
848167173261	NaN	NaN	1264.19	819.25	NaN	5.7790
848167181594	NaN	NaN	1267.99	816.11	NaN	5.7455
848167189928	NaN	NaN	1261.74	808.00	NaN	5.7456
848167198261	NaN	NaN	1257.02	808.57	NaN	5.7735
848167206595	NaN	NaN	1269.01	813.45	NaN	5.7592
848167214928	NaN	NaN	1262.94	816.50	NaN	5.7499
848167223262	NaN	NaN	1258.52	819.36	NaN	5.7482
848167231594	NaN	NaN	1255.90	827.72	NaN	5.7406
848167239927	NaN	NaN	1263.39	824.30	NaN	5.7424
848167248260	NaN	NaN	1261.30	818.69	NaN	5.7500
848167256598	NaN	NaN	1275.28	814.05	NaN	5.7379
848167264931	NaN	NaN	NaN	NaN	NaN	NaN
848167273264	NaN	NaN	1259.71	816.88	NaN	5.7301
848167281598	NaN	NaN	1260.58	821.31	NaN	5.7210
848167289940	NaN	NaN	1262.27	823.28	NaN	5.7372
848167298273	NaN	NaN	1256.69	818.31	NaN	5.7435
848167306606	NaN	NaN	1258.79	818.04	NaN	5.7449
848167314939	NaN	NaN	1259.57	810.17	NaN	5.7278
848167323272	NaN	NaN	1259.63	814.90	NaN	5.7260
848167331596	NaN	NaN	1267.01	820.25	NaN	5.7175
848167339930	NaN	NaN	1278.46	816.93	NaN	5.7097
848167348263	NaN	NaN	1275.08	817.93	NaN	5.7067
848167356596	NaN	NaN	1267.26	810.58	NaN	5.7063
848167364930	NaN	NaN	1267.88	810.76	NaN	5.7049
848167373263	NaN	NaN	1262.61	808.71	NaN	5.7266
848167381602	NaN	NaN	1265.11	813.64	NaN	5.7105
848167389935	NaN	NaN	1263.38	822.33	NaN	5.7044
848167398267	NaN	NaN	1272.53	819.41	NaN	5.7129
848167406609	NaN	NaN	1274.60	813.50	NaN	5.7037
848167414934	NaN	NaN	1274.70	810.59	NaN	5.6974
848167423267	NaN	NaN	1263.58	822.04	NaN	5.6991
848167431600	NaN	NaN	1260.46	809.60	NaN	5.7112
848167439934	NaN	NaN	1269.05	807.71	NaN	5.7038
848167448267	NaN	NaN	1262.62	810.20	NaN	5.7018
848167456602	NaN	NaN	1267.78	804.83	NaN	5.6909
848167464935	NaN	NaN	1268.65	807.07	NaN	5.7037
848167473267	NaN	NaN	1276.98	807.87	NaN	5.6964
848167481600	NaN	NaN	1277.40	806.77	NaN	5.6910
848167489934	NaN	NaN	1275.30	806.84	NaN	5.6992
848167498266	NaN	NaN	1269.70	807.71	NaN	5.6930
848167506600	NaN	NaN	1262.39	814.88	NaN	5.7004
848167514937	NaN	NaN	1259.67	814.57	NaN	5.6994
848167523270	NaN	NaN	1263.85	818.45	NaN	5.6945
848167531604	NaN	NaN	1262.15	818.05	NaN	5.7045
848167539937	NaN	NaN	1257.12	819.88	NaN	5.7059
848167548270	NaN	NaN	1269.95	808.58	NaN	5.6987
848167556602	NaN	NaN	1273.08	815.12	NaN	5.7065
848167564935	NaN	NaN	1270.40	810.80	NaN	5.7167
848167573270	NaN	NaN	1272.10	809.74	NaN	5.7244
848167581603	NaN	NaN	1269.99	810.54	NaN	5.7254
848167589936	NaN	NaN	1258.23	820.70	NaN	5.7220
848167598270	NaN	NaN	1261.00	820.57	NaN	5.7056
848167606604	NaN	NaN	1262.77	819.92	NaN	5.7095
848167614937	NaN	NaN	1271.77	817.14	NaN	5.7088
848167623270	NaN	NaN	1273.63	817.81	NaN	5.7120
848167631603	NaN	NaN	1264.56	814.37	NaN	5.7220
848167639936	NaN	NaN	1253.89	810.39	NaN	5.7225
848167648276	NaN	NaN	1255.47	810.35	NaN	5.7214
848167656610	NaN	NaN	1259.89	809.85	NaN	5.7309
848167664943	NaN	NaN	1262.28	807.47	NaN	5.7361
848167673276	NaN	NaN	1265.62	811.76	NaN	5.7357
848167681609	NaN	NaN	1262.68	809.30	NaN	5.7198
848167689943	NaN	NaN	1261.24	812.33	NaN	5.7392
848167698276	NaN	NaN	1266.35	816.22	NaN	5.7285
848167706609	NaN	NaN	1262.18	817.78	NaN	5.7298
848167714942	NaN	NaN	1267.27	817.36	NaN	5.7372
848167723275	NaN	NaN	1266.78	816.09	NaN	5.7443
848167731609	NaN	NaN	1262.11	815.73	NaN	5.7385
848167739942	NaN	NaN	1258.90	809.83	NaN	5.7538
848167748275	NaN	NaN	1260.98	813.63	NaN	5.7495
848167756608	NaN	NaN	1264.58	815.32	NaN	5.7502
848167764941	NaN	NaN	1260.85	820.20	NaN	5.7633
848167773275	NaN	NaN	1260.67	817.60	NaN	5.7523
848167781612	NaN	NaN	1261.78	820.23	NaN	5.7618
848167789946	NaN	NaN	1261.82	815.23	NaN	5.7615
848167798278	NaN	NaN	1265.21	816.56	NaN	5.7656
848167806611	NaN	NaN	1264.09	818.30	NaN	5.7611
848167814944	NaN	NaN	1260.65	818.49	NaN	5.7599
848167823278	NaN	NaN	1262.41	815.70	NaN	5.7694
848167831611	NaN	NaN	1259.59	817.11	NaN	5.7818
848167839944	NaN	NaN	1259.69	818.69	NaN	5.7700
848167848278	NaN	NaN	1256.35	822.70	NaN	5.7731
848167856611	NaN	NaN	1253.66	792.86	NaN	5.7925
848167864945	NaN	NaN	1246.02	762.20	NaN	5.7836
848167873278	NaN	NaN	1257.47	748.51	NaN	5.7736
848167881610	NaN	NaN	1250.88	747.00	NaN	5.7901
848167889943	NaN	NaN	1242.48	760.33	NaN	5.8080
848167898277	NaN	NaN	1251.87	758.86	NaN	5.7903
848167906614	NaN	NaN	1251.72	758.12	NaN	5.7957
848167914947	NaN	NaN	NaN	NaN	NaN	NaN
848167923281	NaN	NaN	1250.04	752.99	NaN	5.8091
848167931614	NaN	NaN	1247.48	757.68	NaN	5.7987
848167939947	NaN	NaN	1249.59	755.11	NaN	5.8076
848167948281	NaN	NaN	1251.70	752.19	NaN	5.8045
848167956613	NaN	NaN	1248.72	757.41	NaN	5.8188
848167964946	NaN	NaN	1251.20	751.64	NaN	5.8185
848167973280	NaN	NaN	1241.45	753.95	NaN	5.8207
848167981613	NaN	NaN	1246.99	755.79	NaN	5.8159
848167989947	NaN	NaN	1251.46	759.17	NaN	5.8124
848167998280	NaN	NaN	1245.83	760.34	NaN	5.8103
848168006613	NaN	NaN	1252.01	758.24	NaN	5.8069
848168014946	NaN	NaN	1245.38	764.30	NaN	5.8195
848168023280	NaN	NaN	1247.87	767.01	NaN	5.8194
848168031613	NaN	NaN	1250.49	762.74	NaN	5.8200
848168039949	NaN	NaN	1250.87	763.28	NaN	5.8199
848168048283	NaN	NaN	1249.70	758.20	NaN	5.8123
848168056616	NaN	NaN	1250.91	760.17	NaN	5.8156
848168064949	NaN	NaN	1251.45	762.04	NaN	5.8222
848168073283	NaN	NaN	1255.22	754.00	NaN	5.8090
848168081616	NaN	NaN	1253.70	752.32	NaN	5.8130
848168089949	NaN	NaN	1242.06	753.69	NaN	5.8376
848168098283	NaN	NaN	1252.01	745.77	NaN	5.8242
848168106616	NaN	NaN	1244.74	754.45	NaN	5.8382
848168114950	NaN	NaN	1271.83	748.93	NaN	5.8173
848168123282	NaN	NaN	1265.91	757.32	NaN	5.8331
848168131615	NaN	NaN	1257.13	762.49	NaN	5.8310
848168139949	NaN	NaN	1261.99	757.52	NaN	5.8270
848168148281	NaN	NaN	1265.38	757.12	NaN	5.8259
848168156615	NaN	NaN	1267.81	754.12	NaN	5.8292
848168164949	NaN	NaN	1270.36	757.54	NaN	5.8242
848168173287	NaN	NaN	1259.90	758.50	NaN	5.8217
848168181621	NaN	NaN	1262.87	757.28	NaN	5.8327
848168189954	NaN	NaN	1259.53	759.02	NaN	5.8296
848168198287	NaN	NaN	1253.46	756.17	NaN	5.8481
848168206620	NaN	NaN	1256.63	757.21	NaN	5.8301
848168214953	NaN	NaN	1261.32	765.15	NaN	5.8373
848168223287	NaN	NaN	1260.71	764.60	NaN	5.8412
848168231620	NaN	NaN	1255.94	769.93	NaN	5.8506
848168239954	NaN	NaN	1267.04	763.65	NaN	5.8338
848168248287	NaN	NaN	1265.00	766.89	NaN	5.8329
848168256620	NaN	NaN	1267.45	764.57	NaN	5.8409
848168264954	NaN	NaN	1270.59	760.93	NaN	5.8378
848168273286	NaN	NaN	1262.17	760.62	NaN	5.8356
848168281619	NaN	NaN	1264.18	758.16	NaN	5.8328
848168289952	NaN	NaN	1253.84	755.73	NaN	5.8585
848168298285	NaN	NaN	1263.80	754.64	NaN	5.8396
848168306623	NaN	NaN	1261.49	757.42	NaN	5.8559
848168314956	NaN	NaN	1263.35	766.35	NaN	5.8400
848168323289	NaN	NaN	1269.27	764.58	NaN	5.8477
848168331623	NaN	NaN	1267.65	769.41	NaN	5.8390
848168339956	NaN	NaN	1256.42	783.45	NaN	5.8421
848168348289	NaN	NaN	1254.35	792.30	NaN	5.8480
848168356623	NaN	NaN	1257.14	794.31	NaN	5.8514
848168364955	NaN	NaN	1255.81	790.30	NaN	5.8663
848168373289	NaN	NaN	1258.23	786.82	NaN	5.8431
848168381622	NaN	NaN	1254.48	788.07	NaN	5.8547
848168389955	NaN	NaN	1259.45	794.42	NaN	5.8479
848168398288	NaN	NaN	1260.77	798.24	NaN	5.8425
848168406622	NaN	NaN	1261.83	797.68	NaN	5.8408
848168414955	NaN	NaN	1260.10	786.47	NaN	5.8576
848168423288	NaN	NaN	1261.46	788.67	NaN	5.8583
848168431627	NaN	NaN	1265.43	794.62	NaN	5.8563
848168439960	NaN	NaN	1256.87	798.73	NaN	5.8603
848168448292	NaN	NaN	1261.02	799.09	NaN	5.8551
848168456626	NaN	NaN	1250.88	799.77	NaN	5.8626
848168464959	NaN	NaN	1255.43	793.20	NaN	5.8725
848168473292	NaN	NaN	1253.77	795.63	NaN	5.8598
848168481626	NaN	NaN	1256.61	796.38	NaN	5.8531
848168489959	NaN	NaN	1254.54	796.78	NaN	5.8604
848168498293	NaN	NaN	1252.93	799.88	NaN	5.8534
848168506626	NaN	NaN	1254.23	798.79	NaN	5.8451
848168514959	NaN	NaN	1253.54	799.81	NaN	5.8486
848168523291	NaN	NaN	1255.26	804.45	NaN	5.8505
848168531625	NaN	NaN	1257.81	799.44	NaN	5.8486
848168539958	NaN	NaN	1260.89	799.46	NaN	5.8469
848168548291	NaN	NaN	1255.70	800.21	NaN	5.8551
848168556624	NaN	NaN	1259.97	802.90	NaN	5.8576
848168564965	NaN	NaN	1257.59	799.74	NaN	5.8554
848168573298	NaN	NaN	1263.19	797.23	NaN	5.8579
848168581632	NaN	NaN	1263.57	795.29	NaN	5.8559
848168589965	NaN	NaN	1265.02	789.52	NaN	5.8531
848168598298	NaN	NaN	1258.31	786.17	NaN	5.8570
848168606631	NaN	NaN	1269.51	789.31	NaN	5.8542
848168614964	NaN	NaN	1277.49	794.74	NaN	5.8522
848168623298	NaN	NaN	1269.43	799.92	NaN	5.8542
848168631630	NaN	NaN	1262.46	799.62	NaN	5.8576
848168639964	NaN	NaN	1262.91	806.01	NaN	5.8674
848168648297	NaN	NaN	1261.39	805.25	NaN	5.8560
848168656630	NaN	NaN	1263.58	811.15	NaN	5.8565
848168664964	NaN	NaN	1259.81	809.66	NaN	5.8549
848168673297	NaN	NaN	1260.65	801.44	NaN	5.8505
848168681630	NaN	NaN	1266.64	803.64	NaN	5.8490
848168689963	NaN	NaN	1259.14	800.60	NaN	5.8581
848168698299	NaN	NaN	1266.10	804.88	NaN	5.8499
848168706633	NaN	NaN	1266.87	800.01	NaN	5.8651
848168714966	NaN	NaN	1262.94	804.71	NaN	5.8558
848168723299	NaN	NaN	1262.02	806.40	NaN	5.8485
848168731633	NaN	NaN	1267.18	801.71	NaN	5.8523
848168739966	NaN	NaN	1261.20	805.08	NaN	5.8453
848168748300	NaN	NaN	1266.80	800.06	NaN	5.8529
848168756633	NaN	NaN	1261.43	798.40	NaN	5.8517
848168764965	NaN	NaN	1266.68	802.29	NaN	5.8607
848168773298	NaN	NaN	1265.71	797.73	NaN	5.8587
848168781631	NaN	NaN	1267.58	798.93	NaN	5.8569
848168789965	NaN	NaN	1267.09	800.27	NaN	5.8530
848168798298	NaN	NaN	1260.53	804.57	NaN	5.8394
848168806631	NaN	NaN	1260.25	807.30	NaN	5.8461
848168814965	NaN	NaN	1263.25	808.72	NaN	5.8407
848168823300	NaN	NaN	1259.85	811.00	NaN	5.8553
848168831634	NaN	NaN	1266.69	810.51	NaN	5.8534
848168839967	NaN	NaN	1263.04	810.73	NaN	5.8409
848168848299	NaN	NaN	1258.03	813.17	NaN	5.8447
848168856632	NaN	NaN	1264.76	807.86	NaN	5.8503
848168864966	NaN	NaN	1256.07	808.31	NaN	5.8520
848168873300	NaN	NaN	1256.56	821.43	NaN	5.8508
848168881632	NaN	NaN	1262.66	825.82	NaN	5.8420
848168889966	NaN	NaN	1256.97	818.92	NaN	5.8425
848168898299	NaN	NaN	1259.64	815.71	NaN	5.8448
848168906632	NaN	NaN	1261.11	814.00	NaN	5.8386
848168914966	NaN	NaN	1259.57	823.85	NaN	5.8484
848168923299	NaN	NaN	1263.06	822.74	NaN	5.8410
848168931631	NaN	NaN	1262.13	824.73	NaN	5.8265
848168939965	NaN	NaN	1262.13	826.16	NaN	5.8350
848168948298	NaN	NaN	1260.21	826.68	NaN	5.8293
848168956639	NaN	NaN	1258.27	826.39	NaN	5.8366
848168964973	NaN	NaN	1259.60	827.66	NaN	5.8410
848168973306	NaN	NaN	1260.82	825.12	NaN	5.8276
848168981639	NaN	NaN	1259.47	823.24	NaN	5.8362
848168989973	NaN	NaN	1262.88	819.13	NaN	5.8240
848168998306	NaN	NaN	1263.30	816.95	NaN	5.8387
848169006638	NaN	NaN	1264.72	813.52	NaN	5.8427
848169014972	NaN	NaN	1264.51	813.65	NaN	5.8304
848169023305	NaN	NaN	1266.23	816.15	NaN	5.8354
848169031638	NaN	NaN	1262.80	817.86	NaN	5.8197
848169039972	NaN	NaN	1264.63	811.08	NaN	5.8271
848169048305	NaN	NaN	1268.45	809.28	NaN	5.8297
848169056638	NaN	NaN	1260.24	818.47	NaN	5.8335
848169064972	NaN	NaN	1263.01	813.22	NaN	5.8302
848169073305	NaN	NaN	1266.73	818.21	NaN	5.8329
848169081638	NaN	NaN	1261.00	816.34	NaN	5.8174
848169089975	NaN	NaN	1262.11	822.39	NaN	5.8314
848169098308	NaN	NaN	1260.96	819.79	NaN	5.8257
848169106641	NaN	NaN	1265.24	820.83	NaN	5.8224
848169114974	NaN	NaN	1268.96	812.70	NaN	5.8119
848169123308	NaN	NaN	1265.06	814.17	NaN	5.8134
848169131641	NaN	NaN	1264.83	812.52	NaN	5.8174
848169139975	NaN	NaN	1270.42	815.35	NaN	5.8103
848169148308	NaN	NaN	1263.43	819.70	NaN	5.8071
848169156641	NaN	NaN	1265.77	824.13	NaN	5.7993
848169164975	NaN	NaN	1259.92	827.55	NaN	5.8058
848169173307	NaN	NaN	1261.52	824.09	NaN	5.7912
848169181640	NaN	NaN	1264.91	823.42	NaN	5.7931
848169189973	NaN	NaN	1261.21	824.06	NaN	5.7856
848169198307	NaN	NaN	1265.53	825.58	NaN	5.7844
848169206640	NaN	NaN	1267.66	815.02	NaN	5.7958
848169214974	NaN	NaN	1261.82	816.22	NaN	5.7929
848169223312	NaN	NaN	1265.39	812.96	NaN	5.8016
848169231645	NaN	NaN	1264.79	783.79	NaN	5.7982
848169239978	NaN	NaN	1262.28	768.76	NaN	5.7852
848169248311	NaN	NaN	1264.47	741.19	NaN	5.7784
848169256644	NaN	NaN	1257.48	736.22	NaN	5.7858
848169264977	NaN	NaN	1264.39	729.10	NaN	5.7931
848169273311	NaN	NaN	1259.21	739.45	NaN	5.7778
848169281644	NaN	NaN	1252.67	735.03	NaN	5.8052
848169289977	NaN	NaN	1257.88	733.71	NaN	5.7896
848169298311	NaN	NaN	1259.15	734.86	NaN	5.7799
848169306644	NaN	NaN	1253.40	742.00	NaN	5.7941
848169314977	NaN	NaN	1263.14	733.73	NaN	5.7826
848169323311	NaN	NaN	1260.50	732.13	NaN	5.7699
848169331643	NaN	NaN	1272.10	726.90	NaN	5.7528
848169339976	NaN	NaN	1263.67	736.10	NaN	5.7771
848169348315	NaN	NaN	1264.00	737.64	NaN	5.7805
848169356648	NaN	NaN	1269.43	731.12	NaN	5.7623
848169364981	NaN	NaN	1272.73	732.19	NaN	5.7787
848169373315	NaN	NaN	1270.49	731.27	NaN	5.7623
848169381648	NaN	NaN	1272.52	737.95	NaN	5.7663
848169389981	NaN	NaN	1268.14	735.43	NaN	5.7572
848169398315	NaN	NaN	1264.29	736.66	NaN	5.7671
848169406648	NaN	NaN	1272.22	732.07	NaN	5.7417
848169414981	NaN	NaN	1270.11	737.69	NaN	5.7581
848169423314	NaN	NaN	1278.46	741.91	NaN	5.7214
848169431647	NaN	NaN	1273.22	742.19	NaN	5.7362
848169439981	NaN	NaN	1267.47	746.30	NaN	5.7482
848169448314	NaN	NaN	1262.93	744.14	NaN	5.7581
848169456648	NaN	NaN	1266.15	744.40	NaN	5.7523
848169464980	NaN	NaN	1265.76	739.76	NaN	5.7260
848169473314	NaN	NaN	1257.11	747.07	NaN	5.7522
848169481653	NaN	NaN	1261.54	745.67	NaN	5.7467
848169489985	NaN	NaN	1259.06	741.31	NaN	5.7422
848169498319	NaN	NaN	1257.78	730.56	NaN	5.7256
848169506652	NaN	NaN	1263.76	728.28	NaN	5.6948
848169514985	NaN	NaN	1258.88	732.36	NaN	5.7217
848169523319	NaN	NaN	1253.01	736.08	NaN	5.7416
848169531652	NaN	NaN	1259.79	727.27	NaN	5.7193
848169539986	NaN	NaN	1265.59	722.60	NaN	5.6964
848169548319	NaN	NaN	1253.33	729.10	NaN	5.7160
848169556652	NaN	NaN	1251.81	721.93	NaN	5.7032
848169564986	NaN	NaN	1246.74	730.73	NaN	5.7081
848169573318	NaN	NaN	1244.75	734.77	NaN	5.7207
848169581651	NaN	NaN	1247.27	732.19	NaN	5.7079
848169589984	NaN	NaN	1253.14	724.46	NaN	5.6833
848169598318	NaN	NaN	1248.32	723.93	NaN	5.7038
848169606651	NaN	NaN	1251.67	723.35	NaN	5.6842
848169614988	NaN	NaN	1256.68	718.72	NaN	5.6793
848169623321	NaN	NaN	1251.70	722.15	NaN	5.6880
848169631654	NaN	NaN	1255.69	716.65	NaN	5.6773
848169639987	NaN	NaN	1249.38	720.77	NaN	5.6922
848169648321	NaN	NaN	1247.34	727.86	NaN	5.6924
848169656653	NaN	NaN	1255.49	721.90	NaN	5.6633
848169664986	NaN	NaN	1256.96	727.62	NaN	5.6665
848169673320	NaN	NaN	1255.33	729.87	NaN	5.6643
848169681653	NaN	NaN	1255.64	731.35	NaN	5.6699
848169689986	NaN	NaN	1250.53	737.85	NaN	5.6782
848169698320	NaN	NaN	1255.96	739.42	NaN	5.6796
848169706653	NaN	NaN	1255.55	732.73	NaN	5.6542
848169714987	NaN	NaN	1262.34	730.83	NaN	5.6552
848169723320	NaN	NaN	1258.84	731.02	NaN	5.6639
848169731652	NaN	NaN	1257.07	734.23	NaN	5.6499
848169739985	NaN	NaN	1264.13	724.58	NaN	5.6431
848169748324	NaN	NaN	1250.57	734.38	NaN	5.6660
848169756657	NaN	NaN	1249.44	725.05	NaN	5.6563
848169764991	NaN	NaN	1256.64	720.26	NaN	5.6603
848169773324	NaN	NaN	1261.28	719.61	NaN	5.6605
848169781657	NaN	NaN	1262.54	717.41	NaN	5.6568
848169789991	NaN	NaN	1248.99	731.23	NaN	5.6895
848169798323	NaN	NaN	1281.65	749.60	NaN	5.6552
848169806657	NaN	NaN	1309.90	772.57	NaN	5.6666
848169814991	NaN	NaN	1312.74	770.50	NaN	5.6546
848169823323	NaN	NaN	1323.91	761.19	NaN	5.6420
848169831657	NaN	NaN	1312.15	758.19	NaN	5.6388
848169839990	NaN	NaN	1307.86	761.31	NaN	5.6591
848169848324	NaN	NaN	1306.40	756.75	NaN	5.6479
848169856657	NaN	NaN	1311.51	758.01	NaN	5.6417
848169864990	NaN	NaN	1310.43	761.32	NaN	5.6401
848169873330	NaN	NaN	1312.19	761.55	NaN	5.6320
848169881663	NaN	NaN	1304.35	761.88	NaN	5.6566
848169889997	NaN	NaN	1308.98	763.02	NaN	5.6365
848169898330	NaN	NaN	1302.07	765.92	NaN	5.6573
848169906663	NaN	NaN	1310.15	763.94	NaN	5.6375
848169914996	NaN	NaN	1314.94	755.90	NaN	5.6389
848169923329	NaN	NaN	1304.75	761.24	NaN	5.6605
848169931663	NaN	NaN	1314.82	752.75	NaN	5.6377
848169939997	NaN	NaN	1311.48	749.57	NaN	5.6350
848169948329	NaN	NaN	1305.81	758.00	NaN	5.6454
848169956662	NaN	NaN	1309.96	759.39	NaN	5.6328
848169964995	NaN	NaN	1305.45	761.30	NaN	5.6371
848169973329	NaN	NaN	1305.63	764.99	NaN	5.6431
848169981662	NaN	NaN	1305.30	767.40	NaN	5.6442
848169989995	NaN	NaN	1313.10	765.42	NaN	5.6111
848169998329	NaN	NaN	1313.20	765.88	NaN	5.6363
848170006664	NaN	NaN	1305.26	767.28	NaN	5.6405
848170014997	NaN	NaN	1304.60	768.25	NaN	5.6308
848170023331	NaN	NaN	1310.23	767.24	NaN	5.6360
848170031663	NaN	NaN	1307.94	756.35	NaN	5.6256
848170039996	NaN	NaN	1314.39	753.92	NaN	5.6250
848170048329	NaN	NaN	1314.37	755.83	NaN	5.6236
848170056663	NaN	NaN	1313.98	758.84	NaN	5.6375
848170064997	NaN	NaN	1318.33	753.33	NaN	5.6245
848170073329	NaN	NaN	1315.91	750.94	NaN	5.6229
848170081663	NaN	NaN	1313.88	760.96	NaN	5.6211
848170089996	NaN	NaN	1322.86	767.27	NaN	5.6370
848170098330	NaN	NaN	1329.57	762.84	NaN	5.6328
848170106663	NaN	NaN	1319.47	768.81	NaN	5.6315
848170114995	NaN	NaN	1318.01	769.98	NaN	5.6316
848170123329	NaN	NaN	1320.57	768.99	NaN	5.6260
848170131662	NaN	NaN	1319.90	766.11	NaN	5.6307
848170140000	NaN	NaN	1318.22	767.73	NaN	5.6314
848170148334	NaN	NaN	1318.61	775.73	NaN	5.6327
848170156667	NaN	NaN	1330.69	758.18	NaN	5.6210
848170165000	NaN	NaN	1323.04	767.55	NaN	5.6286
848170173333	NaN	NaN	1328.38	759.57	NaN	5.6227
848170181667	NaN	NaN	1320.86	763.34	NaN	5.6287
848170190000	NaN	NaN	1319.09	764.54	NaN	5.6219
848170198332	NaN	NaN	1313.72	774.39	NaN	5.6465
848170206666	NaN	NaN	1329.26	767.66	NaN	5.6281
848170214999	NaN	NaN	1319.89	767.44	NaN	5.6343
848170223333	NaN	NaN	1315.27	774.38	NaN	5.6468
848170231666	NaN	NaN	1324.38	769.79	NaN	5.6208
848170239999	NaN	NaN	1323.67	769.06	NaN	5.6262
848170248333	NaN	NaN	1320.90	772.33	NaN	5.6368
848170256666	NaN	NaN	1320.42	767.94	NaN	5.6337
848170265004	NaN	NaN	1324.51	765.60	NaN	5.6196
848170273338	NaN	NaN	1320.69	764.35	NaN	5.6460
848170281671	NaN	NaN	1327.61	760.39	NaN	5.6222
848170290004	NaN	NaN	1320.29	769.02	NaN	5.6256
848170298336	NaN	NaN	1331.66	762.96	NaN	5.6010
848170306670	NaN	NaN	1322.45	765.84	NaN	5.6416
848170315003	NaN	NaN	1319.66	765.76	NaN	5.6291
848170323336	NaN	NaN	1317.51	767.13	NaN	5.6308
848170331670	NaN	NaN	1326.64	766.48	NaN	5.6275
848170340003	NaN	NaN	1328.38	769.17	NaN	5.6237
848170348337	NaN	NaN	1325.37	772.04	NaN	5.6387
848170356670	NaN	NaN	1326.62	769.50	NaN	5.6366
848170365003	NaN	NaN	1285.62	769.83	NaN	5.6304
848170373337	NaN	NaN	1253.52	765.71	NaN	5.6579
848170381668	NaN	NaN	1263.41	758.62	NaN	5.6387
848170390002	NaN	NaN	1260.87	760.63	NaN	5.6437
848170398341	NaN	NaN	1271.17	757.56	NaN	5.6365
848170406673	NaN	NaN	1273.69	764.22	NaN	5.6385
848170415007	NaN	NaN	1274.25	767.79	NaN	5.6366
848170423340	NaN	NaN	1269.99	761.28	NaN	5.6234
848170431674	NaN	NaN	1270.56	761.09	NaN	5.6245
848170440007	NaN	NaN	1276.27	759.23	NaN	5.6258
848170448340	NaN	NaN	1270.53	761.78	NaN	5.6259
848170456674	NaN	NaN	1275.16	759.39	NaN	5.6361
848170465006	NaN	NaN	1276.34	758.10	NaN	5.6167
848170473339	NaN	NaN	1272.61	761.03	NaN	5.6234
848170481673	NaN	NaN	1264.59	766.58	NaN	5.6424
848170490006	NaN	NaN	1268.85	759.66	NaN	5.6219
848170498340	NaN	NaN	1264.78	763.83	NaN	5.6537
848170506672	NaN	NaN	1269.14	758.74	NaN	5.6319
848170515006	NaN	NaN	1271.70	752.84	NaN	5.6193
848170523340	NaN	NaN	1271.32	759.64	NaN	5.6169
848170531676	NaN	NaN	1267.59	761.46	NaN	5.6280
848170540009	NaN	NaN	1264.62	763.41	NaN	5.6346
848170548342	NaN	NaN	1262.31	761.80	NaN	5.6315
848170556676	NaN	NaN	1259.95	765.46	NaN	5.6333
848170565009	NaN	NaN	1264.32	762.40	NaN	5.6245
848170573342	NaN	NaN	1262.76	758.78	NaN	5.6387
848170581676	NaN	NaN	1263.37	763.17	NaN	5.6351
848170590009	NaN	NaN	1264.26	770.93	NaN	5.6284
848170598342	NaN	NaN	1266.38	768.38	NaN	5.6250
848170606675	NaN	NaN	1269.44	773.23	NaN	5.6191
848170615009	NaN	NaN	1268.31	772.78	NaN	5.6236
848170623342	NaN	NaN	1266.40	770.55	NaN	5.6267
848170631674	NaN	NaN	1260.32	765.86	NaN	5.6225
848170640008	NaN	NaN	1268.10	759.18	NaN	5.6121
848170648341	NaN	NaN	1261.95	764.48	NaN	5.6189
848170656675	NaN	NaN	1263.44	762.94	NaN	5.6113
848170665013	NaN	NaN	1255.28	769.76	NaN	5.6322
848170673346	NaN	NaN	1251.75	774.25	NaN	5.6435
848170681680	NaN	NaN	1255.73	766.21	NaN	5.6137
848170690013	NaN	NaN	1262.38	765.00	NaN	5.6004
848170698346	NaN	NaN	1259.51	759.58	NaN	5.6237
848170706679	NaN	NaN	1251.25	762.01	NaN	5.6226
848170715012	NaN	NaN	1260.07	764.40	NaN	5.6186
848170723345	NaN	NaN	1257.13	760.41	NaN	5.6207
848170731679	NaN	NaN	1260.79	765.60	NaN	5.6181
848170740012	NaN	NaN	1265.63	762.79	NaN	5.6118
848170748345	NaN	NaN	1256.98	765.97	NaN	5.6294
848170756678	NaN	NaN	1261.01	759.44	NaN	5.6239
848170765012	NaN	NaN	1261.08	761.23	NaN	5.6162
848170773345	NaN	NaN	1255.78	758.01	NaN	5.6140
848170781678	NaN	NaN	1261.49	761.27	NaN	5.6094
848170790015	NaN	NaN	1254.76	761.76	NaN	5.6191
848170798348	NaN	NaN	1261.45	761.83	NaN	5.6042
848170806682	NaN	NaN	1261.29	771.17	NaN	5.6041
848170815015	NaN	NaN	1260.91	776.66	NaN	5.6196
848170823348	NaN	NaN	1283.05	773.80	NaN	5.6108
848170831682	NaN	NaN	1291.11	772.37	NaN	5.6223
848170840014	NaN	NaN	1304.97	766.38	NaN	5.6186
848170848348	NaN	NaN	1295.40	769.34	NaN	5.6381
848170856682	NaN	NaN	1296.37	765.59	NaN	5.6121
848170865014	NaN	NaN	1296.01	755.26	NaN	5.6102
848170873347	NaN	NaN	1293.92	758.63	NaN	5.6112
848170881680	NaN	NaN	1290.80	758.60	NaN	5.6299
848170890014	NaN	NaN	1298.13	755.65	NaN	5.6077
848170898347	NaN	NaN	1294.85	751.69	NaN	5.6202
848170906680	NaN	NaN	1300.35	755.38	NaN	5.6218
848170915014	NaN	NaN	1288.38	756.70	NaN	5.6406
848170923352	NaN	NaN	1299.74	756.78	NaN	5.6066
848170931686	NaN	NaN	1286.82	781.26	NaN	5.6497
848170940019	NaN	NaN	1298.99	767.92	NaN	5.6222
848170948351	NaN	NaN	1303.75	768.61	NaN	5.6188
848170956685	NaN	NaN	1299.64	774.18	NaN	5.6238
848170965017	NaN	NaN	1302.41	772.84	NaN	5.6290
848170973351	NaN	NaN	1299.16	769.72	NaN	5.6199
848170981685	NaN	NaN	1298.33	774.23	NaN	5.6249
848170990017	NaN	NaN	1294.36	778.62	NaN	5.6366
848170998351	NaN	NaN	1311.99	756.83	NaN	5.6194
848171006684	NaN	NaN	1303.77	755.55	NaN	5.6156
848171015018	NaN	NaN	1317.37	772.32	NaN	5.6561
848171023350	NaN	NaN	1332.68	761.75	NaN	5.6091
848171031683	NaN	NaN	1322.95	764.02	NaN	5.6250
848171040017	NaN	NaN	1316.36	771.02	NaN	5.6286
848171048351	NaN	NaN	1321.53	764.98	NaN	5.6437
848171056690	NaN	NaN	1319.89	765.70	NaN	5.6261
848171065023	NaN	NaN	1319.04	762.52	NaN	5.6285
848171073356	NaN	NaN	1316.45	763.78	NaN	5.6363
848171081690	NaN	NaN	1323.80	764.28	NaN	5.6275
848171090021	NaN	NaN	1324.96	760.28	NaN	5.6149
848171098355	NaN	NaN	1319.17	765.93	NaN	5.6321
848171106689	NaN	NaN	1303.89	775.85	NaN	5.6661
848171115021	NaN	NaN	1316.80	763.64	NaN	5.6398
848171123355	NaN	NaN	1327.86	756.74	NaN	5.6172
848171131688	NaN	NaN	1324.83	763.54	NaN	5.6289
848171140022	NaN	NaN	1316.47	775.05	NaN	5.6472
848171148355	NaN	NaN	1324.31	769.93	NaN	5.6322
848171156688	NaN	NaN	1324.29	767.19	NaN	5.6341
848171165022	NaN	NaN	1317.46	775.63	NaN	5.6432
848171173354	NaN	NaN	1323.75	768.01	NaN	5.6358
848171181692	NaN	NaN	1319.78	770.68	NaN	5.6432
848171190025	NaN	NaN	1322.22	767.82	NaN	5.6402
848171198358	NaN	NaN	1315.04	772.84	NaN	5.6551
848171206691	NaN	NaN	1323.00	768.99	NaN	5.6509
848171215024	NaN	NaN	1320.44	767.87	NaN	5.6527
848171223358	NaN	NaN	1325.23	765.44	NaN	5.6395
848171231691	NaN	NaN	1322.90	763.73	NaN	5.6451
848171240024	NaN	NaN	1328.16	763.79	NaN	5.6398
848171248358	NaN	NaN	1317.04	769.85	NaN	5.6572
848171256690	NaN	NaN	1281.82	760.98	NaN	5.6510
848171265024	NaN	NaN	1257.99	767.93	NaN	5.6556
848171273357	NaN	NaN	1257.85	756.84	NaN	5.6552
848171281690	NaN	NaN	1256.69	761.07	NaN	5.6521
848171290024	NaN	NaN	1262.18	761.70	NaN	5.6626
848171298356	NaN	NaN	1265.89	764.23	NaN	5.6479
848171306690	NaN	NaN	1262.22	762.11	NaN	5.6516
848171315045	NaN	NaN	1267.51	758.71	NaN	5.6452
848171323377	NaN	NaN	1260.61	759.93	NaN	5.6644
848171331710	NaN	NaN	1263.67	759.42	NaN	5.6596
848171340043	NaN	NaN	1268.88	746.52	NaN	5.6443
848171348377	NaN	NaN	1268.40	748.16	NaN	5.6513
848171356710	NaN	NaN	1262.77	756.46	NaN	5.6586
848171365043	NaN	NaN	1263.93	752.68	NaN	5.6499
848171373377	NaN	NaN	1266.40	752.54	NaN	5.6458
848171381710	NaN	NaN	1264.21	755.92	NaN	5.6440
848171390044	NaN	NaN	1266.16	766.06	NaN	5.6379
848171398377	NaN	NaN	1266.71	761.91	NaN	5.6425
848171406710	NaN	NaN	1269.03	767.59	NaN	5.6488
848171415043	NaN	NaN	1271.00	764.19	NaN	5.6506
848171423375	NaN	NaN	1267.41	765.75	NaN	5.6494
848171431709	NaN	NaN	1273.72	765.56	NaN	5.6376
848171440043	NaN	NaN	1268.20	760.26	NaN	5.6437
848171448361	NaN	NaN	1269.72	762.47	NaN	5.6494
848171456695	NaN	NaN	1270.63	763.65	NaN	5.6524
848171465028	NaN	NaN	1269.29	764.71	NaN	5.6480
848171473362	NaN	NaN	1265.22	767.20	NaN	5.6487
848171481695	NaN	NaN	1273.16	760.72	NaN	5.6336
848171490028	NaN	NaN	1269.49	758.86	NaN	5.6442
848171498361	NaN	NaN	1263.49	774.91	NaN	5.6752
848171506694	NaN	NaN	1265.11	797.96	NaN	5.6686
848171515027	NaN	NaN	1265.76	809.97	NaN	5.6584
848171523361	NaN	NaN	1269.07	807.89	NaN	5.6688
848171531694	NaN	NaN	1264.44	808.15	NaN	5.6594
848171540028	NaN	NaN	1265.75	803.87	NaN	5.6549
848171548360	NaN	NaN	1262.32	815.37	NaN	5.6637
848171556694	NaN	NaN	1265.86	817.04	NaN	5.6493
848171565027	NaN	NaN	1263.09	809.58	NaN	5.6616
848171573360	NaN	NaN	1271.08	809.30	NaN	5.6550
848171581701	NaN	NaN	1270.34	813.37	NaN	5.6574
848171590034	NaN	NaN	1266.21	815.07	NaN	5.6620
848171598368	NaN	NaN	1262.25	813.29	NaN	5.6668
848171606701	NaN	NaN	1265.13	812.53	NaN	5.6677
848171615034	NaN	NaN	1270.21	814.26	NaN	5.6670
848171623368	NaN	NaN	1274.54	809.71	NaN	5.6551
848171631701	NaN	NaN	1265.87	816.41	NaN	5.6620
848171640034	NaN	NaN	1271.88	812.89	NaN	5.6629
848171648368	NaN	NaN	1274.82	816.36	NaN	5.6606
848171656700	NaN	NaN	1271.20	816.26	NaN	5.6609
848171665033	NaN	NaN	1268.01	819.71	NaN	5.6700
848171673366	NaN	NaN	1268.74	809.63	NaN	5.6534
848171681700	NaN	NaN	1277.07	809.94	NaN	5.6575
848171690033	NaN	NaN	1273.19	806.97	NaN	5.6335
848171698366	NaN	NaN	1269.40	806.41	NaN	5.6582
848171706700	NaN	NaN	1268.24	803.14	NaN	5.6538
848171715037	NaN	NaN	1269.54	804.53	NaN	5.6534
848171723371	NaN	NaN	1272.03	805.79	NaN	5.6469
848171731704	NaN	NaN	1274.20	806.47	NaN	5.6390
848171740036	NaN	NaN	1269.04	808.68	NaN	5.6665
848171748370	NaN	NaN	1273.89	806.26	NaN	5.6550
848171756702	NaN	NaN	1280.88	805.24	NaN	5.6334
848171765036	NaN	NaN	1270.27	807.72	NaN	5.6440
848171773370	NaN	NaN	1273.32	806.50	NaN	5.6385
848171781703	NaN	NaN	1270.49	807.00	NaN	5.6414
848171790036	NaN	NaN	1271.40	807.30	NaN	5.6341
848171798369	NaN	NaN	1267.66	808.33	NaN	5.6523
848171806703	NaN	NaN	1269.46	808.93	NaN	5.6477
848171815036	NaN	NaN	1291.14	814.73	NaN	5.6283
848171823369	NaN	NaN	1281.12	807.26	NaN	5.6246
848171831702	NaN	NaN	1285.62	797.43	NaN	5.6190
848171840041	NaN	NaN	1283.07	805.76	NaN	5.6207
848171848374	NaN	NaN	1276.28	810.60	NaN	5.6221
848171856708	NaN	NaN	1285.63	813.85	NaN	5.6223
848171865041	NaN	NaN	1281.00	815.73	NaN	5.6094
848171873375	NaN	NaN	1280.67	818.84	NaN	5.6226
848171881708	NaN	NaN	1281.93	818.23	NaN	5.6138
848171890041	NaN	NaN	1281.25	817.15	NaN	5.6072
848171898375	NaN	NaN	1280.88	820.30	NaN	5.6129
848171906708	NaN	NaN	1279.40	819.89	NaN	5.6141
848171915040	NaN	NaN	1281.02	814.38	NaN	5.6113
848171923373	NaN	NaN	1281.30	818.25	NaN	5.6124
848171931706	NaN	NaN	1284.03	813.29	NaN	5.6292
848171940040	NaN	NaN	1283.47	807.74	NaN	5.6247
848171948374	NaN	NaN	1286.90	815.74	NaN	5.6209
848171956707	NaN	NaN	1290.69	803.20	NaN	5.6013
848171965040	NaN	NaN	1281.98	809.11	NaN	5.6136
848171973378	NaN	NaN	1280.61	808.14	NaN	5.6127
848171981712	NaN	NaN	1283.90	804.45	NaN	5.6001
848171990044	NaN	NaN	1286.64	805.55	NaN	5.6050
848171998378	NaN	NaN	1279.45	808.30	NaN	5.6177
848172006710	NaN	NaN	1282.04	809.96	NaN	5.6141
848172015044	NaN	NaN	1284.60	809.73	NaN	5.6122
848172023377	NaN	NaN	1263.19	814.87	NaN	5.6151
848172031711	NaN	NaN	1275.48	814.36	NaN	5.5943
848172040044	NaN	NaN	1275.91	817.70	NaN	5.6072
848172048377	NaN	NaN	1279.43	816.20	NaN	5.6065
848172056711	NaN	NaN	1273.12	821.34	NaN	5.6113
848172065044	NaN	NaN	1279.39	819.02	NaN	5.6084
848172073376	NaN	NaN	1272.71	821.34	NaN	5.6263
848172081710	NaN	NaN	1283.31	821.14	NaN	5.5944
848172090043	NaN	NaN	1274.27	818.62	NaN	5.6236
848172098376	NaN	NaN	1278.35	821.38	NaN	5.6096
848172106714	NaN	NaN	1283.47	816.96	NaN	5.5920
848172115047	NaN	NaN	1275.83	816.76	NaN	5.6047
848172123380	NaN	NaN	1277.03	815.39	NaN	5.6038
848172131713	NaN	NaN	1271.07	821.42	NaN	5.6173
848172140047	NaN	NaN	1272.84	816.20	NaN	5.6047
848172148380	NaN	NaN	1276.53	817.86	NaN	5.5902
848172156713	NaN	NaN	1273.75	817.84	NaN	5.6173
848172165046	NaN	NaN	1266.23	821.41	NaN	5.6141
848172173379	NaN	NaN	1271.96	811.31	NaN	5.6094
848172181713	NaN	NaN	1272.90	812.79	NaN	5.5981
848172190046	NaN	NaN	1268.63	814.33	NaN	5.6048
848172198379	NaN	NaN	1276.75	812.00	NaN	5.6056
848172206713	NaN	NaN	1270.78	813.97	NaN	5.6104
848172215046	NaN	NaN	1278.87	811.22	NaN	5.6098
848172223380	NaN	NaN	1274.25	816.34	NaN	5.6111
848172231717	NaN	NaN	1276.35	812.57	NaN	5.6120
848172240050	NaN	NaN	1267.25	814.65	NaN	5.6155
848172248383	NaN	NaN	1275.33	822.35	NaN	5.6178
848172256716	NaN	NaN	1277.19	814.95	NaN	5.6070
848172265050	NaN	NaN	1282.18	813.83	NaN	5.6089
848172273383	NaN	NaN	1278.69	812.39	NaN	5.6164
848172281717	NaN	NaN	1270.78	817.49	NaN	5.6140
848172290050	NaN	NaN	1272.42	810.35	NaN	5.6237
848172298384	NaN	NaN	1278.70	807.82	NaN	5.6149
848172306717	NaN	NaN	1274.88	809.36	NaN	5.6230
848172315050	NaN	NaN	1270.15	812.87	NaN	5.6238
848172323383	NaN	NaN	1279.81	809.73	NaN	5.6182
848172331717	NaN	NaN	1277.57	813.72	NaN	5.6159
848172340050	NaN	NaN	1263.31	814.23	NaN	5.6380
848172348383	NaN	NaN	1274.95	817.62	NaN	5.6298
848172356717	NaN	NaN	1280.04	815.23	NaN	5.6141
848172365054	NaN	NaN	1273.14	820.59	NaN	5.6312
848172373387	NaN	NaN	1277.90	816.61	NaN	5.6187
848172381720	NaN	NaN	1276.90	819.89	NaN	5.6151
848172390053	NaN	NaN	1277.61	810.46	NaN	5.6175
848172398386	NaN	NaN	1266.30	780.35	NaN	5.6153
848172406720	NaN	NaN	1273.51	740.28	NaN	5.6082
848172415053	NaN	NaN	1278.20	727.77	NaN	5.6220
848172423386	NaN	NaN	1275.72	727.03	NaN	5.6185
848172431720	NaN	NaN	1273.28	726.85	NaN	5.6177
848172440053	NaN	NaN	1275.64	735.94	NaN	5.6254
848172448386	NaN	NaN	1272.16	732.73	NaN	5.6264
848172456720	NaN	NaN	1267.14	737.27	NaN	5.6250
848172465053	NaN	NaN	1271.17	738.73	NaN	5.6214
848172473385	NaN	NaN	1270.14	735.46	NaN	5.6232
848172481719	NaN	NaN	1277.72	728.92	NaN	5.6173
848172490052	NaN	NaN	1282.81	731.63	NaN	5.6115
848172498390	NaN	NaN	1274.62	734.11	NaN	5.6368
848172506724	NaN	NaN	1282.14	727.55	NaN	5.6019
848172515057	NaN	NaN	1277.77	728.87	NaN	5.6114
848172523390	NaN	NaN	1276.85	729.56	NaN	5.6212
848172531724	NaN	NaN	1278.66	730.83	NaN	5.6138
848172540057	NaN	NaN	1283.35	727.07	NaN	5.5995
848172548390	NaN	NaN	1272.32	727.71	NaN	5.6149
848172556723	NaN	NaN	1275.43	732.79	NaN	5.6209
848172565056	NaN	NaN	1274.66	731.48	NaN	5.6088
848172573389	NaN	NaN	1275.66	733.11	NaN	5.6174
848172581723	NaN	NaN	1279.19	736.35	NaN	5.6160
848172590056	NaN	NaN	1279.13	736.98	NaN	5.6130
848172598389	NaN	NaN	1267.91	744.32	NaN	5.6194
848172606723	NaN	NaN	1272.64	747.79	NaN	5.6207
848172615056	NaN	NaN	1273.43	740.75	NaN	5.5987
848172623393	NaN	NaN	1279.03	741.48	NaN	5.6139
848172631726	NaN	NaN	1273.93	742.29	NaN	5.6018
848172640059	NaN	NaN	1271.12	739.17	NaN	5.6114
848172648392	NaN	NaN	1276.43	736.04	NaN	5.5921
848172656726	NaN	NaN	1271.09	737.72	NaN	5.6225
848172665059	NaN	NaN	1279.10	733.61	NaN	5.6045
848172673392	NaN	NaN	1267.81	735.37	NaN	5.6010
848172681725	NaN	NaN	1274.39	737.46	NaN	5.6206
848172690059	NaN	NaN	1274.85	734.03	NaN	5.6108
848172698392	NaN	NaN	1273.45	734.41	NaN	5.6045
848172706725	NaN	NaN	1276.53	741.65	NaN	5.6037
848172715058	NaN	NaN	1276.44	743.62	NaN	5.6001
848172723391	NaN	NaN	1276.67	738.07	NaN	5.6027
848172731724	NaN	NaN	1280.92	741.81	NaN	5.5973
848172740058	NaN	NaN	1273.09	742.63	NaN	5.6010
848172748391	NaN	NaN	1267.88	747.61	NaN	5.6069
848172756730	NaN	NaN	1271.04	738.98	NaN	5.6130
848172765064	NaN	NaN	1269.91	750.93	NaN	5.6001
848172773397	NaN	NaN	1276.13	734.37	NaN	5.6039
848172781731	NaN	NaN	1281.65	735.96	NaN	5.6019
848172790064	NaN	NaN	1278.80	734.75	NaN	5.6071
848172798396	NaN	NaN	1279.10	733.10	NaN	5.5912
848172806729	NaN	NaN	1276.43	732.55	NaN	5.6030
848172815063	NaN	NaN	1275.06	730.72	NaN	5.6036
848172823396	NaN	NaN	1276.45	734.59	NaN	5.6035
848172831729	NaN	NaN	1271.12	738.54	NaN	5.6093
848172840063	NaN	NaN	1277.79	735.43	NaN	5.5945
848172848396	NaN	NaN	1267.64	738.40	NaN	5.6234
848172856729	NaN	NaN	1274.28	741.60	NaN	5.6082
848172865063	NaN	NaN	1275.27	740.45	NaN	5.5991
848172873396	NaN	NaN	1270.73	745.67	NaN	5.6088
848172881728	NaN	NaN	1269.30	739.75	NaN	5.6142
848172890065	NaN	NaN	1279.15	734.39	NaN	5.5950
848172898398	NaN	NaN	1282.49	736.94	NaN	5.5874
848172906731	NaN	NaN	1276.17	738.11	NaN	5.6003
848172915065	NaN	NaN	1271.05	738.23	NaN	5.6146
848172923398	NaN	NaN	1277.81	734.24	NaN	5.5937
848172931731	NaN	NaN	1273.79	772.51	NaN	5.5992
848172940065	NaN	NaN	1272.70	785.96	NaN	5.6080
848172948398	NaN	NaN	1276.98	789.30	NaN	5.6094
848172956731	NaN	NaN	1279.80	786.87	NaN	5.5970
848172965064	NaN	NaN	1283.83	782.92	NaN	5.5947
848172973397	NaN	NaN	1272.90	790.59	NaN	5.6122
848172981730	NaN	NaN	1277.34	792.56	NaN	5.6022
848172990064	NaN	NaN	1276.23	779.43	NaN	5.5980
848172998397	NaN	NaN	1272.85	785.87	NaN	5.6046
848173006730	NaN	NaN	1274.80	783.15	NaN	5.6107
848173015064	NaN	NaN	1274.15	782.73	NaN	5.6109
848173023404	NaN	NaN	1266.51	786.60	NaN	5.6180
848173031737	NaN	NaN	1270.11	779.33	NaN	5.6091
848173040069	NaN	NaN	1270.35	782.10	NaN	5.6172
848173048403	NaN	NaN	1273.61	777.39	NaN	5.6023
848173056736	NaN	NaN	1276.86	776.17	NaN	5.6043
848173065070	NaN	NaN	1272.72	778.18	NaN	5.6159
848173073403	NaN	NaN	1275.54	778.33	NaN	5.6144
848173081736	NaN	NaN	1273.11	780.45	NaN	5.6147
848173090069	NaN	NaN	1272.54	781.46	NaN	5.6083
848173098403	NaN	NaN	1266.64	790.12	NaN	5.6352
848173106736	NaN	NaN	1269.66	782.46	NaN	5.6160
848173115069	NaN	NaN	1269.20	778.52	NaN	5.6158
848173123402	NaN	NaN	1274.63	782.45	NaN	5.6089
848173131735	NaN	NaN	1279.56	779.70	NaN	5.5949
848173140068	NaN	NaN	1279.35	777.50	NaN	5.5995
848173148402	NaN	NaN	1275.12	775.40	NaN	5.6116
848173156739	NaN	NaN	1276.34	777.54	NaN	5.6079
848173165073	NaN	NaN	1275.88	771.12	NaN	5.5891
848173173406	NaN	NaN	1269.65	777.24	NaN	5.6157
848173181739	NaN	NaN	1271.31	777.66	NaN	5.6064
848173190073	NaN	NaN	1251.64	796.90	NaN	5.5889
848173198406	NaN	NaN	1169.44	869.69	NaN	5.6321
848173206738	NaN	NaN	1101.89	889.56	NaN	5.6571
848173215072	NaN	NaN	1086.55	906.56	NaN	5.6339
848173223405	NaN	NaN	1101.25	917.36	NaN	5.6109
848173231738	NaN	NaN	1108.99	907.05	NaN	5.6237
848173240072	NaN	NaN	1105.46	898.38	NaN	5.6329
848173248405	NaN	NaN	1103.46	900.34	NaN	5.6313
848173256738	NaN	NaN	1108.42	901.09	NaN	5.6160
848173265071	NaN	NaN	1104.77	899.81	NaN	5.6226
848173273405	NaN	NaN	1107.70	902.75	NaN	5.6192
848173281741	NaN	NaN	1103.82	895.84	NaN	5.6294
848173290073	NaN	NaN	1107.00	895.50	NaN	5.6141
848173298407	NaN	NaN	1097.98	896.81	NaN	5.6195
848173306740	NaN	NaN	1106.83	895.34	NaN	5.6262
848173315074	NaN	NaN	1099.89	899.08	NaN	5.6306
848173323407	NaN	NaN	1104.43	895.96	NaN	5.6359
848173331740	NaN	NaN	1189.30	870.58	NaN	5.6334
848173340073	NaN	NaN	1263.87	806.82	NaN	5.6217
848173348407	NaN	NaN	1283.81	789.31	NaN	5.5966
848173356740	NaN	NaN	1287.67	763.78	NaN	5.5707
848173365072	NaN	NaN	1271.19	774.10	NaN	5.5891
848173373405	NaN	NaN	1265.81	784.27	NaN	5.5871
848173381739	NaN	NaN	1275.29	779.09	NaN	5.5846
848173390072	NaN	NaN	1264.98	780.89	NaN	5.6040
848173398406	NaN	NaN	1267.82	778.52	NaN	5.5986
848173406739	NaN	NaN	1273.86	775.18	NaN	5.5922
848173415079	NaN	NaN	1271.22	780.15	NaN	5.6066
848173423413	NaN	NaN	1276.19	771.05	NaN	5.5881
848173431746	NaN	NaN	1266.57	779.66	NaN	5.6014
848173440079	NaN	NaN	1278.10	771.41	NaN	5.5759
848173448412	NaN	NaN	1273.69	768.91	NaN	5.5822
848173456745	NaN	NaN	1269.49	776.51	NaN	5.5934
848173465078	NaN	NaN	1277.45	775.31	NaN	5.5917
848173473412	NaN	NaN	1277.37	770.41	NaN	5.5930
848173481745	NaN	NaN	1278.74	776.42	NaN	5.5914
848173490078	NaN	NaN	1277.79	772.12	NaN	5.5819
848173498411	NaN	NaN	1275.49	769.04	NaN	5.5800
848173506745	NaN	NaN	1274.18	768.10	NaN	5.5850
848173515078	NaN	NaN	1280.32	768.47	NaN	5.5814
848173523412	NaN	NaN	1280.89	770.70	NaN	5.5649
848173531744	NaN	NaN	1282.52	769.42	NaN	5.5524
848173540077	NaN	NaN	1286.99	769.90	NaN	5.5529
848173548416	NaN	NaN	1290.52	772.97	NaN	5.5504
848173556749	NaN	NaN	1282.49	773.72	NaN	5.5432
848173565082	NaN	NaN	1278.81	765.07	NaN	5.5222
848173573416	NaN	NaN	1248.16	753.68	NaN	5.5230
848173581748	NaN	NaN	1242.60	753.55	NaN	5.5255
848173590082	NaN	NaN	1239.77	754.48	NaN	5.5343
848173598416	NaN	NaN	1246.60	751.42	NaN	5.5116
848173606749	NaN	NaN	1247.35	754.76	NaN	5.5025
848173615081	NaN	NaN	1248.44	754.77	NaN	5.5057
848173623414	NaN	NaN	1244.77	755.51	NaN	5.4886
848173631748	NaN	NaN	1240.89	761.74	NaN	5.5174
848173640081	NaN	NaN	1246.89	757.37	NaN	5.4971
848173648415	NaN	NaN	1245.75	757.95	NaN	5.5035
848173656747	NaN	NaN	1249.91	743.00	NaN	5.4810
848173665081	NaN	NaN	1245.10	748.49	NaN	5.4899
848173673419	NaN	NaN	1246.70	749.16	NaN	5.4765
848173681753	NaN	NaN	1249.23	748.68	NaN	5.4904
848173690085	NaN	NaN	1250.08	746.78	NaN	5.4723
848173698418	NaN	NaN	1250.66	741.04	NaN	5.4733
848173706752	NaN	NaN	1246.38	748.39	NaN	5.4875
848173715085	NaN	NaN	1253.00	750.68	NaN	5.4692
848173723418	NaN	NaN	1247.18	749.60	NaN	5.4805
848173731752	NaN	NaN	1249.35	750.75	NaN	5.4730
848173740085	NaN	NaN	1254.03	755.92	NaN	5.4543
848173748418	NaN	NaN	1248.35	751.55	NaN	5.4541
848173756752	NaN	NaN	1245.29	756.78	NaN	5.4614
848173765085	NaN	NaN	1244.80	743.40	NaN	5.4538
848173773417	NaN	NaN	1233.59	755.77	NaN	5.4882
848173781750	NaN	NaN	1240.13	752.16	NaN	5.4697
848173790084	NaN	NaN	1241.21	751.11	NaN	5.4778
848173798417	NaN	NaN	1242.63	760.48	NaN	5.4666
848173806757	NaN	NaN	1243.66	762.55	NaN	5.4854
848173815090	NaN	NaN	1242.61	761.09	NaN	5.4830
848173823423	NaN	NaN	1247.94	754.42	NaN	5.4661
848173831756	NaN	NaN	1246.45	754.14	NaN	5.4646
848173840090	NaN	NaN	1241.71	753.49	NaN	5.4685
848173848423	NaN	NaN	1239.14	755.51	NaN	5.4759
848173856756	NaN	NaN	1239.75	761.35	NaN	5.4823
848173865089	NaN	NaN	1235.85	759.48	NaN	5.4915
848173873422	NaN	NaN	1236.23	762.59	NaN	5.4879
848173881755	NaN	NaN	1212.50	809.22	NaN	5.4928
848173890089	NaN	NaN	1189.79	836.72	NaN	5.4981
848173898422	NaN	NaN	1167.73	846.51	NaN	5.4987
848173906756	NaN	NaN	1175.43	879.14	NaN	5.4977
848173915088	NaN	NaN	1183.49	893.70	NaN	5.4753
848173923422	NaN	NaN	1177.09	878.32	NaN	5.5030
848173931756	NaN	NaN	1183.85	881.36	NaN	5.4883
848173940091	NaN	NaN	1180.50	879.53	NaN	5.4870
848173948424	NaN	NaN	1175.72	879.31	NaN	5.4984
848173956757	NaN	NaN	1179.09	877.45	NaN	5.4961
848173965091	NaN	NaN	1184.00	876.49	NaN	5.4941
848173973424	NaN	NaN	1182.34	873.79	NaN	5.4922
848173981758	NaN	NaN	1185.79	873.57	NaN	5.5025
848173990091	NaN	NaN	1181.33	873.57	NaN	5.4931
848173998424	NaN	NaN	1182.80	877.50	NaN	5.5033
848174006757	NaN	NaN	1184.84	882.97	NaN	5.4935
848174015090	NaN	NaN	1181.59	880.15	NaN	5.4873
848174023423	NaN	NaN	1175.13	880.32	NaN	5.5009
848174031757	NaN	NaN	1181.42	880.00	NaN	5.4884
848174040089	NaN	NaN	1179.88	879.35	NaN	5.4948
848174048423	NaN	NaN	1180.34	881.51	NaN	5.5103
848174056757	NaN	NaN	1182.15	879.19	NaN	5.5019
848174065090	NaN	NaN	1173.98	882.43	NaN	5.5009
848174073428	NaN	NaN	1174.70	882.21	NaN	5.5126
848174081761	NaN	NaN	1176.45	882.15	NaN	5.4989
848174090094	NaN	NaN	1181.48	881.79	NaN	5.5014
848174098427	NaN	NaN	1181.25	883.34	NaN	5.4874
848174106761	NaN	NaN	1180.28	883.99	NaN	5.4839
848174115094	NaN	NaN	1179.70	886.81	NaN	5.5001
848174123427	NaN	NaN	1184.30	889.16	NaN	5.4881
848174131760	NaN	NaN	1156.49	932.59	NaN	5.5031
848174140094	NaN	NaN	1167.44	1006.04	NaN	5.5053
848174148427	NaN	NaN	1142.85	1062.78	NaN	5.5203
848174156761	NaN	NaN	1099.49	1137.34	NaN	5.5238
848174165093	NaN	NaN	1087.39	1198.24	NaN	5.5034
848174173427	NaN	NaN	1065.48	1251.83	NaN	5.5135
848174181759	NaN	NaN	1046.93	1290.31	NaN	5.5096
848174190093	NaN	NaN	1057.84	1306.78	NaN	5.4986
848174198431	NaN	NaN	1061.10	1287.75	NaN	5.5039
848174206764	NaN	NaN	1056.85	1288.88	NaN	5.5084
848174215097	NaN	NaN	1054.96	1292.80	NaN	5.5011
848174223431	NaN	NaN	1055.22	1289.82	NaN	5.5029
848174231765	NaN	NaN	1053.38	1286.76	NaN	5.5000
848174240098	NaN	NaN	1052.01	1287.61	NaN	5.5002
848174248431	NaN	NaN	1053.09	1294.02	NaN	5.4985
848174256764	NaN	NaN	1058.38	1289.58	NaN	5.4867
848174265097	NaN	NaN	1053.96	1294.54	NaN	5.4902
848174273430	NaN	NaN	1054.82	1292.51	NaN	5.4927
848174281764	NaN	NaN	1052.12	1293.86	NaN	5.4977
848174290096	NaN	NaN	1054.54	1294.57	NaN	5.4874
848174298430	NaN	NaN	1053.32	1296.99	NaN	5.4847
848174306763	NaN	NaN	1058.36	1299.58	NaN	5.4826
848174315097	NaN	NaN	1055.33	1303.16	NaN	5.4958
848174323430	NaN	NaN	1057.40	1304.84	NaN	5.4772
848174331771	NaN	NaN	1057.99	1303.05	NaN	5.4837
848174340103	NaN	NaN	1060.14	1300.25	NaN	5.4780
848174348437	NaN	NaN	1056.68	1296.11	NaN	5.4921
848174356770	NaN	NaN	1061.05	1297.02	NaN	5.4756
848174365104	NaN	NaN	1105.78	1237.64	NaN	5.4746
848174373437	NaN	NaN	1166.41	1133.07	NaN	5.4945
848174381770	NaN	NaN	1192.55	1040.50	NaN	5.4803
848174390104	NaN	NaN	1224.01	958.66	NaN	5.4597
848174398437	NaN	NaN	1244.71	874.05	NaN	5.4496
848174406770	NaN	NaN	1269.92	788.22	NaN	5.4122
848174415103	NaN	NaN	1291.00	756.69	NaN	5.4111
848174423436	NaN	NaN	1273.77	772.10	NaN	5.4276
848174431769	NaN	NaN	1263.79	797.39	NaN	5.4479
848174440103	NaN	NaN	1269.09	781.47	NaN	5.4331
848174448436	NaN	NaN	1269.20	776.38	NaN	5.4279
848174456769	NaN	NaN	1273.68	766.92	NaN	5.3986
848174465103	NaN	NaN	1274.81	772.11	NaN	5.3925
848174473437	NaN	NaN	1278.58	767.51	NaN	5.3853
848174481770	NaN	NaN	1267.25	768.11	NaN	5.3890
848174490104	NaN	NaN	1281.15	760.77	NaN	5.3520
848174498437	NaN	NaN	1269.89	768.43	NaN	5.3661
848174506769	NaN	NaN	1274.35	762.99	NaN	5.3606
848174515103	NaN	NaN	1270.92	770.26	NaN	5.3652
848174523436	NaN	NaN	1273.37	768.32	NaN	5.3370
848174531769	NaN	NaN	1273.20	773.80	NaN	5.3281
848174540102	NaN	NaN	1276.41	771.74	NaN	5.3140
848174548436	NaN	NaN	1274.23	771.14	NaN	5.3106
848174556769	NaN	NaN	1278.53	770.14	NaN	5.2975
848174565103	NaN	NaN	1275.78	770.32	NaN	5.2876
848174573436	NaN	NaN	1271.70	774.03	NaN	5.2892
848174581769	NaN	NaN	1269.21	777.61	NaN	5.2647
848174590101	NaN	NaN	1270.48	775.63	NaN	5.2607
848174598440	NaN	NaN	1270.13	778.10	NaN	5.2683
848174606773	NaN	NaN	1269.86	784.31	NaN	5.2642
848174615107	NaN	NaN	1264.19	787.59	NaN	5.2572
848174623439	NaN	NaN	1268.83	783.68	NaN	5.2501
848174631773	NaN	NaN	1269.46	784.15	NaN	5.2430
848174640107	NaN	NaN	1265.10	784.98	NaN	5.2355
848174648440	NaN	NaN	1263.86	787.69	NaN	5.2422
848174656773	NaN	NaN	1271.09	786.98	NaN	5.2333
848174665105	NaN	NaN	1270.78	786.25	NaN	5.2155
848174673438	NaN	NaN	1264.59	787.34	NaN	5.2217
848174681772	NaN	NaN	1272.45	786.06	NaN	5.2034
848174690106	NaN	NaN	1267.52	787.14	NaN	5.1930
848174698439	NaN	NaN	1270.76	781.23	NaN	5.1985
848174706772	NaN	NaN	1277.04	778.19	NaN	5.1786
848174715105	NaN	NaN	1272.68	782.39	NaN	5.1758
848174723445	NaN	NaN	1269.47	789.35	NaN	5.1833
848174731778	NaN	NaN	1266.34	788.71	NaN	5.2005
848174740112	NaN	NaN	1269.65	786.52	NaN	5.1908
848174748443	NaN	NaN	1261.87	793.54	NaN	5.1982
848174756777	NaN	NaN	1261.31	790.32	NaN	5.1945
848174765111	NaN	NaN	1267.40	786.65	NaN	5.1847
848174773444	NaN	NaN	1263.72	790.49	NaN	5.1984
848174781777	NaN	NaN	1269.86	789.82	NaN	5.1939
848174790110	NaN	NaN	1266.77	781.19	NaN	5.1962
848174798443	NaN	NaN	1265.50	787.06	NaN	5.1962
848174806777	NaN	NaN	1259.85	791.91	NaN	5.2120
848174815111	NaN	NaN	1267.65	779.56	NaN	5.1880
848174823444	NaN	NaN	1267.26	779.49	NaN	5.2009
848174831776	NaN	NaN	1271.00	779.80	NaN	5.1911
848174840109	NaN	NaN	1265.62	787.78	NaN	5.1990
848174848443	NaN	NaN	1264.02	784.51	NaN	5.2026
848174856780	NaN	NaN	1267.47	781.48	NaN	5.2088
848174865114	NaN	NaN	1263.19	789.93	NaN	5.2264
848174873446	NaN	NaN	1262.38	789.42	NaN	5.2210
848174881780	NaN	NaN	1262.00	790.07	NaN	5.2520
848174890113	NaN	NaN	1263.24	784.01	NaN	5.2379
848174898447	NaN	NaN	1260.97	779.23	NaN	5.2362
848174906780	NaN	NaN	1263.20	775.58	NaN	5.2283
848174915112	NaN	NaN	1265.49	783.49	NaN	5.2526
848174923445	NaN	NaN	1265.65	780.94	NaN	5.2584
848174931779	NaN	NaN	1270.63	779.81	NaN	5.2573
848174940112	NaN	NaN	1271.30	781.30	NaN	5.2631
848174948446	NaN	NaN	1273.58	778.67	NaN	5.2652
848174956779	NaN	NaN	1258.29	776.02	NaN	5.2813
848174965112	NaN	NaN	1250.13	772.15	NaN	5.2875
848174973446	NaN	NaN	1247.83	775.19	NaN	5.2916
848174981779	NaN	NaN	1260.85	774.07	NaN	5.2879
848174990115	NaN	NaN	1251.35	783.55	NaN	5.2992
848174998448	NaN	NaN	1257.30	781.75	NaN	5.2975
848175006782	NaN	NaN	1248.49	786.81	NaN	5.3251
848175015115	NaN	NaN	1251.42	784.71	NaN	5.3035
848175023449	NaN	NaN	1256.51	784.30	NaN	5.3232
848175031782	NaN	NaN	1252.65	781.17	NaN	5.3380
848175040115	NaN	NaN	1257.18	785.10	NaN	5.3331
848175048448	NaN	NaN	1254.68	771.48	NaN	5.3250
848175056782	NaN	NaN	1253.68	779.91	NaN	5.3528
848175065115	NaN	NaN	1256.52	769.92	NaN	5.3264
848175073448	NaN	NaN	1257.87	775.25	NaN	5.3504
848175081781	NaN	NaN	1261.78	769.60	NaN	5.3319
848175090114	NaN	NaN	1257.23	777.14	NaN	5.3636
848175098448	NaN	NaN	1258.74	779.29	NaN	5.3595
848175106781	NaN	NaN	1263.89	777.07	NaN	5.3398
848175115117	NaN	NaN	1265.39	776.64	NaN	5.3543
848175123450	NaN	NaN	1254.06	782.56	NaN	5.3893
848175131784	NaN	NaN	1259.71	775.25	NaN	5.3903
848175140117	NaN	NaN	1253.93	778.70	NaN	5.3846
848175148451	NaN	NaN	1264.15	774.55	NaN	5.3804
848175156783	NaN	NaN	1254.51	780.24	NaN	5.3906
848175165116	NaN	NaN	1263.78	769.61	NaN	5.3751
848175173449	NaN	NaN	1260.33	771.12	NaN	5.3819
848175181783	NaN	NaN	1286.31	773.64	NaN	5.3982
848175190116	NaN	NaN	1305.63	774.20	NaN	5.3875
848175198450	NaN	NaN	1291.92	774.99	NaN	5.4199
848175206782	NaN	NaN	1305.73	766.71	NaN	5.3868
848175215116	NaN	NaN	1293.78	773.20	NaN	5.4100
848175223449	NaN	NaN	1301.41	768.06	NaN	5.4056
848175231783	NaN	NaN	1286.66	774.41	NaN	5.4395
848175240115	NaN	NaN	1296.95	766.20	NaN	5.4152
848175248455	NaN	NaN	1296.87	769.88	NaN	5.4265
848175256788	NaN	NaN	1283.47	776.22	NaN	5.4480
848175265122	NaN	NaN	1297.40	771.39	NaN	5.4367
848175273455	NaN	NaN	1286.55	770.70	NaN	5.4488
848175281789	NaN	NaN	1303.89	765.58	NaN	5.4324
848175290122	NaN	NaN	1295.39	765.34	NaN	5.4498
848175298455	NaN	NaN	1296.07	764.58	NaN	5.4518
848175306789	NaN	NaN	1294.54	775.62	NaN	5.4587
848175315121	NaN	NaN	1299.37	770.73	NaN	5.4555
848175323455	NaN	NaN	1296.86	772.53	NaN	5.4643
848175331787	NaN	NaN	1302.05	774.00	NaN	5.4507
848175340121	NaN	NaN	1292.14	773.89	NaN	5.4562
848175348454	NaN	NaN	1291.94	771.28	NaN	5.4779
848175356788	NaN	NaN	1292.73	770.60	NaN	5.4710
848175365121	NaN	NaN	1297.07	762.24	NaN	5.4571
848175373454	NaN	NaN	1292.62	769.85	NaN	5.4672
848175381791	NaN	NaN	1324.79	764.70	NaN	5.4589
848175390125	NaN	NaN	1337.62	759.44	NaN	5.4671
848175398457	NaN	NaN	1328.25	764.16	NaN	5.4805
848175406791	NaN	NaN	1338.07	762.32	NaN	5.4491
848175415124	NaN	NaN	1328.98	768.98	NaN	5.4559
848175423457	NaN	NaN	1340.48	767.96	NaN	5.4470
848175431791	NaN	NaN	1330.55	774.67	NaN	5.4691
848175440124	NaN	NaN	1330.68	770.23	NaN	5.4739
848175448457	NaN	NaN	1337.56	770.74	NaN	5.4469
848175456790	NaN	NaN	1330.85	772.22	NaN	5.4581
848175465124	NaN	NaN	1331.03	772.16	NaN	5.4669
848175473457	NaN	NaN	1334.69	771.20	NaN	5.4549
848175481790	NaN	NaN	1328.12	769.62	NaN	5.4755
848175490123	NaN	NaN	1332.62	767.61	NaN	5.4677
848175498456	NaN	NaN	1324.17	772.51	NaN	5.4751
848175506789	NaN	NaN	1326.23	764.70	NaN	5.4668
848175515128	NaN	NaN	1323.90	765.95	NaN	5.4856
848175523461	NaN	NaN	1329.17	761.49	NaN	5.4684
848175531795	NaN	NaN	1331.74	773.94	NaN	5.4659
848175540127	NaN	NaN	1331.69	769.01	NaN	5.4654
848175548461	NaN	NaN	1330.64	771.58	NaN	5.4711
848175556795	NaN	NaN	1340.04	773.77	NaN	5.4541
848175565127	NaN	NaN	1335.48	770.29	NaN	5.4614
848175573460	NaN	NaN	1336.45	774.49	NaN	5.4488
848175581793	NaN	NaN	1330.63	775.39	NaN	5.4485
848175590126	NaN	NaN	1331.74	778.74	NaN	5.4668
848175598460	NaN	NaN	1329.50	773.91	NaN	5.4564
848175606794	NaN	NaN	1332.14	771.69	NaN	5.4584
848175615127	NaN	NaN	1330.25	770.94	NaN	5.4604
848175623460	NaN	NaN	1332.42	774.88	NaN	5.4508
848175631793	NaN	NaN	1327.16	777.61	NaN	5.4794
848175640130	NaN	NaN	1331.23	766.04	NaN	5.4461
848175648463	NaN	NaN	1329.03	772.34	NaN	5.4689
848175656797	NaN	NaN	1333.30	768.06	NaN	5.4421
848175665129	NaN	NaN	1331.16	768.23	NaN	5.4485
848175673463	NaN	NaN	1334.56	770.09	NaN	5.4574
848175681797	NaN	NaN	1330.45	775.19	NaN	5.4627
848175690130	NaN	NaN	1325.10	782.91	NaN	5.4539
848175698463	NaN	NaN	1283.63	794.23	NaN	5.4659
848175706796	NaN	NaN	1257.03	805.70	NaN	5.4907
848175715129	NaN	NaN	1260.59	805.16	NaN	5.4846
848175723462	NaN	NaN	1270.11	806.30	NaN	5.4645
848175731796	NaN	NaN	1268.69	805.18	NaN	5.4816
848175740129	NaN	NaN	1270.93	797.96	NaN	5.4738
848175748462	NaN	NaN	1269.47	799.00	NaN	5.4651
848175756795	NaN	NaN	1270.63	798.84	NaN	5.4839
848175765129	NaN	NaN	1270.91	800.70	NaN	5.4860
848175773466	NaN	NaN	1280.15	789.18	NaN	5.4793
848175781800	NaN	NaN	1275.26	796.08	NaN	5.4652
848175790132	NaN	NaN	1267.34	803.15	NaN	5.4828
848175798466	NaN	NaN	1271.36	798.31	NaN	5.4767
848175806799	NaN	NaN	1273.54	799.60	NaN	5.4748
848175815132	NaN	NaN	1279.09	797.57	NaN	5.4667
848175823465	NaN	NaN	1277.25	798.58	NaN	5.4665
848175831798	NaN	NaN	1270.27	801.85	NaN	5.4790
848175840131	NaN	NaN	1275.57	802.38	NaN	5.4767
848175848465	NaN	NaN	1277.72	801.50	NaN	5.4846
848175856799	NaN	NaN	1267.42	804.18	NaN	5.5003
848175865132	NaN	NaN	1274.40	796.45	NaN	5.4758
848175873465	NaN	NaN	1271.73	801.36	NaN	5.4893
848175881798	NaN	NaN	1273.77	799.22	NaN	5.4759
848175890131	NaN	NaN	1274.22	801.36	NaN	5.4843
848175898464	NaN	NaN	1276.42	797.58	NaN	5.4864
848175906805	NaN	NaN	1270.35	799.95	NaN	5.4973
848175915137	NaN	NaN	1275.46	795.11	NaN	5.4744
848175923471	NaN	NaN	1279.28	792.70	NaN	5.4730
848175931804	NaN	NaN	1278.32	795.77	NaN	5.4834
848175940138	NaN	NaN	1275.43	796.29	NaN	5.4698
848175948471	NaN	NaN	1277.88	791.86	NaN	5.4737
848175956804	NaN	NaN	1274.56	798.55	NaN	5.4729
848175965136	NaN	NaN	1266.85	796.42	NaN	5.4781
848175973470	NaN	NaN	1273.04	798.74	NaN	5.4779
848175981803	NaN	NaN	1273.53	796.36	NaN	5.4876
848175990137	NaN	NaN	1270.42	802.17	NaN	5.4903
848175998470	NaN	NaN	1280.28	793.94	NaN	5.4811
848176006803	NaN	NaN	1280.08	796.69	NaN	5.4880
848176015137	NaN	NaN	1276.97	801.53	NaN	5.4899
848176023470	NaN	NaN	1271.45	816.33	NaN	5.4995
848176031803	NaN	NaN	1274.83	823.09	NaN	5.5012
848176040140	NaN	NaN	1273.52	819.38	NaN	5.4900
848176048473	NaN	NaN	1277.53	817.64	NaN	5.4861
848176056806	NaN	NaN	1277.25	813.26	NaN	5.4887
848176065140	NaN	NaN	1279.76	816.01	NaN	5.4999
848176073473	NaN	NaN	1280.89	812.86	NaN	5.4989
848176081806	NaN	NaN	1281.39	809.36	NaN	5.4923
848176090139	NaN	NaN	1281.41	812.25	NaN	5.4876
848176098473	NaN	NaN	1272.93	818.19	NaN	5.4999
848176106806	NaN	NaN	1278.64	814.30	NaN	5.4904
848176115140	NaN	NaN	1275.75	814.77	NaN	5.4958
848176123473	NaN	NaN	1279.65	817.80	NaN	5.5108
848176131805	NaN	NaN	1277.41	809.10	NaN	5.5032
848176140139	NaN	NaN	1275.18	816.19	NaN	5.5064
848176148472	NaN	NaN	1270.28	814.07	NaN	5.5146
848176156805	NaN	NaN	1276.73	813.34	NaN	5.5016
848176165142	NaN	NaN	1269.77	818.56	NaN	5.5105
848176173476	NaN	NaN	1277.24	813.07	NaN	5.4962
848176181809	NaN	NaN	1270.64	818.49	NaN	5.5199
848176190143	NaN	NaN	1269.26	820.82	NaN	5.4978
848176198476	NaN	NaN	1266.09	820.27	NaN	5.4964
848176206809	NaN	NaN	1273.15	820.29	NaN	5.5020
848176215141	NaN	NaN	1266.07	820.52	NaN	5.5043
848176223475	NaN	NaN	1266.27	824.49	NaN	5.5004
848176231808	NaN	NaN	1274.24	820.99	NaN	5.5007
848176240142	NaN	NaN	1266.25	821.30	NaN	5.5087
848176248475	NaN	NaN	1274.23	810.96	NaN	5.4883
848176256808	NaN	NaN	1272.76	815.61	NaN	5.4880
848176265142	NaN	NaN	1274.57	816.52	NaN	5.4915
848176273475	NaN	NaN	1271.29	820.36	NaN	5.5014
848176281808	NaN	NaN	1267.79	820.40	NaN	5.5036
848176290141	NaN	NaN	1269.26	812.46	NaN	5.4904
848176298479	NaN	NaN	1270.47	818.65	NaN	5.4866
848176306813	NaN	NaN	1277.10	817.40	NaN	5.4773
848176315147	NaN	NaN	1268.80	821.40	NaN	5.4982
848176323480	NaN	NaN	1268.07	828.81	NaN	5.5122
848176331813	NaN	NaN	1262.24	823.50	NaN	5.4982
848176340146	NaN	NaN	1267.64	825.67	NaN	5.4821
848176348480	NaN	NaN	1260.20	836.58	NaN	5.5004
848176356813	NaN	NaN	1263.85	825.57	NaN	5.4904
848176365147	NaN	NaN	1261.37	827.17	NaN	5.4756
848176373478	NaN	NaN	1259.17	832.06	NaN	5.4968
848176381812	NaN	NaN	1255.14	838.23	NaN	5.4967
848176390146	NaN	NaN	1260.12	829.31	NaN	5.4888
848176398479	NaN	NaN	1265.16	824.18	NaN	5.4870
848176406812	NaN	NaN	1263.18	832.58	NaN	5.4841
848176415145	NaN	NaN	1260.96	830.31	NaN	5.4900
848176423478	NaN	NaN	1253.61	833.85	NaN	5.4901
848176431816	NaN	NaN	1260.64	833.51	NaN	5.4906
848176440150	NaN	NaN	1262.15	832.55	NaN	5.4835
848176448483	NaN	NaN	1257.85	831.25	NaN	5.5016
848176456815	NaN	NaN	1261.63	833.14	NaN	5.4825
848176465148	NaN	NaN	1260.62	831.29	NaN	5.4843
848176473482	NaN	NaN	1262.22	834.67	NaN	5.4838
848176481815	NaN	NaN	1262.41	827.67	NaN	5.4859
848176490148	NaN	NaN	1260.42	833.15	NaN	5.4840
848176498481	NaN	NaN	1269.21	831.54	NaN	5.4908
848176506815	NaN	NaN	1263.90	829.38	NaN	5.4794
848176515149	NaN	NaN	1259.71	831.93	NaN	5.4975
848176523482	NaN	NaN	1262.81	832.85	NaN	5.4863
848176531815	NaN	NaN	1252.61	834.33	NaN	5.5123
848176540147	NaN	NaN	1260.68	831.01	NaN	5.4948
848176548480	NaN	NaN	1259.74	829.46	NaN	5.4884
848176556819	NaN	NaN	1253.29	838.42	NaN	5.5001
848176565152	NaN	NaN	1256.51	831.53	NaN	5.5005
848176573486	NaN	NaN	1267.35	832.46	NaN	5.4743
848176581818	NaN	NaN	1264.63	828.26	NaN	5.4972
848176590152	NaN	NaN	1252.36	832.75	NaN	5.4967
848176598486	NaN	NaN	1258.73	827.41	NaN	5.4992
848176606819	NaN	NaN	1250.02	836.43	NaN	5.5171
848176615152	NaN	NaN	1261.95	824.97	NaN	5.4876
848176623484	NaN	NaN	1256.61	827.21	NaN	5.4979
848176631818	NaN	NaN	1258.22	825.90	NaN	5.4907
848176640151	NaN	NaN	1258.31	825.69	NaN	5.4850
848176648485	NaN	NaN	1261.52	823.48	NaN	5.4939
848176656818	NaN	NaN	1261.40	825.16	NaN	5.5056
848176665151	NaN	NaN	1254.03	830.27	NaN	5.5166
848176673484	NaN	NaN	1256.57	830.36	NaN	5.4984
848176681818	NaN	NaN	1263.93	828.96	NaN	5.4918
848176690157	NaN	NaN	1255.93	798.39	NaN	5.4879
848176698490	NaN	NaN	1249.05	779.88	NaN	5.5073
848176706823	NaN	NaN	1245.13	756.70	NaN	5.5135
848176715156	NaN	NaN	1253.16	733.98	NaN	5.4975
848176723490	NaN	NaN	1256.53	743.37	NaN	5.5002
848176731823	NaN	NaN	1252.83	741.20	NaN	5.5084
848176740156	NaN	NaN	1260.96	739.02	NaN	5.4946
848176748489	NaN	NaN	1255.65	748.95	NaN	5.5062
848176756822	NaN	NaN	1253.00	749.57	NaN	5.5092
848176765156	NaN	NaN	1252.54	753.08	NaN	5.5148
848176773490	NaN	NaN	1253.57	744.02	NaN	5.5052
848176781822	NaN	NaN	1244.17	753.91	NaN	5.5200
848176790155	NaN	NaN	1248.07	749.39	NaN	5.5099
848176798488	NaN	NaN	1245.95	747.92	NaN	5.5321
848176806822	NaN	NaN	1252.12	752.47	NaN	5.5155
848176815155	NaN	NaN	1250.36	749.81	NaN	5.5151
848176823493	NaN	NaN	1250.59	746.14	NaN	5.5170
848176831825	NaN	NaN	1257.13	741.30	NaN	5.5121
848176840159	NaN	NaN	1249.28	750.32	NaN	5.5163
848176848493	NaN	NaN	1256.64	742.02	NaN	5.5077
848176856826	NaN	NaN	1258.16	744.22	NaN	5.4978
848176865158	NaN	NaN	1259.94	741.15	NaN	5.5113
848176873491	NaN	NaN	1263.66	744.59	NaN	5.5079
848176881824	NaN	NaN	1256.49	749.48	NaN	5.5020
848176890158	NaN	NaN	1252.41	754.82	NaN	5.5108
848176898491	NaN	NaN	1256.79	754.43	NaN	5.5047
848176906825	NaN	NaN	1248.90	756.96	NaN	5.5106
848176915158	NaN	NaN	1263.94	748.78	NaN	5.5060
848176923491	NaN	NaN	1274.38	735.82	NaN	5.4849
848176931825	NaN	NaN	1261.34	726.07	NaN	5.4930
848176940158	NaN	NaN	1259.68	726.32	NaN	5.4943
848176948491	NaN	NaN	1267.12	719.22	NaN	5.4794
848176956828	NaN	NaN	1255.72	732.62	NaN	5.5113
848176965162	NaN	NaN	1263.10	731.29	NaN	5.4930
848176973495	NaN	NaN	1263.18	733.86	NaN	5.5014
848176981829	NaN	NaN	1259.42	730.18	NaN	5.5007
848176990162	NaN	NaN	1264.99	729.75	NaN	5.4956
848176998495	NaN	NaN	1264.44	729.72	NaN	5.5067
848177006828	NaN	NaN	1269.13	728.94	NaN	5.4913
848177015162	NaN	NaN	1257.37	737.98	NaN	5.5118
848177023494	NaN	NaN	1265.42	726.42	NaN	5.4813
848177031828	NaN	NaN	1265.72	727.21	NaN	5.4895
848177040161	NaN	NaN	1266.79	729.17	NaN	5.5015
848177048494	NaN	NaN	1274.72	723.88	NaN	5.4757
848177056828	NaN	NaN	1265.24	727.58	NaN	5.5021
848177065161	NaN	NaN	1266.03	717.05	NaN	5.4789
848177073494	NaN	NaN	1264.25	726.67	NaN	5.4801
848177081830	NaN	NaN	1261.59	729.51	NaN	5.5019
848177090164	NaN	NaN	1267.11	724.72	NaN	5.4804
848177098497	NaN	NaN	1272.47	726.12	NaN	5.4814
848177106830	NaN	NaN	1264.24	728.53	NaN	5.5094
848177115163	NaN	NaN	1268.97	726.30	NaN	5.4723
848177123496	NaN	NaN	1265.89	726.50	NaN	5.4930
848177131829	NaN	NaN	1265.52	733.16	NaN	5.5074
848177140163	NaN	NaN	1272.30	727.92	NaN	5.4821
848177148496	NaN	NaN	1270.82	725.74	NaN	5.4749
848177156830	NaN	NaN	1271.64	734.99	NaN	5.4968
848177165163	NaN	NaN	1271.62	731.80	NaN	5.4915
848177173496	NaN	NaN	1276.33	726.68	NaN	5.4725
848177181830	NaN	NaN	1279.98	727.30	NaN	5.4868
848177190162	NaN	NaN	1274.24	726.48	NaN	5.4846
848177198495	NaN	NaN	1265.49	734.55	NaN	5.5193
848177206828	NaN	NaN	1263.58	739.27	NaN	5.5097
848177215169	NaN	NaN	1274.08	734.20	NaN	5.5006
848177223502	NaN	NaN	1276.25	735.12	NaN	5.4860
848177231836	NaN	NaN	1271.89	736.23	NaN	5.5045
848177240169	NaN	NaN	1275.85	732.44	NaN	5.5087
848177248502	NaN	NaN	1275.65	722.83	NaN	5.4961
848177256835	NaN	NaN	1280.27	724.04	NaN	5.4984
848177265169	NaN	NaN	1272.34	731.53	NaN	5.5137
848177273501	NaN	NaN	1279.85	725.49	NaN	5.5029
848177281835	NaN	NaN	1269.72	734.43	NaN	5.5302
848177290167	NaN	NaN	1275.67	732.41	NaN	5.5249
848177298501	NaN	NaN	1272.57	741.11	NaN	5.5291
848177306835	NaN	NaN	1277.78	737.01	NaN	5.5110
848177315168	NaN	NaN	1280.91	748.66	NaN	5.5047
848177323501	NaN	NaN	1281.62	756.78	NaN	5.5200
848177331834	NaN	NaN	1277.93	769.65	NaN	5.5364
848177340167	NaN	NaN	1288.88	763.13	NaN	5.5134
848177348504	NaN	NaN	1286.68	759.12	NaN	5.5178
848177356838	NaN	NaN	1284.50	763.78	NaN	5.5142
848177365171	NaN	NaN	1284.35	767.07	NaN	5.5276
848177373504	NaN	NaN	1280.43	769.81	NaN	5.5247
848177381837	NaN	NaN	1287.72	765.21	NaN	5.5284
848177390171	NaN	NaN	1279.38	761.40	NaN	5.5310
848177398504	NaN	NaN	1282.48	760.53	NaN	5.5255
848177406837	NaN	NaN	1278.32	762.51	NaN	5.5355
848177415170	NaN	NaN	1278.72	762.24	NaN	5.5417
848177423504	NaN	NaN	1274.12	757.19	NaN	5.5359
848177431837	NaN	NaN	1273.82	769.30	NaN	5.5508
848177440170	NaN	NaN	1284.91	761.84	NaN	5.5131
848177448503	NaN	NaN	1282.63	759.73	NaN	5.5230
848177456836	NaN	NaN	1275.42	768.77	NaN	5.5466
848177465169	NaN	NaN	1284.89	764.46	NaN	5.5303
848177473503	NaN	NaN	1287.21	767.04	NaN	5.5427
848177481842	NaN	NaN	1292.41	757.00	NaN	5.5312
848177490175	NaN	NaN	1289.14	753.58	NaN	5.5394
848177498508	NaN	NaN	1293.02	753.49	NaN	5.5368
848177506841	NaN	NaN	1289.27	752.27	NaN	5.5339
848177515174	NaN	NaN	1280.35	757.01	NaN	5.5398
848177523507	NaN	NaN	1286.47	756.01	NaN	5.5315
848177531840	NaN	NaN	1280.10	758.80	NaN	5.5364
848177540173	NaN	NaN	1286.15	765.74	NaN	5.5407
848177548507	NaN	NaN	1269.90	779.14	NaN	5.5263
848177556841	NaN	NaN	1280.09	778.17	NaN	5.5389
848177565174	NaN	NaN	1286.75	779.76	NaN	5.5281
848177573507	NaN	NaN	1279.73	778.98	NaN	5.5393
848177581840	NaN	NaN	1281.19	773.45	NaN	5.5229
848177590174	NaN	NaN	1279.74	780.33	NaN	5.5395
848177598506	NaN	NaN	1273.34	780.28	NaN	5.5512
848177606843	NaN	NaN	1285.10	776.85	NaN	5.5256
848177615177	NaN	NaN	1281.58	780.88	NaN	5.5391
848177623510	NaN	NaN	1286.95	772.54	NaN	5.5251
848177631843	NaN	NaN	1284.20	776.83	NaN	5.5258
848177640177	NaN	NaN	1284.48	773.13	NaN	5.5468
848177648510	NaN	NaN	1282.02	776.13	NaN	5.5332
848177656843	NaN	NaN	1283.89	776.57	NaN	5.5446
848177665176	NaN	NaN	1280.65	780.30	NaN	5.5620
848177673509	NaN	NaN	1279.14	778.60	NaN	5.5324
848177681842	NaN	NaN	1275.82	774.16	NaN	5.5460
848177690176	NaN	NaN	1275.63	771.63	NaN	5.5439
848177698509	NaN	NaN	1280.17	771.30	NaN	5.5540
848177706842	NaN	NaN	1283.89	766.29	NaN	5.5236
848177715176	NaN	NaN	1277.23	769.51	NaN	5.5484
848177723509	NaN	NaN	1272.67	772.01	NaN	5.5399
848177731842	NaN	NaN	1280.43	766.25	NaN	5.5301
848177740180	NaN	NaN	1272.09	768.31	NaN	5.5428
848177748513	NaN	NaN	1280.67	765.77	NaN	5.5458
848177756845	NaN	NaN	1278.53	765.74	NaN	5.5413
848177765179	NaN	NaN	1287.55	769.70	NaN	5.5333
848177773512	NaN	NaN	1287.43	765.17	NaN	5.5244
848177781845	NaN	NaN	1285.11	766.77	NaN	5.5179
848177790178	NaN	NaN	1282.21	777.90	NaN	5.5482
848177798512	NaN	NaN	1277.54	774.21	NaN	5.5453
848177806845	NaN	NaN	1283.83	772.18	NaN	5.5355
848177815179	NaN	NaN	1276.78	781.72	NaN	5.5200
848177823512	NaN	NaN	1275.60	749.17	NaN	5.5793
848177831845	NaN	NaN	1287.56	858.76	NaN	5.3507
848177840178	NaN	NaN	NaN	NaN	NaN	NaN
848177848511	NaN	NaN	NaN	NaN	NaN	NaN
848177856844	NaN	NaN	NaN	NaN	NaN	NaN
848177865178	NaN	NaN	NaN	NaN	NaN	NaN
848177873515	NaN	NaN	NaN	NaN	NaN	NaN
848177881849	NaN	NaN	NaN	NaN	NaN	NaN
848177890182	NaN	NaN	NaN	NaN	NaN	NaN
848177898515	NaN	NaN	NaN	NaN	NaN	NaN
848177906849	NaN	NaN	NaN	NaN	NaN	NaN
848177915183	NaN	NaN	NaN	NaN	NaN	NaN
848177923514	NaN	NaN	NaN	NaN	NaN	NaN
848177931848	NaN	NaN	NaN	NaN	NaN	NaN
848177940182	NaN	NaN	NaN	NaN	NaN	NaN
848177948514	NaN	NaN	NaN	NaN	NaN	NaN
848177956848	NaN	NaN	NaN	NaN	NaN	NaN
848177965182	NaN	NaN	NaN	NaN	NaN	NaN
848177973514	NaN	NaN	NaN	NaN	NaN	NaN
848177981848	NaN	NaN	NaN	NaN	NaN	NaN
848177990182	NaN	NaN	NaN	NaN	NaN	NaN
848177998518	NaN	NaN	1219.86	892.91	NaN	4.8540
848178006852	NaN	NaN	1305.63	825.83	NaN	5.1745
848178015186	NaN	NaN	1301.77	758.94	NaN	5.3185
848178023519	NaN	NaN	1299.04	778.15	NaN	5.3096
848178031852	NaN	NaN	1289.25	771.14	NaN	5.3560
848178040186	NaN	NaN	1286.29	741.33	NaN	5.4044
848178048518	NaN	NaN	1287.86	745.73	NaN	5.3960
848178056852	NaN	NaN	1276.80	729.02	NaN	5.4345
848178065185	NaN	NaN	1281.61	718.29	NaN	5.4439
848178073519	NaN	NaN	1284.97	713.28	NaN	5.4431
848178081851	NaN	NaN	1277.54	740.03	NaN	5.3741
848178090185	NaN	NaN	1272.18	751.42	NaN	5.4077
848178098517	NaN	NaN	1278.05	763.46	NaN	5.3346
848178106851	NaN	NaN	1278.29	767.37	NaN	5.3465
848178115184	NaN	NaN	1282.84	774.48	NaN	5.3330
848178123518	NaN	NaN	1281.04	780.65	NaN	5.3266
848178131857	NaN	NaN	1271.72	785.26	NaN	5.3392
848178140190	NaN	NaN	1281.56	785.27	NaN	5.3007
848178148523	NaN	NaN	1282.82	780.65	NaN	5.3059
848178156857	NaN	NaN	1276.88	779.69	NaN	5.3311
848178165189	NaN	NaN	1280.42	781.05	NaN	5.3058
848178173523	NaN	NaN	1283.96	778.70	NaN	5.3146
848178181856	NaN	NaN	1278.23	784.02	NaN	5.3094
848178190189	NaN	NaN	1282.87	774.92	NaN	5.2950
848178198523	NaN	NaN	1278.19	778.03	NaN	5.3085
848178206856	NaN	NaN	1282.54	776.05	NaN	5.2938
848178215189	NaN	NaN	1282.60	770.46	NaN	5.2920
848178223522	NaN	NaN	1285.75	771.24	NaN	5.2842
848178231855	NaN	NaN	1284.71	766.39	NaN	5.2781
848178240189	NaN	NaN	1277.66	772.31	NaN	5.2936
848178248522	NaN	NaN	1282.04	768.53	NaN	5.2882
848178256855	NaN	NaN	1278.62	766.73	NaN	5.3100
848178265192	NaN	NaN	1279.29	766.01	NaN	5.2997
848178273526	NaN	NaN	1285.44	760.96	NaN	5.2888
848178281859	NaN	NaN	1285.12	760.97	NaN	5.2847
848178290192	NaN	NaN	1279.72	768.47	NaN	5.2998
848178298525	NaN	NaN	1285.98	764.01	NaN	5.2798
848178306859	NaN	NaN	1283.40	766.92	NaN	5.2825
848178315192	NaN	NaN	1289.67	764.47	NaN	5.2810
848178323524	NaN	NaN	1289.15	766.57	NaN	5.2827
848178331858	NaN	NaN	1284.37	777.94	NaN	5.3005
848178340191	NaN	NaN	1288.59	766.72	NaN	5.2755
848178348525	NaN	NaN	1293.52	770.94	NaN	5.2666
848178356858	NaN	NaN	1289.65	765.96	NaN	5.2529
848178365191	NaN	NaN	1284.59	768.67	NaN	5.2704
848178373524	NaN	NaN	1289.90	772.22	NaN	5.2597
848178381858	NaN	NaN	1287.77	764.78	NaN	5.2687
848178390194	NaN	NaN	1285.41	772.64	NaN	5.2674
848178398527	NaN	NaN	1287.28	760.13	NaN	5.2630
848178406860	NaN	NaN	1285.58	760.47	NaN	5.2686
848178415193	NaN	NaN	1284.40	760.11	NaN	5.2622
848178423527	NaN	NaN	1285.37	758.27	NaN	5.2504
848178431860	NaN	NaN	1292.32	760.79	NaN	5.2503
848178440193	NaN	NaN	1293.24	761.45	NaN	5.2274
848178448526	NaN	NaN	1289.50	770.40	NaN	5.2216
848178456859	NaN	NaN	1275.87	744.15	NaN	5.3109
848178465193	NaN	NaN	1243.06	858.40	NaN	4.8627
848178473526	NaN	NaN	NaN	NaN	NaN	NaN
848178481859	NaN	NaN	NaN	NaN	NaN	NaN
848178490192	NaN	NaN	NaN	NaN	NaN	NaN
848178498526	NaN	NaN	NaN	NaN	NaN	NaN
848178506858	NaN	NaN	NaN	NaN	NaN	NaN
848178515192	NaN	NaN	NaN	NaN	NaN	NaN
848178523530	NaN	NaN	NaN	NaN	NaN	NaN
848178531862	NaN	NaN	NaN	NaN	NaN	NaN
848178540196	NaN	NaN	NaN	NaN	NaN	NaN
848178548530	NaN	NaN	NaN	NaN	NaN	NaN
848178556862	NaN	NaN	NaN	NaN	NaN	NaN
848178565196	NaN	NaN	NaN	NaN	NaN	NaN
848178573529	NaN	NaN	NaN	NaN	NaN	NaN
848178581862	NaN	NaN	NaN	NaN	NaN	NaN
848178590195	NaN	NaN	1528.13	1400.19	NaN	2.4357
848178598528	NaN	NaN	NaN	NaN	NaN	NaN
848178606861	NaN	NaN	1350.87	1035.02	NaN	3.8286
848178615195	NaN	NaN	1274.81	931.96	NaN	4.2527
848178623528	NaN	NaN	1339.37	803.31	NaN	4.8526
848178631862	NaN	NaN	1284.44	731.74	NaN	5.0303
848178640195	NaN	NaN	1301.66	724.38	NaN	5.0498
848178648527	NaN	NaN	1284.47	698.84	NaN	5.1272
848178656870	NaN	NaN	1283.98	731.13	NaN	5.0443
848178665203	NaN	NaN	1283.42	722.01	NaN	5.0668
848178673536	NaN	NaN	1290.56	712.18	NaN	5.0670
848178681870	NaN	NaN	1283.05	735.66	NaN	5.0135
848178690203	NaN	NaN	1287.37	744.86	NaN	4.9784
848178698536	NaN	NaN	1285.64	757.87	NaN	4.9656
848178706870	NaN	NaN	1282.32	746.75	NaN	4.9600
848178715203	NaN	NaN	1284.03	744.94	NaN	4.9548
848178723536	NaN	NaN	1286.15	742.20	NaN	4.9420
848178731869	NaN	NaN	1284.00	749.61	NaN	4.9286
848178740202	NaN	NaN	1290.34	754.83	NaN	4.9160
848178748535	NaN	NaN	1286.55	747.17	NaN	4.9215
848178756869	NaN	NaN	1289.90	745.22	NaN	4.9259
848178765202	NaN	NaN	1282.13	736.66	NaN	4.9213
848178773535	NaN	NaN	1286.43	728.28	NaN	4.9113
848178781868	NaN	NaN	1289.86	735.75	NaN	4.9053
848178790204	NaN	NaN	1284.77	737.63	NaN	4.9004
848178798538	NaN	NaN	1286.61	724.90	NaN	4.9030
848178806872	NaN	NaN	1278.11	718.97	NaN	4.9068
848178815204	NaN	NaN	1278.01	720.15	NaN	4.8981
848178823537	NaN	NaN	1290.19	732.45	NaN	4.8762
848178831871	NaN	NaN	1284.75	754.06	NaN	4.8575
848178840204	NaN	NaN	1267.87	727.01	NaN	4.9424
848178848537	NaN	NaN	1291.75	786.53	NaN	4.7598
848178856870	NaN	NaN	NaN	NaN	NaN	NaN
848178865203	NaN	NaN	NaN	NaN	NaN	NaN
848178873537	NaN	NaN	NaN	NaN	NaN	NaN
848178881871	NaN	NaN	NaN	NaN	NaN	NaN
848178890203	NaN	NaN	NaN	NaN	NaN	NaN
848178898536	NaN	NaN	NaN	NaN	NaN	NaN
848178906870	NaN	NaN	NaN	NaN	NaN	NaN
848178915203	NaN	NaN	NaN	NaN	NaN	NaN
848178923540	NaN	NaN	NaN	NaN	NaN	NaN
848178931874	NaN	NaN	NaN	NaN	NaN	NaN
848178940206	NaN	NaN	NaN	NaN	NaN	NaN
848178948540	NaN	NaN	NaN	NaN	NaN	NaN
848178956873	NaN	NaN	NaN	NaN	NaN	NaN
848178965207	NaN	NaN	NaN	NaN	NaN	NaN
848178973539	NaN	NaN	NaN	NaN	NaN	NaN
848178981873	NaN	NaN	1511.24	1392.52	NaN	2.5783
848178990206	NaN	NaN	NaN	NaN	NaN	NaN
848178998539	NaN	NaN	NaN	NaN	NaN	NaN
848179006873	NaN	NaN	NaN	NaN	NaN	NaN
848179015205	NaN	NaN	1304.25	805.27	NaN	4.7251
848179023539	NaN	NaN	1283.99	769.13	NaN	4.8924
848179031872	NaN	NaN	1300.59	753.92	NaN	4.9357
848179040205	NaN	NaN	1289.21	758.51	NaN	4.9139
848179048541	NaN	NaN	1285.10	754.15	NaN	4.9449
848179056873	NaN	NaN	1271.70	747.30	NaN	4.9847
848179065207	NaN	NaN	1283.24	741.12	NaN	4.9750
848179073540	NaN	NaN	1270.88	753.34	NaN	4.9604
848179081874	NaN	NaN	1268.50	753.13	NaN	4.9827
848179090207	NaN	NaN	1275.39	772.82	NaN	4.9595
848179098541	NaN	NaN	1274.44	770.38	NaN	4.9487
848179106873	NaN	NaN	1276.63	763.60	NaN	4.9506
848179115207	NaN	NaN	1283.79	769.12	NaN	4.9618
848179123540	NaN	NaN	1279.30	770.59	NaN	4.9737
848179131873	NaN	NaN	1269.15	786.17	NaN	4.9606
848179140205	NaN	NaN	1276.25	785.30	NaN	4.9668
848179148539	NaN	NaN	1275.96	780.15	NaN	4.9574
848179156872	NaN	NaN	1277.01	782.36	NaN	4.9827
848179165206	NaN	NaN	1274.09	775.57	NaN	4.9897
848179173539	NaN	NaN	1275.26	773.12	NaN	4.9874
848179181889	NaN	NaN	1279.31	769.68	NaN	4.9797
848179190222	NaN	NaN	1279.80	767.64	NaN	5.0007
848179198556	NaN	NaN	1278.88	772.23	NaN	5.0060
848179206888	NaN	NaN	1278.78	762.36	NaN	4.9930
848179215222	NaN	NaN	1275.22	765.54	NaN	5.0110
848179223554	NaN	NaN	1276.13	761.93	NaN	5.0229
848179231887	NaN	NaN	1276.08	764.56	NaN	5.0219
848179240221	NaN	NaN	1280.81	772.09	NaN	5.0235
848179248554	NaN	NaN	1282.33	762.25	NaN	5.0178
848179256879	NaN	NaN	1262.99	764.99	NaN	5.0547
848179265213	NaN	NaN	1281.68	771.91	NaN	5.0274
848179273546	NaN	NaN	1276.69	758.13	NaN	5.0398
848179281879	NaN	NaN	1284.12	760.31	NaN	5.0436
848179290213	NaN	NaN	1266.59	758.61	NaN	5.0546
848179298545	NaN	NaN	1274.32	768.03	NaN	5.0887
848179306878	NaN	NaN	1264.82	762.08	NaN	5.0809
848179315215	NaN	NaN	1271.75	775.75	NaN	5.0848
848179323548	NaN	NaN	1268.43	756.08	NaN	5.0729
848179331882	NaN	NaN	1282.44	767.64	NaN	5.0826
848179340217	NaN	NaN	1266.52	765.24	NaN	5.0999
848179348550	NaN	NaN	1270.44	767.17	NaN	5.1119
848179356883	NaN	NaN	1262.58	779.10	NaN	5.1312
848179365217	NaN	NaN	1272.07	763.38	NaN	5.0949
848179373550	NaN	NaN	1278.49	763.87	NaN	5.1078
848179381882	NaN	NaN	1262.96	759.47	NaN	5.1227
848179390215	NaN	NaN	1268.57	724.61	NaN	5.1940
848179398548	NaN	NaN	1275.06	860.25	NaN	4.8633
848179406882	NaN	NaN	NaN	NaN	NaN	NaN
848179415215	NaN	NaN	NaN	NaN	NaN	NaN
848179423549	NaN	NaN	NaN	NaN	NaN	NaN
848179431882	NaN	NaN	NaN	NaN	NaN	NaN
848179440216	NaN	NaN	NaN	NaN	NaN	NaN
848179448554	NaN	NaN	NaN	NaN	NaN	NaN
848179456887	NaN	NaN	NaN	NaN	NaN	NaN
848179465219	NaN	NaN	NaN	NaN	NaN	NaN
848179473553	NaN	NaN	NaN	NaN	NaN	NaN
848179481886	NaN	NaN	NaN	NaN	NaN	NaN
848179490219	NaN	NaN	NaN	NaN	NaN	NaN
848179498552	NaN	NaN	NaN	NaN	NaN	NaN
848179506886	NaN	NaN	NaN	NaN	NaN	NaN
848179515219	NaN	NaN	1599.22	1519.49	NaN	2.1924
848179523553	NaN	NaN	NaN	NaN	NaN	NaN
848179531886	NaN	NaN	NaN	NaN	NaN	NaN
848179540220	NaN	NaN	NaN	NaN	NaN	NaN
848179548551	NaN	NaN	1259.16	894.99	NaN	4.5865
848179556885	NaN	NaN	1302.40	805.13	NaN	4.9996
848179565218	NaN	NaN	1293.02	740.16	NaN	5.1728
848179573554	NaN	NaN	1301.52	778.97	NaN	5.1207
848179581888	NaN	NaN	1315.89	739.65	NaN	5.2099
848179590222	NaN	NaN	1296.21	718.37	NaN	5.2754
848179598554	NaN	NaN	1282.94	717.55	NaN	5.2522
848179606888	NaN	NaN	1282.80	711.18	NaN	5.2868
848179615222	NaN	NaN	1292.61	706.64	NaN	5.2934
848179623555	NaN	NaN	1281.86	709.36	NaN	5.3199
848179631888	NaN	NaN	1281.94	727.87	NaN	5.2837
848179640222	NaN	NaN	1291.21	735.62	NaN	5.2468
848179648555	NaN	NaN	1282.61	732.71	NaN	5.2358
848179656888	NaN	NaN	1276.20	744.98	NaN	5.2325
848179665220	NaN	NaN	1295.99	748.71	NaN	5.2300
848179673554	NaN	NaN	1295.89	758.31	NaN	5.2212
848179681887	NaN	NaN	1289.39	761.70	NaN	5.2416
848179690221	NaN	NaN	1288.39	752.10	NaN	5.2184
848179698553	NaN	NaN	1281.20	756.48	NaN	5.2423
848179706893	NaN	NaN	1284.56	754.31	NaN	5.2274
848179715226	NaN	NaN	1286.40	754.30	NaN	5.2382
848179723560	NaN	NaN	1282.53	754.21	NaN	5.2503
848179731893	NaN	NaN	1283.35	756.43	NaN	5.2502
848179740226	NaN	NaN	1271.48	766.37	NaN	5.2733
848179748559	NaN	NaN	1273.41	762.22	NaN	5.2486
848179756891	NaN	NaN	1285.87	752.19	NaN	5.2376
848179765225	NaN	NaN	1287.21	751.55	NaN	5.2396
848179773558	NaN	NaN	1283.35	750.82	NaN	5.2508
848179781891	NaN	NaN	1284.95	758.87	NaN	5.2582
848179790225	NaN	NaN	1282.52	757.13	NaN	5.2596
848179798559	NaN	NaN	1285.09	748.48	NaN	5.2335
848179806892	NaN	NaN	1285.95	758.84	NaN	5.2531
848179815225	NaN	NaN	1290.14	752.17	NaN	5.2515
848179823559	NaN	NaN	1283.18	744.85	NaN	5.2558
848179831891	NaN	NaN	1287.89	753.62	NaN	5.2716
848179840229	NaN	NaN	1289.43	747.81	NaN	5.2493
848179848563	NaN	NaN	1278.75	759.73	NaN	5.2673
848179856896	NaN	NaN	1283.17	751.96	NaN	5.2583
848179865230	NaN	NaN	1286.58	765.02	NaN	5.2587
848179873563	NaN	NaN	1283.30	762.27	NaN	5.2576
848179881896	NaN	NaN	1288.50	760.71	NaN	5.2629
848179890229	NaN	NaN	1280.90	758.57	NaN	5.2673
848179898563	NaN	NaN	1277.73	752.91	NaN	5.2729
848179906896	NaN	NaN	1289.73	748.77	NaN	5.2654
848179915229	NaN	NaN	1277.04	752.26	NaN	5.2952
848179923562	NaN	NaN	1277.36	739.91	NaN	5.2724
848179931895	NaN	NaN	1268.33	743.39	NaN	5.2813
848179940229	NaN	NaN	1265.94	747.05	NaN	5.2854
848179948562	NaN	NaN	1271.36	754.21	NaN	5.2772
848179956895	NaN	NaN	1276.83	755.94	NaN	5.2916
848179965233	NaN	NaN	1276.68	757.86	NaN	5.2832
848179973567	NaN	NaN	1284.96	752.82	NaN	5.2705
848179981900	NaN	NaN	1280.18	749.40	NaN	5.2844
848179990233	NaN	NaN	1272.11	746.78	NaN	5.2925
848179998566	NaN	NaN	1271.41	744.31	NaN	5.2772
848180006899	NaN	NaN	1274.62	755.83	NaN	5.3083
848180015233	NaN	NaN	1274.50	767.72	NaN	5.3008
848180023566	NaN	NaN	1270.96	754.32	NaN	5.3044
848180031898	NaN	NaN	1286.06	739.45	NaN	5.2921
848180040232	NaN	NaN	1279.15	745.97	NaN	5.2765
848180048565	NaN	NaN	1269.31	763.07	NaN	5.2986
848180056899	NaN	NaN	1279.74	749.64	NaN	5.2991
848180065232	NaN	NaN	1274.97	739.76	NaN	5.2979
848180073566	NaN	NaN	1279.78	748.00	NaN	5.2846
848180081898	NaN	NaN	1277.61	750.70	NaN	5.2967
848180090232	NaN	NaN	1275.70	715.58	NaN	5.3723
848180098566	NaN	NaN	1273.12	850.43	NaN	5.1011
848180106899	NaN	NaN	NaN	NaN	NaN	NaN
848180115232	NaN	NaN	NaN	NaN	NaN	NaN
848180123565	NaN	NaN	NaN	NaN	NaN	NaN
848180131899	NaN	NaN	NaN	NaN	NaN	NaN
848180140232	NaN	NaN	NaN	NaN	NaN	NaN
848180148566	NaN	NaN	NaN	NaN	NaN	NaN
848180156898	NaN	NaN	NaN	NaN	NaN	NaN
848180165232	NaN	NaN	NaN	NaN	NaN	NaN
848180173565	NaN	NaN	NaN	NaN	NaN	NaN
848180181899	NaN	NaN	NaN	NaN	NaN	NaN
848180190232	NaN	NaN	NaN	NaN	NaN	NaN
848180198564	NaN	NaN	NaN	NaN	NaN	NaN
848180206897	NaN	NaN	NaN	NaN	NaN	NaN
848180215231	NaN	NaN	NaN	NaN	NaN	NaN
848180223564	NaN	NaN	1342.33	1171.66	NaN	3.5777
848180231907	NaN	NaN	NaN	NaN	NaN	NaN
848180240240	NaN	NaN	1227.59	926.80	NaN	4.5166
848180248573	NaN	NaN	1306.13	789.49	NaN	5.0818
848180256907	NaN	NaN	1295.70	773.50	NaN	5.1982
848180265240	NaN	NaN	1289.73	743.37	NaN	5.2991
848180273573	NaN	NaN	1282.85	746.32	NaN	5.3051
848180281906	NaN	NaN	1274.52	700.34	NaN	5.4004
848180290239	NaN	NaN	1270.20	698.16	NaN	5.3763
848180298572	NaN	NaN	1268.07	693.02	NaN	5.4281
848180306906	NaN	NaN	1277.59	691.73	NaN	5.4069
848180315239	NaN	NaN	1271.26	709.08	NaN	5.4059
848180323572	NaN	NaN	1263.98	718.93	NaN	5.4048
848180331905	NaN	NaN	1267.81	725.30	NaN	5.3779
848180340239	NaN	NaN	1268.51	737.80	NaN	5.3587
848180348572	NaN	NaN	1272.00	718.28	NaN	5.3797
848180356904	NaN	NaN	1274.65	747.61	NaN	5.3484
848180365242	NaN	NaN	1272.04	738.73	NaN	5.3681
848180373575	NaN	NaN	1276.99	744.82	NaN	5.3618
848180381909	NaN	NaN	1269.87	732.72	NaN	5.3625
848180390242	NaN	NaN	1272.34	729.62	NaN	5.3617
848180398575	NaN	NaN	1267.13	730.30	NaN	5.3571
848180406908	NaN	NaN	1274.79	730.58	NaN	5.3638
848180415242	NaN	NaN	1269.98	743.69	NaN	5.3661
848180423575	NaN	NaN	1269.87	746.14	NaN	5.3707
848180431908	NaN	NaN	1273.55	746.44	NaN	5.3685
848180440241	NaN	NaN	1261.92	742.56	NaN	5.3837
848180448574	NaN	NaN	1264.97	740.80	NaN	5.3953
848180456908	NaN	NaN	1269.33	731.87	NaN	5.3920
848180465241	NaN	NaN	1271.06	740.92	NaN	5.3990
848180473574	NaN	NaN	1272.11	748.83	NaN	5.3942
848180481907	NaN	NaN	1258.50	739.66	NaN	5.3911
848180490247	NaN	NaN	1263.04	734.08	NaN	5.4098
848180498580	NaN	NaN	1276.91	737.09	NaN	5.4110
848180506913	NaN	NaN	1261.57	743.48	NaN	5.4109
848180515246	NaN	NaN	1270.99	729.87	NaN	5.4070
848180523579	NaN	NaN	1270.47	739.09	NaN	5.4107
848180531912	NaN	NaN	1268.58	732.73	NaN	5.4174
848180540246	NaN	NaN	1266.56	747.43	NaN	5.4426
848180548579	NaN	NaN	1270.78	735.46	NaN	5.4248
848180556913	NaN	NaN	1273.86	730.82	NaN	5.4262
848180565246	NaN	NaN	1262.50	741.73	NaN	5.4392
848180573579	NaN	NaN	1271.91	740.68	NaN	5.4384
848180581912	NaN	NaN	1270.91	732.39	NaN	5.4467
848180590245	NaN	NaN	1265.22	739.58	NaN	5.4511
848180598579	NaN	NaN	1263.35	748.01	NaN	5.4622
848180606912	NaN	NaN	1260.30	737.17	NaN	5.4720
848180615246	NaN	NaN	1272.46	751.70	NaN	5.4804
848180623583	NaN	NaN	1274.31	771.60	NaN	5.4781
848180631917	NaN	NaN	1258.60	792.80	NaN	5.5030
848180640250	NaN	NaN	1267.99	788.38	NaN	5.4848
848180648582	NaN	NaN	1261.53	780.63	NaN	5.5072
848180656915	NaN	NaN	1264.63	771.29	NaN	5.4907
848180665248	NaN	NaN	1268.56	777.70	NaN	5.4999
848180673582	NaN	NaN	1261.22	786.99	NaN	5.5135
848180681915	NaN	NaN	1266.55	770.27	NaN	5.5022
848180690249	NaN	NaN	1269.03	778.29	NaN	5.5132
848180698582	NaN	NaN	1270.22	772.69	NaN	5.5044
848180706916	NaN	NaN	1263.11	776.13	NaN	5.5208
848180715249	NaN	NaN	1261.71	778.21	NaN	5.5286
848180723581	NaN	NaN	1262.67	772.36	NaN	5.5183
848180731914	NaN	NaN	1261.32	771.83	NaN	5.5338
848180740247	NaN	NaN	1269.25	775.69	NaN	5.5433
848180748581	NaN	NaN	1262.30	777.86	NaN	5.5670
848180756918	NaN	NaN	1258.30	776.54	NaN	5.5477
848180765251	NaN	NaN	1269.54	777.55	NaN	5.5577
848180773585	NaN	NaN	1272.15	776.37	NaN	5.5599
848180781918	NaN	NaN	1266.63	769.71	NaN	5.5620
848180790252	NaN	NaN	1258.25	770.38	NaN	5.5757
848180798585	NaN	NaN	1274.31	775.59	NaN	5.5602
848180806917	NaN	NaN	1256.62	775.10	NaN	5.5720
848180815250	NaN	NaN	1262.12	776.36	NaN	5.5631
848180823584	NaN	NaN	1265.57	770.84	NaN	5.5696
848180831917	NaN	NaN	1272.15	777.07	NaN	5.5594
848180840250	NaN	NaN	1260.90	777.06	NaN	5.5532
848180848583	NaN	NaN	1265.03	785.37	NaN	5.5517
848180856917	NaN	NaN	1262.26	757.34	NaN	5.5990
848180865250	NaN	NaN	1289.22	900.54	NaN	5.2485
848180873584	NaN	NaN	NaN	NaN	NaN	NaN
848180881917	NaN	NaN	NaN	NaN	NaN	NaN
848180890253	NaN	NaN	NaN	NaN	NaN	NaN
848180898585	NaN	NaN	NaN	NaN	NaN	NaN
848180906918	NaN	NaN	NaN	NaN	NaN	NaN
848180915252	NaN	NaN	NaN	NaN	NaN	NaN
848180923585	NaN	NaN	NaN	NaN	NaN	NaN
848180931918	NaN	NaN	NaN	NaN	NaN	NaN
848180940252	NaN	NaN	NaN	NaN	NaN	NaN
848180948585	NaN	NaN	NaN	NaN	NaN	NaN
848180956918	NaN	NaN	NaN	NaN	NaN	NaN
848180965252	NaN	NaN	NaN	NaN	NaN	NaN
848180973584	NaN	NaN	NaN	NaN	NaN	NaN
848180981917	NaN	NaN	NaN	NaN	NaN	NaN
848180990250	NaN	NaN	NaN	NaN	NaN	NaN
848180998584	NaN	NaN	NaN	NaN	NaN	NaN
848181006917	NaN	NaN	NaN	NaN	NaN	NaN
848181015255	NaN	NaN	1349.23	974.67	NaN	4.6454
848181023589	NaN	NaN	1320.91	869.40	NaN	5.1509
848181031922	NaN	NaN	1313.86	804.26	NaN	5.3777
848181040256	NaN	NaN	1286.27	790.28	NaN	5.4551
848181048589	NaN	NaN	1274.58	812.69	NaN	5.4529
848181056921	NaN	NaN	1277.88	786.77	NaN	5.5019
848181065255	NaN	NaN	1270.49	752.20	NaN	5.5746
848181073589	NaN	NaN	1272.71	750.52	NaN	5.5946
848181081922	NaN	NaN	1272.08	754.39	NaN	5.5965
848181090255	NaN	NaN	1262.65	747.02	NaN	5.6291
848181098588	NaN	NaN	1262.74	737.34	NaN	5.6499
848181106922	NaN	NaN	1266.38	741.31	NaN	5.6268
848181115255	NaN	NaN	1267.31	735.26	NaN	5.6600
848181123588	NaN	NaN	1257.52	736.73	NaN	5.6196
848181131922	NaN	NaN	1270.64	741.36	NaN	5.6287
848181140256	NaN	NaN	1263.78	761.36	NaN	5.5913
848181148593	NaN	NaN	1258.16	755.13	NaN	5.5821
848181156927	NaN	NaN	1263.06	761.04	NaN	5.6053
848181165262	NaN	NaN	1260.92	776.17	NaN	5.5882
848181173594	NaN	NaN	1265.47	769.21	NaN	5.5806
848181181927	NaN	NaN	1268.62	772.44	NaN	5.5691
848181190261	NaN	NaN	1263.47	767.36	NaN	5.5633
848181198593	NaN	NaN	1267.69	774.32	NaN	5.5718
848181206927	NaN	NaN	1270.10	773.17	NaN	5.5639
848181215260	NaN	NaN	1264.10	775.93	NaN	5.5621
848181223594	NaN	NaN	1261.37	780.28	NaN	5.5635
848181231927	NaN	NaN	1266.22	778.48	NaN	5.5726
848181240260	NaN	NaN	1274.08	770.52	NaN	5.5592
848181248594	NaN	NaN	1268.68	776.13	NaN	5.5708
848181256926	NaN	NaN	1262.68	772.65	NaN	5.5591
848181265260	NaN	NaN	1271.06	766.21	NaN	5.5656
848181273592	NaN	NaN	1269.63	774.36	NaN	5.5572
848181281931	NaN	NaN	1273.80	770.24	NaN	5.5603
848181290264	NaN	NaN	1270.29	764.98	NaN	5.5778
848181298597	NaN	NaN	1267.50	763.14	NaN	5.5619
848181306931	NaN	NaN	1261.60	768.39	NaN	5.5639
848181315264	NaN	NaN	1274.31	772.12	NaN	5.5706
848181323598	NaN	NaN	1268.59	769.12	NaN	5.5664
848181331930	NaN	NaN	1269.18	772.44	NaN	5.5725
848181340263	NaN	NaN	1266.01	773.64	NaN	5.5749
848181348597	NaN	NaN	1268.33	762.75	NaN	5.5719
848181356930	NaN	NaN	1274.87	762.66	NaN	5.5718
848181365263	NaN	NaN	1264.97	770.65	NaN	5.5969
848181373596	NaN	NaN	1268.13	765.24	NaN	5.5765
848181381929	NaN	NaN	1258.85	770.72	NaN	5.5845
848181390263	NaN	NaN	1263.86	772.41	NaN	5.5768
848181398597	NaN	NaN	1260.37	780.25	NaN	5.5947
848181406934	NaN	NaN	1271.26	767.69	NaN	5.5893
848181415266	NaN	NaN	NaN	NaN	NaN	NaN
848181423600	NaN	NaN	1276.40	761.24	NaN	5.5760
848181431933	NaN	NaN	1270.66	766.33	NaN	5.5765
848181440266	NaN	NaN	1265.81	771.64	NaN	5.5788
848181448599	NaN	NaN	1253.03	773.79	NaN	5.5925
848181456933	NaN	NaN	1256.45	763.82	NaN	5.5874
848181465266	NaN	NaN	1267.83	764.13	NaN	5.5667
848181473600	NaN	NaN	1260.86	761.57	NaN	5.5932
848181481933	NaN	NaN	1266.38	759.80	NaN	5.5900
848181490266	NaN	NaN	1262.01	770.72	NaN	5.5905
848181498599	NaN	NaN	1266.25	762.43	NaN	5.5848
848181506932	NaN	NaN	1272.88	762.48	NaN	5.5880
848181515265	NaN	NaN	1270.26	757.36	NaN	5.5843
848181523598	NaN	NaN	1265.92	759.55	NaN	5.5878
848181531932	NaN	NaN	1267.82	759.13	NaN	5.5787
848181540268	NaN	NaN	1257.45	764.82	NaN	5.5880
848181548601	NaN	NaN	1260.23	782.04	NaN	5.5956
848181556935	NaN	NaN	1271.23	760.22	NaN	5.5811
848181565268	NaN	NaN	1267.40	764.34	NaN	5.5744
848181573602	NaN	NaN	1260.89	762.43	NaN	5.5830
848181581934	NaN	NaN	1267.27	757.37	NaN	5.5777
848181590267	NaN	NaN	1261.85	760.14	NaN	5.5831
848181598601	NaN	NaN	1262.16	763.30	NaN	5.5824
848181606934	NaN	NaN	1266.51	762.67	NaN	5.5796
848181615268	NaN	NaN	1269.93	766.06	NaN	5.5778
848181623600	NaN	NaN	1266.01	762.14	NaN	5.5694
848181631933	NaN	NaN	1265.85	758.82	NaN	5.5610
848181640267	NaN	NaN	1269.51	758.60	NaN	5.5767
848181648601	NaN	NaN	1268.95	758.16	NaN	5.5681
848181656934	NaN	NaN	1259.51	773.96	NaN	5.5882
848181665267	NaN	NaN	1263.36	771.31	NaN	5.5809
848181673607	NaN	NaN	1261.64	764.95	NaN	5.5753
848181681940	NaN	NaN	1269.46	757.68	NaN	5.5643
848181690274	NaN	NaN	1266.26	774.89	NaN	5.5643
848181698607	NaN	NaN	1264.82	771.54	NaN	5.5705
848181706939	NaN	NaN	1261.27	761.12	NaN	5.5799
848181715273	NaN	NaN	1260.61	764.77	NaN	5.5766
848181723607	NaN	NaN	1270.85	766.98	NaN	5.5514
848181731940	NaN	NaN	1266.83	766.54	NaN	5.5686
848181740273	NaN	NaN	1260.37	776.85	NaN	5.5803
848181748606	NaN	NaN	1265.43	771.23	NaN	5.5663
848181756939	NaN	NaN	1268.78	776.66	NaN	5.5516
848181765273	NaN	NaN	1265.96	779.08	NaN	5.5531
848181773606	NaN	NaN	1261.44	774.26	NaN	5.5442
848181781939	NaN	NaN	1264.10	759.73	NaN	5.5457
848181790272	NaN	NaN	1267.88	762.39	NaN	5.5488
848181798605	NaN	NaN	1266.82	765.78	NaN	5.5563
848181806944	NaN	NaN	1267.04	772.23	NaN	5.5464
848181815277	NaN	NaN	1259.54	768.06	NaN	5.5686
848181823610	NaN	NaN	1264.11	762.10	NaN	5.5560
848181831944	NaN	NaN	1266.07	770.37	NaN	5.5431
848181840277	NaN	NaN	1265.37	772.99	NaN	5.5533
848181848610	NaN	NaN	1261.02	776.63	NaN	5.5578
848181856943	NaN	NaN	1266.24	773.79	NaN	5.5601
848181865276	NaN	NaN	1268.37	756.57	NaN	5.5422
848181873609	NaN	NaN	1272.32	759.59	NaN	5.5489
848181881943	NaN	NaN	1260.01	774.38	NaN	5.5690
848181890276	NaN	NaN	1274.88	766.78	NaN	5.5262
848181898609	NaN	NaN	1274.73	768.21	NaN	5.5366
848181906943	NaN	NaN	1275.00	771.08	NaN	5.5342
848181915276	NaN	NaN	1271.52	770.88	NaN	5.5482
848181923609	NaN	NaN	1274.22	764.05	NaN	5.5439
848181931945	NaN	NaN	1272.17	760.61	NaN	5.5460
848181940278	NaN	NaN	1265.74	771.91	NaN	5.5467
848181948611	NaN	NaN	1274.82	767.60	NaN	5.5416
848181956944	NaN	NaN	1269.44	763.62	NaN	5.5588
848181965278	NaN	NaN	1267.98	760.94	NaN	5.5530
848181973610	NaN	NaN	1264.23	770.05	NaN	5.5573
848181981944	NaN	NaN	1266.41	783.19	NaN	5.5593
848181990277	NaN	NaN	1266.59	777.01	NaN	5.5636
848181998610	NaN	NaN	1269.40	765.13	NaN	5.5498
848182006944	NaN	NaN	1269.15	757.36	NaN	5.5468
848182015276	NaN	NaN	1264.61	763.55	NaN	5.5591
848182023610	NaN	NaN	1267.53	774.40	NaN	5.5632
848182031942	NaN	NaN	1261.59	768.84	NaN	5.5677
848182040276	NaN	NaN	1271.76	755.73	NaN	5.5385
848182048610	NaN	NaN	1266.94	760.69	NaN	5.5530
848182056944	NaN	NaN	1264.10	764.74	NaN	5.5625
848182065283	NaN	NaN	1272.99	759.31	NaN	5.5596
848182073616	NaN	NaN	1278.22	758.41	NaN	5.5592
848182081950	NaN	NaN	1275.99	757.20	NaN	5.5662
848182090282	NaN	NaN	1271.95	760.90	NaN	5.5516
848182098616	NaN	NaN	1272.69	759.95	NaN	5.5671
848182106949	NaN	NaN	1269.67	763.41	NaN	5.5770
848182115282	NaN	NaN	1272.46	759.19	NaN	5.5663
848182123615	NaN	NaN	1271.82	753.21	NaN	5.5655
848182131948	NaN	NaN	1267.33	759.62	NaN	5.5766
848182140281	NaN	NaN	1267.93	759.04	NaN	5.5597
848182148614	NaN	NaN	1266.86	758.34	NaN	5.5678
848182156948	NaN	NaN	1261.87	742.52	NaN	5.5761
848182165281	NaN	NaN	1260.71	729.53	NaN	5.5654
848182173614	NaN	NaN	1263.68	717.44	NaN	5.5723
848182181948	NaN	NaN	1260.57	716.68	NaN	5.5587
848182190281	NaN	NaN	1268.13	717.68	NaN	5.5557
848182198618	NaN	NaN	1264.72	728.84	NaN	5.5694
848182206951	NaN	NaN	1262.96	735.46	NaN	5.5888
848182215285	NaN	NaN	1263.91	728.90	NaN	5.5707
848182223618	NaN	NaN	1267.89	720.65	NaN	5.5813
848182231952	NaN	NaN	1263.24	719.93	NaN	5.5893
848182240285	NaN	NaN	1266.14	714.66	NaN	5.5883
848182248618	NaN	NaN	1266.35	705.82	NaN	5.5749
848182256951	NaN	NaN	1268.54	712.72	NaN	5.5810
848182265284	NaN	NaN	1267.96	717.14	NaN	5.5868
848182273618	NaN	NaN	1270.27	717.22	NaN	5.5909
848182281950	NaN	NaN	1267.22	720.27	NaN	5.6000
848182290283	NaN	NaN	1263.59	715.62	NaN	5.5901
848182298617	NaN	NaN	1264.93	702.79	NaN	5.5781
848182306950	NaN	NaN	1263.88	702.52	NaN	5.5964
848182315284	NaN	NaN	1257.59	712.63	NaN	5.6210
848182323617	NaN	NaN	1264.52	719.23	NaN	5.6001
848182331956	NaN	NaN	1267.28	718.90	NaN	5.6010
848182340288	NaN	NaN	1271.72	714.02	NaN	5.5984
848182348622	NaN	NaN	1268.97	715.78	NaN	5.6044
848182356955	NaN	NaN	1261.43	719.07	NaN	5.6174
848182365288	NaN	NaN	1273.51	711.99	NaN	5.5897
848182373622	NaN	NaN	1271.36	712.05	NaN	5.6095
848182381955	NaN	NaN	1260.88	720.56	NaN	5.6148
848182390288	NaN	NaN	1267.99	709.47	NaN	5.6007
848182398630	NaN	NaN	1264.66	712.36	NaN	5.5963
848182406963	NaN	NaN	1262.04	724.82	NaN	5.6069
848182415296	NaN	NaN	1264.86	721.04	NaN	5.6171
848182423629	NaN	NaN	1272.21	711.78	NaN	5.6002
848182431962	NaN	NaN	1268.22	710.00	NaN	5.6114
848182440296	NaN	NaN	1273.55	696.63	NaN	5.5842
848182448629	NaN	NaN	1268.21	703.61	NaN	5.6120
848182456959	NaN	NaN	1269.65	709.78	NaN	5.6151
848182465293	NaN	NaN	1266.47	707.87	NaN	5.6028
848182473625	NaN	NaN	1262.69	707.81	NaN	5.6172
848182481958	NaN	NaN	1269.85	706.18	NaN	5.6132
848182490292	NaN	NaN	1265.85	706.49	NaN	5.6159
848182498633	NaN	NaN	1267.81	707.14	NaN	5.6142
848182506966	NaN	NaN	1268.89	702.98	NaN	5.6002
848182515300	NaN	NaN	1261.36	713.98	NaN	5.6204
848182523625	NaN	NaN	1263.51	708.42	NaN	5.6131
848182531958	NaN	NaN	1261.91	715.23	NaN	5.6243
848182540291	NaN	NaN	1256.10	716.39	NaN	5.6263
848182548625	NaN	NaN	1252.46	710.21	NaN	5.6268
848182556957	NaN	NaN	1259.04	717.67	NaN	5.6184
848182565291	NaN	NaN	1257.08	724.67	NaN	5.6241
848182573624	NaN	NaN	1261.93	718.92	NaN	5.6240
848182581957	NaN	NaN	1262.41	715.67	NaN	5.6175
848182590295	NaN	NaN	1253.82	719.68	NaN	5.6269
848182598638	NaN	NaN	1255.84	710.09	NaN	5.6139
848182606970	NaN	NaN	1258.98	717.09	NaN	5.6225
848182615304	NaN	NaN	1268.03	719.37	NaN	5.6104
848182623628	NaN	NaN	1265.11	721.33	NaN	5.6341
848182631962	NaN	NaN	1267.71	707.89	NaN	5.6350
848182640296	NaN	NaN	1259.95	708.97	NaN	5.6247
848182648629	NaN	NaN	1259.47	707.56	NaN	5.6269
848182656962	NaN	NaN	1261.33	705.65	NaN	5.6303
848182665296	NaN	NaN	1260.51	706.04	NaN	5.6123
848182673628	NaN	NaN	1258.04	714.48	NaN	5.6428
848182681962	NaN	NaN	1260.02	706.50	NaN	5.6244
848182690302	NaN	NaN	1259.30	710.72	NaN	5.6478
848182698636	NaN	NaN	1266.34	701.82	NaN	5.6361
848182706961	NaN	NaN	1261.54	710.66	NaN	5.6411
848182715294	NaN	NaN	1262.22	714.46	NaN	5.6489
848182723632	NaN	NaN	1254.67	721.17	NaN	5.6521
848182731965	NaN	NaN	1257.13	723.59	NaN	5.6575
848182740299	NaN	NaN	1254.33	719.02	NaN	5.6619
848182748632	NaN	NaN	1260.11	708.99	NaN	5.6525
848182756965	NaN	NaN	1259.39	713.49	NaN	5.6570
848182765297	NaN	NaN	1261.78	715.49	NaN	5.6501
848182773630	NaN	NaN	1259.28	715.12	NaN	5.6532
848182781964	NaN	NaN	1264.66	708.84	NaN	5.6498
848182790298	NaN	NaN	1264.48	709.61	NaN	5.6673
848182798632	NaN	NaN	1263.67	712.64	NaN	5.6730
848182806965	NaN	NaN	1266.46	711.63	NaN	5.6644
848182815298	NaN	NaN	1253.23	717.59	NaN	5.6707
848182823632	NaN	NaN	1263.28	709.59	NaN	5.6647
848182831965	NaN	NaN	1267.24	714.76	NaN	5.6723
848182840297	NaN	NaN	1262.75	713.54	NaN	5.6540
848182848634	NaN	NaN	1259.57	710.05	NaN	5.6707
848182856968	NaN	NaN	1258.16	732.53	NaN	5.6826
848182865301	NaN	NaN	1266.07	725.62	NaN	5.6671
848182873635	NaN	NaN	1265.85	726.03	NaN	5.6818
848182881968	NaN	NaN	1269.31	715.62	NaN	5.6614
848182890301	NaN	NaN	1261.21	714.60	NaN	5.6809
848182898634	NaN	NaN	1254.30	711.81	NaN	5.6671
848182906968	NaN	NaN	1254.21	713.19	NaN	5.6896
848182915301	NaN	NaN	1255.91	722.37	NaN	5.6884
848182923634	NaN	NaN	1262.11	723.14	NaN	5.6758
848182931967	NaN	NaN	1263.02	719.39	NaN	5.6944
848182940300	NaN	NaN	1271.47	717.84	NaN	5.6724
848182948633	NaN	NaN	1267.66	718.66	NaN	5.6736
848182956967	NaN	NaN	1262.99	721.74	NaN	5.7092
848182965300	NaN	NaN	1266.42	709.87	NaN	5.6962
848182973633	NaN	NaN	1272.68	703.24	NaN	5.6815
848182981972	NaN	NaN	1255.52	716.73	NaN	5.7124
848182990305	NaN	NaN	1259.96	721.88	NaN	5.7086
848182998639	NaN	NaN	1258.07	722.70	NaN	5.6939
848183006971	NaN	NaN	1267.29	721.87	NaN	5.6856
848183015304	NaN	NaN	1260.43	722.66	NaN	5.7164
848183023638	NaN	NaN	1257.60	721.76	NaN	5.7103
848183031970	NaN	NaN	1259.56	708.65	NaN	5.6922
848183040304	NaN	NaN	1253.69	721.46	NaN	5.7036
848183048637	NaN	NaN	1263.51	717.63	NaN	5.6976
848183056970	NaN	NaN	1261.01	715.12	NaN	5.6964
848183065304	NaN	NaN	1256.23	720.71	NaN	5.7131
848183073637	NaN	NaN	1263.31	713.65	NaN	5.6999
848183081971	NaN	NaN	1251.86	729.53	NaN	5.7018
848183090304	NaN	NaN	1255.50	722.48	NaN	5.7250
848183098636	NaN	NaN	1256.76	722.10	NaN	5.7160
848183106970	NaN	NaN	1265.54	713.94	NaN	5.7035
848183115309	NaN	NaN	1266.24	742.32	NaN	5.7146
848183123643	NaN	NaN	1263.25	784.02	NaN	5.7228
848183131975	NaN	NaN	1263.03	791.23	NaN	5.7287
848183140309	NaN	NaN	1263.43	794.58	NaN	5.7381
848183148643	NaN	NaN	1256.32	793.64	NaN	5.7240
848183156975	NaN	NaN	1263.50	802.75	NaN	5.7356
848183165309	NaN	NaN	1264.51	797.32	NaN	5.7424
848183173641	NaN	NaN	1257.16	787.80	NaN	5.7472
848183181975	NaN	NaN	1266.96	782.41	NaN	5.7181
848183190308	NaN	NaN	1258.25	802.04	NaN	5.7252
848183198641	NaN	NaN	1266.62	786.90	NaN	5.7268
848183206975	NaN	NaN	1258.78	776.48	NaN	5.7348
848183215308	NaN	NaN	1263.72	787.56	NaN	5.7181
848183223642	NaN	NaN	1258.68	804.76	NaN	5.7332
848183231975	NaN	NaN	1265.84	791.50	NaN	5.7459
848183240308	NaN	NaN	1268.69	781.10	NaN	5.7326
848183248646	NaN	NaN	1264.11	772.60	NaN	5.7299
848183256977	NaN	NaN	1262.43	782.83	NaN	5.7532
848183265311	NaN	NaN	1260.51	789.41	NaN	5.7378
848183273645	NaN	NaN	1267.58	797.66	NaN	5.7350
848183281977	NaN	NaN	1266.64	792.13	NaN	5.7359
848183290311	NaN	NaN	1263.04	783.74	NaN	5.7514
848183298644	NaN	NaN	1261.02	768.74	NaN	5.7477
848183306978	NaN	NaN	1263.39	776.68	NaN	5.7537
848183315311	NaN	NaN	1267.71	785.08	NaN	5.7410
848183323644	NaN	NaN	1267.44	790.20	NaN	5.7394
848183331978	NaN	NaN	1265.79	796.76	NaN	5.7505
848183340310	NaN	NaN	1270.60	779.40	NaN	5.7475
848183348643	NaN	NaN	1263.66	772.52	NaN	5.7543
848183356977	NaN	NaN	1263.27	768.18	NaN	5.7714
848183365310	NaN	NaN	1260.33	768.61	NaN	5.7733
848183373648	NaN	NaN	1260.76	770.74	NaN	5.7802
848183381982	NaN	NaN	1258.96	778.71	NaN	5.7672
848183390315	NaN	NaN	1255.72	789.91	NaN	5.7604
848183398648	NaN	NaN	1259.80	786.52	NaN	5.7729
848183406981	NaN	NaN	1264.21	784.28	NaN	5.7626
848183415315	NaN	NaN	1261.98	776.44	NaN	5.7782
848183423647	NaN	NaN	1250.16	773.01	NaN	5.7978
848183431981	NaN	NaN	1259.81	770.47	NaN	5.7777
848183440314	NaN	NaN	1257.05	767.01	NaN	5.7804
848183448647	NaN	NaN	1257.99	769.07	NaN	5.7818
848183456981	NaN	NaN	1263.02	767.97	NaN	5.7828
848183465314	NaN	NaN	1264.84	768.70	NaN	5.7791
848183473647	NaN	NaN	1266.61	776.10	NaN	5.8020
848183481981	NaN	NaN	1265.41	771.73	NaN	5.7914
848183490314	NaN	NaN	1271.02	778.56	NaN	5.7875
848183498647	NaN	NaN	1274.68	778.71	NaN	5.7824
848183506985	NaN	NaN	1269.67	785.83	NaN	5.7806
848183515318	NaN	NaN	1269.51	792.82	NaN	5.7814
848183523651	NaN	NaN	1261.72	785.16	NaN	5.7893
848183531984	NaN	NaN	1265.32	781.00	NaN	5.7717
848183540318	NaN	NaN	1264.47	772.10	NaN	5.7760
848183548651	NaN	NaN	1269.07	761.30	NaN	5.7778
848183556985	NaN	NaN	1273.02	768.87	NaN	5.7706
848183565318	NaN	NaN	1271.86	774.90	NaN	5.7648
848183573651	NaN	NaN	1268.43	790.39	NaN	5.7549
848183581984	NaN	NaN	1268.18	774.98	NaN	5.7843
848183590317	NaN	NaN	1287.86	946.71	NaN	5.4202
848183598651	NaN	NaN	NaN	NaN	NaN	NaN
848183606985	NaN	NaN	NaN	NaN	NaN	NaN
848183615318	NaN	NaN	NaN	NaN	NaN	NaN
848183623651	NaN	NaN	NaN	NaN	NaN	NaN
848183631985	NaN	NaN	NaN	NaN	NaN	NaN
848183640322	NaN	NaN	NaN	NaN	NaN	NaN
848183648655	NaN	NaN	NaN	NaN	NaN	NaN
848183656989	NaN	NaN	NaN	NaN	NaN	NaN
848183665320	NaN	NaN	NaN	NaN	NaN	NaN
848183673654	NaN	NaN	NaN	NaN	NaN	NaN
848183681988	NaN	NaN	NaN	NaN	NaN	NaN
848183690321	NaN	NaN	NaN	NaN	NaN	NaN
848183698654	NaN	NaN	NaN	NaN	NaN	NaN
848183706988	NaN	NaN	NaN	NaN	NaN	NaN
848183715321	NaN	NaN	NaN	NaN	NaN	NaN
848183723654	NaN	NaN	NaN	NaN	NaN	NaN
848183731987	NaN	NaN	1351.62	957.91	NaN	4.7967
848183740320	NaN	NaN	1296.45	871.74	NaN	5.2322
848183748653	NaN	NaN	1297.43	775.92	NaN	5.5834
848183756987	NaN	NaN	1288.30	783.17	NaN	5.5648
848183765320	NaN	NaN	1283.48	795.37	NaN	5.5579
848183773658	NaN	NaN	1281.29	751.40	NaN	5.6585
848183781992	NaN	NaN	1273.13	740.38	NaN	5.6822
848183790325	NaN	NaN	1281.48	725.67	NaN	5.7132
848183798658	NaN	NaN	1278.75	713.96	NaN	5.7157
848183806991	NaN	NaN	1278.48	712.51	NaN	5.7354
848183815325	NaN	NaN	1272.38	709.37	NaN	5.7177
848183823658	NaN	NaN	1274.28	723.10	NaN	5.7003
848183831990	NaN	NaN	1274.07	739.15	NaN	5.6357
848183840324	NaN	NaN	1260.18	749.15	NaN	5.6879
848183848657	NaN	NaN	1271.69	760.52	NaN	5.6339
848183856991	NaN	NaN	1272.04	768.58	NaN	5.6246
848183865324	NaN	NaN	1267.64	765.58	NaN	5.6314
848183873657	NaN	NaN	1269.81	769.39	NaN	5.6328
848183881990	NaN	NaN	1272.99	766.01	NaN	5.6165
848183890323	NaN	NaN	1270.07	768.37	NaN	5.6223
848183898661	NaN	NaN	1281.30	760.38	NaN	5.5955
848183906994	NaN	NaN	1272.53	762.78	NaN	5.6155
848183915326	NaN	NaN	1270.72	757.86	NaN	5.6169
848183923660	NaN	NaN	1275.29	752.96	NaN	5.6286
848183931994	NaN	NaN	1278.69	753.83	NaN	5.6184
848183940327	NaN	NaN	1270.71	755.87	NaN	5.6206
848183948660	NaN	NaN	1272.14	751.69	NaN	5.6215
848183956993	NaN	NaN	1276.31	751.16	NaN	5.6245
848183965326	NaN	NaN	1277.08	751.11	NaN	5.6084
848183973660	NaN	NaN	1274.69	753.58	NaN	5.6284
848183981993	NaN	NaN	1277.36	753.17	NaN	5.6232
848183990325	NaN	NaN	1275.44	748.83	NaN	5.6149
848183998659	NaN	NaN	1275.66	746.12	NaN	5.6094
848184006992	NaN	NaN	1275.08	749.62	NaN	5.6231
848184015326	NaN	NaN	1272.66	743.83	NaN	5.6192
848184023659	NaN	NaN	1277.85	746.24	NaN	5.6269
848184031997	NaN	NaN	1289.32	755.02	NaN	5.6112
848184040330	NaN	NaN	1294.06	778.48	NaN	5.6283
848184048663	NaN	NaN	1287.54	782.59	NaN	5.6067
848184056997	NaN	NaN	1282.83	781.03	NaN	5.5974
848184065330	NaN	NaN	1285.35	786.18	NaN	5.6119
848184073663	NaN	NaN	1293.03	784.83	NaN	5.5914
848184081996	NaN	NaN	1290.51	791.57	NaN	5.6176
848184090330	NaN	NaN	1298.23	784.15	NaN	5.6073
848184098663	NaN	NaN	1294.53	782.33	NaN	5.6067
848184106996	NaN	NaN	1295.21	777.01	NaN	5.6119
848184115330	NaN	NaN	1290.74	777.13	NaN	5.6183
848184123663	NaN	NaN	1292.66	771.02	NaN	5.6103
848184131996	NaN	NaN	1288.51	770.78	NaN	5.6084
848184140329	NaN	NaN	1296.69	760.84	NaN	5.6048
848184148663	NaN	NaN	1289.62	769.58	NaN	5.6108
848184156995	NaN	NaN	1288.00	769.53	NaN	5.6131
848184165334	NaN	NaN	1281.65	776.68	NaN	5.6461
848184173667	NaN	NaN	1295.35	761.28	NaN	5.6133
848184182000	NaN	NaN	1293.56	768.21	NaN	5.6188
848184190334	NaN	NaN	1295.87	762.01	NaN	5.6099
848184198666	NaN	NaN	1293.34	760.12	NaN	5.6285
848184207000	NaN	NaN	1298.83	764.73	NaN	5.6136
848184215333	NaN	NaN	1288.18	765.42	NaN	5.6295
848184223666	NaN	NaN	1296.58	758.36	NaN	5.6143
848184232000	NaN	NaN	1290.43	763.35	NaN	5.6268
848184240333	NaN	NaN	1290.31	762.58	NaN	5.6157
848184248666	NaN	NaN	1277.67	770.88	NaN	5.6316
848184256999	NaN	NaN	1291.80	758.61	NaN	5.6097
848184265333	NaN	NaN	1283.89	767.94	NaN	5.6212
848184273666	NaN	NaN	1280.43	776.53	NaN	5.6331
848184281999	NaN	NaN	1284.47	777.05	NaN	5.6302
848184290336	NaN	NaN	1280.99	774.22	NaN	5.6438
848184298669	NaN	NaN	1284.81	770.62	NaN	5.6359
848184307003	NaN	NaN	1275.38	771.16	NaN	5.6347
848184315336	NaN	NaN	1275.18	761.89	NaN	5.6288
848184323669	NaN	NaN	1282.01	756.27	NaN	5.6330
848184332002	NaN	NaN	1276.48	759.60	NaN	5.6387
848184340336	NaN	NaN	1280.66	766.60	NaN	5.6559
848184348669	NaN	NaN	1278.12	767.71	NaN	5.6410
848184357002	NaN	NaN	1281.79	770.33	NaN	5.6564
848184365335	NaN	NaN	1280.57	768.80	NaN	5.6408
848184373668	NaN	NaN	1269.75	779.06	NaN	5.6697
848184382002	NaN	NaN	1283.14	759.82	NaN	5.6270
848184390335	NaN	NaN	1288.46	757.28	NaN	5.6481
848184398668	NaN	NaN	1283.80	757.99	NaN	5.6464
848184407001	NaN	NaN	1287.48	761.96	NaN	5.6522
848184415335	NaN	NaN	1285.23	758.26	NaN	5.6384
848184423672	NaN	NaN	1283.79	760.83	NaN	5.6442
848184432005	NaN	NaN	1284.24	760.19	NaN	5.6402
848184440338	NaN	NaN	1279.37	763.47	NaN	5.6498
848184448671	NaN	NaN	1284.99	766.14	NaN	5.6387
848184457005	NaN	NaN	1283.54	766.97	NaN	5.6495
848184465339	NaN	NaN	1272.54	771.55	NaN	5.6579
848184473671	NaN	NaN	1281.75	778.39	NaN	5.6589
848184482004	NaN	NaN	1279.84	773.20	NaN	5.6545
848184490337	NaN	NaN	1286.50	765.49	NaN	5.6288
848184498670	NaN	NaN	1283.07	774.18	NaN	5.6497
848184507004	NaN	NaN	1281.78	766.25	NaN	5.6489
848184515338	NaN	NaN	1278.17	766.09	NaN	5.6583
848184523671	NaN	NaN	1284.49	759.54	NaN	5.6313
848184532004	NaN	NaN	1283.64	752.27	NaN	5.6396
848184540337	NaN	NaN	1274.85	757.32	NaN	5.6585
848184548671	NaN	NaN	1279.37	753.19	NaN	5.6364
848184557011	NaN	NaN	1279.61	751.02	NaN	5.6363
848184565343	NaN	NaN	1275.87	749.27	NaN	5.6311
848184573677	NaN	NaN	1280.18	749.71	NaN	5.6302
848184582010	NaN	NaN	1283.78	746.13	NaN	5.6323
848184590343	NaN	NaN	1280.05	747.16	NaN	5.6335
848184598676	NaN	NaN	1279.71	744.32	NaN	5.6179
848184607010	NaN	NaN	1273.10	748.06	NaN	5.6329
848184615343	NaN	NaN	1275.41	754.04	NaN	5.6306
848184623677	NaN	NaN	1280.37	750.05	NaN	5.6282
848184632010	NaN	NaN	1283.04	747.74	NaN	5.6210
848184640343	NaN	NaN	1283.16	753.46	NaN	5.6073
848184648675	NaN	NaN	1281.64	752.05	NaN	5.6250
848184657009	NaN	NaN	1273.40	752.21	NaN	5.6246
848184665342	NaN	NaN	1275.11	752.79	NaN	5.6358
848184673676	NaN	NaN	1276.90	750.45	NaN	5.6263
848184682009	NaN	NaN	1286.00	746.21	NaN	5.6155
848184690346	NaN	NaN	1285.81	755.00	NaN	5.6086
848184698679	NaN	NaN	1281.02	757.88	NaN	5.6147
848184707013	NaN	NaN	1285.47	761.86	NaN	5.6245
848184715346	NaN	NaN	1282.97	748.51	NaN	5.6115
848184723679	NaN	NaN	1278.58	750.98	NaN	5.6126
848184732012	NaN	NaN	1277.62	750.00	NaN	5.6188
848184740345	NaN	NaN	1283.42	749.35	NaN	5.6169
848184748679	NaN	NaN	1279.67	756.18	NaN	5.6105
848184757012	NaN	NaN	1281.33	754.03	NaN	5.6057
848184765345	NaN	NaN	1281.42	753.74	NaN	5.6102
848184773678	NaN	NaN	1276.55	759.79	NaN	5.6211
848184782012	NaN	NaN	1271.58	763.53	NaN	5.6233
848184790345	NaN	NaN	1283.12	757.35	NaN	5.5895
848184798679	NaN	NaN	1286.98	763.13	NaN	5.6028
848184807010	NaN	NaN	1321.59	765.19	NaN	5.6018
848184815349	NaN	NaN	1342.57	766.84	NaN	5.5971
848184823682	NaN	NaN	1348.92	761.78	NaN	5.5941
848184832015	NaN	NaN	1339.66	771.23	NaN	5.6189
848184840349	NaN	NaN	1335.09	773.31	NaN	5.6004
848184848682	NaN	NaN	1337.01	771.02	NaN	5.6114
848184857015	NaN	NaN	1337.14	769.85	NaN	5.5898
848184865349	NaN	NaN	1337.75	766.80	NaN	5.5972
848184873682	NaN	NaN	1337.00	770.04	NaN	5.5921
848184882016	NaN	NaN	1332.03	770.01	NaN	5.5893
848184890348	NaN	NaN	1337.33	766.80	NaN	5.5821
848184898681	NaN	NaN	1337.83	770.98	NaN	5.5970
848184907014	NaN	NaN	1329.10	772.97	NaN	5.6129
848184915348	NaN	NaN	1340.72	780.42	NaN	5.5895
848184923681	NaN	NaN	1334.94	778.06	NaN	5.5902
848184932015	NaN	NaN	1334.42	784.32	NaN	5.6057
848184940348	NaN	NaN	1343.46	784.82	NaN	5.5995
848184948685	NaN	NaN	1332.77	788.54	NaN	5.6234
848184957019	NaN	NaN	1336.16	779.48	NaN	5.6058
848184965352	NaN	NaN	1334.69	772.52	NaN	5.6109
848184973684	NaN	NaN	1329.49	765.64	NaN	5.6311
848184982018	NaN	NaN	1336.36	755.85	NaN	5.6048
848184990351	NaN	NaN	1330.95	762.18	NaN	5.6062
848184998684	NaN	NaN	1334.27	758.40	NaN	5.6219
848185007018	NaN	NaN	1333.84	767.26	NaN	5.6182
848185015351	NaN	NaN	1332.77	763.32	NaN	5.6061
848185023684	NaN	NaN	1331.65	765.57	NaN	5.6204
848185032018	NaN	NaN	1327.88	770.40	NaN	5.6306
848185040351	NaN	NaN	1333.35	771.01	NaN	5.6124
848185048685	NaN	NaN	1329.77	762.96	NaN	5.6424
848185057017	NaN	NaN	1335.48	758.88	NaN	5.6130
848185065350	NaN	NaN	1337.15	758.96	NaN	5.6247
848185073683	NaN	NaN	1329.54	756.10	NaN	5.6192
848185082021	NaN	NaN	1332.88	757.11	NaN	5.6320
848185090355	NaN	NaN	1333.38	756.63	NaN	5.6259
848185098688	NaN	NaN	1323.73	761.89	NaN	5.6528
848185107022	NaN	NaN	1336.18	758.33	NaN	5.6096
848185115355	NaN	NaN	1329.02	760.05	NaN	5.6292
848185123688	NaN	NaN	1326.69	763.64	NaN	5.6428
848185132022	NaN	NaN	1327.66	759.87	NaN	5.6425
848185140354	NaN	NaN	1328.49	766.52	NaN	5.6478
848185148687	NaN	NaN	1336.08	768.32	NaN	5.6346
848185157021	NaN	NaN	1343.33	767.47	NaN	5.6107
848185165354	NaN	NaN	1332.54	772.47	NaN	5.6334
848185173687	NaN	NaN	1329.14	778.82	NaN	5.6303
848185182021	NaN	NaN	1331.27	779.13	NaN	5.6407
848185190353	NaN	NaN	1327.77	783.06	NaN	5.6541
848185198687	NaN	NaN	1322.97	788.55	NaN	5.6488
848185207020	NaN	NaN	1322.14	777.58	NaN	5.6619
848185215357	NaN	NaN	1330.00	773.14	NaN	5.6577
848185223691	NaN	NaN	1327.55	771.75	NaN	5.6562
848185232024	NaN	NaN	1335.06	765.71	NaN	5.6534
848185240357	NaN	NaN	1333.57	768.97	NaN	5.6555
848185248691	NaN	NaN	1337.70	763.62	NaN	5.6479
848185257024	NaN	NaN	1332.94	765.06	NaN	5.6626
848185265358	NaN	NaN	1334.79	767.36	NaN	5.6555
848185273691	NaN	NaN	1319.70	762.38	NaN	5.6566
848185282024	NaN	NaN	1270.74	759.44	NaN	5.6646
848185290357	NaN	NaN	1259.55	745.75	NaN	5.6565
848185298690	NaN	NaN	1267.64	739.39	NaN	5.6791
848185307024	NaN	NaN	1271.54	738.66	NaN	5.6735
848185315356	NaN	NaN	1272.34	749.56	NaN	5.6767
848185323690	NaN	NaN	1280.03	753.72	NaN	5.6750
848185332023	NaN	NaN	1276.52	763.39	NaN	5.6875
848185340361	NaN	NaN	1267.98	767.58	NaN	5.6933
848185348694	NaN	NaN	1279.92	761.92	NaN	5.6566
848185357027	NaN	NaN	1278.15	766.21	NaN	5.6671
848185365360	NaN	NaN	1274.94	766.37	NaN	5.6819
848185373694	NaN	NaN	1278.60	750.09	NaN	5.6727
848185382026	NaN	NaN	1279.47	741.69	NaN	5.6669
848185390359	NaN	NaN	1279.53	738.61	NaN	5.6676
848185398693	NaN	NaN	1264.91	744.63	NaN	5.6951
848185407026	NaN	NaN	1260.27	752.92	NaN	5.6846
848185415359	NaN	NaN	1273.18	760.75	NaN	5.6771
848185423693	NaN	NaN	1267.88	763.01	NaN	5.6745
848185432026	NaN	NaN	1276.06	764.96	NaN	5.6689
848185440359	NaN	NaN	1279.31	759.44	NaN	5.6632
848185448693	NaN	NaN	1263.60	764.43	NaN	5.6852
848185457026	NaN	NaN	1278.00	762.62	NaN	5.6594
848185465359	NaN	NaN	1270.87	757.12	NaN	5.6684
848185473699	NaN	NaN	1275.48	752.34	NaN	5.6515
848185482032	NaN	NaN	1274.78	750.08	NaN	5.6629
848185490365	NaN	NaN	1271.37	745.23	NaN	5.6619
848185498699	NaN	NaN	1267.88	741.80	NaN	5.6737
848185507033	NaN	NaN	1265.99	743.64	NaN	5.6797
848185515365	NaN	NaN	1269.78	740.33	NaN	5.6573
848185523699	NaN	NaN	1274.14	745.89	NaN	5.6474
848185532032	NaN	NaN	1273.32	747.90	NaN	5.6523
848185540365	NaN	NaN	1276.35	763.89	NaN	5.6474
848185548698	NaN	NaN	1280.31	774.75	NaN	5.6550
848185557031	NaN	NaN	1284.95	766.66	NaN	5.6354
848185565364	NaN	NaN	1275.38	774.51	NaN	5.6525
848185573698	NaN	NaN	1275.80	784.50	NaN	5.6322
848185582031	NaN	NaN	1257.57	803.61	NaN	5.6494
848185590365	NaN	NaN	1267.06	800.45	NaN	5.6440
848185598698	NaN	NaN	1265.03	804.48	NaN	5.6354
848185607034	NaN	NaN	1266.69	802.31	NaN	5.6418
848185615367	NaN	NaN	1266.70	808.77	NaN	5.6283
848185623699	NaN	NaN	1270.80	810.37	NaN	5.6245
848185632033	NaN	NaN	1269.17	800.99	NaN	5.6066
848185640367	NaN	NaN	1259.43	795.24	NaN	5.6292
848185648700	NaN	NaN	1255.21	794.26	NaN	5.6351
848185657033	NaN	NaN	1264.04	796.93	NaN	5.6225
848185665367	NaN	NaN	1270.72	790.17	NaN	5.6116
848185673700	NaN	NaN	1262.60	798.17	NaN	5.6256
848185682033	NaN	NaN	1268.93	796.96	NaN	5.6196
848185690366	NaN	NaN	1273.95	795.21	NaN	5.6168
848185698699	NaN	NaN	1270.36	800.71	NaN	5.6279
848185707032	NaN	NaN	1270.33	797.78	NaN	5.6106
848185715366	NaN	NaN	1270.24	797.58	NaN	5.5956
848185723699	NaN	NaN	1265.98	813.89	NaN	5.6327
848185732035	NaN	NaN	1265.32	813.74	NaN	5.6116
848185740368	NaN	NaN	1257.18	795.05	NaN	5.6207
848185748702	NaN	NaN	1271.17	797.86	NaN	5.5989
848185757035	NaN	NaN	1266.51	806.11	NaN	5.6198
848185765369	NaN	NaN	1267.91	811.85	NaN	5.6088
848185773701	NaN	NaN	1267.95	798.32	NaN	5.6075
848185782035	NaN	NaN	1270.12	791.41	NaN	5.5903
848185790368	NaN	NaN	1267.83	806.50	NaN	5.6265
848185798701	NaN	NaN	1273.48	807.81	NaN	5.5960
848185807041	NaN	NaN	1276.78	797.63	NaN	5.6112
848185815375	NaN	NaN	1276.14	766.44	NaN	5.6006
848185823708	NaN	NaN	1284.51	753.22	NaN	5.5971
848185832042	NaN	NaN	1282.77	758.27	NaN	5.6093
848185840375	NaN	NaN	1282.98	767.63	NaN	5.5987
848185848708	NaN	NaN	1258.60	766.79	NaN	5.6340
848185857041	NaN	NaN	1284.29	751.77	NaN	5.6117
848185865380	NaN	NaN	1286.25	748.18	NaN	5.6068
848185873713	NaN	NaN	1279.06	754.32	NaN	5.6184
848185882047	NaN	NaN	1275.41	773.29	NaN	5.6230
848185890380	NaN	NaN	1271.09	768.03	NaN	5.6243
848185898713	NaN	NaN	1271.26	761.90	NaN	5.6322
848185907046	NaN	NaN	1288.42	748.69	NaN	5.6026
848185915380	NaN	NaN	1283.77	752.52	NaN	5.6112
848185923713	NaN	NaN	1278.37	745.40	NaN	5.6055
848185932046	NaN	NaN	1280.16	760.22	NaN	5.6036
848185940379	NaN	NaN	1285.93	768.22	NaN	5.5982
848185948713	NaN	NaN	1276.86	757.15	NaN	5.6042
848185957046	NaN	NaN	1282.92	756.14	NaN	5.5967
848185965379	NaN	NaN	1279.92	761.22	NaN	5.5939
848185973712	NaN	NaN	1283.73	771.39	NaN	5.6079
848185982045	NaN	NaN	1274.67	766.07	NaN	5.6082
848185990379	NaN	NaN	1274.01	749.99	NaN	5.5985
848185998715	NaN	NaN	1278.02	750.08	NaN	5.6017
848186007048	NaN	NaN	1285.51	752.26	NaN	5.6126
848186015382	NaN	NaN	1273.36	750.96	NaN	5.6245
848186023715	NaN	NaN	1284.81	762.71	NaN	5.6038
848186032047	NaN	NaN	1287.95	770.47	NaN	5.6051
848186040381	NaN	NaN	1281.39	758.01	NaN	5.5960
848186048714	NaN	NaN	1274.94	762.25	NaN	5.6204
848186057047	NaN	NaN	1281.34	750.44	NaN	5.6202
848186065380	NaN	NaN	1281.08	753.11	NaN	5.6254
848186073714	NaN	NaN	1281.01	744.77	NaN	5.6011
848186082048	NaN	NaN	1268.78	752.38	NaN	5.6193
848186090380	NaN	NaN	1274.18	753.02	NaN	5.6138
848186098714	NaN	NaN	1275.16	764.89	NaN	5.6310
848186107047	NaN	NaN	1285.60	754.34	NaN	5.6289
848186115379	NaN	NaN	1285.41	752.49	NaN	5.6239
848186123713	NaN	NaN	1284.73	750.61	NaN	5.6084
848186132051	NaN	NaN	1279.73	746.31	NaN	5.6039
848186140384	NaN	NaN	1276.35	760.46	NaN	5.6316
848186148718	NaN	NaN	1279.34	759.96	NaN	5.6059
848186157051	NaN	NaN	1285.74	759.92	NaN	5.6005
848186165385	NaN	NaN	1293.96	759.95	NaN	5.5944
848186173718	NaN	NaN	1286.43	763.49	NaN	5.6191
848186182051	NaN	NaN	1283.20	767.04	NaN	5.6155
848186190384	NaN	NaN	1290.70	765.30	NaN	5.6153
848186198717	NaN	NaN	1282.49	763.18	NaN	5.6160
848186207050	NaN	NaN	1278.02	762.35	NaN	5.6201
848186215383	NaN	NaN	1285.15	752.98	NaN	5.6141
848186223717	NaN	NaN	1275.21	759.58	NaN	5.6460
848186232050	NaN	NaN	1285.62	757.03	NaN	5.6463
848186240383	NaN	NaN	1287.95	759.63	NaN	5.6325
848186248717	NaN	NaN	1289.77	753.12	NaN	5.6341
848186257054	NaN	NaN	1282.70	752.04	NaN	5.6375
848186265387	NaN	NaN	1284.14	733.12	NaN	5.6180
848186273721	NaN	NaN	1288.33	724.56	NaN	5.6194
848186282053	NaN	NaN	1286.02	725.04	NaN	5.6157
848186290386	NaN	NaN	1281.00	723.20	NaN	5.6192
848186298720	NaN	NaN	1285.68	731.32	NaN	5.6107
848186307053	NaN	NaN	1276.83	742.61	NaN	5.6351
848186315386	NaN	NaN	1286.63	739.04	NaN	5.6070
848186323720	NaN	NaN	1279.59	739.76	NaN	5.6276
848186332053	NaN	NaN	1283.05	733.44	NaN	5.6037
848186340386	NaN	NaN	1292.48	730.30	NaN	5.6273
848186348722	NaN	NaN	1298.34	728.56	NaN	5.6238
848186357055	NaN	NaN	1292.55	718.97	NaN	5.6251
848186365387	NaN	NaN	1291.41	717.18	NaN	5.6230
848186373721	NaN	NaN	1294.25	720.25	NaN	5.6204
848186382054	NaN	NaN	1283.87	722.62	NaN	5.6294
848186390392	NaN	NaN	1292.66	715.95	NaN	5.6060
848186398726	NaN	NaN	1294.80	718.34	NaN	5.6112
848186407059	NaN	NaN	1291.14	730.20	NaN	5.6225
848186415392	NaN	NaN	1290.08	727.42	NaN	5.6235
848186423726	NaN	NaN	1287.57	729.72	NaN	5.6266
848186432059	NaN	NaN	1284.46	736.54	NaN	5.6261
848186440391	NaN	NaN	1293.32	739.36	NaN	5.6082
848186448724	NaN	NaN	1284.23	740.59	NaN	5.6331
848186457058	NaN	NaN	1281.01	728.67	NaN	5.6140
848186465391	NaN	NaN	1282.80	732.62	NaN	5.6260
848186473725	NaN	NaN	1289.27	723.49	NaN	5.6212
848186482058	NaN	NaN	1283.59	715.58	NaN	5.6254
848186490391	NaN	NaN	1275.47	726.65	NaN	5.6292
848186498725	NaN	NaN	1287.50	725.38	NaN	5.6091
848186507058	NaN	NaN	1284.43	732.06	NaN	5.6147
848186515391	NaN	NaN	1279.71	741.15	NaN	5.6321
848186523729	NaN	NaN	1270.86	732.55	NaN	5.6245
848186532062	NaN	NaN	1274.52	724.29	NaN	5.6246
848186540395	NaN	NaN	1278.92	722.28	NaN	5.6127
848186548729	NaN	NaN	1283.92	717.26	NaN	5.6005
848186557062	NaN	NaN	1285.63	717.13	NaN	5.6149
848186565395	NaN	NaN	1283.71	714.82	NaN	5.6116
848186573729	NaN	NaN	1278.56	715.35	NaN	5.6223
848186582062	NaN	NaN	1278.44	713.62	NaN	5.6278
848186590395	NaN	NaN	1273.03	719.61	NaN	5.6154
848186598728	NaN	NaN	1271.61	715.25	NaN	5.6344
848186607061	NaN	NaN	1270.70	721.82	NaN	5.6310
848186615394	NaN	NaN	1272.36	724.99	NaN	5.6314
848186623727	NaN	NaN	1271.57	727.31	NaN	5.6366
848186632061	NaN	NaN	1274.34	729.01	NaN	5.6323
848186640394	NaN	NaN	1273.83	726.09	NaN	5.6214
848186648727	NaN	NaN	1272.66	725.28	NaN	5.6282
848186657066	NaN	NaN	1280.27	722.15	NaN	5.6144
848186665399	NaN	NaN	1285.00	722.73	NaN	5.5970
848186673732	NaN	NaN	1278.80	726.23	NaN	5.6186
848186682066	NaN	NaN	1281.07	727.36	NaN	5.6107
848186690398	NaN	NaN	1281.34	725.46	NaN	5.5985
848186698731	NaN	NaN	1278.75	728.39	NaN	5.6140
848186707065	NaN	NaN	1277.38	726.43	NaN	5.6291
848186715398	NaN	NaN	1284.47	722.57	NaN	5.6077
848186723731	NaN	NaN	1287.85	719.66	NaN	5.5793
848186732065	NaN	NaN	1286.17	722.70	NaN	5.5987
848186740398	NaN	NaN	1281.97	721.01	NaN	5.5989
848186748731	NaN	NaN	1281.93	730.79	NaN	5.6057
848186757065	NaN	NaN	1286.71	728.71	NaN	5.5965
848186765398	NaN	NaN	1282.39	725.58	NaN	5.5935
848186773730	NaN	NaN	1285.59	719.91	NaN	5.5832
848186782068	NaN	NaN	1282.50	725.97	NaN	5.5976
848186790401	NaN	NaN	1281.26	712.04	NaN	5.5827
848186798734	NaN	NaN	1270.23	740.36	NaN	5.5854
848186807068	NaN	NaN	1272.74	770.93	NaN	5.5709
848186815401	NaN	NaN	1270.01	798.52	NaN	5.5842
848186823734	NaN	NaN	1264.14	815.56	NaN	5.5990
848186832068	NaN	NaN	1281.18	807.53	NaN	5.5831
848186840401	NaN	NaN	NaN	NaN	NaN	NaN
848186848733	NaN	NaN	1284.97	797.52	NaN	5.5524
848186857067	NaN	NaN	1277.82	800.29	NaN	5.5610
848186865400	NaN	NaN	1270.95	808.03	NaN	5.5671
848186873733	NaN	NaN	1270.55	807.89	NaN	5.5732
848186882067	NaN	NaN	1277.59	812.60	NaN	5.5571
848186890400	NaN	NaN	1272.50	806.20	NaN	5.5417
848186898733	NaN	NaN	1278.28	807.57	NaN	5.5530
848186907067	NaN	NaN	1271.14	814.69	NaN	5.5536
848186915405	NaN	NaN	1273.51	815.21	NaN	5.5462
848186923738	NaN	NaN	1269.52	815.75	NaN	5.5502
848186932071	NaN	NaN	1272.80	810.52	NaN	5.5435
848186940404	NaN	NaN	1278.87	809.31	NaN	5.5375
848186948737	NaN	NaN	1275.65	809.97	NaN	5.5332
848186957071	NaN	NaN	1278.08	813.35	NaN	5.5325
848186965404	NaN	NaN	1277.02	809.61	NaN	5.5205
848186973737	NaN	NaN	1280.12	807.16	NaN	5.5292
848186982070	NaN	NaN	1269.72	813.18	NaN	5.5376
848186990404	NaN	NaN	1274.52	809.39	NaN	5.5365
848186998737	NaN	NaN	1270.48	814.01	NaN	5.5341
848187007070	NaN	NaN	1266.35	812.92	NaN	5.5327
848187015403	NaN	NaN	1275.29	814.63	NaN	5.5387
848187023736	NaN	NaN	1299.61	807.51	NaN	5.5075
848187032069	NaN	NaN	1297.47	796.48	NaN	5.5074
848187040403	NaN	NaN	1287.71	798.81	NaN	5.5281
848187048741	NaN	NaN	1288.88	794.69	NaN	5.5265
848187057075	NaN	NaN	1290.28	798.84	NaN	5.5154
848187065408	NaN	NaN	1287.71	799.61	NaN	5.5237
848187073741	NaN	NaN	1292.97	794.97	NaN	5.5086
848187082075	NaN	NaN	1285.94	801.48	NaN	5.5216
848187090408	NaN	NaN	1294.61	806.87	NaN	5.5048
848187098740	NaN	NaN	1286.26	797.82	NaN	5.5077
848187107074	NaN	NaN	1297.39	799.47	NaN	5.5052
848187115407	NaN	NaN	1282.85	797.55	NaN	5.5270
848187123740	NaN	NaN	1286.81	799.09	NaN	5.5215
848187132074	NaN	NaN	1298.30	792.38	NaN	5.5087
848187140407	NaN	NaN	1289.94	793.24	NaN	5.5284
848187148740	NaN	NaN	1288.09	793.26	NaN	5.5237
848187157073	NaN	NaN	1279.23	785.28	NaN	5.5307
848187165407	NaN	NaN	1281.92	795.06	NaN	5.5149
848187173740	NaN	NaN	1285.23	790.23	NaN	5.5271
848187182076	NaN	NaN	NaN	NaN	NaN	NaN
848187190410	NaN	NaN	1289.89	784.60	NaN	5.5236
848187198743	NaN	NaN	1286.35	788.28	NaN	5.5237
848187207076	NaN	NaN	1284.95	791.19	NaN	5.5252
848187215410	NaN	NaN	1276.08	791.95	NaN	5.5436
848187223743	NaN	NaN	1281.43	782.94	NaN	5.5441
848187232076	NaN	NaN	1283.80	781.17	NaN	5.5267
848187240410	NaN	NaN	1283.85	784.27	NaN	5.5327
848187248743	NaN	NaN	1291.10	779.04	NaN	5.5366
848187257075	NaN	NaN	1288.45	764.25	NaN	5.5382
848187265409	NaN	NaN	1289.57	759.25	NaN	5.5327
848187273742	NaN	NaN	1305.83	737.30	NaN	5.5235
848187282067	NaN	NaN	1304.46	731.11	NaN	5.5326
848187290400	NaN	NaN	1305.68	732.65	NaN	5.5169
848187298734	NaN	NaN	1303.37	741.87	NaN	5.5211
848187307073	NaN	NaN	1295.66	730.23	NaN	5.5298
848187315406	NaN	NaN	1296.10	735.80	NaN	5.5269
848187323739	NaN	NaN	1299.20	735.52	NaN	5.5236
848187332073	NaN	NaN	1303.18	738.64	NaN	5.5387
848187340405	NaN	NaN	1297.37	744.83	NaN	5.5446
848187348738	NaN	NaN	1293.63	739.01	NaN	5.5421
848187357073	NaN	NaN	1303.80	744.94	NaN	5.5454
848187365406	NaN	NaN	1295.21	744.22	NaN	5.5420
848187373739	NaN	NaN	1291.03	750.24	NaN	5.5799
848187382073	NaN	NaN	1291.89	738.87	NaN	5.5593
848187390406	NaN	NaN	1282.45	739.81	NaN	5.5692
848187398740	NaN	NaN	1292.27	746.14	NaN	5.5669
848187407073	NaN	NaN	1282.64	753.30	NaN	5.5748
848187415406	NaN	NaN	1285.74	746.00	NaN	5.5693
848187423738	NaN	NaN	1296.12	732.06	NaN	5.5617
848187432072	NaN	NaN	1283.68	744.70	NaN	5.5805
848187440411	NaN	NaN	1279.62	742.75	NaN	5.5906
848187448744	NaN	NaN	1286.82	748.02	NaN	5.5738
848187457077	NaN	NaN	1271.60	751.45	NaN	5.5949
848187465410	NaN	NaN	1290.21	748.98	NaN	5.5677
848187473744	NaN	NaN	1277.14	752.79	NaN	5.5868
848187482076	NaN	NaN	1284.62	753.99	NaN	5.5760
848187490409	NaN	NaN	1269.64	749.58	NaN	5.6027
848187498743	NaN	NaN	1289.17	751.39	NaN	5.5709
848187507075	NaN	NaN	1288.53	741.84	NaN	5.5677
848187515409	NaN	NaN	1276.58	745.18	NaN	5.6052
848187523750	NaN	NaN	1280.01	742.53	NaN	5.5865
848187532083	NaN	NaN	1273.61	744.79	NaN	5.5918
848187540417	NaN	NaN	1272.70	742.46	NaN	5.5901
848187548750	NaN	NaN	1291.00	751.70	NaN	5.5862
848187557083	NaN	NaN	1286.69	741.13	NaN	5.5705
848187565417	NaN	NaN	1282.39	752.32	NaN	5.6040
848187573754	NaN	NaN	1283.13	736.90	NaN	5.5965
848187582087	NaN	NaN	1273.53	734.67	NaN	5.5928
848187590419	NaN	NaN	1274.91	722.66	NaN	5.6035
848187598753	NaN	NaN	1281.92	728.44	NaN	5.5966
848187607087	NaN	NaN	1269.53	743.04	NaN	5.6166
848187615420	NaN	NaN	1269.35	729.76	NaN	5.6141
848187623753	NaN	NaN	1284.68	737.48	NaN	5.6015
848187632086	NaN	NaN	1283.45	740.23	NaN	5.5979
848187640419	NaN	NaN	1276.17	736.62	NaN	5.6073
848187648751	NaN	NaN	1278.34	731.69	NaN	5.6005
848187657084	NaN	NaN	1288.11	733.34	NaN	5.5845
848187665417	NaN	NaN	1289.23	737.26	NaN	5.5866
848187673750	NaN	NaN	1278.68	737.38	NaN	5.6064
848187682083	NaN	NaN	1279.25	729.94	NaN	5.6124
848187690417	NaN	NaN	1280.01	720.44	NaN	5.5934
848187698755	NaN	NaN	1278.94	722.45	NaN	5.6147
848187707089	NaN	NaN	1275.21	714.53	NaN	5.6069
848187715421	NaN	NaN	1270.88	723.75	NaN	5.6095
848187723755	NaN	NaN	1276.08	714.69	NaN	5.6128
848187732089	NaN	NaN	1282.13	720.36	NaN	5.6130
848187740422	NaN	NaN	1281.58	722.72	NaN	5.6130
848187748754	NaN	NaN	1286.68	721.80	NaN	5.6078
848187757087	NaN	NaN	1290.51	714.87	NaN	5.5988
848187765420	NaN	NaN	1274.87	726.08	NaN	5.6209
848187773754	NaN	NaN	1282.05	727.39	NaN	5.6129
848187782088	NaN	NaN	1305.72	732.57	NaN	5.6086
848187790421	NaN	NaN	1372.97	699.64	NaN	5.6222
848187798756	NaN	NaN	1442.42	659.99	NaN	5.6281
848187807089	NaN	NaN	1486.67	625.10	NaN	5.6059
848187815423	NaN	NaN	1547.12	588.88	NaN	5.5798
848187823756	NaN	NaN	1571.04	543.57	NaN	5.5739
848187832093	NaN	NaN	1577.71	502.21	NaN	5.5497
848187840428	NaN	NaN	1567.17	500.65	NaN	5.5452
848187848761	NaN	NaN	1559.65	524.76	NaN	5.5724
848187857092	NaN	NaN	1568.36	518.04	NaN	5.5769
848187865428	NaN	NaN	1565.45	518.05	NaN	5.5835
848187873761	NaN	NaN	1558.68	516.30	NaN	5.5895
848187882094	NaN	NaN	1553.12	509.73	NaN	5.5962
848187890427	NaN	NaN	1560.55	516.87	NaN	5.5848
848187898761	NaN	NaN	1563.03	515.14	NaN	5.6066
848187907095	NaN	NaN	1563.98	510.67	NaN	5.5991
848187915427	NaN	NaN	1574.51	518.58	NaN	5.5927
848187923760	NaN	NaN	1562.45	519.70	NaN	5.5967
848187932093	NaN	NaN	1566.91	519.74	NaN	5.5921
848187940427	NaN	NaN	1556.65	520.12	NaN	5.5969
848187948760	NaN	NaN	1570.70	515.40	NaN	5.5923
848187957094	NaN	NaN	1569.76	521.58	NaN	5.6122
848187965431	NaN	NaN	1575.57	521.70	NaN	5.5957
848187973764	NaN	NaN	1568.74	526.36	NaN	5.6106
848187982097	NaN	NaN	1571.28	522.49	NaN	5.5946
848187990430	NaN	NaN	1565.35	517.94	NaN	5.6025
848187998763	NaN	NaN	1561.63	525.24	NaN	5.5938
848188007096	NaN	NaN	1494.39	558.83	NaN	5.6232
848188015429	NaN	NaN	1406.53	597.67	NaN	5.6613
848188023763	NaN	NaN	1327.55	653.48	NaN	5.6861
848188032096	NaN	NaN	1301.86	701.02	NaN	5.6669
848188040430	NaN	NaN	1319.76	712.92	NaN	5.6600
848188048763	NaN	NaN	1330.04	694.64	NaN	5.6591
848188057096	NaN	NaN	1329.45	688.40	NaN	5.6390
848188065429	NaN	NaN	1315.53	690.31	NaN	5.6689
848188073761	NaN	NaN	1312.02	690.91	NaN	5.6636
848188082095	NaN	NaN	1317.81	683.61	NaN	5.6322
848188090428	NaN	NaN	1312.19	686.39	NaN	5.6423
848188098767	NaN	NaN	1310.01	687.19	NaN	5.6418
848188107100	NaN	NaN	1309.49	696.81	NaN	5.6629
848188115434	NaN	NaN	1304.30	696.55	NaN	5.6662
848188123767	NaN	NaN	1319.85	692.08	NaN	5.6443
848188132100	NaN	NaN	1317.84	692.53	NaN	5.6503
848188140433	NaN	NaN	1320.45	693.56	NaN	5.6461
848188148767	NaN	NaN	1316.77	688.23	NaN	5.6607
848188157099	NaN	NaN	1323.58	688.75	NaN	5.6586
848188165432	NaN	NaN	1326.55	675.75	NaN	5.6416
848188173765	NaN	NaN	1313.82	678.23	NaN	5.6689
848188182099	NaN	NaN	1315.59	679.73	NaN	5.6573
848188190433	NaN	NaN	1319.40	672.21	NaN	5.6333
848188198765	NaN	NaN	1310.06	680.10	NaN	5.6471
848188207099	NaN	NaN	1316.78	675.54	NaN	5.6370
848188215433	NaN	NaN	1312.18	678.13	NaN	5.6354
848188223769	NaN	NaN	1278.63	693.77	NaN	5.6395
848188232103	NaN	NaN	1254.37	729.39	NaN	5.6577
848188240435	NaN	NaN	1271.68	721.72	NaN	5.6546
848188248769	NaN	NaN	1281.86	718.94	NaN	5.6394
848188257102	NaN	NaN	1285.80	716.98	NaN	5.6258
848188265435	NaN	NaN	1275.26	726.68	NaN	5.6590
848188273768	NaN	NaN	1276.99	717.22	NaN	5.6462
848188282102	NaN	NaN	1276.28	720.88	NaN	5.6457
848188290436	NaN	NaN	1276.98	720.19	NaN	5.6413
848188298769	NaN	NaN	1280.98	719.10	NaN	5.6273
848188307102	NaN	NaN	1281.91	716.36	NaN	5.6331
848188315435	NaN	NaN	1273.75	716.57	NaN	5.6329
848188323767	NaN	NaN	1273.24	714.43	NaN	5.6423
848188332101	NaN	NaN	1267.12	709.03	NaN	5.6481
848188340434	NaN	NaN	1263.91	710.44	NaN	5.6473
848188348767	NaN	NaN	1267.25	709.61	NaN	5.6360
848188357106	NaN	NaN	1256.50	719.10	NaN	5.6563
848188365439	NaN	NaN	1261.17	717.39	NaN	5.6532
848188373773	NaN	NaN	1262.63	716.37	NaN	5.6447
848188382106	NaN	NaN	1262.67	717.72	NaN	5.6509
848188390439	NaN	NaN	1268.26	716.39	NaN	5.6219
848188398772	NaN	NaN	1277.86	711.40	NaN	5.6343
848188407105	NaN	NaN	1271.59	716.07	NaN	5.6444
848188415439	NaN	NaN	1275.71	720.11	NaN	5.6499
848188423772	NaN	NaN	1273.74	723.24	NaN	5.6554
848188432105	NaN	NaN	1271.64	723.18	NaN	5.6617
848188440439	NaN	NaN	1275.38	726.88	NaN	5.6364
848188448771	NaN	NaN	1280.49	722.19	NaN	5.6362
848188457105	NaN	NaN	1266.12	721.91	NaN	5.6552
848188465438	NaN	NaN	1270.72	714.10	NaN	5.6491
848188473771	NaN	NaN	1266.51	704.22	NaN	5.6440
848188482104	NaN	NaN	1255.23	712.24	NaN	5.6625
848188490442	NaN	NaN	1265.10	720.81	NaN	5.6268
848188498776	NaN	NaN	1255.36	757.08	NaN	5.6527
848188507109	NaN	NaN	1243.98	782.91	NaN	5.6539
848188515442	NaN	NaN	1248.52	776.33	NaN	5.6509
848188523776	NaN	NaN	1250.20	767.63	NaN	5.6521
848188532100	NaN	NaN	1252.80	766.72	NaN	5.6473
848188540434	NaN	NaN	1256.07	766.21	NaN	5.6351
848188548767	NaN	NaN	1247.42	768.12	NaN	5.6438
848188557100	NaN	NaN	1259.30	764.24	NaN	5.6190
848188565433	NaN	NaN	1248.12	767.90	NaN	5.6415
848188573766	NaN	NaN	1248.41	765.55	NaN	5.6341
848188582099	NaN	NaN	1249.97	772.06	NaN	5.6359
848188590433	NaN	NaN	1248.34	778.50	NaN	5.6425
848188598766	NaN	NaN	1249.51	776.79	NaN	5.6335
848188607100	NaN	NaN	1258.23	770.68	NaN	5.6177
848188615432	NaN	NaN	1252.26	778.17	NaN	5.6367
848188623770	NaN	NaN	1247.96	777.82	NaN	5.6347
848188632104	NaN	NaN	1247.60	778.80	NaN	5.6200
848188640436	NaN	NaN	1245.80	778.95	NaN	5.6258
848188648769	NaN	NaN	1246.08	777.16	NaN	5.6200
848188657102	NaN	NaN	1253.39	777.29	NaN	5.6145
848188665436	NaN	NaN	1252.34	775.18	NaN	5.6098
848188673769	NaN	NaN	1249.24	780.97	NaN	5.6164
848188682102	NaN	NaN	1253.35	776.69	NaN	5.6145
848188690436	NaN	NaN	1256.97	775.00	NaN	5.6018
848188698769	NaN	NaN	1256.76	779.85	NaN	5.6102
848188707103	NaN	NaN	1255.35	779.50	NaN	5.6031
848188715436	NaN	NaN	1247.52	784.25	NaN	5.6112
848188723769	NaN	NaN	1242.88	784.14	NaN	5.6149
848188732102	NaN	NaN	1245.94	785.14	NaN	5.6123
848188740434	NaN	NaN	1245.95	787.46	NaN	5.6144
848188748772	NaN	NaN	1250.48	782.38	NaN	5.6178
848188757106	NaN	NaN	1249.18	779.75	NaN	5.6076
848188765438	NaN	NaN	1245.82	779.14	NaN	5.6039
848188773772	NaN	NaN	1252.00	769.71	NaN	5.6093
848188782105	NaN	NaN	1255.80	769.12	NaN	5.5848
848188790439	NaN	NaN	1259.81	765.31	NaN	5.5878
848188798773	NaN	NaN	1246.28	769.89	NaN	5.6180
848188807105	NaN	NaN	1271.08	772.27	NaN	5.5924
848188815439	NaN	NaN	1260.49	770.12	NaN	5.5793
848188823771	NaN	NaN	1264.47	768.94	NaN	5.5741
848188832105	NaN	NaN	1266.77	776.98	NaN	5.5762
848188840439	NaN	NaN	1257.61	780.88	NaN	5.5828
848188848770	NaN	NaN	1260.08	778.75	NaN	5.5884
848188857104	NaN	NaN	1261.89	781.88	NaN	5.5685
848188865437	NaN	NaN	1269.52	776.20	NaN	5.5663
848188873771	NaN	NaN	1259.91	781.58	NaN	5.5668
848188882110	NaN	NaN	1260.38	788.11	NaN	5.5712
848188890442	NaN	NaN	1265.89	775.73	NaN	5.5642
848188898776	NaN	NaN	1256.55	783.10	NaN	5.5892
848188907109	NaN	NaN	1254.48	776.85	NaN	5.5903
848188915443	NaN	NaN	1266.71	772.51	NaN	5.5551
848188923776	NaN	NaN	1263.99	770.25	NaN	5.5806
848188932109	NaN	NaN	1270.25	762.79	NaN	5.5591
848188940443	NaN	NaN	1264.46	771.58	NaN	5.5706
848188948777	NaN	NaN	1263.44	773.80	NaN	5.5663
848188957110	NaN	NaN	1275.14	777.93	NaN	5.5418
848188965444	NaN	NaN	1267.27	782.11	NaN	5.5567
848188973776	NaN	NaN	1257.46	784.63	NaN	5.5629
848188982108	NaN	NaN	1257.63	791.87	NaN	5.5645
848188990441	NaN	NaN	1254.61	783.48	NaN	5.5572
848188998775	NaN	NaN	1265.19	779.64	NaN	5.5504
848189007108	NaN	NaN	1258.63	778.69	NaN	5.5778
848189015446	NaN	NaN	1262.93	769.08	NaN	5.5689
848189023780	NaN	NaN	1267.77	767.03	NaN	5.5545
848189032113	NaN	NaN	1257.21	780.57	NaN	5.5654
848189040447	NaN	NaN	1267.79	784.06	NaN	5.5461
848189048780	NaN	NaN	1265.27	789.75	NaN	5.5560
848189057112	NaN	NaN	1268.18	786.69	NaN	5.5446
848189065446	NaN	NaN	1269.19	782.84	NaN	5.5332
848189073778	NaN	NaN	1263.25	785.55	NaN	5.5521
848189082112	NaN	NaN	1263.94	781.81	NaN	5.5449
848189090445	NaN	NaN	1270.11	785.17	NaN	5.5262
848189098778	NaN	NaN	1269.96	786.89	NaN	5.5409
848189107112	NaN	NaN	1263.34	779.97	NaN	5.5426
848189115445	NaN	NaN	1265.90	778.17	NaN	5.5254
848189123779	NaN	NaN	1267.29	770.92	NaN	5.5313
848189132112	NaN	NaN	1262.54	775.22	NaN	5.5383
848189140447	NaN	NaN	1277.69	767.10	NaN	5.5114
848189148781	NaN	NaN	1265.18	774.89	NaN	5.5469
848189157114	NaN	NaN	1265.25	779.01	NaN	5.5322
848189165447	NaN	NaN	1276.16	781.05	NaN	5.5227
848189173781	NaN	NaN	1268.66	781.95	NaN	5.5347
848189182114	NaN	NaN	1263.47	780.17	NaN	5.5305
848189190447	NaN	NaN	1268.77	783.80	NaN	5.5210
848189198780	NaN	NaN	1275.75	779.10	NaN	5.5022
848189207114	NaN	NaN	1272.32	786.15	NaN	5.5143
848189215446	NaN	NaN	1285.70	776.59	NaN	5.4931
848189223780	NaN	NaN	1268.53	789.30	NaN	5.5229
848189232114	NaN	NaN	1272.05	784.39	NaN	5.5043
848189240447	NaN	NaN	1270.39	784.10	NaN	5.5136
848189248781	NaN	NaN	1276.67	776.75	NaN	5.4978
848189257114	NaN	NaN	1274.00	780.06	NaN	5.5038
848189265447	NaN	NaN	1270.08	779.86	NaN	5.5091
848189273787	NaN	NaN	1264.51	786.00	NaN	5.5319
848189282119	NaN	NaN	1276.23	773.15	NaN	5.5096
848189290452	NaN	NaN	1274.23	779.87	NaN	5.5135
848189298785	NaN	NaN	1276.35	772.35	NaN	5.5013
848189307118	NaN	NaN	1269.92	771.92	NaN	5.4993
848189315451	NaN	NaN	1267.79	775.41	NaN	5.4962
848189323784	NaN	NaN	1277.65	775.04	NaN	5.4803
848189332118	NaN	NaN	1267.59	786.95	NaN	5.4928
848189340451	NaN	NaN	1264.66	787.88	NaN	5.5248
848189348784	NaN	NaN	1276.87	781.07	NaN	5.4873
848189357119	NaN	NaN	1275.76	778.38	NaN	5.4736
848189365452	NaN	NaN	1265.53	786.87	NaN	5.4886
848189373786	NaN	NaN	1271.21	781.30	NaN	5.4746
848189382118	NaN	NaN	1274.44	783.37	NaN	5.4747
848189390451	NaN	NaN	1270.82	779.39	NaN	5.4748
848189398785	NaN	NaN	1277.19	775.77	NaN	5.4603
848189407123	NaN	NaN	1267.42	778.81	NaN	5.4937
848189415456	NaN	NaN	1273.54	767.27	NaN	5.4671
848189423789	NaN	NaN	1265.30	775.27	NaN	5.4717
848189432121	NaN	NaN	1261.77	771.88	NaN	5.4583
848189440455	NaN	NaN	1262.94	780.46	NaN	5.4619
848189448788	NaN	NaN	1261.52	772.81	NaN	5.4626
848189457122	NaN	NaN	1267.73	778.68	NaN	5.4506
848189465454	NaN	NaN	1261.54	771.87	NaN	5.4502
848189473787	NaN	NaN	1270.31	762.81	NaN	5.4180
848189482121	NaN	NaN	1262.42	764.97	NaN	5.4351
848189490454	NaN	NaN	1265.31	765.57	NaN	5.4192
848189498788	NaN	NaN	1262.60	772.89	NaN	5.4220
848189507121	NaN	NaN	1260.96	779.03	NaN	5.4373
848189515454	NaN	NaN	1264.29	767.78	NaN	5.4130
848189523788	NaN	NaN	1272.26	765.72	NaN	5.3911
848189532121	NaN	NaN	1272.52	766.97	NaN	5.3840
848189540459	NaN	NaN	1267.13	771.44	NaN	5.3802
848189548792	NaN	NaN	1254.93	780.84	NaN	5.3922
848189557125	NaN	NaN	1257.07	776.63	NaN	5.3723
848189565458	NaN	NaN	1257.52	788.87	NaN	5.3744
848189573791	NaN	NaN	1264.67	786.27	NaN	5.3637
848189582125	NaN	NaN	1259.37	786.35	NaN	5.3675
848189590458	NaN	NaN	1267.07	777.53	NaN	5.3307
848189598791	NaN	NaN	1256.92	793.91	NaN	5.3641
848189607125	NaN	NaN	1266.14	782.02	NaN	5.3318
848189615458	NaN	NaN	1262.16	776.21	NaN	5.3275
848189623790	NaN	NaN	1257.91	782.83	NaN	5.3403
848189632124	NaN	NaN	1259.78	774.31	NaN	5.3212
848189640457	NaN	NaN	1268.03	776.86	NaN	5.3187
848189648790	NaN	NaN	1264.58	778.12	NaN	5.2970
848189657123	NaN	NaN	1272.31	775.66	NaN	5.2863
848189665460	NaN	NaN	1261.92	781.00	NaN	5.2912
848189673794	NaN	NaN	1263.41	781.29	NaN	5.2862
848189682126	NaN	NaN	1261.22	790.26	NaN	5.2934
848189690460	NaN	NaN	1269.70	780.34	NaN	5.2617
848189698793	NaN	NaN	1269.34	781.57	NaN	5.2745
848189707126	NaN	NaN	1263.02	781.99	NaN	5.2643
848189715459	NaN	NaN	1268.81	775.81	NaN	5.2483
848189723792	NaN	NaN	1269.43	783.05	NaN	5.2526
848189732126	NaN	NaN	1266.45	775.27	NaN	5.2424
848189740459	NaN	NaN	1268.08	771.35	NaN	5.2351
848189748793	NaN	NaN	1271.52	767.75	NaN	5.2173
848189757126	NaN	NaN	1264.55	772.08	NaN	5.2350
848189765459	NaN	NaN	1264.73	773.89	NaN	5.2332
848189773793	NaN	NaN	1262.57	772.53	NaN	5.2153
848189782125	NaN	NaN	1266.97	772.20	NaN	5.2022
848189790458	NaN	NaN	1267.26	774.14	NaN	5.1917
848189798797	NaN	NaN	1266.30	783.10	NaN	5.1817
848189807130	NaN	NaN	1265.46	782.05	NaN	5.1857
848189815464	NaN	NaN	1268.98	781.84	NaN	5.1578
848189823797	NaN	NaN	1256.10	784.85	NaN	5.1723
848189832131	NaN	NaN	1265.52	782.06	NaN	5.1591
848189840464	NaN	NaN	1264.70	787.81	NaN	5.1537
848189848797	NaN	NaN	1263.62	781.07	NaN	5.1571
848189857131	NaN	NaN	1264.32	777.48	NaN	5.1328
848189865464	NaN	NaN	1258.58	776.45	NaN	5.1401
848189873796	NaN	NaN	1265.15	772.34	NaN	5.1121
848189882130	NaN	NaN	1268.35	763.60	NaN	5.0951
848189890463	NaN	NaN	1267.37	773.65	NaN	5.1061
848189898796	NaN	NaN	1267.64	765.12	NaN	5.0970
848189907130	NaN	NaN	1275.81	762.54	NaN	5.0721
848189915464	NaN	NaN	1263.82	771.98	NaN	5.0714
848189923797	NaN	NaN	1261.64	776.82	NaN	5.0730
848189932135	NaN	NaN	1263.35	787.24	NaN	5.0616
848189940468	NaN	NaN	1266.19	779.58	NaN	5.0493
848189948801	NaN	NaN	1262.77	772.76	NaN	5.0274
848189957135	NaN	NaN	1264.02	768.33	NaN	5.0202
848189965468	NaN	NaN	1262.98	775.92	NaN	5.0179
848189973802	NaN	NaN	1259.54	772.55	NaN	5.0300
848189982136	NaN	NaN	1262.89	776.08	NaN	5.0129
848189990469	NaN	NaN	1259.93	779.56	NaN	5.0356
848189998802	NaN	NaN	1252.55	771.55	NaN	5.0149
848190007135	NaN	NaN	1261.91	768.62	NaN	4.9964
848190015467	NaN	NaN	1254.70	775.67	NaN	5.0133
848190023800	NaN	NaN	1261.87	749.02	NaN	4.9845
848190032133	NaN	NaN	1266.43	732.32	NaN	4.9645
848190040467	NaN	NaN	1253.65	724.10	NaN	4.9510
848190048801	NaN	NaN	1253.59	714.90	NaN	4.9431
848190057134	NaN	NaN	1251.11	718.69	NaN	4.9387
848190065471	NaN	NaN	1253.04	718.23	NaN	4.9589
848190073804	NaN	NaN	1251.60	712.05	NaN	4.9382
848190082138	NaN	NaN	1254.70	711.45	NaN	4.9553
848190090471	NaN	NaN	1253.34	709.98	NaN	4.9451
848190098804	NaN	NaN	1250.51	712.93	NaN	4.9443
848190107137	NaN	NaN	1247.86	712.77	NaN	4.9395
848190115469	NaN	NaN	1256.77	716.22	NaN	4.9315
848190123803	NaN	NaN	1253.03	721.73	NaN	4.9501
848190132137	NaN	NaN	1256.63	718.30	NaN	4.9325
848190140469	NaN	NaN	1263.73	713.98	NaN	4.9127
848190148803	NaN	NaN	1259.67	714.81	NaN	4.9235
848190157136	NaN	NaN	1261.25	714.36	NaN	4.9115
848190165470	NaN	NaN	1260.65	712.72	NaN	4.9207
848190173803	NaN	NaN	1255.53	716.01	NaN	4.9151
848190182136	NaN	NaN	1258.05	710.74	NaN	4.8942
848190190475	NaN	NaN	1259.87	714.65	NaN	4.9084
848190198808	NaN	NaN	1254.43	715.78	NaN	4.9234
848190207142	NaN	NaN	1256.50	712.20	NaN	4.9050
848190215475	NaN	NaN	1255.77	705.69	NaN	4.8853
848190223808	NaN	NaN	1253.22	718.27	NaN	4.9050
848190232142	NaN	NaN	1252.38	714.83	NaN	4.9023
848190240474	NaN	NaN	1260.17	705.59	NaN	4.8842
848190248808	NaN	NaN	1258.43	714.37	NaN	4.8752
848190257142	NaN	NaN	1260.60	710.39	NaN	4.8799
848190265474	NaN	NaN	1255.97	713.38	NaN	4.8947
848190273807	NaN	NaN	1253.74	710.15	NaN	4.8813
848190282140	NaN	NaN	1259.38	711.75	NaN	4.8900
848190290474	NaN	NaN	1259.36	710.92	NaN	4.8778
848190298807	NaN	NaN	1264.11	711.53	NaN	4.8680
848190307140	NaN	NaN	1257.04	712.98	NaN	4.8720
848190315474	NaN	NaN	1263.39	706.44	NaN	4.8709
848190323813	NaN	NaN	1257.62	703.99	NaN	4.8593
848190332147	NaN	NaN	1257.05	699.12	NaN	4.8592
848190340480	NaN	NaN	1252.54	698.16	NaN	4.8671
848190348813	NaN	NaN	1260.26	702.02	NaN	4.8748
848190357146	NaN	NaN	1259.14	702.45	NaN	4.8734
848190365478	NaN	NaN	1257.66	702.96	NaN	4.8798
848190373812	NaN	NaN	1256.57	693.83	NaN	4.8778
848190382145	NaN	NaN	1261.83	694.41	NaN	4.8741
848190390478	NaN	NaN	1261.00	694.83	NaN	4.8656
848190398812	NaN	NaN	1256.48	699.97	NaN	4.8801
848190407145	NaN	NaN	1264.84	697.75	NaN	4.8635
848190415479	NaN	NaN	1262.85	704.66	NaN	4.8912
848190423812	NaN	NaN	1265.41	701.73	NaN	4.8818
848190432145	NaN	NaN	1254.32	700.52	NaN	4.8829
848190440478	NaN	NaN	1265.36	699.09	NaN	4.8804
848190448811	NaN	NaN	1266.76	701.80	NaN	4.8826
848190457148	NaN	NaN	1267.94	701.28	NaN	4.8816
848190465482	NaN	NaN	1266.97	688.39	NaN	4.8747
848190473815	NaN	NaN	1265.86	699.86	NaN	4.9073
848190482148	NaN	NaN	1257.24	697.45	NaN	4.9107
848190490481	NaN	NaN	1263.16	696.81	NaN	4.9101
848190498815	NaN	NaN	1261.39	690.33	NaN	4.8959
848190507148	NaN	NaN	1265.06	690.46	NaN	4.8994
848190515481	NaN	NaN	1264.22	693.73	NaN	4.9058
848190523814	NaN	NaN	1267.75	701.06	NaN	4.8982
848190532147	NaN	NaN	1260.11	702.80	NaN	4.9415
848190540481	NaN	NaN	1261.64	700.83	NaN	4.9064
848190548814	NaN	NaN	1257.61	701.72	NaN	4.9046
848190557147	NaN	NaN	1260.28	704.45	NaN	4.9330
848190565481	NaN	NaN	1261.96	711.97	NaN	4.9353
848190573813	NaN	NaN	1258.20	706.11	NaN	4.9331
848190582152	NaN	NaN	1264.57	709.86	NaN	4.9487
848190590486	NaN	NaN	1260.43	705.30	NaN	4.9521
848190598819	NaN	NaN	1254.41	700.58	NaN	4.9473
848190607151	NaN	NaN	1265.53	702.20	NaN	4.9576
848190615484	NaN	NaN	1263.92	701.70	NaN	4.9684
848190623818	NaN	NaN	1267.77	697.69	NaN	4.9664
848190632151	NaN	NaN	1269.76	700.20	NaN	4.9596
848190640484	NaN	NaN	1268.48	703.34	NaN	4.9835
848190648818	NaN	NaN	1263.92	702.12	NaN	4.9661
848190657151	NaN	NaN	1263.88	701.64	NaN	4.9779
848190665485	NaN	NaN	1263.57	713.54	NaN	4.9869
848190673818	NaN	NaN	1263.88	710.78	NaN	4.9931
848190682151	NaN	NaN	1263.12	711.33	NaN	5.0087
848190690484	NaN	NaN	1268.24	713.72	NaN	4.9998
848190698816	NaN	NaN	1264.28	709.91	NaN	4.9998
848190707150	NaN	NaN	1276.00	704.57	NaN	4.9902
848190715486	NaN	NaN	1268.76	705.98	NaN	5.0157
848190723818	NaN	NaN	1277.22	700.42	NaN	5.0030
848190732152	NaN	NaN	1267.37	702.43	NaN	5.0309
848190740485	NaN	NaN	1274.07	701.73	NaN	5.0236
848190748819	NaN	NaN	1276.17	699.93	NaN	5.0418
848190757152	NaN	NaN	1275.88	699.67	NaN	5.0315
848190765485	NaN	NaN	1271.87	705.72	NaN	5.0486
848190773818	NaN	NaN	1276.63	702.37	NaN	5.0325
848190782151	NaN	NaN	1275.99	699.84	NaN	5.0446
848190790485	NaN	NaN	1276.97	707.56	NaN	5.0683
848190798818	NaN	NaN	1272.52	708.27	NaN	5.0645
848190807151	NaN	NaN	1276.37	707.68	NaN	5.0608
848190815485	NaN	NaN	1278.78	712.59	NaN	5.0570
848190823817	NaN	NaN	1271.79	718.41	NaN	5.0716
848190832151	NaN	NaN	1273.69	706.98	NaN	5.0668
848190840484	NaN	NaN	1272.65	711.62	NaN	5.0733
848190848823	NaN	NaN	1271.54	708.99	NaN	5.0750
848190857157	NaN	NaN	1266.14	703.65	NaN	5.1099
848190865490	NaN	NaN	1262.37	707.88	NaN	5.1043
848190873824	NaN	NaN	1271.23	700.04	NaN	5.0908
848190882157	NaN	NaN	1268.94	708.38	NaN	5.1165
848190890490	NaN	NaN	1265.18	703.39	NaN	5.1068
848190898824	NaN	NaN	1261.29	707.05	NaN	5.1315
848190907157	NaN	NaN	1272.69	700.36	NaN	5.1138
848190915490	NaN	NaN	1269.94	700.85	NaN	5.1223
848190923824	NaN	NaN	1262.04	711.78	NaN	5.1391
848190932156	NaN	NaN	1266.97	709.59	NaN	5.1398
848190940489	NaN	NaN	1265.81	711.67	NaN	5.1357
848190948822	NaN	NaN	1268.69	708.59	NaN	5.1435
848190957156	NaN	NaN	1267.82	717.37	NaN	5.1682
848190965489	NaN	NaN	1266.05	716.77	NaN	5.1826
848190973822	NaN	NaN	1267.29	709.14	NaN	5.1774
848190982161	NaN	NaN	1272.09	715.56	NaN	5.1856
848190990494	NaN	NaN	1278.14	706.53	NaN	5.1830
848190998828	NaN	NaN	1277.94	711.07	NaN	5.1957
848191007161	NaN	NaN	1270.29	712.27	NaN	5.2060
848191015493	NaN	NaN	1273.64	710.21	NaN	5.2114
848191023827	NaN	NaN	1273.37	710.53	NaN	5.2075
848191032160	NaN	NaN	1273.16	712.64	NaN	5.2215
848191040493	NaN	NaN	1268.48	713.43	NaN	5.2271
848191048827	NaN	NaN	1262.85	715.22	NaN	5.2410
848191057160	NaN	NaN	1268.49	714.56	NaN	5.2329
848191065493	NaN	NaN	1272.43	716.95	NaN	5.2433
848191073826	NaN	NaN	1266.96	723.07	NaN	5.2495
848191082160	NaN	NaN	1267.18	716.70	NaN	5.2573
848191090493	NaN	NaN	1261.92	717.98	NaN	5.2577
848191098825	NaN	NaN	1255.91	721.75	NaN	5.2745
848191107162	NaN	NaN	1260.17	716.45	NaN	5.2652
848191115495	NaN	NaN	1261.61	721.86	NaN	5.2690
848191123829	NaN	NaN	1262.57	718.30	NaN	5.2786
848191132162	NaN	NaN	1266.07	713.84	NaN	5.2806
848191140495	NaN	NaN	1258.52	708.57	NaN	5.2859
848191148829	NaN	NaN	1257.88	707.71	NaN	5.3024
848191157162	NaN	NaN	1270.99	704.86	NaN	5.2980
848191165496	NaN	NaN	1256.43	711.00	NaN	5.3179
848191173829	NaN	NaN	1262.46	702.97	NaN	5.3006
848191182161	NaN	NaN	1266.68	706.27	NaN	5.2828
848191190495	NaN	NaN	1256.15	720.22	NaN	5.3241
848191198828	NaN	NaN	1257.67	721.91	NaN	5.3268
848191207162	NaN	NaN	1265.20	714.70	NaN	5.3121
848191215495	NaN	NaN	1261.72	722.45	NaN	5.3330
848191223828	NaN	NaN	1269.69	720.86	NaN	5.3209
848191232162	NaN	NaN	1263.26	721.61	NaN	5.3362
848191240502	NaN	NaN	1260.28	727.40	NaN	5.3395
848191248836	NaN	NaN	1261.53	721.37	NaN	5.3521
848191257168	NaN	NaN	1258.07	724.33	NaN	5.3670
848191265501	NaN	NaN	1257.22	714.62	NaN	5.3666
848191273835	NaN	NaN	1274.45	709.97	NaN	5.3483
848191282167	NaN	NaN	1267.15	709.59	NaN	5.3511
848191290501	NaN	NaN	1269.75	709.68	NaN	5.3588
848191298835	NaN	NaN	1259.85	719.04	NaN	5.3804
848191307167	NaN	NaN	1269.60	719.29	NaN	5.3704
848191315501	NaN	NaN	1267.08	715.95	NaN	5.3674
848191323834	NaN	NaN	1264.75	716.80	NaN	5.3747
848191332168	NaN	NaN	1260.53	719.08	NaN	5.3952
848191340500	NaN	NaN	1267.85	717.62	NaN	5.4018
848191348833	NaN	NaN	1268.55	721.10	NaN	5.4039
848191357167	NaN	NaN	1275.06	712.28	NaN	5.3748
848191365500	NaN	NaN	1269.02	719.61	NaN	5.4081
848191373838	NaN	NaN	1265.82	729.92	NaN	5.4134
848191382171	NaN	NaN	1271.53	717.67	NaN	5.4069
848191390504	NaN	NaN	1263.00	725.76	NaN	5.4254
848191398838	NaN	NaN	1261.60	718.51	NaN	5.4141
848191407170	NaN	NaN	1267.13	716.67	NaN	5.4223
848191415504	NaN	NaN	1261.03	716.54	NaN	5.4382
848191423836	NaN	NaN	1260.86	715.97	NaN	5.4149
848191432169	NaN	NaN	1259.65	718.34	NaN	5.4532
848191440503	NaN	NaN	1261.20	715.95	NaN	5.4453
848191448836	NaN	NaN	1258.88	716.33	NaN	5.4476
848191457170	NaN	NaN	1259.82	714.15	NaN	5.4440
848191465503	NaN	NaN	1261.63	716.30	NaN	5.4423
848191473836	NaN	NaN	1254.18	719.75	NaN	5.4632
848191482170	NaN	NaN	1258.96	718.95	NaN	5.4595
848191490503	NaN	NaN	1247.53	719.94	NaN	5.4458
848191498836	NaN	NaN	1239.51	729.87	NaN	5.4768
848191507172	NaN	NaN	1254.51	725.07	NaN	5.4557
848191515505	NaN	NaN	1250.90	727.88	NaN	5.4590
848191523838	NaN	NaN	1245.42	727.70	NaN	5.4612
848191532171	NaN	NaN	1246.65	731.41	NaN	5.4874
848191540505	NaN	NaN	1252.43	724.74	NaN	5.4672
848191548838	NaN	NaN	1256.36	725.68	NaN	5.4630
848191557171	NaN	NaN	1253.88	725.67	NaN	5.4664
848191565505	NaN	NaN	1253.29	725.36	NaN	5.4758
848191573838	NaN	NaN	1251.52	726.32	NaN	5.4955
848191582172	NaN	NaN	1258.89	721.24	NaN	5.4728
848191590504	NaN	NaN	1251.32	729.93	NaN	5.5077
848191598837	NaN	NaN	1265.42	720.31	NaN	5.4670
848191607171	NaN	NaN	1252.93	726.35	NaN	5.4897
848191615503	NaN	NaN	1252.79	733.03	NaN	5.5027
848191623837	NaN	NaN	1261.03	725.70	NaN	5.4906
848191632192	NaN	NaN	1259.18	728.77	NaN	5.4983
848191640525	NaN	NaN	1253.85	730.26	NaN	5.4891
848191648858	NaN	NaN	1253.38	732.91	NaN	5.5087
848191657191	NaN	NaN	1256.27	720.77	NaN	5.4946
848191665525	NaN	NaN	1262.05	716.71	NaN	5.4846
848191673857	NaN	NaN	1256.76	722.33	NaN	5.4968
848191682190	NaN	NaN	1247.49	728.72	NaN	5.5162
848191690524	NaN	NaN	1249.99	729.42	NaN	5.5073
848191698857	NaN	NaN	1253.20	726.43	NaN	5.5119
848191707191	NaN	NaN	1254.54	726.92	NaN	5.5074
848191715524	NaN	NaN	1247.24	725.15	NaN	5.5059
848191723857	NaN	NaN	1248.43	726.67	NaN	5.4987
848191732191	NaN	NaN	1252.73	723.96	NaN	5.5067
848191740523	NaN	NaN	1251.57	735.28	NaN	5.5134
848191748857	NaN	NaN	1258.87	727.23	NaN	5.4912
848191757190	NaN	NaN	1265.67	714.10	NaN	5.4807
848191765512	NaN	NaN	1260.30	725.36	NaN	5.4944
848191773846	NaN	NaN	1261.76	724.39	NaN	5.5045
848191782179	NaN	NaN	1261.52	719.56	NaN	5.4843
848191790513	NaN	NaN	1259.20	721.99	NaN	5.5076
848191798846	NaN	NaN	1260.84	720.75	NaN	5.5043
848191807179	NaN	NaN	1265.13	714.51	NaN	5.4840
848191815513	NaN	NaN	1260.87	718.66	NaN	5.5017
848191823846	NaN	NaN	1264.81	719.12	NaN	5.4846
848191832180	NaN	NaN	1258.35	726.47	NaN	5.4846
848191840512	NaN	NaN	1264.94	721.70	NaN	5.4712
848191848845	NaN	NaN	1265.14	719.91	NaN	5.4683
848191857179	NaN	NaN	1267.94	719.67	NaN	5.4780
848191865511	NaN	NaN	1272.74	712.34	NaN	5.4476
848191873845	NaN	NaN	1260.64	722.59	NaN	5.4832
848191882179	NaN	NaN	1259.64	716.91	NaN	5.4778
848191890511	NaN	NaN	1262.50	715.16	NaN	5.4719
848191898850	NaN	NaN	1266.61	712.21	NaN	5.4608
848191907183	NaN	NaN	1270.40	713.06	NaN	5.4442
848191915517	NaN	NaN	1257.63	728.10	NaN	5.4827
848191923849	NaN	NaN	1259.64	725.19	NaN	5.4689
848191932182	NaN	NaN	1268.48	720.88	NaN	5.4523
848191940516	NaN	NaN	1263.85	721.94	NaN	5.4566
848191948849	NaN	NaN	1267.62	725.81	NaN	5.4565
848191957182	NaN	NaN	1270.59	714.10	NaN	5.4489
848191965516	NaN	NaN	1267.49	734.20	NaN	5.4440
848191973849	NaN	NaN	1243.37	766.03	NaN	5.4734
848191982182	NaN	NaN	1234.77	769.43	NaN	5.4486
848191990515	NaN	NaN	1228.51	770.28	NaN	5.4714
848191998848	NaN	NaN	1240.61	763.18	NaN	5.4555
848192007180	NaN	NaN	1238.60	769.29	NaN	5.4614
848192015513	NaN	NaN	1236.71	765.90	NaN	5.4520
848192023853	NaN	NaN	1230.48	769.41	NaN	5.4669
848192032185	NaN	NaN	1233.70	763.35	NaN	5.4483
848192040520	NaN	NaN	1232.59	762.96	NaN	5.4580
848192048852	NaN	NaN	1232.85	758.70	NaN	5.4484
848192057185	NaN	NaN	1228.59	754.14	NaN	5.4570
848192065519	NaN	NaN	1236.88	754.42	NaN	5.4479
848192073851	NaN	NaN	1237.70	757.87	NaN	5.4462
848192082184	NaN	NaN	1233.52	757.70	NaN	5.4565
848192090518	NaN	NaN	1235.59	758.95	NaN	5.4388
848192098851	NaN	NaN	1226.93	763.87	NaN	5.4619
848192107184	NaN	NaN	1237.29	761.15	NaN	5.4357
848192115517	NaN	NaN	1231.72	765.46	NaN	5.4460
848192123851	NaN	NaN	1235.47	767.42	NaN	5.4468
848192132184	NaN	NaN	1237.82	758.64	NaN	5.4449
848192140517	NaN	NaN	1239.50	770.89	NaN	5.4566
848192148851	NaN	NaN	1212.56	783.44	NaN	5.4645
848192157189	NaN	NaN	1203.42	788.75	NaN	5.4595
848192165521	NaN	NaN	1204.87	785.05	NaN	5.4639
848192173854	NaN	NaN	1208.82	781.98	NaN	5.4477
848192182187	NaN	NaN	1209.55	775.03	NaN	5.4557
848192190521	NaN	NaN	1209.90	771.34	NaN	5.4601
848192198853	NaN	NaN	1204.67	768.51	NaN	5.4613
848192207187	NaN	NaN	1201.12	771.15	NaN	5.4789
848192215521	NaN	NaN	1208.05	762.40	NaN	5.4568
848192223853	NaN	NaN	1207.05	762.80	NaN	5.4417
848192232187	NaN	NaN	1203.54	766.75	NaN	5.4597
848192240520	NaN	NaN	1209.72	770.97	NaN	5.4479
848192248853	NaN	NaN	1210.55	774.53	NaN	5.4485
848192257186	NaN	NaN	1209.53	785.29	NaN	5.4429
848192265519	NaN	NaN	1202.49	787.14	NaN	5.4577
848192273853	NaN	NaN	1210.46	784.45	NaN	5.4465
848192282186	NaN	NaN	1210.51	783.11	NaN	5.4321
848192290525	NaN	NaN	1214.37	784.83	NaN	5.4415
848192298858	NaN	NaN	1209.83	783.86	NaN	5.4347
848192307191	NaN	NaN	1202.97	784.85	NaN	5.4431
848192315524	NaN	NaN	1215.50	784.14	NaN	5.4373
848192323857	NaN	NaN	1209.13	775.22	NaN	5.4283
848192332190	NaN	NaN	1208.66	773.02	NaN	5.4284
848192340524	NaN	NaN	1206.25	771.48	NaN	5.4504
848192348856	NaN	NaN	1207.80	769.82	NaN	5.4418
848192357190	NaN	NaN	1208.81	765.61	NaN	5.4323
848192365523	NaN	NaN	1209.04	767.69	NaN	5.4290
848192373857	NaN	NaN	1209.61	767.46	NaN	5.4387
848192382190	NaN	NaN	1209.44	773.02	NaN	5.4313
848192390523	NaN	NaN	1207.56	772.14	NaN	5.4327
848192398857	NaN	NaN	1210.02	779.18	NaN	5.4351
848192407190	NaN	NaN	1206.33	783.72	NaN	5.4414
848192415528	NaN	NaN	1202.82	785.77	NaN	5.4539
848192423861	NaN	NaN	1205.60	785.02	NaN	5.4293
848192432194	NaN	NaN	1209.06	779.87	NaN	5.4337
848192440527	NaN	NaN	1199.33	780.76	NaN	5.4498
848192448860	NaN	NaN	1209.73	773.95	NaN	5.4239
848192457194	NaN	NaN	1204.74	771.70	NaN	5.4344
848192465527	NaN	NaN	1200.26	776.23	NaN	5.4356
848192473860	NaN	NaN	1200.49	768.89	NaN	5.4320
848192482193	NaN	NaN	1204.74	766.30	NaN	5.4247
848192490526	NaN	NaN	1201.50	769.02	NaN	5.4345
848192498861	NaN	NaN	1204.49	767.79	NaN	5.4247
848192507194	NaN	NaN	1200.68	767.80	NaN	5.4209
848192515527	NaN	NaN	1202.95	765.28	NaN	5.4386
848192523861	NaN	NaN	1203.04	766.34	NaN	5.4115
848192532194	NaN	NaN	1205.48	770.94	NaN	5.4178
848192540527	NaN	NaN	1201.46	771.34	NaN	5.4150
848192548867	NaN	NaN	1202.42	771.27	NaN	5.4196
848192557198	NaN	NaN	1200.97	778.87	NaN	5.4134
848192565532	NaN	NaN	1201.28	779.14	NaN	5.4193
848192573864	NaN	NaN	1204.17	774.80	NaN	5.4199
848192582199	NaN	NaN	1202.94	768.32	NaN	5.3958
848192590532	NaN	NaN	1202.20	770.19	NaN	5.4088
848192598864	NaN	NaN	1205.82	766.06	NaN	5.3967
848192607198	NaN	NaN	1200.02	765.25	NaN	5.4083
848192615532	NaN	NaN	1202.58	765.42	NaN	5.4081
848192623866	NaN	NaN	1204.16	768.35	NaN	5.4117
848192632199	NaN	NaN	1203.74	767.37	NaN	5.4153
848192640532	NaN	NaN	1198.66	771.00	NaN	5.4023
848192648865	NaN	NaN	1203.37	767.37	NaN	5.4003
848192657198	NaN	NaN	1201.49	768.64	NaN	5.3990
848192665531	NaN	NaN	1202.07	771.14	NaN	5.3990
848192673864	NaN	NaN	1205.96	769.68	NaN	5.3874
848192682205	NaN	NaN	1203.35	771.69	NaN	5.3823
848192690539	NaN	NaN	1202.84	777.00	NaN	5.3928
848192698872	NaN	NaN	1197.71	776.85	NaN	5.3966
848192707206	NaN	NaN	1208.07	770.87	NaN	5.3945
848192715539	NaN	NaN	1204.31	769.17	NaN	5.4017
848192723872	NaN	NaN	1201.83	772.36	NaN	5.3989
848192732206	NaN	NaN	1199.79	769.25	NaN	5.3958
848192740540	NaN	NaN	1199.87	768.15	NaN	5.3914
848192748873	NaN	NaN	1205.59	765.29	NaN	5.3835
848192757206	NaN	NaN	1199.82	770.15	NaN	5.3942
848192765539	NaN	NaN	1198.43	763.75	NaN	5.3817
848192773872	NaN	NaN	1201.38	766.35	NaN	5.3900
848192782205	NaN	NaN	1207.90	763.90	NaN	5.3750
848192790539	NaN	NaN	1208.32	767.11	NaN	5.3817
848192798872	NaN	NaN	1205.46	770.25	NaN	5.3842
848192807205	NaN	NaN	1211.89	776.65	NaN	5.3721
848192815537	NaN	NaN	1255.33	773.78	NaN	5.3790
848192823869	NaN	NaN	1305.15	774.49	NaN	5.3689
848192832203	NaN	NaN	1311.42	778.27	NaN	5.3371
848192840536	NaN	NaN	1299.78	772.28	NaN	5.3503
848192848869	NaN	NaN	1299.45	761.74	NaN	5.3304
848192857203	NaN	NaN	1304.12	758.97	NaN	5.3208
848192865536	NaN	NaN	1299.98	759.73	NaN	5.3381
848192873869	NaN	NaN	1298.74	760.04	NaN	5.3333
848192882203	NaN	NaN	1295.18	759.16	NaN	5.3325
848192890536	NaN	NaN	1294.02	764.62	NaN	5.3290
848192898869	NaN	NaN	1293.54	769.96	NaN	5.3433
848192907202	NaN	NaN	1294.10	764.78	NaN	5.3461
848192915535	NaN	NaN	1297.42	760.65	NaN	5.3194
848192923868	NaN	NaN	1302.93	757.27	NaN	5.2986
848192932201	NaN	NaN	1296.15	766.01	NaN	5.3170
848192940535	NaN	NaN	1300.64	768.62	NaN	5.3056
848192948874	NaN	NaN	1295.99	765.08	NaN	5.3266
848192957208	NaN	NaN	1301.83	762.58	NaN	5.2925
848192965541	NaN	NaN	1290.13	769.83	NaN	5.3154
848192973874	NaN	NaN	1297.21	763.96	NaN	5.3064
848192982208	NaN	NaN	1301.55	764.08	NaN	5.3041
848192990540	NaN	NaN	1297.85	762.39	NaN	5.2965
848192998873	NaN	NaN	1295.43	770.37	NaN	5.3026
848193007207	NaN	NaN	1299.25	773.03	NaN	5.2885
848193015541	NaN	NaN	1298.00	773.99	NaN	5.2829
848193023874	NaN	NaN	1298.63	774.17	NaN	5.2877
848193032207	NaN	NaN	1287.29	784.94	NaN	5.3031
848193040541	NaN	NaN	1289.90	778.23	NaN	5.2819
848193048874	NaN	NaN	1288.97	777.68	NaN	5.2909
848193057207	NaN	NaN	1299.45	760.94	NaN	5.2709
848193065541	NaN	NaN	1292.54	759.06	NaN	5.2835
848193073877	NaN	NaN	1300.50	768.13	NaN	5.2841
848193082211	NaN	NaN	1297.71	770.83	NaN	5.2820
848193090543	NaN	NaN	1297.32	774.25	NaN	5.2879
848193098876	NaN	NaN	1318.33	782.44	NaN	5.2857
848193107210	NaN	NaN	1339.12	780.82	NaN	5.2744
848193115542	NaN	NaN	1327.09	785.59	NaN	5.2830
848193123876	NaN	NaN	1326.43	778.68	NaN	5.2612
848193132210	NaN	NaN	1325.62	775.95	NaN	5.2757
848193140542	NaN	NaN	1325.49	771.41	NaN	5.2755
848193148876	NaN	NaN	1329.50	767.71	NaN	5.2780
848193157208	NaN	NaN	1326.98	771.68	NaN	5.2870
848193165542	NaN	NaN	1331.60	768.08	NaN	5.2847
848193173876	NaN	NaN	1321.59	769.28	NaN	5.2933
848193182209	NaN	NaN	1329.11	765.04	NaN	5.2765
848193190542	NaN	NaN	1334.14	766.21	NaN	5.2676
848193198876	NaN	NaN	1331.40	771.08	NaN	5.2956
848193207216	NaN	NaN	1327.80	774.66	NaN	5.2820
848193215548	NaN	NaN	1329.82	783.13	NaN	5.2843
848193223881	NaN	NaN	1332.06	783.07	NaN	5.2921
848193232215	NaN	NaN	1329.68	785.65	NaN	5.2793
848193240547	NaN	NaN	1331.34	793.03	NaN	5.2727
848193248880	NaN	NaN	1329.49	792.57	NaN	5.2890
848193257214	NaN	NaN	1325.42	792.96	NaN	5.3056
848193265546	NaN	NaN	1326.78	788.57	NaN	5.2999
848193273880	NaN	NaN	1332.86	783.50	NaN	5.2925
848193282213	NaN	NaN	1327.99	779.92	NaN	5.2956
848193290547	NaN	NaN	1323.55	770.68	NaN	5.3019
848193298880	NaN	NaN	1321.10	776.78	NaN	5.3177
848193307213	NaN	NaN	1333.12	767.69	NaN	5.3006
848193315547	NaN	NaN	1334.06	763.05	NaN	5.3046
848193323879	NaN	NaN	1328.01	772.83	NaN	5.3117
848193332212	NaN	NaN	1325.99	772.34	NaN	5.3136
848193340550	NaN	NaN	1336.65	771.32	NaN	5.2902
848193348883	NaN	NaN	1325.74	783.60	NaN	5.2928
848193357217	NaN	NaN	1334.47	783.86	NaN	5.2957
848193365549	NaN	NaN	1329.86	785.36	NaN	5.3082
848193373883	NaN	NaN	1335.44	781.70	NaN	5.2967
848193382216	NaN	NaN	1327.41	785.02	NaN	5.3004
848193390549	NaN	NaN	1333.91	787.07	NaN	5.2995
848193398883	NaN	NaN	1334.19	781.61	NaN	5.2970
848193407215	NaN	NaN	1331.74	785.64	NaN	5.3106
848193415549	NaN	NaN	1333.87	779.42	NaN	5.2948
848193423882	NaN	NaN	1330.68	775.84	NaN	5.2958
848193432215	NaN	NaN	1331.54	764.91	NaN	5.2778
848193440549	NaN	NaN	1336.34	765.40	NaN	5.2872
848193448882	NaN	NaN	1333.43	765.83	NaN	5.2977
848193457215	NaN	NaN	1329.12	760.49	NaN	5.2984
848193465552	NaN	NaN	1329.58	771.66	NaN	5.2913
848193473885	NaN	NaN	1331.72	767.80	NaN	5.2939
848193482218	NaN	NaN	1338.73	768.44	NaN	5.2761
848193490550	NaN	NaN	1332.08	772.14	NaN	5.2956
848193498884	NaN	NaN	1331.48	780.52	NaN	5.2834
848193507217	NaN	NaN	1333.56	779.01	NaN	5.2835
848193515550	NaN	NaN	1336.41	774.53	NaN	5.2795
848193523884	NaN	NaN	1335.15	779.96	NaN	5.2766
848193532217	NaN	NaN	1333.63	779.93	NaN	5.2827
848193540551	NaN	NaN	1333.75	777.90	NaN	5.2724
848193548884	NaN	NaN	1336.43	778.52	NaN	5.2852
848193557217	NaN	NaN	1337.89	773.28	NaN	5.2738
848193565551	NaN	NaN	1335.19	771.32	NaN	5.2633
848193573882	NaN	NaN	1330.04	775.10	NaN	5.2815
848193582216	NaN	NaN	1337.07	772.62	NaN	5.2661
848193590550	NaN	NaN	1344.42	763.05	NaN	5.2458
848193598889	NaN	NaN	1342.21	768.52	NaN	5.2475
848193607223	NaN	NaN	1336.67	775.82	NaN	5.2565
848193615556	NaN	NaN	1337.18	769.85	NaN	5.2509
848193623890	NaN	NaN	1334.62	769.94	NaN	5.2710
848193632223	NaN	NaN	1335.97	774.87	NaN	5.2572
848193640556	NaN	NaN	1332.35	779.79	NaN	5.2747
848193648889	NaN	NaN	1334.46	774.29	NaN	5.2565
848193657223	NaN	NaN	1335.42	775.69	NaN	5.2526
848193665557	NaN	NaN	1331.31	777.62	NaN	5.2695
848193673890	NaN	NaN	1334.02	773.80	NaN	5.2536
848193682223	NaN	NaN	1327.67	773.93	NaN	5.2660
848193690557	NaN	NaN	1329.19	772.16	NaN	5.2619
848193698889	NaN	NaN	1339.30	771.80	NaN	5.2545
848193707223	NaN	NaN	1332.56	768.69	NaN	5.2793
848193715557	NaN	NaN	1332.34	769.53	NaN	5.2744
848193723889	NaN	NaN	1312.59	772.56	NaN	5.2713
848193732226	NaN	NaN	1269.42	778.32	NaN	5.3003
848193740559	NaN	NaN	1268.23	782.52	NaN	5.3095
848193748893	NaN	NaN	1276.08	772.70	NaN	5.2779
848193757226	NaN	NaN	1275.99	778.87	NaN	5.3065
848193765559	NaN	NaN	1278.06	782.34	NaN	5.2989
848193773893	NaN	NaN	1277.63	780.17	NaN	5.3020
848193782226	NaN	NaN	1282.69	769.57	NaN	5.3033
848193790560	NaN	NaN	1280.68	774.98	NaN	5.3040
848193798893	NaN	NaN	1280.91	773.19	NaN	5.2989
848193807226	NaN	NaN	1279.97	776.71	NaN	5.3111
848193815559	NaN	NaN	1277.75	773.64	NaN	5.3268
848193823891	NaN	NaN	1273.89	782.25	NaN	5.3256
848193832225	NaN	NaN	1276.44	768.90	NaN	5.3304
848193840559	NaN	NaN	1273.78	775.69	NaN	5.3408
848193848892	NaN	NaN	1266.61	774.46	NaN	5.3540
848193857225	NaN	NaN	1276.51	764.62	NaN	5.3252
848193865564	NaN	NaN	1266.51	773.77	NaN	5.3595
848193873898	NaN	NaN	1268.17	770.11	NaN	5.3595
848193882231	NaN	NaN	1264.48	774.07	NaN	5.3688
848193890564	NaN	NaN	1265.96	771.96	NaN	5.3816
848193898897	NaN	NaN	1267.06	771.79	NaN	5.3794
848193907230	NaN	NaN	1269.74	772.57	NaN	5.3636
848193915564	NaN	NaN	1259.99	777.31	NaN	5.3843
848193923897	NaN	NaN	1266.98	776.54	NaN	5.3779
848193932230	NaN	NaN	1265.85	772.02	NaN	5.3946
848193940563	NaN	NaN	1263.70	777.55	NaN	5.4139
848193948896	NaN	NaN	1265.55	773.61	NaN	5.4107
848193957230	NaN	NaN	1261.86	775.51	NaN	5.4164
848193965564	NaN	NaN	1268.69	771.37	NaN	5.4032
848193973896	NaN	NaN	1263.76	792.80	NaN	5.4083
848193982229	NaN	NaN	1267.84	809.70	NaN	5.4171
848193990567	NaN	NaN	1259.82	815.86	NaN	5.4358
848193998901	NaN	NaN	1261.08	810.88	NaN	5.4364
848194007234	NaN	NaN	1263.52	803.27	NaN	5.4332
848194015567	NaN	NaN	1263.93	805.65	NaN	5.4257
848194023901	NaN	NaN	1265.61	803.85	NaN	5.4280
848194032234	NaN	NaN	1257.29	809.49	NaN	5.4443
848194040567	NaN	NaN	1256.20	814.69	NaN	5.4476
848194048901	NaN	NaN	1255.38	809.10	NaN	5.4493
848194057234	NaN	NaN	1265.51	809.76	NaN	5.4402
848194065566	NaN	NaN	1258.29	811.52	NaN	5.4514
848194073899	NaN	NaN	1260.67	807.19	NaN	5.4671
848194082233	NaN	NaN	1261.98	806.61	NaN	5.4535
848194090566	NaN	NaN	1253.93	813.90	NaN	5.4742
848194098899	NaN	NaN	1254.26	814.94	NaN	5.4814
848194107233	NaN	NaN	1262.10	811.69	NaN	5.4651
848194115566	NaN	NaN	1255.31	810.34	NaN	5.4597
848194123907	NaN	NaN	1252.83	808.44	NaN	5.4762
848194132240	NaN	NaN	1254.06	812.93	NaN	5.4747
848194140573	NaN	NaN	1250.36	814.49	NaN	5.4696
848194148906	NaN	NaN	1258.58	813.46	NaN	5.4765
848194157239	NaN	NaN	1258.10	814.55	NaN	5.4657
848194165572	NaN	NaN	1253.78	816.29	NaN	5.4866
848194173906	NaN	NaN	1252.41	817.16	NaN	5.4860
848194182239	NaN	NaN	1255.24	818.25	NaN	5.4841
848194190572	NaN	NaN	1246.47	818.60	NaN	5.4990
848194198905	NaN	NaN	1254.68	809.72	NaN	5.4924
848194207239	NaN	NaN	1253.44	811.44	NaN	5.4869
848194215572	NaN	NaN	1250.27	814.94	NaN	5.5087
848194223905	NaN	NaN	1250.86	810.93	NaN	5.4982
848194232238	NaN	NaN	1251.58	806.79	NaN	5.4898
848194240571	NaN	NaN	1259.14	808.63	NaN	5.5016
848194248905	NaN	NaN	1255.14	803.78	NaN	5.5022
848194257240	NaN	NaN	1251.70	806.40	NaN	5.5010
848194265573	NaN	NaN	1255.51	805.80	NaN	5.4939
848194273907	NaN	NaN	1253.94	807.44	NaN	5.5117
848194282239	NaN	NaN	1258.86	805.22	NaN	5.4964
848194290573	NaN	NaN	1248.29	810.54	NaN	5.5170
848194298907	NaN	NaN	1251.32	807.93	NaN	5.5055
848194307240	NaN	NaN	1249.46	812.22	NaN	5.5107
848194315572	NaN	NaN	1242.21	816.09	NaN	5.5330
848194323905	NaN	NaN	1249.59	812.44	NaN	5.5225
848194332239	NaN	NaN	1242.37	810.79	NaN	5.5166
848194340572	NaN	NaN	1250.21	809.74	NaN	5.5202
848194348905	NaN	NaN	1249.67	813.00	NaN	5.5109
848194357239	NaN	NaN	1248.30	810.30	NaN	5.5133
848194365572	NaN	NaN	1250.12	809.47	NaN	5.5137
848194373906	NaN	NaN	1255.04	813.34	NaN	5.5221
848194382239	NaN	NaN	1252.05	814.52	NaN	5.5215
848194390577	NaN	NaN	1253.67	809.97	NaN	5.5182
848194398910	NaN	NaN	1258.80	809.14	NaN	5.5128
848194407242	NaN	NaN	1253.32	809.42	NaN	5.5188
848194415576	NaN	NaN	1256.83	809.79	NaN	5.5302
848194423910	NaN	NaN	1258.22	806.27	NaN	5.5169
848194432242	NaN	NaN	1251.18	806.86	NaN	5.5441
848194440576	NaN	NaN	1253.87	807.28	NaN	5.5224
848194448909	NaN	NaN	1261.15	809.15	NaN	5.5226
848194457243	NaN	NaN	1258.08	811.20	NaN	5.5306
848194465576	NaN	NaN	1256.94	810.07	NaN	5.5230
848194473908	NaN	NaN	1256.79	806.54	NaN	5.5314
848194482242	NaN	NaN	1259.40	807.68	NaN	5.5152
848194490575	NaN	NaN	1257.66	805.36	NaN	5.5333
848194498909	NaN	NaN	1259.94	806.96	NaN	5.5331
848194507242	NaN	NaN	1260.68	809.45	NaN	5.5245
848194515580	NaN	NaN	1260.48	806.72	NaN	5.5350
848194523914	NaN	NaN	1257.52	809.87	NaN	5.5319
848194532246	NaN	NaN	1260.17	801.60	NaN	5.5291
848194540580	NaN	NaN	1253.11	804.23	NaN	5.5365
848194548914	NaN	NaN	1254.29	803.56	NaN	5.5400
848194557245	NaN	NaN	1264.82	780.36	NaN	5.5306
848194565579	NaN	NaN	1273.85	762.04	NaN	5.5027
848194573912	NaN	NaN	1266.49	736.64	NaN	5.5335
848194582246	NaN	NaN	1264.74	734.34	NaN	5.5451
848194590579	NaN	NaN	1262.97	734.24	NaN	5.5403
848194598912	NaN	NaN	1262.08	744.78	NaN	5.5473
848194607246	NaN	NaN	1261.18	740.09	NaN	5.5435
848194615579	NaN	NaN	1265.81	743.97	NaN	5.5445
848194623912	NaN	NaN	1265.28	736.14	NaN	5.5251
848194632246	NaN	NaN	1268.01	744.68	NaN	5.5403
848194640578	NaN	NaN	1266.44	743.30	NaN	5.5363
848194648916	NaN	NaN	1265.51	742.09	NaN	5.5364
848194657249	NaN	NaN	1264.23	738.94	NaN	5.5418
848194665583	NaN	NaN	1261.94	739.37	NaN	5.5258
848194673916	NaN	NaN	1266.59	738.00	NaN	5.5382
848194682249	NaN	NaN	1257.78	732.18	NaN	5.5537
848194690583	NaN	NaN	1264.69	729.53	NaN	5.5477
848194698916	NaN	NaN	1262.27	732.58	NaN	5.5378
848194707250	NaN	NaN	1262.43	733.46	NaN	5.5422
848194715583	NaN	NaN	1265.10	736.00	NaN	5.5495
848194723915	NaN	NaN	1264.29	733.46	NaN	5.5355
848194732249	NaN	NaN	1257.85	741.64	NaN	5.5427
848194740582	NaN	NaN	1265.33	739.67	NaN	5.5362
848194748915	NaN	NaN	1266.46	741.54	NaN	5.5233
848194757249	NaN	NaN	1266.32	741.88	NaN	5.5445
848194765582	NaN	NaN	1264.13	741.53	NaN	5.5317
848194773915	NaN	NaN	1267.47	741.36	NaN	5.5320
848194782252	NaN	NaN	1263.63	741.70	NaN	5.5359
848194790586	NaN	NaN	1260.82	741.17	NaN	5.5326
848194798919	NaN	NaN	1252.68	745.70	NaN	5.5407
848194807251	NaN	NaN	1253.94	743.52	NaN	5.5385
848194815585	NaN	NaN	1251.36	744.14	NaN	5.5472
848194823918	NaN	NaN	1258.21	743.16	NaN	5.5355
848194832252	NaN	NaN	1268.76	728.34	NaN	5.5435
848194840585	NaN	NaN	1272.15	713.78	NaN	5.5160
848194848918	NaN	NaN	1256.35	717.37	NaN	5.5330
848194857252	NaN	NaN	1255.06	729.05	NaN	5.5554
848194865584	NaN	NaN	1257.12	731.62	NaN	5.5444
848194873918	NaN	NaN	1258.08	724.69	NaN	5.5320
848194882252	NaN	NaN	1264.47	722.09	NaN	5.5282
848194890583	NaN	NaN	1262.57	722.60	NaN	5.5259
848194898917	NaN	NaN	1270.23	726.14	NaN	5.5464
848194907255	NaN	NaN	1268.37	722.49	NaN	5.5288
848194915589	NaN	NaN	1268.98	723.03	NaN	5.5230
848194923922	NaN	NaN	1262.22	732.53	NaN	5.5331
848194932255	NaN	NaN	1264.96	723.39	NaN	5.5249
848194940589	NaN	NaN	1272.12	715.99	NaN	5.5147
848194948922	NaN	NaN	1267.05	719.45	NaN	5.5402
848194957256	NaN	NaN	1266.28	719.07	NaN	5.5200
848194965589	NaN	NaN	1264.50	713.63	NaN	5.5310
848194973921	NaN	NaN	1260.19	725.49	NaN	5.5288
848194982254	NaN	NaN	1264.96	715.79	NaN	5.5197
848194990587	NaN	NaN	1263.58	714.44	NaN	5.5270
848194998921	NaN	NaN	1263.80	720.52	NaN	5.5196
848195007254	NaN	NaN	1268.54	715.84	NaN	5.5061
848195015587	NaN	NaN	1257.55	736.93	NaN	5.5411
848195023921	NaN	NaN	1261.51	733.61	NaN	5.5252
848195032254	NaN	NaN	1259.94	737.99	NaN	5.5372
848195040594	NaN	NaN	1263.24	727.14	NaN	5.5191
848195048927	NaN	NaN	1267.77	736.41	NaN	5.5183
848195057259	NaN	NaN	1269.03	722.66	NaN	5.4982
848195065593	NaN	NaN	1255.35	728.37	NaN	5.5544
848195073926	NaN	NaN	1271.26	717.91	NaN	5.5073
848195082260	NaN	NaN	1273.71	712.09	NaN	5.5082
848195090593	NaN	NaN	1260.15	717.74	NaN	5.5287
848195098926	NaN	NaN	1270.52	716.62	NaN	5.5184
848195107260	NaN	NaN	1269.36	714.67	NaN	5.5134
848195115592	NaN	NaN	1267.97	712.55	NaN	5.5045
848195123926	NaN	NaN	1267.89	712.91	NaN	5.5159
848195132260	NaN	NaN	1270.61	713.20	NaN	5.5084
848195140591	NaN	NaN	1273.79	716.37	NaN	5.5074
848195148925	NaN	NaN	1270.97	721.10	NaN	5.5082
848195157258	NaN	NaN	1271.18	723.27	NaN	5.4916
848195165592	NaN	NaN	1269.66	724.87	NaN	5.5151
848195173928	NaN	NaN	1275.53	725.28	NaN	5.4967
848195182261	NaN	NaN	1276.59	726.24	NaN	5.4997
848195190595	NaN	NaN	1278.04	721.56	NaN	5.4987
848195198928	NaN	NaN	1270.48	722.69	NaN	5.5109
848195207261	NaN	NaN	1267.77	716.74	NaN	5.5290
848195215594	NaN	NaN	1277.01	710.30	NaN	5.4926
848195223927	NaN	NaN	1273.43	709.82	NaN	5.5154
848195232260	NaN	NaN	1275.59	706.51	NaN	5.4947
848195240593	NaN	NaN	1275.62	707.92	NaN	5.5061
848195248927	NaN	NaN	1268.91	711.82	NaN	5.5117
848195257260	NaN	NaN	1265.23	709.98	NaN	5.5092
848195265593	NaN	NaN	1265.42	705.19	NaN	5.5207
848195273927	NaN	NaN	1270.77	684.74	NaN	5.5022
848195282260	NaN	NaN	1275.97	685.72	NaN	5.5140
848195290594	NaN	NaN	1276.64	672.57	NaN	5.5089
848195298926	NaN	NaN	1276.72	684.38	NaN	5.5051
848195307264	NaN	NaN	1268.98	688.87	NaN	5.5145
848195315598	NaN	NaN	1272.03	682.46	NaN	5.5099
848195323931	NaN	NaN	1268.43	684.31	NaN	5.5304
848195332264	NaN	NaN	1273.58	676.54	NaN	5.5106
848195340597	NaN	NaN	1271.25	673.03	NaN	5.5244
848195348931	NaN	NaN	1273.87	672.31	NaN	5.5137
848195357264	NaN	NaN	1267.23	670.33	NaN	5.5444
848195365597	NaN	NaN	1268.61	670.63	NaN	5.5349
848195373931	NaN	NaN	1263.69	667.24	NaN	5.5217
848195382263	NaN	NaN	1270.52	656.75	NaN	5.5061
848195390597	NaN	NaN	1270.63	663.08	NaN	5.5143
848195398930	NaN	NaN	1268.40	662.88	NaN	5.5209
848195407263	NaN	NaN	1266.27	661.39	NaN	5.5128
848195415596	NaN	NaN	1271.75	662.61	NaN	5.5145
848195423930	NaN	NaN	1268.61	673.66	NaN	5.5199
848195432268	NaN	NaN	1268.12	662.46	NaN	5.5080
848195440602	NaN	NaN	1286.59	650.84	NaN	5.5170
848195448934	NaN	NaN	1310.28	612.34	NaN	5.5149
848195457268	NaN	NaN	1333.04	567.68	NaN	5.4767
848195465600	NaN	NaN	1349.26	515.46	NaN	5.4683
848195473934	NaN	NaN	1355.24	465.63	NaN	5.4711
848195482267	NaN	NaN	1364.41	436.57	NaN	5.4468
848195490600	NaN	NaN	1375.32	401.47	NaN	5.4728
848195498934	NaN	NaN	1376.31	424.36	NaN	5.5153
848195507267	NaN	NaN	1374.86	418.04	NaN	5.4852
848195515599	NaN	NaN	1371.51	420.17	NaN	5.5015
848195523933	NaN	NaN	1380.96	408.25	NaN	5.4799
848195532266	NaN	NaN	1380.72	411.13	NaN	5.4734
848195540600	NaN	NaN	1368.56	420.18	NaN	5.4941
848195548931	NaN	NaN	1374.17	420.69	NaN	5.4969
848195557265	NaN	NaN	1366.71	413.83	NaN	5.4886
848195565603	NaN	NaN	1371.97	427.28	NaN	5.5136
848195573936	NaN	NaN	1368.06	424.09	NaN	5.4983
848195582270	NaN	NaN	1365.56	421.58	NaN	5.4991
848195590603	NaN	NaN	1359.71	421.34	NaN	5.4929
848195598938	NaN	NaN	1364.89	417.65	NaN	5.5090
848195607271	NaN	NaN	1371.87	411.34	NaN	5.4960
848195615604	NaN	NaN	1373.59	411.99	NaN	5.4820
848195623938	NaN	NaN	1370.79	426.79	NaN	5.5099
848195632270	NaN	NaN	1374.10	423.29	NaN	5.4919
848195640603	NaN	NaN	1376.01	419.18	NaN	5.4846
848195648936	NaN	NaN	1378.05	417.56	NaN	5.4899
848195657269	NaN	NaN	1379.65	424.50	NaN	5.5043
848195665602	NaN	NaN	1382.28	415.85	NaN	5.4972
848195673937	NaN	NaN	1380.87	416.18	NaN	5.4912
848195682270	NaN	NaN	1370.72	407.77	NaN	5.4818
848195690602	NaN	NaN	1382.21	407.69	NaN	5.4754
848195698942	NaN	NaN	1378.35	415.50	NaN	5.4985
848195707276	NaN	NaN	1376.21	418.03	NaN	5.4921
848195715608	NaN	NaN	1375.39	421.66	NaN	5.4875
848195723940	NaN	NaN	1379.47	417.43	NaN	5.4782
848195732275	NaN	NaN	1373.37	425.10	NaN	5.4965
848195740607	NaN	NaN	1379.58	422.06	NaN	5.4952
848195748942	NaN	NaN	1374.57	418.20	NaN	5.4849
848195757275	NaN	NaN	1370.14	417.83	NaN	5.4912
848195765608	NaN	NaN	1377.07	412.45	NaN	5.4740
848195773942	NaN	NaN	1380.47	413.02	NaN	5.4854
848195782274	NaN	NaN	1372.12	406.31	NaN	5.4577
848195790607	NaN	NaN	1375.30	412.74	NaN	5.4764
848195798939	NaN	NaN	1379.97	410.59	NaN	5.4711
848195807273	NaN	NaN	1366.36	412.64	NaN	5.4592
848195815606	NaN	NaN	1375.86	419.60	NaN	5.4718
848195823939	NaN	NaN	1375.19	419.39	NaN	5.4646
848195832276	NaN	NaN	1373.06	421.30	NaN	5.4622
848195840609	NaN	NaN	1373.00	415.82	NaN	5.4553
848195848943	NaN	NaN	1374.51	438.03	NaN	5.4693
848195857277	NaN	NaN	1356.11	443.41	NaN	5.4366
848195865610	NaN	NaN	1326.57	517.94	NaN	5.4264
848195873944	NaN	NaN	1292.57	573.61	NaN	5.4705
848195882276	NaN	NaN	1281.03	661.58	NaN	5.4371
848195890609	NaN	NaN	1267.49	708.91	NaN	5.4512
848195898943	NaN	NaN	1279.03	712.85	NaN	5.4504
848195907275	NaN	NaN	1288.10	678.09	NaN	5.4138
848195915609	NaN	NaN	1284.29	694.33	NaN	5.4288
848195923942	NaN	NaN	1276.64	694.01	NaN	5.4309
848195932276	NaN	NaN	1285.36	694.89	NaN	5.4290
848195940609	NaN	NaN	1286.93	695.31	NaN	5.4168
848195948942	NaN	NaN	1289.23	695.68	NaN	5.4253
848195957279	NaN	NaN	1285.83	705.07	NaN	5.4379
848195965611	NaN	NaN	1289.04	697.70	NaN	5.4185
848195973944	NaN	NaN	1284.47	700.75	NaN	5.4284
848195982278	NaN	NaN	1283.12	701.74	NaN	5.4341
848195990611	NaN	NaN	1283.08	694.18	NaN	5.4246
848195998945	NaN	NaN	1276.92	701.32	NaN	5.4513
848196007278	NaN	NaN	1275.49	694.63	NaN	5.4570
848196015611	NaN	NaN	1272.30	699.32	NaN	5.4546
848196023945	NaN	NaN	1271.95	700.42	NaN	5.4540
848196032277	NaN	NaN	1280.66	699.45	NaN	5.4537
848196040610	NaN	NaN	1278.68	706.75	NaN	5.4554
848196048943	NaN	NaN	1281.71	707.49	NaN	5.4549
848196057276	NaN	NaN	1283.33	709.19	NaN	5.4604
848196065610	NaN	NaN	1283.92	709.04	NaN	5.4597
848196073943	NaN	NaN	1281.21	703.45	NaN	5.4372
848196082276	NaN	NaN	1247.09	719.09	NaN	5.4930
848196090618	NaN	NaN	1248.97	724.23	NaN	5.4827
848196098951	NaN	NaN	1256.88	716.22	NaN	5.4890
848196107285	NaN	NaN	1253.58	724.03	NaN	5.4922
848196115618	NaN	NaN	1262.41	716.33	NaN	5.4720
848196123950	NaN	NaN	1255.31	713.01	NaN	5.4801
848196132284	NaN	NaN	1254.69	726.03	NaN	5.4985
848196140617	NaN	NaN	1264.23	712.43	NaN	5.4753
848196148951	NaN	NaN	1259.95	711.18	NaN	5.4845
848196157283	NaN	NaN	1259.54	716.70	NaN	5.5027
848196165617	NaN	NaN	1255.31	714.58	NaN	5.5077
848196173951	NaN	NaN	1253.84	712.81	NaN	5.5177
848196182283	NaN	NaN	1258.12	707.42	NaN	5.5119
848196190617	NaN	NaN	1259.86	708.36	NaN	5.5127
848196198950	NaN	NaN	1260.51	703.58	NaN	5.5165
848196207282	NaN	NaN	1258.27	703.58	NaN	5.5133
848196215616	NaN	NaN	1261.21	699.49	NaN	5.5233
848196223952	NaN	NaN	1255.70	709.18	NaN	5.5362
848196232286	NaN	NaN	1260.87	708.48	NaN	5.5284
848196240619	NaN	NaN	1265.12	710.87	NaN	5.5312
848196248952	NaN	NaN	1260.13	715.59	NaN	5.5324
848196257286	NaN	NaN	1260.59	714.25	NaN	5.5385
848196265619	NaN	NaN	1265.97	712.25	NaN	5.5426
848196273952	NaN	NaN	1263.04	714.56	NaN	5.5410
848196282285	NaN	NaN	1261.78	708.76	NaN	5.5612
848196290618	NaN	NaN	1264.25	710.01	NaN	5.5510
848196298951	NaN	NaN	1252.79	709.49	NaN	5.5635
848196307284	NaN	NaN	1263.73	706.42	NaN	5.5550
848196315618	NaN	NaN	1261.56	697.21	NaN	5.5686
848196323951	NaN	NaN	1263.01	701.99	NaN	5.5711
848196332284	NaN	NaN	1265.14	697.69	NaN	5.5571
848196340618	NaN	NaN	1276.68	695.66	NaN	5.5458
848196348954	NaN	NaN	1272.59	697.40	NaN	5.5607
848196357288	NaN	NaN	1268.25	705.50	NaN	5.5739
848196365621	NaN	NaN	1268.03	698.30	NaN	5.5631
848196373953	NaN	NaN	1268.47	698.16	NaN	5.5773
848196382287	NaN	NaN	1270.89	699.25	NaN	5.5804
848196390620	NaN	NaN	1267.35	703.35	NaN	5.5882
848196398953	NaN	NaN	1260.63	706.76	NaN	5.6132
848196407286	NaN	NaN	1264.40	699.99	NaN	5.5834
848196415620	NaN	NaN	1267.58	701.04	NaN	5.5703
848196423953	NaN	NaN	1268.94	691.56	NaN	5.5550
848196432286	NaN	NaN	1267.85	701.06	NaN	5.5840
848196440620	NaN	NaN	1280.24	706.04	NaN	5.5825
848196448954	NaN	NaN	1357.75	708.10	NaN	5.5694
848196457285	NaN	NaN	1424.69	708.96	NaN	5.5814
848196465619	NaN	NaN	1470.17	683.19	NaN	5.5509
848196473952	NaN	NaN	1515.09	683.39	NaN	5.5361
848196482293	NaN	NaN	1513.22	678.54	NaN	5.5223
848196490626	NaN	NaN	1492.94	680.97	NaN	5.5305
848196498960	NaN	NaN	1492.80	682.48	NaN	5.5368
848196507294	NaN	NaN	1494.32	682.38	NaN	5.5385
848196515627	NaN	NaN	1492.90	687.09	NaN	5.5404
848196523960	NaN	NaN	1491.53	682.34	NaN	5.5215
848196532293	NaN	NaN	1492.93	682.79	NaN	5.5326
848196540625	NaN	NaN	1494.68	681.98	NaN	5.5297
848196548959	NaN	NaN	1491.17	679.22	NaN	5.5357
848196557292	NaN	NaN	1484.11	690.90	NaN	5.5468
848196565626	NaN	NaN	1497.76	681.92	NaN	5.5409
848196573959	NaN	NaN	1497.29	686.95	NaN	5.5433
848196582292	NaN	NaN	1498.93	688.41	NaN	5.5418
848196590626	NaN	NaN	1493.74	688.24	NaN	5.5372
848196598959	NaN	NaN	1490.91	687.12	NaN	5.5232
848196607292	NaN	NaN	1495.65	695.31	NaN	5.5351
848196615629	NaN	NaN	1497.95	692.51	NaN	5.5229
848196623962	NaN	NaN	1492.12	697.13	NaN	5.5293
848196632296	NaN	NaN	1495.97	695.88	NaN	5.5222
848196640628	NaN	NaN	1516.92	706.77	NaN	5.5332
848196648962	NaN	NaN	1539.75	697.19	NaN	5.5325
848196657295	NaN	NaN	1533.06	696.85	NaN	5.5237
848196665628	NaN	NaN	1533.02	694.19	NaN	5.5247
848196673962	NaN	NaN	1527.28	686.07	NaN	5.5342
848196682295	NaN	NaN	1528.90	688.93	NaN	5.5285
848196690629	NaN	NaN	1526.04	695.03	NaN	5.5269
848196698962	NaN	NaN	1528.95	693.12	NaN	5.5355
848196707294	NaN	NaN	1526.47	698.65	NaN	5.5227
848196715628	NaN	NaN	1527.79	695.60	NaN	5.5131
848196723961	NaN	NaN	1529.36	700.94	NaN	5.5403
848196732295	NaN	NaN	1532.27	698.14	NaN	5.5121
848196740627	NaN	NaN	1535.51	697.44	NaN	5.5230
848196748965	NaN	NaN	1537.26	697.95	NaN	5.5328
848196757298	NaN	NaN	1534.10	705.94	NaN	5.5357
848196765631	NaN	NaN	1535.09	698.53	NaN	5.5174
848196773965	NaN	NaN	1535.92	697.00	NaN	5.5229
848196782298	NaN	NaN	1540.07	694.38	NaN	5.5246
848196790630	NaN	NaN	1535.49	694.01	NaN	5.5265
848196798964	NaN	NaN	1528.75	691.56	NaN	5.5285
848196807297	NaN	NaN	1531.35	682.56	NaN	5.5219
848196815631	NaN	NaN	1531.84	680.45	NaN	5.5294
848196823964	NaN	NaN	1525.04	682.16	NaN	5.5247
848196832297	NaN	NaN	1532.92	685.17	NaN	5.5284
848196840631	NaN	NaN	1534.70	682.41	NaN	5.5261
848196848964	NaN	NaN	1536.02	685.67	NaN	5.5209
848196857297	NaN	NaN	1536.78	685.05	NaN	5.5295
848196865629	NaN	NaN	1517.93	696.68	NaN	5.5343
848196873966	NaN	NaN	1448.32	718.04	NaN	5.5491
848196882300	NaN	NaN	1358.99	747.15	NaN	5.5946
848196890633	NaN	NaN	1306.97	730.10	NaN	5.5698
848196898966	NaN	NaN	1258.95	719.43	NaN	5.5754
848196907299	NaN	NaN	1253.33	730.01	NaN	5.5680
848196915632	NaN	NaN	1279.54	726.33	NaN	5.5825
848196923967	NaN	NaN	1277.59	723.45	NaN	5.5757
848196932299	NaN	NaN	1292.37	714.53	NaN	5.5503
848196940633	NaN	NaN	1283.34	716.47	NaN	5.5591
848196948965	NaN	NaN	1275.59	720.72	NaN	5.5564
848196957298	NaN	NaN	1285.35	718.72	NaN	5.5330
848196965632	NaN	NaN	1287.57	722.08	NaN	5.5500
848196973965	NaN	NaN	1278.85	714.79	NaN	5.5462
848196982298	NaN	NaN	1273.41	721.49	NaN	5.5575
848196990631	NaN	NaN	1273.22	722.46	NaN	5.5570
848196998965	NaN	NaN	1269.49	734.07	NaN	5.5655
848197007302	NaN	NaN	1271.39	730.21	NaN	5.5436
848197015635	NaN	NaN	1270.23	729.80	NaN	5.5516
848197023969	NaN	NaN	1266.27	736.35	NaN	5.5597
848197032302	NaN	NaN	1270.22	737.17	NaN	5.5408
848197040635	NaN	NaN	1272.24	734.51	NaN	5.5509
848197048969	NaN	NaN	1269.90	734.94	NaN	5.5585
848197057302	NaN	NaN	1267.03	735.56	NaN	5.5562
848197065636	NaN	NaN	1274.27	730.99	NaN	5.5456
848197073968	NaN	NaN	1275.71	729.16	NaN	5.5538
848197082302	NaN	NaN	1268.50	731.43	NaN	5.5506
848197090636	NaN	NaN	1270.03	719.06	NaN	5.5393
848197098968	NaN	NaN	1271.88	730.47	NaN	5.5455
848197107301	NaN	NaN	1275.31	725.92	NaN	5.5498
848197115634	NaN	NaN	1275.25	725.67	NaN	5.5505
848197123966	NaN	NaN	1280.00	726.71	NaN	5.5415
848197132300	NaN	NaN	1272.07	728.92	NaN	5.5508
848197140643	NaN	NaN	1277.29	727.61	NaN	5.5451
848197148977	NaN	NaN	1280.54	735.86	NaN	5.5347
848197157311	NaN	NaN	1280.33	740.13	NaN	5.5504
848197165644	NaN	NaN	1282.37	735.93	NaN	5.5455
848197173978	NaN	NaN	1282.20	737.79	NaN	5.5608
848197182311	NaN	NaN	1261.10	734.60	NaN	5.5430
848197190645	NaN	NaN	1269.06	733.55	NaN	5.5237
848197198976	NaN	NaN	1269.30	730.74	NaN	5.5477
848197207310	NaN	NaN	1263.32	730.30	NaN	5.5650
848197215644	NaN	NaN	1265.79	721.28	NaN	5.5455
848197223976	NaN	NaN	1266.08	724.54	NaN	5.5525
848197232310	NaN	NaN	1267.08	717.96	NaN	5.5730
848197240643	NaN	NaN	1257.94	716.92	NaN	5.5659
848197248976	NaN	NaN	1262.98	724.35	NaN	5.5623
848197257310	NaN	NaN	1269.52	717.90	NaN	5.5520
848197265642	NaN	NaN	1262.83	726.08	NaN	5.5618
848197273977	NaN	NaN	1264.15	728.01	NaN	5.5578
848197282309	NaN	NaN	1264.62	729.66	NaN	5.5627
848197290643	NaN	NaN	1268.95	724.84	NaN	5.5527
848197298976	NaN	NaN	1269.03	723.99	NaN	5.5348
848197307310	NaN	NaN	1266.00	731.03	NaN	5.5468
848197315643	NaN	NaN	1269.79	730.63	NaN	5.5377
848197323976	NaN	NaN	1272.35	726.17	NaN	5.5246
848197332310	NaN	NaN	1264.81	724.11	NaN	5.5355
848197340643	NaN	NaN	1275.81	721.82	NaN	5.5197
848197348976	NaN	NaN	1266.27	716.33	NaN	5.5323
848197357310	NaN	NaN	1268.97	726.34	NaN	5.5329
848197365642	NaN	NaN	1263.79	721.46	NaN	5.5282
848197373975	NaN	NaN	1264.01	719.21	NaN	5.5353
848197382308	NaN	NaN	1268.74	723.09	NaN	5.5159
848197390641	NaN	NaN	1270.63	718.77	NaN	5.5096
848197398980	NaN	NaN	1276.58	721.28	NaN	5.4813
848197407313	NaN	NaN	1269.83	724.69	NaN	5.4997
848197415647	NaN	NaN	1262.01	732.70	NaN	5.5079
848197423981	NaN	NaN	1273.89	728.93	NaN	5.4837
848197432314	NaN	NaN	1267.23	731.39	NaN	5.4818
848197440647	NaN	NaN	1269.90	735.33	NaN	5.4799
848197448979	NaN	NaN	1279.30	726.99	NaN	5.4465
848197457313	NaN	NaN	1272.54	735.78	NaN	5.4725
848197465646	NaN	NaN	1272.83	732.68	NaN	5.4594
848197473979	NaN	NaN	1269.06	726.57	NaN	5.4421
848197482313	NaN	NaN	1267.94	735.17	NaN	5.4702
848197490646	NaN	NaN	1275.97	741.17	NaN	5.4418
848197498979	NaN	NaN	1275.77	754.46	NaN	5.4412
848197507312	NaN	NaN	1269.05	767.33	NaN	5.4555
848197515645	NaN	NaN	1272.64	759.40	NaN	5.4356
848197523980	NaN	NaN	1276.29	761.06	NaN	5.4239
848197532313	NaN	NaN	1274.76	759.69	NaN	5.4299
848197540647	NaN	NaN	1278.39	757.02	NaN	5.4050
848197548980	NaN	NaN	1278.35	759.01	NaN	5.4100
848197557312	NaN	NaN	1280.92	759.75	NaN	5.4040
848197565647	NaN	NaN	1275.04	762.11	NaN	5.4141
848197573979	NaN	NaN	1283.08	757.96	NaN	5.3931
848197582312	NaN	NaN	1278.27	761.16	NaN	5.3914
848197590646	NaN	NaN	1275.43	758.29	NaN	5.3905
848197598979	NaN	NaN	1273.69	759.05	NaN	5.3918
848197607313	NaN	NaN	1276.72	759.31	NaN	5.3951
848197615645	NaN	NaN	1283.91	751.59	NaN	5.3673
848197623979	NaN	NaN	1282.57	752.35	NaN	5.3709
848197632313	NaN	NaN	1277.95	756.37	NaN	5.3773
848197640646	NaN	NaN	1279.09	756.09	NaN	5.3761
848197648979	NaN	NaN	1284.02	753.70	NaN	5.3525
848197657312	NaN	NaN	1277.57	752.72	NaN	5.3641
848197665653	NaN	NaN	1275.37	757.23	NaN	5.3779
848197673986	NaN	NaN	1275.82	756.29	NaN	5.3584
848197682319	NaN	NaN	1281.83	755.18	NaN	5.3514
848197690652	NaN	NaN	1281.14	757.19	NaN	5.3593
848197698985	NaN	NaN	1284.03	747.32	NaN	5.3413
848197707318	NaN	NaN	1283.74	753.99	NaN	5.3341
848197715652	NaN	NaN	1280.10	754.62	NaN	5.3457
848197723985	NaN	NaN	1276.57	755.61	NaN	5.3549
848197732319	NaN	NaN	1278.22	751.75	NaN	5.3566
848197740652	NaN	NaN	1273.47	755.13	NaN	5.3602
848197748985	NaN	NaN	1275.40	754.96	NaN	5.3585
848197757319	NaN	NaN	1275.03	756.60	NaN	5.3633
848197765652	NaN	NaN	1274.46	749.67	NaN	5.3548
848197773985	NaN	NaN	1267.52	758.72	NaN	5.3552
848197782317	NaN	NaN	1279.09	753.72	NaN	5.3537
848197790651	NaN	NaN	1272.87	754.49	NaN	5.3393
848197798988	NaN	NaN	1276.12	756.15	NaN	5.3449
848197807322	NaN	NaN	1280.77	750.38	NaN	5.3215
848197815655	NaN	NaN	1276.74	759.75	NaN	5.3495
848197823988	NaN	NaN	1280.75	750.18	NaN	5.3170
848197832321	NaN	NaN	1280.26	746.90	NaN	5.3338
848197840655	NaN	NaN	1271.46	753.63	NaN	5.3346
848197848988	NaN	NaN	1283.46	746.81	NaN	5.3206
848197857321	NaN	NaN	1274.37	756.41	NaN	5.3414
848197865654	NaN	NaN	1273.42	758.38	NaN	5.3368
848197873987	NaN	NaN	1271.78	758.81	NaN	5.3327
848197882321	NaN	NaN	1275.76	756.38	NaN	5.3385
848197890654	NaN	NaN	1288.12	743.34	NaN	5.2814
848197898987	NaN	NaN	1277.79	753.68	NaN	5.3240
848197907320	NaN	NaN	1274.17	754.55	NaN	5.3211
848197915654	NaN	NaN	1285.94	753.82	NaN	5.3102
848197923991	NaN	NaN	1273.07	760.40	NaN	5.3217
848197932325	NaN	NaN	1286.98	755.97	NaN	5.3036
848197940656	NaN	NaN	1269.93	766.31	NaN	5.3224
848197948989	NaN	NaN	1280.01	765.79	NaN	5.2888
848197957322	NaN	NaN	1279.77	774.07	NaN	5.3017
848197965656	NaN	NaN	1279.31	765.39	NaN	5.2909
848197973989	NaN	NaN	1279.54	759.73	NaN	5.2718
848197982323	NaN	NaN	1280.30	755.10	NaN	5.2669
848197990656	NaN	NaN	1281.84	759.91	NaN	5.2741
848197998989	NaN	NaN	1285.75	749.65	NaN	5.2528
848198007323	NaN	NaN	1290.81	741.73	NaN	5.2442
848198015656	NaN	NaN	1283.30	750.24	NaN	5.2398
848198023988	NaN	NaN	1280.21	752.08	NaN	5.2538
848198032321	NaN	NaN	1291.85	747.43	NaN	5.2181
848198040655	NaN	NaN	1283.24	756.12	NaN	5.2458
848198048988	NaN	NaN	1274.96	761.98	NaN	5.2467
848198057330	NaN	NaN	1284.73	753.35	NaN	5.2117
848198065662	NaN	NaN	1286.04	751.94	NaN	5.2037
848198073995	NaN	NaN	1277.47	755.80	NaN	5.1967
848198082328	NaN	NaN	1287.20	752.93	NaN	5.2090
848198090662	NaN	NaN	1290.95	755.91	NaN	5.1880
848198098995	NaN	NaN	1278.39	756.42	NaN	5.1994
848198107328	NaN	NaN	1277.00	761.17	NaN	5.2281
848198115660	NaN	NaN	1283.39	757.45	NaN	5.1883
848198123994	NaN	NaN	1288.21	748.17	NaN	5.1747
848198132329	NaN	NaN	1291.38	745.59	NaN	5.1574
848198140662	NaN	NaN	1285.20	750.81	NaN	5.1626
848198148995	NaN	NaN	1281.36	749.17	NaN	5.1664
848198157328	NaN	NaN	1284.96	750.00	NaN	5.1607
848198165661	NaN	NaN	1281.07	755.54	NaN	5.1612
848198173995	NaN	NaN	1284.97	753.32	NaN	5.1355
848198182329	NaN	NaN	1279.69	752.73	NaN	5.1337
848198190666	NaN	NaN	1291.09	744.07	NaN	5.1251
848198198999	NaN	NaN	1279.83	754.64	NaN	5.1269
848198207332	NaN	NaN	1281.10	747.73	NaN	5.1205
848198215666	NaN	NaN	1294.12	745.42	NaN	5.1050
848198223999	NaN	NaN	1282.46	747.15	NaN	5.1012
848198232333	NaN	NaN	1284.89	752.64	NaN	5.1043
848198240665	NaN	NaN	1286.39	750.11	NaN	5.1047
848198248999	NaN	NaN	1280.15	747.75	NaN	5.1142
848198257333	NaN	NaN	1292.29	742.78	NaN	5.0904
848198265665	NaN	NaN	1286.70	747.86	NaN	5.0924
848198273998	NaN	NaN	1279.17	744.55	NaN	5.1042
848198282331	NaN	NaN	1285.61	743.03	NaN	5.0871
848198290664	NaN	NaN	1294.92	740.33	NaN	5.0845
848198298998	NaN	NaN	1285.61	745.95	NaN	5.0844
848198307331	NaN	NaN	1290.47	742.35	NaN	5.0848
848198315668	NaN	NaN	1288.57	745.07	NaN	5.0613
848198324001	NaN	NaN	1278.06	750.15	NaN	5.0868
848198332334	NaN	NaN	1278.89	748.96	NaN	5.0754
848198340667	NaN	NaN	1276.73	757.07	NaN	5.0753
848198349001	NaN	NaN	1285.17	750.41	NaN	5.0426
848198357332	NaN	NaN	1285.30	752.80	NaN	5.0344
848198365665	NaN	NaN	1284.90	760.82	NaN	5.0482
848198373999	NaN	NaN	1279.56	754.70	NaN	5.0413
848198382332	NaN	NaN	1278.94	760.34	NaN	5.0444
848198390666	NaN	NaN	1286.18	761.16	NaN	5.0321
848198398999	NaN	NaN	1282.15	748.23	NaN	5.0316
848198407332	NaN	NaN	1283.10	753.90	NaN	5.0294
848198415666	NaN	NaN	1286.28	751.60	NaN	5.0233
848198424000	NaN	NaN	1279.71	759.38	NaN	5.0222
848198432332	NaN	NaN	1277.21	763.92	NaN	5.0226
848198440665	NaN	NaN	1284.69	752.95	NaN	5.0088
848198449004	NaN	NaN	1287.63	759.95	NaN	4.9944
848198457337	NaN	NaN	1284.72	763.63	NaN	4.9822
848198465671	NaN	NaN	1292.38	771.79	NaN	4.9816
848198474004	NaN	NaN	1290.96	773.77	NaN	4.9928
848198482337	NaN	NaN	1289.34	771.10	NaN	4.9880
848198490670	NaN	NaN	1296.49	773.93	NaN	4.9957
848198499004	NaN	NaN	1285.81	777.31	NaN	4.9894
848198507337	NaN	NaN	1287.67	772.23	NaN	4.9846
848198515670	NaN	NaN	1281.49	776.26	NaN	5.0006
848198524003	NaN	NaN	1287.73	778.86	NaN	4.9975
848198532336	NaN	NaN	1281.46	774.84	NaN	4.9989
848198540670	NaN	NaN	1298.72	764.58	NaN	4.9791
848198549003	NaN	NaN	1292.17	773.90	NaN	4.9978
848198557336	NaN	NaN	1293.74	770.13	NaN	4.9649
848198565670	NaN	NaN	1292.82	772.97	NaN	4.9904
848198574002	NaN	NaN	1291.51	781.02	NaN	4.9901
848198582341	NaN	NaN	1290.71	781.18	NaN	4.9968
848198590675	NaN	NaN	1292.11	782.91	NaN	4.9983
848198599007	NaN	NaN	1295.36	774.23	NaN	4.9782
848198607340	NaN	NaN	1291.95	776.98	NaN	4.9849
848198615673	NaN	NaN	1293.92	775.74	NaN	4.9880
848198624007	NaN	NaN	1293.84	774.65	NaN	4.9814
848198632340	NaN	NaN	1295.40	776.40	NaN	5.0013
848198640674	NaN	NaN	1293.81	765.77	NaN	4.9917
848198649007	NaN	NaN	1297.31	768.93	NaN	4.9887
848198657340	NaN	NaN	1294.74	765.69	NaN	4.9884
848198665674	NaN	NaN	1294.53	765.38	NaN	4.9928
848198674007	NaN	NaN	1294.18	768.00	NaN	4.9969
848198682339	NaN	NaN	1301.10	770.42	NaN	5.0033
848198690673	NaN	NaN	1303.12	767.79	NaN	4.9765
848198699006	NaN	NaN	1293.10	759.50	NaN	4.9977
848198707339	NaN	NaN	1288.87	770.23	NaN	5.0089
848198715678	NaN	NaN	1283.30	771.36	NaN	4.9967
848198724010	NaN	NaN	1279.45	749.50	NaN	5.0190
848198732343	NaN	NaN	1278.12	787.72	NaN	4.9647
848198740676	NaN	NaN	1305.61	836.59	NaN	4.8366
848198749010	NaN	NaN	NaN	NaN	NaN	NaN
848198757344	NaN	NaN	NaN	NaN	NaN	NaN
848198765677	NaN	NaN	NaN	NaN	NaN	NaN
848198774010	NaN	NaN	NaN	NaN	NaN	NaN
848198782343	NaN	NaN	NaN	NaN	NaN	NaN
848198790676	NaN	NaN	NaN	NaN	NaN	NaN
848198799009	NaN	NaN	NaN	NaN	NaN	NaN
848198807343	NaN	NaN	NaN	NaN	NaN	NaN
848198815676	NaN	NaN	NaN	NaN	NaN	NaN
848198824010	NaN	NaN	NaN	NaN	NaN	NaN
848198832343	NaN	NaN	NaN	NaN	NaN	NaN
848198840679	NaN	NaN	NaN	NaN	NaN	NaN
848198849012	NaN	NaN	NaN	NaN	NaN	NaN
848198857345	NaN	NaN	NaN	NaN	NaN	NaN
848198865678	NaN	NaN	NaN	NaN	NaN	NaN
848198874011	NaN	NaN	NaN	NaN	NaN	NaN
848198882345	NaN	NaN	NaN	NaN	NaN	NaN
848198890678	NaN	NaN	NaN	NaN	NaN	NaN
848198899012	NaN	NaN	NaN	NaN	NaN	NaN
848198907345	NaN	NaN	NaN	NaN	NaN	NaN
848198915678	NaN	NaN	NaN	NaN	NaN	NaN
848198924011	NaN	NaN	NaN	NaN	NaN	NaN
848198932344	NaN	NaN	NaN	NaN	NaN	NaN
848198940677	NaN	NaN	NaN	NaN	NaN	NaN
848198949010	NaN	NaN	NaN	NaN	NaN	NaN
848198957343	NaN	NaN	NaN	NaN	NaN	NaN
848198965677	NaN	NaN	NaN	NaN	NaN	NaN
848198974021	NaN	NaN	NaN	NaN	NaN	NaN
848198982355	NaN	NaN	NaN	NaN	NaN	NaN
848198990688	NaN	NaN	1325.94	1054.90	NaN	4.1980
848198999022	NaN	NaN	1305.50	1009.65	NaN	4.3258
848199007355	NaN	NaN	NaN	NaN	NaN	NaN
848199015687	NaN	NaN	1286.42	918.11	NaN	4.7622
848199024020	NaN	NaN	1348.36	892.73	NaN	4.7547
848199032354	NaN	NaN	1290.66	864.98	NaN	4.8685
848199040687	NaN	NaN	1306.13	823.74	NaN	5.0334
848199049020	NaN	NaN	1318.55	864.71	NaN	4.8874
848199057353	NaN	NaN	1289.19	790.02	NaN	5.0483
848199065687	NaN	NaN	1301.91	810.66	NaN	5.0734
848199074021	NaN	NaN	1292.71	810.41	NaN	5.0878
848199082354	NaN	NaN	1304.69	804.97	NaN	5.0819
848199090687	NaN	NaN	1286.60	843.63	NaN	4.9566
848199099020	NaN	NaN	1298.08	832.00	NaN	5.0455
848199107353	NaN	NaN	1292.18	821.62	NaN	5.0642
848199115687	NaN	NaN	1298.83	842.66	NaN	5.0079
848199124021	NaN	NaN	1300.61	819.46	NaN	5.0718
848199132354	NaN	NaN	1303.96	845.85	NaN	4.9659
848199140687	NaN	NaN	1291.10	823.46	NaN	5.0918
848199149021	NaN	NaN	1296.77	819.95	NaN	5.0741
848199157353	NaN	NaN	1305.27	828.89	NaN	5.0579
848199165687	NaN	NaN	1292.08	819.72	NaN	5.0812
848199174021	NaN	NaN	1309.56	841.65	NaN	5.0013
848199182353	NaN	NaN	1276.63	822.25	NaN	5.0207
848199190686	NaN	NaN	1295.68	803.83	NaN	5.0617
848199199020	NaN	NaN	1318.66	844.53	NaN	4.9855
848199207353	NaN	NaN	1284.49	837.55	NaN	5.0085
848199215686	NaN	NaN	1287.95	776.50	NaN	5.1503
848199224020	NaN	NaN	1307.72	805.44	NaN	5.1221
848199232353	NaN	NaN	1294.22	812.63	NaN	5.1236
848199240690	NaN	NaN	1305.90	821.78	NaN	5.0610
848199249023	NaN	NaN	1299.17	840.74	NaN	5.0651
848199257357	NaN	NaN	1297.09	831.77	NaN	5.1097
848199265689	NaN	NaN	1299.70	806.11	NaN	5.1410
848199274023	NaN	NaN	1304.02	884.02	NaN	4.9884
848199282356	NaN	NaN	1284.62	857.17	NaN	5.0311
848199290689	NaN	NaN	1303.64	813.33	NaN	5.1589
848199299023	NaN	NaN	1293.64	819.14	NaN	5.1397
848199307356	NaN	NaN	1298.37	827.15	NaN	5.1176
848199315689	NaN	NaN	1303.23	811.44	NaN	5.1535
848199324023	NaN	NaN	1298.01	798.19	NaN	5.1601
848199332356	NaN	NaN	1304.21	778.94	NaN	5.1689
848199340688	NaN	NaN	1307.91	791.81	NaN	5.1332
848199349021	NaN	NaN	1298.96	743.84	NaN	5.1988
848199357355	NaN	NaN	1316.01	803.20	NaN	5.1172
848199365694	NaN	NaN	1316.04	761.69	NaN	5.1920
848199374027	NaN	NaN	1297.92	787.00	NaN	5.1455
848199382361	NaN	NaN	1279.89	804.61	NaN	5.1293
848199390694	NaN	NaN	1284.20	771.90	NaN	5.2027
848199399027	NaN	NaN	1290.85	769.34	NaN	5.2229
848199407361	NaN	NaN	1286.59	767.05	NaN	5.2176
848199415694	NaN	NaN	1287.20	825.89	NaN	5.1054
848199424026	NaN	NaN	1290.56	770.66	NaN	5.2374
848199432359	NaN	NaN	1288.66	792.28	NaN	5.1869
848199440693	NaN	NaN	1299.14	784.55	NaN	5.2013
848199449026	NaN	NaN	1282.91	783.62	NaN	5.1755
848199457360	NaN	NaN	1297.02	796.62	NaN	5.1767
848199465693	NaN	NaN	1292.29	762.69	NaN	5.2389
848199474026	NaN	NaN	1292.62	805.81	NaN	5.1575
848199482360	NaN	NaN	1296.40	795.17	NaN	5.1773
848199490692	NaN	NaN	1301.35	796.71	NaN	5.1972
848199499030	NaN	NaN	1295.00	819.56	NaN	5.1267
848199507363	NaN	NaN	1301.08	800.22	NaN	5.1857
848199515696	NaN	NaN	1304.45	823.63	NaN	5.1384
848199524029	NaN	NaN	1291.33	805.88	NaN	5.1767
848199532362	NaN	NaN	1297.30	737.15	NaN	5.3318
848199540696	NaN	NaN	1289.04	797.79	NaN	5.2261
848199549029	NaN	NaN	1293.36	791.32	NaN	5.2332
848199557363	NaN	NaN	1286.17	794.08	NaN	5.2176
848199565696	NaN	NaN	1295.85	817.94	NaN	5.1714
848199574029	NaN	NaN	1286.96	833.77	NaN	5.1341
848199582363	NaN	NaN	1292.29	801.74	NaN	5.2211
848199590695	NaN	NaN	1288.83	832.09	NaN	5.1666
848199599028	NaN	NaN	1286.86	794.87	NaN	5.2139
848199607361	NaN	NaN	1276.71	814.40	NaN	5.1899
848199615694	NaN	NaN	1287.62	789.35	NaN	5.2386
848199624028	NaN	NaN	1278.46	790.48	NaN	5.2263
848199632367	NaN	NaN	1287.49	794.25	NaN	5.2280
848199640700	NaN	NaN	1286.39	805.05	NaN	5.1893
848199649033	NaN	NaN	1279.16	794.95	NaN	5.2396
848199657366	NaN	NaN	1284.08	817.26	NaN	5.1891
848199665699	NaN	NaN	1280.66	820.62	NaN	5.1785
848199674032	NaN	NaN	1291.54	784.86	NaN	5.2466
848199682365	NaN	NaN	1284.43	797.44	NaN	5.2104
848199690698	NaN	NaN	1287.41	811.23	NaN	5.1812
848199699032	NaN	NaN	1296.63	794.70	NaN	5.2193
848199707365	NaN	NaN	1277.86	807.91	NaN	5.2237
848199715699	NaN	NaN	1291.43	806.38	NaN	5.1988
848199724032	NaN	NaN	1291.04	780.69	NaN	5.2519
848199732365	NaN	NaN	1290.39	794.63	NaN	5.2248
848199740698	NaN	NaN	1289.07	803.37	NaN	5.2111
848199749032	NaN	NaN	1288.11	812.18	NaN	5.2199
848199757367	NaN	NaN	1290.07	810.48	NaN	5.1949
848199765700	NaN	NaN	1286.12	802.44	NaN	5.1964
848199774034	NaN	NaN	1281.62	804.13	NaN	5.1903
848199782367	NaN	NaN	1287.31	796.88	NaN	5.1957
848199790700	NaN	NaN	1276.22	801.48	NaN	5.1964
848199799034	NaN	NaN	1282.76	777.20	NaN	5.2467
848199807367	NaN	NaN	1281.41	780.54	NaN	5.2596
848199815700	NaN	NaN	1285.20	794.59	NaN	5.2023
848199824034	NaN	NaN	1281.72	782.80	NaN	5.2405
848199832367	NaN	NaN	1284.46	778.01	NaN	5.2470
848199840700	NaN	NaN	1279.52	748.13	NaN	5.2990
848199849033	NaN	NaN	1282.30	786.02	NaN	5.2362
848199857366	NaN	NaN	1278.99	785.04	NaN	5.2504
848199865699	NaN	NaN	1287.34	791.83	NaN	5.2043
848199874033	NaN	NaN	1285.48	791.63	NaN	5.2220
848199882366	NaN	NaN	1286.26	756.97	NaN	5.2874
848199890706	NaN	NaN	1288.01	794.47	NaN	5.2128
848199899039	NaN	NaN	1291.09	784.46	NaN	5.2353
848199907372	NaN	NaN	1286.68	800.19	NaN	5.1928
848199915705	NaN	NaN	1280.10	791.71	NaN	5.2084
848199924038	NaN	NaN	1289.80	807.85	NaN	5.1687
848199932371	NaN	NaN	1289.35	793.97	NaN	5.2124
848199940704	NaN	NaN	1294.27	802.29	NaN	5.1785
848199949038	NaN	NaN	1291.59	787.87	NaN	5.2074
848199957371	NaN	NaN	1286.25	768.29	NaN	5.2534
848199965705	NaN	NaN	1281.63	766.25	NaN	5.2739
848199974037	NaN	NaN	1281.57	785.38	NaN	5.2112
848199982371	NaN	NaN	1287.43	771.94	NaN	5.2676
848199990704	NaN	NaN	1291.16	794.70	NaN	5.2008
848199999037	NaN	NaN	1294.25	759.45	NaN	5.2812
848200007370	NaN	NaN	1283.12	773.52	NaN	5.2529
848200015703	NaN	NaN	1284.24	774.54	NaN	5.2503
848200024042	NaN	NaN	1289.17	771.36	NaN	5.2659
848200032375	NaN	NaN	1286.64	785.91	NaN	5.2440
848200040709	NaN	NaN	1280.97	788.15	NaN	5.2379
848200049042	NaN	NaN	1285.39	813.21	NaN	5.1883
848200057375	NaN	NaN	1285.38	789.08	NaN	5.2499
848200065708	NaN	NaN	1289.35	791.55	NaN	5.2306
848200074041	NaN	NaN	1292.99	780.11	NaN	5.2534
848200082375	NaN	NaN	1295.19	779.00	NaN	5.2485
848200090708	NaN	NaN	1298.09	758.80	NaN	5.2907
848200099041	NaN	NaN	1292.29	788.99	NaN	5.2263
848200107374	NaN	NaN	1297.91	793.79	NaN	5.2186
848200115707	NaN	NaN	1287.35	753.70	NaN	5.3089
848200124041	NaN	NaN	1292.65	785.65	NaN	5.2521
848200132374	NaN	NaN	1293.71	797.00	NaN	5.2402
848200140708	NaN	NaN	1295.20	787.03	NaN	5.2643
848200149041	NaN	NaN	1290.92	774.59	NaN	5.2923
848200157379	NaN	NaN	1296.42	791.38	NaN	5.2527
848200165712	NaN	NaN	1303.53	812.86	NaN	5.2095
848200174045	NaN	NaN	1298.29	770.81	NaN	5.2611
848200182378	NaN	NaN	1296.26	738.67	NaN	5.2639
848200190711	NaN	NaN	1293.82	759.69	NaN	5.1949
848200199044	NaN	NaN	1290.04	736.07	NaN	5.2794
848200207378	NaN	NaN	1300.16	723.49	NaN	5.2937
848200215712	NaN	NaN	1293.23	737.83	NaN	5.2913
848200224045	NaN	NaN	1305.64	762.23	NaN	5.2210
848200232378	NaN	NaN	1294.38	735.84	NaN	5.2805
848200240711	NaN	NaN	1290.28	732.95	NaN	5.3140
848200249044	NaN	NaN	1292.69	743.01	NaN	5.2691
848200257377	NaN	NaN	1300.43	728.46	NaN	5.2999
848200265711	NaN	NaN	1299.77	714.76	NaN	5.3037
848200274043	NaN	NaN	1297.75	712.45	NaN	5.2975
848200282381	NaN	NaN	1291.46	725.57	NaN	5.2757
848200290714	NaN	NaN	1304.83	743.40	NaN	5.2184
848200299048	NaN	NaN	1298.90	741.39	NaN	5.2546
848200307381	NaN	NaN	1301.37	728.08	NaN	5.2860
848200315714	NaN	NaN	1296.28	738.60	NaN	5.2448
848200324048	NaN	NaN	1301.25	747.86	NaN	5.2796
848200332380	NaN	NaN	1305.83	736.12	NaN	5.2911
848200340713	NaN	NaN	1297.78	742.52	NaN	5.2921
848200349047	NaN	NaN	1293.56	741.69	NaN	5.3111
848200357380	NaN	NaN	1297.30	744.77	NaN	5.2944
848200365714	NaN	NaN	1291.70	753.04	NaN	5.2910
848200374046	NaN	NaN	1294.55	733.69	NaN	5.3347
848200382380	NaN	NaN	1294.60	752.08	NaN	5.3030
848200390713	NaN	NaN	1300.15	733.81	NaN	5.3300
848200399047	NaN	NaN	1301.02	727.90	NaN	5.3279
848200407380	NaN	NaN	1300.15	724.19	NaN	5.3048
848200415715	NaN	NaN	1294.64	745.44	NaN	5.2541
848200424049	NaN	NaN	1305.80	725.27	NaN	5.3262
848200432382	NaN	NaN	1301.52	736.29	NaN	5.2631
848200440715	NaN	NaN	1297.73	736.77	NaN	5.3077
848200449049	NaN	NaN	1301.35	723.95	NaN	5.3131
848200457382	NaN	NaN	1297.11	751.19	NaN	5.2902
848200465715	NaN	NaN	1300.02	765.19	NaN	5.2670
848200474048	NaN	NaN	1300.25	719.08	NaN	5.3839
848200482382	NaN	NaN	1296.68	767.27	NaN	5.2933
848200490715	NaN	NaN	1297.14	755.55	NaN	5.3193
848200499047	NaN	NaN	1289.01	750.89	NaN	5.3419
848200507381	NaN	NaN	1296.62	750.20	NaN	5.3433
848200515714	NaN	NaN	1299.67	724.81	NaN	5.3893
848200524048	NaN	NaN	1299.64	745.03	NaN	5.3599
848200532381	NaN	NaN	1305.42	758.88	NaN	5.3221
848200540714	NaN	NaN	1290.73	744.28	NaN	5.3179
848200549055	NaN	NaN	1293.26	731.85	NaN	5.3708
848200557388	NaN	NaN	1303.79	726.93	NaN	5.3748
848200565721	NaN	NaN	1296.17	747.80	NaN	5.3419
848200574055	NaN	NaN	1285.74	760.88	NaN	5.3545
848200582386	NaN	NaN	1291.38	751.14	NaN	5.3731
848200590720	NaN	NaN	1299.38	719.64	NaN	5.4294
848200599054	NaN	NaN	1295.06	756.02	NaN	5.3600
848200607387	NaN	NaN	1289.66	741.63	NaN	5.3791
848200615720	NaN	NaN	1292.79	750.00	NaN	5.3647
848200624053	NaN	NaN	1283.85	764.15	NaN	5.3607
848200632387	NaN	NaN	1282.63	764.29	NaN	5.3499
848200640720	NaN	NaN	1285.34	752.06	NaN	5.3641
848200649054	NaN	NaN	1296.31	738.96	NaN	5.4134
848200657387	NaN	NaN	1292.73	760.64	NaN	5.3579
848200665719	NaN	NaN	1298.13	733.20	NaN	5.4384
848200674053	NaN	NaN	1300.50	750.96	NaN	5.3925
848200682392	NaN	NaN	1293.55	734.86	NaN	5.4272
848200690725	NaN	NaN	1300.49	739.72	NaN	5.4014
848200699059	NaN	NaN	1293.93	738.34	NaN	5.4224
848200707392	NaN	NaN	1295.85	725.74	NaN	5.4292
848200715725	NaN	NaN	1298.07	752.41	NaN	5.3986
848200724059	NaN	NaN	1294.29	759.42	NaN	5.3898
848200732392	NaN	NaN	1286.95	744.17	NaN	5.4384
848200740725	NaN	NaN	1287.39	760.21	NaN	5.3840
848200749057	NaN	NaN	1287.62	748.14	NaN	5.4123
848200757391	NaN	NaN	1287.78	745.18	NaN	5.4241
848200765724	NaN	NaN	1285.76	726.12	NaN	5.4735
848200774058	NaN	NaN	1286.94	725.38	NaN	5.4503
848200782391	NaN	NaN	1278.07	741.21	NaN	5.4530
848200790724	NaN	NaN	1283.69	749.32	NaN	5.4501
848200799057	NaN	NaN	1286.07	742.77	NaN	5.4496
848200807394	NaN	NaN	1290.39	715.53	NaN	5.4918
848200815728	NaN	NaN	1286.28	737.10	NaN	5.4415
848200824062	NaN	NaN	1290.53	713.10	NaN	5.5048
848200832393	NaN	NaN	1283.29	721.56	NaN	5.4668
848200840727	NaN	NaN	1291.23	720.73	NaN	5.5053
848200849060	NaN	NaN	1288.27	721.52	NaN	5.4884
848200857394	NaN	NaN	1291.36	739.27	NaN	5.4588
848200865727	NaN	NaN	1304.46	732.11	NaN	5.5016
848200874060	NaN	NaN	1291.70	720.56	NaN	5.5175
848200882394	NaN	NaN	1281.30	727.06	NaN	5.4820
848200890727	NaN	NaN	1291.55	724.94	NaN	5.4873
848200899060	NaN	NaN	1287.84	745.25	NaN	5.4492
848200907393	NaN	NaN	1280.63	741.20	NaN	5.4796
848200915726	NaN	NaN	1290.00	727.51	NaN	5.5101
848200924060	NaN	NaN	1292.67	739.94	NaN	5.4810
848200932393	NaN	NaN	1285.17	738.41	NaN	5.5232
848200940730	NaN	NaN	1290.52	730.85	NaN	5.5202
848200949063	NaN	NaN	1302.45	717.78	NaN	5.5172
848200957396	NaN	NaN	1287.19	719.58	NaN	5.5462
848200965730	NaN	NaN	1287.43	717.50	NaN	5.5116
848200974064	NaN	NaN	1289.05	699.36	NaN	5.5669
848200982396	NaN	NaN	1289.19	704.79	NaN	5.5817
848200990729	NaN	NaN	1299.92	707.57	NaN	5.5496
848200999063	NaN	NaN	1295.68	723.18	NaN	5.5148
848201007395	NaN	NaN	1289.28	727.86	NaN	5.5279
848201015729	NaN	NaN	1292.81	735.16	NaN	5.5438
848201024062	NaN	NaN	1296.04	732.43	NaN	5.5365
848201032395	NaN	NaN	1293.11	743.34	NaN	5.4989
848201040729	NaN	NaN	1297.55	735.42	NaN	5.5149
848201049062	NaN	NaN	1301.48	735.31	NaN	5.5158
848201057396	NaN	NaN	1290.85	744.04	NaN	5.5074
848201065729	NaN	NaN	1294.53	730.93	NaN	5.5380
848201074066	NaN	NaN	1306.97	726.29	NaN	5.5320
848201082400	NaN	NaN	1293.29	711.69	NaN	5.5457
848201090732	NaN	NaN	1301.07	726.16	NaN	5.5163
848201099066	NaN	NaN	1288.04	724.19	NaN	5.5235
848201107399	NaN	NaN	1286.59	709.77	NaN	5.5655
848201115732	NaN	NaN	1282.33	722.08	NaN	5.5362
848201124066	NaN	NaN	1288.38	712.39	NaN	5.5221
848201132399	NaN	NaN	1289.51	697.51	NaN	5.5641
848201140733	NaN	NaN	1289.10	696.89	NaN	5.5692
848201149066	NaN	NaN	1291.17	701.06	NaN	5.5649
848201157398	NaN	NaN	1284.62	715.59	NaN	5.5587
848201165732	NaN	NaN	1286.81	721.48	NaN	5.5669
848201174065	NaN	NaN	1289.38	733.78	NaN	5.5234
848201182398	NaN	NaN	1288.26	735.62	NaN	5.5341
848201190732	NaN	NaN	1306.35	738.40	NaN	5.5605
848201199069	NaN	NaN	1334.06	747.03	NaN	5.5797
848201207403	NaN	NaN	1338.74	767.88	NaN	5.5629
848201215735	NaN	NaN	1338.53	778.43	NaN	5.5396
848201224069	NaN	NaN	1323.47	760.50	NaN	5.5750
848201232402	NaN	NaN	1328.86	769.00	NaN	5.5513
848201240735	NaN	NaN	1338.69	754.88	NaN	5.5665
848201249068	NaN	NaN	1337.60	751.61	NaN	5.5911
848201257401	NaN	NaN	1327.54	750.14	NaN	5.5776
848201265735	NaN	NaN	1324.10	742.87	NaN	5.6090
848201274068	NaN	NaN	1330.96	749.97	NaN	5.5762
848201282401	NaN	NaN	1323.01	754.95	NaN	5.5824
848201290735	NaN	NaN	1323.63	761.56	NaN	5.5700
848201299068	NaN	NaN	1326.99	756.58	NaN	5.5833
848201307401	NaN	NaN	1336.88	751.63	NaN	5.5890
848201315735	NaN	NaN	1332.67	768.59	NaN	5.5344
848201324068	NaN	NaN	1336.39	757.76	NaN	5.5727
848201332408	NaN	NaN	1330.77	753.21	NaN	5.5813
848201340741	NaN	NaN	1341.37	749.85	NaN	5.5719
848201349074	NaN	NaN	1327.30	762.94	NaN	5.5793
848201357407	NaN	NaN	1333.76	763.22	NaN	5.5642
848201365740	NaN	NaN	1333.55	774.40	NaN	5.5567
848201374074	NaN	NaN	1344.30	757.98	NaN	5.5993
848201382407	NaN	NaN	1340.51	774.03	NaN	5.5500
848201390740	NaN	NaN	1343.07	757.99	NaN	5.5913
848201399074	NaN	NaN	1336.75	754.22	NaN	5.5945
848201407407	NaN	NaN	1340.52	746.36	NaN	5.5934
848201415740	NaN	NaN	1333.82	760.00	NaN	5.5757
848201424073	NaN	NaN	1338.63	751.69	NaN	5.5992
848201432406	NaN	NaN	1332.31	763.22	NaN	5.5955
848201440740	NaN	NaN	1329.03	755.48	NaN	5.5850
848201449073	NaN	NaN	1334.57	767.51	NaN	5.5566
848201457407	NaN	NaN	1330.37	743.75	NaN	5.6027
848201465743	NaN	NaN	1333.73	756.27	NaN	5.5771
848201474076	NaN	NaN	1307.19	759.42	NaN	5.5889
848201482409	NaN	NaN	1261.17	761.02	NaN	5.6049
848201490742	NaN	NaN	1249.12	760.60	NaN	5.6295
848201499075	NaN	NaN	1264.88	772.41	NaN	5.6073
848201507409	NaN	NaN	1263.96	771.35	NaN	5.6212
848201515741	NaN	NaN	1263.92	792.39	NaN	5.5928
848201524075	NaN	NaN	1265.45	796.37	NaN	5.5850
848201532408	NaN	NaN	1261.05	783.07	NaN	5.6173
848201540742	NaN	NaN	1266.34	791.59	NaN	5.5964
848201549075	NaN	NaN	1264.58	776.82	NaN	5.5934
848201557408	NaN	NaN	1270.39	775.63	NaN	5.5997
848201565742	NaN	NaN	1261.74	781.58	NaN	5.6077
848201574075	NaN	NaN	1265.21	767.23	NaN	5.6406
848201582407	NaN	NaN	1268.69	786.47	NaN	5.5872
848201590740	NaN	NaN	1265.09	775.98	NaN	5.6224
848201599079	NaN	NaN	1254.36	783.89	NaN	5.6141
848201607412	NaN	NaN	1265.69	760.22	NaN	5.6279
848201615746	NaN	NaN	1264.53	786.56	NaN	5.5874
848201624079	NaN	NaN	1258.01	767.46	NaN	5.6504
848201632412	NaN	NaN	1265.69	773.72	NaN	5.6159
848201640745	NaN	NaN	1259.91	794.60	NaN	5.5836
848201649079	NaN	NaN	1268.30	802.02	NaN	5.5779
848201657412	NaN	NaN	1267.71	773.70	NaN	5.6456
848201665745	NaN	NaN	1254.37	787.67	NaN	5.6090
848201674077	NaN	NaN	1260.94	765.27	NaN	5.6571
848201682411	NaN	NaN	1257.24	772.71	NaN	5.6145
848201690745	NaN	NaN	1245.46	776.54	NaN	5.6124
848201699078	NaN	NaN	1265.60	777.19	NaN	5.6072
848201707411	NaN	NaN	1256.91	780.20	NaN	5.6155
848201715744	NaN	NaN	1257.13	774.77	NaN	5.6299
848201724083	NaN	NaN	1248.82	776.81	NaN	5.6576
848201732416	NaN	NaN	1256.24	780.97	NaN	5.6388
848201740749	NaN	NaN	1263.19	779.28	NaN	5.6524
848201749082	NaN	NaN	1263.30	777.95	NaN	5.6176
848201757415	NaN	NaN	1260.18	772.91	NaN	5.6383
848201765749	NaN	NaN	1261.74	762.69	NaN	5.6155
848201774082	NaN	NaN	1264.99	778.61	NaN	5.6177
848201782415	NaN	NaN	1263.18	769.95	NaN	5.6300
848201790748	NaN	NaN	1257.98	769.89	NaN	5.6481
848201799081	NaN	NaN	1262.84	778.69	NaN	5.6257
848201807415	NaN	NaN	1267.95	778.38	NaN	5.6186
848201815749	NaN	NaN	1274.16	791.33	NaN	5.6199
848201824080	NaN	NaN	1296.99	813.12	NaN	5.6002
848201832414	NaN	NaN	1286.09	807.55	NaN	5.6232
848201840747	NaN	NaN	1290.36	791.10	NaN	5.6133
848201849081	NaN	NaN	1280.87	794.25	NaN	5.6252
848201857420	NaN	NaN	1293.07	794.73	NaN	5.6134
848201865753	NaN	NaN	1284.62	790.93	NaN	5.6182
848201874086	NaN	NaN	1286.95	796.58	NaN	5.6228
848201882420	NaN	NaN	1282.55	794.72	NaN	5.6055
848201890753	NaN	NaN	1290.48	780.72	NaN	5.6005
848201899087	NaN	NaN	1282.06	769.73	NaN	5.6474
848201907419	NaN	NaN	1291.53	790.55	NaN	5.5825
848201915752	NaN	NaN	1292.20	785.89	NaN	5.6044
848201924085	NaN	NaN	1293.08	788.56	NaN	5.5858
848201932419	NaN	NaN	1290.60	789.28	NaN	5.5808
848201940752	NaN	NaN	1289.71	791.12	NaN	5.5849
848201949085	NaN	NaN	1288.45	783.48	NaN	5.5973
848201957419	NaN	NaN	1289.42	792.54	NaN	5.5950
848201965752	NaN	NaN	1293.97	786.89	NaN	5.5884
848201974086	NaN	NaN	1290.65	773.11	NaN	5.6096
848201982419	NaN	NaN	1289.29	794.21	NaN	5.5833
848201990754	NaN	NaN	1286.77	788.37	NaN	5.5816
848201999088	NaN	NaN	1288.16	794.57	NaN	5.5677
848202007421	NaN	NaN	1291.96	779.94	NaN	5.5985
848202015754	NaN	NaN	1285.68	779.06	NaN	5.6133
848202024088	NaN	NaN	1286.67	782.40	NaN	5.5892
848202032421	NaN	NaN	1285.59	780.24	NaN	5.6013
848202040754	NaN	NaN	1286.98	792.13	NaN	5.5665
848202049087	NaN	NaN	1284.42	787.55	NaN	5.5870
848202057421	NaN	NaN	1292.80	779.54	NaN	5.5870
848202065754	NaN	NaN	1284.43	780.15	NaN	5.5923
848202074086	NaN	NaN	1282.52	794.19	NaN	5.5860
848202082420	NaN	NaN	1293.64	784.76	NaN	5.5456
848202090753	NaN	NaN	1284.09	788.44	NaN	5.5886
848202099087	NaN	NaN	1282.84	793.69	NaN	5.5880
848202107420	NaN	NaN	1283.11	794.04	NaN	5.5769
848202115753	NaN	NaN	1287.19	781.76	NaN	5.5809
848202124092	NaN	NaN	1281.68	785.66	NaN	5.5868
848202132425	NaN	NaN	1280.58	782.99	NaN	5.5859
848202140758	NaN	NaN	1278.45	785.92	NaN	5.5953
848202149092	NaN	NaN	1282.64	777.10	NaN	5.5974
848202157424	NaN	NaN	1289.50	788.07	NaN	5.5602
848202165757	NaN	NaN	1282.54	780.02	NaN	5.5989
848202174090	NaN	NaN	1335.02	875.47	NaN	5.5672
848202182424	NaN	NaN	1421.49	975.33	NaN	5.5330
848202190757	NaN	NaN	1503.33	1056.67	NaN	5.5596
848202199090	NaN	NaN	1588.89	1154.74	NaN	5.5246
848202207424	NaN	NaN	1680.28	1230.50	NaN	5.5212
848202215757	NaN	NaN	1770.18	1319.78	NaN	5.4724
848202224091	NaN	NaN	1832.43	1379.37	NaN	5.4900
848202232424	NaN	NaN	1867.81	1455.43	NaN	5.4483
848202240756	NaN	NaN	1889.44	1455.38	NaN	5.4581
848202249094	NaN	NaN	1883.63	1469.99	NaN	5.4671
848202257427	NaN	NaN	1890.51	1468.90	NaN	5.4634
848202265760	NaN	NaN	1885.97	1472.50	NaN	5.4849
848202274094	NaN	NaN	1890.55	1474.68	NaN	5.4791
848202282427	NaN	NaN	1905.42	1471.44	NaN	5.4535
848202290760	NaN	NaN	1903.69	1475.32	NaN	5.4570
848202299093	NaN	NaN	1897.53	1484.57	NaN	5.4288
848202307427	NaN	NaN	1897.64	1479.91	NaN	5.4438
848202315760	NaN	NaN	1890.70	1478.16	NaN	5.4375
848202324092	NaN	NaN	1891.65	1489.61	NaN	5.4486
848202332426	NaN	NaN	1878.32	1482.02	NaN	5.4611
848202340759	NaN	NaN	1893.19	1480.87	NaN	5.4435
848202349093	NaN	NaN	1880.67	1486.65	NaN	5.4586
848202357426	NaN	NaN	1895.61	1476.17	NaN	5.4544
848202365759	NaN	NaN	1880.42	1479.98	NaN	5.4810
848202374093	NaN	NaN	1886.84	1494.77	NaN	5.4394
848202382429	NaN	NaN	1890.11	1491.10	NaN	5.4412
848202390763	NaN	NaN	1871.41	1514.34	NaN	5.4098
848202399097	NaN	NaN	1884.03	1482.82	NaN	5.4964
848202407428	NaN	NaN	1893.64	1488.29	NaN	5.4668
848202415762	NaN	NaN	1880.35	1491.49	NaN	5.4865
848202424095	NaN	NaN	1878.47	1493.60	NaN	5.4489
848202432429	NaN	NaN	1885.41	1495.15	NaN	5.4614
848202440762	NaN	NaN	1884.63	1500.98	NaN	5.4404
848202449095	NaN	NaN	1882.44	1493.01	NaN	5.4591
848202457429	NaN	NaN	1891.03	1484.08	NaN	5.4367
848202465762	NaN	NaN	1900.99	1493.57	NaN	5.3958
848202474095	NaN	NaN	1894.18	1486.37	NaN	5.4117
848202482429	NaN	NaN	1890.34	1479.90	NaN	5.4131
848202490761	NaN	NaN	1897.74	1495.36	NaN	5.3735
848202499094	NaN	NaN	1893.15	1488.81	NaN	5.3608
848202507427	NaN	NaN	1893.54	1484.00	NaN	5.3546
848202515767	NaN	NaN	1886.86	1496.69	NaN	5.3475
848202524100	NaN	NaN	1887.22	1500.39	NaN	5.3031
848202532433	NaN	NaN	1886.64	1505.10	NaN	5.2974
848202540767	NaN	NaN	1876.93	1501.08	NaN	5.2783
848202549100	NaN	NaN	1787.04	1529.65	NaN	5.2868
848202557434	NaN	NaN	1631.20	1529.87	NaN	5.3217
848202565767	NaN	NaN	1518.31	1501.79	NaN	5.3088
848202574099	NaN	NaN	1399.92	1466.73	NaN	5.2637
848202582433	NaN	NaN	1269.59	1465.33	NaN	5.2214
848202590766	NaN	NaN	1136.54	1469.07	NaN	5.2143
848202599099	NaN	NaN	1005.24	1452.76	NaN	5.2492
848202607433	NaN	NaN	879.16	1462.76	NaN	5.2255
848202615766	NaN	NaN	770.76	1482.42	NaN	5.1811
848202624099	NaN	NaN	698.31	1499.32	NaN	5.1515
848202632432	NaN	NaN	697.53	1490.49	NaN	5.1402
848202640769	NaN	NaN	729.95	1489.48	NaN	5.1521
848202649102	NaN	NaN	714.81	1498.00	NaN	5.1094
848202657434	NaN	NaN	697.79	1500.39	NaN	5.0557
848202665768	NaN	NaN	704.12	1504.80	NaN	5.0595
848202674101	NaN	NaN	698.70	1515.88	NaN	5.0342
848202682435	NaN	NaN	704.75	1510.34	NaN	5.0252
848202690768	NaN	NaN	697.07	1516.14	NaN	5.0189
848202699101	NaN	NaN	698.95	1521.08	NaN	5.0081
848202707435	NaN	NaN	700.16	1520.36	NaN	4.9975
848202715767	NaN	NaN	692.77	1529.09	NaN	4.9648
848202724101	NaN	NaN	701.22	1507.85	NaN	4.9832
848202732435	NaN	NaN	710.62	1509.52	NaN	4.9700
848202740766	NaN	NaN	703.39	1513.40	NaN	4.9534
848202749100	NaN	NaN	704.36	1514.30	NaN	4.9314
848202757433	NaN	NaN	708.15	1507.71	NaN	4.9305
848202765767	NaN	NaN	709.59	1510.71	NaN	4.9279
848202774104	NaN	NaN	702.04	1506.64	NaN	4.9149
848202782437	NaN	NaN	704.10	1509.97	NaN	4.9072
848202790771	NaN	NaN	701.09	1513.60	NaN	4.9002
848202799104	NaN	NaN	701.54	1517.46	NaN	4.8975
848202807438	NaN	NaN	703.80	1525.40	NaN	4.8793
848202815771	NaN	NaN	698.02	1520.18	NaN	4.8626
848202824103	NaN	NaN	693.05	1516.06	NaN	4.8564
848202832437	NaN	NaN	695.54	1515.65	NaN	4.8594
848202840770	NaN	NaN	696.23	1514.48	NaN	4.8467
848202849103	NaN	NaN	695.77	1513.69	NaN	4.8238
848202857437	NaN	NaN	692.39	1517.79	NaN	4.8070
848202865770	NaN	NaN	693.21	1519.54	NaN	4.8058
848202874103	NaN	NaN	695.42	1514.25	NaN	4.8027
848202882436	NaN	NaN	691.46	1512.86	NaN	4.7687
848202890770	NaN	NaN	689.88	1512.90	NaN	4.7665
848202899103	NaN	NaN	693.78	1515.12	NaN	4.7444
848202907444	NaN	NaN	701.11	1507.83	NaN	4.7298
848202915778	NaN	NaN	696.23	1506.25	NaN	4.7102
848202924111	NaN	NaN	697.80	1500.86	NaN	4.7106
848202932445	NaN	NaN	695.30	1496.23	NaN	4.6852
848202940778	NaN	NaN	693.46	1499.19	NaN	4.6834
848202949111	NaN	NaN	689.19	1503.55	NaN	4.6687
848202957444	NaN	NaN	677.68	1507.44	NaN	4.6494
848202965777	NaN	NaN	679.51	1507.52	NaN	4.6145
848202974111	NaN	NaN	682.26	1517.94	NaN	4.6167
848202982444	NaN	NaN	678.07	1514.91	NaN	4.6117
848202990776	NaN	NaN	686.45	1513.92	NaN	4.6024
848202999110	NaN	NaN	678.77	1521.57	NaN	4.5915
848203007443	NaN	NaN	680.05	1518.66	NaN	4.5760
848203015777	NaN	NaN	676.39	1525.62	NaN	4.5604
848203024110	NaN	NaN	673.88	1531.72	NaN	4.5646
848203032443	NaN	NaN	674.99	1530.48	NaN	4.5396
848203040780	NaN	NaN	676.76	1531.88	NaN	4.5467
848203049113	NaN	NaN	673.31	1541.19	NaN	4.5195
848203057446	NaN	NaN	673.73	1531.72	NaN	4.5260
848203065780	NaN	NaN	683.61	1537.82	NaN	4.5211
848203074112	NaN	NaN	675.36	1536.44	NaN	4.5062
848203082445	NaN	NaN	672.29	1534.74	NaN	4.4937
848203090778	NaN	NaN	672.73	1528.13	NaN	4.4993
848203099112	NaN	NaN	674.25	1534.96	NaN	4.4866
848203107445	NaN	NaN	673.07	1534.26	NaN	4.4736
848203115778	NaN	NaN	674.84	1535.25	NaN	4.4812
848203124112	NaN	NaN	670.96	1534.27	NaN	4.4751
848203132445	NaN	NaN	674.32	1535.30	NaN	4.4787
848203140779	NaN	NaN	674.30	1535.23	NaN	4.4784
848203149111	NaN	NaN	674.63	1532.15	NaN	4.4582
848203157444	NaN	NaN	674.83	1532.22	NaN	4.4778
848203165782	NaN	NaN	678.14	1531.32	NaN	4.4634
848203174115	NaN	NaN	681.63	1529.21	NaN	4.4724
848203182448	NaN	NaN	680.54	1527.07	NaN	4.4600
848203190782	NaN	NaN	673.35	1521.55	NaN	4.4617
848203199114	NaN	NaN	680.43	1526.61	NaN	4.4422
848203207448	NaN	NaN	676.85	1519.74	NaN	4.4620
848203215781	NaN	NaN	671.68	1525.79	NaN	4.4441
848203224115	NaN	NaN	683.60	1521.98	NaN	4.4625
848203232447	NaN	NaN	681.36	1515.48	NaN	4.4570
848203240780	NaN	NaN	686.18	1517.57	NaN	4.4596
848203249114	NaN	NaN	677.89	1524.43	NaN	4.4302
848203257447	NaN	NaN	680.27	1516.24	NaN	4.4479
848203265781	NaN	NaN	676.49	1523.49	NaN	4.4339
848203274114	NaN	NaN	682.82	1518.36	NaN	4.4332
848203282447	NaN	NaN	687.62	1515.67	NaN	4.4429
848203290781	NaN	NaN	681.16	1514.87	NaN	4.4321
848203299119	NaN	NaN	688.28	1515.17	NaN	4.4388
848203307453	NaN	NaN	686.87	1514.62	NaN	4.4320
848203315786	NaN	NaN	690.66	1509.91	NaN	4.4307
848203324118	NaN	NaN	691.86	1507.62	NaN	4.4138
848203332452	NaN	NaN	689.84	1502.57	NaN	4.4353
848203340785	NaN	NaN	689.10	1505.36	NaN	4.4354
848203349119	NaN	NaN	672.75	1511.55	NaN	4.4250
848203357452	NaN	NaN	602.52	1524.62	NaN	4.4031
848203365785	NaN	NaN	543.20	1517.20	NaN	4.3905
848203374119	NaN	NaN	492.57	1523.26	NaN	4.3846
848203382452	NaN	NaN	481.00	1525.03	NaN	4.3717
848203390786	NaN	NaN	488.14	1523.24	NaN	4.3844
848203399118	NaN	NaN	488.25	1532.17	NaN	4.3646
848203407451	NaN	NaN	485.76	1522.66	NaN	4.3558
848203415785	NaN	NaN	496.16	1525.35	NaN	4.3699
848203424117	NaN	NaN	499.74	1513.21	NaN	4.3863
848203432455	NaN	NaN	497.55	1516.68	NaN	4.3755
848203440789	NaN	NaN	485.65	1523.27	NaN	4.3586
848203449121	NaN	NaN	491.51	1524.33	NaN	4.3647
848203457455	NaN	NaN	496.04	1520.00	NaN	4.3621
848203465788	NaN	NaN	494.96	1522.79	NaN	4.3626
848203474122	NaN	NaN	493.03	1525.56	NaN	4.3597
848203482454	NaN	NaN	494.57	1525.30	NaN	4.3547
848203490787	NaN	NaN	497.14	1518.58	NaN	4.3773
848203499121	NaN	NaN	500.45	1522.13	NaN	4.3666
848203507454	NaN	NaN	496.28	1526.40	NaN	4.3578
848203515787	NaN	NaN	503.67	1531.97	NaN	4.3581
848203524121	NaN	NaN	488.36	1531.53	NaN	4.3760
848203532454	NaN	NaN	498.78	1525.07	NaN	4.3757
848203540788	NaN	NaN	491.45	1530.68	NaN	4.3826
848203549120	NaN	NaN	489.32	1524.96	NaN	4.3741
848203557454	NaN	NaN	498.54	1520.44	NaN	4.3884
848203565791	NaN	NaN	487.62	1523.09	NaN	4.3727
848203574124	NaN	NaN	489.71	1522.57	NaN	4.3825
848203582458	NaN	NaN	493.86	1514.58	NaN	4.3801
848203590791	NaN	NaN	495.80	1520.88	NaN	4.3837
848203599125	NaN	NaN	493.37	1512.13	NaN	4.3919
848203607458	NaN	NaN	499.32	1518.14	NaN	4.3934
848203615791	NaN	NaN	494.24	1520.40	NaN	4.3782
848203624125	NaN	NaN	493.04	1521.06	NaN	4.3870
848203632458	NaN	NaN	497.92	1522.76	NaN	4.4049
848203640791	NaN	NaN	497.92	1532.99	NaN	4.4053
848203649124	NaN	NaN	609.82	1541.77	NaN	4.4417
848203657457	NaN	NaN	654.06	1529.34	NaN	4.4769
848203665791	NaN	NaN	689.29	1523.49	NaN	4.4659
848203674123	NaN	NaN	683.52	1521.04	NaN	4.4506
848203682457	NaN	NaN	669.25	1527.12	NaN	4.4581
848203690793	NaN	NaN	676.01	1523.44	NaN	4.4564
848203699126	NaN	NaN	675.29	1523.79	NaN	4.4546
848203707461	NaN	NaN	677.31	1527.78	NaN	4.4616
848203715794	NaN	NaN	675.14	1523.86	NaN	4.4762
848203724128	NaN	NaN	677.97	1522.28	NaN	4.4918
848203732460	NaN	NaN	681.19	1526.44	NaN	4.4772
848203740793	NaN	NaN	678.00	1513.18	NaN	4.4933
848203749127	NaN	NaN	663.93	1524.74	NaN	4.4391
848203757459	NaN	NaN	685.04	1502.72	NaN	4.5272
848203765793	NaN	NaN	NaN	NaN	NaN	NaN
848203774127	NaN	NaN	NaN	NaN	NaN	NaN
848203782459	NaN	NaN	NaN	NaN	NaN	NaN
848203790793	NaN	NaN	NaN	NaN	NaN	NaN
848203799127	NaN	NaN	NaN	NaN	NaN	NaN
848203807460	NaN	NaN	NaN	NaN	NaN	NaN
848203815792	NaN	NaN	NaN	NaN	NaN	NaN
848203824134	NaN	NaN	NaN	NaN	NaN	NaN
848203832467	NaN	NaN	NaN	NaN	NaN	NaN
848203840800	NaN	NaN	NaN	NaN	NaN	NaN
848203849133	NaN	NaN	NaN	NaN	NaN	NaN
848203857466	NaN	NaN	NaN	NaN	NaN	NaN
848203865800	NaN	NaN	NaN	NaN	NaN	NaN
848203874134	NaN	NaN	NaN	NaN	NaN	NaN
848203882467	NaN	NaN	NaN	NaN	NaN	NaN
848203890800	NaN	NaN	NaN	NaN	NaN	NaN
848203899133	NaN	NaN	NaN	NaN	NaN	NaN
848203907466	NaN	NaN	NaN	NaN	NaN	NaN
848203915799	NaN	NaN	NaN	NaN	NaN	NaN
848203924132	NaN	NaN	NaN	NaN	NaN	NaN
848203932465	NaN	NaN	NaN	NaN	NaN	NaN
848203940799	NaN	NaN	NaN	NaN	NaN	NaN
848203949132	NaN	NaN	NaN	NaN	NaN	NaN
848203957469	NaN	NaN	NaN	NaN	NaN	NaN
848203965802	NaN	NaN	NaN	NaN	NaN	NaN
848203974136	NaN	NaN	NaN	NaN	NaN	NaN
848203982468	NaN	NaN	NaN	NaN	NaN	NaN
848203990801	NaN	NaN	NaN	NaN	NaN	NaN
848203999134	NaN	NaN	NaN	NaN	NaN	NaN
848204007467	NaN	NaN	NaN	NaN	NaN	NaN
848204015801	NaN	NaN	NaN	NaN	NaN	NaN
848204024134	NaN	NaN	NaN	NaN	NaN	NaN
848204032467	NaN	NaN	NaN	NaN	NaN	NaN
848204040801	NaN	NaN	NaN	NaN	NaN	NaN
848204049134	NaN	NaN	NaN	NaN	NaN	NaN
848204057468	NaN	NaN	NaN	NaN	NaN	NaN
848204065800	NaN	NaN	NaN	NaN	NaN	NaN
848204074134	NaN	NaN	NaN	NaN	NaN	NaN
848204082466	NaN	NaN	NaN	NaN	NaN	NaN
848204090805	NaN	NaN	NaN	NaN	NaN	NaN
848204099138	NaN	NaN	NaN	NaN	NaN	NaN
848204107471	NaN	NaN	NaN	NaN	NaN	NaN
848204115805	NaN	NaN	NaN	NaN	NaN	NaN
848204124139	NaN	NaN	NaN	NaN	NaN	NaN
848204132472	NaN	NaN	NaN	NaN	NaN	NaN
848204140805	NaN	NaN	NaN	NaN	NaN	NaN
848204149137	NaN	NaN	NaN	NaN	NaN	NaN
848204157471	NaN	NaN	NaN	NaN	NaN	NaN
848204165804	NaN	NaN	NaN	NaN	NaN	NaN
848204174137	NaN	NaN	NaN	NaN	NaN	NaN
848204182470	NaN	NaN	NaN	NaN	NaN	NaN
848204190804	NaN	NaN	NaN	NaN	NaN	NaN
848204199137	NaN	NaN	NaN	NaN	NaN	NaN
848204207471	NaN	NaN	NaN	NaN	NaN	NaN
848204215808	NaN	NaN	NaN	NaN	NaN	NaN
848204224141	NaN	NaN	NaN	NaN	NaN	NaN
848204232474	NaN	NaN	NaN	NaN	NaN	NaN
848204240807	NaN	NaN	NaN	NaN	NaN	NaN
848204249140	NaN	NaN	NaN	NaN	NaN	NaN
848204257473	NaN	NaN	NaN	NaN	NaN	NaN
848204265806	NaN	NaN	NaN	NaN	NaN	NaN
848204274140	NaN	NaN	NaN	NaN	NaN	NaN
848204282428	NaN	NaN	NaN	NaN	NaN	NaN
848204290716	NaN	NaN	NaN	NaN	NaN	NaN
848204299004	NaN	NaN	NaN	NaN	NaN	NaN
848204307337	NaN	NaN	NaN	NaN	NaN	NaN
848204315670	NaN	NaN	NaN	NaN	NaN	NaN
848204324003	NaN	NaN	NaN	NaN	NaN	NaN
848204332336	NaN	NaN	NaN	NaN	NaN	NaN
848204340670	NaN	NaN	NaN	NaN	NaN	NaN
848204349050	NaN	NaN	NaN	NaN	NaN	NaN
848204357430	NaN	NaN	NaN	NaN	NaN	NaN
848204365811	762.12	1469.37	740.61	1490.81	4.9261	4.9608
848204374144	NaN	NaN	703.04	1532.00	NaN	4.8116
848204382478	NaN	NaN	NaN	NaN	NaN	NaN
848204390811	NaN	NaN	708.53	1526.01	NaN	4.8868
848204399143	NaN	NaN	617.37	1519.52	NaN	4.5255
848204407477	NaN	NaN	708.68	1488.66	NaN	4.9834
848204415810	792.34	1509.47	NaN	NaN	4.8911	NaN
848204424143	735.35	1461.50	692.33	1527.89	4.9774	4.8899
848204432476	NaN	NaN	716.34	1504.76	NaN	4.9914
848204440809	801.27	1520.70	728.25	1512.20	4.9671	4.9646
848204449143	796.26	1513.09	716.78	1514.79	4.9776	4.9722
848204457476	NaN	NaN	727.10	1460.30	NaN	5.0131
848204465810	781.63	1505.43	727.46	1470.40	4.9855	5.0464
848204474142	764.14	1488.08	720.22	1481.34	4.9558	5.0228
848204482482	784.80	1517.71	725.98	1483.53	4.9980	5.0591
848204490815	774.71	1511.26	732.02	1484.03	4.9389	5.0516
848204499148	785.05	1510.08	721.14	1489.13	4.9571	5.0523
848204507481	786.55	1467.16	711.10	1474.54	4.9565	5.0683
848204515814	810.74	1510.96	717.93	1482.35	5.0061	5.0683
848204524148	809.26	1496.98	712.24	1464.02	5.0503	5.0279
848204532481	819.64	1487.10	711.44	1488.95	5.0735	5.0496
848204540815	815.26	1507.35	723.24	1477.27	5.0188	5.0687
848204549148	804.84	1481.47	722.49	1481.13	5.0568	5.0734
848204557480	801.45	1472.80	725.79	1478.74	5.0695	5.0834
848204565813	758.14	1490.96	727.18	1469.86	4.9489	5.1089
848204574147	784.46	1490.69	687.13	1486.99	5.0640	5.1471
848204582480	794.77	1499.06	722.89	1470.02	5.0889	5.0851
848204590813	776.16	1493.21	720.38	1468.10	5.0516	5.0831
848204599147	795.47	1495.74	NaN	NaN	5.0842	NaN
848204607485	783.97	1522.38	734.23	1473.95	5.0409	5.1041
848204615818	856.04	1592.85	727.04	1469.72	4.7732	5.0902
848204624151	791.55	1511.69	725.69	1473.57	5.0942	5.1107
848204632485	796.74	1510.92	723.62	1464.13	5.1311	5.1208
848204640816	794.69	1493.25	726.46	1476.17	5.0342	5.1004
848204649150	794.66	1492.65	728.84	1471.92	5.1123	5.0995
848204657483	815.64	1484.91	725.45	1478.60	5.1000	5.0943
848204665816	814.73	1507.08	728.53	1466.38	5.0581	5.1170
848204674150	799.48	1499.22	728.25	1478.61	5.0418	5.0984
848204682483	801.70	1500.53	724.27	1470.73	5.0643	5.1096
848204690817	813.02	1485.58	719.02	1453.57	5.1039	5.0948
848204699150	806.44	1511.84	728.16	1454.54	5.0698	5.1005
848204707483	824.87	1443.14	721.16	1458.64	5.0893	5.0918
848204715817	790.54	1512.55	728.76	1467.46	5.0339	5.0843
848204724149	786.60	1504.69	728.41	1478.38	5.0482	5.0895
848204732482	787.57	1511.88	727.24	1482.48	5.0239	5.0792
848204740819	816.11	1482.25	722.95	1480.18	5.0918	5.0827
848204749153	802.27	1482.88	724.27	1481.60	5.0355	5.0594
848204757486	802.99	1500.22	708.56	1478.86	5.0525	5.0193
848204765820	788.51	1519.48	719.14	1488.52	4.9961	5.0516
848204774153	756.63	1507.96	705.23	1492.09	4.9358	5.0364
848204782487	771.21	1528.30	718.12	1482.31	4.9978	5.0478
848204790820	769.54	1499.84	714.42	1493.80	4.9601	5.0096
848204799153	776.43	1505.90	711.71	1486.29	4.9702	5.0156
848204807485	774.61	1517.28	713.03	1497.43	4.9991	4.9962
848204815818	773.87	1502.39	713.92	1486.60	4.9806	5.0159
848204824151	771.92	1520.12	713.93	1491.84	4.9303	4.9831
848204832485	792.66	1475.20	714.15	1476.69	5.0243	4.9977
848204840818	752.26	1521.54	712.27	1485.40	4.8951	4.9801
848204849151	765.80	1510.92	713.55	1480.37	4.9287	4.9760
848204857485	810.77	1580.99	722.15	1485.19	4.6723	4.9622
848204865818	NaN	NaN	NaN	NaN	NaN	NaN
848204874157	NaN	NaN	NaN	NaN	NaN	NaN
848204882490	NaN	NaN	NaN	NaN	NaN	NaN
848204890823	NaN	NaN	NaN	NaN	NaN	NaN
848204899155	NaN	NaN	NaN	NaN	NaN	NaN
848204907489	NaN	NaN	NaN	NaN	NaN	NaN
848204915822	NaN	NaN	NaN	NaN	NaN	NaN
848204924156	NaN	NaN	NaN	NaN	NaN	NaN
848204932489	NaN	NaN	NaN	NaN	NaN	NaN
848204940823	NaN	NaN	NaN	NaN	NaN	NaN
848204949156	NaN	NaN	NaN	NaN	NaN	NaN
848204957489	NaN	NaN	NaN	NaN	NaN	NaN
848204965822	NaN	NaN	NaN	NaN	NaN	NaN
848204974155	NaN	NaN	NaN	NaN	NaN	NaN
848204982488	NaN	NaN	NaN	NaN	NaN	NaN
848204990822	NaN	NaN	NaN	NaN	NaN	NaN
848204999155	NaN	NaN	NaN	NaN	NaN	NaN
848205007493	NaN	NaN	NaN	NaN	NaN	NaN
848205015826	NaN	NaN	NaN	NaN	NaN	NaN
848205024160	NaN	NaN	NaN	NaN	NaN	NaN
848205032493	NaN	NaN	NaN	NaN	NaN	NaN
848205040827	NaN	NaN	NaN	NaN	NaN	NaN
848205049160	NaN	NaN	NaN	NaN	NaN	NaN
848205057492	NaN	NaN	NaN	NaN	NaN	NaN
848205065825	NaN	NaN	NaN	NaN	NaN	NaN
848205074159	NaN	NaN	NaN	NaN	NaN	NaN
848205082492	NaN	NaN	NaN	NaN	NaN	NaN
848205090825	NaN	NaN	NaN	NaN	NaN	NaN
848205099158	NaN	NaN	NaN	NaN	NaN	NaN
848205107492	NaN	NaN	NaN	NaN	NaN	NaN
848205115825	NaN	NaN	NaN	NaN	NaN	NaN
848205124159	NaN	NaN	NaN	NaN	NaN	NaN
848205132495	NaN	NaN	NaN	NaN	NaN	NaN
848205140827	NaN	NaN	NaN	NaN	NaN	NaN
848205149160	NaN	NaN	NaN	NaN	NaN	NaN
848205157494	NaN	NaN	NaN	NaN	NaN	NaN
848205165827	NaN	NaN	NaN	NaN	NaN	NaN
848205174160	NaN	NaN	NaN	NaN	NaN	NaN
848205182494	NaN	NaN	NaN	NaN	NaN	NaN
848205190828	NaN	NaN	NaN	NaN	NaN	NaN
848205199161	NaN	NaN	NaN	NaN	NaN	NaN
848205207494	NaN	NaN	NaN	NaN	NaN	NaN
848205215828	NaN	NaN	NaN	NaN	NaN	NaN
848205224159	NaN	NaN	NaN	NaN	NaN	NaN
848205232493	NaN	NaN	NaN	NaN	NaN	NaN
848205240826	NaN	NaN	NaN	NaN	NaN	NaN
848205249159	NaN	NaN	NaN	NaN	NaN	NaN
848205257493	NaN	NaN	NaN	NaN	NaN	NaN
848205265832	NaN	NaN	NaN	NaN	NaN	NaN
848205274166	NaN	NaN	NaN	NaN	NaN	NaN
848205282499	NaN	NaN	NaN	NaN	NaN	NaN
848205290832	NaN	NaN	NaN	NaN	NaN	NaN
848205299166	NaN	NaN	NaN	NaN	NaN	NaN
848205307498	877.60	1539.00	NaN	NaN	3.9481	NaN
848205315831	NaN	NaN	NaN	NaN	NaN	NaN
848205324164	NaN	NaN	NaN	NaN	NaN	NaN
848205332498	NaN	NaN	739.96	1476.71	NaN	2.7509
848205340831	NaN	NaN	NaN	NaN	NaN	NaN
848205349165	740.25	1500.60	NaN	NaN	4.8082	NaN
848205357498	655.79	1410.86	NaN	NaN	5.0546	NaN
848205365831	NaN	NaN	NaN	NaN	NaN	NaN
848205374165	NaN	NaN	NaN	NaN	NaN	NaN
848205382497	678.82	1392.34	NaN	NaN	5.0342	NaN
848205390830	620.37	1389.86	NaN	NaN	5.1602	NaN
848205399168	-376.99	1346.64	NaN	NaN	5.1477	NaN
848205407502	724.68	1455.39	NaN	NaN	5.0054	NaN
848205415835	757.97	1332.99	646.79	1433.88	5.3208	4.8143
848205424169	735.56	1449.05	648.61	1543.23	5.0323	4.8343
848205432502	745.09	1444.05	NaN	NaN	5.0592	NaN
848205440835	746.28	1425.63	651.49	1441.63	5.0637	5.0103
848205449169	749.75	1465.79	NaN	NaN	5.0190	NaN
848205457501	734.05	1479.12	659.50	1495.86	4.9515	4.9403
848205465835	746.18	1490.90	656.76	1511.95	4.9453	4.9475
848205474167	742.46	1446.08	686.78	1444.44	5.0440	5.1069
848205482501	740.63	1461.16	NaN	NaN	5.0370	NaN
848205490834	746.01	1472.40	674.78	1504.29	5.0584	4.9768
848205499167	755.85	1483.67	666.72	1444.25	5.0285	5.0392
848205507501	744.21	1442.20	667.72	1437.07	4.9608	5.1091
848205515834	730.72	1454.05	661.81	1469.41	5.0387	5.0163
848205524175	759.72	1478.59	664.80	1493.93	5.0367	5.0378
848205532508	736.51	1463.70	672.18	1465.17	5.0979	5.0967
848205540841	721.99	1474.46	684.05	1509.51	5.0854	5.0582
848205549174	711.21	1440.90	688.79	1495.10	5.1024	5.0983
848205557506	704.54	1477.51	674.54	1486.72	5.1328	5.0922
848205565840	683.16	1474.42	640.09	1537.56	5.0835	4.9849
848205574173	715.85	1352.63	655.03	1481.48	5.2891	5.1250
848205582506	698.47	1488.28	652.43	1490.38	5.1412	5.1181
848205590840	697.00	1478.21	657.52	1484.48	5.1746	5.1441
848205599174	703.34	1498.24	664.71	1486.39	5.1355	5.1422
848205607507	716.77	1478.17	663.84	1480.48	5.1642	5.1776
848205615840	714.23	1488.71	653.23	1491.13	5.1693	5.1395
848205624174	730.66	1494.03	670.46	1491.37	5.1829	5.1825
848205632506	702.46	1491.34	663.96	1487.20	5.1513	5.1728
848205640839	NaN	NaN	668.17	1485.92	NaN	5.2102
848205649172	698.10	1511.28	667.05	1461.85	5.1697	5.2073
848205657507	728.54	1497.03	674.48	1481.11	5.1843	5.2016
848205665841	NaN	NaN	664.70	1473.67	NaN	5.2333
848205674175	706.29	1499.62	667.01	1485.44	5.1921	5.2183
848205682508	728.14	1483.97	670.21	1482.61	5.2032	5.2288
848205690841	727.97	1466.49	665.38	1466.56	5.2261	5.2174
848205699175	723.96	1503.36	671.80	1464.73	5.2347	5.2267
848205707508	NaN	NaN	662.45	1461.03	NaN	5.2343
848205715841	704.94	1476.39	675.03	1446.01	5.1949	5.2379
848205724173	706.84	1492.86	665.79	1475.20	5.1976	5.2426
848205732506	685.50	1464.88	673.50	1467.39	5.1681	5.2746
848205740840	701.93	1529.49	667.49	1467.40	5.2080	5.2614
848205749173	688.36	1497.80	671.10	1478.79	5.1979	5.2505
848205757507	NaN	NaN	673.01	1484.33	NaN	5.2401
848205765840	NaN	NaN	NaN	NaN	NaN	NaN
848205774174	682.52	1502.45	NaN	NaN	5.3090	NaN
848205782507	NaN	NaN	NaN	NaN	NaN	NaN
848205790846	NaN	NaN	NaN	NaN	NaN	NaN
848205799179	NaN	NaN	NaN	NaN	NaN	NaN
848205807511	NaN	NaN	NaN	NaN	NaN	NaN
848205815845	NaN	NaN	NaN	NaN	NaN	NaN
848205824178	NaN	NaN	NaN	NaN	NaN	NaN
848205832511	NaN	NaN	NaN	NaN	NaN	NaN
848205840845	NaN	NaN	NaN	NaN	NaN	NaN
848205849178	NaN	NaN	NaN	NaN	NaN	NaN
848205857512	NaN	NaN	NaN	NaN	NaN	NaN
848205865845	NaN	NaN	NaN	NaN	NaN	NaN
848205874178	NaN	NaN	NaN	NaN	NaN	NaN
848205882510	NaN	NaN	NaN	NaN	NaN	NaN
848205890844	NaN	NaN	NaN	NaN	NaN	NaN
848205899177	NaN	NaN	NaN	NaN	NaN	NaN
848205907510	NaN	NaN	NaN	NaN	NaN	NaN
848205915843	NaN	NaN	NaN	NaN	NaN	NaN
848205924181	NaN	NaN	NaN	NaN	NaN	NaN
848205932514	NaN	NaN	NaN	NaN	NaN	NaN
848205940848	NaN	NaN	NaN	NaN	NaN	NaN
848205949181	NaN	NaN	NaN	NaN	NaN	NaN
848205957515	NaN	NaN	NaN	NaN	NaN	NaN
848205965846	NaN	NaN	NaN	NaN	NaN	NaN
848205974180	NaN	NaN	NaN	NaN	NaN	NaN
848205982513	NaN	NaN	NaN	NaN	NaN	NaN
848205990854	NaN	NaN	NaN	NaN	NaN	NaN
848205999187	NaN	NaN	NaN	NaN	NaN	NaN
848206007521	NaN	NaN	NaN	NaN	NaN	NaN
848206015855	NaN	NaN	NaN	NaN	NaN	NaN
848206024188	NaN	NaN	NaN	NaN	NaN	NaN
848206032519	3898.04	1418.68	NaN	NaN	5.1639	NaN
848206040852	NaN	NaN	NaN	NaN	NaN	NaN
848206049187	NaN	NaN	NaN	NaN	NaN	NaN
848206057520	3974.48	1421.78	NaN	NaN	5.2277	NaN
848206065853	4131.34	1418.20	NaN	NaN	5.2029	NaN
848206074186	4062.96	1308.81	NaN	NaN	5.0682	NaN
848206082520	NaN	NaN	NaN	NaN	NaN	NaN
848206090853	4067.46	1386.46	NaN	NaN	5.2122	NaN
848206099184	4123.93	1417.84	NaN	NaN	5.2453	NaN
848206107518	4037.78	1374.17	NaN	NaN	5.1646	NaN
848206115851	4027.28	1440.34	NaN	NaN	5.1751	NaN
848206124185	4041.69	1403.94	NaN	NaN	5.1689	NaN
848206132517	4082.14	1452.74	NaN	NaN	5.2025	NaN
848206140850	4067.61	1446.51	NaN	NaN	5.1840	NaN
848206149183	4032.30	1478.22	NaN	NaN	5.1771	NaN
848206157515	4061.45	1449.35	NaN	NaN	5.1823	NaN
848206165849	4130.82	1433.92	NaN	NaN	5.2253	NaN
848206174183	4150.29	1444.31	NaN	NaN	5.2283	NaN
848206182520	4174.59	1489.58	NaN	NaN	5.2130	NaN
848206190854	4193.59	1479.78	NaN	NaN	5.2785	NaN
848206199187	4676.84	1522.00	NaN	NaN	5.3883	NaN
848206207521	NaN	NaN	NaN	NaN	NaN	NaN
848206215851	NaN	NaN	NaN	NaN	NaN	NaN
848206224193	NaN	NaN	NaN	NaN	NaN	NaN
848206232526	NaN	NaN	NaN	NaN	NaN	NaN
848206240860	NaN	NaN	NaN	NaN	NaN	NaN
848206249193	NaN	NaN	NaN	NaN	NaN	NaN
848206257526	NaN	NaN	NaN	NaN	NaN	NaN
848206265859	NaN	NaN	NaN	NaN	NaN	NaN
848206274193	NaN	NaN	NaN	NaN	NaN	NaN
848206282526	NaN	NaN	NaN	NaN	NaN	NaN
848206290860	NaN	NaN	NaN	NaN	NaN	NaN
848206299192	NaN	NaN	NaN	NaN	NaN	NaN
848206307525	NaN	NaN	NaN	NaN	NaN	NaN
848206315863	NaN	NaN	NaN	NaN	NaN	NaN
848206324197	NaN	NaN	NaN	NaN	NaN	NaN
848206332531	NaN	NaN	NaN	NaN	NaN	NaN
848206340863	NaN	NaN	NaN	NaN	NaN	NaN
848206349197	NaN	NaN	NaN	NaN	NaN	NaN
848206357530	NaN	NaN	NaN	NaN	NaN	NaN
848206365864	NaN	NaN	NaN	NaN	NaN	NaN
848206374197	NaN	NaN	NaN	NaN	NaN	NaN
848206382529	NaN	NaN	NaN	NaN	NaN	NaN
848206390862	NaN	NaN	NaN	NaN	NaN	NaN
848206399196	NaN	NaN	NaN	NaN	NaN	NaN
848206407529	NaN	NaN	NaN	NaN	NaN	NaN
848206415863	NaN	NaN	NaN	NaN	NaN	NaN
848206424195	NaN	NaN	NaN	NaN	NaN	NaN
848206432529	NaN	NaN	NaN	NaN	NaN	NaN
848206440863	NaN	NaN	NaN	NaN	NaN	NaN
848206449201	NaN	NaN	NaN	NaN	NaN	NaN
848206457534	NaN	NaN	NaN	NaN	NaN	NaN
848206465866	NaN	NaN	NaN	NaN	NaN	NaN
848206474200	NaN	NaN	NaN	NaN	NaN	NaN
848206482533	NaN	NaN	NaN	NaN	NaN	NaN
848206490867	NaN	NaN	NaN	NaN	NaN	NaN
848206499200	NaN	NaN	NaN	NaN	NaN	NaN
848206507533	NaN	NaN	NaN	NaN	NaN	NaN
848206515866	NaN	NaN	NaN	NaN	NaN	NaN
848206524200	NaN	NaN	NaN	NaN	NaN	NaN
848206532533	NaN	NaN	NaN	NaN	NaN	NaN
848206540867	NaN	NaN	NaN	NaN	NaN	NaN
848206549199	NaN	NaN	NaN	NaN	NaN	NaN
848206557532	NaN	NaN	NaN	NaN	NaN	NaN
848206565866	NaN	NaN	NaN	NaN	NaN	NaN
848206574204	NaN	NaN	NaN	NaN	NaN	NaN
848206582537	NaN	NaN	NaN	NaN	NaN	NaN
848206590870	NaN	NaN	NaN	NaN	NaN	NaN
848206599203	NaN	NaN	NaN	NaN	NaN	NaN
848206607537	NaN	NaN	NaN	NaN	NaN	NaN
848206615871	NaN	NaN	NaN	NaN	NaN	NaN
848206624204	NaN	NaN	NaN	NaN	NaN	NaN
848206632536	NaN	NaN	NaN	NaN	NaN	NaN
848206640870	NaN	NaN	NaN	NaN	NaN	NaN
848206649203	NaN	NaN	NaN	NaN	NaN	NaN
848206657536	NaN	NaN	NaN	NaN	NaN	NaN
848206665870	NaN	NaN	NaN	NaN	NaN	NaN
848206674202	NaN	NaN	NaN	NaN	NaN	NaN
848206682536	NaN	NaN	NaN	NaN	NaN	NaN
848206690870	NaN	NaN	NaN	NaN	NaN	NaN
848206699203	NaN	NaN	NaN	NaN	NaN	NaN
848206707541	NaN	NaN	NaN	NaN	NaN	NaN
848206715873	NaN	NaN	NaN	NaN	NaN	NaN
848206724206	NaN	NaN	NaN	NaN	NaN	NaN
848206732492	NaN	NaN	NaN	NaN	NaN	NaN
848206740778	NaN	NaN	NaN	NaN	NaN	NaN
848206749064	NaN	NaN	NaN	NaN	NaN	NaN
848206757397	NaN	NaN	NaN	NaN	NaN	NaN
848206765730	NaN	NaN	NaN	NaN	NaN	NaN
848206774063	NaN	NaN	NaN	NaN	NaN	NaN
848206782397	NaN	NaN	NaN	NaN	NaN	NaN
848206790730	NaN	NaN	NaN	NaN	NaN	NaN
848206799062	NaN	NaN	NaN	NaN	NaN	NaN
848206807396	NaN	NaN	NaN	NaN	NaN	NaN
848206815777	NaN	NaN	NaN	NaN	NaN	NaN
848206824158	NaN	NaN	NaN	NaN	NaN	NaN
848206832539	NaN	NaN	NaN	NaN	NaN	NaN
848206840874	NaN	NaN	NaN	NaN	NaN	NaN
848206849207	NaN	NaN	NaN	NaN	NaN	NaN
848206857540	NaN	NaN	NaN	NaN	NaN	NaN
848206865873	NaN	NaN	NaN	NaN	NaN	NaN
848206874207	NaN	NaN	NaN	NaN	NaN	NaN
848206882539	NaN	NaN	NaN	NaN	NaN	NaN
848206890872	NaN	NaN	NaN	NaN	NaN	NaN
848206899206	NaN	NaN	NaN	NaN	NaN	NaN
848206907539	NaN	NaN	NaN	NaN	NaN	NaN
848206915872	NaN	NaN	NaN	NaN	NaN	NaN
848206924206	NaN	NaN	NaN	NaN	NaN	NaN
848206932539	NaN	NaN	NaN	NaN	NaN	NaN
848206940872	NaN	NaN	NaN	NaN	NaN	NaN
848206949206	NaN	NaN	NaN	NaN	NaN	NaN
848206957539	NaN	NaN	NaN	NaN	NaN	NaN
848206965877	NaN	NaN	NaN	NaN	NaN	NaN
848206974210	NaN	NaN	NaN	NaN	NaN	NaN
848206982544	NaN	NaN	NaN	NaN	NaN	NaN
848206990877	NaN	NaN	NaN	NaN	NaN	NaN
848206999211	NaN	NaN	NaN	NaN	NaN	NaN
848207007544	NaN	NaN	NaN	NaN	NaN	NaN
848207015877	NaN	NaN	NaN	NaN	NaN	NaN
848207024211	NaN	NaN	NaN	NaN	NaN	NaN
848207032544	NaN	NaN	NaN	NaN	NaN	NaN
848207040877	NaN	NaN	NaN	NaN	NaN	NaN
848207049209	NaN	NaN	NaN	NaN	NaN	NaN
848207057543	NaN	NaN	NaN	NaN	NaN	NaN
848207065876	NaN	NaN	NaN	NaN	NaN	NaN
848207074210	NaN	NaN	NaN	NaN	NaN	NaN
848207082543	NaN	NaN	NaN	NaN	NaN	NaN
848207090876	NaN	NaN	NaN	NaN	NaN	NaN
848207099217	NaN	NaN	NaN	NaN	NaN	NaN
848207107549	NaN	NaN	NaN	NaN	NaN	NaN
848207115883	NaN	NaN	NaN	NaN	NaN	NaN
848207124217	NaN	NaN	NaN	NaN	NaN	NaN
848207132549	NaN	NaN	NaN	NaN	NaN	NaN
848207140882	NaN	NaN	NaN	NaN	NaN	NaN
848207149215	NaN	NaN	NaN	NaN	NaN	NaN
848207157549	NaN	NaN	NaN	NaN	NaN	NaN
848207165882	NaN	NaN	NaN	NaN	NaN	NaN
848207174215	NaN	NaN	NaN	NaN	NaN	NaN
848207182548	NaN	NaN	NaN	NaN	NaN	NaN
848207190882	NaN	NaN	NaN	NaN	NaN	NaN
848207199216	NaN	NaN	NaN	NaN	NaN	NaN
848207207549	NaN	NaN	NaN	NaN	NaN	NaN
848207215881	NaN	NaN	NaN	NaN	NaN	NaN
848207224214	NaN	NaN	NaN	NaN	NaN	NaN
848207232552	NaN	NaN	NaN	NaN	NaN	NaN
848207240886	NaN	NaN	NaN	NaN	NaN	NaN
848207249219	NaN	NaN	NaN	NaN	NaN	NaN
848207257552	NaN	NaN	NaN	NaN	NaN	NaN
848207265886	NaN	NaN	NaN	NaN	NaN	NaN
848207274219	NaN	NaN	NaN	NaN	NaN	NaN
848207282553	NaN	NaN	NaN	NaN	NaN	NaN
848207290885	NaN	NaN	NaN	NaN	NaN	NaN
848207299218	NaN	NaN	NaN	NaN	NaN	NaN
848207307551	NaN	NaN	NaN	NaN	NaN	NaN
848207315884	NaN	NaN	NaN	NaN	NaN	NaN
848207324146	NaN	NaN	NaN	NaN	NaN	NaN
848207332408	NaN	NaN	NaN	NaN	NaN	NaN
848207340741	NaN	NaN	NaN	NaN	NaN	NaN
848207349075	NaN	NaN	NaN	NaN	NaN	NaN
848207357410	NaN	NaN	NaN	NaN	NaN	NaN
848207365746	NaN	NaN	NaN	NaN	NaN	NaN
848207374078	NaN	NaN	NaN	NaN	NaN	NaN
848207382411	NaN	NaN	NaN	NaN	NaN	NaN
848207390744	NaN	NaN	NaN	NaN	NaN	NaN
848207399078	NaN	NaN	NaN	NaN	NaN	NaN
848207407411	NaN	NaN	NaN	NaN	NaN	NaN
848207415745	NaN	NaN	NaN	NaN	NaN	NaN
848207424078	NaN	NaN	NaN	NaN	NaN	NaN
848207432411	NaN	NaN	NaN	NaN	NaN	NaN
848207440744	NaN	NaN	NaN	NaN	NaN	NaN
848207449078	NaN	NaN	NaN	NaN	NaN	NaN
848207457410	NaN	NaN	NaN	NaN	NaN	NaN
848207465744	NaN	NaN	NaN	NaN	NaN	NaN
848207474078	NaN	NaN	NaN	NaN	NaN	NaN
848207482413	NaN	NaN	NaN	NaN	NaN	NaN
848207490746	NaN	NaN	NaN	NaN	NaN	NaN
848207499080	NaN	NaN	NaN	NaN	NaN	NaN
848207507413	NaN	NaN	NaN	NaN	NaN	NaN
848207515747	NaN	NaN	NaN	NaN	NaN	NaN
848207524080	NaN	NaN	NaN	NaN	NaN	NaN
848207532413	NaN	NaN	NaN	NaN	NaN	NaN
848207540745	NaN	NaN	NaN	NaN	NaN	NaN
848207549079	NaN	NaN	NaN	NaN	NaN	NaN
848207557412	NaN	NaN	NaN	NaN	NaN	NaN
848207565746	NaN	NaN	NaN	NaN	NaN	NaN
848207574079	NaN	NaN	NaN	NaN	NaN	NaN
848207582412	NaN	NaN	NaN	NaN	NaN	NaN
848207590745	NaN	NaN	NaN	NaN	NaN	NaN
848207599079	NaN	NaN	NaN	NaN	NaN	NaN
848207607415	NaN	NaN	NaN	NaN	NaN	NaN
848207615752	NaN	NaN	NaN	NaN	NaN	NaN
848207624084	NaN	NaN	NaN	NaN	NaN	NaN
848207632417	NaN	NaN	NaN	NaN	NaN	NaN
848207640750	NaN	NaN	NaN	NaN	NaN	NaN
848207649084	NaN	NaN	NaN	NaN	NaN	NaN
848207657417	NaN	NaN	NaN	NaN	NaN	NaN
848207665751	NaN	NaN	NaN	NaN	NaN	NaN
848207674084	NaN	NaN	NaN	NaN	NaN	NaN
848207682417	NaN	NaN	NaN	NaN	NaN	NaN
848207690750	NaN	NaN	NaN	NaN	NaN	NaN
848207699084	NaN	NaN	NaN	NaN	NaN	NaN
848207707416	NaN	NaN	NaN	NaN	NaN	NaN
848207715750	NaN	NaN	NaN	NaN	NaN	NaN
848207724083	NaN	NaN	NaN	NaN	NaN	NaN
848207732416	NaN	NaN	NaN	NaN	NaN	NaN
848207740751	NaN	NaN	NaN	NaN	NaN	NaN
848207749087	NaN	NaN	NaN	NaN	NaN	NaN
848207757420	NaN	NaN	NaN	NaN	NaN	NaN
848207765753	NaN	NaN	NaN	NaN	NaN	NaN
848207774086	NaN	NaN	NaN	NaN	NaN	NaN
848207782420	NaN	NaN	NaN	NaN	NaN	NaN
848207790752	NaN	NaN	NaN	NaN	NaN	NaN
848207799086	NaN	NaN	NaN	NaN	NaN	NaN
848207807419	NaN	NaN	NaN	NaN	NaN	NaN
848207815753	NaN	NaN	NaN	NaN	NaN	NaN
848207824086	NaN	NaN	NaN	NaN	NaN	NaN
848207832419	NaN	NaN	NaN	NaN	NaN	NaN
848207840752	NaN	NaN	NaN	NaN	NaN	NaN
848207849085	NaN	NaN	NaN	NaN	NaN	NaN
848207857419	NaN	NaN	NaN	NaN	NaN	NaN
848207865802	NaN	NaN	NaN	NaN	NaN	NaN
848207874184	NaN	NaN	NaN	NaN	NaN	NaN
848207882568	NaN	NaN	NaN	NaN	NaN	NaN
848207890901	NaN	NaN	NaN	NaN	NaN	NaN
848207899234	NaN	NaN	NaN	NaN	NaN	NaN
848207907567	NaN	NaN	NaN	NaN	NaN	NaN
848207915901	NaN	NaN	NaN	NaN	NaN	NaN
848207924234	NaN	NaN	NaN	NaN	NaN	NaN
848207932568	NaN	NaN	NaN	NaN	NaN	NaN
848207940901	NaN	NaN	NaN	NaN	NaN	NaN
848207949234	NaN	NaN	NaN	NaN	NaN	NaN
848207957566	NaN	NaN	NaN	NaN	NaN	NaN
848207965900	NaN	NaN	NaN	NaN	NaN	NaN
848207974233	NaN	NaN	NaN	NaN	NaN	NaN
848207982566	NaN	NaN	NaN	NaN	NaN	NaN
848207990900	NaN	NaN	NaN	NaN	NaN	NaN
848207999233	NaN	NaN	NaN	NaN	NaN	NaN
848208007566	NaN	NaN	NaN	NaN	NaN	NaN
848208015905	NaN	NaN	NaN	NaN	NaN	NaN
848208024238	NaN	NaN	NaN	NaN	NaN	NaN
848208032571	NaN	NaN	NaN	NaN	NaN	NaN
848208040904	NaN	NaN	NaN	NaN	NaN	NaN
848208049237	NaN	NaN	NaN	NaN	NaN	NaN
848208057570	NaN	NaN	NaN	NaN	NaN	NaN
848208065904	NaN	NaN	NaN	NaN	NaN	NaN
848208074237	NaN	NaN	NaN	NaN	NaN	NaN
848208082570	NaN	NaN	NaN	NaN	NaN	NaN
848208090904	NaN	NaN	NaN	NaN	NaN	NaN
848208099237	NaN	NaN	NaN	NaN	NaN	NaN
848208107570	NaN	NaN	NaN	NaN	NaN	NaN
848208115904	NaN	NaN	NaN	NaN	NaN	NaN
848208124236	NaN	NaN	NaN	NaN	NaN	NaN
848208132569	NaN	NaN	NaN	NaN	NaN	NaN
848208140903	NaN	NaN	NaN	NaN	NaN	NaN
848208149241	NaN	NaN	NaN	NaN	NaN	NaN
848208157574	NaN	NaN	NaN	NaN	NaN	NaN
848208165908	NaN	NaN	NaN	NaN	NaN	NaN
848208174241	NaN	NaN	NaN	NaN	NaN	NaN
848208182574	NaN	NaN	NaN	NaN	NaN	NaN
848208190908	NaN	NaN	NaN	NaN	NaN	NaN
848208199241	NaN	NaN	NaN	NaN	NaN	NaN
848208207573	NaN	NaN	NaN	NaN	NaN	NaN
848208215907	NaN	NaN	NaN	NaN	NaN	NaN
848208224240	NaN	NaN	NaN	NaN	NaN	NaN
848208232573	NaN	NaN	NaN	NaN	NaN	NaN
848208240907	NaN	NaN	NaN	NaN	NaN	NaN
848208249240	NaN	NaN	NaN	NaN	NaN	NaN
848208257573	NaN	NaN	NaN	NaN	NaN	NaN
848208265907	NaN	NaN	NaN	NaN	NaN	NaN
848208274240	NaN	NaN	NaN	NaN	NaN	NaN
848208282578	NaN	NaN	NaN	NaN	NaN	NaN
848208290911	NaN	NaN	NaN	NaN	NaN	NaN
848208299244	NaN	NaN	NaN	NaN	NaN	NaN
848208307577	NaN	NaN	NaN	NaN	NaN	NaN
848208315910	NaN	NaN	NaN	NaN	NaN	NaN
848208324244	NaN	NaN	NaN	NaN	NaN	NaN
848208332577	NaN	NaN	NaN	NaN	NaN	NaN
848208340910	NaN	NaN	NaN	NaN	NaN	NaN
848208349244	NaN	NaN	NaN	NaN	NaN	NaN
848208357577	NaN	NaN	NaN	NaN	NaN	NaN
848208365862	NaN	NaN	NaN	NaN	NaN	NaN
848208374146	NaN	NaN	NaN	NaN	NaN	NaN
848208382433	NaN	NaN	NaN	NaN	NaN	NaN
848208390768	NaN	NaN	NaN	NaN	NaN	NaN
848208399103	NaN	NaN	NaN	NaN	NaN	NaN
848208407436	NaN	NaN	NaN	NaN	NaN	NaN
848208415769	NaN	NaN	NaN	NaN	NaN	NaN
848208424102	NaN	NaN	NaN	NaN	NaN	NaN
848208432436	NaN	NaN	NaN	NaN	NaN	NaN
848208440769	NaN	NaN	NaN	NaN	NaN	NaN
848208449102	NaN	NaN	NaN	NaN	NaN	NaN
848208457434	NaN	NaN	NaN	NaN	NaN	NaN
848208465768	NaN	NaN	NaN	NaN	NaN	NaN
848208474101	NaN	NaN	NaN	NaN	NaN	NaN
848208482435	NaN	NaN	NaN	NaN	NaN	NaN
848208490768	NaN	NaN	NaN	NaN	NaN	NaN
848208499101	NaN	NaN	NaN	NaN	NaN	NaN
848208507434	NaN	NaN	NaN	NaN	NaN	NaN
848208515768	NaN	NaN	NaN	NaN	NaN	NaN
848208524102	NaN	NaN	NaN	NaN	NaN	NaN
848208532437	NaN	NaN	NaN	NaN	NaN	NaN
848208540769	NaN	NaN	NaN	NaN	NaN	NaN
848208549102	NaN	NaN	NaN	NaN	NaN	NaN
848208557471	NaN	NaN	NaN	NaN	NaN	NaN
848208565840	NaN	NaN	NaN	NaN	NaN	NaN
848208574209	NaN	NaN	NaN	NaN	NaN	NaN
848208582579	NaN	NaN	NaN	NaN	NaN	NaN
848208590912	NaN	NaN	NaN	NaN	NaN	NaN
848208599246	NaN	NaN	NaN	NaN	NaN	NaN
848208607579	NaN	NaN	NaN	NaN	NaN	NaN
848208615911	NaN	NaN	NaN	NaN	NaN	NaN
848208624244	NaN	NaN	NaN	NaN	NaN	NaN
848208632578	NaN	NaN	NaN	NaN	NaN	NaN
848208640911	NaN	NaN	NaN	NaN	NaN	NaN
848208649244	NaN	NaN	NaN	NaN	NaN	NaN
848208657578	NaN	NaN	NaN	NaN	NaN	NaN
848208665911	NaN	NaN	NaN	NaN	NaN	NaN
848208674255	NaN	NaN	NaN	NaN	NaN	NaN
848208682588	NaN	NaN	NaN	NaN	NaN	NaN
848208690921	NaN	NaN	NaN	NaN	NaN	NaN
848208699253	NaN	NaN	NaN	NaN	NaN	NaN
848208707587	NaN	NaN	NaN	NaN	NaN	NaN
848208715920	NaN	NaN	NaN	NaN	NaN	NaN
848208724254	NaN	NaN	NaN	NaN	NaN	NaN
848208732587	NaN	NaN	NaN	NaN	NaN	NaN
848208740920	NaN	NaN	NaN	NaN	NaN	NaN
848208749254	NaN	NaN	NaN	NaN	NaN	NaN
848208757587	NaN	NaN	NaN	NaN	NaN	NaN
848208765919	NaN	NaN	NaN	NaN	NaN	NaN
848208774252	NaN	NaN	NaN	NaN	NaN	NaN
848208782585	NaN	NaN	NaN	NaN	NaN	NaN
848208790919	NaN	NaN	NaN	NaN	NaN	NaN
848208799252	NaN	NaN	NaN	NaN	NaN	NaN
848208807590	NaN	NaN	NaN	NaN	NaN	NaN
848208815923	NaN	NaN	NaN	NaN	NaN	NaN
848208824257	NaN	NaN	NaN	NaN	NaN	NaN
848208832590	NaN	NaN	NaN	NaN	NaN	NaN
848208840922	NaN	NaN	NaN	NaN	NaN	NaN
848208849255	NaN	NaN	NaN	NaN	NaN	NaN
848208857588	NaN	NaN	NaN	NaN	NaN	NaN
848208865921	NaN	NaN	NaN	NaN	NaN	NaN
848208874255	NaN	NaN	NaN	NaN	NaN	NaN
848208882588	NaN	NaN	NaN	NaN	NaN	NaN
848208890922	NaN	NaN	NaN	NaN	NaN	NaN
848208899256	NaN	NaN	NaN	NaN	NaN	NaN
848208907589	NaN	NaN	NaN	NaN	NaN	NaN
848208915922	NaN	NaN	NaN	NaN	NaN	NaN
848208924254	NaN	NaN	NaN	NaN	NaN	NaN
848208932591	NaN	NaN	NaN	NaN	NaN	NaN
848208940925	NaN	NaN	NaN	NaN	NaN	NaN
848208949258	NaN	NaN	NaN	NaN	NaN	NaN
848208957591	NaN	NaN	NaN	NaN	NaN	NaN
848208965925	NaN	NaN	NaN	NaN	NaN	NaN
848208974259	NaN	NaN	NaN	NaN	NaN	NaN
848208982592	NaN	NaN	NaN	NaN	NaN	NaN
848208990925	NaN	NaN	NaN	NaN	NaN	NaN
848208999258	NaN	NaN	NaN	NaN	NaN	NaN
848209007590	NaN	NaN	NaN	NaN	NaN	NaN
848209015924	NaN	NaN	NaN	NaN	NaN	NaN
848209024257	NaN	NaN	NaN	NaN	NaN	NaN
848209032590	NaN	NaN	NaN	NaN	NaN	NaN
848209040924	NaN	NaN	NaN	NaN	NaN	NaN
848209049257	NaN	NaN	NaN	NaN	NaN	NaN
848209057590	NaN	NaN	NaN	NaN	NaN	NaN
848209065854	NaN	NaN	NaN	NaN	NaN	NaN
848209074118	NaN	NaN	NaN	NaN	NaN	NaN
848209082452	NaN	NaN	NaN	NaN	NaN	NaN
848209090785	NaN	NaN	NaN	NaN	NaN	NaN
848209099118	NaN	NaN	NaN	NaN	NaN	NaN
848209107451	NaN	NaN	NaN	NaN	NaN	NaN
848209115785	NaN	NaN	NaN	NaN	NaN	NaN
848209124166	NaN	NaN	NaN	NaN	NaN	NaN
848209132547	NaN	NaN	NaN	NaN	NaN	NaN
848209140928	1268.16	756.69	1252.28	821.78	5.2212	5.1676
848209149261	1287.02	747.44	NaN	NaN	5.2462	NaN
848209157595	1308.63	725.87	1239.50	822.68	5.2544	5.1466
848209165922	1293.95	747.55	1266.82	801.71	5.2470	5.2058
848209174254	1287.06	782.57	1280.15	842.52	5.0377	5.0981
848209182587	NaN	NaN	NaN	NaN	NaN	NaN
848209190921	NaN	NaN	NaN	NaN	NaN	NaN
848209199260	NaN	NaN	NaN	NaN	NaN	NaN
848209207593	NaN	NaN	NaN	NaN	NaN	NaN
848209215926	NaN	NaN	NaN	NaN	NaN	NaN
848209224259	NaN	NaN	NaN	NaN	NaN	NaN
848209232593	NaN	NaN	NaN	NaN	NaN	NaN
848209240926	NaN	NaN	NaN	NaN	NaN	NaN
848209249260	NaN	NaN	NaN	NaN	NaN	NaN
848209257592	NaN	NaN	NaN	NaN	NaN	NaN
848209265925	NaN	NaN	NaN	NaN	NaN	NaN
848209274259	NaN	NaN	NaN	NaN	NaN	NaN
848209282592	NaN	NaN	NaN	NaN	NaN	NaN
848209290925	NaN	NaN	NaN	NaN	NaN	NaN
848209299258	NaN	NaN	NaN	NaN	NaN	NaN
848209307592	NaN	NaN	NaN	NaN	NaN	NaN
848209315925	NaN	NaN	NaN	NaN	NaN	NaN
848209324259	NaN	NaN	NaN	NaN	NaN	NaN
848209332596	NaN	NaN	NaN	NaN	NaN	NaN
848209340928	NaN	NaN	NaN	NaN	NaN	NaN
848209349262	NaN	NaN	NaN	NaN	NaN	NaN
848209357595	NaN	NaN	NaN	NaN	NaN	NaN
848209365928	NaN	NaN	NaN	NaN	NaN	NaN
848209374262	NaN	NaN	NaN	NaN	NaN	NaN
848209382595	NaN	NaN	NaN	NaN	NaN	NaN
848209390928	NaN	NaN	NaN	NaN	NaN	NaN
848209399260	1022.07	1301.82	963.14	1259.26	5.3409	5.3158
848209407602	1018.87	1246.50	977.58	1231.96	5.4827	5.4138
848209415935	1010.71	1300.96	989.64	1254.91	5.3441	5.3866
848209424268	1005.35	1306.51	982.67	1270.01	5.3703	5.3545
848209432601	1026.15	1290.37	984.64	1269.50	5.3844	5.3717
848209440934	1045.41	1255.58	977.68	1276.74	5.3731	5.3520
848209449268	1060.88	1271.57	977.34	1267.60	5.4345	5.3807
848209457597	1050.50	1282.87	972.90	1266.58	5.4272	5.3846
848209465938	1057.40	1281.26	980.93	1273.16	5.4338	5.3778
848209474263	1041.44	1290.81	977.38	1273.43	5.4341	5.3959
848209482596	1044.84	1272.98	984.01	1283.75	5.4454	5.3715
848209490930	1054.46	1274.46	979.07	1292.22	5.4535	5.3690
848209499264	1042.94	1283.90	992.61	1289.67	5.4533	5.3635
848209507597	1043.77	1274.22	990.32	1287.69	5.4651	5.3726
848209515930	1049.48	1269.24	986.07	1292.73	5.4779	5.3605
848209524263	1053.91	1268.52	981.00	1280.78	5.4788	5.3864
848209532597	1052.22	1240.93	1000.32	1255.06	5.4599	5.3956
848209540930	1123.59	1128.01	1090.49	1161.54	5.5118	5.4032
848209549263	1195.10	1011.00	1160.15	1023.57	5.5447	5.4664
848209557596	1249.95	901.70	1216.32	936.75	5.5443	5.4245
848209565930	1308.61	784.48	1261.14	838.63	5.5203	5.4120
848209574263	1312.55	720.19	1254.58	768.69	5.5547	5.3594
848209582596	1286.35	702.56	1242.22	745.95	5.5179	5.3757
848209590934	1302.27	767.98	1241.78	797.37	5.5090	5.4054
848209599267	1292.59	770.96	1241.32	809.06	5.5233	5.4127
848209607600	1305.28	743.32	1244.29	788.63	5.5278	5.4220
848209615933	1298.01	742.30	1243.33	775.39	5.5207	5.4237
848209624267	1307.18	752.04	1238.13	763.80	5.5093	5.4349
848209632600	1301.38	740.60	1234.21	768.21	5.5306	5.4345
848209640933	1308.48	742.08	1240.69	764.56	5.5305	5.4379
848209649267	1299.78	753.13	1246.44	776.23	5.5200	5.4091
848209657600	1303.08	754.15	1242.17	769.52	5.5223	5.4383
848209665933	1306.53	746.44	1238.15	769.92	5.5347	5.4521
848209674266	1298.03	750.97	1244.36	772.19	5.5396	5.4327
848209682599	1311.23	746.67	1252.45	782.64	5.5311	5.4489
848209690933	1303.92	748.54	1251.92	793.37	5.5368	5.4457
848209699266	1311.35	741.14	1238.67	788.81	5.5585	5.4364
848209707599	1302.73	740.54	1262.95	788.02	5.5316	5.4411
848209715931	1310.54	753.65	1252.39	777.02	5.5298	5.4605
848209724270	1310.57	745.08	1261.86	777.06	5.5513	5.4458
848209732602	1298.13	740.22	1255.10	781.28	5.5523	5.4610
848209740936	1303.42	741.68	1251.00	780.55	5.5331	5.4537
848209749269	1316.31	740.09	1264.80	778.47	5.5602	5.4462
848209757602	1307.46	747.03	1250.30	784.07	5.5450	5.4727
848209765936	1305.90	749.77	1234.69	788.95	5.5570	5.4538
848209774269	1308.33	750.37	1251.33	782.41	5.5599	5.4586
848209782602	1314.68	742.48	1253.62	774.44	5.5583	5.4348
848209790935	1310.91	736.93	1252.70	770.53	5.5660	5.4546
848209799268	1318.73	742.91	1255.00	781.89	5.5677	5.4310
848209807602	1311.48	740.95	1251.68	785.76	5.5861	5.4155
848209815935	1315.41	747.97	1263.59	749.18	5.5347	5.4648
848209824269	1337.06	826.95	1254.07	850.21	5.3199	5.3023
848209832602	NaN	NaN	NaN	NaN	NaN	NaN
848209840936	NaN	NaN	NaN	NaN	NaN	NaN
848209849268	NaN	NaN	NaN	NaN	NaN	NaN
848209857607	NaN	NaN	NaN	NaN	NaN	NaN
848209865940	NaN	NaN	NaN	NaN	NaN	NaN
848209874273	NaN	NaN	NaN	NaN	NaN	NaN
848209882607	NaN	NaN	NaN	NaN	NaN	NaN
848209890941	NaN	NaN	NaN	NaN	NaN	NaN
848209899273	NaN	NaN	NaN	NaN	NaN	NaN
848209907607	NaN	NaN	NaN	NaN	NaN	NaN
848209915940	NaN	NaN	NaN	NaN	NaN	NaN
848209924273	NaN	NaN	NaN	NaN	NaN	NaN
848209932606	NaN	NaN	NaN	NaN	NaN	NaN
848209940940	NaN	NaN	NaN	NaN	NaN	NaN
848209949272	NaN	NaN	NaN	NaN	NaN	NaN
848209957606	NaN	NaN	NaN	NaN	NaN	NaN
848209965940	NaN	NaN	NaN	NaN	NaN	NaN
848209974273	1412.57	1243.41	NaN	NaN	4.5870	NaN
848209982609	NaN	NaN	1104.12	1277.50	NaN	4.5247
848209990943	NaN	NaN	NaN	NaN	NaN	NaN
848209999275	1368.65	1095.62	1105.31	1063.50	5.0577	5.2587
848210007616	1227.79	931.71	1174.00	963.89	5.7552	5.4876
848210015949	1251.31	899.02	1156.90	947.49	5.7237	5.5626
848210024282	1237.43	893.32	1142.06	904.13	5.8177	5.6607
848210032616	1242.84	951.47	1145.28	974.74	5.6609	5.5349
848210040949	1239.38	904.64	1146.73	964.16	5.7845	5.5415
848210049280	1298.52	1013.74	1153.56	957.42	5.4234	5.5488
848210057614	1202.85	1050.71	1283.32	1149.58	5.4417	4.9702
848210065947	1433.62	1380.69	NaN	NaN	4.2401	NaN
848210074280	NaN	NaN	NaN	NaN	NaN	NaN
848210082613	NaN	NaN	NaN	NaN	NaN	NaN
848210090946	NaN	NaN	NaN	NaN	NaN	NaN
848210099279	NaN	NaN	NaN	NaN	NaN	NaN
848210107612	NaN	NaN	NaN	NaN	NaN	NaN
848210115952	NaN	NaN	NaN	NaN	NaN	NaN
848210124285	NaN	NaN	NaN	NaN	NaN	NaN
848210132618	NaN	NaN	NaN	NaN	NaN	NaN
848210140951	NaN	NaN	NaN	NaN	NaN	NaN
848210149285	NaN	NaN	NaN	NaN	NaN	NaN
848210157618	NaN	NaN	NaN	NaN	NaN	NaN
848210165950	NaN	NaN	NaN	NaN	NaN	NaN
848210174284	NaN	NaN	NaN	NaN	NaN	NaN
848210182617	NaN	NaN	NaN	NaN	NaN	NaN
848210190951	NaN	NaN	NaN	NaN	NaN	NaN
848210199284	1353.75	1484.67	NaN	NaN	3.7797	NaN
848210207617	NaN	NaN	NaN	NaN	NaN	NaN
848210215951	NaN	NaN	1533.88	1271.07	NaN	4.3012
848210224284	NaN	NaN	1440.45	1170.23	NaN	4.5938
848210232618	NaN	NaN	NaN	NaN	NaN	NaN
848210240951	1329.59	923.69	1259.48	969.72	5.6884	5.3877
848210249286	1328.85	880.04	1242.07	912.44	5.7191	5.5316
848210257620	1333.98	843.93	1264.94	928.39	5.8025	5.5026
848210265951	1302.25	852.02	1247.19	892.64	5.8395	5.5903
848210274284	1307.92	840.19	1248.09	902.17	5.8711	5.5685
848210282617	1321.57	867.79	1238.79	902.78	5.8183	5.5676
848210290951	1339.37	861.70	1248.97	885.35	5.7950	5.6068
848210299284	1332.76	872.93	1234.53	874.61	5.7719	5.6265
848210307618	1322.96	880.03	1233.50	898.91	5.7986	5.6076
848210315951	1328.18	885.41	1242.69	902.59	5.7730	5.5798
848210324284	1329.75	870.02	1234.02	912.63	5.8206	5.5793
848210332616	1328.63	883.82	1246.71	909.60	5.7966	5.5715
848210340950	1326.74	894.23	1241.41	911.32	5.7855	5.5777
848210349283	1327.27	880.79	1239.82	904.03	5.8001	5.5976
848210357617	1328.30	888.30	1241.50	905.57	5.7926	5.5964
848210365950	1324.73	880.09	1232.10	908.26	5.8003	5.5919
848210374286	1332.82	882.77	1235.67	912.01	5.8108	5.5784
848210382618	1332.58	885.23	1243.31	926.21	5.8024	5.5678
848210390952	1329.63	878.11	1237.58	915.40	5.8146	5.5788
848210399285	1326.76	874.23	1245.05	893.15	5.8135	5.5959
848210407618	1343.51	840.50	1235.55	912.62	5.8675	5.5775
848210415950	1475.47	1100.31	NaN	NaN	4.9736	NaN
848210424284	NaN	NaN	NaN	NaN	NaN	NaN
848210432617	NaN	NaN	NaN	NaN	NaN	NaN
848210440950	NaN	NaN	NaN	NaN	NaN	NaN
848210449283	NaN	NaN	NaN	NaN	NaN	NaN
848210457617	NaN	NaN	NaN	NaN	NaN	NaN
848210465951	NaN	NaN	NaN	NaN	NaN	NaN
848210474284	NaN	NaN	NaN	NaN	NaN	NaN
848210482617	NaN	NaN	NaN	NaN	NaN	NaN
848210490951	NaN	NaN	NaN	NaN	NaN	NaN
848210499283	NaN	NaN	NaN	NaN	NaN	NaN
848210507621	NaN	NaN	NaN	NaN	NaN	NaN
848210515954	NaN	NaN	NaN	NaN	NaN	NaN
848210524288	NaN	NaN	NaN	NaN	NaN	NaN
848210532621	NaN	NaN	NaN	NaN	NaN	NaN
848210540954	1750.37	1344.38	NaN	NaN	3.9334	NaN
848210549288	NaN	NaN	NaN	NaN	NaN	NaN
848210557621	1565.55	1272.54	NaN	NaN	4.4313	NaN
848210565961	NaN	NaN	1395.51	1188.33	NaN	4.7297
848210574294	1370.28	1077.85	NaN	NaN	5.3121	NaN
848210582627	NaN	NaN	1184.01	1014.63	NaN	5.4593
848210590960	1243.04	894.40	1160.41	960.15	5.9607	5.6066
848210599293	1220.46	899.56	1157.47	958.50	5.9582	5.5912
848210607627	1233.25	921.16	1162.19	961.07	5.8943	5.5910
848210615960	1244.46	941.62	1152.08	947.49	5.8736	5.6324
848210624291	1244.55	943.81	1161.91	961.45	5.8967	5.6096
848210632627	1239.96	938.30	1154.72	937.36	5.8813	5.6632
848210640966	1235.51	941.94	1155.03	934.18	5.8853	5.6700
848210649299	1238.04	933.77	1148.17	945.29	5.9073	5.6806
848210657633	1239.14	943.73	1152.87	954.86	5.8758	5.6494
848210665963	1241.81	944.79	1149.42	962.51	5.8810	5.6327
848210674296	1243.83	939.08	1149.99	970.46	5.8879	5.6369
848210682629	1247.68	945.77	1153.79	966.55	5.8865	5.6504
848210690963	1245.89	956.69	1148.59	964.74	5.8759	5.6487
848210699296	1247.41	943.59	1151.67	958.28	5.8801	5.6582
848210707630	1237.83	961.70	1153.66	961.25	5.8514	5.6631
848210715965	1253.22	959.51	1164.54	970.92	5.8697	5.6565
848210724298	1242.71	957.75	1154.99	968.16	5.8706	5.6509
848210732631	1246.45	948.98	1153.03	965.81	5.8785	5.6560
848210740965	1245.02	948.63	1162.95	968.20	5.8771	5.6590
848210749297	1304.87	868.81	1239.18	902.72	5.9177	5.6750
848210757631	1353.02	781.81	1270.57	788.35	5.9498	5.6859
848210765964	1366.62	733.50	1283.95	724.07	5.9342	5.6513
848210774300	1347.79	715.16	1288.13	718.88	5.9048	5.6075
848210782636	1340.48	744.59	1261.43	735.94	5.8833	5.6351
848210790969	1350.08	752.33	1261.58	745.53	5.8981	5.6634
848210799302	1344.18	755.84	1275.25	758.55	5.8837	5.6634
848210807636	1348.00	746.71	1280.52	744.96	5.8827	5.6805
848210815968	1347.84	752.54	1266.00	749.88	5.8773	5.6695
848210824302	1355.50	752.39	1280.18	749.07	5.8804	5.6573
848210832634	1349.78	748.45	1280.60	745.53	5.8919	5.6640
848210840967	1355.30	740.78	1267.87	743.00	5.8823	5.6715
848210849301	1350.48	753.00	1277.31	740.88	5.8816	5.6797
848210857635	1357.03	743.94	1281.54	741.53	5.8914	5.6703
848210865968	1352.43	752.70	1271.49	741.77	5.8681	5.6714
848210874301	1355.73	754.89	1267.80	748.01	5.8605	5.6773
848210882635	1359.14	752.85	1277.59	741.91	5.8848	5.6613
848210890968	1351.09	744.95	1284.29	740.19	5.8805	5.6769
848210899305	1358.69	748.32	1273.27	744.56	5.8803	5.6770
848210907638	1356.85	744.62	1269.34	737.07	5.8830	5.6717
848210915970	1364.89	745.74	1282.06	742.36	5.8640	5.6771
848210924304	1353.70	742.18	1277.79	731.71	5.8846	5.6774
848210932637	1356.91	743.31	1268.22	732.94	5.8914	5.6808
848210940971	1361.06	749.03	1282.54	726.47	5.8833	5.6824
848210949304	1366.27	750.09	1273.10	727.55	5.8867	5.6819
848210957637	1354.69	744.46	1281.00	733.36	5.8901	5.6889
848210965971	1358.40	745.12	1270.21	738.80	5.8893	5.6899
848210974304	1362.19	749.02	1282.15	734.64	5.8881	5.6882
848210982637	1358.75	741.86	1276.61	733.46	5.9015	5.6727
848210990970	1360.11	745.82	1272.30	722.90	5.8935	5.6858
848210999303	1355.81	738.30	1266.74	717.12	5.8892	5.7036
848211007636	1357.09	747.89	1271.27	723.37	5.8916	5.6648
848211015969	1359.30	744.22	1272.50	727.52	5.8884	5.6937
848211024303	1360.36	751.21	1266.02	736.92	5.8828	5.7108
848211032642	1352.77	748.39	1280.06	733.17	5.8969	5.6847
848211040975	1354.71	750.53	1271.83	738.17	5.8942	5.6841
848211049308	1361.55	748.72	1265.79	739.77	5.8846	5.6938
848211057640	1352.88	747.06	1285.01	741.21	5.8841	5.6753
848211065972	1356.96	747.65	1292.27	730.85	5.8938	5.6864
848211074306	1358.63	743.94	1272.35	720.38	5.8994	5.6896
848211082638	1365.39	746.30	1277.47	718.69	5.9117	5.7138
848211090971	1358.10	742.88	1274.18	725.42	5.8993	5.6781
848211099305	1360.07	751.48	1268.88	743.51	5.8957	5.7006
848211107639	1350.22	775.81	1266.45	762.96	5.8896	5.6835
848211115972	1361.97	782.71	1276.07	768.58	5.9155	5.6958
848211124305	1361.83	769.91	1264.94	758.82	5.9028	5.6848
848211132639	1361.92	771.70	1288.01	749.34	5.8941	5.6938
848211140972	1356.89	774.42	1267.82	749.53	5.8971	5.7021
848211149305	1356.19	779.18	1290.24	749.39	5.9084	5.7021
848211157638	1362.96	774.64	1261.63	742.56	5.8997	5.6952
848211165975	1363.97	767.72	1279.57	744.72	5.9060	5.6950
848211174309	1350.61	775.47	1266.35	743.96	5.8935	5.7028
848211182642	1357.58	768.37	1276.86	745.90	5.9051	5.6813
848211190976	1362.53	768.01	1263.29	744.38	5.9163	5.6891
848211199309	1354.42	763.82	1274.92	739.04	5.9031	5.7044
848211207642	1358.16	774.08	1272.27	748.04	5.9157	5.6963
848211215976	1362.34	763.11	1278.65	760.44	5.9112	5.6914
848211224309	1363.20	765.04	1268.09	763.35	5.9251	5.6726
848211232642	1365.16	783.29	1275.42	744.50	5.9049	5.7155
848211240976	1451.78	875.77	1262.19	797.71	5.4857	5.5782
848211249308	1665.75	1150.57	NaN	NaN	4.4666	NaN
848211257641	NaN	NaN	NaN	NaN	NaN	NaN
848211265975	NaN	NaN	NaN	NaN	NaN	NaN
848211274307	NaN	NaN	NaN	NaN	NaN	NaN
848211282641	NaN	NaN	NaN	NaN	NaN	NaN
848211290975	NaN	NaN	NaN	NaN	NaN	NaN
848211299313	NaN	NaN	NaN	NaN	NaN	NaN
848211307646	NaN	NaN	NaN	NaN	NaN	NaN
848211315980	NaN	NaN	NaN	NaN	NaN	NaN
848211324313	NaN	NaN	NaN	NaN	NaN	NaN
848211332645	NaN	NaN	NaN	NaN	NaN	NaN
848211340979	NaN	NaN	NaN	NaN	NaN	NaN
848211349312	NaN	NaN	NaN	NaN	NaN	NaN
848211357645	NaN	NaN	NaN	NaN	NaN	NaN
848211365979	2007.70	1427.39	NaN	NaN	3.3025	NaN
848211374312	NaN	NaN	2059.74	1454.91	NaN	2.8149
848211382645	NaN	NaN	NaN	NaN	NaN	NaN
848211390979	NaN	NaN	NaN	NaN	NaN	NaN
848211399311	NaN	NaN	1625.09	1056.57	NaN	4.5206
848211407645	1520.03	945.96	1532.62	967.96	5.2965	4.8686
848211415977	1453.07	847.08	1362.87	835.16	5.6120	5.4147
848211424315	1512.75	906.87	1303.82	774.79	5.3668	5.6297
848211432648	1393.56	795.40	1287.15	740.00	5.8393	5.7000
848211440982	1444.21	813.84	1290.31	745.05	5.7170	5.7100
848211449315	1457.00	790.13	1289.12	755.80	5.6969	5.7009
848211457648	1391.08	777.30	1277.53	760.27	5.8640	5.7151
848211465982	1407.99	752.13	1289.25	771.79	5.8708	5.6685
848211474315	1398.52	767.97	1279.02	768.22	5.9138	5.7035
848211482648	1375.73	789.38	1279.57	773.60	5.9083	5.6921
848211490982	1396.32	766.71	1282.24	776.12	5.8840	5.6967
848211499314	1390.70	771.56	1269.99	770.47	5.8946	5.6883
848211507647	1378.23	781.43	1273.87	769.50	5.8998	5.7005
848211515980	1379.04	788.00	1277.03	760.75	5.9179	5.7085
848211524313	1378.27	785.65	1266.59	765.75	5.9140	5.7177
848211532647	1377.02	779.01	1265.85	758.80	5.9052	5.7287
848211540980	1378.06	783.08	1277.66	757.53	5.9349	5.7150
848211549313	1369.78	778.65	1274.76	772.95	5.9320	5.7095
848211557652	1369.13	786.57	1274.35	763.61	5.9079	5.7242
848211565985	1382.75	801.04	1273.60	755.81	5.9138	5.7269
848211574319	1374.84	792.09	1271.49	754.44	5.9128	5.7344
848211582651	1376.71	792.62	1274.88	766.68	5.9032	5.7301
848211590984	1373.82	795.36	1270.23	762.30	5.9135	5.7341
848211599317	1383.17	786.45	1265.53	761.90	5.9357	5.7298
848211607651	1367.83	795.56	1265.08	758.28	5.9092	5.7285
848211615984	1367.01	793.14	1273.74	761.14	5.9206	5.7235
848211624317	1367.02	802.76	1276.91	766.05	5.9146	5.7205
848211632651	1377.06	798.34	1286.02	760.72	5.8945	5.7284
848211640984	1387.94	784.87	1278.70	766.91	5.8894	5.7265
848211649318	1371.52	792.98	1263.65	767.65	5.9388	5.7213
848211657651	1367.01	824.73	1271.27	785.86	5.9284	5.7188
848211665983	1286.26	961.00	1212.54	908.69	5.9372	5.7706
848211674316	1190.24	1097.73	1098.86	1057.08	5.9494	5.8322
848211682650	1087.18	1194.88	980.54	1141.46	5.8955	5.8032
848211690988	975.13	1287.11	859.94	1232.27	5.8414	5.7985
848211699322	879.08	1404.71	763.86	1336.91	5.8648	5.7745
848211707655	824.42	1475.42	706.08	1403.99	5.8563	5.7685
848211715988	816.70	1534.19	709.20	1447.26	5.8383	5.7739
848211724321	823.65	1538.17	713.85	1463.97	5.8627	5.7880
848211732655	836.23	1502.62	717.50	1452.42	5.8791	5.7966
848211740988	821.37	1539.90	717.29	1446.58	5.8577	5.7723
848211749321	819.60	1518.06	696.79	1449.16	5.8604	5.7699
848211757654	809.91	1532.99	709.32	1456.69	5.8353	5.7684
848211765987	813.79	1543.90	699.53	1455.74	5.8435	5.7566
848211774320	817.66	1548.59	692.16	1449.56	5.8482	5.7789
848211782654	809.36	1540.41	703.25	1458.62	5.8566	5.7868
848211790987	821.43	1542.39	702.75	1455.99	5.8610	5.7755
848211799320	832.61	1519.93	704.41	1454.37	5.8343	5.7896
848211807654	820.04	1528.60	700.85	1451.98	5.8667	5.7920
848211815991	816.25	1545.22	701.24	1462.91	5.8620	5.7793
848211824325	825.96	1539.16	702.03	1462.05	5.8771	5.7955
848211832657	823.30	1553.60	697.05	1461.48	5.8689	5.8073
848211840990	822.40	1536.12	695.84	1464.61	5.8721	5.8062
848211849324	822.34	1525.94	697.10	1461.86	5.8896	5.8044
848211857657	817.28	1545.39	693.05	1466.23	5.8680	5.8031
848211865990	812.65	1527.32	699.50	1460.22	5.8865	5.8014
848211874323	819.95	1537.32	702.63	1462.11	5.8585	5.8086
848211882657	825.72	1531.85	698.54	1458.14	5.8834	5.8167
848211890990	820.24	1531.23	704.77	1462.73	5.9013	5.8069
848211899323	827.76	1510.31	700.02	1462.51	5.8518	5.8088
848211907657	823.95	1527.54	703.41	1460.20	5.9124	5.8157
848211915989	819.10	1520.13	695.11	1464.62	5.9063	5.8119
848211924323	816.01	1524.67	698.74	1463.60	5.9075	5.8180
848211932656	819.20	1527.58	688.72	1464.73	5.8762	5.8305
848211940989	814.51	1530.11	692.60	1458.14	5.8644	5.8223
848211949330	810.90	1518.69	693.40	1465.40	5.8897	5.8153
848211957663	829.77	1527.68	689.56	1437.62	5.9026	5.8393
848211965997	NaN	NaN	695.70	1448.99	NaN	5.8238
848211974331	NaN	NaN	NaN	NaN	NaN	NaN
848211982663	NaN	NaN	NaN	NaN	NaN	NaN
848211990997	NaN	NaN	NaN	NaN	NaN	NaN
848211999329	NaN	NaN	NaN	NaN	NaN	NaN
848212007662	NaN	NaN	NaN	NaN	NaN	NaN
848212015996	NaN	NaN	NaN	NaN	NaN	NaN
848212024329	NaN	NaN	NaN	NaN	NaN	NaN
848212032663	NaN	NaN	NaN	NaN	NaN	NaN
848212040996	NaN	NaN	NaN	NaN	NaN	NaN
848212049329	NaN	NaN	NaN	NaN	NaN	NaN
848212057663	NaN	NaN	NaN	NaN	NaN	NaN
848212065996	NaN	NaN	NaN	NaN	NaN	NaN
848212074330	NaN	NaN	NaN	NaN	NaN	NaN
848212082663	NaN	NaN	NaN	NaN	NaN	NaN
848212090997	NaN	NaN	NaN	NaN	NaN	NaN
848212099330	NaN	NaN	NaN	NaN	NaN	NaN
848212107663	NaN	NaN	NaN	NaN	NaN	NaN
848212115997	1806.81	1280.03	1977.55	1400.80	4.1357	3.2538
848212124331	NaN	NaN	1646.22	1247.65	NaN	3.9622
848212132663	NaN	NaN	1664.26	1114.02	NaN	4.3315
848212140997	1573.73	997.40	1609.89	990.83	5.1588	4.7175
848212149331	1503.38	874.54	1412.33	899.32	5.5355	5.2318
848212157664	1604.94	975.41	1366.66	828.02	5.0612	5.4547
848212165996	1464.73	800.02	1366.83	812.33	5.6986	5.4642
848212174330	1458.19	800.25	1359.78	804.05	5.7173	5.4719
848212182663	1466.61	804.95	1330.81	789.33	5.6670	5.5417
848212190994	1447.05	807.66	1335.52	805.27	5.7327	5.4732
848212199327	1428.84	801.29	1318.26	813.36	5.7614	5.4824
848212207666	1419.17	799.51	1337.68	820.27	5.7510	5.4404
848212215999	1423.60	807.27	1344.22	820.84	5.7327	5.4332
848212224332	1419.39	798.88	1334.03	826.85	5.6882	5.4216
848212232666	1431.42	816.96	1346.59	820.58	5.6871	5.4089
848212240999	1421.03	808.20	1339.18	816.97	5.6972	5.4128
848212249333	1429.39	805.15	1341.41	810.23	5.6789	5.4221
848212257665	1416.97	821.71	1339.95	813.67	5.6621	5.4245
848212265998	1422.09	812.78	1334.90	819.88	5.6775	5.4168
848212274331	1417.94	810.42	1331.61	822.86	5.6583	5.4197
848212282665	1418.63	827.38	1332.90	817.32	5.6266	5.4161
848212290998	1421.79	816.08	1337.30	823.42	5.6590	5.4013
848212299331	1427.45	817.74	1342.17	815.16	5.6527	5.4082
848212307665	1432.34	823.73	1330.92	810.86	5.6364	5.4398
848212315998	1419.92	824.07	1326.87	811.97	5.6260	5.4231
848212324331	1419.74	822.65	1328.52	804.76	5.6335	5.4247
848212332664	1421.55	823.79	1338.01	807.08	5.6191	5.4131
848212341001	1427.78	828.58	1332.06	803.47	5.6166	5.4112
848212349334	1411.00	828.31	1332.04	798.65	5.5952	5.4044
848212357668	1416.82	825.12	1330.29	802.15	5.6121	5.4211
848212366001	1419.45	824.39	1337.44	803.53	5.6221	5.4190
848212374334	1418.79	827.35	1339.02	795.06	5.6122	5.4111
848212382668	1419.90	828.51	1335.51	798.03	5.6111	5.4263
848212391001	1420.62	832.38	1334.73	799.40	5.6214	5.4280
848212399334	1415.24	832.39	1336.87	796.28	5.6176	5.4207
848212407667	1409.11	828.07	1346.40	790.81	5.6228	5.4164
848212416000	1416.45	821.77	1338.93	800.62	5.6356	5.4328
848212424333	1409.11	830.50	1340.40	794.22	5.6391	5.4412
848212432667	1425.15	822.93	1339.56	800.59	5.6482	5.4448
848212441000	1422.98	827.27	1347.33	799.15	5.6554	5.4290
848212449333	1423.89	817.56	1342.60	791.69	5.6639	5.4517
848212457666	1422.41	826.18	1341.24	805.43	5.6555	5.4641
848212465999	1425.95	823.03	1343.80	796.68	5.6647	5.4637
848212474338	1412.67	838.05	1351.30	806.70	5.6673	5.4741
848212482671	1486.98	883.88	1423.64	857.79	5.6986	5.4536
848212491004	1588.29	908.10	1506.30	897.17	5.7519	5.4662
848212499337	1627.52	933.47	1557.84	924.01	5.6944	5.3713
848212507670	1810.91	1073.08	NaN	NaN	5.3019	NaN
848212516003	NaN	NaN	NaN	NaN	NaN	NaN
848212524337	NaN	NaN	NaN	NaN	NaN	NaN
848212532670	NaN	NaN	NaN	NaN	NaN	NaN
848212541004	NaN	NaN	NaN	NaN	NaN	NaN
848212549337	NaN	NaN	NaN	NaN	NaN	NaN
848212557670	NaN	NaN	NaN	NaN	NaN	NaN
848212566004	NaN	NaN	NaN	NaN	NaN	NaN
848212574337	NaN	NaN	NaN	NaN	NaN	NaN
848212582670	NaN	NaN	NaN	NaN	NaN	NaN
848212591003	NaN	NaN	NaN	NaN	NaN	NaN
848212599336	NaN	NaN	NaN	NaN	NaN	NaN
848212607675	NaN	NaN	NaN	NaN	NaN	NaN
848212616008	NaN	NaN	NaN	NaN	NaN	NaN
848212624342	NaN	NaN	NaN	NaN	NaN	NaN
848212632676	NaN	NaN	NaN	NaN	NaN	NaN
848212641009	NaN	NaN	NaN	NaN	NaN	NaN
848212649342	NaN	NaN	NaN	NaN	NaN	NaN
848212657675	NaN	NaN	NaN	NaN	NaN	NaN
848212666008	NaN	NaN	NaN	NaN	NaN	NaN
848212674341	NaN	NaN	NaN	NaN	NaN	NaN
848212682675	2178.03	1512.85	NaN	NaN	5.0258	NaN
848212691007	NaN	NaN	NaN	NaN	NaN	NaN
848212699341	2038.99	1427.53	2141.62	1622.23	5.4917	4.5801
848212707675	2027.54	1427.63	NaN	NaN	5.5745	NaN
848212716008	NaN	NaN	NaN	NaN	NaN	NaN
848212724343	NaN	NaN	NaN	NaN	NaN	NaN
848212732680	1942.88	1350.79	NaN	NaN	5.8910	NaN
848212741013	951.68	1325.18	1843.27	1368.75	5.8604	5.5036
848212749345	NaN	NaN	NaN	NaN	NaN	NaN
848212757679	1912.95	1340.50	NaN	NaN	5.9219	NaN
848212766012	932.58	1364.81	1832.57	1393.43	5.8785	5.5656
848212774345	960.83	1345.26	1827.43	1386.77	5.7976	5.5735
848212782678	1902.64	1347.16	1817.32	1377.13	5.9662	5.6108
848212791012	1923.11	1362.41	1849.11	1386.70	5.9569	5.5855
848212799345	1933.46	1346.56	1855.90	1429.77	5.9452	5.6005
848212807678	1973.19	1435.26	1860.89	1472.20	5.9535	5.6484
848212816010	1967.05	1475.59	1864.98	1458.28	5.9270	5.6598
848212824345	1969.30	1444.56	1862.37	1466.14	5.9704	5.6210
848212832677	1965.71	1431.40	1899.10	1474.09	5.9906	5.6087
848212841011	1951.90	1443.45	1899.81	1468.03	5.9870	5.5986
848212849344	1946.22	1437.05	1900.46	1482.27	5.9814	5.5911
848212857677	1938.58	1449.10	1890.58	1477.16	5.9618	5.6023
848212866015	1941.07	1427.18	1882.31	1481.43	6.0091	5.6169
848212874348	1950.27	1439.12	1875.37	1457.78	5.9778	5.6161
848212882681	1940.82	1445.19	1883.41	1464.60	5.9690	5.6493
848212891015	1939.68	1458.03	1879.06	1481.43	5.9801	5.6148
848212899348	1944.63	1435.00	NaN	NaN	5.9940	NaN
848212907681	1939.22	1449.68	NaN	NaN	5.9968	NaN
848212916014	1945.31	1451.32	1893.39	1482.66	6.0033	5.5915
848212924347	1938.66	1434.58	1914.07	1484.69	5.9685	5.5761
848212932680	NaN	NaN	1895.75	1521.61	NaN	5.5215
848212941014	1994.39	1464.90	NaN	NaN	5.7319	NaN
848212949347	NaN	NaN	NaN	NaN	NaN	NaN
848212957680	NaN	NaN	NaN	NaN	NaN	NaN
848212966014	NaN	NaN	NaN	NaN	NaN	NaN
848212974347	NaN	NaN	NaN	NaN	NaN	NaN
848212982680	NaN	NaN	NaN	NaN	NaN	NaN
848212991014	NaN	NaN	NaN	NaN	NaN	NaN
848212999352	NaN	NaN	NaN	NaN	NaN	NaN
848213007685	NaN	NaN	NaN	NaN	NaN	NaN
848213016018	NaN	NaN	NaN	NaN	NaN	NaN
848213024352	NaN	NaN	NaN	NaN	NaN	NaN
848213032685	NaN	NaN	NaN	NaN	NaN	NaN
848213041018	NaN	NaN	NaN	NaN	NaN	NaN
848213049352	NaN	NaN	NaN	NaN	NaN	NaN
848213057685	NaN	NaN	NaN	NaN	NaN	NaN
848213066018	NaN	NaN	NaN	NaN	NaN	NaN
848213074352	NaN	NaN	NaN	NaN	NaN	NaN
848213082684	NaN	NaN	NaN	NaN	NaN	NaN
848213091017	NaN	NaN	NaN	NaN	NaN	NaN
848213099350	NaN	NaN	NaN	NaN	NaN	NaN
848213107684	1860.34	1307.42	NaN	NaN	4.2611	NaN
848213116017	NaN	NaN	NaN	NaN	NaN	NaN
848213124350	NaN	NaN	1606.87	1036.59	NaN	4.9778
848213132689	1633.11	1089.68	1480.03	945.93	5.0963	5.3445
848213141023	1491.40	929.02	1426.55	864.69	5.7379	5.6125
848213149356	1562.05	978.33	1390.47	846.08	5.5417	5.6715
848213157689	1497.29	879.62	1401.56	862.82	5.8707	5.6475
848213166022	1505.46	861.68	1399.03	894.05	5.8658	5.5998
848213174355	1472.48	865.97	1383.46	852.92	5.9282	5.6673
848213182688	1478.85	861.64	1386.29	856.98	5.9093	5.6598
848213191022	1477.29	865.00	1386.59	855.40	5.9148	5.6828
848213199355	1477.72	859.38	1379.37	861.40	5.9431	5.6757
848213207688	1467.40	866.21	1378.58	853.65	5.9628	5.6887
848213216022	1468.54	869.28	1381.77	860.98	5.9383	5.6762
848213224355	1469.99	858.04	1382.68	852.45	5.9729	5.6915
848213232688	1469.76	861.87	1379.05	852.22	5.9523	5.6964
848213241022	1469.08	851.99	1379.77	858.91	5.9495	5.6798
848213249353	1468.43	856.07	1386.45	862.46	5.9627	5.6818
848213257691	1471.02	855.24	1392.74	860.27	5.9579	5.6836
848213266024	1469.14	857.70	1390.30	856.71	5.9508	5.6824
848213274357	1472.12	855.20	1388.78	861.34	5.9651	5.6794
848213282691	1477.39	866.31	1392.68	859.77	5.9484	5.6815
848213291025	1475.33	857.21	1390.22	858.76	5.9733	5.6956
848213299358	1470.71	852.07	1391.14	857.37	5.9586	5.6944
848213307691	1467.23	862.65	1393.47	853.38	5.9435	5.6761
848213316024	1471.08	859.28	1384.32	851.42	5.9532	5.6891
848213324356	1468.20	872.61	1394.24	847.00	5.9311	5.6979
848213332690	1466.05	869.56	1380.17	848.06	5.9489	5.7031
848213341023	1466.08	856.96	1386.70	845.32	5.9433	5.6978
848213349356	1464.17	856.17	1381.52	839.25	5.9540	5.7055
848213357690	1462.64	863.13	1383.65	844.21	5.9314	5.7012
848213366023	1463.61	858.21	1383.10	847.60	5.9513	5.7054
848213374356	1475.42	861.80	1393.96	848.55	5.9542	5.7080
848213382689	1462.48	852.08	1390.54	845.15	5.9610	5.7092
848213391027	1466.13	860.02	1383.57	847.42	5.9547	5.7082
848213399361	1467.53	859.62	1384.63	844.55	5.9706	5.6965
848213407693	1463.43	866.31	1395.56	846.99	5.9428	5.7135
848213416026	1471.04	857.09	1394.81	836.48	5.9641	5.7129
848213424360	1457.62	846.71	1386.96	837.10	5.9666	5.7171
848213432692	1384.57	839.97	1330.43	815.87	5.9570	5.7239
848213441026	1341.14	799.31	1278.24	799.66	5.9926	5.7409
848213449359	1343.85	784.42	1273.12	785.08	5.9734	5.7386
848213457693	1349.50	769.15	1287.18	754.69	5.9438	5.7272
848213466026	1359.15	784.23	1275.02	763.72	5.9427	5.7270
848213474360	1355.28	787.65	1273.53	763.19	5.9452	5.7320
848213482693	1351.04	784.09	1285.93	764.29	5.9607	5.7442
848213491025	1348.67	787.58	1283.32	762.38	5.9458	5.7491
848213499359	1356.57	792.81	1267.31	764.59	5.9367	5.7384
848213507692	1351.73	780.79	1272.17	762.90	5.9465	5.7388
848213516025	1360.87	783.10	1283.18	766.45	5.9640	5.7399
848213524364	1355.63	785.38	1281.26	764.42	5.9528	5.7304
848213532698	1351.54	786.94	1269.88	763.64	5.9436	5.7518
848213541031	1352.33	791.02	1274.01	767.63	5.9314	5.7476
848213549365	1350.12	787.39	1278.05	758.20	5.9459	5.7426
848213557700	1351.74	778.12	1275.38	765.92	5.9556	5.7382
848213566033	1360.37	787.60	1275.77	763.33	5.9508	5.7521
848213574366	1357.37	783.31	1275.11	766.80	5.9457	5.7670
848213582699	1351.61	780.25	1271.07	769.85	5.9511	5.7613
848213591032	1357.60	780.48	1276.77	772.20	5.9490	5.7527
848213599365	1353.71	764.17	1273.31	768.82	5.9749	5.7493
848213607698	1354.44	782.78	1281.00	768.93	5.9510	5.7343
848213616032	1401.16	836.08	1278.93	776.59	5.7815	5.7120
848213624365	NaN	NaN	NaN	NaN	NaN	NaN
848213632699	NaN	NaN	NaN	NaN	NaN	NaN
848213641032	NaN	NaN	NaN	NaN	NaN	NaN
848213649366	NaN	NaN	NaN	NaN	NaN	NaN
848213657702	NaN	NaN	NaN	NaN	NaN	NaN
848213666036	NaN	NaN	NaN	NaN	NaN	NaN
848213674370	NaN	NaN	NaN	NaN	NaN	NaN
848213682703	NaN	NaN	NaN	NaN	NaN	NaN
848213691036	NaN	NaN	NaN	NaN	NaN	NaN
848213699369	NaN	NaN	NaN	NaN	NaN	NaN
848213707702	NaN	NaN	NaN	NaN	NaN	NaN
848213716036	NaN	NaN	NaN	NaN	NaN	NaN
848213724370	NaN	NaN	NaN	NaN	NaN	NaN
848213732702	NaN	NaN	NaN	NaN	NaN	NaN
848213741035	NaN	NaN	NaN	NaN	NaN	NaN
848213749369	NaN	NaN	NaN	NaN	NaN	NaN
848213757701	NaN	NaN	NaN	NaN	NaN	NaN
848213766035	NaN	NaN	NaN	NaN	NaN	NaN
848213774368	NaN	NaN	NaN	NaN	NaN	NaN
848213782707	NaN	NaN	NaN	NaN	NaN	NaN
848213791040	NaN	NaN	1445.46	1001.29	NaN	4.9798
848213799373	1556.16	981.85	1354.36	874.61	5.1741	5.4942
848213807707	1560.22	1075.10	1330.17	789.85	5.0021	5.6765
848213816040	1509.85	941.57	1307.92	766.56	5.3585	5.7708
848213824372	1434.50	856.30	1310.44	773.32	5.7102	5.7506
848213832706	1373.77	850.56	1303.28	802.14	5.8601	5.6962
848213841039	1412.67	787.40	1308.60	806.61	5.8992	5.6728
848213849372	1400.06	790.48	1303.64	790.56	5.9562	5.7003
848213857706	1388.60	791.81	1305.18	803.15	5.9552	5.6790
848213866039	1399.66	804.29	1302.66	796.53	5.9278	5.7151
848213874372	1393.76	809.38	1296.42	789.88	5.9097	5.7144
848213882705	1396.35	791.66	1294.53	793.78	6.0008	5.7294
848213891039	1381.24	799.34	1299.39	795.63	5.9653	5.7163
848213899372	1381.05	789.84	1294.74	789.59	5.9599	5.7125
848213907704	1384.24	797.48	1311.73	793.48	5.9627	5.7045
848213916043	1391.34	796.96	1307.30	804.56	5.9513	5.6888
848213924376	1381.64	806.76	1294.17	806.92	5.9488	5.7175
848213932709	1380.57	791.24	1301.41	797.79	5.9489	5.7153
848213941043	1385.50	801.17	1301.86	801.96	5.9383	5.6978
848213949376	1379.66	804.65	1311.51	801.65	5.9451	5.7004
848213957709	1382.77	802.62	1301.42	805.98	5.9334	5.7024
848213966043	1373.66	803.13	1298.44	813.66	5.9395	5.7174
848213974376	1380.68	813.06	1304.90	800.00	5.9271	5.7026
848213982710	1388.78	808.97	1305.37	796.78	5.9403	5.6959
848213991042	1382.66	813.30	1304.14	804.60	5.9363	5.7012
848213999375	1383.74	804.92	1318.43	814.74	5.9314	5.6876
848214007708	1383.10	796.85	1301.41	805.34	5.9428	5.7138
848214016042	1330.05	851.77	1272.53	860.23	5.9854	5.7112
848214024375	1231.99	989.73	1149.49	991.26	5.9668	5.7792
848214032700	1122.15	1106.83	1049.89	1107.14	5.9543	5.7867
848214041042	988.60	1198.31	920.94	1166.70	5.8845	5.7580
848214049371	873.36	1305.31	795.02	1264.78	5.8838	5.7471
848214057705	794.79	1395.32	712.29	1356.02	5.8597	5.7193
848214066047	733.31	1464.87	650.19	1417.78	5.8616	5.7184
848214074370	687.42	1545.06	614.97	1488.00	5.8272	5.7287
848214082704	683.82	1571.99	610.17	1510.97	5.8473	5.7479
848214091037	714.51	1542.22	633.63	1502.61	5.9008	5.7646
848214099379	711.02	1549.64	621.70	1499.41	5.8703	5.7534
848214107704	707.68	1551.43	624.97	1505.96	5.8586	5.7357
848214116037	699.82	1551.56	614.85	1501.87	5.8340	5.7262
848214124371	693.27	1543.73	619.67	1505.21	5.8320	5.7268
848214132704	692.36	1557.53	610.08	1509.56	5.8275	5.7413
848214141037	698.28	1555.90	605.94	1503.94	5.8618	5.7265
848214149371	699.12	1559.04	616.78	1510.62	5.8285	5.7341
848214157702	708.80	1556.29	615.54	1512.23	5.8692	5.7565
848214166036	696.28	1559.02	607.98	1509.18	5.8485	5.7503
848214174372	698.06	1555.83	611.52	1512.07	5.8529	5.7409
848214182708	701.29	1556.93	613.65	1513.16	5.8568	5.7253
848214191041	707.03	1547.02	620.69	1501.02	5.8687	5.7130
848214199375	702.06	1554.03	604.63	1511.72	5.8491	5.7468
848214207708	712.00	1554.50	607.16	1497.43	5.8672	5.7494
848214216041	701.96	1559.31	611.30	1514.20	5.8517	5.7581
848214224374	703.96	1557.74	616.42	1510.47	5.8807	5.7527
848214232708	697.28	1550.88	613.77	1512.64	5.8628	5.7522
848214241040	705.67	1559.14	603.20	1513.40	5.8683	5.7652
848214249373	711.51	1556.62	613.71	1507.63	5.8709	5.7551
848214257707	708.33	1554.87	603.11	1512.43	5.8852	5.7542
848214266040	716.00	1552.75	607.30	1515.20	5.8560	5.7717
848214274373	704.64	1551.19	610.20	1510.43	5.8738	5.7796
848214282707	711.41	1554.23	602.23	1511.48	5.8745	5.7615
848214291040	715.35	1549.31	604.98	1516.69	5.8762	5.7583
848214299374	703.71	1545.96	605.44	1517.01	5.8372	5.7556
848214307711	701.56	1550.31	604.68	1517.39	5.8340	5.7513
848214316045	713.65	1567.05	612.61	1523.58	5.8590	5.7525
848214324377	743.71	1536.25	685.16	1495.66	5.8611	5.7369
848214332710	771.09	1531.08	671.02	1487.64	5.8510	5.7438
848214341044	751.21	1535.81	656.77	1493.85	5.8438	5.7296
848214349378	758.81	1521.19	659.01	1499.35	5.8176	5.7207
848214357711	746.39	1534.58	657.55	1495.48	5.8092	5.7025
848214366044	750.86	1540.33	654.54	1497.41	5.7925	5.6747
848214374377	751.41	1531.08	651.28	1497.09	5.7718	5.6701
848214382711	746.94	1532.42	652.51	1502.15	5.7738	5.6556
848214391044	742.49	1537.04	659.92	1500.64	5.7577	5.6451
848214399378	738.89	1539.27	655.62	1503.74	5.7153	5.6284
848214407710	746.80	1535.35	655.16	1505.39	5.7073	5.6019
848214416043	747.56	1531.16	653.97	1502.18	5.6903	5.5922
848214424377	740.91	1541.07	654.60	1501.39	5.6575	5.5733
848214432710	738.74	1542.30	649.61	1507.78	5.6275	5.5430
848214441049	737.29	1539.61	648.23	1510.18	5.6187	5.5237
848214449383	737.23	1536.36	652.56	1510.39	5.5962	5.4840
848214457716	736.00	1542.64	652.27	1513.46	5.5714	5.5114
848214466049	738.00	1517.79	661.58	1503.14	5.5603	5.4848
848214474382	753.05	1508.72	658.50	1504.99	5.5241	5.4604
848214482716	738.75	1527.39	664.13	1511.54	5.5229	5.4244
848214491048	725.30	1550.94	645.57	1514.67	5.4892	5.4322
848214499381	645.62	1559.96	564.90	1527.36	5.4659	5.4258
848214507715	622.60	1544.72	537.02	1517.39	5.4458	5.4052
848214516048	640.73	1510.77	538.64	1516.19	5.4463	5.3647
848214524382	630.55	1526.81	563.34	1508.61	5.4204	5.3725
848214532715	641.65	1515.04	554.32	1513.52	5.4267	5.3581
848214541048	634.91	1523.75	550.73	1515.53	5.3922	5.3253
848214549381	644.35	1538.23	546.02	1520.56	5.3809	5.3195
848214557714	646.58	1525.12	552.65	1514.69	5.3797	5.3142
848214566048	634.26	1529.79	548.48	1519.60	5.3204	5.3044
848214574384	629.20	1534.23	553.17	1521.54	5.3219	5.2890
848214582717	648.67	1523.62	556.20	1520.74	5.3286	5.2741
848214591051	635.68	1534.73	549.49	1520.10	5.3030	5.2552
848214599384	635.35	1523.34	561.29	1523.13	5.2873	5.2604
848214607718	622.97	1523.25	541.91	1520.02	5.2683	5.2556
848214616051	635.94	1524.44	555.64	1511.98	5.2769	5.2285
848214624384	632.37	1522.86	552.04	1520.49	5.2642	5.2411
848214632717	634.27	1518.19	547.26	1524.27	5.2664	5.2492
848214641051	630.97	1511.44	560.02	1519.12	5.2325	5.2253
848214649384	629.82	1527.69	544.83	1517.61	5.2253	5.2241
848214657717	626.57	1528.86	557.16	1513.02	5.2149	5.2004
848214666050	631.92	1515.59	549.59	1515.65	5.2278	5.2036
848214674383	636.47	1516.21	541.34	1514.45	5.2437	5.1983
848214682716	640.02	1515.97	552.28	1517.38	5.2244	5.1909
848214691050	645.41	1505.90	580.20	1504.82	5.2106	5.1933
848214699388	658.24	1504.16	586.48	1511.24	5.2222	5.2001
848214707722	660.13	1498.02	575.19	1510.27	5.1919	5.1862
848214716054	661.74	1502.89	577.63	1509.81	5.2207	5.2025
848214724388	660.01	1510.77	579.89	1514.16	5.2036	5.1929
848214732722	653.69	1510.59	586.40	1510.70	5.1701	5.1926
848214741054	661.81	1515.39	578.45	1505.20	5.1911	5.1922
848214749387	658.65	1506.93	581.74	1501.92	5.1976	5.1664
848214757721	654.79	1499.22	588.74	1513.25	5.1952	5.1661
848214766055	655.27	1505.62	581.62	1509.94	5.1606	5.1681
848214774388	667.51	1512.75	584.83	1508.19	5.2083	5.1651
848214782722	677.95	1512.34	576.82	1511.62	5.2086	5.1842
848214791055	664.23	1500.29	572.92	1505.00	5.1961	5.1836
848214799388	661.38	1495.79	584.65	1501.39	5.2073	5.1826
848214807721	655.04	1502.79	583.06	1508.43	5.1812	5.1526
848214816055	640.06	1504.81	582.39	1516.91	5.1741	5.1729
848214824387	670.65	1505.43	588.45	1512.62	5.1898	5.1671
848214832727	631.85	1500.77	587.31	1515.98	5.1470	5.1582
848214841060	655.45	1500.05	593.53	1487.30	5.1912	5.1966
848214849393	694.22	1484.76	587.13	1486.02	5.2074	5.2180
848214857727	NaN	NaN	NaN	NaN	NaN	NaN
848214866060	NaN	NaN	NaN	NaN	NaN	NaN
848214874393	NaN	NaN	NaN	NaN	NaN	NaN
848214882726	NaN	NaN	NaN	NaN	NaN	NaN
848214891059	NaN	NaN	NaN	NaN	NaN	NaN
848214899393	NaN	NaN	NaN	NaN	NaN	NaN
848214907725	NaN	NaN	NaN	NaN	NaN	NaN
848214916058	NaN	NaN	NaN	NaN	NaN	NaN
848214924392	NaN	NaN	NaN	NaN	NaN	NaN
848214932726	NaN	NaN	NaN	NaN	NaN	NaN
848214941059	NaN	NaN	NaN	NaN	NaN	NaN
848214949392	NaN	NaN	NaN	NaN	NaN	NaN
848214957726	NaN	NaN	NaN	NaN	NaN	NaN
848214966063	NaN	NaN	NaN	NaN	NaN	NaN
848214974396	NaN	NaN	NaN	NaN	NaN	NaN
848214982729	NaN	NaN	NaN	NaN	NaN	NaN
848214991062	NaN	NaN	NaN	NaN	NaN	NaN
848214999395	NaN	NaN	NaN	NaN	NaN	NaN
848215007728	1956.50	1477.81	NaN	NaN	5.1698	NaN
848215016062	1879.43	1421.94	NaN	NaN	5.4414	NaN
848215024395	1823.82	1398.26	NaN	NaN	5.4914	NaN
848215032731	1863.74	1366.22	NaN	NaN	5.4995	NaN
848215041064	1854.90	1387.56	NaN	NaN	5.4745	NaN
848215049397	NaN	NaN	NaN	NaN	NaN	NaN
848215057731	1882.03	1453.62	NaN	NaN	5.3543	NaN
848215066064	1866.63	1414.01	NaN	NaN	5.4222	NaN
848215074396	1871.53	1443.39	1837.80	1542.32	5.4125	5.0241
848215082729	1880.95	1408.37	NaN	NaN	5.4255	NaN
848215091066	1886.85	1420.08	1742.92	1422.95	5.4600	5.3132
848215099399	1905.16	1467.93	NaN	NaN	5.3471	NaN
848215107733	NaN	NaN	NaN	NaN	NaN	NaN
848215116066	1914.65	1469.67	NaN	NaN	5.3401	NaN
848215124399	NaN	NaN	NaN	NaN	NaN	NaN
848215132732	NaN	NaN	NaN	NaN	NaN	NaN
848215141068	NaN	NaN	NaN	NaN	NaN	NaN
848215149399	NaN	NaN	NaN	NaN	NaN	NaN
848215157733	NaN	NaN	NaN	NaN	NaN	NaN
848215166067	NaN	NaN	NaN	NaN	NaN	NaN
848215174400	NaN	NaN	NaN	NaN	NaN	NaN
848215182733	NaN	NaN	NaN	NaN	NaN	NaN
848215191066	NaN	NaN	NaN	NaN	NaN	NaN
848215199400	NaN	NaN	NaN	NaN	NaN	NaN
848215207733	NaN	NaN	NaN	NaN	NaN	NaN
848215216066	NaN	NaN	NaN	NaN	NaN	NaN
848215224405	NaN	NaN	NaN	NaN	NaN	NaN
848215232738	NaN	NaN	NaN	NaN	NaN	NaN
848215241070	NaN	NaN	NaN	NaN	NaN	NaN
848215249404	NaN	NaN	NaN	NaN	NaN	NaN
848215257737	NaN	NaN	NaN	NaN	NaN	NaN
848215266071	NaN	NaN	1817.35	1440.58	NaN	2.9762
848215274403	NaN	NaN	NaN	NaN	NaN	NaN
848215282737	NaN	NaN	NaN	NaN	NaN	NaN
848215291071	1457.28	940.90	NaN	NaN	4.9440	NaN
848215299402	1370.41	866.87	1289.34	904.76	5.2820	5.1212
848215307737	1363.67	794.93	1280.28	854.95	5.4799	5.3029
848215316071	1359.75	806.54	1287.90	842.53	5.4608	5.3325
848215324405	1377.02	772.68	1266.86	822.92	5.5004	5.3864
848215332738	1347.68	783.67	1267.54	838.07	5.5322	5.3855
848215341072	1342.41	784.48	1265.31	851.40	5.5289	5.3627
848215349405	1350.27	804.13	1269.39	847.35	5.5377	5.3618
848215357744	1346.32	814.01	1255.76	853.74	5.5288	5.3631
848215366069	1346.69	824.63	1257.09	853.21	5.5123	5.3664
848215374403	1349.21	818.52	1253.55	858.27	5.5062	5.3919
848215382736	1349.29	817.09	1254.25	844.03	5.5293	5.3880
848215391069	1353.50	804.48	1261.97	854.63	5.5528	5.3854
848215399402	1347.56	811.54	1256.97	849.81	5.5305	5.4021
848215407735	1353.48	799.11	1260.55	826.22	5.5772	5.4347
848215416069	1363.18	777.34	1269.52	860.93	5.5244	5.3627
848215424402	1495.82	1056.32	1228.94	911.45	4.6953	5.2034
848215432736	NaN	NaN	NaN	NaN	NaN	NaN
848215441069	NaN	NaN	NaN	NaN	NaN	NaN
848215449401	NaN	NaN	NaN	NaN	NaN	NaN
848215457734	NaN	NaN	NaN	NaN	NaN	NaN
848215466068	NaN	NaN	NaN	NaN	NaN	NaN
848215474401	NaN	NaN	NaN	NaN	NaN	NaN
848215482735	NaN	NaN	NaN	NaN	NaN	NaN
848215491072	NaN	NaN	NaN	NaN	NaN	NaN
848215499406	NaN	NaN	NaN	NaN	NaN	NaN
848215507740	NaN	NaN	NaN	NaN	NaN	NaN
848215516072	NaN	NaN	NaN	NaN	NaN	NaN
848215524406	NaN	NaN	NaN	NaN	NaN	NaN
848215532740	NaN	NaN	NaN	NaN	NaN	NaN
848215541073	NaN	NaN	NaN	NaN	NaN	NaN
848215549406	NaN	NaN	1050.99	1287.84	NaN	3.3209
848215557739	1628.60	1141.12	NaN	NaN	4.0322	NaN
848215566073	1483.24	880.28	NaN	NaN	4.9994	NaN
848215574413	1356.43	795.66	1279.39	841.67	5.4560	5.1771
848215582739	1344.58	708.70	1275.81	757.56	5.6191	5.4034
848215591072	1359.57	660.86	1290.65	687.84	5.7015	5.5786
848215599406	1342.26	715.75	1281.92	750.93	5.6097	5.4487
848215607740	1333.87	685.07	1291.60	738.38	5.6769	5.4954
848215616072	1332.04	709.18	1276.09	719.14	5.6557	5.5646
848215624407	1349.84	720.21	1268.35	722.36	5.6625	5.5367
848215632741	1351.07	715.30	1284.88	746.25	5.6741	5.4956
848215641074	1347.09	717.67	1282.38	742.59	5.6500	5.5072
848215649407	1324.94	730.55	1273.43	745.66	5.6358	5.5357
848215657740	1340.22	723.86	1275.62	756.40	5.6417	5.5233
848215666073	1339.55	739.68	1279.22	769.71	5.6423	5.4952
848215674406	1337.45	723.29	1274.77	769.26	5.6489	5.4896
848215682740	1334.02	744.74	1274.53	787.57	5.6536	5.4818
848215691073	1335.16	726.37	1280.74	777.77	5.6687	5.4905
848215699406	1339.68	741.25	1271.85	775.65	5.6644	5.5035
848215707740	1344.41	720.66	1279.63	768.18	5.6777	5.5189
848215716073	1335.10	728.65	1280.50	733.74	5.6847	5.5564
848215724406	1330.59	702.30	1279.10	754.98	5.6965	5.5613
848215732740	1351.60	714.12	1281.56	799.61	5.7270	5.4641
848215741072	NaN	NaN	1195.94	1175.93	NaN	4.0319
848215749413	NaN	NaN	NaN	NaN	NaN	NaN
848215757747	NaN	NaN	NaN	NaN	NaN	NaN
848215766080	NaN	NaN	NaN	NaN	NaN	NaN
848215774413	NaN	NaN	NaN	NaN	NaN	NaN
848215782746	NaN	NaN	NaN	NaN	NaN	NaN
848215791079	NaN	NaN	NaN	NaN	NaN	NaN
848215799413	NaN	NaN	NaN	NaN	NaN	NaN
848215807746	NaN	NaN	NaN	NaN	NaN	NaN
848215816079	NaN	NaN	NaN	NaN	NaN	NaN
848215824412	NaN	NaN	NaN	NaN	NaN	NaN
848215832746	1534.54	1116.79	NaN	NaN	4.2545	NaN
848215841079	1527.50	977.04	NaN	NaN	4.6798	NaN
848215849412	1346.18	840.35	NaN	NaN	5.4228	NaN
848215857746	1318.93	748.53	NaN	NaN	5.6325	NaN
848215866078	1322.25	705.90	1081.34	950.59	5.7764	4.7144
848215874412	1309.15	713.11	1246.64	845.01	5.7710	5.2675
848215882757	1298.41	701.69	1273.27	773.18	5.7657	5.5098
848215891090	1301.71	713.99	1257.15	712.87	5.7907	5.6735
848215899424	1305.20	713.32	1258.76	742.97	5.7695	5.6151
848215907756	1308.86	721.36	1247.62	746.57	5.7691	5.6049
848215916089	1317.54	718.86	1244.06	746.31	5.7651	5.6229
848215924414	1303.30	732.39	1259.19	727.93	5.7428	5.6618
848215932756	1303.71	725.87	1259.92	734.28	5.7313	5.6715
848215941089	1303.71	714.13	1249.61	723.74	5.7413	5.6664
848215949423	1309.29	745.64	1246.69	704.83	5.7222	5.6770
848215957747	1304.29	720.87	1248.93	723.28	5.7369	5.6518
848215966089	1306.41	729.83	1256.60	729.39	5.7385	5.6473
848215974423	1303.02	741.68	1254.46	732.46	5.7376	5.6447
848215982747	1312.72	724.08	1253.09	732.18	5.7431	5.6317
848215991080	1303.28	715.34	1248.87	744.31	5.7500	5.6367
848215999413	1311.59	730.37	1257.13	711.33	5.7502	5.6707
848216007746	1305.15	719.28	1264.08	756.85	5.7870	5.5983
848216016084	1306.30	696.49	1255.13	799.85	5.8074	5.5072
848216024418	1318.00	759.86	NaN	NaN	5.6484	NaN
848216032751	NaN	NaN	NaN	NaN	NaN	NaN
848216041085	NaN	NaN	NaN	NaN	NaN	NaN
848216049417	NaN	NaN	NaN	NaN	NaN	NaN
848216057750	NaN	NaN	NaN	NaN	NaN	NaN
848216066084	NaN	NaN	NaN	NaN	NaN	NaN
848216074415	NaN	NaN	NaN	NaN	NaN	NaN
848216082749	NaN	NaN	NaN	NaN	NaN	NaN
848216091082	NaN	NaN	NaN	NaN	NaN	NaN
848216099416	NaN	NaN	NaN	NaN	NaN	NaN
848216107749	NaN	NaN	NaN	NaN	NaN	NaN
848216116083	NaN	NaN	NaN	NaN	NaN	NaN
848216124416	NaN	NaN	NaN	NaN	NaN	NaN
848216132749	NaN	NaN	NaN	NaN	NaN	NaN
848216141087	NaN	NaN	NaN	NaN	NaN	NaN
848216149420	NaN	NaN	NaN	NaN	NaN	NaN
848216157752	NaN	NaN	NaN	NaN	NaN	NaN
848216166086	1659.28	1213.34	NaN	NaN	3.7009	NaN
848216174419	1478.69	950.30	NaN	NaN	4.8783	NaN
848216182752	1377.80	858.49	NaN	NaN	5.3406	NaN
848216191085	1341.13	772.86	NaN	NaN	5.5720	NaN
848216199420	1325.31	719.09	NaN	NaN	5.8038	NaN
848216207753	1320.23	687.53	1239.58	827.27	5.8947	5.3179
848216216087	1313.79	684.64	1282.52	748.85	5.8730	5.5977
848216224420	1304.67	681.02	1252.51	751.17	5.8546	5.5524
848216232753	1318.71	704.13	1255.72	756.61	5.8257	5.5684
848216241086	1309.75	699.91	1248.99	738.04	5.8179	5.5988
848216249419	1314.33	710.79	1266.42	732.31	5.7945	5.6098
848216257752	1304.78	704.26	1250.79	714.79	5.7883	5.6759
848216266086	1328.81	716.76	1249.92	716.25	5.8063	5.6782
848216274424	1317.77	718.15	1246.03	706.67	5.8187	5.6964
848216282757	1315.31	726.83	1257.94	706.17	5.7946	5.7166
848216291091	1315.17	728.14	1243.08	737.55	5.7992	5.6502
848216299424	1310.18	728.50	1241.96	711.60	5.8025	5.6945
848216307757	1315.07	714.28	1263.95	716.29	5.8011	5.6762
848216316090	1323.17	710.63	1242.53	735.86	5.8009	5.6651
848216324423	1313.69	727.79	1252.48	721.27	5.8009	5.6711
848216332756	1305.90	733.71	1259.13	721.91	5.7904	5.6798
848216341090	1318.99	735.74	1261.42	726.97	5.7983	5.6572
848216349423	1304.40	727.95	1261.88	738.73	5.7964	5.6309
848216357756	1308.89	726.91	1255.57	757.36	5.7935	5.6033
848216366090	1307.61	719.12	1261.17	770.38	5.8060	5.6062
848216374423	1309.65	725.52	1250.12	765.48	5.7986	5.6141
848216382756	1318.24	728.37	1253.43	757.68	5.7964	5.6037
848216391090	1312.67	725.18	1257.81	753.20	5.7905	5.6196
848216399423	1310.44	720.65	1248.22	758.51	5.7874	5.6219
848216407761	1307.65	723.36	1248.32	761.47	5.7874	5.6107
848216416095	1299.13	721.46	1246.98	767.63	5.7950	5.6018
848216424428	1299.02	713.89	1256.72	766.44	5.8128	5.6248
848216432761	1313.20	718.71	1252.87	718.88	5.8118	5.6929
848216441094	1319.97	719.17	1254.49	795.86	5.8396	5.5328
848216449428	1313.68	772.69	1217.03	820.70	5.7100	5.4129
848216457761	NaN	NaN	NaN	NaN	NaN	NaN
848216466094	NaN	NaN	NaN	NaN	NaN	NaN
848216474428	NaN	NaN	NaN	NaN	NaN	NaN
848216482761	NaN	NaN	NaN	NaN	NaN	NaN
848216491094	NaN	NaN	NaN	NaN	NaN	NaN
848216499427	NaN	NaN	NaN	NaN	NaN	NaN
848216507760	NaN	NaN	NaN	NaN	NaN	NaN
848216516093	NaN	NaN	NaN	NaN	NaN	NaN
848216524426	NaN	NaN	NaN	NaN	NaN	NaN
848216532760	NaN	NaN	NaN	NaN	NaN	NaN
848216541097	NaN	NaN	NaN	NaN	NaN	NaN
848216549431	NaN	NaN	NaN	NaN	NaN	NaN
848216557764	1777.96	1319.42	NaN	NaN	3.0112	NaN
848216566097	NaN	NaN	NaN	NaN	NaN	NaN
848216574430	1604.26	1065.49	NaN	NaN	4.3359	NaN
848216582763	1524.85	931.09	NaN	NaN	4.9084	NaN
848216591096	1392.74	814.85	NaN	NaN	5.4315	NaN
848216599429	1395.03	730.74	1133.94	884.26	5.6479	4.8993
848216607763	1346.83	665.84	1221.92	775.92	5.8823	5.3818
848216616096	1352.73	731.41	1293.12	777.85	5.7144	5.5111
848216624430	1319.95	656.13	1273.94	744.81	5.9428	5.5921
848216632763	1314.28	700.95	1276.48	758.54	5.8694	5.5968
848216641096	1328.26	689.13	1273.27	745.19	5.8768	5.6360
848216649430	1325.49	687.37	1273.38	718.90	5.8887	5.7178
848216657762	1327.37	684.12	1263.50	717.91	5.8785	5.7197
848216666100	1332.18	691.61	1263.47	727.77	5.8666	5.6861
848216674434	1329.48	701.52	1258.04	707.43	5.8536	5.7311
848216682767	1325.03	705.30	1254.18	697.20	5.8603	5.7502
848216691100	1327.04	714.75	1276.06	695.35	5.8556	5.7530
848216699434	1332.03	713.37	1283.58	702.93	5.8576	5.7339
848216707766	1331.55	709.74	1281.84	725.04	5.8480	5.6998
848216716099	1328.28	698.77	1269.00	738.56	5.8560	5.6557
848216724433	1333.08	702.09	1263.09	739.74	5.8531	5.6613
848216732766	1333.94	713.32	1286.32	739.91	5.8492	5.6634
848216741098	1332.97	725.18	1282.56	740.02	5.8214	5.6529
848216749432	1328.51	724.16	1259.67	744.71	5.8411	5.6665
848216757765	1327.45	705.77	1273.39	740.86	5.8298	5.6640
848216766098	1333.91	698.29	1281.62	738.85	5.8506	5.6663
848216774433	1321.61	706.38	1282.97	745.01	5.8332	5.6719
848216782766	1318.76	714.43	1278.94	734.49	5.8367	5.6694
848216791099	1325.45	717.28	1271.50	735.09	5.8322	5.6733
848216799437	1331.01	712.24	1280.89	727.81	5.8403	5.6690
848216807769	1327.81	717.97	1276.28	723.02	5.8259	5.6783
848216816101	1328.91	714.98	1268.81	729.03	5.8228	5.6864
848216824435	1332.55	702.76	1272.20	729.71	5.8381	5.6833
848216832768	1334.27	702.83	1278.25	726.27	5.8232	5.7001
848216841101	1327.71	701.18	1278.59	721.73	5.8237	5.6920
848216849434	1329.90	705.98	1270.93	724.54	5.8285	5.6887
848216857768	1333.46	699.12	1267.87	732.59	5.8357	5.6823
848216866101	1328.32	704.78	1272.51	731.32	5.8282	5.6866
848216874434	1329.85	706.59	1272.27	747.79	5.8211	5.6850
848216882768	1331.73	712.90	1266.20	741.97	5.8200	5.6913
848216891101	1326.07	713.30	1264.47	734.99	5.8234	5.6946
848216899434	1326.83	712.15	1273.63	731.02	5.8231	5.6946
848216907775	1326.24	706.14	1271.11	726.72	5.8231	5.6940
848216916109	1326.89	698.99	1278.15	731.54	5.8155	5.6811
848216924442	1330.25	690.90	1275.40	743.26	5.8374	5.6859
848216932773	1327.27	700.17	1278.59	704.62	5.8326	5.7350
848216941106	1330.21	699.87	1277.35	775.98	5.8490	5.5615
848216949440	1379.39	753.48	NaN	NaN	5.5714	NaN
848216957773	NaN	NaN	NaN	NaN	NaN	NaN
848216966106	NaN	NaN	NaN	NaN	NaN	NaN
848216974439	NaN	NaN	NaN	NaN	NaN	NaN
848216982772	NaN	NaN	NaN	NaN	NaN	NaN
848216991105	NaN	NaN	NaN	NaN	NaN	NaN
848216999439	NaN	NaN	NaN	NaN	NaN	NaN
848217007771	NaN	NaN	NaN	NaN	NaN	NaN
848217016105	NaN	NaN	NaN	NaN	NaN	NaN
848217024438	NaN	NaN	NaN	NaN	NaN	NaN
848217032771	NaN	NaN	NaN	NaN	NaN	NaN
848217041105	NaN	NaN	NaN	NaN	NaN	NaN
848217049438	NaN	NaN	NaN	NaN	NaN	NaN
848217057772	NaN	NaN	NaN	NaN	NaN	NaN
848217066108	NaN	NaN	NaN	NaN	NaN	NaN
848217074441	NaN	NaN	NaN	NaN	NaN	NaN
848217082783	1672.90	1144.17	NaN	NaN	3.7597	NaN
848217091116	1560.45	951.05	NaN	NaN	4.5564	NaN
848217099449	1413.14	830.71	NaN	NaN	5.1675	NaN
848217107774	1421.86	782.94	1268.43	966.02	5.2473	4.5277
848217116116	1393.38	733.62	NaN	NaN	5.4379	NaN
848217124441	1306.64	660.47	1250.62	776.60	5.8047	5.3547
848217132783	1294.37	630.00	1273.03	700.97	5.8274	5.6339
848217141117	1304.50	613.11	1273.81	763.63	5.8045	5.4884
848217149448	1322.76	667.18	1274.38	722.82	5.7260	5.5737
848217157782	1317.89	676.17	1270.69	699.32	5.7290	5.6149
848217166107	1317.63	669.06	1271.96	703.18	5.7114	5.6457
848217174448	1319.12	653.93	1272.59	681.60	5.7438	5.6644
848217182773	1310.77	669.17	1276.60	659.29	5.7225	5.7080
848217191122	1323.44	658.81	1261.82	697.82	5.7094	5.6546
848217199454	1325.20	661.83	1252.10	694.22	5.7351	5.6654
848217207788	1323.02	672.59	1252.50	669.82	5.7073	5.6799
848217216122	1313.10	662.38	1264.71	674.11	5.7124	5.6701
848217224455	1316.57	659.88	1263.01	683.26	5.7023	5.6727
848217232787	1317.75	670.85	1269.25	675.42	5.7034	5.6508
848217241121	1326.08	678.28	1252.88	706.28	5.6816	5.6229
848217249454	1320.55	682.96	1253.74	732.44	5.6746	5.6100
848217257787	1311.17	685.53	1277.28	722.92	5.6688	5.5874
848217266120	1307.70	682.20	1279.04	718.87	5.6665	5.5845
848217274454	1313.23	680.11	1266.54	719.20	5.6656	5.5948
848217282787	1319.16	678.53	1272.65	714.39	5.6695	5.5862
848217291120	1321.16	686.17	1263.82	715.13	5.6725	5.5855
848217299454	1324.63	691.30	1260.96	714.58	5.6675	5.5839
848217307787	1316.23	673.60	1264.38	719.77	5.6553	5.5756
848217316119	1320.22	670.38	1265.36	714.43	5.6698	5.5744
848217324458	1316.73	688.41	1276.34	708.90	5.6537	5.5952
848217332791	1318.40	688.81	1272.46	712.73	5.6580	5.5753
848217341124	1314.48	670.81	1268.26	721.67	5.6629	5.5923
848217349449	1324.54	675.45	1264.67	706.77	5.6508	5.5737
848217357791	1323.61	686.86	1262.98	724.00	5.6570	5.5898
848217366124	1328.08	689.80	1269.62	712.78	5.6552	5.5909
848217374457	1320.56	678.17	1260.37	708.15	5.6506	5.5842
848217382791	1311.16	667.03	1261.69	722.75	5.6665	5.5889
848217391116	1312.24	701.79	1279.25	721.54	5.6584	5.5875
848217399448	1319.68	724.27	1275.06	765.98	5.6706	5.5990
848217407782	1325.98	738.01	1260.71	768.26	5.6701	5.5864
848217416123	1328.50	747.31	1264.77	778.03	5.6686	5.5743
848217424448	1325.38	721.49	1259.30	769.40	5.6782	5.5842
848217432781	1319.35	724.01	1269.16	774.91	5.6718	5.5839
848217441115	1320.07	731.53	1267.06	764.78	5.6743	5.5858
848217449448	1327.75	737.58	1272.22	756.22	5.6772	5.5840
848217457785	1312.56	735.99	1271.54	767.37	5.6867	5.5726
848217466119	1324.55	736.00	1281.17	776.76	5.6699	5.5745
848217474452	1317.29	723.52	1265.45	734.32	5.6812	5.6482
848217482784	1323.94	720.75	1273.15	737.04	5.7107	5.6342
848217491118	1335.78	730.55	1283.98	880.21	5.7122	5.3340
848217499451	1413.44	878.53	NaN	NaN	5.0945	NaN
848217507784	NaN	NaN	NaN	NaN	NaN	NaN
848217516118	NaN	NaN	NaN	NaN	NaN	NaN
848217524452	NaN	NaN	NaN	NaN	NaN	NaN
848217532785	NaN	NaN	NaN	NaN	NaN	NaN
848217541119	NaN	NaN	NaN	NaN	NaN	NaN
848217549452	NaN	NaN	NaN	NaN	NaN	NaN
848217557785	NaN	NaN	NaN	NaN	NaN	NaN
848217566118	NaN	NaN	NaN	NaN	NaN	NaN
848217574451	NaN	NaN	NaN	NaN	NaN	NaN
848217582784	NaN	NaN	NaN	NaN	NaN	NaN
848217591122	NaN	NaN	NaN	NaN	NaN	NaN
848217599455	NaN	NaN	NaN	NaN	NaN	NaN
848217607788	NaN	NaN	NaN	NaN	NaN	NaN
848217616122	NaN	NaN	NaN	NaN	NaN	NaN
848217624455	NaN	NaN	NaN	NaN	NaN	NaN
848217632788	1584.61	1061.38	NaN	NaN	4.3253	NaN
848217641121	1464.25	916.30	1265.58	1146.84	4.9949	4.0727
848217649454	NaN	NaN	1208.30	1042.58	NaN	4.4633
848217657787	1341.26	817.65	1177.50	930.07	5.5270	4.9599
848217666120	1343.70	748.64	1220.72	856.71	5.6001	5.2164
848217674454	1335.32	683.80	1289.64	776.47	5.8387	5.5451
848217682786	1333.49	733.45	1286.61	749.32	5.6995	5.6497
848217691119	1328.15	694.94	1299.01	774.19	5.7853	5.5762
848217699453	1310.85	761.41	1290.31	784.94	5.6605	5.5673
848217707786	1313.47	738.92	1282.80	748.94	5.7251	5.6418
848217716127	1330.65	739.73	1286.66	746.20	5.7488	5.6796
848217724459	1320.79	747.79	1264.73	741.81	5.7218	5.6804
848217732791	1317.97	746.80	1265.07	752.36	5.7245	5.6828
848217741126	1324.83	751.99	1265.61	744.24	5.7340	5.6702
848217749458	1319.45	741.93	1282.06	752.74	5.7330	5.6574
848217757791	1320.73	744.45	1270.59	731.09	5.7396	5.7028
848217766125	1319.69	729.27	1279.35	760.98	5.7475	5.6722
848217774459	1317.27	737.00	1289.40	744.98	5.7384	5.6837
848217782792	1328.01	744.75	1279.59	757.43	5.7407	5.6556
848217791126	1331.53	736.67	1279.01	780.00	5.7346	5.6206
848217799458	1328.52	744.88	1274.16	788.30	5.7254	5.6173
848217807791	1325.97	747.56	1281.86	775.05	5.7263	5.6209
848217816125	1320.01	753.45	1287.39	779.11	5.7297	5.6200
848217824458	1318.34	744.94	1277.45	781.94	5.7359	5.6207
848217832791	1315.94	739.09	1280.73	791.80	5.7239	5.6173
848217841124	1314.23	753.55	1282.79	786.04	5.7284	5.6320
848217849461	1313.25	745.99	1285.43	774.12	5.7517	5.6366
848217857794	1316.17	748.85	1283.95	792.11	5.7428	5.6271
848217866127	1315.53	748.20	1277.69	790.48	5.7165	5.6222
848217874461	1308.76	755.91	1284.35	777.51	5.7251	5.6354
848217882795	1306.85	753.05	1276.98	771.49	5.7370	5.6339
848217891129	1308.33	758.84	1275.47	770.52	5.7257	5.6362
848217899461	1310.56	760.20	1275.21	780.85	5.7403	5.6321
848217907794	1312.81	750.05	1272.51	786.55	5.7495	5.6438
848217916128	1312.52	738.83	1277.82	785.25	5.7527	5.6441
848217924460	1314.75	750.87	1275.09	789.67	5.7286	5.6511
848217932794	1317.35	744.57	1273.81	775.03	5.7546	5.6570
848217941127	1319.29	757.40	1265.25	777.34	5.7444	5.6832
848217949460	1318.68	751.82	1277.08	766.41	5.7551	5.6519
848217957793	1320.80	762.21	1269.05	780.72	5.7459	5.6700
848217966127	1324.32	749.72	1267.23	791.49	5.7455	5.6607
848217974466	1323.66	745.58	1269.11	791.73	5.7553	5.6626
848217982798	1323.34	747.33	1273.60	774.15	5.7603	5.6525
848217991132	1324.46	749.28	1271.43	771.26	5.7678	5.6646
848217999465	1327.00	752.65	1270.82	768.74	5.7638	5.6762
848218007798	1325.29	754.94	1264.76	771.25	5.7720	5.6862
848218016131	1326.87	754.32	1268.50	769.18	5.7699	5.6715
848218024465	1324.68	750.16	1270.27	771.83	5.7527	5.6732
848218032798	1325.30	748.31	1266.54	777.22	5.7703	5.6880
848218041131	1321.66	749.68	1268.27	780.15	5.7604	5.6732
848218049465	1321.97	744.69	1274.56	782.41	5.7946	5.6771
848218057798	1320.65	751.03	1282.19	786.63	5.7761	5.6824
848218066130	1322.70	758.76	1277.50	785.18	5.7800	5.6841
848218074464	1321.29	752.93	1273.67	781.23	5.7764	5.6861
848218082797	1318.51	754.88	1271.34	777.24	5.7827	5.6873
848218091130	1320.62	752.29	1276.90	782.62	5.7896	5.6935
848218099463	1323.70	751.33	1277.54	781.40	5.7837	5.6936
848218107805	1324.24	748.30	1272.06	779.21	5.7908	5.6999
848218116138	1318.02	753.99	1281.89	780.17	5.7885	5.6963
848218124471	1317.17	748.35	1282.72	776.04	5.7827	5.6944
848218132805	1320.00	753.54	1278.79	781.77	5.7855	5.6925
848218141138	1317.84	747.61	1280.74	780.57	5.7931	5.7022
848218149470	1320.16	755.65	1260.86	791.05	5.7969	5.7089
848218157804	1314.02	755.53	1262.80	794.97	5.8043	5.7168
848218166137	1319.03	751.21	1264.62	800.86	5.7780	5.7141
848218174470	1320.30	753.38	1267.37	787.18	5.7892	5.7072
848218182804	1316.94	749.01	1269.16	774.81	5.7906	5.7064
848218191137	1315.38	755.01	1273.06	767.88	5.7883	5.7192
848218199470	1321.65	753.44	1270.76	764.08	5.7971	5.7266
848218207804	1315.63	753.82	1271.71	763.23	5.7992	5.7282
848218216137	1315.87	750.80	1271.28	769.87	5.8055	5.7118
848218224471	1317.49	756.57	1275.57	766.24	5.7991	5.7164
848218232803	1313.70	751.43	1258.75	770.01	5.7836	5.7453
848218241138	1309.89	753.52	1261.74	769.42	5.8071	5.7308
848218249472	1316.36	753.67	1255.64	780.97	5.7838	5.7350
848218257805	1326.69	757.24	1262.23	791.40	5.8041	5.7186
848218266138	1319.25	758.76	1270.52	792.40	5.8060	5.7221
848218274471	1311.73	752.35	1271.80	783.43	5.8022	5.7385
848218282805	1319.24	750.27	1267.28	775.04	5.8035	5.7330
848218291138	1319.20	746.38	1274.12	771.63	5.8074	5.7223
848218299472	1316.44	750.91	1268.87	778.96	5.8007	5.7353
848218307805	1322.78	760.77	1269.74	782.87	5.7896	5.7322
848218316137	1314.61	753.55	1261.31	781.68	5.8021	5.7263
848218324471	1320.46	751.03	1266.30	794.29	5.7987	5.7495
848218332804	1310.36	751.40	1269.85	785.07	5.7920	5.7427
848218341137	1319.49	749.26	1266.31	776.42	5.8019	5.7329
848218349470	1312.15	740.27	1257.82	775.67	5.8016	5.7507
848218357804	1315.31	747.25	1252.45	773.98	5.8018	5.7485
848218366137	1313.92	756.73	1258.30	770.03	5.7827	5.7504
848218374475	1317.70	754.42	1260.15	761.71	5.7927	5.7431
848218382809	1307.36	755.46	1268.55	771.95	5.7952	5.7414
848218391142	1313.02	754.37	1247.67	783.05	5.8034	5.7379
848218399474	1308.74	753.59	1269.20	784.29	5.8177	5.7312
848218407807	1307.72	749.71	1260.08	760.77	5.7875	5.7439
848218416141	1316.01	749.72	1262.87	771.88	5.7989	5.7471
848218424474	1313.86	742.19	1259.11	790.32	5.8070	5.7401
848218432807	1318.92	744.96	1262.43	780.92	5.8088	5.7516
848218441141	1313.44	742.15	1261.03	767.73	5.8096	5.7471
848218449474	1310.86	745.05	1264.37	763.00	5.7965	5.7450
848218457807	1306.57	749.69	1249.79	761.98	5.7933	5.7501
848218466141	1310.58	752.00	1260.97	765.86	5.7885	5.7556
848218474474	1315.42	750.25	1268.25	765.08	5.7903	5.7538
848218482807	1312.71	756.48	1251.58	774.18	5.7875	5.7465
848218491140	1310.53	754.24	1261.18	781.16	5.8010	5.7411
848218499473	1310.79	753.03	1259.58	753.51	5.7868	5.7497
848218507810	1309.41	746.61	1263.58	763.47	5.8020	5.7521
848218516144	1310.34	740.36	1260.62	776.69	5.8024	5.7423
848218524477	1312.15	749.09	1254.43	751.16	5.7984	5.7436
848218532809	1311.29	749.35	1255.97	781.03	5.8054	5.7431
848218541143	1310.49	751.48	1260.39	752.89	5.7946	5.7629
848218549477	1311.88	747.58	1260.62	784.80	5.8080	5.7426
848218557810	1315.08	753.83	1265.30	752.23	5.7903	5.7641
848218566151	1315.31	751.42	1255.25	780.29	5.8017	5.7406
848218574483	1312.98	747.13	1257.65	762.67	5.7982	5.7571
848218582817	1312.93	749.24	1259.93	754.45	5.7944	5.7478
848218591150	1306.86	747.70	1255.26	783.52	5.8056	5.7540
848218599484	1307.78	749.53	1254.41	760.81	5.7796	5.7582
848218607817	1312.92	747.78	1252.13	754.66	5.7854	5.7359
848218616150	1306.75	747.55	1257.08	781.03	5.7951	5.7523
848218624483	1309.99	750.06	1250.40	751.50	5.7982	5.7573
848218632820	1312.99	744.53	1249.06	774.80	5.7860	5.7565
848218641154	1306.01	744.64	1258.87	756.94	5.7846	5.7491
848218649485	1312.98	745.68	1255.71	747.62	5.7904	5.7649
848218657819	1306.66	749.78	1262.79	763.12	5.7859	5.7391
848218666152	1311.13	750.25	1254.84	774.41	5.7928	5.7495
848218674484	1309.81	737.93	1267.82	766.38	5.7863	5.7464
848218682817	1310.97	750.90	1248.78	764.68	5.7696	5.7592
848218691150	1308.64	736.95	1258.43	757.09	5.7937	5.7809
848218699483	1309.77	744.15	1261.38	747.85	5.7738	5.7475
848218707817	1320.48	748.56	1245.95	745.22	5.7839	5.7629
848218716150	1312.86	742.36	1256.53	747.78	5.7841	5.7644
848218724484	1305.99	741.21	1254.15	771.76	5.7932	5.7563
848218732816	1310.00	742.48	1251.76	762.79	5.7951	5.7740
848218741149	1309.74	741.67	1244.24	751.56	5.7861	5.7706
848218749482	1313.54	738.11	1255.98	746.18	5.7924	5.7677
848218757816	1311.46	740.17	1258.40	745.02	5.7889	5.7742
848218766155	1318.80	742.94	1256.54	756.79	5.7935	5.7603
848218774487	1312.41	742.25	1258.85	760.97	5.7778	5.7663
848218782821	1312.84	740.60	1258.23	753.38	5.8114	5.7694
848218791152	1311.10	737.66	1250.17	748.04	5.7860	5.7755
848218799486	1316.42	743.46	1249.60	740.53	5.7853	5.7828
848218807819	1312.74	739.45	1239.54	747.10	5.8057	5.7857
848218816151	1315.70	739.97	1252.75	764.26	5.7984	5.7918
848218824484	1314.55	740.83	1257.47	762.80	5.7819	5.7845
848218832818	1313.55	741.53	1247.92	748.74	5.8025	5.8030
848218841152	1311.88	734.98	1244.81	748.67	5.7999	5.7885
848218849485	1310.86	741.61	1255.48	760.42	5.7885	5.7814
848218857818	1313.67	743.34	1252.83	760.21	5.8017	5.7871
848218866151	1320.99	740.62	1249.16	743.65	5.8052	5.8045
848218874484	1309.63	738.61	1255.63	747.72	5.8018	5.8146
848218882818	1313.15	743.69	1252.30	744.99	5.8071	5.7888
848218891151	1313.68	744.98	1259.53	757.91	5.8057	5.8085
848218899489	1316.87	739.01	1247.81	760.16	5.7955	5.8040
848218907823	1316.07	739.95	1254.02	757.86	5.8147	5.8019
848218916156	1313.61	737.41	1246.13	745.57	5.8120	5.7890
848218924490	1317.23	741.20	1235.51	745.27	5.8241	5.8119
848218932821	1315.28	739.64	1249.31	759.18	5.8230	5.8293
848218941154	1313.62	737.39	1240.10	754.13	5.8109	5.8115
848218949487	1319.70	746.14	1250.61	740.31	5.8100	5.8115
848218957821	1314.81	746.05	1256.19	754.15	5.8155	5.8252
848218966154	1315.47	743.37	1242.20	764.73	5.8267	5.8205
848218974488	1316.03	741.63	1238.32	757.49	5.8428	5.8246
848218982820	1310.88	742.89	1299.95	745.32	5.8301	5.7087
848218991153	1324.24	741.95	1269.36	762.48	5.8347	5.6803
848218999486	1311.42	744.18	1243.85	763.26	5.8448	5.8271
848219007820	1315.77	742.36	1245.57	745.01	5.8483	5.8201
848219016153	1316.40	746.15	1234.92	753.24	5.8439	5.8092
848219024486	1326.28	730.24	1238.77	751.44	5.8344	5.8193
848219032824	1314.82	751.11	1249.02	750.00	5.8258	5.8217
848219041157	1320.22	735.16	1233.16	755.12	5.8286	5.8104
848219049491	1319.85	739.56	1286.87	776.94	5.8516	5.6885
848219057824	1317.03	752.76	1234.12	758.12	5.8435	5.7861
848219066156	1317.15	740.58	1225.48	756.81	5.8527	5.7757
848219074488	1341.62	748.73	1251.98	766.34	5.7059	5.7558
848219082823	1330.66	740.16	1244.84	864.27	5.8243	5.9283
848219091155	1324.52	747.38	1300.84	750.21	5.8254	5.6744
848219099489	1336.00	734.01	1254.86	760.80	5.8239	5.7039
848219107822	NaN	NaN	NaN	NaN	NaN	NaN
848219116155	NaN	NaN	1243.71	750.99	NaN	5.7391
848219124488	1315.88	748.06	NaN	NaN	5.8442	NaN
848219132822	1318.31	747.35	1228.86	768.38	5.8512	5.7721
848219141155	1320.10	724.41	NaN	NaN	5.8677	NaN
848219149487	1341.69	720.71	NaN	NaN	5.8024	NaN
848219157823	1453.10	794.87	1291.21	660.37	5.4350	5.9901
848219166157	NaN	NaN	NaN	NaN	NaN	NaN
848219174491	NaN	NaN	NaN	NaN	NaN	NaN
848219182824	NaN	NaN	NaN	NaN	NaN	NaN
848219191157	NaN	NaN	NaN	NaN	NaN	NaN
848219199491	NaN	NaN	NaN	NaN	NaN	NaN
848219207824	NaN	NaN	NaN	NaN	NaN	NaN
848219216157	NaN	NaN	NaN	NaN	NaN	NaN
848219224491	NaN	NaN	NaN	NaN	NaN	NaN
848219232822	NaN	NaN	NaN	NaN	NaN	NaN
848219241156	NaN	NaN	NaN	NaN	NaN	NaN
848219249489	NaN	NaN	NaN	NaN	NaN	NaN
848219257823	NaN	NaN	NaN	NaN	NaN	NaN
848219266156	NaN	NaN	NaN	NaN	NaN	NaN
848219274489	NaN	NaN	NaN	NaN	NaN	NaN
848219282823	NaN	NaN	NaN	NaN	NaN	NaN
848219291163	NaN	NaN	NaN	NaN	NaN	NaN
848219299496	NaN	NaN	NaN	NaN	NaN	NaN
848219307830	NaN	NaN	NaN	NaN	NaN	NaN
848219316162	NaN	NaN	NaN	NaN	NaN	NaN
848219324495	NaN	NaN	NaN	NaN	NaN	NaN
848219332828	NaN	NaN	NaN	NaN	NaN	NaN
848219341162	NaN	NaN	NaN	NaN	NaN	NaN
848219349495	NaN	NaN	NaN	NaN	NaN	NaN
848219357829	NaN	NaN	NaN	NaN	NaN	NaN
848219366162	NaN	NaN	NaN	NaN	NaN	NaN
848219374495	NaN	NaN	NaN	NaN	NaN	NaN
848219382828	NaN	NaN	NaN	NaN	NaN	NaN
848219391162	NaN	NaN	NaN	NaN	NaN	NaN
848219399494	NaN	NaN	NaN	NaN	NaN	NaN
848219407827	NaN	NaN	NaN	NaN	NaN	NaN
848219416161	NaN	NaN	NaN	NaN	NaN	NaN
848219424499	NaN	NaN	NaN	NaN	NaN	NaN
848219432833	NaN	NaN	NaN	NaN	NaN	NaN
848219441166	NaN	NaN	NaN	NaN	NaN	NaN
848219449499	NaN	NaN	NaN	NaN	NaN	NaN
848219457833	NaN	NaN	NaN	NaN	NaN	NaN
848219466166	NaN	NaN	NaN	NaN	NaN	NaN
848219474499	NaN	NaN	NaN	NaN	NaN	NaN
848219482831	NaN	NaN	NaN	NaN	NaN	NaN
848219491165	NaN	NaN	NaN	NaN	NaN	NaN
848219499498	NaN	NaN	NaN	NaN	NaN	NaN
848219507832	NaN	NaN	NaN	NaN	NaN	NaN
848219516165	NaN	NaN	NaN	NaN	NaN	NaN
848219524498	NaN	NaN	NaN	NaN	NaN	NaN
848219532832	NaN	NaN	NaN	NaN	NaN	NaN
848219541165	NaN	NaN	NaN	NaN	NaN	NaN
848219549502	NaN	NaN	NaN	NaN	NaN	NaN
848219557835	NaN	NaN	NaN	NaN	NaN	NaN
848219566168	NaN	NaN	NaN	NaN	NaN	NaN
848219574501	NaN	NaN	NaN	NaN	NaN	NaN
848219582834	NaN	NaN	NaN	NaN	NaN	NaN
848219591168	NaN	NaN	NaN	NaN	NaN	NaN
848219599501	NaN	NaN	NaN	NaN	NaN	NaN
848219607835	NaN	NaN	NaN	NaN	NaN	NaN
848219616168	NaN	NaN	NaN	NaN	NaN	NaN
848219624501	NaN	NaN	NaN	NaN	NaN	NaN
848219632834	NaN	NaN	NaN	NaN	NaN	NaN
848219641167	NaN	NaN	NaN	NaN	NaN	NaN
848219649500	NaN	NaN	NaN	NaN	NaN	NaN
848219657833	NaN	NaN	NaN	NaN	NaN	NaN
848219666167	NaN	NaN	NaN	NaN	NaN	NaN
848219674500	NaN	NaN	NaN	NaN	NaN	NaN
848219682789	NaN	NaN	NaN	NaN	NaN	NaN
848219691078	NaN	NaN	NaN	NaN	NaN	NaN
848219699368	NaN	NaN	NaN	NaN	NaN	NaN
848219707701	NaN	NaN	NaN	NaN	NaN	NaN
848219716035	NaN	NaN	NaN	NaN	NaN	NaN
848219724368	NaN	NaN	NaN	NaN	NaN	NaN
848219732701	NaN	NaN	NaN	NaN	NaN	NaN
848219741034	NaN	NaN	NaN	NaN	NaN	NaN
848219749367	NaN	NaN	NaN	NaN	NaN	NaN
848219757701	NaN	NaN	NaN	NaN	NaN	NaN
848219766079	NaN	NaN	NaN	NaN	NaN	NaN
848219774457	NaN	NaN	NaN	NaN	NaN	NaN
848219782837	NaN	NaN	NaN	NaN	NaN	NaN
848219791171	NaN	NaN	NaN	NaN	NaN	NaN
848219799504	NaN	NaN	NaN	NaN	NaN	NaN
848219807838	NaN	NaN	NaN	NaN	NaN	NaN
848219816175	NaN	NaN	NaN	NaN	NaN	NaN
848219824508	NaN	NaN	NaN	NaN	NaN	NaN
848219832842	NaN	NaN	NaN	NaN	NaN	NaN
848219841175	NaN	NaN	NaN	NaN	NaN	NaN
848219849508	NaN	NaN	NaN	NaN	NaN	NaN
848219857842	NaN	NaN	NaN	NaN	NaN	NaN
848219866175	NaN	NaN	NaN	NaN	NaN	NaN
848219874508	NaN	NaN	NaN	NaN	NaN	NaN
848219882841	NaN	NaN	NaN	NaN	NaN	NaN
848219891175	NaN	NaN	NaN	NaN	NaN	NaN
848219899507	NaN	NaN	NaN	NaN	NaN	NaN
848219907840	NaN	NaN	NaN	NaN	NaN	NaN
848219916174	NaN	NaN	NaN	NaN	NaN	NaN
848219924507	NaN	NaN	NaN	NaN	NaN	NaN
848219932841	NaN	NaN	NaN	NaN	NaN	NaN
848219941174	NaN	NaN	NaN	NaN	NaN	NaN
848219949513	NaN	NaN	NaN	NaN	NaN	NaN
848219957846	NaN	NaN	NaN	NaN	NaN	NaN
848219966180	NaN	NaN	NaN	NaN	NaN	NaN
848219974513	NaN	NaN	NaN	NaN	NaN	NaN
848219982845	NaN	NaN	NaN	NaN	NaN	NaN
848219991179	NaN	NaN	NaN	NaN	NaN	NaN
848219999512	NaN	NaN	NaN	NaN	NaN	NaN
848220007845	NaN	NaN	NaN	NaN	NaN	NaN
848220016178	NaN	NaN	NaN	NaN	NaN	NaN
848220024512	NaN	NaN	NaN	NaN	NaN	NaN
848220032845	NaN	NaN	NaN	NaN	NaN	NaN
848220041178	NaN	NaN	NaN	NaN	NaN	NaN
848220049512	NaN	NaN	NaN	NaN	NaN	NaN
848220057845	NaN	NaN	NaN	NaN	NaN	NaN
848220066177	NaN	NaN	NaN	NaN	NaN	NaN
848220074513	NaN	NaN	NaN	NaN	NaN	NaN
848220082847	NaN	NaN	NaN	NaN	NaN	NaN
848220091180	NaN	NaN	NaN	NaN	NaN	NaN
848220099514	NaN	NaN	NaN	NaN	NaN	NaN
848220107847	NaN	NaN	NaN	NaN	NaN	NaN
848220116181	NaN	NaN	NaN	NaN	NaN	NaN
848220124514	NaN	NaN	NaN	NaN	NaN	NaN
848220132847	NaN	NaN	NaN	NaN	NaN	NaN
848220141181	NaN	NaN	NaN	NaN	NaN	NaN
848220149512	NaN	NaN	NaN	NaN	NaN	NaN
848220157846	NaN	NaN	NaN	NaN	NaN	NaN
848220166179	NaN	NaN	NaN	NaN	NaN	NaN
848220174512	NaN	NaN	NaN	NaN	NaN	NaN
848220182846	NaN	NaN	NaN	NaN	NaN	NaN
848220191180	NaN	NaN	NaN	NaN	NaN	NaN
848220199513	NaN	NaN	NaN	NaN	NaN	NaN
848220207852	NaN	NaN	NaN	NaN	NaN	NaN
848220216186	NaN	NaN	NaN	NaN	NaN	NaN
848220224519	NaN	NaN	NaN	NaN	NaN	NaN
848220232851	NaN	NaN	NaN	NaN	NaN	NaN
848220241185	NaN	NaN	NaN	NaN	NaN	NaN
848220249517	NaN	NaN	NaN	NaN	NaN	NaN
848220257850	NaN	NaN	NaN	NaN	NaN	NaN
848220266115	NaN	NaN	NaN	NaN	NaN	NaN
848220274381	NaN	NaN	NaN	NaN	NaN	NaN
848220282714	NaN	NaN	NaN	NaN	NaN	NaN
848220291048	NaN	NaN	NaN	NaN	NaN	NaN
848220299381	NaN	NaN	NaN	NaN	NaN	NaN
848220307713	NaN	NaN	NaN	NaN	NaN	NaN
848220316046	NaN	NaN	NaN	NaN	NaN	NaN
848220324380	NaN	NaN	NaN	NaN	NaN	NaN
848220332715	NaN	NaN	NaN	NaN	NaN	NaN
848220341051	NaN	NaN	NaN	NaN	NaN	NaN
848220349384	NaN	NaN	NaN	NaN	NaN	NaN
848220357717	NaN	NaN	NaN	NaN	NaN	NaN
848220366050	NaN	NaN	NaN	NaN	NaN	NaN
848220374384	NaN	NaN	NaN	NaN	NaN	NaN
848220382717	NaN	NaN	NaN	NaN	NaN	NaN
848220391050	NaN	NaN	NaN	NaN	NaN	NaN
848220399383	NaN	NaN	NaN	NaN	NaN	NaN
848220407716	NaN	NaN	NaN	NaN	NaN	NaN
848220416049	NaN	NaN	NaN	NaN	NaN	NaN
848220424383	NaN	NaN	NaN	NaN	NaN	NaN
848220432716	NaN	NaN	NaN	NaN	NaN	NaN
848220441050	NaN	NaN	NaN	NaN	NaN	NaN
848220449383	NaN	NaN	NaN	NaN	NaN	NaN
848220457716	NaN	NaN	NaN	NaN	NaN	NaN
848220466052	NaN	NaN	NaN	NaN	NaN	NaN
848220474387	NaN	NaN	NaN	NaN	NaN	NaN
848220482721	NaN	NaN	NaN	NaN	NaN	NaN
848220491055	NaN	NaN	NaN	NaN	NaN	NaN
848220499388	NaN	NaN	NaN	NaN	NaN	NaN
848220507721	NaN	NaN	NaN	NaN	NaN	NaN
848220516053	NaN	NaN	NaN	NaN	NaN	NaN
848220524387	NaN	NaN	NaN	NaN	NaN	NaN
848220532720	NaN	NaN	NaN	NaN	NaN	NaN
848220541054	NaN	NaN	NaN	NaN	NaN	NaN
848220549387	NaN	NaN	NaN	NaN	NaN	NaN
848220557720	NaN	NaN	NaN	NaN	NaN	NaN
848220566053	NaN	NaN	NaN	NaN	NaN	NaN
848220574387	NaN	NaN	NaN	NaN	NaN	NaN
848220582722	NaN	NaN	NaN	NaN	NaN	NaN
848220591058	NaN	NaN	NaN	NaN	NaN	NaN
848220599390	NaN	NaN	NaN	NaN	NaN	NaN
848220607723	NaN	NaN	NaN	NaN	NaN	NaN
848220616056	NaN	NaN	NaN	NaN	NaN	NaN
848220624390	NaN	NaN	NaN	NaN	NaN	NaN
848220632723	NaN	NaN	NaN	NaN	NaN	NaN
848220641057	NaN	NaN	NaN	NaN	NaN	NaN
848220649390	NaN	NaN	NaN	NaN	NaN	NaN
848220657723	NaN	NaN	NaN	NaN	NaN	NaN
848220666056	NaN	NaN	NaN	NaN	NaN	NaN
848220674390	NaN	NaN	NaN	NaN	NaN	NaN
848220682722	NaN	NaN	NaN	NaN	NaN	NaN
848220691055	NaN	NaN	NaN	NaN	NaN	NaN
848220699388	NaN	NaN	NaN	NaN	NaN	NaN
848220707721	NaN	NaN	NaN	NaN	NaN	NaN
848220716055	NaN	NaN	NaN	NaN	NaN	NaN
848220724388	NaN	NaN	NaN	NaN	NaN	NaN
848220732722	NaN	NaN	NaN	NaN	NaN	NaN
848220741102	NaN	NaN	NaN	NaN	NaN	NaN
848220749482	NaN	NaN	NaN	NaN	NaN	NaN
848220757863	NaN	NaN	NaN	NaN	NaN	NaN
848220766196	NaN	NaN	NaN	NaN	NaN	NaN
848220774529	NaN	NaN	NaN	NaN	NaN	NaN
848220782862	NaN	NaN	NaN	NaN	NaN	NaN
848220791196	NaN	NaN	NaN	NaN	NaN	NaN
848220799529	NaN	NaN	NaN	NaN	NaN	NaN
848220807862	NaN	NaN	NaN	NaN	NaN	NaN
848220816196	NaN	NaN	NaN	NaN	NaN	NaN
848220824529	NaN	NaN	NaN	NaN	NaN	NaN
848220832862	NaN	NaN	NaN	NaN	NaN	NaN
848220841196	NaN	NaN	NaN	NaN	NaN	NaN
848220849528	NaN	NaN	NaN	NaN	NaN	NaN
848220857861	NaN	NaN	NaN	NaN	NaN	NaN
848220866200	NaN	NaN	NaN	NaN	NaN	NaN
848220874533	NaN	NaN	NaN	NaN	NaN	NaN
848220882866	NaN	NaN	NaN	NaN	NaN	NaN
848220891200	NaN	NaN	NaN	NaN	NaN	NaN
848220899533	NaN	NaN	NaN	NaN	NaN	NaN
848220907866	NaN	NaN	NaN	NaN	NaN	NaN
848220916200	NaN	NaN	NaN	NaN	NaN	NaN
848220924533	NaN	NaN	NaN	NaN	NaN	NaN
848220932866	NaN	NaN	NaN	NaN	NaN	NaN
848220941199	NaN	NaN	NaN	NaN	NaN	NaN
848220949532	NaN	NaN	NaN	NaN	NaN	NaN
848220957865	NaN	NaN	NaN	NaN	NaN	NaN
848220966199	NaN	NaN	NaN	NaN	NaN	NaN
848220974532	NaN	NaN	NaN	NaN	NaN	NaN
848220982865	NaN	NaN	NaN	NaN	NaN	NaN
848220991203	NaN	NaN	NaN	NaN	NaN	NaN
848220999536	NaN	NaN	NaN	NaN	NaN	NaN
848221007869	NaN	NaN	NaN	NaN	NaN	NaN
848221016203	NaN	NaN	NaN	NaN	NaN	NaN
848221024535	NaN	NaN	NaN	NaN	NaN	NaN
848221032868	NaN	NaN	NaN	NaN	NaN	NaN
848221041202	NaN	NaN	NaN	NaN	NaN	NaN
848221049535	NaN	NaN	NaN	NaN	NaN	NaN
848221057868	NaN	NaN	NaN	NaN	NaN	NaN
848221066202	NaN	NaN	NaN	NaN	NaN	NaN
848221074535	NaN	NaN	NaN	NaN	NaN	NaN
848221082868	NaN	NaN	NaN	NaN	NaN	NaN
848221091201	NaN	NaN	NaN	NaN	NaN	NaN
848221099535	NaN	NaN	NaN	NaN	NaN	NaN
848221107867	NaN	NaN	NaN	NaN	NaN	NaN
848221116200	NaN	NaN	NaN	NaN	NaN	NaN
848221124539	NaN	NaN	NaN	NaN	NaN	NaN
848221132872	NaN	NaN	NaN	NaN	NaN	NaN
848221141206	NaN	NaN	NaN	NaN	NaN	NaN
848221149539	NaN	NaN	NaN	NaN	NaN	NaN
848221157872	NaN	NaN	NaN	NaN	NaN	NaN
848221166206	NaN	NaN	NaN	NaN	NaN	NaN
848221174539	NaN	NaN	NaN	NaN	NaN	NaN
848221182872	NaN	NaN	NaN	NaN	NaN	NaN
848221191205	NaN	NaN	NaN	NaN	NaN	NaN
848221199538	NaN	NaN	NaN	NaN	NaN	NaN
848221207871	NaN	NaN	NaN	NaN	NaN	NaN
848221216205	NaN	NaN	NaN	NaN	NaN	NaN
848221224538	NaN	NaN	NaN	NaN	NaN	NaN
848221232827	NaN	NaN	NaN	NaN	NaN	NaN
848221241116	NaN	NaN	NaN	NaN	NaN	NaN
848221249405	NaN	NaN	NaN	NaN	NaN	NaN
848221257738	NaN	NaN	NaN	NaN	NaN	NaN
848221266072	NaN	NaN	NaN	NaN	NaN	NaN
848221274404	NaN	NaN	NaN	NaN	NaN	NaN
848221282738	NaN	NaN	NaN	NaN	NaN	NaN
848221291071	NaN	NaN	NaN	NaN	NaN	NaN
848221299404	NaN	NaN	NaN	NaN	NaN	NaN
848221307738	NaN	NaN	NaN	NaN	NaN	NaN
848221316071	NaN	NaN	NaN	NaN	NaN	NaN
848221324438	NaN	NaN	NaN	NaN	NaN	NaN
848221332805	NaN	NaN	NaN	NaN	NaN	NaN
848221341172	NaN	NaN	NaN	NaN	NaN	NaN
848221349541	1373.56	788.53	NaN	NaN	5.5556	NaN
848221357874	1516.66	867.41	NaN	NaN	5.6602	NaN
848221366207	1641.93	995.43	NaN	NaN	5.6716	NaN
848221374541	1746.64	1084.71	NaN	NaN	5.6578	NaN
848221382874	1863.37	1182.49	NaN	NaN	5.6462	NaN
848221391213	1998.51	1258.55	NaN	NaN	5.6478	NaN
848221399547	2095.23	1333.65	NaN	NaN	5.6448	NaN
848221407880	2163.42	1366.79	NaN	NaN	5.6431	NaN
848221416213	2238.66	1389.03	NaN	NaN	5.6354	NaN
848221424547	2191.92	1386.20	NaN	NaN	5.6922	NaN
848221432880	2191.67	1381.36	NaN	NaN	5.7226	NaN
848221441213	2197.35	1379.59	NaN	NaN	5.6919	NaN
848221449547	2199.33	1380.60	NaN	NaN	5.6887	NaN
848221457880	2211.76	1370.25	NaN	NaN	5.6658	NaN
848221466213	2220.76	1370.22	NaN	NaN	5.6372	NaN
848221474546	2193.40	1368.38	NaN	NaN	5.6880	NaN
848221482879	2203.96	1379.48	NaN	NaN	5.6674	NaN
848221491212	2221.58	1374.11	NaN	NaN	5.6726	NaN
848221499546	2213.69	1386.64	NaN	NaN	5.6678	NaN
848221507879	2205.15	1385.78	NaN	NaN	5.6787	NaN
848221516214	2217.03	1371.74	NaN	NaN	5.6846	NaN
848221524548	2225.32	1373.47	NaN	NaN	5.6789	NaN
848221532881	2204.15	1363.46	NaN	NaN	5.6928	NaN
848221541214	2230.62	1365.42	NaN	NaN	5.7005	NaN
848221549548	2210.54	1362.68	NaN	NaN	5.6994	NaN
848221557880	2213.91	1354.65	NaN	NaN	5.7147	NaN
848221566213	2213.04	1343.09	NaN	NaN	5.7348	NaN
848221574547	2220.53	1336.21	NaN	NaN	5.7066	NaN
848221582880	NaN	NaN	NaN	NaN	NaN	NaN
848221591213	2248.20	1443.76	NaN	NaN	5.6106	NaN
848221599547	2499.82	1412.84	NaN	NaN	5.5214	NaN
848221607880	NaN	NaN	NaN	NaN	NaN	NaN
848221616213	NaN	NaN	NaN	NaN	NaN	NaN
848221624547	NaN	NaN	NaN	NaN	NaN	NaN
848221632880	NaN	NaN	NaN	NaN	NaN	NaN
848221641212	NaN	NaN	NaN	NaN	NaN	NaN
848221649553	NaN	NaN	NaN	NaN	NaN	NaN
848221657886	NaN	NaN	NaN	NaN	NaN	NaN
848221666219	NaN	NaN	NaN	NaN	NaN	NaN
848221674553	NaN	NaN	NaN	NaN	NaN	NaN
848221682886	NaN	NaN	NaN	NaN	NaN	NaN
848221691219	NaN	NaN	NaN	NaN	NaN	NaN
848221699553	NaN	NaN	NaN	NaN	NaN	NaN
848221707886	NaN	NaN	NaN	NaN	NaN	NaN
848221716219	NaN	NaN	NaN	NaN	NaN	NaN
848221724552	NaN	NaN	NaN	NaN	NaN	NaN
848221732885	NaN	NaN	NaN	NaN	NaN	NaN
848221741218	NaN	NaN	NaN	NaN	NaN	NaN
848221749552	NaN	NaN	NaN	NaN	NaN	NaN
848221757885	NaN	NaN	NaN	NaN	NaN	NaN
848221766218	NaN	NaN	NaN	NaN	NaN	NaN
848221774551	NaN	NaN	NaN	NaN	NaN	NaN
848221782889	NaN	NaN	NaN	NaN	NaN	NaN
848221791222	NaN	NaN	NaN	NaN	NaN	NaN
848221799555	NaN	NaN	NaN	NaN	NaN	NaN
848221807887	NaN	NaN	NaN	NaN	NaN	NaN
848221816221	NaN	NaN	NaN	NaN	NaN	NaN
848221824554	NaN	NaN	NaN	NaN	NaN	NaN
848221832887	NaN	NaN	NaN	NaN	NaN	NaN
848221841221	NaN	NaN	NaN	NaN	NaN	NaN
848221849554	NaN	NaN	NaN	NaN	NaN	NaN
848221857887	NaN	NaN	NaN	NaN	NaN	NaN
848221866221	NaN	NaN	NaN	NaN	NaN	NaN
848221874554	NaN	NaN	NaN	NaN	NaN	NaN
848221882887	NaN	NaN	NaN	NaN	NaN	NaN
848221891220	NaN	NaN	NaN	NaN	NaN	NaN
848221899553	NaN	NaN	NaN	NaN	NaN	NaN
848221907887	NaN	NaN	NaN	NaN	NaN	NaN
848221916225	NaN	NaN	NaN	NaN	NaN	NaN
848221924558	NaN	NaN	NaN	NaN	NaN	NaN
848221932891	NaN	NaN	NaN	NaN	NaN	NaN
848221941225	NaN	NaN	NaN	NaN	NaN	NaN
848221949558	NaN	NaN	NaN	NaN	NaN	NaN
848221957891	NaN	NaN	NaN	NaN	NaN	NaN
848221966225	NaN	NaN	NaN	NaN	NaN	NaN
848221974557	NaN	NaN	NaN	NaN	NaN	NaN
848221982891	NaN	NaN	NaN	NaN	NaN	NaN
848221991224	NaN	NaN	NaN	NaN	NaN	NaN
848221999557	NaN	NaN	NaN	NaN	NaN	NaN
848222007891	NaN	NaN	NaN	NaN	NaN	NaN
848222016224	NaN	NaN	NaN	NaN	NaN	NaN
848222024557	NaN	NaN	NaN	NaN	NaN	NaN
848222032890	NaN	NaN	NaN	NaN	NaN	NaN
848222041228	NaN	NaN	NaN	NaN	NaN	NaN
848222049562	NaN	NaN	NaN	NaN	NaN	NaN
848222057895	NaN	NaN	NaN	NaN	NaN	NaN
848222066227	NaN	NaN	NaN	NaN	NaN	NaN
848222074561	NaN	NaN	NaN	NaN	NaN	NaN
848222082894	NaN	NaN	NaN	NaN	NaN	NaN
848222091227	NaN	NaN	NaN	NaN	NaN	NaN
848222099561	NaN	NaN	NaN	NaN	NaN	NaN
848222107895	NaN	NaN	NaN	NaN	NaN	NaN
848222116228	NaN	NaN	NaN	NaN	NaN	NaN
848222124561	NaN	NaN	NaN	NaN	NaN	NaN
848222132849	NaN	NaN	NaN	NaN	NaN	NaN
848222141136	NaN	NaN	NaN	NaN	NaN	NaN
848222149425	NaN	NaN	NaN	NaN	NaN	NaN
848222157759	NaN	NaN	NaN	NaN	NaN	NaN
848222166093	NaN	NaN	NaN	NaN	NaN	NaN
848222174426	NaN	NaN	NaN	NaN	NaN	NaN
848222182760	NaN	NaN	NaN	NaN	NaN	NaN
848222191092	NaN	NaN	NaN	NaN	NaN	NaN
848222199426	NaN	NaN	NaN	NaN	NaN	NaN
848222207759	NaN	NaN	NaN	NaN	NaN	NaN
848222216093	NaN	NaN	NaN	NaN	NaN	NaN
848222224426	NaN	NaN	NaN	NaN	NaN	NaN
848222232759	NaN	NaN	NaN	NaN	NaN	NaN
848222241092	NaN	NaN	NaN	NaN	NaN	NaN
848222249426	NaN	NaN	NaN	NaN	NaN	NaN
848222257759	NaN	NaN	NaN	NaN	NaN	NaN
848222266092	NaN	NaN	NaN	NaN	NaN	NaN
848222274425	NaN	NaN	NaN	NaN	NaN	NaN
848222282758	NaN	NaN	NaN	NaN	NaN	NaN
848222291094	NaN	NaN	NaN	NaN	NaN	NaN
848222299431	NaN	NaN	NaN	NaN	NaN	NaN
848222307764	NaN	NaN	NaN	NaN	NaN	NaN
848222316097	NaN	NaN	NaN	NaN	NaN	NaN
848222324430	NaN	NaN	NaN	NaN	NaN	NaN
848222332764	NaN	NaN	NaN	NaN	NaN	NaN
848222341097	NaN	NaN	NaN	NaN	NaN	NaN
848222349431	NaN	NaN	NaN	NaN	NaN	NaN
848222357764	NaN	NaN	NaN	NaN	NaN	NaN
848222366096	NaN	NaN	NaN	NaN	NaN	NaN
848222374429	NaN	NaN	NaN	NaN	NaN	NaN
848222382763	NaN	NaN	NaN	NaN	NaN	NaN
848222391096	NaN	NaN	NaN	NaN	NaN	NaN
848222399430	NaN	NaN	NaN	NaN	NaN	NaN
848222407763	NaN	NaN	NaN	NaN	NaN	NaN
848222416096	NaN	NaN	NaN	NaN	NaN	NaN
848222424432	NaN	NaN	NaN	NaN	NaN	NaN
848222432769	NaN	NaN	NaN	NaN	NaN	NaN
848222441102	NaN	NaN	NaN	NaN	NaN	NaN
848222449435	NaN	NaN	NaN	NaN	NaN	NaN
848222457768	NaN	NaN	NaN	NaN	NaN	NaN
848222466101	NaN	NaN	NaN	NaN	NaN	NaN
848222474434	NaN	NaN	NaN	NaN	NaN	NaN
848222482768	NaN	NaN	NaN	NaN	NaN	NaN
848222491101	NaN	NaN	NaN	NaN	NaN	NaN
848222499435	NaN	NaN	NaN	NaN	NaN	NaN
848222507768	NaN	NaN	NaN	NaN	NaN	NaN
848222516101	NaN	NaN	NaN	NaN	NaN	NaN
848222524434	NaN	NaN	NaN	NaN	NaN	NaN
848222532767	NaN	NaN	NaN	NaN	NaN	NaN
848222541100	NaN	NaN	NaN	NaN	NaN	NaN
848222549434	NaN	NaN	NaN	NaN	NaN	NaN
848222557767	NaN	NaN	NaN	NaN	NaN	NaN
848222566104	NaN	NaN	NaN	NaN	NaN	NaN
848222574437	NaN	NaN	NaN	NaN	NaN	NaN
848222582771	NaN	NaN	NaN	NaN	NaN	NaN
848222591104	NaN	NaN	NaN	NaN	NaN	NaN
848222599438	NaN	NaN	NaN	NaN	NaN	NaN
848222607771	NaN	NaN	NaN	NaN	NaN	NaN
848222616103	NaN	NaN	NaN	NaN	NaN	NaN
848222624436	NaN	NaN	NaN	NaN	NaN	NaN
848222632770	NaN	NaN	NaN	NaN	NaN	NaN
848222641103	NaN	NaN	NaN	NaN	NaN	NaN
848222649437	NaN	NaN	NaN	NaN	NaN	NaN
848222657770	NaN	NaN	NaN	NaN	NaN	NaN
848222666103	NaN	NaN	NaN	NaN	NaN	NaN
848222674437	NaN	NaN	NaN	NaN	NaN	NaN
848222682772	NaN	NaN	NaN	NaN	NaN	NaN
848222691105	NaN	NaN	NaN	NaN	NaN	NaN
848222699438	NaN	NaN	NaN	NaN	NaN	NaN
848222707771	NaN	NaN	NaN	NaN	NaN	NaN
848222716104	NaN	NaN	NaN	NaN	NaN	NaN
848222724437	NaN	NaN	NaN	NaN	NaN	NaN
848222732771	NaN	NaN	NaN	NaN	NaN	NaN
848222741104	NaN	NaN	NaN	NaN	NaN	NaN
848222749438	NaN	NaN	NaN	NaN	NaN	NaN
848222757771	NaN	NaN	NaN	NaN	NaN	NaN
848222766104	NaN	NaN	NaN	NaN	NaN	NaN
848222774437	NaN	NaN	NaN	NaN	NaN	NaN
848222782770	NaN	NaN	NaN	NaN	NaN	NaN
848222791103	NaN	NaN	NaN	NaN	NaN	NaN
848222799436	NaN	NaN	NaN	NaN	NaN	NaN
848222807769	NaN	NaN	NaN	NaN	NaN	NaN
848222816110	NaN	NaN	NaN	NaN	NaN	NaN
848222824443	NaN	NaN	NaN	NaN	NaN	NaN
848222832777	NaN	NaN	NaN	NaN	NaN	NaN
848222841110	NaN	NaN	NaN	NaN	NaN	NaN
848222849443	NaN	NaN	NaN	NaN	NaN	NaN
848222857776	NaN	NaN	NaN	NaN	NaN	NaN
848222866109	NaN	NaN	NaN	NaN	NaN	NaN
848222874442	NaN	NaN	NaN	NaN	NaN	NaN
848222882776	NaN	NaN	NaN	NaN	NaN	NaN
848222891109	NaN	NaN	NaN	NaN	NaN	NaN
848222899442	NaN	NaN	NaN	NaN	NaN	NaN
848222907775	NaN	NaN	NaN	NaN	NaN	NaN
848222916109	NaN	NaN	NaN	NaN	NaN	NaN
848222924442	NaN	NaN	NaN	NaN	NaN	NaN
848222932776	NaN	NaN	NaN	NaN	NaN	NaN
848222941111	NaN	NaN	NaN	NaN	NaN	NaN
848222949446	NaN	NaN	NaN	NaN	NaN	NaN
848222957779	NaN	NaN	NaN	NaN	NaN	NaN
848222966113	NaN	NaN	NaN	NaN	NaN	NaN
848222974446	NaN	NaN	NaN	NaN	NaN	NaN
848222982779	NaN	NaN	NaN	NaN	NaN	NaN
848222991113	NaN	NaN	NaN	NaN	NaN	NaN
848222999491	NaN	NaN	NaN	NaN	NaN	NaN
848223007869	NaN	NaN	NaN	NaN	NaN	NaN
848223016249	NaN	NaN	NaN	NaN	NaN	NaN
848223024583	NaN	NaN	NaN	NaN	NaN	NaN
848223032915	NaN	NaN	NaN	NaN	NaN	NaN
848223041248	NaN	NaN	NaN	NaN	NaN	NaN
848223049582	NaN	NaN	NaN	NaN	NaN	NaN
848223057915	NaN	NaN	NaN	NaN	NaN	NaN
848223066248	NaN	NaN	NaN	NaN	NaN	NaN
848223074582	NaN	NaN	NaN	NaN	NaN	NaN
848223082915	NaN	NaN	NaN	NaN	NaN	NaN
848223091255	NaN	NaN	NaN	NaN	NaN	NaN
848223099589	NaN	NaN	NaN	NaN	NaN	NaN
848223107922	NaN	NaN	NaN	NaN	NaN	NaN
848223116254	NaN	NaN	NaN	NaN	NaN	NaN
848223124588	NaN	NaN	NaN	NaN	NaN	NaN
848223132921	NaN	NaN	NaN	NaN	NaN	NaN
848223141254	NaN	NaN	NaN	NaN	NaN	NaN
848223149588	NaN	NaN	NaN	NaN	NaN	NaN
848223157921	NaN	NaN	NaN	NaN	NaN	NaN
848223166254	NaN	NaN	NaN	NaN	NaN	NaN
848223174588	NaN	NaN	NaN	NaN	NaN	NaN
848223182921	NaN	NaN	NaN	NaN	NaN	NaN
848223191254	NaN	NaN	NaN	NaN	NaN	NaN
848223199586	NaN	NaN	NaN	NaN	NaN	NaN
848223207919	NaN	NaN	NaN	NaN	NaN	NaN
848223216253	NaN	NaN	NaN	NaN	NaN	NaN
848223224590	NaN	NaN	NaN	NaN	NaN	NaN
848223232923	NaN	NaN	NaN	NaN	NaN	NaN
848223241256	NaN	NaN	NaN	NaN	NaN	NaN
848223249589	NaN	NaN	NaN	NaN	NaN	NaN
848223257922	NaN	NaN	NaN	NaN	NaN	NaN
848223266256	NaN	NaN	NaN	NaN	NaN	NaN
848223274589	NaN	NaN	NaN	NaN	NaN	NaN
848223282921	NaN	NaN	NaN	NaN	NaN	NaN
848223291255	NaN	NaN	NaN	NaN	NaN	NaN
848223299588	NaN	NaN	NaN	NaN	NaN	NaN
848223307922	NaN	NaN	NaN	NaN	NaN	NaN
848223316255	NaN	NaN	NaN	NaN	NaN	NaN
848223324588	NaN	NaN	NaN	NaN	NaN	NaN
848223332921	NaN	NaN	NaN	NaN	NaN	NaN
848223341255	NaN	NaN	NaN	NaN	NaN	NaN
848223349588	NaN	NaN	NaN	NaN	NaN	NaN
848223357926	NaN	NaN	NaN	NaN	NaN	NaN
848223366259	NaN	NaN	NaN	NaN	NaN	NaN
848223374592	NaN	NaN	NaN	NaN	NaN	NaN
848223382926	NaN	NaN	NaN	NaN	NaN	NaN
848223391259	NaN	NaN	NaN	NaN	NaN	NaN
848223399592	NaN	NaN	NaN	NaN	NaN	NaN
848223407925	NaN	NaN	NaN	NaN	NaN	NaN
848223416259	NaN	NaN	NaN	NaN	NaN	NaN
848223424592	NaN	NaN	NaN	NaN	NaN	NaN
848223432925	NaN	NaN	NaN	NaN	NaN	NaN
848223441259	NaN	NaN	NaN	NaN	NaN	NaN
848223449591	NaN	NaN	NaN	NaN	NaN	NaN
848223457856	NaN	NaN	NaN	NaN	NaN	NaN
848223466122	NaN	NaN	NaN	NaN	NaN	NaN
848223474457	NaN	NaN	NaN	NaN	NaN	NaN
848223482793	NaN	NaN	NaN	NaN	NaN	NaN
848223491126	NaN	NaN	NaN	NaN	NaN	NaN
848223499460	NaN	NaN	NaN	NaN	NaN	NaN
848223507793	NaN	NaN	NaN	NaN	NaN	NaN
848223516126	NaN	NaN	NaN	NaN	NaN	NaN
848223524460	NaN	NaN	NaN	NaN	NaN	NaN
848223532792	NaN	NaN	NaN	NaN	NaN	NaN
848223541126	NaN	NaN	NaN	NaN	NaN	NaN
848223549459	NaN	NaN	NaN	NaN	NaN	NaN
848223557792	NaN	NaN	NaN	NaN	NaN	NaN
848223566172	NaN	NaN	NaN	NaN	NaN	NaN
848223574552	NaN	NaN	NaN	NaN	NaN	NaN
848223582932	1430.64	891.94	NaN	NaN	5.9546	NaN
848223591266	1355.03	841.61	NaN	NaN	5.9706	NaN
848223599599	1339.45	803.03	1267.50	801.94	5.9493	5.8482
848223607932	1327.49	779.83	1245.28	774.82	5.9199	5.8475
848223616273	1334.19	778.34	1273.14	761.79	5.9307	5.8464
848223624598	1339.92	793.65	1269.69	784.57	5.9336	5.8414
848223632932	1334.14	787.50	1271.20	781.32	5.9376	5.8404
848223641265	1343.70	790.25	1266.21	766.41	5.9362	5.8659
848223649598	1341.80	789.27	1267.13	789.81	5.9551	5.8510
848223657940	1342.23	787.07	1272.25	774.41	5.9485	5.8463
848223666274	1335.12	792.56	1269.45	779.78	5.9559	5.8583
848223674598	1335.01	787.17	1272.62	782.68	5.9607	5.8683
848223682932	1336.57	786.36	1278.07	771.59	5.9481	5.8450
848223691265	1334.56	785.45	1277.60	773.60	5.9554	5.8631
848223699607	1330.82	788.14	1270.08	776.72	5.9601	5.8704
848223707931	1339.29	787.13	1258.93	779.35	5.9625	5.8966
848223716264	1345.20	785.95	1261.26	769.19	5.9502	5.8963
848223724597	1339.50	789.64	1260.76	782.05	5.9501	5.9068
848223732931	1325.76	778.47	1263.38	772.75	5.9550	5.8999
848223741264	1336.38	786.70	1265.39	768.66	5.9719	5.9056
848223749601	1335.09	785.17	1257.25	785.97	5.9703	5.8966
848223757935	1337.84	782.34	1276.89	777.02	5.9615	5.8634
848223766268	1339.89	789.41	1277.56	765.75	5.9447	5.8928
848223774601	1332.00	780.75	1277.35	776.66	5.9639	5.8816
848223782935	1337.08	784.83	1276.90	786.08	5.9466	5.8777
848223791267	1335.49	788.22	1283.12	777.79	5.9525	5.8711
848223799601	1340.95	788.88	1280.11	769.13	5.9502	5.8803
848223807934	1342.13	783.15	1273.49	767.42	5.9554	5.8795
848223816269	1339.38	791.90	1280.56	779.49	5.9550	5.8772
848223824602	1342.06	812.57	1282.97	801.10	5.9543	5.8721
848223832936	1385.40	928.01	1333.05	910.99	5.9774	5.9041
848223841269	1512.55	1101.96	1475.46	1102.28	6.0846	5.9749
848223849602	1636.06	1273.21	1570.73	1268.49	6.0800	5.9156
848223857936	1757.52	1441.58	1685.78	1433.34	6.0499	5.8456
848223866269	1853.46	1626.50	1769.89	1616.05	5.9903	5.7851
848223874606	NaN	NaN	NaN	NaN	NaN	NaN
848223882939	NaN	NaN	NaN	NaN	NaN	NaN
848223891272	NaN	NaN	NaN	NaN	NaN	NaN
848223899606	NaN	NaN	NaN	NaN	NaN	NaN
848223907939	NaN	NaN	NaN	NaN	NaN	NaN
848223916273	NaN	NaN	NaN	NaN	NaN	NaN
848223924606	NaN	NaN	NaN	NaN	NaN	NaN
848223932938	NaN	NaN	NaN	NaN	NaN	NaN
848223941273	NaN	NaN	NaN	NaN	NaN	NaN
848223949606	NaN	NaN	NaN	NaN	NaN	NaN
848223957937	NaN	NaN	NaN	NaN	NaN	NaN
848223966271	NaN	NaN	NaN	NaN	NaN	NaN
848223974604	NaN	NaN	NaN	NaN	NaN	NaN
848223982937	NaN	NaN	NaN	NaN	NaN	NaN
848223991272	NaN	NaN	NaN	NaN	NaN	NaN
848223999604	NaN	NaN	NaN	NaN	NaN	NaN
848224007943	NaN	NaN	NaN	NaN	NaN	NaN
848224016276	NaN	NaN	NaN	NaN	NaN	NaN
848224024609	NaN	NaN	NaN	NaN	NaN	NaN
848224032942	NaN	NaN	NaN	NaN	NaN	NaN
848224041276	NaN	NaN	NaN	NaN	NaN	NaN
848224049609	NaN	NaN	NaN	NaN	NaN	NaN
848224057942	NaN	NaN	NaN	NaN	NaN	NaN
848224066275	NaN	NaN	NaN	NaN	NaN	NaN
848224074608	NaN	NaN	NaN	NaN	NaN	NaN
848224082941	NaN	NaN	NaN	NaN	NaN	NaN
848224091275	NaN	NaN	NaN	NaN	NaN	NaN
848224099608	NaN	NaN	NaN	NaN	NaN	NaN
848224107941	NaN	NaN	NaN	NaN	NaN	NaN
848224116274	NaN	NaN	NaN	NaN	NaN	NaN
848224124607	NaN	NaN	NaN	NaN	NaN	NaN
848224132940	NaN	NaN	NaN	NaN	NaN	NaN
848224141277	NaN	NaN	NaN	NaN	NaN	NaN
848224149611	NaN	NaN	NaN	NaN	NaN	NaN
848224157944	NaN	NaN	NaN	NaN	NaN	NaN
848224166278	NaN	NaN	NaN	NaN	NaN	NaN
848224174611	NaN	NaN	NaN	NaN	NaN	NaN
848224182944	NaN	NaN	NaN	NaN	NaN	NaN
848224191278	NaN	NaN	NaN	NaN	NaN	NaN
848224199611	NaN	NaN	NaN	NaN	NaN	NaN
848224207943	NaN	NaN	NaN	NaN	NaN	NaN
848224216276	NaN	NaN	NaN	NaN	NaN	NaN
848224224610	NaN	NaN	NaN	NaN	NaN	NaN
848224232943	NaN	NaN	NaN	NaN	NaN	NaN
848224241277	NaN	NaN	NaN	NaN	NaN	NaN
848224249609	NaN	NaN	NaN	NaN	NaN	NaN
848224257943	NaN	NaN	NaN	NaN	NaN	NaN
848224266276	NaN	NaN	NaN	NaN	NaN	NaN
848224274615	NaN	NaN	NaN	NaN	NaN	NaN
848224282948	NaN	NaN	NaN	NaN	NaN	NaN
848224291281	NaN	NaN	NaN	NaN	NaN	NaN
848224299614	NaN	NaN	NaN	NaN	NaN	NaN
848224307947	NaN	NaN	NaN	NaN	NaN	NaN
848224316281	NaN	NaN	NaN	NaN	NaN	NaN
848224324614	NaN	NaN	NaN	NaN	NaN	NaN
848224332947	NaN	NaN	NaN	NaN	NaN	NaN
848224341280	NaN	NaN	NaN	NaN	NaN	NaN
848224349614	NaN	NaN	NaN	NaN	NaN	NaN
848224357947	NaN	NaN	NaN	NaN	NaN	NaN
848224366281	NaN	NaN	NaN	NaN	NaN	NaN
848224374613	NaN	NaN	NaN	NaN	NaN	NaN
848224382946	NaN	NaN	NaN	NaN	NaN	NaN
848224391279	NaN	NaN	NaN	NaN	NaN	NaN
848224399618	NaN	NaN	NaN	NaN	NaN	NaN
848224407951	NaN	NaN	NaN	NaN	NaN	NaN
848224416216	NaN	NaN	NaN	NaN	NaN	NaN
848224424482	NaN	NaN	NaN	NaN	NaN	NaN
848224432815	NaN	NaN	NaN	NaN	NaN	NaN
848224441149	NaN	NaN	NaN	NaN	NaN	NaN
848224449482	NaN	NaN	NaN	NaN	NaN	NaN
848224457815	NaN	NaN	NaN	NaN	NaN	NaN
848224466148	NaN	NaN	NaN	NaN	NaN	NaN
848224474481	NaN	NaN	NaN	NaN	NaN	NaN
848224482815	NaN	NaN	NaN	NaN	NaN	NaN
848224491148	NaN	NaN	NaN	NaN	NaN	NaN
848224499481	NaN	NaN	NaN	NaN	NaN	NaN
848224507859	NaN	NaN	NaN	NaN	NaN	NaN
848224516237	NaN	NaN	NaN	NaN	NaN	NaN
848224524617	NaN	NaN	NaN	NaN	NaN	NaN
848224532953	NaN	NaN	NaN	NaN	NaN	NaN
848224541285	NaN	NaN	NaN	NaN	NaN	NaN
848224549619	NaN	NaN	NaN	NaN	NaN	NaN
848224557952	NaN	NaN	NaN	NaN	NaN	NaN
848224566285	NaN	NaN	NaN	NaN	NaN	NaN
848224574619	NaN	NaN	NaN	NaN	NaN	NaN
848224582952	NaN	NaN	NaN	NaN	NaN	NaN
848224591285	NaN	NaN	NaN	NaN	NaN	NaN
848224599619	NaN	NaN	NaN	NaN	NaN	NaN
848224607952	NaN	NaN	NaN	NaN	NaN	NaN
848224616285	NaN	NaN	NaN	NaN	NaN	NaN
848224624618	NaN	NaN	NaN	NaN	NaN	NaN
848224632951	NaN	NaN	NaN	NaN	NaN	NaN
848224641284	NaN	NaN	NaN	NaN	NaN	NaN
848224649617	NaN	NaN	NaN	NaN	NaN	NaN
848224657951	NaN	NaN	NaN	NaN	NaN	NaN
848224666292	NaN	NaN	NaN	NaN	NaN	NaN
848224674626	NaN	NaN	NaN	NaN	NaN	NaN
848224682958	NaN	NaN	NaN	NaN	NaN	NaN
848224691292	NaN	NaN	NaN	NaN	NaN	NaN
848224699626	NaN	NaN	NaN	NaN	NaN	NaN
848224707958	NaN	NaN	NaN	NaN	NaN	NaN
848224716291	NaN	NaN	NaN	NaN	NaN	NaN
848224724624	NaN	NaN	NaN	NaN	NaN	NaN
848224732957	NaN	NaN	NaN	NaN	NaN	NaN
848224741291	NaN	NaN	NaN	NaN	NaN	NaN
848224749625	NaN	NaN	NaN	NaN	NaN	NaN
848224757957	NaN	NaN	NaN	NaN	NaN	NaN
848224766291	NaN	NaN	NaN	NaN	NaN	NaN
848224774625	NaN	NaN	NaN	NaN	NaN	NaN
848224782958	NaN	NaN	NaN	NaN	NaN	NaN
848224791290	NaN	NaN	NaN	NaN	NaN	NaN
848224799626	NaN	NaN	NaN	NaN	NaN	NaN
848224807959	NaN	NaN	NaN	NaN	NaN	NaN
848224816293	NaN	NaN	NaN	NaN	NaN	NaN
848224824626	NaN	NaN	NaN	NaN	NaN	NaN
848224832959	NaN	NaN	NaN	NaN	NaN	NaN
848224841293	NaN	NaN	NaN	NaN	NaN	NaN
848224849626	NaN	NaN	NaN	NaN	NaN	NaN
848224857959	NaN	NaN	NaN	NaN	NaN	NaN
848224866293	NaN	NaN	NaN	NaN	NaN	NaN
848224874625	NaN	NaN	NaN	NaN	NaN	NaN
848224882958	NaN	NaN	NaN	NaN	NaN	NaN
848224891292	NaN	NaN	NaN	NaN	NaN	NaN
848224899625	NaN	NaN	NaN	NaN	NaN	NaN
848224907958	NaN	NaN	NaN	NaN	NaN	NaN
848224916292	NaN	NaN	NaN	NaN	NaN	NaN
848224924630	NaN	NaN	NaN	NaN	NaN	NaN
848224932963	NaN	NaN	NaN	NaN	NaN	NaN
848224941296	NaN	NaN	NaN	NaN	NaN	NaN
848224949629	NaN	NaN	NaN	NaN	NaN	NaN
848224957961	NaN	NaN	NaN	NaN	NaN	NaN
848224966295	NaN	NaN	NaN	NaN	NaN	NaN
848224974628	NaN	NaN	NaN	NaN	NaN	NaN
848224982961	NaN	NaN	NaN	NaN	NaN	NaN
848224991294	NaN	NaN	NaN	NaN	NaN	NaN
848224999627	NaN	NaN	NaN	NaN	NaN	NaN
848225007961	NaN	NaN	NaN	NaN	NaN	NaN
848225016160	NaN	NaN	NaN	NaN	NaN	NaN
848225024493	NaN	NaN	NaN	NaN	NaN	NaN
848225032826	NaN	NaN	NaN	NaN	NaN	NaN
848225041158	NaN	NaN	NaN	NaN	NaN	NaN
848225049498	NaN	NaN	NaN	NaN	NaN	NaN
848225057831	NaN	NaN	NaN	NaN	NaN	NaN
848225066164	NaN	NaN	NaN	NaN	NaN	NaN
848225074498	NaN	NaN	NaN	NaN	NaN	NaN
848225082831	NaN	NaN	NaN	NaN	NaN	NaN
848225091164	NaN	NaN	NaN	NaN	NaN	NaN
848225099498	NaN	NaN	NaN	NaN	NaN	NaN
848225107899	NaN	NaN	NaN	NaN	NaN	NaN
848225116301	NaN	NaN	NaN	NaN	NaN	NaN
848225124634	NaN	NaN	NaN	NaN	NaN	NaN
848225132967	NaN	NaN	NaN	NaN	NaN	NaN
848225141300	NaN	NaN	NaN	NaN	NaN	NaN
848225149633	NaN	NaN	NaN	NaN	NaN	NaN
848225157967	NaN	NaN	NaN	NaN	NaN	NaN
848225166300	NaN	NaN	NaN	NaN	NaN	NaN
848225174633	NaN	NaN	NaN	NaN	NaN	NaN
848225182967	NaN	NaN	NaN	NaN	NaN	NaN
848225191304	NaN	NaN	NaN	NaN	NaN	NaN
848225199637	NaN	NaN	NaN	NaN	NaN	NaN
848225207971	NaN	NaN	NaN	NaN	NaN	NaN
848225216303	NaN	NaN	NaN	NaN	NaN	NaN
848225224636	NaN	NaN	NaN	NaN	NaN	NaN
848225232970	NaN	NaN	NaN	NaN	NaN	NaN
848225241303	NaN	NaN	NaN	NaN	NaN	NaN
848225249636	NaN	NaN	NaN	NaN	NaN	NaN
848225257969	NaN	NaN	NaN	NaN	NaN	NaN
848225266303	NaN	NaN	NaN	NaN	NaN	NaN
848225274636	NaN	NaN	NaN	NaN	NaN	NaN
848225282970	NaN	NaN	NaN	NaN	NaN	NaN
848225291303	NaN	NaN	NaN	NaN	NaN	NaN
848225299635	NaN	NaN	NaN	NaN	NaN	NaN
848225307968	NaN	NaN	NaN	NaN	NaN	NaN
848225316301	NaN	NaN	NaN	NaN	NaN	NaN
848225324640	NaN	NaN	NaN	NaN	NaN	NaN
848225332974	NaN	NaN	NaN	NaN	NaN	NaN
848225341306	NaN	NaN	NaN	NaN	NaN	NaN
848225349640	NaN	NaN	NaN	NaN	NaN	NaN
848225357973	NaN	NaN	NaN	NaN	NaN	NaN
848225366306	NaN	NaN	NaN	NaN	NaN	NaN
848225374640	NaN	NaN	NaN	NaN	NaN	NaN
848225382972	NaN	NaN	NaN	NaN	NaN	NaN
848225391305	NaN	NaN	NaN	NaN	NaN	NaN
848225399639	NaN	NaN	NaN	NaN	NaN	NaN
848225407973	NaN	NaN	NaN	NaN	NaN	NaN
848225416305	NaN	NaN	NaN	NaN	NaN	NaN
848225424639	NaN	NaN	NaN	NaN	NaN	NaN
848225432973	NaN	NaN	NaN	NaN	NaN	NaN
848225441305	NaN	NaN	NaN	NaN	NaN	NaN
848225449644	NaN	NaN	NaN	NaN	NaN	NaN
848225457977	NaN	NaN	NaN	NaN	NaN	NaN
848225466309	NaN	NaN	NaN	NaN	NaN	NaN
848225474643	NaN	NaN	NaN	NaN	NaN	NaN
848225482976	NaN	NaN	NaN	NaN	NaN	NaN
848225491309	NaN	NaN	NaN	NaN	NaN	NaN
848225499643	NaN	NaN	NaN	NaN	NaN	NaN
848225507976	NaN	NaN	NaN	NaN	NaN	NaN
848225516310	NaN	NaN	NaN	NaN	NaN	NaN
848225524643	NaN	NaN	NaN	NaN	NaN	NaN
848225532976	NaN	NaN	NaN	NaN	NaN	NaN
848225541309	NaN	NaN	NaN	NaN	NaN	NaN
848225549642	NaN	NaN	NaN	NaN	NaN	NaN
848225557975	NaN	NaN	NaN	NaN	NaN	NaN
848225566309	NaN	NaN	NaN	NaN	NaN	NaN
848225574642	NaN	NaN	NaN	NaN	NaN	NaN
848225582981	NaN	NaN	NaN	NaN	NaN	NaN
848225591314	NaN	NaN	NaN	NaN	NaN	NaN
848225599579	NaN	NaN	NaN	NaN	NaN	NaN
848225607844	NaN	NaN	NaN	NaN	NaN	NaN
848225616177	NaN	NaN	NaN	NaN	NaN	NaN
848225624511	NaN	NaN	NaN	NaN	NaN	NaN
848225632843	NaN	NaN	NaN	NaN	NaN	NaN
848225641176	NaN	NaN	NaN	NaN	NaN	NaN
848225649510	NaN	NaN	NaN	NaN	NaN	NaN
848225657843	NaN	NaN	NaN	NaN	NaN	NaN
848225666176	NaN	NaN	NaN	NaN	NaN	NaN
848225674555	NaN	NaN	NaN	NaN	NaN	NaN
848225682934	NaN	NaN	NaN	NaN	NaN	NaN
848225691313	1268.24	370.97	NaN	NaN	5.7770	NaN
848225699646	1259.41	361.77	NaN	NaN	5.7982	NaN
848225707979	1266.95	372.65	NaN	NaN	5.8170	NaN
848225716316	1258.53	369.78	NaN	NaN	5.7889	NaN
848225724649	1268.43	366.25	NaN	NaN	5.8054	NaN
848225732982	1280.57	375.32	NaN	NaN	5.8147	NaN
848225741316	1266.31	364.59	NaN	NaN	5.8120	NaN
848225749649	1261.90	373.80	NaN	NaN	5.8334	NaN
848225757982	1271.67	364.73	NaN	NaN	5.8283	NaN
848225766316	1271.81	362.26	NaN	NaN	5.8277	NaN
848225774649	1260.00	371.17	NaN	NaN	5.8141	NaN
848225782982	1270.79	372.50	NaN	NaN	5.8345	NaN
848225791316	1264.37	382.53	NaN	NaN	5.8233	NaN
848225799648	1317.48	362.64	NaN	NaN	5.8496	NaN
848225807981	1370.26	361.48	NaN	NaN	5.8697	NaN
848225816315	1392.66	365.35	NaN	NaN	5.8709	NaN
848225824648	1395.00	364.67	NaN	NaN	5.8474	NaN
848225832981	1390.22	367.70	NaN	NaN	5.8660	NaN
848225841319	1387.93	360.10	NaN	NaN	5.8517	NaN
848225849652	1396.91	365.17	NaN	NaN	5.8828	NaN
848225857985	1394.35	370.74	NaN	NaN	5.8832	NaN
848225866319	1386.79	368.44	NaN	NaN	5.8631	NaN
848225874652	1387.75	365.30	NaN	NaN	5.8713	NaN
848225882984	1397.55	364.26	NaN	NaN	5.8848	NaN
848225891317	1387.89	361.70	NaN	NaN	5.8764	NaN
848225899650	1397.34	361.07	NaN	NaN	5.8776	NaN
848225907984	1388.91	365.23	NaN	NaN	5.8698	NaN
848225916317	1386.80	361.60	NaN	NaN	5.8906	NaN
848225924650	1392.01	365.88	NaN	NaN	5.9056	NaN
848225932984	1389.29	360.60	NaN	NaN	5.8951	NaN
848225941317	1391.78	361.82	NaN	NaN	5.9054	NaN
848225949651	1393.48	368.23	NaN	NaN	5.8866	NaN
848225957984	1393.47	364.22	NaN	NaN	5.8991	NaN
848225966316	1388.62	361.51	NaN	NaN	5.8879	NaN
848225974655	1392.80	368.74	NaN	NaN	5.8923	NaN
848225982989	1388.10	361.65	NaN	NaN	5.9025	NaN
848225991322	1393.17	361.12	NaN	NaN	5.9039	NaN
848225999656	1390.93	362.31	NaN	NaN	5.9185	NaN
848226007989	1395.25	360.68	NaN	NaN	5.8997	NaN
848226016322	1381.16	358.96	NaN	NaN	5.9002	NaN
848226024655	1318.48	367.00	NaN	NaN	5.9095	NaN
848226032989	1258.08	371.88	NaN	NaN	5.8988	NaN
848226041322	1218.54	364.05	NaN	NaN	5.8712	NaN
848226049654	1221.72	358.13	NaN	NaN	5.9010	NaN
848226057988	1241.15	359.84	NaN	NaN	5.8842	NaN
848226066321	1238.81	364.37	NaN	NaN	5.9010	NaN
848226074655	1242.75	364.48	NaN	NaN	5.9191	NaN
848226082988	1241.81	362.41	NaN	NaN	5.8981	NaN
848226091321	1241.83	362.66	NaN	NaN	5.9156	NaN
848226099654	1236.37	356.70	NaN	NaN	5.8949	NaN
848226107993	1238.61	366.57	NaN	NaN	5.9078	NaN
848226116326	1239.30	363.50	NaN	NaN	5.9010	NaN
848226124660	1247.21	365.30	NaN	NaN	5.9276	NaN
848226132992	1234.68	361.50	NaN	NaN	5.9018	NaN
848226141325	1230.26	363.95	NaN	NaN	5.8922	NaN
848226149659	1228.23	360.78	NaN	NaN	5.8973	NaN
848226157992	1242.16	359.60	NaN	NaN	5.9162	NaN
848226166325	1234.96	355.57	NaN	NaN	5.9163	NaN
848226174658	1236.59	352.24	NaN	NaN	5.9251	NaN
848226182991	1228.95	351.32	NaN	NaN	5.8970	NaN
848226191325	1243.68	369.81	NaN	NaN	5.9458	NaN
848226199658	1233.54	357.62	NaN	NaN	5.9169	NaN
848226207991	1226.90	368.88	NaN	NaN	5.9302	NaN
848226216324	1229.39	356.99	NaN	NaN	5.9132	NaN
848226224658	1227.08	353.15	NaN	NaN	5.9053	NaN
848226232991	1231.56	362.15	NaN	NaN	5.9299	NaN
848226241328	1232.03	362.07	NaN	NaN	5.9198	NaN
848226249661	1237.68	362.12	NaN	NaN	5.9242	NaN
848226257995	1234.39	354.83	NaN	NaN	5.9260	NaN
848226266328	1223.18	351.65	NaN	NaN	5.9219	NaN
848226274661	1230.32	349.52	NaN	NaN	5.9176	NaN
848226282994	1229.75	363.16	NaN	NaN	5.9267	NaN
848226291328	1237.30	365.38	NaN	NaN	5.9251	NaN
848226299660	1233.93	367.07	NaN	NaN	5.9326	NaN
848226307994	1234.12	351.33	NaN	NaN	5.9340	NaN
848226316327	1234.68	365.95	NaN	NaN	5.9088	NaN
848226324661	1239.39	367.34	NaN	NaN	5.9500	NaN
848226332993	1231.76	372.03	NaN	NaN	5.9383	NaN
848226341327	1240.29	363.84	NaN	NaN	5.9353	NaN
848226349660	1234.47	366.51	NaN	NaN	5.9437	NaN
848226357993	1229.64	366.43	NaN	NaN	5.9442	NaN
848226366331	NaN	NaN	NaN	NaN	NaN	NaN
848226374664	1220.55	377.24	NaN	NaN	5.9091	NaN
848226382996	1237.79	363.82	NaN	NaN	5.9282	NaN
848226391330	1234.43	368.44	NaN	NaN	5.9484	NaN
848226399664	1234.85	359.49	NaN	NaN	5.9572	NaN
848226407997	1234.84	365.13	NaN	NaN	5.9468	NaN
848226416330	1234.75	362.56	NaN	NaN	5.9335	NaN
848226424663	1236.14	365.21	NaN	NaN	5.9504	NaN
848226432996	1231.13	361.93	NaN	NaN	5.9516	NaN
848226441330	1228.89	354.05	NaN	NaN	5.9314	NaN
848226449664	1236.53	369.87	NaN	NaN	5.9557	NaN
848226457996	NaN	NaN	NaN	NaN	NaN	NaN
848226466329	1227.88	349.00	NaN	NaN	5.9334	NaN
848226474662	1228.28	357.68	NaN	NaN	5.9606	NaN
848226482996	1231.38	360.42	NaN	NaN	5.9583	NaN
848226491329	1232.59	365.27	NaN	NaN	5.9700	NaN
848226499669	1229.41	363.94	NaN	NaN	5.9672	NaN
848226508002	1237.41	362.54	NaN	NaN	5.9597	NaN
848226516336	1239.34	363.34	NaN	NaN	5.9533	NaN
848226524670	1238.44	364.03	NaN	NaN	5.9655	NaN
848226533003	1238.82	365.91	NaN	NaN	5.9681	NaN
848226541336	1234.68	373.10	NaN	NaN	5.9529	NaN
848226549669	1231.68	367.10	NaN	NaN	5.9560	NaN
848226558001	1251.47	378.73	NaN	NaN	5.9756	NaN
848226566335	1338.05	372.94	NaN	NaN	5.9857	NaN
848226574668	1377.79	378.18	NaN	NaN	6.0098	NaN
848226583002	1387.55	378.20	NaN	NaN	5.9989	NaN
848226591335	1388.03	373.88	NaN	NaN	5.9874	NaN
848226599669	1385.51	373.39	NaN	NaN	5.9890	NaN
848226608002	1381.91	370.32	NaN	NaN	5.9766	NaN
848226616335	1385.32	377.08	NaN	NaN	5.9919	NaN
848226624668	1386.20	373.09	NaN	NaN	5.9795	NaN
848226633006	1389.24	377.21	NaN	NaN	5.9988	NaN
848226641338	1377.72	370.85	NaN	NaN	5.9751	NaN
848226649671	1383.70	373.57	NaN	NaN	5.9890	NaN
848226658005	1383.99	368.30	NaN	NaN	5.9814	NaN
848226666338	1384.87	366.34	NaN	NaN	5.9812	NaN
848226674671	1382.23	376.88	NaN	NaN	5.9927	NaN
848226683005	1388.26	371.14	NaN	NaN	5.9939	NaN
848226691338	1380.01	360.00	NaN	NaN	5.9824	NaN
848226699671	1388.41	368.59	NaN	NaN	6.0054	NaN
848226708005	1393.52	366.16	NaN	NaN	5.9871	NaN
848226716338	1386.25	370.03	NaN	NaN	5.9892	NaN
848226724670	1381.79	374.60	NaN	NaN	5.9862	NaN
848226733004	1388.72	368.73	NaN	NaN	6.0076	NaN
848226741337	1380.58	364.82	NaN	NaN	5.9958	NaN
848226749670	1387.86	366.98	NaN	NaN	5.9767	NaN
848226758004	1383.28	369.07	NaN	NaN	5.9847	NaN
848226766341	1383.29	371.31	NaN	NaN	6.0057	NaN
848226774674	1383.31	376.67	NaN	NaN	5.9991	NaN
848226783008	1388.14	369.28	NaN	NaN	5.9993	NaN
848226791341	1382.19	367.35	NaN	NaN	5.9701	NaN
848226799674	1386.49	370.90	NaN	NaN	5.9682	NaN
848226808007	1381.14	365.65	NaN	NaN	5.9733	NaN
848226816340	1392.06	372.67	NaN	NaN	5.9967	NaN
848226824673	1377.77	376.22	NaN	NaN	5.9879	NaN
848226833007	1384.67	378.32	NaN	NaN	5.9792	NaN
848226841340	1386.42	378.80	NaN	NaN	5.9831	NaN
848226849673	1382.78	373.17	NaN	NaN	5.9776	NaN
848226858007	1389.46	378.47	NaN	NaN	5.9879	NaN
848226866340	1380.34	383.33	NaN	NaN	5.9908	NaN
848226874673	1377.63	376.35	NaN	NaN	5.9671	NaN
848226883007	1383.58	376.02	NaN	NaN	5.9804	NaN
848226891344	1384.95	378.09	NaN	NaN	5.9770	NaN
848226899678	1390.18	372.92	NaN	NaN	5.9811	NaN
848226908012	1381.25	376.63	NaN	NaN	5.9892	NaN
848226916345	1381.05	371.14	NaN	NaN	5.9927	NaN
848226924678	1384.16	379.67	NaN	NaN	5.9791	NaN
848226933011	1385.35	377.63	NaN	NaN	5.9760	NaN
848226941345	1377.18	371.92	NaN	NaN	5.9888	NaN
848226949678	1383.17	377.08	NaN	NaN	5.9622	NaN
848226958011	1384.48	369.70	NaN	NaN	5.9552	NaN
848226966345	1380.24	375.95	NaN	NaN	5.9761	NaN
848226974677	1379.06	366.10	NaN	NaN	5.9874	NaN
848226983011	1387.22	367.20	NaN	NaN	5.9686	NaN
848226991344	1385.68	367.79	NaN	NaN	5.9705	NaN
848226999677	1381.94	372.97	NaN	NaN	5.9652	NaN
848227008010	1381.48	375.45	NaN	NaN	5.9824	NaN
848227016343	1377.47	416.37	NaN	NaN	5.9570	NaN
848227024681	1411.20	565.41	NaN	NaN	5.9915	NaN
848227033014	1419.05	737.87	NaN	NaN	6.0100	NaN
848227041348	1432.68	921.07	NaN	NaN	5.9622	NaN
848227049681	1464.66	1102.25	NaN	NaN	5.9308	NaN
848227058013	1489.15	1251.67	NaN	NaN	5.9558	NaN
848227066346	1514.34	1415.99	NaN	NaN	5.9647	NaN
848227074680	1526.10	1530.60	NaN	NaN	5.9354	NaN
848227083013	1523.06	1626.61	NaN	NaN	5.9340	NaN
848227091346	1540.77	1663.44	NaN	NaN	5.9792	NaN
848227099680	1540.64	1628.24	NaN	NaN	5.9982	NaN
848227108013	1546.86	1613.85	NaN	NaN	6.0348	NaN
848227116346	1540.86	1623.83	NaN	NaN	6.0010	NaN
848227124680	1540.70	1610.12	NaN	NaN	5.9812	NaN
848227133013	1543.28	1618.19	NaN	NaN	5.9692	NaN
848227141345	1525.90	1632.11	NaN	NaN	5.9576	NaN
848227149679	1530.02	1631.30	NaN	NaN	5.9508	NaN
848227158017	1553.99	1617.91	NaN	NaN	5.9901	NaN
848227166350	1539.76	1614.99	NaN	NaN	5.9934	NaN
848227174684	1552.26	1619.92	NaN	NaN	5.9782	NaN
848227183017	NaN	NaN	NaN	NaN	NaN	NaN
848227191350	NaN	NaN	NaN	NaN	NaN	NaN
848227199684	NaN	NaN	NaN	NaN	NaN	NaN
848227208017	NaN	NaN	NaN	NaN	NaN	NaN
848227216350	NaN	NaN	NaN	NaN	NaN	NaN
848227224683	NaN	NaN	NaN	NaN	NaN	NaN
848227233016	NaN	NaN	NaN	NaN	NaN	NaN
848227241350	NaN	NaN	NaN	NaN	NaN	NaN
848227249683	NaN	NaN	NaN	NaN	NaN	NaN
848227258016	NaN	NaN	NaN	NaN	NaN	NaN
848227266350	NaN	NaN	NaN	NaN	NaN	NaN
848227274683	NaN	NaN	NaN	NaN	NaN	NaN
848227283020	NaN	NaN	NaN	NaN	NaN	NaN
848227291354	NaN	NaN	NaN	NaN	NaN	NaN
848227299687	NaN	NaN	NaN	NaN	NaN	NaN
848227308019	NaN	NaN	NaN	NaN	NaN	NaN
848227316353	1263.80	630.51	NaN	NaN	5.6881	NaN
848227324686	1302.81	523.69	NaN	NaN	5.9878	NaN
848227333019	1264.30	537.70	NaN	NaN	5.9950	NaN
848227341353	1269.07	529.55	NaN	NaN	5.9733	NaN
848227349686	1275.87	525.08	NaN	NaN	5.9714	NaN
848227358019	1288.79	537.89	NaN	NaN	5.9732	NaN
848227366353	1270.89	537.27	NaN	NaN	5.9621	NaN
848227374686	1270.16	527.70	NaN	NaN	5.9846	NaN
848227383019	1283.27	544.47	NaN	NaN	5.9434	NaN
848227391352	1294.02	547.77	NaN	NaN	5.9613	NaN
848227399685	1290.21	567.59	NaN	NaN	5.9666	NaN
848227408018	1281.45	547.33	NaN	NaN	5.9566	NaN
848227416358	1287.40	566.04	NaN	NaN	5.9456	NaN
848227424691	1286.94	554.12	NaN	NaN	5.9493	NaN
848227433024	1287.38	566.63	NaN	NaN	5.9544	NaN
848227441358	1286.43	572.15	NaN	NaN	5.9354	NaN
848227449691	1285.19	579.31	NaN	NaN	5.9312	NaN
848227458024	1284.91	571.73	NaN	NaN	5.9404	NaN
848227466357	1285.54	565.04	NaN	NaN	5.9338	NaN
848227474690	1284.15	553.01	NaN	NaN	5.9487	NaN
848227483023	1277.54	507.24	NaN	NaN	5.9462	NaN
848227491357	1276.75	425.86	NaN	NaN	5.9555	NaN
848227499690	1281.87	415.30	NaN	NaN	5.9440	NaN
848227508023	1286.90	434.92	NaN	NaN	5.9487	NaN
848227516357	1276.23	456.39	NaN	NaN	5.9412	NaN
848227524690	1291.91	439.20	1197.91	469.21	5.9486	5.9771
848227533023	1274.43	426.17	1208.64	472.70	5.9433	5.9821
848227541357	1289.36	446.56	1207.55	478.39	5.9571	5.9848
848227549699	1272.00	428.53	1202.07	469.12	5.9747	5.9865
848227558032	1268.48	436.48	1196.48	453.52	5.9579	5.9968
848227566365	1279.92	442.79	1200.77	464.58	5.9494	6.0107
848227574698	1286.50	423.28	1213.33	476.47	5.9808	5.9956
848227583032	1276.38	431.44	1206.58	454.90	5.9690	6.0074
848227591365	1271.38	450.70	1187.29	470.41	5.9593	5.9922
848227599698	1275.38	452.45	1202.44	491.55	5.9330	5.9804
848227608032	1291.47	433.37	1212.58	482.02	5.9642	5.9479
848227616367	1284.01	378.80	1186.67	446.76	6.0487	6.0433
848227624698	1280.37	434.95	1242.65	602.32	5.9431	5.7222
848227633032	1325.53	496.28	NaN	NaN	5.6973	NaN
848227641366	NaN	NaN	NaN	NaN	NaN	NaN
848227649697	NaN	NaN	NaN	NaN	NaN	NaN
848227658033	NaN	NaN	NaN	NaN	NaN	NaN
848227666366	NaN	NaN	NaN	NaN	NaN	NaN
848227674699	NaN	NaN	NaN	NaN	NaN	NaN
848227683037	NaN	NaN	NaN	NaN	NaN	NaN
848227691370	NaN	NaN	NaN	NaN	NaN	NaN
848227699704	NaN	NaN	NaN	NaN	NaN	NaN
848227708037	NaN	NaN	NaN	NaN	NaN	NaN
848227716370	NaN	NaN	NaN	NaN	NaN	NaN
848227724703	NaN	NaN	NaN	NaN	NaN	NaN
848227733037	NaN	NaN	NaN	NaN	NaN	NaN
848227741370	NaN	NaN	NaN	NaN	NaN	NaN
848227749703	NaN	NaN	NaN	NaN	NaN	NaN
848227758037	NaN	NaN	NaN	NaN	NaN	NaN
848227766369	NaN	NaN	NaN	NaN	NaN	NaN
848227774703	NaN	NaN	NaN	NaN	NaN	NaN
848227783036	NaN	NaN	NaN	NaN	NaN	NaN
848227791369	NaN	NaN	NaN	NaN	NaN	NaN
848227799703	NaN	NaN	NaN	NaN	NaN	NaN
848227808040	NaN	NaN	NaN	NaN	NaN	NaN
848227816373	NaN	NaN	NaN	NaN	NaN	NaN
848227824706	NaN	NaN	NaN	NaN	NaN	NaN
848227833040	NaN	NaN	NaN	NaN	NaN	NaN
848227841373	NaN	NaN	NaN	NaN	NaN	NaN
848227849706	NaN	NaN	NaN	NaN	NaN	NaN
848227858039	NaN	NaN	NaN	NaN	NaN	NaN
848227866372	NaN	NaN	NaN	NaN	NaN	NaN
848227874706	NaN	NaN	NaN	NaN	NaN	NaN
848227883039	NaN	NaN	NaN	NaN	NaN	NaN
848227891373	NaN	NaN	NaN	NaN	NaN	NaN
848227899705	NaN	NaN	NaN	NaN	NaN	NaN
848227908039	NaN	NaN	NaN	NaN	NaN	NaN
848227916372	NaN	NaN	NaN	NaN	NaN	NaN
848227924705	NaN	NaN	NaN	NaN	NaN	NaN
848227933038	NaN	NaN	NaN	NaN	NaN	NaN
848227941375	NaN	NaN	NaN	NaN	NaN	NaN
848227949709	NaN	NaN	NaN	NaN	NaN	NaN
848227958042	NaN	NaN	NaN	NaN	NaN	NaN
848227966375	NaN	NaN	NaN	NaN	NaN	NaN
848227974709	NaN	NaN	NaN	NaN	NaN	NaN
848227983041	NaN	NaN	NaN	NaN	NaN	NaN
848227991375	NaN	NaN	NaN	NaN	NaN	NaN
848227999708	NaN	NaN	NaN	NaN	NaN	NaN
848228008041	NaN	NaN	NaN	NaN	NaN	NaN
848228016374	NaN	NaN	NaN	NaN	NaN	NaN
848228024708	NaN	NaN	NaN	NaN	NaN	NaN
848228033041	NaN	NaN	NaN	NaN	NaN	NaN
848228041374	NaN	NaN	NaN	NaN	NaN	NaN
848228049708	NaN	NaN	NaN	NaN	NaN	NaN
848228058041	NaN	NaN	NaN	NaN	NaN	NaN
848228066374	NaN	NaN	NaN	NaN	NaN	NaN
848228074713	NaN	NaN	NaN	NaN	NaN	NaN
848228083046	NaN	NaN	NaN	NaN	NaN	NaN
848228091379	NaN	NaN	NaN	NaN	NaN	NaN
848228099713	NaN	NaN	NaN	NaN	NaN	NaN
848228108046	NaN	NaN	NaN	NaN	NaN	NaN
848228116379	NaN	NaN	NaN	NaN	NaN	NaN
848228124713	NaN	NaN	NaN	NaN	NaN	NaN
848228133046	NaN	NaN	NaN	NaN	NaN	NaN
848228141380	NaN	NaN	NaN	NaN	NaN	NaN
848228149712	NaN	NaN	NaN	NaN	NaN	NaN
848228158045	NaN	NaN	NaN	NaN	NaN	NaN
848228166330	NaN	NaN	NaN	NaN	NaN	NaN
848228174615	NaN	NaN	NaN	NaN	NaN	NaN
848228182901	NaN	NaN	NaN	NaN	NaN	NaN
848228191237	NaN	NaN	NaN	NaN	NaN	NaN
848228199573	NaN	NaN	NaN	NaN	NaN	NaN
848228207906	NaN	NaN	NaN	NaN	NaN	NaN
848228216239	NaN	NaN	NaN	NaN	NaN	NaN
848228224573	NaN	NaN	NaN	NaN	NaN	NaN
848228232953	NaN	NaN	NaN	NaN	NaN	NaN
848228241334	NaN	NaN	NaN	NaN	NaN	NaN
848228249716	1309.61	909.60	1259.90	931.77	6.0970	6.0254
848228258049	1320.65	906.24	1262.98	941.49	6.0966	6.0281
848228266383	1317.51	899.78	1250.30	938.35	6.0961	6.0279
848228274708	1304.86	885.98	1267.53	933.64	6.0950	6.0282
848228283042	1310.64	914.47	1252.68	945.69	6.0971	6.0344
848228291375	1313.76	899.82	1255.04	932.39	6.0861	6.0345
848228299708	1311.66	903.01	1256.65	931.48	6.1000	6.0323
848228308042	1311.66	881.41	1253.31	931.72	6.0938	6.0382
848228316374	1301.87	904.23	1260.42	927.97	6.0940	6.0310
848228324707	1319.68	916.62	1252.46	932.17	6.0835	6.0286
848228333046	1314.41	907.52	1250.69	934.52	6.1025	6.0275
848228341379	1311.04	898.33	1249.01	940.58	6.0904	6.0240
848228349712	1310.26	893.44	1260.93	935.60	6.0857	6.0326
848228358046	1314.42	888.29	1257.94	936.32	6.0993	6.0334
848228366379	1310.67	887.74	1255.64	929.31	6.0925	6.0357
848228374712	1306.75	888.11	1243.43	926.32	6.0970	6.0396
848228383046	1308.71	890.78	1242.24	929.33	6.0966	6.0428
848228391379	1306.37	896.35	1245.58	928.92	6.0862	6.0397
848228399711	1304.28	893.80	1238.85	931.95	6.0822	6.0518
848228408045	1305.86	904.15	1237.38	934.37	6.0939	6.0354
848228416378	1314.90	898.32	1247.52	932.28	6.0953	6.0326
848228424711	1305.08	826.38	1247.03	874.82	6.0937	6.0468
848228433045	1311.01	768.06	1257.46	822.38	6.0952	6.0460
848228441378	1308.32	736.60	1261.15	779.82	6.0934	6.0302
848228449711	1313.21	715.92	1251.02	750.16	6.0756	6.0220
848228458045	1319.07	713.20	1254.82	759.49	6.0802	6.0159
848228466382	1316.85	725.70	1248.98	762.82	6.0845	6.0417
848228474715	1309.10	733.36	1253.89	758.74	6.0740	6.0529
848228483048	1313.31	736.59	1255.39	751.12	6.0761	6.0463
848228491381	1319.35	741.25	1256.66	754.12	6.0685	6.0503
848228499714	1316.96	743.32	1259.18	761.55	6.0738	6.0317
848228508048	1318.83	741.49	1253.03	755.86	6.0734	6.0258
848228516381	1318.54	725.59	1255.01	753.30	6.0683	6.0318
848228524714	1315.74	715.64	1251.35	742.60	6.0695	6.0359
848228533048	1317.28	724.54	1268.08	754.76	6.0768	6.0261
848228541381	1311.38	736.49	1256.18	760.12	6.0721	6.0101
848228549713	1321.67	743.72	1260.72	762.53	6.0706	6.0059
848228558048	1321.72	731.92	1258.20	752.75	6.0551	6.0086
848228566380	1319.79	716.71	1258.90	751.20	6.0737	6.0091
848228574713	1321.83	718.30	1262.46	755.09	6.0765	6.0024
848228583047	1318.27	718.53	1255.69	753.90	6.0727	6.0053
848228591380	1319.54	718.45	1263.02	765.19	6.0650	5.9912
848228599718	1315.00	720.74	1262.83	761.33	6.0601	6.0080
848228608052	1311.64	721.09	1265.81	766.17	6.0743	5.9896
848228616385	1318.42	732.47	1265.21	752.93	6.0669	6.0011
848228624718	1325.10	739.21	1274.21	755.84	6.0587	6.0020
848228633052	1315.47	738.92	1271.60	756.62	6.0576	5.9915
848228641385	1322.50	738.05	1271.84	758.18	6.0582	6.0001
848228649716	1318.94	739.73	1273.35	758.52	6.0448	5.9870
848228658050	1314.32	731.14	1271.21	764.06	6.0423	5.9860
848228666383	1318.31	728.21	1263.97	755.13	6.0508	5.9970
848228674716	1321.79	730.54	1272.32	752.69	6.0464	5.9857
848228683050	1318.55	723.40	1269.16	750.58	6.0411	5.9846
848228691383	1320.91	725.71	1270.09	751.70	6.0527	5.9717
848228699716	1316.52	726.54	1278.63	751.13	6.0374	5.9644
848228708050	1316.58	725.31	1277.35	751.55	6.0473	5.9673
848228716383	1318.74	723.05	1276.50	748.48	6.0432	5.9693
848228724719	1317.46	725.57	1268.61	749.65	6.0322	5.9693
848228733051	1317.07	723.41	1270.27	746.67	6.0456	5.9689
848228741385	1321.25	721.67	1273.95	750.71	6.0308	5.9615
848228749718	1313.61	729.56	1273.30	752.58	6.0300	5.9544
848228758051	1315.30	736.59	1270.98	750.61	6.0188	5.9654
848228766385	1314.32	731.10	1270.62	751.19	6.0238	5.9570
848228774718	1318.80	733.98	1270.84	756.33	6.0169	5.9581
848228783051	1316.28	732.71	1270.93	758.96	6.0266	5.9583
848228791385	1314.01	738.59	1274.81	752.91	6.0203	5.9572
848228799718	1313.20	734.12	1262.37	752.60	6.0152	5.9700
848228808051	1311.82	727.59	1263.50	750.48	6.0117	5.9594
848228816384	1314.09	722.15	1267.23	747.30	6.0193	5.9527
848228824717	1317.40	721.46	1265.71	753.59	6.0096	5.9428
848228833050	1312.61	719.71	1265.88	753.23	6.0089	5.9431
848228841384	1310.07	722.51	1268.60	754.30	5.9952	5.9431
848228849717	1320.77	725.23	1275.73	752.77	6.0015	5.9412
848228858056	1311.70	730.51	1263.10	755.30	5.9880	5.9478
848228866390	1311.25	729.82	1272.45	755.44	5.9948	5.9517
848228874722	1309.26	737.26	1266.48	757.41	5.9725	5.9278
848228883064	1309.12	728.01	1282.28	752.28	5.9785	5.9202
848228891389	1312.61	730.91	1273.04	753.04	5.9795	5.9202
848228899721	1311.55	721.53	1269.35	754.81	5.9900	5.9272
848228908054	1313.53	719.05	1281.50	754.35	5.9643	5.9312
848228916388	1312.40	718.25	1281.03	750.24	5.9547	5.9069
848228924721	1313.57	724.55	1279.01	753.92	5.9491	5.8843
848228933054	1306.67	722.82	1264.24	761.55	5.9376	5.9097
848228941388	1304.46	725.04	1275.14	766.06	5.9212	5.8916
848228949721	1305.93	718.03	1277.28	759.63	5.9250	5.8963
848228958054	1305.18	717.24	1274.50	745.76	5.9024	5.8982
848228966388	1299.87	730.55	1274.62	753.23	5.8871	5.8917
848228974720	1303.80	722.22	1277.68	764.75	5.8737	5.8918
848228983062	1305.44	722.44	1282.44	765.07	5.8708	5.8725
848228991392	1304.93	723.83	1279.12	760.89	5.8505	5.8550
848228999725	1301.22	729.85	1289.23	758.28	5.8447	5.8412
848229008058	1307.15	722.75	1284.67	760.44	5.8386	5.8576
848229016391	1301.87	718.05	1281.58	754.80	5.8203	5.8312
848229024724	1303.86	726.68	1283.97	757.34	5.8150	5.8351
848229033058	1299.93	724.97	1285.06	754.30	5.7980	5.8182
848229041392	1302.13	727.32	1270.86	765.55	5.7831	5.8295
848229049725	1301.80	730.13	1283.60	760.47	5.7788	5.8002
848229058058	1304.58	722.93	1280.34	755.18	5.7620	5.7864
848229066392	1303.54	723.05	1288.35	755.74	5.7537	5.7609
848229074725	1299.79	721.76	1286.10	761.29	5.7415	5.7736
848229083058	1300.38	717.41	1281.90	763.30	5.7229	5.7563
848229091392	1303.11	722.73	1281.89	758.22	5.7103	5.7411
848229099724	1299.70	719.37	1285.64	756.07	5.6973	5.7338
848229108058	1304.50	723.28	1287.32	758.79	5.6907	5.7238
848229116392	1299.24	727.33	1283.35	761.48	5.6674	5.7166
848229124730	1302.24	731.13	1288.39	759.63	5.6723	5.7063
848229133063	1298.52	725.49	1285.23	759.53	5.6554	5.7063
848229141396	1300.71	727.31	1276.07	758.23	5.6500	5.6980
848229149728	1299.93	723.25	1280.13	759.98	5.6367	5.7005
848229158061	1298.02	725.09	1275.42	758.07	5.6324	5.6916
848229166394	1301.30	724.11	1271.17	760.15	5.6263	5.6732
848229174726	1297.13	726.07	1272.24	759.55	5.5866	5.6578
848229183060	1299.77	727.55	1272.80	763.35	5.6013	5.6677
848229191394	1301.21	723.07	1282.08	759.91	5.5894	5.6587
848229199727	1299.93	725.64	1277.94	761.20	5.5703	5.6636
848229208060	1293.66	719.48	1275.54	758.26	5.5658	5.6427
848229216393	1299.82	720.90	1269.24	764.16	5.5698	5.6563
848229224727	1297.25	724.96	1279.15	755.41	5.5571	5.6307
848229233059	1296.36	723.22	1284.88	755.54	5.5538	5.6181
848229241392	1294.34	720.62	1282.55	760.46	5.5397	5.6136
848229249729	1298.25	720.93	1272.42	764.43	5.5293	5.6120
848229258062	1300.09	726.22	1283.02	754.27	5.5319	5.6087
848229266396	1297.70	723.00	1282.87	753.77	5.5380	5.6047
848229274729	1296.88	725.83	1285.12	753.07	5.5179	5.5833
848229283062	1292.58	720.41	1268.89	763.53	5.5223	5.6122
848229291395	1302.27	719.25	1279.68	758.84	5.5144	5.5918
848229299728	1298.94	728.84	1277.24	755.44	5.4930	5.5861
848229308062	1300.11	729.18	1271.96	755.92	5.4917	5.5794
848229316395	1296.08	724.86	1280.78	751.25	5.4976	5.5760
848229324728	1297.75	722.44	1274.67	760.11	5.4876	5.5835
848229333061	1296.10	720.19	1282.11	749.79	5.5052	5.5598
848229341402	1296.65	725.00	1282.03	762.31	5.4893	5.5702
848229349727	1294.70	728.08	1293.47	756.98	5.4694	5.5446
848229358061	1298.16	722.36	1281.01	753.50	5.4715	5.5596
848229366394	1301.86	717.82	1272.39	755.17	5.4808	5.5723
848229374728	1298.30	721.85	1283.56	755.37	5.4825	5.5681
848229383070	1301.37	727.81	1286.96	750.78	5.4762	5.5603
848229391403	1298.98	720.68	1276.49	760.67	5.4711	5.5722
848229399735	1296.40	719.24	1280.90	750.77	5.4776	5.5433
848229408078	1293.99	720.68	1276.97	756.51	5.4736	5.5581
848229416411	1293.41	728.07	1288.70	751.25	5.4892	5.5474
848229424735	1297.34	720.06	1288.12	752.70	5.4871	5.5656
848229433068	1297.10	715.52	1279.65	750.26	5.4752	5.5593
848229441401	1300.16	720.34	1280.14	749.15	5.4884	5.5489
848229449734	1302.66	716.71	1271.81	753.37	5.4914	5.5677
848229458068	1298.57	718.21	1270.67	749.58	5.4719	5.5730
848229466401	1297.54	724.83	1271.99	753.88	5.4805	5.5604
848229474734	1303.39	716.71	1279.45	745.65	5.4986	5.5504
848229483068	1301.94	721.67	1279.74	751.55	5.5001	5.5736
848229491400	1301.39	724.90	1273.92	755.35	5.4869	5.5750
848229499742	1297.47	720.61	1277.82	752.33	5.5008	5.5647
848229508075	1300.99	711.80	1275.65	754.00	5.5088	5.5811
848229516402	1299.22	712.39	1274.59	747.38	5.5153	5.5671
848229524736	1295.30	720.77	1281.30	747.12	5.5144	5.5674
848229533068	1290.91	718.64	1280.50	753.58	5.5115	5.5658
848229541402	1300.09	715.36	1288.48	740.21	5.5155	5.5743
848229549735	1301.24	712.08	1273.43	754.07	5.5269	5.5848
848229558068	1303.48	709.15	1283.04	739.94	5.5332	5.5723
848229566402	1300.74	710.14	1269.95	752.10	5.5321	5.5946
848229574735	1302.76	718.30	1278.31	748.23	5.5268	5.5726
848229583068	1304.36	720.01	1276.65	752.12	5.5375	5.5879
848229591402	1310.26	727.31	1278.37	755.38	5.5354	5.5935
848229599736	1302.96	716.16	1279.80	751.17	5.5398	5.6028
848229608069	1300.81	712.35	1271.82	756.75	5.5536	5.6153
848229616402	1294.40	723.13	1261.42	760.68	5.5590	5.6239
848229624735	1300.84	734.06	1262.97	762.89	5.5508	5.6240
848229633068	1294.92	730.34	1263.80	761.35	5.5641	5.6310
848229641402	1289.40	728.63	1267.20	763.42	5.5563	5.6378
848229649740	1286.69	729.23	1265.63	759.88	5.5646	5.6384
848229658071	1292.77	728.53	1262.52	759.71	5.5796	5.6302
848229666405	1289.51	722.65	1263.01	762.13	5.5890	5.6414
848229674739	1293.45	733.32	1259.97	762.61	5.5775	5.6581
848229683073	1284.76	733.44	1266.85	756.06	5.5762	5.6321
848229691406	1292.76	734.23	NaN	NaN	5.5748	NaN
848229699739	1294.59	724.73	1265.44	759.75	5.6143	5.6676
848229708071	1300.01	727.33	NaN	NaN	5.6116	NaN
848229716405	1300.08	732.92	1270.44	761.74	5.6088	5.6698
848229724739	1296.16	736.01	1258.73	763.60	5.6065	5.6889
848229733072	1292.74	723.39	1270.16	766.59	5.6201	5.6778
848229741403	1290.85	730.30	1264.78	757.10	5.6273	5.6925
848229749736	1288.96	734.43	1252.09	765.64	5.6328	5.7087
848229758069	1292.03	731.86	1256.77	764.14	5.6334	5.7002
848229766403	1294.23	723.89	1258.23	759.54	5.6469	5.7166
848229774741	1291.91	729.55	1260.97	767.53	5.6392	5.6996
848229783073	1297.23	735.56	1262.12	765.40	5.6321	5.7140
848229791407	1295.05	728.68	1261.95	762.10	5.6568	5.7163
848229799740	1293.17	730.90	1260.21	758.72	5.6590	5.7202
848229808074	1294.81	737.05	1268.14	762.58	5.6572	5.7163
848229816407	1294.57	741.17	1261.99	766.61	5.6598	5.7282
848229824739	1293.17	737.82	1261.54	760.94	5.6743	5.7266
848229833072	1290.96	739.07	1261.02	761.16	5.6674	5.7312
848229841406	1288.81	739.37	1255.83	765.86	5.6779	5.7527
848229849739	1293.99	726.61	1265.39	762.75	5.6788	5.7285
848229858073	1293.82	731.71	1268.65	768.30	5.6791	5.7422
848229866406	1297.10	732.76	1261.25	767.93	5.6860	5.7765
848229874739	1301.00	743.49	1268.93	766.13	5.6881	5.7453
848229883072	1300.65	736.01	1268.50	760.81	5.6920	5.7693
848229891406	1305.24	733.94	1269.08	769.96	5.7040	5.7661
848229899739	1300.87	741.52	1270.76	763.69	5.7046	5.7520
848229908078	1299.75	738.91	1270.24	759.54	5.7139	5.7643
848229916412	1292.22	740.90	1259.15	770.41	5.7112	5.7721
848229924745	1293.02	732.21	1268.77	762.03	5.7095	5.7643
848229933079	1292.17	728.61	1268.39	767.02	5.7109	5.7811
848229941412	1299.04	736.13	1266.13	771.39	5.7160	5.7744
848229949744	1308.45	741.16	1266.27	766.60	5.7244	5.7852
848229958077	1304.27	740.60	1271.31	762.42	5.7279	5.7845
848229966411	1293.15	733.80	1265.57	762.09	5.7205	5.8037
848229974744	1295.41	729.21	1259.31	769.07	5.7400	5.8076
848229983077	1290.90	733.60	1260.86	759.93	5.7334	5.7802
848229991409	1295.31	732.10	1263.46	761.78	5.7395	5.7893
848229999742	1305.70	734.16	1268.37	767.71	5.7478	5.7904
848230008075	1303.28	746.72	1268.29	764.10	5.7272	5.8014
848230016408	1304.02	738.23	1264.88	759.13	5.7465	5.8115
848230024742	1298.29	738.48	1271.06	757.26	5.7363	5.8090
848230033076	1296.91	736.34	1273.34	759.76	5.7479	5.7858
848230041413	1296.39	735.05	1264.18	759.30	5.7539	5.8092
848230049747	1294.86	734.98	1270.21	758.43	5.7460	5.7946
848230058081	1296.16	734.36	1263.27	756.35	5.7561	5.7968
848230066414	1300.75	739.38	1266.37	760.82	5.7480	5.8039
848230074746	1297.57	740.11	1264.16	763.05	5.7495	5.7971
848230083079	1301.75	741.26	1262.66	770.64	5.7544	5.8071
848230091412	1296.11	743.19	1267.88	760.20	5.7586	5.7894
848230099746	1297.97	740.77	1266.78	763.59	5.7505	5.8065
848230108080	1299.26	745.16	1264.58	758.20	5.7428	5.8144
848230116411	1305.50	744.69	1262.50	767.89	5.7507	5.8283
848230124746	1295.83	731.07	1266.93	763.36	5.7670	5.8156
848230133079	1291.56	734.35	1270.71	761.73	5.7564	5.8164
848230141412	1297.16	742.61	1266.71	763.01	5.7573	5.8332
848230149745	1296.88	730.86	1271.09	762.57	5.7643	5.8089
848230158078	1295.39	730.33	1272.37	760.75	5.7425	5.7963
848230166411	1293.99	739.33	1267.57	764.04	5.7520	5.8077
848230174748	1296.84	732.46	1267.90	760.13	5.7478	5.8181
848230183090	1298.99	732.94	1261.16	759.41	5.7341	5.8061
848230191414	1301.86	744.53	1276.01	766.39	5.7244	5.7950
848230199747	1299.16	734.81	1274.04	763.52	5.7426	5.7854
848230208081	1298.65	734.17	1265.90	766.01	5.7349	5.7854
848230216414	1297.34	731.29	1268.22	757.62	5.7341	5.7829
848230224747	1296.38	736.16	1284.43	760.76	5.7300	5.7736
848230233089	1300.39	744.83	1279.67	758.76	5.7202	5.7772
848230241422	1293.72	734.04	1271.69	758.06	5.7131	5.7850
848230249755	1290.89	732.71	1267.40	762.59	5.7125	5.7748
848230258080	1294.45	735.99	1271.50	758.85	5.7171	5.7844
848230266413	1287.55	735.89	1262.83	756.48	5.6946	5.7574
848230274746	1286.55	735.93	1261.77	758.02	5.6748	5.7868
848230283080	1292.35	732.96	1271.15	756.23	5.6904	5.7572
848230291421	1288.68	732.80	1267.99	760.96	5.6813	5.7574
848230299760	1287.71	745.39	1270.92	760.48	5.6847	5.7541
848230308085	1284.00	735.49	1270.87	758.47	5.6771	5.7627
848230316418	1290.66	732.62	1265.27	765.48	5.6709	5.7507
848230324760	1287.54	733.71	1257.31	760.12	5.6705	5.7540
848230333093	1290.00	738.66	1259.30	759.19	5.6599	5.7467
848230341426	1293.27	737.83	1262.20	756.89	5.6500	5.7529
848230349759	1289.39	728.43	1254.16	759.43	5.6519	5.7499
848230358084	1298.57	728.68	1255.12	755.56	5.6512	5.7529
848230366418	1293.27	730.74	1258.53	758.21	5.6495	5.7352
848230374751	1298.51	738.17	1264.04	756.45	5.6506	5.7426
848230383084	1297.45	728.47	1264.57	760.25	5.6478	5.7525
848230391417	1293.41	731.44	1270.19	753.19	5.6318	5.7318
848230399751	1294.47	740.21	1271.37	754.32	5.6377	5.7392
848230408083	1291.01	731.44	1266.56	759.69	5.6353	5.7320
848230416425	1290.80	731.91	1261.74	763.31	5.6178	5.7406
848230424749	1290.97	723.44	1266.52	761.72	5.6280	5.7383
848230433087	1295.01	732.36	1265.50	756.88	5.6211	5.7383
848230441420	1295.30	731.51	1262.74	765.47	5.6168	5.7216
848230449753	1293.62	729.15	1268.95	765.58	5.6149	5.7089
848230458087	1295.24	724.18	1266.92	765.11	5.6070	5.7271
848230466420	1296.20	731.87	1273.54	754.46	5.5986	5.6991
848230474753	1296.92	735.95	1262.24	755.27	5.5979	5.6989
848230483087	1299.37	731.12	1265.09	763.59	5.5922	5.6725
848230491420	1306.96	731.49	1276.48	775.32	5.5852	5.6328
848230499754	1299.67	718.01	1277.53	841.98	5.6252	5.5074
848230508087	1299.06	808.30	NaN	NaN	5.3825	NaN
848230516419	NaN	NaN	NaN	NaN	NaN	NaN
848230524753	NaN	NaN	NaN	NaN	NaN	NaN
848230533086	NaN	NaN	NaN	NaN	NaN	NaN
848230541420	NaN	NaN	NaN	NaN	NaN	NaN
848230549753	NaN	NaN	NaN	NaN	NaN	NaN
848230558086	NaN	NaN	NaN	NaN	NaN	NaN
848230566425	NaN	NaN	NaN	NaN	NaN	NaN
848230574756	NaN	NaN	NaN	NaN	NaN	NaN
848230583090	NaN	NaN	NaN	NaN	NaN	NaN
848230591423	NaN	NaN	NaN	NaN	NaN	NaN
848230599756	1488.81	1440.09	NaN	NaN	2.7285	NaN
848230608090	NaN	NaN	NaN	NaN	NaN	NaN
848230616424	NaN	NaN	NaN	NaN	NaN	NaN
848230624757	NaN	NaN	NaN	NaN	NaN	NaN
848230633090	1421.80	859.89	NaN	NaN	5.0317	NaN
848230641424	1368.47	797.41	1208.43	995.74	5.2082	4.7444
848230649757	1369.26	727.79	1261.42	910.84	5.4320	5.1002
848230658089	1318.18	733.32	1295.80	809.31	5.5183	5.4678
848230666422	1355.98	759.07	1305.75	814.53	5.2922	5.4606
848230674755	1331.94	744.18	1301.86	808.97	5.4719	5.4648
848230683089	1314.79	706.95	1271.21	798.38	5.5279	5.5230
848230691425	1303.87	706.90	1271.65	773.85	5.5541	5.5817
848230699759	1307.02	703.59	1277.12	744.91	5.5628	5.6374
848230708092	1310.64	739.02	1276.39	749.84	5.5105	5.6168
848230716425	1313.54	729.36	1271.36	775.29	5.5342	5.5842
848230724758	1322.62	731.60	1264.87	742.52	5.5247	5.6226
848230733091	1317.95	745.08	1268.25	774.83	5.4986	5.5515
848230741424	1317.52	734.70	1268.99	790.14	5.5186	5.5492
848230749757	1313.14	729.48	1272.25	793.95	5.5132	5.5536
848230758090	1312.18	734.07	1275.16	783.52	5.4924	5.5412
848230766424	1312.24	737.23	1279.93	777.12	5.4986	5.5390
848230774757	1321.67	733.57	1274.73	773.78	5.4968	5.5443
848230783090	1319.66	745.57	1275.77	772.74	5.4881	5.5262
848230791424	1314.25	751.38	1276.33	782.47	5.5085	5.5372
848230799756	1308.73	747.39	1288.91	781.81	5.5026	5.5355
848230808090	1317.17	740.91	1289.01	787.27	5.5009	5.5330
848230816423	1319.25	733.28	1297.50	769.97	5.5071	5.5345
848230824762	1314.64	744.28	1261.56	785.34	5.4879	5.5565
848230833095	1306.73	749.57	1279.16	775.52	5.5089	5.5385
848230841428	1318.28	751.66	1270.83	783.47	5.4954	5.5442
848230849762	1309.25	748.68	1277.37	778.07	5.5036	5.5412
848230858095	1321.05	742.94	1284.72	770.84	5.5116	5.5420
848230866428	1310.22	741.61	1273.26	781.08	5.5069	5.5279
848230874762	1316.92	745.34	1279.10	787.26	5.5075	5.5431
848230883095	1317.38	745.88	1261.89	782.65	5.5023	5.5504
848230891428	1310.12	749.35	1270.30	782.62	5.5114	5.5381
848230899761	1307.35	743.15	1277.61	770.67	5.5078	5.5341
848230908095	1321.53	743.31	1270.86	772.37	5.5188	5.5492
848230916427	1321.14	732.77	1270.22	766.17	5.5183	5.5331
848230924761	1318.61	733.90	1284.08	761.24	5.5196	5.5357
848230933094	1312.60	738.99	1280.01	778.14	5.5271	5.5697
848230941427	1317.81	747.84	1278.81	766.74	5.5151	5.5452
848230949761	1316.52	749.00	1281.70	762.06	5.5170	5.5495
848230958099	1314.36	750.75	1268.10	771.97	5.5210	5.5558
848230966432	1314.80	743.04	1265.52	778.84	5.5294	5.5693
848230974764	1306.50	735.51	1278.33	777.62	5.5202	5.5637
848230983098	1308.35	737.73	1279.67	781.83	5.5263	5.5607
848230991431	1312.08	738.42	1280.89	784.04	5.5343	5.5766
848230999763	1314.19	737.32	1270.49	778.20	5.5431	5.5752
848231008097	1311.80	743.18	1264.05	783.90	5.5503	5.5749
848231016430	1309.28	749.74	1267.50	771.42	5.5401	5.5748
848231024764	1312.60	745.69	1264.58	764.05	5.5428	5.5984
848231033097	1313.83	742.15	1274.37	778.37	5.5363	5.5790
848231041430	1310.09	746.90	1266.05	761.38	5.5443	5.5995
848231049763	1312.27	746.78	1273.94	772.13	5.5679	5.5806
848231058096	1307.11	749.96	1263.00	771.36	5.5453	5.5969
848231066430	1304.53	740.08	1271.46	762.02	5.5566	5.5917
848231074763	1308.15	747.20	1274.58	779.73	5.5707	5.5918
848231083095	1305.74	732.96	1271.08	767.83	5.5788	5.6082
848231091434	1311.33	748.91	1269.68	775.74	5.5709	5.5989
848231099768	1310.52	747.69	1278.43	760.16	5.5804	5.6098
848231108101	1309.71	751.51	1282.85	772.18	5.5855	5.5991
848231116434	1311.47	752.79	1276.80	767.15	5.5771	5.6115
848231124768	1311.03	752.02	1266.54	762.58	5.5693	5.6323
848231133101	1313.91	739.14	1274.39	771.54	5.5786	5.6231
848231141434	1309.02	735.84	1278.38	760.83	5.5839	5.6184
848231149767	1311.46	736.75	1270.82	759.66	5.5959	5.6468
848231158100	1306.32	737.62	1271.10	759.70	5.5849	5.6236
848231166433	1312.17	748.66	1271.37	760.95	5.5849	5.6416
848231174766	1312.11	753.37	1267.28	759.78	5.5953	5.6548
848231183099	1312.59	730.28	1270.00	756.76	5.5866	5.6494
848231191432	1311.98	750.07	1267.96	752.09	5.5901	5.6436
848231199766	1309.94	734.78	1270.14	761.56	5.5768	5.6560
848231208100	1316.04	751.58	1274.99	764.39	5.5803	5.6519
848231216437	1313.31	739.11	1266.01	766.77	5.5715	5.6546
848231224770	1315.93	745.83	1273.09	768.57	5.5815	5.6371
848231233103	1314.19	752.35	1260.12	771.12	5.5817	5.6317
848231241437	1314.46	751.65	1265.15	773.64	5.5777	5.6258
848231249769	1313.00	755.27	1253.48	770.95	5.5694	5.6380
848231258103	1313.68	752.34	1264.75	770.49	5.5505	5.6253
848231266436	1309.28	737.31	1269.20	779.06	5.5578	5.6378
848231274770	1310.90	748.34	1278.00	775.86	5.5531	5.6259
848231283103	1306.05	749.61	1279.67	774.84	5.5472	5.6366
848231291436	1309.44	737.31	1272.43	782.29	5.5654	5.6348
848231299769	1307.73	750.16	1268.56	768.00	5.5419	5.6204
848231308102	1304.98	755.06	1267.95	783.24	5.5370	5.6124
848231316436	1309.64	749.13	1280.48	787.51	5.5363	5.5983
848231324769	1307.19	749.39	1278.44	778.54	5.5327	5.5826
848231333101	1309.37	748.66	1270.48	797.04	5.5163	5.5987
848231341435	1308.41	750.09	1268.85	780.07	5.5162	5.5921
848231349773	1309.19	751.94	1266.45	774.37	5.5279	5.5800
848231358107	1304.30	753.94	1270.52	763.88	5.5034	5.5737
848231366440	1308.73	750.62	1266.46	762.96	5.5053	5.5684
848231374774	1312.70	747.56	1263.48	764.91	5.5149	5.5851
848231383106	1298.87	737.86	1267.57	767.62	5.5080	5.5782
848231391440	1300.65	744.66	1264.75	778.10	5.4937	5.5777
848231399773	1303.01	754.31	1258.90	776.10	5.4878	5.5799
848231408105	1303.55	736.26	1268.33	764.26	5.4989	5.5587
848231416439	1304.44	746.15	1259.94	771.04	5.4849	5.5832
848231424772	1304.42	748.72	1258.68	772.62	5.4843	5.5581
848231433106	1306.78	743.14	1261.97	773.89	5.4838	5.5714
848231441439	1306.18	741.49	1261.46	771.82	5.4715	5.5474
848231449772	1302.65	751.05	1268.13	771.03	5.4693	5.5562
848231458106	1302.62	754.39	1267.32	767.48	5.4666	5.5459
848231466439	1301.73	753.80	1266.97	772.28	5.4487	5.5557
848231474772	1293.26	750.87	1264.46	777.54	5.4695	5.5427
848231483108	1286.70	730.10	1251.89	761.77	5.4630	5.5355
848231491442	1292.09	734.65	1255.42	759.45	5.4467	5.5132
848231499774	1295.34	742.83	1249.20	767.46	5.4558	5.5306
848231508108	1298.63	747.88	1257.64	761.01	5.4606	5.5125
848231516441	1298.03	747.93	1260.71	761.58	5.4497	5.5197
848231524774	1294.63	744.48	1264.12	762.03	5.4399	5.5162
848231533107	1296.79	737.85	1258.03	771.56	5.4586	5.5307
848231541441	1296.34	731.18	1258.07	758.30	5.4491	5.5288
848231549774	1297.30	734.11	1251.52	760.44	5.4433	5.5288
848231558107	1296.10	744.97	1258.94	771.04	5.4329	5.5076
848231566441	1291.21	738.30	1273.58	759.94	5.4391	5.4982
848231574774	1290.57	729.63	1263.60	759.15	5.4361	5.5075
848231583106	1288.15	733.62	1260.35	766.60	5.4300	5.4972
848231591440	1294.72	744.56	1269.29	769.28	5.4265	5.4967
848231599773	1292.92	739.85	1271.46	760.23	5.4242	5.4728
848231608107	1289.02	739.35	1272.59	763.47	5.4162	5.4743
848231616443	1287.75	727.72	1264.34	761.92	5.4156	5.4846
848231624776	1287.13	727.47	1270.44	760.13	5.4180	5.4742
848231633109	1290.36	733.16	1275.03	756.75	5.4143	5.4699
848231641443	1295.39	739.06	1274.33	758.62	5.4186	5.4703
848231649775	1295.47	739.29	1272.21	759.88	5.4046	5.4673
848231658108	1297.06	746.53	1273.64	754.37	5.3970	5.4676
848231666442	1294.14	743.58	1274.20	758.04	5.3819	5.4639
848231674775	1295.25	744.21	1269.26	757.95	5.3952	5.4525
848231683109	1298.04	747.58	1279.94	757.60	5.3898	5.4265
848231691442	1293.84	739.40	1265.80	765.71	5.3841	5.4540
848231699775	1292.78	737.74	1270.52	764.73	5.3865	5.4244
848231708109	1295.02	734.71	1276.56	755.06	5.3887	5.4194
848231716442	1291.42	738.81	1272.91	760.89	5.3780	5.4135
848231724774	1291.59	730.83	1261.55	763.10	5.3672	5.4361
848231733107	1288.43	731.16	1264.61	762.81	5.3774	5.4136
848231741448	1290.53	731.98	1267.63	760.52	5.3563	5.3975
848231749781	1292.98	728.93	1261.60	765.48	5.3648	5.4290
848231758115	1292.40	733.43	1273.50	760.75	5.3426	5.3976
848231766447	1290.57	734.45	1274.23	759.46	5.3504	5.4063
848231774780	1288.42	740.05	1271.68	756.75	5.3508	5.3893
848231783114	1293.55	743.49	1276.09	751.83	5.3544	5.3838
848231791447	1287.89	738.12	1276.94	751.56	5.3450	5.3822
848231799780	1289.78	733.71	1272.55	758.51	5.3299	5.3917
848231808114	1288.86	733.63	1267.51	752.14	5.3291	5.3766
848231816446	1288.91	729.68	1260.63	758.97	5.3174	5.3874
848231824780	1289.22	727.99	1269.56	753.78	5.3133	5.3550
848231833112	1294.20	733.16	1271.92	753.36	5.3283	5.3588
848231841446	1289.12	727.08	1256.90	765.22	5.3282	5.3867
848231849779	1287.76	733.47	1276.01	752.93	5.3220	5.3501
848231858112	1290.33	728.34	1267.20	762.32	5.3216	5.3705
848231866446	1289.91	743.80	1266.10	764.48	5.3172	5.3657
848231874783	1287.98	740.48	1264.00	768.67	5.3178	5.3755
848231883117	1286.13	741.83	1267.64	764.44	5.2784	5.3654
848231891448	1288.37	742.34	1269.43	762.50	5.3142	5.3593
848231899782	1282.48	735.51	1265.95	756.34	5.2907	5.3679
848231908115	1288.33	739.53	1268.93	760.65	5.3029	5.3652
848231916449	1287.08	736.87	1255.39	771.97	5.3087	5.3950
848231924782	1293.17	738.34	1267.37	763.61	5.3086	5.3585
848231933115	1289.42	737.03	1273.12	760.57	5.3020	5.3498
848231941448	1289.73	732.02	1269.17	764.30	5.3129	5.3698
848231949782	1292.75	738.98	1279.22	761.44	5.3166	5.3462
848231958115	1292.34	727.76	1273.50	763.98	5.3001	5.3662
848231966448	1288.46	729.57	1267.24	761.70	5.2994	5.3739
848231974781	1288.68	729.17	1270.28	755.92	5.3013	5.3580
848231983114	1277.89	725.66	1267.78	763.18	5.2964	5.3797
848231991448	1292.37	735.42	1278.91	757.93	5.2925	5.3408
848231999781	1290.61	730.27	1275.03	762.74	5.3149	5.3630
848232008119	1287.22	729.71	1274.86	760.38	5.3092	5.3556
848232016452	1288.35	732.43	1271.85	763.04	5.3033	5.3637
848232024786	1284.34	726.26	1265.52	768.88	5.3051	5.3718
848232033118	1288.98	736.16	1270.42	755.96	5.3048	5.3640
848232041451	1283.76	733.07	1266.56	762.39	5.2948	5.3627
848232049785	1286.14	728.12	1258.72	766.87	5.3067	5.3779
848232058118	1282.23	728.75	1265.09	768.50	5.2959	5.3877
848232066452	1287.04	724.75	1270.80	753.59	5.3024	5.3549
848232074785	1289.65	724.51	1263.18	765.49	5.3102	5.3671
848232083118	1287.03	722.00	1271.47	762.51	5.3134	5.3574
848232091451	1287.01	723.39	1271.26	755.60	5.2985	5.3568
848232099783	1291.48	726.23	1270.59	752.76	5.2931	5.3591
848232108117	1290.45	735.49	1267.03	756.18	5.2990	5.3771
848232116451	1280.97	733.05	1267.64	745.21	5.3058	5.3676
848232124783	1283.92	733.04	1269.37	746.05	5.3109	5.3665
848232133118	1279.54	737.31	1261.87	751.85	5.3042	5.3859
848232141451	1286.13	735.85	1258.27	744.71	5.3027	5.3702
848232149785	1282.58	739.12	1265.29	752.84	5.3035	5.3694
848232158118	1282.30	735.14	1272.23	746.56	5.2969	5.3581
848232166451	1282.77	727.15	1271.24	750.44	5.2952	5.3624
848232174785	1284.80	730.50	1266.89	759.14	5.3029	5.3782
848232183118	1285.38	724.92	1271.86	762.26	5.3160	5.3707
848232191451	1281.21	725.79	1271.99	761.49	5.2922	5.3610
848232199785	1283.34	723.75	1260.63	771.65	5.2968	5.3877
848232208118	1283.58	730.69	1274.58	759.66	5.2967	5.3601
848232216451	1288.23	727.07	1274.21	760.95	5.3125	5.3650
848232224783	1286.29	729.63	1275.66	755.40	5.3051	5.3625
848232233117	1280.74	723.74	1266.09	756.59	5.2949	5.3952
848232241451	1287.85	722.49	1269.00	748.59	5.3156	5.3868
848232249783	1282.82	726.00	1267.00	749.03	5.3050	5.3839
848232258117	1284.05	727.73	1267.63	742.71	5.3084	5.3661
848232266459	1286.70	729.71	1268.47	747.74	5.3234	5.3846
848232274792	1279.59	730.09	1276.24	742.21	5.2824	5.3684
848232283126	1280.08	719.50	1263.14	749.06	5.3131	5.4000
848232291458	1286.79	725.69	1264.20	755.77	5.3116	5.3952
848232299792	1283.64	721.65	1270.20	749.90	5.3190	5.3952
848232308125	1285.55	729.88	1273.14	754.38	5.3220	5.3993
848232316458	1284.28	728.85	1266.62	761.20	5.3165	5.4103
848232324792	1288.11	725.87	1259.56	768.78	5.3131	5.4186
848232333125	1285.01	733.01	1263.33	765.56	5.3274	5.4084
848232341458	1287.79	731.23	1262.77	761.59	5.3432	5.4125
848232349791	1281.19	732.61	1260.83	765.89	5.3287	5.4154
848232358124	1281.63	729.91	1264.70	757.26	5.3476	5.4216
848232366458	1292.26	733.03	1268.02	751.40	5.3588	5.4048
848232374789	1288.72	721.15	1269.30	750.41	5.3506	5.4181
848232383123	1286.72	731.68	1263.95	749.12	5.3490	5.4180
848232391457	1283.94	724.53	1267.79	748.10	5.3565	5.4078
848232399792	1287.50	726.17	1271.92	747.42	5.3536	5.4157
848232408126	1284.63	724.81	1267.44	747.21	5.3651	5.4257
848232416459	1288.15	722.22	1262.03	750.45	5.3571	5.4439
848232424793	1288.55	726.97	1269.19	746.10	5.3697	5.4339
848232433126	1286.22	720.30	1259.24	743.83	5.3780	5.4494
848232441459	1286.41	726.09	1263.05	744.13	5.3647	5.4438
848232449793	1288.99	731.11	1265.04	744.49	5.3771	5.4503
848232458125	1285.79	725.38	1269.89	744.36	5.3858	5.4474
848232466458	1286.49	728.00	1270.25	744.53	5.3879	5.4549
848232474792	1285.93	733.82	1269.45	753.58	5.3777	5.4592
848232483125	1287.80	731.09	1275.93	736.40	5.3887	5.4337
848232491458	1289.04	724.41	1273.40	751.98	5.4062	5.4628
848232499791	1287.38	721.18	1275.16	744.89	5.3898	5.4588
848232508125	1288.39	724.45	1278.25	747.19	5.4130	5.4546
848232516458	1291.40	721.80	1273.30	750.84	5.4010	5.4801
848232524791	1289.20	726.00	1274.93	744.95	5.3937	5.4621
848232533129	1292.79	733.84	1277.26	747.86	5.4050	5.4720
848232541462	1286.28	735.98	1277.25	741.58	5.4013	5.4602
848232549796	1290.05	730.75	1278.22	745.83	5.3970	5.4765
848232558129	1289.69	735.36	1280.27	746.28	5.3936	5.4730
848232566462	1285.43	726.04	1282.70	746.27	5.4132	5.4691
848232574796	1290.00	722.25	1276.42	751.74	5.3932	5.4653
848232583129	1290.35	723.67	1281.58	750.39	5.3960	5.4746
848232591461	1283.67	719.67	1274.39	758.25	5.3997	5.4847
848232599795	1291.76	722.70	1283.65	757.30	5.4059	5.4747
848232608127	1285.35	724.91	1284.00	748.32	5.4073	5.4537
848232616461	1288.63	728.77	1279.85	751.58	5.3925	5.4795
848232624794	1292.59	727.87	1283.19	757.11	5.4087	5.4673
848232633127	1289.88	724.23	1279.44	753.77	5.4038	5.4718
848232641460	1284.86	725.12	1273.81	757.05	5.3977	5.4764
848232649793	1290.59	728.32	1286.28	754.93	5.3975	5.4613
848232658148	1286.14	723.14	1274.26	758.09	5.3758	5.4934
848232666481	1283.24	723.17	1278.09	755.96	5.3917	5.4782
848232674815	1287.31	734.29	1283.73	744.28	5.3683	5.4595
848232683148	1287.78	731.57	1279.86	747.81	5.3732	5.4674
848232691481	1287.98	729.91	1276.64	749.20	5.3699	5.4620
848232699814	1285.74	729.85	1271.51	753.32	5.3687	5.4767
848232708147	1290.22	724.27	1283.08	751.10	5.3829	5.4567
848232716480	1289.29	717.47	1273.37	749.49	5.3712	5.4721
848232724814	1290.76	731.55	1284.35	751.43	5.3602	5.4342
848232733146	1291.15	731.43	1277.17	751.67	5.3718	5.4536
848232741480	1287.70	725.60	1282.59	754.08	5.3528	5.4465
848232749814	1290.01	734.12	1280.94	754.98	5.3419	5.4415
848232758147	1288.25	734.18	1279.86	757.52	5.3523	5.4536
848232766480	1287.42	737.94	1278.99	757.89	5.3282	5.4431
848232774812	1293.82	732.74	1279.40	747.76	5.3335	5.4453
848232783146	1289.74	738.19	1281.04	750.16	5.3296	5.4249
848232791467	1287.81	736.50	1279.26	755.29	5.3315	5.4387
848232799801	1288.79	734.72	1279.43	748.04	5.3185	5.4170
848232808134	1291.05	730.05	1275.82	749.28	5.3391	5.4231
848232816467	1282.75	740.96	1275.76	748.00	5.3207	5.4204
848232824801	1287.73	737.09	1266.27	753.12	5.3120	5.4461
848232833134	1287.97	734.22	1279.56	750.46	5.3178	5.4199
848232841466	1290.60	735.92	1278.17	746.40	5.3090	5.4159
848232849800	1284.58	738.28	1281.04	751.86	5.3134	5.4221
848232858132	1287.70	734.67	1273.06	754.94	5.3148	5.4230
848232866466	1291.25	732.64	1279.25	749.67	5.3164	5.4191
848232874799	1291.70	733.38	1281.93	751.77	5.3024	5.4088
848232883132	1294.25	735.30	1271.16	752.78	5.3062	5.4322
848232891465	1292.47	738.46	1280.53	751.39	5.3075	5.4226
848232899798	1294.91	730.56	1274.63	748.18	5.3096	5.4113
848232908132	1288.55	730.31	1278.82	744.44	5.3066	5.4016
848232916465	1291.27	735.43	1270.30	749.84	5.3079	5.4258
848232924804	1291.08	737.20	1272.80	743.88	5.3107	5.4170
848232933137	1290.34	735.47	1275.90	745.17	5.3110	5.4283
848232941469	1288.35	734.28	1276.64	745.52	5.2952	5.4274
848232949803	1292.71	730.29	1274.91	745.32	5.3171	5.4328
848232958136	1293.76	735.09	1272.29	749.02	5.3109	5.4314
848232966469	1291.37	737.69	1274.19	755.01	5.3125	5.4270
848232974802	1294.51	734.76	1276.87	752.40	5.3075	5.4204
848232983135	1294.21	736.49	1276.56	759.67	5.3121	5.4346
848232991469	1291.32	738.98	1274.69	758.35	5.3169	5.4266
848232999802	1292.27	737.68	1276.27	754.41	5.3158	5.4225
848233008136	1290.32	737.20	1275.46	752.39	5.3128	5.4333
848233016468	1290.58	737.42	1275.81	751.18	5.3073	5.4352
848233024801	1295.45	739.10	1275.31	756.48	5.3318	5.4229
848233033135	1289.94	733.99	1274.88	750.08	5.3182	5.4351
848233041468	1292.72	733.59	1276.99	744.51	5.3148	5.4287
848233049801	1297.62	728.37	1282.95	738.06	5.3253	5.4199
848233058140	1295.99	731.74	1274.63	740.48	5.3105	5.4399
848233066473	1296.56	738.70	1273.65	741.98	5.3130	5.4372
848233074806	1297.76	735.69	1275.78	739.36	5.3162	5.4321
848233083140	1290.65	734.20	1279.68	738.45	5.3157	5.4252
848233091472	1294.58	732.86	1277.61	742.09	5.3250	5.4076
848233099805	1293.57	726.18	1280.75	748.65	5.3119	5.4237
848233108138	1290.88	734.92	1280.10	745.62	5.3010	5.4199
848233116472	1294.45	731.85	1277.55	750.23	5.3067	5.4245
848233124804	1291.69	727.01	1286.63	756.64	5.3130	5.4111
848233133138	1295.27	740.66	1278.34	759.65	5.3027	5.4289
848233141471	1293.05	736.50	1281.69	763.17	5.3088	5.4247
848233149804	1293.41	735.95	1284.31	759.72	5.3141	5.3975
848233158138	1293.84	737.63	1286.78	762.52	5.3032	5.3928
848233166471	1293.80	738.82	1284.35	762.97	5.2939	5.3923
848233174804	1295.98	733.28	1293.18	755.07	5.3065	5.3878
848233183143	1293.31	733.67	1290.04	756.07	5.3133	5.4013
848233191476	1292.71	738.20	1286.80	755.66	5.2997	5.4085
848233199809	1291.79	732.32	1288.65	751.08	5.2867	5.3959
848233208143	1290.83	727.81	1289.25	741.47	5.3091	5.4033
848233216476	1291.39	731.30	1287.60	746.88	5.2967	5.3977
848233224809	1296.69	733.33	1290.86	744.19	5.3067	5.3941
848233233142	1295.17	731.19	1285.84	748.04	5.3037	5.4109
848233241476	1294.92	735.78	1294.70	744.75	5.3073	5.3925
848233249809	1290.93	729.57	1290.63	742.65	5.3019	5.4055
848233258142	1298.59	732.25	1286.70	753.53	5.3051	5.4108
848233266475	1296.60	736.05	1297.69	754.20	5.3063	5.3919
848233274808	1294.70	736.45	1289.46	759.83	5.3011	5.4038
848233283142	1291.38	738.79	1284.40	769.40	5.3058	5.3966
848233291475	1291.71	741.11	1284.61	770.06	5.3073	5.3967
848233299808	1293.19	742.67	1287.22	767.08	5.2982	5.4091
848233308142	1294.65	741.16	1280.57	771.02	5.3082	5.4177
848233316478	1287.47	738.35	1286.45	766.89	5.2986	5.4008
848233324812	1292.30	743.40	1286.50	768.25	5.3195	5.4049
848233333146	1294.31	740.29	1282.92	775.30	5.3065	5.4142
848233341478	1293.51	741.98	1285.60	767.88	5.3116	5.4104
848233349811	1290.09	736.25	1279.81	767.81	5.2960	5.4234
848233358144	1296.41	729.17	1287.70	764.86	5.2996	5.4151
848233366478	1297.36	739.83	1280.32	761.10	5.2955	5.4268
848233374810	1293.21	739.17	1284.82	756.69	5.3015	5.4241
848233383143	1290.91	732.30	1286.90	750.11	5.3167	5.4305
848233391477	1297.80	732.79	1287.44	755.39	5.3160	5.4115
848233399810	1300.17	738.56	1278.18	752.95	5.3131	5.4268
848233408144	1295.61	730.57	1284.68	751.28	5.3225	5.4113
848233416477	1293.22	732.28	1279.00	758.27	5.3133	5.4218
848233424809	1294.88	733.47	1277.52	754.04	5.3198	5.4245
848233433143	1292.09	735.43	1274.34	760.51	5.3054	5.4235
848233441475	1297.19	732.24	1274.10	760.68	5.3241	5.4410
848233449814	1293.96	732.44	1280.57	761.75	5.3245	5.4187
848233458148	1298.80	735.10	1274.07	761.51	5.3120	5.4290
848233466481	1294.17	730.04	1283.34	754.52	5.3250	5.4239
848233474814	1293.72	730.48	1278.62	761.65	5.3155	5.4469
848233483147	1292.80	729.31	1283.37	755.38	5.3235	5.4351
848233491481	1294.08	732.65	1277.44	756.85	5.3261	5.4368
848233499813	1294.26	731.47	1275.07	760.37	5.3146	5.4539
848233508147	1291.10	725.70	1278.66	757.32	5.3250	5.4587
848233516480	1295.39	728.35	1277.63	757.32	5.3272	5.4529
848233524813	1294.55	733.31	1276.04	756.23	5.3220	5.4484
848233533146	1289.46	728.79	1278.40	754.18	5.3255	5.4509
848233541480	1293.49	731.05	1282.08	753.23	5.3205	5.4476
848233549813	1291.51	727.37	1270.42	757.68	5.3249	5.4524
848233558146	1294.05	722.54	1277.07	753.18	5.3167	5.4495
848233566479	1287.17	731.73	1277.06	759.04	5.3196	5.4427
848233574817	1292.94	729.24	1281.00	749.49	5.3178	5.4483
848233583149	1293.90	729.46	1281.36	753.79	5.3141	5.4488
848233591483	1296.36	728.57	1279.78	749.26	5.3250	5.4489
848233599816	1290.79	732.69	1276.90	752.38	5.3302	5.4636
848233608149	1296.83	731.88	1275.71	751.40	5.3176	5.4505
848233616483	1295.71	727.25	1274.98	749.93	5.3145	5.4598
848233624815	1294.90	731.52	1277.57	751.37	5.3155	5.4521
848233633148	1293.28	729.04	1280.36	746.23	5.2960	5.4451
848233641482	1296.70	726.75	1286.65	745.70	5.3145	5.4475
848233649815	1295.67	729.07	1283.63	743.47	5.3027	5.4531
848233658148	1296.79	727.90	1276.23	746.32	5.2983	5.4548
848233666481	1294.50	726.58	1285.35	741.48	5.3048	5.4440
848233674814	1294.54	727.18	1287.98	745.57	5.3062	5.4507
848233683147	1295.61	725.10	1289.47	743.82	5.3011	5.4493
848233691480	1297.99	730.02	1277.91	739.09	5.3181	5.4539
848233699814	1294.37	728.49	1282.25	740.79	5.2844	5.4594
848233708154	1302.04	734.79	1292.98	741.60	5.3084	5.4495
848233716488	1293.22	730.52	1289.13	736.71	5.3013	5.4447
848233724821	1295.72	733.49	1283.88	739.57	5.2880	5.4380
848233733154	1303.92	737.65	1285.08	741.27	5.3075	5.4627
848233741488	1296.75	729.13	1288.23	733.27	5.3118	5.4449
848233749820	1296.38	728.35	1287.67	741.22	5.3042	5.4644
848233758153	1292.25	732.87	1277.16	742.31	5.2974	5.4566
848233766487	1296.62	733.32	1284.31	743.79	5.2894	5.4505
848233774820	1295.23	730.36	1285.54	733.58	5.2917	5.4357
848233783153	1301.42	736.81	1280.82	742.09	5.2897	5.4545
848233791487	1294.14	731.88	1282.11	742.37	5.2907	5.4551
848233799820	1292.86	725.83	1274.90	742.00	5.3134	5.4682
848233808153	1294.88	729.04	1286.22	735.67	5.2972	5.4604
848233816486	1298.27	732.94	1275.93	745.36	5.3038	5.4671
848233824819	1293.47	729.42	1275.63	739.99	5.2982	5.4677
848233833152	1289.30	726.77	1274.54	746.98	5.2894	5.4777
848233841489	1295.21	730.70	1273.97	744.34	5.3028	5.4779
848233849822	1299.32	727.09	1276.23	746.81	5.3181	5.4687
848233858155	1296.41	729.16	1274.48	743.59	5.2982	5.4792
848233866489	1294.14	729.68	1273.83	741.46	5.3048	5.4672
848233874822	1294.20	729.79	1268.89	744.52	5.2971	5.4889
848233883155	1290.69	730.82	1270.41	743.29	5.3067	5.4831
848233891488	1294.59	739.64	1275.25	744.20	5.3090	5.4713
848233899821	1296.61	731.73	1272.11	741.39	5.3073	5.4770
848233908154	1297.73	730.00	1267.80	741.67	5.3099	5.4697
848233916487	1296.45	732.99	1270.51	744.93	5.3194	5.5015
848233924821	1293.35	730.07	1270.05	748.88	5.3193	5.4853
848233933154	1300.82	727.77	1264.72	745.00	5.3271	5.4871
848233941487	1294.37	733.06	1268.21	748.59	5.3217	5.4957
848233949821	1296.24	732.20	1269.12	747.70	5.3429	5.4929
848233958154	1293.40	725.78	1271.12	742.26	5.3350	5.4795
848233966488	1290.00	731.78	1272.77	745.11	5.3302	5.4939
848233974826	1297.43	727.71	1270.19	745.45	5.3483	5.4975
848233983159	1297.90	726.22	1275.17	743.04	5.3332	5.4892
848233991492	1294.08	726.67	1272.12	746.94	5.3419	5.5054
848233999825	1289.85	720.62	1268.21	743.39	5.3517	5.5075
848234008158	1294.47	728.03	1268.84	745.03	5.3512	5.4933
848234016492	1299.50	724.74	1270.75	752.23	5.3672	5.5008
848234024824	1295.33	727.04	1268.74	744.95	5.3507	5.4949
848234033158	1292.87	730.97	1277.04	741.04	5.3625	5.4771
848234041492	1296.37	729.18	1263.36	751.55	5.3616	5.5180
848234049825	1292.25	732.02	1266.34	754.25	5.3538	5.5354
848234058158	1295.76	732.69	1272.53	745.79	5.3572	5.5124
848234066490	1294.53	734.80	1270.59	749.49	5.3747	5.5083
848234074824	1292.26	728.86	1267.27	747.02	5.3817	5.5243
848234083157	1296.06	726.94	1276.33	744.43	5.3769	5.5069
848234091491	1294.54	732.25	1268.23	747.06	5.3737	5.5213
848234099825	1295.65	724.46	1275.25	747.50	5.3823	5.5137
848234108158	1295.91	728.70	1272.35	745.12	5.3878	5.5190
848234116491	1292.71	728.87	1274.41	740.53	5.3926	5.5241
848234124825	1289.18	730.27	1269.20	738.02	5.3864	5.5312
848234133158	1294.24	725.74	1268.26	746.57	5.4017	5.5362
848234141491	1292.65	726.26	1275.24	742.05	5.3963	5.5255
848234149823	1291.77	730.63	1267.26	744.56	5.4050	5.5436
848234158157	1295.18	736.27	1270.98	747.33	5.4003	5.5372
848234166490	1298.82	730.43	1268.08	745.05	5.4030	5.5500
848234174824	1293.13	737.06	1263.40	750.29	5.3987	5.5484
848234183157	1294.39	734.49	1271.45	746.99	5.4200	5.5489
848234191490	1292.53	734.58	1260.74	746.84	5.4115	5.5511
848234199824	1297.58	732.13	1274.01	746.17	5.4174	5.5368
848234208157	1295.53	738.12	1268.40	750.19	5.4097	5.5566
848234216490	1297.60	736.37	1271.97	747.97	5.4256	5.5486
848234224824	1291.80	735.24	1275.22	739.18	5.4303	5.5471
848234233165	1298.62	729.74	1274.80	744.90	5.4218	5.5493
848234241498	1292.27	736.08	1274.00	749.82	5.4152	5.5460
848234249832	1291.62	730.28	1274.81	744.37	5.4220	5.5468
848234258165	1293.18	729.19	1274.90	742.43	5.4340	5.5527
848234266498	1293.90	731.46	1281.46	739.41	5.4329	5.5496
848234274831	1293.48	732.74	1279.50	746.75	5.4242	5.5486
848234283165	1296.43	733.33	1270.93	752.15	5.4412	5.5724
848234291498	1296.55	738.39	1274.28	747.79	5.4399	5.5635
848234299832	1300.72	741.33	1282.71	741.69	5.4318	5.5546
848234308164	1300.44	746.68	1276.30	750.12	5.4416	5.5659
848234316497	1297.16	738.77	1284.35	741.09	5.4277	5.5550
848234324831	1295.70	737.66	1284.94	745.09	5.4353	5.5595
848234333164	1299.73	736.01	1285.77	741.18	5.4416	5.5539
848234341497	1297.90	735.85	1278.40	747.95	5.4381	5.5766
848234349831	1302.92	732.26	1278.28	745.85	5.4493	5.5731
848234358163	1300.35	732.10	1283.62	741.80	5.4506	5.5727
848234366501	1297.10	737.29	1278.72	748.64	5.4516	5.5731
848234374835	1297.56	734.14	1287.46	744.78	5.4520	5.5782
848234383168	1299.22	726.45	1289.78	740.76	5.4467	5.5761
848234391500	1304.02	733.72	1286.64	744.31	5.4653	5.5958
848234399833	1300.69	737.40	1284.16	743.69	5.4539	5.5766
848234408167	1296.58	739.91	1284.79	743.05	5.4626	5.5733
848234416500	1297.47	736.43	1288.21	745.31	5.4589	5.5788
848234424833	1295.15	745.54	1287.24	745.01	5.4453	5.5791
848234433167	1295.18	732.93	1281.10	751.71	5.4530	5.5979
848234441500	1297.89	736.63	1289.48	751.70	5.4586	5.5935
848234449833	1296.58	728.82	1287.18	749.59	5.4691	5.5780
848234458167	1299.39	734.87	1287.17	751.36	5.4645	5.5863
848234466500	1302.81	733.66	1290.71	748.94	5.4685	5.5858
848234474832	1302.78	735.26	1295.51	741.31	5.4688	5.5890
848234483165	1304.86	733.63	1293.88	749.17	5.4649	5.5862
848234491499	1302.29	732.59	1287.28	748.68	5.4660	5.6016
848234499836	1302.32	735.60	1295.62	745.72	5.4637	5.5733
848234508168	1300.49	737.68	1291.89	754.31	5.4791	5.5959
848234516502	1301.45	739.96	1297.63	749.18	5.4851	5.5786
848234524835	1300.88	736.12	1291.17	745.31	5.4748	5.6086
848234533168	1298.75	737.01	1292.55	746.80	5.4729	5.5922
848234541501	1298.65	730.75	1288.06	747.69	5.4868	5.6062
848234549833	1299.01	731.69	1294.17	741.39	5.4842	5.5800
848234558167	1296.63	731.50	1290.61	749.58	5.4866	5.6111
848234566500	1304.39	726.89	1295.35	747.28	5.4879	5.5984
848234574834	1300.44	731.14	1291.45	747.33	5.4914	5.5907
848234583167	1301.40	725.49	1296.78	744.64	5.4922	5.6108
848234591500	1301.23	722.05	1299.77	739.60	5.4795	5.5922
848234599833	1301.05	730.71	1292.09	743.54	5.4926	5.6073
848234608166	1303.66	726.73	1298.22	740.75	5.4970	5.5910
848234616500	1308.06	727.30	1294.93	748.91	5.4957	5.6104
848234624839	1304.13	731.26	1295.66	748.93	5.5013	5.6158
848234633170	1304.95	730.12	1295.58	744.98	5.4942	5.6124
848234641504	1304.69	731.47	1291.52	743.91	5.5027	5.6201
848234649837	1303.36	732.40	1299.50	738.45	5.4946	5.6068
848234658171	1305.36	736.71	1295.18	746.74	5.4895	5.6176
848234666504	1309.42	734.25	1293.52	745.89	5.5139	5.6138
848234674837	1304.28	741.92	1297.32	744.29	5.5018	5.6099
848234683171	1309.50	738.38	1291.14	750.48	5.5283	5.6134
848234691504	1307.99	738.61	1293.06	747.70	5.5135	5.6217
848234699837	1307.88	737.49	1295.54	746.25	5.5101	5.6206
848234708171	1308.49	738.67	1298.84	749.87	5.5156	5.6251
848234716502	1304.40	740.45	1299.85	748.56	5.5046	5.6225
848234724836	1308.35	738.61	1303.05	750.06	5.5138	5.6191
848234733169	1304.30	737.78	1291.14	753.02	5.5076	5.6406
848234741503	1307.20	738.29	1293.25	755.09	5.5207	5.6204
848234749836	1307.36	732.89	1293.72	751.12	5.5258	5.6201
848234758175	1310.93	735.24	1290.93	754.74	5.5291	5.6274
848234766509	1307.06	728.48	1296.45	750.59	5.5400	5.6204
848234774842	1309.68	735.07	1292.82	754.32	5.5311	5.6277
848234783176	1312.41	730.55	1291.70	753.21	5.5345	5.6347
848234791509	1302.59	725.17	1296.23	751.89	5.5420	5.6179
848234799842	1304.36	731.80	1298.27	755.44	5.5304	5.6274
848234808176	1296.63	735.88	1295.19	759.04	5.5345	5.6362
848234816509	1299.44	736.20	1296.10	752.10	5.5446	5.6301
848234824842	1302.48	732.22	1301.87	754.99	5.5359	5.6301
848234833176	1296.41	739.46	1300.24	756.07	5.5476	5.6307
848234841508	1300.27	733.49	1291.15	756.34	5.5577	5.6343
848234849842	1294.14	731.47	1298.88	758.45	5.5453	5.6302
848234858175	1302.81	734.39	1299.05	763.27	5.5586	5.6259
848234866509	1300.93	736.26	1299.41	759.51	5.5577	5.6411
848234874841	1303.39	734.25	1291.86	763.30	5.5393	5.6431
848234883174	1303.05	735.87	1291.49	754.41	5.5563	5.6462
848234891513	1306.36	732.33	1292.01	755.28	5.5656	5.6361
848234899846	1305.67	734.96	1283.41	758.14	5.5596	5.6478
848234908180	1302.88	738.00	1289.18	757.66	5.5484	5.6602
848234916512	1305.04	729.84	1290.60	751.86	5.5576	5.6489
848234924846	1303.83	731.39	1285.58	754.97	5.5552	5.6601
848234933180	1307.31	723.19	1287.15	753.01	5.5743	5.6676
848234941512	1302.57	734.76	1287.75	746.11	5.5574	5.6487
848234949846	1294.85	733.83	1293.22	738.81	5.5697	5.6578
848234958178	1295.14	730.60	1290.00	746.66	5.5789	5.6625
848234966511	1302.29	729.66	1294.86	745.94	5.5694	5.6513
848234974845	1299.42	723.54	1292.51	753.19	5.5787	5.6552
848234983178	1303.47	725.16	1292.66	752.97	5.5869	5.6495
848234991511	1298.76	727.97	1293.26	756.70	5.5809	5.6634
848234999844	1298.48	729.60	1295.40	753.24	5.5895	5.6619
848235008177	1299.55	728.54	1295.17	758.09	5.5871	5.6638
848235016513	1300.94	728.91	1290.75	762.77	5.5885	5.6611
848235024846	1304.79	729.71	1289.95	761.13	5.5863	5.6629
848235033179	1307.29	719.79	1294.27	754.95	5.5971	5.6678
848235041511	1298.95	726.54	1294.96	752.25	5.5988	5.6691
848235049845	1298.52	725.20	1290.30	751.51	5.5977	5.6755
848235058179	1303.58	729.93	1296.54	748.34	5.5893	5.6769
848235066511	1299.07	731.26	1293.44	752.14	5.5961	5.6795
848235074845	1301.14	726.22	1293.92	759.23	5.5963	5.6868
848235083178	1299.07	725.79	1295.98	751.67	5.6028	5.6698
848235091511	1298.99	725.01	1289.45	762.44	5.6060	5.6845
848235099845	1305.61	724.08	1293.69	753.41	5.6055	5.6770
848235108178	1302.74	721.77	1292.84	752.31	5.6062	5.6719
848235116511	1299.11	718.23	1290.94	754.52	5.6034	5.6765
848235124844	1303.31	723.40	1288.50	753.09	5.6201	5.6884
848235133177	1302.30	725.40	1287.63	753.78	5.6013	5.6947
848235141511	1304.83	719.48	1283.43	754.03	5.6075	5.7011
848235149851	1305.28	725.54	1289.35	752.16	5.6005	5.6903
848235158184	1300.61	722.36	1289.54	751.91	5.6259	5.6909
848235166517	1301.19	727.37	1293.34	744.65	5.6255	5.7087
848235174851	1305.74	726.84	1286.75	737.20	5.6195	5.7005
848235183184	1303.33	727.95	1286.43	738.91	5.6262	5.7082
848235191517	1301.45	730.21	1290.07	746.41	5.6290	5.7067
848235199851	1305.24	725.28	1287.12	756.96	5.6154	5.7089
848235208184	1303.45	721.96	1285.29	758.49	5.6300	5.7130
848235216517	1305.22	717.83	1290.41	759.13	5.6393	5.7030
848235224851	1307.68	722.25	1291.65	758.78	5.6303	5.7141
848235233184	1307.03	714.21	1290.56	757.31	5.6377	5.7126
848235241518	1306.80	714.24	1287.22	760.92	5.6403	5.7154
848235249851	1306.38	718.91	1291.49	762.05	5.6372	5.7155
848235258183	1308.28	724.52	1291.50	761.60	5.6317	5.7316
848235266517	1308.18	717.05	1290.98	762.53	5.6518	5.7219
848235274849	1309.80	722.05	1288.15	756.53	5.6529	5.7281
848235283188	1307.37	723.43	1288.15	762.76	5.6450	5.7204
848235291521	1308.43	722.18	1291.25	760.53	5.6346	5.7153
848235299855	1303.40	722.98	1283.35	762.23	5.6583	5.7294
848235308188	1304.75	721.74	1288.81	764.89	5.6476	5.7206
848235316521	1305.22	724.01	1286.82	765.76	5.6534	5.7522
848235324855	1303.59	721.79	1289.54	762.76	5.6658	5.7466
848235333188	1306.25	715.06	1291.53	759.64	5.6650	5.7241
848235341521	1308.02	723.58	1274.88	758.33	5.6593	5.7356
848235349855	1305.26	724.24	1271.62	760.46	5.6504	5.7383
848235358187	1309.96	719.84	1279.41	755.16	5.6616	5.7315
848235366521	1305.94	721.01	1279.34	759.45	5.6555	5.7186
848235374854	1307.51	723.24	1274.00	757.74	5.6726	5.7320
848235383187	1308.15	720.07	1280.09	758.55	5.6730	5.7390
848235391521	1303.02	719.31	1278.42	751.09	5.6774	5.7465
848235399853	1304.88	721.95	1283.69	753.40	5.6542	5.7413
848235408187	1300.40	721.65	1282.26	753.85	5.6593	5.7341
848235416525	1304.33	725.52	1283.33	756.12	5.6641	5.7377
848235424858	1303.12	722.53	1285.99	759.90	5.6618	5.7233
848235433192	1305.01	726.25	1285.46	761.09	5.6526	5.7316
848235441524	1301.21	732.73	1283.13	763.38	5.6536	5.7336
848235449858	1311.68	725.16	1287.71	758.75	5.6715	5.7358
848235458191	1310.07	729.02	1281.28	763.40	5.6597	5.7326
848235466524	1304.11	727.06	1287.31	760.95	5.6476	5.7238
848235474858	1306.14	730.44	1283.69	756.95	5.6718	5.7323
848235483191	1304.60	727.63	1282.28	750.91	5.6788	5.7304
848235491524	1309.72	727.16	1283.25	745.16	5.6682	5.7471
848235499857	1307.59	723.31	1278.47	748.29	5.6596	5.7475
848235508191	1307.98	723.28	1282.35	752.71	5.6609	5.7376
848235516524	1306.61	730.06	1281.32	757.61	5.6606	5.7382
848235524856	1305.18	728.74	1286.33	757.69	5.6434	5.7389
848235533190	1308.35	723.87	1282.28	751.01	5.6559	5.7429
848235541527	1305.43	729.38	1285.45	748.87	5.6486	5.7355
848235549860	1307.45	725.32	1284.98	741.74	5.6546	5.7274
848235558194	1307.34	732.34	1285.90	755.02	5.6529	5.7377
848235566527	1307.04	726.63	1288.19	761.59	5.6607	5.7313
848235574861	1305.32	728.79	1284.65	760.57	5.6429	5.7534
848235583194	1304.93	727.07	1284.96	747.26	5.6523	5.7254
848235591527	1311.22	722.16	1279.24	744.14	5.6606	5.7369
848235599859	1308.16	728.61	1273.43	744.70	5.6439	5.7427
848235608192	1303.87	729.80	1279.99	739.65	5.6473	5.7234
848235616525	1306.80	724.55	1280.98	742.41	5.6560	5.7317
848235624858	1305.91	720.25	1281.99	751.13	5.6500	5.7299
848235633192	1307.33	732.01	1292.62	753.94	5.6278	5.7137
848235641526	1304.63	737.25	1288.99	764.97	5.6319	5.7190
848235649858	1305.88	734.02	1281.43	757.19	5.6324	5.7358
848235658192	1306.77	731.88	1283.83	750.00	5.6453	5.7307
848235666526	1310.80	725.86	1283.02	742.59	5.6403	5.7221
848235674865	1310.35	727.23	1285.13	742.47	5.6383	5.7449
848235683198	1306.66	729.28	1289.76	744.59	5.6407	5.7221
848235691531	1308.06	730.18	1284.43	746.48	5.6267	5.7227
848235699865	1311.23	729.43	1286.36	742.93	5.6354	5.7148
848235708198	1306.12	732.28	1278.44	757.78	5.6369	5.7189
848235716531	1309.97	732.07	1293.91	760.12	5.6320	5.7074
848235724865	1308.27	715.32	1292.28	759.95	5.6325	5.6995
848235733198	1307.96	720.94	1287.04	754.81	5.6289	5.7261
848235741531	1306.58	724.85	1284.31	749.36	5.6300	5.7135
848235749863	1309.22	724.85	1283.86	745.79	5.6392	5.7095
848235758197	1307.70	727.15	1282.43	743.42	5.6440	5.7117
848235766529	1306.78	735.70	1282.02	750.08	5.6231	5.7103
848235774863	1310.65	727.97	1290.21	754.85	5.6253	5.7068
848235783197	1309.76	724.71	1294.33	764.38	5.6248	5.6983
848235791530	1306.21	725.16	1288.63	763.70	5.6319	5.6916
848235799862	1304.31	728.05	1286.94	751.14	5.6281	5.6947
848235808200	1303.03	732.33	1286.51	745.53	5.6200	5.7057
848235816534	1304.95	730.29	1284.97	742.28	5.6232	5.7101
848235824868	1304.80	736.18	1284.09	745.88	5.6192	5.6987
848235833201	1304.00	734.36	1288.61	745.36	5.6007	5.7033
848235841533	1305.86	730.43	1282.12	745.19	5.6193	5.7049
848235849867	1306.18	737.84	1286.63	744.05	5.6053	5.6966
848235858200	1304.25	729.24	1291.52	739.90	5.6208	5.6913
848235866533	1309.18	732.89	1284.55	745.62	5.6188	5.7055
848235874866	1306.26	726.82	NaN	NaN	5.6165	NaN
848235883200	1306.38	720.77	1284.78	756.96	5.6131	5.7132
848235891533	1311.87	717.65	1291.56	756.97	5.6248	5.6885
848235899866	1307.30	721.50	1286.07	759.12	5.6095	5.6996
848235908200	1310.17	719.35	1290.65	752.20	5.6306	5.6877
848235916533	1305.57	720.81	1285.46	754.53	5.6158	5.6974
848235924865	1305.02	723.85	1286.96	749.10	5.6004	5.7084
848235933199	1305.38	725.31	1280.07	750.62	5.6207	5.7120
848235941537	1308.06	724.27	1283.05	739.84	5.6263	5.7113
848235949871	1308.66	728.10	1287.77	742.38	5.6269	5.6971
848235958203	1304.62	728.38	1281.31	746.37	5.6179	5.6989
848235966537	1304.97	730.25	1290.58	747.23	5.6006	5.6997
848235974871	1303.33	731.23	1288.29	754.59	5.6196	5.7066
848235983203	1303.69	732.21	1290.39	752.50	5.6171	5.7093
848235991537	1302.57	726.18	1294.29	751.62	5.6106	5.6906
848235999870	1306.43	732.56	1294.45	753.04	5.6094	5.6830
848236008202	1309.64	734.51	1287.40	754.87	5.6105	5.7171
848236016536	1309.99	734.26	1290.35	751.16	5.6116	5.7080
848236024869	1314.23	732.38	1293.58	749.58	5.6227	5.6997
848236033203	1305.21	730.41	1295.42	750.72	5.6260	5.6982
848236041536	1312.05	727.76	1291.60	753.53	5.6302	5.6966
848236049869	1308.07	732.51	1291.47	751.57	5.6152	5.7021
848236058203	1305.55	729.79	1292.39	752.58	5.6067	5.6908
848236066540	1306.48	732.34	1296.95	752.83	5.6076	5.6870
848236074874	1310.36	733.63	1291.54	749.39	5.6115	5.6919
848236083205	1301.55	730.41	1292.78	748.39	5.6133	5.6966
848236091539	1309.60	732.02	1288.77	749.42	5.6171	5.6927
848236099873	1306.31	737.09	1296.42	752.44	5.6117	5.6943
848236108205	1305.60	726.99	1299.74	754.90	5.6130	5.6976
848236116539	1308.98	732.61	1302.53	754.07	5.6133	5.6940
848236124872	1310.31	720.72	1296.43	756.84	5.6162	5.6914
848236133205	1305.78	724.99	1292.99	755.51	5.6266	5.7009
848236141539	1310.74	726.85	1293.99	757.83	5.6181	5.7055
848236149872	1307.56	721.27	1300.90	754.62	5.6280	5.6990
848236158206	1305.60	727.75	1295.83	755.23	5.6110	5.7033
848236166538	1301.77	724.69	1294.61	752.95	5.6177	5.6961
848236174871	1306.48	723.40	1290.68	754.11	5.6242	5.7034
848236183205	1307.73	728.96	1280.00	763.94	5.6312	5.7129
848236191538	1287.94	733.97	1269.85	775.31	5.6204	5.7061
848236199876	1299.43	732.64	1276.46	769.41	5.6377	5.6917
848236208209	1301.47	741.87	1275.42	770.59	5.6228	5.7142
848236216543	1303.45	736.65	1277.90	772.10	5.6126	5.7131
848236224876	1299.98	733.77	1274.38	772.20	5.6316	5.7284
848236233209	1301.86	734.20	1270.94	769.68	5.6174	5.7136
848236241543	1301.98	729.85	1282.44	763.19	5.6303	5.7063
848236249875	1298.44	734.94	1280.79	763.60	5.6180	5.7131
848236258208	1301.27	737.04	1280.39	766.11	5.6299	5.7087
848236266542	1300.35	734.92	1275.53	760.24	5.6275	5.7378
848236274875	1298.79	736.65	1282.35	760.40	5.6232	5.7344
848236283209	1303.31	740.64	1279.74	755.79	5.6300	5.7130
848236291541	1298.25	737.90	1282.96	764.27	5.6255	5.7257
848236299875	1297.90	734.98	1279.96	759.32	5.6169	5.7326
848236308209	1301.42	733.90	1276.88	754.27	5.6202	5.7269
848236316542	1302.11	737.85	1274.37	760.80	5.6289	5.7292
848236324874	1305.03	736.59	1276.15	759.49	5.6310	5.7283
848236333212	1303.79	734.40	1271.31	761.32	5.6295	5.7220
848236341546	1299.52	735.37	1271.23	760.03	5.6273	5.7348
848236349879	1297.79	737.35	1277.34	757.86	5.6202	5.7258
848236358212	1295.23	736.47	1277.91	758.74	5.6237	5.7361
848236366546	1300.99	736.51	1281.24	749.74	5.6397	5.7265
848236374879	1300.66	739.19	1272.98	759.49	5.6387	5.7386
848236383212	1297.88	737.50	1276.75	759.49	5.6407	5.7353
848236391546	1300.82	736.08	1275.53	760.91	5.6409	5.7313
848236399879	1302.25	730.13	1275.52	758.65	5.6637	5.7371
848236408211	1300.40	736.36	1279.84	757.91	5.6243	5.7265
848236416544	1302.31	735.75	1282.81	760.60	5.6374	5.7308
848236424878	1302.30	734.69	1279.60	764.05	5.6480	5.7409
848236433211	1296.06	739.72	1278.46	759.76	5.6333	5.7361
848236441545	1295.45	738.25	1278.41	755.30	5.6268	5.7315
848236449878	1301.47	734.32	1282.08	749.89	5.6398	5.7168
848236458216	1295.63	738.58	1274.45	749.03	5.6382	5.7372
848236466549	1304.07	734.27	1271.11	751.60	5.6552	5.7451
848236474883	1298.20	739.75	1280.96	748.43	5.6380	5.7157
848236483216	1305.35	735.93	1273.96	749.35	5.6425	5.7353
848236491548	1304.71	739.35	1273.31	753.70	5.6522	5.7378
848236499882	1303.49	733.50	1279.66	752.09	5.6265	5.7429
848236508215	1302.83	731.69	1279.10	754.14	5.6406	5.7251
848236516548	1304.20	735.02	1274.50	756.74	5.6372	5.7169
848236524882	1298.42	734.41	1272.66	763.90	5.6266	5.7291
848236533215	1305.27	731.60	1267.39	761.55	5.6340	5.7171
848236541548	1299.54	733.27	1270.69	759.46	5.6342	5.7095
848236549882	1303.45	729.40	1270.03	762.80	5.6411	5.7032
848236558215	1306.88	734.61	1270.61	766.17	5.6278	5.7091
848236566547	1302.00	738.49	1273.06	763.61	5.6320	5.6967
848236574881	1304.02	736.40	1275.84	753.76	5.6280	5.6980
848236583214	1303.69	735.48	1269.61	756.95	5.6199	5.6977
848236591549	1304.67	739.89	1269.07	758.45	5.6078	5.7076
848236599883	1301.81	742.78	1277.66	754.49	5.6000	5.6917
848236608216	1303.81	733.44	1272.89	755.11	5.6142	5.6941
848236616549	1305.30	740.21	1278.78	753.35	5.5934	5.6833
848236624883	1304.41	734.79	1276.14	755.31	5.5967	5.6646
848236633216	1303.90	733.35	1270.30	762.45	5.6072	5.6844
848236641549	1303.05	733.21	1279.12	760.94	5.5998	5.6534
848236649882	1307.42	741.02	1274.16	776.76	5.5832	5.6468
848236658215	1307.70	735.99	1277.82	767.42	5.5773	5.6382
848236666548	1308.35	733.59	1269.19	772.97	5.5752	5.6515
848236674882	1304.45	738.10	1272.64	768.43	5.5583	5.6278
848236683215	1304.44	741.93	1262.92	770.05	5.5654	5.6434
848236691548	1306.87	741.18	1270.88	768.44	5.5613	5.6137
848236699882	1304.40	734.42	1271.71	763.35	5.5477	5.6149
848236708215	1303.17	735.97	1268.79	772.89	5.5280	5.6200
848236716548	1304.69	741.94	1276.76	765.14	5.5210	5.5885
848236724889	1305.69	734.94	1279.38	763.04	5.5163	5.5903
848236733221	1302.74	733.75	1277.39	757.45	5.4918	5.5780
848236741554	1305.96	738.27	1276.89	758.23	5.4928	5.5800
848236749888	1307.52	736.07	1271.36	759.51	5.4863	5.5602
848236758221	1304.96	732.03	1280.78	759.20	5.4865	5.5412
848236766554	1304.11	741.88	1272.31	757.14	5.4682	5.5418
848236774888	1307.58	739.40	1272.72	757.73	5.4661	5.5318
848236783221	1308.83	737.76	1274.35	760.95	5.4464	5.5268
848236791554	1300.47	735.03	NaN	NaN	5.4478	NaN
848236799888	1299.56	736.79	1265.96	759.67	5.4264	5.5086
848236808221	1300.54	741.93	1268.62	764.42	5.4079	5.4918
848236816553	1303.81	738.08	1270.94	769.44	5.4075	5.4860
848236824886	1300.76	736.23	1269.00	767.88	5.4121	5.4861
848236833220	1300.58	743.01	1262.77	769.85	5.3908	5.4921
848236841553	1301.25	739.20	1265.44	769.80	5.3878	5.4816
848236849887	1302.14	737.92	1271.68	764.00	5.3755	5.4573
848236858225	1300.42	736.77	1269.77	758.69	5.3656	5.4538
848236866558	1301.94	734.20	1265.32	755.69	5.3745	5.4571
848236874891	1299.53	740.44	1272.99	757.77	5.3541	5.4305
848236883225	1301.69	743.29	1265.78	756.96	5.3504	5.4432
848236891557	1299.49	741.78	1269.73	755.72	5.3458	5.4251
848236899891	1294.54	745.10	1268.12	755.32	5.3248	5.4184
848236908224	1298.58	741.25	1268.42	756.84	5.3301	5.4241
848236916557	1296.24	738.91	1271.08	754.79	5.3222	5.4085
848236924891	1295.04	738.70	1270.95	757.74	5.3230	5.4178
848236933224	1301.00	738.34	1271.32	761.83	5.3115	5.4193
848236941557	1294.69	736.88	1274.47	751.43	5.3095	5.4042
848236949890	1295.31	740.07	1274.21	759.62	5.2925	5.3997
848236958224	1295.21	730.84	1272.37	755.74	5.3046	5.3941
848236966557	1292.32	740.26	1266.24	758.00	5.2814	5.3984
848236974889	1297.01	731.92	1267.72	755.59	5.2798	5.3843
848236983228	1298.48	736.10	1266.63	755.91	5.2750	5.3819
848236991561	1296.31	735.40	1269.07	756.07	5.2719	5.4002
848236999894	1295.43	734.65	1269.32	754.75	5.2721	5.3792
848237008228	1296.63	732.14	1272.26	752.75	5.2781	5.3778
848237016561	1300.71	735.49	1274.95	752.31	5.2707	5.3724
848237024894	1292.54	735.62	1266.61	762.95	5.2586	5.3792
848237033228	1298.56	733.58	1269.60	749.75	5.2523	5.3678
848237041561	1296.16	734.88	1272.68	748.21	5.2684	5.3609
848237049894	1298.39	733.15	1275.91	751.43	5.2564	5.3565
848237058227	1297.11	741.58	1266.77	748.81	5.2606	5.3764
848237066560	1298.12	735.45	1278.14	751.78	5.2533	5.3506
848237074893	1301.73	734.95	1272.35	745.45	5.2601	5.3562
848237083227	1297.62	735.46	1263.82	759.41	5.2501	5.3640
848237091560	1293.88	733.67	1266.90	756.14	5.2575	5.3734
848237099893	1297.15	736.49	1276.71	749.74	5.2462	5.3492
848237108227	1292.83	728.08	1271.66	754.16	5.2386	5.3526
848237116566	1299.84	734.08	1265.36	755.13	5.2574	5.3733
848237124899	1299.45	735.39	1272.35	754.50	5.2407	5.3528
848237133232	1293.04	736.00	1273.03	749.18	5.2289	5.3454
848237141565	1297.41	733.96	1273.02	749.25	5.2456	5.3639
848237149898	1284.47	736.94	1274.97	752.24	5.2306	5.3453
848237158232	1283.68	742.06	1266.39	764.11	5.2185	5.3608
848237166565	1292.57	743.18	1267.62	763.84	5.2190	5.3639
848237174898	1293.80	741.77	1274.90	752.40	5.2417	5.3557
848237183232	1288.97	744.26	1272.74	760.29	5.2195	5.3555
848237191565	1290.35	740.38	1265.40	754.69	5.2372	5.3628
848237199898	1290.59	742.32	1268.39	763.32	5.2345	5.3586
848237208232	1290.35	739.79	1265.36	764.10	5.2422	5.3618
848237216564	1289.59	742.08	1276.28	762.01	5.2348	5.3413
848237224897	1288.01	739.80	1265.17	768.69	5.2227	5.3762
848237233231	1290.57	742.69	1270.33	759.25	5.2337	5.3480
848237241564	1291.04	740.51	1274.38	755.77	5.2342	5.3563
848237249900	1287.16	735.58	1268.79	759.06	5.2392	5.3636
848237258234	1294.47	737.04	1276.86	756.07	5.2346	5.3512
848237266567	1292.51	737.98	1273.83	757.57	5.2285	5.3696
848237274900	1290.29	741.63	1273.18	755.65	5.2366	5.3492
848237283234	1286.14	740.37	1282.44	758.53	5.2486	5.3467
848237291567	1288.69	743.29	1274.94	756.93	5.2446	5.3655
848237299899	1288.47	741.05	1278.84	757.78	5.2359	5.3622
848237308233	1288.54	743.86	1270.66	759.43	5.2453	5.3750
848237316566	1288.69	743.42	1272.16	754.44	5.2330	5.3846
848237324899	1285.60	735.66	1271.23	751.48	5.2459	5.3793
848237333233	1282.66	740.15	1263.37	757.17	5.2211	5.3765
848237341566	1294.23	734.60	1269.02	754.69	5.2523	5.3756
848237349899	1285.71	739.34	1273.11	758.42	5.2406	5.3605
848237358233	1289.10	746.71	1270.49	760.70	5.2456	5.3865
848237366566	1287.68	742.07	1271.94	759.06	5.2388	5.3759
848237374898	1286.85	733.13	1268.41	758.94	5.2610	5.3814
848237383237	1284.31	739.74	1268.22	753.92	5.2415	5.3635
848237391570	1291.38	746.43	1267.51	751.67	5.2530	5.3761
848237399903	1288.67	738.12	1277.63	752.87	5.2463	5.3611
848237408237	1288.93	736.83	1270.21	755.12	5.2486	5.3782
848237416570	1289.13	739.34	1275.16	756.05	5.2454	5.3736
848237424903	1287.62	739.04	1275.43	757.49	5.2318	5.3717
848237433237	1288.61	743.58	1279.96	758.15	5.2390	5.3558
848237441570	1289.62	741.93	1280.86	756.15	5.2439	5.3553
848237449903	1289.85	742.36	1286.67	754.13	5.2432	5.3428
848237458236	1285.98	742.10	1272.83	755.20	5.2316	5.3527
848237466569	1285.11	745.39	1275.43	751.12	5.2150	5.3394
848237474902	1287.20	744.12	1272.08	753.98	5.2345	5.3454
848237483235	1288.69	737.12	1272.69	744.93	5.2159	5.3425
848237491569	1286.86	732.61	1266.03	750.21	5.2228	5.3540
848237499902	1289.20	738.77	1274.15	741.32	5.2149	5.3158
848237508240	1291.21	737.61	1277.25	743.44	5.2186	5.3194
848237516573	1281.01	739.47	1273.46	747.48	5.1932	5.3268
848237524906	1287.11	739.44	1273.31	749.74	5.1956	5.3105
848237533239	1289.42	738.47	1278.76	750.30	5.1985	5.3099
848237541572	1287.35	738.86	1271.04	757.28	5.1906	5.3178
848237549905	1284.98	736.60	1275.84	752.69	5.1730	5.3027
848237558238	1288.54	736.09	1275.45	755.66	5.1694	5.3113
848237566572	1287.21	738.17	1281.76	750.37	5.1607	5.2858
848237574905	1287.51	736.61	1276.16	748.28	5.1556	5.2800
848237583238	1282.06	740.04	1278.41	752.14	5.1548	5.2712
848237591572	1285.37	729.66	1276.79	744.67	5.1455	5.2699
848237599905	1282.52	737.34	1270.94	753.92	5.1465	5.2786
848237608238	1286.46	737.77	1271.33	750.82	5.1452	5.2687
848237616571	1286.84	737.90	1271.07	754.42	5.1276	5.2718
848237624904	1281.83	732.12	1270.35	749.61	5.1245	5.2489
848237633237	1282.23	737.07	1268.34	755.46	5.1205	5.2446
848237641576	1290.61	740.49	1280.74	745.66	5.1403	5.2230
848237649909	1283.63	736.83	1278.55	749.48	5.1008	5.2168
848237658242	1290.65	739.41	1274.54	751.20	5.1164	5.2269
848237666576	1279.86	737.80	1275.53	758.12	5.0874	5.2127
848237674909	1280.46	740.85	1285.57	748.59	5.0760	5.1942
848237683242	1288.41	738.52	1277.33	749.24	5.0761	5.1961
848237691576	1280.77	731.42	1271.84	755.59	5.0759	5.2100
848237699908	1292.82	738.04	1279.03	746.22	5.0786	5.1862
848237708241	1285.30	734.47	1271.31	749.06	5.0433	5.1756
848237716575	1291.68	744.07	1277.14	761.35	5.0619	5.1850
848237724908	1288.46	739.82	1284.10	758.45	5.0490	5.1675
848237733241	1287.45	737.87	1284.13	765.26	5.0487	5.1542
848237741575	1284.47	740.70	1280.02	758.45	5.0118	5.1463
848237749908	1291.72	744.45	1272.01	763.81	5.0307	5.1621
848237758241	1286.83	737.26	1274.25	764.83	5.0178	5.1563
848237766575	1280.03	730.13	1274.99	756.61	5.0102	5.1435
848237774913	1282.95	729.57	1275.82	753.37	5.0110	5.1578
848237783245	1295.13	739.36	1273.39	755.88	5.0279	5.1586
848237791579	1279.61	736.40	1276.75	753.22	4.9780	5.1395
848237799912	1283.39	738.85	1277.41	763.54	5.0008	5.1400
848237808245	1284.19	737.55	1271.73	768.29	4.9905	5.1577
848237816579	1279.28	733.46	1284.18	759.56	4.9794	5.1115
848237824912	1286.74	745.80	1281.30	764.86	4.9957	5.1385
848237833245	1286.50	738.76	1281.98	757.63	4.9886	5.1356
848237841579	1289.11	733.45	1276.55	752.94	4.9906	5.1258
848237849912	1291.43	737.36	1271.85	752.52	4.9953	5.1337
848237858244	1285.91	734.35	1271.44	748.80	4.9784	5.1300
848237866578	1280.76	735.00	1273.91	749.57	4.9611	5.1139
848237874911	1285.76	735.35	1284.88	752.07	4.9682	5.0974
848237883244	1288.44	742.27	1281.25	754.79	4.9630	5.1017
848237891578	1287.24	734.93	1277.06	763.79	4.9562	5.1070
848237899915	1293.52	735.33	1282.36	754.64	4.9720	5.1016
848237908248	1285.22	736.62	1284.40	750.76	4.9595	5.0956
848237916582	1290.07	727.84	1273.33	753.45	4.9717	5.1113
848237924915	1288.64	732.76	1275.30	747.92	4.9500	5.1161
848237933248	1289.39	738.01	1273.08	750.58	4.9556	5.1077
848237941580	1288.51	733.16	1286.42	755.46	4.9553	5.0927
848237949914	1288.79	738.16	1282.56	752.52	4.9476	5.0908
848237958247	1291.57	743.99	1277.25	762.82	4.9476	5.1016
848237966581	1279.93	736.29	1268.50	757.96	4.9471	5.0981
848237974914	1282.17	739.12	1270.45	766.49	4.9526	5.1133
848237983247	1288.88	736.63	1276.75	762.87	4.9513	5.1082
848237991581	1287.96	738.77	1279.55	754.28	4.9418	5.0739
848237999914	1290.80	733.09	1282.80	748.50	4.9440	5.0814
848238008247	1281.58	725.31	1274.87	748.71	4.9440	5.0700
848238016581	1286.59	732.04	1270.46	750.93	4.9335	5.0912
848238024913	1294.36	733.45	1268.77	757.43	4.9567	5.0830
848238033254	1286.34	734.80	1274.76	755.47	4.9412	5.0645
848238041588	1284.97	737.08	1268.01	752.91	4.9259	5.0843
848238049921	1294.16	738.90	1276.22	749.40	4.9583	5.0805
848238058255	1285.44	732.92	1272.53	753.72	4.9319	5.0783
848238066588	1287.00	728.30	1283.38	742.37	4.9335	5.0468
848238074921	1280.51	729.53	1274.25	747.87	4.9434	5.0827
848238083254	1283.47	726.08	1276.02	750.58	4.9306	5.0895
848238091587	1283.08	728.44	1276.02	742.83	4.9260	5.0626
848238099920	1281.37	724.78	1272.09	752.51	4.9330	5.0732
848238108253	1288.39	729.80	1269.92	753.48	4.9371	5.0553
848238116586	1281.80	732.49	1279.91	754.48	4.9246	5.0479
848238124920	1281.10	726.52	1267.04	761.43	4.9153	5.0388
848238133253	1290.01	678.90	1262.60	733.65	5.0181	5.0491
848238141587	1311.31	749.64	1267.66	934.49	4.9297	4.6805
848238149920	NaN	NaN	NaN	NaN	NaN	NaN
848238158253	NaN	NaN	NaN	NaN	NaN	NaN
848238166588	NaN	NaN	NaN	NaN	NaN	NaN
848238174922	NaN	NaN	NaN	NaN	NaN	NaN
848238183254	NaN	NaN	NaN	NaN	NaN	NaN
848238191588	NaN	NaN	NaN	NaN	NaN	NaN
848238199921	NaN	NaN	NaN	NaN	NaN	NaN
848238208254	NaN	NaN	NaN	NaN	NaN	NaN
848238216588	NaN	NaN	NaN	NaN	NaN	NaN
848238224921	NaN	NaN	NaN	NaN	NaN	NaN
848238233254	NaN	NaN	NaN	NaN	NaN	NaN
848238241587	NaN	NaN	NaN	NaN	NaN	NaN
848238249921	1728.85	1373.49	NaN	NaN	2.3967	NaN
848238258255	NaN	NaN	NaN	NaN	NaN	NaN
848238266587	1559.42	1156.30	NaN	NaN	3.2095	NaN
848238274919	NaN	NaN	NaN	NaN	NaN	NaN
848238283254	1345.94	790.59	NaN	NaN	4.6095	NaN
848238291586	1286.84	701.45	1271.53	782.06	4.9493	4.9927
848238299925	1284.22	676.50	1291.03	756.82	5.0385	5.0240
848238308258	1300.15	709.88	1277.87	787.43	4.9900	4.9382
848238316591	1299.20	717.35	1280.63	741.08	4.9582	5.0302
848238324925	1283.13	719.27	1268.20	745.56	4.9499	5.0341
848238333258	1276.58	732.33	1263.48	735.56	4.9283	5.0359
848238341592	1300.39	738.85	1278.87	754.69	4.9458	5.0303
848238349924	1288.95	732.96	1282.76	760.74	4.9166	5.0056
848238358257	1280.02	741.61	1273.06	756.40	4.9003	5.0103
848238366591	1284.10	747.37	1277.04	773.20	4.9027	4.9870
848238374924	1287.07	738.93	1280.24	779.64	4.9181	4.9752
848238383257	1283.99	740.85	1280.83	789.00	4.9086	4.9637
848238391590	1285.91	740.94	1272.72	781.55	4.9261	4.9845
848238399924	1276.23	737.62	1272.72	779.78	4.9097	4.9812
848238408257	1284.90	740.02	1271.97	787.35	4.9315	5.0143
848238416590	1276.67	749.99	1277.41	777.86	4.9084	4.9936
848238424928	1288.95	749.02	1275.35	779.56	4.9189	5.0166
848238433261	1270.48	752.13	1269.28	780.61	4.9086	5.0160
848238441594	1278.20	752.43	1268.62	773.19	4.9215	5.0157
848238449928	1289.97	753.15	1268.56	772.57	4.9288	5.0187
848238458261	1272.67	739.44	1272.00	779.50	4.9036	5.0307
848238466594	1285.03	745.99	1286.47	780.33	4.9289	5.0379
848238474928	1284.31	750.01	1270.59	777.04	4.9434	5.0217
848238483261	1281.79	756.16	1266.40	781.13	4.9370	5.0516
848238491595	1285.74	754.16	1274.10	771.20	4.9723	5.0496
848238499928	1275.63	758.24	1265.06	770.19	4.9415	5.0504
848238508260	1279.92	756.78	1276.22	763.66	4.9680	5.0402
848238516594	1295.16	764.01	1281.15	756.08	4.9706	5.0345
848238524927	1289.43	760.76	1266.92	766.02	4.9609	5.0766
848238533260	1291.13	757.83	1280.58	765.11	4.9829	5.0628
848238541594	1289.29	755.43	1276.34	771.33	4.9756	5.0748
848238549927	1288.18	756.90	1266.29	770.06	4.9885	5.0855
848238558265	1281.01	753.74	1267.53	772.24	4.9878	5.0934
848238566599	1287.93	754.10	1263.84	775.68	4.9898	5.0793
848238574932	1280.42	759.18	1274.97	781.50	4.9962	5.0518
848238583265	1291.88	756.40	1271.99	785.10	5.0128	5.0536
848238591598	1282.02	737.10	1269.83	740.55	5.0617	5.1054
848238599931	1303.08	773.89	1285.37	933.43	4.9370	4.6761
848238608264	NaN	NaN	NaN	NaN	NaN	NaN
848238616597	NaN	NaN	NaN	NaN	NaN	NaN
848238624930	NaN	NaN	NaN	NaN	NaN	NaN
848238633264	NaN	NaN	NaN	NaN	NaN	NaN
848238641598	NaN	NaN	NaN	NaN	NaN	NaN
848238649931	NaN	NaN	NaN	NaN	NaN	NaN
848238658264	NaN	NaN	NaN	NaN	NaN	NaN
848238666596	NaN	NaN	NaN	NaN	NaN	NaN
848238674929	NaN	NaN	NaN	NaN	NaN	NaN
848238683263	NaN	NaN	NaN	NaN	NaN	NaN
848238691600	NaN	NaN	NaN	NaN	NaN	NaN
848238699933	NaN	NaN	NaN	NaN	NaN	NaN
848238708267	NaN	NaN	NaN	NaN	NaN	NaN
848238716601	NaN	NaN	NaN	NaN	NaN	NaN
848238724934	NaN	NaN	NaN	NaN	NaN	NaN
848238733267	1706.06	1309.96	NaN	NaN	2.6963	NaN
848238741601	NaN	NaN	NaN	NaN	NaN	NaN
848238749932	1467.67	1020.01	NaN	NaN	4.2776	NaN
848238758266	1419.81	883.57	1483.94	1412.20	4.6001	2.5582
848238766599	1351.39	800.14	1162.14	936.44	4.8681	4.4774
848238774932	1313.77	738.86	1235.93	813.54	5.1412	4.9543
848238783265	1297.40	707.84	1261.81	749.40	5.2508	5.2178
848238791600	1308.85	677.74	1294.13	769.53	5.0832	5.1584
848238799933	1305.14	735.26	1293.86	768.03	5.1863	5.1647
848238808266	1283.28	714.94	1289.77	741.73	5.1931	5.2162
848238816600	1294.59	749.96	1278.34	730.12	5.2006	5.2550
848238824937	1282.79	725.76	1277.24	739.47	5.1841	5.2329
848238833269	1286.78	747.69	1280.37	762.47	5.1803	5.2026
848238841603	1297.64	762.40	1283.91	780.30	5.1681	5.1749
848238849936	1279.99	748.34	1273.36	787.07	5.1468	5.1714
848238858269	1290.25	760.04	1286.25	779.06	5.1404	5.1685
848238866602	1285.30	748.93	1274.22	781.73	5.1319	5.1775
848238874936	1283.19	762.85	1280.68	780.07	5.1492	5.1611
848238883269	1281.13	758.28	1279.63	776.77	5.1530	5.1646
848238891602	1282.57	748.76	1281.81	779.49	5.1347	5.1607
848238899934	1283.94	748.90	1291.56	779.77	5.1454	5.1574
848238908267	1293.47	765.38	1296.62	769.92	5.1400	5.1695
848238916600	1293.72	770.66	1290.70	765.68	5.1344	5.1675
848238924933	1283.57	757.99	1286.41	772.58	5.1301	5.1671
848238933266	1270.63	750.92	1277.14	773.08	5.1171	5.1617
848238941599	1271.18	748.54	1283.61	776.27	5.1276	5.1550
848238949936	1287.54	751.41	1277.81	772.35	5.1273	5.1687
848238958269	1293.44	761.91	1272.36	772.49	5.1274	5.1483
848238966602	1271.37	758.55	1289.76	763.49	5.1154	5.1353
848238974935	1293.31	750.84	1278.40	775.12	5.1266	5.1615
848238983269	1267.82	742.71	1288.92	771.85	5.0907	5.1419
848238991601	1281.47	750.40	1269.10	765.94	5.1014	5.1320
848238999934	1284.81	749.61	1301.00	761.52	5.1142	5.1299
848239008268	1287.45	758.00	1273.91	768.39	5.1130	5.1688
848239016601	1277.21	759.01	1266.09	766.97	5.1131	5.1678
848239024935	1291.65	756.82	1285.66	760.57	5.0999	5.1382
848239033268	1275.76	756.03	1282.76	773.71	5.0820	5.1507
848239041601	1280.66	751.63	1269.88	774.39	5.0729	5.1472
848239049934	1274.73	745.91	1291.39	764.04	5.0913	5.1272
848239058268	1297.76	754.54	1286.69	761.20	5.1048	5.1374
848239066601	1268.65	739.10	1269.45	763.04	5.0780	5.1350
848239074933	1286.91	748.88	1282.27	767.26	5.0864	5.1449
848239083273	1278.65	737.78	1278.90	765.72	5.0793	5.1360
848239091607	1276.03	734.04	1278.33	768.34	5.0704	5.1458
848239099941	1281.57	733.63	1281.30	762.04	5.0657	5.1419
848239108274	1285.43	737.38	1275.23	763.80	5.0767	5.1432
848239116607	1271.88	742.10	1272.30	760.97	5.0713	5.1402
848239124941	1269.73	743.09	1279.53	766.11	5.0629	5.1571
848239133273	1275.67	749.88	1279.31	763.78	5.0865	5.1542
848239141607	1270.96	748.69	1276.75	760.45	5.0730	5.1353
848239149939	1279.30	739.28	1273.66	758.61	5.0871	5.1464
848239158273	1275.26	732.58	1276.88	759.32	5.0746	5.1587
848239166606	1281.30	747.97	1275.62	764.48	5.0928	5.1645
848239174940	1289.16	758.03	1286.94	765.62	5.0925	5.1608
848239183281	1287.19	742.55	1276.26	764.15	5.0868	5.1488
848239191606	1280.79	735.11	1276.69	759.58	5.1026	5.1533
848239199940	1277.74	740.62	1271.36	753.02	5.1022	5.1606
848239208273	1274.46	742.25	1268.83	753.94	5.0785	5.1527
848239216611	1281.73	747.38	1275.77	762.96	5.1052	5.1756
848239224944	1280.01	748.31	1275.32	758.28	5.0820	5.1734
848239233277	1279.44	746.36	1278.90	758.07	5.1118	5.1474
848239241611	1287.00	732.73	1289.05	753.17	5.1130	5.1534
848239249944	1277.16	732.23	1270.43	764.55	5.1067	5.1894
848239258278	1282.58	747.37	1275.71	757.79	5.0947	5.1487
848239266611	1279.86	748.50	1281.97	755.13	5.0838	5.1635
848239274943	1267.70	741.40	1266.78	756.59	5.0876	5.1772
848239283278	1290.27	742.55	1283.75	760.39	5.0993	5.1630
848239291611	1274.15	745.04	1273.34	763.21	5.0936	5.1480
848239299944	1284.27	745.74	1278.27	760.65	5.0953	5.1686
848239308277	1283.51	749.41	1276.75	755.83	5.0846	5.1367
848239316610	1273.24	747.07	1284.36	752.01	5.0775	5.1483
848239324943	1283.70	736.49	1273.93	751.73	5.0892	5.1506
848239333276	1272.71	734.06	1281.03	752.40	5.0847	5.1217
848239341615	1284.80	744.02	1272.62	768.50	5.0818	5.1634
848239349949	1280.71	746.43	1282.76	754.09	5.0838	5.1252
848239358282	1278.84	734.59	1287.95	761.01	5.0838	5.1368
848239366615	1295.05	750.09	1286.23	761.43	5.0880	5.1355
848239374949	1283.45	734.78	1280.67	768.48	5.0736	5.1211
848239383281	1278.77	732.65	1287.22	750.00	5.0690	5.1087
848239391614	1288.79	749.43	1277.63	751.01	5.0770	5.1106
848239399947	1289.75	738.96	1294.03	763.91	5.0963	5.0900
848239408280	1275.03	742.77	1284.03	759.17	5.0573	5.1271
848239416614	1272.45	738.15	1288.04	750.82	5.0495	5.0893
848239424948	1275.94	729.50	1291.04	760.09	5.0628	5.0859
848239433281	1278.81	740.54	1285.69	754.19	5.0546	5.0948
848239441614	1281.83	736.44	1281.87	752.52	5.0640	5.0834
848239449947	1278.22	717.27	1278.19	754.69	5.0419	5.0604
848239458281	1279.35	737.85	1283.91	746.99	5.0402	5.0650
848239466614	1281.23	739.55	1284.10	752.33	5.0387	5.0549
848239474949	1280.85	722.39	1283.42	765.47	5.0508	5.0681
848239483282	1286.45	728.91	1285.65	754.02	5.0394	5.0558
848239491616	1280.03	735.05	1288.34	752.65	5.0302	5.0495
848239499949	1277.79	735.74	1270.21	767.40	5.0379	5.0950
848239508283	1291.63	737.31	1269.55	760.64	5.0456	5.0757
848239516616	1281.86	740.29	1284.32	746.86	5.0375	5.0406
848239524949	1286.30	736.45	1285.91	748.67	5.0340	5.0462
848239533283	1288.95	739.28	1283.84	753.26	5.0564	5.0487
848239541616	1282.47	728.82	1271.40	768.00	5.0407	5.0792
848239549949	1280.62	725.48	1292.69	748.33	5.0210	5.0579
848239558281	1288.23	730.32	1286.48	753.81	5.0411	5.0486
848239566614	1285.74	731.19	1287.56	745.53	5.0265	5.0487
848239574948	1286.19	730.97	1282.52	754.76	5.0269	5.0601
848239583281	1295.45	741.65	1287.79	742.80	5.0364	5.0311
848239591615	1279.20	735.76	1279.70	758.16	5.0240	5.0456
848239599948	1290.72	738.65	1275.52	752.48	5.0286	5.0381
848239608287	1294.16	737.23	1283.66	738.23	5.0413	5.0357
848239616620	1295.64	732.98	1271.72	758.16	5.0399	5.0480
848239624953	1287.08	719.55	1282.01	748.42	5.0169	5.0257
848239633285	1286.48	718.42	1277.52	745.87	5.0365	5.0284
848239641619	1290.84	725.10	1287.29	748.01	5.0439	5.0371
848239649952	1290.51	723.51	1281.71	751.51	5.0334	5.0391
848239658285	1288.19	727.64	1276.20	753.37	5.0332	5.0432
848239666619	1283.69	728.44	1279.43	760.12	5.0238	5.0314
848239674952	1284.64	733.09	1278.76	758.89	5.0170	5.0245
848239683285	1287.28	733.21	1272.99	752.64	5.0394	5.0292
848239691618	1285.02	736.70	1270.90	751.69	5.0401	5.0273
848239699951	1286.19	731.58	1283.32	760.30	5.0189	5.0364
848239708285	1273.66	737.96	1262.82	750.87	5.0338	5.0475
848239716617	1264.16	741.64	1270.07	755.69	5.0152	5.0395
848239724951	1276.98	737.61	1272.19	749.80	5.0242	5.0459
848239733284	1268.71	733.07	1271.91	748.07	5.0216	5.0417
848239741622	1279.10	727.70	1278.82	758.55	5.0231	5.0488
848239749956	1282.04	722.07	1285.63	752.47	5.0380	5.0401
848239758289	1275.26	728.06	1286.19	748.18	5.0464	5.0290
848239766622	1272.02	728.40	1288.90	748.27	5.0496	5.0468
848239774955	1267.01	721.50	1282.70	752.69	5.0301	5.0426
848239783289	1279.20	724.77	1288.58	745.87	5.0410	5.0433
848239791622	1281.48	722.35	1280.91	746.69	5.0434	5.0355
848239799954	1285.85	727.53	1281.56	754.13	5.0569	5.0413
848239808287	1279.26	729.60	1282.11	753.17	5.0550	5.0594
848239816620	1276.90	736.37	1279.84	754.77	5.0602	5.0501
848239824954	1275.93	738.06	1276.35	761.12	5.0535	5.0747
848239833287	1272.30	734.85	1278.50	745.98	5.0502	5.0618
848239841621	1278.72	728.95	1282.13	750.16	5.0529	5.0711
848239849954	1280.05	720.02	1279.36	755.42	5.0527	5.0683
848239858296	1280.94	715.22	1272.97	744.82	5.0632	5.0634
848239866633	1275.01	718.70	1268.23	751.80	5.0493	5.0712
848239874967	1274.64	723.66	1276.01	752.79	5.0492	5.0763
848239883298	1271.12	724.34	1281.24	744.52	5.0510	5.0566
848239891623	1275.88	714.66	1272.78	750.16	5.0520	5.0771
848239899957	1272.48	714.47	1280.23	754.53	5.0469	5.0787
848239908290	1288.64	727.75	1277.45	751.88	5.0837	5.0678
848239916623	1282.77	716.59	1267.83	753.34	5.0809	5.0825
848239924957	1280.23	720.21	1280.06	744.03	5.0614	5.0664
848239933290	1276.37	714.35	1265.50	752.31	5.0666	5.1113
848239941632	1274.64	711.22	1276.89	742.24	5.0838	5.0828
848239949957	1277.33	722.03	1272.89	752.49	5.0755	5.0952
848239958298	1277.55	728.02	1282.91	746.93	5.0828	5.0873
848239966622	1285.40	728.08	1291.18	740.39	5.0823	5.0764
848239974956	1274.52	722.13	1292.89	740.51	5.0738	5.0724
848239983289	1284.98	731.86	1287.62	743.18	5.0818	5.0808
848239991622	1285.60	733.27	1283.39	749.34	5.0917	5.0791
848239999962	1280.76	724.14	1271.54	764.69	5.0896	5.1114
848240008295	1277.55	720.25	1281.69	756.09	5.0684	5.0706
848240016629	1281.08	719.38	1279.20	749.49	5.0714	5.0760
848240024971	1277.59	712.91	1283.08	742.89	5.0894	5.0787
848240033295	1278.98	716.36	1283.51	738.57	5.0614	5.0658
848240041636	1277.29	723.80	1280.71	744.79	5.0806	5.0770
848240049970	1280.78	723.33	1287.10	747.83	5.0609	5.0785
848240058302	1285.68	732.41	1291.72	751.77	5.0809	5.0649
848240066636	1287.71	732.15	1293.51	752.90	5.0888	5.0702
848240074969	1280.32	725.43	1290.42	749.74	5.0818	5.0925
848240083302	1281.04	727.91	1297.37	744.02	5.0826	5.0726
848240091627	1279.35	723.36	1285.83	748.81	5.0843	5.0861
848240099970	1282.66	734.16	1297.18	743.03	5.0980	5.0663
848240108294	1280.19	725.22	1288.77	746.33	5.0715	5.0733
848240116636	1278.05	726.75	1276.57	755.83	5.0831	5.0884
848240124960	1284.34	721.65	1285.32	745.38	5.0835	5.0851
848240133297	1278.06	717.76	1288.92	751.89	5.0855	5.0811
848240141630	1274.20	709.68	1283.52	757.15	5.0826	5.0854
848240149964	1270.52	711.82	1278.68	766.53	5.0698	5.0990
848240158297	1282.71	721.91	1282.70	754.86	5.0788	5.0887
848240166631	1280.30	722.62	1292.61	741.10	5.0938	5.0712
848240174964	1285.56	723.05	1280.88	752.59	5.1005	5.0993
848240183306	1282.40	721.96	1274.37	765.84	5.1011	5.1156
848240191639	1285.82	717.44	1281.09	763.77	5.1134	5.1191
848240199971	1282.55	718.48	1289.35	755.19	5.1095	5.0892
848240208305	1276.82	721.55	1287.74	767.15	5.0900	5.1050
848240216638	1272.41	713.30	1295.38	756.75	5.0979	5.0924
848240224971	1279.19	723.71	1302.46	753.47	5.0880	5.0983
848240233304	1281.35	719.19	1295.65	758.50	5.1014	5.1120
848240241638	1279.63	723.77	1297.68	754.18	5.1057	5.1109
848240249971	1278.17	717.51	NaN	NaN	5.1006	NaN
848240258304	1281.60	724.33	NaN	NaN	5.1072	NaN
848240266643	1278.70	718.75	NaN	NaN	5.1107	NaN
848240274976	1286.00	721.30	1297.91	758.37	5.1216	5.1157
848240283309	1283.57	717.87	1301.70	763.76	5.1273	5.1222
848240291642	1282.92	716.53	1290.73	764.86	5.1300	5.1358
848240299975	1281.44	713.99	1295.13	762.55	5.1083	5.1076
848240308308	1279.43	714.22	1287.68	764.18	5.1156	5.1393
848240316642	1282.14	717.13	1293.38	756.96	5.1227	5.1251
848240324975	1279.63	717.07	1291.50	756.29	5.1222	5.1392
848240333309	1276.24	708.36	1290.13	760.72	5.1059	5.1303
848240341641	1278.32	715.60	1290.12	760.53	5.1221	5.1515
848240349974	1280.89	717.45	1299.10	761.33	5.1237	5.1360
848240358308	1276.94	712.55	1283.52	763.81	5.1051	5.1396
848240366641	1279.84	711.06	1284.71	759.38	5.1283	5.1307
848240374974	1287.17	721.58	1284.54	768.81	5.1416	5.1740
848240383307	1280.15	710.88	1288.95	758.73	5.1126	5.1420
848240391644	1280.42	711.92	1287.25	756.42	5.1228	5.1337
848240399977	1280.94	713.86	1287.85	757.15	5.1301	5.1533
848240408310	1279.61	711.63	1288.84	755.64	5.1137	5.1427
848240416643	1282.91	719.56	1284.56	763.57	5.1201	5.1672
848240424976	1286.10	714.84	1292.67	754.06	5.1237	5.1366
848240433309	1286.98	716.85	1285.27	764.73	5.1287	5.1581
848240441643	1283.83	713.63	1297.21	758.55	5.1339	5.1347
848240449976	1286.74	715.65	1296.38	762.12	5.1312	5.1158
848240458309	1280.47	716.97	1286.65	769.37	5.1286	5.1613
848240466642	1284.17	715.09	1284.64	770.04	5.1332	5.1602
848240474976	1284.42	709.95	1292.31	758.83	5.1082	5.1408
848240483309	1285.01	710.42	1290.90	767.76	5.1240	5.1481
848240491642	1286.31	713.81	1293.14	768.48	5.1123	5.1402
848240499975	1280.82	711.80	1288.35	762.12	5.1302	5.1338
848240508308	1285.31	713.67	1288.02	763.94	5.1293	5.1369
848240516641	1276.09	711.94	1283.54	772.25	5.1115	5.1562
848240524982	1277.11	714.09	1282.67	765.50	5.1188	5.1282
848240533316	1277.41	712.65	1287.37	761.54	5.1189	5.1445
848240541648	1277.59	705.16	1286.51	760.56	5.1264	5.1266
848240549982	1283.80	709.26	1287.67	761.76	5.1283	5.1374
848240558315	1288.86	721.26	1286.53	763.99	5.1236	5.1339
848240566648	1285.46	714.44	1290.95	759.84	5.1115	5.1437
848240574981	1284.77	713.39	1288.61	757.13	5.1263	5.1360
848240583314	1295.11	722.74	1287.64	756.24	5.1436	5.1370
848240591647	1283.72	718.57	1280.22	764.86	5.1349	5.1667
848240599981	1286.69	716.70	1289.48	758.07	5.1429	5.1444
848240608314	1283.14	722.15	1286.30	759.11	5.1296	5.1407
848240616647	1270.61	715.02	1279.04	756.70	5.1200	5.1200
848240624980	1273.77	722.59	1277.65	762.83	5.1193	5.1304
848240633313	1284.76	725.53	1290.34	765.01	5.1385	5.1347
848240641646	1284.90	719.23	1284.92	762.85	5.1515	5.1244
848240649980	1286.35	723.41	1284.10	758.81	5.1470	5.1407
848240658318	1279.20	726.51	1283.13	767.30	5.1246	5.1500
848240666650	1281.94	731.79	1295.99	763.74	5.1449	5.1435
848240674984	1279.81	730.05	1285.64	770.12	5.1314	5.1762
848240683316	1288.09	733.67	1290.76	756.46	5.1414	5.1527
848240691650	1280.82	732.33	1288.13	758.94	5.1391	5.1639
848240699983	1281.31	737.49	1285.93	754.75	5.1378	5.1594
848240708307	1276.99	732.54	1296.22	750.83	5.1208	5.1537
848240716641	1283.40	734.58	1286.48	752.21	5.1562	5.1467
848240724974	1286.30	735.98	1285.21	757.33	5.1514	5.1678
848240733308	1287.02	734.81	1290.66	753.37	5.1540	5.1507
848240741641	1285.79	735.49	1283.34	762.20	5.1527	5.1765
848240749974	1278.74	729.70	1290.22	760.55	5.1492	5.1640
848240758307	1288.69	735.74	1279.43	767.33	5.1671	5.1793
848240766640	1282.20	733.62	1293.14	763.96	5.1555	5.1499
848240774982	1282.68	723.67	1285.03	766.71	5.1756	5.1709
848240783307	1285.09	722.54	1268.16	780.74	5.1741	5.2032
848240791653	1288.86	729.26	1279.80	766.81	5.1795	5.1727
848240799987	1286.05	726.96	1280.10	767.26	5.1857	5.1724
848240808320	1281.64	727.82	1277.56	770.29	5.1847	5.1859
848240816653	1284.30	724.84	1275.95	770.58	5.1707	5.1976
848240824987	1282.36	732.56	1277.74	775.67	5.2042	5.1982
848240833320	1282.45	735.28	1280.14	768.81	5.1898	5.2059
848240841653	1285.27	738.57	1284.61	761.10	5.1988	5.1855
848240849986	1282.90	732.26	1282.40	763.18	5.2044	5.2069
848240858310	1282.66	732.35	1275.54	766.39	5.2082	5.2236
848240866644	1283.98	739.29	1282.25	762.33	5.2072	5.2163
848240874977	1287.99	735.55	1275.51	765.75	5.2300	5.2387
848240883310	1288.06	735.50	1277.77	767.60	5.2136	5.2310
848240891644	1290.93	740.67	1282.51	772.14	5.2251	5.2396
848240899977	1284.41	735.21	1280.67	774.31	5.2305	5.2468
848240908311	1285.69	727.10	1283.61	763.44	5.2355	5.2220
848240916648	1288.37	736.37	1286.39	773.69	5.2326	5.2371
848240924989	1282.05	732.04	1279.49	772.78	5.2417	5.2329
848240933322	1280.44	726.09	1278.65	774.28	5.2502	5.2465
848240941655	1287.82	726.66	1283.34	773.96	5.2463	5.2486
848240949989	1286.73	732.73	1279.91	769.36	5.2577	5.2489
848240958322	1289.11	731.35	1285.79	767.98	5.2682	5.2489
848240966655	1282.27	733.79	1278.82	765.39	5.2636	5.2569
848240974989	1285.35	734.24	1273.89	773.25	5.2695	5.2832
848240983322	1285.10	732.70	1274.03	766.20	5.2847	5.2760
848240991656	1285.93	738.80	1281.24	764.17	5.2826	5.2577
848240999980	1286.50	737.37	1283.28	764.64	5.2883	5.2515
848241008321	1286.38	739.43	1277.79	766.27	5.2869	5.2767
848241016646	1285.20	738.22	1278.98	767.60	5.2831	5.2836
848241024979	1285.60	734.38	1277.86	765.33	5.3013	5.2869
848241033313	1279.43	743.70	1276.02	764.91	5.2882	5.2913
848241041646	1282.78	742.44	1279.29	767.39	5.3069	5.3050
848241049985	1287.94	742.46	1279.78	771.40	5.3017	5.2875
848241058319	1287.23	739.06	1270.69	774.52	5.3024	5.3088
848241066651	1287.49	739.30	1275.13	769.32	5.2961	5.3054
848241074984	1285.00	743.40	1274.41	767.14	5.3121	5.2982
848241083317	1287.63	745.39	1272.70	771.02	5.3121	5.3105
848241091651	1286.35	743.50	1282.41	770.05	5.3091	5.2966
848241099984	1287.63	739.77	1277.58	767.61	5.3070	5.3096
848241108317	1287.51	740.55	1271.50	774.69	5.3216	5.3145
848241116651	1285.49	745.34	1285.82	768.22	5.3185	5.2910
848241124983	1290.24	744.72	1286.79	764.45	5.3164	5.2980
848241133316	1287.97	743.38	1286.03	763.18	5.3118	5.2727
848241141650	1287.55	741.28	1282.77	771.79	5.3227	5.3079
848241149983	1290.90	745.58	1289.88	757.85	5.3237	5.2749
848241158317	1289.03	741.39	1278.09	769.79	5.3189	5.3100
848241166650	1291.71	750.56	1283.42	764.08	5.3191	5.2954
848241174983	1286.76	740.29	1286.44	764.48	5.3051	5.2944
848241183321	1283.96	733.46	1277.47	763.47	5.2999	5.3022
848241191654	1287.45	743.92	1288.15	752.02	5.3166	5.2701
848241199987	1279.16	737.75	1280.22	762.59	5.3008	5.3005
848241208328	1287.67	742.10	1281.80	761.01	5.3031	5.2849
848241216653	1283.24	742.76	1279.62	763.45	5.2884	5.2822
848241224986	1289.30	751.49	1281.52	758.59	5.3073	5.2755
848241233319	1289.61	754.95	1281.53	762.23	5.3132	5.2720
848241241653	1283.05	750.96	1276.56	767.00	5.2797	5.2829
848241249986	1286.34	753.00	1277.82	769.67	5.2802	5.2946
848241258319	1285.53	744.90	1286.62	764.64	5.2749	5.2607
848241266653	1285.04	753.12	1277.25	770.11	5.2765	5.2748
848241274986	1281.40	746.47	1282.61	763.55	5.2659	5.2674
848241283319	1284.62	750.57	1274.66	771.10	5.2658	5.2665
848241291651	1283.49	744.13	1276.38	772.58	5.2414	5.2647
848241299985	1282.28	744.17	1273.87	773.75	5.2502	5.2653
848241308321	1281.58	740.65	1280.15	766.90	5.2359	5.2365
848241316654	1280.48	742.36	1288.30	760.63	5.2351	5.2307
848241324988	1282.02	742.55	1279.51	769.18	5.2438	5.2354
848241333321	1283.31	740.13	1278.01	773.16	5.2423	5.2390
848241341654	1281.00	745.72	1278.68	773.38	5.2337	5.2292
848241349988	1280.94	740.19	1274.55	782.64	5.2186	5.2532
848241358321	1280.97	745.13	1276.22	774.25	5.2295	5.2309
848241366654	1277.72	743.36	1284.27	769.48	5.1990	5.2201
848241374987	1281.43	748.03	1273.87	775.84	5.2233	5.2291
848241383320	1280.38	744.61	1271.99	781.94	5.2261	5.2419
848241391653	1279.48	743.46	1277.07	773.66	5.1995	5.2157
848241399987	1281.57	745.46	1265.63	779.40	5.1997	5.2329
848241408321	1281.30	754.55	1284.21	770.30	5.2094	5.1902
848241416654	1280.96	750.09	1283.41	770.38	5.1800	5.1983
848241424986	1275.16	748.42	1284.02	776.14	5.1816	5.1980
848241433319	1278.64	745.23	1284.06	772.59	5.1826	5.1874
848241441658	1276.19	749.50	1284.32	765.25	5.1828	5.1970
848241449992	1283.86	746.14	1282.67	765.64	5.1900	5.1887
848241458326	1276.32	742.07	1283.21	765.00	5.1657	5.1920
848241466658	1278.80	745.70	1286.28	765.24	5.1731	5.1677
848241474992	1276.95	746.81	1286.87	762.98	5.1588	5.1832
848241483325	1275.96	745.39	1276.93	767.76	5.1577	5.1967
848241491658	1278.42	743.74	1286.20	763.75	5.1543	5.1730
848241499991	1280.07	741.48	1291.09	758.45	5.1516	5.1559
848241508324	1282.72	748.20	1285.36	767.07	5.1632	5.1800
848241516657	1277.30	746.62	1283.19	771.02	5.1396	5.1602
848241524991	1282.77	747.19	1287.67	767.79	5.1549	5.1523
848241533324	1283.18	749.59	1290.61	768.54	5.1259	5.1514
848241541658	1275.20	735.45	1286.82	770.35	5.1101	5.1502
848241549991	1282.15	741.92	1290.56	763.44	5.1414	5.1564
848241558324	1282.03	741.90	1286.59	763.34	5.1276	5.1526
848241566658	1286.54	745.10	1291.93	760.94	5.1429	5.1442
848241574995	1286.43	747.95	1285.95	763.54	5.1217	5.1530
848241583328	1282.33	745.46	1291.09	756.48	5.1190	5.1294
848241591661	1280.32	746.15	1289.35	755.95	5.1315	5.1435
848241599995	1283.63	745.03	1291.88	755.33	5.1139	5.1335
848241608328	1283.18	744.41	1282.23	759.56	5.1343	5.1438
848241616661	1283.08	749.56	1284.73	759.82	5.1108	5.1524
848241624995	1283.92	748.16	1284.46	763.18	5.1309	5.1590
848241633328	1282.06	744.03	1286.23	753.68	5.1177	5.1437
848241641661	1281.54	738.75	1277.12	761.53	5.1144	5.1614
848241649995	1284.26	744.30	1283.34	763.32	5.1150	5.1419
848241658327	1280.24	736.49	1284.62	768.64	5.1083	5.1369
848241666661	1280.19	735.16	1285.48	761.39	5.1011	5.1468
848241674994	1281.81	741.27	1278.76	768.34	5.1085	5.1469
848241683327	1285.01	737.44	1286.60	760.77	5.1084	5.1376
848241691661	1289.05	738.02	1289.08	763.27	5.1196	5.1400
848241699994	1280.98	741.82	1287.94	765.95	5.0992	5.1380
848241708332	1290.40	741.67	1289.88	760.91	5.1150	5.1284
848241716665	1289.16	744.90	1290.13	756.12	5.1068	5.1428
848241724998	1286.48	746.58	1292.43	761.01	5.1146	5.1527
848241733331	1283.42	745.54	1288.08	763.99	5.1008	5.1567
848241741665	1282.79	743.82	1292.64	754.48	5.1061	5.1450
848241749998	1288.81	744.96	1289.53	756.41	5.1104	5.1424
848241758331	1285.03	748.92	1292.35	750.64	5.1008	5.1266
848241766664	1284.77	743.19	1291.18	757.75	5.1154	5.1516
848241774997	1282.83	743.29	1293.32	754.34	5.1219	5.1355
848241783330	1286.34	745.04	1276.68	770.05	5.1122	5.1760
848241791664	1283.03	748.23	1289.51	760.08	5.1144	5.1435
848241799997	1288.61	743.93	1291.46	763.46	5.1230	5.1418
848241808330	1287.43	740.96	1273.41	768.69	5.1192	5.1681
848241816664	1283.45	732.72	1278.36	770.08	5.1112	5.1677
848241824997	1285.47	737.54	1277.85	771.68	5.1140	5.1716
848241833336	1282.75	731.22	1283.16	764.45	5.1101	5.1616
848241841670	1283.61	736.08	1280.19	767.24	5.1147	5.1717
848241850001	1288.12	742.97	1284.70	758.04	5.1402	5.1470
848241858335	1286.60	748.95	1285.64	764.65	5.1155	5.1577
848241866669	1281.12	740.94	1279.15	763.08	5.1245	5.1750
848241875002	1283.29	741.32	1286.03	753.80	5.1247	5.1636
848241883335	1276.96	749.34	1282.15	762.43	5.1171	5.1781
848241891668	1279.90	738.09	1287.70	756.20	5.1161	5.1605
848241900002	1280.16	751.75	1279.95	760.74	5.1303	5.1803
848241908335	1285.40	741.01	1283.81	757.61	5.1225	5.1714
848241916669	1282.69	739.23	1282.51	763.42	5.1335	5.1757
848241925001	1283.13	745.84	1279.63	771.58	5.1421	5.1919
848241933334	1284.09	746.23	1281.84	761.79	5.1320	5.1625
848241941667	1283.11	739.02	1279.48	768.04	5.1273	5.1679
848241950001	1278.32	734.09	1285.27	764.71	5.1129	5.1567
848241958334	1276.45	737.77	1282.02	770.22	5.1119	5.1525
848241966674	1281.44	736.39	1274.82	775.09	5.1264	5.1513
848241975007	1277.32	733.44	1277.29	765.47	5.1100	5.1355
848241983341	1277.01	732.68	1276.81	770.86	5.1252	5.1386
848241991675	1269.70	737.02	1271.66	774.47	5.0927	5.1532
848242000008	1280.15	739.07	1277.47	770.05	5.1146	5.1498
848242008340	1280.45	739.85	1283.01	768.66	5.1032	5.1334
848242016673	1278.58	745.35	1280.02	764.57	5.0993	5.1373
848242025007	1275.97	737.68	1280.63	767.05	5.0915	5.1490
848242033340	1269.10	737.41	1284.53	764.50	5.0783	5.1371
848242041674	1277.87	740.59	1285.74	763.32	5.0934	5.1445
848242050007	1273.62	739.92	1285.66	758.69	5.0744	5.1237
848242058340	1274.02	740.92	1286.50	760.61	5.0721	5.1426
848242066673	1277.44	742.07	1281.86	758.95	5.0789	5.1160
848242075007	1275.96	741.16	1281.79	759.21	5.0632	5.1241
848242083340	1265.35	735.39	1286.69	764.86	5.0485	5.1151
848242091673	1274.42	740.10	1279.74	762.56	5.0624	5.0988
848242100006	1268.91	739.92	1276.75	762.37	5.0428	5.0997
848242108340	1275.35	737.53	1269.81	765.61	5.0626	5.1169
848242116673	1273.06	737.57	1274.34	769.54	5.0494	5.1039
848242125007	1270.19	730.06	1271.44	764.69	5.0469	5.1064
848242133340	1274.00	735.79	1266.79	775.76	5.0322	5.1108
848242141673	1267.02	734.84	1276.65	763.16	5.0248	5.0882
848242150007	1265.59	730.18	1279.00	760.98	5.0205	5.0834
848242158340	1268.29	737.40	1276.98	763.13	5.0373	5.0934
848242166672	1270.66	735.56	1279.97	760.69	5.0361	5.0686
848242175006	1268.78	735.87	1276.45	755.15	5.0330	5.0806
848242183339	1270.46	732.71	1277.13	755.46	5.0390	5.0719
848242191672	1264.18	739.69	1274.43	757.56	5.0275	5.0898
848242200006	1272.19	741.72	1275.30	759.43	5.0367	5.0755
848242208339	1270.78	741.22	1283.40	753.26	5.0311	5.0697
848242216672	1271.40	744.14	1276.91	755.73	5.0305	5.0608
848242225005	1270.95	740.39	1281.53	749.38	5.0259	5.0617
848242233344	1255.89	723.68	1285.56	739.42	4.9960	5.0514
848242241677	1264.09	731.37	1289.15	745.40	5.0157	5.0651
848242250010	1270.50	733.54	1293.37	740.29	5.0217	5.0393
848242258343	1275.72	735.83	1292.05	742.66	5.0200	5.0509
848242266676	1264.73	728.43	1292.80	739.36	5.0156	5.0602
848242275010	1266.78	732.86	1289.54	738.99	5.0065	5.0556
848242283343	1266.53	730.46	1292.35	737.85	5.0049	5.0502
848242291676	1266.53	725.02	1293.21	735.95	5.0243	5.0429
848242300009	1257.01	727.42	1293.77	737.61	5.0276	5.0498
848242308341	1270.22	734.57	1290.99	738.92	5.0285	5.0580
848242316675	1266.38	731.45	1294.53	734.77	5.0204	5.0496
848242325009	1273.50	735.08	1287.66	739.27	5.0294	5.0555
848242333342	1268.39	730.73	1288.28	741.42	5.0373	5.0566
848242341675	1271.64	728.37	1294.63	736.86	5.0303	5.0498
848242350008	1264.41	730.97	1287.77	741.26	5.0320	5.0581
848242358346	1263.60	731.34	1288.19	739.62	5.0302	5.0523
848242366679	1262.13	728.35	1282.69	742.02	5.0226	5.0603
848242375013	1265.13	729.24	1284.59	737.13	5.0180	5.0630
848242383344	1267.53	727.90	1287.83	743.43	5.0444	5.0592
848242391678	1263.46	727.54	1292.74	737.17	5.0425	5.0528
848242400011	1267.70	728.73	1282.16	738.21	5.0345	5.0487
848242408344	1260.30	731.68	1281.02	742.11	5.0198	5.0674
848242416678	1264.78	728.27	1287.48	735.29	5.0291	5.0571
848242425011	1268.76	731.39	1283.09	736.10	5.0464	5.0467
848242433344	1266.31	726.05	1280.39	738.49	5.0295	5.0520
848242441678	1266.49	727.58	1281.61	734.93	5.0456	5.0316
848242450011	1270.92	731.55	1277.21	733.69	5.0326	5.0487
848242458344	1269.44	731.59	1278.36	738.97	5.0523	5.0493
848242466677	1262.58	725.95	1278.50	737.10	5.0327	5.0484
848242475010	1267.35	730.81	1270.38	734.56	5.0243	5.0465
848242483343	1266.01	726.62	1275.15	738.59	5.0167	5.0538
848242491683	1264.60	729.06	1265.69	739.01	5.0256	5.0492
848242500017	1269.65	734.17	1269.75	735.92	5.0304	5.0343
848242508349	1267.94	730.30	1270.20	732.79	5.0297	5.0509
848242516683	1275.18	734.87	1269.73	741.38	5.0448	5.0630
848242525016	1264.88	731.26	1268.75	730.70	5.0168	5.0326
848242533349	1260.53	729.69	1269.21	736.09	5.0144	5.0355
848242541683	1266.56	735.63	1272.76	733.62	5.0155	5.0540
848242550016	1263.53	727.35	1276.84	734.84	5.0220	5.0563
848242558349	1272.02	732.57	1274.36	739.24	5.0211	5.0562
848242566682	1265.96	728.53	1279.06	732.11	5.0015	5.0495
848242575023	1269.50	729.71	1272.82	734.00	5.0017	5.0473
848242583349	1269.37	731.91	1275.78	736.43	5.0353	5.0550
848242591690	1270.30	729.67	1275.63	735.32	5.0016	5.0387
848242600015	1274.10	733.55	1279.99	737.23	5.0133	5.0308
848242608348	1268.61	733.61	1277.92	734.52	4.9873	5.0415
848242616682	1267.07	735.82	1278.22	732.01	4.9996	5.0303
848242625018	1271.42	728.80	1276.30	737.04	5.0051	5.0311
848242633351	1276.31	735.27	1272.56	735.74	4.9959	5.0392
848242641685	1268.80	732.56	1272.49	738.71	4.9938	5.0406
848242650017	1269.97	733.40	1273.95	738.03	5.0074	5.0360
848242658350	1268.87	731.38	1269.41	734.76	4.9968	5.0239
848242666684	1265.52	735.90	1268.90	732.49	4.9835	5.0467
848242675017	1268.53	734.16	1267.15	736.16	4.9844	5.0383
848242683350	1265.81	724.75	1267.87	737.72	4.9902	5.0350
848242691683	1263.27	728.10	1265.99	735.41	4.9733	5.0521
848242700017	1262.13	729.12	1261.33	740.40	4.9547	5.0477
848242708351	1261.36	723.97	1264.02	737.46	4.9587	5.0406
848242716684	1265.48	723.30	1263.38	731.70	4.9600	5.0311
848242725016	1266.84	732.49	1262.79	742.50	4.9581	5.0444
848242733349	1266.37	731.74	1269.08	743.07	4.9522	5.0378
848242741682	1274.20	728.40	1270.63	740.56	4.9592	5.0351
848242750021	1267.52	720.02	1270.39	741.40	4.9487	5.0234
848242758354	1274.94	722.32	1265.68	746.10	4.9398	5.0301
848242766688	1265.01	731.57	1266.66	739.90	4.9431	5.0181
848242775021	1261.74	725.15	1269.58	745.14	4.9346	5.0287
848242783354	1256.56	727.56	1269.65	739.49	4.9197	5.0108
848242791688	1278.48	733.44	1269.39	742.30	4.9392	5.0143
848242800021	1262.80	729.65	1267.45	734.10	4.9242	5.0147
848242808353	1267.51	727.08	1259.64	739.63	4.9181	5.0260
848242816686	1271.63	733.19	1268.21	731.98	4.9368	4.9870
848242825020	1264.96	725.23	1269.37	733.05	4.9075	5.0074
848242833354	1262.76	727.23	1267.90	732.08	4.9033	4.9899
848242841686	1263.10	728.78	1263.67	741.01	4.9044	5.0156
848242850029	1270.95	732.31	1265.95	736.14	4.9224	5.0118
848242858353	1268.61	727.95	1271.55	736.88	4.9066	4.9939
848242866695	1264.48	725.53	1267.66	743.87	4.9150	5.0170
848242875020	1263.19	729.08	1263.41	734.70	4.8985	4.9914
848242883362	1266.40	724.36	1274.40	739.29	4.9024	4.9682
848242891695	1269.99	719.41	1274.19	740.77	4.9084	4.9952
848242900028	1264.46	725.98	1270.39	741.65	4.9261	4.9842
848242908361	1264.54	722.37	1270.31	737.96	4.9163	4.9776
848242916695	1261.15	723.46	1267.34	747.74	4.8958	4.9865
848242925028	1265.78	724.37	1272.51	735.37	4.9170	4.9809
848242933362	1260.14	721.63	1274.50	728.89	4.8983	4.9811
848242941694	1267.45	717.64	1273.76	731.97	4.9124	4.9958
848242950028	1268.11	719.16	1270.96	732.21	4.9177	5.0056
848242958370	1264.97	716.92	1273.06	723.42	4.9202	4.9886
848242966702	1265.23	714.29	1268.41	727.67	4.9151	5.0038
848242975036	1263.39	714.43	1274.64	731.60	4.9228	4.9906
848242983369	1261.79	713.45	1269.36	728.24	4.9114	4.9891
848242991702	1267.59	725.06	1279.15	722.29	4.9142	4.9918
848243000036	1264.84	721.53	1273.83	729.92	4.9163	4.9845
848243008369	1276.75	725.14	1269.95	730.26	4.9465	4.9841
848243016702	1264.46	719.58	1274.25	740.06	4.9084	4.9870
848243025035	1262.03	721.43	1275.85	738.64	4.9261	4.9923
848243033360	1258.64	719.85	1274.92	741.43	4.9008	4.9886
848243041694	1266.11	717.44	1274.65	741.68	4.9165	5.0003
848243050026	1259.44	718.94	1281.14	741.66	4.9152	4.9966
848243058360	1263.14	716.11	1277.37	745.74	4.9201	4.9829
848243066692	1265.71	716.89	1279.19	739.50	4.9299	4.9940
848243075026	1266.05	720.70	1273.15	737.25	4.9287	4.9950
848243083360	1258.85	718.33	1280.75	740.54	4.9180	4.9923
848243091692	1260.42	713.95	1279.06	733.77	4.9169	4.9964
848243100026	1267.45	713.00	1283.27	737.30	4.9344	5.0235
848243108358	1266.23	724.10	1280.27	725.38	4.9341	5.0046
848243116700	1261.81	718.85	1278.65	732.38	4.9318	5.0066
848243125034	1265.83	717.98	1272.98	739.44	4.9298	5.0314
848243133366	1272.90	724.59	1278.40	736.69	4.9565	5.0222
848243141700	1261.60	716.87	1278.27	736.52	4.9320	5.0004
848243150038	1268.35	713.90	1283.67	741.47	4.9533	5.0188
848243158371	1265.12	716.42	1282.90	738.19	4.9321	4.9968
848243166705	1268.86	720.35	1275.71	744.50	4.9388	5.0130
848243175038	1265.76	713.08	1285.64	742.69	4.9325	4.9968
848243183363	1267.28	714.63	1273.27	744.44	4.9405	5.0079
848243191695	1267.55	716.91	1277.65	742.92	4.9416	5.0064
848243200029	1264.19	718.42	1275.94	752.19	4.9451	5.0147
848243208361	1266.29	714.01	1278.50	748.04	4.9363	5.0014
848243216694	1272.68	723.42	1278.50	741.32	4.9287	5.0075
848243225028	1267.63	720.67	1277.10	734.00	4.9300	4.9985
848243233361	1271.14	715.48	1283.07	743.43	4.9366	5.0162
848243241694	1266.98	720.44	1274.94	736.80	4.9315	5.0015
848243250028	1267.21	714.62	1277.41	740.05	4.9249	5.0096
848243258369	1267.41	716.17	1276.94	733.70	4.9310	4.9952
848243266695	1269.20	717.75	1273.59	738.06	4.9225	5.0233
848243275039	1269.93	714.44	1279.85	735.26	4.9248	5.0059
848243283372	1273.10	715.25	1278.45	734.37	4.9332	4.9999
848243291705	1273.95	719.99	1279.56	729.25	4.9288	4.9985
848243300038	1268.13	715.99	1283.37	734.90	4.9155	4.9985
848243308372	1270.58	718.49	1284.33	738.05	4.9253	5.0125
848243316705	1268.00	718.35	1276.34	738.03	4.9312	5.0090
848243325038	1273.28	720.43	1271.75	741.35	4.9504	5.0240
848243333372	1272.59	718.51	1273.93	742.31	4.9323	5.0049
848243341705	1273.61	721.34	1277.78	733.01	4.9514	5.0028
848243350030	1270.81	717.21	1279.45	737.97	4.9362	5.0100
848243358363	1273.85	715.20	1279.35	733.14	4.9418	4.9983
848243366695	1271.83	718.86	1274.70	737.50	4.9193	5.0105
848243375037	1273.30	722.37	1269.74	738.26	4.9319	5.0105
848243383370	1274.67	726.07	1276.08	734.54	4.9545	5.0148
848243391696	1266.09	712.90	1275.77	739.02	4.9213	5.0101
848243400037	1271.38	714.04	1275.64	738.03	4.9410	5.0166
848243408370	1267.63	715.49	1271.48	742.42	4.9378	5.0035
848243416712	1270.82	717.02	1267.26	746.75	4.9472	5.0248
848243425037	1269.42	717.89	1270.99	741.96	4.9470	5.0301
848243433370	1271.29	720.11	1282.27	735.86	4.9647	5.0016
848243441703	1267.15	718.13	1266.21	749.76	4.9446	5.0528
848243450035	1270.40	710.65	1276.79	739.08	4.9526	5.0182
848243458369	1272.33	714.06	1267.56	741.09	4.9542	5.0292
848243466702	1277.97	722.90	1273.41	742.60	4.9708	5.0367
848243475036	1273.46	720.13	1272.43	740.03	4.9719	5.0294
848243483369	1276.78	723.40	1273.86	738.49	4.9943	5.0615
848243491702	1273.78	720.12	1268.74	745.25	4.9722	5.0662
848243500044	1279.03	725.81	1273.89	742.75	4.9857	5.0652
848243508369	1276.09	726.47	1266.26	745.42	4.9712	5.0908
848243516711	1275.74	723.40	1269.70	736.10	4.9878	5.0578
848243525035	1277.98	722.87	1270.53	746.27	4.9879	5.0722
848243533368	1276.29	718.72	1269.59	745.45	4.9788	5.0742
848243541704	1276.01	718.65	1273.65	746.38	4.9902	5.0538
848243550037	1278.07	724.43	1271.39	750.16	4.9951	5.0764
848243558371	1276.83	718.08	1263.59	753.74	5.0090	5.0891
848243566704	1268.45	713.03	1281.19	743.18	4.9996	5.0654
848243575037	1275.40	722.13	1273.00	747.51	5.0093	5.0833
848243583371	1278.87	728.07	1261.42	754.55	5.0107	5.1061
848243591704	1276.78	720.24	1263.40	753.50	5.0102	5.1167
848243600038	1276.49	718.50	1267.85	750.41	5.0293	5.1128
848243608370	1275.01	715.92	1256.38	749.94	5.0314	5.1447
848243616703	1271.77	724.21	1266.01	745.05	5.0280	5.1259
848243625037	1276.18	722.08	1270.67	740.44	5.0278	5.1162
848243633378	1271.34	718.27	1266.42	743.83	5.0293	5.1329
848243641712	1271.67	715.16	1266.52	743.03	5.0308	5.1176
848243650045	1274.86	725.63	1260.25	748.79	5.0447	5.1569
848243658378	1272.90	724.07	1255.43	754.82	5.0480	5.1654
848243666712	1280.78	723.97	1274.31	746.58	5.0677	5.1376
848243675050	1277.93	717.76	1268.21	751.12	5.0578	5.1582
848243683384	1279.67	725.52	1268.66	751.72	5.0679	5.1485
848243691715	1280.56	723.82	1266.99	754.56	5.0822	5.1692
848243700040	1272.76	719.65	1268.09	756.45	5.0644	5.1828
848243708374	1277.63	717.00	1270.15	756.27	5.0682	5.1670
848243716707	1281.21	721.88	1267.84	756.67	5.0700	5.1862
848243725041	1278.67	724.94	1267.38	758.58	5.0849	5.1973
848243733374	1276.77	720.89	1272.18	748.52	5.0979	5.1922
848243741707	1274.41	725.12	1269.38	752.98	5.0798	5.2012
848243750041	1282.30	721.64	1270.36	750.92	5.0983	5.1901
848243758374	1279.34	724.37	1270.54	757.71	5.1067	5.2119
848243766706	1283.02	728.82	1279.52	746.29	5.1100	5.2019
848243775039	1277.02	733.15	1269.70	747.11	5.0904	5.2170
848243783373	1273.70	718.15	1272.85	749.54	5.1065	5.2177
848243791706	1286.38	731.74	1265.30	759.10	5.1385	5.2435
848243800043	1281.08	725.92	1263.50	752.02	5.1276	5.2382
848243808377	1279.19	723.29	1258.51	755.72	5.1246	5.2507
848243816710	1279.73	717.86	1255.23	754.71	5.1341	5.2758
848243825043	1278.67	715.81	1260.85	759.13	5.1267	5.2800
848243833377	1284.87	722.38	1266.32	749.86	5.1622	5.2553
848243841710	1282.30	721.74	1262.74	758.47	5.1489	5.2777
848243850043	1278.23	720.17	1267.54	756.08	5.1386	5.2770
848243858376	1274.41	725.13	1256.34	766.99	5.1417	5.3007
848243866709	1279.91	727.60	1270.63	753.51	5.1544	5.2766
848243875043	1280.60	725.25	1261.09	761.49	5.1555	5.3161
848243883376	1284.16	728.25	1260.84	753.55	5.1776	5.2929
848243891709	1280.82	723.89	1261.01	755.95	5.1745	5.3172
848243900042	1281.76	727.62	1263.84	754.37	5.1921	5.3057
848243908376	1278.96	728.65	1263.60	756.16	5.1898	5.3141
848243916709	1276.24	730.44	1255.89	758.62	5.1708	5.3290
848243925042	1283.78	732.99	1256.12	757.84	5.1993	5.3365
848243933391	1280.23	728.86	1262.23	765.09	5.1972	5.3419
848243941716	1281.39	729.65	1260.82	757.49	5.1855	5.3459
848243950049	1284.88	728.19	1264.63	757.03	5.2017	5.3327
848243958383	1282.67	731.30	1259.36	759.54	5.1964	5.3495
848243966716	1284.80	731.19	1255.93	760.83	5.2201	5.3588
848243975050	1282.77	732.85	1267.39	752.93	5.2035	5.3340
848243983382	1279.43	728.87	1260.64	758.43	5.2032	5.3647
848243991716	1281.02	728.85	1252.88	759.45	5.2025	5.3623
848244000049	1274.15	733.35	1257.68	761.50	5.2147	5.3777
848244008381	1281.79	728.43	1259.46	751.42	5.2169	5.3674
848244016715	1281.67	724.17	1265.92	753.38	5.2329	5.3780
848244025048	1284.47	727.82	1259.40	754.42	5.2518	5.3827
848244033390	1282.64	729.15	1262.48	752.99	5.2532	5.3732
848244041723	1288.49	726.99	1265.23	752.00	5.2636	5.3749
848244050057	1285.80	724.97	1263.76	749.23	5.2608	5.3694
848244058390	1287.40	741.50	1258.50	755.88	5.2652	5.3923
848244066725	1289.25	739.06	1250.67	758.14	5.2619	5.4128
848244075059	1287.42	736.41	1262.46	760.06	5.2745	5.3866
848244083383	1286.02	732.67	1257.48	759.84	5.2683	5.3958
848244091716	1280.48	726.84	1259.11	763.09	5.2596	5.4065
848244100050	1280.63	725.17	1262.33	757.91	5.2649	5.3987
848244108382	1287.99	734.18	1258.49	758.82	5.2832	5.4059
848244116716	1286.58	730.27	1262.52	759.02	5.2637	5.4009
848244125049	1283.48	735.51	1255.88	763.18	5.2750	5.4090
848244133382	1281.74	739.00	1262.27	755.86	5.2255	5.3690
848244141716	1282.85	735.75	1256.56	758.65	5.2318	5.3615
848244150049	1285.37	735.19	1260.62	756.41	5.2167	5.3438
848244158382	1281.97	733.65	1260.20	754.85	5.1686	5.3288
848244166716	1280.22	736.01	1250.65	761.47	5.1600	5.3208
848244175048	1280.65	731.08	1264.11	749.77	5.1143	5.2707
848244183382	1276.95	737.53	1257.42	752.83	5.0830	5.2474
848244191719	1281.49	725.97	1262.37	751.28	5.0565	5.2133
848244200052	1284.15	741.10	1259.80	746.78	5.0463	5.1644
848244208385	1273.58	724.93	1260.58	756.39	4.9821	5.1600
848244216719	1277.79	728.15	1257.78	755.17	4.9578	5.1143
848244225052	1238.84	741.79	1237.19	760.50	4.9204	5.0701
848244233385	1215.50	745.62	1188.70	781.70	4.8806	5.0851
848244241719	1212.93	743.55	1201.23	769.22	4.8445	5.0504
848244250051	1207.44	739.21	1193.81	764.67	4.8204	5.0247
848244258393	1207.69	740.82	1204.60	758.73	4.7957	4.9661
848244266727	1208.45	739.89	1205.03	768.80	4.7583	4.9433
848244275051	1207.90	738.77	1189.35	773.11	4.7398	4.9352
848244283384	1206.22	746.59	1201.12	766.59	4.7231	4.8916
848244291718	1202.71	739.90	1200.30	756.49	4.6741	4.8737
848244300051	1204.94	746.29	1195.64	755.11	4.6458	4.8278
848244308385	1203.01	750.15	1195.76	756.20	4.6336	4.8063
848244316718	1199.86	746.31	1202.26	753.57	4.6153	4.7866
848244325057	1199.02	746.90	1198.02	754.25	4.5944	4.7512
848244333390	1204.73	748.45	1200.07	754.18	4.5729	4.7587
848244341723	1206.25	743.86	1201.57	764.96	4.5529	4.7488
848244350056	1202.57	737.08	1193.92	751.80	4.5384	4.7166
848244358390	1200.99	737.31	1195.87	740.22	4.5265	4.6696
848244366723	1205.21	736.54	1195.63	747.42	4.5097	4.6706
848244375056	1200.31	732.02	1193.02	744.31	4.4835	4.6735
848244383389	1202.77	728.91	1195.94	749.83	4.4971	4.6554
848244391723	1205.63	734.02	1190.85	741.68	4.4793	4.6382
848244400056	1200.86	730.66	1190.25	748.95	4.4443	4.6224
848244408388	1204.18	731.55	1189.00	746.95	4.4275	4.6134
848244416722	1204.60	739.12	1187.84	745.81	4.4434	4.6140
848244425055	1204.14	740.41	1188.91	734.79	4.4098	4.6004
848244433389	1211.59	735.63	1195.14	742.19	4.4098	4.5871
848244441722	1202.32	739.84	1191.30	738.33	4.3846	4.5658
848244450055	1207.39	733.76	1183.70	740.61	4.3833	4.5762
848244458394	1203.42	733.44	1191.49	738.90	4.3829	4.5574
848244466726	1204.62	727.42	1189.09	733.36	4.3664	4.5561
848244475060	1206.33	735.74	1190.94	732.80	4.3702	4.5594
848244483394	1206.15	724.91	1189.28	737.71	4.3527	4.5484
848244491725	1205.82	727.38	1194.21	735.73	4.3551	4.5258
848244500059	1209.66	726.39	1188.03	739.77	4.3431	4.5400
848244508392	1204.72	727.14	1192.00	731.93	4.3410	4.5008
848244516726	1202.84	726.48	1182.35	740.08	4.3293	4.5301
848244525059	1203.94	733.36	1188.04	735.62	4.3350	4.5104
848244533392	1199.72	724.74	1184.70	744.11	4.3350	4.5337
848244541726	1200.44	727.71	1188.91	734.90	4.3232	4.5086
848244550059	1202.28	727.06	1194.00	731.41	4.3254	4.4802
848244558392	1205.10	730.85	1192.81	738.39	4.3222	4.4981
848244566726	1198.73	728.75	1190.61	743.47	4.3142	4.5082
848244575058	1199.89	726.41	1192.44	734.69	4.3208	4.4915
848244583391	1199.86	735.75	1187.40	737.84	4.3336	4.4992
848244591729	1200.84	734.46	1186.28	745.20	4.3095	4.5089
848244600063	1200.48	725.94	1184.19	741.54	4.3221	4.5178
848244608396	1199.21	732.59	1184.53	738.86	4.3291	4.5039
848244616729	1196.56	724.53	1186.57	737.63	4.3302	4.5114
848244625063	1203.35	730.51	1182.32	738.41	4.3405	4.5070
848244633396	1202.33	726.02	1185.59	738.31	4.3321	4.5119
848244641730	1204.07	730.87	1186.09	738.60	4.3403	4.5141
848244650062	1200.74	728.45	1180.84	741.77	4.3436	4.5142
848244658395	1205.69	732.91	1184.60	741.24	4.3506	4.5286
848244666729	1203.45	730.86	1188.00	740.78	4.3562	4.5219
848244675062	1201.36	722.79	1179.36	747.02	4.3469	4.5346
848244683396	1211.96	730.05	1183.29	744.03	4.3715	4.5365
848244691729	1208.52	734.57	1177.65	749.09	4.3798	4.5471
848244700062	1208.25	730.25	1182.94	747.61	4.3666	4.5355
848244708395	1203.52	735.96	1182.36	751.51	4.3633	4.5555
848244716732	1204.18	734.41	1179.16	745.99	4.3781	4.5499
848244725066	1218.84	738.80	1205.02	750.26	4.3858	4.5477
848244733398	1262.81	744.68	1277.53	750.11	4.4017	4.5268
848244741731	1317.43	747.07	1304.40	749.94	4.4290	4.5270
848244750065	1347.44	751.15	1354.90	774.34	4.4173	4.5324
848244758398	1358.20	745.14	1362.83	763.17	4.4169	4.5363
848244766732	1355.25	749.36	1363.80	772.77	4.4248	4.5520
848244775074	1359.00	750.53	1359.37	777.10	4.4169	4.5660
848244783406	1364.46	747.85	1362.42	771.74	4.4467	4.5573
848244791740	1359.79	744.85	1367.01	761.05	4.4163	4.5596
848244800074	1353.60	742.99	1360.13	765.89	4.4380	4.5550
848244808407	1359.27	743.50	1364.47	760.34	4.4416	4.5617
848244816739	1361.61	746.16	1356.37	765.15	4.4396	4.5633
848244825072	1357.93	747.69	1360.17	762.70	4.4462	4.5550
848244833406	1359.45	748.17	1367.15	757.68	4.4375	4.5531
848244841739	1363.68	746.83	1358.58	758.53	4.4411	4.5621
848244850078	1360.36	746.91	1361.81	758.54	4.4402	4.5644
848244858411	1353.69	745.93	1356.43	759.97	4.4324	4.5728
848244866744	1360.78	748.85	1359.19	761.70	4.4567	4.5742
848244875078	1361.69	750.44	1354.48	765.60	4.4516	4.5819
848244883411	1359.05	745.64	1358.96	756.17	4.4545	4.5911
848244891743	1362.56	749.09	1348.06	762.03	4.4471	4.5960
848244900077	1365.29	749.75	1357.10	751.74	4.4658	4.5939
848244908409	1366.60	752.99	1352.32	755.25	4.4663	4.5812
848244916743	1367.47	744.39	1350.62	759.39	4.4428	4.5853
848244925077	1365.27	746.37	1350.02	757.28	4.4687	4.6089
848244933410	1365.53	747.17	1352.98	759.52	4.4695	4.6006
848244941743	1363.92	748.72	1351.70	760.04	4.4693	4.6078
848244950076	1362.67	742.55	1353.45	759.81	4.4903	4.6168
848244958409	1362.17	742.10	1353.26	756.44	4.4820	4.6158
848244966743	1370.60	749.86	1358.65	767.89	4.4690	4.6140
848244975075	1420.51	764.78	1415.66	771.81	4.5329	4.6267
848244983414	1463.77	760.91	1445.99	769.34	4.5072	4.6207
848244991747	1500.73	759.98	1482.42	781.68	4.5119	4.6505
848245000080	1514.87	760.55	1486.68	776.58	4.5444	4.6443
848245008414	1512.23	761.44	1486.18	774.75	4.5475	4.6552
848245016747	1521.43	762.39	1487.29	778.09	4.5547	4.6566
848245025080	1517.92	764.31	1496.68	773.70	4.5625	4.6425
848245033413	1518.54	761.43	1491.23	782.53	4.5550	4.6782
848245041747	1518.44	765.03	1490.82	777.45	4.5578	4.6678
848245050079	1519.52	758.24	1497.57	783.12	4.5845	4.6741
848245058413	1526.25	760.60	1496.53	778.57	4.5937	4.6765
848245066746	1523.09	758.00	1494.43	778.51	4.5812	4.6884
848245075079	1524.21	758.56	1498.11	787.67	4.6146	4.7007
848245083412	1523.98	765.18	1499.31	779.75	4.6000	4.7062
848245091746	1522.63	757.90	1500.37	782.97	4.6373	4.7242
848245100079	1522.36	752.32	1497.98	786.52	4.6277	4.7191
848245108413	1522.65	754.76	1494.74	784.83	4.6307	4.7291
848245116751	1523.64	761.55	1492.56	785.51	4.6594	4.7364
848245125084	1522.74	762.76	1497.84	780.51	4.6440	4.7401
848245133417	1524.33	765.73	1498.97	780.33	4.6608	4.7458
848245141750	1522.68	765.78	1502.21	780.01	4.6659	4.7571
848245150083	1514.97	762.29	1495.78	781.41	4.6790	4.7691
848245158416	1525.46	760.78	1496.24	777.06	4.6875	4.7705
848245166750	1523.66	765.12	1493.06	780.01	4.6734	4.7769
848245175083	1522.23	756.66	1498.10	781.65	4.6992	4.7860
848245183417	1526.83	762.78	1493.55	780.40	4.7144	4.7898
848245191750	1518.52	763.02	1501.64	775.70	4.7186	4.7908
848245200083	1522.22	763.06	1492.19	781.60	4.7263	4.8086
848245208416	1525.64	763.84	1492.68	783.96	4.7191	4.8178
848245216749	1516.61	762.29	1498.76	783.87	4.7407	4.8008
848245225082	1521.27	758.58	1496.97	787.22	4.7412	4.8176
848245233416	1518.38	760.22	1498.33	782.38	4.7399	4.8254
848245241753	1546.25	759.60	1532.50	781.40	4.7678	4.8233
848245250087	1579.74	747.93	1555.76	770.51	4.7638	4.8287
848245258421	1589.74	746.02	1562.03	774.23	4.7709	4.8337
848245266754	1588.31	740.39	1559.46	770.31	4.7867	4.8267
848245275087	1594.99	744.99	1558.16	772.27	4.7741	4.8435
848245283420	1589.62	742.71	1553.08	772.48	4.7833	4.8562
848245291752	1581.88	740.25	1559.31	771.18	4.7720	4.8682
848245300086	1585.23	743.75	1551.50	768.00	4.7720	4.8685
848245308420	1590.48	739.22	1557.62	771.71	4.7860	4.8737
848245316753	1583.30	745.83	1556.03	769.65	4.8073	4.8606
848245325086	1585.93	741.29	1555.53	764.65	4.7876	4.8716
848245333419	1585.70	740.10	1559.12	770.71	4.7969	4.8797
848245341753	1581.33	747.40	1550.50	769.90	4.8303	4.8795
848245350086	1587.93	743.09	1556.60	768.46	4.8188	4.8830
848245358419	1580.11	752.57	1559.72	773.68	4.8439	4.8923
848245366752	1582.57	752.26	1554.92	768.04	4.8185	4.8854
848245375089	1582.76	748.70	1551.76	766.35	4.8291	4.9087
848245383423	1587.09	743.19	1554.80	770.51	4.8358	4.9135
848245391756	1583.67	747.91	1553.56	768.08	4.8536	4.9083
848245400089	1585.22	748.42	1553.53	768.45	4.8359	4.9156
848245408422	1583.22	747.25	1555.94	765.05	4.8552	4.9168
848245416755	1590.41	743.08	1557.56	764.28	4.8444	4.9265
848245425089	1578.78	749.86	1560.91	766.35	4.8819	4.9195
848245433423	1581.47	747.35	1559.19	774.80	4.8731	4.9192
848245441756	1583.07	746.20	1560.88	776.86	4.8685	4.9276
848245450088	1569.12	737.59	1549.14	768.71	4.8866	4.9358
848245458421	1543.74	736.84	1526.50	769.26	4.8850	4.9379
848245466755	1551.59	734.50	1526.47	769.89	4.8853	4.9475
848245475088	1539.81	735.53	1522.64	763.91	4.8931	4.9473
848245483422	1545.22	735.55	1521.11	770.64	4.8984	4.9588
848245491754	1548.12	727.29	1512.78	768.59	4.8955	4.9578
848245500088	1545.85	737.50	1525.08	762.74	4.9071	4.9607
848245508427	1545.21	735.83	1521.31	760.50	4.9074	4.9670
848245516760	1546.27	739.69	1523.54	761.34	4.9133	4.9729
848245525093	1544.26	741.69	1521.48	762.69	4.9135	4.9661
848245533425	1544.79	736.78	1522.72	761.63	4.9248	4.9669
848245541758	1542.32	742.43	1523.37	755.85	4.9334	4.9640
848245550092	1539.29	742.15	1521.02	762.72	4.9332	4.9784
848245558425	1540.98	737.68	1524.95	765.03	4.9298	4.9780
848245566759	1543.18	741.30	1520.38	759.50	4.9509	4.9958
848245575092	1545.96	736.80	1522.32	761.60	4.9573	4.9758
848245583425	1541.99	732.55	1518.09	766.28	4.9439	4.9973
848245591759	1540.18	740.74	1519.92	772.21	4.9686	5.0000
848245600092	1537.09	738.04	1518.22	763.75	4.9760	4.9989
848245608425	1541.77	734.25	1519.39	767.43	4.9499	4.9970
848245616757	1541.10	735.93	1516.45	765.06	4.9764	4.9939
848245625091	1543.70	733.70	1515.24	767.23	4.9836	5.0048
848245633426	1545.41	730.99	1519.02	764.49	4.9821	5.0057
848245641760	1542.12	735.38	1514.11	764.30	4.9792	5.0160
848245650093	1540.44	734.62	1522.10	766.69	4.9898	5.0287
848245658426	1544.97	734.64	1524.19	759.69	4.9991	5.0336
848245666759	1524.76	741.14	1510.38	752.93	5.0067	5.0380
848245675093	1504.68	736.90	1476.85	749.07	5.0141	5.0428
848245683426	1492.53	740.40	1470.11	751.12	5.0059	5.0410
848245691759	1489.62	735.51	1469.99	753.45	5.0195	5.0350
848245700091	1492.35	741.84	1476.29	747.59	5.0145	5.0471
848245708425	1496.11	733.25	1471.58	744.74	5.0056	5.0393
848245716759	1497.46	738.79	1472.47	751.64	5.0149	5.0645
848245725092	1497.04	736.45	1477.93	754.92	5.0537	5.0561
848245733425	1498.46	729.92	1477.30	761.25	5.0232	5.0515
848245741758	1497.73	726.66	1484.65	756.95	5.0477	5.0608
848245750091	1500.42	734.77	1488.09	761.92	5.0546	5.0442
848245758425	1498.30	732.60	1480.90	764.33	5.0464	5.0573
848245766765	1494.40	730.97	1481.23	768.66	5.0485	5.0686
848245775097	1498.17	727.44	1478.06	763.82	5.0692	5.0740
848245783430	1497.37	734.92	1474.26	764.94	5.0673	5.0811
848245791763	1496.29	731.95	1479.98	765.82	5.0778	5.0841
848245800097	1499.57	732.08	1478.96	760.18	5.0772	5.0815
848245808430	1497.45	732.68	1481.01	754.93	5.0779	5.0811
848245816764	1499.79	730.08	1486.80	758.24	5.0819	5.0817
848245825097	1498.49	731.20	1477.33	758.72	5.0918	5.0956
848245833430	1502.73	732.86	1479.48	752.76	5.0915	5.0999
848245841764	1501.49	736.15	1480.40	764.74	5.0965	5.1092
848245850097	1497.44	735.80	1485.08	758.08	5.0964	5.1157
848245858429	1500.09	732.72	1482.97	761.64	5.1025	5.1191
848245866762	1499.92	735.53	1484.18	760.73	5.0946	5.1262
848245875095	1500.74	734.25	1479.77	759.11	5.1055	5.1154
848245883429	1500.37	734.13	1483.75	757.32	5.1183	5.1201
848245891763	1503.80	738.47	1484.32	758.24	5.1310	5.1173
848245900102	1503.43	739.45	1476.57	762.81	5.1362	5.1297
848245908435	1499.81	737.14	1483.71	757.30	5.1238	5.1184
848245916768	1497.01	735.37	1482.96	763.93	5.1421	5.1427
848245925102	1493.62	738.74	1482.76	756.07	5.1350	5.1321
848245933434	1492.85	733.22	1468.15	760.77	5.1393	5.1647
848245941768	1498.02	734.36	1476.23	763.13	5.1495	5.1517
848245950100	1499.38	734.20	1484.65	757.42	5.1485	5.1466
848245958434	1494.96	732.97	1479.20	753.44	5.1426	5.1355
848245966768	1498.12	733.95	1480.90	761.16	5.1570	5.1572
848245975100	1496.79	729.42	1481.05	763.19	5.1463	5.1654
848245983434	1498.73	737.16	1481.68	763.44	5.1492	5.1617
848245991767	1492.88	735.37	1482.10	757.16	5.1585	5.1640
848246000100	1499.66	739.58	1480.46	755.25	5.1662	5.1631
848246008434	1497.02	733.54	1478.85	753.67	5.1531	5.1715
848246016766	1494.63	734.27	1485.76	750.11	5.1750	5.1692
848246025100	1494.35	730.99	1483.11	748.64	5.1649	5.1736
848246033437	1502.04	728.42	1480.97	753.07	5.1747	5.1710
848246041770	1498.51	740.10	1485.17	754.70	5.1762	5.1765
848246050104	1500.83	740.91	1477.72	754.89	5.1765	5.1910
848246058437	1496.86	744.35	1480.66	754.02	5.1821	5.1832
848246066770	1498.55	739.99	1479.85	751.26	5.1811	5.1879
848246075103	1501.24	740.29	1474.45	752.27	5.1860	5.1945
848246083437	1497.46	741.93	1470.66	752.51	5.1890	5.2072
848246091769	1491.29	735.79	1474.83	755.74	5.1844	5.1912
848246100102	1497.72	736.11	1473.38	763.67	5.1937	5.1969
848246108436	1496.52	740.30	1469.56	770.36	5.1828	5.2038
848246116769	1477.43	740.73	1450.31	763.21	5.1932	5.2170
848246125102	1404.07	763.77	1406.58	781.33	5.2108	5.2119
848246133436	1353.82	758.35	1343.87	778.71	5.2026	5.2538
848246141769	1319.73	769.35	1296.38	785.15	5.1845	5.2609
848246150103	1300.30	761.40	1274.62	771.47	5.1698	5.2464
848246158440	1314.58	758.76	1293.29	771.84	5.1896	5.2254
848246166773	1318.20	765.13	1291.87	772.28	5.1940	5.2474
848246175106	1311.57	765.84	1296.14	765.69	5.1709	5.2217
848246183439	1309.35	765.28	1287.75	764.31	5.1675	5.2272
848246191772	1310.67	766.55	1285.25	772.48	5.1883	5.2418
848246200106	1309.88	762.44	1290.09	771.51	5.1907	5.2390
848246208438	1310.39	758.67	1288.97	767.69	5.1896	5.2214
848246216772	1311.53	758.33	1289.17	766.70	5.1966	5.2218
848246225105	1308.77	761.03	1284.83	761.64	5.1836	5.2182
848246233439	1312.78	773.29	1285.88	779.22	5.1843	5.2334
848246241772	1310.38	766.16	1288.65	778.94	5.1826	5.2211
848246250105	1311.10	763.62	1287.02	786.61	5.1930	5.2372
848246258438	1313.87	762.07	1283.74	782.73	5.1908	5.2366
848246266771	1310.13	759.79	1284.02	779.47	5.1849	5.2443
848246275105	1314.49	766.38	1291.87	770.85	5.1889	5.2115
848246283437	1306.83	754.21	1296.16	767.60	5.1797	5.2120
848246291777	1312.65	756.28	1297.69	769.00	5.1848	5.2236
848246300111	1309.53	759.28	1291.32	771.18	5.2013	5.2246
848246308444	1313.21	762.81	1297.08	779.44	5.1925	5.2313
848246316777	1312.79	768.63	1297.68	775.57	5.1964	5.2176
848246325110	1312.61	760.40	1299.26	776.61	5.1960	5.2240
848246333442	1309.28	762.91	1299.47	773.13	5.1861	5.2299
848246341776	1314.88	761.41	1295.44	774.11	5.1908	5.2437
848246350110	1313.10	758.63	1308.97	763.31	5.2115	5.2203
848246358443	1313.44	758.48	1301.69	765.81	5.2078	5.2196
848246366776	1312.92	756.91	1286.67	777.18	5.2172	5.2606
848246375109	1312.38	761.78	1294.00	778.23	5.1986	5.2349
848246383443	1312.89	760.04	1297.12	777.15	5.2068	5.2362
848246391776	1313.82	756.99	1293.15	778.00	5.2131	5.2325
848246400110	1308.33	760.66	1293.16	782.44	5.2109	5.2280
848246408442	1275.33	768.70	1271.22	782.37	5.2109	5.2503
848246416775	1229.21	757.87	1220.04	776.93	5.2256	5.2459
848246425114	1211.34	754.90	1203.98	778.30	5.1998	5.2664
848246433447	1203.19	749.60	1190.05	777.77	5.2124	5.2704
848246441780	1207.16	748.18	1187.57	780.72	5.1925	5.2653
848246450114	1211.33	754.45	1191.20	773.40	5.2079	5.2871
848246458446	1204.19	754.00	1195.52	771.09	5.1946	5.2692
848246466780	1208.51	749.06	1194.50	771.40	5.2031	5.2620
848246475114	1201.95	748.47	1192.96	771.00	5.1892	5.2576
848246483446	1207.14	748.97	1187.90	771.83	5.2106	5.2798
848246491779	1204.44	748.71	1193.31	765.99	5.2068	5.2654
848246500112	1206.09	749.91	1191.04	768.36	5.2077	5.2714
848246508445	1209.23	748.00	1187.29	770.81	5.2196	5.2778
848246516779	1210.43	752.61	1190.69	772.32	5.2198	5.2834
848246525112	1206.21	748.78	1191.20	770.20	5.2136	5.2640
848246533446	1209.91	745.13	1191.08	773.06	5.2122	5.2831
848246541779	1210.57	747.03	1198.10	769.80	5.2135	5.2638
848246550112	1214.22	746.85	1193.21	772.59	5.2234	5.2655
848246558451	1210.80	750.02	1193.21	772.36	5.2200	5.2701
848246566784	1209.05	746.87	1198.06	766.37	5.2244	5.2581
848246575117	1204.14	743.52	1198.97	766.56	5.2156	5.2657
848246583449	1210.22	744.77	1198.11	772.79	5.2251	5.2623
848246591783	1207.53	747.67	1204.53	762.54	5.2071	5.2647
848246600116	1209.68	746.33	1199.14	767.12	5.2293	5.2750
848246608450	1211.15	751.05	1192.49	775.88	5.2370	5.2849
848246616783	1207.94	740.34	1200.03	767.67	5.2146	5.2791
848246625116	1209.05	745.55	1201.67	770.77	5.2189	5.2742
848246633449	1211.92	745.67	1200.22	765.99	5.2273	5.2746
848246641783	1217.10	743.88	1200.15	774.46	5.2235	5.2825
848246650116	1208.93	737.22	1199.41	774.10	5.2020	5.2941
848246658449	1217.82	748.49	1204.76	772.08	5.2250	5.2756
848246666782	1214.28	745.29	1204.10	767.79	5.2183	5.2867
848246675115	1211.10	741.02	1198.99	776.89	5.2053	5.2931
848246683452	1214.81	734.07	1201.39	771.38	5.2158	5.3101
848246691785	1209.41	730.49	1196.79	770.37	5.1965	5.2968
848246700118	1210.95	735.07	1201.38	762.34	5.1925	5.2738
848246708451	1206.57	735.95	1205.09	766.39	5.2003	5.2860
848246716785	1211.35	739.67	1196.39	771.22	5.2040	5.2842
848246725118	1211.21	743.77	1199.67	760.93	5.1934	5.2798
848246733450	1217.92	737.80	1197.56	760.40	5.2059	5.2737
848246741784	1210.13	738.23	1194.07	761.48	5.1944	5.2817
848246750117	1213.32	731.30	1202.36	757.39	5.1720	5.2720
848246758451	1207.74	733.67	1193.18	765.14	5.1815	5.2890
848246766784	1203.19	731.32	1200.74	760.88	5.1755	5.2755
848246775117	1209.38	736.56	1198.77	765.36	5.1737	5.2775
848246783451	1211.42	736.69	1198.03	763.48	5.1877	5.2798
848246791783	1213.97	738.46	1192.18	773.83	5.1800	5.2970
848246800117	1208.26	735.23	1199.28	757.69	5.1624	5.2787
848246808451	1201.20	734.38	1190.37	773.73	5.1606	5.3056
848246816791	1208.51	733.82	1196.79	769.05	5.1620	5.2756
848246825125	1204.74	732.39	1204.04	766.87	5.1501	5.2757
848246833459	1206.94	734.44	1198.33	764.66	5.1573	5.2839
848246841792	1203.71	732.88	1200.16	762.98	5.1447	5.2808
848246850125	1211.62	734.30	1196.44	761.76	5.1606	5.2921
848246858458	1208.01	735.55	1196.50	758.18	5.1372	5.2918
