Subject	RunNr	FixStart	FixEnd	FixDur	XPos	YPos	RMSxy	BCEA	FixRangeX	FixRangeY
sub-111_task-EyeTracking_physio	1	-967.161	-792.158	175.003	1264.510	672.720	0.123	0.065	0.245	0.598
sub-111_task-EyeTracking_physio	1	-500.483	316.202	816.685	1275.158	692.598	0.115	0.067	0.329	0.643
sub-111_task-EyeTracking_physio	1	449.539	632.874	183.335	942.965	636.680	0.203	0.065	0.270	0.492
sub-111_task-EyeTracking_physio	1	649.540	857.882	208.342	939.855	563.790	0.215	0.106	0.357	0.694
sub-111_task-EyeTracking_physio	1	874.548	1274.556	400.008	970.685	516.030	0.233	0.160	0.433	0.719
sub-111_task-EyeTracking_physio	1	1316.225	1499.563	183.338	1276.188	843.350	0.154	0.058	0.236	0.551
sub-111_task-EyeTracking_physio	1	1541.229	1699.564	158.335	1422.840	876.750	0.120	0.025	0.276	0.180
sub-111_task-EyeTracking_physio	1	1716.235	1891.236	175.001	1516.745	872.755	0.147	0.053	0.396	0.357
sub-111_task-EyeTracking_physio	1	1916.236	2207.909	291.673	1593.115	865.450	0.074	0.035	0.372	0.210
sub-111_task-EyeTracking_physio	1	2232.915	2441.250	208.335	1597.535	665.950	0.130	0.075	0.434	0.390
sub-111_task-EyeTracking_physio	1	2457.916	2716.255	258.339	1505.270	593.495	0.159	0.043	0.280	0.383
sub-111_task-EyeTracking_physio	1	2774.594	2891.260	116.666	1239.590	693.360	0.182	0.073	0.258	0.510
sub-111_task-EyeTracking_physio	2	-1054.154	-912.484	141.670	1162.710	702.565	0.257	0.309	0.340	1.944
sub-111_task-EyeTracking_physio	2	-537.476	-179.133	358.343	1252.280	742.180	0.130	0.072	0.281	0.819
sub-111_task-EyeTracking_physio	2	-162.466	237.542	400.008	1264.862	711.192	0.116	0.035	0.236	0.455
sub-111_task-EyeTracking_physio	2	254.209	437.544	183.335	1176.420	695.500	0.140	0.071	0.355	0.474
sub-111_task-EyeTracking_physio	2	454.211	720.885	266.674	1071.925	692.770	0.140	0.039	0.369	0.257
sub-111_task-EyeTracking_physio	2	745.889	920.890	175.001	1001.145	641.010	0.147	0.054	0.283	0.524
sub-111_task-EyeTracking_physio	2	954.222	1187.561	233.339	966.430	566.390	0.137	0.066	0.313	0.597
sub-111_task-EyeTracking_physio	2	1237.560	1504.234	266.674	1491.215	938.992	0.117	0.040	0.252	0.324
sub-111_task-EyeTracking_physio	2	1520.901	1937.579	416.678	1460.005	867.477	0.105	0.041	0.320	0.376
sub-111_task-EyeTracking_physio	2	1962.578	2187.585	225.007	1113.630	909.970	0.097	0.026	0.275	0.188
sub-111_task-EyeTracking_physio	2	2204.251	2479.257	275.006	1023.440	908.015	0.138	0.046	0.491	0.336
sub-111_task-EyeTracking_physio	2	2512.590	2945.931	433.341	1456.915	669.080	0.118	0.047	0.262	0.497
sub-111_task-EyeTracking_physio	3	-1966.630	-1516.622	450.008	1436.235	942.898	0.082	0.021	0.198	0.299
sub-111_task-EyeTracking_physio	3	-1199.950	-516.599	683.351	1273.293	664.558	0.151	0.162	0.523	1.055
sub-111_task-EyeTracking_physio	3	-291.598	241.747	533.345	1280.888	699.610	0.146	0.108	0.383	0.858
sub-111_task-EyeTracking_physio	3	258.419	441.754	183.335	1206.963	709.067	0.106	0.036	0.199	0.354
sub-111_task-EyeTracking_physio	3	475.087	658.426	183.339	1127.388	755.898	0.129	0.027	0.160	0.370
sub-111_task-EyeTracking_physio	3	683.426	858.428	175.002	1036.520	782.900	0.127	0.036	0.270	0.309
sub-111_task-EyeTracking_physio	3	875.095	1208.435	333.340	961.025	822.818	0.102	0.031	0.337	0.273
sub-111_task-EyeTracking_physio	3	1225.102	1575.112	350.010	977.638	766.207	0.103	0.032	0.279	0.358
sub-111_task-EyeTracking_physio	3	1616.778	1991.788	375.010	1596.935	613.740	0.152	0.050	0.486	0.431
sub-111_task-EyeTracking_physio	3	2025.121	2291.793	266.672	1527.025	842.102	0.118	0.039	0.268	0.302
sub-111_task-EyeTracking_physio	3	2316.793	2558.465	241.672	1429.955	889.300	0.105	0.039	0.320	0.337
sub-111_task-EyeTracking_physio	3	2575.131	2758.473	183.342	1310.233	877.607	0.168	0.053	0.390	0.357
sub-111_task-EyeTracking_physio	3	2775.139	2933.475	158.336	1206.450	796.675	0.153	0.043	0.265	0.359
sub-111_task-EyeTracking_physio	4	-2438.143	-2238.138	200.005	1283.137	625.993	0.174	0.071	0.219	0.726
sub-111_task-EyeTracking_physio	4	-1879.797	-1704.795	175.002	1319.065	718.530	0.161	0.103	0.236	1.075
sub-111_task-EyeTracking_physio	4	-1671.458	-1496.457	175.001	1268.470	707.235	0.100	0.028	0.265	0.285
sub-111_task-EyeTracking_physio	4	-1229.784	-1129.780	100.004	1353.128	592.303	0.322	0.160	0.168	1.716
sub-111_task-EyeTracking_physio	4	-1088.114	420.255	1508.369	1275.025	696.150	0.110	0.071	0.412	0.585
sub-111_task-EyeTracking_physio	4	436.922	595.258	158.336	1186.795	708.300	0.115	0.028	0.219	0.256
sub-111_task-EyeTracking_physio	4	620.258	786.926	166.668	1094.335	717.105	0.139	0.036	0.344	0.246
sub-111_task-EyeTracking_physio	4	803.592	1020.263	216.671	982.805	705.058	0.145	0.048	0.315	0.406
sub-111_task-EyeTracking_physio	4	1045.263	1245.272	200.009	958.480	675.245	0.138	0.032	0.207	0.412
sub-111_task-EyeTracking_physio	4	1270.272	1686.946	416.674	964.438	578.892	0.150	0.058	0.275	0.640
sub-111_task-EyeTracking_physio	4	1786.948	2128.626	341.678	1603.370	701.625	0.186	0.108	0.415	0.746
sub-111_task-EyeTracking_physio	4	2136.959	2253.625	116.666	1617.425	773.442	0.189	0.131	0.407	0.575
sub-111_task-EyeTracking_physio	4	2295.297	2486.963	191.666	1468.475	814.960	0.114	0.028	0.249	0.252
sub-111_task-EyeTracking_physio	4	2528.639	2786.972	258.333	1333.155	839.030	0.118	0.030	0.248	0.284
sub-111_task-EyeTracking_physio	4	2820.305	3003.645	183.340	1212.220	819.827	0.083	0.022	0.157	0.272
sub-111_task-EyeTracking_physio	5	-2451.204	-2309.535	141.669	1254.345	692.275	0.227	0.115	0.263	1.007
sub-111_task-EyeTracking_physio	5	-1951.192	-1809.522	141.670	1229.810	672.515	0.880	9.082	2.826	6.447
sub-111_task-EyeTracking_physio	5	-1751.185	-1576.183	175.002	2018.230	476.085	0.159	0.049	0.336	0.377
sub-111_task-EyeTracking_physio	5	-1184.508	-884.502	300.006	1251.533	722.612	0.131	0.062	0.355	0.444
sub-111_task-EyeTracking_physio	5	-576.159	32.187	608.346	1312.365	713.365	0.166	0.141	0.463	1.090
sub-111_task-EyeTracking_physio	5	40.521	298.858	258.337	1274.655	706.900	0.179	0.056	0.311	0.423
sub-111_task-EyeTracking_physio	5	315.525	490.532	175.007	1241.705	701.315	0.164	0.057	0.325	0.426
sub-111_task-EyeTracking_physio	5	515.532	715.534	200.002	1103.178	732.820	0.139	0.057	0.311	0.326
sub-111_task-EyeTracking_physio	5	732.203	907.207	175.004	965.810	744.465	0.206	0.065	0.360	0.487
sub-111_task-EyeTracking_physio	5	932.206	1265.551	333.345	876.280	625.477	0.154	0.091	0.411	0.653
sub-111_task-EyeTracking_physio	5	1315.551	1607.221	291.670	1576.425	806.310	0.141	0.115	0.505	0.692
sub-111_task-EyeTracking_physio	5	1623.888	2148.900	525.012	1606.915	876.895	0.115	0.060	0.485	0.403
sub-111_task-EyeTracking_physio	5	2173.904	2382.240	208.336	1279.050	814.510	0.139	0.042	0.266	0.346
sub-111_task-EyeTracking_physio	5	2423.906	2823.918	400.012	1197.250	717.202	0.093	0.034	0.420	0.274
sub-111_task-EyeTracking_physio	5	2857.252	3007.254	150.002	1245.055	568.178	0.088	0.018	0.153	0.207
sub-111_task-EyeTracking_physio	6	-1396.821	-1263.483	133.338	1149.392	506.358	0.413	0.322	0.386	1.619
sub-111_task-EyeTracking_physio	6	-963.478	-413.466	550.012	1306.465	590.855	0.108	0.028	0.254	0.347
sub-111_task-EyeTracking_physio	6	-130.129	294.887	425.016	1257.620	690.040	0.143	0.106	0.397	0.953
sub-111_task-EyeTracking_physio	6	311.553	594.892	283.339	1225.438	730.298	0.124	0.090	0.411	0.630
sub-111_task-EyeTracking_physio	6	628.225	878.233	250.008	1161.775	817.293	0.107	0.032	0.245	0.258
sub-111_task-EyeTracking_physio	6	903.233	1194.910	291.677	1123.115	885.005	0.109	0.039	0.416	0.228
sub-111_task-EyeTracking_physio	6	1228.244	1578.248	350.004	1546.207	836.245	0.119	0.054	0.400	0.372
sub-111_task-EyeTracking_physio	6	1603.255	1828.256	225.001	1573.670	786.440	0.107	0.038	0.337	0.252
sub-111_task-EyeTracking_physio	6	1853.260	2028.262	175.002	1588.850	639.780	0.129	0.036	0.306	0.335
sub-111_task-EyeTracking_physio	6	2053.261	2294.935	241.674	1253.550	542.635	0.150	0.052	0.426	0.407
sub-111_task-EyeTracking_physio	6	2311.602	2528.276	216.674	1164.342	547.580	0.169	0.072	0.541	0.464
sub-111_task-EyeTracking_physio	6	2561.610	2761.613	200.003	1075.402	596.832	0.124	0.033	0.207	0.351
sub-111_task-EyeTracking_physio	6	2786.617	3003.285	216.668	999.685	642.047	0.119	0.033	0.306	0.297
sub-111_task-EyeTracking_physio	7	-883.822	-425.475	458.347	2454.115	1231.315	0.166	0.150	0.815	0.794
sub-111_task-EyeTracking_physio	7	-175.465	524.546	700.011	1248.988	733.432	0.130	0.091	0.408	0.660
sub-111_task-EyeTracking_physio	7	532.879	1007.892	475.013	1240.025	750.885	0.128	0.065	0.329	0.475
sub-111_task-EyeTracking_physio	7	1041.225	1224.558	183.333	1514.030	681.153	0.130	0.061	0.300	0.393
sub-111_task-EyeTracking_physio	7	1241.225	1591.234	350.009	1609.320	697.660	0.151	0.063	0.473	0.452
sub-111_task-EyeTracking_physio	7	1616.234	1807.911	191.677	1529.255	886.080	0.137	0.033	0.277	0.317
sub-111_task-EyeTracking_physio	7	1849.578	2107.917	258.339	1474.720	960.045	0.147	0.048	0.523	0.248
sub-111_task-EyeTracking_physio	7	2124.582	2299.582	175.000	1329.735	967.045	0.115	0.040	0.372	0.237
sub-111_task-EyeTracking_physio	7	2341.255	2524.588	183.333	1170.965	804.800	0.071	0.017	0.314	0.158
sub-111_task-EyeTracking_physio	7	2557.920	2857.933	300.013	1024.330	651.615	0.133	0.042	0.251	0.512
sub-111_task-EyeTracking_physio	7	2882.933	3007.937	125.004	1011.035	585.030	0.182	0.043	0.201	0.394
sub-111_task-EyeTracking_physio	8	-1529.615	-1162.937	366.678	1207.765	674.740	0.119	0.071	0.257	0.673
sub-111_task-EyeTracking_physio	8	-1137.937	-862.931	275.006	1430.080	689.105	0.135	0.064	0.409	0.391
sub-111_task-EyeTracking_physio	8	-587.926	-454.583	133.343	1223.378	679.235	0.289	0.318	0.461	1.492
sub-111_task-EyeTracking_physio	8	-446.250	295.428	741.678	1259.460	722.895	0.141	0.131	0.577	0.812
sub-111_task-EyeTracking_physio	8	328.761	587.101	258.340	1238.350	790.955	0.110	0.047	0.205	0.441
sub-111_task-EyeTracking_physio	8	603.767	812.106	208.339	1169.115	806.760	0.147	0.043	0.409	0.256
sub-111_task-EyeTracking_physio	8	837.107	1228.782	391.675	1086.095	785.705	0.090	0.039	0.336	0.329
sub-111_task-EyeTracking_physio	8	1270.448	1420.451	150.003	1377.582	661.810	0.123	0.035	0.324	0.229
sub-111_task-EyeTracking_physio	8	1437.121	1653.789	216.668	1574.908	726.825	0.215	0.063	0.701	0.269
sub-111_task-EyeTracking_physio	8	1687.123	1920.464	233.341	1636.168	781.270	0.081	0.026	0.242	0.253
sub-111_task-EyeTracking_physio	8	1937.130	2187.135	250.005	1587.415	846.233	0.119	0.026	0.208	0.365
sub-111_task-EyeTracking_physio	8	2212.139	2428.806	216.667	1468.200	881.013	0.151	0.038	0.469	0.248
sub-111_task-EyeTracking_physio	8	2453.806	2620.481	166.675	1298.907	858.812	0.089	0.015	0.225	0.149
sub-111_task-EyeTracking_physio	8	2653.814	2828.812	174.998	1143.530	666.075	0.082	0.014	0.252	0.154
sub-111_task-EyeTracking_physio	8	2853.812	3003.821	150.009	1052.247	611.838	0.139	0.031	0.342	0.231
sub-111_task-EyeTracking_physio	9	-1633.445	-1466.774	166.671	1049.328	616.028	0.121	0.038	0.311	0.257
sub-111_task-EyeTracking_physio	9	-808.427	-358.415	450.012	1284.713	751.462	0.125	0.082	0.379	0.645
sub-111_task-EyeTracking_physio	9	-350.081	216.597	566.678	1263.075	717.910	0.110	0.077	0.392	0.520
sub-111_task-EyeTracking_physio	9	233.263	508.275	275.012	1265.710	749.200	0.124	0.030	0.191	0.370
sub-111_task-EyeTracking_physio	9	524.940	691.610	166.670	1448.110	806.027	0.179	0.080	0.450	0.357
sub-111_task-EyeTracking_physio	9	708.278	991.619	283.341	1558.330	786.620	0.131	0.034	0.359	0.236
sub-111_task-EyeTracking_physio	9	1016.619	1233.288	216.669	1553.965	706.312	0.113	0.027	0.172	0.284
sub-111_task-EyeTracking_physio	9	1283.287	1549.960	266.673	1229.120	537.245	0.159	0.046	0.294	0.334
sub-111_task-EyeTracking_physio	9	1566.630	1916.635	350.005	1115.557	557.252	0.133	0.057	0.392	0.491
sub-111_task-EyeTracking_physio	9	1941.635	2133.309	191.674	1007.990	729.920	0.131	0.024	0.180	0.417
sub-111_task-EyeTracking_physio	9	2158.307	2508.317	350.010	999.287	850.595	0.126	0.053	0.469	0.423
sub-111_task-EyeTracking_physio	9	2524.984	2699.987	175.003	1010.375	871.115	0.114	0.038	0.344	0.263
sub-111_task-EyeTracking_physio	9	2733.324	3008.335	275.011	1073.860	940.535	0.076	0.021	0.245	0.219
sub-111_task-EyeTracking_physio	10	-886.930	-786.929	100.001	1310.233	634.130	0.290	0.214	0.239	1.470
sub-111_task-EyeTracking_physio	10	-461.923	363.093	825.016	1272.630	714.605	0.145	0.100	0.589	0.855
sub-111_task-EyeTracking_physio	10	388.093	529.769	141.676	1260.010	736.470	0.105	0.018	0.184	0.353
sub-111_task-EyeTracking_physio	10	563.103	788.107	225.004	1298.930	780.700	0.119	0.032	0.242	0.342
sub-111_task-EyeTracking_physio	10	813.107	988.109	175.002	1397.890	799.460	0.176	0.074	0.561	0.299
sub-111_task-EyeTracking_physio	10	1004.775	1321.452	316.677	1557.872	782.355	0.127	0.045	0.498	0.312
sub-111_task-EyeTracking_physio	10	1346.452	1446.456	100.004	1564.215	707.523	0.145	0.055	0.390	0.231
sub-111_task-EyeTracking_physio	10	1521.454	1854.795	333.341	1042.400	700.753	0.177	0.074	0.582	0.449
sub-111_task-EyeTracking_physio	10	1871.462	2171.465	300.003	1002.400	785.977	0.134	0.061	0.405	0.635
sub-111_task-EyeTracking_physio	10	2196.464	2404.808	208.344	1020.180	862.185	0.093	0.015	0.141	0.265
sub-111_task-EyeTracking_physio	10	2429.807	2596.474	166.667	1039.128	948.510	0.117	0.031	0.264	0.261
sub-111_task-EyeTracking_physio	10	2613.141	2813.151	200.010	1165.287	982.035	0.125	0.045	0.415	0.250
sub-111_task-EyeTracking_physio	10	2829.817	3021.484	191.667	1305.585	629.905	0.644	2.487	0.792	5.558
sub-111_task-EyeTracking_physio	11	-523.530	-306.855	216.675	1285.990	658.070	0.176	0.145	0.372	0.976
sub-111_task-EyeTracking_physio	11	-65.182	251.489	316.671	1276.168	681.005	0.141	0.054	0.204	0.615
sub-111_task-EyeTracking_physio	11	293.154	484.827	191.673	1588.815	838.450	0.119	0.052	0.374	0.256
sub-111_task-EyeTracking_physio	11	501.494	801.500	300.006	1657.260	863.545	0.173	0.079	0.610	0.333
sub-111_task-EyeTracking_physio	11	818.166	976.505	158.339	1688.145	880.765	0.105	0.045	0.298	0.306
sub-111_task-EyeTracking_physio	11	1009.837	1251.512	241.675	1201.140	924.540	0.135	0.066	0.578	0.297
sub-111_task-EyeTracking_physio	11	1268.179	1434.847	166.668	1083.318	906.587	0.144	0.028	0.322	0.188
sub-111_task-EyeTracking_physio	11	1459.845	1601.517	141.672	973.590	830.290	0.125	0.030	0.211	0.249
sub-111_task-EyeTracking_physio	11	1634.853	1901.525	266.672	909.990	671.950	0.147	0.050	0.345	0.500
sub-111_task-EyeTracking_physio	11	1926.524	2068.197	141.673	1259.930	556.125	0.147	0.043	0.263	0.332
sub-111_task-EyeTracking_physio	11	2093.195	2501.537	408.342	1448.225	599.240	0.126	0.033	0.424	0.313
sub-111_task-EyeTracking_physio	11	2534.871	2718.209	183.338	1540.035	550.132	0.097	0.018	0.188	0.265
sub-111_task-EyeTracking_physio	11	2734.876	2918.212	183.336	1618.383	606.267	0.197	0.046	0.279	0.349
sub-111_task-EyeTracking_physio	12	-1002.176	-618.834	383.342	1192.068	614.283	0.156	0.105	0.246	1.173
sub-111_task-EyeTracking_physio	12	-585.496	-393.828	191.668	941.980	568.430	0.134	0.049	0.320	0.315
sub-111_task-EyeTracking_physio	12	-93.821	289.520	383.341	1280.912	709.928	0.133	0.069	0.319	0.548
sub-111_task-EyeTracking_physio	12	306.186	489.528	183.342	1233.550	761.253	0.147	0.080	0.454	0.423
sub-111_task-EyeTracking_physio	12	539.527	706.193	166.666	1133.125	841.875	0.096	0.026	0.218	0.246
sub-111_task-EyeTracking_physio	12	739.533	1156.208	416.675	1043.945	884.847	0.117	0.065	0.397	0.443
sub-111_task-EyeTracking_physio	12	1172.874	1331.211	158.337	1021.570	844.380	0.136	0.047	0.356	0.227
sub-111_task-EyeTracking_physio	12	1381.214	1731.219	350.005	1496.675	668.325	0.129	0.038	0.268	0.415
sub-111_task-EyeTracking_physio	12	1764.557	2139.561	375.004	1468.160	948.765	0.122	0.058	0.398	0.553
sub-111_task-EyeTracking_physio	12	2189.566	2439.569	250.003	1157.395	691.515	0.148	0.060	0.327	0.371
sub-111_task-EyeTracking_physio	12	2464.570	2806.240	341.670	1107.010	606.735	0.146	0.060	0.462	0.495
sub-111_task-EyeTracking_physio	12	2831.244	3022.914	191.670	1296.525	574.095	0.213	0.070	0.256	0.578
sub-111_task-EyeTracking_physio	13	-3107.621	-2924.287	183.334	1187.888	487.933	0.385	0.374	0.550	1.678
sub-111_task-EyeTracking_physio	13	-2624.280	-2140.937	483.343	1287.352	621.195	0.146	0.088	0.353	0.834
sub-111_task-EyeTracking_physio	13	-1874.266	-1440.924	433.342	1283.920	652.503	0.140	0.061	0.272	0.711
sub-111_task-EyeTracking_physio	13	-1424.257	-315.898	1108.359	1264.035	670.490	0.101	0.052	0.326	0.567
sub-111_task-EyeTracking_physio	13	-82.560	442.452	525.012	1268.780	708.400	0.147	0.088	0.303	0.794
sub-111_task-EyeTracking_physio	13	459.119	792.460	333.341	1155.048	717.888	0.123	0.054	0.423	0.336
sub-111_task-EyeTracking_physio	13	867.460	1075.795	208.335	1226.770	921.515	0.116	0.036	0.227	0.393
sub-111_task-EyeTracking_physio	13	1092.466	1309.134	216.668	1435.848	931.712	0.132	0.092	0.448	0.433
sub-111_task-EyeTracking_physio	13	1342.467	1659.143	316.676	1497.885	961.567	0.097	0.040	0.304	0.271
sub-111_task-EyeTracking_physio	13	1675.810	2384.158	708.348	1536.675	886.465	0.107	0.061	0.437	0.441
sub-111_task-EyeTracking_physio	13	2409.162	2642.495	233.333	1290.568	959.438	0.115	0.052	0.324	0.285
sub-111_task-EyeTracking_physio	13	2667.501	2850.835	183.334	1136.645	924.095	0.147	0.033	0.453	0.167
sub-111_task-EyeTracking_physio	13	2892.502	3009.172	116.670	1068.620	967.555	0.080	0.010	0.125	0.132
sub-111_task-EyeTracking_physio	14	-1945.614	-1687.275	258.339	1278.685	730.270	0.174	0.134	0.324	1.017
sub-111_task-EyeTracking_physio	14	-1678.941	-545.586	1133.355	1249.745	733.408	0.101	0.118	0.377	0.736
sub-111_task-EyeTracking_physio	14	-278.915	221.099	500.014	1257.455	734.670	0.119	0.053	0.258	0.632
sub-111_task-EyeTracking_physio	14	237.765	687.779	450.014	1180.043	736.585	0.106	0.086	0.372	0.637
sub-111_task-EyeTracking_physio	14	712.779	854.448	141.669	1322.830	712.870	0.116	0.035	0.330	0.202
sub-111_task-EyeTracking_physio	14	879.449	1054.455	175.006	1397.385	776.495	0.132	0.064	0.306	0.376
sub-111_task-EyeTracking_physio	14	1079.455	1437.797	358.342	1441.790	856.015	0.142	0.057	0.504	0.346
sub-111_task-EyeTracking_physio	14	1454.465	1637.801	183.336	1477.197	775.325	0.107	0.055	0.263	0.421
sub-111_task-EyeTracking_physio	14	1662.800	1871.139	208.339	1444.215	661.675	0.114	0.032	0.173	0.321
sub-111_task-EyeTracking_physio	14	1887.806	2371.152	483.346	1448.298	563.067	0.127	0.037	0.192	0.442
sub-111_task-EyeTracking_physio	14	2387.819	2554.493	166.674	1270.460	559.127	0.140	0.049	0.287	0.376
sub-111_task-EyeTracking_physio	14	2571.159	2787.829	216.670	1138.900	559.253	0.155	0.059	0.375	0.374
sub-111_task-EyeTracking_physio	14	2804.496	3004.498	200.002	1067.512	629.565	0.149	0.056	0.380	0.456
sub-111_task-EyeTracking_physio	15	-448.794	-307.124	141.670	1244.680	720.125	0.271	0.184	0.283	1.380
sub-111_task-EyeTracking_physio	15	-32.118	467.894	500.012	1282.365	714.410	0.138	0.070	0.282	0.755
sub-111_task-EyeTracking_physio	15	484.561	684.567	200.006	1362.775	775.742	0.137	0.108	0.516	0.457
sub-111_task-EyeTracking_physio	15	717.900	892.904	175.004	1449.225	816.145	0.128	0.048	0.248	0.331
sub-111_task-EyeTracking_physio	15	909.570	1084.578	175.008	1542.510	792.180	0.142	0.057	0.407	0.390
sub-111_task-EyeTracking_physio	15	1101.245	1317.916	216.671	1597.490	695.815	0.139	0.054	0.230	0.481
sub-111_task-EyeTracking_physio	15	1334.582	1567.918	233.336	1610.528	640.987	0.133	0.082	0.406	0.432
sub-111_task-EyeTracking_physio	15	1584.589	2209.599	625.010	1564.435	621.995	0.102	0.043	0.256	0.525
sub-111_task-EyeTracking_physio	15	2234.604	2409.604	175.000	1403.735	644.720	0.129	0.048	0.263	0.427
sub-111_task-EyeTracking_physio	15	2426.271	2701.278	275.007	1242.270	629.950	0.121	0.049	0.366	0.309
sub-111_task-EyeTracking_physio	15	2717.945	2967.951	250.006	1166.130	658.910	0.145	0.067	0.478	0.378
sub-111_task-EyeTracking_physio	16	-944.070	-827.401	116.669	1205.440	657.770	0.412	0.333	0.217	3.274
sub-111_task-EyeTracking_physio	16	-819.067	-644.067	175.000	1264.230	709.800	0.114	0.026	0.260	0.233
sub-111_task-EyeTracking_physio	16	-435.726	305.958	741.684	1264.160	702.680	0.109	0.082	0.506	0.670
sub-111_task-EyeTracking_physio	16	322.625	522.626	200.001	1292.065	705.857	0.106	0.038	0.283	0.321
sub-111_task-EyeTracking_physio	16	539.293	730.966	191.673	1391.095	715.000	0.232	0.070	0.654	0.305
sub-111_task-EyeTracking_physio	16	747.633	972.639	225.006	1525.885	734.480	0.127	0.028	0.280	0.281
sub-111_task-EyeTracking_physio	16	989.306	1222.648	233.342	1533.977	796.935	0.103	0.034	0.241	0.429
sub-111_task-EyeTracking_physio	16	1239.315	1572.654	333.339	1472.983	855.697	0.147	0.055	0.500	0.396
sub-111_task-EyeTracking_physio	16	1589.320	1755.994	166.674	1370.325	841.433	0.106	0.020	0.183	0.175
sub-111_task-EyeTracking_physio	16	1789.327	1947.664	158.337	1076.565	808.580	0.088	0.018	0.169	0.277
sub-111_task-EyeTracking_physio	16	1972.662	2239.335	266.673	1009.845	671.360	0.106	0.031	0.259	0.268
sub-111_task-EyeTracking_physio	16	2264.337	2506.010	241.673	1027.780	587.540	0.128	0.040	0.246	0.563
sub-111_task-EyeTracking_physio	16	2539.345	2814.354	275.009	1341.910	533.545	0.154	0.057	0.578	0.325
sub-111_task-EyeTracking_physio	16	2839.354	3022.688	183.334	1538.635	543.707	0.130	0.038	0.251	0.360
sub-111_task-EyeTracking_physio	17	-113.867	352.809	466.676	1279.908	730.092	0.136	0.085	0.317	0.759
sub-111_task-EyeTracking_physio	17	369.480	536.153	166.673	1287.535	756.918	0.131	0.033	0.191	0.359
sub-111_task-EyeTracking_physio	17	569.485	769.490	200.005	1356.513	775.270	0.121	0.049	0.382	0.337
sub-111_task-EyeTracking_physio	17	786.157	1036.163	250.006	1474.990	785.970	0.136	0.038	0.391	0.238
sub-111_task-EyeTracking_physio	17	1052.829	1236.166	183.337	1557.957	754.470	0.120	0.053	0.286	0.366
sub-111_task-EyeTracking_physio	17	1252.832	1469.507	216.675	1571.733	665.890	0.115	0.027	0.199	0.288
sub-111_task-EyeTracking_physio	17	1486.173	1736.179	250.006	1528.928	586.420	0.180	0.062	0.281	0.498
sub-111_task-EyeTracking_physio	17	1761.179	1911.181	150.002	1329.125	567.480	0.134	0.043	0.355	0.245
sub-111_task-EyeTracking_physio	17	2144.522	2569.530	425.008	1090.880	975.300	0.118	0.060	0.268	0.762
sub-111_task-EyeTracking_physio	17	2586.197	2819.536	233.339	1143.465	964.987	0.092	0.025	0.224	0.231
sub-111_task-EyeTracking_physio	17	2861.208	3002.875	141.667	1202.885	944.330	0.082	0.015	0.174	0.162
sub-111_task-EyeTracking_physio	18	-283.820	291.196	575.016	1285.810	728.925	0.133	0.122	0.476	0.897
sub-111_task-EyeTracking_physio	18	332.863	507.863	175.000	1223.430	807.440	0.106	0.055	0.284	0.454
sub-111_task-EyeTracking_physio	18	524.534	757.869	233.335	1114.100	879.312	0.185	0.088	0.468	0.402
sub-111_task-EyeTracking_physio	18	774.535	1041.218	266.683	1026.095	856.112	0.120	0.058	0.456	0.333
sub-111_task-EyeTracking_physio	18	1066.216	1324.552	258.336	1010.140	711.645	0.102	0.036	0.380	0.261
sub-111_task-EyeTracking_physio	18	1357.886	1607.892	250.006	1051.635	645.955	0.114	0.031	0.213	0.397
sub-111_task-EyeTracking_physio	18	1632.891	1941.231	308.340	1121.800	664.510	0.109	0.027	0.244	0.295
sub-111_task-EyeTracking_physio	18	1966.233	2299.572	333.339	1169.595	655.700	0.113	0.035	0.233	0.463
sub-111_task-EyeTracking_physio	18	2474.575	2716.250	241.675	1273.570	688.830	0.130	0.040	0.261	0.370
sub-111_task-EyeTracking_physio	18	2724.584	2899.588	175.004	1298.945	731.465	0.198	0.127	0.453	0.748
sub-111_task-EyeTracking_physio	19	-545.426	-45.413	500.013	1314.865	723.602	0.147	0.113	0.356	1.159
sub-111_task-EyeTracking_physio	19	-20.413	296.256	316.669	1237.725	729.812	0.142	0.073	0.521	0.516
sub-111_task-EyeTracking_physio	19	321.255	479.595	158.340	1269.070	745.775	0.139	0.061	0.359	0.406
sub-111_task-EyeTracking_physio	19	496.263	687.931	191.668	1307.135	770.855	0.142	0.065	0.335	0.456
sub-111_task-EyeTracking_physio	19	704.597	1329.611	625.014	1353.250	759.370	0.129	0.099	0.609	0.495
sub-111_task-EyeTracking_physio	19	1354.610	1546.285	191.675	1414.955	701.195	0.106	0.027	0.223	0.271
sub-111_task-EyeTracking_physio	19	1571.284	1929.627	358.343	1416.175	628.685	0.170	0.054	0.283	0.596
sub-111_task-EyeTracking_physio	19	1979.626	2171.299	191.673	1197.450	848.920	0.102	0.066	0.216	0.493
sub-111_task-EyeTracking_physio	19	2179.633	2671.307	491.674	1170.720	931.685	0.481	2.737	1.932	5.465
sub-111_task-EyeTracking_physio	19	2712.976	3004.649	291.673	1623.870	952.160	0.103	0.040	0.343	0.326
sub-111_task-EyeTracking_physio	20	-1465.950	-1332.618	133.332	1303.805	563.507	0.435	0.239	0.285	1.973
sub-111_task-EyeTracking_physio	20	-1082.611	-815.939	266.672	1279.972	619.450	0.175	0.091	0.294	0.721
sub-111_task-EyeTracking_physio	20	-799.273	-490.934	308.339	1311.160	668.295	0.157	0.082	0.397	0.589
sub-111_task-EyeTracking_physio	20	-282.595	317.417	600.012	1273.035	720.595	0.137	0.111	0.580	0.797
sub-111_task-EyeTracking_physio	20	334.089	859.100	525.011	1248.250	737.290	0.103	0.081	0.261	0.652
sub-111_task-EyeTracking_physio	20	967.432	1184.104	216.672	1595.412	782.120	0.141	0.061	0.281	0.474
sub-111_task-EyeTracking_physio	20	1209.104	1359.107	150.003	1595.345	817.845	0.103	0.021	0.200	0.216
sub-111_task-EyeTracking_physio	20	1384.113	1559.114	175.001	1530.845	916.895	0.174	0.049	0.330	0.473
sub-111_task-EyeTracking_physio	20	1600.780	1975.789	375.009	1372.320	919.765	0.102	0.042	0.335	0.387
sub-111_task-EyeTracking_physio	20	1992.456	2434.136	441.680	1400.655	892.075	0.099	0.026	0.289	0.259
sub-111_task-EyeTracking_physio	20	2459.135	3009.147	550.012	1416.775	922.650	0.079	0.031	0.207	0.322
sub-111_task-EyeTracking_physio	21	-2061.858	-1920.190	141.668	1232.400	605.610	0.253	0.189	0.329	1.154
sub-111_task-EyeTracking_physio	21	-1686.851	-1520.181	166.670	1171.555	441.547	0.353	0.153	0.190	1.747
sub-111_task-EyeTracking_physio	21	-1278.507	-1103.504	175.003	1289.540	472.170	0.121	0.037	0.200	0.377
sub-111_task-EyeTracking_physio	21	-803.497	-303.483	500.014	1277.712	643.617	0.149	0.120	0.382	0.816
sub-111_task-EyeTracking_physio	21	-28.478	388.197	416.675	1253.808	655.673	0.130	0.056	0.222	0.760
sub-111_task-EyeTracking_physio	21	413.197	571.534	158.337	1422.730	643.925	0.150	0.049	0.280	0.376
sub-111_task-EyeTracking_physio	21	596.534	763.208	166.674	1528.520	714.745	0.110	0.027	0.183	0.328
sub-111_task-EyeTracking_physio	21	804.875	1013.212	208.337	1575.795	781.305	0.091	0.039	0.336	0.209
sub-111_task-EyeTracking_physio	21	1038.212	1371.550	333.338	1612.068	803.710	0.087	0.037	0.262	0.373
sub-111_task-EyeTracking_physio	21	1396.556	1588.224	191.668	1545.895	755.240	0.089	0.035	0.251	0.260
sub-111_task-EyeTracking_physio	21	1604.891	2063.237	458.346	1492.220	749.415	0.114	0.043	0.408	0.411
sub-111_task-EyeTracking_physio	21	2079.903	2404.909	325.006	1533.285	747.690	0.110	0.047	0.270	0.472
sub-111_task-EyeTracking_physio	21	2446.580	2796.583	350.003	1027.605	872.653	0.104	0.020	0.407	0.138
sub-111_task-EyeTracking_physio	21	2813.249	3004.922	191.673	996.790	800.635	0.109	0.030	0.229	0.269
sub-111_task-EyeTracking_physio	22	-2049.876	-1808.204	241.672	255.475	81.425	0.382	0.253	0.743	0.847
sub-111_task-EyeTracking_physio	22	-1566.531	-1374.858	191.673	1317.440	576.340	0.268	0.186	0.322	1.189
sub-111_task-EyeTracking_physio	22	-1099.848	-541.505	558.343	1254.550	675.940	0.152	0.112	0.348	1.097
sub-111_task-EyeTracking_physio	22	-208.168	475.184	683.352	1274.172	696.700	0.143	0.132	0.538	0.856
sub-111_task-EyeTracking_physio	22	491.851	733.524	241.673	1391.590	823.980	0.158	0.068	0.372	0.385
sub-111_task-EyeTracking_physio	22	875.193	1091.862	216.669	975.627	713.673	0.146	0.068	0.399	0.336
sub-111_task-EyeTracking_physio	22	1116.866	1391.872	275.006	920.055	714.605	0.106	0.045	0.367	0.400
sub-111_task-EyeTracking_physio	22	1416.872	1975.216	558.344	972.075	768.075	0.090	0.023	0.319	0.315
sub-111_task-EyeTracking_physio	22	1991.882	2275.221	283.339	911.010	763.707	0.125	0.050	0.449	0.286
sub-111_task-EyeTracking_physio	22	2291.893	2500.227	208.334	947.395	679.060	0.094	0.026	0.264	0.175
sub-111_task-EyeTracking_physio	22	2525.226	2900.236	375.010	970.450	640.270	0.081	0.017	0.179	0.247
sub-111_task-EyeTracking_physio	23	-1670.906	-1487.571	183.335	963.378	573.697	0.210	0.102	0.196	1.057
sub-111_task-EyeTracking_physio	23	-1237.565	-270.881	966.684	1225.532	707.558	0.130	0.084	0.351	0.702
sub-111_task-EyeTracking_physio	23	-245.882	345.798	591.680	1252.355	703.320	0.126	0.050	0.309	0.414
sub-111_task-EyeTracking_physio	23	370.796	545.799	175.003	1460.880	785.985	0.160	0.084	0.407	0.418
sub-111_task-EyeTracking_physio	23	570.806	804.141	233.335	1490.552	821.643	0.140	0.047	0.262	0.378
sub-111_task-EyeTracking_physio	23	812.476	1195.813	383.337	1494.832	795.273	0.124	0.067	0.307	0.443
sub-111_task-EyeTracking_physio	23	1220.817	1579.158	358.341	1459.990	938.550	0.128	0.045	0.396	0.550
sub-111_task-EyeTracking_physio	23	1604.158	1879.164	275.006	1379.475	934.265	0.102	0.033	0.295	0.306
sub-111_task-EyeTracking_physio	23	1895.831	2362.505	466.674	1324.885	882.300	0.101	0.042	0.245	0.376
sub-111_task-EyeTracking_physio	23	2379.172	2504.187	125.015	1372.690	818.720	0.142	0.038	0.252	0.250
sub-111_task-EyeTracking_physio	23	2529.179	2712.515	183.336	1486.610	627.138	0.124	0.029	0.225	0.275
sub-111_task-EyeTracking_physio	23	2737.514	3020.853	283.339	1523.952	573.610	0.106	0.039	0.251	0.376
sub-111_task-EyeTracking_physio	24	-924.630	-757.953	166.677	816.192	477.325	0.303	0.236	0.475	1.318
sub-111_task-EyeTracking_physio	24	-499.614	-382.948	116.666	1237.755	620.618	0.209	0.130	0.240	0.789
sub-111_task-EyeTracking_physio	24	-366.276	267.066	633.342	1276.095	710.867	0.119	0.037	0.267	0.495
sub-111_task-EyeTracking_physio	24	292.070	458.738	166.668	1203.480	743.788	0.104	0.040	0.153	0.408
sub-111_task-EyeTracking_physio	24	483.737	808.747	325.010	1148.245	747.405	0.105	0.054	0.257	0.471
sub-111_task-EyeTracking_physio	24	833.747	1475.429	641.682	1183.870	709.120	0.086	0.021	0.272	0.270
sub-111_task-EyeTracking_physio	24	1508.761	1725.436	216.675	1439.480	824.977	0.128	0.088	0.492	0.545
sub-111_task-EyeTracking_physio	24	1750.435	2358.778	608.343	1490.265	926.375	0.130	0.070	0.334	0.637
sub-111_task-EyeTracking_physio	24	2383.783	2600.452	216.669	1515.477	863.870	0.100	0.035	0.348	0.251
sub-111_task-EyeTracking_physio	24	2625.452	2875.458	250.006	1543.388	831.178	0.100	0.039	0.295	0.354
sub-111_task-EyeTracking_physio	24	2900.458	3008.792	108.334	1600.265	824.665	0.092	0.016	0.197	0.150
sub-111_task-EyeTracking_physio	25	-427.991	-286.320	141.671	1318.850	669.810	0.151	0.089	0.271	0.786
sub-111_task-EyeTracking_physio	25	-269.655	397.025	666.680	1256.808	700.832	0.138	0.086	0.565	0.638
sub-111_task-EyeTracking_physio	25	413.691	880.369	466.678	1290.273	707.727	0.127	0.052	0.384	0.515
sub-111_task-EyeTracking_physio	25	922.035	1105.372	183.337	1185.928	699.038	0.089	0.019	0.193	0.205
sub-111_task-EyeTracking_physio	25	1130.376	1322.043	191.667	1070.415	708.950	0.160	0.039	0.426	0.267
sub-111_task-EyeTracking_physio	25	1347.043	1988.725	641.682	986.540	725.995	0.110	0.048	0.460	0.413
sub-111_task-EyeTracking_physio	25	2113.727	2255.397	141.670	1108.715	716.520	0.275	0.128	0.264	1.008
sub-111_task-EyeTracking_physio	25	2272.063	2438.736	166.673	1178.492	719.820	0.137	0.037	0.273	0.269
sub-111_task-EyeTracking_physio	25	2447.069	2830.407	383.338	1216.612	726.335	0.099	0.068	0.339	0.462
sub-111_task-EyeTracking_physio	25	2847.076	3005.412	158.336	1207.990	710.040	0.091	0.031	0.197	0.325
sub-111_task-EyeTracking_physio	26	-831.208	-564.533	266.675	1205.283	694.247	0.123	0.035	0.273	0.427
sub-111_task-EyeTracking_physio	26	-214.527	202.147	416.674	1276.668	731.985	0.136	0.080	0.373	0.660
sub-111_task-EyeTracking_physio	26	227.153	452.153	225.000	1240.215	732.985	0.111	0.084	0.372	0.478
sub-111_task-EyeTracking_physio	26	460.486	802.163	341.677	1200.780	757.830	0.151	0.050	0.283	0.492
sub-111_task-EyeTracking_physio	26	1027.171	1285.507	258.336	1300.405	778.770	0.145	0.052	0.216	0.516
sub-111_task-EyeTracking_physio	26	1302.174	1502.176	200.002	1361.900	806.192	0.184	0.141	0.339	0.854
sub-111_task-EyeTracking_physio	26	1510.509	1885.518	375.009	1432.570	815.645	0.158	0.111	0.431	0.787
sub-111_task-EyeTracking_physio	26	1902.184	2227.196	325.012	1474.955	685.790	0.122	0.098	0.231	0.794
sub-111_task-EyeTracking_physio	26	2235.529	2502.202	266.673	1464.973	613.832	0.158	0.072	0.210	0.598
sub-111_task-EyeTracking_physio	26	2518.868	2685.536	166.668	1357.365	595.910	0.171	0.043	0.223	0.450
sub-111_task-EyeTracking_physio	26	2710.536	2918.876	208.340	1282.540	606.485	0.173	0.051	0.382	0.334
sub-111_task-EyeTracking_physio	27	-859.436	-701.089	158.347	1223.935	673.585	3.488	73.576	7.531	12.573
sub-111_task-EyeTracking_physio	27	-651.099	-526.093	125.006	1223.170	682.780	0.199	0.114	0.277	0.796
sub-111_task-EyeTracking_physio	27	-301.087	223.920	525.007	1262.440	702.130	0.141	0.085	0.318	0.939
sub-111_task-EyeTracking_physio	27	240.587	715.597	475.010	1249.355	681.520	0.110	0.051	0.270	0.478
sub-111_task-EyeTracking_physio	27	748.936	890.607	141.671	1324.165	688.840	0.118	0.033	0.133	0.486
sub-111_task-EyeTracking_physio	27	907.273	1140.612	233.339	1376.047	739.923	0.119	0.030	0.197	0.376
sub-111_task-EyeTracking_physio	27	1165.610	1448.949	283.339	1412.400	741.535	0.130	0.064	0.366	0.445
sub-111_task-EyeTracking_physio	27	1465.616	1723.954	258.338	1418.005	706.630	0.116	0.041	0.260	0.344
sub-111_task-EyeTracking_physio	27	1740.620	1948.961	208.341	1428.090	685.430	0.167	0.041	0.192	0.518
sub-111_task-EyeTracking_physio	27	1965.627	2273.965	308.338	1442.435	704.605	0.134	0.044	0.268	0.405
sub-111_task-EyeTracking_physio	27	2298.972	2490.639	191.667	1501.840	662.865	0.175	0.037	0.219	0.506
sub-111_task-EyeTracking_physio	27	2507.306	2740.645	233.339	1553.372	623.235	0.174	0.058	0.235	0.498
sub-111_task-EyeTracking_physio	27	2748.979	3007.318	258.339	1559.280	607.200	0.195	0.086	0.434	0.551
sub-111_task-EyeTracking_physio	28	-1463.164	-1321.488	141.676	1562.680	635.860	5.912	48.517	3.477	10.461
sub-111_task-EyeTracking_physio	28	-921.487	-671.481	250.006	1336.273	653.140	0.159	0.105	0.339	0.699
sub-111_task-EyeTracking_physio	28	-471.478	-63.136	408.342	1295.220	684.155	0.169	0.077	0.288	0.745
sub-111_task-EyeTracking_physio	28	-46.469	336.872	383.341	1259.920	693.538	0.132	0.088	0.353	0.513
sub-111_task-EyeTracking_physio	28	353.539	511.879	158.340	1268.655	731.105	0.125	0.039	0.172	0.393
sub-111_task-EyeTracking_physio	28	528.545	1078.558	550.013	1303.818	785.067	0.132	0.064	0.349	0.506
sub-111_task-EyeTracking_physio	28	1095.223	1303.563	208.340	1327.595	785.970	0.126	0.033	0.236	0.281
sub-111_task-EyeTracking_physio	28	1328.562	1478.564	150.002	1395.028	732.348	0.129	0.036	0.206	0.322
sub-111_task-EyeTracking_physio	28	1503.564	1695.235	191.671	1403.950	574.070	0.206	0.094	0.309	0.641
sub-111_task-EyeTracking_physio	28	1711.901	2061.909	350.008	1329.315	531.495	0.191	0.064	0.375	0.584
sub-111_task-EyeTracking_physio	28	2078.580	2195.251	116.671	1235.875	551.487	0.302	0.083	0.204	0.702
sub-111_task-EyeTracking_physio	28	2511.921	2895.264	383.343	1074.213	858.525	0.107	0.041	0.317	0.461
sub-111_task-EyeTracking_physio	29	-883.380	-775.044	108.336	1292.125	518.160	0.422	0.263	0.300	2.281
sub-111_task-EyeTracking_physio	29	-616.709	-300.032	316.677	2400.555	247.988	0.297	0.301	1.055	0.718
sub-111_task-EyeTracking_physio	29	-8.360	241.647	250.007	1254.070	656.752	0.176	0.086	0.207	1.008
sub-111_task-EyeTracking_physio	29	266.646	499.987	233.341	1177.327	707.062	0.171	0.057	0.453	0.345
sub-111_task-EyeTracking_physio	29	533.319	683.322	150.003	1109.578	835.727	0.161	0.050	0.244	0.416
sub-111_task-EyeTracking_physio	29	699.989	1083.329	383.340	1056.095	957.857	0.257	0.532	0.762	2.421
sub-111_task-EyeTracking_physio	29	1091.662	1216.664	125.002	1130.605	988.460	0.152	0.086	0.428	0.415
sub-111_task-EyeTracking_physio	29	1258.337	1750.010	491.673	1623.360	915.720	0.153	0.064	0.615	0.373
sub-111_task-EyeTracking_physio	29	1791.680	2091.686	300.006	1498.358	552.957	0.162	0.058	0.354	0.480
sub-111_task-EyeTracking_physio	29	2116.685	2600.030	483.345	1404.322	603.648	0.137	0.074	0.381	0.681
sub-111_task-EyeTracking_physio	29	2633.363	2933.367	300.004	1318.510	838.898	0.172	0.103	0.327	1.015
sub-111_task-EyeTracking_physio	30	-436.884	288.129	725.013	1279.300	727.855	0.130	0.071	0.459	0.551
sub-111_task-EyeTracking_physio	30	313.128	504.798	191.670	1200.760	742.150	0.153	0.072	0.405	0.483
sub-111_task-EyeTracking_physio	30	521.464	671.470	150.006	1152.747	771.798	0.157	0.047	0.277	0.363
sub-111_task-EyeTracking_physio	30	688.136	896.478	208.342	1130.820	651.815	0.132	0.042	0.208	0.438
sub-111_task-EyeTracking_physio	30	921.476	1079.812	158.336	1158.420	629.230	0.089	0.013	0.139	0.205
sub-111_task-EyeTracking_physio	30	1096.479	1771.496	675.017	1180.205	639.695	0.116	0.051	0.408	0.508
sub-111_task-EyeTracking_physio	30	1796.497	2013.163	216.666	1071.688	688.447	0.239	0.239	0.327	1.373
sub-111_task-EyeTracking_physio	30	2029.837	2488.183	458.346	1018.575	724.005	0.103	0.066	0.469	0.427
sub-111_task-EyeTracking_physio	30	2513.182	2671.511	158.329	1073.775	654.325	0.082	0.023	0.195	0.323
sub-111_task-EyeTracking_physio	30	2696.525	2846.519	149.994	1161.278	607.055	0.102	0.025	0.231	0.171
sub-111_task-EyeTracking_physio	30	2871.520	3004.864	133.344	1192.487	482.163	0.210	0.120	0.363	0.722
sub-111_task-EyeTracking_physio	31	-531.868	-390.198	141.670	1273.395	688.200	0.191	0.116	0.262	0.735
sub-111_task-EyeTracking_physio	31	-65.187	493.156	558.343	1280.125	718.295	0.142	0.107	0.338	0.982
sub-111_task-EyeTracking_physio	31	518.156	743.164	225.008	1307.175	813.620	0.193	0.085	0.294	0.728
sub-111_task-EyeTracking_physio	31	759.831	893.165	133.334	1315.588	999.197	0.299	0.476	0.462	1.480
sub-111_task-EyeTracking_physio	31	926.498	1043.169	116.671	1304.055	832.928	0.284	0.104	0.189	1.002
sub-111_task-EyeTracking_physio	31	1093.168	1234.836	141.668	1210.805	642.165	0.086	0.024	0.227	0.218
sub-111_task-EyeTracking_physio	31	1268.175	1934.854	666.679	1134.447	583.570	0.142	0.073	0.387	0.569
sub-111_task-EyeTracking_physio	31	2076.522	2293.196	216.674	1153.533	615.810	0.266	0.105	0.227	1.214
sub-111_task-EyeTracking_physio	31	2318.195	2909.872	591.677	1125.225	576.305	0.101	0.055	0.296	0.605
sub-111_task-EyeTracking_physio	32	-2386.644	-2253.303	133.341	1331.900	597.543	0.288	0.190	0.321	1.252
sub-111_task-EyeTracking_physio	32	-1994.966	-1028.281	966.685	1258.072	669.385	0.130	0.089	0.494	0.852
sub-111_task-EyeTracking_physio	32	-753.275	313.412	1066.687	1265.020	697.955	0.134	0.077	0.439	0.797
sub-111_task-EyeTracking_physio	32	330.078	496.752	166.674	1273.565	728.010	0.134	0.053	0.276	0.300
sub-111_task-EyeTracking_physio	32	513.418	696.752	183.334	1294.310	775.265	0.175	0.103	0.240	0.919
sub-111_task-EyeTracking_physio	32	771.757	1063.428	291.671	1054.865	982.785	0.169	0.069	0.345	0.725
sub-111_task-EyeTracking_physio	32	1080.095	1280.097	200.002	1012.015	949.132	0.104	0.041	0.468	0.263
sub-111_task-EyeTracking_physio	32	1305.100	1530.102	225.002	971.785	837.280	0.111	0.052	0.342	0.414
sub-111_task-EyeTracking_physio	32	1555.116	1813.445	258.329	947.800	709.860	0.129	0.045	0.320	0.343
sub-111_task-EyeTracking_physio	32	1838.445	1996.782	158.337	981.000	721.055	0.135	0.036	0.314	0.373
sub-111_task-EyeTracking_physio	32	2021.781	2280.129	258.348	1009.605	635.425	0.115	0.031	0.187	0.406
sub-111_task-EyeTracking_physio	32	2296.786	2530.125	233.339	1070.043	625.990	0.083	0.023	0.183	0.252
sub-111_task-EyeTracking_physio	32	2546.790	3005.135	458.345	1134.000	620.960	0.105	0.035	0.322	0.317
sub-111_task-EyeTracking_physio	33	-2074.511	-1899.509	175.002	1295.175	675.450	0.144	0.068	0.205	0.698
sub-111_task-EyeTracking_physio	33	-1607.836	-1474.501	133.335	1292.820	658.830	0.215	0.118	0.258	0.769
sub-111_task-EyeTracking_physio	33	-1466.167	-1107.824	358.343	1259.030	686.755	0.197	0.115	0.509	0.723
sub-111_task-EyeTracking_physio	33	-824.485	-499.473	325.012	1261.505	667.105	0.143	0.090	0.323	0.787
sub-111_task-EyeTracking_physio	33	-216.135	317.210	533.345	1261.513	698.322	0.148	0.097	0.407	0.786
sub-111_task-EyeTracking_physio	33	342.208	783.889	441.681	1259.415	730.920	0.099	0.046	0.269	0.373
sub-111_task-EyeTracking_physio	33	817.222	975.558	158.336	1342.965	663.485	0.117	0.031	0.163	0.331
sub-111_task-EyeTracking_physio	33	1000.558	1217.231	216.673	1409.173	577.037	0.173	0.062	0.174	0.650
sub-111_task-EyeTracking_physio	33	1242.230	1617.239	375.009	1359.945	540.390	0.139	0.063	0.297	0.578
sub-111_task-EyeTracking_physio	33	1633.905	1958.918	325.013	1370.855	565.510	0.207	0.058	0.253	0.531
sub-111_task-EyeTracking_physio	33	1983.918	2425.596	441.678	1331.530	633.575	0.113	0.038	0.323	0.371
sub-111_task-EyeTracking_physio	33	2450.595	2867.274	416.679	1276.445	548.475	0.147	0.040	0.262	0.407
sub-111_task-EyeTracking_physio	33	2883.942	3008.953	125.011	1278.885	527.170	0.145	0.035	0.198	0.265
sub-111_task-EyeTracking_physio	34	-411.191	-127.852	283.339	1278.987	680.402	0.139	0.084	0.294	0.567
sub-111_task-EyeTracking_physio	34	-102.847	755.507	858.354	1262.320	684.675	0.096	0.083	0.323	0.593
sub-111_task-EyeTracking_physio	34	780.507	1005.512	225.005	1326.505	634.375	0.126	0.056	0.281	0.490
sub-111_task-EyeTracking_physio	34	1022.179	1255.518	233.339	1379.692	667.178	0.136	0.055	0.412	0.380
sub-111_task-EyeTracking_physio	34	1272.184	1513.857	241.673	1463.630	720.650	0.137	0.033	0.314	0.350
sub-111_task-EyeTracking_physio	34	1547.190	1955.534	408.344	1503.070	738.470	0.102	0.036	0.310	0.314
sub-111_task-EyeTracking_physio	34	1988.872	2147.205	158.333	1563.250	739.370	0.097	0.024	0.262	0.210
sub-111_task-EyeTracking_physio	34	2172.204	2447.212	275.008	1595.805	780.045	0.110	0.019	0.184	0.302
sub-111_task-EyeTracking_physio	34	2480.545	2747.219	266.674	1693.137	781.067	0.108	0.026	0.267	0.254
sub-111_task-EyeTracking_physio	34	2772.218	3005.556	233.338	1683.983	714.080	0.095	0.018	0.185	0.216
sub-111_task-EyeTracking_physio	35	-3116.430	-2966.426	150.004	1242.608	604.892	0.187	0.180	0.350	0.947
sub-111_task-EyeTracking_physio	35	-2658.087	-2449.745	208.342	1257.750	571.325	0.161	0.064	0.167	0.624
sub-111_task-EyeTracking_physio	35	-2191.408	-1633.063	558.345	1260.345	582.280	0.118	0.086	0.363	0.737
sub-111_task-EyeTracking_physio	35	-1333.058	-1141.386	191.672	1274.260	628.230	0.163	0.089	0.235	0.714
sub-111_task-EyeTracking_physio	35	-1124.719	-333.035	791.684	1259.820	662.485	0.108	0.109	0.388	0.667
sub-111_task-EyeTracking_physio	35	-58.027	258.643	316.670	1261.723	699.727	0.146	0.107	0.351	0.852
sub-111_task-EyeTracking_physio	35	275.308	458.650	183.342	1301.315	754.077	0.141	0.059	0.259	0.373
sub-111_task-EyeTracking_physio	35	475.316	650.318	175.002	1357.480	750.035	0.086	0.036	0.273	0.204
sub-111_task-EyeTracking_physio	35	666.985	958.661	291.676	1370.875	650.520	0.151	0.052	0.345	0.493
sub-111_task-EyeTracking_physio	35	991.995	1317.000	325.005	931.615	613.900	0.170	0.124	0.434	0.738
sub-111_task-EyeTracking_physio	35	1350.340	1558.674	208.334	959.975	832.370	0.160	0.063	0.383	0.533
sub-111_task-EyeTracking_physio	35	1592.006	1733.680	141.674	1025.940	878.425	0.099	0.010	0.075	0.222
sub-111_task-EyeTracking_physio	35	1758.680	1933.684	175.004	1120.850	898.310	0.105	0.025	0.220	0.219
sub-111_task-EyeTracking_physio	35	1950.351	2192.023	241.672	1169.200	844.830	0.089	0.020	0.298	0.199
sub-111_task-EyeTracking_physio	35	2225.356	2392.028	166.672	1225.008	812.987	0.116	0.023	0.161	0.286
sub-111_task-EyeTracking_physio	35	2408.695	2625.367	216.672	1283.835	809.403	0.130	0.032	0.293	0.241
sub-111_task-EyeTracking_physio	35	2650.367	2858.706	208.339	1338.815	788.095	0.134	0.042	0.457	0.223
sub-111_task-EyeTracking_physio	35	2883.705	3008.709	125.004	1410.665	776.815	0.122	0.028	0.267	0.237
sub-111_task-EyeTracking_physio	36	-27.676	330.664	358.340	1272.600	667.670	0.143	0.104	0.280	0.954
sub-111_task-EyeTracking_physio	36	347.331	539.002	191.671	1333.920	687.825	0.188	0.069	0.489	0.498
sub-111_task-EyeTracking_physio	36	589.006	764.008	175.002	1395.445	728.370	0.109	0.022	0.248	0.186
sub-111_task-EyeTracking_physio	36	780.675	1280.687	500.012	1443.855	801.023	0.098	0.039	0.345	0.308
sub-111_task-EyeTracking_physio	36	1297.353	1597.361	300.008	1453.100	830.260	0.101	0.041	0.347	0.358
sub-111_task-EyeTracking_physio	36	1630.696	1830.698	200.002	1028.533	820.567	0.105	0.031	0.289	0.285
sub-111_task-EyeTracking_physio	36	1847.365	2047.379	200.014	986.450	863.257	0.113	0.037	0.335	0.229
sub-111_task-EyeTracking_physio	36	2072.379	2330.709	258.330	964.320	901.555	0.077	0.021	0.205	0.246
sub-111_task-EyeTracking_physio	36	2355.708	2880.728	525.020	973.560	891.575	0.085	0.016	0.218	0.261
sub-111_task-EyeTracking_physio	37	-2215.358	-1848.675	366.683	966.775	888.567	0.101	0.041	0.372	0.399
sub-111_task-EyeTracking_physio	37	-1473.677	-1331.995	141.682	1154.785	679.195	0.346	0.421	0.301	2.708
sub-111_task-EyeTracking_physio	37	-1031.999	-740.327	291.672	1227.665	747.410	0.133	0.107	0.350	0.803
sub-111_task-EyeTracking_physio	37	-398.651	243.030	641.681	1249.680	703.965	0.105	0.056	0.321	0.612
sub-111_task-EyeTracking_physio	37	259.696	443.035	183.339	1265.307	767.615	0.129	0.046	0.326	0.296
sub-111_task-EyeTracking_physio	37	459.701	643.040	183.339	1339.023	770.835	0.103	0.052	0.238	0.385
sub-111_task-EyeTracking_physio	37	659.707	843.042	183.335	1412.920	767.580	0.091	0.026	0.168	0.319
sub-111_task-EyeTracking_physio	37	859.708	1059.715	200.007	1511.943	777.225	0.146	0.048	0.224	0.338
sub-111_task-EyeTracking_physio	37	1076.382	1426.390	350.008	1594.055	833.908	0.119	0.045	0.333	0.408
sub-111_task-EyeTracking_physio	37	1451.390	1626.394	175.004	1646.350	815.730	0.074	0.023	0.179	0.270
sub-111_task-EyeTracking_physio	37	1643.060	1959.736	316.676	1677.045	739.497	0.151	0.071	0.443	0.469
sub-111_task-EyeTracking_physio	37	2001.403	2243.074	241.671	1401.925	570.130	0.103	0.036	0.237	0.322
sub-111_task-EyeTracking_physio	37	2259.741	2459.743	200.002	1346.412	533.503	0.159	0.038	0.153	0.570
sub-111_task-EyeTracking_physio	37	2476.415	2726.420	250.005	1299.822	506.675	0.111	0.027	0.180	0.354
sub-111_task-EyeTracking_physio	37	2743.087	3009.761	266.674	1322.352	515.972	0.141	0.057	0.399	0.402
sub-111_task-EyeTracking_physio	38	-4121.679	-3605.008	516.671	1240.088	618.310	0.124	0.096	0.367	1.022
sub-111_task-EyeTracking_physio	38	-3580.008	-3355.004	225.004	1280.390	672.840	0.108	0.061	0.396	0.333
sub-111_task-EyeTracking_physio	38	-3088.328	-2413.314	675.014	1270.950	668.720	0.136	0.177	0.704	0.687
sub-111_task-EyeTracking_physio	38	-2146.640	-1404.956	741.684	1260.170	685.105	0.116	0.105	0.416	0.986
sub-111_task-EyeTracking_physio	38	-1171.621	-1063.284	108.337	1281.840	689.065	0.336	0.306	0.215	1.999
sub-111_task-EyeTracking_physio	38	-904.942	-796.602	108.340	358.185	641.265	1.297	4.008	2.012	4.545
sub-111_task-EyeTracking_physio	38	-771.598	-471.593	300.005	184.425	640.872	0.169	0.072	0.522	0.292
sub-111_task-EyeTracking_physio	38	-121.588	453.421	575.009	1272.525	728.820	0.128	0.071	0.379	0.579
sub-111_task-EyeTracking_physio	38	470.087	645.089	175.002	1199.520	745.440	0.169	0.061	0.341	0.368
sub-111_task-EyeTracking_physio	38	670.094	836.761	166.667	992.450	761.155	0.226	0.106	0.550	0.612
sub-111_task-EyeTracking_physio	38	903.426	1028.437	125.011	995.720	763.950	0.269	0.177	0.172	1.748
sub-111_task-EyeTracking_physio	38	1053.437	1236.770	183.333	1011.933	878.125	0.121	0.033	0.164	0.344
sub-111_task-EyeTracking_physio	38	1253.435	1453.444	200.009	1081.283	885.325	0.144	0.071	0.289	0.509
sub-111_task-EyeTracking_physio	38	1470.111	1703.445	233.334	1137.403	922.553	0.126	0.065	0.326	0.358
sub-111_task-EyeTracking_physio	38	1720.116	1961.792	241.676	1186.720	996.060	0.108	0.029	0.268	0.328
sub-111_task-EyeTracking_physio	38	2170.125	2528.467	358.342	1666.150	854.175	0.166	0.102	0.484	0.926
sub-111_task-EyeTracking_physio	38	2545.133	2645.137	100.004	1685.332	786.183	0.110	0.038	0.220	0.287
sub-111_task-EyeTracking_physio	38	2678.468	3003.472	325.004	1445.535	584.470	0.139	0.062	0.497	0.414
sub-111_task-EyeTracking_physio	39	-1584.125	-1350.792	233.333	766.072	386.560	0.407	0.178	0.446	1.613
sub-111_task-EyeTracking_physio	39	-900.779	-642.439	258.340	1211.820	618.600	0.184	0.118	0.389	0.814
sub-111_task-EyeTracking_physio	39	-375.777	315.906	691.683	1270.045	700.000	0.170	0.131	0.354	0.938
sub-111_task-EyeTracking_physio	39	332.573	574.245	241.672	1247.030	742.865	0.138	0.047	0.286	0.412
sub-111_task-EyeTracking_physio	39	582.579	799.250	216.671	1255.345	804.500	0.287	0.386	0.499	1.585
sub-111_task-EyeTracking_physio	39	832.584	1015.926	183.342	1273.845	836.183	0.137	0.038	0.178	0.495
sub-111_task-EyeTracking_physio	39	1032.592	1299.264	266.672	1266.120	940.062	0.213	0.315	0.467	2.011
sub-111_task-EyeTracking_physio	39	1315.929	1482.598	166.669	1349.780	957.900	0.139	0.052	0.303	0.458
sub-111_task-EyeTracking_physio	39	1499.265	1915.941	416.676	1472.685	772.882	0.125	0.111	0.478	0.531
sub-111_task-EyeTracking_physio	39	2049.274	2299.282	250.008	1047.533	729.210	0.167	0.083	0.436	0.499
sub-111_task-EyeTracking_physio	39	2315.948	2524.297	208.349	1102.115	785.150	0.090	0.016	0.189	0.204
sub-111_task-EyeTracking_physio	39	2549.289	2799.294	250.005	1370.725	778.127	0.138	0.053	0.326	0.400
sub-111_task-EyeTracking_physio	39	2824.294	3007.634	183.340	1178.140	819.502	0.125	0.044	0.376	0.312
sub-111_task-EyeTracking_physio	40	-2163.858	-2030.522	133.336	1255.630	600.125	0.415	0.243	0.309	2.668
sub-111_task-EyeTracking_physio	40	-1738.849	-1480.511	258.338	1273.645	710.525	0.163	0.101	0.333	0.762
sub-111_task-EyeTracking_physio	40	-1072.167	-738.825	333.342	1260.715	724.618	0.202	0.090	1.057	0.243
sub-111_task-EyeTracking_physio	40	-422.151	244.529	666.680	1261.430	704.280	0.123	0.100	0.430	0.647
sub-111_task-EyeTracking_physio	40	277.862	444.535	166.673	1245.495	730.858	0.132	0.048	0.279	0.403
sub-111_task-EyeTracking_physio	40	461.202	686.203	225.001	1269.640	796.035	0.127	0.054	0.258	0.501
sub-111_task-EyeTracking_physio	40	711.208	1027.879	316.671	1218.630	828.368	0.112	0.106	0.351	0.579
sub-111_task-EyeTracking_physio	40	1044.546	1261.218	216.672	1149.480	847.830	0.154	0.081	0.320	0.545
sub-111_task-EyeTracking_physio	40	1277.886	1977.900	700.014	1082.932	844.345	0.102	0.068	0.357	0.546
sub-111_task-EyeTracking_physio	40	1994.567	2227.907	233.340	1186.025	819.045	0.101	0.054	0.362	0.331
sub-111_task-EyeTracking_physio	40	2252.905	2494.579	241.674	1318.630	777.325	0.119	0.057	0.354	0.417
sub-111_task-EyeTracking_physio	40	2511.245	2761.252	250.007	1378.182	772.545	0.121	0.039	0.239	0.407
sub-111_task-EyeTracking_physio	40	2777.918	3002.929	225.011	1449.060	774.055	0.160	0.065	0.467	0.419
sub-111_task-EyeTracking_physio	41	-592.227	-392.223	200.004	1167.207	450.540	0.272	0.137	0.309	1.402
sub-111_task-EyeTracking_physio	41	-58.879	216.125	275.004	1280.450	657.210	0.158	0.125	0.272	0.863
sub-111_task-EyeTracking_physio	41	241.126	441.131	200.005	1252.205	726.517	0.096	0.028	0.197	0.276
sub-111_task-EyeTracking_physio	41	457.798	891.140	433.342	1233.178	752.755	0.181	0.300	0.568	1.380
sub-111_task-EyeTracking_physio	41	916.139	1099.490	183.351	1204.075	851.403	0.145	0.044	0.249	0.384
sub-111_task-EyeTracking_physio	41	1116.157	1357.829	241.672	1233.980	920.200	0.120	0.046	0.279	0.336
sub-111_task-EyeTracking_physio	41	1374.494	1591.165	216.671	1282.608	961.725	0.132	0.041	0.429	0.242
sub-111_task-EyeTracking_physio	41	1607.822	1841.170	233.348	1324.577	983.675	0.134	0.053	0.302	0.381
sub-111_task-EyeTracking_physio	41	1874.503	2074.501	199.998	1427.742	942.930	0.097	0.030	0.249	0.224
sub-111_task-EyeTracking_physio	41	2091.167	2299.507	208.340	1457.020	839.570	0.119	0.036	0.195	0.394
sub-111_task-EyeTracking_physio	41	2316.173	2841.187	525.014	1459.425	753.445	0.119	0.097	0.393	0.736
sub-111_task-EyeTracking_physio	41	2882.852	3024.514	141.662	1401.905	1041.880	0.875	5.706	1.873	4.933
sub-111_task-EyeTracking_physio	42	-5307.627	-4957.614	350.013	1049.655	665.555	0.171	0.095	0.266	0.963
sub-111_task-EyeTracking_physio	42	-4932.615	-4765.949	166.666	1231.235	690.127	0.121	0.038	0.208	0.282
sub-111_task-EyeTracking_physio	42	-4474.280	-4107.600	366.680	1253.422	671.015	0.153	0.062	0.246	0.674
sub-111_task-EyeTracking_physio	42	-3832.595	-3474.253	358.342	1277.800	699.800	0.148	0.076	0.242	0.861
sub-111_task-EyeTracking_physio	42	-3207.580	-2990.907	216.673	1286.023	726.165	0.209	0.200	0.338	1.873
sub-111_task-EyeTracking_physio	42	-2790.914	-2632.569	158.345	2552.880	4.880	0.422	0.332	0.863	0.873
sub-111_task-EyeTracking_physio	42	-940.872	-674.197	266.675	1208.950	740.058	0.168	0.101	0.406	0.544
sub-111_task-EyeTracking_physio	42	-657.531	-382.520	275.011	1253.135	696.480	0.170	0.069	0.320	0.573
sub-111_task-EyeTracking_physio	42	-157.522	492.497	650.019	1274.630	697.990	0.135	0.100	0.352	0.811
sub-111_task-EyeTracking_physio	42	592.500	1009.186	416.686	1044.468	930.360	1.476	4.030	2.634	5.483
sub-111_task-EyeTracking_physio	42	1017.520	1292.513	274.993	1012.215	907.070	0.162	0.085	0.349	0.557
sub-111_task-EyeTracking_physio	42	1325.853	1875.864	550.011	1098.435	845.025	0.131	0.083	0.413	0.730
sub-111_task-EyeTracking_physio	42	1892.531	2242.550	350.019	1094.385	774.465	0.195	0.139	0.350	1.201
sub-111_task-EyeTracking_physio	42	2259.217	2575.889	316.672	1005.722	829.303	0.118	0.068	0.502	0.401
sub-111_task-EyeTracking_physio	42	2600.889	2950.899	350.010	953.115	866.700	0.109	0.027	0.265	0.366
sub-111_task-EyeTracking_physio	43	-2820.877	-2712.540	108.337	1249.955	676.810	0.311	0.196	0.201	1.658
sub-111_task-EyeTracking_physio	43	-2545.871	-2387.541	158.330	1523.710	187.390	0.326	0.155	0.480	1.082
sub-111_task-EyeTracking_physio	43	-2104.199	-1995.868	108.331	1377.660	488.220	0.384	0.315	0.276	2.234
sub-111_task-EyeTracking_physio	43	-1637.525	-1487.520	150.005	1282.023	739.987	0.240	0.230	0.342	1.602
sub-111_task-EyeTracking_physio	43	-937.510	-487.496	450.014	1232.957	686.267	0.218	0.133	0.323	0.868
sub-111_task-EyeTracking_physio	43	-462.497	-295.828	166.669	1279.017	659.760	0.219	0.091	0.369	0.481
sub-111_task-EyeTracking_physio	43	-29.155	420.857	450.012	1267.815	713.947	0.150	0.071	0.388	0.556
sub-111_task-EyeTracking_physio	43	437.524	595.860	158.336	1191.000	694.970	0.189	0.118	0.392	0.886
sub-111_task-EyeTracking_physio	43	712.528	820.865	108.337	1130.810	705.470	0.168	0.052	0.152	0.577
sub-111_task-EyeTracking_physio	43	854.198	1020.869	166.671	1260.755	853.735	0.128	0.082	0.310	0.534
sub-111_task-EyeTracking_physio	43	1037.534	1220.873	183.339	1338.465	861.275	0.148	0.069	0.377	0.444
sub-111_task-EyeTracking_physio	43	1237.540	1779.218	541.678	1407.385	867.765	0.156	0.166	0.768	0.687
sub-111_task-EyeTracking_physio	43	1829.225	2329.231	500.006	1319.247	837.270	0.131	0.049	0.321	0.474
sub-111_task-EyeTracking_physio	43	2362.568	2620.905	258.337	1394.515	878.645	0.137	0.116	0.401	0.684
sub-111_task-EyeTracking_physio	43	2637.572	3004.244	366.672	1445.938	877.582	0.129	0.104	0.482	0.526
sub-111_task-EyeTracking_physio	44	-1049.660	-924.661	124.999	1167.630	589.665	0.300	0.209	0.304	1.585
sub-111_task-EyeTracking_physio	44	-666.325	-557.978	108.347	1358.945	771.390	0.244	0.229	0.295	1.189
sub-111_task-EyeTracking_physio	44	-532.988	-199.637	333.351	1291.170	742.688	0.109	0.055	0.323	0.334
sub-111_task-EyeTracking_physio	44	-182.971	475.371	658.342	1257.255	700.905	0.120	0.068	0.376	0.523
sub-111_task-EyeTracking_physio	44	550.374	717.044	166.670	1196.040	838.590	0.163	0.172	0.287	1.171
sub-111_task-EyeTracking_physio	44	725.378	925.383	200.005	1149.848	834.112	0.182	0.143	0.363	1.021
sub-111_task-EyeTracking_physio	44	933.717	1150.386	216.669	1108.188	811.257	0.116	0.073	0.212	0.587
sub-111_task-EyeTracking_physio	44	1183.731	1367.069	183.338	1128.690	611.535	0.141	0.076	0.422	0.475
sub-111_task-EyeTracking_physio	44	1383.735	1558.729	174.994	1177.405	584.280	0.106	0.030	0.146	0.316
sub-111_task-EyeTracking_physio	44	1583.741	1908.735	324.994	1229.280	585.820	0.098	0.022	0.153	0.281
sub-111_task-EyeTracking_physio	44	1942.069	2108.745	166.676	1326.367	621.668	0.155	0.064	0.267	0.533
sub-111_task-EyeTracking_physio	44	2125.411	2308.743	183.332	1434.582	704.457	0.172	0.056	0.310	0.447
sub-111_task-EyeTracking_physio	44	2333.743	2767.102	433.359	1514.385	742.138	0.133	0.084	0.387	0.610
sub-111_task-EyeTracking_physio	44	2817.102	2958.762	141.660	1231.810	573.305	0.108	0.022	0.178	0.274
sub-111_task-EyeTracking_physio	45	-961.305	-694.633	266.672	1184.562	592.013	0.119	0.036	0.208	0.360
sub-111_task-EyeTracking_physio	45	-61.295	455.392	516.687	1261.068	665.220	0.156	0.236	0.572	1.277
sub-111_task-EyeTracking_physio	45	488.724	655.401	166.677	1279.680	846.260	0.244	0.103	0.330	0.845
sub-111_task-EyeTracking_physio	45	672.059	905.394	233.335	1337.378	930.778	0.194	0.079	0.479	0.414
sub-111_task-EyeTracking_physio	45	930.399	1138.733	208.334	1384.010	958.285	0.098	0.025	0.207	0.347
sub-111_task-EyeTracking_physio	45	1155.400	1355.408	200.008	1426.287	872.773	0.134	0.045	0.237	0.416
sub-111_task-EyeTracking_physio	45	1380.407	1588.747	208.340	1459.690	773.150	0.097	0.022	0.208	0.307
sub-111_task-EyeTracking_physio	45	1605.414	2238.771	633.357	1466.582	703.745	0.114	0.050	0.303	0.519
sub-111_task-EyeTracking_physio	45	2255.437	2455.439	200.002	1393.037	608.190	0.113	0.046	0.281	0.335
sub-111_task-EyeTracking_physio	45	2480.438	2722.111	241.673	1248.065	545.320	0.104	0.033	0.259	0.350
sub-111_task-EyeTracking_physio	45	2755.449	3005.453	250.004	1168.702	545.513	0.117	0.044	0.262	0.507
sub-111_task-EyeTracking_physio	46	-2716.319	-2557.974	158.345	1246.155	632.380	0.306	0.151	0.232	1.903
sub-111_task-EyeTracking_physio	46	-2274.643	-2116.300	158.343	1279.995	591.710	0.252	0.115	0.262	0.715
sub-111_task-EyeTracking_physio	46	-1749.629	-1316.291	433.338	1244.825	648.125	0.151	0.105	0.332	0.773
sub-111_task-EyeTracking_physio	46	-1291.287	-1066.285	225.002	1270.310	661.230	0.112	0.039	0.297	0.286
sub-111_task-EyeTracking_physio	46	-674.609	-382.934	291.675	1266.375	678.705	0.169	0.164	0.386	1.069
sub-111_task-EyeTracking_physio	46	-41.261	308.747	350.008	1254.433	703.875	0.135	0.088	0.317	0.573
sub-111_task-EyeTracking_physio	46	325.414	642.091	316.677	1241.510	715.660	0.115	0.043	0.444	0.281
sub-111_task-EyeTracking_physio	46	667.090	783.767	116.677	1169.878	754.530	0.128	0.054	0.286	0.261
sub-111_task-EyeTracking_physio	46	800.433	925.436	125.003	1035.350	1186.890	2.044	22.482	7.569	4.430
sub-111_task-EyeTracking_physio	46	1017.093	1258.776	241.683	1068.735	820.115	0.155	0.117	0.423	0.770
sub-111_task-EyeTracking_physio	46	1275.441	1942.120	666.679	1017.450	855.475	0.106	0.067	0.384	0.584
sub-111_task-EyeTracking_physio	46	1958.787	2325.463	366.676	1009.390	736.315	0.104	0.051	0.276	0.427
sub-111_task-EyeTracking_physio	46	2342.130	2708.806	366.676	1095.615	738.453	0.101	0.035	0.201	0.385
sub-111_task-EyeTracking_physio	46	2725.473	3008.812	283.339	1182.090	753.067	0.115	0.066	0.326	0.483
sub-111_task-EyeTracking_physio	47	-1495.360	-1378.692	116.668	1330.785	702.933	0.362	0.944	0.800	2.274
sub-111_task-EyeTracking_physio	47	-1295.355	-1145.352	150.003	2584.517	482.017	0.301	0.227	0.835	0.642
sub-111_task-EyeTracking_physio	47	-887.012	-778.674	108.338	3154.835	348.810	0.377	0.468	1.269	0.570
sub-111_task-EyeTracking_physio	47	-695.333	-520.327	175.006	1515.065	340.390	0.225	0.158	0.667	0.549
sub-111_task-EyeTracking_physio	47	-245.321	-120.319	125.002	1290.990	670.035	0.184	0.111	0.192	0.848
sub-111_task-EyeTracking_physio	47	-111.986	238.018	350.004	1255.380	708.335	0.112	0.055	0.352	0.345
sub-111_task-EyeTracking_physio	47	254.684	454.684	200.000	1318.703	727.317	0.138	0.070	0.415	0.359
sub-111_task-EyeTracking_physio	47	471.351	654.691	183.340	1368.173	774.683	0.152	0.089	0.336	0.471
sub-111_task-EyeTracking_physio	47	671.357	1279.709	608.352	1417.620	821.780	0.146	0.083	0.457	0.701
sub-111_task-EyeTracking_physio	47	1304.716	1471.384	166.668	1414.388	686.920	0.099	0.049	0.357	0.350
sub-111_task-EyeTracking_physio	47	1488.051	1888.051	400.000	1432.288	595.803	0.151	0.086	0.363	0.525
sub-111_task-EyeTracking_physio	47	1913.051	2121.398	208.347	1110.755	664.425	0.152	0.068	0.271	0.617
sub-111_task-EyeTracking_physio	47	2138.065	2371.404	233.339	1050.635	726.000	0.146	0.089	0.467	0.535
sub-111_task-EyeTracking_physio	47	2396.404	2604.744	208.340	1007.250	769.365	0.096	0.018	0.170	0.217
sub-111_task-EyeTracking_physio	47	2621.411	2929.748	308.337	965.995	768.705	0.093	0.033	0.321	0.314
sub-111_task-EyeTracking_physio	48	-890.748	-724.072	166.676	1223.620	609.758	0.256	0.261	0.582	1.263
sub-111_task-EyeTracking_physio	48	-24.060	267.612	291.672	1264.215	678.315	0.166	0.108	0.307	0.742
sub-111_task-EyeTracking_physio	48	292.611	575.953	283.342	1236.503	725.868	0.175	0.097	0.291	0.713
sub-111_task-EyeTracking_physio	48	584.287	775.958	191.671	1248.290	794.285	0.336	0.808	0.323	3.845
sub-111_task-EyeTracking_physio	48	792.625	1017.630	225.005	1240.115	884.335	0.163	0.075	0.269	0.733
sub-111_task-EyeTracking_physio	48	1025.963	1700.978	675.015	1199.895	903.385	0.125	0.127	0.579	0.696
sub-111_task-EyeTracking_physio	48	1717.645	1950.984	233.339	1316.033	819.793	0.151	0.042	0.229	0.427
sub-111_task-EyeTracking_physio	48	1967.650	2192.657	225.007	1487.155	762.825	0.159	0.077	0.317	0.494
sub-111_task-EyeTracking_physio	48	2209.323	2434.331	225.008	1560.840	722.665	0.135	0.113	0.396	0.491
sub-111_task-EyeTracking_physio	48	2450.996	2701.002	250.006	1622.077	693.842	0.107	0.042	0.253	0.378
sub-111_task-EyeTracking_physio	48	2717.669	2984.334	266.665	1675.008	706.555	0.154	0.058	0.344	0.374
sub-111_task-EyeTracking_physio	49	-4113.306	-3979.970	133.336	1637.395	1068.700	6.844	135.185	10.046	14.608
sub-111_task-EyeTracking_physio	49	-3946.638	-3846.634	100.004	1387.207	628.180	1.177	1.265	0.565	4.720
sub-111_task-EyeTracking_physio	49	-3671.632	-3138.293	533.339	1511.050	302.155	1.110	63.508	28.413	7.867
sub-111_task-EyeTracking_physio	49	-2679.940	-2513.272	166.668	1303.207	158.680	0.187	0.100	0.466	0.424
sub-111_task-EyeTracking_physio	49	-2346.610	-2138.269	208.341	1197.280	346.645	0.549	0.345	0.306	2.507
sub-111_task-EyeTracking_physio	49	-1854.923	-1529.919	325.004	1244.690	727.140	0.144	0.120	0.298	0.871
sub-111_task-EyeTracking_physio	49	-1096.573	-713.229	383.344	1264.783	689.025	0.120	0.077	0.314	0.579
sub-111_task-EyeTracking_physio	49	-704.896	-588.226	116.670	1232.320	1362.470	5.487	7.194	5.119	10.016
sub-111_task-EyeTracking_physio	49	-521.569	-321.562	200.007	1260.718	709.017	0.158	0.078	0.190	0.748
sub-111_task-EyeTracking_physio	49	-54.891	253.459	308.350	1271.770	691.815	0.172	0.130	0.386	0.940
sub-111_task-EyeTracking_physio	49	270.124	453.462	183.338	1246.528	750.213	0.137	0.061	0.316	0.326
sub-111_task-EyeTracking_physio	49	470.130	703.464	233.334	1179.108	839.605	0.118	0.061	0.366	0.409
sub-111_task-EyeTracking_physio	49	720.135	936.804	216.669	1114.673	857.712	0.150	0.076	0.450	0.423
sub-111_task-EyeTracking_physio	49	953.470	1236.814	283.344	1078.577	787.275	0.112	0.061	0.405	0.576
sub-111_task-EyeTracking_physio	49	1253.480	1536.818	283.338	1018.308	759.877	0.106	0.082	0.444	0.472
sub-111_task-EyeTracking_physio	49	1553.484	1786.824	233.340	924.895	759.263	0.111	0.037	0.288	0.346
sub-111_task-EyeTracking_physio	49	1803.491	2170.166	366.675	923.632	815.247	0.114	0.112	0.617	0.422
sub-111_task-EyeTracking_physio	49	2186.833	2486.837	300.004	1011.120	794.300	0.124	0.064	0.474	0.413
sub-111_task-EyeTracking_physio	49	2520.171	2736.843	216.672	1273.053	700.290	0.118	0.034	0.279	0.310
sub-111_task-EyeTracking_physio	49	2753.510	3003.518	250.008	1447.477	681.900	0.142	0.032	0.367	0.222
sub-111_task-EyeTracking_physio	50	-2859.928	-2309.921	550.007	2124.665	569.330	1.109	289.246	27.717	20.285
sub-111_task-EyeTracking_physio	50	-1993.240	-1893.239	100.001	1279.085	638.140	0.211	0.076	0.180	0.641
sub-111_task-EyeTracking_physio	50	-1876.573	-1701.569	175.004	1251.615	708.920	0.211	0.045	0.249	0.627
sub-111_task-EyeTracking_physio	50	-1443.229	-1343.226	100.003	1096.940	1109.355	2.632	66.232	10.569	8.558
sub-111_task-EyeTracking_physio	50	-1293.227	-1018.220	275.007	412.750	1789.995	0.276	0.172	0.574	0.762
sub-111_task-EyeTracking_physio	50	-993.216	-851.547	141.669	568.525	1519.290	0.161	0.065	0.302	0.387
sub-111_task-EyeTracking_physio	50	-826.547	-534.875	291.672	633.245	1540.730	0.135	0.036	0.487	0.264
sub-111_task-EyeTracking_physio	50	-484.870	-284.868	200.002	1221.165	751.780	0.190	0.101	0.343	0.728
sub-111_task-EyeTracking_physio	50	-26.537	440.148	466.685	1287.307	707.097	0.133	0.077	0.311	0.689
sub-111_task-EyeTracking_physio	50	456.814	631.812	174.998	1352.210	759.210	0.134	0.089	0.375	0.637
sub-111_task-EyeTracking_physio	50	648.478	856.825	208.347	1438.235	798.410	0.158	0.090	0.350	0.467
sub-111_task-EyeTracking_physio	50	881.825	1081.819	199.994	1475.258	899.618	0.131	0.066	0.296	0.538
sub-111_task-EyeTracking_physio	50	1098.490	1281.833	183.343	1509.680	956.565	0.147	0.079	0.376	0.443
sub-111_task-EyeTracking_physio	50	1298.500	1498.506	200.006	1575.365	956.955	0.104	0.045	0.209	0.421
sub-111_task-EyeTracking_physio	50	1506.840	2448.528	941.688	1601.520	964.765	0.093	0.074	0.413	0.537
sub-111_task-EyeTracking_physio	50	2481.853	2815.195	333.342	1571.570	689.570	0.146	0.065	0.391	0.347
sub-111_task-EyeTracking_physio	50	2831.861	3006.871	175.010	1632.250	701.700	0.138	0.070	0.452	0.373
sub-111_task-EyeTracking_physio	51	-1472.572	-1347.569	125.003	1166.515	501.175	0.229	0.098	0.192	0.881
sub-111_task-EyeTracking_physio	51	-1039.241	-722.555	316.686	1300.157	595.132	0.144	0.059	0.231	0.533
sub-111_task-EyeTracking_physio	51	-672.555	-347.544	325.011	1267.820	685.375	0.090	0.022	0.219	0.198
sub-111_task-EyeTracking_physio	51	-47.546	294.133	341.679	1251.825	655.020	0.145	0.069	0.260	0.776
sub-111_task-EyeTracking_physio	51	344.137	585.810	241.673	1274.690	787.290	0.083	0.016	0.243	0.175
sub-111_task-EyeTracking_physio	51	610.809	785.811	175.002	1333.755	811.675	0.180	0.153	0.403	0.856
sub-111_task-EyeTracking_physio	51	835.806	1669.166	833.360	1336.342	765.462	0.109	0.180	0.463	0.974
sub-111_task-EyeTracking_physio	51	1702.500	2077.501	375.001	1271.605	821.280	0.118	0.071	0.387	0.381
sub-111_task-EyeTracking_physio	51	2102.500	2435.851	333.351	1237.322	880.023	0.108	0.035	0.291	0.376
sub-111_task-EyeTracking_physio	51	2685.848	2902.519	216.671	1251.207	973.095	0.174	0.160	0.284	1.623
sub-111_task-EyeTracking_physio	52	-3361.406	-2919.728	441.678	589.710	350.425	0.175	0.075	0.393	0.624
sub-111_task-EyeTracking_physio	52	-2678.068	-2511.383	166.685	1277.615	650.717	0.198	0.179	0.347	1.036
sub-111_task-EyeTracking_physio	52	-2494.717	-1719.711	775.006	1254.675	692.655	0.107	0.062	0.464	0.459
sub-111_task-EyeTracking_physio	52	-1469.705	-1219.687	250.018	1254.588	673.002	0.155	0.094	0.279	0.780
sub-111_task-EyeTracking_physio	52	-661.351	-444.684	216.667	1241.997	838.680	0.154	0.088	0.351	0.613
sub-111_task-EyeTracking_physio	52	-269.675	297.002	566.677	1268.602	713.002	0.184	0.083	0.361	0.762
sub-111_task-EyeTracking_physio	52	313.669	530.341	216.672	1317.472	762.957	0.134	0.069	0.390	0.420
sub-111_task-EyeTracking_physio	52	547.007	838.681	291.674	1391.060	790.785	0.221	0.115	0.439	0.797
sub-111_task-EyeTracking_physio	52	930.351	1113.686	183.335	1452.973	753.210	0.185	0.061	0.175	0.620
sub-111_task-EyeTracking_physio	52	1130.356	1347.027	216.671	1537.227	773.475	0.193	0.091	0.329	0.621
sub-111_task-EyeTracking_physio	52	1363.694	1597.030	233.336	1593.857	757.830	0.146	0.059	0.398	0.422
sub-111_task-EyeTracking_physio	52	1613.696	1797.037	183.341	1603.540	681.710	0.140	0.049	0.314	0.293
sub-111_task-EyeTracking_physio	52	1822.036	2013.714	191.678	1426.670	637.740	0.123	0.029	0.234	0.401
sub-111_task-EyeTracking_physio	52	2030.381	2580.396	550.015	1248.550	593.493	0.138	0.067	0.504	0.501
sub-111_task-EyeTracking_physio	52	2622.062	2963.735	341.673	1590.345	606.790	0.153	0.087	0.435	0.713
sub-111_task-EyeTracking_physio	53	-1040.304	-356.958	683.346	1261.883	736.005	0.109	0.061	0.431	0.576
sub-111_task-EyeTracking_physio	53	-40.289	409.729	450.018	1271.115	712.295	0.158	0.106	0.405	0.834
sub-111_task-EyeTracking_physio	53	426.394	834.736	408.342	1260.660	659.545	0.171	0.111	0.282	0.938
sub-111_task-EyeTracking_physio	53	868.075	1059.742	191.667	1249.970	593.325	0.157	0.067	0.198	0.638
sub-111_task-EyeTracking_physio	53	1076.408	1368.085	291.677	1230.925	545.870	0.138	0.045	0.228	0.470
sub-111_task-EyeTracking_physio	53	1393.084	1559.756	166.672	1269.072	606.757	0.114	0.037	0.177	0.465
sub-111_task-EyeTracking_physio	53	1593.089	1826.420	233.331	1347.940	659.163	0.119	0.044	0.283	0.328
sub-111_task-EyeTracking_physio	53	1843.087	2026.436	183.349	1378.570	711.410	0.151	0.048	0.307	0.486
sub-111_task-EyeTracking_physio	53	2043.102	2243.102	200.000	1390.213	827.733	0.128	0.039	0.323	0.271
sub-111_task-EyeTracking_physio	53	2259.768	2443.109	183.341	1363.798	923.435	0.110	0.035	0.278	0.342
sub-111_task-EyeTracking_physio	53	2459.775	2884.782	425.007	1411.460	939.830	0.099	0.028	0.310	0.310
sub-111_task-EyeTracking_physio	53	2901.449	3009.788	108.339	1388.615	954.640	0.105	0.019	0.216	0.188
sub-111_task-EyeTracking_physio	54	-1969.716	-1844.705	125.011	1117.665	728.620	0.638	3.374	2.391	3.497
sub-111_task-EyeTracking_physio	54	-1261.358	-1053.020	208.338	2415.040	1809.980	0.229	0.158	0.919	0.620
sub-111_task-EyeTracking_physio	54	-686.345	-328.002	358.343	2508.220	1865.300	0.675	0.730	1.845	1.326
sub-111_task-EyeTracking_physio	54	-252.998	-61.329	191.669	1344.360	821.590	0.141	0.078	0.497	0.522
sub-111_task-EyeTracking_physio	54	355.346	672.023	316.677	1357.305	781.848	0.146	0.100	0.458	0.609
sub-111_task-EyeTracking_physio	54	697.023	1205.366	508.343	1398.975	761.840	0.111	0.057	0.309	0.459
sub-111_task-EyeTracking_physio	54	1238.699	1580.371	341.672	1097.850	620.075	0.133	0.063	0.318	0.559
sub-111_task-EyeTracking_physio	54	1605.374	1772.044	166.670	1042.977	636.575	0.150	0.033	0.168	0.317
sub-111_task-EyeTracking_physio	54	1805.378	2180.383	375.005	1049.320	839.075	0.104	0.044	0.307	0.340
sub-111_task-EyeTracking_physio	54	2213.716	2363.721	150.005	1165.428	813.433	0.119	0.024	0.209	0.242
sub-111_task-EyeTracking_physio	54	2380.392	2563.726	183.334	1285.270	765.530	0.097	0.025	0.159	0.224
sub-111_task-EyeTracking_physio	54	2588.726	2747.063	158.337	1360.195	757.025	0.162	0.061	0.416	0.352
sub-111_task-EyeTracking_physio	54	2755.397	3005.401	250.004	1398.843	736.743	0.135	0.037	0.312	0.346
sub-111_task-EyeTracking_physio	55	-1223.736	-848.727	375.009	1247.680	714.095	0.122	0.096	0.351	0.676
sub-111_task-EyeTracking_physio	55	-432.053	284.630	716.683	1270.108	715.883	0.136	0.145	0.708	0.573
sub-111_task-EyeTracking_physio	55	301.297	484.632	183.335	1249.015	742.680	0.125	0.047	0.216	0.395
sub-111_task-EyeTracking_physio	55	509.632	942.979	433.347	1280.215	778.295	0.133	0.056	0.292	0.520
sub-111_task-EyeTracking_physio	55	1142.980	1434.654	291.674	1254.255	793.030	0.125	0.057	0.275	0.537
sub-111_task-EyeTracking_physio	55	1459.657	1709.659	250.002	1045.815	703.297	0.188	0.096	0.381	0.680
sub-111_task-EyeTracking_physio	55	1776.329	1942.998	166.669	968.030	729.192	0.212	0.131	0.291	1.135
sub-111_task-EyeTracking_physio	55	1959.666	2143.009	183.343	1009.435	819.197	0.185	0.057	0.328	0.412
sub-111_task-EyeTracking_physio	55	2159.676	2309.674	149.998	1069.938	852.170	0.198	0.092	0.507	0.382
sub-111_task-EyeTracking_physio	55	2351.341	2818.019	466.678	1517.567	980.620	0.106	0.072	0.376	0.528
sub-111_task-EyeTracking_physio	55	2843.020	3009.686	166.666	1529.755	840.158	0.117	0.034	0.237	0.289
sub-111_task-EyeTracking_physio	56	-1002.523	-769.183	233.340	1230.810	482.125	0.110	0.035	0.312	0.321
sub-111_task-EyeTracking_physio	56	-469.178	-344.175	125.003	1248.635	607.555	0.431	0.327	0.227	2.633
sub-111_task-EyeTracking_physio	56	-44.165	472.513	516.678	1271.428	727.220	0.167	0.160	0.627	1.136
sub-111_task-EyeTracking_physio	56	489.180	705.854	216.674	1261.783	674.967	0.108	0.041	0.317	0.400
sub-111_task-EyeTracking_physio	56	722.520	905.855	183.335	1211.727	664.142	0.151	0.055	0.361	0.366
sub-111_task-EyeTracking_physio	56	922.522	1189.194	266.672	1048.463	694.970	0.115	0.035	0.160	0.445
sub-111_task-EyeTracking_physio	56	1214.193	1697.539	483.346	1004.692	783.090	0.126	0.047	0.333	0.402
sub-111_task-EyeTracking_physio	56	1730.872	2072.548	341.676	1467.320	705.195	0.114	0.047	0.461	0.320
sub-111_task-EyeTracking_physio	56	2089.215	2339.219	250.004	1549.560	716.588	0.157	0.052	0.539	0.287
sub-111_task-EyeTracking_physio	56	2364.219	2605.895	241.676	1578.890	752.095	0.100	0.039	0.205	0.365
sub-111_task-EyeTracking_physio	56	2622.562	2955.903	333.341	1575.548	852.462	0.115	0.047	0.269	0.620
sub-111_task-EyeTracking_physio	57	-2816.075	-2641.075	175.000	2916.020	281.940	0.427	0.412	1.029	1.013
sub-111_task-EyeTracking_physio	57	-2366.059	-2124.386	241.673	2393.120	-66.130	0.385	0.625	1.097	1.417
sub-111_task-EyeTracking_physio	57	-1866.049	-1557.710	308.339	1252.080	645.560	0.263	0.234	0.335	1.960
sub-111_task-EyeTracking_physio	57	-1249.367	-1007.698	241.669	1302.075	649.305	0.173	0.135	0.263	0.939
sub-111_task-EyeTracking_physio	57	-991.031	-416.016	575.015	1254.325	663.055	0.138	0.085	0.539	0.576
sub-111_task-EyeTracking_physio	57	-57.673	509.004	566.677	1270.332	677.115	0.134	0.116	0.379	0.933
sub-111_task-EyeTracking_physio	57	542.337	659.008	116.671	1366.882	593.035	0.152	0.046	0.248	0.340
sub-111_task-EyeTracking_physio	57	684.006	792.343	108.337	1310.160	549.545	0.170	0.042	0.183	0.365
sub-111_task-EyeTracking_physio	57	809.009	959.013	150.004	1436.795	557.807	0.151	0.054	0.307	0.381
sub-111_task-EyeTracking_physio	57	975.680	1225.685	250.005	1332.457	562.107	0.151	0.040	0.343	0.358
sub-111_task-EyeTracking_physio	57	1250.689	1409.025	158.336	1375.305	640.625	0.129	0.048	0.215	0.409
sub-111_task-EyeTracking_physio	57	1434.025	1725.695	291.670	1435.785	699.690	0.129	0.042	0.376	0.398
sub-111_task-EyeTracking_physio	57	1742.363	2175.709	433.346	1437.150	795.777	0.129	0.052	0.322	0.461
sub-111_task-EyeTracking_physio	57	2192.375	2359.045	166.670	1348.787	810.120	0.090	0.024	0.157	0.309
sub-111_task-EyeTracking_physio	57	2392.378	2542.380	150.002	1098.597	781.970	0.114	0.033	0.182	0.312
sub-111_task-EyeTracking_physio	57	2575.718	2775.721	200.003	987.882	676.402	0.156	0.053	0.313	0.304
sub-111_task-EyeTracking_physio	57	2800.721	2975.727	175.006	923.910	633.290	0.133	0.045	0.301	0.319
sub-111_task-EyeTracking_physio	58	-895.096	-620.087	275.009	1252.350	718.925	0.099	0.042	0.235	0.595
sub-111_task-EyeTracking_physio	58	-311.748	296.596	608.344	1270.990	732.035	0.132	0.093	0.409	0.630
sub-111_task-EyeTracking_physio	58	313.267	504.937	191.670	1285.190	753.565	0.143	0.045	0.232	0.390
sub-111_task-EyeTracking_physio	58	529.937	704.942	175.005	1211.955	695.685	0.117	0.113	0.242	0.861
sub-111_task-EyeTracking_physio	58	721.610	1329.954	608.344	1178.275	651.020	0.119	0.070	0.311	0.591
sub-111_task-EyeTracking_physio	58	1363.291	1496.627	133.336	1251.588	666.320	0.105	0.037	0.179	0.371
sub-111_task-EyeTracking_physio	58	1521.627	1829.965	308.338	1313.705	657.350	0.110	0.040	0.221	0.384
sub-111_task-EyeTracking_physio	58	1846.632	2021.640	175.008	1354.985	705.530	0.135	0.032	0.325	0.206
sub-111_task-EyeTracking_physio	58	2054.972	2296.644	241.672	1384.365	730.295	0.097	0.030	0.264	0.249
sub-111_task-EyeTracking_physio	58	2321.644	2579.986	258.342	1433.325	739.575	0.115	0.038	0.218	0.423
sub-111_task-EyeTracking_physio	58	2613.319	3004.995	391.676	1497.175	746.480	0.103	0.047	0.265	0.417
sub-111_task-EyeTracking_physio	59	-2291.568	-2074.896	216.672	513.575	350.393	0.197	0.097	0.419	0.575
sub-111_task-EyeTracking_physio	59	-1883.223	-1549.880	333.343	2596.060	47.495	0.733	10.343	6.086	3.715
sub-111_task-EyeTracking_physio	59	-1341.543	-1199.874	141.669	1238.930	741.275	0.611	0.521	0.425	4.079
sub-111_task-EyeTracking_physio	59	-974.868	-641.529	333.339	1270.575	706.260	0.148	0.136	0.349	0.916
sub-111_task-EyeTracking_physio	59	-308.187	-133.183	175.004	1285.565	714.700	0.144	0.067	0.164	0.771
sub-111_task-EyeTracking_physio	59	-124.850	300.161	425.011	1263.500	716.565	0.097	0.039	0.380	0.354
sub-111_task-EyeTracking_physio	59	316.828	575.168	258.340	1243.185	686.825	0.091	0.050	0.242	0.535
sub-111_task-EyeTracking_physio	59	616.834	933.508	316.674	1581.233	674.880	0.151	0.052	0.325	0.551
sub-111_task-EyeTracking_physio	59	966.843	1308.514	341.671	1468.860	504.750	0.169	0.060	0.293	0.665
sub-111_task-EyeTracking_physio	59	1325.181	1666.857	341.676	1477.275	541.335	0.116	0.032	0.218	0.365
sub-111_task-EyeTracking_physio	59	1700.190	1883.530	183.340	1404.190	561.567	0.090	0.019	0.269	0.216
sub-111_task-EyeTracking_physio	59	1925.197	2150.205	225.008	1287.665	556.155	0.105	0.028	0.190	0.278
sub-111_task-EyeTracking_physio	59	2166.872	2350.205	183.333	1201.995	545.735	0.142	0.065	0.299	0.534
sub-111_task-EyeTracking_physio	59	2366.872	2750.215	383.343	1143.055	559.128	0.137	0.061	0.476	0.491
sub-111_task-EyeTracking_physio	59	2766.881	3008.552	241.671	1055.295	547.810	0.110	0.028	0.270	0.296
sub-111_task-EyeTracking_physio	60	-1621.458	-1429.782	191.676	1262.985	689.675	0.181	0.119	0.370	0.893
sub-111_task-EyeTracking_physio	60	-1196.443	-1071.439	125.004	1299.830	746.240	0.191	0.123	0.285	0.848
sub-111_task-EyeTracking_physio	60	-1054.773	228.587	1283.360	1271.832	717.120	0.128	0.051	0.433	0.514
sub-111_task-EyeTracking_physio	60	245.255	420.261	175.006	1205.735	709.120	0.131	0.036	0.235	0.387
sub-111_task-EyeTracking_physio	60	445.261	636.934	191.673	1110.415	732.790	0.144	0.052	0.220	0.418
sub-111_task-EyeTracking_physio	60	645.267	1045.275	400.008	1048.483	798.125	0.208	0.400	0.714	1.597
sub-111_task-EyeTracking_physio	60	1061.941	1361.946	300.005	1006.535	793.540	0.076	0.026	0.245	0.246
sub-111_task-EyeTracking_physio	60	1378.613	1645.285	266.672	1058.997	729.565	0.090	0.048	0.340	0.365
sub-111_task-EyeTracking_physio	60	1678.625	1878.626	200.001	1364.308	583.800	0.119	0.045	0.246	0.316
sub-111_task-EyeTracking_physio	60	1903.625	2061.967	158.342	1462.490	602.095	0.153	0.038	0.302	0.256
sub-111_task-EyeTracking_physio	60	2086.967	2245.302	158.335	1536.815	654.560	0.145	0.037	0.275	0.270
sub-111_task-EyeTracking_physio	60	2261.968	2478.642	216.674	1597.820	781.523	0.102	0.036	0.274	0.360
sub-111_task-EyeTracking_physio	60	2528.641	2870.321	341.680	1591.720	874.225	0.086	0.028	0.290	0.264
sub-111_task-EyeTracking_physio	60	2878.653	3003.655	125.002	1579.720	883.490	0.099	0.028	0.309	0.201
sub-111_task-EyeTracking_physio	61	-2509.512	-2334.510	175.002	541.575	260.155	0.207	0.103	0.391	0.736
sub-111_task-EyeTracking_physio	61	-2184.502	-2042.833	141.669	692.555	127.290	0.219	0.099	0.354	0.793
sub-111_task-EyeTracking_physio	61	-826.141	-659.470	166.671	1245.295	756.225	0.152	0.078	0.358	0.495
sub-111_task-EyeTracking_physio	61	-417.795	265.553	683.348	1262.175	684.928	0.141	0.084	0.334	0.983
sub-111_task-EyeTracking_physio	61	282.219	515.557	233.338	1296.398	705.790	0.148	0.071	0.369	0.408
sub-111_task-EyeTracking_physio	61	540.557	698.897	158.340	1390.590	663.375	0.161	0.055	0.232	0.431
sub-111_task-EyeTracking_physio	61	715.564	932.233	216.669	1515.270	642.020	0.133	0.107	0.414	0.650
sub-111_task-EyeTracking_physio	61	957.239	1123.906	166.667	1528.450	571.125	0.077	0.015	0.150	0.187
sub-111_task-EyeTracking_physio	61	1140.574	1398.910	258.336	1385.425	494.090	0.137	0.039	0.316	0.285
sub-111_task-EyeTracking_physio	61	1423.910	1598.911	175.001	1205.930	499.230	0.185	0.061	0.390	0.404
sub-111_task-EyeTracking_physio	61	1623.915	1807.253	183.338	1025.025	529.985	0.171	0.071	0.494	0.377
sub-111_task-EyeTracking_physio	61	1832.252	1932.255	100.003	969.190	665.030	0.129	0.038	0.273	0.299
sub-111_task-EyeTracking_physio	61	1957.254	2232.261	275.007	1016.570	881.885	0.122	0.027	0.185	0.467
sub-111_task-EyeTracking_physio	61	2248.927	2432.268	183.341	1093.168	902.142	0.071	0.011	0.182	0.156
sub-111_task-EyeTracking_physio	61	2457.268	2632.271	175.003	1176.420	893.825	0.118	0.020	0.226	0.213
sub-111_task-EyeTracking_physio	61	2673.943	3007.280	333.337	1645.580	627.778	0.112	0.037	0.402	0.315
sub-111_task-EyeTracking_physio	62	-1672.162	-1447.155	225.007	433.145	330.450	0.227	0.123	0.426	0.661
sub-111_task-EyeTracking_physio	62	-1013.813	-655.470	358.343	2320.950	35.685	0.321	0.202	1.276	0.607
sub-111_task-EyeTracking_physio	62	-430.463	-297.127	133.336	1308.468	662.578	0.300	0.235	0.369	1.916
sub-111_task-EyeTracking_physio	62	-263.795	444.554	708.349	1262.295	703.910	0.108	0.041	0.276	0.415
sub-111_task-EyeTracking_physio	62	461.226	602.895	141.669	1314.105	736.460	0.096	0.029	0.271	0.201
sub-111_task-EyeTracking_physio	62	627.895	836.229	208.334	1408.215	792.605	0.123	0.061	0.286	0.428
sub-111_task-EyeTracking_physio	62	852.901	1086.235	233.334	1501.160	778.598	0.114	0.041	0.384	0.246
sub-111_task-EyeTracking_physio	62	1102.903	1352.906	250.003	1520.793	713.065	0.110	0.028	0.141	0.364
sub-111_task-EyeTracking_physio	62	1369.579	1569.583	200.004	1462.307	623.550	0.141	0.055	0.255	0.447
sub-111_task-EyeTracking_physio	62	1594.582	1802.920	208.338	1336.080	550.900	0.151	0.028	0.185	0.277
sub-111_task-EyeTracking_physio	62	1819.585	2177.930	358.345	1250.275	540.465	0.168	0.055	0.448	0.391
sub-111_task-EyeTracking_physio	62	2411.264	2652.937	241.673	1182.055	625.460	0.196	0.125	0.283	0.817
sub-111_task-EyeTracking_physio	62	2677.940	2819.612	141.672	1129.100	739.810	0.123	0.037	0.242	0.258
sub-111_task-EyeTracking_physio	62	2852.945	3002.947	150.002	1030.247	927.650	0.120	0.070	0.210	0.634
sub-111_task-EyeTracking_physio	63	-1125.906	-975.902	150.004	1100.535	814.558	0.187	0.110	0.272	0.955
sub-111_task-EyeTracking_physio	63	-684.229	-234.217	450.012	1231.107	735.730	0.103	0.049	0.266	0.644
sub-111_task-EyeTracking_physio	63	-209.217	224.123	433.340	1258.205	720.062	0.102	0.047	0.363	0.338
sub-111_task-EyeTracking_physio	63	249.125	449.128	200.003	1216.620	792.505	0.089	0.031	0.239	0.281
sub-111_task-EyeTracking_physio	63	474.129	882.474	408.345	1170.660	895.890	0.115	0.161	0.519	0.919
sub-111_task-EyeTracking_physio	63	899.141	1065.811	166.670	1086.530	834.835	0.109	0.064	0.193	0.486
sub-111_task-EyeTracking_physio	63	1099.142	1674.155	575.013	1010.585	830.325	0.081	0.042	0.262	0.452
sub-111_task-EyeTracking_physio	63	1699.154	1882.496	183.342	1251.832	904.140	0.347	0.941	0.955	1.903
sub-111_task-EyeTracking_physio	63	1899.163	2082.499	183.336	1337.112	860.123	0.193	0.088	0.298	0.890
sub-111_task-EyeTracking_physio	63	2107.502	2699.177	591.675	1427.035	873.050	0.114	0.035	0.404	0.312
sub-111_task-EyeTracking_physio	63	2715.844	2982.519	266.675	1492.850	855.612	0.107	0.028	0.422	0.215
sub-111_task-EyeTracking_physio	64	-1071.502	-879.827	191.675	483.835	165.355	0.288	0.173	0.383	1.130
sub-111_task-EyeTracking_physio	64	-596.486	-413.151	183.335	1238.155	717.138	0.139	0.072	0.220	0.496
sub-111_task-EyeTracking_physio	64	-388.152	28.528	416.680	1269.990	711.003	0.097	0.035	0.322	0.331
sub-111_task-EyeTracking_physio	64	45.194	253.529	208.335	1254.450	699.690	0.122	0.059	0.328	0.349
sub-111_task-EyeTracking_physio	64	278.534	578.537	300.003	1178.780	757.607	0.210	0.164	0.409	1.187
sub-111_task-EyeTracking_physio	64	586.870	745.206	158.336	1177.470	842.725	0.357	1.291	0.699	3.200
sub-111_task-EyeTracking_physio	64	753.540	1120.217	366.677	1148.848	819.855	0.089	0.045	0.281	0.344
sub-111_task-EyeTracking_physio	64	1136.883	1336.888	200.005	1119.630	859.987	0.123	0.040	0.222	0.375
sub-111_task-EyeTracking_physio	64	1345.221	1678.559	333.338	1106.455	880.815	0.087	0.023	0.213	0.270
sub-111_task-EyeTracking_physio	64	1703.559	1945.236	241.677	1138.740	791.660	0.132	0.032	0.205	0.321
sub-111_task-EyeTracking_physio	64	1961.901	2211.906	250.005	1218.550	804.335	0.123	0.033	0.264	0.239
sub-111_task-EyeTracking_physio	64	2236.906	2428.578	191.672	1240.470	806.435	0.106	0.025	0.212	0.225
sub-111_task-EyeTracking_physio	64	2445.245	2678.586	233.341	1306.185	783.903	0.111	0.026	0.186	0.281
sub-111_task-EyeTracking_physio	64	2703.584	2886.919	183.335	1366.180	773.330	0.122	0.028	0.286	0.226
sub-111_task-EyeTracking_physio	65	-4194.518	-3952.848	241.670	918.050	244.835	0.143	0.070	0.301	0.484
sub-111_task-EyeTracking_physio	65	-3661.165	-3436.167	224.998	1182.785	492.965	0.179	0.103	0.318	0.899
sub-111_task-EyeTracking_physio	65	-3402.834	-2927.823	475.011	1606.925	393.090	0.190	0.105	0.367	0.860
sub-111_task-EyeTracking_physio	65	-2177.807	-1952.802	225.005	1281.765	807.680	0.183	0.204	0.284	1.690
sub-111_task-EyeTracking_physio	65	-1944.467	-1402.791	541.676	1265.915	770.620	0.186	0.098	0.483	0.564
sub-111_task-EyeTracking_physio	65	-1386.124	-1161.116	225.008	1279.935	712.860	0.161	0.052	0.322	0.386
sub-111_task-EyeTracking_physio	65	-902.777	-594.438	308.339	1254.595	714.595	0.139	0.086	0.323	0.578
sub-111_task-EyeTracking_physio	65	-111.091	30.577	141.668	1253.125	723.725	0.165	0.107	0.448	0.380
sub-111_task-EyeTracking_physio	65	38.910	255.586	216.676	1257.957	706.287	0.116	0.038	0.254	0.290
sub-111_task-EyeTracking_physio	65	272.252	505.591	233.339	1274.140	645.165	0.104	0.043	0.257	0.403
sub-111_task-EyeTracking_physio	65	522.258	672.261	150.003	1243.202	622.585	0.159	0.091	0.373	0.368
sub-111_task-EyeTracking_physio	65	688.927	838.930	150.003	1319.085	590.872	0.116	0.024	0.229	0.281
sub-111_task-EyeTracking_physio	65	872.268	1163.939	291.671	1352.125	592.295	0.090	0.028	0.269	0.247
sub-111_task-EyeTracking_physio	65	1188.939	1597.283	408.344	1414.705	642.835	0.106	0.050	0.327	0.486
sub-111_task-EyeTracking_physio	65	1613.949	1905.626	291.677	1428.395	592.185	0.140	0.092	0.387	0.486
sub-111_task-EyeTracking_physio	65	1922.292	2338.969	416.677	1419.700	561.952	0.155	0.048	0.281	0.471
sub-111_task-EyeTracking_physio	65	2355.635	2747.313	391.678	1429.450	491.505	0.163	0.054	0.316	0.477
sub-111_task-EyeTracking_physio	66	-656.782	-506.779	150.003	1268.358	785.385	0.195	0.138	0.406	0.712
sub-111_task-EyeTracking_physio	66	-490.113	368.240	858.353	1252.265	693.390	0.144	0.055	0.324	0.462
sub-111_task-EyeTracking_physio	66	393.240	543.245	150.005	1221.628	747.612	0.117	0.043	0.208	0.376
sub-111_task-EyeTracking_physio	66	559.912	859.916	300.004	1227.790	824.362	0.130	0.066	0.292	0.504
sub-111_task-EyeTracking_physio	66	876.588	1184.926	308.338	1265.375	853.825	0.102	0.024	0.185	0.373
sub-111_task-EyeTracking_physio	66	1201.592	1393.266	191.674	1318.810	845.285	0.113	0.032	0.273	0.243
sub-111_task-EyeTracking_physio	66	1409.933	1968.279	558.346	1363.355	852.480	0.134	0.048	0.435	0.411
sub-111_task-EyeTracking_physio	66	1993.278	2693.289	700.011	1204.560	893.632	0.325	3.579	1.917	3.391
sub-111_task-EyeTracking_physio	66	2709.960	2951.628	241.668	1177.435	844.555	0.101	0.038	0.191	0.409
sub-111_task-EyeTracking_physio	67	-1427.799	-1302.794	125.005	1299.810	563.120	0.309	0.139	0.320	1.144
sub-111_task-EyeTracking_physio	67	-1294.461	-936.123	358.338	1266.280	679.670	0.206	0.084	0.485	0.807
sub-111_task-EyeTracking_physio	67	-669.446	-361.109	308.337	1253.140	657.980	0.175	0.156	0.385	1.189
sub-111_task-EyeTracking_physio	67	-52.771	488.907	541.678	1265.655	689.745	0.147	0.112	0.386	0.902
sub-111_task-EyeTracking_physio	67	538.906	763.911	225.005	917.645	566.535	0.153	0.050	0.215	0.574
sub-111_task-EyeTracking_physio	67	780.583	947.248	166.665	997.390	594.472	0.149	0.049	0.228	0.363
sub-111_task-EyeTracking_physio	67	963.914	1163.925	200.011	1049.682	592.695	0.150	0.064	0.284	0.523
sub-111_task-EyeTracking_physio	67	1180.591	2063.937	883.346	1023.115	565.273	0.127	0.056	0.310	0.485
sub-111_task-EyeTracking_physio	67	2080.605	2263.943	183.338	1088.040	552.898	0.124	0.029	0.213	0.439
sub-111_task-EyeTracking_physio	67	2297.276	2563.947	266.671	1424.090	605.672	0.119	0.028	0.247	0.224
sub-111_task-EyeTracking_physio	67	2580.612	2847.288	266.676	1547.652	710.455	0.165	0.059	0.423	0.411
sub-111_task-EyeTracking_physio	67	2880.625	3005.633	125.008	1678.655	822.770	0.095	0.033	0.194	0.308
sub-111_task-EyeTracking_physio	68	-555.962	-447.626	108.336	1184.705	613.050	0.324	0.332	0.301	1.931
sub-111_task-EyeTracking_physio	68	-155.953	194.056	350.009	1296.620	722.495	0.114	0.063	0.243	0.606
sub-111_task-EyeTracking_physio	68	210.724	427.396	216.672	1221.438	689.688	0.135	0.047	0.329	0.303
sub-111_task-EyeTracking_physio	68	460.729	652.397	191.668	1138.915	707.605	0.110	0.048	0.351	0.268
sub-111_task-EyeTracking_physio	68	677.396	952.406	275.010	1047.105	744.115	0.100	0.024	0.221	0.248
sub-111_task-EyeTracking_physio	68	977.407	1210.744	233.337	971.740	717.692	0.098	0.020	0.197	0.231
sub-111_task-EyeTracking_physio	68	1235.745	1477.417	241.672	933.470	650.800	0.120	0.046	0.278	0.382
sub-111_task-EyeTracking_physio	68	1494.084	2752.444	1258.360	923.855	595.600	0.146	0.051	0.405	0.585
sub-111_task-EyeTracking_physio	69	-792.939	-609.598	183.341	1340.820	532.783	0.187	0.115	0.302	0.808
sub-111_task-EyeTracking_physio	69	-567.932	-376.259	191.673	1744.110	540.355	0.164	0.060	0.419	0.450
sub-111_task-EyeTracking_physio	69	-34.587	223.750	258.337	1255.575	668.975	0.134	0.071	0.219	0.777
sub-111_task-EyeTracking_physio	69	240.417	415.426	175.009	1154.680	685.225	0.119	0.038	0.283	0.292
sub-111_task-EyeTracking_physio	69	440.427	648.760	208.333	1075.990	711.070	0.101	0.040	0.242	0.373
sub-111_task-EyeTracking_physio	69	665.433	865.432	199.999	1055.648	806.442	0.149	0.039	0.309	0.398
sub-111_task-EyeTracking_physio	69	882.098	1065.442	183.344	1091.115	910.838	0.121	0.037	0.304	0.308
sub-111_task-EyeTracking_physio	69	1090.439	1440.447	350.008	1132.585	935.035	0.089	0.026	0.252	0.243
sub-111_task-EyeTracking_physio	69	1457.118	2348.802	891.684	1117.815	918.420	0.092	0.018	0.222	0.285
sub-111_task-EyeTracking_physio	69	2365.469	2648.811	283.342	1114.513	885.415	0.080	0.017	0.180	0.257
sub-111_task-EyeTracking_physio	69	2673.811	2915.485	241.674	1124.265	812.870	0.097	0.025	0.188	0.324
sub-111_task-EyeTracking_physio	70	-2998.252	-2814.909	183.343	1315.795	295.298	0.471	0.228	0.290	2.073
sub-111_task-EyeTracking_physio	70	-2614.906	-2414.896	200.010	1338.977	272.630	0.506	0.221	0.224	1.955
sub-111_task-EyeTracking_physio	70	-2389.896	-2173.226	216.670	1578.257	298.715	0.309	0.135	0.513	0.703
sub-111_task-EyeTracking_physio	70	-1823.222	-1231.537	591.685	1438.545	439.855	0.150	0.099	0.315	0.994
sub-111_task-EyeTracking_physio	70	-1023.206	-364.855	658.351	1320.000	494.970	0.158	0.099	0.351	1.049
sub-111_task-EyeTracking_physio	70	-64.843	260.161	325.004	1273.450	716.400	0.151	0.236	0.666	0.890
sub-111_task-EyeTracking_physio	70	293.493	476.831	183.338	1298.460	733.462	0.083	0.014	0.163	0.224
sub-111_task-EyeTracking_physio	70	501.830	885.175	383.345	1372.447	745.320	0.084	0.044	0.351	0.342
sub-111_task-EyeTracking_physio	70	910.174	1076.842	166.668	1456.703	745.237	0.125	0.044	0.279	0.253
sub-111_task-EyeTracking_physio	70	1093.513	1576.857	483.344	1519.332	782.105	0.146	0.058	0.392	0.516
sub-111_task-EyeTracking_physio	70	1601.856	1760.194	158.338	1410.180	727.260	0.103	0.032	0.260	0.216
sub-111_task-EyeTracking_physio	70	1785.195	2043.536	258.341	1301.680	707.310	0.135	0.040	0.398	0.250
sub-111_task-EyeTracking_physio	70	2060.201	2576.879	516.678	1234.505	732.722	0.122	0.041	0.270	0.423
sub-111_task-EyeTracking_physio	70	2593.545	2851.885	258.340	1285.080	752.660	0.130	0.040	0.379	0.274
sub-111_task-EyeTracking_physio	70	2885.218	3010.222	125.004	1325.930	716.720	0.112	0.022	0.159	0.211
sub-111_task-EyeTracking_physio	71	-2377.654	-2244.324	133.330	1319.535	1033.000	3.398	67.372	5.596	14.337
sub-111_task-EyeTracking_physio	71	-1910.980	-1785.973	125.007	1220.030	706.190	0.277	0.161	0.201	1.397
sub-111_task-EyeTracking_physio	71	-819.279	-260.935	558.344	1243.255	603.275	0.165	0.138	0.396	1.218
sub-111_task-EyeTracking_physio	71	-35.927	322.414	358.341	1279.325	626.805	0.150	0.093	0.324	0.704
sub-111_task-EyeTracking_physio	71	347.415	564.084	216.669	1293.412	681.670	0.085	0.024	0.187	0.239
sub-111_task-EyeTracking_physio	71	580.751	822.424	241.673	1298.515	710.090	0.124	0.040	0.270	0.344
sub-111_task-EyeTracking_physio	71	839.091	1080.764	241.673	1332.195	791.625	0.149	0.056	0.374	0.431
sub-111_task-EyeTracking_physio	71	1097.431	1439.108	341.677	1303.060	816.170	0.106	0.046	0.326	0.374
sub-111_task-EyeTracking_physio	71	1464.108	1630.777	166.669	1237.465	679.680	0.148	0.055	0.340	0.406
sub-111_task-EyeTracking_physio	71	1655.783	2005.785	350.002	1153.628	619.150	0.141	0.032	0.205	0.402
sub-111_task-EyeTracking_physio	71	2014.118	2647.468	633.350	1164.865	630.660	0.124	0.036	0.282	0.369
sub-111_task-EyeTracking_physio	71	2672.468	2822.474	150.006	1328.592	582.523	0.099	0.033	0.173	0.323
sub-111_task-EyeTracking_physio	71	2847.473	3005.812	158.339	1459.360	591.835	0.255	0.095	0.554	0.482
sub-111_task-EyeTracking_physio	72	-9429.742	-9304.739	125.003	1265.315	577.020	0.261	0.139	0.259	1.247
sub-111_task-EyeTracking_physio	72	-9154.739	-8929.730	225.009	1443.310	90.050	0.138	0.046	0.253	0.395
sub-111_task-EyeTracking_physio	72	-8846.393	-8629.727	216.666	2487.812	-24.503	0.303	0.148	0.835	0.480
sub-111_task-EyeTracking_physio	72	-7496.368	-7379.699	116.669	1301.210	690.320	0.207	0.093	0.162	0.988
sub-111_task-EyeTracking_physio	72	-7371.366	-7079.694	291.672	1266.620	700.730	0.174	0.073	0.519	0.380
sub-111_task-EyeTracking_physio	72	-6771.350	-6154.673	616.677	1276.490	715.075	0.157	0.104	0.399	1.034
sub-111_task-EyeTracking_physio	72	-5854.662	-5712.991	141.671	1259.330	685.660	0.256	0.146	0.331	1.200
sub-111_task-EyeTracking_physio	72	-5379.654	-5012.978	366.676	1261.195	683.545	0.201	0.141	0.432	1.142
sub-111_task-EyeTracking_physio	72	-4954.645	-4496.299	458.346	598.170	684.420	0.153	0.076	0.688	0.484
sub-111_task-EyeTracking_physio	72	-4021.287	-3862.952	158.335	1253.350	721.510	0.167	0.067	0.373	0.432
sub-111_task-EyeTracking_physio	72	-3379.610	-3146.269	233.341	1201.660	727.975	0.336	0.589	1.296	0.986
sub-111_task-EyeTracking_physio	72	-3129.603	-2971.264	158.339	1248.540	707.580	0.149	0.064	0.375	0.433
sub-111_task-EyeTracking_physio	72	-2571.254	-2246.249	325.005	2282.540	-59.140	0.564	1.837	5.611	2.232
sub-111_task-EyeTracking_physio	72	-1979.576	-1562.901	416.675	1280.140	454.345	0.165	0.069	0.296	0.566
sub-111_task-EyeTracking_physio	72	-1546.234	-1429.564	116.670	1190.210	535.820	0.307	0.173	0.682	0.507
sub-111_task-EyeTracking_physio	72	-237.871	-62.859	175.012	1308.675	760.020	0.157	0.116	0.438	0.907
sub-111_task-EyeTracking_physio	72	53.811	237.147	183.336	362.488	598.785	0.165	0.050	0.289	0.439
sub-111_task-EyeTracking_physio	72	270.479	670.490	400.011	1158.355	647.620	0.158	0.075	0.564	0.393
sub-111_task-EyeTracking_physio	72	712.160	987.163	275.003	1253.440	636.820	0.100	0.019	0.172	0.248
sub-111_task-EyeTracking_physio	72	1020.497	1253.838	233.341	1258.013	384.442	0.280	0.174	0.407	1.120
sub-111_task-EyeTracking_physio	72	1270.505	1653.846	383.341	1314.588	472.977	0.190	0.055	0.341	0.535
sub-111_task-EyeTracking_physio	72	1687.179	1903.852	216.673	1635.183	593.725	0.106	0.058	0.355	0.383
sub-111_task-EyeTracking_physio	72	1945.517	2170.525	225.008	1652.940	641.395	0.100	0.017	0.209	0.254
sub-111_task-EyeTracking_physio	72	2212.192	2337.195	125.003	1291.035	807.480	0.194	0.065	0.453	0.288
sub-111_task-EyeTracking_physio	72	2362.195	2678.871	316.676	1012.345	857.490	0.101	0.022	0.359	0.193
sub-111_task-EyeTracking_physio	73	-4527.959	-4352.957	175.002	1858.430	42.240	0.276	0.284	0.618	0.798
sub-111_task-EyeTracking_physio	73	-3861.276	-3744.608	116.668	1259.438	805.872	0.756	1.024	0.553	5.675
sub-111_task-EyeTracking_physio	73	-3169.595	-2919.589	250.006	1270.697	764.507	0.204	0.187	0.341	1.393
sub-111_task-EyeTracking_physio	73	-2902.923	-2669.582	233.341	1263.543	699.303	0.140	0.065	0.315	0.483
sub-111_task-EyeTracking_physio	73	-2461.244	-2202.902	258.342	1264.075	701.895	0.219	0.207	0.388	1.374
sub-111_task-EyeTracking_physio	73	-1819.562	-1594.559	225.003	225.245	786.605	0.207	0.139	0.639	0.936
sub-111_task-EyeTracking_physio	73	-1244.549	-1052.872	191.677	1250.590	747.285	0.275	0.144	0.861	0.558
sub-111_task-EyeTracking_physio	73	-369.527	272.153	641.680	1262.450	700.215	0.117	0.076	0.378	0.554
sub-111_task-EyeTracking_physio	73	297.154	547.162	250.008	1283.528	650.315	0.115	0.032	0.222	0.450
sub-111_task-EyeTracking_physio	73	747.164	988.838	241.674	1604.610	822.745	0.167	0.182	0.485	0.877
sub-111_task-EyeTracking_physio	73	1005.504	1213.843	208.339	1576.565	891.530	0.127	0.070	0.253	0.465
sub-111_task-EyeTracking_physio	73	1238.842	1530.515	291.673	1257.190	953.790	0.096	0.058	0.233	0.548
sub-111_task-EyeTracking_physio	73	1563.853	1913.857	350.004	1199.690	514.158	0.130	0.053	0.269	0.488
sub-111_task-EyeTracking_physio	73	1930.523	2105.531	175.008	1111.075	571.940	0.123	0.051	0.270	0.417
sub-111_task-EyeTracking_physio	73	2122.198	2297.200	175.002	1056.015	633.475	0.135	0.027	0.249	0.250
sub-111_task-EyeTracking_physio	73	2322.199	2538.874	216.675	1051.602	747.723	0.147	0.053	0.291	0.526
sub-111_task-EyeTracking_physio	73	2555.539	2938.884	383.345	1062.238	715.970	0.084	0.029	0.287	0.257
sub-111_task-EyeTracking_physio	74	-999.093	-874.097	124.996	1991.240	1754.950	0.510	0.712	1.105	1.004
sub-111_task-EyeTracking_physio	74	-840.763	-615.749	225.014	1918.160	1483.330	0.220	0.136	0.549	0.560
sub-111_task-EyeTracking_physio	74	-382.409	-190.743	191.666	1231.380	695.470	0.173	0.139	0.400	0.845
sub-111_task-EyeTracking_physio	74	-182.410	300.936	483.346	1258.878	702.240	0.131	0.055	0.384	0.370
sub-111_task-EyeTracking_physio	74	317.602	500.941	183.339	1209.812	774.245	0.143	0.057	0.410	0.288
sub-111_task-EyeTracking_physio	74	525.945	792.617	266.672	1271.710	805.145	0.117	0.032	0.249	0.344
sub-111_task-EyeTracking_physio	74	817.617	1017.623	200.006	1172.798	827.418	0.112	0.031	0.258	0.209
sub-111_task-EyeTracking_physio	74	1034.289	1492.633	458.344	1136.670	804.475	0.114	0.048	0.479	0.325
sub-111_task-EyeTracking_physio	74	1517.633	1750.971	233.338	1293.428	868.180	0.084	0.022	0.233	0.206
sub-111_task-EyeTracking_physio	74	1767.638	2142.650	375.012	1324.050	852.750	0.097	0.022	0.316	0.155
sub-111_task-EyeTracking_physio	74	2167.650	2592.657	425.007	1359.350	841.205	0.123	0.050	0.568	0.324
sub-111_task-EyeTracking_physio	74	2617.657	3009.335	391.678	1308.675	862.905	0.083	0.024	0.320	0.233
sub-111_task-EyeTracking_physio	75	-1295.034	-1028.360	266.674	1275.358	550.862	0.195	0.143	0.366	1.045
sub-111_task-EyeTracking_physio	75	-770.021	-636.685	133.336	1270.747	649.560	0.249	0.248	0.332	1.345
sub-111_task-EyeTracking_physio	75	-611.684	-378.345	233.339	1251.475	692.017	0.111	0.020	0.167	0.212
sub-111_task-EyeTracking_physio	75	-86.674	255.001	341.675	1262.095	711.940	0.135	0.079	0.263	0.649
sub-111_task-EyeTracking_physio	75	271.668	455.006	183.338	1225.555	773.453	0.108	0.030	0.272	0.192
sub-111_task-EyeTracking_physio	75	471.673	638.346	166.673	1186.880	810.400	0.101	0.031	0.290	0.278
sub-111_task-EyeTracking_physio	75	671.679	955.018	283.339	1414.378	556.815	0.176	0.036	0.179	0.546
sub-111_task-EyeTracking_physio	75	971.684	1430.033	458.349	1439.205	564.670	0.157	0.058	0.333	0.591
sub-111_task-EyeTracking_physio	75	1480.032	1663.370	183.338	1388.100	633.418	0.264	0.159	0.381	1.125
sub-111_task-EyeTracking_physio	75	1688.370	1888.372	200.002	1156.997	605.825	0.115	0.026	0.296	0.201
sub-111_task-EyeTracking_physio	75	1905.038	2813.392	908.354	1082.580	627.370	0.109	0.041	0.400	0.438
sub-111_task-EyeTracking_physio	75	2838.398	3005.066	166.668	1171.105	626.062	0.125	0.033	0.204	0.377
sub-111_task-EyeTracking_physio	76	-2708.219	-2591.551	116.668	1320.557	614.352	0.608	1.931	1.263	3.185
sub-111_task-EyeTracking_physio	76	-2516.552	-2299.878	216.674	2442.858	669.410	0.190	0.056	0.614	0.226
sub-111_task-EyeTracking_physio	76	-2066.537	-1899.869	166.668	1348.735	489.150	0.302	0.191	0.234	1.575
sub-111_task-EyeTracking_physio	76	-1674.862	-1433.187	241.675	1328.820	467.035	0.211	0.140	0.364	1.272
sub-111_task-EyeTracking_physio	76	-1208.188	-1074.852	133.336	1316.460	548.995	0.352	0.162	0.184	2.028
sub-111_task-EyeTracking_physio	76	-1058.185	-499.835	558.350	1270.610	680.525	0.137	0.060	0.525	0.463
sub-111_task-EyeTracking_physio	76	-208.164	241.845	450.009	1272.235	707.392	0.142	0.071	0.316	0.822
sub-111_task-EyeTracking_physio	76	258.511	425.185	166.674	1307.168	662.090	0.126	0.031	0.215	0.252
sub-111_task-EyeTracking_physio	76	441.851	616.854	175.003	1370.890	636.360	0.133	0.061	0.401	0.381
sub-111_task-EyeTracking_physio	76	641.853	1050.197	408.344	1416.950	630.555	0.122	0.036	0.209	0.386
sub-111_task-EyeTracking_physio	76	1291.869	1675.212	383.343	1311.955	813.783	0.124	0.071	0.449	0.459
sub-111_task-EyeTracking_physio	76	1708.544	2083.557	375.013	1391.010	601.145	0.106	0.039	0.242	0.422
sub-111_task-EyeTracking_physio	76	2216.891	2400.230	183.339	1133.117	885.217	0.128	0.034	0.173	0.461
sub-111_task-EyeTracking_physio	76	2416.896	2658.570	241.674	1056.005	880.255	0.103	0.026	0.290	0.238
sub-111_task-EyeTracking_physio	76	2708.570	3008.575	300.005	1401.447	623.380	0.102	0.034	0.257	0.301
sub-111_task-EyeTracking_physio	77	-1178.833	-1037.161	141.672	1275.255	672.840	0.508	0.387	0.292	2.504
sub-111_task-EyeTracking_physio	77	-320.479	-53.807	266.672	1297.273	686.820	0.165	0.089	0.299	0.773
sub-111_task-EyeTracking_physio	77	154.534	512.876	358.342	1279.875	689.840	0.155	0.067	0.343	0.605
sub-111_task-EyeTracking_physio	77	537.876	1204.559	666.683	1293.815	598.497	0.115	0.074	0.502	0.479
sub-111_task-EyeTracking_physio	77	1487.896	1737.903	250.007	1024.260	763.420	0.114	0.031	0.241	0.294
sub-111_task-EyeTracking_physio	77	1754.569	1962.908	208.339	1003.480	741.070	0.100	0.025	0.217	0.250
sub-111_task-EyeTracking_physio	77	2146.244	2629.590	483.346	1034.655	737.225	0.149	0.092	0.361	0.950
sub-111_task-EyeTracking_physio	77	2837.930	3004.598	166.668	1552.220	838.132	0.164	0.062	0.318	0.467
sub-111_task-EyeTracking_physio	78	-2441.845	-2308.508	133.337	1484.795	529.743	0.347	0.301	0.542	1.375
sub-111_task-EyeTracking_physio	78	-2241.839	-2075.168	166.671	2173.975	114.110	0.206	0.083	0.453	0.463
sub-111_task-EyeTracking_physio	78	-1941.832	-1750.163	191.669	1318.985	256.195	0.520	0.200	0.241	1.791
sub-111_task-EyeTracking_physio	78	-1583.490	-1208.479	375.011	1266.185	373.065	0.464	0.254	0.378	2.799
sub-111_task-EyeTracking_physio	78	-925.139	-766.803	158.336	1291.270	720.705	0.163	0.152	0.259	0.973
sub-111_task-EyeTracking_physio	78	-758.471	-216.791	541.680	1262.355	726.320	0.140	0.045	0.515	0.382
sub-111_task-EyeTracking_physio	78	-208.458	258.221	466.679	1282.303	724.883	0.111	0.064	0.393	0.558
sub-111_task-EyeTracking_physio	78	283.220	441.557	158.337	1301.540	748.315	0.107	0.025	0.243	0.285
sub-111_task-EyeTracking_physio	78	458.223	1233.242	775.019	1316.120	761.155	0.116	0.056	0.428	0.346
sub-111_task-EyeTracking_physio	78	1266.574	1449.915	183.341	1265.557	596.533	0.124	0.033	0.190	0.332
sub-111_task-EyeTracking_physio	78	1474.915	1966.593	491.678	1182.815	583.450	0.134	0.042	0.407	0.368
sub-111_task-EyeTracking_physio	78	1991.592	2208.266	216.674	1238.537	576.930	0.115	0.029	0.236	0.272
sub-111_task-EyeTracking_physio	78	2241.599	2491.604	250.005	1563.153	644.245	0.135	0.041	0.308	0.465
sub-111_task-EyeTracking_physio	78	2508.270	2699.939	191.669	1580.760	746.865	0.061	0.014	0.147	0.190
sub-111_task-EyeTracking_physio	78	2724.945	2949.947	225.002	1580.500	822.875	0.101	0.033	0.254	0.336
sub-111_task-EyeTracking_physio	79	-2413.443	-2313.439	100.004	1367.162	723.225	0.250	0.166	0.360	1.224
sub-111_task-EyeTracking_physio	79	-1605.091	-1463.421	141.670	2026.825	1699.550	0.425	0.524	0.777	1.011
sub-111_task-EyeTracking_physio	79	-1438.417	-1238.414	200.003	2418.348	1794.987	0.339	0.375	0.992	1.006
sub-111_task-EyeTracking_physio	79	-1221.748	-1055.079	166.669	2510.040	1856.190	0.380	0.263	0.632	0.842
sub-111_task-EyeTracking_physio	79	-905.072	-496.731	408.341	1316.710	620.090	0.220	0.089	0.330	0.974
sub-111_task-EyeTracking_physio	79	-296.728	-180.053	116.675	1272.493	607.347	0.391	0.191	0.227	2.002
sub-111_task-EyeTracking_physio	79	-171.721	261.623	433.344	1270.235	709.777	0.112	0.058	0.314	0.329
sub-111_task-EyeTracking_physio	79	286.623	469.957	183.334	1312.842	685.370	0.116	0.028	0.215	0.221
sub-111_task-EyeTracking_physio	79	494.957	794.967	300.010	1382.915	661.877	0.125	0.041	0.303	0.373
sub-111_task-EyeTracking_physio	79	811.634	1028.303	216.669	1459.472	643.338	0.178	0.074	0.439	0.395
sub-111_task-EyeTracking_physio	79	1053.306	1369.978	316.672	1542.957	731.367	0.136	0.047	0.286	0.309
sub-111_task-EyeTracking_physio	79	1386.644	1669.985	283.341	1572.405	746.615	0.082	0.026	0.201	0.247
sub-111_task-EyeTracking_physio	79	1894.992	2203.326	308.334	1028.445	619.595	0.206	0.099	0.292	1.052
sub-111_task-EyeTracking_physio	79	2219.993	2436.669	216.676	1076.963	572.153	0.136	0.055	0.370	0.349
sub-111_task-EyeTracking_physio	79	2445.002	2778.345	333.343	1107.695	567.408	0.172	0.079	0.336	0.638
sub-111_task-EyeTracking_physio	80	-91.943	233.068	325.011	1288.630	722.605	0.135	0.090	0.300	0.769
sub-111_task-EyeTracking_physio	80	249.734	433.071	183.337	1236.503	766.340	0.152	0.068	0.277	0.548
sub-111_task-EyeTracking_physio	80	466.404	683.076	216.672	1090.092	882.805	0.125	0.038	0.286	0.385
sub-111_task-EyeTracking_physio	80	716.408	899.749	183.341	996.492	913.545	0.126	0.035	0.308	0.232
sub-111_task-EyeTracking_physio	80	924.749	1133.089	208.340	934.500	826.205	0.112	0.040	0.309	0.294
sub-111_task-EyeTracking_physio	80	1149.755	1474.760	325.005	912.775	752.095	0.138	0.035	0.277	0.401
sub-111_task-EyeTracking_physio	80	1516.426	2049.777	533.351	1605.517	890.645	0.088	0.027	0.258	0.308
sub-111_task-EyeTracking_physio	80	2083.109	2366.449	283.340	1484.178	547.930	0.145	0.041	0.299	0.381
sub-111_task-EyeTracking_physio	80	2383.115	2799.790	416.675	1459.875	594.827	0.117	0.040	0.308	0.464
sub-111_task-EyeTracking_physio	80	2816.457	3008.130	191.673	1367.920	600.795	0.120	0.029	0.281	0.275
sub-111_task-EyeTracking_physio	81	-929.103	-504.095	425.008	1229.145	957.855	0.093	0.020	0.230	0.234
sub-111_task-EyeTracking_physio	81	-479.095	279.257	758.352	1268.995	722.160	0.117	0.045	0.348	0.643
sub-111_task-EyeTracking_physio	81	495.926	704.265	208.339	1243.225	816.620	0.107	0.034	0.265	0.412
sub-111_task-EyeTracking_physio	81	720.932	1079.276	358.344	1222.675	837.625	0.121	0.054	0.323	0.367
sub-111_task-EyeTracking_physio	81	1104.275	1245.944	141.669	1287.430	834.175	0.129	0.033	0.278	0.264
sub-111_task-EyeTracking_physio	81	1270.943	1462.617	191.674	1363.680	829.280	0.118	0.037	0.171	0.318
sub-111_task-EyeTracking_physio	81	1479.284	1962.629	483.345	1421.615	800.085	0.111	0.050	0.370	0.392
sub-111_task-EyeTracking_physio	81	1987.629	2104.298	116.669	1344.380	653.265	0.141	0.029	0.195	0.249
sub-111_task-EyeTracking_physio	81	2129.297	2462.636	333.339	1158.470	607.783	0.159	0.029	0.220	0.347
sub-111_task-EyeTracking_physio	81	2504.306	2654.310	150.004	1086.742	627.767	0.098	0.020	0.206	0.256
sub-111_task-EyeTracking_physio	81	2687.643	2870.982	183.339	1124.550	808.825	0.134	0.027	0.173	0.395
sub-111_task-EyeTracking_physio	81	2895.982	3004.330	108.348	1174.690	852.020	0.169	0.035	0.302	0.293
sub-111_task-EyeTracking_physio	82	-2650.444	-2475.436	175.008	1236.120	834.530	0.108	0.032	0.260	0.326
sub-111_task-EyeTracking_physio	82	-1800.424	-1675.421	125.003	1172.215	621.105	0.295	0.169	0.178	1.745
sub-111_task-EyeTracking_physio	82	-1650.422	-1425.414	225.008	1274.655	707.905	0.148	0.056	0.309	0.478
sub-111_task-EyeTracking_physio	82	-1208.747	-1050.410	158.337	1222.895	706.625	0.199	0.178	0.323	0.998
sub-111_task-EyeTracking_physio	82	-183.722	-67.055	116.667	1338.315	817.585	0.226	0.100	0.275	0.733
sub-111_task-EyeTracking_physio	82	-33.722	382.954	416.676	1273.952	715.173	0.105	0.044	0.294	0.465
sub-111_task-EyeTracking_physio	82	407.958	866.299	458.341	1329.490	764.325	0.107	0.048	0.314	0.399
sub-111_task-EyeTracking_physio	82	882.966	1357.978	475.012	1337.395	680.415	0.134	0.051	0.352	0.439
sub-111_task-EyeTracking_physio	82	1374.643	1607.984	233.341	1342.110	767.740	0.145	0.123	0.408	0.763
sub-111_task-EyeTracking_physio	82	1624.650	1957.988	333.338	1312.280	804.915	0.117	0.050	0.290	0.395
sub-111_task-EyeTracking_physio	82	1974.659	2249.664	275.005	1254.930	721.870	0.104	0.022	0.160	0.359
sub-111_task-EyeTracking_physio	82	2266.331	2433.002	166.671	1208.045	695.765	0.135	0.044	0.378	0.360
sub-111_task-EyeTracking_physio	82	2449.670	2666.340	216.670	1121.005	682.138	0.138	0.035	0.292	0.362
sub-111_task-EyeTracking_physio	82	2683.006	2991.348	308.342	1081.940	699.930	0.139	0.034	0.214	0.384
sub-111_task-EyeTracking_physio	83	-4073.338	-3923.335	150.003	1242.172	567.250	0.295	0.164	0.294	1.448
sub-111_task-EyeTracking_physio	83	-3714.994	-3406.655	308.339	1321.235	519.850	0.210	0.131	0.350	1.001
sub-111_task-EyeTracking_physio	83	-3373.317	-3189.982	183.335	1600.490	457.835	0.165	0.069	0.319	0.474
sub-111_task-EyeTracking_physio	83	-2939.975	-2798.306	141.669	1254.815	705.115	0.259	0.166	0.210	1.336
sub-111_task-EyeTracking_physio	83	-1756.615	-1631.620	124.995	1267.495	627.620	0.243	0.079	0.208	0.729
sub-111_task-EyeTracking_physio	83	-1614.954	-1298.275	316.679	1248.378	696.622	0.142	0.057	0.279	0.564
sub-111_task-EyeTracking_physio	83	-1281.609	-681.594	600.015	1266.412	704.990	0.128	0.071	0.423	0.487
sub-111_task-EyeTracking_physio	83	-414.921	243.427	658.348	1273.190	699.710	0.128	0.151	0.609	0.928
sub-111_task-EyeTracking_physio	83	260.094	535.098	275.004	1294.650	754.035	0.106	0.026	0.224	0.378
sub-111_task-EyeTracking_physio	83	560.103	735.103	175.000	1406.895	781.800	0.127	0.046	0.290	0.310
sub-111_task-EyeTracking_physio	83	751.769	935.106	183.337	1499.113	775.773	0.120	0.061	0.354	0.316
sub-111_task-EyeTracking_physio	83	951.778	1185.113	233.335	1569.695	741.265	0.102	0.073	0.478	0.395
sub-111_task-EyeTracking_physio	83	1201.780	1435.118	233.338	1611.988	647.463	0.099	0.048	0.361	0.316
sub-111_task-EyeTracking_physio	83	1451.784	1585.122	133.338	1623.848	574.245	0.105	0.041	0.253	0.328
sub-111_task-EyeTracking_physio	83	1601.788	1851.792	250.004	1379.513	485.197	0.190	0.096	0.364	0.501
sub-111_task-EyeTracking_physio	83	1876.798	2118.466	241.668	1141.015	500.370	0.188	0.074	0.565	0.410
sub-111_task-EyeTracking_physio	83	2160.135	2285.141	125.006	1065.740	568.725	0.092	0.025	0.212	0.276
sub-111_task-EyeTracking_physio	83	2318.474	2543.480	225.006	1013.885	833.035	0.097	0.025	0.209	0.271
sub-111_task-EyeTracking_physio	83	2568.478	2851.818	283.340	1042.595	787.582	0.077	0.021	0.244	0.269
sub-111_task-EyeTracking_physio	83	2868.485	3010.151	141.666	1104.535	751.100	0.058	0.013	0.189	0.137
sub-111_task-EyeTracking_physio	84	-1235.672	-1035.664	200.008	1346.622	416.925	0.330	0.216	0.323	1.736
sub-111_task-EyeTracking_physio	84	-768.992	-535.659	233.333	1391.865	385.993	0.214	0.107	0.379	0.774
sub-111_task-EyeTracking_physio	84	-302.318	-77.311	225.007	1275.040	711.155	0.180	0.118	0.356	0.892
sub-111_task-EyeTracking_physio	84	-43.979	97.691	141.670	1333.435	925.770	0.194	0.078	0.372	0.451
sub-111_task-EyeTracking_physio	84	106.024	247.694	141.670	1339.440	1154.933	4.386	43.325	4.447	13.510
sub-111_task-EyeTracking_physio	84	281.032	739.373	458.341	1299.510	741.470	0.118	0.068	0.351	0.703
sub-111_task-EyeTracking_physio	84	764.373	914.375	150.002	1374.303	915.627	0.154	0.061	0.213	0.565
sub-111_task-EyeTracking_physio	84	939.381	1206.053	266.672	1407.038	973.905	0.119	0.058	0.398	0.385
sub-111_task-EyeTracking_physio	84	1231.053	1964.398	733.345	1414.005	888.490	0.114	0.094	0.333	0.642
sub-111_task-EyeTracking_physio	84	1981.069	2206.072	225.003	1402.120	950.085	0.162	0.095	0.293	0.812
sub-111_task-EyeTracking_physio	84	2247.744	2497.750	250.006	1107.888	750.572	0.104	0.036	0.302	0.398
sub-111_task-EyeTracking_physio	84	2514.417	3006.090	491.673	1145.820	776.790	0.097	0.032	0.308	0.306
sub-111_task-EyeTracking_physio	85	-739.583	-589.580	150.003	1363.407	486.810	0.341	0.391	0.344	2.449
sub-111_task-EyeTracking_physio	85	-314.576	-164.574	150.002	1290.875	680.445	0.146	0.044	0.152	0.638
sub-111_task-EyeTracking_physio	85	-156.241	285.440	441.681	1265.490	696.650	0.142	0.059	0.478	0.480
sub-111_task-EyeTracking_physio	85	302.106	485.441	183.335	1275.888	729.253	0.152	0.052	0.250	0.506
sub-111_task-EyeTracking_physio	85	502.108	652.112	150.004	1359.580	800.612	0.134	0.066	0.313	0.398
sub-111_task-EyeTracking_physio	85	668.779	902.118	233.339	1451.363	764.178	0.135	0.043	0.298	0.314
sub-111_task-EyeTracking_physio	85	918.784	1302.126	383.342	1488.180	733.255	0.113	0.059	0.425	0.362
sub-111_task-EyeTracking_physio	85	1335.464	1918.810	583.346	1585.250	724.660	0.098	0.068	0.399	0.423
sub-111_task-EyeTracking_physio	85	1935.476	2102.144	166.668	1317.372	772.487	0.176	0.061	0.576	0.219
sub-111_task-EyeTracking_physio	85	2118.816	2318.818	200.002	1109.180	782.017	0.144	0.068	0.555	0.244
sub-111_task-EyeTracking_physio	85	2335.483	2677.159	341.676	1042.490	818.555	0.141	0.030	0.546	0.291
sub-111_task-EyeTracking_physio	85	2710.492	2985.499	275.007	1445.430	730.040	0.146	0.046	0.564	0.338
sub-111_task-EyeTracking_physio	86	-226.139	-109.468	116.671	1273.150	586.930	0.235	0.138	0.229	1.114
sub-111_task-EyeTracking_physio	86	-92.802	82.195	174.997	1259.905	702.305	0.155	0.046	0.268	0.318
sub-111_task-EyeTracking_physio	86	215.535	465.542	250.007	1260.670	734.622	0.259	0.244	0.299	2.244
sub-111_task-EyeTracking_physio	86	473.875	723.879	250.004	1220.560	764.898	0.126	0.091	0.288	0.892
sub-111_task-EyeTracking_physio	86	740.546	957.221	216.675	1167.672	701.305	0.120	0.057	0.276	0.497
sub-111_task-EyeTracking_physio	86	973.887	1240.561	266.674	1168.970	668.695	0.156	0.034	0.175	0.371
sub-111_task-EyeTracking_physio	86	1257.228	1415.565	158.337	1267.380	661.015	0.147	0.042	0.276	0.339
sub-111_task-EyeTracking_physio	86	1432.231	1623.903	191.672	1383.935	704.125	0.122	0.037	0.294	0.274
sub-111_task-EyeTracking_physio	86	1665.569	1857.242	191.673	1465.125	756.885	0.154	0.074	0.399	0.490
sub-111_task-EyeTracking_physio	86	1873.909	2107.246	233.337	1537.315	736.460	0.131	0.036	0.378	0.305
sub-111_task-EyeTracking_physio	86	2132.246	2448.919	316.673	1603.483	692.232	0.110	0.028	0.242	0.298
sub-111_task-EyeTracking_physio	86	2465.590	2665.593	200.003	1603.673	597.382	0.200	0.077	0.274	0.468
sub-111_task-EyeTracking_physio	86	2690.593	2873.931	183.338	1427.497	524.365	0.155	0.059	0.391	0.367
sub-111_task-EyeTracking_physio	86	2898.931	3007.271	108.340	1250.165	523.865	0.249	0.099	0.531	0.386
sub-111_task-EyeTracking_physio	87	-1672.233	-1363.890	308.343	1053.735	446.910	0.389	0.196	0.424	2.548
sub-111_task-EyeTracking_physio	87	-1330.557	-1155.556	175.001	1215.250	577.905	0.127	0.053	0.316	0.474
sub-111_task-EyeTracking_physio	87	-788.879	-322.199	466.680	1275.860	668.367	0.122	0.057	0.278	0.553
sub-111_task-EyeTracking_physio	87	-22.192	286.146	308.338	1259.540	684.805	0.121	0.055	0.166	0.700
sub-111_task-EyeTracking_physio	87	311.145	569.486	258.341	1190.420	675.715	0.119	0.062	0.300	0.383
sub-111_task-EyeTracking_physio	87	586.156	986.167	400.011	1138.680	661.658	0.152	0.058	0.356	0.452
sub-111_task-EyeTracking_physio	87	1002.832	1236.170	233.338	1186.307	661.422	0.130	0.037	0.247	0.420
sub-111_task-EyeTracking_physio	87	1252.838	1452.842	200.004	1329.835	661.237	0.189	0.066	0.378	0.486
sub-111_task-EyeTracking_physio	87	1469.508	1669.514	200.006	1430.572	668.470	0.143	0.037	0.340	0.286
sub-111_task-EyeTracking_physio	87	1686.181	2186.194	500.013	1500.777	669.902	0.125	0.064	0.405	0.510
sub-111_task-EyeTracking_physio	87	2202.860	2452.867	250.007	1478.015	674.240	0.131	0.033	0.197	0.368
sub-111_task-EyeTracking_physio	87	2477.867	2869.544	391.677	1434.440	664.610	0.121	0.027	0.264	0.298
sub-111_task-EyeTracking_physio	87	2886.209	3002.878	116.669	1379.255	738.085	0.205	0.068	0.318	0.457
sub-111_task-EyeTracking_physio	88	-1935.197	-1643.524	291.673	1263.230	552.855	0.170	0.068	0.182	0.814
sub-111_task-EyeTracking_physio	88	-1410.185	-1243.516	166.669	1260.525	604.652	0.215	0.111	0.247	0.861
sub-111_task-EyeTracking_physio	88	-926.840	-726.837	200.003	1269.463	616.827	0.199	0.100	0.190	1.222
sub-111_task-EyeTracking_physio	88	-26.818	439.859	466.677	1248.820	667.940	0.121	0.062	0.336	0.608
sub-111_task-EyeTracking_physio	88	456.525	989.868	533.343	1173.557	614.360	0.163	0.053	0.267	0.564
sub-111_task-EyeTracking_physio	88	1006.539	1173.209	166.670	1230.483	705.480	0.149	0.042	0.237	0.365
sub-111_task-EyeTracking_physio	88	1189.876	1373.213	183.337	1289.055	788.780	0.129	0.085	0.398	0.491
sub-111_task-EyeTracking_physio	88	1414.881	1606.550	191.669	1388.605	853.025	0.144	0.077	0.248	0.747
sub-111_task-EyeTracking_physio	88	1623.217	1856.557	233.340	1475.057	880.435	0.155	0.072	0.336	0.360
sub-111_task-EyeTracking_physio	88	1873.224	2139.895	266.671	1545.493	870.803	0.106	0.045	0.481	0.360
sub-111_task-EyeTracking_physio	88	2164.895	2356.570	191.675	1573.610	830.035	0.108	0.037	0.275	0.449
sub-111_task-EyeTracking_physio	88	2381.569	2573.243	191.674	1567.075	664.015	0.129	0.037	0.322	0.271
sub-111_task-EyeTracking_physio	88	2589.909	2898.247	308.338	1556.885	565.315	0.180	0.081	0.541	0.506
sub-111_task-EyeTracking_physio	89	-1556.060	-1272.721	283.339	233.545	496.653	0.158	0.069	0.338	0.539
sub-111_task-EyeTracking_physio	89	-1031.048	-881.044	150.004	1320.072	627.362	0.218	0.103	0.195	1.067
sub-111_task-EyeTracking_physio	89	-481.037	218.976	700.013	1261.618	692.950	0.125	0.075	0.487	0.378
sub-111_task-EyeTracking_physio	89	252.309	427.317	175.008	1283.755	748.275	0.093	0.029	0.297	0.168
sub-111_task-EyeTracking_physio	89	452.317	1110.664	658.347	1285.970	802.625	0.107	0.049	0.219	0.513
sub-111_task-EyeTracking_physio	89	1127.331	1377.336	250.005	1296.175	790.085	0.099	0.025	0.176	0.355
sub-111_task-EyeTracking_physio	89	1402.335	1702.343	300.008	1304.950	747.082	0.108	0.034	0.234	0.369
sub-111_task-EyeTracking_physio	89	1727.345	2135.688	408.343	1305.720	674.605	0.108	0.035	0.289	0.405
sub-111_task-EyeTracking_physio	89	2152.355	2252.358	100.003	1302.130	757.727	0.110	0.028	0.200	0.255
sub-111_task-EyeTracking_physio	89	2335.691	2510.698	175.007	1301.025	852.615	0.512	0.839	0.420	3.647
sub-111_task-EyeTracking_physio	89	2535.698	2677.367	141.669	1376.560	833.490	0.148	0.085	0.272	0.425
sub-111_task-EyeTracking_physio	89	2710.700	2910.706	200.006	1506.560	800.487	0.153	0.040	0.520	0.248
sub-111_task-EyeTracking_physio	90	-3478.449	-3278.445	200.004	939.683	229.227	0.436	0.147	0.271	1.601
sub-111_task-EyeTracking_physio	90	-3070.106	-2928.432	141.674	1369.745	387.205	0.572	1.070	1.351	1.937
sub-111_task-EyeTracking_physio	90	-1728.417	-1511.741	216.676	1228.565	728.578	0.202	0.116	0.302	1.010
sub-111_task-EyeTracking_physio	90	-1295.073	-620.055	675.018	1281.255	683.595	0.195	0.240	0.745	1.121
sub-111_task-EyeTracking_physio	90	-428.380	-278.376	150.004	1254.803	719.773	0.246	0.232	0.386	1.250
sub-111_task-EyeTracking_physio	90	-45.043	371.638	416.681	1263.358	719.485	0.163	0.109	0.280	0.931
sub-111_task-EyeTracking_physio	90	388.305	521.643	133.338	1241.440	769.727	0.176	0.054	0.227	0.452
sub-111_task-EyeTracking_physio	90	538.309	729.982	191.673	1061.130	700.690	0.131	0.058	0.258	0.466
sub-111_task-EyeTracking_physio	90	754.980	988.320	233.340	960.493	663.322	0.141	0.054	0.383	0.337
sub-111_task-EyeTracking_physio	90	1004.986	1371.662	366.676	941.100	615.633	0.166	0.065	0.303	0.609
sub-111_task-EyeTracking_physio	90	1454.993	1771.671	316.678	1177.802	811.717	0.146	0.067	0.302	0.680
sub-111_task-EyeTracking_physio	90	1796.671	2005.010	208.339	1123.165	772.515	0.080	0.022	0.188	0.257
sub-111_task-EyeTracking_physio	90	2021.675	2280.017	258.342	1112.485	704.305	0.145	0.057	0.296	0.374
sub-111_task-EyeTracking_physio	90	2305.017	2463.350	158.333	991.950	598.385	0.195	0.065	0.265	0.538
sub-111_task-EyeTracking_physio	90	2480.016	2838.359	358.343	945.880	595.990	0.146	0.047	0.401	0.458
sub-111_task-EyeTracking_physio	90	2880.025	3005.029	125.004	1199.765	854.090	0.106	0.030	0.247	0.206
sub-111_task-EyeTracking_physio	91	-1791.595	-1524.926	266.669	1268.255	728.820	0.176	0.149	0.468	0.781
sub-111_task-EyeTracking_physio	91	-1516.593	-991.581	525.012	1277.410	705.180	0.151	0.143	0.613	0.648
sub-111_task-EyeTracking_physio	91	-758.244	-591.571	166.673	1247.290	696.433	0.210	0.141	0.282	1.000
sub-111_task-EyeTracking_physio	91	-216.562	533.451	750.013	1259.138	711.510	0.156	0.337	0.759	1.222
sub-111_task-EyeTracking_physio	91	558.456	716.791	158.335	1446.645	711.680	0.131	0.024	0.204	0.288
sub-111_task-EyeTracking_physio	91	733.458	966.796	233.338	1521.162	733.327	0.196	0.071	0.348	0.533
sub-111_task-EyeTracking_physio	91	991.796	1166.800	175.004	1395.075	865.175	0.147	0.076	0.337	0.394
sub-111_task-EyeTracking_physio	91	1183.466	1400.139	216.673	1339.590	923.423	0.140	0.047	0.322	0.366
sub-111_task-EyeTracking_physio	91	1416.804	1616.813	200.009	1284.307	963.572	0.128	0.053	0.412	0.252
sub-111_task-EyeTracking_physio	91	1633.479	1791.815	158.336	1209.085	946.240	0.091	0.046	0.277	0.328
sub-111_task-EyeTracking_physio	91	1816.815	2150.157	333.342	1058.370	732.517	0.124	0.049	0.287	0.358
sub-111_task-EyeTracking_physio	91	2166.824	2600.165	433.341	988.230	637.230	0.154	0.073	0.385	0.504
sub-111_task-EyeTracking_physio	91	2625.166	2850.170	225.004	1096.185	618.935	0.151	0.042	0.391	0.301
sub-111_task-EyeTracking_physio	91	2866.837	3008.510	141.673	1171.945	626.120	0.113	0.046	0.211	0.301
sub-111_task-EyeTracking_physio	92	-3214.416	-2947.744	266.672	1272.378	709.728	0.150	0.069	0.229	0.570
sub-111_task-EyeTracking_physio	92	-2722.738	-2589.402	133.336	1287.845	672.788	0.208	0.084	0.203	0.871
sub-111_task-EyeTracking_physio	92	-2581.070	-2264.393	316.677	1266.210	686.528	0.099	0.024	0.262	0.236
sub-111_task-EyeTracking_physio	92	-1972.724	-1522.708	450.016	1262.610	656.163	0.119	0.056	0.284	0.628
sub-111_task-EyeTracking_physio	92	-1231.037	-589.356	641.681	1268.155	676.625	0.117	0.067	0.486	0.486
sub-111_task-EyeTracking_physio	92	-314.349	-147.680	166.669	1278.378	697.695	0.307	0.561	0.393	3.346
sub-111_task-EyeTracking_physio	92	-139.347	344.000	483.347	1253.615	713.808	0.109	0.027	0.266	0.332
sub-111_task-EyeTracking_physio	92	369.000	719.009	350.009	1511.367	803.175	0.170	0.077	0.410	0.494
sub-111_task-EyeTracking_physio	92	744.009	1019.020	275.011	1426.180	775.280	0.128	0.046	0.257	0.326
sub-111_task-EyeTracking_physio	92	1035.686	1519.029	483.343	1448.255	770.495	0.127	0.040	0.256	0.391
sub-111_task-EyeTracking_physio	92	1552.362	1760.702	208.340	1009.780	677.325	0.127	0.036	0.292	0.265
sub-111_task-EyeTracking_physio	92	1777.368	1985.703	208.335	996.505	641.510	0.151	0.042	0.253	0.321
sub-111_task-EyeTracking_physio	92	2002.375	2369.045	366.670	1015.690	592.910	0.159	0.072	0.400	0.467
sub-111_task-EyeTracking_physio	92	2419.052	2985.728	566.676	1445.520	776.135	0.112	0.061	0.431	0.501
sub-111_task-EyeTracking_physio	93	-410.179	-310.174	100.005	1316.513	829.342	0.303	0.158	0.212	1.432
sub-111_task-EyeTracking_physio	93	-285.175	223.181	508.356	1263.705	711.435	0.143	0.052	0.356	0.445
sub-111_task-EyeTracking_physio	93	256.512	473.187	216.675	1276.430	633.640	0.134	0.047	0.284	0.447
sub-111_task-EyeTracking_physio	93	489.853	748.191	258.338	1357.830	563.855	0.152	0.049	0.306	0.415
sub-111_task-EyeTracking_physio	93	773.191	1139.867	366.676	1401.782	602.900	0.124	0.083	0.448	0.610
sub-111_task-EyeTracking_physio	93	1164.868	1323.194	158.326	1353.685	667.265	0.152	0.061	0.389	0.329
sub-111_task-EyeTracking_physio	93	1339.866	1556.541	216.675	1217.090	733.048	0.316	0.435	0.883	1.185
sub-111_task-EyeTracking_physio	93	1589.880	1889.885	300.005	1139.153	742.562	0.126	0.055	0.194	0.621
sub-111_task-EyeTracking_physio	93	1914.884	2123.224	208.340	1066.110	686.970	0.166	0.072	0.507	0.370
sub-111_task-EyeTracking_physio	93	2139.891	2373.232	233.341	988.602	675.163	0.096	0.023	0.197	0.281
sub-111_task-EyeTracking_physio	93	2389.898	2573.234	183.336	953.975	613.205	0.135	0.035	0.291	0.274
sub-111_task-EyeTracking_physio	93	2598.234	2964.908	366.674	1180.500	697.400	0.102	0.056	0.309	0.478
sub-111_task-EyeTracking_physio	94	-2923.923	-2807.251	116.672	1244.773	756.360	0.138	0.080	0.221	0.681
sub-111_task-EyeTracking_physio	94	-2365.576	-2173.905	191.671	1294.235	657.785	0.174	0.080	0.233	0.849
sub-111_task-EyeTracking_physio	94	-1773.892	-1290.550	483.342	1269.753	729.962	0.177	0.055	0.408	0.822
sub-111_task-EyeTracking_physio	94	-1273.883	-1115.546	158.337	1284.825	692.400	0.144	0.066	0.245	0.583
sub-111_task-EyeTracking_physio	94	-840.541	-373.865	466.676	1289.238	674.503	0.115	0.068	0.240	0.790
sub-111_task-EyeTracking_physio	94	-98.860	201.150	300.010	1279.753	691.340	0.129	0.047	0.308	0.458
sub-111_task-EyeTracking_physio	94	217.818	417.818	200.000	1321.602	728.220	0.141	0.065	0.319	0.488
sub-111_task-EyeTracking_physio	94	434.490	634.492	200.002	1413.608	709.477	0.134	0.042	0.432	0.283
sub-111_task-EyeTracking_physio	94	651.159	1109.505	458.346	1481.110	722.740	0.121	0.058	0.352	0.511
sub-111_task-EyeTracking_physio	94	1201.170	1584.513	383.343	1394.012	856.880	0.131	0.062	0.387	0.496
sub-111_task-EyeTracking_physio	94	1601.180	1751.187	150.007	1258.330	835.030	0.134	0.036	0.339	0.210
sub-111_task-EyeTracking_physio	94	1776.187	2084.523	308.336	1025.945	713.370	0.088	0.032	0.358	0.300
sub-111_task-EyeTracking_physio	94	2101.190	2317.863	216.673	980.515	680.840	0.138	0.038	0.361	0.275
sub-111_task-EyeTracking_physio	94	2334.530	2542.872	208.342	980.475	720.975	0.101	0.032	0.173	0.383
sub-111_task-EyeTracking_physio	94	2609.537	2767.872	158.335	1029.135	874.070	0.150	0.100	0.187	0.709
sub-111_task-EyeTracking_physio	94	2801.209	2951.213	150.004	1090.632	947.837	0.099	0.058	0.188	0.509
sub-111_task-EyeTracking_physio	95	-1686.411	-1478.074	208.337	2158.915	11.610	0.247	0.244	0.860	0.751
sub-111_task-EyeTracking_physio	95	-1369.738	-861.390	508.348	2685.570	-135.160	0.428	0.547	2.108	1.637
sub-111_task-EyeTracking_physio	95	-261.376	296.971	558.347	1276.740	740.125	0.116	0.076	0.332	0.770
sub-111_task-EyeTracking_physio	95	321.971	538.643	216.672	1305.092	800.433	0.125	0.043	0.326	0.347
sub-111_task-EyeTracking_physio	95	571.976	813.651	241.675	1342.200	819.375	0.128	0.075	0.401	0.499
sub-111_task-EyeTracking_physio	95	830.316	1221.993	391.677	1382.730	787.755	0.112	0.057	0.358	0.292
sub-111_task-EyeTracking_physio	95	1246.993	1513.665	266.672	1487.822	654.240	0.151	0.064	0.288	0.597
sub-111_task-EyeTracking_physio	95	1538.663	1880.341	341.678	1464.605	568.505	0.149	0.053	0.308	0.476
sub-111_task-EyeTracking_physio	95	1905.340	2063.677	158.337	1243.800	650.355	0.175	0.049	0.478	0.274
sub-111_task-EyeTracking_physio	95	2088.682	2280.352	191.670	1261.540	767.190	0.136	0.031	0.241	0.308
sub-111_task-EyeTracking_physio	95	2313.684	2630.360	316.676	1288.812	814.725	0.107	0.037	0.196	0.396
sub-111_task-EyeTracking_physio	95	2663.693	2830.364	166.671	1343.860	775.255	0.119	0.043	0.280	0.339
sub-111_task-EyeTracking_physio	95	2863.701	3005.380	141.679	1451.105	620.110	0.107	0.023	0.160	0.307
sub-111_task-EyeTracking_physio	96	-2016.113	-1874.444	141.669	1088.460	538.010	0.495	0.251	0.289	1.656
sub-111_task-EyeTracking_physio	96	-1557.773	-1274.432	283.341	1249.977	623.420	0.170	0.093	0.305	0.737
sub-111_task-EyeTracking_physio	96	-1257.763	-349.411	908.352	1272.440	669.720	0.113	0.078	0.387	0.636
sub-111_task-EyeTracking_physio	96	-74.399	50.600	124.999	1289.660	656.185	0.181	0.116	0.191	0.816
sub-111_task-EyeTracking_physio	96	58.936	333.940	275.004	1265.700	680.390	0.097	0.024	0.199	0.346
sub-111_task-EyeTracking_physio	96	492.277	658.946	166.669	1483.287	724.943	0.176	0.064	0.380	0.325
sub-111_task-EyeTracking_physio	96	683.946	867.285	183.339	1562.043	773.202	0.119	0.034	0.306	0.248
sub-111_task-EyeTracking_physio	96	892.285	1142.291	250.006	1546.690	843.453	0.141	0.056	0.221	0.445
sub-111_task-EyeTracking_physio	96	1167.291	1342.293	175.002	1574.105	915.220	0.099	0.047	0.298	0.240
sub-111_task-EyeTracking_physio	96	1383.965	1575.633	191.668	1256.265	950.805	0.126	0.047	0.393	0.293
sub-111_task-EyeTracking_physio	96	1617.299	1767.307	150.008	1182.630	991.553	0.076	0.013	0.175	0.145
sub-111_task-EyeTracking_physio	96	1783.974	2133.978	350.004	1126.387	1019.982	0.103	0.033	0.377	0.270
sub-111_task-EyeTracking_physio	96	2150.649	2317.319	166.670	1163.025	1008.900	0.133	0.027	0.325	0.183
sub-111_task-EyeTracking_physio	96	2350.652	2942.334	591.682	1554.065	1015.900	0.095	0.036	0.366	0.418
sub-111_task-EyeTracking_physio	97	-878.233	-669.895	208.338	1235.320	576.500	0.142	0.068	0.221	0.601
sub-111_task-EyeTracking_physio	97	-344.888	238.461	583.349	1256.265	694.838	0.104	0.082	0.418	0.537
sub-111_task-EyeTracking_physio	97	263.459	605.132	341.673	1245.710	736.685	0.098	0.050	0.363	0.334
sub-111_task-EyeTracking_physio	97	638.470	805.137	166.667	1466.915	646.317	0.158	0.062	0.265	0.580
sub-111_task-EyeTracking_physio	97	821.804	1080.145	258.341	1545.865	618.210	0.160	0.060	0.339	0.533
sub-111_task-EyeTracking_physio	97	1105.144	1430.154	325.010	1602.805	682.990	0.114	0.078	0.288	0.668
sub-111_task-EyeTracking_physio	97	1455.155	1738.494	283.339	1619.787	849.560	0.157	0.067	0.373	0.567
sub-111_task-EyeTracking_physio	97	1763.493	2005.166	241.673	1682.295	817.880	0.105	0.035	0.340	0.246
sub-111_task-EyeTracking_physio	97	2030.166	2338.509	308.343	1700.350	634.515	0.131	0.052	0.289	0.395
sub-111_task-EyeTracking_physio	97	2355.176	2571.844	216.668	1684.915	575.082	0.173	0.074	0.308	0.512
sub-111_task-EyeTracking_physio	97	2588.517	3005.192	416.675	1681.620	505.398	0.176	0.071	0.319	0.951
sub-111_task-EyeTracking_physio	98	-6136.359	-5853.018	283.341	1276.537	288.908	0.273	0.178	0.337	1.559
sub-111_task-EyeTracking_physio	98	-5828.018	-5536.349	291.669	1583.840	303.170	0.218	0.091	0.497	0.528
sub-111_task-EyeTracking_physio	98	-5261.342	-4903.001	358.341	1314.380	514.030	0.156	0.099	0.265	0.807
sub-111_task-EyeTracking_physio	98	-4611.327	-4227.984	383.343	1280.957	650.428	0.121	0.066	0.257	0.680
sub-111_task-EyeTracking_physio	98	-3952.979	-3819.642	133.337	1293.657	631.338	0.252	0.165	0.294	1.289
sub-111_task-EyeTracking_physio	98	-3811.309	-3619.635	191.674	1256.395	659.515	0.149	0.049	0.347	0.348
sub-111_task-EyeTracking_physio	98	-3552.970	-3086.290	466.680	556.220	558.543	0.135	0.068	0.385	0.488
sub-111_task-EyeTracking_physio	98	-2836.285	-2702.948	133.337	1235.410	587.905	0.481	1.013	1.165	2.244
sub-111_task-EyeTracking_physio	98	-2644.615	-2386.275	258.340	1916.420	945.205	0.138	0.055	0.413	0.419
sub-111_task-EyeTracking_physio	98	-2352.943	-2227.940	125.003	1825.565	1436.915	0.160	0.053	0.365	0.309
sub-111_task-EyeTracking_physio	98	-2219.606	-1952.933	266.673	1871.438	1549.360	0.221	0.243	0.634	0.969
sub-111_task-EyeTracking_physio	98	-1444.592	-1244.584	200.008	1181.793	778.180	0.242	0.201	0.413	0.899
sub-111_task-EyeTracking_physio	98	-1011.244	-761.237	250.007	-102.588	594.045	0.130	0.078	0.337	0.553
sub-111_task-EyeTracking_physio	98	-536.235	-411.233	125.002	1332.710	901.315	0.153	0.105	0.195	0.876
sub-111_task-EyeTracking_physio	98	-394.566	-61.224	333.342	1263.238	736.680	0.154	0.068	0.344	0.533
sub-111_task-EyeTracking_physio	98	-44.558	188.782	233.340	1263.465	690.117	0.154	0.046	0.228	0.433
sub-111_task-EyeTracking_physio	98	205.449	413.788	208.339	1325.415	661.990	0.183	0.099	0.459	0.574
sub-111_task-EyeTracking_physio	98	430.454	730.460	300.006	1388.227	658.173	0.169	0.058	0.329	0.657
sub-111_task-EyeTracking_physio	98	747.126	922.127	175.001	1410.485	740.030	0.180	0.068	0.271	0.618
sub-111_task-EyeTracking_physio	98	930.459	1138.800	208.341	1429.530	720.990	0.186	0.060	0.198	0.626
sub-111_task-EyeTracking_physio	98	1263.804	1488.811	225.007	1510.460	726.935	0.206	0.131	0.377	0.813
sub-111_task-EyeTracking_physio	98	1522.144	1738.817	216.673	1061.390	785.080	0.142	0.042	0.305	0.352
sub-111_task-EyeTracking_physio	98	1763.817	2022.154	258.337	1030.165	815.505	0.114	0.035	0.209	0.321
sub-111_task-EyeTracking_physio	98	2047.154	2255.493	208.339	1402.795	643.770	0.145	0.047	0.233	0.495
sub-111_task-EyeTracking_physio	98	2272.159	2522.167	250.008	1446.275	711.067	0.139	0.045	0.333	0.443
sub-111_task-EyeTracking_physio	98	2580.499	2855.505	275.006	1440.265	632.230	0.126	0.083	0.217	0.769
sub-111_task-EyeTracking_physio	98	2872.171	3022.173	150.002	1581.650	529.730	0.170	0.055	0.249	0.497
sub-111_task-EyeTracking_physio	99	-3926.196	-3767.853	158.343	1277.245	656.575	0.182	0.163	0.467	0.710
sub-111_task-EyeTracking_physio	99	-3542.859	-2959.503	583.356	1279.023	678.462	0.168	0.106	0.378	1.204
sub-111_task-EyeTracking_physio	99	-2676.163	-2476.157	200.006	1245.650	683.645	0.174	0.100	0.280	0.879
sub-111_task-EyeTracking_physio	99	-2042.823	-1884.487	158.336	1299.685	635.410	0.314	0.876	0.669	2.990
sub-111_task-EyeTracking_physio	99	-1842.813	-1567.809	275.004	847.780	565.245	0.143	0.061	0.611	0.353
sub-111_task-EyeTracking_physio	99	-1367.809	-1242.806	125.003	1247.615	736.305	0.984	1.145	0.940	6.442
sub-111_task-EyeTracking_physio	99	-751.129	-592.782	158.347	1292.790	765.745	0.137	0.067	0.170	0.611
sub-111_task-EyeTracking_physio	99	-367.777	-234.438	133.339	1283.815	728.390	0.165	0.061	0.176	0.600
sub-111_task-EyeTracking_physio	99	-226.105	465.576	691.681	1263.655	706.640	0.123	0.069	0.545	0.548
sub-111_task-EyeTracking_physio	99	498.909	757.246	258.337	1001.250	885.705	0.129	0.039	0.324	0.287
sub-111_task-EyeTracking_physio	99	782.245	1023.920	241.675	945.210	888.815	0.112	0.039	0.282	0.268
sub-111_task-EyeTracking_physio	99	1057.258	1407.262	350.004	1245.495	598.947	0.138	0.053	0.341	0.362
sub-111_task-EyeTracking_physio	99	1432.261	1823.936	391.675	1099.600	561.200	0.134	0.070	0.345	0.550
sub-111_task-EyeTracking_physio	99	1857.275	2323.950	466.675	1048.970	909.178	0.124	0.046	0.369	0.442
sub-111_task-EyeTracking_physio	99	2357.283	2690.625	333.342	964.745	898.442	0.102	0.031	0.226	0.372
sub-111_task-EyeTracking_physio	99	2723.958	2898.967	175.009	915.305	849.590	0.102	0.023	0.180	0.294
sub-111_task-EyeTracking_physio	100	-520.993	-337.657	183.336	1292.678	866.398	2.203	63.758	8.655	15.874
sub-111_task-EyeTracking_physio	100	-62.651	354.024	416.675	1269.050	715.275	0.144	0.093	0.328	0.761
sub-111_task-EyeTracking_physio	100	370.690	654.034	283.344	1316.020	723.498	0.165	0.155	0.383	0.677
sub-111_task-EyeTracking_physio	100	679.033	987.372	308.339	1348.645	668.520	0.172	0.091	0.342	0.770
sub-111_task-EyeTracking_physio	100	1004.038	1945.730	941.692	1334.455	648.190	0.165	0.092	0.521	0.532
sub-111_task-EyeTracking_physio	100	1954.063	2229.072	275.009	1330.005	668.770	0.165	0.091	0.277	0.767
sub-111_task-EyeTracking_physio	100	2245.738	2487.411	241.673	1341.885	704.725	0.120	0.081	0.285	0.490
sub-111_task-EyeTracking_physio	100	2704.079	2895.749	191.670	1338.340	702.210	0.126	0.038	0.187	0.395
sub-111_task-EyeTracking_physio	101	-1258.586	-1066.911	191.675	1278.145	707.550	0.196	0.081	0.378	0.503
sub-111_task-EyeTracking_physio	101	-825.237	41.445	866.682	1262.835	741.577	0.117	0.119	0.628	0.902
sub-111_task-EyeTracking_physio	101	66.444	533.121	466.677	1245.907	665.355	0.118	0.044	0.307	0.389
sub-111_task-EyeTracking_physio	101	558.121	724.791	166.670	1022.080	738.832	0.192	0.060	0.367	0.436
sub-111_task-EyeTracking_physio	101	758.131	966.465	208.334	973.345	823.360	0.079	0.024	0.209	0.245
sub-111_task-EyeTracking_physio	101	983.132	1116.467	133.335	916.028	880.990	0.128	0.027	0.316	0.150
sub-111_task-EyeTracking_physio	101	1174.806	1549.815	375.009	1523.865	973.520	0.092	0.037	0.237	0.408
sub-111_task-EyeTracking_physio	101	1566.482	1741.485	175.003	1548.605	934.420	0.123	0.030	0.295	0.253
sub-111_task-EyeTracking_physio	101	1774.817	2158.161	383.344	1584.185	602.503	0.116	0.030	0.302	0.384
sub-111_task-EyeTracking_physio	101	2199.831	2549.837	350.006	1554.652	999.817	0.122	0.059	0.433	0.359
sub-111_task-EyeTracking_physio	101	2591.510	2899.847	308.337	1218.700	554.975	0.115	0.038	0.324	0.348
sub-111_task-EyeTracking_physio	102	-903.946	-587.273	316.673	1247.775	658.983	0.141	0.073	0.234	0.642
sub-111_task-EyeTracking_physio	102	-570.608	-345.600	225.008	1266.755	686.830	0.118	0.044	0.410	0.323
sub-111_task-EyeTracking_physio	102	-45.596	229.412	275.008	1262.025	693.805	0.175	0.110	0.249	1.336
sub-111_task-EyeTracking_physio	102	246.083	512.757	266.674	1267.195	767.440	0.102	0.041	0.373	0.293
sub-111_task-EyeTracking_physio	102	529.423	687.757	158.334	1365.695	829.415	0.111	0.021	0.275	0.198
sub-111_task-EyeTracking_physio	102	721.090	896.100	175.010	1468.505	911.670	0.118	0.021	0.183	0.301
sub-111_task-EyeTracking_physio	102	912.767	1312.775	400.008	1569.243	901.340	0.107	0.034	0.371	0.291
sub-111_task-EyeTracking_physio	102	1329.441	1471.112	141.671	1575.955	873.445	0.070	0.014	0.113	0.164
sub-111_task-EyeTracking_physio	102	1504.444	1679.453	175.009	1532.950	702.805	0.106	0.023	0.230	0.177
sub-111_task-EyeTracking_physio	102	1704.453	2029.455	325.002	1424.630	588.435	0.226	0.063	0.303	0.743
sub-111_task-EyeTracking_physio	102	2054.456	2246.131	191.675	1144.150	607.695	0.152	0.050	0.326	0.449
sub-111_task-EyeTracking_physio	102	2262.797	2429.464	166.667	1075.638	650.473	0.106	0.032	0.208	0.349
sub-111_task-EyeTracking_physio	102	2454.463	2646.138	191.675	1020.010	718.670	0.123	0.040	0.206	0.368
sub-111_task-EyeTracking_physio	102	2662.805	3004.484	341.679	1026.370	828.030	0.137	0.041	0.246	0.608
sub-111_task-EyeTracking_physio	103	-557.369	-432.366	125.003	1285.555	660.640	0.197	0.098	0.240	0.771
sub-111_task-EyeTracking_physio	103	-424.033	225.983	650.016	1264.385	714.007	0.111	0.064	0.379	0.461
sub-111_task-EyeTracking_physio	103	242.649	567.655	325.006	1272.390	755.050	0.124	0.069	0.287	0.502
sub-111_task-EyeTracking_physio	103	584.321	784.327	200.006	1229.030	732.558	0.097	0.036	0.242	0.282
sub-111_task-EyeTracking_physio	103	800.993	1517.674	716.681	1267.275	727.298	0.120	0.067	0.436	0.479
sub-111_task-EyeTracking_physio	103	1551.012	1709.347	158.335	1344.110	673.180	0.104	0.022	0.202	0.268
sub-111_task-EyeTracking_physio	103	1734.346	2001.021	266.675	1408.097	646.252	0.134	0.041	0.204	0.392
sub-111_task-EyeTracking_physio	103	2017.686	2201.027	183.341	1426.705	691.717	0.118	0.037	0.292	0.338
sub-111_task-EyeTracking_physio	103	2226.027	2434.362	208.335	1478.270	761.375	0.108	0.027	0.155	0.351
sub-111_task-EyeTracking_physio	103	2451.033	2684.367	233.334	1556.500	769.640	0.123	0.031	0.270	0.240
sub-111_task-EyeTracking_physio	103	2701.039	2901.042	200.003	1601.910	803.128	0.119	0.039	0.317	0.296
sub-111_task-EyeTracking_physio	104	-1820.069	-1720.066	100.003	1437.567	710.473	0.429	0.338	0.190	2.811
sub-111_task-EyeTracking_physio	104	-1453.393	-1028.385	425.008	1248.700	711.655	0.134	0.098	0.331	0.725
sub-111_task-EyeTracking_physio	104	-761.712	-586.710	175.002	1269.395	684.075	0.178	0.135	0.377	0.807
sub-111_task-EyeTracking_physio	104	-220.033	254.980	475.013	1257.225	705.485	0.177	0.280	0.728	1.333
sub-111_task-EyeTracking_physio	104	279.979	446.647	166.668	1096.072	775.447	0.100	0.024	0.218	0.267
sub-111_task-EyeTracking_physio	104	471.654	671.655	200.001	1019.750	796.298	0.092	0.029	0.211	0.336
sub-111_task-EyeTracking_physio	104	696.654	879.994	183.340	980.910	819.820	0.110	0.026	0.187	0.376
sub-111_task-EyeTracking_physio	104	896.660	1388.340	491.680	917.495	837.855	0.109	0.053	0.447	0.404
sub-111_task-EyeTracking_physio	104	1421.674	1730.013	308.339	1465.825	842.660	0.112	0.032	0.348	0.229
sub-111_task-EyeTracking_physio	104	1755.013	2021.684	266.671	1501.815	734.077	0.108	0.034	0.329	0.244
sub-111_task-EyeTracking_physio	104	2038.351	2221.693	183.342	1450.505	629.738	0.093	0.034	0.190	0.436
sub-111_task-EyeTracking_physio	104	2246.693	2521.699	275.006	1277.535	574.075	0.147	0.073	0.348	0.501
sub-111_task-EyeTracking_physio	104	2538.365	2780.036	241.671	1143.360	606.795	0.132	0.041	0.318	0.333
sub-111_task-EyeTracking_physio	104	2805.036	3005.038	200.002	1080.690	712.045	0.148	0.041	0.218	0.527
sub-111_task-EyeTracking_physio	105	-73.502	376.506	450.008	1292.620	700.035	0.134	0.091	0.361	0.932
sub-111_task-EyeTracking_physio	105	393.173	651.525	258.352	1373.810	766.285	0.164	0.085	0.617	0.451
sub-111_task-EyeTracking_physio	105	684.859	1034.864	350.005	1100.490	831.995	0.123	0.053	0.590	0.315
sub-111_task-EyeTracking_physio	105	1059.863	1284.869	225.006	1072.325	742.560	0.091	0.031	0.205	0.261
sub-111_task-EyeTracking_physio	105	1309.870	1601.546	291.676	1053.235	692.110	0.095	0.019	0.170	0.305
sub-111_task-EyeTracking_physio	105	1618.212	1843.213	225.001	1087.125	691.045	0.133	0.046	0.321	0.330
sub-111_task-EyeTracking_physio	105	1893.217	2076.552	183.335	1570.273	688.710	0.149	0.057	0.412	0.278
sub-111_task-EyeTracking_physio	105	2093.220	2501.563	408.343	1634.240	720.315	0.107	0.049	0.349	0.394
sub-111_task-EyeTracking_physio	105	2534.900	2726.569	191.669	1453.485	509.535	0.127	0.032	0.167	0.391
sub-111_task-EyeTracking_physio	105	2751.569	2918.240	166.671	1398.412	510.653	0.139	0.045	0.283	0.430
sub-111_task-EyeTracking_physio	106	-3662.522	-3154.177	508.345	1259.945	584.050	0.171	0.109	0.417	0.874
sub-111_task-EyeTracking_physio	106	-2920.853	-2595.836	325.017	1271.825	648.420	0.137	0.076	0.297	0.502
sub-111_task-EyeTracking_physio	106	-2354.163	-2112.490	241.673	1252.710	651.595	0.138	0.098	0.226	0.709
sub-111_task-EyeTracking_physio	106	-1837.485	-1687.481	150.004	1257.678	626.720	0.208	0.133	0.276	1.013
sub-111_task-EyeTracking_physio	106	-1679.148	-1512.480	166.668	1265.165	657.145	0.121	0.034	0.255	0.246
sub-111_task-EyeTracking_physio	106	-1445.810	-1045.801	400.009	406.803	552.825	0.161	0.111	0.650	0.486
sub-111_task-EyeTracking_physio	106	-812.462	-687.462	125.000	1241.410	686.830	0.232	0.145	0.309	0.811
sub-111_task-EyeTracking_physio	106	-662.459	-370.787	291.672	1266.030	716.835	0.107	0.042	0.349	0.264
sub-111_task-EyeTracking_physio	106	-129.114	229.216	358.330	1257.700	714.740	0.151	0.115	0.396	0.987
sub-111_task-EyeTracking_physio	106	245.896	437.565	191.669	1281.475	733.455	0.118	0.030	0.329	0.215
sub-111_task-EyeTracking_physio	106	462.564	645.905	183.341	1494.065	763.213	0.131	0.039	0.307	0.273
sub-111_task-EyeTracking_physio	106	679.229	912.578	233.349	1559.095	564.765	0.154	0.064	0.266	0.587
sub-111_task-EyeTracking_physio	106	929.244	1129.245	200.001	1461.213	506.082	0.145	0.082	0.361	0.394
sub-111_task-EyeTracking_physio	106	1154.251	1345.918	191.667	1173.030	496.930	0.150	0.043	0.400	0.249
sub-111_task-EyeTracking_physio	106	1370.919	1512.588	141.669	1116.205	520.120	0.142	0.036	0.274	0.278
sub-111_task-EyeTracking_physio	106	1545.925	1729.261	183.336	985.235	819.933	0.148	0.042	0.308	0.477
sub-111_task-EyeTracking_physio	106	1745.927	2154.268	408.341	946.840	917.510	0.097	0.024	0.339	0.219
sub-111_task-EyeTracking_physio	106	2220.941	2554.278	333.337	1663.790	832.902	0.102	0.041	0.379	0.311
sub-111_task-EyeTracking_physio	106	2595.942	2912.621	316.679	1578.160	818.207	0.093	0.027	0.298	0.244
sub-111_task-EyeTracking_physio	107	-2325.756	-2200.754	125.002	2046.945	180.115	0.261	0.120	0.589	0.387
sub-111_task-EyeTracking_physio	107	-1667.407	-1509.073	158.334	1424.365	478.020	0.267	0.171	0.260	1.098
sub-111_task-EyeTracking_physio	107	-1275.731	-1150.729	125.002	1284.770	574.645	0.292	0.198	0.276	1.688
sub-111_task-EyeTracking_physio	107	-1125.730	-975.727	150.003	1248.827	694.288	0.181	0.053	0.299	0.534
sub-111_task-EyeTracking_physio	107	-217.374	-42.373	175.001	1262.440	820.210	0.119	0.101	0.255	0.852
sub-111_task-EyeTracking_physio	107	-25.707	115.960	141.667	1262.760	709.755	0.100	0.038	0.269	0.404
sub-111_task-EyeTracking_physio	107	249.299	457.640	208.341	1283.640	658.275	0.229	0.100	0.340	0.736
sub-111_task-EyeTracking_physio	107	490.973	674.306	183.333	1387.885	627.067	0.129	0.058	0.242	0.465
sub-111_task-EyeTracking_physio	107	690.981	974.319	283.338	1407.670	574.800	0.155	0.063	0.249	0.609
sub-111_task-EyeTracking_physio	107	990.985	1240.991	250.006	1477.988	536.740	0.156	0.069	0.332	0.450
sub-111_task-EyeTracking_physio	107	1257.657	1399.327	141.670	1545.070	565.630	0.137	0.035	0.259	0.284
sub-111_task-EyeTracking_physio	107	1432.660	1724.330	291.670	1526.410	872.325	0.132	0.078	0.429	0.674
sub-111_task-EyeTracking_physio	107	1749.338	2124.347	375.009	1228.300	855.815	0.126	0.044	0.489	0.303
sub-111_task-EyeTracking_physio	107	2141.013	2307.683	166.670	1152.415	811.370	0.131	0.043	0.310	0.334
sub-111_task-EyeTracking_physio	107	2341.015	2691.026	350.011	1385.658	572.310	0.118	0.091	0.525	0.439
sub-111_task-EyeTracking_physio	107	2724.359	2891.027	166.668	1471.062	590.220	0.107	0.035	0.322	0.233
sub-111_task-EyeTracking_physio	107	2907.694	3007.695	100.001	1553.770	623.202	0.235	0.071	0.618	0.175
sub-111_task-EyeTracking_physio	108	-1004.819	-721.482	283.337	1226.665	645.895	0.174	0.180	0.423	0.942
sub-111_task-EyeTracking_physio	108	-696.479	-479.809	216.670	1323.025	665.878	0.107	0.042	0.393	0.262
sub-111_task-EyeTracking_physio	108	-238.137	-129.800	108.337	1303.845	691.355	0.239	0.126	0.191	1.154
sub-111_task-EyeTracking_physio	108	-113.134	286.875	400.009	1272.425	714.092	0.150	0.071	0.423	0.529
sub-111_task-EyeTracking_physio	108	303.542	586.881	283.339	1283.025	665.360	0.143	0.041	0.229	0.365
sub-111_task-EyeTracking_physio	108	695.217	920.224	225.007	945.455	731.865	0.153	0.065	0.302	0.468
sub-111_task-EyeTracking_physio	108	936.891	1086.894	150.003	971.600	824.685	0.117	0.031	0.227	0.260
sub-111_task-EyeTracking_physio	108	1111.894	1353.565	241.671	976.625	918.540	0.100	0.022	0.170	0.349
sub-111_task-EyeTracking_physio	108	1386.897	1570.239	183.342	938.507	979.520	0.118	0.030	0.210	0.338
sub-111_task-EyeTracking_physio	108	1595.239	2086.915	491.676	946.390	935.890	0.088	0.031	0.319	0.330
sub-111_task-EyeTracking_physio	108	2128.582	2353.591	225.009	1347.420	601.385	0.123	0.057	0.366	0.332
sub-111_task-EyeTracking_physio	108	2361.924	2503.593	141.669	1320.565	623.620	0.110	0.036	0.218	0.290
sub-111_task-EyeTracking_physio	108	2520.260	2861.938	341.678	1382.900	646.495	0.088	0.031	0.387	0.255
sub-111_task-EyeTracking_physio	108	2903.603	3003.606	100.003	976.862	911.043	0.092	0.026	0.279	0.185
sub-111_task-EyeTracking_physio	109	-1783.789	-1517.117	266.672	977.995	919.452	0.088	0.029	0.253	0.340
sub-111_task-EyeTracking_physio	109	-900.435	-742.099	158.336	1325.425	600.815	0.271	0.285	0.419	1.805
sub-111_task-EyeTracking_physio	109	-458.756	341.262	800.018	1266.073	731.372	0.135	0.126	0.626	0.900
sub-111_task-EyeTracking_physio	109	357.929	516.264	158.335	1354.035	738.340	0.138	0.065	0.415	0.357
sub-111_task-EyeTracking_physio	109	541.264	782.937	241.673	1458.515	746.790	0.126	0.044	0.277	0.338
sub-111_task-EyeTracking_physio	109	799.604	982.944	183.340	1490.635	845.658	0.191	0.059	0.269	0.501
sub-111_task-EyeTracking_physio	109	991.277	1182.947	191.670	1437.995	886.490	0.159	0.063	0.443	0.343
sub-111_task-EyeTracking_physio	109	1207.947	1382.953	175.006	1407.295	852.850	0.096	0.018	0.167	0.306
sub-111_task-EyeTracking_physio	109	1399.619	1749.625	350.006	1346.830	862.618	0.109	0.036	0.328	0.288
sub-111_task-EyeTracking_physio	109	1774.629	2057.968	283.339	1288.020	865.940	0.096	0.026	0.199	0.272
sub-111_task-EyeTracking_physio	109	2091.300	2266.302	175.002	1179.040	773.630	0.113	0.023	0.227	0.264
sub-111_task-EyeTracking_physio	109	2282.969	2624.645	341.676	1103.710	725.970	0.107	0.027	0.207	0.309
sub-111_task-EyeTracking_physio	109	2649.645	2924.651	275.006	1022.535	647.645	0.131	0.051	0.347	0.410
sub-111_task-EyeTracking_physio	110	-1537.919	-1337.913	200.006	1324.870	372.765	0.506	0.452	0.384	2.370
sub-111_task-EyeTracking_physio	110	-1121.245	-712.899	408.346	1403.830	464.930	0.149	0.060	0.183	0.855
sub-111_task-EyeTracking_physio	110	-529.563	-312.889	216.674	1245.273	704.020	0.254	0.154	0.227	2.394
sub-111_task-EyeTracking_physio	110	53.783	395.458	341.675	1254.710	705.180	0.105	0.031	0.263	0.357
sub-111_task-EyeTracking_physio	110	403.792	570.461	166.669	1194.678	776.530	0.129	0.043	0.288	0.334
sub-111_task-EyeTracking_physio	110	587.131	762.135	175.004	1116.990	839.360	0.137	0.039	0.372	0.193
sub-111_task-EyeTracking_physio	110	778.800	1120.478	341.678	1041.760	832.075	0.110	0.048	0.267	0.413
sub-111_task-EyeTracking_physio	110	1170.477	1428.816	258.339	1029.355	650.650	0.137	0.033	0.203	0.374
sub-111_task-EyeTracking_physio	110	1445.482	1845.491	400.009	1132.425	608.480	0.121	0.046	0.361	0.352
sub-111_task-EyeTracking_physio	110	1870.490	2020.494	150.004	1332.320	634.830	0.173	0.045	0.428	0.301
sub-111_task-EyeTracking_physio	110	2037.164	2362.169	325.005	1435.070	678.060	0.181	0.071	0.636	0.516
sub-111_task-EyeTracking_physio	110	2387.170	2562.177	175.007	1395.525	723.710	0.101	0.016	0.182	0.190
sub-111_task-EyeTracking_physio	110	2578.842	2812.178	233.336	1401.507	847.207	0.159	0.058	0.319	0.485
sub-111_task-EyeTracking_physio	110	2828.849	3003.852	175.003	1425.320	891.990	0.137	0.037	0.251	0.262
sub-111_task-EyeTracking_physio	111	-824.894	-499.890	325.004	1280.330	646.330	0.134	0.072	0.420	0.517
sub-111_task-EyeTracking_physio	111	-183.212	316.797	500.009	1260.225	719.385	0.097	0.083	0.345	0.561
sub-111_task-EyeTracking_physio	111	341.797	550.135	208.338	1196.605	742.875	0.114	0.050	0.255	0.355
sub-111_task-EyeTracking_physio	111	575.139	758.475	183.336	1113.330	727.678	0.143	0.050	0.328	0.270
sub-111_task-EyeTracking_physio	111	775.141	1233.489	458.348	1126.030	706.605	0.117	0.031	0.279	0.308
sub-111_task-EyeTracking_physio	111	1350.158	1741.833	391.675	1496.605	749.730	0.163	0.099	0.391	0.720
sub-111_task-EyeTracking_physio	111	1758.499	1950.169	191.670	1417.115	834.365	0.142	0.054	0.385	0.635
sub-111_task-EyeTracking_physio	111	2100.172	2391.849	291.677	1337.520	906.010	0.157	0.150	0.414	0.955
sub-111_task-EyeTracking_physio	111	2433.514	2758.520	325.006	1551.570	621.585	0.106	0.042	0.365	0.313
sub-111_task-EyeTracking_physio	111	2775.187	3008.527	233.340	1468.447	634.940	0.146	0.080	0.398	0.428
sub-111_task-EyeTracking_physio	112	-3130.658	-3013.985	116.673	1132.255	488.142	0.326	0.199	0.245	1.863
sub-111_task-EyeTracking_physio	112	-2980.653	-2638.981	341.672	1242.580	589.345	0.116	0.041	0.296	0.473
sub-111_task-EyeTracking_physio	112	-2313.971	-1888.964	425.007	1266.035	666.555	0.120	0.082	0.344	0.574
sub-111_task-EyeTracking_physio	112	-1213.957	-1088.948	125.009	1294.325	649.210	0.278	0.260	0.233	2.035
sub-111_task-EyeTracking_physio	112	-1072.281	-580.601	491.680	1268.855	688.145	0.114	0.058	0.329	0.568
sub-111_task-EyeTracking_physio	112	-330.592	-147.257	183.335	1299.512	736.923	0.133	0.042	0.192	0.552
sub-111_task-EyeTracking_physio	112	-130.588	202.752	333.340	1282.628	717.310	0.095	0.029	0.304	0.266
sub-111_task-EyeTracking_physio	112	219.419	602.761	383.342	1322.858	723.965	0.115	0.047	0.360	0.370
sub-111_task-EyeTracking_physio	112	627.760	794.433	166.673	1183.062	731.530	0.148	0.048	0.271	0.360
sub-111_task-EyeTracking_physio	112	819.432	994.437	175.005	1090.000	714.165	0.133	0.065	0.391	0.321
sub-111_task-EyeTracking_physio	112	1011.103	1511.117	500.014	998.255	760.035	0.463	1.463	1.811	3.256
sub-111_task-EyeTracking_physio	112	1527.784	1752.789	225.005	979.860	720.500	0.123	0.050	0.369	0.386
sub-111_task-EyeTracking_physio	112	1769.455	1944.456	175.001	948.160	626.840	0.150	0.036	0.212	0.384
sub-111_task-EyeTracking_physio	112	1969.461	2427.803	458.342	910.040	576.465	0.131	0.045	0.289	0.485
sub-111_task-EyeTracking_physio	112	2544.473	2794.479	250.006	1569.702	725.428	0.169	0.102	0.502	0.686
sub-111_task-EyeTracking_physio	112	2836.145	3002.817	166.672	1575.260	877.737	0.114	0.023	0.226	0.200
sub-111_task-EyeTracking_physio	113	-2102.442	-1619.097	483.345	1274.593	666.107	0.176	0.094	0.416	0.655
sub-111_task-EyeTracking_physio	113	-1402.433	-1177.431	225.002	1246.230	676.200	0.151	0.080	0.399	0.612
sub-111_task-EyeTracking_physio	113	-927.415	-694.082	233.333	1270.612	696.382	0.151	0.104	0.250	0.834
sub-111_task-EyeTracking_physio	113	-477.403	-127.396	350.007	1262.108	725.773	0.127	0.053	0.211	0.699
sub-111_task-EyeTracking_physio	113	-102.398	280.937	383.335	1275.477	699.158	0.114	0.036	0.277	0.372
sub-111_task-EyeTracking_physio	113	297.608	955.965	658.357	1168.300	739.065	0.730	4.549	2.067	4.381
sub-111_task-EyeTracking_physio	113	972.632	1205.966	233.334	1097.092	701.837	0.141	0.051	0.339	0.284
sub-111_task-EyeTracking_physio	113	1347.640	1597.642	250.002	1531.497	533.065	0.121	0.061	0.357	0.424
sub-111_task-EyeTracking_physio	113	1622.643	1872.652	250.009	1555.213	615.013	0.116	0.034	0.215	0.483
sub-111_task-EyeTracking_physio	113	1897.652	2089.321	191.669	1456.070	452.915	0.194	0.075	0.282	0.701
sub-111_task-EyeTracking_physio	113	2105.987	2455.996	350.009	1481.840	470.940	0.115	0.077	0.297	0.629
sub-111_task-EyeTracking_physio	113	2505.995	2789.340	283.345	1557.065	896.620	0.157	0.099	0.379	0.681
sub-111_task-EyeTracking_physio	113	2806.006	2981.008	175.002	1488.215	917.900	0.124	0.030	0.368	0.197
sub-111_task-EyeTracking_physio	114	-1539.805	-1281.465	258.340	340.760	52.875	0.186	0.110	0.437	0.496
sub-111_task-EyeTracking_physio	114	-1064.798	-864.790	200.008	1270.890	686.860	0.136	0.092	0.382	0.561
sub-111_task-EyeTracking_physio	114	-531.452	-73.106	458.346	1244.310	732.185	0.136	0.071	0.322	0.610
sub-111_task-EyeTracking_physio	114	-56.439	410.227	466.666	1263.808	701.560	0.155	0.065	0.328	0.582
sub-111_task-EyeTracking_physio	114	435.233	593.578	158.345	1084.600	764.700	0.151	0.038	0.244	0.245
sub-111_task-EyeTracking_physio	114	618.578	810.247	191.669	933.385	789.075	0.139	0.031	0.313	0.282
sub-111_task-EyeTracking_physio	114	835.247	1076.923	241.676	893.155	799.895	0.091	0.036	0.330	0.216
sub-111_task-EyeTracking_physio	114	1093.589	1335.263	241.674	899.390	720.930	0.094	0.031	0.185	0.325
sub-111_task-EyeTracking_physio	114	1360.262	1610.270	250.008	939.522	624.845	0.113	0.045	0.372	0.368
sub-111_task-EyeTracking_physio	114	1626.935	2293.621	666.686	1057.780	599.705	0.121	0.061	0.406	0.455
sub-111_task-EyeTracking_physio	114	2310.288	2443.623	133.335	1035.660	622.947	0.118	0.026	0.185	0.275
sub-111_task-EyeTracking_physio	114	2468.623	2943.635	475.012	968.365	724.045	0.103	0.022	0.222	0.413
sub-111_task-EyeTracking_physio	115	-1243.335	-1043.327	200.008	1056.355	626.500	0.143	0.045	0.213	0.425
sub-111_task-EyeTracking_physio	115	-434.991	65.029	500.020	1267.513	687.183	0.122	0.066	0.305	0.672
sub-111_task-EyeTracking_physio	115	223.366	473.373	250.007	1268.505	689.235	0.180	0.082	0.240	0.870
sub-111_task-EyeTracking_physio	115	498.373	740.047	241.674	1536.910	505.780	0.156	0.071	0.380	0.513
sub-111_task-EyeTracking_physio	115	756.712	1056.722	300.010	1550.262	571.237	0.123	0.064	0.318	0.597
sub-111_task-EyeTracking_physio	115	1073.388	1273.390	200.002	1507.435	589.472	0.128	0.052	0.286	0.436
sub-111_task-EyeTracking_physio	115	1290.057	1873.407	583.350	1481.970	669.495	0.171	0.170	0.610	0.957
sub-111_task-EyeTracking_physio	115	1915.073	2348.414	433.341	1061.410	581.765	0.163	0.066	0.465	0.514
sub-111_task-EyeTracking_physio	115	2398.419	2556.755	158.336	1047.400	821.565	0.090	0.016	0.176	0.211
sub-111_task-EyeTracking_physio	115	2573.422	2931.765	358.343	1029.445	936.810	0.109	0.039	0.268	0.462
sub-111_task-EyeTracking_physio	116	-696.949	-421.944	275.005	1270.700	672.055	0.164	0.104	0.278	1.042
sub-111_task-EyeTracking_physio	116	-38.601	303.075	341.676	1287.710	675.565	0.136	0.077	0.398	0.649
sub-111_task-EyeTracking_physio	116	328.074	561.413	233.339	1199.250	670.372	0.163	0.067	0.428	0.475
sub-111_task-EyeTracking_physio	116	586.413	1061.427	475.014	1150.365	640.850	0.110	0.035	0.296	0.393
sub-111_task-EyeTracking_physio	116	1094.759	1469.768	375.009	1540.185	637.650	0.106	0.044	0.334	0.384
sub-111_task-EyeTracking_physio	116	1494.768	1728.109	233.341	1604.745	668.707	0.147	0.054	0.276	0.551
sub-111_task-EyeTracking_physio	116	1736.442	1978.115	241.673	1623.145	667.930	0.100	0.038	0.288	0.351
sub-111_task-EyeTracking_physio	116	2011.447	2261.454	250.007	1481.517	879.428	0.123	0.080	0.308	0.544
sub-111_task-EyeTracking_physio	116	2278.120	2461.456	183.336	1407.947	900.432	0.134	0.073	0.291	0.412
sub-111_task-EyeTracking_physio	116	2486.460	2661.463	175.003	1482.050	868.080	0.114	0.043	0.270	0.322
sub-111_task-EyeTracking_physio	116	2686.463	3003.144	316.681	1528.602	852.860	0.078	0.027	0.237	0.249
sub-111_task-EyeTracking_physio	117	-951.273	-792.938	158.335	1211.900	667.405	0.192	0.214	0.405	1.465
sub-111_task-EyeTracking_physio	117	-784.604	-509.595	275.009	1256.000	684.470	0.156	0.043	0.582	0.275
sub-111_task-EyeTracking_physio	117	-184.590	273.758	458.348	1256.000	666.610	0.181	0.160	0.376	1.571
sub-111_task-EyeTracking_physio	117	290.424	573.764	283.340	1161.540	677.385	0.102	0.053	0.234	0.523
sub-111_task-EyeTracking_physio	117	590.430	915.436	325.006	1088.720	684.580	0.139	0.050	0.242	0.374
sub-111_task-EyeTracking_physio	117	932.106	1190.452	258.346	1138.920	711.020	0.116	0.031	0.252	0.278
sub-111_task-EyeTracking_physio	117	1215.452	1415.449	199.997	1172.835	683.817	0.087	0.024	0.277	0.232
sub-111_task-EyeTracking_physio	117	1440.449	1673.785	233.336	1345.460	623.033	0.111	0.028	0.236	0.214
sub-111_task-EyeTracking_physio	117	1690.452	1923.793	233.341	1403.780	631.727	0.115	0.031	0.319	0.318
sub-111_task-EyeTracking_physio	117	1940.460	2315.469	375.009	1366.900	673.245	0.107	0.038	0.290	0.370
sub-111_task-EyeTracking_physio	117	2340.469	2665.478	325.009	1372.765	774.975	0.096	0.025	0.210	0.279
sub-111_task-EyeTracking_physio	117	2690.477	2948.817	258.340	1417.505	833.745	0.130	0.031	0.243	0.343
sub-111_task-EyeTracking_physio	118	-171.104	-46.094	125.010	1329.715	725.915	0.149	0.064	0.162	0.717
sub-111_task-EyeTracking_physio	118	-37.760	278.914	316.674	1261.210	713.710	0.123	0.024	0.300	0.287
sub-111_task-EyeTracking_physio	118	303.914	528.918	225.004	1297.555	698.240	0.092	0.055	0.221	0.474
sub-111_task-EyeTracking_physio	118	562.252	812.259	250.007	1335.770	671.150	0.173	0.073	0.316	0.521
sub-111_task-EyeTracking_physio	118	837.258	1045.597	208.339	1361.005	578.530	0.192	0.079	0.318	0.573
sub-111_task-EyeTracking_physio	118	1062.263	1270.605	208.342	1363.045	512.125	0.177	0.086	0.302	0.510
sub-111_task-EyeTracking_physio	118	1287.270	1503.943	216.673	1390.360	482.392	0.187	0.052	0.225	0.456
sub-111_task-EyeTracking_physio	118	1528.943	2070.619	541.676	1437.245	483.570	0.188	0.081	0.347	0.951
sub-111_task-EyeTracking_physio	118	2095.619	3003.973	908.354	1373.675	505.760	0.154	0.111	0.517	0.576
sub-111_task-EyeTracking_physio	119	-4235.776	-3860.769	375.007	1299.720	641.765	0.140	0.078	0.349	0.649
sub-111_task-EyeTracking_physio	119	-3602.429	-3177.422	425.007	1260.485	673.615	0.142	0.076	0.213	0.892
sub-111_task-EyeTracking_physio	119	-2860.754	-2427.405	433.349	1274.453	674.908	0.111	0.061	0.246	0.591
sub-111_task-EyeTracking_physio	119	-2152.407	-1619.053	533.354	1269.500	674.915	0.106	0.083	0.329	0.534
sub-111_task-EyeTracking_physio	119	-1427.379	-1194.045	233.334	2316.870	529.582	0.149	0.077	0.398	0.532
sub-111_task-EyeTracking_physio	119	-952.375	-810.704	141.671	1268.165	670.310	0.322	0.185	0.284	1.518
sub-111_task-EyeTracking_physio	119	-219.020	-77.350	141.670	1291.895	749.195	0.146	0.044	0.200	0.347
sub-111_task-EyeTracking_physio	119	-60.684	339.325	400.009	1261.003	699.955	0.131	0.062	0.374	0.416
sub-111_task-EyeTracking_physio	119	389.326	622.663	233.337	1125.382	834.858	0.096	0.028	0.262	0.215
sub-111_task-EyeTracking_physio	119	656.002	1056.011	400.009	1353.613	984.618	0.107	0.035	0.263	0.444
sub-111_task-EyeTracking_physio	119	1064.345	1189.347	125.002	1344.360	949.265	0.098	0.021	0.143	0.263
sub-111_task-EyeTracking_physio	119	1239.347	1589.355	350.008	1642.325	736.520	0.095	0.028	0.185	0.397
sub-111_task-EyeTracking_physio	119	1606.022	1889.352	283.330	1613.412	707.652	0.086	0.020	0.186	0.228
sub-111_task-EyeTracking_physio	119	1931.018	2222.704	291.686	1433.000	952.265	0.115	0.046	0.311	0.426
sub-111_task-EyeTracking_physio	119	2256.029	2539.377	283.348	1552.860	663.515	0.113	0.029	0.214	0.368
sub-111_task-EyeTracking_physio	119	2564.377	2739.379	175.002	1579.895	646.940	0.094	0.019	0.177	0.208
sub-111_task-EyeTracking_physio	119	2772.715	3006.052	233.337	1620.615	637.840	0.105	0.019	0.196	0.249
sub-111_task-EyeTracking_physio	120	-2548.781	-2265.435	283.346	870.115	179.847	0.138	0.081	0.300	0.530
sub-111_task-EyeTracking_physio	120	-2073.765	-1873.766	199.999	1698.100	-20.525	0.254	0.296	0.595	1.166
sub-111_task-EyeTracking_physio	120	-1665.423	-1382.084	283.339	1291.418	359.755	0.277	0.105	0.279	1.007
sub-111_task-EyeTracking_physio	120	-1348.745	-907.070	441.675	1604.220	352.135	0.212	0.117	0.309	1.011
sub-111_task-EyeTracking_physio	120	-623.738	-398.722	225.016	1604.585	390.525	0.277	0.241	0.499	1.247
sub-111_task-EyeTracking_physio	120	59.620	334.629	275.009	1270.280	688.655	0.130	0.045	0.398	0.373
sub-111_task-EyeTracking_physio	120	367.961	609.636	241.675	1227.115	719.100	0.074	0.018	0.204	0.193
sub-111_task-EyeTracking_physio	120	642.970	917.975	275.005	994.910	734.170	0.105	0.038	0.323	0.320
sub-111_task-EyeTracking_physio	120	934.642	1351.316	416.674	1059.368	773.062	0.094	0.023	0.224	0.299
sub-111_task-EyeTracking_physio	120	1367.983	1684.660	316.677	1169.508	767.457	0.122	0.042	0.319	0.299
sub-111_task-EyeTracking_physio	120	1709.658	1951.335	241.677	1294.240	770.730	0.120	0.024	0.340	0.186
sub-111_task-EyeTracking_physio	120	1976.335	2301.344	325.009	1362.200	722.395	0.116	0.024	0.413	0.213
sub-111_task-EyeTracking_physio	120	2318.011	2668.015	350.004	1457.642	698.122	0.134	0.040	0.453	0.309
sub-111_task-EyeTracking_physio	120	2684.682	3009.693	325.011	1507.440	684.880	0.168	0.056	0.531	0.387
sub-111_task-EyeTracking_physio	121	-1544.180	-1435.848	108.332	1447.392	1056.327	3.611	72.383	8.135	12.666
sub-111_task-EyeTracking_physio	121	-1002.503	-602.497	400.006	1311.293	737.503	0.124	0.056	0.352	0.535
sub-111_task-EyeTracking_physio	121	-294.156	-194.154	100.002	1300.503	649.497	0.255	0.222	0.252	1.513
sub-111_task-EyeTracking_physio	121	-177.488	289.193	466.681	1264.138	694.192	0.110	0.034	0.239	0.379
sub-111_task-EyeTracking_physio	121	305.859	489.195	183.336	1239.832	684.757	0.092	0.029	0.230	0.311
sub-111_task-EyeTracking_physio	121	530.861	972.541	441.680	1117.535	712.200	0.113	0.030	0.158	0.475
sub-111_task-EyeTracking_physio	121	1005.875	1155.877	150.002	1159.267	760.827	0.100	0.031	0.187	0.334
sub-111_task-EyeTracking_physio	121	1172.543	1772.560	600.017	1213.645	821.560	0.111	0.042	0.332	0.385
sub-111_task-EyeTracking_physio	121	1805.893	1972.561	166.668	1371.240	729.235	0.148	0.038	0.348	0.329
sub-111_task-EyeTracking_physio	121	1989.232	2172.568	183.336	1481.332	652.980	0.135	0.047	0.235	0.403
sub-111_task-EyeTracking_physio	121	2197.568	2405.907	208.339	1533.325	608.240	0.197	0.039	0.279	0.431
sub-111_task-EyeTracking_physio	121	2422.574	2672.579	250.005	1495.372	570.487	0.160	0.033	0.206	0.411
sub-111_task-EyeTracking_physio	121	2689.246	2955.918	266.672	1557.102	557.465	0.149	0.045	0.262	0.414
sub-111_task-EyeTracking_physio	122	-597.609	-480.937	116.672	1281.818	515.040	0.319	0.114	0.217	1.553
sub-111_task-EyeTracking_physio	122	-197.599	-55.926	141.673	1303.280	737.025	0.144	0.102	0.275	0.836
sub-111_task-EyeTracking_physio	122	-39.259	394.085	433.344	1280.225	705.452	0.110	0.036	0.260	0.387
sub-111_task-EyeTracking_physio	122	435.750	802.428	366.678	1278.755	617.227	0.094	0.027	0.205	0.336
sub-111_task-EyeTracking_physio	122	827.427	969.096	141.669	1101.750	594.415	0.150	0.043	0.243	0.359
sub-111_task-EyeTracking_physio	122	1010.762	1444.109	433.347	974.455	807.398	0.123	0.030	0.231	0.568
sub-111_task-EyeTracking_physio	122	1485.774	1819.117	333.343	1546.733	738.020	0.118	0.031	0.396	0.260
sub-111_task-EyeTracking_physio	122	1844.118	2027.452	183.334	1560.668	688.223	0.076	0.034	0.293	0.235
sub-111_task-EyeTracking_physio	122	2044.120	2452.463	408.343	1503.470	645.665	0.095	0.033	0.198	0.426
sub-111_task-EyeTracking_physio	122	2469.133	3002.484	533.351	1487.442	670.668	0.119	0.047	0.353	0.347
sub-111_task-EyeTracking_physio	123	-2593.986	-2493.983	100.003	1358.740	1458.523	NaN	0.000	2.818	0.998
sub-111_task-EyeTracking_physio	123	-2443.982	-2343.979	100.003	1305.065	668.122	0.314	0.213	0.267	1.452
sub-111_task-EyeTracking_physio	123	-2093.972	-1260.621	833.351	1266.832	720.263	0.100	0.063	0.309	0.803
sub-111_task-EyeTracking_physio	123	-1035.614	-818.943	216.671	1266.360	700.775	0.134	0.051	0.201	0.548
sub-111_task-EyeTracking_physio	123	-552.267	-335.601	216.666	1258.453	711.940	0.128	0.078	0.246	0.612
sub-111_task-EyeTracking_physio	123	-77.261	247.749	325.010	1258.060	725.400	0.158	0.083	0.476	0.635
sub-111_task-EyeTracking_physio	123	272.749	506.089	233.340	1255.318	760.105	0.117	0.050	0.321	0.408
sub-111_task-EyeTracking_physio	123	531.089	864.428	333.339	1583.237	748.380	0.141	0.055	0.350	0.402
sub-111_task-EyeTracking_physio	123	881.094	1047.767	166.673	1575.670	819.582	0.124	0.028	0.200	0.343
sub-111_task-EyeTracking_physio	123	1064.434	1306.107	241.673	1544.575	923.220	0.125	0.037	0.293	0.451
sub-111_task-EyeTracking_physio	123	1331.106	1639.444	308.338	1587.155	919.050	0.093	0.029	0.261	0.272
sub-111_task-EyeTracking_physio	123	1656.111	1814.452	158.341	1477.300	885.965	0.139	0.044	0.459	0.202
sub-111_task-EyeTracking_physio	123	1856.119	2356.131	500.012	959.957	836.957	0.113	0.048	0.419	0.386
sub-111_task-EyeTracking_physio	123	2389.464	2714.467	325.003	1379.055	618.065	0.127	0.046	0.388	0.305
sub-111_task-EyeTracking_physio	123	2731.139	3006.143	275.004	1399.415	674.345	0.107	0.037	0.227	0.433
sub-111_task-EyeTracking_physio	124	-730.831	-547.498	183.333	1180.798	500.200	0.198	0.075	0.142	0.847
sub-111_task-EyeTracking_physio	124	-22.486	327.526	350.012	1296.062	693.885	0.138	0.050	0.327	0.429
sub-111_task-EyeTracking_physio	124	352.524	685.861	333.337	1283.812	734.683	0.102	0.023	0.223	0.313
sub-111_task-EyeTracking_physio	124	719.200	1010.874	291.674	1373.415	616.990	0.129	0.034	0.261	0.381
sub-111_task-EyeTracking_physio	124	1035.873	1294.212	258.339	1392.345	639.985	0.128	0.032	0.153	0.446
sub-111_task-EyeTracking_physio	124	1310.878	1727.552	416.674	1405.802	587.138	0.132	0.035	0.237	0.423
sub-111_task-EyeTracking_physio	124	1735.886	2127.561	391.675	1422.275	586.195	0.193	0.067	0.375	0.684
sub-111_task-EyeTracking_physio	124	2144.228	2510.903	366.675	1459.642	568.217	0.130	0.029	0.223	0.363
sub-111_task-EyeTracking_physio	124	2535.902	3002.583	466.681	1435.065	531.783	0.147	0.062	0.355	0.615
sub-111_task-EyeTracking_physio	125	-826.112	-667.774	158.338	1259.305	593.670	0.245	0.159	0.310	0.953
sub-111_task-EyeTracking_physio	125	-301.099	240.569	541.668	1270.215	705.255	0.155	0.069	0.425	0.648
sub-111_task-EyeTracking_physio	125	265.577	423.915	158.338	1308.595	732.020	0.102	0.020	0.130	0.264
sub-111_task-EyeTracking_physio	125	440.582	615.587	175.005	1345.015	726.135	0.084	0.017	0.192	0.172
sub-111_task-EyeTracking_physio	125	632.252	823.923	191.671	1447.610	768.715	0.105	0.033	0.227	0.307
sub-111_task-EyeTracking_physio	125	848.923	1073.930	225.007	1490.360	809.350	0.119	0.048	0.322	0.312
sub-111_task-EyeTracking_physio	125	1090.597	1448.942	358.345	1488.430	856.250	0.124	0.037	0.329	0.345
sub-111_task-EyeTracking_physio	125	1473.943	1915.618	441.675	1453.845	809.190	0.125	0.040	0.335	0.424
sub-111_task-EyeTracking_physio	125	1957.285	2207.291	250.006	1408.483	668.267	0.115	0.031	0.231	0.252
sub-111_task-EyeTracking_physio	125	2240.623	2515.630	275.007	1096.820	817.645	0.184	0.044	0.362	0.482
sub-111_task-EyeTracking_physio	125	2540.629	2823.974	283.345	1035.975	797.178	0.104	0.020	0.244	0.286
sub-111_task-EyeTracking_physio	125	2848.974	3007.309	158.335	1000.095	792.870	0.083	0.021	0.206	0.233
sub-111_task-EyeTracking_physio	126	-571.431	-346.424	225.007	1247.805	690.510	0.161	0.116	0.266	0.942
sub-111_task-EyeTracking_physio	126	-38.086	370.257	408.343	1269.235	712.450	0.112	0.067	0.297	0.640
sub-111_task-EyeTracking_physio	126	386.923	686.935	300.012	1171.918	749.562	0.121	0.027	0.273	0.287
sub-111_task-EyeTracking_physio	126	728.600	1036.941	308.341	1357.740	948.350	0.164	0.047	0.302	0.489
sub-111_task-EyeTracking_physio	126	1153.612	1761.960	608.348	1384.950	535.625	0.159	0.043	0.254	0.622
sub-111_task-EyeTracking_physio	126	1778.626	1978.628	200.002	1284.858	588.075	0.158	0.049	0.357	0.319
sub-111_task-EyeTracking_physio	126	2003.633	2161.969	158.336	1163.060	665.515	0.164	0.047	0.430	0.304
sub-111_task-EyeTracking_physio	126	2186.970	2520.313	333.343	1087.848	760.785	0.118	0.033	0.394	0.421
sub-111_task-EyeTracking_physio	126	2536.978	2711.981	175.003	1164.860	757.355	0.106	0.024	0.196	0.255
sub-111_task-EyeTracking_physio	126	2736.981	2986.989	250.008	1499.697	741.830	0.126	0.034	0.364	0.301
sub-111_task-EyeTracking_physio	127	-15.942	250.732	266.674	1310.307	616.947	0.153	0.094	0.268	0.738
sub-111_task-EyeTracking_physio	127	284.065	567.403	283.338	1287.258	720.975	0.086	0.022	0.215	0.273
sub-111_task-EyeTracking_physio	127	592.407	784.077	191.670	1330.545	720.900	0.112	0.018	0.149	0.198
sub-111_task-EyeTracking_physio	127	800.743	984.082	183.339	1397.592	720.717	0.117	0.029	0.186	0.324
sub-111_task-EyeTracking_physio	127	1017.415	1234.089	216.674	1602.137	668.190	0.161	0.046	0.275	0.354
sub-111_task-EyeTracking_physio	127	1259.089	1542.428	283.339	1644.250	728.080	0.133	0.039	0.250	0.351
sub-111_task-EyeTracking_physio	127	1600.761	2075.773	475.012	970.235	880.670	0.093	0.020	0.272	0.317
sub-111_task-EyeTracking_physio	127	2117.439	2759.119	641.680	1270.645	669.355	0.139	0.038	0.496	0.327
sub-111_task-EyeTracking_physio	127	2784.119	3009.126	225.007	1225.280	670.000	0.126	0.028	0.167	0.329
sub-111_task-EyeTracking_physio	128	-60.699	272.641	333.340	1275.745	729.600	0.119	0.041	0.173	0.650
sub-111_task-EyeTracking_physio	128	289.308	539.314	250.006	1217.665	719.087	0.150	0.051	0.269	0.426
sub-111_task-EyeTracking_physio	128	555.980	847.654	291.674	1179.360	719.860	0.113	0.041	0.320	0.375
sub-111_task-EyeTracking_physio	128	872.656	1039.326	166.670	1240.115	718.800	0.125	0.031	0.245	0.242
sub-111_task-EyeTracking_physio	128	1072.659	1372.665	300.006	1292.170	732.005	0.094	0.023	0.252	0.265
sub-111_task-EyeTracking_physio	128	1389.332	1572.671	183.339	1356.860	714.993	0.108	0.032	0.182	0.379
sub-111_task-EyeTracking_physio	128	1597.670	1956.013	358.343	1404.900	723.490	0.130	0.040	0.320	0.334
sub-111_task-EyeTracking_physio	128	1989.345	2239.353	250.008	1371.163	684.425	0.118	0.022	0.175	0.322
sub-111_task-EyeTracking_physio	128	2256.020	2481.024	225.004	1330.250	693.050	0.135	0.034	0.272	0.296
sub-111_task-EyeTracking_physio	128	2506.024	2689.360	183.336	1263.715	731.587	0.101	0.024	0.181	0.328
sub-111_task-EyeTracking_physio	128	2706.030	2872.700	166.670	1234.515	728.310	0.099	0.024	0.171	0.294
sub-111_task-EyeTracking_physio	128	2906.033	3006.035	100.002	1042.912	626.195	0.133	0.053	0.311	0.365
sub-111_task-EyeTracking_physio	129	-1556.533	-1406.528	150.005	1273.053	628.485	0.651	0.429	0.301	2.926
sub-111_task-EyeTracking_physio	129	-1173.190	-931.517	241.673	1248.180	701.680	0.130	0.081	0.213	0.708
sub-111_task-EyeTracking_physio	129	-664.846	-489.842	175.004	1274.325	714.060	0.138	0.045	0.179	0.556
sub-111_task-EyeTracking_physio	129	-189.838	526.840	716.678	1258.368	713.100	0.132	0.080	0.484	0.759
sub-111_task-EyeTracking_physio	129	551.838	668.515	116.677	1052.170	802.890	0.197	0.061	0.437	0.341
sub-111_task-EyeTracking_physio	129	676.849	843.510	166.661	1058.310	842.840	0.209	0.325	0.321	1.590
sub-111_task-EyeTracking_physio	129	868.509	1085.193	216.684	1371.822	914.540	0.159	0.078	0.500	0.404
sub-111_task-EyeTracking_physio	129	1101.859	1243.528	141.669	1446.800	930.235	0.149	0.112	0.312	0.560
sub-111_task-EyeTracking_physio	129	1268.532	1435.202	166.670	1517.855	941.860	0.148	0.052	0.428	0.261
sub-111_task-EyeTracking_physio	129	1485.202	1818.548	333.346	1562.680	906.502	0.109	0.052	0.346	0.374
sub-111_task-EyeTracking_physio	129	1835.213	2101.883	266.670	1532.822	912.402	0.124	0.070	0.411	0.444
sub-111_task-EyeTracking_physio	129	2118.550	2593.562	475.012	1504.645	929.590	0.098	0.076	0.437	0.494
sub-111_task-EyeTracking_physio	129	2610.229	2918.568	308.339	1546.815	895.525	0.115	0.090	0.390	0.495
sub-111_task-EyeTracking_physio	130	-309.846	-126.514	183.332	1280.188	755.933	0.205	0.210	0.266	1.740
sub-111_task-EyeTracking_physio	130	-118.180	273.497	391.677	1264.340	740.070	0.128	0.052	0.339	0.385
sub-111_task-EyeTracking_physio	130	298.497	456.839	158.342	1332.820	731.800	0.107	0.063	0.324	0.513
sub-111_task-EyeTracking_physio	130	490.171	790.176	300.005	1397.580	721.630	0.107	0.047	0.332	0.366
sub-111_task-EyeTracking_physio	130	1065.181	1406.858	341.677	1402.580	554.040	0.245	0.121	0.327	1.228
sub-111_task-EyeTracking_physio	130	1440.190	1756.867	316.677	1032.490	677.490	0.157	0.058	0.547	0.322
sub-111_task-EyeTracking_physio	130	1781.867	1948.538	166.671	1338.173	724.812	0.191	0.054	0.578	0.229
sub-111_task-EyeTracking_physio	130	1965.205	2398.543	433.338	1401.575	723.888	0.123	0.047	0.443	0.449
sub-111_task-EyeTracking_physio	130	2423.549	3006.895	583.346	1353.135	725.145	0.119	0.069	0.529	0.388
sub-111_task-EyeTracking_physio	131	-2547.788	-2006.111	541.677	1359.990	730.895	0.091	0.030	0.330	0.325
sub-111_task-EyeTracking_physio	131	-1756.104	-1581.103	175.001	1279.935	609.950	0.138	0.077	0.271	0.554
sub-111_task-EyeTracking_physio	131	-1564.436	-1272.760	291.676	1291.060	673.895	0.126	0.039	0.252	0.396
sub-111_task-EyeTracking_physio	131	-1231.091	-1114.421	116.670	1262.013	689.665	0.091	0.030	0.245	0.191
sub-111_task-EyeTracking_physio	131	-872.748	218.942	1091.690	1264.310	685.985	0.129	0.085	0.422	0.846
sub-111_task-EyeTracking_physio	131	235.608	410.609	175.001	1292.005	724.445	0.129	0.053	0.247	0.348
sub-111_task-EyeTracking_physio	131	435.612	660.617	225.005	1344.495	755.045	0.116	0.033	0.341	0.320
sub-111_task-EyeTracking_physio	131	685.616	852.290	166.674	1409.878	772.857	0.125	0.045	0.215	0.314
sub-111_task-EyeTracking_physio	131	877.290	1185.629	308.339	1463.340	786.235	0.133	0.045	0.383	0.296
sub-111_task-EyeTracking_physio	131	1210.629	1410.636	200.007	1540.807	700.503	0.104	0.026	0.280	0.255
sub-111_task-EyeTracking_physio	131	1427.303	1718.975	291.672	1569.275	626.235	0.188	0.090	0.344	0.701
sub-111_task-EyeTracking_physio	131	1727.308	2010.652	283.344	1535.658	624.495	0.214	0.058	0.284	0.611
sub-111_task-EyeTracking_physio	131	2043.985	2243.987	200.002	1261.640	627.527	0.148	0.038	0.356	0.350
sub-111_task-EyeTracking_physio	131	2268.990	2485.662	216.672	1196.335	647.535	0.132	0.025	0.208	0.397
sub-111_task-EyeTracking_physio	131	2510.661	2752.333	241.672	1154.770	750.470	0.121	0.021	0.169	0.319
sub-111_task-EyeTracking_physio	131	2769.000	2944.006	175.006	1186.395	774.390	0.137	0.032	0.254	0.297
sub-111_task-EyeTracking_physio	132	-1643.289	-1426.617	216.672	1185.980	756.600	0.124	0.053	0.306	0.493
sub-111_task-EyeTracking_physio	132	-1109.947	-993.273	116.674	1222.887	585.805	0.509	1.068	1.814	1.346
sub-111_task-EyeTracking_physio	132	-918.274	-784.939	133.335	2296.472	403.795	0.217	0.103	0.403	0.500
sub-111_task-EyeTracking_physio	132	-584.933	-468.262	116.671	1295.322	547.247	0.280	0.189	0.274	1.150
sub-111_task-EyeTracking_physio	132	-443.262	-309.926	133.336	1259.665	625.453	0.161	0.052	0.280	0.477
sub-111_task-EyeTracking_physio	132	-51.589	231.752	283.341	1282.392	672.005	0.147	0.088	0.308	0.731
sub-111_task-EyeTracking_physio	132	248.418	448.426	200.008	1280.140	719.407	0.147	0.070	0.416	0.410
sub-111_task-EyeTracking_physio	132	465.092	748.432	283.340	1250.157	772.105	0.128	0.043	0.264	0.323
sub-111_task-EyeTracking_physio	132	765.097	1098.440	333.343	1171.850	785.617	0.122	0.036	0.314	0.335
sub-111_task-EyeTracking_physio	132	1115.107	1298.442	183.335	1128.888	786.538	0.153	0.047	0.435	0.304
sub-111_task-EyeTracking_physio	132	1315.114	1865.127	550.013	1112.628	831.985	0.099	0.036	0.282	0.387
sub-111_task-EyeTracking_physio	132	1890.126	2348.467	458.341	1237.145	755.105	0.143	0.180	0.928	0.533
sub-111_task-EyeTracking_physio	132	2381.803	2540.140	158.337	1341.785	760.635	0.074	0.024	0.194	0.199
sub-111_task-EyeTracking_physio	132	2556.807	2765.146	208.339	1424.470	774.890	0.115	0.048	0.312	0.374
sub-111_task-EyeTracking_physio	132	2781.812	3006.814	225.002	1495.730	799.710	0.141	0.040	0.370	0.300
sub-111_task-EyeTracking_physio	133	-2139.731	-1923.061	216.670	1253.235	582.947	0.137	0.055	0.211	0.615
sub-111_task-EyeTracking_physio	133	-1598.055	-1214.711	383.344	1268.483	663.910	0.148	0.074	0.248	0.904
sub-111_task-EyeTracking_physio	133	-1198.044	-1039.704	158.340	1261.810	682.470	0.121	0.031	0.251	0.218
sub-111_task-EyeTracking_physio	133	-731.366	-239.687	491.679	1262.095	689.775	0.109	0.058	0.282	0.621
sub-111_task-EyeTracking_physio	133	-231.354	226.987	458.341	1269.775	709.520	0.121	0.060	0.323	0.470
sub-111_task-EyeTracking_physio	133	235.320	501.995	266.675	1261.865	737.905	0.117	0.043	0.248	0.388
sub-111_task-EyeTracking_physio	133	526.998	702.002	175.004	1345.445	792.085	0.123	0.025	0.165	0.280
sub-111_task-EyeTracking_physio	133	718.669	1002.008	283.339	1432.438	809.393	0.141	0.050	0.402	0.353
sub-111_task-EyeTracking_physio	133	1035.341	1218.681	183.340	1502.043	789.533	0.080	0.013	0.212	0.137
sub-111_task-EyeTracking_physio	133	1243.681	1393.684	150.003	1516.372	710.940	0.109	0.034	0.254	0.243
sub-111_task-EyeTracking_physio	133	1418.682	1585.357	166.675	1445.148	548.450	0.156	0.036	0.172	0.495
sub-111_task-EyeTracking_physio	133	1602.024	1793.692	191.668	1308.425	542.620	0.178	0.054	0.443	0.342
sub-111_task-EyeTracking_physio	133	1810.358	1977.031	166.673	1219.278	562.820	0.170	0.054	0.315	0.455
sub-111_task-EyeTracking_physio	133	1993.697	2185.369	191.672	1153.150	622.665	0.144	0.045	0.299	0.353
sub-111_task-EyeTracking_physio	133	2227.038	3010.380	783.342	1138.160	745.812	0.091	0.025	0.281	0.313
sub-111_task-EyeTracking_physio	134	-209.365	215.642	425.007	1263.410	705.500	0.126	0.092	0.280	0.912
sub-111_task-EyeTracking_physio	134	240.641	490.647	250.006	1231.227	761.680	0.118	0.057	0.287	0.417
sub-111_task-EyeTracking_physio	134	507.315	1215.667	708.352	1158.465	730.595	0.146	0.125	0.822	0.680
sub-111_task-EyeTracking_physio	134	1240.667	1457.339	216.672	1304.602	783.085	0.159	0.077	0.401	0.531
sub-111_task-EyeTracking_physio	134	1482.340	1724.013	241.673	1365.640	820.620	0.099	0.048	0.449	0.326
sub-111_task-EyeTracking_physio	134	1757.345	1932.347	175.002	1342.455	775.215	0.089	0.028	0.295	0.214
sub-111_task-EyeTracking_physio	134	1957.347	2265.690	308.343	1345.885	743.985	0.148	0.045	0.363	0.353
sub-111_task-EyeTracking_physio	134	2299.024	2557.362	258.338	1451.605	770.020	0.134	0.040	0.338	0.291
sub-111_task-EyeTracking_physio	134	2574.029	3007.371	433.342	1514.790	793.295	0.136	0.084	0.555	0.552
sub-111_task-EyeTracking_physio	135	-646.173	-204.493	441.680	1237.415	718.450	0.135	0.077	0.361	0.660
sub-111_task-EyeTracking_physio	135	-187.827	328.853	516.680	1264.142	725.605	0.133	0.072	0.539	0.518
sub-111_task-EyeTracking_physio	135	362.185	628.858	266.673	1234.048	739.655	0.100	0.028	0.233	0.392
sub-111_task-EyeTracking_physio	135	645.525	845.532	200.007	1198.287	757.902	0.126	0.034	0.241	0.315
sub-111_task-EyeTracking_physio	135	870.532	995.534	125.002	1156.600	788.100	0.097	0.028	0.292	0.165
sub-111_task-EyeTracking_physio	135	1095.540	1345.540	250.000	1159.455	803.658	0.609	1.651	1.685	3.312
sub-111_task-EyeTracking_physio	135	1362.212	1528.882	166.670	1156.020	694.507	0.127	0.041	0.246	0.377
sub-111_task-EyeTracking_physio	135	1545.548	1937.223	391.675	1092.280	602.465	0.164	0.053	0.282	0.479
sub-111_task-EyeTracking_physio	135	1978.889	2145.565	166.676	1483.378	651.322	0.175	0.061	0.323	0.380
sub-111_task-EyeTracking_physio	135	2170.565	2362.232	191.667	1539.220	711.985	0.159	0.038	0.371	0.318
sub-111_task-EyeTracking_physio	135	2412.237	2695.576	283.339	1510.597	815.875	0.105	0.022	0.222	0.451
sub-111_task-EyeTracking_physio	135	2712.243	2945.580	233.337	1567.207	881.227	0.094	0.027	0.274	0.222
sub-111_task-EyeTracking_physio	136	-999.775	-899.771	100.004	1277.512	602.970	0.231	0.169	0.372	1.468
sub-111_task-EyeTracking_physio	136	-566.436	-324.761	241.675	1284.075	703.855	0.138	0.079	0.196	0.692
sub-111_task-EyeTracking_physio	136	-58.089	308.587	366.676	1265.045	707.650	0.121	0.064	0.268	0.778
sub-111_task-EyeTracking_physio	136	325.254	675.264	350.010	1234.963	694.122	0.104	0.048	0.282	0.479
sub-111_task-EyeTracking_physio	136	691.931	1025.269	333.338	1159.445	644.197	0.168	0.041	0.277	0.508
sub-111_task-EyeTracking_physio	136	1050.273	1225.276	175.003	1220.480	678.910	0.114	0.020	0.131	0.293
sub-111_task-EyeTracking_physio	136	1241.943	1725.288	483.345	1239.645	697.102	0.124	0.036	0.306	0.417
sub-111_task-EyeTracking_physio	136	1741.956	1958.626	216.670	1232.065	716.108	0.144	0.059	0.289	0.442
sub-111_task-EyeTracking_physio	136	1975.293	2141.964	166.671	1319.440	764.568	0.149	0.077	0.416	0.411
sub-111_task-EyeTracking_physio	136	2166.963	2541.973	375.010	1380.320	808.015	0.169	0.097	0.564	0.772
sub-111_task-EyeTracking_physio	136	2566.972	2741.979	175.007	1289.855	820.165	0.125	0.078	0.312	0.581
sub-111_task-EyeTracking_physio	136	2758.647	3008.656	250.009	1219.705	722.355	0.124	0.039	0.297	0.346
sub-111_task-EyeTracking_physio	137	-336.314	272.035	608.349	1267.330	719.025	0.129	0.051	0.269	0.815
sub-111_task-EyeTracking_physio	137	288.702	497.043	208.341	1295.010	767.895	0.131	0.042	0.265	0.422
sub-111_task-EyeTracking_physio	137	522.043	738.718	216.675	1330.013	779.482	0.121	0.039	0.298	0.383
sub-111_task-EyeTracking_physio	137	755.385	1222.055	466.670	1271.020	795.553	0.129	0.065	0.309	0.591
sub-111_task-EyeTracking_physio	137	1355.391	1538.734	183.343	1167.558	611.525	0.143	0.036	0.277	0.308
sub-111_task-EyeTracking_physio	137	1555.400	1847.070	291.670	1068.640	599.695	0.152	0.051	0.385	0.355
sub-111_task-EyeTracking_physio	137	1872.070	2122.077	250.007	1083.075	633.288	0.125	0.033	0.193	0.363
sub-111_task-EyeTracking_physio	137	2155.409	2547.084	391.675	1134.680	811.670	0.135	0.043	0.336	0.616
sub-111_task-EyeTracking_physio	137	2588.752	2930.425	341.673	1513.430	713.750	0.143	0.046	0.424	0.447
sub-111_task-EyeTracking_physio	138	-973.728	-823.725	150.003	1241.445	761.118	0.262	0.326	0.301	1.930
sub-111_task-EyeTracking_physio	138	-515.386	376.301	891.687	1263.135	718.320	0.123	0.087	0.414	0.649
sub-111_task-EyeTracking_physio	138	384.634	551.305	166.671	1274.190	731.465	0.102	0.032	0.184	0.326
sub-111_task-EyeTracking_physio	138	567.976	734.643	166.667	1325.655	688.390	0.155	0.055	0.299	0.404
sub-111_task-EyeTracking_physio	138	751.310	976.318	225.008	1448.010	638.785	0.112	0.036	0.246	0.360
sub-111_task-EyeTracking_physio	138	1001.318	1201.319	200.001	1513.058	653.275	0.116	0.025	0.169	0.325
sub-111_task-EyeTracking_physio	138	1226.325	1467.992	241.667	1474.690	675.640	0.142	0.061	0.342	0.538
sub-111_task-EyeTracking_physio	138	1484.668	1993.000	508.332	1442.970	658.725	0.150	0.089	0.360	0.612
sub-111_task-EyeTracking_physio	138	2009.675	2251.345	241.670	1480.650	656.585	0.116	0.038	0.229	0.372
sub-111_task-EyeTracking_physio	138	2276.347	2626.353	350.006	1520.553	673.587	0.121	0.026	0.282	0.274
sub-111_task-EyeTracking_physio	138	2643.020	2876.359	233.339	1485.422	673.135	0.148	0.033	0.214	0.381
sub-111_task-EyeTracking_physio	138	2909.692	3009.697	100.005	1443.055	664.965	0.104	0.029	0.236	0.202
sub-111_task-EyeTracking_physio	139	-276.933	248.079	525.012	1285.045	715.575	0.122	0.077	0.348	0.783
sub-111_task-EyeTracking_physio	139	264.746	964.766	700.020	1252.665	733.780	0.760	1.228	1.457	6.483
sub-111_task-EyeTracking_physio	139	981.432	1198.097	216.665	1320.190	756.863	0.146	0.052	0.345	0.460
sub-111_task-EyeTracking_physio	139	1231.437	1431.440	200.003	1529.050	726.785	0.106	0.021	0.254	0.187
sub-111_task-EyeTracking_physio	139	1448.106	1598.115	150.009	1551.215	655.990	0.127	0.036	0.237	0.294
sub-111_task-EyeTracking_physio	139	1614.781	2214.792	600.011	1593.398	655.332	0.130	0.047	0.419	0.399
sub-111_task-EyeTracking_physio	139	2231.459	2681.472	450.013	1517.030	639.020	0.119	0.037	0.322	0.297
sub-111_task-EyeTracking_physio	139	2698.138	2948.143	250.005	1414.215	642.900	0.131	0.039	0.369	0.327
sub-111_task-EyeTracking_physio	140	-330.357	277.995	608.352	1277.550	719.985	0.117	0.087	0.407	0.626
sub-111_task-EyeTracking_physio	140	311.327	686.327	375.000	1294.635	742.200	0.154	0.056	0.383	0.418
sub-111_task-EyeTracking_physio	140	711.326	919.676	208.350	1347.900	800.685	0.162	0.053	0.404	0.376
sub-111_task-EyeTracking_physio	140	936.342	1236.346	300.004	1397.203	846.825	0.115	0.038	0.314	0.323
sub-111_task-EyeTracking_physio	140	1261.346	1461.353	200.007	1466.528	873.640	0.106	0.025	0.260	0.234
sub-111_task-EyeTracking_physio	140	1478.020	1694.687	216.667	1537.060	885.753	0.121	0.042	0.283	0.390
sub-111_task-EyeTracking_physio	140	1711.361	1953.028	241.667	1586.530	889.360	0.138	0.071	0.368	0.399
sub-111_task-EyeTracking_physio	140	1961.367	2069.698	108.331	1612.390	810.925	0.217	0.077	0.238	0.525
sub-111_task-EyeTracking_physio	140	2111.369	2453.042	341.673	1120.155	637.935	0.160	0.095	0.670	0.418
sub-111_task-EyeTracking_physio	140	2494.710	2628.049	133.339	1085.325	734.188	0.120	0.025	0.201	0.250
sub-111_task-EyeTracking_physio	140	2661.383	3003.054	341.671	1127.330	888.455	0.106	0.036	0.328	0.295
sub-111_task-EyeTracking_physio	141	-74.981	275.024	350.005	1264.260	717.293	0.128	0.057	0.285	0.601
sub-111_task-EyeTracking_physio	141	291.690	566.695	275.005	1232.160	696.065	0.113	0.031	0.315	0.342
sub-111_task-EyeTracking_physio	141	616.699	833.373	216.674	1227.805	689.290	0.204	0.087	0.240	0.970
sub-111_task-EyeTracking_physio	141	866.705	1191.711	325.006	1225.445	944.580	0.235	0.280	0.367	1.768
sub-111_task-EyeTracking_physio	141	1216.710	1400.052	183.342	1154.945	908.763	0.087	0.028	0.330	0.298
sub-111_task-EyeTracking_physio	141	1441.716	1833.391	391.675	1129.900	848.710	0.093	0.053	0.257	0.443
sub-111_task-EyeTracking_physio	141	1866.724	2250.069	383.345	1564.105	799.232	0.128	0.061	0.438	0.329
sub-111_task-EyeTracking_physio	141	2291.739	2516.741	225.002	1187.505	854.895	0.108	0.036	0.308	0.281
sub-111_task-EyeTracking_physio	141	2541.744	2850.084	308.340	1146.515	869.345	0.088	0.027	0.256	0.180
sub-111_task-EyeTracking_physio	141	2900.084	3008.420	108.336	1046.405	528.120	0.174	0.059	0.251	0.332
sub-111_task-EyeTracking_physio	142	-895.199	-770.196	125.003	1285.830	600.425	0.244	0.090	0.228	1.612
sub-111_task-EyeTracking_physio	142	-528.523	-336.850	191.673	1237.755	747.525	0.158	0.081	0.206	0.771
sub-111_task-EyeTracking_physio	142	-311.850	263.162	575.012	1265.200	729.770	0.126	0.046	0.395	0.357
sub-111_task-EyeTracking_physio	142	279.829	479.835	200.006	1212.800	737.100	0.126	0.043	0.282	0.370
sub-111_task-EyeTracking_physio	142	513.169	696.512	183.343	1483.713	807.523	0.122	0.031	0.231	0.338
sub-111_task-EyeTracking_physio	142	713.179	863.180	150.001	1566.290	817.202	0.110	0.035	0.243	0.222
sub-111_task-EyeTracking_physio	142	879.847	1063.180	183.333	1627.170	841.342	0.147	0.078	0.484	0.352
sub-111_task-EyeTracking_physio	142	1088.187	1288.190	200.003	1606.775	918.053	0.121	0.029	0.197	0.375
sub-111_task-EyeTracking_physio	142	1329.855	1713.199	383.344	1583.050	526.047	0.172	0.074	0.473	0.651
sub-111_task-EyeTracking_physio	142	1754.869	1929.871	175.002	1057.550	604.365	0.140	0.039	0.230	0.378
sub-111_task-EyeTracking_physio	142	1954.871	2363.213	408.342	1004.330	662.295	0.147	0.091	0.456	0.639
sub-111_task-EyeTracking_physio	142	2396.552	3004.892	608.340	1259.605	687.855	0.142	0.056	0.524	0.513
sub-111_task-EyeTracking_physio	143	-1507.368	-1307.367	200.001	1236.697	675.622	0.179	0.079	0.251	0.706
sub-111_task-EyeTracking_physio	143	-1024.022	-815.687	208.335	1253.375	741.300	0.156	0.128	0.311	1.152
sub-111_task-EyeTracking_physio	143	-507.348	-215.672	291.676	1259.230	683.120	0.127	0.076	0.242	0.795
sub-111_task-EyeTracking_physio	143	-190.672	284.337	475.009	1273.360	708.540	0.110	0.052	0.333	0.454
sub-111_task-EyeTracking_physio	143	309.341	584.345	275.004	1252.850	672.280	0.128	0.048	0.227	0.417
sub-111_task-EyeTracking_physio	143	601.009	784.350	183.341	1221.928	655.723	0.150	0.063	0.335	0.366
sub-111_task-EyeTracking_physio	143	801.015	1001.022	200.007	1137.035	674.115	0.183	0.055	0.309	0.416
sub-111_task-EyeTracking_physio	143	1017.689	1267.694	250.005	1177.910	743.745	0.151	0.055	0.217	0.545
sub-111_task-EyeTracking_physio	143	1284.359	1451.028	166.669	1217.115	820.713	0.203	0.058	0.256	0.472
sub-111_task-EyeTracking_physio	143	1467.698	1659.372	191.674	1345.910	881.180	0.146	0.037	0.381	0.313
sub-111_task-EyeTracking_physio	143	1676.039	1859.373	183.334	1442.447	884.812	0.099	0.021	0.194	0.213
sub-111_task-EyeTracking_physio	143	1884.377	2067.713	183.336	1479.875	821.465	0.112	0.026	0.214	0.284
sub-111_task-EyeTracking_physio	143	2084.380	2284.384	200.004	1556.675	824.673	0.167	0.058	0.464	0.327
sub-111_task-EyeTracking_physio	143	2309.384	2551.059	241.675	1614.260	828.000	0.098	0.030	0.243	0.235
sub-111_task-EyeTracking_physio	143	2567.725	2859.394	291.669	1668.095	819.525	0.098	0.029	0.268	0.316
sub-111_task-EyeTracking_physio	143	2884.394	3009.397	125.003	1609.630	826.840	0.085	0.017	0.231	0.160
sub-111_task-EyeTracking_physio	144	-2946.016	-2629.343	316.673	1267.830	651.140	0.141	0.077	0.272	0.789
sub-111_task-EyeTracking_physio	144	-2371.008	-2204.330	166.678	1258.467	636.515	0.154	0.094	0.248	0.601
sub-111_task-EyeTracking_physio	144	-2179.330	-1545.986	633.344	1257.600	674.610	0.110	0.048	0.385	0.465
sub-111_task-EyeTracking_physio	144	-1237.647	-687.638	550.009	1259.405	684.275	0.134	0.164	0.688	0.639
sub-111_task-EyeTracking_physio	144	-412.631	320.722	733.353	1259.820	721.352	0.124	0.130	0.614	0.719
sub-111_task-EyeTracking_physio	144	337.387	495.722	158.335	1223.230	781.465	0.135	0.044	0.346	0.310
sub-111_task-EyeTracking_physio	144	512.389	720.729	208.340	1286.435	813.610	0.146	0.061	0.419	0.355
sub-111_task-EyeTracking_physio	144	745.729	920.732	175.003	1254.125	862.020	0.096	0.027	0.235	0.365
sub-111_task-EyeTracking_physio	144	945.736	1220.741	275.005	1180.475	881.210	0.074	0.028	0.215	0.247
sub-111_task-EyeTracking_physio	144	1245.741	1545.745	300.004	1126.868	875.715	0.116	0.043	0.303	0.427
sub-111_task-EyeTracking_physio	144	1579.079	1770.751	191.672	1072.715	835.390	0.090	0.021	0.181	0.229
sub-111_task-EyeTracking_physio	144	1795.751	2170.761	375.010	1000.395	837.760	0.120	0.033	0.283	0.295
sub-111_task-EyeTracking_physio	144	2204.094	2387.433	183.339	1113.725	859.705	0.082	0.019	0.254	0.152
sub-111_task-EyeTracking_physio	144	2412.433	2604.103	191.670	1188.995	874.495	0.117	0.037	0.357	0.307
sub-111_task-EyeTracking_physio	144	2620.772	3004.113	383.341	1304.443	785.560	0.115	0.053	0.407	0.456
sub-111_task-EyeTracking_physio	145	-641.189	-499.520	141.669	1289.775	824.350	0.226	0.250	0.294	1.732
sub-111_task-EyeTracking_physio	145	-474.520	-74.509	400.011	1268.962	757.298	0.094	0.025	0.240	0.252
sub-111_task-EyeTracking_physio	145	-57.843	83.826	141.669	1264.655	728.225	0.121	0.029	0.156	0.270
sub-111_task-EyeTracking_physio	145	300.499	558.838	258.339	1251.110	708.635	0.143	0.059	0.284	0.550
sub-111_task-EyeTracking_physio	145	583.836	775.509	191.673	1193.165	756.700	0.095	0.030	0.258	0.300
sub-111_task-EyeTracking_physio	145	825.510	1142.178	316.668	1109.435	814.888	0.127	0.075	0.199	0.868
sub-111_task-EyeTracking_physio	145	1175.516	1475.524	300.008	1137.223	662.245	0.143	0.056	0.339	0.380
sub-111_task-EyeTracking_physio	145	1483.858	1833.865	350.007	1150.658	624.462	0.143	0.038	0.220	0.410
sub-111_task-EyeTracking_physio	145	1858.865	2083.870	225.005	1069.415	614.190	0.197	0.060	0.218	0.571
sub-111_task-EyeTracking_physio	145	2100.536	2283.873	183.337	1139.207	643.643	0.141	0.044	0.253	0.368
sub-111_task-EyeTracking_physio	145	2300.539	2742.218	441.679	1154.525	666.435	0.132	0.034	0.265	0.494
sub-111_task-EyeTracking_physio	145	2767.218	2983.885	216.667	1251.273	643.295	0.126	0.031	0.217	0.313
sub-111_task-EyeTracking_physio	146	-177.643	322.365	500.008	1288.503	728.183	0.104	0.061	0.393	0.466
sub-111_task-EyeTracking_physio	146	339.031	539.038	200.007	1296.925	782.650	0.127	0.032	0.241	0.289
sub-111_task-EyeTracking_physio	146	555.704	905.714	350.010	1286.007	813.425	0.128	0.065	0.387	0.496
sub-111_task-EyeTracking_physio	146	930.715	1155.721	225.006	1330.970	828.260	0.107	0.038	0.228	0.339
sub-111_task-EyeTracking_physio	146	1189.054	1355.721	166.667	1499.808	630.545	0.173	0.040	0.172	0.494
sub-111_task-EyeTracking_physio	146	1380.721	1597.395	216.674	1548.678	579.030	0.127	0.048	0.239	0.388
sub-111_task-EyeTracking_physio	146	1614.061	2472.417	858.356	1595.620	634.640	0.135	0.151	0.747	0.710
sub-111_task-EyeTracking_physio	146	2514.080	2722.420	208.340	1112.540	591.035	0.379	0.271	0.454	1.521
sub-111_task-EyeTracking_physio	146	2764.087	2989.093	225.006	1048.100	638.005	0.112	0.025	0.274	0.225
sub-111_task-EyeTracking_physio	147	-1632.030	-1215.358	416.672	1181.783	660.950	0.123	0.085	0.379	0.817
sub-111_task-EyeTracking_physio	147	-873.684	-532.010	341.674	1257.910	674.550	0.133	0.083	0.305	0.820
sub-111_task-EyeTracking_physio	147	-207.004	318.010	525.014	1254.745	687.110	0.131	0.161	0.705	0.595
sub-111_task-EyeTracking_physio	147	334.679	484.683	150.004	1185.965	689.663	0.118	0.048	0.203	0.541
sub-111_task-EyeTracking_physio	147	501.349	934.691	433.342	1163.780	640.963	0.157	0.058	0.281	0.638
sub-111_task-EyeTracking_physio	147	951.358	1134.698	183.340	1218.688	625.503	0.215	0.058	0.184	0.642
sub-111_task-EyeTracking_physio	147	1168.031	1668.045	500.014	1111.185	668.597	0.137	0.042	0.278	0.427
sub-111_task-EyeTracking_physio	147	1693.045	1918.050	225.005	1183.320	642.100	0.193	0.070	0.330	0.468
sub-111_task-EyeTracking_physio	147	1934.716	2151.383	216.667	1210.630	633.905	0.110	0.029	0.214	0.342
sub-111_task-EyeTracking_physio	147	2168.056	2576.399	408.343	1168.590	650.370	0.134	0.048	0.372	0.389
sub-111_task-EyeTracking_physio	147	2593.065	3009.738	416.673	1106.388	673.795	0.134	0.042	0.325	0.411
sub-111_task-EyeTracking_physio	148	-685.491	-393.814	291.677	1253.905	712.640	0.123	0.069	0.232	0.666
sub-111_task-EyeTracking_physio	148	-102.139	289.537	391.676	1254.855	707.070	0.116	0.057	0.271	0.560
sub-111_task-EyeTracking_physio	148	306.203	489.539	183.336	1288.262	778.475	0.185	0.050	0.303	0.423
sub-111_task-EyeTracking_physio	148	514.543	706.212	191.669	1342.450	811.660	0.161	0.053	0.340	0.367
sub-111_task-EyeTracking_physio	148	731.213	997.889	266.676	1424.075	820.510	0.122	0.073	0.384	0.526
sub-111_task-EyeTracking_physio	148	1031.223	1322.896	291.673	1476.040	610.285	0.205	0.068	0.356	0.540
sub-111_task-EyeTracking_physio	148	1347.896	1681.236	333.340	1421.872	557.110	0.192	0.055	0.332	0.479
sub-111_task-EyeTracking_physio	148	1697.906	2689.595	991.689	1405.625	562.420	0.145	0.068	0.501	0.554
sub-111_task-EyeTracking_physio	148	2714.595	2914.600	200.005	1320.715	559.495	0.143	0.056	0.347	0.427
sub-111_task-EyeTracking_physio	149	-880.698	-755.695	125.003	1233.175	655.835	0.279	0.164	0.204	1.406
sub-111_task-EyeTracking_physio	149	-455.690	227.662	683.352	1264.638	690.722	0.113	0.060	0.296	0.658
sub-111_task-EyeTracking_physio	149	244.329	561.003	316.674	1263.515	721.953	0.123	0.052	0.216	0.696
sub-111_task-EyeTracking_physio	149	652.674	844.343	191.669	1388.800	767.475	0.165	0.104	0.599	0.427
sub-111_task-EyeTracking_physio	149	861.008	1061.014	200.006	1454.082	806.280	0.137	0.050	0.310	0.346
sub-111_task-EyeTracking_physio	149	1086.014	1561.027	475.013	1510.725	845.625	0.126	0.052	0.371	0.403
sub-111_task-EyeTracking_physio	149	1594.360	1877.699	283.339	1400.890	705.467	0.128	0.042	0.269	0.354
sub-111_task-EyeTracking_physio	149	1894.364	2061.039	166.675	1438.367	783.678	0.170	0.113	0.257	0.835
sub-111_task-EyeTracking_physio	149	2077.705	2261.042	183.337	1474.090	871.178	0.139	0.046	0.224	0.411
sub-111_task-EyeTracking_physio	149	2277.708	2519.381	241.673	1495.595	964.820	0.120	0.038	0.220	0.439
sub-111_task-EyeTracking_physio	149	2536.048	2894.392	358.344	1463.265	948.950	0.120	0.033	0.367	0.267
sub-111_task-EyeTracking_physio	150	-1743.295	-1376.623	366.672	1311.150	606.178	0.163	0.081	0.360	0.852
sub-111_task-EyeTracking_physio	150	-1076.613	-451.603	625.010	1264.375	691.495	0.131	0.154	0.448	0.999
sub-111_task-EyeTracking_physio	150	-118.260	65.076	183.336	1267.028	700.803	0.128	0.071	0.281	0.676
sub-111_task-EyeTracking_physio	150	73.409	240.084	166.675	1247.090	703.990	0.085	0.027	0.241	0.226
sub-111_task-EyeTracking_physio	150	248.416	465.086	216.670	1241.438	724.368	0.107	0.043	0.252	0.372
sub-111_task-EyeTracking_physio	150	481.759	790.095	308.336	1209.690	763.330	0.113	0.038	0.283	0.386
sub-111_task-EyeTracking_physio	150	806.761	1023.435	216.674	1170.338	749.753	0.112	0.078	0.311	0.499
sub-111_task-EyeTracking_physio	150	1031.769	1390.113	358.344	1149.090	754.955	0.143	0.049	0.367	0.408
sub-111_task-EyeTracking_physio	150	1415.112	1615.113	200.001	1245.918	794.585	0.107	0.055	0.401	0.411
sub-111_task-EyeTracking_physio	150	1631.779	1773.448	141.669	1288.255	796.250	0.110	0.023	0.180	0.286
sub-111_task-EyeTracking_physio	150	1798.453	2156.790	358.337	1305.090	714.910	0.131	0.033	0.269	0.409
sub-111_task-EyeTracking_physio	150	2181.795	2431.798	250.003	1351.285	720.990	0.104	0.022	0.207	0.300
sub-111_task-EyeTracking_physio	150	2448.471	3006.816	558.345	1369.395	728.095	0.101	0.028	0.296	0.393
sub-111_task-EyeTracking_physio	151	-4658.399	-4316.723	341.676	1229.860	584.605	0.117	0.062	0.251	0.533
sub-111_task-EyeTracking_physio	151	-4291.723	-4125.053	166.670	1270.217	670.938	0.143	0.022	0.112	0.323
sub-111_task-EyeTracking_physio	151	-3825.043	-3533.369	291.674	1231.975	574.965	0.172	0.086	0.254	0.975
sub-111_task-EyeTracking_physio	151	-3491.702	-3100.029	391.673	1673.255	445.640	0.192	0.145	0.457	0.905
sub-111_task-EyeTracking_physio	151	-3066.697	-2933.360	133.337	1327.133	583.245	0.284	0.152	0.742	0.506
sub-111_task-EyeTracking_physio	151	-2675.022	-2358.344	316.678	1232.488	673.020	0.152	0.099	0.308	0.733
sub-111_task-EyeTracking_physio	151	-2100.002	-1599.997	500.005	1247.178	691.575	0.119	0.071	0.329	0.625
sub-111_task-EyeTracking_physio	151	-1583.325	-1391.657	191.668	1271.990	686.320	0.186	0.063	0.355	0.337
sub-111_task-EyeTracking_physio	151	-1166.650	-1033.312	133.338	1269.240	736.303	0.914	1.446	0.690	6.379
sub-111_task-EyeTracking_physio	151	-449.969	-308.299	141.670	1294.530	833.405	0.136	0.055	0.254	0.467
sub-111_task-EyeTracking_physio	151	-283.294	233.380	516.674	1257.690	713.000	0.106	0.050	0.268	0.459
sub-111_task-EyeTracking_physio	151	391.720	675.055	283.335	1264.967	721.222	0.188	0.123	0.387	0.674
sub-111_task-EyeTracking_physio	151	691.721	1000.065	308.344	1258.940	808.700	0.159	0.082	0.472	0.545
sub-111_task-EyeTracking_physio	151	1091.735	1358.406	266.671	1093.190	829.645	0.108	0.069	0.360	0.387
sub-111_task-EyeTracking_physio	151	1375.073	1825.087	450.014	1154.225	828.192	0.123	0.034	0.410	0.336
sub-111_task-EyeTracking_physio	151	1850.087	2141.760	291.673	1169.255	817.575	0.094	0.023	0.245	0.298
sub-111_task-EyeTracking_physio	151	2175.093	2475.101	300.008	1609.602	896.965	0.110	0.035	0.327	0.311
sub-111_task-EyeTracking_physio	151	2500.102	2741.775	241.673	1660.065	910.745	0.087	0.024	0.268	0.210
sub-111_task-EyeTracking_physio	151	2766.775	3008.449	241.674	1593.815	835.590	0.091	0.041	0.285	0.261
sub-111_task-EyeTracking_physio	152	-4581.974	-4165.299	416.675	1259.470	613.203	0.124	0.052	0.310	0.478
sub-111_task-EyeTracking_physio	152	-3898.628	-3773.626	125.002	1275.970	650.140	0.204	0.109	0.288	0.639
sub-111_task-EyeTracking_physio	152	-3748.626	-3515.285	233.341	1246.972	678.000	0.147	0.073	0.452	0.386
sub-111_task-EyeTracking_physio	152	-3506.961	-3248.613	258.348	1267.305	682.240	0.177	0.077	0.310	0.644
sub-111_task-EyeTracking_physio	152	-2990.273	-2748.609	241.664	1256.830	693.365	0.164	0.080	0.270	0.712
sub-111_task-EyeTracking_physio	152	-2731.943	-2356.932	375.011	1263.675	676.250	0.187	0.083	0.391	0.462
sub-111_task-EyeTracking_physio	152	-2131.929	-1873.590	258.339	1258.695	686.400	0.170	0.130	0.316	1.112
sub-111_task-EyeTracking_physio	152	-1640.251	-1148.571	491.680	1267.470	689.600	0.131	0.094	0.371	0.890
sub-111_task-EyeTracking_physio	152	-948.570	-790.237	158.333	1240.980	715.045	0.242	0.160	0.351	0.958
sub-111_task-EyeTracking_physio	152	-765.230	-456.890	308.340	1274.245	719.145	0.117	0.036	0.302	0.415
sub-111_task-EyeTracking_physio	152	-198.551	51.455	250.006	1279.053	708.442	0.161	0.110	0.319	0.936
sub-111_task-EyeTracking_physio	152	68.122	201.461	133.339	1259.560	715.245	0.110	0.023	0.172	0.260
sub-111_task-EyeTracking_physio	152	226.461	468.129	241.668	1335.485	702.920	0.132	0.049	0.419	0.322
sub-111_task-EyeTracking_physio	152	484.797	793.140	308.343	1365.955	669.055	0.135	0.041	0.304	0.292
sub-111_task-EyeTracking_physio	152	826.473	1034.817	208.344	1153.930	858.060	0.222	0.134	0.364	0.915
sub-111_task-EyeTracking_physio	152	1068.157	1251.490	183.333	1100.827	940.347	0.094	0.029	0.249	0.251
sub-111_task-EyeTracking_physio	152	1268.155	1626.499	358.344	1042.055	930.065	0.127	0.098	0.465	0.690
sub-111_task-EyeTracking_physio	152	1668.165	1893.173	225.008	812.165	764.590	0.155	0.122	0.410	0.697
sub-111_task-EyeTracking_physio	152	1926.504	2118.179	191.675	993.450	623.845	0.136	0.048	0.309	0.359
sub-111_task-EyeTracking_physio	152	2151.512	2318.180	166.668	1069.950	1040.740	0.375	0.688	0.311	3.566
sub-111_task-EyeTracking_physio	152	2359.850	2668.190	308.340	1054.295	975.505	0.104	0.062	0.289	0.589
sub-111_task-EyeTracking_physio	152	2693.190	3009.861	316.671	1099.023	962.030	0.098	0.029	0.254	0.290
sub-111_task-EyeTracking_physio	153	-318.490	-110.151	208.339	1285.550	722.265	0.153	0.096	0.260	0.926
sub-111_task-EyeTracking_physio	153	-101.818	323.197	425.015	1258.090	736.275	0.123	0.036	0.283	0.308
sub-111_task-EyeTracking_physio	153	339.863	673.200	333.337	1219.053	739.295	0.109	0.087	0.246	0.766
sub-111_task-EyeTracking_physio	153	689.867	873.206	183.339	1245.485	630.320	0.100	0.049	0.191	0.471
sub-111_task-EyeTracking_physio	153	889.872	1056.541	166.669	1294.485	606.130	0.113	0.037	0.215	0.428
sub-111_task-EyeTracking_physio	153	1073.207	1439.885	366.678	1367.263	717.630	0.115	0.051	0.273	0.431
sub-111_task-EyeTracking_physio	153	1464.885	1639.893	175.008	1444.460	744.860	0.113	0.026	0.349	0.207
sub-111_task-EyeTracking_physio	153	1656.559	1823.229	166.670	1504.253	788.102	0.107	0.025	0.215	0.233
sub-111_task-EyeTracking_physio	153	1848.228	1998.230	150.002	1379.933	772.558	0.104	0.035	0.312	0.238
sub-111_task-EyeTracking_physio	153	2023.235	2231.569	208.334	1094.220	755.190	0.121	0.034	0.264	0.357
sub-111_task-EyeTracking_physio	153	2256.569	2556.580	300.011	1025.050	759.247	0.115	0.038	0.342	0.313
sub-111_task-EyeTracking_physio	153	2573.247	2981.588	408.341	1095.290	675.520	0.129	0.046	0.316	0.449
sub-111_task-EyeTracking_physio	154	-480.439	-322.099	158.340	1247.650	671.860	0.171	0.076	0.242	0.592
sub-111_task-EyeTracking_physio	154	-88.762	269.581	358.343	1271.915	737.290	0.106	0.087	0.304	0.759
sub-111_task-EyeTracking_physio	154	286.247	519.584	233.337	1266.438	777.992	0.143	0.055	0.233	0.553
sub-111_task-EyeTracking_physio	154	527.917	711.257	183.340	1287.398	811.033	0.108	0.026	0.234	0.246
sub-111_task-EyeTracking_physio	154	727.927	902.930	175.003	1408.475	837.115	0.125	0.031	0.280	0.249
sub-111_task-EyeTracking_physio	154	919.596	1102.933	183.337	1525.757	812.692	0.139	0.043	0.338	0.292
sub-111_task-EyeTracking_physio	154	1127.936	1361.271	233.335	1581.628	729.325	0.173	0.044	0.417	0.305
sub-111_task-EyeTracking_physio	154	1377.943	1502.947	125.004	1569.925	652.840	0.111	0.022	0.169	0.217
sub-111_task-EyeTracking_physio	154	1519.613	1761.279	241.666	1433.705	556.055	0.157	0.080	0.396	0.560
sub-111_task-EyeTracking_physio	154	1769.617	1911.286	141.669	1362.910	541.980	0.215	0.083	0.461	0.410
sub-111_task-EyeTracking_physio	154	2094.623	2219.624	125.001	1116.980	646.490	0.234	0.073	0.144	0.835
sub-111_task-EyeTracking_physio	154	2261.291	2444.631	183.340	1053.553	785.695	0.104	0.027	0.216	0.249
sub-111_task-EyeTracking_physio	154	2469.630	2694.636	225.006	1051.415	885.830	0.112	0.034	0.164	0.489
sub-111_task-EyeTracking_physio	154	2744.636	2911.303	166.667	1120.635	888.625	0.183	0.044	0.512	0.209
sub-111_task-EyeTracking_physio	155	-775.757	-542.417	233.340	1281.693	605.565	0.167	0.121	0.322	1.012
sub-111_task-EyeTracking_physio	155	-525.750	-359.080	166.670	1248.205	681.533	0.143	0.055	0.321	0.320
sub-111_task-EyeTracking_physio	155	-34.072	599.275	633.347	1247.255	694.628	0.123	0.092	0.462	0.819
sub-111_task-EyeTracking_physio	155	615.940	782.609	166.669	1162.180	750.543	0.114	0.035	0.276	0.281
sub-111_task-EyeTracking_physio	155	815.948	1015.949	200.001	1115.537	798.628	0.100	0.021	0.224	0.239
sub-111_task-EyeTracking_physio	155	1032.616	1232.620	200.004	1077.903	781.665	0.093	0.028	0.226	0.241
sub-111_task-EyeTracking_physio	155	1257.620	1432.624	175.004	1069.195	857.260	0.099	0.024	0.165	0.302
sub-111_task-EyeTracking_physio	155	1449.291	1890.967	441.676	1095.375	850.395	0.115	0.051	0.460	0.283
sub-111_task-EyeTracking_physio	155	1915.966	2265.979	350.013	1093.745	930.788	0.134	0.037	0.459	0.370
sub-111_task-EyeTracking_physio	155	2282.643	2499.310	216.667	1120.883	818.090	0.121	0.033	0.393	0.211
sub-111_task-EyeTracking_physio	155	2540.984	3007.658	466.674	1317.670	624.053	0.103	0.037	0.308	0.424
sub-111_task-EyeTracking_physio	156	-1922.161	-1722.155	200.006	1270.730	715.230	0.130	0.061	0.341	0.394
sub-111_task-EyeTracking_physio	156	-1472.152	-1280.478	191.674	1256.910	696.740	0.140	0.074	0.274	0.462
sub-111_task-EyeTracking_physio	156	-855.471	-505.463	350.008	1276.010	645.027	0.146	0.091	0.374	0.559
sub-111_task-EyeTracking_physio	156	-480.461	-22.116	458.345	1261.840	702.115	0.086	0.041	0.257	0.419
sub-111_task-EyeTracking_physio	156	-5.450	269.557	275.007	1284.630	696.900	0.109	0.032	0.248	0.307
sub-111_task-EyeTracking_physio	156	294.557	744.565	450.008	1358.883	701.523	0.098	0.061	0.594	0.317
sub-111_task-EyeTracking_physio	156	777.903	961.239	183.336	1237.050	663.467	0.119	0.030	0.222	0.305
sub-111_task-EyeTracking_physio	156	977.904	1761.256	783.352	1218.077	667.770	0.125	0.054	0.355	0.516
sub-111_task-EyeTracking_physio	156	1777.923	2327.936	550.013	1096.033	697.283	0.182	0.257	0.714	1.406
sub-111_task-EyeTracking_physio	156	2452.939	2577.941	125.002	1269.160	657.115	0.111	0.036	0.289	0.240
sub-111_task-EyeTracking_physio	156	2594.613	3002.956	408.343	1241.865	665.640	0.123	0.051	0.368	0.372
sub-111_task-EyeTracking_physio	157	-158.513	283.165	441.678	1264.395	741.160	0.129	0.074	0.300	0.721
sub-111_task-EyeTracking_physio	157	308.163	616.505	308.342	1222.230	779.365	0.130	0.059	0.323	0.411
sub-111_task-EyeTracking_physio	157	641.504	799.847	158.343	1272.650	669.785	0.147	0.107	0.437	0.386
sub-111_task-EyeTracking_physio	157	816.514	991.516	175.002	1333.590	589.990	0.169	0.041	0.174	0.389
sub-111_task-EyeTracking_physio	157	1008.182	1174.850	166.668	1365.280	623.565	0.141	0.050	0.269	0.355
sub-111_task-EyeTracking_physio	157	1208.189	1474.860	266.671	1452.385	713.015	0.132	0.043	0.407	0.404
sub-111_task-EyeTracking_physio	157	1491.527	1774.868	283.341	1475.407	742.295	0.106	0.032	0.274	0.258
sub-111_task-EyeTracking_physio	157	1799.867	2124.879	325.012	1482.875	786.465	0.115	0.028	0.261	0.282
sub-111_task-EyeTracking_physio	157	2149.879	2341.546	191.667	1457.155	831.205	0.127	0.032	0.287	0.300
sub-111_task-EyeTracking_physio	157	2366.552	2649.890	283.338	1385.793	881.075	0.108	0.030	0.283	0.299
sub-111_task-EyeTracking_physio	157	2666.556	3008.228	341.672	1312.190	880.655	0.086	0.025	0.228	0.236
sub-111_task-EyeTracking_physio	158	-161.645	246.703	408.348	1246.500	707.540	0.121	0.080	0.338	0.589
sub-111_task-EyeTracking_physio	158	280.035	1380.058	1100.023	1252.572	734.425	0.124	0.072	0.444	0.584
sub-111_task-EyeTracking_physio	158	1405.055	1713.401	308.346	1224.300	653.155	0.105	0.033	0.267	0.305
sub-111_task-EyeTracking_physio	158	1738.402	2205.077	466.675	1250.885	744.695	0.111	0.052	0.411	0.400
sub-111_task-EyeTracking_physio	158	2230.082	2705.089	475.007	1264.255	745.355	0.100	0.021	0.252	0.313
sub-111_task-EyeTracking_physio	158	2738.426	2896.763	158.337	1220.635	751.605	0.109	0.023	0.267	0.251
sub-111_task-EyeTracking_physio	159	-540.351	-423.683	116.668	1292.970	776.215	0.157	0.072	0.251	0.559
sub-111_task-EyeTracking_physio	159	-415.350	226.335	641.685	1279.630	721.970	0.100	0.039	0.308	0.467
sub-111_task-EyeTracking_physio	159	251.334	693.016	441.682	1309.865	754.940	0.110	0.056	0.420	0.375
sub-111_task-EyeTracking_physio	159	718.016	884.686	166.670	1186.865	732.273	0.109	0.027	0.253	0.211
sub-111_task-EyeTracking_physio	159	918.019	1109.695	191.676	1119.710	735.595	0.091	0.027	0.325	0.238
sub-111_task-EyeTracking_physio	159	1143.027	1493.034	350.007	1135.523	660.742	0.156	0.042	0.229	0.546
sub-111_task-EyeTracking_physio	159	1518.034	2509.730	991.696	1150.280	647.360	0.142	0.052	0.369	0.510
sub-111_task-EyeTracking_physio	159	2526.396	2743.066	216.670	1105.760	661.217	0.135	0.030	0.217	0.348
sub-111_task-EyeTracking_physio	159	2759.732	3009.736	250.004	1122.847	753.915	0.127	0.028	0.229	0.343
sub-111_task-EyeTracking_physio	160	-3254.127	-3104.125	150.002	1229.738	658.587	0.185	0.144	0.274	1.142
sub-111_task-EyeTracking_physio	160	-3079.125	-2862.455	216.670	1262.793	667.882	0.133	0.040	0.310	0.375
sub-111_task-EyeTracking_physio	160	-2554.113	-1895.766	658.347	1266.500	678.540	0.135	0.131	0.708	0.586
sub-111_task-EyeTracking_physio	160	-1470.756	-1245.751	225.005	1269.335	656.815	0.123	0.053	0.263	0.588
sub-111_task-EyeTracking_physio	160	-387.396	-54.055	333.341	1245.658	688.722	0.159	0.148	0.386	1.145
sub-111_task-EyeTracking_physio	160	-37.389	370.954	408.343	1280.935	725.970	0.115	0.069	0.377	0.518
sub-111_task-EyeTracking_physio	160	387.624	570.963	183.339	1345.513	739.368	0.141	0.050	0.204	0.505
sub-111_task-EyeTracking_physio	160	587.628	870.966	283.338	1354.543	631.710	0.174	0.072	0.350	0.604
sub-111_task-EyeTracking_physio	160	895.966	1137.640	241.674	1270.225	613.125	0.131	0.039	0.240	0.334
sub-111_task-EyeTracking_physio	160	1170.976	1370.979	200.003	1207.770	645.592	0.103	0.023	0.254	0.167
sub-111_task-EyeTracking_physio	160	1395.978	1545.982	150.004	1167.852	721.715	0.156	0.046	0.375	0.301
sub-111_task-EyeTracking_physio	160	1770.987	2079.326	308.339	1178.390	784.785	0.128	0.054	0.268	0.578
sub-111_task-EyeTracking_physio	160	2095.997	2229.332	133.335	1194.435	695.848	0.101	0.013	0.128	0.181
sub-111_task-EyeTracking_physio	160	2421.001	2896.014	475.013	1187.545	662.455	0.117	0.049	0.279	0.726
sub-111_task-EyeTracking_physio	161	-682.150	-515.479	166.671	1245.600	678.010	0.106	0.025	0.177	0.289
sub-111_task-EyeTracking_physio	161	-240.469	-57.135	183.334	1282.845	778.520	0.152	0.089	0.209	0.985
sub-111_task-EyeTracking_physio	161	-48.802	59.535	108.337	1257.625	704.370	0.156	0.051	0.355	0.267
sub-111_task-EyeTracking_physio	161	284.541	467.880	183.339	1266.727	698.087	0.151	0.080	0.201	0.658
sub-111_task-EyeTracking_physio	161	484.546	642.882	158.336	1279.375	718.215	0.127	0.035	0.331	0.220
sub-111_task-EyeTracking_physio	161	659.549	859.553	200.004	1347.657	725.118	0.126	0.027	0.309	0.256
sub-111_task-EyeTracking_physio	161	876.219	1176.225	300.006	1399.775	729.810	0.089	0.018	0.245	0.193
sub-111_task-EyeTracking_physio	161	1192.892	1426.230	233.338	1475.947	710.632	0.136	0.038	0.389	0.258
sub-111_task-EyeTracking_physio	161	1451.230	1659.571	208.341	1489.205	756.685	0.112	0.023	0.165	0.315
sub-111_task-EyeTracking_physio	161	1676.237	2034.580	358.343	1471.740	786.710	0.123	0.042	0.323	0.514
sub-111_task-EyeTracking_physio	161	2059.579	2334.584	275.005	1531.610	840.465	0.112	0.034	0.327	0.272
sub-111_task-EyeTracking_physio	161	2351.251	2526.259	175.008	1541.425	870.250	0.143	0.036	0.293	0.318
sub-111_task-EyeTracking_physio	161	2534.593	2851.261	316.668	1495.418	869.148	0.105	0.024	0.203	0.236
sub-111_task-EyeTracking_physio	161	2876.262	3009.592	133.330	1458.153	859.327	0.117	0.025	0.171	0.221
sub-111_task-EyeTracking_physio	162	-944.174	-735.839	208.335	1311.515	627.835	0.175	0.076	0.299	0.676
sub-111_task-EyeTracking_physio	162	-477.500	-44.152	433.348	1263.822	715.980	0.124	0.062	0.275	0.576
sub-111_task-EyeTracking_physio	162	189.181	322.518	133.337	1247.213	712.742	0.181	0.144	0.290	0.876
sub-111_task-EyeTracking_physio	162	339.190	530.859	191.669	1272.085	821.355	0.170	0.086	0.698	0.321
sub-111_task-EyeTracking_physio	162	539.192	880.862	341.670	1264.045	837.190	0.114	0.032	0.272	0.455
sub-111_task-EyeTracking_physio	162	905.860	1155.863	250.003	1285.277	827.717	0.106	0.027	0.243	0.315
sub-111_task-EyeTracking_physio	162	1189.195	1347.536	158.341	1436.800	648.665	0.148	0.056	0.223	0.460
sub-111_task-EyeTracking_physio	162	1364.202	1555.875	191.673	1524.835	591.235	0.218	0.058	0.436	0.478
sub-111_task-EyeTracking_physio	162	1572.541	1780.889	208.348	1491.680	603.190	0.164	0.065	0.355	0.489
sub-111_task-EyeTracking_physio	162	1797.556	2072.562	275.006	1451.170	653.980	0.135	0.039	0.304	0.384
sub-111_task-EyeTracking_physio	162	2097.561	2372.568	275.007	1630.965	598.825	0.138	0.039	0.245	0.365
sub-111_task-EyeTracking_physio	162	2389.234	2605.909	216.675	1659.467	575.362	0.152	0.040	0.306	0.351
sub-111_task-EyeTracking_physio	162	2772.576	3005.915	233.339	1238.193	806.262	0.117	0.026	0.256	0.204
sub-111_task-EyeTracking_physio	163	-1056.399	-889.729	166.670	1244.062	756.040	0.199	0.154	0.415	1.133
sub-111_task-EyeTracking_physio	163	-606.390	-381.383	225.007	1262.230	741.360	0.127	0.083	0.248	0.889
sub-111_task-EyeTracking_physio	163	-56.380	43.624	100.004	1314.700	716.438	0.230	0.254	0.253	1.320
sub-111_task-EyeTracking_physio	163	51.957	318.631	266.674	1277.963	728.975	0.120	0.036	0.280	0.346
sub-111_task-EyeTracking_physio	163	326.965	643.636	316.671	1292.062	742.760	0.123	0.051	0.358	0.338
sub-111_task-EyeTracking_physio	163	668.640	843.644	175.004	1224.285	828.990	0.107	0.027	0.226	0.314
sub-111_task-EyeTracking_physio	163	860.310	1135.314	275.004	1210.820	859.110	0.133	0.080	0.261	0.525
sub-111_task-EyeTracking_physio	163	1168.646	1501.991	333.345	1287.740	682.643	0.135	0.053	0.381	0.463
sub-111_task-EyeTracking_physio	163	1518.657	1918.667	400.010	1209.750	661.255	0.132	0.053	0.384	0.407
sub-111_task-EyeTracking_physio	163	1935.333	2110.339	175.006	1260.880	721.760	0.152	0.048	0.430	0.350
sub-111_task-EyeTracking_physio	163	2135.339	2385.346	250.007	1233.057	836.607	0.143	0.055	0.289	0.580
sub-111_task-EyeTracking_physio	163	2402.012	2618.685	216.673	1277.435	883.685	0.123	0.102	0.376	0.649
sub-111_task-EyeTracking_physio	163	2635.352	2843.686	208.334	1368.060	922.925	0.181	0.059	0.487	0.366
sub-111_task-EyeTracking_physio	163	2860.353	3010.357	150.004	1435.038	947.615	0.148	0.035	0.438	0.167
sub-111_task-EyeTracking_physio	164	-743.355	-460.017	283.338	1272.995	675.375	0.139	0.079	0.257	0.928
sub-111_task-EyeTracking_physio	164	-185.011	223.332	408.343	1261.490	684.540	0.122	0.085	0.339	0.699
sub-111_task-EyeTracking_physio	164	240.003	423.338	183.335	1311.408	717.425	0.084	0.027	0.211	0.211
sub-111_task-EyeTracking_physio	164	465.004	681.676	216.672	1378.025	731.648	0.105	0.025	0.228	0.229
sub-111_task-EyeTracking_physio	164	790.015	1173.358	383.343	1234.810	625.335	0.129	0.047	0.496	0.328
sub-111_task-EyeTracking_physio	164	1198.357	1456.697	258.340	1179.145	682.605	0.109	0.031	0.211	0.396
sub-111_task-EyeTracking_physio	164	1490.032	1773.368	283.336	1073.213	793.658	0.102	0.022	0.196	0.273
sub-111_task-EyeTracking_physio	164	1806.699	2156.711	350.012	1020.293	798.355	0.087	0.014	0.252	0.220
sub-111_task-EyeTracking_physio	164	2181.709	2456.717	275.008	1062.135	754.650	0.126	0.035	0.364	0.256
sub-111_task-EyeTracking_physio	164	2490.055	2798.402	308.347	1229.625	596.475	0.111	0.035	0.233	0.347
sub-111_task-EyeTracking_physio	164	2890.064	3006.739	116.675	1544.057	799.425	0.175	0.102	0.442	0.443
sub-111_task-EyeTracking_physio	165	-880.325	-655.319	225.006	1266.150	673.735	0.127	0.078	0.272	0.722
sub-111_task-EyeTracking_physio	165	-305.315	353.034	658.349	1269.550	720.910	0.140	0.228	0.898	0.786
sub-111_task-EyeTracking_physio	165	378.038	686.378	308.340	996.580	838.390	0.136	0.040	0.322	0.395
sub-111_task-EyeTracking_physio	165	703.044	853.044	150.000	971.032	810.502	0.095	0.028	0.210	0.221
sub-111_task-EyeTracking_physio	165	878.048	1361.392	483.344	1059.512	790.223	0.117	0.040	0.228	0.416
sub-111_task-EyeTracking_physio	165	1378.059	1619.732	241.673	1045.985	802.110	0.105	0.027	0.222	0.383
sub-111_task-EyeTracking_physio	165	1653.065	1978.075	325.010	1468.835	818.600	0.141	0.034	0.415	0.295
sub-111_task-EyeTracking_physio	165	1994.740	2394.749	400.009	1436.108	775.947	0.121	0.027	0.211	0.332
sub-111_task-EyeTracking_physio	165	2428.082	2594.754	166.672	1399.923	616.882	0.142	0.037	0.265	0.337
sub-111_task-EyeTracking_physio	165	2719.757	3003.095	283.338	976.688	532.950	0.236	0.091	0.492	0.637
sub-111_task-EyeTracking_physio	166	-458.520	-341.850	116.670	1254.825	688.890	0.270	0.239	0.195	1.918
sub-111_task-EyeTracking_physio	166	-33.511	274.831	308.342	1272.720	716.985	0.126	0.066	0.246	0.680
sub-111_task-EyeTracking_physio	166	308.165	541.505	233.340	1303.475	714.883	0.104	0.047	0.241	0.394
sub-111_task-EyeTracking_physio	166	558.172	1116.517	558.345	1200.470	692.835	0.097	0.028	0.253	0.319
sub-111_task-EyeTracking_physio	166	1149.846	1308.188	158.342	1358.520	770.740	0.125	0.026	0.265	0.254
sub-111_task-EyeTracking_physio	166	1333.188	1574.863	241.675	1537.445	812.315	0.145	0.051	0.434	0.343
sub-111_task-EyeTracking_physio	166	1608.195	1783.197	175.002	1628.495	803.860	0.086	0.018	0.160	0.199
sub-111_task-EyeTracking_physio	166	1808.204	2158.208	350.004	1634.015	694.058	0.116	0.032	0.291	0.305
sub-111_task-EyeTracking_physio	166	2174.874	2274.877	100.003	1604.662	616.670	0.120	0.039	0.221	0.264
sub-111_task-EyeTracking_physio	166	2316.543	2674.885	358.342	1204.150	905.585	0.118	0.060	0.481	0.441
sub-111_task-EyeTracking_physio	166	2699.886	2883.226	183.340	1076.145	865.360	0.089	0.017	0.153	0.229
sub-111_task-EyeTracking_physio	167	-436.628	-319.957	116.671	1283.440	555.385	0.194	0.098	0.234	0.616
sub-111_task-EyeTracking_physio	167	-61.614	405.058	466.672	1284.367	711.977	0.110	0.072	0.310	0.574
sub-111_task-EyeTracking_physio	167	413.391	630.065	216.674	1273.078	733.040	0.108	0.046	0.261	0.366
sub-111_task-EyeTracking_physio	167	646.731	988.403	341.672	1254.220	715.575	0.111	0.024	0.223	0.331
sub-111_task-EyeTracking_physio	167	1021.744	1355.084	333.340	1289.155	507.455	0.289	0.103	0.320	1.023
sub-111_task-EyeTracking_physio	167	1371.749	1738.423	366.674	1325.808	576.580	0.126	0.069	0.314	0.554
sub-111_task-EyeTracking_physio	167	1755.090	2071.761	316.671	1328.508	652.100	0.121	0.027	0.169	0.457
sub-111_task-EyeTracking_physio	167	2096.761	2330.106	233.345	1286.632	720.600	0.102	0.034	0.212	0.397
sub-111_task-EyeTracking_physio	167	2346.772	2555.108	208.336	1290.810	739.110	0.086	0.021	0.207	0.264
sub-111_task-EyeTracking_physio	167	2596.780	2888.451	291.671	1294.690	799.775	0.109	0.023	0.191	0.397
sub-111_task-EyeTracking_physio	168	-1132.202	-748.859	383.343	1260.702	695.760	0.108	0.057	0.276	0.661
sub-111_task-EyeTracking_physio	168	-490.519	234.494	725.013	1271.805	717.205	0.092	0.053	0.350	0.535
sub-111_task-EyeTracking_physio	168	259.494	467.832	208.338	1235.450	780.550	0.130	0.031	0.278	0.219
sub-111_task-EyeTracking_physio	168	509.501	692.840	183.339	1157.890	797.753	0.122	0.042	0.224	0.463
sub-111_task-EyeTracking_physio	168	726.174	934.511	208.337	1067.445	740.245	0.105	0.021	0.236	0.235
sub-111_task-EyeTracking_physio	168	959.512	1176.181	216.669	981.293	683.058	0.137	0.038	0.222	0.337
sub-111_task-EyeTracking_physio	168	1201.185	1492.858	291.673	956.480	736.060	0.109	0.024	0.263	0.236
sub-111_task-EyeTracking_physio	168	1517.856	1909.534	391.678	981.840	825.010	0.102	0.042	0.256	0.451
sub-111_task-EyeTracking_physio	168	2042.870	2334.543	291.673	1397.700	713.060	0.106	0.020	0.256	0.183
sub-111_task-EyeTracking_physio	168	2359.542	3009.558	650.016	1367.430	655.612	0.095	0.025	0.238	0.309
sub-111_task-EyeTracking_physio	169	-777.026	-660.356	116.670	1371.812	1039.915	5.802	56.247	3.148	13.132
sub-111_task-EyeTracking_physio	169	-243.681	531.337	775.018	1257.115	724.355	0.118	0.083	0.467	0.624
sub-111_task-EyeTracking_physio	169	564.667	898.011	333.344	1291.725	515.645	0.193	0.092	0.332	0.719
sub-111_task-EyeTracking_physio	169	923.011	1098.018	175.007	1172.080	561.795	0.156	0.057	0.328	0.425
sub-111_task-EyeTracking_physio	169	1114.684	1331.357	216.673	1117.415	634.913	0.173	0.062	0.501	0.371
sub-111_task-EyeTracking_physio	169	1356.357	1981.370	625.013	1106.440	753.985	0.105	0.046	0.304	0.452
sub-111_task-EyeTracking_physio	169	2206.379	2373.046	166.667	1369.017	711.433	0.158	0.115	0.302	0.549
sub-111_task-EyeTracking_physio	169	2398.045	2739.724	341.679	1429.555	747.820	0.121	0.044	0.314	0.338
sub-111_task-EyeTracking_physio	169	2764.724	3006.397	241.673	1511.890	802.025	0.107	0.033	0.332	0.276
sub-111_task-EyeTracking_physio	170	-254.919	253.430	508.349	1265.170	723.525	0.135	0.095	0.327	0.728
sub-111_task-EyeTracking_physio	170	278.431	495.102	216.671	1207.702	760.890	0.121	0.041	0.269	0.378
sub-111_task-EyeTracking_physio	170	511.768	745.108	233.340	1190.938	787.525	0.131	0.033	0.228	0.342
sub-111_task-EyeTracking_physio	170	753.441	903.435	149.994	1214.567	801.408	0.174	0.144	0.314	1.199
sub-111_task-EyeTracking_physio	170	978.448	1195.116	216.668	1450.763	640.775	0.131	0.083	0.360	0.455
sub-111_task-EyeTracking_physio	170	1211.782	1428.456	216.674	1505.310	631.535	0.191	0.084	0.406	0.433
sub-111_task-EyeTracking_physio	170	1445.123	1661.797	216.674	1582.767	656.967	0.124	0.037	0.326	0.305
sub-111_task-EyeTracking_physio	170	1686.797	1853.465	166.668	1615.135	739.763	0.158	0.049	0.325	0.262
sub-111_task-EyeTracking_physio	170	1870.131	2186.810	316.679	1626.235	861.105	0.121	0.050	0.400	0.332
sub-111_task-EyeTracking_physio	170	2203.476	2570.151	366.675	1645.568	879.305	0.100	0.029	0.391	0.316
sub-111_task-EyeTracking_physio	170	2686.823	2961.826	275.003	1606.320	579.515	0.190	0.070	0.450	0.695
sub-111_task-EyeTracking_physio	171	-108.042	258.634	366.676	1256.200	697.043	0.108	0.034	0.247	0.355
sub-111_task-EyeTracking_physio	171	283.634	600.310	316.676	1241.057	738.170	0.124	0.057	0.377	0.371
sub-111_task-EyeTracking_physio	171	616.977	1216.993	600.016	1236.793	653.293	0.129	0.091	0.296	0.923
sub-111_task-EyeTracking_physio	171	1250.326	1441.995	191.669	1421.925	815.455	0.168	0.071	0.318	0.645
sub-111_task-EyeTracking_physio	171	1458.661	1658.669	200.008	1409.072	874.710	0.126	0.044	0.242	0.382
sub-111_task-EyeTracking_physio	171	1683.668	1883.676	200.008	1376.452	895.067	0.133	0.043	0.350	0.307
sub-111_task-EyeTracking_physio	171	1900.342	2192.014	291.672	1332.995	891.665	0.166	0.069	0.528	0.353
sub-111_task-EyeTracking_physio	171	2225.344	2367.017	141.673	1249.045	778.635	0.097	0.020	0.161	0.254
sub-111_task-EyeTracking_physio	171	2392.021	2742.026	350.005	1227.717	653.383	0.139	0.037	0.228	0.346
sub-111_task-EyeTracking_physio	171	2750.359	2875.361	125.002	1245.715	671.805	0.129	0.030	0.183	0.283
sub-111_task-EyeTracking_physio	172	-161.099	463.911	625.010	1275.215	737.900	0.113	0.066	0.403	0.555
sub-111_task-EyeTracking_physio	172	488.916	788.921	300.005	1193.617	787.140	0.119	0.032	0.265	0.315
sub-111_task-EyeTracking_physio	172	822.255	1122.258	300.003	1224.227	984.795	0.114	0.079	0.285	0.618
sub-111_task-EyeTracking_physio	172	1138.928	1305.600	166.672	1252.568	997.900	0.088	0.025	0.205	0.258
sub-111_task-EyeTracking_physio	172	1338.932	1605.604	266.672	1065.132	784.332	0.105	0.031	0.248	0.306
sub-111_task-EyeTracking_physio	172	1622.272	1863.942	241.670	1048.545	809.405	0.079	0.031	0.253	0.331
sub-111_task-EyeTracking_physio	172	1963.945	2188.955	225.010	1284.420	767.435	0.150	0.044	0.386	0.298
sub-111_task-EyeTracking_physio	172	2205.620	2388.956	183.336	1421.682	778.795	0.184	0.052	0.438	0.352
sub-111_task-EyeTracking_physio	172	2405.623	2638.961	233.338	1515.068	819.205	0.096	0.027	0.195	0.259
sub-111_task-EyeTracking_physio	172	2655.628	2855.635	200.007	1550.957	776.382	0.136	0.039	0.338	0.365
sub-111_task-EyeTracking_physio	172	2872.301	3005.635	133.334	1488.508	762.723	0.119	0.058	0.336	0.333
sub-111_task-EyeTracking_physio	173	-2474.200	-2332.532	141.668	1338.740	658.645	0.454	0.517	0.312	3.471
sub-111_task-EyeTracking_physio	173	-2065.860	-1557.513	508.347	1266.810	767.940	0.127	0.067	0.300	0.595
sub-111_task-EyeTracking_physio	173	-1232.508	-1065.824	166.684	1260.648	711.580	0.317	0.534	1.174	1.196
sub-111_task-EyeTracking_physio	173	-1024.167	-899.164	125.003	2462.080	138.590	1.485	22.509	15.755	8.220
sub-111_task-EyeTracking_physio	173	-649.160	-474.155	175.005	2635.145	-121.300	0.289	0.148	0.805	0.470
sub-111_task-EyeTracking_physio	173	-174.150	42.524	216.674	1276.220	745.717	0.173	0.120	0.331	0.896
sub-111_task-EyeTracking_physio	173	67.523	242.526	175.003	1275.275	702.650	0.112	0.043	0.276	0.311
sub-111_task-EyeTracking_physio	173	275.863	784.204	508.341	1284.965	750.250	0.120	0.043	0.334	0.335
sub-111_task-EyeTracking_physio	173	809.208	1075.881	266.673	1518.312	660.733	0.122	0.036	0.285	0.371
sub-111_task-EyeTracking_physio	173	1117.547	1284.217	166.670	1600.267	690.513	0.134	0.035	0.131	0.455
sub-111_task-EyeTracking_physio	173	1309.217	1567.557	258.340	1570.420	906.485	0.120	0.049	0.266	0.441
sub-111_task-EyeTracking_physio	173	1609.227	1775.892	166.665	1098.390	661.620	0.118	0.035	0.253	0.238
sub-111_task-EyeTracking_physio	173	1792.559	2025.902	233.343	1107.645	513.140	0.163	0.036	0.222	0.463
sub-111_task-EyeTracking_physio	173	2042.566	2209.235	166.669	1145.360	512.043	0.167	0.054	0.322	0.357
sub-111_task-EyeTracking_physio	173	2225.901	2642.585	416.684	1209.605	502.847	0.199	0.079	0.376	0.789
sub-111_task-EyeTracking_physio	173	2659.249	2950.922	291.673	1146.315	519.335	0.167	0.062	0.288	0.463
sub-111_task-EyeTracking_physio	174	-777.689	-594.356	183.333	1266.807	820.550	0.728	1.126	0.500	4.990
sub-111_task-EyeTracking_physio	174	-327.680	338.998	666.678	1267.800	722.468	0.142	0.101	0.441	0.849
sub-111_task-EyeTracking_physio	174	363.997	597.341	233.344	1134.360	905.597	0.122	0.048	0.395	0.369
sub-111_task-EyeTracking_physio	174	614.008	905.679	291.671	1092.955	974.095	0.138	0.044	0.256	0.513
sub-111_task-EyeTracking_physio	174	955.684	1122.350	166.666	1535.493	835.523	0.109	0.050	0.245	0.391
sub-111_task-EyeTracking_physio	174	1155.686	1339.026	183.340	1607.175	833.010	0.090	0.019	0.279	0.183
sub-111_task-EyeTracking_physio	174	1355.693	1530.695	175.002	1651.480	811.780	0.107	0.032	0.239	0.332
sub-111_task-EyeTracking_physio	174	1555.695	1897.371	341.676	1611.090	601.035	0.190	0.069	0.402	0.629
sub-111_task-EyeTracking_physio	174	1939.037	2180.708	241.671	1075.200	689.830	0.146	0.045	0.338	0.464
sub-111_task-EyeTracking_physio	174	2197.374	2372.380	175.006	1034.340	730.765	0.182	0.056	0.475	0.365
sub-111_task-EyeTracking_physio	174	2389.047	2580.716	191.669	1001.725	843.425	0.119	0.028	0.175	0.394
sub-111_task-EyeTracking_physio	174	2605.716	2880.727	275.011	1059.075	934.960	0.112	0.027	0.180	0.344
sub-111_task-EyeTracking_physio	175	-38.856	311.152	350.008	1268.662	669.203	0.151	0.172	0.460	1.009
sub-111_task-EyeTracking_physio	175	336.156	527.823	191.667	1230.290	724.745	0.124	0.038	0.276	0.333
sub-111_task-EyeTracking_physio	175	569.488	736.164	166.676	1272.810	820.995	0.095	0.031	0.212	0.332
sub-111_task-EyeTracking_physio	175	744.498	944.498	200.000	1340.768	865.543	0.183	0.055	0.364	0.337
sub-111_task-EyeTracking_physio	175	977.836	1244.508	266.672	1581.358	769.572	0.117	0.037	0.368	0.273
sub-111_task-EyeTracking_physio	175	1261.175	1561.180	300.005	1595.190	729.610	0.136	0.044	0.346	0.376
sub-111_task-EyeTracking_physio	175	1594.513	1869.519	275.006	1444.865	615.790	0.120	0.047	0.341	0.369
sub-111_task-EyeTracking_physio	175	1894.524	2069.526	175.002	1304.580	632.190	0.117	0.031	0.249	0.263
sub-111_task-EyeTracking_physio	175	2094.525	2311.197	216.672	1120.822	666.205	0.139	0.041	0.421	0.240
sub-111_task-EyeTracking_physio	175	2327.864	2511.198	183.334	1025.457	714.535	0.174	0.075	0.606	0.343
sub-111_task-EyeTracking_physio	175	2527.864	2769.538	241.674	958.480	789.250	0.114	0.041	0.412	0.351
sub-111_task-EyeTracking_physio	175	2786.205	3002.880	216.675	918.062	825.680	0.096	0.019	0.242	0.189
sub-111_task-EyeTracking_physio	176	-2593.860	-2260.515	333.345	1234.630	711.673	0.132	0.072	0.320	0.579
sub-111_task-EyeTracking_physio	176	-1960.511	-1810.507	150.004	1248.317	698.005	0.216	0.164	0.255	1.358
sub-111_task-EyeTracking_physio	176	-1760.509	-1618.832	141.677	1732.105	656.180	0.200	0.089	0.410	0.390
sub-111_task-EyeTracking_physio	176	-1310.493	-1085.488	225.005	1263.690	681.705	0.190	0.162	0.309	1.391
sub-111_task-EyeTracking_physio	176	-835.484	-693.814	141.670	1259.975	823.835	1.100	6.198	2.353	8.432
sub-111_task-EyeTracking_physio	176	-202.138	281.206	483.344	1252.305	729.475	0.160	0.055	0.270	0.604
sub-111_task-EyeTracking_physio	176	531.211	772.885	241.674	1065.050	830.250	0.149	0.064	0.302	0.377
sub-111_task-EyeTracking_physio	176	789.551	972.886	183.335	1019.795	760.913	0.135	0.045	0.273	0.339
sub-111_task-EyeTracking_physio	176	989.552	1189.559	200.007	1045.622	663.423	0.207	0.080	0.336	0.606
sub-111_task-EyeTracking_physio	176	1197.893	1414.568	216.675	1114.543	613.132	0.171	0.076	0.415	0.364
sub-111_task-EyeTracking_physio	176	1431.234	1631.234	200.000	1213.568	610.765	0.192	0.072	0.457	0.398
sub-111_task-EyeTracking_physio	176	1639.567	1814.574	175.007	1313.460	619.955	0.190	0.080	0.495	0.312
sub-111_task-EyeTracking_physio	176	1839.575	2064.579	225.004	1480.325	742.580	0.192	0.134	0.317	0.878
sub-111_task-EyeTracking_physio	176	2072.912	2414.582	341.670	1519.930	862.375	0.165	0.121	0.432	0.880
sub-111_task-EyeTracking_physio	176	2447.920	2697.920	250.000	1162.945	891.483	0.129	0.058	0.509	0.260
sub-111_task-EyeTracking_physio	176	2714.592	2872.927	158.335	1050.845	947.905	0.145	0.090	0.452	0.525
sub-111_task-EyeTracking_physio	176	2897.927	3006.265	108.338	1017.185	1035.675	0.351	0.765	1.361	0.745
sub-111_task-EyeTracking_physio	177	-2315.164	-2198.494	116.670	1199.213	632.480	0.499	0.463	0.353	2.516
sub-111_task-EyeTracking_physio	177	-1931.822	-1740.152	191.670	1223.205	710.085	0.174	0.136	0.274	1.210
sub-111_task-EyeTracking_physio	177	-1406.819	-1090.147	316.672	1238.980	705.808	0.164	0.070	0.376	0.529
sub-111_task-EyeTracking_physio	177	-748.463	-631.796	116.667	1289.040	694.773	0.192	0.151	0.194	1.392
sub-111_task-EyeTracking_physio	177	-623.464	268.226	891.690	1256.150	703.240	0.147	0.087	0.441	0.563
sub-111_task-EyeTracking_physio	177	284.893	476.561	191.668	1161.095	718.370	0.137	0.057	0.398	0.300
sub-111_task-EyeTracking_physio	177	676.568	901.573	225.005	1105.960	743.260	0.210	0.115	0.278	1.200
sub-111_task-EyeTracking_physio	177	934.905	1318.249	383.344	1046.995	547.745	0.189	0.089	0.540	0.507
sub-111_task-EyeTracking_physio	177	1343.239	1634.913	291.674	1436.645	563.140	0.153	0.047	0.326	0.524
sub-111_task-EyeTracking_physio	177	1659.920	1934.928	275.008	1485.105	595.510	0.131	0.059	0.358	0.406
sub-111_task-EyeTracking_physio	177	1951.595	2343.272	391.677	1497.325	654.410	0.156	0.070	0.357	0.481
sub-111_task-EyeTracking_physio	177	2484.943	2676.612	191.669	1463.165	760.115	0.192	0.130	0.372	0.829
sub-111_task-EyeTracking_physio	177	2701.612	2901.619	200.007	1416.267	537.587	0.138	0.052	0.265	0.403
sub-111_task-EyeTracking_physio	178	-1102.214	-960.539	141.675	1353.385	613.645	0.250	0.203	0.374	1.486
sub-111_task-EyeTracking_physio	178	-935.539	-468.865	466.674	1266.260	679.808	0.114	0.036	0.299	0.427
sub-111_task-EyeTracking_physio	178	-35.519	197.818	233.337	1270.468	696.058	0.112	0.039	0.293	0.380
sub-111_task-EyeTracking_physio	178	214.484	397.824	183.340	1243.733	767.578	0.137	0.089	0.371	0.538
sub-111_task-EyeTracking_physio	178	414.490	814.500	400.010	1199.255	855.613	0.112	0.061	0.344	0.594
sub-111_task-EyeTracking_physio	178	831.166	1431.183	600.017	1241.908	797.035	0.115	0.044	0.372	0.451
sub-111_task-EyeTracking_physio	178	1447.850	1664.523	216.673	1210.255	864.605	0.097	0.025	0.204	0.314
sub-111_task-EyeTracking_physio	178	1681.190	1864.526	183.336	1240.110	807.750	0.122	0.037	0.253	0.225
sub-111_task-EyeTracking_physio	178	1897.858	2147.868	250.010	1456.465	564.405	0.167	0.060	0.398	0.341
sub-111_task-EyeTracking_physio	178	2172.868	2364.539	191.671	1553.635	644.565	0.165	0.094	0.374	0.581
sub-111_task-EyeTracking_physio	178	2389.540	2647.879	258.339	1553.450	917.840	0.141	0.075	0.411	0.553
sub-111_task-EyeTracking_physio	178	2656.213	2781.216	125.003	1465.305	929.635	0.112	0.031	0.244	0.255
sub-111_task-EyeTracking_physio	178	2797.882	3006.223	208.341	1555.885	831.110	0.127	0.033	0.278	0.285
sub-111_task-EyeTracking_physio	179	-131.000	510.675	641.675	1259.475	704.070	0.154	0.078	0.423	0.558
sub-111_task-EyeTracking_physio	179	544.008	885.680	341.672	1507.080	944.025	0.594	2.884	1.789	5.142
sub-111_task-EyeTracking_physio	179	910.687	1135.686	224.999	1548.795	840.845	0.110	0.068	0.307	0.514
sub-111_task-EyeTracking_physio	179	1152.356	1402.359	250.003	1617.152	810.233	0.133	0.061	0.423	0.326
sub-111_task-EyeTracking_physio	179	1435.706	1860.713	425.007	1058.195	671.000	0.124	0.068	0.443	0.459
sub-111_task-EyeTracking_physio	179	2102.385	2235.722	133.337	1082.957	876.790	0.131	0.030	0.190	0.357
sub-111_task-EyeTracking_physio	179	2244.055	2544.060	300.005	1086.580	894.640	0.170	0.240	0.285	1.838
sub-111_task-EyeTracking_physio	179	2585.726	2777.401	191.675	1366.155	534.120	0.108	0.035	0.260	0.298
sub-111_task-EyeTracking_physio	179	2794.068	2985.740	191.672	1428.850	503.670	0.207	0.072	0.331	0.465
sub-111_task-EyeTracking_physio	180	-409.091	332.594	741.685	1273.495	709.090	0.142	0.093	0.462	0.699
sub-111_task-EyeTracking_physio	180	349.260	515.929	166.669	1340.082	732.358	0.119	0.049	0.372	0.270
sub-111_task-EyeTracking_physio	180	532.600	699.272	166.672	1433.128	708.273	0.130	0.037	0.341	0.273
sub-111_task-EyeTracking_physio	180	715.938	915.943	200.005	1494.912	658.665	0.118	0.046	0.265	0.503
sub-111_task-EyeTracking_physio	180	940.943	1115.947	175.004	1497.760	564.895	0.111	0.030	0.213	0.282
sub-111_task-EyeTracking_physio	180	1140.946	1399.285	258.339	1332.305	522.625	0.142	0.069	0.335	0.558
sub-111_task-EyeTracking_physio	180	1440.955	1715.961	275.006	1269.105	566.935	0.119	0.040	0.291	0.329
sub-111_task-EyeTracking_physio	180	1749.294	1974.302	225.008	1255.610	636.605	0.091	0.019	0.188	0.214
sub-111_task-EyeTracking_physio	180	2207.636	2549.313	341.677	1065.035	595.585	0.128	0.076	0.325	0.664
sub-111_task-EyeTracking_physio	180	2582.646	2765.987	183.341	1125.785	584.255	0.130	0.046	0.286	0.314
sub-111_task-EyeTracking_physio	180	2807.652	3007.655	200.003	1470.150	516.010	0.116	0.030	0.248	0.318
sub-111_task-EyeTracking_physio	181	-1779.730	-1613.063	166.667	1580.345	545.788	0.129	0.078	0.330	0.457
sub-111_task-EyeTracking_physio	181	-1596.389	-1471.390	124.999	1416.180	1314.590	2.183	28.584	5.791	3.869
sub-111_task-EyeTracking_physio	181	-1413.056	-1238.052	175.004	1325.610	679.180	0.203	0.165	0.511	0.902
sub-111_task-EyeTracking_physio	181	-996.379	-771.373	225.006	1322.320	676.985	0.188	0.120	0.335	0.875
sub-111_task-EyeTracking_physio	181	-554.705	-413.027	141.678	1297.895	670.710	0.394	0.532	0.686	3.869
sub-111_task-EyeTracking_physio	181	-404.695	-63.023	341.672	1229.130	701.280	0.109	0.026	0.402	0.233
sub-111_task-EyeTracking_physio	181	-38.022	228.650	266.672	1267.707	705.638	0.091	0.021	0.252	0.183
sub-111_task-EyeTracking_physio	181	245.320	428.657	183.337	1376.930	728.973	0.171	0.065	0.380	0.346
sub-111_task-EyeTracking_physio	181	445.324	620.327	175.003	1448.040	744.515	0.133	0.057	0.325	0.421
sub-111_task-EyeTracking_physio	181	636.998	903.667	266.669	1510.045	785.340	0.126	0.038	0.277	0.333
sub-111_task-EyeTracking_physio	181	920.333	1153.674	233.341	1531.150	732.518	0.143	0.038	0.196	0.410
sub-111_task-EyeTracking_physio	181	1170.342	1420.351	250.009	1533.928	636.815	0.116	0.024	0.247	0.285
sub-111_task-EyeTracking_physio	181	1553.686	1737.023	183.337	1184.705	735.655	0.137	0.037	0.339	0.265
sub-111_task-EyeTracking_physio	181	1745.356	2037.028	291.672	1107.745	750.195	0.121	0.037	0.333	0.314
sub-111_task-EyeTracking_physio	181	2053.695	2245.367	191.672	1125.235	697.465	0.108	0.026	0.202	0.266
sub-111_task-EyeTracking_physio	181	2253.699	2428.703	175.004	1188.155	706.395	0.137	0.034	0.253	0.295
sub-111_task-EyeTracking_physio	181	2445.370	2678.710	233.340	1214.415	738.770	0.113	0.026	0.199	0.297
sub-111_task-EyeTracking_physio	181	2695.377	2870.384	175.007	1280.330	794.240	0.132	0.036	0.249	0.292
sub-111_task-EyeTracking_physio	181	2895.383	3003.726	108.343	1366.075	808.165	0.108	0.022	0.173	0.220
sub-111_task-EyeTracking_physio	182	-1408.902	-1233.900	175.002	1299.830	539.695	0.173	0.129	0.303	0.844
sub-111_task-EyeTracking_physio	182	-1217.234	-1050.565	166.669	1281.580	633.928	0.132	0.028	0.179	0.402
sub-111_task-EyeTracking_physio	182	-675.554	-450.548	225.006	1251.330	730.155	0.159	0.118	0.313	1.031
sub-111_task-EyeTracking_physio	182	-433.882	-25.535	408.347	1281.985	708.405	0.110	0.055	0.286	0.533
sub-111_task-EyeTracking_physio	182	-17.202	266.133	283.335	1266.318	718.135	0.132	0.051	0.397	0.345
sub-111_task-EyeTracking_physio	182	282.800	466.140	183.340	1325.787	734.322	0.129	0.059	0.218	0.446
sub-111_task-EyeTracking_physio	182	482.807	857.817	375.010	1375.885	696.290	0.122	0.033	0.284	0.367
sub-111_task-EyeTracking_physio	182	882.815	1207.825	325.010	1397.770	844.740	0.102	0.055	0.380	0.415
sub-111_task-EyeTracking_physio	182	1224.492	1399.495	175.003	1313.200	865.715	0.157	0.073	0.342	0.374
sub-111_task-EyeTracking_physio	182	1432.827	1582.829	150.002	1134.158	765.230	0.117	0.028	0.232	0.275
sub-111_task-EyeTracking_physio	182	1607.834	1974.504	366.670	994.380	687.505	0.106	0.025	0.291	0.306
sub-111_task-EyeTracking_physio	182	1991.170	2216.177	225.007	1041.425	710.190	0.099	0.032	0.267	0.255
sub-111_task-EyeTracking_physio	182	2257.843	2482.848	225.005	1101.465	716.405	0.092	0.025	0.210	0.304
sub-111_task-EyeTracking_physio	182	2499.515	3007.860	508.345	1023.555	708.505	0.119	0.036	0.242	0.405
sub-111_task-EyeTracking_physio	183	-1446.347	-1338.005	108.342	1204.040	688.840	0.138	0.096	0.187	0.952
sub-111_task-EyeTracking_physio	183	-954.669	-746.328	208.341	1253.505	641.755	0.174	0.240	0.316	1.552
sub-111_task-EyeTracking_physio	183	-729.661	-379.653	350.008	1280.077	690.120	0.127	0.042	0.287	0.482
sub-111_task-EyeTracking_physio	183	-21.310	303.693	325.003	1267.705	689.865	0.122	0.050	0.292	0.531
sub-111_task-EyeTracking_physio	183	337.027	520.367	183.340	1241.485	685.483	0.121	0.042	0.327	0.325
sub-111_task-EyeTracking_physio	183	537.034	1195.381	658.347	1312.325	642.810	0.175	0.053	0.308	0.648
sub-111_task-EyeTracking_physio	183	1220.381	1595.390	375.009	1227.275	575.790	0.221	0.088	0.322	0.743
sub-111_task-EyeTracking_physio	183	1620.390	2070.403	450.013	1146.642	635.197	0.158	0.057	0.261	0.502
sub-111_task-EyeTracking_physio	183	2095.402	2403.741	308.339	1237.055	650.585	0.126	0.035	0.323	0.373
sub-111_task-EyeTracking_physio	183	2453.740	2587.081	133.341	1352.420	803.290	0.086	0.012	0.116	0.206
sub-111_task-EyeTracking_physio	183	2603.747	2878.753	275.006	1420.070	837.350	0.127	0.042	0.371	0.315
sub-111_task-EyeTracking_physio	183	2903.753	3003.756	100.003	1335.213	861.605	0.108	0.025	0.182	0.220
sub-111_task-EyeTracking_physio	184	-141.115	217.227	358.342	1261.620	719.720	0.135	0.065	0.306	0.625
sub-111_task-EyeTracking_physio	184	233.894	525.565	291.671	1203.280	767.050	0.118	0.047	0.402	0.286
sub-111_task-EyeTracking_physio	184	542.229	1167.247	625.018	1112.055	742.545	0.114	0.063	0.371	0.566
sub-111_task-EyeTracking_physio	184	1183.914	1333.918	150.004	1243.635	749.418	0.123	0.055	0.388	0.326
sub-111_task-EyeTracking_physio	184	1358.918	1542.257	183.339	1378.610	771.690	0.112	0.028	0.369	0.179
sub-111_task-EyeTracking_physio	184	1567.256	1733.925	166.669	1453.222	811.658	0.137	0.041	0.205	0.350
sub-111_task-EyeTracking_physio	184	1758.926	1950.597	191.671	1494.435	760.610	0.103	0.026	0.222	0.355
sub-111_task-EyeTracking_physio	184	1967.264	2517.277	550.013	1484.800	718.775	0.130	0.055	0.403	0.461
sub-111_task-EyeTracking_physio	184	2542.277	3008.956	466.679	1569.932	719.485	0.105	0.036	0.301	0.342
sub-111_task-EyeTracking_physio	185	-194.209	439.140	633.349	1263.285	714.523	0.135	0.054	0.329	0.506
sub-111_task-EyeTracking_physio	185	455.806	722.478	266.672	1314.363	718.987	0.117	0.049	0.331	0.336
sub-111_task-EyeTracking_physio	185	747.483	997.489	250.006	1443.345	675.412	0.132	0.046	0.309	0.313
sub-111_task-EyeTracking_physio	185	1014.156	1155.825	141.669	1493.170	674.100	0.123	0.036	0.286	0.333
sub-111_task-EyeTracking_physio	185	1189.158	1439.162	250.004	1070.793	675.425	0.169	0.064	0.519	0.426
sub-111_task-EyeTracking_physio	185	1464.164	1730.838	266.674	1017.332	702.202	0.110	0.030	0.242	0.365
sub-111_task-EyeTracking_physio	185	1764.170	2247.514	483.344	1129.693	915.602	0.104	0.075	0.415	0.489
sub-111_task-EyeTracking_physio	185	2389.186	2722.528	333.342	1668.360	904.785	0.105	0.030	0.285	0.331
sub-111_task-EyeTracking_physio	185	2764.194	2939.198	175.004	1482.890	500.145	0.173	0.047	0.275	0.416
sub-111_task-EyeTracking_physio	186	-1473.337	-1039.989	433.348	1246.307	687.005	0.154	0.078	0.309	0.687
sub-111_task-EyeTracking_physio	186	-748.318	-456.641	291.677	1262.910	689.965	0.160	0.092	0.258	1.086
sub-111_task-EyeTracking_physio	186	-48.302	293.371	341.673	1263.220	717.715	0.171	0.234	0.654	0.793
sub-111_task-EyeTracking_physio	186	310.038	468.376	158.338	1201.655	771.385	0.151	0.061	0.354	0.406
sub-111_task-EyeTracking_physio	186	493.377	768.378	275.001	1297.795	626.915	0.184	0.071	0.313	0.566
sub-111_task-EyeTracking_physio	186	785.051	1285.061	500.010	1327.527	620.662	0.155	0.067	0.399	0.502
sub-111_task-EyeTracking_physio	186	1301.727	1626.736	325.009	1297.615	617.475	0.116	0.045	0.179	0.434
sub-111_task-EyeTracking_physio	186	1635.069	1935.076	300.007	1317.682	613.737	0.125	0.029	0.197	0.312
sub-111_task-EyeTracking_physio	186	1976.748	2151.746	174.998	1400.190	613.255	0.125	0.031	0.219	0.304
sub-111_task-EyeTracking_physio	186	2185.079	2393.424	208.345	1455.690	629.485	0.107	0.029	0.306	0.195
sub-111_task-EyeTracking_physio	186	2426.756	2626.763	200.007	1529.435	637.180	0.109	0.030	0.186	0.331
sub-111_task-EyeTracking_physio	186	2651.761	3010.100	358.339	1567.255	658.200	0.133	0.045	0.447	0.320
sub-111_task-EyeTracking_physio	187	-393.282	281.735	675.017	1263.980	690.570	0.112	0.052	0.368	0.544
sub-111_task-EyeTracking_physio	187	315.070	465.072	150.002	1204.688	679.197	0.103	0.023	0.263	0.291
sub-111_task-EyeTracking_physio	187	490.072	865.082	375.010	1078.315	690.020	0.133	0.046	0.318	0.383
sub-111_task-EyeTracking_physio	187	890.084	1765.104	875.020	1083.090	648.375	0.141	0.069	0.438	0.462
sub-111_task-EyeTracking_physio	187	1798.438	2056.780	258.342	1110.500	869.380	0.145	0.058	0.300	0.729
sub-111_task-EyeTracking_physio	187	2090.112	2298.454	208.342	1623.230	881.090	0.140	0.049	0.400	0.291
sub-111_task-EyeTracking_physio	187	2331.786	2573.460	241.674	1672.020	897.335	0.123	0.041	0.319	0.240
sub-111_task-EyeTracking_physio	187	2840.133	3006.805	166.672	1366.753	690.898	0.163	0.057	0.197	0.545
sub-111_task-EyeTracking_physio	188	-929.933	-729.925	200.008	1217.648	704.043	0.143	0.049	0.226	0.534
sub-111_task-EyeTracking_physio	188	-454.916	-121.575	333.341	1291.102	713.690	0.110	0.049	0.245	0.471
sub-111_task-EyeTracking_physio	188	-104.908	53.430	158.338	1261.405	710.760	0.138	0.037	0.341	0.221
sub-111_task-EyeTracking_physio	188	303.437	553.441	250.004	1233.642	655.960	0.151	0.093	0.308	0.615
sub-111_task-EyeTracking_physio	188	578.439	753.443	175.004	1202.810	712.390	0.176	0.047	0.278	0.388
sub-111_task-EyeTracking_physio	188	770.108	1186.786	416.678	1187.378	773.975	0.137	0.068	0.337	0.480
sub-111_task-EyeTracking_physio	188	1211.788	1486.795	275.007	1427.785	726.145	0.169	0.069	0.541	0.415
sub-111_task-EyeTracking_physio	188	1511.795	1886.804	375.009	1452.065	715.480	0.144	0.049	0.259	0.530
sub-111_task-EyeTracking_physio	188	1961.802	2178.477	216.675	1415.750	873.852	0.186	0.083	0.366	0.582
sub-111_task-EyeTracking_physio	188	2203.476	2911.829	708.353	1336.895	781.010	0.123	0.051	0.390	0.414
sub-111_task-EyeTracking_physio	189	-575.205	-125.188	450.017	1253.190	734.072	0.134	0.084	0.330	0.708
sub-111_task-EyeTracking_physio	189	-100.185	324.816	425.001	1268.240	718.340	0.114	0.046	0.345	0.326
sub-111_task-EyeTracking_physio	189	341.483	566.497	225.014	1298.595	668.790	0.121	0.027	0.257	0.244
sub-111_task-EyeTracking_physio	189	583.164	908.169	325.005	1369.285	630.805	0.136	0.035	0.376	0.350
sub-111_task-EyeTracking_physio	189	933.173	1108.177	175.004	1248.760	789.620	0.187	0.110	0.263	0.707
sub-111_task-EyeTracking_physio	189	1141.511	1333.182	191.671	1129.535	799.475	0.128	0.060	0.251	0.378
sub-111_task-EyeTracking_physio	189	1358.182	1549.850	191.668	1053.445	786.730	0.132	0.040	0.316	0.361
sub-111_task-EyeTracking_physio	189	1574.848	1783.190	208.342	998.180	833.455	0.116	0.029	0.247	0.304
sub-111_task-EyeTracking_physio	189	1799.856	2066.530	266.674	1032.303	893.388	0.105	0.032	0.350	0.183
sub-111_task-EyeTracking_physio	189	2099.863	2399.875	300.012	1566.705	842.612	0.133	0.037	0.416	0.281
sub-111_task-EyeTracking_physio	189	2416.542	2583.209	166.667	1592.953	770.737	0.117	0.025	0.198	0.304
sub-111_task-EyeTracking_physio	189	2599.876	3008.218	408.342	1599.225	599.690	0.200	0.082	0.391	0.643
sub-111_task-EyeTracking_physio	190	-52.986	63.684	116.670	1266.598	646.612	0.266	0.122	0.225	1.363
sub-111_task-EyeTracking_physio	190	288.688	555.363	266.675	1246.702	632.945	0.144	0.057	0.222	0.649
sub-111_task-EyeTracking_physio	190	572.028	772.031	200.003	1166.655	617.862	0.117	0.035	0.377	0.197
sub-111_task-EyeTracking_physio	190	797.037	1263.710	466.673	1116.450	604.805	0.171	0.048	0.321	0.478
sub-111_task-EyeTracking_physio	190	1297.043	1663.720	366.677	1121.755	818.178	0.147	0.035	0.243	0.566
sub-111_task-EyeTracking_physio	190	1680.387	1830.402	150.015	1073.523	840.597	0.101	0.019	0.170	0.217
sub-111_task-EyeTracking_physio	190	1847.058	2063.729	216.671	1132.080	856.565	0.107	0.030	0.236	0.294
sub-111_task-EyeTracking_physio	190	2080.395	2472.071	391.676	1156.565	867.265	0.112	0.031	0.268	0.303
sub-111_task-EyeTracking_physio	190	2497.075	2922.085	425.010	1056.130	839.560	0.118	0.032	0.261	0.374
sub-111_task-EyeTracking_physio	191	-8613.131	-8296.458	316.673	1229.723	784.185	0.273	0.469	0.334	3.336
sub-111_task-EyeTracking_physio	191	-7904.784	-7571.438	333.346	1218.900	720.697	0.150	0.143	0.273	1.348
sub-111_task-EyeTracking_physio	191	-7304.774	-7196.429	108.345	1222.105	743.360	0.259	0.096	0.174	0.828
sub-111_task-EyeTracking_physio	191	-6296.415	-6054.743	241.672	1282.250	692.810	0.160	0.090	0.288	0.722
sub-111_task-EyeTracking_physio	191	-6046.410	-5829.740	216.670	1262.115	690.827	0.116	0.046	0.316	0.273
sub-111_task-EyeTracking_physio	191	-5571.402	-5313.062	258.340	1268.045	699.275	0.176	0.120	0.403	0.908
sub-111_task-EyeTracking_physio	191	-4921.389	-4738.047	183.342	1296.878	782.295	1.246	26.539	4.880	10.844
sub-111_task-EyeTracking_physio	191	-4679.715	-4571.379	108.336	2181.765	1599.820	0.250	0.221	0.683	0.570
sub-111_task-EyeTracking_physio	191	-4546.380	-4338.037	208.343	2447.185	1835.130	0.594	0.536	0.711	1.383
sub-111_task-EyeTracking_physio	191	-4329.704	-4129.705	199.999	2503.210	1860.885	0.232	0.203	0.824	0.774
sub-111_task-EyeTracking_physio	191	-4063.032	-3896.364	166.668	1372.862	829.315	0.223	0.172	0.675	0.674
sub-111_task-EyeTracking_physio	191	-3663.023	-3471.355	191.668	1252.450	712.930	0.199	0.201	0.297	1.730
sub-111_task-EyeTracking_physio	191	-3404.685	-3263.016	141.669	953.195	1464.275	0.384	0.279	0.391	1.370
sub-111_task-EyeTracking_physio	191	-2838.006	-2521.326	316.680	641.530	1501.675	0.181	0.106	0.801	0.424
sub-111_task-EyeTracking_physio	191	-2512.987	-2396.322	116.665	684.625	1514.480	0.194	0.112	0.435	0.419
sub-111_task-EyeTracking_physio	191	-2346.327	-2179.659	166.668	1310.555	754.433	0.217	0.104	0.480	0.657
sub-111_task-EyeTracking_physio	191	-1546.301	-1337.972	208.329	1252.840	675.150	0.158	0.102	0.341	0.649
sub-111_task-EyeTracking_physio	191	-1312.970	-1196.300	116.670	1278.713	686.030	0.118	0.037	0.245	0.275
sub-111_task-EyeTracking_physio	191	-912.959	237.067	1150.026	1273.990	700.608	0.123	0.088	0.617	0.545
sub-111_task-EyeTracking_physio	191	253.742	545.407	291.665	1292.940	729.720	0.166	0.042	0.272	0.335
sub-111_task-EyeTracking_physio	191	570.415	712.076	141.661	1350.925	748.855	0.115	0.040	0.336	0.203
sub-111_task-EyeTracking_physio	191	728.743	895.414	166.671	1419.783	715.723	0.157	0.062	0.344	0.301
sub-111_task-EyeTracking_physio	191	928.748	1095.419	166.671	1449.985	693.715	0.101	0.033	0.236	0.262
sub-111_task-EyeTracking_physio	191	1112.085	1420.437	308.352	1486.935	745.250	0.119	0.046	0.213	0.472
sub-111_task-EyeTracking_physio	191	1512.102	1770.442	258.340	1460.445	766.470	0.165	0.060	0.244	0.641
sub-111_task-EyeTracking_physio	191	1787.107	2245.454	458.347	1439.895	740.565	0.171	0.057	0.383	0.369
sub-111_task-EyeTracking_physio	191	2287.112	2503.785	216.673	1369.870	574.793	0.092	0.021	0.290	0.226
sub-111_task-EyeTracking_physio	191	2520.451	2712.129	191.678	1286.660	519.750	0.134	0.028	0.219	0.294
sub-111_task-EyeTracking_physio	191	2737.134	2962.135	225.001	1130.490	521.310	0.141	0.043	0.356	0.281
sub-111_task-EyeTracking_physio	192	-457.711	708.984	1166.695	1252.550	717.595	0.111	0.083	0.503	0.536
sub-111_task-EyeTracking_physio	192	733.974	1175.654	441.680	1261.270	601.955	0.123	0.056	0.354	0.579
sub-111_task-EyeTracking_physio	192	1208.986	1567.330	358.344	1623.690	738.310	0.116	0.037	0.275	0.314
sub-111_task-EyeTracking_physio	192	1600.664	1975.681	375.017	1110.115	843.505	0.118	0.043	0.406	0.377
sub-111_task-EyeTracking_physio	192	2000.681	2292.354	291.673	1095.190	822.190	0.093	0.021	0.177	0.318
sub-111_task-EyeTracking_physio	192	2317.353	2659.028	341.675	1047.405	753.965	0.101	0.021	0.209	0.271
sub-111_task-EyeTracking_physio	192	2684.027	3009.044	325.017	1094.640	809.190	0.091	0.017	0.235	0.232
sub-111_task-EyeTracking_physio	193	-35.692	247.648	283.340	1277.075	681.210	0.153	0.086	0.228	0.844
sub-111_task-EyeTracking_physio	193	455.989	805.998	350.009	1370.355	695.150	0.123	0.066	0.385	0.460
sub-111_task-EyeTracking_physio	193	822.665	989.333	166.668	1396.412	647.170	0.113	0.036	0.209	0.448
sub-111_task-EyeTracking_physio	193	1006.000	1322.677	316.677	1404.650	545.200	0.165	0.067	0.255	0.686
sub-111_task-EyeTracking_physio	193	1347.676	1622.682	275.006	1111.535	588.470	0.201	0.070	0.402	0.541
sub-111_task-EyeTracking_physio	193	1656.016	1831.016	175.000	1131.690	675.610	0.113	0.025	0.204	0.280
sub-111_task-EyeTracking_physio	193	1847.688	2122.695	275.007	1123.775	759.495	0.150	0.040	0.234	0.439
sub-111_task-EyeTracking_physio	193	2156.027	2581.036	425.009	1151.500	861.135	0.093	0.017	0.202	0.222
sub-111_task-EyeTracking_physio	193	2606.035	2922.713	316.678	1443.912	812.000	0.136	0.030	0.258	0.318
sub-111_task-EyeTracking_physio	194	-1389.517	-1206.182	183.335	1335.088	669.440	0.154	0.064	0.170	0.658
sub-111_task-EyeTracking_physio	194	-956.176	-406.163	550.013	1245.985	702.640	0.138	0.073	0.376	0.672
sub-111_task-EyeTracking_physio	194	-106.160	202.177	308.337	1273.750	709.935	0.154	0.084	0.343	0.711
sub-111_task-EyeTracking_physio	194	218.844	627.185	408.341	1282.175	774.340	0.138	0.044	0.333	0.371
sub-111_task-EyeTracking_physio	194	652.194	1135.532	483.338	1052.665	780.678	0.130	0.057	0.343	0.463
sub-111_task-EyeTracking_physio	194	1160.532	1410.541	250.009	1078.438	733.400	0.104	0.025	0.266	0.184
sub-111_task-EyeTracking_physio	194	1443.874	2185.556	741.682	1156.450	655.735	0.130	0.044	0.348	0.448
sub-111_task-EyeTracking_physio	194	2202.222	2435.561	233.339	1220.303	665.207	0.115	0.027	0.302	0.236
sub-111_task-EyeTracking_physio	194	2460.561	2718.899	258.338	1532.220	743.010	0.139	0.055	0.384	0.364
sub-111_task-EyeTracking_physio	194	2735.565	2952.239	216.674	1601.258	784.898	0.154	0.059	0.366	0.385
sub-111_task-EyeTracking_physio	195	-334.630	73.712	408.342	1252.030	715.530	0.130	0.096	0.391	0.613
sub-111_task-EyeTracking_physio	195	248.718	548.725	300.007	1242.390	733.648	0.147	0.134	0.464	0.671
sub-111_task-EyeTracking_physio	195	582.057	840.397	258.340	1639.800	711.745	0.144	0.053	0.456	0.354
sub-111_task-EyeTracking_physio	195	848.730	1040.404	191.674	1595.805	721.465	0.135	0.044	0.371	0.346
sub-111_task-EyeTracking_physio	195	1057.070	1290.409	233.339	1507.875	750.215	0.125	0.046	0.323	0.357
sub-111_task-EyeTracking_physio	195	1315.409	1557.083	241.674	1417.795	752.600	0.094	0.033	0.267	0.277
sub-111_task-EyeTracking_physio	195	1573.749	1790.417	216.668	1337.685	819.588	0.152	0.047	0.414	0.275
sub-111_task-EyeTracking_physio	195	1807.089	2015.423	208.334	1263.590	889.150	0.130	0.058	0.423	0.304
sub-111_task-EyeTracking_physio	195	2048.757	2440.434	391.677	1137.940	697.510	0.107	0.036	0.369	0.397
sub-111_task-EyeTracking_physio	195	2457.100	2648.773	191.673	1180.230	760.955	0.081	0.015	0.194	0.203
sub-111_task-EyeTracking_physio	195	2673.774	2932.111	258.337	1202.360	780.385	0.101	0.019	0.256	0.228
sub-111_task-EyeTracking_physio	196	-154.402	20.600	175.002	1260.950	735.160	0.228	0.341	0.455	1.552
sub-111_task-EyeTracking_physio	196	270.606	537.280	266.674	1253.423	712.895	0.152	0.099	0.300	0.804
sub-111_task-EyeTracking_physio	196	562.278	1037.291	475.013	1269.835	745.680	0.113	0.116	0.570	0.564
sub-111_task-EyeTracking_physio	196	1062.291	1270.627	208.336	1536.395	767.015	0.184	0.066	0.409	0.392
sub-111_task-EyeTracking_physio	196	1287.299	1453.966	166.667	1580.682	749.605	0.262	0.128	0.727	0.466
sub-111_task-EyeTracking_physio	196	1478.966	1703.981	225.015	1259.910	472.520	0.172	0.085	0.287	0.602
sub-111_task-EyeTracking_physio	196	1712.315	1953.979	241.664	1249.280	510.625	0.168	0.052	0.246	0.455
sub-111_task-EyeTracking_physio	196	1987.321	2170.655	183.334	1099.765	689.903	0.120	0.048	0.305	0.327
sub-111_task-EyeTracking_physio	196	2187.322	2403.988	216.666	1031.720	723.848	0.150	0.040	0.436	0.249
sub-111_task-EyeTracking_physio	196	2437.321	2770.665	333.344	1262.370	512.535	0.199	0.090	0.459	0.534
sub-111_task-EyeTracking_physio	196	2787.332	3004.003	216.671	1324.218	518.418	0.190	0.041	0.199	0.625
sub-111_task-EyeTracking_physio	197	-32.491	484.186	516.677	1267.372	697.630	0.133	0.078	0.381	0.700
sub-111_task-EyeTracking_physio	197	509.191	750.858	241.667	1384.525	678.140	0.124	0.054	0.385	0.290
sub-111_task-EyeTracking_physio	197	767.529	884.195	116.666	1403.495	636.188	0.168	0.053	0.267	0.355
sub-111_task-EyeTracking_physio	197	909.200	1209.203	300.003	1142.440	618.197	0.161	0.063	0.404	0.422
sub-111_task-EyeTracking_physio	197	1225.870	1409.215	183.345	1158.547	584.293	0.162	0.052	0.286	0.358
sub-111_task-EyeTracking_physio	197	1434.221	2050.893	616.672	1099.043	642.280	0.143	0.051	0.361	0.358
sub-111_task-EyeTracking_physio	197	2075.903	2434.239	358.336	1076.475	686.800	0.118	0.030	0.303	0.306
sub-111_task-EyeTracking_physio	197	2467.577	2775.914	308.337	1145.450	905.650	0.128	0.089	0.319	0.815
sub-111_task-EyeTracking_physio	197	2800.915	3009.242	208.327	1439.240	711.725	0.152	0.100	0.557	0.577
sub-111_task-EyeTracking_physio	198	-3279.597	-3137.922	141.675	1324.675	584.350	0.562	0.441	0.285	2.639
sub-111_task-EyeTracking_physio	198	-2887.923	-2604.579	283.344	1258.543	674.133	0.124	0.069	0.278	0.612
sub-111_task-EyeTracking_physio	198	-2296.241	-2079.566	216.675	1267.632	722.403	0.167	0.131	0.499	1.144
sub-111_task-EyeTracking_physio	198	-2037.901	-1887.890	150.011	1301.262	765.017	0.157	0.068	0.368	0.348
sub-111_task-EyeTracking_physio	198	-1612.889	-1446.221	166.668	1257.448	722.348	0.153	0.083	0.347	0.577
sub-111_task-EyeTracking_physio	198	-1129.546	-979.534	150.012	1253.415	618.735	0.236	0.511	0.484	1.909
sub-111_task-EyeTracking_physio	198	-612.867	-396.199	216.668	292.118	68.138	0.278	0.142	0.544	0.745
sub-111_task-EyeTracking_physio	198	-146.192	287.154	433.346	1266.487	684.805	0.225	0.315	0.955	1.759
sub-111_task-EyeTracking_physio	198	295.488	495.498	200.010	1235.185	654.425	0.134	0.088	0.480	0.512
sub-111_task-EyeTracking_physio	198	520.498	778.838	258.340	979.310	666.400	0.138	0.055	0.306	0.371
sub-111_task-EyeTracking_physio	198	803.841	1387.177	583.336	925.562	780.460	0.140	0.051	0.391	0.475
sub-111_task-EyeTracking_physio	198	1445.521	1812.186	366.665	1512.125	893.290	0.107	0.027	0.313	0.250
sub-111_task-EyeTracking_physio	198	1820.519	2012.193	191.674	1554.110	906.620	0.169	0.043	0.488	0.261
sub-111_task-EyeTracking_physio	198	2037.193	2370.535	333.342	1606.188	915.972	0.100	0.024	0.292	0.292
sub-111_task-EyeTracking_physio	198	2512.213	2753.874	241.661	1503.670	588.790	0.164	0.054	0.302	0.472
sub-111_task-EyeTracking_physio	198	2770.544	2937.213	166.669	1401.378	588.585	0.142	0.035	0.263	0.282
sub-111_task-EyeTracking_physio	199	-591.163	-407.828	183.335	1234.100	664.452	0.286	0.199	0.394	1.199
sub-111_task-EyeTracking_physio	199	-116.158	283.861	400.019	1269.530	718.102	0.154	0.077	0.307	0.687
sub-111_task-EyeTracking_physio	199	292.190	458.868	166.678	1268.842	735.810	0.118	0.042	0.250	0.456
sub-111_task-EyeTracking_physio	199	483.869	708.866	224.997	1486.155	674.820	0.137	0.062	0.349	0.321
sub-111_task-EyeTracking_physio	199	725.541	1150.550	425.009	1546.210	667.975	0.136	0.066	0.386	0.403
sub-111_task-EyeTracking_physio	199	1167.208	1483.886	316.678	1528.043	825.112	0.143	0.068	0.296	0.546
sub-111_task-EyeTracking_physio	199	1500.552	1708.887	208.335	1573.565	847.895	0.115	0.034	0.253	0.370
sub-111_task-EyeTracking_physio	199	1725.554	2167.231	441.677	1574.040	797.790	0.123	0.034	0.282	0.323
sub-111_task-EyeTracking_physio	199	2183.898	2583.908	400.010	1551.145	769.195	0.119	0.047	0.384	0.260
sub-111_task-EyeTracking_physio	199	2608.909	2933.918	325.009	1558.935	792.845	0.120	0.036	0.220	0.331
sub-111_task-EyeTracking_physio	200	-411.327	-161.313	250.014	1336.075	681.225	0.139	0.197	0.425	1.050
sub-111_task-EyeTracking_physio	200	-136.313	222.030	358.343	1286.925	712.180	0.116	0.035	0.342	0.367
sub-111_task-EyeTracking_physio	200	363.700	622.029	258.329	1316.090	675.870	0.154	0.100	0.261	0.720
sub-111_task-EyeTracking_physio	200	647.038	872.037	224.999	1391.375	601.915	0.207	0.091	0.362	0.456
sub-111_task-EyeTracking_physio	200	888.703	1097.042	208.339	1441.690	562.425	0.185	0.072	0.301	0.511
sub-111_task-EyeTracking_physio	200	1105.375	1763.733	658.358	1457.355	528.755	0.161	0.085	0.402	0.526
sub-111_task-EyeTracking_physio	200	1788.732	2038.729	249.997	1412.765	498.793	0.132	0.042	0.362	0.307
sub-111_task-EyeTracking_physio	200	2063.738	2372.076	308.338	1453.420	555.185	0.134	0.048	0.279	0.420
sub-111_task-EyeTracking_physio	200	2380.410	2872.092	491.682	1471.085	553.145	0.112	0.049	0.277	0.474
sub-111_task-EyeTracking_physio	200	2897.092	3005.425	108.333	1446.985	569.450	0.136	0.040	0.233	0.307
sub-111_task-EyeTracking_physio	201	-598.392	-498.388	100.004	1291.220	423.080	0.442	0.266	0.225	1.876
sub-111_task-EyeTracking_physio	201	-473.386	-331.718	141.668	1261.365	646.145	0.149	0.053	0.287	0.363
sub-111_task-EyeTracking_physio	201	-90.046	268.298	358.344	1261.025	703.095	0.174	0.162	0.412	1.061
sub-111_task-EyeTracking_physio	201	284.964	518.306	233.342	1228.050	657.672	0.107	0.058	0.301	0.414
sub-111_task-EyeTracking_physio	201	534.973	918.311	383.338	1069.395	662.227	0.129	0.056	0.490	0.374
sub-111_task-EyeTracking_physio	201	934.976	1343.323	408.347	1160.780	653.725	0.127	0.039	0.396	0.291
sub-111_task-EyeTracking_physio	201	1376.660	1584.997	208.337	1444.765	629.015	0.186	0.066	0.577	0.310
sub-111_task-EyeTracking_physio	201	1618.330	1851.669	233.339	1532.055	662.192	0.126	0.029	0.200	0.344
sub-111_task-EyeTracking_physio	201	1876.668	2051.675	175.007	1458.375	696.225	0.126	0.038	0.311	0.275
sub-111_task-EyeTracking_physio	201	2068.342	2451.684	383.342	1387.358	677.087	0.120	0.036	0.274	0.364
sub-111_task-EyeTracking_physio	201	2476.685	2668.354	191.669	1326.375	668.685	0.106	0.033	0.280	0.258
sub-111_task-EyeTracking_physio	201	2701.682	2968.354	266.672	1211.850	664.283	0.095	0.020	0.231	0.243
sub-111_task-EyeTracking_physio	202	-843.723	-552.052	291.671	1212.790	732.750	0.142	0.123	0.289	1.048
sub-111_task-EyeTracking_physio	202	-527.052	-377.044	150.008	1261.745	680.495	0.124	0.038	0.265	0.299
sub-111_task-EyeTracking_physio	202	-35.374	156.300	191.674	1258.135	654.040	0.204	0.197	0.350	1.250
sub-111_task-EyeTracking_physio	202	189.633	522.971	333.338	1206.457	665.985	0.106	0.047	0.387	0.302
sub-111_task-EyeTracking_physio	202	547.975	722.977	175.002	1005.925	715.155	0.116	0.041	0.277	0.346
sub-111_task-EyeTracking_physio	202	764.643	997.984	233.341	937.810	721.280	0.098	0.029	0.295	0.237
sub-111_task-EyeTracking_physio	202	1047.984	1222.992	175.008	1325.915	697.500	0.119	0.026	0.218	0.236
sub-111_task-EyeTracking_physio	202	1322.990	1489.663	166.673	1314.880	751.285	0.120	0.025	0.248	0.223
sub-111_task-EyeTracking_physio	202	1514.663	1806.337	291.674	1278.160	774.575	0.090	0.024	0.220	0.306
sub-111_task-EyeTracking_physio	202	1831.337	2848.026	1016.689	1251.650	859.717	0.096	0.055	0.623	0.363
sub-111_task-EyeTracking_physio	202	2898.025	3006.363	108.338	1644.215	809.910	0.132	0.027	0.335	0.175
sub-111_task-EyeTracking_physio	203	-5801.452	-5443.115	358.337	637.020	246.890	0.175	0.099	0.371	0.788
sub-111_task-EyeTracking_physio	203	-5201.441	-5051.438	150.003	1252.128	562.013	0.143	0.038	0.183	0.440
sub-111_task-EyeTracking_physio	203	-5018.096	-4709.760	308.336	1711.525	433.310	0.201	0.117	0.428	0.668
sub-111_task-EyeTracking_physio	203	-4693.095	-3968.074	725.021	1750.690	415.060	0.140	0.134	0.584	0.675
sub-111_task-EyeTracking_physio	203	-3751.404	-3618.068	133.336	1373.438	515.655	0.377	0.211	0.254	1.408
sub-111_task-EyeTracking_physio	203	-3601.401	-3468.063	133.338	1297.497	601.983	0.205	0.070	0.320	0.433
sub-111_task-EyeTracking_physio	203	-3193.052	-3043.049	150.003	1275.635	663.545	0.382	0.577	0.351	3.687
sub-111_task-EyeTracking_physio	203	-2726.376	-2401.368	325.008	1268.075	697.395	0.139	0.081	0.220	0.803
sub-111_task-EyeTracking_physio	203	-2184.698	-1884.685	300.013	1268.977	730.253	0.141	0.079	0.272	0.530
sub-111_task-EyeTracking_physio	203	-1034.666	-751.325	283.341	1306.440	700.178	0.152	0.089	0.389	0.627
sub-111_task-EyeTracking_physio	203	-726.326	-226.314	500.012	1271.860	677.713	0.153	0.071	0.351	0.569
sub-111_task-EyeTracking_physio	203	-34.640	232.036	266.676	1275.447	684.473	0.223	0.122	0.341	1.014
sub-111_task-EyeTracking_physio	203	248.703	548.706	300.003	1303.148	743.363	0.149	0.059	0.398	0.408
sub-111_task-EyeTracking_physio	203	573.704	915.388	341.684	1162.215	716.270	0.106	0.023	0.283	0.249
sub-111_task-EyeTracking_physio	203	957.055	1157.053	199.998	1528.405	804.717	0.116	0.038	0.255	0.384
sub-111_task-EyeTracking_physio	203	1173.727	1682.071	508.344	1533.225	762.930	0.115	0.062	0.506	0.272
sub-111_task-EyeTracking_physio	203	1707.071	2165.407	458.336	1576.200	980.355	0.216	0.482	0.472	2.127
sub-111_task-EyeTracking_physio	203	2182.077	2473.750	291.673	1655.485	1028.805	0.142	0.056	0.464	0.389
sub-111_task-EyeTracking_physio	203	2523.749	2757.090	233.341	1403.785	487.840	0.123	0.040	0.276	0.293
sub-111_task-EyeTracking_physio	203	2782.090	2973.762	191.672	1360.445	515.365	0.132	0.047	0.243	0.423
sub-111_task-EyeTracking_physio	204	-104.205	395.809	500.014	1275.190	734.987	0.129	0.107	0.363	0.807
sub-111_task-EyeTracking_physio	204	420.809	612.491	191.682	1213.400	752.585	0.134	0.042	0.299	0.327
sub-111_task-EyeTracking_physio	204	645.824	929.163	283.339	998.465	702.982	0.149	0.050	0.447	0.343
sub-111_task-EyeTracking_physio	204	945.829	1045.833	100.004	942.803	685.255	0.120	0.033	0.249	0.215
sub-111_task-EyeTracking_physio	204	1070.832	1345.839	275.007	970.035	570.565	0.154	0.048	0.222	0.515
sub-111_task-EyeTracking_physio	204	1362.505	2054.192	691.687	960.665	483.225	0.218	0.083	0.388	0.860
sub-111_task-EyeTracking_physio	204	2087.524	2245.860	158.336	1041.780	711.680	0.179	0.034	0.148	0.579
sub-111_task-EyeTracking_physio	204	2270.860	2662.537	391.677	1050.260	842.745	0.087	0.019	0.260	0.217
sub-111_task-EyeTracking_physio	204	2704.198	3004.204	300.006	1542.590	717.995	0.172	0.051	0.556	0.316
sub-111_task-EyeTracking_physio	205	-2008.645	-1875.308	133.337	1311.553	684.800	0.231	0.136	0.337	0.908
sub-111_task-EyeTracking_physio	205	-1625.302	-1491.965	133.337	1253.745	710.977	0.229	0.112	0.314	0.633
sub-111_task-EyeTracking_physio	205	-1141.955	-941.951	200.004	1293.378	706.545	0.498	0.839	1.011	2.957
sub-111_task-EyeTracking_physio	205	-416.938	-258.604	158.334	1275.950	783.285	0.185	0.082	0.422	0.411
sub-111_task-EyeTracking_physio	205	-16.928	324.749	341.677	1295.050	673.295	0.149	0.082	0.252	0.739
sub-111_task-EyeTracking_physio	205	349.747	616.429	266.682	1248.418	801.310	0.119	0.056	0.350	0.404
sub-111_task-EyeTracking_physio	205	633.095	1166.430	533.335	1225.800	778.688	0.117	0.039	0.331	0.356
sub-111_task-EyeTracking_physio	205	1424.782	1691.442	266.660	1227.040	772.710	0.112	0.043	0.241	0.410
sub-111_task-EyeTracking_physio	205	1716.449	1916.448	199.999	1344.532	605.300	0.298	0.197	0.791	0.697
sub-111_task-EyeTracking_physio	205	1933.115	2316.459	383.344	1370.875	555.672	0.116	0.055	0.386	0.334
sub-111_task-EyeTracking_physio	205	2341.459	2608.132	266.673	1362.555	786.078	0.170	0.044	0.251	0.516
sub-111_task-EyeTracking_physio	205	2624.797	2941.482	316.685	1376.628	812.255	0.112	0.046	0.411	0.254
sub-111_task-EyeTracking_physio	206	-1612.958	-1154.617	458.341	1223.505	735.475	0.126	0.068	0.324	0.695
sub-111_task-EyeTracking_physio	206	-1129.613	-987.943	141.670	1258.350	728.195	0.175	0.058	0.296	0.431
sub-111_task-EyeTracking_physio	206	-746.270	-562.937	183.333	1260.503	712.825	0.211	0.090	0.213	1.053
sub-111_task-EyeTracking_physio	206	-237.928	-46.255	191.673	1278.125	727.905	0.207	0.159	0.282	1.351
sub-111_task-EyeTracking_physio	206	187.085	362.087	175.002	1259.455	734.110	0.178	0.116	0.252	0.895
sub-111_task-EyeTracking_physio	206	387.087	620.425	233.338	1310.517	780.045	0.100	0.029	0.282	0.268
sub-111_task-EyeTracking_physio	206	653.759	795.430	141.671	1416.785	793.505	0.099	0.019	0.235	0.139
sub-111_task-EyeTracking_physio	206	812.097	928.763	116.666	1529.805	740.080	0.205	0.086	0.454	0.493
sub-111_task-EyeTracking_physio	206	945.436	1162.105	216.669	1453.440	625.638	0.139	0.047	0.340	0.331
sub-111_task-EyeTracking_physio	206	1178.772	1445.447	266.675	1404.495	542.163	0.152	0.062	0.382	0.376
sub-111_task-EyeTracking_physio	206	1470.449	1745.456	275.007	1260.235	462.855	0.203	0.090	0.357	0.734
sub-111_task-EyeTracking_physio	206	1753.790	2045.461	291.671	1153.930	513.520	0.167	0.065	0.403	0.419
sub-111_task-EyeTracking_physio	206	2062.127	2345.465	283.338	1102.303	590.580	0.163	0.061	0.419	0.533
sub-111_task-EyeTracking_physio	206	2370.466	2587.141	216.675	1130.612	628.872	0.119	0.027	0.187	0.298
sub-111_task-EyeTracking_physio	206	2603.807	2845.480	241.673	1243.045	679.845	0.102	0.028	0.223	0.284
sub-111_task-EyeTracking_physio	206	2862.146	3003.818	141.672	1339.945	687.840	0.134	0.048	0.309	0.334
sub-111_task-EyeTracking_physio	207	-449.626	-282.951	166.675	1257.095	595.745	0.334	0.262	0.234	2.529
sub-111_task-EyeTracking_physio	207	-32.944	242.062	275.006	1295.360	721.975	0.177	0.111	0.292	1.022
sub-111_task-EyeTracking_physio	207	258.728	450.398	191.670	1340.345	772.640	0.155	0.115	0.540	0.551
sub-111_task-EyeTracking_physio	207	467.064	892.078	425.014	1362.325	824.790	0.126	0.059	0.425	0.478
sub-111_task-EyeTracking_physio	207	900.412	1100.413	200.001	1351.565	796.100	0.145	0.057	0.394	0.441
sub-111_task-EyeTracking_physio	207	1117.079	1267.084	150.005	1303.440	848.288	0.092	0.024	0.205	0.254
sub-111_task-EyeTracking_physio	207	1283.754	1650.425	366.671	1366.375	829.757	0.142	0.056	0.433	0.417
sub-111_task-EyeTracking_physio	207	1683.763	1917.099	233.336	1429.770	629.570	0.160	0.035	0.224	0.386
sub-111_task-EyeTracking_physio	207	1942.103	2108.771	166.668	1484.173	603.877	0.148	0.062	0.332	0.359
sub-111_task-EyeTracking_physio	207	2125.437	2325.441	200.004	1623.293	629.905	0.128	0.036	0.289	0.256
sub-111_task-EyeTracking_physio	207	2358.779	2758.788	400.009	1321.445	607.795	0.142	0.060	0.320	0.432
sub-111_task-EyeTracking_physio	207	2775.453	3008.796	233.343	1256.818	554.885	0.144	0.035	0.255	0.385
sub-111_task-EyeTracking_physio	208	-803.454	-670.119	133.335	1247.307	812.505	0.178	0.097	0.309	0.570
sub-111_task-EyeTracking_physio	208	-645.120	-536.783	108.337	1273.630	716.465	0.170	0.044	0.182	0.447
sub-111_task-EyeTracking_physio	208	-286.777	263.236	550.013	1274.915	706.540	0.139	0.079	0.283	0.782
sub-111_task-EyeTracking_physio	208	279.903	446.571	166.668	1234.227	778.360	0.098	0.037	0.228	0.278
sub-111_task-EyeTracking_physio	208	463.237	829.913	366.676	1208.365	856.003	0.170	0.136	0.356	1.088
sub-111_task-EyeTracking_physio	208	863.246	1063.251	200.005	1582.148	710.347	0.110	0.058	0.348	0.470
sub-111_task-EyeTracking_physio	208	1088.250	1379.925	291.675	1600.260	656.900	0.123	0.036	0.177	0.350
sub-111_task-EyeTracking_physio	208	1396.592	1754.934	358.342	1652.920	764.215	0.105	0.049	0.293	0.377
sub-111_task-EyeTracking_physio	208	1938.275	2163.278	225.003	1078.535	573.000	0.195	0.052	0.209	0.715
sub-111_task-EyeTracking_physio	208	2179.944	2413.279	233.335	995.085	594.690	0.149	0.065	0.491	0.297
sub-111_task-EyeTracking_physio	208	2663.292	3004.966	341.674	1015.400	885.395	0.130	0.073	0.312	0.686
sub-111_task-EyeTracking_physio	209	-248.179	251.831	500.010	1263.635	686.132	0.115	0.048	0.355	0.366
sub-111_task-EyeTracking_physio	209	268.497	526.835	258.338	1250.640	735.515	0.140	0.044	0.345	0.405
sub-111_task-EyeTracking_physio	209	551.838	868.512	316.674	1158.315	703.740	0.107	0.045	0.228	0.394
sub-111_task-EyeTracking_physio	209	893.511	1493.528	600.017	1063.400	691.197	0.114	0.043	0.291	0.402
sub-111_task-EyeTracking_physio	209	1535.193	1818.533	283.340	1606.878	651.475	0.192	0.067	0.308	0.514
sub-111_task-EyeTracking_physio	209	1843.535	2135.211	291.676	1676.260	669.420	0.136	0.035	0.271	0.377
sub-111_task-EyeTracking_physio	209	2176.877	2385.215	208.338	1157.480	683.355	0.157	0.052	0.313	0.394
sub-111_task-EyeTracking_physio	209	2401.882	2885.224	483.342	1083.477	695.885	0.117	0.038	0.346	0.286
sub-111_task-EyeTracking_physio	209	2901.896	3010.226	108.330	1054.800	677.695	0.175	0.030	0.166	0.355
sub-111_task-EyeTracking_physio	210	-34.550	357.124	391.674	1280.585	705.495	0.108	0.048	0.250	0.626
sub-111_task-EyeTracking_physio	210	373.790	548.794	175.004	1354.415	706.015	0.122	0.037	0.262	0.242
sub-111_task-EyeTracking_physio	210	565.460	965.468	400.008	1436.735	684.815	0.126	0.072	0.535	0.451
sub-111_task-EyeTracking_physio	210	982.135	1182.145	200.010	1399.940	585.977	0.184	0.044	0.276	0.417
sub-111_task-EyeTracking_physio	210	1207.145	1457.150	250.005	1331.570	521.525	0.144	0.056	0.244	0.542
sub-111_task-EyeTracking_physio	210	1507.149	1815.492	308.343	1028.230	844.525	0.116	0.036	0.278	0.341
sub-111_task-EyeTracking_physio	210	1832.158	2007.160	175.002	1024.310	763.100	0.109	0.022	0.195	0.217
sub-111_task-EyeTracking_physio	210	2040.498	2223.834	183.336	1333.082	679.435	0.153	0.047	0.468	0.245
sub-111_task-EyeTracking_physio	210	2240.500	2723.846	483.346	1356.635	715.372	0.109	0.027	0.262	0.329
sub-111_task-EyeTracking_physio	210	2740.512	2957.189	216.677	1336.850	654.067	0.107	0.032	0.269	0.301
sub-111_task-EyeTracking_physio	211	-71.105	470.579	541.684	1267.640	733.150	0.133	0.139	0.441	0.994
sub-111_task-EyeTracking_physio	211	495.579	1370.598	875.019	1325.660	659.635	0.135	0.154	0.605	0.844
sub-111_task-EyeTracking_physio	211	1395.605	1603.939	208.334	1306.985	693.425	0.114	0.022	0.166	0.292
sub-111_task-EyeTracking_physio	211	1620.605	2003.949	383.344	1324.735	666.598	0.099	0.020	0.143	0.317
sub-111_task-EyeTracking_physio	211	2020.615	2320.626	300.011	1322.213	581.638	0.096	0.027	0.215	0.298
sub-111_task-EyeTracking_physio	211	2337.291	2595.632	258.341	1285.315	555.400	0.158	0.050	0.321	0.434
sub-111_task-EyeTracking_physio	211	2612.299	2820.641	208.342	1296.735	529.490	0.140	0.056	0.237	0.534
sub-111_task-EyeTracking_physio	211	2845.640	3003.975	158.335	1338.905	673.430	0.135	0.036	0.223	0.339
sub-111_task-EyeTracking_physio	212	-924.644	-616.306	308.338	1308.875	676.380	0.176	0.095	0.323	0.879
sub-111_task-EyeTracking_physio	212	-591.301	317.055	908.356	1260.730	688.425	0.115	0.076	0.410	0.663
sub-111_task-EyeTracking_physio	212	358.721	550.390	191.669	1214.765	701.990	0.094	0.024	0.231	0.211
sub-111_task-EyeTracking_physio	212	567.056	817.064	250.008	1154.992	691.817	0.121	0.069	0.335	0.432
sub-111_task-EyeTracking_physio	212	833.730	1067.069	233.339	1100.543	700.290	0.127	0.036	0.291	0.345
sub-111_task-EyeTracking_physio	212	1083.736	1567.081	483.345	1075.162	761.075	0.112	0.036	0.301	0.400
sub-111_task-EyeTracking_physio	212	1583.747	1817.087	233.340	1211.905	697.650	0.133	0.028	0.249	0.282
sub-111_task-EyeTracking_physio	212	1850.420	2083.761	233.341	1257.227	705.775	0.093	0.022	0.253	0.280
sub-111_task-EyeTracking_physio	212	2100.427	2283.767	183.340	1185.540	688.150	0.151	0.030	0.240	0.294
sub-111_task-EyeTracking_physio	212	2300.433	2717.110	416.677	1171.188	573.605	0.175	0.074	0.328	0.682
sub-111_task-EyeTracking_physio	212	2742.109	2917.110	175.001	1338.785	700.895	0.138	0.050	0.320	0.439
sub-111_task-EyeTracking_physio	213	-970.003	-786.663	183.340	1233.040	650.775	0.166	0.115	0.190	0.893
sub-111_task-EyeTracking_physio	213	-536.655	-378.319	158.336	1256.550	718.595	0.277	0.235	0.288	2.021
sub-111_task-EyeTracking_physio	213	-36.641	413.366	450.007	1271.218	703.192	0.126	0.069	0.390	0.646
sub-111_task-EyeTracking_physio	213	446.699	663.372	216.673	1358.465	649.487	0.153	0.027	0.163	0.400
sub-111_task-EyeTracking_physio	213	680.038	1113.381	433.343	1371.553	605.710	0.135	0.047	0.306	0.408
sub-111_task-EyeTracking_physio	213	1196.719	1296.720	100.001	1225.088	645.930	0.151	0.065	0.301	0.446
sub-111_task-EyeTracking_physio	213	1321.719	1513.390	191.671	1076.790	716.715	0.125	0.035	0.249	0.220
sub-111_task-EyeTracking_physio	213	1546.728	1896.730	350.002	1048.530	791.210	0.091	0.023	0.277	0.265
sub-111_task-EyeTracking_physio	213	1913.397	2280.075	366.678	1082.078	791.217	0.124	0.041	0.285	0.371
sub-111_task-EyeTracking_physio	213	2330.079	2513.418	183.339	1369.348	481.510	0.213	0.066	0.258	0.454
sub-111_task-EyeTracking_physio	213	2538.417	2688.418	150.001	1526.273	539.317	0.187	0.085	0.454	0.479
sub-111_task-EyeTracking_physio	213	2721.756	3005.096	283.340	1586.985	669.625	0.117	0.034	0.267	0.354
sub-111_task-EyeTracking_physio	214	-2724.974	-2558.306	166.668	1251.968	689.357	0.202	0.152	0.238	1.039
sub-111_task-EyeTracking_physio	214	-2249.962	-1933.286	316.676	1264.290	706.190	0.124	0.110	0.380	0.752
sub-111_task-EyeTracking_physio	214	-1708.282	-1549.946	158.336	1277.485	705.955	0.315	0.367	0.275	2.571
sub-111_task-EyeTracking_physio	214	-1224.937	-1066.602	158.335	1256.970	681.510	0.240	0.290	0.596	1.507
sub-111_task-EyeTracking_physio	214	-1024.932	-699.924	325.008	699.035	801.970	0.143	0.064	0.551	0.385
sub-111_task-EyeTracking_physio	214	-458.252	250.100	708.352	1268.215	701.925	0.117	0.055	0.317	0.588
sub-111_task-EyeTracking_physio	214	266.766	433.435	166.669	1182.997	723.998	0.130	0.057	0.327	0.387
sub-111_task-EyeTracking_physio	214	458.434	666.775	208.341	1094.660	734.720	0.153	0.043	0.268	0.393
sub-111_task-EyeTracking_physio	214	700.109	916.783	216.674	1054.327	731.710	0.106	0.029	0.322	0.250
sub-111_task-EyeTracking_physio	214	933.449	1283.454	350.005	1072.332	675.912	0.116	0.043	0.250	0.447
sub-111_task-EyeTracking_physio	214	1308.457	1608.461	300.004	1105.555	752.885	0.134	0.028	0.270	0.314
sub-111_task-EyeTracking_physio	214	1633.462	1975.141	341.679	1118.905	832.820	0.098	0.025	0.187	0.326
sub-111_task-EyeTracking_physio	214	2033.474	2200.142	166.668	1587.622	877.950	0.071	0.010	0.203	0.124
sub-111_task-EyeTracking_physio	214	2216.813	2491.819	275.006	1643.505	894.085	0.159	0.061	0.579	0.335
sub-111_task-EyeTracking_physio	214	2516.818	2716.821	200.003	1652.370	763.280	0.112	0.030	0.215	0.325
sub-111_task-EyeTracking_physio	214	2733.487	3008.493	275.006	1657.995	708.920	0.171	0.040	0.205	0.499
sub-111_task-EyeTracking_physio	215	-94.709	405.302	500.011	1269.457	698.138	0.116	0.068	0.340	0.693
sub-111_task-EyeTracking_physio	215	430.302	905.315	475.013	1223.140	752.490	0.114	0.042	0.323	0.429
sub-111_task-EyeTracking_physio	215	930.314	1138.656	208.342	1287.340	682.170	0.114	0.029	0.272	0.273
sub-111_task-EyeTracking_physio	215	1163.655	1380.325	216.670	1359.660	683.442	0.139	0.049	0.319	0.394
sub-111_task-EyeTracking_physio	215	1396.995	1747.001	350.006	1360.555	495.847	0.195	0.067	0.209	0.794
sub-111_task-EyeTracking_physio	215	1763.666	1955.341	191.675	1314.575	484.405	0.268	0.063	0.193	0.845
sub-111_task-EyeTracking_physio	215	1988.674	2255.347	266.673	996.105	492.153	0.196	0.074	0.349	0.656
sub-111_task-EyeTracking_physio	215	2305.348	2622.034	316.686	918.570	762.662	0.107	0.032	0.292	0.334
sub-111_task-EyeTracking_physio	215	2655.367	2855.363	199.996	976.070	801.890	0.123	0.028	0.323	0.284
sub-111_task-EyeTracking_physio	215	2897.028	3005.366	108.338	1094.170	800.390	0.099	0.015	0.131	0.219
sub-111_task-EyeTracking_physio	216	-1065.397	-890.389	175.008	1265.300	728.285	0.208	0.138	0.293	1.312
sub-111_task-EyeTracking_physio	216	-348.710	276.306	625.016	1292.695	713.590	0.119	0.076	0.357	0.753
sub-111_task-EyeTracking_physio	216	292.973	584.640	291.667	1247.540	694.060	0.147	0.168	0.552	0.819
sub-111_task-EyeTracking_physio	216	601.307	776.313	175.006	1257.565	579.540	0.119	0.033	0.196	0.368
sub-111_task-EyeTracking_physio	216	801.319	1267.995	466.676	1250.935	425.113	0.194	0.109	0.402	0.588
sub-111_task-EyeTracking_physio	216	1284.661	1551.333	266.672	1257.492	531.987	0.146	0.062	0.287	0.542
sub-111_task-EyeTracking_physio	216	1576.337	1951.338	375.001	1298.520	637.975	0.114	0.039	0.218	0.553
sub-111_task-EyeTracking_physio	216	1976.345	2134.683	158.338	1362.330	717.290	0.154	0.029	0.197	0.344
sub-111_task-EyeTracking_physio	216	2151.348	2451.352	300.004	1398.582	755.210	0.122	0.030	0.291	0.304
sub-111_task-EyeTracking_physio	216	2468.018	2843.030	375.012	1380.915	747.655	0.116	0.026	0.281	0.306
sub-111_task-EyeTracking_physio	216	2868.031	3009.701	141.670	1264.955	728.380	0.153	0.039	0.298	0.331
sub-111_task-EyeTracking_physio	217	-852.467	-410.787	441.680	1247.115	665.695	0.139	0.068	0.364	0.861
sub-111_task-EyeTracking_physio	217	-144.114	14.222	158.336	1268.845	720.160	0.137	0.082	0.267	0.777
sub-111_task-EyeTracking_physio	217	247.560	805.903	558.343	1237.215	704.555	0.162	0.120	0.491	0.737
sub-111_task-EyeTracking_physio	217	822.570	1597.582	775.012	1252.500	629.530	0.106	0.033	0.267	0.420
sub-111_task-EyeTracking_physio	217	1814.252	2039.251	224.999	2425.060	-406.510	0.821	3.981	3.832	2.632
sub-111_task-EyeTracking_physio	217	2230.925	2464.264	233.339	2265.557	1069.023	0.739	13.270	7.015	4.971
sub-111_task-EyeTracking_physio	218	-10188.771	-9880.432	308.339	2290.270	911.970	0.440	7.308	4.048	7.610
sub-111_task-EyeTracking_physio	218	-9863.766	-9738.765	125.001	2248.440	1251.110	0.260	0.395	0.517	1.387
sub-111_task-EyeTracking_physio	218	-9180.420	-8705.412	475.008	1275.120	691.250	0.268	0.154	0.509	1.046
sub-111_task-EyeTracking_physio	218	-8455.407	-8255.403	200.004	1256.125	660.485	0.206	0.141	0.446	0.916
sub-111_task-EyeTracking_physio	218	-7972.061	-7680.390	291.671	1249.510	628.530	0.247	0.174	0.408	1.359
sub-111_task-EyeTracking_physio	218	-7397.050	-7022.039	375.011	1258.040	684.460	0.213	0.196	0.514	1.096
sub-111_task-EyeTracking_physio	218	-6730.367	-6205.358	525.009	1254.120	684.660	0.213	0.329	0.776	1.419
sub-111_task-EyeTracking_physio	218	-6197.025	-5972.016	225.009	1235.720	709.730	0.107	0.031	0.324	0.204
sub-111_task-EyeTracking_physio	218	-5955.349	-5396.999	558.350	1250.900	715.620	0.165	0.097	0.701	0.479
sub-111_task-EyeTracking_physio	218	-5305.333	-4938.658	366.675	2328.755	985.325	0.159	0.167	0.716	0.611
sub-111_task-EyeTracking_physio	218	-4880.321	-4721.984	158.337	1304.170	769.770	0.281	0.124	0.740	0.455
sub-111_task-EyeTracking_physio	218	-4705.319	-4080.302	625.017	1255.470	727.470	0.161	0.075	0.392	0.569
sub-111_task-EyeTracking_physio	218	-3813.631	-3663.629	150.002	1231.865	717.880	0.201	0.132	0.263	0.883
sub-111_task-EyeTracking_physio	218	-3646.962	-3038.613	608.349	1251.050	711.670	0.151	0.072	0.445	0.465
sub-111_task-EyeTracking_physio	218	-2788.613	-2513.601	275.012	1249.580	729.050	0.185	0.252	0.608	1.018
sub-111_task-EyeTracking_physio	218	-1688.589	-1371.920	316.669	1240.577	683.673	0.159	0.053	0.292	0.402
sub-111_task-EyeTracking_physio	218	-1155.246	-1013.576	141.670	1273.650	725.645	0.246	0.151	0.257	1.334
sub-111_task-EyeTracking_physio	218	-905.242	-688.571	216.671	2544.868	945.237	0.222	0.118	0.563	0.572
sub-111_task-EyeTracking_physio	218	-313.566	319.785	633.351	1273.325	703.412	0.139	0.108	0.775	0.548
sub-111_task-EyeTracking_physio	218	344.785	511.459	166.674	1253.305	766.220	0.104	0.060	0.319	0.439
sub-111_task-EyeTracking_physio	218	536.459	953.134	416.675	1108.535	800.535	0.149	0.059	0.446	0.420
sub-111_task-EyeTracking_physio	218	978.142	1203.139	224.997	1059.545	720.310	0.119	0.035	0.297	0.311
sub-111_task-EyeTracking_physio	218	1219.806	1569.815	350.009	1028.370	649.827	0.143	0.047	0.381	0.370
sub-111_task-EyeTracking_physio	218	1594.823	1786.485	191.662	1160.515	820.010	0.167	0.041	0.219	0.424
sub-111_task-EyeTracking_physio	218	1811.488	2019.825	208.337	1219.190	813.340	0.103	0.022	0.217	0.223
sub-111_task-EyeTracking_physio	218	2044.832	2278.163	233.331	1248.535	792.665	0.078	0.016	0.196	0.210
sub-111_task-EyeTracking_physio	218	2303.171	2478.171	175.000	1440.675	770.710	0.151	0.044	0.347	0.285
sub-111_task-EyeTracking_physio	218	2494.836	2936.512	441.676	1555.345	792.850	0.133	0.055	0.510	0.380
sub-111_task-EyeTracking_physio	219	-325.381	-158.718	166.663	1248.872	792.655	0.228	0.211	0.798	0.479
sub-111_task-EyeTracking_physio	219	-133.718	299.629	433.347	1268.525	715.205	0.148	0.069	0.433	0.494
sub-111_task-EyeTracking_physio	219	307.963	466.297	158.334	1236.570	738.665	0.155	0.069	0.281	0.442
sub-111_task-EyeTracking_physio	219	491.297	999.643	508.346	1203.440	842.420	0.148	0.078	0.466	0.638
sub-111_task-EyeTracking_physio	219	1107.976	1316.314	208.338	1562.990	597.445	0.216	0.104	0.330	0.624
sub-111_task-EyeTracking_physio	219	1324.652	1491.320	166.668	1646.410	581.178	0.279	0.125	0.605	0.510
sub-111_task-EyeTracking_physio	219	1524.653	1749.662	225.009	1639.620	876.445	0.140	0.046	0.220	0.431
sub-111_task-EyeTracking_physio	219	1774.661	1983.002	208.341	1634.520	929.710	0.157	0.060	0.336	0.461
sub-111_task-EyeTracking_physio	219	1999.667	2174.669	175.002	1515.345	929.695	0.133	0.048	0.365	0.275
sub-111_task-EyeTracking_physio	219	2216.336	2533.014	316.678	1037.830	672.100	0.129	0.046	0.332	0.356
sub-111_task-EyeTracking_physio	219	2549.681	2874.684	325.003	964.980	620.185	0.175	0.080	0.344	0.491
sub-111_task-EyeTracking_physio	219	2908.031	3008.031	100.000	1011.015	768.688	0.179	0.033	0.188	0.396
sub-111_task-EyeTracking_physio	220	-737.133	-537.131	200.002	1198.273	762.635	0.171	0.170	0.263	1.785
sub-111_task-EyeTracking_physio	220	-512.126	221.223	733.349	1278.128	721.645	0.145	0.093	0.556	0.609
sub-111_task-EyeTracking_physio	220	254.556	696.236	441.680	1284.580	742.395	0.112	0.054	0.296	0.400
sub-111_task-EyeTracking_physio	220	729.568	996.242	266.674	1408.372	643.790	0.146	0.047	0.273	0.430
sub-111_task-EyeTracking_physio	220	1012.910	1179.578	166.668	1469.260	680.993	0.158	0.079	0.398	0.489
sub-111_task-EyeTracking_physio	220	1204.582	1421.251	216.669	1541.688	726.317	0.150	0.041	0.209	0.332
sub-111_task-EyeTracking_physio	220	1437.917	1787.928	350.011	1561.362	721.467	0.129	0.042	0.254	0.426
sub-111_task-EyeTracking_physio	220	1821.260	1979.603	158.343	1405.120	725.150	0.139	0.037	0.226	0.308
sub-111_task-EyeTracking_physio	220	2004.603	2237.945	233.342	1322.648	746.707	0.153	0.055	0.612	0.239
sub-111_task-EyeTracking_physio	220	2254.617	2429.620	175.003	1278.070	752.595	0.128	0.046	0.307	0.287
sub-111_task-EyeTracking_physio	220	2462.953	2629.612	166.659	1139.480	709.355	0.101	0.034	0.271	0.276
sub-111_task-EyeTracking_physio	220	2721.293	3004.634	283.341	1049.720	710.335	0.126	0.084	0.152	1.124
sub-111_task-EyeTracking_physio	221	-607.054	-365.374	241.680	1256.680	741.085	0.134	0.089	0.407	0.701
sub-111_task-EyeTracking_physio	221	-32.038	267.966	300.004	1268.922	707.953	0.112	0.057	0.282	0.504
sub-111_task-EyeTracking_physio	221	292.965	459.635	166.670	1231.030	745.608	0.128	0.026	0.139	0.376
sub-111_task-EyeTracking_physio	221	484.639	642.973	158.334	1198.795	878.395	0.186	0.105	0.266	0.754
sub-111_task-EyeTracking_physio	221	676.306	1042.984	366.678	1198.180	973.135	0.203	0.240	0.497	1.489
sub-111_task-EyeTracking_physio	221	1059.650	1284.656	225.006	1141.675	960.855	0.087	0.024	0.263	0.182
sub-111_task-EyeTracking_physio	221	1309.655	1693.008	383.353	1090.505	964.893	0.091	0.032	0.354	0.268
sub-111_task-EyeTracking_physio	221	1726.332	2409.689	683.357	1502.080	954.335	0.114	0.031	0.462	0.276
sub-111_task-EyeTracking_physio	221	2443.025	2676.351	233.326	1425.283	877.210	0.088	0.026	0.227	0.233
sub-111_task-EyeTracking_physio	221	2718.023	3009.704	291.681	1202.425	726.025	0.131	0.053	0.443	0.300
sub-111_task-EyeTracking_physio	222	-785.486	-510.481	275.005	1241.275	640.055	0.181	0.142	0.344	0.768
sub-111_task-EyeTracking_physio	222	-268.808	22.865	291.673	1283.770	703.410	0.144	0.072	0.254	0.648
sub-111_task-EyeTracking_physio	222	39.532	422.875	383.343	1263.242	706.732	0.118	0.052	0.255	0.464
sub-111_task-EyeTracking_physio	222	439.542	614.549	175.007	1285.070	709.970	0.110	0.038	0.250	0.318
sub-111_task-EyeTracking_physio	222	639.549	939.562	300.013	1305.352	647.562	0.136	0.043	0.237	0.517
sub-111_task-EyeTracking_physio	222	956.228	1331.231	375.003	1286.935	598.305	0.159	0.075	0.338	0.621
sub-111_task-EyeTracking_physio	222	1356.231	1622.904	266.673	1274.483	712.048	0.111	0.029	0.197	0.368
sub-111_task-EyeTracking_physio	222	1631.241	2006.247	375.006	1271.730	696.755	0.110	0.029	0.241	0.349
sub-111_task-EyeTracking_physio	222	2031.251	2631.262	600.011	1304.280	615.810	0.140	0.066	0.333	0.586
sub-111_task-EyeTracking_physio	222	2847.936	3006.273	158.337	1304.530	662.785	0.211	0.106	0.329	0.692
sub-111_task-EyeTracking_physio	223	-230.173	294.843	525.016	1258.400	690.330	0.126	0.051	0.340	0.593
sub-111_task-EyeTracking_physio	223	319.843	544.847	225.004	1303.030	646.110	0.117	0.038	0.328	0.253
sub-111_task-EyeTracking_physio	223	553.181	1528.202	975.021	1331.565	646.155	0.120	0.083	0.600	0.514
sub-111_task-EyeTracking_physio	223	1561.535	1744.874	183.339	1464.822	681.790	0.090	0.017	0.191	0.235
sub-111_task-EyeTracking_physio	223	1761.540	2011.548	250.008	1500.565	703.902	0.103	0.030	0.251	0.292
sub-111_task-EyeTracking_physio	223	2036.548	2186.549	150.001	1470.287	687.253	0.094	0.017	0.246	0.128
sub-111_task-EyeTracking_physio	223	2211.548	2678.229	466.681	1346.315	619.510	0.115	0.051	0.350	0.498
sub-111_task-EyeTracking_physio	223	2703.226	2894.902	191.676	1476.065	697.760	0.110	0.034	0.215	0.363
sub-111_task-EyeTracking_physio	224	-3094.024	-2777.355	316.669	1276.990	755.342	0.125	0.081	0.376	0.645
sub-111_task-EyeTracking_physio	224	-2285.674	-2052.338	233.336	1253.287	713.975	0.147	0.078	0.289	0.619
sub-111_task-EyeTracking_physio	224	-1627.317	-1477.323	149.994	505.615	1634.090	1.320	10.870	5.043	4.821
sub-111_task-EyeTracking_physio	224	-1435.649	-1218.981	216.668	628.820	1496.765	0.137	0.084	0.415	0.502
sub-111_task-EyeTracking_physio	224	-1202.314	-877.311	325.003	610.160	1505.055	0.196	0.124	0.475	0.642
sub-111_task-EyeTracking_physio	224	-627.304	-427.296	200.008	1289.030	686.868	0.213	0.139	0.351	0.840
sub-111_task-EyeTracking_physio	224	-410.631	406.054	816.685	1264.963	694.200	0.126	0.091	0.392	0.568
sub-111_task-EyeTracking_physio	224	422.722	589.394	166.672	1176.965	710.288	0.121	0.033	0.402	0.184
sub-111_task-EyeTracking_physio	224	614.395	806.069	191.674	1112.205	716.470	0.123	0.031	0.252	0.234
sub-111_task-EyeTracking_physio	224	822.734	981.071	158.337	1042.315	743.115	0.132	0.030	0.213	0.365
sub-111_task-EyeTracking_physio	224	1006.070	1172.741	166.671	1124.597	879.613	0.143	0.071	0.250	0.677
sub-111_task-EyeTracking_physio	224	1189.407	1372.748	183.341	1207.108	928.855	0.160	0.113	0.410	0.596
sub-111_task-EyeTracking_physio	224	1406.082	1606.085	200.003	1339.455	1017.308	0.118	0.048	0.340	0.328
sub-111_task-EyeTracking_physio	224	1622.754	2072.763	450.009	1389.655	1033.057	0.089	0.051	0.321	0.427
sub-111_task-EyeTracking_physio	224	2122.762	2272.765	150.003	1231.668	854.810	0.093	0.023	0.332	0.168
sub-111_task-EyeTracking_physio	224	2297.769	2572.774	275.005	1158.120	984.415	0.128	0.029	0.285	0.423
sub-111_task-EyeTracking_physio	224	2589.441	3006.118	416.677	1137.508	972.697	0.081	0.015	0.197	0.246
sub-111_task-EyeTracking_physio	225	-30.319	211.355	241.674	1283.510	713.475	0.181	0.134	0.336	0.878
sub-111_task-EyeTracking_physio	225	228.022	528.033	300.011	1259.023	771.653	0.121	0.044	0.223	0.522
sub-111_task-EyeTracking_physio	225	561.366	794.705	233.339	1227.565	596.785	0.149	0.042	0.203	0.562
sub-111_task-EyeTracking_physio	225	803.038	1453.054	650.016	1244.150	596.425	0.165	0.106	0.484	0.696
sub-111_task-EyeTracking_physio	225	1478.054	1719.727	241.673	1249.740	729.940	0.113	0.050	0.233	0.363
sub-111_task-EyeTracking_physio	225	1744.726	1844.729	100.003	1269.995	705.320	0.110	0.034	0.315	0.191
sub-111_task-EyeTracking_physio	225	1869.730	2061.398	191.668	1241.005	545.380	0.199	0.051	0.254	0.476
sub-111_task-EyeTracking_physio	225	2078.065	2394.741	316.676	1234.975	462.395	0.306	0.158	0.430	1.463
sub-111_task-EyeTracking_physio	225	2536.412	2761.418	225.006	1550.850	615.405	0.120	0.031	0.255	0.277
sub-111_task-EyeTracking_physio	225	2786.418	3003.086	216.668	1492.560	644.713	0.096	0.025	0.253	0.219
sub-111_task-EyeTracking_physio	226	-116.818	341.525	458.343	1264.635	714.285	0.135	0.080	0.238	0.926
sub-111_task-EyeTracking_physio	226	374.860	591.532	216.672	1059.938	747.710	0.166	0.071	0.493	0.386
sub-111_task-EyeTracking_physio	226	608.198	824.868	216.670	996.080	781.672	0.133	0.040	0.342	0.340
sub-111_task-EyeTracking_physio	226	849.872	1258.213	408.341	995.395	667.075	0.116	0.038	0.308	0.424
sub-111_task-EyeTracking_physio	226	1283.221	1516.560	233.339	1235.217	663.767	0.122	0.028	0.251	0.220
sub-111_task-EyeTracking_physio	226	1541.559	1691.554	149.995	1262.050	653.365	0.085	0.017	0.135	0.198
sub-111_task-EyeTracking_physio	226	1708.220	1866.564	158.344	1193.000	672.340	0.151	0.038	0.264	0.261
sub-111_task-EyeTracking_physio	226	1924.892	2108.238	183.346	1589.428	818.332	0.093	0.028	0.279	0.221
sub-111_task-EyeTracking_physio	226	2124.904	2449.905	325.001	1633.790	863.965	0.149	0.054	0.373	0.405
sub-111_task-EyeTracking_physio	226	2483.246	2758.242	274.996	1553.040	710.655	0.137	0.044	0.358	0.331
sub-111_task-EyeTracking_physio	226	2766.576	3008.245	241.669	1562.195	725.560	0.132	0.042	0.307	0.356
sub-111_task-EyeTracking_physio	227	-2296.532	-2088.197	208.335	1247.615	602.190	0.128	0.032	0.239	0.405
sub-111_task-EyeTracking_physio	227	-1763.187	-1329.846	433.341	1274.463	669.023	0.178	0.106	0.391	0.672
sub-111_task-EyeTracking_physio	227	-1013.176	-854.827	158.349	1268.800	688.765	0.208	0.126	0.278	1.121
sub-111_task-EyeTracking_physio	227	-288.158	70.184	358.342	1267.050	696.270	0.202	0.467	0.736	1.895
sub-111_task-EyeTracking_physio	227	270.195	561.868	291.673	1242.410	701.125	0.155	0.154	0.349	0.853
sub-111_task-EyeTracking_physio	227	578.540	828.538	249.998	1248.328	599.115	0.152	0.048	0.259	0.627
sub-111_task-EyeTracking_physio	227	845.211	1003.546	158.335	1292.730	561.575	0.177	0.072	0.295	0.588
sub-111_task-EyeTracking_physio	227	1028.546	1203.549	175.003	1436.235	606.925	0.197	0.073	0.357	0.564
sub-111_task-EyeTracking_physio	227	1228.554	1603.550	374.996	1522.775	615.055	0.139	0.059	0.365	0.331
sub-111_task-EyeTracking_physio	227	1611.884	1795.225	183.341	1493.595	617.847	0.129	0.053	0.277	0.343
sub-111_task-EyeTracking_physio	227	1811.892	2095.238	283.346	1525.325	618.115	0.139	0.039	0.317	0.389
sub-111_task-EyeTracking_physio	227	2111.904	2378.568	266.664	1548.727	611.830	0.111	0.032	0.280	0.289
sub-111_task-EyeTracking_physio	227	2395.235	2695.243	300.008	1544.620	560.527	0.128	0.052	0.312	0.401
sub-111_task-EyeTracking_physio	227	2711.910	3003.593	291.683	1519.705	597.530	0.139	0.043	0.268	0.327
sub-111_task-EyeTracking_physio	228	-3093.687	-2877.014	216.673	1233.980	581.630	0.178	0.122	0.251	0.968
sub-111_task-EyeTracking_physio	228	-2860.348	-2585.343	275.005	1302.995	622.370	0.146	0.063	0.461	0.361
sub-111_task-EyeTracking_physio	228	-2293.666	-1885.325	408.341	1260.985	694.850	0.120	0.083	0.373	0.683
sub-111_task-EyeTracking_physio	228	-1568.652	-1368.646	200.006	1272.805	707.740	0.177	0.157	0.352	1.166
sub-111_task-EyeTracking_physio	228	-935.302	-693.637	241.665	1267.550	706.265	0.164	0.184	0.365	1.135
sub-111_task-EyeTracking_physio	228	-418.630	306.392	725.022	1272.905	702.155	0.125	0.267	0.651	0.908
sub-111_task-EyeTracking_physio	228	323.065	573.058	249.993	1305.175	678.640	0.127	0.040	0.292	0.424
sub-111_task-EyeTracking_physio	228	589.731	689.739	100.008	1421.172	660.685	0.109	0.031	0.200	0.272
sub-111_task-EyeTracking_physio	228	706.405	889.735	183.330	1548.622	745.433	0.130	0.045	0.398	0.323
sub-111_task-EyeTracking_physio	228	906.402	1206.406	300.004	1609.322	756.895	0.132	0.055	0.378	0.398
sub-111_task-EyeTracking_physio	228	1231.407	1739.754	508.347	1645.155	725.920	0.114	0.034	0.280	0.332
sub-111_task-EyeTracking_physio	228	1914.762	2239.765	325.003	1333.660	657.430	0.206	0.104	0.320	0.903
sub-111_task-EyeTracking_physio	228	2256.439	2614.776	358.337	1296.250	657.190	0.154	0.042	0.305	0.407
sub-111_task-EyeTracking_physio	228	2631.452	2806.454	175.002	1316.080	659.415	0.120	0.035	0.249	0.286
sub-111_task-EyeTracking_physio	228	2831.449	3006.453	175.004	1210.805	735.370	0.128	0.035	0.221	0.293
sub-111_task-EyeTracking_physio	229	-1614.820	-1448.149	166.671	1142.705	881.470	0.340	0.907	0.407	4.094
sub-111_task-EyeTracking_physio	229	-1406.478	-1181.476	225.002	707.325	1159.105	0.233	0.138	0.535	0.654
sub-111_task-EyeTracking_physio	229	-1139.808	-914.805	225.003	632.040	1556.785	0.186	0.111	0.412	0.568
sub-111_task-EyeTracking_physio	229	-831.466	-681.464	150.002	1180.237	900.725	0.305	0.127	0.243	1.309
sub-111_task-EyeTracking_physio	229	-498.124	-306.455	191.669	1234.935	775.245	0.205	0.124	0.337	0.828
sub-111_task-EyeTracking_physio	229	-31.449	243.558	275.007	1287.935	707.810	0.176	0.138	0.288	0.991
sub-111_task-EyeTracking_physio	229	260.224	426.898	166.674	1332.952	761.080	0.133	0.045	0.331	0.282
sub-111_task-EyeTracking_physio	229	443.564	693.569	250.005	1421.432	776.867	0.169	0.054	0.396	0.287
sub-111_task-EyeTracking_physio	229	710.235	901.907	191.672	1466.595	782.940	0.119	0.034	0.303	0.308
sub-111_task-EyeTracking_physio	229	926.909	1376.919	450.010	1432.573	878.207	0.129	0.052	0.476	0.365
sub-111_task-EyeTracking_physio	229	1401.919	1693.590	291.671	1477.340	672.815	0.180	0.063	0.324	0.497
sub-111_task-EyeTracking_physio	229	1718.594	2126.937	408.343	1378.565	619.665	0.154	0.049	0.375	0.409
sub-111_task-EyeTracking_physio	229	2151.936	2410.275	258.339	1236.360	629.090	0.123	0.118	0.321	0.695
sub-111_task-EyeTracking_physio	229	2426.940	2926.954	500.014	1145.077	729.145	0.156	0.086	0.447	0.530
sub-111_task-EyeTracking_physio	230	-3462.251	-3303.909	158.342	1280.385	657.100	0.188	0.086	0.212	0.775
sub-111_task-EyeTracking_physio	230	-3295.576	-2837.232	458.344	1267.760	678.845	0.126	0.048	0.337	0.403
sub-111_task-EyeTracking_physio	230	-2828.898	-2703.896	125.002	1445.340	1429.125	9.428	106.954	8.536	8.697
sub-111_task-EyeTracking_physio	230	-2628.891	-2337.220	291.671	1285.920	676.535	0.167	0.121	0.330	0.947
sub-111_task-EyeTracking_physio	230	-2278.888	-1878.877	400.011	696.125	715.098	0.102	0.080	0.716	0.491
sub-111_task-EyeTracking_physio	230	-1545.534	-1387.197	158.337	1250.865	724.040	0.164	0.065	0.176	0.704
sub-111_task-EyeTracking_physio	230	-103.829	96.181	200.010	1287.205	669.303	0.154	0.093	0.388	0.671
sub-111_task-EyeTracking_physio	230	254.513	387.850	133.337	1268.475	667.398	0.197	0.070	0.297	0.476
sub-111_task-EyeTracking_physio	230	404.517	621.190	216.673	1282.810	790.215	0.139	0.038	0.235	0.537
sub-111_task-EyeTracking_physio	230	662.856	837.859	175.003	1538.600	701.775	0.098	0.029	0.279	0.224
sub-111_task-EyeTracking_physio	230	854.526	1454.541	600.015	1594.010	696.780	0.129	0.058	0.353	0.476
sub-111_task-EyeTracking_physio	230	1504.541	1971.219	466.678	1153.320	689.205	0.125	0.030	0.321	0.299
sub-111_task-EyeTracking_physio	230	2021.219	2279.557	258.338	1589.370	692.790	0.099	0.033	0.226	0.335
sub-111_task-EyeTracking_physio	230	2287.891	2654.566	366.675	1587.610	668.800	0.138	0.031	0.221	0.445
sub-111_task-EyeTracking_physio	230	2671.233	2962.907	291.674	1610.125	699.890	0.127	0.035	0.319	0.328
sub-111_task-EyeTracking_physio	231	-106.909	309.763	416.672	1284.010	695.250	0.133	0.061	0.372	0.670
sub-111_task-EyeTracking_physio	231	334.762	509.769	175.007	1303.525	784.990	0.146	0.050	0.312	0.272
sub-111_task-EyeTracking_physio	231	551.439	876.444	325.005	1313.845	906.615	0.120	0.047	0.299	0.438
sub-111_task-EyeTracking_physio	231	909.783	1268.118	358.335	1352.725	638.505	0.173	0.044	0.252	0.448
sub-111_task-EyeTracking_physio	231	1309.789	1551.456	241.667	1289.495	968.170	0.100	0.031	0.247	0.268
sub-111_task-EyeTracking_physio	231	1568.128	1834.799	266.671	1268.915	962.207	0.114	0.027	0.248	0.268
sub-111_task-EyeTracking_physio	231	1868.132	2293.140	425.008	1359.045	982.185	0.111	0.036	0.305	0.347
sub-111_task-EyeTracking_physio	231	2309.807	2584.810	275.003	1347.320	1004.650	0.084	0.022	0.204	0.231
sub-111_task-EyeTracking_physio	231	2609.815	2859.817	250.002	1486.427	957.420	0.129	0.033	0.375	0.266
sub-111_task-EyeTracking_physio	231	2884.819	3009.815	124.996	1533.330	915.080	0.100	0.019	0.229	0.157
sub-111_task-EyeTracking_physio	232	-3979.746	-3779.744	200.002	1250.393	561.697	0.156	0.056	0.215	0.591
sub-111_task-EyeTracking_physio	232	-3571.406	-2921.391	650.015	1281.325	613.968	0.151	0.079	0.431	0.850
sub-111_task-EyeTracking_physio	232	-2638.055	-2354.717	283.338	1266.280	634.347	0.177	0.106	0.289	1.010
sub-111_task-EyeTracking_physio	232	-2038.040	-1921.371	116.669	1271.820	565.595	0.353	0.339	0.242	2.141
sub-111_task-EyeTracking_physio	232	-1696.371	-1554.701	141.670	1265.545	682.690	0.533	0.929	0.521	5.307
sub-111_task-EyeTracking_physio	232	-846.347	-704.680	141.667	1295.920	643.730	0.282	0.279	0.477	1.158
sub-111_task-EyeTracking_physio	232	-688.013	262.007	950.020	1270.428	688.650	0.136	0.065	0.426	0.642
sub-111_task-EyeTracking_physio	232	295.354	578.692	283.338	1222.963	673.525	0.096	0.026	0.229	0.316
sub-111_task-EyeTracking_physio	232	612.026	787.018	174.992	1146.320	721.560	0.134	0.030	0.243	0.218
sub-111_task-EyeTracking_physio	232	1012.027	1237.033	225.006	1002.715	937.805	0.150	0.093	0.279	0.913
sub-111_task-EyeTracking_physio	232	1278.699	1603.705	325.006	1200.980	617.900	0.154	0.055	0.322	0.539
sub-111_task-EyeTracking_physio	232	1637.041	1962.049	325.008	1609.630	748.585	0.131	0.036	0.396	0.404
sub-111_task-EyeTracking_physio	232	1978.714	2112.050	133.336	1542.905	709.772	0.127	0.045	0.319	0.275
sub-111_task-EyeTracking_physio	232	2137.062	2428.727	291.665	1253.250	610.820	0.120	0.047	0.328	0.318
sub-111_task-EyeTracking_physio	232	2453.735	2695.407	241.672	1198.570	555.625	0.127	0.034	0.250	0.329
sub-111_task-EyeTracking_physio	232	2720.407	3003.738	283.331	1174.123	530.180	0.206	0.092	0.335	0.627
sub-111_task-EyeTracking_physio	233	-666.514	275.177	941.691	1273.170	690.275	0.131	0.071	0.393	0.630
sub-111_task-EyeTracking_physio	233	291.844	508.518	216.674	1242.092	698.185	0.120	0.041	0.277	0.325
sub-111_task-EyeTracking_physio	233	541.850	1066.863	525.013	1451.180	800.070	0.128	0.065	0.384	0.476
sub-111_task-EyeTracking_physio	233	1091.863	1266.872	175.009	1509.280	645.140	0.103	0.023	0.200	0.227
sub-111_task-EyeTracking_physio	233	1283.538	1433.543	150.005	1489.570	575.755	0.076	0.021	0.165	0.305
sub-111_task-EyeTracking_physio	233	1475.209	1675.214	200.005	1187.320	573.803	0.164	0.041	0.315	0.476
sub-111_task-EyeTracking_physio	233	1708.548	1808.552	100.004	1086.140	627.913	0.130	0.021	0.140	0.270
sub-111_task-EyeTracking_physio	233	1825.218	1941.886	116.668	1064.485	1137.510	3.192	47.649	7.539	7.269
sub-111_task-EyeTracking_physio	233	1966.887	2391.896	425.009	1054.875	756.250	0.125	0.034	0.240	0.516
sub-111_task-EyeTracking_physio	233	2408.563	2708.575	300.012	1108.050	718.572	0.104	0.038	0.279	0.334
sub-111_task-EyeTracking_physio	233	2758.574	3008.580	250.006	1698.855	893.305	0.139	0.057	0.461	0.407
sub-111_task-EyeTracking_physio	234	-578.256	-311.584	266.672	1304.450	660.297	0.133	0.115	0.382	0.816
sub-111_task-EyeTracking_physio	234	-44.910	230.095	275.005	1253.920	700.805	0.158	0.079	0.240	0.790
sub-111_task-EyeTracking_physio	234	255.094	480.102	225.008	1285.410	755.100	0.119	0.044	0.296	0.267
sub-111_task-EyeTracking_physio	234	496.768	688.437	191.669	1377.845	779.760	0.169	0.094	0.478	0.548
sub-111_task-EyeTracking_physio	234	763.441	980.114	216.673	1476.727	805.815	0.121	0.132	0.456	0.738
sub-111_task-EyeTracking_physio	234	996.781	1213.449	216.668	1546.362	780.257	0.100	0.054	0.280	0.407
sub-111_task-EyeTracking_physio	234	1230.120	1496.793	266.673	1540.028	676.222	0.110	0.031	0.200	0.291
sub-111_task-EyeTracking_physio	234	1513.461	1846.796	333.335	1476.910	630.345	0.180	0.071	0.413	0.494
sub-111_task-EyeTracking_physio	234	1863.463	2196.807	333.344	1388.293	618.197	0.129	0.034	0.311	0.346
sub-111_task-EyeTracking_physio	234	2230.140	2446.814	216.674	1322.812	689.600	0.102	0.031	0.234	0.285
sub-111_task-EyeTracking_physio	234	2463.481	2921.823	458.342	1275.345	733.185	0.106	0.037	0.219	0.457
sub-111_task-EyeTracking_physio	235	-3917.757	-3776.088	141.669	1340.380	633.070	0.168	0.132	0.241	0.851
sub-111_task-EyeTracking_physio	235	-3759.421	-3626.086	133.335	1282.637	646.567	0.109	0.028	0.243	0.208
sub-111_task-EyeTracking_physio	235	-3367.746	-3242.744	125.002	1244.155	646.910	0.223	0.139	0.223	0.893
sub-111_task-EyeTracking_physio	235	-2701.061	-2551.059	150.002	853.607	1782.762	0.252	0.154	0.366	0.964
sub-111_task-EyeTracking_physio	235	-2526.059	-2259.386	266.673	666.295	1535.190	0.187	0.098	0.612	0.555
sub-111_task-EyeTracking_physio	235	-2242.719	-2017.714	225.005	615.975	1517.155	0.119	0.039	0.276	0.289
sub-111_task-EyeTracking_physio	235	-1417.704	-1251.031	166.673	1254.273	574.410	0.302	0.249	0.301	2.097
sub-111_task-EyeTracking_physio	235	-1042.696	-876.026	166.670	785.247	451.732	0.255	0.123	0.272	1.171
sub-111_task-EyeTracking_physio	235	-526.017	-376.015	150.002	1213.400	661.700	0.171	0.058	0.315	0.474
sub-111_task-EyeTracking_physio	235	-359.348	273.996	633.344	1274.180	702.225	0.119	0.044	0.482	0.373
sub-111_task-EyeTracking_physio	235	290.663	740.678	450.015	1229.630	650.845	0.104	0.036	0.235	0.353
sub-111_task-EyeTracking_physio	235	757.344	940.679	183.335	1268.138	646.192	0.109	0.036	0.251	0.249
sub-111_task-EyeTracking_physio	235	957.345	1224.022	266.677	1362.928	693.562	0.142	0.057	0.334	0.526
sub-111_task-EyeTracking_physio	235	1240.687	1540.693	300.006	1439.475	737.678	0.107	0.053	0.330	0.394
sub-111_task-EyeTracking_physio	235	1557.359	1790.700	233.341	1522.537	692.402	0.129	0.023	0.196	0.259
sub-111_task-EyeTracking_physio	235	1815.699	2274.037	458.338	1547.295	646.940	0.117	0.050	0.383	0.444
sub-111_task-EyeTracking_physio	235	2315.711	2490.712	175.001	1253.265	791.320	0.118	0.033	0.280	0.277
sub-111_task-EyeTracking_physio	235	2507.378	2890.722	383.344	1147.753	838.670	0.109	0.044	0.472	0.320
sub-111_task-EyeTracking_physio	236	-337.996	-187.995	150.001	1303.585	883.775	0.169	0.064	0.142	1.009
sub-111_task-EyeTracking_physio	236	-162.994	378.681	541.675	1272.635	707.645	0.135	0.047	0.364	0.405
sub-111_task-EyeTracking_physio	236	403.682	595.356	191.674	1110.375	697.990	0.143	0.047	0.308	0.423
sub-111_task-EyeTracking_physio	236	603.690	953.702	350.012	1037.572	698.808	0.898	5.029	3.202	8.143
sub-111_task-EyeTracking_physio	236	970.368	1220.373	250.005	1083.720	724.520	0.099	0.031	0.280	0.236
sub-111_task-EyeTracking_physio	236	1245.372	1512.047	266.675	1045.375	644.610	0.132	0.025	0.179	0.360
sub-111_task-EyeTracking_physio	236	1537.047	2145.393	608.346	1099.935	736.720	0.118	0.040	0.282	0.546
sub-111_task-EyeTracking_physio	236	2162.060	2428.740	266.680	1091.968	650.988	0.160	0.046	0.258	0.480
sub-111_task-EyeTracking_physio	236	2445.398	2562.068	116.670	1061.005	652.947	0.168	0.051	0.186	0.458
sub-111_task-EyeTracking_physio	237	-1500.296	-1350.295	150.001	1238.595	753.435	0.246	0.150	0.242	1.425
sub-111_task-EyeTracking_physio	237	-1091.948	-916.945	175.003	1281.490	724.665	0.169	0.121	0.294	1.112
sub-111_task-EyeTracking_physio	237	-900.273	-641.942	258.331	1272.335	687.375	0.106	0.031	0.290	0.280
sub-111_task-EyeTracking_physio	237	-375.264	-83.588	291.676	1248.935	691.050	0.145	0.108	0.344	0.739
sub-111_task-EyeTracking_physio	237	-50.257	258.072	308.329	1282.690	691.655	0.100	0.040	0.331	0.313
sub-111_task-EyeTracking_physio	237	283.089	466.423	183.334	1325.338	719.608	0.138	0.041	0.312	0.351
sub-111_task-EyeTracking_physio	237	499.755	649.757	150.002	1383.665	742.077	0.119	0.029	0.176	0.255
sub-111_task-EyeTracking_physio	237	674.761	908.100	233.339	1487.640	790.773	0.133	0.040	0.342	0.250
sub-111_task-EyeTracking_physio	237	941.437	1233.109	291.672	1523.235	840.080	0.093	0.043	0.208	0.434
sub-111_task-EyeTracking_physio	237	1249.775	2583.141	1333.366	1498.415	886.668	0.116	0.131	0.510	0.707
sub-111_task-EyeTracking_physio	237	2616.472	2783.148	166.676	1455.553	644.112	0.151	0.068	0.385	0.431
sub-111_task-EyeTracking_physio	237	2799.815	3008.149	208.334	1366.835	548.885	0.155	0.084	0.399	0.456
sub-111_task-EyeTracking_physio	238	-3789.603	-3514.598	275.005	1219.265	647.810	0.139	0.074	0.281	0.664
sub-111_task-EyeTracking_physio	238	-3206.257	-2831.251	375.006	1266.205	666.675	0.157	0.091	0.353	0.746
sub-111_task-EyeTracking_physio	238	-2256.234	-2106.231	150.003	1229.347	616.865	0.176	0.098	0.270	0.746
sub-111_task-EyeTracking_physio	238	-1581.221	-1372.882	208.339	1287.130	766.350	0.237	0.172	0.395	1.192
sub-111_task-EyeTracking_physio	238	-1364.549	-1172.878	191.671	1267.305	690.340	0.250	0.135	0.495	0.650
sub-111_task-EyeTracking_physio	238	-972.876	-689.531	283.345	245.185	586.415	0.131	0.081	0.488	0.374
sub-111_task-EyeTracking_physio	238	-289.522	268.823	558.345	1278.575	704.775	0.115	0.064	0.393	0.444
sub-111_task-EyeTracking_physio	238	285.490	485.497	200.007	1303.260	768.775	0.134	0.037	0.311	0.312
sub-111_task-EyeTracking_physio	238	518.831	668.833	150.002	1399.185	815.763	0.134	0.033	0.312	0.213
sub-111_task-EyeTracking_physio	238	702.167	902.172	200.005	1600.537	895.185	0.120	0.037	0.274	0.324
sub-111_task-EyeTracking_physio	238	910.506	1027.176	116.670	1638.918	890.278	0.151	0.036	0.248	0.236
sub-111_task-EyeTracking_physio	238	1052.176	1252.180	200.004	1688.438	866.690	0.111	0.024	0.180	0.260
sub-111_task-EyeTracking_physio	238	1302.183	1485.519	183.336	1372.742	601.250	0.114	0.025	0.204	0.272
sub-111_task-EyeTracking_physio	238	1510.518	1677.193	166.675	1223.507	591.840	0.137	0.036	0.286	0.263
sub-111_task-EyeTracking_physio	238	1702.193	1968.866	266.673	982.027	700.882	0.191	0.062	0.492	0.508
sub-111_task-EyeTracking_physio	238	1985.532	2152.201	166.669	1052.870	743.875	0.150	0.035	0.244	0.275
sub-111_task-EyeTracking_physio	238	2168.869	2410.553	241.684	1182.665	807.555	0.122	0.028	0.307	0.240
sub-111_task-EyeTracking_physio	238	2435.554	2785.552	349.998	1268.380	806.447	0.093	0.026	0.349	0.236
sub-111_task-EyeTracking_physio	238	2802.218	3010.557	208.339	1338.485	745.980	0.109	0.038	0.280	0.268
sub-111_task-EyeTracking_physio	239	-184.139	224.201	408.340	1260.375	686.015	0.148	0.103	0.453	0.785
sub-111_task-EyeTracking_physio	239	249.202	465.877	216.675	1217.487	715.530	0.101	0.022	0.282	0.260
sub-111_task-EyeTracking_physio	239	482.543	715.884	233.341	1171.200	739.935	0.114	0.040	0.250	0.345
sub-111_task-EyeTracking_physio	239	749.216	1115.893	366.677	1210.740	809.320	0.109	0.110	0.372	0.812
sub-111_task-EyeTracking_physio	239	1132.558	1674.240	541.682	1153.210	713.660	0.125	0.046	0.263	0.462
sub-111_task-EyeTracking_physio	239	1849.246	2099.250	250.004	1198.590	857.438	0.115	0.070	0.243	0.790
sub-111_task-EyeTracking_physio	239	2132.585	2799.267	666.682	1152.503	657.680	0.106	0.037	0.245	0.525
sub-111_task-EyeTracking_physio	239	2840.932	3024.269	183.337	1412.665	580.445	0.162	0.054	0.334	0.417
sub-111_task-EyeTracking_physio	240	-704.215	-570.879	133.336	1327.047	658.888	0.245	0.135	0.267	1.031
sub-111_task-EyeTracking_physio	240	-287.541	-145.871	141.670	1204.315	666.295	0.140	0.065	0.246	0.491
sub-111_task-EyeTracking_physio	240	-120.872	220.804	341.676	1260.145	697.670	0.109	0.035	0.383	0.248
sub-111_task-EyeTracking_physio	240	237.470	487.479	250.009	1289.950	764.530	0.108	0.035	0.280	0.258
sub-111_task-EyeTracking_physio	240	504.145	695.818	191.673	1282.925	813.395	0.143	0.085	0.319	0.480
sub-111_task-EyeTracking_physio	240	712.485	987.491	275.006	1297.685	901.450	0.145	0.069	0.334	0.480
sub-111_task-EyeTracking_physio	240	1012.490	1204.160	191.670	1429.200	822.240	0.110	0.040	0.445	0.231
sub-111_task-EyeTracking_physio	240	1220.829	1504.169	283.340	1507.987	767.102	0.168	0.041	0.407	0.324
sub-111_task-EyeTracking_physio	240	1520.836	1745.842	225.006	1581.255	791.990	0.104	0.024	0.177	0.327
sub-111_task-EyeTracking_physio	240	1762.508	2087.513	325.005	1571.875	823.035	0.119	0.044	0.273	0.467
sub-111_task-EyeTracking_physio	240	2104.180	2445.857	341.677	1614.870	906.335	0.110	0.079	0.382	0.559
sub-111_task-EyeTracking_physio	240	2495.857	2937.535	441.678	1089.680	641.765	0.135	0.051	0.407	0.480
sub-111_task-EyeTracking_physio	241	-1499.924	-1241.584	258.340	1306.470	675.600	0.131	0.054	0.232	0.464
sub-111_task-EyeTracking_physio	241	-1224.917	-1074.914	150.003	1267.408	685.735	0.156	0.055	0.419	0.236
sub-111_task-EyeTracking_physio	241	-791.575	-633.239	158.336	1248.435	723.840	0.197	0.132	0.244	0.946
sub-111_task-EyeTracking_physio	241	-624.907	83.448	708.355	1264.905	718.385	0.106	0.075	0.389	0.515
sub-111_task-EyeTracking_physio	241	108.447	266.785	158.338	1686.440	742.160	0.112	0.034	0.267	0.245
sub-111_task-EyeTracking_physio	241	291.784	550.125	258.341	1455.275	747.490	0.130	0.057	0.401	0.341
sub-111_task-EyeTracking_physio	241	600.128	775.130	175.002	1210.460	765.725	0.079	0.021	0.268	0.198
sub-111_task-EyeTracking_physio	241	791.797	1100.142	308.345	1158.475	793.535	0.129	0.053	0.372	0.367
sub-111_task-EyeTracking_physio	241	1141.808	1450.147	308.339	1612.210	797.475	0.099	0.026	0.344	0.215
sub-111_task-EyeTracking_physio	241	1466.814	1633.485	166.671	1645.682	772.340	0.101	0.036	0.287	0.245
sub-111_task-EyeTracking_physio	241	1675.152	2150.167	475.015	1286.415	476.420	0.176	0.090	0.370	0.681
sub-111_task-EyeTracking_physio	241	2216.832	2566.842	350.010	1338.863	834.255	0.115	0.036	0.319	0.351
sub-111_task-EyeTracking_physio	241	2583.509	2741.844	158.335	1372.910	860.185	0.137	0.039	0.293	0.235
sub-111_task-EyeTracking_physio	241	2775.174	3025.182	250.008	1269.047	530.452	0.142	0.038	0.259	0.353
sub-111_task-EyeTracking_physio	242	-2271.231	-1979.559	291.672	1283.790	547.880	0.135	0.055	0.254	0.606
sub-111_task-EyeTracking_physio	242	-1671.219	-1354.544	316.675	1257.730	686.190	0.138	0.076	0.259	0.814
sub-111_task-EyeTracking_physio	242	-996.203	-371.192	625.011	1258.440	678.615	0.155	0.159	0.460	1.489
sub-111_task-EyeTracking_physio	242	-29.513	195.496	225.009	1273.130	679.215	0.174	0.073	0.183	0.876
sub-111_task-EyeTracking_physio	242	212.163	412.162	199.999	1345.592	675.545	0.153	0.059	0.523	0.361
sub-111_task-EyeTracking_physio	242	428.829	678.833	250.004	1375.330	694.440	0.126	0.054	0.314	0.412
sub-111_task-EyeTracking_physio	242	703.833	1162.181	458.348	1352.635	642.630	0.137	0.069	0.414	0.488
sub-111_task-EyeTracking_physio	242	1178.848	1428.852	250.004	1356.670	700.320	0.135	0.034	0.268	0.301
sub-111_task-EyeTracking_physio	242	1445.518	1770.529	325.011	1405.280	712.860	0.127	0.060	0.346	0.452
sub-111_task-EyeTracking_physio	242	1787.194	1970.534	183.340	1396.162	738.415	0.153	0.053	0.279	0.294
sub-111_task-EyeTracking_physio	242	1995.534	2370.543	375.009	1410.440	831.720	0.114	0.040	0.278	0.405
sub-111_task-EyeTracking_physio	242	2403.877	2703.885	300.008	1370.935	679.358	0.126	0.041	0.357	0.439
sub-111_task-EyeTracking_physio	242	2720.553	3003.893	283.340	1350.668	651.195	0.147	0.038	0.247	0.365
sub-111_task-EyeTracking_physio	243	-2409.286	-1950.937	458.349	1282.830	598.045	0.155	0.082	0.265	1.217
sub-111_task-EyeTracking_physio	243	-1617.594	-1284.253	333.341	1252.457	658.092	0.136	0.081	0.264	0.742
sub-111_task-EyeTracking_physio	243	-1217.584	-967.579	250.005	2126.712	703.615	0.130	0.089	0.633	0.405
sub-111_task-EyeTracking_physio	243	-509.234	215.780	725.014	1274.010	702.650	0.118	0.079	0.423	0.870
sub-111_task-EyeTracking_physio	243	240.780	432.456	191.676	1189.245	682.720	0.154	0.046	0.354	0.358
sub-111_task-EyeTracking_physio	243	449.121	824.131	375.010	1159.740	671.140	0.145	0.040	0.398	0.420
sub-111_task-EyeTracking_physio	243	857.464	1057.470	200.006	1288.625	891.673	0.120	0.027	0.263	0.307
sub-111_task-EyeTracking_physio	243	1090.803	1365.809	275.006	1027.485	963.430	0.097	0.025	0.293	0.188
sub-111_task-EyeTracking_physio	243	1407.476	1599.150	191.674	949.875	673.140	0.122	0.035	0.231	0.349
sub-111_task-EyeTracking_physio	243	1615.816	1824.152	208.336	987.475	618.910	0.141	0.043	0.213	0.485
sub-111_task-EyeTracking_physio	243	1882.489	2465.835	583.346	1575.122	784.888	0.126	0.064	0.423	0.479
sub-111_task-EyeTracking_physio	243	2490.838	2699.174	208.336	1488.780	745.985	0.090	0.023	0.207	0.213
sub-111_task-EyeTracking_physio	243	2724.174	3007.515	283.341	1375.817	697.097	0.102	0.030	0.341	0.267
sub-111_task-EyeTracking_physio	244	-3298.052	-3056.377	241.675	1241.770	713.375	0.141	0.101	0.276	0.708
sub-111_task-EyeTracking_physio	244	-2664.700	-2506.364	158.336	1185.130	630.115	0.179	0.108	0.219	0.904
sub-111_task-EyeTracking_physio	244	-2498.032	-2073.024	425.008	1245.785	637.920	0.108	0.030	0.253	0.309
sub-111_task-EyeTracking_physio	244	-2056.357	-1748.015	308.342	1225.565	655.850	0.094	0.029	0.319	0.270
sub-111_task-EyeTracking_physio	244	-1448.010	-781.326	666.684	1228.698	657.610	0.131	0.140	0.592	0.710
sub-111_task-EyeTracking_physio	244	-464.656	-206.317	258.339	1250.860	690.590	0.130	0.077	0.254	0.706
sub-111_task-EyeTracking_physio	244	-189.646	277.029	466.675	1276.750	708.973	0.096	0.049	0.337	0.445
sub-111_task-EyeTracking_physio	244	302.028	468.703	166.675	1251.040	703.135	0.121	0.037	0.232	0.407
sub-111_task-EyeTracking_physio	244	602.040	802.042	200.002	1152.707	547.730	0.204	0.136	0.451	0.784
sub-111_task-EyeTracking_physio	244	818.708	985.382	166.674	1234.830	582.175	0.185	0.041	0.152	0.548
sub-111_task-EyeTracking_physio	244	1002.047	1168.717	166.670	1346.690	608.220	0.140	0.037	0.267	0.339
sub-111_task-EyeTracking_physio	244	1185.384	1410.389	225.005	1341.395	554.685	0.165	0.039	0.214	0.451
sub-111_task-EyeTracking_physio	244	1427.056	1852.067	425.011	1396.350	450.990	0.307	0.154	0.345	1.197
sub-111_task-EyeTracking_physio	244	2118.731	2993.760	875.029	1181.725	745.115	0.160	0.142	0.699	0.752
sub-111_task-EyeTracking_physio	245	-100.882	190.789	291.671	1278.180	698.095	0.152	0.091	0.279	0.716
sub-111_task-EyeTracking_physio	245	207.462	407.463	200.001	1364.203	694.805	0.126	0.051	0.318	0.334
sub-111_task-EyeTracking_physio	245	424.129	757.475	333.346	1420.512	683.092	0.159	0.081	0.496	0.435
sub-111_task-EyeTracking_physio	245	790.806	1040.821	250.015	1091.973	765.055	0.157	0.098	0.288	0.787
sub-111_task-EyeTracking_physio	245	1165.815	1440.829	275.014	1045.890	792.075	0.120	0.045	0.276	0.432
sub-111_task-EyeTracking_physio	245	1465.829	1765.835	300.006	1027.898	715.995	0.165	0.057	0.270	0.558
sub-111_task-EyeTracking_physio	245	1782.505	2157.511	375.006	980.660	917.225	0.350	1.401	1.335	3.808
sub-111_task-EyeTracking_physio	245	2190.839	2474.189	283.350	1427.725	931.060	0.125	0.049	0.385	0.278
sub-111_task-EyeTracking_physio	245	2499.180	2699.197	200.017	1421.033	828.847	0.124	0.038	0.258	0.284
sub-111_task-EyeTracking_physio	245	2724.197	3007.534	283.337	1423.735	696.938	0.130	0.038	0.222	0.393
sub-111_task-EyeTracking_physio	246	-404.176	437.518	841.694	1249.700	695.700	0.137	0.077	0.329	0.806
sub-111_task-EyeTracking_physio	246	462.517	712.523	250.006	1301.537	705.612	0.120	0.050	0.401	0.409
sub-111_task-EyeTracking_physio	246	737.523	1012.535	275.012	1382.145	699.215	0.117	0.051	0.367	0.349
sub-111_task-EyeTracking_physio	246	1162.536	1595.878	433.342	1113.168	518.915	0.195	0.087	0.491	0.588
sub-111_task-EyeTracking_physio	246	1612.544	2554.233	941.689	1122.975	544.100	0.165	0.107	0.516	0.500
sub-111_task-EyeTracking_physio	246	2604.237	3004.243	400.006	1437.170	604.097	0.184	0.068	0.339	0.555
sub-111_task-EyeTracking_physio	247	-1908.525	-1641.852	266.673	1262.842	713.727	0.168	0.129	0.399	0.995
sub-111_task-EyeTracking_physio	247	-1400.177	-1300.172	100.005	1327.875	680.888	0.490	0.811	0.672	3.521
sub-111_task-EyeTracking_physio	247	-1291.839	-833.499	458.340	1260.360	699.995	0.137	0.109	0.536	0.722
sub-111_task-EyeTracking_physio	247	-450.156	208.193	658.349	1271.595	701.790	0.117	0.072	0.399	0.622
sub-111_task-EyeTracking_physio	247	224.859	474.866	250.007	1282.570	654.050	0.110	0.049	0.288	0.453
sub-111_task-EyeTracking_physio	247	491.533	649.874	158.341	1359.915	659.985	0.125	0.039	0.261	0.324
sub-111_task-EyeTracking_physio	247	674.873	1091.549	416.676	1419.355	680.173	0.123	0.116	0.369	0.817
sub-111_task-EyeTracking_physio	247	1124.881	1383.221	258.340	1414.050	777.580	0.128	0.071	0.293	0.589
sub-111_task-EyeTracking_physio	247	1416.553	1741.563	325.010	1528.420	626.735	0.149	0.049	0.291	0.470
sub-111_task-EyeTracking_physio	247	1758.230	1924.900	166.670	1501.175	622.135	0.154	0.045	0.206	0.455
sub-111_task-EyeTracking_physio	247	1941.566	2308.247	366.681	1419.233	698.987	0.144	0.116	0.378	0.903
sub-111_task-EyeTracking_physio	247	2333.245	2491.582	158.337	1251.920	666.815	0.125	0.045	0.344	0.432
sub-111_task-EyeTracking_physio	247	2524.916	2883.258	358.342	1026.510	604.140	0.148	0.050	0.403	0.414
sub-111_task-EyeTracking_physio	248	-2280.135	-2071.809	208.326	1222.355	716.540	0.143	0.109	0.295	0.789
sub-111_task-EyeTracking_physio	248	-1780.132	-1596.794	183.338	1266.088	702.180	0.152	0.074	0.269	0.510
sub-111_task-EyeTracking_physio	248	-1313.455	-1188.441	125.014	1301.075	709.260	0.181	0.114	0.334	0.679
sub-111_task-EyeTracking_physio	248	-1180.108	-863.445	316.663	1274.925	713.143	0.149	0.059	0.441	0.397
sub-111_task-EyeTracking_physio	248	-571.769	-88.424	483.345	1254.855	713.307	0.158	0.082	0.412	0.606
sub-111_task-EyeTracking_physio	248	-71.757	311.584	383.341	1276.602	726.435	0.130	0.052	0.268	0.438
sub-111_task-EyeTracking_physio	248	328.251	511.589	183.338	1313.868	713.475	0.130	0.062	0.365	0.354
sub-111_task-EyeTracking_physio	248	536.588	953.268	416.680	1360.270	971.775	0.133	0.055	0.508	0.448
sub-111_task-EyeTracking_physio	248	994.934	1411.619	416.685	1308.525	612.510	0.137	0.052	0.378	0.431
sub-111_task-EyeTracking_physio	248	1428.286	2003.302	575.016	1305.320	701.350	0.124	0.060	0.395	0.373
sub-111_task-EyeTracking_physio	248	2203.304	2494.977	291.673	1436.920	615.800	0.183	0.093	0.494	0.707
sub-111_task-EyeTracking_physio	248	2519.979	3003.324	483.345	1300.858	693.463	0.123	0.082	0.395	0.557
sub-111_task-EyeTracking_physio	249	-1159.442	-1017.759	141.683	1286.665	695.840	0.189	0.078	0.228	0.817
sub-111_task-EyeTracking_physio	249	-976.092	-776.092	200.000	1051.170	758.105	0.081	0.033	0.193	0.356
sub-111_task-EyeTracking_physio	249	-142.749	32.259	175.008	1260.325	728.770	0.127	0.067	0.223	0.489
sub-111_task-EyeTracking_physio	249	48.926	298.931	250.005	1183.640	641.918	0.163	0.061	0.267	0.542
sub-111_task-EyeTracking_physio	249	323.931	515.600	191.669	1203.910	716.410	0.125	0.065	0.302	0.491
sub-111_task-EyeTracking_physio	249	532.267	757.273	225.006	1215.775	764.295	0.151	0.046	0.294	0.440
sub-111_task-EyeTracking_physio	249	773.940	1082.284	308.344	1202.310	735.800	0.119	0.057	0.249	0.585
sub-111_task-EyeTracking_physio	249	1098.951	1482.292	383.341	1217.682	757.390	0.112	0.071	0.358	0.429
sub-111_task-EyeTracking_physio	249	1498.959	1857.297	358.338	1200.730	718.450	0.114	0.034	0.278	0.354
sub-111_task-EyeTracking_physio	249	1948.968	2198.975	250.007	1358.602	851.445	0.138	0.102	0.288	0.769
sub-111_task-EyeTracking_physio	249	2215.642	2415.646	200.004	1409.673	839.297	0.112	0.032	0.293	0.225
sub-111_task-EyeTracking_physio	249	2432.313	2690.653	258.340	1465.440	828.275	0.133	0.034	0.327	0.274
sub-111_task-EyeTracking_physio	249	2723.986	2915.659	191.673	1221.320	743.830	0.122	0.031	0.233	0.317
sub-111_task-EyeTracking_physio	250	-3990.880	-3515.866	475.014	1269.100	608.675	0.128	0.053	0.251	0.730
sub-111_task-EyeTracking_physio	250	-3215.864	-2840.853	375.011	1280.915	657.830	0.145	0.046	0.206	0.558
sub-111_task-EyeTracking_physio	250	-2257.505	-2132.507	124.998	1283.685	654.775	0.202	0.107	0.212	0.891
sub-111_task-EyeTracking_physio	250	-224.133	-90.797	133.336	1326.865	768.967	0.239	0.104	0.224	0.783
sub-111_task-EyeTracking_physio	250	-65.797	409.218	475.015	1273.960	679.540	0.188	0.081	0.454	0.485
sub-111_task-EyeTracking_physio	250	434.217	625.888	191.671	1310.770	621.065	0.143	0.056	0.313	0.388
sub-111_task-EyeTracking_physio	250	642.554	859.223	216.669	1402.838	587.630	0.214	0.117	0.378	0.743
sub-111_task-EyeTracking_physio	250	875.890	1092.563	216.673	1414.348	615.612	0.135	0.049	0.300	0.354
sub-111_task-EyeTracking_physio	250	1109.228	1400.901	291.673	1397.425	607.480	0.135	0.050	0.335	0.440
sub-111_task-EyeTracking_physio	250	1425.906	2117.587	691.681	1294.490	619.495	0.139	0.039	0.263	0.549
sub-111_task-EyeTracking_physio	250	2300.922	2542.595	241.673	1337.345	709.700	0.204	0.088	0.292	0.892
sub-111_task-EyeTracking_physio	250	2559.262	3009.276	450.014	1339.733	806.535	0.324	1.320	1.278	3.794
sub-111_task-EyeTracking_physio	251	-669.378	-519.375	150.003	1294.190	643.675	0.185	0.098	0.342	0.891
sub-111_task-EyeTracking_physio	251	-94.365	288.975	383.340	1275.325	678.043	0.157	0.124	0.283	1.048
sub-111_task-EyeTracking_physio	251	305.647	488.982	183.335	1314.173	724.920	0.120	0.029	0.241	0.323
sub-111_task-EyeTracking_physio	251	513.981	822.321	308.340	1409.865	811.520	0.125	0.075	0.382	0.588
sub-111_task-EyeTracking_physio	251	838.990	1038.990	200.000	1416.497	708.297	0.141	0.051	0.214	0.426
sub-111_task-EyeTracking_physio	251	1055.658	1288.998	233.340	1372.075	655.775	0.148	0.084	0.456	0.416
sub-111_task-EyeTracking_physio	251	1305.665	1555.671	250.006	1313.100	617.288	0.111	0.039	0.235	0.437
sub-111_task-EyeTracking_physio	251	1580.670	1872.345	291.675	1239.690	624.115	0.113	0.035	0.365	0.276
sub-111_task-EyeTracking_physio	251	1889.012	2339.021	450.009	1170.293	628.817	0.123	0.037	0.436	0.346
sub-111_task-EyeTracking_physio	251	2364.020	2522.356	158.336	1270.225	707.820	0.155	0.042	0.285	0.444
sub-111_task-EyeTracking_physio	251	2555.693	2805.701	250.008	1354.750	760.942	0.106	0.023	0.246	0.226
sub-111_task-EyeTracking_physio	251	2822.367	3005.701	183.334	1406.240	776.597	0.107	0.024	0.169	0.265
sub-111_task-EyeTracking_physio	252	-3400.070	-3275.069	125.001	1304.365	566.230	0.170	0.044	0.194	0.513
sub-111_task-EyeTracking_physio	252	-2991.729	-2458.386	533.343	1262.995	672.477	0.127	0.094	0.434	0.606
sub-111_task-EyeTracking_physio	252	-2125.048	-1666.703	458.345	1257.820	677.830	0.132	0.118	0.387	0.657
sub-111_task-EyeTracking_physio	252	-1341.699	-1200.024	141.675	1261.095	709.045	0.525	0.819	0.259	5.956
sub-111_task-EyeTracking_physio	252	-1150.023	-908.350	241.673	1464.200	908.085	0.099	0.029	0.191	0.365
sub-111_task-EyeTracking_physio	252	-866.685	-708.348	158.337	1884.915	1467.665	0.320	0.132	0.388	0.921
sub-111_task-EyeTracking_physio	252	-691.682	-216.669	475.013	1904.275	1535.135	0.143	0.093	0.418	0.515
sub-111_task-EyeTracking_physio	252	-124.999	233.337	358.336	1268.230	723.755	0.116	0.035	0.260	0.381
sub-111_task-EyeTracking_physio	252	250.009	458.346	208.337	1297.910	690.840	0.129	0.032	0.293	0.308
sub-111_task-EyeTracking_physio	252	483.345	641.685	158.340	1564.045	656.565	0.205	0.063	0.266	0.512
sub-111_task-EyeTracking_physio	252	658.352	1041.694	383.342	1637.335	645.235	0.151	0.057	0.279	0.564
sub-111_task-EyeTracking_physio	252	1066.694	1175.029	108.335	1410.915	807.615	0.234	0.081	0.298	0.616
sub-111_task-EyeTracking_physio	252	1200.029	1491.702	291.673	1139.865	941.275	0.131	0.039	0.382	0.278
sub-111_task-EyeTracking_physio	252	1533.369	1725.044	191.675	1427.020	733.535	0.133	0.029	0.223	0.316
sub-111_task-EyeTracking_physio	252	1758.376	2041.714	283.338	1362.415	715.848	0.124	0.033	0.352	0.239
sub-111_task-EyeTracking_physio	252	2066.714	2166.716	100.002	1264.775	606.868	0.134	0.035	0.173	0.280
sub-111_task-EyeTracking_physio	252	2191.716	2366.724	175.008	1025.285	574.740	0.276	0.109	0.346	0.674
sub-111_task-EyeTracking_physio	252	2391.723	2716.730	325.007	961.395	619.430	0.155	0.049	0.260	0.526
sub-111_task-EyeTracking_physio	252	2833.400	3008.407	175.007	1138.980	954.660	0.186	0.043	0.165	0.513
sub-111_task-EyeTracking_physio	253	-19.762	280.248	300.010	1303.588	684.412	0.111	0.091	0.289	0.581
sub-111_task-EyeTracking_physio	253	296.914	1188.600	891.686	1321.855	717.470	0.122	0.061	0.360	0.504
sub-111_task-EyeTracking_physio	253	1213.599	1530.271	316.672	1436.140	717.408	0.136	0.038	0.339	0.289
sub-111_task-EyeTracking_physio	253	1555.271	1813.614	258.343	1463.310	733.515	0.104	0.018	0.275	0.216
sub-111_task-EyeTracking_physio	253	1830.284	1996.954	166.670	1526.065	733.170	0.184	0.051	0.364	0.323
sub-111_task-EyeTracking_physio	253	2013.621	2230.290	216.669	1341.723	711.757	0.113	0.028	0.301	0.205
sub-111_task-EyeTracking_physio	253	2255.290	2896.970	641.680	1319.345	713.655	0.120	0.072	0.486	0.392
sub-111_task-EyeTracking_physio	254	-10156.347	-9823.007	333.340	1264.900	689.337	0.187	0.509	0.940	1.667
sub-111_task-EyeTracking_physio	254	-9172.992	-8972.987	200.005	1281.372	621.510	0.124	0.070	0.224	0.611
sub-111_task-EyeTracking_physio	254	-8947.988	-8314.638	633.350	1275.362	684.375	0.100	0.056	0.391	0.435
sub-111_task-EyeTracking_physio	254	-7447.949	-7272.946	175.003	1273.355	844.680	0.116	0.100	0.292	0.561
sub-111_task-EyeTracking_physio	254	-7247.947	-7097.944	150.003	1260.348	699.758	0.155	0.068	0.219	0.588
sub-111_task-EyeTracking_physio	254	-6889.596	-6764.601	124.995	1288.025	682.195	0.911	2.622	1.010	5.912
sub-111_task-EyeTracking_physio	254	-6106.245	-5239.570	866.675	1271.678	671.422	0.116	0.084	0.301	0.838
sub-111_task-EyeTracking_physio	254	-4964.557	-4597.889	366.668	1269.798	700.212	0.146	0.092	0.392	0.756
sub-111_task-EyeTracking_physio	254	-4539.542	-4014.529	525.013	473.400	645.075	0.113	0.110	0.520	0.738
sub-111_task-EyeTracking_physio	254	-3989.529	-3706.200	283.329	534.935	626.227	0.139	0.043	0.327	0.365
sub-111_task-EyeTracking_physio	254	-3681.191	-3231.179	450.012	602.178	608.365	0.121	0.045	0.361	0.457
sub-111_task-EyeTracking_physio	254	-3189.521	-3039.507	150.014	1213.765	697.752	0.129	0.040	0.255	0.311
sub-111_task-EyeTracking_physio	254	-2839.513	-2706.173	133.340	1273.692	704.288	0.634	0.722	0.500	2.858
sub-111_task-EyeTracking_physio	254	-2414.502	-2256.155	158.347	1278.510	692.940	0.239	0.304	0.315	1.710
sub-111_task-EyeTracking_physio	254	-2206.155	-1964.492	241.663	1364.225	1327.200	0.153	0.045	0.294	0.449
sub-111_task-EyeTracking_physio	254	-1931.156	-1664.482	266.674	1933.430	1518.533	0.220	0.118	0.539	0.445
sub-111_task-EyeTracking_physio	254	-1639.482	-1439.481	200.001	1891.225	1518.315	0.139	0.038	0.386	0.263
sub-111_task-EyeTracking_physio	254	-1131.138	-997.800	133.338	1316.440	788.483	1.021	17.122	6.437	7.532
sub-111_task-EyeTracking_physio	254	-939.460	-497.780	441.680	460.815	627.330	0.155	0.067	0.483	0.402
sub-111_task-EyeTracking_physio	254	-114.438	368.898	483.336	1257.380	691.030	0.116	0.033	0.310	0.303
sub-111_task-EyeTracking_physio	254	385.564	627.241	241.677	1280.370	705.720	0.135	0.058	0.366	0.372
sub-111_task-EyeTracking_physio	254	660.566	1152.254	491.688	1005.965	915.880	0.146	0.107	0.551	0.609
sub-111_task-EyeTracking_physio	254	1185.587	1468.931	283.344	1434.382	898.955	0.124	0.040	0.327	0.340
sub-111_task-EyeTracking_physio	254	1493.931	1702.265	208.334	1561.050	792.875	0.135	0.033	0.166	0.463
sub-111_task-EyeTracking_physio	254	1727.271	1935.598	208.327	1593.870	697.660	0.135	0.049	0.314	0.331
sub-111_task-EyeTracking_physio	254	1977.273	2202.280	225.007	1419.225	499.640	0.147	0.045	0.268	0.374
sub-111_task-EyeTracking_physio	254	2227.280	2552.283	325.003	1057.720	531.795	0.228	0.081	0.375	0.540
sub-111_task-EyeTracking_physio	254	2818.961	3010.631	191.670	984.645	891.145	0.133	0.059	0.245	0.602
sub-111_task-EyeTracking_physio	255	-109.109	399.233	508.342	1263.025	704.495	0.109	0.057	0.373	0.566
sub-111_task-EyeTracking_physio	255	449.241	590.909	141.668	1528.685	817.215	0.105	0.035	0.205	0.369
sub-111_task-EyeTracking_physio	255	615.909	807.575	191.666	1607.150	847.240	0.127	0.052	0.396	0.281
sub-111_task-EyeTracking_physio	255	824.242	974.252	150.010	1664.050	868.230	0.129	0.036	0.375	0.195
sub-111_task-EyeTracking_physio	255	990.918	1157.587	166.669	1667.337	786.822	0.091	0.015	0.177	0.148
sub-111_task-EyeTracking_physio	255	1199.252	1390.927	191.675	1540.360	520.420	0.124	0.028	0.167	0.309
sub-111_task-EyeTracking_physio	255	1415.927	1632.600	216.673	1347.852	503.867	0.125	0.051	0.339	0.389
sub-111_task-EyeTracking_physio	255	1665.934	1882.615	216.681	1293.122	555.035	0.104	0.018	0.156	0.254
sub-111_task-EyeTracking_physio	255	1924.280	2540.955	616.675	1473.822	603.275	0.116	0.042	0.249	0.493
sub-111_task-EyeTracking_physio	255	2574.289	3007.631	433.342	1476.290	644.188	0.111	0.031	0.238	0.384
sub-111_task-EyeTracking_physio	256	-128.780	237.897	366.677	1310.385	709.055	0.128	0.072	0.377	0.732
sub-111_task-EyeTracking_physio	256	254.564	587.907	333.343	1298.872	734.165	0.112	0.037	0.337	0.253
sub-111_task-EyeTracking_physio	256	612.907	871.248	258.341	1194.925	692.290	0.109	0.039	0.257	0.322
sub-111_task-EyeTracking_physio	256	887.915	1137.930	250.015	1151.082	687.785	0.132	0.038	0.285	0.423
sub-111_task-EyeTracking_physio	256	1162.929	1387.937	225.008	1312.555	574.800	0.232	0.048	0.246	0.798
sub-111_task-EyeTracking_physio	256	1412.937	1587.939	175.002	1369.360	532.490	0.215	0.063	0.283	0.452
sub-111_task-EyeTracking_physio	256	1612.944	1904.615	291.671	1397.825	460.750	0.215	0.135	0.307	1.262
sub-111_task-EyeTracking_physio	256	1962.948	2387.963	425.015	1389.305	603.025	0.118	0.035	0.335	0.355
sub-111_task-EyeTracking_physio	256	2404.629	2929.642	525.013	1366.945	606.485	0.128	0.035	0.253	0.395
sub-111_task-EyeTracking_physio	257	-715.598	-582.253	133.345	1281.517	627.062	0.244	0.126	0.188	1.119
sub-111_task-EyeTracking_physio	257	-240.578	242.760	483.338	1286.362	686.950	0.116	0.067	0.292	0.685
sub-111_task-EyeTracking_physio	257	267.759	451.102	183.343	1253.810	710.510	0.141	0.027	0.241	0.320
sub-111_task-EyeTracking_physio	257	476.108	701.110	225.002	1211.145	770.010	0.150	0.090	0.503	0.511
sub-111_task-EyeTracking_physio	257	717.776	1134.457	416.681	1238.427	783.673	0.180	0.519	1.045	1.046
sub-111_task-EyeTracking_physio	257	1159.456	1392.796	233.340	1143.227	735.507	0.113	0.023	0.208	0.324
sub-111_task-EyeTracking_physio	257	1409.463	1576.131	166.668	1098.803	724.848	0.100	0.019	0.153	0.248
sub-111_task-EyeTracking_physio	257	1609.465	2067.812	458.347	1030.655	710.095	0.152	0.046	0.379	0.336
sub-111_task-EyeTracking_physio	257	2101.146	2351.151	250.005	1217.533	685.298	0.099	0.030	0.217	0.275
sub-111_task-EyeTracking_physio	257	2384.484	2592.822	208.338	1525.840	680.225	0.136	0.052	0.377	0.383
sub-111_task-EyeTracking_physio	257	2626.155	2809.491	183.336	1047.503	736.868	0.176	0.102	0.507	0.505
sub-111_task-EyeTracking_physio	257	2834.496	3009.499	175.003	982.315	763.685	0.093	0.030	0.273	0.251
sub-111_task-EyeTracking_physio	258	-669.141	-427.469	241.672	1233.220	753.145	0.151	0.073	0.309	0.463
sub-111_task-EyeTracking_physio	258	-77.458	214.214	291.672	1266.970	670.775	0.112	0.064	0.309	0.617
sub-111_task-EyeTracking_physio	258	239.213	530.887	291.674	1192.415	724.410	0.104	0.036	0.282	0.236
sub-111_task-EyeTracking_physio	258	547.554	739.226	191.672	1144.580	719.120	0.186	0.091	0.487	0.423
sub-111_task-EyeTracking_physio	258	755.893	1247.570	491.677	1089.100	672.935	0.111	0.058	0.265	0.623
sub-111_task-EyeTracking_physio	258	1264.237	1464.237	200.000	1138.730	689.912	0.129	0.046	0.335	0.310
sub-111_task-EyeTracking_physio	258	1480.908	1764.249	283.341	1104.778	651.595	0.140	0.036	0.216	0.381
sub-111_task-EyeTracking_physio	258	1780.914	2180.924	400.010	1172.185	700.830	0.124	0.054	0.256	0.489
sub-111_task-EyeTracking_physio	258	2197.590	3005.939	808.349	1091.890	669.150	0.114	0.033	0.285	0.389
sub-111_task-EyeTracking_physio	259	-139.098	244.252	383.350	1264.072	710.327	0.117	0.093	0.399	0.828
sub-111_task-EyeTracking_physio	259	260.910	660.920	400.010	1269.305	768.995	0.128	0.077	0.302	0.457
sub-111_task-EyeTracking_physio	259	677.587	1110.931	433.344	1202.912	776.010	0.140	0.051	0.400	0.432
sub-111_task-EyeTracking_physio	259	1127.597	1394.273	266.676	1181.452	693.465	0.161	0.064	0.251	0.665
sub-111_task-EyeTracking_physio	259	1419.272	1619.275	200.003	1138.217	626.940	0.159	0.053	0.299	0.444
sub-111_task-EyeTracking_physio	259	1627.610	1927.617	300.007	1116.750	598.467	0.150	0.048	0.219	0.518
sub-111_task-EyeTracking_physio	259	1944.284	2269.299	325.015	1146.675	573.440	0.193	0.076	0.509	0.437
sub-111_task-EyeTracking_physio	259	2310.971	2469.297	158.326	1220.275	718.970	0.146	0.031	0.176	0.261
sub-111_task-EyeTracking_physio	259	2494.297	2794.299	300.002	1269.802	747.165	0.140	0.037	0.282	0.355
sub-111_task-EyeTracking_physio	259	2835.973	3035.974	200.001	1146.682	582.365	0.159	0.048	0.311	0.354
sub-111_task-EyeTracking_physio	260	-934.304	-809.301	125.003	1233.360	559.285	0.258	0.091	0.168	0.800
sub-111_task-EyeTracking_physio	260	-550.962	-300.954	250.008	1281.908	686.713	0.148	0.069	0.286	0.506
sub-111_task-EyeTracking_physio	260	-284.288	40.717	325.005	1258.975	696.960	0.138	0.049	0.437	0.316
sub-111_task-EyeTracking_physio	260	49.051	240.724	191.673	1277.890	692.680	0.151	0.059	0.271	0.437
sub-111_task-EyeTracking_physio	260	257.391	440.726	183.335	1280.918	736.868	0.105	0.027	0.169	0.271
sub-111_task-EyeTracking_physio	260	457.397	749.071	291.674	1276.020	765.105	0.120	0.074	0.428	0.455
sub-111_task-EyeTracking_physio	260	774.069	924.073	150.004	1379.307	700.923	0.103	0.041	0.356	0.224
sub-111_task-EyeTracking_physio	260	940.738	1149.078	208.340	1444.605	744.055	0.169	0.058	0.456	0.427
sub-111_task-EyeTracking_physio	260	1174.078	1374.085	200.007	1482.035	800.970	0.098	0.029	0.222	0.229
sub-111_task-EyeTracking_physio	260	1399.085	1624.087	225.002	1535.140	808.035	0.112	0.025	0.227	0.254
sub-111_task-EyeTracking_physio	260	1649.091	2074.099	425.008	1479.785	810.390	0.121	0.033	0.287	0.310
sub-111_task-EyeTracking_physio	260	2099.099	3007.454	908.355	1518.555	703.725	0.136	0.043	0.329	0.528
sub-111_task-EyeTracking_physio	261	-1388.433	-1205.093	183.340	1265.552	701.785	0.151	0.112	0.293	0.674
sub-111_task-EyeTracking_physio	261	-746.743	-455.070	291.673	1275.345	670.245	0.195	0.147	0.340	0.997
sub-111_task-EyeTracking_physio	261	-180.067	-21.732	158.335	1261.075	685.185	0.238	0.139	0.328	0.996
sub-111_task-EyeTracking_physio	261	511.614	686.615	175.001	1309.425	664.635	0.918	9.994	2.857	7.946
sub-111_task-EyeTracking_physio	261	703.282	1086.634	383.352	1295.362	763.930	0.176	0.078	0.324	0.857
sub-111_task-EyeTracking_physio	261	1111.633	1436.634	325.001	1114.185	802.940	0.191	0.118	0.685	0.642
sub-111_task-EyeTracking_physio	261	1478.301	1694.982	216.681	1563.170	614.132	0.164	0.064	0.383	0.356
sub-111_task-EyeTracking_physio	261	1728.308	3003.339	1275.031	1632.070	638.655	0.146	0.070	0.402	0.641
sub-111_task-EyeTracking_physio	262	-4520.119	-3886.775	633.344	1254.620	721.567	0.214	0.153	0.638	0.908
sub-111_task-EyeTracking_physio	262	-3653.437	-3528.434	125.003	1272.600	717.990	0.977	5.818	2.655	7.304
sub-111_task-EyeTracking_physio	262	-2711.740	-2178.400	533.340	1261.060	677.465	0.152	0.057	0.301	0.624
sub-111_task-EyeTracking_physio	262	-2020.066	-1886.725	133.341	1120.658	760.627	1.060	11.679	4.076	9.823
sub-111_task-EyeTracking_physio	262	-1845.060	-778.365	1066.695	652.783	692.283	0.132	0.083	0.505	0.576
sub-111_task-EyeTracking_physio	262	-436.690	296.666	733.356	1265.930	703.533	0.174	0.086	0.714	0.643
sub-111_task-EyeTracking_physio	262	321.666	863.340	541.674	1033.820	800.275	0.733	2.116	2.081	3.736
sub-111_task-EyeTracking_physio	262	896.677	1063.345	166.668	937.815	676.550	0.088	0.039	0.268	0.300
sub-111_task-EyeTracking_physio	262	1080.012	1288.352	208.340	901.685	620.050	0.150	0.060	0.427	0.351
sub-111_task-EyeTracking_physio	262	1321.686	1663.364	341.678	1395.685	583.795	0.127	0.065	0.394	0.323
sub-111_task-EyeTracking_physio	262	1680.031	1830.032	150.001	1400.418	547.000	0.206	0.054	0.219	0.398
sub-111_task-EyeTracking_physio	262	1871.697	2138.370	266.673	1228.253	634.842	0.123	0.065	0.356	0.495
sub-111_task-EyeTracking_physio	262	2188.376	2463.382	275.006	1460.395	937.100	0.136	0.054	0.387	0.385
sub-111_task-EyeTracking_physio	262	2480.048	2713.387	233.339	1470.925	861.795	0.148	0.100	0.488	0.374
sub-111_task-EyeTracking_physio	262	2730.053	2905.058	175.005	1463.315	837.730	0.103	0.047	0.299	0.338
sub-111_task-EyeTracking_physio	263	-1691.116	-1499.443	191.673	1286.140	705.735	0.269	0.503	0.220	3.357
sub-111_task-EyeTracking_physio	263	-374.416	-107.743	266.673	1248.040	666.680	0.245	0.222	0.475	1.008
sub-111_task-EyeTracking_physio	263	-91.078	433.937	525.015	1280.205	686.505	0.207	0.092	0.377	0.638
sub-111_task-EyeTracking_physio	263	450.604	633.937	183.333	1217.362	725.530	0.170	0.068	0.401	0.330
sub-111_task-EyeTracking_physio	263	658.940	850.609	191.669	1189.220	800.250	0.121	0.031	0.235	0.281
sub-111_task-EyeTracking_physio	263	875.610	1050.615	175.005	1019.880	861.515	0.130	0.037	0.294	0.223
sub-111_task-EyeTracking_physio	263	1100.617	1400.622	300.005	928.940	890.315	0.095	0.029	0.283	0.287
sub-111_task-EyeTracking_physio	263	1417.287	1758.964	341.677	900.295	870.160	0.100	0.034	0.313	0.278
sub-111_task-EyeTracking_physio	263	1775.631	1950.630	174.999	923.425	863.270	0.121	0.026	0.340	0.156
sub-111_task-EyeTracking_physio	263	1992.304	2275.644	283.340	1451.360	814.095	0.191	0.069	0.609	0.395
sub-111_task-EyeTracking_physio	263	2283.977	2417.313	133.336	1490.342	806.115	0.178	0.040	0.324	0.339
sub-111_task-EyeTracking_physio	263	2467.313	2783.989	316.676	901.135	889.572	0.122	0.042	0.456	0.291
sub-111_task-EyeTracking_physio	263	2800.656	3008.988	208.332	927.390	867.185	0.099	0.020	0.249	0.222
sub-111_task-EyeTracking_physio	264	-1153.143	-961.471	191.672	1294.875	658.135	0.194	0.088	0.256	0.723
sub-111_task-EyeTracking_physio	264	-661.465	-486.457	175.008	1270.565	711.200	0.167	0.113	0.327	0.710
sub-111_task-EyeTracking_physio	264	-128.118	230.225	358.343	1268.280	692.085	0.159	0.233	0.587	1.079
sub-111_task-EyeTracking_physio	264	246.892	471.897	225.005	1307.625	743.740	0.108	0.041	0.262	0.328
sub-111_task-EyeTracking_physio	264	488.564	663.568	175.004	1383.585	754.980	0.175	0.053	0.400	0.261
sub-111_task-EyeTracking_physio	264	688.572	1030.234	341.662	1462.725	924.360	0.140	0.092	0.248	0.802
sub-111_task-EyeTracking_physio	264	1046.899	1255.250	208.351	1401.265	973.310	0.166	0.072	0.366	0.381
sub-111_task-EyeTracking_physio	264	1288.583	1430.245	141.662	1097.815	940.230	0.125	0.036	0.340	0.233
sub-111_task-EyeTracking_physio	264	1455.252	1646.926	191.674	975.310	779.295	0.114	0.033	0.229	0.253
sub-111_task-EyeTracking_physio	264	1663.584	1938.588	275.004	930.680	721.810	0.126	0.043	0.342	0.303
sub-111_task-EyeTracking_physio	264	1955.255	2130.271	175.016	968.265	701.515	0.149	0.045	0.343	0.349
sub-111_task-EyeTracking_physio	264	2146.939	2621.946	475.007	1013.135	699.295	0.148	0.058	0.312	0.510
sub-111_task-EyeTracking_physio	264	2671.950	2913.624	241.674	1297.260	611.460	0.134	0.030	0.267	0.329
sub-111_task-EyeTracking_physio	265	-789.916	-531.573	258.343	1256.675	619.235	0.165	0.125	0.230	1.140
sub-111_task-EyeTracking_physio	265	-298.241	60.101	358.342	1290.000	703.095	0.137	0.097	0.386	0.784
sub-111_task-EyeTracking_physio	265	68.434	443.445	375.011	1287.535	686.620	0.115	0.035	0.324	0.332
sub-111_task-EyeTracking_physio	265	476.777	626.784	150.007	1373.965	784.720	0.128	0.027	0.160	0.266
sub-111_task-EyeTracking_physio	265	643.451	910.123	266.672	1421.755	853.395	0.127	0.084	0.294	0.511
sub-111_task-EyeTracking_physio	265	935.121	1135.126	200.005	1370.770	881.300	0.117	0.085	0.305	0.535
sub-111_task-EyeTracking_physio	265	1176.796	1376.798	200.002	1091.678	857.618	0.129	0.063	0.430	0.443
sub-111_task-EyeTracking_physio	265	1401.798	1593.472	191.674	1090.110	773.120	0.104	0.027	0.279	0.240
sub-111_task-EyeTracking_physio	265	1618.472	1918.477	300.005	1117.872	646.525	0.118	0.037	0.213	0.347
sub-111_task-EyeTracking_physio	265	1943.479	2510.159	566.680	1102.280	610.997	0.141	0.066	0.296	0.663
sub-111_task-EyeTracking_physio	265	2526.825	3010.171	483.346	1117.162	654.095	0.150	0.036	0.214	0.367
sub-111_task-EyeTracking_physio	266	315.395	615.404	300.009	1298.328	721.200	0.139	0.094	0.371	0.645
sub-111_task-EyeTracking_physio	266	640.402	798.736	158.334	1352.235	718.330	0.124	0.029	0.263	0.227
sub-111_task-EyeTracking_physio	266	815.405	1032.078	216.673	1404.850	644.825	0.145	0.048	0.360	0.319
sub-111_task-EyeTracking_physio	266	1048.744	1298.749	250.005	1449.033	584.835	0.161	0.071	0.500	0.359
sub-111_task-EyeTracking_physio	266	1323.749	1498.759	175.010	1433.655	693.175	0.116	0.036	0.345	0.272
sub-111_task-EyeTracking_physio	266	1523.758	1682.093	158.335	1446.500	742.495	0.128	0.037	0.313	0.213
sub-111_task-EyeTracking_physio	266	1698.759	2040.436	341.677	1450.135	828.990	0.113	0.037	0.262	0.302
sub-111_task-EyeTracking_physio	266	2048.769	2290.441	241.672	1420.290	836.920	0.110	0.030	0.287	0.270
sub-111_task-EyeTracking_physio	266	2315.442	2615.447	300.005	1421.225	770.565	0.124	0.045	0.272	0.348
sub-111_task-EyeTracking_physio	266	2632.114	2865.452	233.338	1430.860	799.025	0.138	0.035	0.184	0.396
sub-111_task-EyeTracking_physio	266	2882.119	3007.121	125.002	1399.225	867.785	0.160	0.084	0.519	0.319
sub-111_task-EyeTracking_physio	267	-738.055	-546.385	191.670	1158.965	656.520	0.187	0.111	0.297	1.082
sub-111_task-EyeTracking_physio	267	-288.047	336.967	625.014	1260.310	733.450	0.129	0.077	0.400	0.799
sub-111_task-EyeTracking_physio	267	461.977	628.641	166.664	1026.503	781.472	0.173	0.041	0.404	0.267
sub-111_task-EyeTracking_physio	267	653.640	878.647	225.007	1001.415	857.200	0.118	0.026	0.257	0.296
sub-111_task-EyeTracking_physio	267	903.647	1103.654	200.007	1058.030	899.240	0.115	0.025	0.251	0.288
sub-111_task-EyeTracking_physio	267	1120.320	1411.994	291.674	1105.425	883.650	0.094	0.027	0.253	0.286
sub-111_task-EyeTracking_physio	267	1428.661	1728.664	300.003	1066.072	834.158	0.104	0.020	0.256	0.182
sub-111_task-EyeTracking_physio	267	1762.001	1920.339	158.338	1031.705	846.575	0.087	0.023	0.205	0.226
sub-111_task-EyeTracking_physio	267	1928.672	2245.344	316.672	1033.820	882.692	0.115	0.090	0.325	0.609
sub-111_task-EyeTracking_physio	267	2270.349	2453.683	183.334	1046.440	978.660	0.094	0.022	0.198	0.192
sub-111_task-EyeTracking_physio	267	2487.017	2978.696	491.679	1439.690	598.135	0.145	0.070	0.347	0.546
sub-111_task-EyeTracking_physio	268	-357.891	-74.556	283.335	1284.727	724.065	0.136	0.064	0.195	0.793
sub-111_task-EyeTracking_physio	268	-66.222	192.122	258.344	1263.850	726.205	0.112	0.035	0.337	0.337
sub-111_task-EyeTracking_physio	268	208.791	383.794	175.003	1229.935	752.740	0.135	0.051	0.253	0.412
sub-111_task-EyeTracking_physio	268	400.459	725.464	325.005	1247.180	754.880	0.113	0.037	0.255	0.343
sub-111_task-EyeTracking_physio	268	733.801	842.133	108.332	1402.810	807.050	0.201	0.063	0.388	0.328
sub-111_task-EyeTracking_physio	268	867.141	1050.477	183.336	1670.115	731.367	0.150	0.046	0.307	0.354
sub-111_task-EyeTracking_physio	268	1067.143	1325.484	258.341	1685.480	643.080	0.164	0.089	0.384	0.444
sub-111_task-EyeTracking_physio	268	1350.483	1467.151	116.668	1434.402	477.243	0.279	0.134	0.430	0.569
sub-111_task-EyeTracking_physio	268	1508.820	1692.156	183.336	1060.133	494.977	0.275	0.102	0.375	0.841
sub-111_task-EyeTracking_physio	268	1742.158	2042.165	300.007	1141.130	898.535	0.125	0.036	0.291	0.431
sub-111_task-EyeTracking_physio	268	2058.836	2342.176	283.340	1066.312	920.185	0.095	0.020	0.232	0.265
sub-111_task-EyeTracking_physio	268	2375.508	2608.844	233.336	1214.100	766.322	0.138	0.036	0.212	0.493
sub-111_task-EyeTracking_physio	268	2625.511	3008.855	383.344	1254.740	740.850	0.120	0.027	0.186	0.354
sub-111_task-EyeTracking_physio	269	-4239.136	-4097.466	141.670	1318.270	668.385	0.407	0.465	0.273	3.164
sub-111_task-EyeTracking_physio	269	-3772.454	-3597.452	175.002	1274.635	666.650	0.185	0.181	0.413	1.108
sub-111_task-EyeTracking_physio	269	-3355.777	-3247.443	108.334	1286.860	791.730	1.737	29.481	9.394	11.781
sub-111_task-EyeTracking_physio	269	-3189.110	-2464.091	725.019	457.950	599.055	0.136	0.069	0.456	0.409
sub-111_task-EyeTracking_physio	269	-2414.090	-2155.751	258.339	1168.735	603.350	0.214	0.073	0.949	0.282
sub-111_task-EyeTracking_physio	269	-1847.412	-1639.073	208.339	1276.155	683.640	0.400	2.099	1.378	4.053
sub-111_task-EyeTracking_physio	269	-1572.405	-1289.061	283.344	2289.747	897.630	0.141	0.096	0.415	0.584
sub-111_task-EyeTracking_physio	269	-914.058	485.979	1400.037	1273.122	714.748	0.117	0.104	0.569	0.691
sub-111_task-EyeTracking_physio	269	510.979	794.322	283.343	1314.985	660.722	0.100	0.026	0.167	0.358
sub-111_task-EyeTracking_physio	269	810.989	1077.662	266.673	1341.180	611.225	0.160	0.067	0.364	0.388
sub-111_task-EyeTracking_physio	269	1110.992	1444.332	333.340	1325.977	777.952	0.112	0.035	0.265	0.401
sub-111_task-EyeTracking_physio	269	1461.002	1644.339	183.337	1261.530	754.140	0.106	0.028	0.239	0.218
sub-111_task-EyeTracking_physio	269	1661.005	1844.344	183.339	1189.688	743.780	0.142	0.053	0.359	0.411
sub-111_task-EyeTracking_physio	269	1877.678	2261.020	383.342	1088.043	638.592	0.149	0.063	0.395	0.389
sub-111_task-EyeTracking_physio	269	2277.687	2519.357	241.670	1131.965	599.545	0.153	0.039	0.268	0.380
sub-111_task-EyeTracking_physio	269	2719.361	2919.367	200.006	1189.797	591.695	0.226	0.084	0.222	0.786
sub-111_task-EyeTracking_physio	270	-508.959	391.060	900.019	1274.045	716.582	0.120	0.096	0.500	0.679
sub-111_task-EyeTracking_physio	270	407.727	591.065	183.338	1332.990	791.910	0.127	0.026	0.338	0.236
sub-111_task-EyeTracking_physio	270	616.064	807.738	191.674	1384.590	832.185	0.088	0.029	0.314	0.293
sub-111_task-EyeTracking_physio	270	824.405	1007.736	183.331	1454.730	859.697	0.108	0.045	0.349	0.301
sub-111_task-EyeTracking_physio	270	1024.407	1799.426	775.019	1496.180	871.485	0.100	0.044	0.423	0.431
sub-111_task-EyeTracking_physio	270	1824.425	2174.429	350.004	1491.233	847.785	0.107	0.027	0.270	0.224
sub-111_task-EyeTracking_physio	270	2191.096	2682.774	491.678	1495.440	726.100	0.099	0.043	0.293	0.468
sub-111_task-EyeTracking_physio	270	2716.110	3007.781	291.671	1506.630	859.520	0.134	0.034	0.291	0.258
sub-111_task-EyeTracking_physio	271	-328.331	296.682	625.013	1290.425	707.140	0.126	0.056	0.496	0.472
sub-111_task-EyeTracking_physio	271	313.350	563.356	250.006	1262.733	680.080	0.125	0.032	0.259	0.288
sub-111_task-EyeTracking_physio	271	580.022	963.364	383.342	1206.023	612.710	0.160	0.057	0.258	0.683
sub-111_task-EyeTracking_physio	271	988.366	1346.705	358.339	1193.425	681.500	0.128	0.032	0.271	0.328
sub-111_task-EyeTracking_physio	271	1363.372	1596.712	233.340	1235.430	754.820	0.116	0.027	0.211	0.338
sub-111_task-EyeTracking_physio	271	1613.379	1830.052	216.673	1247.960	802.385	0.125	0.031	0.176	0.334
sub-111_task-EyeTracking_physio	271	1863.385	2030.052	166.667	1302.110	834.080	0.136	0.023	0.166	0.257
sub-111_task-EyeTracking_physio	271	2063.394	2180.059	116.665	1551.588	718.555	0.142	0.021	0.134	0.265
sub-111_task-EyeTracking_physio	271	2196.731	2413.397	216.666	1570.202	615.485	0.192	0.044	0.227	0.469
sub-111_task-EyeTracking_physio	271	2430.065	2671.736	241.671	1560.120	553.710	0.170	0.059	0.210	0.537
sub-111_task-EyeTracking_physio	271	2705.069	2921.741	216.672	1134.265	565.503	0.149	0.055	0.478	0.310
sub-111_task-EyeTracking_physio	272	-556.943	-340.275	216.668	1260.523	706.633	0.201	0.118	0.239	0.907
sub-111_task-EyeTracking_physio	272	-323.609	476.408	800.017	1283.847	713.200	0.103	0.059	0.347	0.464
sub-111_task-EyeTracking_physio	272	509.746	693.081	183.335	1310.005	856.798	0.112	0.034	0.259	0.251
sub-111_task-EyeTracking_physio	272	709.747	909.755	200.008	1394.557	882.778	0.124	0.031	0.343	0.242
sub-111_task-EyeTracking_physio	272	926.421	1226.428	300.007	1471.970	893.353	0.106	0.032	0.297	0.302
sub-111_task-EyeTracking_physio	272	1243.094	1443.097	200.003	1550.238	880.585	0.119	0.018	0.269	0.208
sub-111_task-EyeTracking_physio	272	1468.098	1676.439	208.341	1581.830	781.285	0.097	0.030	0.194	0.302
sub-111_task-EyeTracking_physio	272	1701.439	2043.110	341.671	1533.820	615.715	0.146	0.065	0.331	0.480
sub-111_task-EyeTracking_physio	272	2068.114	2243.117	175.003	1330.250	597.115	0.169	0.070	0.357	0.396
sub-111_task-EyeTracking_physio	272	2268.117	2493.119	225.002	1113.705	628.905	0.132	0.043	0.360	0.329
sub-111_task-EyeTracking_physio	272	2526.451	2901.465	375.014	1053.910	792.465	0.119	0.044	0.268	0.487
sub-111_task-EyeTracking_physio	273	-401.633	356.720	758.353	1273.705	720.310	0.133	0.172	0.638	0.790
sub-111_task-EyeTracking_physio	273	373.387	573.387	200.000	1271.120	809.680	0.135	0.052	0.325	0.381
sub-111_task-EyeTracking_physio	273	856.729	1190.066	333.337	980.400	897.327	0.109	0.086	0.300	1.002
sub-111_task-EyeTracking_physio	273	1206.732	1490.072	283.340	943.730	850.590	0.130	0.033	0.251	0.313
sub-111_task-EyeTracking_physio	273	1523.409	1715.079	191.670	996.075	993.765	0.121	0.069	0.294	0.546
sub-111_task-EyeTracking_physio	273	1748.413	1948.418	200.005	1035.645	1035.065	0.082	0.034	0.189	0.385
sub-111_task-EyeTracking_physio	273	1981.753	2423.426	441.673	960.920	843.785	0.095	0.047	0.338	0.416
sub-111_task-EyeTracking_physio	273	2440.099	2740.104	300.005	1051.757	1024.683	0.256	0.526	0.485	2.094
sub-111_task-EyeTracking_physio	273	2790.103	3006.777	216.674	1472.215	742.793	0.092	0.027	0.231	0.307
sub-111_task-EyeTracking_physio	274	-529.846	-321.506	208.340	1282.600	695.885	0.118	0.038	0.252	0.328
sub-111_task-EyeTracking_physio	274	-304.838	370.179	675.017	1275.830	721.525	0.124	0.053	0.384	0.485
sub-111_task-EyeTracking_physio	274	378.512	570.179	191.667	1247.125	729.915	0.133	0.067	0.376	0.535
sub-111_task-EyeTracking_physio	274	595.183	920.188	325.005	1194.120	582.805	0.150	0.067	0.367	0.530
sub-111_task-EyeTracking_physio	274	953.520	1295.198	341.678	1218.880	737.760	0.143	0.059	0.308	0.582
sub-111_task-EyeTracking_physio	274	1320.196	1478.532	158.336	1491.380	921.375	1.385	4.275	1.696	5.166
sub-111_task-EyeTracking_physio	274	1511.872	1720.207	208.335	1575.020	683.550	0.169	0.070	0.419	0.731
sub-111_task-EyeTracking_physio	274	1745.205	2020.213	275.008	1560.550	597.445	0.162	0.064	0.357	0.429
sub-111_task-EyeTracking_physio	274	2045.217	2503.558	458.341	1507.165	430.255	0.250	0.114	0.329	0.892
sub-111_task-EyeTracking_physio	274	2536.892	2853.565	316.673	968.273	588.237	0.220	0.066	0.326	0.565
sub-111_task-EyeTracking_physio	274	2878.565	3003.569	125.004	972.460	661.745	0.138	0.026	0.163	0.238
sub-111_task-EyeTracking_physio	275	-1083.254	-933.251	150.003	975.602	676.588	2.023	35.516	5.318	11.473
sub-111_task-EyeTracking_physio	275	-891.584	-774.915	116.669	1059.743	599.620	0.747	0.240	0.379	2.111
sub-111_task-EyeTracking_physio	275	-566.576	166.776	733.352	1273.030	721.710	0.136	0.109	0.608	0.829
sub-111_task-EyeTracking_physio	275	191.776	358.446	166.670	1281.735	671.425	0.119	0.028	0.238	0.255
sub-111_task-EyeTracking_physio	275	383.448	625.120	241.672	1336.690	653.675	0.116	0.058	0.291	0.470
sub-111_task-EyeTracking_physio	275	633.454	1008.459	375.005	1322.100	645.990	0.141	0.042	0.275	0.448
sub-111_task-EyeTracking_physio	275	1033.459	1250.130	216.671	1250.472	651.382	0.161	0.052	0.298	0.373
sub-111_task-EyeTracking_physio	275	1266.802	1408.470	141.668	1173.280	653.380	0.121	0.035	0.222	0.275
sub-111_task-EyeTracking_physio	275	1425.137	1625.140	200.003	1141.182	663.832	0.148	0.041	0.333	0.355
sub-111_task-EyeTracking_physio	275	1641.807	1858.479	216.672	1062.233	666.180	0.171	0.055	0.266	0.375
sub-111_task-EyeTracking_physio	275	1883.479	2075.152	191.673	989.090	671.970	0.158	0.050	0.430	0.319
sub-111_task-EyeTracking_physio	275	2108.486	2325.159	216.673	1348.383	636.460	0.160	0.057	0.366	0.357
sub-111_task-EyeTracking_physio	275	2366.825	2583.497	216.672	1415.500	667.763	0.125	0.042	0.299	0.333
sub-111_task-EyeTracking_physio	275	2608.497	3008.506	400.009	1426.875	602.390	0.141	0.062	0.317	0.475
sub-111_task-EyeTracking_physio	276	-686.570	-353.229	333.341	1257.055	682.735	0.216	0.202	0.328	1.731
sub-111_task-EyeTracking_physio	276	-336.562	246.787	583.349	1269.450	721.010	0.121	0.050	0.292	0.525
sub-111_task-EyeTracking_physio	276	255.120	496.793	241.673	1246.975	728.445	0.167	0.055	0.447	0.457
sub-111_task-EyeTracking_physio	276	521.793	705.130	183.337	1274.782	824.700	0.147	0.029	0.173	0.282
sub-111_task-EyeTracking_physio	276	721.796	888.472	166.676	1290.188	879.385	0.109	0.035	0.170	0.381
sub-111_task-EyeTracking_physio	276	905.139	1363.480	458.341	1340.465	930.015	0.125	0.060	0.407	0.377
sub-111_task-EyeTracking_physio	276	1405.147	1671.820	266.673	1453.997	637.398	0.125	0.046	0.364	0.406
sub-111_task-EyeTracking_physio	276	1688.487	1980.161	291.674	1446.450	588.735	0.160	0.083	0.389	0.358
sub-111_task-EyeTracking_physio	276	2005.161	2246.832	241.671	1211.980	605.900	0.127	0.027	0.179	0.367
sub-111_task-EyeTracking_physio	276	2271.830	2438.506	166.676	1130.758	734.523	0.209	0.076	0.407	0.566
sub-111_task-EyeTracking_physio	276	2480.173	2771.844	291.671	1076.510	824.410	0.111	0.019	0.177	0.263
sub-111_task-EyeTracking_physio	276	2796.844	2971.850	175.006	1125.600	870.255	0.123	0.026	0.295	0.169
sub-111_task-EyeTracking_physio	277	-281.132	610.556	891.688	1283.555	698.665	0.129	0.095	0.475	0.776
sub-111_task-EyeTracking_physio	277	660.553	868.897	208.344	1144.420	813.330	0.131	0.042	0.221	0.429
sub-111_task-EyeTracking_physio	277	952.228	1143.900	191.672	1083.115	919.805	0.079	0.021	0.213	0.288
sub-111_task-EyeTracking_physio	277	1285.570	1493.905	208.335	1012.665	687.965	0.124	0.095	0.358	0.594
sub-111_task-EyeTracking_physio	277	1518.912	1710.579	191.667	920.825	709.910	0.106	0.021	0.168	0.276
sub-111_task-EyeTracking_physio	277	1727.245	1885.580	158.335	914.150	768.925	0.116	0.033	0.174	0.294
sub-111_task-EyeTracking_physio	277	1927.251	2127.255	200.004	1523.128	774.442	0.134	0.041	0.211	0.408
sub-111_task-EyeTracking_physio	277	2152.259	2377.259	225.000	1576.510	724.625	0.111	0.034	0.356	0.186
sub-111_task-EyeTracking_physio	277	2393.925	2493.929	100.004	1540.420	569.053	0.158	0.052	0.173	0.532
sub-111_task-EyeTracking_physio	277	2518.929	2852.274	333.345	1382.753	455.160	0.260	0.174	0.459	0.925
sub-111_task-EyeTracking_physio	278	-125.732	340.943	466.675	1258.043	710.758	0.139	0.098	0.504	0.671
sub-111_task-EyeTracking_physio	278	365.943	924.293	558.350	1223.730	677.425	0.137	0.057	0.384	0.367
sub-111_task-EyeTracking_physio	278	940.958	1099.297	158.339	1278.200	708.995	0.140	0.080	0.389	0.364
sub-111_task-EyeTracking_physio	278	1115.963	1549.299	433.336	1329.885	803.980	0.216	0.403	0.506	1.844
sub-111_task-EyeTracking_physio	278	1582.641	1840.978	258.337	1271.110	764.390	0.106	0.040	0.423	0.333
sub-111_task-EyeTracking_physio	278	1865.979	2032.649	166.670	1181.570	728.723	0.125	0.035	0.315	0.248
sub-111_task-EyeTracking_physio	278	2049.315	2324.320	275.005	1076.180	707.190	0.139	0.059	0.482	0.279
sub-111_task-EyeTracking_physio	278	2340.987	2557.660	216.673	1046.445	790.235	0.085	0.026	0.210	0.235
sub-111_task-EyeTracking_physio	278	2599.326	2749.334	150.008	1082.168	830.145	0.121	0.033	0.265	0.304
sub-111_task-EyeTracking_physio	278	2782.666	3007.667	225.001	1289.405	702.940	0.104	0.021	0.185	0.272
sub-111_task-EyeTracking_physio	279	-253.655	363.022	616.677	1268.970	714.377	0.164	0.136	0.648	0.676
sub-111_task-EyeTracking_physio	279	379.696	546.365	166.669	1362.960	733.607	0.153	0.083	0.489	0.384
sub-111_task-EyeTracking_physio	279	571.364	863.034	291.670	1450.395	691.075	0.184	0.124	0.593	0.578
sub-111_task-EyeTracking_physio	279	879.700	1304.716	425.016	1366.930	653.095	0.140	0.077	0.387	0.468
sub-111_task-EyeTracking_physio	279	1338.048	1696.392	358.344	1036.070	773.595	0.149	0.066	0.413	0.467
sub-111_task-EyeTracking_physio	279	1738.057	1896.392	158.335	1533.150	766.770	0.156	0.120	0.277	0.862
sub-111_task-EyeTracking_physio	279	1921.393	2354.742	433.349	1640.852	764.403	0.177	0.114	0.657	0.800
sub-111_task-EyeTracking_physio	279	2838.083	3004.753	166.670	1283.640	656.300	0.152	0.061	0.228	0.520
sub-111_task-EyeTracking_physio	280	-165.021	409.987	575.008	1282.565	694.460	0.119	0.090	0.468	0.632
sub-111_task-EyeTracking_physio	280	434.987	609.994	175.007	1344.270	665.245	0.103	0.057	0.269	0.412
sub-111_task-EyeTracking_physio	280	626.661	784.998	158.337	1442.005	615.695	0.174	0.066	0.348	0.430
sub-111_task-EyeTracking_physio	280	818.329	993.336	175.007	1546.675	599.225	0.174	0.076	0.448	0.376
sub-111_task-EyeTracking_physio	280	1018.337	1193.340	175.003	1598.125	666.460	0.110	0.038	0.234	0.342
sub-111_task-EyeTracking_physio	280	1210.007	1493.345	283.338	1645.747	724.655	0.134	0.046	0.261	0.456
sub-111_task-EyeTracking_physio	280	1510.014	1910.027	400.013	1630.180	754.265	0.134	0.050	0.460	0.366
sub-111_task-EyeTracking_physio	280	1951.693	2160.033	208.340	1153.320	718.230	0.193	0.067	0.466	0.376
sub-111_task-EyeTracking_physio	280	2176.698	2343.366	166.668	1061.685	759.740	0.183	0.064	0.541	0.323
sub-111_task-EyeTracking_physio	280	2368.366	2643.372	275.006	1021.400	824.730	0.116	0.034	0.356	0.336
sub-111_task-EyeTracking_physio	280	2660.038	3010.048	350.010	998.707	810.107	0.130	0.036	0.310	0.355
sub-111_task-EyeTracking_physio	281	-276.365	340.316	616.681	1272.225	699.862	0.136	0.078	0.396	0.784
sub-111_task-EyeTracking_physio	281	356.982	506.985	150.003	1304.870	704.697	0.133	0.042	0.390	0.211
sub-111_task-EyeTracking_physio	281	523.652	806.988	283.336	1340.705	791.855	0.142	0.047	0.361	0.293
sub-111_task-EyeTracking_physio	281	823.655	1623.679	800.024	1380.500	813.778	0.113	0.087	0.498	0.533
sub-111_task-EyeTracking_physio	281	1640.346	1840.348	200.002	1182.267	835.575	0.202	0.089	0.610	0.397
sub-111_task-EyeTracking_physio	281	1865.348	2098.688	233.340	1093.910	827.588	0.157	0.064	0.610	0.221
sub-111_task-EyeTracking_physio	281	2132.021	2723.701	591.680	1404.510	808.745	0.123	0.042	0.346	0.433
sub-111_task-EyeTracking_physio	281	2748.703	3007.044	258.341	1429.615	804.230	0.115	0.048	0.445	0.281
sub-111_task-EyeTracking_physio	282	-229.279	295.734	525.013	1264.915	686.480	0.127	0.051	0.338	0.420
sub-111_task-EyeTracking_physio	282	320.738	745.748	425.010	1193.080	722.960	0.140	0.129	0.440	0.676
sub-111_task-EyeTracking_physio	282	770.747	937.414	166.667	1376.260	725.322	0.194	0.054	0.229	0.466
sub-111_task-EyeTracking_physio	282	954.085	1137.424	183.339	1475.370	754.820	0.158	0.059	0.305	0.390
sub-111_task-EyeTracking_physio	282	1154.088	1370.759	216.671	1558.443	748.188	0.143	0.071	0.410	0.375
sub-111_task-EyeTracking_physio	282	1387.427	1562.432	175.005	1579.865	669.405	0.156	0.087	0.442	0.351
sub-111_task-EyeTracking_physio	282	1595.763	1904.109	308.346	1461.255	516.455	0.205	0.097	0.316	0.753
sub-111_task-EyeTracking_physio	282	1929.108	2354.112	425.004	1395.130	448.325	0.249	0.092	0.326	0.845
sub-111_task-EyeTracking_physio	282	2420.785	2587.456	166.671	1569.435	670.010	0.119	0.036	0.323	0.209
sub-111_task-EyeTracking_physio	282	2620.789	3004.132	383.343	1590.280	717.658	0.103	0.075	0.466	0.372
sub-111_task-EyeTracking_physio	283	-415.679	251.004	666.683	1262.545	717.352	0.118	0.074	0.383	0.750
sub-111_task-EyeTracking_physio	283	267.669	517.677	250.008	1229.645	778.842	0.146	0.088	0.446	0.548
sub-111_task-EyeTracking_physio	283	534.344	701.013	166.669	1269.235	792.298	0.130	0.030	0.327	0.234
sub-111_task-EyeTracking_physio	283	717.680	1384.361	666.681	1294.930	822.590	0.126	0.095	0.440	0.593
sub-111_task-EyeTracking_physio	283	1417.700	1592.698	174.998	1201.645	697.395	0.161	0.038	0.264	0.394
sub-111_task-EyeTracking_physio	283	1617.698	1801.039	183.341	1202.013	601.605	0.158	0.064	0.306	0.366
sub-111_task-EyeTracking_physio	283	1817.705	2017.709	200.004	1288.503	573.688	0.194	0.075	0.386	0.505
sub-111_task-EyeTracking_physio	283	2042.709	2792.726	750.017	1333.680	556.605	0.198	0.067	0.371	0.563
sub-111_task-EyeTracking_physio	283	2817.727	3009.401	191.674	1264.025	640.275	0.144	0.061	0.279	0.418
sub-111_task-EyeTracking_physio	284	-593.897	-452.228	141.669	1248.875	709.995	0.180	0.105	0.252	0.673
sub-111_task-EyeTracking_physio	284	-443.890	222.782	666.672	1272.057	719.352	0.152	0.105	0.415	0.766
sub-111_task-EyeTracking_physio	284	247.790	597.792	350.002	1298.037	744.332	0.145	0.049	0.268	0.434
sub-111_task-EyeTracking_physio	284	622.793	806.125	183.332	1153.540	685.098	0.131	0.047	0.298	0.357
sub-111_task-EyeTracking_physio	284	831.126	1256.142	425.016	1054.760	685.040	0.130	0.043	0.259	0.335
sub-111_task-EyeTracking_physio	284	1289.475	1514.476	225.001	1415.875	706.215	0.141	0.041	0.296	0.356
sub-111_task-EyeTracking_physio	284	1539.480	1789.487	250.007	1472.365	734.430	0.121	0.041	0.295	0.325
sub-111_task-EyeTracking_physio	284	1806.154	1914.490	108.336	1429.435	1506.055	NaN	0.000	1.291	1.006
sub-111_task-EyeTracking_physio	284	1964.489	2214.494	250.005	1480.165	709.127	0.223	0.123	0.359	0.838
sub-111_task-EyeTracking_physio	284	2239.493	2414.497	175.004	1359.410	720.545	0.162	0.069	0.420	0.326
sub-111_task-EyeTracking_physio	284	2431.164	2606.172	175.008	1322.015	720.620	0.177	0.044	0.282	0.291
sub-111_task-EyeTracking_physio	284	2622.846	2822.849	200.003	1273.390	758.567	0.132	0.055	0.354	0.387
sub-111_task-EyeTracking_physio	284	2839.518	3022.855	183.337	1175.368	710.475	0.170	0.080	0.321	0.619
sub-111_task-EyeTracking_physio	285	-46.769	311.583	358.352	1275.490	715.515	0.169	0.107	0.605	0.487
sub-111_task-EyeTracking_physio	285	336.583	569.923	233.340	1307.807	725.085	0.141	0.054	0.411	0.412
sub-111_task-EyeTracking_physio	285	586.589	961.599	375.010	1384.555	745.705	0.175	0.143	0.738	0.652
sub-111_task-EyeTracking_physio	285	986.600	1194.929	208.329	1433.460	770.595	0.157	0.058	0.299	0.480
sub-111_task-EyeTracking_physio	285	1211.595	1469.934	258.339	1434.110	871.455	0.216	0.204	0.344	1.435
sub-111_task-EyeTracking_physio	285	1486.601	1744.950	258.349	1452.355	912.220	0.182	0.119	0.435	0.647
sub-111_task-EyeTracking_physio	285	1769.950	2011.622	241.672	1321.075	681.495	0.137	0.090	0.297	0.663
sub-111_task-EyeTracking_physio	285	2028.289	2244.963	216.674	1278.388	641.642	0.147	0.039	0.295	0.307
sub-111_task-EyeTracking_physio	285	2261.629	2486.637	225.008	1226.500	620.700	0.099	0.030	0.252	0.247
sub-111_task-EyeTracking_physio	285	2511.635	2728.308	216.673	1118.892	715.895	0.135	0.052	0.316	0.334
sub-111_task-EyeTracking_physio	285	2744.973	2936.644	191.671	1079.390	806.895	0.167	0.045	0.434	0.471
sub-111_task-EyeTracking_physio	286	-49.656	208.683	258.339	1254.060	716.640	0.120	0.049	0.287	0.394
sub-111_task-EyeTracking_physio	286	233.688	458.690	225.002	1275.355	763.130	0.111	0.045	0.360	0.293
sub-111_task-EyeTracking_physio	286	483.690	717.030	233.340	1321.395	856.142	0.120	0.036	0.278	0.342
sub-111_task-EyeTracking_physio	286	742.030	992.036	250.006	1337.342	867.425	0.113	0.031	0.255	0.271
sub-111_task-EyeTracking_physio	286	1008.706	1592.053	583.347	1360.355	892.938	0.110	0.048	0.367	0.356
sub-111_task-EyeTracking_physio	286	1608.720	1850.393	241.673	1320.510	861.760	0.111	0.036	0.221	0.341
sub-111_task-EyeTracking_physio	286	1883.726	2233.736	350.010	1282.300	703.870	0.107	0.026	0.233	0.242
sub-111_task-EyeTracking_physio	286	2350.406	3008.753	658.347	1374.080	903.670	0.124	0.075	0.401	0.703
sub-111_task-EyeTracking_physio	287	-319.401	213.947	533.348	1271.243	692.962	0.131	0.063	0.300	0.678
sub-111_task-EyeTracking_physio	287	238.946	397.286	158.340	1228.125	712.995	0.154	0.034	0.172	0.357
sub-111_task-EyeTracking_physio	287	422.287	613.956	191.669	1169.480	723.420	0.148	0.072	0.419	0.452
sub-111_task-EyeTracking_physio	287	647.289	822.296	175.007	1210.250	839.925	0.574	3.530	1.983	3.956
sub-111_task-EyeTracking_physio	287	838.962	1147.300	308.338	1287.560	931.875	0.115	0.105	0.411	0.778
sub-111_task-EyeTracking_physio	287	1163.967	1388.972	225.005	1308.945	913.305	0.095	0.032	0.246	0.313
sub-111_task-EyeTracking_physio	287	1397.306	1680.646	283.340	1305.440	885.828	0.110	0.040	0.217	0.419
sub-111_task-EyeTracking_physio	287	1688.980	2213.990	525.010	1292.865	875.820	0.111	0.030	0.237	0.481
sub-111_task-EyeTracking_physio	287	2238.997	2463.998	225.001	1374.760	743.090	0.113	0.042	0.318	0.385
sub-111_task-EyeTracking_physio	287	2505.667	2697.337	191.670	1431.985	688.330	0.110	0.020	0.191	0.217
sub-111_task-EyeTracking_physio	287	2722.337	2930.677	208.340	1467.695	635.525	0.160	0.044	0.329	0.299
sub-111_task-EyeTracking_physio	288	-105.806	419.206	525.012	1286.505	709.915	0.109	0.052	0.303	0.710
sub-111_task-EyeTracking_physio	288	435.878	585.881	150.003	1209.275	813.697	0.150	0.039	0.262	0.354
sub-111_task-EyeTracking_physio	288	610.881	902.554	291.673	1065.140	798.915	0.132	0.037	0.311	0.387
sub-111_task-EyeTracking_physio	288	927.554	1102.560	175.006	1015.700	722.635	0.097	0.018	0.203	0.238
sub-111_task-EyeTracking_physio	288	1119.226	1460.898	341.672	1013.640	604.935	0.136	0.044	0.264	0.484
sub-111_task-EyeTracking_physio	288	1502.568	1860.907	358.339	1023.155	868.960	1.300	4.943	2.268	8.736
sub-111_task-EyeTracking_physio	288	1894.246	2102.583	208.337	1344.465	732.875	0.089	0.033	0.260	0.368
sub-111_task-EyeTracking_physio	288	2119.249	2427.592	308.343	1384.650	693.615	0.097	0.025	0.197	0.279
sub-111_task-EyeTracking_physio	288	2460.925	2719.263	258.338	1098.325	763.535	0.121	0.066	0.295	0.563
sub-111_task-EyeTracking_physio	288	2735.931	3002.605	266.674	992.483	794.273	0.095	0.051	0.364	0.419
sub-111_task-EyeTracking_physio	289	-175.424	274.585	450.009	1265.910	734.477	0.152	0.076	0.324	0.816
sub-111_task-EyeTracking_physio	289	299.585	541.259	241.674	1240.230	773.435	0.100	0.027	0.277	0.312
sub-111_task-EyeTracking_physio	289	557.926	1057.938	500.012	1277.185	779.435	0.126	0.070	0.406	0.470
sub-111_task-EyeTracking_physio	289	1082.938	1291.277	208.339	1339.420	687.895	0.122	0.033	0.218	0.376
sub-111_task-EyeTracking_physio	289	1307.944	1491.280	183.336	1371.145	621.808	0.176	0.062	0.204	0.580
sub-111_task-EyeTracking_physio	289	1507.946	2124.628	616.682	1426.338	727.227	0.106	0.088	0.456	0.522
sub-111_task-EyeTracking_physio	289	2149.627	2382.968	233.341	1330.033	720.175	0.126	0.024	0.167	0.279
sub-111_task-EyeTracking_physio	289	2407.967	2757.977	350.010	1264.435	780.577	0.112	0.027	0.252	0.331
sub-111_task-EyeTracking_physio	289	2782.977	3007.982	225.005	1414.515	707.255	0.124	0.033	0.290	0.342
sub-111_task-EyeTracking_physio	290	-745.461	-345.452	400.009	1259.257	677.360	0.131	0.072	0.421	0.647
sub-111_task-EyeTracking_physio	290	-70.447	196.227	266.674	1270.932	717.825	0.116	0.047	0.210	0.432
sub-111_task-EyeTracking_physio	290	212.894	679.571	466.677	1304.530	737.028	0.136	0.049	0.304	0.470
sub-111_task-EyeTracking_physio	290	821.243	937.909	116.666	1164.715	745.107	0.212	0.134	0.243	0.817
sub-111_task-EyeTracking_physio	290	1112.914	1454.584	341.670	1130.690	740.720	0.171	0.060	0.272	0.699
sub-111_task-EyeTracking_physio	290	1471.256	1762.920	291.664	1156.670	731.640	0.163	0.050	0.326	0.289
sub-111_task-EyeTracking_physio	290	1796.252	2062.925	266.673	1405.965	709.820	0.159	0.061	0.379	0.396
sub-111_task-EyeTracking_physio	290	2079.593	2296.265	216.672	1486.847	770.060	0.236	0.203	0.583	0.930
sub-111_task-EyeTracking_physio	290	2321.263	2629.600	308.337	1549.655	822.895	0.177	0.088	0.278	0.782
sub-111_task-EyeTracking_physio	290	2646.278	2871.270	224.992	1499.880	774.875	0.157	0.056	0.331	0.363
sub-111_task-EyeTracking_physio	290	2896.269	3004.611	108.342	1452.405	760.360	0.128	0.034	0.190	0.237
sub-111_task-EyeTracking_physio	291	-1073.930	-815.591	258.339	1257.525	715.385	0.198	0.131	0.345	0.936
sub-111_task-EyeTracking_physio	291	-40.566	217.771	258.337	1260.790	658.490	0.113	0.042	0.246	0.412
sub-111_task-EyeTracking_physio	291	234.438	417.779	183.341	1244.043	709.528	0.128	0.059	0.289	0.450
sub-111_task-EyeTracking_physio	291	526.115	892.785	366.670	1108.120	876.908	0.128	0.080	0.326	0.654
sub-111_task-EyeTracking_physio	291	909.451	1059.459	150.008	1131.503	864.858	0.091	0.040	0.414	0.164
sub-111_task-EyeTracking_physio	291	1101.124	1617.802	516.678	1352.940	708.973	0.133	0.076	0.367	0.638
sub-111_task-EyeTracking_physio	291	1659.468	1851.141	191.673	1195.140	855.710	0.218	0.115	0.254	1.070
sub-111_task-EyeTracking_physio	291	1884.474	2192.811	308.337	1121.500	885.960	0.135	0.127	0.387	0.901
sub-111_task-EyeTracking_physio	291	2234.480	2651.159	416.679	1120.585	563.140	0.128	0.043	0.357	0.382
sub-111_task-EyeTracking_physio	291	2676.159	2951.165	275.006	1129.040	648.835	0.124	0.039	0.267	0.341
sub-111_task-EyeTracking_physio	292	-93.395	223.281	316.676	1273.735	691.960	0.154	0.067	0.344	0.757
sub-111_task-EyeTracking_physio	292	231.615	798.293	566.678	1295.910	711.678	0.137	0.116	0.623	0.575
sub-111_task-EyeTracking_physio	292	823.293	1048.299	225.006	1262.720	743.110	0.122	0.039	0.280	0.244
sub-111_task-EyeTracking_physio	292	1081.631	1231.635	150.004	1480.517	678.075	0.164	0.052	0.277	0.420
sub-111_task-EyeTracking_physio	292	1264.972	1623.311	358.339	1631.850	698.105	0.136	0.044	0.405	0.315
sub-111_task-EyeTracking_physio	292	1656.649	1814.985	158.336	1499.715	586.550	0.122	0.072	0.268	0.403
sub-111_task-EyeTracking_physio	292	1839.985	2131.658	291.673	1328.485	544.705	0.145	0.081	0.393	0.550
sub-111_task-EyeTracking_physio	292	2239.993	2573.336	333.343	1572.195	662.642	0.129	0.040	0.370	0.288
sub-111_task-EyeTracking_physio	292	2590.002	3006.678	416.676	1543.537	634.050	0.109	0.024	0.263	0.322
sub-111_task-EyeTracking_physio	293	-221.298	-121.293	100.005	1380.610	677.102	0.284	0.146	0.224	0.847
sub-111_task-EyeTracking_physio	293	-112.960	387.053	500.013	1278.023	712.905	0.108	0.039	0.322	0.398
sub-111_task-EyeTracking_physio	293	412.052	745.395	333.343	1127.362	761.565	0.148	0.049	0.289	0.370
sub-111_task-EyeTracking_physio	293	770.395	1095.403	325.008	1294.565	732.005	0.123	0.042	0.259	0.369
sub-111_task-EyeTracking_physio	293	1112.070	1295.412	183.342	1374.545	756.987	0.130	0.054	0.471	0.264
sub-111_task-EyeTracking_physio	293	1312.078	1462.081	150.003	1448.883	781.798	0.143	0.035	0.249	0.298
sub-111_task-EyeTracking_physio	293	1478.747	1670.420	191.673	1486.955	717.500	0.177	0.054	0.275	0.431
sub-111_task-EyeTracking_physio	293	1703.754	1895.425	191.671	1531.845	525.015	0.180	0.085	0.456	0.477
sub-111_task-EyeTracking_physio	293	1928.761	2112.099	183.338	1310.895	439.278	0.169	0.055	0.401	0.429
sub-111_task-EyeTracking_physio	293	2137.098	2312.105	175.007	1075.265	487.985	0.294	0.118	0.340	0.696
sub-111_task-EyeTracking_physio	293	2345.440	2670.443	325.003	1059.090	817.270	0.135	0.047	0.260	0.668
sub-111_task-EyeTracking_physio	293	2703.784	3003.789	300.005	1146.993	769.590	0.120	0.030	0.321	0.295
sub-111_task-EyeTracking_physio	294	-399.371	-132.698	266.673	1271.230	695.645	0.109	0.037	0.265	0.313
sub-111_task-EyeTracking_physio	294	-116.031	333.980	450.011	1281.407	708.582	0.105	0.032	0.208	0.368
sub-111_task-EyeTracking_physio	294	358.980	658.988	300.008	1238.168	729.872	0.112	0.042	0.305	0.325
sub-111_task-EyeTracking_physio	294	917.330	1325.672	408.342	1167.885	615.310	0.139	0.065	0.406	0.552
sub-111_task-EyeTracking_physio	294	1342.338	2025.687	683.349	1225.755	603.085	0.125	0.075	0.477	0.481
sub-111_task-EyeTracking_physio	294	2042.353	2559.033	516.680	1195.662	606.408	0.163	0.043	0.328	0.527
sub-111_task-EyeTracking_physio	294	2575.698	2850.705	275.007	1198.265	564.590	0.237	0.062	0.227	0.630
sub-111_task-EyeTracking_physio	294	2859.038	3009.044	150.006	1202.957	579.433	0.212	0.088	0.468	0.624
sub-111_task-EyeTracking_physio	295	-477.287	-343.947	133.340	1235.188	1251.133	6.727	63.199	4.168	11.864
sub-111_task-EyeTracking_physio	295	-285.613	222.734	508.347	1282.275	697.345	0.147	0.063	0.393	0.614
sub-111_task-EyeTracking_physio	295	239.399	572.736	333.337	1241.438	718.960	0.138	0.049	0.351	0.489
sub-111_task-EyeTracking_physio	295	597.736	772.742	175.006	1350.325	635.265	0.161	0.032	0.153	0.466
sub-111_task-EyeTracking_physio	295	797.741	956.080	158.339	1393.235	583.560	0.191	0.072	0.394	0.502
sub-111_task-EyeTracking_physio	295	981.079	1181.087	200.008	1176.872	444.615	0.311	0.207	0.671	0.922
sub-111_task-EyeTracking_physio	295	1189.421	1406.094	216.673	1120.102	441.593	0.310	0.109	0.335	0.937
sub-111_task-EyeTracking_physio	295	1431.094	1631.094	200.000	1041.825	616.412	0.198	0.070	0.250	0.448
sub-111_task-EyeTracking_physio	295	1664.433	1831.103	166.670	1208.597	695.283	0.097	0.035	0.281	0.245
sub-111_task-EyeTracking_physio	295	1856.101	2122.774	266.673	1244.128	718.868	0.111	0.025	0.246	0.285
sub-111_task-EyeTracking_physio	295	2506.116	2797.780	291.664	1301.540	691.045	0.136	0.077	0.245	0.796
sub-111_task-EyeTracking_physio	295	2814.456	2922.783	108.327	1245.425	729.820	0.260	0.169	0.601	0.562
sub-111_task-EyeTracking_physio	296	-2899.154	-2715.816	183.338	1252.447	686.803	0.227	0.173	0.260	1.089
sub-111_task-EyeTracking_physio	296	-2032.463	-1865.795	166.668	1282.527	736.230	0.205	0.131	0.327	0.916
sub-111_task-EyeTracking_physio	296	-1649.119	-1474.112	175.007	1240.910	694.550	0.243	0.124	0.283	1.071
sub-111_task-EyeTracking_physio	296	-1465.779	-1299.105	166.674	1280.403	673.160	0.314	0.118	0.446	0.662
sub-111_task-EyeTracking_physio	296	-790.765	-615.762	175.003	1281.580	722.760	0.177	0.111	0.270	1.172
sub-111_task-EyeTracking_physio	296	-607.429	242.589	850.018	1264.600	710.603	0.141	0.096	0.350	0.831
sub-111_task-EyeTracking_physio	296	259.261	442.597	183.336	1233.533	742.193	0.133	0.050	0.210	0.454
sub-111_task-EyeTracking_physio	296	459.263	625.932	166.669	1277.675	759.803	0.120	0.043	0.281	0.422
sub-111_task-EyeTracking_physio	296	650.939	875.939	225.000	1325.120	787.085	0.149	0.045	0.263	0.357
sub-111_task-EyeTracking_physio	296	892.605	1125.944	233.339	1431.722	782.043	0.129	0.055	0.233	0.491
sub-111_task-EyeTracking_physio	296	1142.610	1525.955	383.345	1510.653	755.065	0.167	0.078	0.433	0.567
sub-111_task-EyeTracking_physio	296	1550.954	1742.629	191.675	1480.150	836.495	0.138	0.056	0.352	0.338
sub-111_task-EyeTracking_physio	296	1775.961	1992.633	216.672	1151.342	756.030	0.128	0.049	0.376	0.370
sub-111_task-EyeTracking_physio	296	2009.298	2242.649	233.351	995.380	820.467	0.145	0.052	0.410	0.415
sub-111_task-EyeTracking_physio	296	2275.982	2409.309	133.327	931.168	838.460	0.100	0.021	0.239	0.181
sub-111_task-EyeTracking_physio	296	2425.984	2742.656	316.672	975.775	807.482	0.108	0.035	0.284	0.387
sub-111_task-EyeTracking_physio	296	2759.327	2909.330	150.003	980.418	691.700	0.143	0.044	0.339	0.208
sub-111_task-EyeTracking_physio	297	-1378.077	-1103.064	275.013	1267.615	719.020	0.252	0.756	0.916	2.291
sub-111_task-EyeTracking_physio	297	-778.058	-469.721	308.337	1281.200	713.110	0.187	0.457	1.074	1.385
sub-111_task-EyeTracking_physio	297	-111.377	263.624	375.001	1259.265	725.465	0.138	0.128	0.394	1.016
sub-111_task-EyeTracking_physio	297	271.957	480.305	208.348	1251.715	745.700	0.100	0.043	0.277	0.308
sub-111_task-EyeTracking_physio	297	496.963	696.974	200.011	1154.705	775.922	0.156	0.066	0.488	0.393
sub-111_task-EyeTracking_physio	297	730.312	871.983	141.671	1035.345	759.080	0.067	0.011	0.129	0.141
sub-111_task-EyeTracking_physio	297	921.982	1096.983	175.001	995.665	611.490	0.134	0.038	0.275	0.311
sub-111_task-EyeTracking_physio	297	1138.654	1571.997	433.343	1674.388	619.308	0.142	0.080	0.562	0.519
sub-111_task-EyeTracking_physio	297	1621.996	1830.335	208.339	1483.105	922.635	0.186	0.073	0.333	0.698
sub-111_task-EyeTracking_physio	297	1855.335	2097.010	241.675	1406.885	939.990	0.111	0.030	0.242	0.275
sub-111_task-EyeTracking_physio	297	2113.669	2447.014	333.345	1456.483	988.270	0.100	0.041	0.318	0.292
sub-111_task-EyeTracking_physio	297	2497.021	2913.695	416.674	1056.878	603.257	0.100	0.036	0.298	0.371
sub-111_task-EyeTracking_physio	298	-189.150	252.531	441.681	1276.975	711.040	0.127	0.049	0.312	0.491
sub-111_task-EyeTracking_physio	298	527.537	985.883	458.346	1404.280	797.890	0.158	0.098	0.598	0.506
sub-111_task-EyeTracking_physio	298	1010.883	1269.219	258.336	1367.100	518.715	0.151	0.121	0.425	0.639
sub-111_task-EyeTracking_physio	298	1285.890	1469.227	183.337	1243.868	538.845	0.162	0.068	0.454	0.393
sub-111_task-EyeTracking_physio	298	1502.560	1785.900	283.340	1029.278	657.710	0.155	0.056	0.404	0.422
sub-111_task-EyeTracking_physio	298	1810.905	2010.909	200.004	1060.537	673.805	0.083	0.019	0.180	0.218
sub-111_task-EyeTracking_physio	298	2269.246	2619.255	350.009	1128.942	631.725	0.150	0.062	0.236	0.856
sub-111_task-EyeTracking_physio	298	2644.255	2760.924	116.669	1362.423	654.902	0.155	0.079	0.369	0.377
sub-111_task-EyeTracking_physio	298	2794.257	3002.602	208.345	1610.080	738.930	0.096	0.029	0.191	0.308
sub-111_task-EyeTracking_physio	299	-92.011	458.001	550.012	1277.880	700.592	0.110	0.042	0.239	0.465
sub-111_task-EyeTracking_physio	299	708.008	933.006	224.998	1209.320	558.865	0.241	0.110	0.220	1.254
sub-111_task-EyeTracking_physio	299	958.014	1216.352	258.338	1246.395	649.990	0.122	0.061	0.236	0.528
sub-111_task-EyeTracking_physio	299	1333.023	1549.691	216.668	1563.110	737.265	0.120	0.051	0.353	0.344
sub-111_task-EyeTracking_physio	299	1574.697	1866.360	291.663	1615.945	737.415	0.117	0.040	0.224	0.516
sub-111_task-EyeTracking_physio	299	1891.368	2524.716	633.348	1548.585	726.967	0.119	0.029	0.304	0.337
sub-111_task-EyeTracking_physio	299	2549.716	2883.057	333.341	1607.112	729.028	0.138	0.036	0.318	0.338
sub-111_task-EyeTracking_physio	299	2908.057	3008.057	100.000	1545.347	736.240	0.111	0.019	0.191	0.188
sub-111_task-EyeTracking_physio	300	-945.561	-487.214	458.347	1252.165	662.075	0.147	0.082	0.299	0.875
sub-111_task-EyeTracking_physio	300	-37.205	362.805	400.010	1265.480	708.110	0.122	0.075	0.327	0.797
sub-111_task-EyeTracking_physio	300	387.806	762.818	375.012	1633.395	725.790	0.146	0.053	0.369	0.493
sub-111_task-EyeTracking_physio	300	771.151	971.154	200.003	1652.852	706.737	0.124	0.046	0.208	0.412
sub-111_task-EyeTracking_physio	300	1021.153	1279.493	258.340	1224.875	565.480	0.158	0.047	0.494	0.392
sub-111_task-EyeTracking_physio	300	1321.164	1521.168	200.004	1045.425	754.670	0.164	0.054	0.215	0.631
sub-111_task-EyeTracking_physio	300	1554.505	1721.173	166.668	1009.500	810.300	0.110	0.035	0.274	0.268
sub-111_task-EyeTracking_physio	300	1746.174	2004.513	258.339	1066.545	866.535	0.112	0.032	0.351	0.290
sub-111_task-EyeTracking_physio	300	2021.180	2221.186	200.006	1161.932	852.665	0.120	0.029	0.365	0.225
sub-111_task-EyeTracking_physio	300	2254.519	2612.862	358.343	1626.110	883.175	0.104	0.037	0.347	0.348
sub-111_task-EyeTracking_physio	300	2654.528	3004.544	350.016	1274.860	601.928	0.126	0.040	0.363	0.354
