t	gaze_point_LX	gaze_point_LY	gaze_point_RX	gaze_point_RY	pupil_diameter_L	pupil_diameter_R
1388412060999	1190.86	594.78	1197.25	593.26	2.9090	2.8920
1388412069332	1183.85	596.45	1192.27	595.05	2.9140	2.8954
1388412077671	1183.02	584.98	1196.89	602.22	2.9073	2.8926
1388412086004	1180.74	592.60	1200.93	594.41	2.8985	2.8770
1388412094336	1190.18	597.69	1203.55	599.67	2.9113	2.8692
1388412102669	1213.07	605.16	1233.00	608.37	2.9163	2.8739
1388412111003	1224.21	607.08	1240.87	602.91	2.9186	2.8675
1388412119337	1211.61	613.71	1225.23	613.30	2.8935	2.8650
1388412127670	1210.06	613.18	1213.80	612.18	2.8972	2.8619
1388412136003	1208.34	608.64	1222.56	611.86	2.9063	2.8513
1388412144336	1208.20	611.09	1215.63	611.49	2.8896	2.8705
1388412152669	1206.96	609.19	1219.37	609.85	2.8945	2.8586
1388412161003	1204.64	612.99	1219.57	614.59	2.8944	2.8556
1388412169337	1202.79	618.59	1218.83	613.72	2.9115	2.8506
1388412177668	1206.44	623.73	1216.29	618.90	2.9230	2.8541
1388412186002	1206.29	624.46	1218.73	616.29	2.8914	2.8548
1388412194335	1199.31	624.12	1222.41	619.23	2.8940	2.8420
1388412202673	1199.10	624.09	1224.42	619.31	2.8895	2.8590
1388412211008	1199.74	624.18	1225.81	622.77	2.9128	2.8524
1388412219341	1197.91	619.07	1225.70	623.68	2.9136	2.8523
1388412227672	1201.33	623.03	1220.37	621.01	2.8910	2.8613
1388412236008	1203.12	628.01	1227.68	628.85	2.8980	2.8486
1388412244342	1212.25	633.08	1240.38	634.38	2.9062	2.8371
1388412252674	1242.42	637.69	1269.35	645.29	2.8985	2.8527
1388412261007	1257.83	633.96	1279.62	652.86	2.9032	2.8626
1388412269340	1253.66	637.15	1272.00	647.76	2.9138	2.8560
1388412277673	1253.42	631.31	1266.51	650.68	2.9011	2.8527
1388412286007	1249.54	632.76	1265.49	653.50	2.9021	2.8673
1388412294340	1245.29	639.78	1265.89	649.16	2.9084	2.8724
1388412302673	1246.98	628.58	1267.86	651.38	2.9093	2.8650
1388412311007	1251.72	639.04	1261.39	650.94	2.9210	2.8651
1388412319340	1246.90	642.61	1272.01	651.69	2.9167	2.8705
1388412327673	1257.58	645.71	1267.58	652.58	2.9279	2.8710
1388412336011	1254.83	644.12	1268.18	647.31	2.9065	2.8728
1388412344344	1253.75	656.74	1271.25	650.48	2.9287	2.8757
1388412352677	1255.70	656.84	1270.62	651.89	2.9393	2.8902
1388412361011	1259.37	653.75	1277.41	652.20	2.9371	2.8874
1388412369344	1262.89	645.20	1274.67	657.62	2.9395	2.8906
1388412377678	1260.37	642.39	1274.91	659.93	2.9274	2.9089
1388412386011	1264.90	652.52	1281.63	669.49	2.9527	2.8986
1388412394344	1268.81	650.78	1281.49	663.90	2.9358	2.9188
1388412402677	1275.53	658.18	1286.28	662.58	2.9597	2.9147
1388412411008	1272.83	659.45	1283.70	664.95	2.9730	2.9194
1388412419341	1278.60	660.08	1288.60	663.23	2.9647	2.9307
1388412427674	1279.33	654.56	1291.61	667.52	2.9714	2.9325
1388412436009	1279.35	656.91	1289.77	664.93	2.9820	2.9506
1388412444343	1284.23	644.37	1290.39	668.19	2.9937	2.9551
1388412452677	1287.87	656.35	1296.86	662.39	3.0011	2.9532
1388412461010	1303.33	634.47	1309.54	657.60	3.0087	2.9632
1388412469348	1308.43	623.70	1321.40	664.65	3.0308	2.9562
1388412477681	1306.48	618.67	1312.77	660.68	3.0398	2.9810
1388412486014	1309.69	610.86	1312.58	661.29	3.0709	2.9664
1388412494347	1317.75	623.02	1310.96	661.90	3.0618	2.9840
1388412502681	1322.44	602.04	1312.34	656.85	3.0946	3.0027
1388412511014	1314.41	592.51	1312.59	665.60	3.1205	2.9908
1388412519347	1315.62	605.12	1319.69	658.38	3.1125	3.0181
1388412527680	1311.14	592.57	1323.66	661.34	3.1125	3.0036
1388412536014	1318.63	591.26	1315.08	652.18	3.1106	3.0333
1388412544347	1313.26	590.84	1318.95	651.99	3.1341	3.0517
1388412552680	1325.16	588.57	1324.88	663.55	3.1206	3.0178
1388412561013	1321.53	589.39	1323.32	652.16	3.1511	3.0619
1388412569346	1328.79	597.87	1325.14	659.20	3.1318	3.0401
1388412577680	1329.86	600.16	1332.49	663.38	3.1070	3.0350
1388412586013	1327.14	602.41	1329.92	671.40	3.1267	3.0167
1388412594346	1330.87	607.60	1325.51	631.09	3.1167	3.0979
1388412602683	1340.45	614.67	1325.03	638.38	3.1094	3.0774
1388412611016	1337.34	617.23	1330.50	645.24	3.1066	3.0851
1388412619350	1340.61	622.55	1328.81	632.10	3.0831	3.0951
1388412627684	1340.31	617.15	1337.16	654.91	3.1225	3.0533
1388412636015	1341.13	628.41	1332.89	641.31	3.0836	3.0804
1388412644349	1344.45	636.67	1335.59	638.06	3.0807	3.0902
1388412652682	1351.17	634.75	1331.09	635.85	3.0973	3.0924
1388412661016	1347.33	642.16	1337.30	644.92	3.0858	3.0765
1388412669349	1355.30	641.89	1338.11	633.43	3.0793	3.1143
1388412677682	1351.74	650.87	1339.73	643.20	3.0959	3.0974
1388412686015	1349.15	641.16	1327.77	637.43	3.0909	3.1320
1388412694349	1351.63	666.51	1329.20	641.14	3.0665	3.1181
1388412702683	1340.10	653.44	1318.35	623.96	3.0732	3.1624
1388412711015	1336.75	660.63	1311.23	636.13	3.0578	3.1347
1388412719348	1339.34	651.74	1315.26	640.63	3.0596	3.1384
1388412727687	1340.89	665.15	1311.93	625.07	3.0464	3.1749
1388412736020	1348.27	662.07	1320.08	646.90	3.0344	3.1353
1388412744354	1333.41	674.20	1319.51	657.97	3.0266	3.1091
1388412752685	1340.29	662.84	1324.04	652.51	3.0331	3.1387
1388412761018	1347.02	666.80	1321.65	658.60	3.0456	3.1060
1388412769352	1336.88	668.17	1318.20	630.65	3.0475	3.1660
1388412777685	1335.90	684.87	1327.76	657.62	2.9972	3.1277
1388412786019	1337.06	691.96	1327.09	657.07	3.0103	3.1221
1388412794351	1346.82	680.03	1333.28	646.08	3.0380	3.1420
1388412802684	1341.93	708.98	1328.75	646.81	2.9852	3.1365
1388412811017	1344.72	688.00	1330.48	657.48	2.9967	3.1317
1388412819351	1345.79	707.55	1338.66	657.14	2.9877	3.1173
1388412827685	1349.79	726.06	1339.44	659.82	2.9348	3.1262
1388412836017	1358.56	731.22	1338.76	648.56	2.9653	3.1451
1388412844351	1364.58	725.03	1340.58	667.04	2.9742	3.1021
1388412852684	1356.40	729.77	1331.84	668.81	2.9257	3.1034
1388412861020	1364.44	723.65	1344.49	666.22	2.9254	3.0784
1388412869353	1365.19	709.72	1342.07	669.25	2.9170	3.0717
1388412877686	1361.04	721.67	1348.05	663.35	2.8938	3.1004
1388412886019	1352.08	756.17	1344.30	667.16	2.9085	3.0828
1388412894353	1366.80	716.65	1338.95	676.71	2.8955	3.0658
1388412902686	1368.98	723.60	1343.46	684.11	2.9288	3.0448
1388412911020	1358.17	749.83	1342.74	690.45	2.8797	3.0402
1388412919353	1362.41	750.31	1354.78	696.75	2.8761	3.0252
1388412927686	1440.72	713.32	1345.53	698.88	2.6810	3.0179
1388412936019	1363.21	851.24	1346.96	690.20	2.8592	3.0335
1388412944352	1359.10	798.50	1338.70	703.81	2.7922	3.0159
1388412952687	1376.77	822.25	1342.10	713.53	2.9034	2.9947
1388412961018	1370.02	862.47	1332.82	700.67	2.9164	3.0373
1388412969352	1355.23	863.45	1317.48	704.17	2.9823	3.0162
1388412977693	1454.41	1153.90	1321.68	714.52	3.7406	2.9898
1388412986027	1362.15	832.22	1320.88	722.55	2.8140	2.9972
1388412994367	1366.52	885.80	1311.02	704.79	2.7775	3.0129
1388413002699	1351.58	925.68	1310.98	729.83	2.8658	2.9920
1388413011033	1410.70	892.45	1316.31	718.64	2.6837	2.9998
1388413019366	1368.75	928.43	1311.66	729.62	2.8828	2.9768
1388413027698	1330.35	945.66	1314.97	736.66	2.8475	2.9675
1388413036032	1348.37	995.68	1314.40	753.67	2.8451	2.9362
1388413044365	1354.58	931.45	1315.57	756.29	2.8528	2.9480
1388413052690	1335.01	993.27	1324.55	754.78	2.8579	2.9486
1388413061023	1390.92	987.53	1322.75	764.73	2.8129	2.9074
1388413069365	NaN	NaN	1319.89	752.69	NaN	2.9530
1388413077699	NaN	NaN	1322.92	764.73	NaN	2.8845
1388413086023	1447.96	1033.48	1352.49	785.25	3.0003	2.8594
1388413094357	NaN	NaN	1329.63	785.01	NaN	2.8491
1388413102689	NaN	NaN	1332.10	769.95	NaN	2.8784
1388413111022	NaN	NaN	1347.21	791.40	NaN	2.8553
1388413119367	1417.78	1178.23	1355.50	777.22	3.1002	2.9066
1388413127692	NaN	NaN	1353.39	793.48	NaN	2.8717
1388413136025	NaN	NaN	1336.78	816.95	NaN	2.8395
1388413144367	NaN	NaN	1362.75	813.11	NaN	2.8350
1388413152692	1450.17	1130.67	1353.69	821.54	2.7589	2.8016
1388413161025	NaN	NaN	1371.42	812.84	NaN	2.8383
1388413169358	1498.29	1162.69	1380.12	825.01	2.8915	2.7754
1388413177699	NaN	NaN	1394.01	836.47	NaN	2.7537
1388413186033	1444.82	1247.11	1393.91	843.13	3.0689	2.7392
1388413194366	1454.99	1234.40	1382.87	829.23	3.0119	2.7990
1388413202691	1611.03	960.08	1469.71	847.55	1.7799	2.5589
1388413211033	NaN	NaN	1385.46	852.76	NaN	2.7560
1388413219366	NaN	NaN	1396.35	874.20	NaN	2.7409
1388413227699	NaN	NaN	1401.85	890.35	NaN	2.7787
1388413236033	1443.61	1255.57	1409.96	867.96	2.8179	2.7461
1388413244366	NaN	NaN	1420.45	878.48	NaN	2.7012
1388413252705	NaN	NaN	1401.58	929.73	NaN	2.7214
1388413261039	NaN	NaN	NaN	NaN	NaN	NaN
1388413269372	NaN	NaN	1457.16	908.91	NaN	2.5944
1388413277705	1714.48	985.87	1469.18	917.94	1.5480	2.6297
1388413286038	NaN	NaN	1448.30	956.21	NaN	2.6447
1388413294372	NaN	NaN	1440.99	962.43	NaN	2.6845
1388413302705	NaN	NaN	1468.63	930.35	NaN	2.5988
1388413311038	NaN	NaN	1496.50	949.60	NaN	2.5110
1388413319372	NaN	NaN	1473.89	946.43	NaN	2.5170
1388413327705	1534.78	1332.20	1474.05	961.66	2.6460	2.6098
1388413336038	NaN	NaN	1484.09	971.73	NaN	2.5152
1388413344371	NaN	NaN	1499.56	1012.93	NaN	2.5016
1388413352704	NaN	NaN	1502.04	1018.77	NaN	2.4756
1388413361037	NaN	NaN	1503.02	1035.78	NaN	2.5025
1388413369371	NaN	NaN	1521.94	1013.84	NaN	2.4804
1388413377704	NaN	NaN	1591.82	994.19	NaN	2.1737
1388413386041	NaN	NaN	1489.92	1083.98	NaN	2.5759
1388413394375	NaN	NaN	1571.79	1060.81	NaN	2.2940
1388413402708	NaN	NaN	1500.98	1100.88	NaN	2.5952
1388413411040	NaN	NaN	1417.34	1215.87	NaN	2.8190
1388413419374	NaN	NaN	1466.38	1202.02	NaN	2.7264
1388413427707	NaN	NaN	NaN	NaN	NaN	NaN
1388413436041	NaN	NaN	1614.55	1038.83	NaN	2.0677
1388413444374	NaN	NaN	1570.86	1154.02	NaN	2.3453
1388413452708	NaN	NaN	1493.79	1200.07	NaN	2.6611
1388413461041	NaN	NaN	1589.28	1237.62	NaN	2.6144
1388413469374	NaN	NaN	NaN	NaN	NaN	NaN
1388413477708	NaN	NaN	1548.26	1127.17	NaN	2.2858
1388413486040	NaN	NaN	1626.22	1331.08	NaN	3.0999
1388413494373	NaN	NaN	NaN	NaN	NaN	NaN
1388413502707	NaN	NaN	1630.35	1048.51	NaN	2.1141
1388413511045	NaN	NaN	1629.82	1027.39	NaN	2.1874
1388413519378	NaN	NaN	1578.71	1198.03	NaN	2.7276
1388413527712	NaN	NaN	1553.78	1198.09	NaN	2.8662
1388413536045	NaN	NaN	1569.02	1017.83	NaN	2.4001
1388413544378	NaN	NaN	1599.33	1014.11	NaN	2.3727
1388413552712	NaN	NaN	1567.18	993.16	NaN	2.3757
1388413561044	NaN	NaN	1579.12	991.81	NaN	2.4431
1388413569377	NaN	NaN	1574.69	971.27	NaN	2.4570
1388413577710	NaN	NaN	1585.28	934.49	NaN	2.3879
1388413586044	NaN	NaN	1560.37	863.17	NaN	2.5176
1388413594377	NaN	NaN	1551.78	877.61	NaN	2.4846
1388413602711	NaN	NaN	1556.61	838.16	NaN	2.5572
1388413611044	NaN	NaN	1545.02	831.84	NaN	2.5506
1388413619369	NaN	NaN	1529.31	828.72	NaN	2.6084
1388413627711	1656.99	895.67	1534.18	809.23	1.7170	2.5854
1388413636044	1509.07	1144.66	1523.79	809.69	2.7085	2.6251
1388413644381	NaN	NaN	1537.16	788.34	NaN	2.6290
1388413652706	NaN	NaN	1522.80	789.79	NaN	2.6632
1388413661047	NaN	NaN	1533.81	794.05	NaN	2.6457
1388413669381	1514.77	1059.71	1529.31	797.82	2.6595	2.6406
1388413677714	NaN	NaN	1532.15	778.56	NaN	2.6543
1388413686047	NaN	NaN	1500.86	769.32	NaN	2.6677
1388413694381	1611.50	1312.36	1489.87	771.81	3.3903	2.7136
1388413702706	1479.73	1155.31	1505.44	802.44	2.7003	2.6250
1388413711039	1553.92	1218.08	1520.08	785.05	3.1654	2.6287
1388413719380	NaN	NaN	1493.15	796.78	NaN	2.6183
1388413727713	NaN	NaN	1486.33	802.04	NaN	2.6348
1388413736046	1455.70	1222.37	1495.47	796.54	2.9096	2.6815
1388413744380	1456.80	1148.56	1486.25	795.23	2.8041	2.6895
1388413752713	1427.25	911.79	1497.47	795.02	1.7487	2.6385
1388413761046	NaN	NaN	1502.34	792.08	NaN	2.6401
1388413769380	NaN	NaN	1503.74	814.34	NaN	2.6185
1388413777709	NaN	NaN	1478.80	825.28	NaN	2.6518
1388413786051	NaN	NaN	1488.24	812.55	NaN	2.6141
1388413794383	NaN	NaN	1483.42	807.29	NaN	2.6226
1388413802707	1505.75	1233.42	1476.04	801.50	2.8316	2.6441
1388413811041	NaN	NaN	1485.51	815.96	NaN	2.6405
1388413819383	NaN	NaN	1481.74	814.50	NaN	2.6264
1388413827716	1464.89	1216.34	1484.25	844.44	2.7165	2.5738
1388413836049	1451.11	1250.21	1487.22	811.30	2.7417	2.6537
1388413844383	NaN	NaN	1475.26	778.50	NaN	2.6709
1388413852716	1506.76	1221.63	1416.70	817.84	2.8110	2.3839
1388413861050	1390.20	1161.82	1477.40	843.73	2.3405	2.5883
1388413869382	NaN	NaN	1462.41	856.19	NaN	2.6436
1388413877715	NaN	NaN	NaN	NaN	NaN	NaN
1388413886048	1493.52	1264.52	1472.59	846.44	2.6049	2.5560
1388413894382	NaN	NaN	1477.23	851.70	NaN	2.5174
1388413902715	1473.73	1196.43	1472.91	875.61	2.4572	2.5471
1388413911054	NaN	NaN	1464.72	833.51	NaN	2.6190
1388413919387	1491.35	1171.57	1468.62	868.24	2.2496	2.5733
1388413927720	NaN	NaN	1480.93	895.78	NaN	2.5020
1388413936053	NaN	NaN	NaN	NaN	NaN	NaN
1388413944386	1368.33	1177.50	1417.30	884.77	2.0259	2.2623
1388413952719	1524.83	1352.85	1476.77	889.99	2.7780	2.4946
1388413961052	NaN	NaN	1457.21	876.96	NaN	2.5237
1388413969385	NaN	NaN	1476.60	851.16	NaN	2.4547
1388413977719	NaN	NaN	NaN	NaN	NaN	NaN
1388413986053	1519.84	1215.94	1455.64	851.99	2.2096	2.5801
1388413994386	1415.33	1207.21	1371.40	854.32	2.0382	2.1689
1388414002719	NaN	NaN	1466.11	933.12	NaN	2.4980
1388414011052	NaN	NaN	1490.03	963.97	NaN	2.5702
1388414019386	NaN	NaN	1496.99	863.79	NaN	2.4662
1388414027718	NaN	NaN	1469.67	953.73	NaN	2.5125
1388414036055	NaN	NaN	1496.30	870.64	NaN	2.4041
1388414044387	NaN	NaN	1512.40	879.60	NaN	2.3795
1388414052721	NaN	NaN	1411.78	892.80	NaN	2.1315
1388414061054	NaN	NaN	1495.96	880.50	NaN	2.3523
1388414069387	NaN	NaN	NaN	NaN	NaN	NaN
1388414077721	NaN	NaN	1391.39	863.30	NaN	2.1044
1388414086054	NaN	NaN	1498.52	994.88	NaN	2.3976
1388414094388	NaN	NaN	1449.82	966.55	NaN	2.1740
1388414102720	NaN	NaN	1504.07	990.17	NaN	2.4334
1388414111053	NaN	NaN	1497.92	970.18	NaN	2.4488
1388414119387	NaN	NaN	1503.51	934.36	NaN	2.3420
1388414127720	NaN	NaN	1366.07	852.53	NaN	1.9847
1388414136054	NaN	NaN	NaN	NaN	NaN	NaN
1388414144387	NaN	NaN	1506.80	945.53	NaN	2.4208
1388414152720	NaN	NaN	NaN	NaN	NaN	NaN
1388414161054	NaN	NaN	1553.91	865.03	NaN	2.2700
1388414169392	NaN	NaN	1553.96	893.50	NaN	2.2114
1388414177726	NaN	NaN	NaN	NaN	NaN	NaN
1388414186058	NaN	NaN	1552.24	1018.41	NaN	2.2390
1388414194392	NaN	NaN	1555.68	1012.55	NaN	2.1997
1388414202725	NaN	NaN	1548.28	1066.05	NaN	2.3103
1388414211058	NaN	NaN	1537.54	807.32	NaN	2.4373
1388414219391	NaN	NaN	1634.11	985.53	NaN	1.9094
1388414227725	NaN	NaN	NaN	NaN	NaN	NaN
1388414236058	NaN	NaN	1590.81	1140.79	NaN	2.2669
1388414244392	NaN	NaN	1543.03	1134.05	NaN	2.4468
1388414252725	NaN	NaN	1564.42	1116.61	NaN	2.2968
1388414261057	NaN	NaN	NaN	NaN	NaN	NaN
1388414269390	NaN	NaN	1563.98	1064.90	NaN	2.1625
1388414277724	NaN	NaN	1659.18	1131.73	NaN	2.2527
1388414286057	NaN	NaN	1580.70	1072.77	NaN	2.1594
1388414294391	NaN	NaN	1541.19	1222.65	NaN	2.3660
1388414302731	NaN	NaN	NaN	NaN	NaN	NaN
1388414311064	NaN	NaN	1620.35	1287.52	NaN	2.6326
1388414319398	NaN	NaN	NaN	NaN	NaN	NaN
1388414327731	NaN	NaN	NaN	NaN	NaN	NaN
1388414336061	NaN	NaN	1381.41	1517.90	NaN	3.1167
1388414344397	NaN	NaN	NaN	NaN	NaN	NaN
1388414352730	NaN	NaN	NaN	NaN	NaN	NaN
1388414361063	NaN	NaN	1744.98	1367.44	NaN	2.6841
1388414369396	NaN	NaN	1658.97	1288.25	NaN	2.2223
1388414377730	NaN	NaN	1669.64	1279.99	NaN	2.2247
1388414386063	NaN	NaN	NaN	NaN	NaN	NaN
1388414394396	NaN	NaN	NaN	NaN	NaN	NaN
1388414402730	NaN	NaN	NaN	NaN	NaN	NaN
1388414411062	NaN	NaN	NaN	NaN	NaN	NaN
1388414419396	NaN	NaN	NaN	NaN	NaN	NaN
1388414427728	NaN	NaN	NaN	NaN	NaN	NaN
1388414436065	NaN	NaN	NaN	NaN	NaN	NaN
1388414444398	NaN	NaN	NaN	NaN	NaN	NaN
1388414452731	NaN	NaN	NaN	NaN	NaN	NaN
1388414461065	NaN	NaN	NaN	NaN	NaN	NaN
1388414469399	NaN	NaN	NaN	NaN	NaN	NaN
1388414477732	NaN	NaN	NaN	NaN	NaN	NaN
1388414486065	NaN	NaN	NaN	NaN	NaN	NaN
1388414494398	NaN	NaN	NaN	NaN	NaN	NaN
1388414502731	NaN	NaN	NaN	NaN	NaN	NaN
1388414511064	NaN	NaN	NaN	NaN	NaN	NaN
1388414519397	NaN	NaN	NaN	NaN	NaN	NaN
1388414527730	NaN	NaN	NaN	NaN	NaN	NaN
1388414536064	NaN	NaN	NaN	NaN	NaN	NaN
1388414544398	NaN	NaN	NaN	NaN	NaN	NaN
1388414552731	NaN	NaN	NaN	NaN	NaN	NaN
1388414561068	NaN	NaN	NaN	NaN	NaN	NaN
1388414569401	NaN	NaN	NaN	NaN	NaN	NaN
1388414577734	NaN	NaN	NaN	NaN	NaN	NaN
1388414586067	NaN	NaN	NaN	NaN	NaN	NaN
1388414594400	NaN	NaN	NaN	NaN	NaN	NaN
1388414602733	NaN	NaN	NaN	NaN	NaN	NaN
1388414611067	NaN	NaN	NaN	NaN	NaN	NaN
1388414619400	NaN	NaN	NaN	NaN	NaN	NaN
1388414627734	NaN	NaN	NaN	NaN	NaN	NaN
1388414636067	NaN	NaN	NaN	NaN	NaN	NaN
1388414644400	NaN	NaN	NaN	NaN	NaN	NaN
1388414652733	NaN	NaN	NaN	NaN	NaN	NaN
1388414661066	NaN	NaN	NaN	NaN	NaN	NaN
1388414669399	NaN	NaN	NaN	NaN	NaN	NaN
1388414677732	NaN	NaN	NaN	NaN	NaN	NaN
1388414686066	NaN	NaN	NaN	NaN	NaN	NaN
1388414694404	NaN	NaN	NaN	NaN	NaN	NaN
1388414702737	NaN	NaN	NaN	NaN	NaN	NaN
1388414711071	NaN	NaN	NaN	NaN	NaN	NaN
1388414719404	NaN	NaN	NaN	NaN	NaN	NaN
1388414727737	NaN	NaN	NaN	NaN	NaN	NaN
1388414736070	NaN	NaN	NaN	NaN	NaN	NaN
1388414744403	NaN	NaN	NaN	NaN	NaN	NaN
1388414752736	NaN	NaN	NaN	NaN	NaN	NaN
1388414761070	NaN	NaN	NaN	NaN	NaN	NaN
1388414769403	NaN	NaN	NaN	NaN	NaN	NaN
1388414777736	NaN	NaN	NaN	NaN	NaN	NaN
1388414786070	NaN	NaN	NaN	NaN	NaN	NaN
1388414794403	NaN	NaN	NaN	NaN	NaN	NaN
1388414802736	NaN	NaN	NaN	NaN	NaN	NaN
1388414811069	NaN	NaN	NaN	NaN	NaN	NaN
1388414819402	NaN	NaN	NaN	NaN	NaN	NaN
1388414827740	NaN	NaN	NaN	NaN	NaN	NaN
1388414836074	NaN	NaN	NaN	NaN	NaN	NaN
1388414844407	NaN	NaN	NaN	NaN	NaN	NaN
1388414852740	NaN	NaN	NaN	NaN	NaN	NaN
1388414861074	NaN	NaN	NaN	NaN	NaN	NaN
1388414869407	NaN	NaN	NaN	NaN	NaN	NaN
1388414877740	NaN	NaN	NaN	NaN	NaN	NaN
1388414886073	NaN	NaN	NaN	NaN	NaN	NaN
1388414894406	NaN	NaN	NaN	NaN	NaN	NaN
1388414902739	NaN	NaN	NaN	NaN	NaN	NaN
1388414911024	NaN	NaN	NaN	NaN	NaN	NaN
1388414919309	NaN	NaN	NaN	NaN	NaN	NaN
1388414927596	NaN	NaN	NaN	NaN	NaN	NaN
1388414935929	NaN	NaN	NaN	NaN	NaN	NaN
1388414944263	NaN	NaN	NaN	NaN	NaN	NaN
1388414952595	NaN	NaN	NaN	NaN	NaN	NaN
1388414960928	NaN	NaN	NaN	NaN	NaN	NaN
1388414969298	NaN	NaN	NaN	NaN	NaN	NaN
1388414977668	NaN	NaN	NaN	NaN	NaN	NaN
1388414986038	NaN	NaN	NaN	NaN	NaN	NaN
1388414994408	NaN	NaN	NaN	NaN	NaN	NaN
1388415002741	NaN	NaN	NaN	NaN	NaN	NaN
1388415011074	NaN	NaN	NaN	NaN	NaN	NaN
1388415019408	NaN	NaN	NaN	NaN	NaN	NaN
1388415027741	NaN	NaN	NaN	NaN	NaN	NaN
1388415036074	NaN	NaN	NaN	NaN	NaN	NaN
1388415044407	NaN	NaN	NaN	NaN	NaN	NaN
1388415052740	NaN	NaN	NaN	NaN	NaN	NaN
1388415061073	NaN	NaN	NaN	NaN	NaN	NaN
1388415069407	NaN	NaN	NaN	NaN	NaN	NaN
1388415077740	NaN	NaN	NaN	NaN	NaN	NaN
1388415086076	NaN	NaN	NaN	NaN	NaN	NaN
1388415094409	NaN	NaN	NaN	NaN	NaN	NaN
1388415102742	NaN	NaN	NaN	NaN	NaN	NaN
1388415111075	NaN	NaN	NaN	NaN	NaN	NaN
1388415119408	NaN	NaN	NaN	NaN	NaN	NaN
1388415127741	NaN	NaN	NaN	NaN	NaN	NaN
1388415136074	NaN	NaN	NaN	NaN	NaN	NaN
1388415144408	NaN	NaN	NaN	NaN	NaN	NaN
1388415152742	NaN	NaN	NaN	NaN	NaN	NaN
1388415161075	NaN	NaN	NaN	NaN	NaN	NaN
1388415169408	NaN	NaN	NaN	NaN	NaN	NaN
1388415177741	NaN	NaN	NaN	NaN	NaN	NaN
1388415186074	NaN	NaN	NaN	NaN	NaN	NaN
1388415194407	NaN	NaN	NaN	NaN	NaN	NaN
1388415202740	NaN	NaN	NaN	NaN	NaN	NaN
1388415211073	NaN	NaN	NaN	NaN	NaN	NaN
1388415219414	NaN	NaN	NaN	NaN	NaN	NaN
1388415227747	NaN	NaN	NaN	NaN	NaN	NaN
1388415236081	NaN	NaN	NaN	NaN	NaN	NaN
1388415244414	NaN	NaN	NaN	NaN	NaN	NaN
1388415252748	NaN	NaN	NaN	NaN	NaN	NaN
1388415261080	NaN	NaN	NaN	NaN	NaN	NaN
1388415269413	NaN	NaN	NaN	NaN	NaN	NaN
1388415277746	NaN	NaN	NaN	NaN	NaN	NaN
1388415286079	NaN	NaN	NaN	NaN	NaN	NaN
1388415294413	NaN	NaN	NaN	NaN	NaN	NaN
1388415302746	NaN	NaN	NaN	NaN	NaN	NaN
1388415311079	NaN	NaN	NaN	NaN	NaN	NaN
1388415319413	NaN	NaN	NaN	NaN	NaN	NaN
1388415327746	NaN	NaN	NaN	NaN	NaN	NaN
1388415336079	NaN	NaN	NaN	NaN	NaN	NaN
1388415344412	NaN	NaN	NaN	NaN	NaN	NaN
1388415352748	NaN	NaN	NaN	NaN	NaN	NaN
1388415361081	NaN	NaN	NaN	NaN	NaN	NaN
1388415369415	NaN	NaN	NaN	NaN	NaN	NaN
1388415377748	NaN	NaN	NaN	NaN	NaN	NaN
1388415386081	NaN	NaN	NaN	NaN	NaN	NaN
1388415394415	NaN	NaN	NaN	NaN	NaN	NaN
1388415402748	NaN	NaN	NaN	NaN	NaN	NaN
1388415411082	NaN	NaN	NaN	NaN	NaN	NaN
1388415419414	NaN	NaN	NaN	NaN	NaN	NaN
1388415427747	NaN	NaN	NaN	NaN	NaN	NaN
1388415436080	NaN	NaN	NaN	NaN	NaN	NaN
1388415444414	NaN	NaN	NaN	NaN	NaN	NaN
1388415452747	NaN	NaN	NaN	NaN	NaN	NaN
1388415461080	NaN	NaN	NaN	NaN	NaN	NaN
1388415469368	NaN	NaN	NaN	NaN	NaN	NaN
1388415477656	NaN	NaN	NaN	NaN	NaN	NaN
1388415485946	NaN	NaN	NaN	NaN	NaN	NaN
1388415494278	NaN	NaN	NaN	NaN	NaN	NaN
1388415502612	NaN	NaN	NaN	NaN	NaN	NaN
1388415510945	NaN	NaN	NaN	NaN	NaN	NaN
1388415519278	NaN	NaN	NaN	NaN	NaN	NaN
1388415527612	NaN	NaN	NaN	NaN	NaN	NaN
1388415535991	NaN	NaN	NaN	NaN	NaN	NaN
1388415544370	NaN	NaN	NaN	NaN	NaN	NaN
1388415552749	NaN	NaN	NaN	NaN	NaN	NaN
1388415561082	NaN	NaN	NaN	NaN	NaN	NaN
1388415569415	NaN	NaN	NaN	NaN	NaN	NaN
1388415577748	NaN	NaN	NaN	NaN	NaN	NaN
1388415586081	NaN	NaN	NaN	NaN	NaN	NaN
1388415594414	NaN	NaN	NaN	NaN	NaN	NaN
1388415602747	NaN	NaN	NaN	NaN	NaN	NaN
1388415611083	NaN	NaN	NaN	NaN	NaN	NaN
1388415619416	NaN	NaN	NaN	NaN	NaN	NaN
1388415627750	NaN	NaN	NaN	NaN	NaN	NaN
1388415636083	NaN	NaN	NaN	NaN	NaN	NaN
1388415644415	NaN	NaN	NaN	NaN	NaN	NaN
1388415652749	NaN	NaN	NaN	NaN	NaN	NaN
1388415661081	NaN	NaN	NaN	NaN	NaN	NaN
1388415669415	NaN	NaN	NaN	NaN	NaN	NaN
1388415677748	NaN	NaN	NaN	NaN	NaN	NaN
1388415686082	NaN	NaN	NaN	NaN	NaN	NaN
1388415694415	NaN	NaN	NaN	NaN	NaN	NaN
1388415702748	NaN	NaN	NaN	NaN	NaN	NaN
1388415711082	NaN	NaN	NaN	NaN	NaN	NaN
1388415719415	NaN	NaN	NaN	NaN	NaN	NaN
1388415727747	NaN	NaN	NaN	NaN	NaN	NaN
1388415736080	NaN	NaN	NaN	NaN	NaN	NaN
1388415744422	NaN	NaN	NaN	NaN	NaN	NaN
1388415752755	NaN	NaN	NaN	NaN	NaN	NaN
1388415761089	NaN	NaN	NaN	NaN	NaN	NaN
1388415769422	NaN	NaN	NaN	NaN	NaN	NaN
1388415777756	NaN	NaN	NaN	NaN	NaN	NaN
1388415786089	NaN	NaN	NaN	NaN	NaN	NaN
1388415794422	NaN	NaN	NaN	NaN	NaN	NaN
1388415802754	NaN	NaN	NaN	NaN	NaN	NaN
1388415811087	NaN	NaN	NaN	NaN	NaN	NaN
1388415819421	NaN	NaN	NaN	NaN	NaN	NaN
1388415827754	NaN	NaN	NaN	NaN	NaN	NaN
1388415836087	NaN	NaN	NaN	NaN	NaN	NaN
1388415844421	NaN	NaN	NaN	NaN	NaN	NaN
1388415852754	NaN	NaN	NaN	NaN	NaN	NaN
1388415861088	NaN	NaN	NaN	NaN	NaN	NaN
1388415869421	NaN	NaN	NaN	NaN	NaN	NaN
1388415877757	NaN	NaN	NaN	NaN	NaN	NaN
1388415886090	NaN	NaN	NaN	NaN	NaN	NaN
1388415894424	NaN	NaN	NaN	NaN	NaN	NaN
1388415902757	NaN	NaN	NaN	NaN	NaN	NaN
1388415911090	NaN	NaN	NaN	NaN	NaN	NaN
1388415919424	NaN	NaN	NaN	NaN	NaN	NaN
1388415927758	NaN	NaN	NaN	NaN	NaN	NaN
1388415936090	NaN	NaN	NaN	NaN	NaN	NaN
1388415944424	NaN	NaN	NaN	NaN	NaN	NaN
1388415952757	NaN	NaN	NaN	NaN	NaN	NaN
1388415961089	NaN	NaN	NaN	NaN	NaN	NaN
1388415969423	NaN	NaN	NaN	NaN	NaN	NaN
1388415977756	NaN	NaN	NaN	NaN	NaN	NaN
1388415986089	NaN	NaN	NaN	NaN	NaN	NaN
1388415994423	NaN	NaN	NaN	NaN	NaN	NaN
1388416002760	NaN	NaN	NaN	NaN	NaN	NaN
1388416011092	NaN	NaN	NaN	NaN	NaN	NaN
1388416019426	NaN	NaN	NaN	NaN	NaN	NaN
1388416027759	NaN	NaN	NaN	NaN	NaN	NaN
1388416036046	NaN	NaN	NaN	NaN	NaN	NaN
1388416044334	NaN	NaN	NaN	NaN	NaN	NaN
1388416052622	NaN	NaN	NaN	NaN	NaN	NaN
1388416060955	NaN	NaN	NaN	NaN	NaN	NaN
1388416069288	NaN	NaN	NaN	NaN	NaN	NaN
1388416077621	NaN	NaN	NaN	NaN	NaN	NaN
1388416085954	NaN	NaN	NaN	NaN	NaN	NaN
1388416094323	NaN	NaN	NaN	NaN	NaN	NaN
1388416102692	NaN	NaN	NaN	NaN	NaN	NaN
1388416111061	NaN	NaN	NaN	NaN	NaN	NaN
1388416119431	NaN	NaN	NaN	NaN	NaN	NaN
1388416127764	NaN	NaN	NaN	NaN	NaN	NaN
1388416136105	NaN	NaN	NaN	NaN	NaN	NaN
1388416144439	NaN	NaN	NaN	NaN	NaN	NaN
1388416152772	NaN	NaN	NaN	NaN	NaN	NaN
1388416161105	NaN	NaN	NaN	NaN	NaN	NaN
1388416169439	NaN	NaN	NaN	NaN	NaN	NaN
1388416177772	NaN	NaN	NaN	NaN	NaN	NaN
1388416186104	NaN	NaN	NaN	NaN	NaN	NaN
1388416194437	NaN	NaN	NaN	NaN	NaN	NaN
1388416202770	NaN	NaN	NaN	NaN	NaN	NaN
1388416211104	NaN	NaN	NaN	NaN	NaN	NaN
1388416219437	NaN	NaN	NaN	NaN	NaN	NaN
1388416227771	NaN	NaN	NaN	NaN	NaN	NaN
1388416236104	NaN	NaN	NaN	NaN	NaN	NaN
1388416244438	NaN	NaN	NaN	NaN	NaN	NaN
1388416252771	NaN	NaN	NaN	NaN	NaN	NaN
1388416261103	NaN	NaN	NaN	NaN	NaN	NaN
1388416269441	NaN	NaN	NaN	NaN	NaN	NaN
1388416277774	NaN	NaN	NaN	NaN	NaN	NaN
1388416286108	NaN	NaN	NaN	NaN	NaN	NaN
1388416294441	NaN	NaN	NaN	NaN	NaN	NaN
1388416302775	NaN	NaN	NaN	NaN	NaN	NaN
1388416311108	NaN	NaN	NaN	NaN	NaN	NaN
1388416319441	NaN	NaN	NaN	NaN	NaN	NaN
1388416327774	NaN	NaN	NaN	NaN	NaN	NaN
1388416336107	NaN	NaN	NaN	NaN	NaN	NaN
1388416344440	NaN	NaN	NaN	NaN	NaN	NaN
1388416352774	NaN	NaN	NaN	NaN	NaN	NaN
1388416361107	NaN	NaN	NaN	NaN	NaN	NaN
1388416369440	NaN	NaN	NaN	NaN	NaN	NaN
1388416377774	NaN	NaN	NaN	NaN	NaN	NaN
1388416386107	NaN	NaN	NaN	NaN	NaN	NaN
1388416394440	NaN	NaN	NaN	NaN	NaN	NaN
1388416402777	NaN	NaN	NaN	NaN	NaN	NaN
1388416411111	NaN	NaN	NaN	NaN	NaN	NaN
1388416419443	NaN	NaN	NaN	NaN	NaN	NaN
1388416427777	NaN	NaN	NaN	NaN	NaN	NaN
1388416436110	NaN	NaN	NaN	NaN	NaN	NaN
1388416444443	NaN	NaN	NaN	NaN	NaN	NaN
1388416452777	NaN	NaN	NaN	NaN	NaN	NaN
1388416461110	NaN	NaN	NaN	NaN	NaN	NaN
1388416469443	NaN	NaN	NaN	NaN	NaN	NaN
1388416477776	NaN	NaN	NaN	NaN	NaN	NaN
1388416486110	NaN	NaN	NaN	NaN	NaN	NaN
1388416494442	NaN	NaN	NaN	NaN	NaN	NaN
1388416502775	NaN	NaN	NaN	NaN	NaN	NaN
1388416511108	NaN	NaN	NaN	NaN	NaN	NaN
1388416519442	NaN	NaN	NaN	NaN	NaN	NaN
1388416527781	NaN	NaN	NaN	NaN	NaN	NaN
1388416536113	NaN	NaN	NaN	NaN	NaN	NaN
1388416544447	NaN	NaN	NaN	NaN	NaN	NaN
1388416552780	NaN	NaN	NaN	NaN	NaN	NaN
1388416561113	NaN	NaN	NaN	NaN	NaN	NaN
1388416569447	NaN	NaN	NaN	NaN	NaN	NaN
1388416577779	NaN	NaN	NaN	NaN	NaN	NaN
1388416586112	NaN	NaN	NaN	NaN	NaN	NaN
1388416594445	NaN	NaN	NaN	NaN	NaN	NaN
1388416602731	NaN	NaN	NaN	NaN	NaN	NaN
1388416611017	NaN	NaN	NaN	NaN	NaN	NaN
1388416619303	NaN	NaN	NaN	NaN	NaN	NaN
1388416627636	NaN	NaN	NaN	NaN	NaN	NaN
1388416635970	NaN	NaN	NaN	NaN	NaN	NaN
1388416644303	NaN	NaN	NaN	NaN	NaN	NaN
1388416652635	NaN	NaN	NaN	NaN	NaN	NaN
1388416660969	NaN	NaN	NaN	NaN	NaN	NaN
1388416669351	NaN	NaN	NaN	NaN	NaN	NaN
1388416677733	NaN	NaN	NaN	NaN	NaN	NaN
1388416686116	NaN	NaN	NaN	NaN	NaN	NaN
1388416694449	NaN	NaN	NaN	NaN	NaN	NaN
1388416702782	NaN	NaN	NaN	NaN	NaN	NaN
1388416711116	NaN	NaN	NaN	NaN	NaN	NaN
1388416719449	NaN	NaN	NaN	NaN	NaN	NaN
1388416727781	NaN	NaN	NaN	NaN	NaN	NaN
1388416736114	NaN	NaN	NaN	NaN	NaN	NaN
1388416744448	NaN	NaN	NaN	NaN	NaN	NaN
1388416752781	NaN	NaN	NaN	NaN	NaN	NaN
1388416761114	NaN	NaN	NaN	NaN	NaN	NaN
1388416769448	NaN	NaN	NaN	NaN	NaN	NaN
1388416777781	NaN	NaN	NaN	NaN	NaN	NaN
1388416786115	NaN	NaN	NaN	NaN	NaN	NaN
1388416794453	NaN	NaN	NaN	NaN	NaN	NaN
1388416802786	NaN	NaN	NaN	NaN	NaN	NaN
1388416811118	NaN	NaN	NaN	NaN	NaN	NaN
1388416819443	NaN	NaN	NaN	NaN	NaN	NaN
1388416827777	NaN	NaN	NaN	NaN	NaN	NaN
1388416836110	1825.26	622.71	NaN	NaN	1.6210	NaN
1388416844443	NaN	NaN	2449.15	1165.63	NaN	2.6279
1388416852777	1588.21	542.19	2391.95	826.48	2.5628	2.2681
1388416861110	1567.85	494.25	2396.76	626.28	2.8139	2.3603
1388416869444	1549.20	455.09	2343.06	594.80	2.9827	2.4608
1388416877785	1533.66	455.67	2256.19	514.38	3.0154	2.7132
1388416886118	1517.44	540.75	2255.59	515.87	2.9267	2.8641
1388416894443	1489.40	587.62	2205.02	531.96	2.9335	2.9156
1388416902776	1484.64	599.93	2153.05	586.11	2.9299	2.8876
1388416911118	1476.43	614.77	2113.88	605.40	2.9433	2.9022
1388416919451	1471.47	641.07	2100.92	634.76	2.9655	2.8765
1388416927789	1471.10	651.34	2078.05	647.92	2.9689	2.8978
1388416936123	1464.56	645.85	2056.42	666.19	2.9563	2.9139
1388416944456	1462.44	655.93	2034.18	677.77	2.9505	2.9102
1388416952789	1456.51	664.82	2008.26	681.96	2.9517	2.9182
1388416961122	1452.84	670.16	1983.33	690.89	2.9597	2.9189
1388416969447	1448.47	676.80	1963.19	695.42	2.9654	2.9231
1388416977780	1444.85	685.93	1947.36	710.25	2.9620	2.9243
1388416986113	1438.59	695.08	1930.14	715.96	2.9675	2.9180
1388416994447	1437.45	702.55	1919.04	717.53	2.9642	2.9294
1388417002780	1434.62	703.33	1902.13	722.95	2.9780	2.9301
1388417011113	1431.15	706.56	1889.31	729.93	2.9628	2.9300
1388417019447	1425.27	712.20	1884.18	735.95	2.9608	2.9355
1388417027780	1419.69	711.86	1867.75	742.34	2.9449	2.9424
1388417036112	1415.81	720.17	1857.81	750.95	2.9570	2.9358
1388417044446	1383.90	727.18	1816.72	755.29	2.9415	2.9487
1388417052783	1344.67	752.00	1778.89	770.33	2.9545	2.9532
1388417061125	1336.88	738.35	1746.14	766.75	2.9286	2.9457
1388417069458	1339.31	742.91	1736.44	783.23	2.9427	2.9563
1388417077791	1342.96	750.76	1729.62	782.01	2.9384	2.9522
1388417086125	1349.73	747.01	1720.66	783.46	2.9335	2.9425
1388417094458	1345.08	762.18	1714.59	783.70	2.9374	2.9352
1388417102791	1350.09	747.99	1703.28	780.23	2.9054	2.9111
1388417111125	1351.03	758.43	1702.84	785.43	2.9128	2.8958
1388417119458	1349.62	752.68	1696.02	786.28	2.8769	2.8748
1388417127791	1354.34	767.87	1688.64	796.34	2.9036	2.8961
1388417136125	1349.45	762.02	1678.31	804.40	2.8769	2.8801
1388417144458	1348.29	767.49	1678.31	790.43	2.8570	2.8485
1388417152791	1346.79	762.41	1668.97	806.94	2.8235	2.8655
1388417161125	1345.33	763.27	1668.78	808.90	2.8084	2.8308
1388417169458	1344.52	761.46	1659.09	811.55	2.8006	2.8306
1388417177783	1345.49	760.01	1653.19	817.44	2.7949	2.8107
1388417186120	1338.96	763.04	1649.67	824.07	2.7544	2.8012
1388417194453	1342.30	764.21	1649.27	821.78	2.7498	2.7833
1388417202787	1331.72	762.65	1643.82	806.31	2.7468	2.7353
1388417211120	1324.36	759.18	1626.18	812.92	2.7459	2.7545
1388417219453	1307.44	742.77	1617.14	808.74	2.7096	2.7316
1388417227787	1292.39	751.57	1603.42	811.23	2.7124	2.7319
1388417236120	1285.69	747.44	1580.42	805.99	2.6904	2.7156
1388417244462	1289.75	745.31	1568.10	798.85	2.6951	2.6980
1388417252795	1286.57	744.07	1571.25	801.39	2.6862	2.6911
1388417261129	1285.92	740.20	1564.74	807.84	2.6508	2.6752
1388417269461	1291.00	742.00	1562.43	813.60	2.6544	2.6713
1388417277794	1289.18	743.02	1559.69	803.57	2.6479	2.6599
1388417286127	1286.62	741.65	1550.31	804.97	2.6359	2.6578
1388417294460	1279.88	749.45	1544.48	806.70	2.6336	2.6480
1388417302794	1282.07	747.56	1542.79	800.82	2.6257	2.6452
1388417311128	1284.64	746.88	1535.96	803.91	2.6258	2.6134
1388417319465	1281.10	753.85	1540.94	802.74	2.6160	2.6296
1388417327798	1278.83	748.30	1531.77	807.62	2.5972	2.6257
1388417336123	1275.11	747.46	1525.41	797.89	2.6008	2.6112
1388417344455	1269.66	745.53	1529.11	808.78	2.5831	2.6059
1388417352789	1276.47	753.02	1525.57	812.18	2.6061	2.6109
1388417361122	1269.37	743.41	1525.58	801.09	2.5911	2.6009
1388417369455	1275.23	744.97	1524.73	799.92	2.5803	2.6110
1388417377788	1271.34	735.42	1522.47	806.27	2.5809	2.6002
1388417386130	1269.62	747.09	1518.27	803.88	2.5585	2.6060
1388417394464	1269.01	750.58	1515.62	809.84	2.5945	2.6033
1388417402797	1267.56	751.77	1510.58	804.33	2.5662	2.5855
1388417411131	1269.13	741.50	1510.38	807.67	2.5648	2.5882
1388417419454	1263.02	753.82	1505.86	803.92	2.5835	2.5966
1388417427788	1263.58	743.87	1507.99	807.71	2.5714	2.5806
1388417436121	1265.95	738.05	1497.23	797.51	2.5739	2.5850
1388417444458	1257.87	735.37	1497.46	797.78	2.5607	2.5846
1388417452792	1258.12	734.42	1491.48	799.14	2.5768	2.5991
1388417461124	1253.32	728.40	1494.59	798.46	2.5640	2.6066
1388417469458	1256.02	740.51	1492.25	795.97	2.5773	2.5838
1388417477800	1249.62	733.83	1488.01	792.74	2.5681	2.6145
1388417486133	1254.40	729.23	1484.78	796.25	2.5908	2.6151
1388417494467	1252.07	733.14	1481.77	796.83	2.5892	2.6069
1388417502799	1254.81	731.19	1480.48	794.51	2.5966	2.6126
1388417511132	1257.19	731.75	1472.60	788.30	2.5970	2.6164
1388417519466	1260.55	735.93	1474.17	792.37	2.6020	2.6143
1388417527799	1246.42	739.38	1475.17	783.89	2.6096	2.6108
1388417536132	1246.84	735.58	1473.63	786.45	2.6086	2.6260
1388417544457	1252.03	744.55	1471.54	790.69	2.6176	2.6293
1388417552790	1250.73	743.24	1475.43	790.01	2.6329	2.6504
1388417561124	1248.67	743.91	1462.05	786.37	2.6495	2.6545
1388417569457	1246.95	738.40	1468.58	788.80	2.6503	2.6724
1388417577796	1246.15	736.96	1466.59	788.63	2.6542	2.6623
1388417586129	1243.02	742.33	1465.18	793.21	2.6690	2.6768
1388417594463	1244.27	747.20	1465.97	785.55	2.6833	2.6724
1388417602796	1245.58	743.60	1462.16	787.61	2.6747	2.6967
1388417611130	1240.60	742.34	1462.24	772.48	2.6911	2.6909
1388417619463	1241.83	708.76	1466.61	777.01	2.7085	2.7111
1388417627796	1237.43	710.13	1460.78	773.89	2.7245	2.7190
1388417636130	1239.47	702.91	1461.37	767.96	2.7686	2.7638
1388417644463	1237.16	693.61	1464.08	768.63	2.7929	2.7547
1388417652795	1231.16	673.25	1465.55	767.21	2.8233	2.7619
1388417661129	1232.98	674.82	1464.21	754.70	2.8128	2.7701
1388417669462	1234.53	655.86	1468.85	758.21	2.8324	2.7859
1388417677795	1231.44	665.21	1463.11	740.70	2.8495	2.8163
1388417686129	1234.58	671.19	1458.66	725.89	2.8568	2.8606
1388417694462	1240.36	670.27	1469.09	741.14	2.8464	2.8327
1388417702795	1233.82	676.19	1478.05	719.65	2.8628	2.8491
1388417711141	1246.00	685.97	1477.16	718.19	2.8608	2.8768
1388417719466	1230.12	686.86	1486.13	722.24	2.8624	2.8757
1388417727808	1244.70	699.01	1480.53	723.33	2.8561	2.8942
1388417736140	1243.68	707.31	1484.58	722.11	2.8373	2.8836
1388417744474	1243.41	712.63	1490.09	730.78	2.8519	2.8645
1388417752807	1247.05	720.91	1499.22	719.35	2.8395	2.9053
1388417761140	1255.33	729.34	1501.16	741.08	2.8171	2.8583
1388417769474	1253.57	739.22	1504.22	750.98	2.8272	2.8592
1388417777807	1259.53	748.22	1516.76	761.30	2.8210	2.8334
1388417786140	1266.60	765.80	1506.08	762.39	2.7940	2.8255
1388417794473	1259.79	775.70	1488.70	722.51	2.8393	2.8215
1388417802798	1277.14	840.26	1516.73	767.29	2.8903	2.8751
1388417811139	1280.26	824.89	1535.75	787.08	2.7959	2.8177
1388417819473	1280.25	827.99	1525.75	810.39	2.7960	2.7832
1388417827806	1274.14	883.96	1546.60	805.14	2.9234	2.7594
1388417836139	1287.94	868.47	1534.53	826.87	2.8754	2.7975
1388417844469	1287.34	870.55	1524.06	813.43	2.8559	2.8291
1388417852802	NaN	NaN	1553.90	849.98	NaN	2.7240
1388417861136	1295.38	844.19	1558.73	859.28	2.6955	2.7417
1388417869477	1296.25	879.00	1564.05	864.38	2.7864	2.7107
1388417877802	1300.82	953.69	1568.18	875.60	2.9205	2.7074
1388417886143	1305.84	983.99	1570.17	872.39	2.8695	2.7451
1388417894476	1320.84	978.57	1591.97	897.85	2.9111	2.7105
1388417902810	1296.90	986.92	1582.43	909.04	2.8829	2.7327
1388417911143	1324.16	1039.05	1613.91	901.24	2.9729	2.6583
1388417919476	NaN	NaN	1598.71	925.61	NaN	2.6709
1388417927801	NaN	NaN	1623.87	937.16	NaN	2.6132
1388417936143	1493.60	858.51	1686.31	955.91	2.0451	2.4796
1388417944477	NaN	NaN	1672.02	968.90	NaN	2.4754
1388417952810	NaN	NaN	NaN	NaN	NaN	NaN
1388417961133	1507.83	872.64	1640.27	997.67	1.9088	2.5890
1388417969471	1483.29	882.14	1646.31	980.56	1.9106	2.5031
1388417977805	1508.33	920.46	1660.03	1028.65	2.0213	2.5383
1388417986139	NaN	NaN	1681.23	1018.26	NaN	2.4833
1388417994472	1542.64	902.06	1653.61	1005.95	1.7732	2.6072
1388418002805	1495.46	916.44	1646.99	1035.38	1.7254	2.5934
1388418011147	1532.17	911.81	1634.64	1053.26	1.7940	2.6816
1388418019472	1461.25	1170.98	1666.87	1050.64	2.6666	2.5586
1388418027805	NaN	NaN	1701.96	1048.34	NaN	2.4308
1388418036138	1383.77	1190.21	1688.46	1108.98	2.7477	2.5987
1388418044479	NaN	NaN	1681.09	1144.53	NaN	2.5592
1388418052812	NaN	NaN	1718.80	1112.39	NaN	2.5253
1388418061146	1422.13	1348.11	1726.39	1138.30	3.0323	2.5325
1388418069479	1506.94	1139.60	1643.07	1175.34	2.3039	2.5338
1388418077812	NaN	NaN	1726.34	1108.67	NaN	2.4360
1388418086146	1499.60	1259.16	1720.55	1239.88	2.7644	2.7731
1388418094472	NaN	NaN	1731.10	1162.68	NaN	2.4879
1388418102809	NaN	NaN	1757.07	1219.01	NaN	2.6183
1388418111152	NaN	NaN	1721.22	1254.68	NaN	2.7899
1388418119484	NaN	NaN	1772.37	1324.65	NaN	2.9376
1388418127817	NaN	NaN	1916.96	1120.66	NaN	2.0347
1388418136151	NaN	NaN	NaN	NaN	NaN	NaN
1388418144484	NaN	NaN	1844.07	1365.62	NaN	2.8162
1388418152818	NaN	NaN	1801.30	1380.05	NaN	2.8598
1388418161142	NaN	NaN	1732.06	1245.67	NaN	2.3782
1388418169484	NaN	NaN	NaN	NaN	NaN	NaN
1388418177809	NaN	NaN	1588.13	1744.38	NaN	1.4751
1388418186150	NaN	NaN	NaN	NaN	NaN	NaN
1388418194483	NaN	NaN	NaN	NaN	NaN	NaN
1388418202817	NaN	NaN	NaN	NaN	NaN	NaN
1388418211149	NaN	NaN	NaN	NaN	NaN	NaN
1388418219483	NaN	NaN	1718.56	1434.91	NaN	2.6359
1388418227820	NaN	NaN	NaN	NaN	NaN	NaN
1388418236153	NaN	NaN	NaN	NaN	NaN	NaN
1388418244486	NaN	NaN	NaN	NaN	NaN	NaN
1388418252820	NaN	NaN	NaN	NaN	NaN	NaN
1388418261153	NaN	NaN	NaN	NaN	NaN	NaN
1388418269485	NaN	NaN	NaN	NaN	NaN	NaN
1388418277810	NaN	NaN	NaN	NaN	NaN	NaN
1388418286143	NaN	NaN	NaN	NaN	NaN	NaN
1388418294476	NaN	NaN	NaN	NaN	NaN	NaN
1388418302810	NaN	NaN	NaN	NaN	NaN	NaN
1388418311143	NaN	NaN	NaN	NaN	NaN	NaN
1388418319476	NaN	NaN	NaN	NaN	NaN	NaN
1388418327810	NaN	NaN	NaN	NaN	NaN	NaN
1388418336143	NaN	NaN	NaN	NaN	NaN	NaN
1388418344477	NaN	NaN	NaN	NaN	NaN	NaN
1388418352809	NaN	NaN	NaN	NaN	NaN	NaN
1388418361142	NaN	NaN	NaN	NaN	NaN	NaN
1388418369481	NaN	NaN	NaN	NaN	NaN	NaN
1388418377815	NaN	NaN	NaN	NaN	NaN	NaN
1388418386148	NaN	NaN	NaN	NaN	NaN	NaN
1388418394482	NaN	NaN	NaN	NaN	NaN	NaN
1388418402815	NaN	NaN	NaN	NaN	NaN	NaN
1388418411148	NaN	NaN	NaN	NaN	NaN	NaN
1388418419482	NaN	NaN	NaN	NaN	NaN	NaN
1388418427814	NaN	NaN	NaN	NaN	NaN	NaN
1388418436147	NaN	NaN	NaN	NaN	NaN	NaN
1388418444480	NaN	NaN	NaN	NaN	NaN	NaN
1388418452814	NaN	NaN	NaN	NaN	NaN	NaN
1388418461147	NaN	NaN	NaN	NaN	NaN	NaN
1388418469480	NaN	NaN	NaN	NaN	NaN	NaN
1388418477813	NaN	NaN	NaN	NaN	NaN	NaN
1388418486147	NaN	NaN	NaN	NaN	NaN	NaN
1388418494486	NaN	NaN	NaN	NaN	NaN	NaN
1388418502818	NaN	NaN	NaN	NaN	NaN	NaN
1388418511151	NaN	NaN	NaN	NaN	NaN	NaN
1388418519485	NaN	NaN	NaN	NaN	NaN	NaN
1388418527817	NaN	NaN	NaN	NaN	NaN	NaN
1388418536151	NaN	NaN	NaN	NaN	NaN	NaN
1388418544486	NaN	NaN	NaN	NaN	NaN	NaN
1388418552819	NaN	NaN	NaN	NaN	NaN	NaN
1388418561153	NaN	NaN	NaN	NaN	NaN	NaN
1388418569487	NaN	NaN	NaN	NaN	NaN	NaN
1388418577820	NaN	NaN	NaN	NaN	NaN	NaN
1388418586152	NaN	NaN	NaN	NaN	NaN	NaN
1388418594486	NaN	NaN	NaN	NaN	NaN	NaN
1388418602819	NaN	NaN	NaN	NaN	NaN	NaN
1388418611152	NaN	NaN	NaN	NaN	NaN	NaN
1388418619485	NaN	NaN	NaN	NaN	NaN	NaN
1388418627822	NaN	NaN	NaN	NaN	NaN	NaN
1388418636156	NaN	NaN	NaN	NaN	NaN	NaN
1388418644489	NaN	NaN	NaN	NaN	NaN	NaN
1388418652823	NaN	NaN	NaN	NaN	NaN	NaN
1388418661155	NaN	NaN	NaN	NaN	NaN	NaN
1388418669488	NaN	NaN	NaN	NaN	NaN	NaN
1388418677822	NaN	NaN	NaN	NaN	NaN	NaN
1388418686155	NaN	NaN	NaN	NaN	NaN	NaN
1388418694488	NaN	NaN	NaN	NaN	NaN	NaN
1388418702821	NaN	NaN	NaN	NaN	NaN	NaN
1388418711155	NaN	NaN	NaN	NaN	NaN	NaN
1388418719488	NaN	NaN	NaN	NaN	NaN	NaN
1388418727822	NaN	NaN	NaN	NaN	NaN	NaN
1388418736154	NaN	NaN	NaN	NaN	NaN	NaN
1388418744487	NaN	NaN	NaN	NaN	NaN	NaN
1388418752754	NaN	NaN	NaN	NaN	NaN	NaN
1388418761022	NaN	NaN	NaN	NaN	NaN	NaN
1388418769355	NaN	NaN	NaN	NaN	NaN	NaN
1388418777689	NaN	NaN	NaN	NaN	NaN	NaN
1388418786022	NaN	NaN	NaN	NaN	NaN	NaN
1388418794355	NaN	NaN	NaN	NaN	NaN	NaN
1388418802689	NaN	NaN	NaN	NaN	NaN	NaN
1388418811070	NaN	NaN	NaN	NaN	NaN	NaN
1388418819450	NaN	NaN	NaN	NaN	NaN	NaN
1388418827831	NaN	NaN	NaN	NaN	NaN	NaN
1388418836164	NaN	NaN	NaN	NaN	NaN	NaN
1388418844497	NaN	NaN	NaN	NaN	NaN	NaN
1388418852831	NaN	NaN	NaN	NaN	NaN	NaN
1388418861164	NaN	NaN	NaN	NaN	NaN	NaN
1388418869498	NaN	NaN	NaN	NaN	NaN	NaN
1388418877831	NaN	NaN	NaN	NaN	NaN	NaN
1388418886168	NaN	NaN	NaN	NaN	NaN	NaN
1388418894500	NaN	NaN	NaN	NaN	NaN	NaN
1388418902833	NaN	NaN	NaN	NaN	NaN	NaN
1388418911166	NaN	NaN	NaN	NaN	NaN	NaN
1388418919499	NaN	NaN	NaN	NaN	NaN	NaN
1388418927833	NaN	NaN	NaN	NaN	NaN	NaN
1388418936167	NaN	NaN	NaN	NaN	NaN	NaN
1388418944500	NaN	NaN	NaN	NaN	NaN	NaN
1388418952833	NaN	NaN	NaN	NaN	NaN	NaN
1388418961167	NaN	NaN	NaN	NaN	NaN	NaN
1388418969498	NaN	NaN	NaN	NaN	NaN	NaN
1388418977832	NaN	NaN	NaN	NaN	NaN	NaN
1388418986165	NaN	NaN	NaN	NaN	NaN	NaN
1388418994498	NaN	NaN	NaN	NaN	NaN	NaN
1388419002832	NaN	NaN	NaN	NaN	NaN	NaN
1388419011165	NaN	NaN	NaN	NaN	NaN	NaN
1388419019505	NaN	NaN	NaN	NaN	NaN	NaN
1388419027838	NaN	NaN	NaN	NaN	NaN	NaN
1388419036171	NaN	NaN	NaN	NaN	NaN	NaN
1388419044504	NaN	NaN	NaN	NaN	NaN	NaN
1388419052837	NaN	NaN	NaN	NaN	NaN	NaN
1388419061170	NaN	NaN	NaN	NaN	NaN	NaN
1388419069504	NaN	NaN	NaN	NaN	NaN	NaN
1388419077837	NaN	NaN	NaN	NaN	NaN	NaN
1388419086170	NaN	NaN	NaN	NaN	NaN	NaN
1388419094504	NaN	NaN	NaN	NaN	NaN	NaN
1388419102830	NaN	NaN	NaN	NaN	NaN	NaN
1388419111164	NaN	NaN	NaN	NaN	NaN	NaN
1388419119497	NaN	NaN	NaN	NaN	NaN	NaN
1388419127830	NaN	NaN	NaN	NaN	NaN	NaN
1388419136163	NaN	NaN	NaN	NaN	NaN	NaN
1388419144497	NaN	NaN	NaN	NaN	NaN	NaN
1388419152835	NaN	NaN	NaN	NaN	NaN	NaN
1388419161169	NaN	NaN	NaN	NaN	NaN	NaN
1388419169502	NaN	NaN	NaN	NaN	NaN	NaN
1388419177835	NaN	NaN	NaN	NaN	NaN	NaN
1388419186169	NaN	NaN	NaN	NaN	NaN	NaN
1388419194501	NaN	NaN	NaN	NaN	NaN	NaN
1388419202834	NaN	NaN	NaN	NaN	NaN	NaN
1388419211167	NaN	NaN	NaN	NaN	NaN	NaN
1388419219501	NaN	NaN	NaN	NaN	NaN	NaN
1388419227834	NaN	NaN	NaN	NaN	NaN	NaN
1388419236168	NaN	NaN	NaN	NaN	NaN	NaN
1388419244501	NaN	NaN	NaN	NaN	NaN	NaN
1388419252835	NaN	NaN	NaN	NaN	NaN	NaN
1388419261168	NaN	NaN	NaN	NaN	NaN	NaN
1388419269501	NaN	NaN	NaN	NaN	NaN	NaN
1388419277833	NaN	NaN	NaN	NaN	NaN	NaN
1388419286171	NaN	NaN	NaN	NaN	NaN	NaN
1388419294505	NaN	NaN	NaN	NaN	NaN	NaN
1388419302838	NaN	NaN	NaN	NaN	NaN	NaN
1388419311171	NaN	NaN	NaN	NaN	NaN	NaN
1388419319436	NaN	NaN	NaN	NaN	NaN	NaN
1388419327701	NaN	NaN	NaN	NaN	NaN	NaN
1388419336034	NaN	NaN	NaN	NaN	NaN	NaN
1388419344368	NaN	NaN	NaN	NaN	NaN	NaN
1388419352701	NaN	NaN	NaN	NaN	NaN	NaN
1388419361033	NaN	NaN	NaN	NaN	NaN	NaN
1388419369367	NaN	NaN	NaN	NaN	NaN	NaN
1388419377748	NaN	NaN	NaN	NaN	NaN	NaN
1388419386129	NaN	NaN	NaN	NaN	NaN	NaN
1388419394510	NaN	NaN	NaN	NaN	NaN	NaN
1388419402843	NaN	NaN	NaN	NaN	NaN	NaN
1388419411181	NaN	NaN	NaN	NaN	NaN	NaN
1388419419514	NaN	NaN	NaN	NaN	NaN	NaN
1388419427847	NaN	NaN	NaN	NaN	NaN	NaN
1388419436180	NaN	NaN	NaN	NaN	NaN	NaN
1388419444514	NaN	NaN	NaN	NaN	NaN	NaN
1388419452847	NaN	NaN	NaN	NaN	NaN	NaN
1388419461180	NaN	NaN	NaN	NaN	NaN	NaN
1388419469513	NaN	NaN	NaN	NaN	NaN	NaN
1388419477846	NaN	NaN	NaN	NaN	NaN	NaN
1388419486180	NaN	NaN	NaN	NaN	NaN	NaN
1388419494513	NaN	NaN	NaN	NaN	NaN	NaN
1388419502846	NaN	NaN	NaN	NaN	NaN	NaN
1388419511179	NaN	NaN	NaN	NaN	NaN	NaN
1388419519512	NaN	NaN	NaN	NaN	NaN	NaN
1388419527846	NaN	NaN	NaN	NaN	NaN	NaN
1388419536179	NaN	NaN	NaN	NaN	NaN	NaN
1388419544518	NaN	NaN	NaN	NaN	NaN	NaN
1388419552851	NaN	NaN	NaN	NaN	NaN	NaN
1388419561185	NaN	NaN	NaN	NaN	NaN	NaN
1388419569518	NaN	NaN	NaN	NaN	NaN	NaN
1388419577851	NaN	NaN	NaN	NaN	NaN	NaN
1388419586185	NaN	NaN	NaN	NaN	NaN	NaN
1388419594517	NaN	NaN	NaN	NaN	NaN	NaN
1388419602851	NaN	NaN	NaN	NaN	NaN	NaN
1388419611184	NaN	NaN	NaN	NaN	NaN	NaN
1388419619517	NaN	NaN	NaN	NaN	NaN	NaN
1388419627850	NaN	NaN	NaN	NaN	NaN	NaN
1388419636184	NaN	NaN	NaN	NaN	NaN	NaN
1388419644517	NaN	NaN	NaN	NaN	NaN	NaN
1388419652851	NaN	NaN	NaN	NaN	NaN	NaN
1388419661184	NaN	NaN	NaN	NaN	NaN	NaN
1388419669516	NaN	NaN	NaN	NaN	NaN	NaN
1388419677854	NaN	NaN	NaN	NaN	NaN	NaN
1388419686187	NaN	NaN	NaN	NaN	NaN	NaN
1388419694520	NaN	NaN	NaN	NaN	NaN	NaN
1388419702853	NaN	NaN	NaN	NaN	NaN	NaN
1388419711186	NaN	NaN	NaN	NaN	NaN	NaN
1388419719520	NaN	NaN	NaN	NaN	NaN	NaN
1388419727854	NaN	NaN	NaN	NaN	NaN	NaN
1388419736187	NaN	NaN	NaN	NaN	NaN	NaN
1388419744519	NaN	NaN	NaN	NaN	NaN	NaN
1388419752853	NaN	NaN	NaN	NaN	NaN	NaN
1388419761186	NaN	NaN	NaN	NaN	NaN	NaN
1388419769519	NaN	NaN	NaN	NaN	NaN	NaN
1388419777852	NaN	NaN	NaN	NaN	NaN	NaN
1388419786186	NaN	NaN	NaN	NaN	NaN	NaN
1388419794519	NaN	NaN	NaN	NaN	NaN	NaN
1388419802852	NaN	NaN	NaN	NaN	NaN	NaN
1388419811191	NaN	NaN	NaN	NaN	NaN	NaN
1388419819524	NaN	NaN	NaN	NaN	NaN	NaN
1388419827856	NaN	NaN	NaN	NaN	NaN	NaN
1388419836189	NaN	NaN	NaN	NaN	NaN	NaN
1388419844523	NaN	NaN	NaN	NaN	NaN	NaN
1388419852856	NaN	NaN	NaN	NaN	NaN	NaN
1388419861190	NaN	NaN	NaN	NaN	NaN	NaN
1388419869523	NaN	NaN	NaN	NaN	NaN	NaN
1388419877808	NaN	NaN	NaN	NaN	NaN	NaN
1388419886093	NaN	NaN	NaN	NaN	NaN	NaN
1388419894380	NaN	NaN	NaN	NaN	NaN	NaN
1388419902712	NaN	NaN	NaN	NaN	NaN	NaN
1388419911045	NaN	NaN	NaN	NaN	NaN	NaN
1388419919378	NaN	NaN	NaN	NaN	NaN	NaN
1388419927711	NaN	NaN	NaN	NaN	NaN	NaN
1388419936081	NaN	NaN	NaN	NaN	NaN	NaN
1388419944451	NaN	NaN	NaN	NaN	NaN	NaN
1388419952821	NaN	NaN	NaN	NaN	NaN	NaN
1388419961192	NaN	NaN	NaN	NaN	NaN	NaN
1388419969526	NaN	NaN	NaN	NaN	NaN	NaN
1388419977858	NaN	NaN	NaN	NaN	NaN	NaN
1388419986191	NaN	NaN	NaN	NaN	NaN	NaN
1388419994525	NaN	NaN	NaN	NaN	NaN	NaN
1388420002858	NaN	NaN	NaN	NaN	NaN	NaN
1388420011192	NaN	NaN	NaN	NaN	NaN	NaN
1388420019525	NaN	NaN	NaN	NaN	NaN	NaN
1388420027858	NaN	NaN	NaN	NaN	NaN	NaN
1388420036192	NaN	NaN	NaN	NaN	NaN	NaN
1388420044525	NaN	NaN	NaN	NaN	NaN	NaN
1388420052857	NaN	NaN	NaN	NaN	NaN	NaN
1388420061190	NaN	NaN	NaN	NaN	NaN	NaN
1388420069529	NaN	NaN	NaN	NaN	NaN	NaN
1388420077862	NaN	NaN	NaN	NaN	NaN	NaN
1388420086196	NaN	NaN	NaN	NaN	NaN	NaN
1388420094529	NaN	NaN	NaN	NaN	NaN	NaN
1388420102862	NaN	NaN	NaN	NaN	NaN	NaN
1388420111197	NaN	NaN	NaN	NaN	NaN	NaN
1388420119530	NaN	NaN	NaN	NaN	NaN	NaN
1388420127863	NaN	NaN	NaN	NaN	NaN	NaN
1388420136195	NaN	NaN	NaN	NaN	NaN	NaN
1388420144529	NaN	NaN	NaN	NaN	NaN	NaN
1388420152862	NaN	NaN	NaN	NaN	NaN	NaN
1388420161196	NaN	NaN	NaN	NaN	NaN	NaN
1388420169529	NaN	NaN	NaN	NaN	NaN	NaN
1388420177862	NaN	NaN	NaN	NaN	NaN	NaN
1388420186195	NaN	NaN	NaN	NaN	NaN	NaN
1388420194528	NaN	NaN	NaN	NaN	NaN	NaN
1388420202867	NaN	NaN	NaN	NaN	NaN	NaN
1388420211199	NaN	NaN	NaN	NaN	NaN	NaN
1388420219533	NaN	NaN	NaN	NaN	NaN	NaN
1388420227866	NaN	NaN	NaN	NaN	NaN	NaN
1388420236200	NaN	NaN	NaN	NaN	NaN	NaN
1388420244533	NaN	NaN	NaN	NaN	NaN	NaN
1388420252866	NaN	NaN	NaN	NaN	NaN	NaN
1388420261199	NaN	NaN	NaN	NaN	NaN	NaN
1388420269533	NaN	NaN	NaN	NaN	NaN	NaN
1388420277866	NaN	NaN	NaN	NaN	NaN	NaN
1388420286199	NaN	NaN	NaN	NaN	NaN	NaN
1388420294532	NaN	NaN	NaN	NaN	NaN	NaN
1388420302865	NaN	NaN	NaN	NaN	NaN	NaN
1388420311199	NaN	NaN	NaN	NaN	NaN	NaN
1388420319532	NaN	NaN	NaN	NaN	NaN	NaN
1388420327869	NaN	NaN	NaN	NaN	NaN	NaN
1388420336202	NaN	NaN	NaN	NaN	NaN	NaN
1388420344535	NaN	NaN	NaN	NaN	NaN	NaN
1388420352869	NaN	NaN	NaN	NaN	NaN	NaN
1388420361202	NaN	NaN	NaN	NaN	NaN	NaN
1388420369534	NaN	NaN	NaN	NaN	NaN	NaN
1388420377868	NaN	NaN	NaN	NaN	NaN	NaN
1388420386202	NaN	NaN	NaN	NaN	NaN	NaN
1388420394535	NaN	NaN	NaN	NaN	NaN	NaN
1388420402868	NaN	NaN	NaN	NaN	NaN	NaN
1388420411201	NaN	NaN	NaN	NaN	NaN	NaN
1388420419534	NaN	NaN	NaN	NaN	NaN	NaN
1388420427868	NaN	NaN	NaN	NaN	NaN	NaN
1388420436201	NaN	NaN	NaN	NaN	NaN	NaN
1388420444533	NaN	NaN	NaN	NaN	NaN	NaN
1388420452797	NaN	NaN	NaN	NaN	NaN	NaN
1388420461062	NaN	NaN	NaN	NaN	NaN	NaN
1388420469395	NaN	NaN	NaN	NaN	NaN	NaN
1388420477729	NaN	NaN	NaN	NaN	NaN	NaN
1388420486062	NaN	NaN	NaN	NaN	NaN	NaN
1388420494395	NaN	NaN	NaN	NaN	NaN	NaN
1388420502729	NaN	NaN	NaN	NaN	NaN	NaN
1388420511110	NaN	NaN	NaN	NaN	NaN	NaN
1388420519490	NaN	NaN	NaN	NaN	NaN	NaN
1388420527871	NaN	NaN	NaN	NaN	NaN	NaN
1388420536205	NaN	NaN	NaN	NaN	NaN	NaN
1388420544538	NaN	NaN	NaN	NaN	NaN	NaN
1388420552871	NaN	NaN	NaN	NaN	NaN	NaN
1388420561204	NaN	NaN	NaN	NaN	NaN	NaN
1388420569538	NaN	NaN	NaN	NaN	NaN	NaN
1388420577871	NaN	NaN	NaN	NaN	NaN	NaN
1388420586204	NaN	NaN	NaN	NaN	NaN	NaN
1388420594542	NaN	NaN	NaN	NaN	NaN	NaN
1388420602875	NaN	NaN	NaN	NaN	NaN	NaN
1388420611208	NaN	NaN	NaN	NaN	NaN	NaN
1388420619542	NaN	NaN	NaN	NaN	NaN	NaN
1388420627875	NaN	NaN	NaN	NaN	NaN	NaN
1388420636208	NaN	NaN	NaN	NaN	NaN	NaN
1388420644542	NaN	NaN	NaN	NaN	NaN	NaN
1388420652875	NaN	NaN	NaN	NaN	NaN	NaN
1388420661208	NaN	NaN	NaN	NaN	NaN	NaN
1388420669541	NaN	NaN	NaN	NaN	NaN	NaN
1388420677874	NaN	NaN	NaN	NaN	NaN	NaN
1388420686207	NaN	NaN	NaN	NaN	NaN	NaN
1388420694541	NaN	NaN	NaN	NaN	NaN	NaN
1388420702874	NaN	NaN	NaN	NaN	NaN	NaN
1388420711207	NaN	NaN	NaN	NaN	NaN	NaN
1388420719541	NaN	NaN	NaN	NaN	NaN	NaN
1388420727879	NaN	NaN	NaN	NaN	NaN	NaN
1388420736212	NaN	NaN	NaN	NaN	NaN	NaN
1388420744545	NaN	NaN	NaN	NaN	NaN	NaN
1388420752878	NaN	NaN	NaN	NaN	NaN	NaN
1388420761211	NaN	NaN	NaN	NaN	NaN	NaN
1388420769545	NaN	NaN	NaN	NaN	NaN	NaN
1388420777878	NaN	NaN	NaN	NaN	NaN	NaN
1388420786211	NaN	NaN	NaN	NaN	NaN	NaN
1388420794545	NaN	NaN	NaN	NaN	NaN	NaN
1388420802878	NaN	NaN	NaN	NaN	NaN	NaN
1388420811211	NaN	NaN	NaN	NaN	NaN	NaN
1388420819544	NaN	NaN	NaN	NaN	NaN	NaN
1388420827877	NaN	NaN	NaN	NaN	NaN	NaN
1388420836210	NaN	NaN	NaN	NaN	NaN	NaN
1388420844543	NaN	NaN	NaN	NaN	NaN	NaN
1388420852881	NaN	NaN	NaN	NaN	NaN	NaN
1388420861214	NaN	NaN	NaN	NaN	NaN	NaN
1388420869548	NaN	NaN	NaN	NaN	NaN	NaN
1388420877881	NaN	NaN	NaN	NaN	NaN	NaN
1388420886214	NaN	NaN	NaN	NaN	NaN	NaN
1388420894547	NaN	NaN	NaN	NaN	NaN	NaN
1388420902880	NaN	NaN	NaN	NaN	NaN	NaN
1388420911213	NaN	NaN	NaN	NaN	NaN	NaN
1388420919546	NaN	NaN	NaN	NaN	NaN	NaN
1388420927880	NaN	NaN	NaN	NaN	NaN	NaN
1388420936213	NaN	NaN	NaN	NaN	NaN	NaN
1388420944547	NaN	NaN	NaN	NaN	NaN	NaN
1388420952880	NaN	NaN	NaN	NaN	NaN	NaN
1388420961213	NaN	NaN	NaN	NaN	NaN	NaN
1388420969546	NaN	NaN	NaN	NaN	NaN	NaN
1388420977879	NaN	NaN	NaN	NaN	NaN	NaN
1388420986218	NaN	NaN	NaN	NaN	NaN	NaN
1388420994551	NaN	NaN	NaN	NaN	NaN	NaN
1388421002884	NaN	NaN	NaN	NaN	NaN	NaN
1388421011170	NaN	NaN	NaN	NaN	NaN	NaN
1388421019456	NaN	NaN	NaN	NaN	NaN	NaN
1388421027742	NaN	NaN	NaN	NaN	NaN	NaN
1388421036075	NaN	NaN	NaN	NaN	NaN	NaN
1388421044408	NaN	NaN	NaN	NaN	NaN	NaN
1388421052741	NaN	NaN	NaN	NaN	NaN	NaN
1388421061074	NaN	NaN	NaN	NaN	NaN	NaN
1388421069407	NaN	NaN	NaN	NaN	NaN	NaN
1388421077740	NaN	NaN	NaN	NaN	NaN	NaN
1388421086074	NaN	NaN	NaN	NaN	NaN	NaN
1388421094455	NaN	NaN	NaN	NaN	NaN	NaN
1388421102836	NaN	NaN	NaN	NaN	NaN	NaN
1388421111217	NaN	NaN	NaN	NaN	NaN	NaN
1388421119554	NaN	NaN	NaN	NaN	NaN	NaN
1388421127888	NaN	NaN	NaN	NaN	NaN	NaN
1388421136221	NaN	NaN	NaN	NaN	NaN	NaN
1388421144553	NaN	NaN	NaN	NaN	NaN	NaN
1388421152886	NaN	NaN	NaN	NaN	NaN	NaN
1388421161220	NaN	NaN	NaN	NaN	NaN	NaN
1388421169553	NaN	NaN	NaN	NaN	NaN	NaN
1388421177886	NaN	NaN	NaN	NaN	NaN	NaN
1388421186220	NaN	NaN	NaN	NaN	NaN	NaN
1388421194553	NaN	NaN	NaN	NaN	NaN	NaN
1388421202887	NaN	NaN	NaN	NaN	NaN	NaN
1388421211220	NaN	NaN	NaN	NaN	NaN	NaN
1388421219552	NaN	NaN	NaN	NaN	NaN	NaN
1388421227885	NaN	NaN	NaN	NaN	NaN	NaN
1388421236213	NaN	NaN	NaN	NaN	NaN	NaN
1388421244546	NaN	NaN	NaN	NaN	NaN	NaN
1388421252883	NaN	NaN	NaN	NaN	NaN	NaN
1388421261216	NaN	NaN	NaN	NaN	NaN	NaN
1388421269550	NaN	NaN	NaN	NaN	NaN	NaN
1388421277883	NaN	NaN	NaN	NaN	NaN	NaN
1388421286217	NaN	NaN	NaN	NaN	NaN	NaN
1388421294549	NaN	NaN	NaN	NaN	NaN	NaN
1388421302882	NaN	NaN	NaN	NaN	NaN	NaN
1388421311215	NaN	NaN	NaN	NaN	NaN	NaN
1388421319549	NaN	NaN	NaN	NaN	NaN	NaN
1388421327882	NaN	NaN	NaN	NaN	NaN	NaN
1388421336214	NaN	NaN	NaN	NaN	NaN	NaN
1388421344548	NaN	NaN	NaN	NaN	NaN	NaN
1388421352881	NaN	NaN	NaN	NaN	NaN	NaN
1388421361214	NaN	NaN	NaN	NaN	NaN	NaN
1388421369548	NaN	NaN	NaN	NaN	NaN	NaN
1388421377887	NaN	NaN	NaN	NaN	NaN	NaN
1388421386221	NaN	NaN	NaN	NaN	NaN	NaN
1388421394555	NaN	NaN	NaN	NaN	NaN	NaN
1388421402888	NaN	NaN	NaN	NaN	NaN	NaN
1388421411221	NaN	NaN	NaN	NaN	NaN	NaN
1388421419554	NaN	NaN	NaN	NaN	NaN	NaN
1388421427888	NaN	NaN	NaN	NaN	NaN	NaN
1388421436221	NaN	NaN	NaN	NaN	NaN	NaN
1388421444554	NaN	NaN	NaN	NaN	NaN	NaN
1388421452887	NaN	NaN	NaN	NaN	NaN	NaN
1388421461220	NaN	NaN	NaN	NaN	NaN	NaN
1388421469554	NaN	NaN	NaN	NaN	NaN	NaN
1388421477886	NaN	NaN	NaN	NaN	NaN	NaN
1388421486219	NaN	NaN	NaN	NaN	NaN	NaN
1388421494553	NaN	NaN	NaN	NaN	NaN	NaN
1388421502887	NaN	NaN	NaN	NaN	NaN	NaN
1388421511224	NaN	NaN	NaN	NaN	NaN	NaN
1388421519558	NaN	NaN	NaN	NaN	NaN	NaN
1388421527889	NaN	NaN	NaN	NaN	NaN	NaN
1388421536223	NaN	NaN	NaN	NaN	NaN	NaN
1388421544556	NaN	NaN	NaN	NaN	NaN	NaN
1388421552890	NaN	NaN	NaN	NaN	NaN	NaN
1388421561223	NaN	NaN	NaN	NaN	NaN	NaN
1388421569557	NaN	NaN	NaN	NaN	NaN	NaN
1388421577889	NaN	NaN	NaN	NaN	NaN	NaN
1388421586222	NaN	NaN	NaN	NaN	NaN	NaN
1388421594509	NaN	NaN	NaN	NaN	NaN	NaN
1388421602795	NaN	NaN	NaN	NaN	NaN	NaN
1388421611084	NaN	NaN	NaN	NaN	NaN	NaN
1388421619417	NaN	NaN	NaN	NaN	NaN	NaN
1388421627751	NaN	NaN	NaN	NaN	NaN	NaN
1388421636084	NaN	NaN	NaN	NaN	NaN	NaN
1388421644417	NaN	NaN	NaN	NaN	NaN	NaN
1388421652751	NaN	NaN	NaN	NaN	NaN	NaN
1388421661133	NaN	NaN	NaN	NaN	NaN	NaN
1388421669515	NaN	NaN	NaN	NaN	NaN	NaN
1388421677898	NaN	NaN	NaN	NaN	NaN	NaN
1388421686230	NaN	NaN	NaN	NaN	NaN	NaN
1388421694563	NaN	NaN	NaN	NaN	NaN	NaN
1388421702896	NaN	NaN	NaN	NaN	NaN	NaN
1388421711230	NaN	NaN	NaN	NaN	NaN	NaN
1388421719563	NaN	NaN	NaN	NaN	NaN	NaN
1388421727896	NaN	NaN	NaN	NaN	NaN	NaN
1388421736229	NaN	NaN	NaN	NaN	NaN	NaN
1388421744563	NaN	NaN	NaN	NaN	NaN	NaN
1388421752896	NaN	NaN	NaN	NaN	NaN	NaN
1388421761229	NaN	NaN	NaN	NaN	NaN	NaN
1388421769562	NaN	NaN	NaN	NaN	NaN	NaN
1388421777897	NaN	NaN	NaN	NaN	NaN	NaN
1388421786231	NaN	NaN	NaN	NaN	NaN	NaN
1388421794563	NaN	NaN	NaN	NaN	NaN	NaN
1388421802897	NaN	NaN	NaN	NaN	NaN	NaN
1388421811230	NaN	NaN	NaN	NaN	NaN	NaN
1388421819564	NaN	NaN	NaN	NaN	NaN	NaN
1388421827897	NaN	NaN	NaN	NaN	NaN	NaN
1388421836230	NaN	NaN	NaN	NaN	NaN	NaN
1388421844563	NaN	NaN	NaN	NaN	NaN	NaN
1388421852896	NaN	NaN	NaN	NaN	NaN	NaN
1388421861229	NaN	NaN	NaN	NaN	NaN	NaN
1388421869562	NaN	NaN	NaN	NaN	NaN	NaN
1388421877896	NaN	NaN	NaN	NaN	NaN	NaN
1388421886229	NaN	NaN	NaN	NaN	NaN	NaN
1388421894563	NaN	NaN	NaN	NaN	NaN	NaN
1388421902902	NaN	NaN	NaN	NaN	NaN	NaN
1388421911236	NaN	NaN	NaN	NaN	NaN	NaN
1388421919568	NaN	NaN	NaN	NaN	NaN	NaN
1388421927901	NaN	NaN	NaN	NaN	NaN	NaN
1388421936234	NaN	NaN	NaN	NaN	NaN	NaN
1388421944568	NaN	NaN	NaN	NaN	NaN	NaN
1388421952901	NaN	NaN	NaN	NaN	NaN	NaN
1388421961234	NaN	NaN	NaN	NaN	NaN	NaN
1388421969568	NaN	NaN	NaN	NaN	NaN	NaN
1388421977901	NaN	NaN	NaN	NaN	NaN	NaN
1388421986235	NaN	NaN	NaN	NaN	NaN	NaN
1388421994567	NaN	NaN	NaN	NaN	NaN	NaN
1388422002900	NaN	NaN	NaN	NaN	NaN	NaN
1388422011233	NaN	NaN	NaN	NaN	NaN	NaN
1388422019566	NaN	NaN	NaN	NaN	NaN	NaN
1388422027900	NaN	NaN	NaN	NaN	NaN	NaN
1388422036239	NaN	NaN	NaN	NaN	NaN	NaN
1388422044572	NaN	NaN	NaN	NaN	NaN	NaN
1388422052906	NaN	NaN	NaN	NaN	NaN	NaN
1388422061240	NaN	NaN	NaN	NaN	NaN	NaN
1388422069572	NaN	NaN	NaN	NaN	NaN	NaN
1388422077905	NaN	NaN	NaN	NaN	NaN	NaN
1388422086238	NaN	NaN	NaN	NaN	NaN	NaN
1388422094571	NaN	NaN	NaN	NaN	NaN	NaN
1388422102905	NaN	NaN	NaN	NaN	NaN	NaN
1388422111238	NaN	NaN	NaN	NaN	NaN	NaN
1388422119571	NaN	NaN	NaN	NaN	NaN	NaN
1388422127905	NaN	NaN	NaN	NaN	NaN	NaN
1388422136239	NaN	NaN	NaN	NaN	NaN	NaN
1388422144572	NaN	NaN	NaN	NaN	NaN	NaN
1388422152904	NaN	NaN	NaN	NaN	NaN	NaN
1388422161192	NaN	NaN	NaN	NaN	NaN	NaN
1388422169480	NaN	NaN	NaN	NaN	NaN	NaN
1388422177768	NaN	NaN	NaN	NaN	NaN	NaN
1388422186101	NaN	NaN	NaN	NaN	NaN	NaN
1388422194434	NaN	NaN	NaN	NaN	NaN	NaN
1388422202767	NaN	NaN	NaN	NaN	NaN	NaN
1388422211100	NaN	NaN	NaN	NaN	NaN	NaN
1388422219434	NaN	NaN	NaN	NaN	NaN	NaN
1388422227812	NaN	NaN	NaN	NaN	NaN	NaN
1388422236191	NaN	NaN	NaN	NaN	NaN	NaN
1388422244570	NaN	NaN	NaN	NaN	NaN	NaN
1388422252904	NaN	NaN	NaN	NaN	NaN	NaN
1388422261237	NaN	NaN	NaN	NaN	NaN	NaN
1388422269570	NaN	NaN	NaN	NaN	NaN	NaN
1388422277903	NaN	NaN	NaN	NaN	NaN	NaN
1388422286236	NaN	NaN	NaN	NaN	NaN	NaN
1388422294572	NaN	NaN	NaN	NaN	NaN	NaN
1388422302904	NaN	NaN	NaN	NaN	NaN	NaN
1388422311237	NaN	NaN	NaN	NaN	NaN	NaN
1388422319571	NaN	NaN	NaN	NaN	NaN	NaN
1388422327911	NaN	NaN	NaN	NaN	NaN	NaN
1388422336244	NaN	NaN	NaN	NaN	NaN	NaN
1388422344578	NaN	NaN	NaN	NaN	NaN	NaN
1388422352911	NaN	NaN	NaN	NaN	NaN	NaN
1388422361244	NaN	NaN	NaN	NaN	NaN	NaN
1388422369577	NaN	NaN	NaN	NaN	NaN	NaN
1388422377910	NaN	NaN	NaN	NaN	NaN	NaN
1388422386243	NaN	NaN	NaN	NaN	NaN	NaN
1388422394576	NaN	NaN	NaN	NaN	NaN	NaN
1388422402910	NaN	NaN	NaN	NaN	NaN	NaN
1388422411243	NaN	NaN	NaN	NaN	NaN	NaN
1388422419577	NaN	NaN	NaN	NaN	NaN	NaN
1388422427917	NaN	NaN	NaN	NaN	NaN	NaN
1388422436250	NaN	NaN	NaN	NaN	NaN	NaN
1388422444583	NaN	NaN	NaN	NaN	NaN	NaN
1388422452916	NaN	NaN	NaN	NaN	NaN	NaN
1388422461249	NaN	NaN	NaN	NaN	NaN	NaN
1388422469583	NaN	NaN	NaN	NaN	NaN	NaN
1388422477916	NaN	NaN	NaN	NaN	NaN	NaN
1388422486249	NaN	NaN	NaN	NaN	NaN	NaN
1388422494583	NaN	NaN	NaN	NaN	NaN	NaN
1388422502916	NaN	NaN	NaN	NaN	NaN	NaN
1388422511249	NaN	NaN	NaN	NaN	NaN	NaN
1388422519582	NaN	NaN	NaN	NaN	NaN	NaN
1388422527916	NaN	NaN	NaN	NaN	NaN	NaN
1388422536248	NaN	NaN	NaN	NaN	NaN	NaN
1388422544582	NaN	NaN	NaN	NaN	NaN	NaN
1388422552915	NaN	NaN	NaN	NaN	NaN	NaN
1388422561253	NaN	NaN	NaN	NaN	NaN	NaN
1388422569586	NaN	NaN	NaN	NaN	NaN	NaN
1388422577919	NaN	NaN	NaN	NaN	NaN	NaN
1388422586253	NaN	NaN	NaN	NaN	NaN	NaN
1388422594586	NaN	NaN	NaN	NaN	NaN	NaN
1388422602919	NaN	NaN	NaN	NaN	NaN	NaN
1388422611252	NaN	NaN	NaN	NaN	NaN	NaN
1388422619586	NaN	NaN	NaN	NaN	NaN	NaN
1388422627919	NaN	NaN	NaN	NaN	NaN	NaN
1388422636252	NaN	NaN	NaN	NaN	NaN	NaN
1388422644586	NaN	NaN	NaN	NaN	NaN	NaN
1388422652918	NaN	NaN	NaN	NaN	NaN	NaN
1388422661250	NaN	NaN	NaN	NaN	NaN	NaN
1388422669583	NaN	NaN	NaN	NaN	NaN	NaN
1388422677916	NaN	NaN	1039.88	1272.43	NaN	2.4639
1388422686250	NaN	NaN	1022.57	1112.59	NaN	2.4018
1388422694588	NaN	NaN	1020.53	1023.53	NaN	2.4319
1388422702921	NaN	NaN	1064.47	976.50	NaN	2.4824
1388422711254	NaN	NaN	1057.66	922.84	NaN	2.5813
1388422719587	NaN	NaN	1087.72	937.91	NaN	2.5174
1388422727920	NaN	NaN	1098.65	949.41	NaN	2.5294
1388422736254	NaN	NaN	1114.28	963.83	NaN	2.5246
1388422744588	NaN	NaN	1124.23	961.37	NaN	2.4953
1388422752920	NaN	NaN	1133.82	955.12	NaN	2.5247
1388422761254	NaN	NaN	1154.13	944.79	NaN	2.5176
1388422769586	NaN	NaN	1161.36	929.65	NaN	2.5344
1388422777919	600.13	679.39	1172.88	931.61	2.6732	2.5510
1388422786253	619.63	637.80	1176.23	928.43	2.7135	2.5666
1388422794579	638.59	630.26	1183.92	920.68	2.8172	2.5643
1388422802913	684.32	667.18	1185.86	913.88	2.7061	2.5811
1388422811248	693.95	696.27	1178.51	906.22	2.6951	2.5916
1388422819586	714.81	695.78	1189.50	903.97	2.6987	2.5896
1388422827918	752.81	698.71	1214.54	898.51	2.7153	2.6033
1388422836251	789.40	700.62	1222.85	880.54	2.7207	2.6066
1388422844583	813.20	690.31	1223.91	880.09	2.7105	2.6219
1388422852917	831.44	690.01	1222.06	882.60	2.7261	2.6217
1388422861250	855.12	677.40	1228.29	877.60	2.7277	2.6531
1388422869584	875.95	673.30	1227.80	868.55	2.7490	2.6505
1388422877917	904.99	663.14	1226.27	862.53	2.7419	2.6493
1388422886252	917.98	662.81	1227.21	863.66	2.7626	2.6433
1388422894585	923.03	661.52	1227.48	855.43	2.7466	2.6533
1388422902919	940.59	663.09	1230.84	847.20	2.7525	2.6532
1388422911252	949.51	656.93	1231.81	841.63	2.7679	2.6747
1388422919584	970.66	654.42	1232.47	837.18	2.7591	2.6593
1388422927918	983.71	650.05	1231.09	825.70	2.7463	2.6624
1388422936251	994.66	647.46	1238.09	821.26	2.7290	2.6727
1388422944582	1002.98	647.05	1232.94	819.73	2.7358	2.6781
1388422952918	1007.17	651.72	1233.56	813.37	2.6993	2.6628
1388422961251	1023.12	646.11	1235.64	805.57	2.7260	2.6600
1388422969585	1037.87	654.96	1239.74	803.50	2.7190	2.6657
1388422977918	1049.63	656.20	1237.64	812.82	2.7111	2.6664
1388422986251	1057.65	655.10	1244.26	811.64	2.7071	2.6635
1388422994584	1067.00	654.56	1248.12	797.22	2.7237	2.6508
1388423002917	1079.26	642.77	1244.14	806.21	2.6974	2.6521
1388423011250	1085.21	657.61	1247.39	802.34	2.6995	2.6636
1388423019583	1090.05	660.93	1243.52	804.50	2.7007	2.6646
1388423027917	1101.80	660.93	1240.89	801.16	2.6988	2.6572
1388423036250	1111.04	660.84	1240.39	796.59	2.7059	2.6715
1388423044583	1116.51	663.55	1253.50	797.30	2.7188	2.6409
1388423052917	1130.11	668.64	1254.05	793.12	2.6952	2.6560
1388423061250	1135.27	670.98	1259.95	792.42	2.6909	2.6620
1388423069583	1145.45	665.00	1263.03	790.90	2.6835	2.6545
1388423077916	1142.68	667.48	1272.71	791.46	2.6871	2.6611
1388423086256	1160.61	660.58	1281.03	794.93	2.6992	2.6548
1388423094589	1233.97	664.62	1356.42	788.68	2.6987	2.6877
1388423102923	1262.14	655.74	1390.53	773.90	2.7065	2.6836
1388423111256	1268.88	668.06	1369.75	773.18	2.7118	2.6705
1388423119589	1273.02	676.59	1365.86	776.18	2.7127	2.6884
1388423127922	1274.37	675.09	1362.00	781.68	2.7068	2.6903
1388423136256	1288.51	671.76	1366.33	780.52	2.7230	2.6846
1388423144589	1290.46	680.02	1359.43	781.91	2.7040	2.6899
1388423152921	1298.64	679.72	1363.77	783.21	2.7163	2.6881
1388423161255	1305.38	684.75	1358.49	783.46	2.7307	2.6907
1388423169589	1317.83	680.99	1360.91	782.16	2.7420	2.6835
1388423177922	1323.63	685.79	1361.87	786.22	2.7362	2.7061
1388423186255	1328.91	687.76	1366.65	789.72	2.7359	2.7090
1388423194588	1334.60	681.89	1364.42	789.44	2.7487	2.7086
1388423202922	1342.06	678.73	1363.39	787.08	2.7356	2.7179
1388423211255	1339.61	680.56	1367.18	785.85	2.7365	2.7093
1388423219593	1344.94	684.68	1371.35	778.67	2.7275	2.7094
1388423227926	1348.42	682.69	1369.41	785.14	2.7355	2.7253
1388423236259	1354.25	686.45	1369.52	782.59	2.7496	2.7119
1388423244593	1328.03	693.74	1359.41	791.20	2.7646	2.7317
1388423252926	1292.54	695.00	1334.37	781.03	2.7452	2.7345
1388423261259	1265.48	691.79	1315.01	780.13	2.7437	2.7295
1388423269593	1275.89	701.07	1325.94	782.60	2.7550	2.7282
1388423277926	1278.12	702.49	1316.10	786.83	2.7576	2.7573
1388423286259	1291.51	699.25	1327.54	791.27	2.7618	2.7506
1388423294593	1286.38	704.41	1326.62	786.45	2.7796	2.7592
1388423302925	1280.76	703.78	1334.48	786.37	2.7886	2.7541
1388423311258	1275.71	704.04	1327.26	784.54	2.7744	2.7594
1388423319591	1282.47	698.91	1328.55	783.14	2.7846	2.7689
1388423327925	1275.94	699.89	1324.47	778.11	2.7929	2.7671
1388423336258	1270.28	700.05	1322.30	786.15	2.7884	2.7944
1388423344594	1266.77	704.59	1325.89	780.94	2.8042	2.7789
1388423352927	1268.12	714.01	1315.94	789.58	2.8179	2.7993
1388423361260	1265.04	714.14	1318.39	781.25	2.8261	2.7768
1388423369594	1263.48	705.26	1321.45	789.34	2.8115	2.7734
1388423377926	1269.28	713.69	1325.25	790.58	2.8147	2.7792
1388423386259	1274.32	719.51	1318.68	796.47	2.8079	2.7940
1388423394592	1266.53	717.65	1323.57	796.77	2.8135	2.7866
1388423402925	1266.30	711.55	1331.00	787.25	2.8073	2.7902
1388423411259	1264.28	714.06	1325.36	788.39	2.8229	2.7985
1388423419592	1265.00	700.93	1323.68	780.21	2.8538	2.8134
1388423427925	1262.94	684.12	1324.89	774.62	2.8896	2.8353
1388423436259	1266.55	664.31	1331.00	766.89	2.9136	2.8536
1388423444592	1270.78	656.87	1334.21	762.82	2.9228	2.8397
1388423452925	1274.87	659.38	1332.37	750.58	2.9387	2.8743
1388423461259	1267.37	664.79	1341.24	759.85	2.9659	2.8712
1388423469591	1272.21	673.01	1345.01	724.17	2.9483	2.9182
1388423477930	1270.56	692.69	1342.82	727.41	2.9191	2.9345
1388423486264	1279.69	702.70	1346.26	731.69	2.9087	2.9364
1388423494606	1274.37	709.87	1353.79	740.91	2.9069	2.9284
1388423502939	1275.89	715.36	1347.25	755.11	2.8955	2.8963
1388423511272	1286.51	724.91	1365.25	772.41	2.8782	2.9045
1388423519605	1292.93	748.89	1365.44	797.33	2.8651	2.8719
1388423527939	1294.15	749.41	1356.92	803.29	2.8764	2.8941
1388423536264	1302.31	778.81	1385.85	817.44	2.8309	2.8458
1388423544596	1306.31	762.64	1383.31	834.32	2.8289	2.8558
1388423552929	1307.18	827.76	1378.38	847.10	2.8165	2.8446
1388423561263	1308.75	806.14	1380.08	861.28	2.8113	2.8098
1388423569596	1328.47	791.91	1366.82	873.70	2.7112	2.8633
1388423577930	1317.61	891.83	1390.42	879.75	2.8571	2.7547
1388423586263	1326.91	934.87	1413.06	904.43	2.8450	2.7140
1388423594596	1333.26	948.34	1418.30	901.29	2.8782	2.7001
1388423602929	1392.89	894.24	1383.07	944.19	2.5850	2.8732
1388423611277	1344.58	862.02	1422.09	922.42	2.6484	2.7150
1388423619610	1396.85	903.24	1395.53	952.94	2.5398	2.8790
1388423627943	1345.44	958.47	1417.11	937.32	2.8174	2.6959
1388423636276	1342.75	937.35	1408.26	952.17	2.8486	2.8369
1388423644609	1422.24	891.01	1430.78	941.77	2.4965	2.6912
1388423652943	1365.46	1085.28	1439.84	957.96	3.0524	2.6861
1388423661277	1373.34	958.66	1432.73	972.42	2.8596	2.6824
1388423669609	1360.17	1008.41	1428.18	1002.24	2.7678	2.7754
1388423677943	1420.26	964.80	1431.97	998.94	2.5158	2.7662
1388423686276	NaN	NaN	1381.45	992.63	NaN	2.6752
1388423694600	1367.23	992.16	1426.06	1035.69	2.6760	2.8082
1388423702942	1403.55	1040.84	1449.68	969.12	2.6441	2.6998
1388423711275	1451.33	996.18	1417.56	1041.45	2.5670	2.7863
1388423719600	1368.78	1034.86	1426.00	1017.12	2.7857	2.7780
1388423727942	1453.62	840.83	1489.00	989.74	2.3321	2.5934
1388423736270	1450.76	883.14	1444.30	977.37	2.2471	2.7398
1388423744612	1494.27	885.19	1478.06	1012.72	2.0479	2.5618
1388423752936	1428.18	874.47	1419.78	1067.50	2.2681	2.8135
1388423761270	1495.76	881.64	1421.05	1039.27	2.0106	2.6561
1388423769603	1479.73	847.98	NaN	NaN	2.0911	NaN
1388423777937	1511.75	889.61	NaN	NaN	1.9460	NaN
1388423786269	NaN	NaN	1509.63	984.79	NaN	2.3635
1388423794602	1432.14	1103.85	1387.37	1093.58	2.5953	2.7676
1388423802937	NaN	NaN	1463.89	1041.25	NaN	2.5295
1388423811271	NaN	NaN	1448.04	1041.29	NaN	2.4558
1388423819611	1384.64	1101.76	1392.09	1157.37	2.6001	2.7775
1388423827944	NaN	NaN	1400.54	1084.87	NaN	2.6468
1388423836277	1465.22	1019.03	1436.51	1090.99	2.1396	2.6314
1388423844611	NaN	NaN	1430.73	1110.04	NaN	2.6526
1388423852943	1352.42	1233.72	1424.53	1113.51	2.7654	2.6174
1388423861268	NaN	NaN	NaN	NaN	NaN	NaN
1388423869608	1469.36	930.48	1367.64	1167.57	1.9119	2.8571
1388423877950	NaN	NaN	1387.73	1119.27	NaN	2.6254
1388423886275	1402.88	1134.95	NaN	NaN	2.3805	NaN
1388423894608	1440.37	1340.73	1384.67	1177.78	3.1918	2.7782
1388423902942	1350.63	1219.99	NaN	NaN	2.6947	NaN
1388423911275	1352.56	1096.52	1559.25	996.68	2.4351	2.0396
1388423919617	NaN	NaN	1366.78	1228.07	NaN	2.7883
1388423927949	NaN	NaN	1431.10	1195.34	NaN	2.5957
1388423936274	NaN	NaN	1599.35	1015.34	NaN	1.9939
1388423944616	NaN	NaN	NaN	NaN	NaN	NaN
1388423952949	NaN	NaN	1451.53	1204.74	NaN	2.6238
1388423961282	NaN	NaN	1443.67	1213.21	NaN	2.5668
1388423969616	1410.87	1299.22	1435.73	1207.82	2.6476	2.6197
1388423977949	NaN	NaN	1453.49	1193.99	NaN	2.6114
1388423986282	NaN	NaN	NaN	NaN	NaN	NaN
1388423994615	1457.29	1163.71	1469.20	1230.44	2.0841	2.5434
1388424002953	1510.57	1065.11	NaN	NaN	1.6686	NaN
1388424011276	NaN	NaN	NaN	NaN	NaN	NaN
1388424019618	NaN	NaN	1443.22	1360.88	NaN	2.9454
1388424027944	NaN	NaN	1479.67	1207.49	NaN	2.4378
1388424036277	1457.05	1120.10	1449.35	1283.76	1.8452	2.6273
1388424044610	1557.55	1034.35	1461.93	1285.09	1.3420	2.5998
1388424052943	NaN	NaN	NaN	NaN	NaN	NaN
1388424061277	NaN	NaN	1470.84	1267.62	NaN	2.5851
1388424069612	NaN	NaN	1345.18	1114.59	NaN	2.0090
1388424077945	NaN	NaN	NaN	NaN	NaN	NaN
1388424086277	1446.94	1302.22	NaN	NaN	2.4155	NaN
1388424094617	NaN	NaN	NaN	NaN	NaN	NaN
1388424102950	NaN	NaN	NaN	NaN	NaN	NaN
1388424111284	NaN	NaN	1461.84	1310.37	NaN	2.4701
1388424119608	NaN	NaN	NaN	NaN	NaN	NaN
1388424127950	1376.03	1322.33	NaN	NaN	2.3140	NaN
1388424136280	NaN	NaN	1447.56	1150.72	NaN	1.7979
1388424144614	NaN	NaN	1593.20	1134.45	NaN	1.8422
1388424152947	NaN	NaN	NaN	NaN	NaN	NaN
1388424161279	NaN	NaN	NaN	NaN	NaN	NaN
1388424169621	NaN	NaN	NaN	NaN	NaN	NaN
1388424177954	NaN	NaN	NaN	NaN	NaN	NaN
1388424186288	NaN	NaN	NaN	NaN	NaN	NaN
1388424194612	NaN	NaN	NaN	NaN	NaN	NaN
1388424202954	NaN	NaN	1484.96	1337.80	NaN	2.3032
1388424211288	NaN	NaN	1386.84	1458.70	NaN	2.6609
1388424219621	NaN	NaN	1394.37	1451.42	NaN	2.5771
1388424227954	NaN	NaN	NaN	NaN	NaN	NaN
1388424236281	NaN	NaN	1434.72	1543.01	NaN	2.6400
1388424244614	NaN	NaN	NaN	NaN	NaN	NaN
1388424252947	NaN	NaN	1399.80	1482.53	NaN	2.4856
1388424261283	NaN	NaN	NaN	NaN	NaN	NaN
1388424269616	NaN	NaN	1434.87	1477.46	NaN	2.5120
1388424277949	NaN	NaN	1385.71	1436.26	NaN	2.5511
1388424286283	1269.79	1252.65	NaN	NaN	1.7527	NaN
1388424294617	NaN	NaN	1372.87	1419.34	NaN	2.1958
1388424302958	NaN	NaN	1404.90	1478.06	NaN	2.3817
1388424311282	NaN	NaN	1423.14	1552.03	NaN	2.5980
1388424319615	NaN	NaN	NaN	NaN	NaN	NaN
1388424327948	NaN	NaN	1220.25	1281.67	NaN	1.4816
1388424336282	NaN	NaN	NaN	NaN	NaN	NaN
1388424344615	NaN	NaN	NaN	NaN	NaN	NaN
1388424352948	NaN	NaN	NaN	NaN	NaN	NaN
1388424361282	NaN	NaN	1275.21	1596.44	NaN	2.3934
1388424369615	NaN	NaN	NaN	NaN	NaN	NaN
1388424377948	NaN	NaN	NaN	NaN	NaN	NaN
1388424386281	NaN	NaN	NaN	NaN	NaN	NaN
1388424394619	NaN	NaN	1308.60	1537.35	NaN	2.0974
1388424402952	NaN	NaN	NaN	NaN	NaN	NaN
1388424411285	NaN	NaN	NaN	NaN	NaN	NaN
1388424419619	NaN	NaN	NaN	NaN	NaN	NaN
1388424427952	NaN	NaN	NaN	NaN	NaN	NaN
1388424436285	NaN	NaN	NaN	NaN	NaN	NaN
1388424444619	NaN	NaN	1416.46	1622.39	NaN	2.3537
1388424452952	NaN	NaN	NaN	NaN	NaN	NaN
1388424461286	NaN	NaN	1430.58	1560.70	NaN	2.1212
1388424469626	NaN	NaN	NaN	NaN	NaN	NaN
1388424477960	NaN	NaN	1251.30	1477.75	NaN	1.6505
1388424486293	NaN	NaN	NaN	NaN	NaN	NaN
1388424494626	NaN	NaN	NaN	NaN	NaN	NaN
1388424502959	NaN	NaN	NaN	NaN	NaN	NaN
1388424511293	NaN	NaN	1186.67	1430.34	NaN	1.4290
1388424519626	NaN	NaN	NaN	NaN	NaN	NaN
1388424527964	NaN	NaN	NaN	NaN	NaN	NaN
1388424536298	NaN	NaN	NaN	NaN	NaN	NaN
1388424544631	NaN	NaN	NaN	NaN	NaN	NaN
1388424552964	1250.87	1399.25	NaN	NaN	1.4870	NaN
1388424561297	NaN	NaN	NaN	NaN	NaN	NaN
1388424569630	NaN	NaN	NaN	NaN	NaN	NaN
1388424577955	NaN	NaN	1429.34	1690.66	NaN	2.1763
1388424586290	NaN	NaN	NaN	NaN	NaN	NaN
1388424594622	NaN	NaN	NaN	NaN	NaN	NaN
1388424602955	NaN	NaN	NaN	NaN	NaN	NaN
1388424611288	NaN	NaN	NaN	NaN	NaN	NaN
1388424619622	NaN	NaN	NaN	NaN	NaN	NaN
1388424627954	NaN	NaN	NaN	NaN	NaN	NaN
1388424636289	NaN	NaN	NaN	NaN	NaN	NaN
1388424644623	NaN	NaN	NaN	NaN	NaN	NaN
1388424652957	NaN	NaN	NaN	NaN	NaN	NaN
1388424661290	NaN	NaN	NaN	NaN	NaN	NaN
1388424669623	NaN	NaN	NaN	NaN	NaN	NaN
1388424677957	NaN	NaN	NaN	NaN	NaN	NaN
1388424686290	NaN	NaN	NaN	NaN	NaN	NaN
1388424694624	NaN	NaN	NaN	NaN	NaN	NaN
1388424702956	NaN	NaN	NaN	NaN	NaN	NaN
1388424711289	NaN	NaN	NaN	NaN	NaN	NaN
1388424719622	NaN	NaN	NaN	NaN	NaN	NaN
1388424727955	NaN	NaN	NaN	NaN	NaN	NaN
1388424736287	NaN	NaN	NaN	NaN	NaN	NaN
1388424744621	NaN	NaN	NaN	NaN	NaN	NaN
1388424752954	NaN	NaN	NaN	NaN	NaN	NaN
1388424761289	NaN	NaN	NaN	NaN	NaN	NaN
1388424769623	NaN	NaN	NaN	NaN	NaN	NaN
1388424777956	NaN	NaN	NaN	NaN	NaN	NaN
1388424786295	NaN	NaN	NaN	NaN	NaN	NaN
1388424794629	NaN	NaN	NaN	NaN	NaN	NaN
1388424802960	NaN	NaN	NaN	NaN	NaN	NaN
1388424811293	NaN	NaN	NaN	NaN	NaN	NaN
1388424819627	NaN	NaN	NaN	NaN	NaN	NaN
1388424827960	NaN	NaN	NaN	NaN	NaN	NaN
1388424836293	NaN	NaN	NaN	NaN	NaN	NaN
1388424844627	NaN	NaN	NaN	NaN	NaN	NaN
1388424852960	NaN	NaN	NaN	NaN	NaN	NaN
1388424861292	NaN	NaN	NaN	NaN	NaN	NaN
1388424869625	NaN	NaN	NaN	NaN	NaN	NaN
1388424877959	NaN	NaN	NaN	NaN	NaN	NaN
1388424886292	NaN	NaN	NaN	NaN	NaN	NaN
1388424894625	NaN	NaN	NaN	NaN	NaN	NaN
1388424902959	NaN	NaN	NaN	NaN	NaN	NaN
1388424911292	NaN	NaN	NaN	NaN	NaN	NaN
1388424919631	NaN	NaN	NaN	NaN	NaN	NaN
1388424927964	NaN	NaN	NaN	NaN	NaN	NaN
1388424936297	NaN	NaN	NaN	NaN	NaN	NaN
1388424944630	NaN	NaN	NaN	NaN	NaN	NaN
1388424952963	NaN	NaN	NaN	NaN	NaN	NaN
1388424961299	NaN	NaN	NaN	NaN	NaN	NaN
1388424969633	NaN	NaN	NaN	NaN	NaN	NaN
1388424977963	NaN	NaN	NaN	NaN	NaN	NaN
1388424986299	NaN	NaN	NaN	NaN	NaN	NaN
1388424994632	NaN	NaN	NaN	NaN	NaN	NaN
1388425002963	NaN	NaN	NaN	NaN	NaN	NaN
1388425011297	NaN	NaN	NaN	NaN	NaN	NaN
1388425019631	NaN	NaN	NaN	NaN	NaN	NaN
1388425027963	NaN	NaN	NaN	NaN	NaN	NaN
1388425036296	NaN	NaN	NaN	NaN	NaN	NaN
1388425044629	NaN	NaN	NaN	NaN	NaN	NaN
1388425052969	NaN	NaN	NaN	NaN	NaN	NaN
1388425061301	NaN	NaN	NaN	NaN	NaN	NaN
1388425069634	NaN	NaN	NaN	NaN	NaN	NaN
1388425077968	NaN	NaN	NaN	NaN	NaN	NaN
1388425086301	NaN	NaN	NaN	NaN	NaN	NaN
1388425094635	NaN	NaN	NaN	NaN	NaN	NaN
1388425102968	NaN	NaN	NaN	NaN	NaN	NaN
1388425111256	NaN	NaN	NaN	NaN	NaN	NaN
1388425119544	NaN	NaN	NaN	NaN	NaN	NaN
1388425127832	NaN	NaN	NaN	NaN	NaN	NaN
1388425136165	NaN	NaN	NaN	NaN	NaN	NaN
1388425144499	NaN	NaN	NaN	NaN	NaN	NaN
1388425152832	NaN	NaN	NaN	NaN	NaN	NaN
1388425161165	NaN	NaN	NaN	NaN	NaN	NaN
1388425169498	NaN	NaN	NaN	NaN	NaN	NaN
1388425177878	NaN	NaN	NaN	NaN	NaN	NaN
1388425186258	NaN	NaN	NaN	NaN	NaN	NaN
1388425194638	NaN	NaN	NaN	NaN	NaN	NaN
1388425202971	NaN	NaN	NaN	NaN	NaN	NaN
1388425211304	NaN	NaN	NaN	NaN	NaN	NaN
1388425219638	NaN	NaN	NaN	NaN	NaN	NaN
1388425227972	NaN	NaN	NaN	NaN	NaN	NaN
1388425236305	NaN	NaN	NaN	NaN	NaN	NaN
1388425244637	NaN	NaN	NaN	NaN	NaN	NaN
1388425252971	NaN	NaN	NaN	NaN	NaN	NaN
1388425261303	NaN	NaN	NaN	NaN	NaN	NaN
1388425269637	NaN	NaN	NaN	NaN	NaN	NaN
1388425277970	NaN	NaN	NaN	NaN	NaN	NaN
1388425286304	NaN	NaN	NaN	NaN	NaN	NaN
1388425294637	NaN	NaN	NaN	NaN	NaN	NaN
1388425302971	NaN	NaN	NaN	NaN	NaN	NaN
1388425311308	NaN	NaN	NaN	NaN	NaN	NaN
1388425319641	NaN	NaN	NaN	NaN	NaN	NaN
1388425327973	NaN	NaN	NaN	NaN	NaN	NaN
1388425336306	NaN	NaN	NaN	NaN	NaN	NaN
1388425344640	NaN	NaN	NaN	NaN	NaN	NaN
1388425352973	NaN	NaN	NaN	NaN	NaN	NaN
1388425361307	NaN	NaN	NaN	NaN	NaN	NaN
1388425369640	NaN	NaN	NaN	NaN	NaN	NaN
1388425377974	NaN	NaN	NaN	NaN	NaN	NaN
1388425386307	NaN	NaN	NaN	NaN	NaN	NaN
1388425394640	NaN	NaN	NaN	NaN	NaN	NaN
1388425402972	NaN	NaN	NaN	NaN	NaN	NaN
1388425411306	NaN	NaN	NaN	NaN	NaN	NaN
1388425419639	NaN	NaN	NaN	NaN	NaN	NaN
1388425427973	NaN	NaN	NaN	NaN	NaN	NaN
1388425436306	NaN	NaN	NaN	NaN	NaN	NaN
1388425444645	NaN	NaN	NaN	NaN	NaN	NaN
1388425452979	NaN	NaN	NaN	NaN	NaN	NaN
1388425461312	NaN	NaN	NaN	NaN	NaN	NaN
1388425469645	NaN	NaN	NaN	NaN	NaN	NaN
1388425477977	NaN	NaN	NaN	NaN	NaN	NaN
1388425486310	NaN	NaN	NaN	NaN	NaN	NaN
1388425494644	NaN	NaN	NaN	NaN	NaN	NaN
1388425502977	NaN	NaN	NaN	NaN	NaN	NaN
1388425511311	NaN	NaN	NaN	NaN	NaN	NaN
1388425519644	NaN	NaN	NaN	NaN	NaN	NaN
1388425527978	NaN	NaN	NaN	NaN	NaN	NaN
1388425536311	NaN	NaN	NaN	NaN	NaN	NaN
1388425544644	NaN	NaN	NaN	NaN	NaN	NaN
1388425552977	NaN	NaN	NaN	NaN	NaN	NaN
1388425561309	NaN	NaN	NaN	NaN	NaN	NaN
1388425569643	NaN	NaN	NaN	NaN	NaN	NaN
1388425577981	NaN	NaN	NaN	NaN	NaN	NaN
1388425586314	NaN	NaN	NaN	NaN	NaN	NaN
1388425594648	NaN	NaN	NaN	NaN	NaN	NaN
1388425602982	NaN	NaN	NaN	NaN	NaN	NaN
1388425611315	NaN	NaN	NaN	NaN	NaN	NaN
1388425619648	NaN	NaN	NaN	NaN	NaN	NaN
1388425627981	NaN	NaN	NaN	NaN	NaN	NaN
1388425636313	NaN	NaN	NaN	NaN	NaN	NaN
1388425644647	NaN	NaN	NaN	NaN	NaN	NaN
1388425652980	NaN	NaN	NaN	NaN	NaN	NaN
1388425661313	NaN	NaN	NaN	NaN	NaN	NaN
1388425669601	NaN	NaN	NaN	NaN	NaN	NaN
1388425677889	NaN	NaN	NaN	NaN	NaN	NaN
1388425686177	NaN	NaN	NaN	NaN	NaN	NaN
1388425694512	NaN	NaN	NaN	NaN	NaN	NaN
1388425702848	NaN	NaN	NaN	NaN	NaN	NaN
1388425711180	NaN	NaN	NaN	NaN	NaN	NaN
1388425719513	NaN	NaN	NaN	NaN	NaN	NaN
1388425727880	NaN	NaN	NaN	NaN	NaN	NaN
1388425736247	NaN	NaN	NaN	NaN	NaN	NaN
1388425744614	NaN	NaN	NaN	NaN	NaN	NaN
1388425752983	NaN	NaN	NaN	NaN	NaN	NaN
1388425761317	NaN	NaN	NaN	NaN	NaN	NaN
1388425769650	NaN	NaN	NaN	NaN	NaN	NaN
1388425777983	NaN	NaN	NaN	NaN	NaN	NaN
1388425786316	NaN	NaN	NaN	NaN	NaN	NaN
1388425794648	NaN	NaN	NaN	NaN	NaN	NaN
1388425802982	NaN	NaN	NaN	NaN	NaN	NaN
1388425811315	NaN	NaN	NaN	NaN	NaN	NaN
1388425819649	NaN	NaN	NaN	NaN	NaN	NaN
1388425827982	NaN	NaN	NaN	NaN	NaN	NaN
1388425836321	NaN	NaN	NaN	NaN	NaN	NaN
1388425844654	NaN	NaN	NaN	NaN	NaN	NaN
1388425852987	NaN	NaN	NaN	NaN	NaN	NaN
1388425861321	NaN	NaN	NaN	NaN	NaN	NaN
1388425869654	NaN	NaN	NaN	NaN	NaN	NaN
1388425877987	NaN	NaN	NaN	NaN	NaN	NaN
1388425886320	NaN	NaN	NaN	NaN	NaN	NaN
1388425894652	NaN	NaN	NaN	NaN	NaN	NaN
1388425902986	NaN	NaN	NaN	NaN	NaN	NaN
1388425911320	NaN	NaN	NaN	NaN	NaN	NaN
1388425919653	NaN	NaN	NaN	NaN	NaN	NaN
1388425927986	NaN	NaN	NaN	NaN	NaN	NaN
1388425936319	NaN	NaN	NaN	NaN	NaN	NaN
1388425944652	NaN	NaN	NaN	NaN	NaN	NaN
1388425952986	NaN	NaN	NaN	NaN	NaN	NaN
1388425961319	NaN	NaN	NaN	NaN	NaN	NaN
1388425969659	NaN	NaN	NaN	NaN	NaN	NaN
1388425977991	NaN	NaN	NaN	NaN	NaN	NaN
1388425986326	NaN	NaN	NaN	NaN	NaN	NaN
1388425994659	NaN	NaN	NaN	NaN	NaN	NaN
1388426002992	NaN	NaN	NaN	NaN	NaN	NaN
1388426011325	NaN	NaN	NaN	NaN	NaN	NaN
1388426019657	NaN	NaN	NaN	NaN	NaN	NaN
1388426027991	NaN	NaN	NaN	NaN	NaN	NaN
1388426036324	NaN	NaN	NaN	NaN	NaN	NaN
1388426044658	NaN	NaN	NaN	NaN	NaN	NaN
1388426052991	NaN	NaN	NaN	NaN	NaN	NaN
1388426061325	NaN	NaN	NaN	NaN	NaN	NaN
1388426069658	NaN	NaN	NaN	NaN	NaN	NaN
1388426077991	NaN	NaN	NaN	NaN	NaN	NaN
1388426086324	NaN	NaN	NaN	NaN	NaN	NaN
1388426094657	NaN	NaN	NaN	NaN	NaN	NaN
1388426102992	NaN	NaN	NaN	NaN	NaN	NaN
1388426111325	NaN	NaN	NaN	NaN	NaN	NaN
1388426119659	NaN	NaN	NaN	NaN	NaN	NaN
1388426127992	NaN	NaN	NaN	NaN	NaN	NaN
1388426136326	NaN	NaN	NaN	NaN	NaN	NaN
1388426144659	NaN	NaN	NaN	NaN	NaN	NaN
1388426152992	NaN	NaN	NaN	NaN	NaN	NaN
1388426161325	NaN	NaN	NaN	NaN	NaN	NaN
1388426169658	NaN	NaN	NaN	NaN	NaN	NaN
1388426177991	NaN	NaN	NaN	NaN	NaN	NaN
1388426186324	NaN	NaN	NaN	NaN	NaN	NaN
1388426194657	NaN	NaN	NaN	NaN	NaN	NaN
1388426202991	NaN	NaN	NaN	NaN	NaN	NaN
1388426211324	NaN	NaN	NaN	NaN	NaN	NaN
1388426219657	NaN	NaN	NaN	NaN	NaN	NaN
1388426227990	NaN	NaN	NaN	NaN	NaN	NaN
1388426236194	NaN	NaN	NaN	NaN	NaN	NaN
1388426244527	NaN	NaN	NaN	NaN	NaN	NaN
1388426252859	NaN	NaN	NaN	NaN	NaN	NaN
1388426261192	NaN	NaN	NaN	NaN	NaN	NaN
1388426269525	NaN	NaN	NaN	NaN	NaN	NaN
1388426277859	NaN	NaN	NaN	NaN	NaN	NaN
1388426286192	NaN	NaN	NaN	NaN	NaN	NaN
1388426294526	NaN	NaN	NaN	NaN	NaN	NaN
1388426302859	NaN	NaN	NaN	NaN	NaN	NaN
1388426311264	NaN	NaN	NaN	NaN	NaN	NaN
1388426319669	NaN	NaN	NaN	NaN	NaN	NaN
1388426328002	NaN	NaN	NaN	NaN	NaN	NaN
1388426336334	NaN	NaN	NaN	NaN	NaN	NaN
1388426344668	NaN	NaN	NaN	NaN	NaN	NaN
1388426353004	NaN	NaN	NaN	NaN	NaN	NaN
1388426361337	NaN	NaN	NaN	NaN	NaN	NaN
1388426369671	NaN	NaN	NaN	NaN	NaN	NaN
1388426378004	NaN	NaN	NaN	NaN	NaN	NaN
1388426386338	NaN	NaN	NaN	NaN	NaN	NaN
1388426394671	NaN	NaN	NaN	NaN	NaN	NaN
1388426403004	NaN	NaN	NaN	NaN	NaN	NaN
1388426411337	NaN	NaN	NaN	NaN	NaN	NaN
1388426419670	NaN	NaN	NaN	NaN	NaN	NaN
1388426428003	NaN	NaN	NaN	NaN	NaN	NaN
1388426436336	NaN	NaN	NaN	NaN	NaN	NaN
1388426444670	NaN	NaN	NaN	NaN	NaN	NaN
1388426453003	NaN	NaN	NaN	NaN	NaN	NaN
1388426461337	NaN	NaN	NaN	NaN	NaN	NaN
1388426469670	NaN	NaN	NaN	NaN	NaN	NaN
1388426478004	NaN	NaN	NaN	NaN	NaN	NaN
1388426486336	NaN	NaN	NaN	NaN	NaN	NaN
1388426494676	NaN	NaN	NaN	NaN	NaN	NaN
1388426503009	NaN	NaN	NaN	NaN	NaN	NaN
1388426511342	NaN	NaN	NaN	NaN	NaN	NaN
1388426519676	NaN	NaN	NaN	NaN	NaN	NaN
1388426528009	NaN	NaN	NaN	NaN	NaN	NaN
1388426536343	NaN	NaN	NaN	NaN	NaN	NaN
1388426544676	NaN	NaN	NaN	NaN	NaN	NaN
1388426553009	NaN	NaN	NaN	NaN	NaN	NaN
1388426561343	NaN	NaN	NaN	NaN	NaN	NaN
1388426569675	NaN	NaN	NaN	NaN	NaN	NaN
1388426578008	NaN	NaN	NaN	NaN	NaN	NaN
1388426586342	NaN	NaN	NaN	NaN	NaN	NaN
1388426594675	NaN	NaN	NaN	NaN	NaN	NaN
1388426603008	NaN	NaN	NaN	NaN	NaN	NaN
1388426611341	NaN	NaN	NaN	NaN	NaN	NaN
1388426619679	NaN	NaN	NaN	NaN	NaN	NaN
1388426628012	NaN	NaN	NaN	NaN	NaN	NaN
1388426636346	NaN	NaN	NaN	NaN	NaN	NaN
1388426644679	NaN	NaN	NaN	NaN	NaN	NaN
1388426653012	NaN	NaN	NaN	NaN	NaN	NaN
1388426661345	NaN	NaN	NaN	NaN	NaN	NaN
1388426669678	NaN	NaN	NaN	NaN	NaN	NaN
1388426678011	NaN	NaN	NaN	NaN	NaN	NaN
1388426686344	NaN	NaN	NaN	NaN	NaN	NaN
1388426694678	NaN	NaN	NaN	NaN	NaN	NaN
1388426703011	NaN	NaN	NaN	NaN	NaN	NaN
1388426711345	NaN	NaN	NaN	NaN	NaN	NaN
1388426719678	NaN	NaN	NaN	NaN	NaN	NaN
1388426728011	NaN	NaN	NaN	NaN	NaN	NaN
1388426736344	NaN	NaN	NaN	NaN	NaN	NaN
1388426744677	NaN	NaN	NaN	NaN	NaN	NaN
1388426753015	NaN	NaN	NaN	NaN	NaN	NaN
1388426761348	NaN	NaN	NaN	NaN	NaN	NaN
1388426769682	NaN	NaN	NaN	NaN	NaN	NaN
1388426778015	NaN	NaN	NaN	NaN	NaN	NaN
1388426786349	NaN	NaN	NaN	NaN	NaN	NaN
1388426794682	NaN	NaN	NaN	NaN	NaN	NaN
1388426803015	NaN	NaN	NaN	NaN	NaN	NaN
1388426811277	NaN	NaN	NaN	NaN	NaN	NaN
1388426819539	NaN	NaN	NaN	NaN	NaN	NaN
1388426827872	NaN	NaN	NaN	NaN	NaN	NaN
1388426836205	NaN	NaN	NaN	NaN	NaN	NaN
1388426844538	NaN	NaN	NaN	NaN	NaN	NaN
1388426852871	NaN	NaN	NaN	NaN	NaN	NaN
1388426861205	NaN	NaN	NaN	NaN	NaN	NaN
1388426869586	NaN	NaN	NaN	NaN	NaN	NaN
1388426877966	NaN	NaN	NaN	NaN	NaN	NaN
1388426886347	NaN	NaN	NaN	NaN	NaN	NaN
1388426894680	NaN	NaN	NaN	NaN	NaN	NaN
1388426903014	NaN	NaN	NaN	NaN	NaN	NaN
1388426911347	NaN	NaN	NaN	NaN	NaN	NaN
1388426919680	NaN	NaN	NaN	NaN	NaN	NaN
1388426928013	NaN	NaN	NaN	NaN	NaN	NaN
1388426936346	NaN	NaN	NaN	NaN	NaN	NaN
1388426944680	NaN	NaN	NaN	NaN	NaN	NaN
1388426953012	NaN	NaN	NaN	NaN	NaN	NaN
1388426961346	NaN	NaN	NaN	NaN	NaN	NaN
1388426969679	NaN	NaN	NaN	NaN	NaN	NaN
1388426978013	NaN	NaN	NaN	NaN	NaN	NaN
1388426986346	NaN	NaN	NaN	NaN	NaN	NaN
1388426994679	NaN	NaN	NaN	NaN	NaN	NaN
1388427003012	NaN	NaN	NaN	NaN	NaN	NaN
1388427011345	NaN	NaN	NaN	NaN	NaN	NaN
1388427019684	NaN	NaN	NaN	NaN	NaN	NaN
1388427028017	NaN	NaN	NaN	NaN	NaN	NaN
1388427036350	NaN	NaN	NaN	NaN	NaN	NaN
1388427044683	NaN	NaN	NaN	NaN	NaN	NaN
1388427053017	NaN	NaN	NaN	NaN	NaN	NaN
1388427061349	NaN	NaN	NaN	NaN	NaN	NaN
1388427069683	NaN	NaN	NaN	NaN	NaN	NaN
1388427078016	NaN	NaN	NaN	NaN	NaN	NaN
1388427086349	NaN	NaN	NaN	NaN	NaN	NaN
1388427094683	NaN	NaN	NaN	NaN	NaN	NaN
1388427103016	NaN	NaN	NaN	NaN	NaN	NaN
1388427111349	NaN	NaN	NaN	NaN	NaN	NaN
1388427119682	NaN	NaN	NaN	NaN	NaN	NaN
1388427128015	NaN	NaN	NaN	NaN	NaN	NaN
1388427136349	NaN	NaN	NaN	NaN	NaN	NaN
1388427144685	NaN	NaN	NaN	NaN	NaN	NaN
1388427153018	NaN	NaN	NaN	NaN	NaN	NaN
1388427161352	NaN	NaN	NaN	NaN	NaN	NaN
1388427169685	NaN	NaN	NaN	NaN	NaN	NaN
1388427178019	NaN	NaN	NaN	NaN	NaN	NaN
1388427186351	NaN	NaN	NaN	NaN	NaN	NaN
1388427194684	NaN	NaN	NaN	NaN	NaN	NaN
1388427203018	NaN	NaN	NaN	NaN	NaN	NaN
1388427211351	NaN	NaN	NaN	NaN	NaN	NaN
1388427219684	NaN	NaN	NaN	NaN	NaN	NaN
1388427228017	NaN	NaN	NaN	NaN	NaN	NaN
1388427236350	NaN	NaN	NaN	NaN	NaN	NaN
1388427244684	NaN	NaN	NaN	NaN	NaN	NaN
1388427253017	NaN	NaN	NaN	NaN	NaN	NaN
1388427261350	NaN	NaN	NaN	NaN	NaN	NaN
1388427269683	NaN	NaN	NaN	NaN	NaN	NaN
1388427278021	NaN	NaN	NaN	NaN	NaN	NaN
1388427286354	NaN	NaN	NaN	NaN	NaN	NaN
1388427294688	NaN	NaN	NaN	NaN	NaN	NaN
1388427303022	NaN	NaN	NaN	NaN	NaN	NaN
1388427311355	NaN	NaN	NaN	NaN	NaN	NaN
1388427319688	NaN	NaN	NaN	NaN	NaN	NaN
1388427328021	NaN	NaN	NaN	NaN	NaN	NaN
1388427336354	NaN	NaN	NaN	NaN	NaN	NaN
1388427344688	NaN	NaN	NaN	NaN	NaN	NaN
1388427353021	NaN	NaN	NaN	NaN	NaN	NaN
1388427361308	NaN	NaN	NaN	NaN	NaN	NaN
1388427369595	NaN	NaN	NaN	NaN	NaN	NaN
1388427377883	NaN	NaN	NaN	NaN	NaN	NaN
1388427386216	NaN	NaN	NaN	NaN	NaN	NaN
1388427394550	NaN	NaN	NaN	NaN	NaN	NaN
1388427402883	NaN	NaN	NaN	NaN	NaN	NaN
1388427411216	NaN	NaN	NaN	NaN	NaN	NaN
1388427419550	NaN	NaN	NaN	NaN	NaN	NaN
1388427427930	NaN	NaN	NaN	NaN	NaN	NaN
1388427436310	NaN	NaN	NaN	NaN	NaN	NaN
1388427444692	NaN	NaN	NaN	NaN	NaN	NaN
1388427453025	NaN	NaN	NaN	NaN	NaN	NaN
1388427461358	NaN	NaN	NaN	NaN	NaN	NaN
1388427469691	NaN	NaN	NaN	NaN	NaN	NaN
1388427478024	NaN	NaN	NaN	NaN	NaN	NaN
1388427486357	NaN	NaN	NaN	NaN	NaN	NaN
1388427494690	NaN	NaN	NaN	NaN	NaN	NaN
1388427503024	NaN	NaN	NaN	NaN	NaN	NaN
1388427511357	NaN	NaN	NaN	NaN	NaN	NaN
1388427519690	NaN	NaN	NaN	NaN	NaN	NaN
1388427528024	NaN	NaN	NaN	NaN	NaN	NaN
1388427536357	NaN	NaN	NaN	NaN	NaN	NaN
1388427544694	NaN	NaN	NaN	NaN	NaN	NaN
1388427553027	NaN	NaN	NaN	NaN	NaN	NaN
1388427561360	NaN	NaN	NaN	NaN	NaN	NaN
1388427569693	NaN	NaN	NaN	NaN	NaN	NaN
1388427578027	NaN	NaN	NaN	NaN	NaN	NaN
1388427586360	NaN	NaN	NaN	NaN	NaN	NaN
1388427594694	NaN	NaN	NaN	NaN	NaN	NaN
1388427603027	NaN	NaN	NaN	NaN	NaN	NaN
1388427611360	NaN	NaN	NaN	NaN	NaN	NaN
1388427619693	NaN	NaN	NaN	NaN	NaN	NaN
1388427628026	NaN	NaN	NaN	NaN	NaN	NaN
1388427636359	NaN	NaN	NaN	NaN	NaN	NaN
1388427644692	NaN	NaN	NaN	NaN	NaN	NaN
1388427653026	NaN	NaN	NaN	NaN	NaN	NaN
1388427661359	NaN	NaN	NaN	NaN	NaN	NaN
1388427669696	NaN	NaN	NaN	NaN	NaN	NaN
1388427678029	NaN	NaN	NaN	NaN	NaN	NaN
1388427686362	NaN	NaN	NaN	NaN	NaN	NaN
1388427694695	NaN	NaN	NaN	NaN	NaN	NaN
1388427703029	NaN	NaN	NaN	NaN	NaN	NaN
1388427711362	NaN	NaN	NaN	NaN	NaN	NaN
1388427719696	NaN	NaN	NaN	NaN	NaN	NaN
1388427728028	NaN	NaN	NaN	NaN	NaN	NaN
1388427736361	NaN	NaN	NaN	NaN	NaN	NaN
1388427744695	NaN	NaN	NaN	NaN	NaN	NaN
1388427753028	NaN	NaN	NaN	NaN	NaN	NaN
1388427761361	NaN	NaN	NaN	NaN	NaN	NaN
1388427769694	NaN	NaN	NaN	NaN	NaN	NaN
1388427778028	NaN	NaN	NaN	NaN	NaN	NaN
1388427786361	NaN	NaN	NaN	NaN	NaN	NaN
1388427794694	NaN	NaN	NaN	NaN	NaN	NaN
1388427803034	NaN	NaN	NaN	NaN	NaN	NaN
1388427811367	NaN	NaN	NaN	NaN	NaN	NaN
1388427819701	NaN	NaN	NaN	NaN	NaN	NaN
1388427828034	NaN	NaN	NaN	NaN	NaN	NaN
1388427836367	NaN	NaN	NaN	NaN	NaN	NaN
1388427844701	NaN	NaN	NaN	NaN	NaN	NaN
1388427853034	NaN	NaN	NaN	NaN	NaN	NaN
1388427861367	NaN	NaN	NaN	NaN	NaN	NaN
1388427869700	NaN	NaN	NaN	NaN	NaN	NaN
1388427878034	NaN	NaN	NaN	NaN	NaN	NaN
1388427886366	NaN	NaN	NaN	NaN	NaN	NaN
1388427894700	NaN	NaN	NaN	NaN	NaN	NaN
1388427903033	NaN	NaN	NaN	NaN	NaN	NaN
1388427911370	NaN	NaN	NaN	NaN	NaN	NaN
1388427919658	NaN	NaN	NaN	NaN	NaN	NaN
1388427927946	NaN	NaN	NaN	NaN	NaN	NaN
1388427936234	NaN	NaN	NaN	NaN	NaN	NaN
1388427944567	NaN	NaN	NaN	NaN	NaN	NaN
1388427952900	NaN	NaN	NaN	NaN	NaN	NaN
1388427961232	NaN	NaN	NaN	NaN	NaN	NaN
1388427969565	NaN	NaN	NaN	NaN	NaN	NaN
1388427977934	NaN	NaN	NaN	NaN	NaN	NaN
1388427986303	NaN	NaN	NaN	NaN	NaN	NaN
1388427994672	NaN	NaN	NaN	NaN	NaN	NaN
1388428003042	NaN	NaN	NaN	NaN	NaN	NaN
1388428011376	NaN	NaN	NaN	NaN	NaN	NaN
1388428019709	NaN	NaN	NaN	NaN	NaN	NaN
1388428028042	NaN	NaN	NaN	NaN	NaN	NaN
1388428036375	NaN	NaN	NaN	NaN	NaN	NaN
1388428044709	NaN	NaN	NaN	NaN	NaN	NaN
1388428053042	NaN	NaN	NaN	NaN	NaN	NaN
1388428061378	NaN	NaN	NaN	NaN	NaN	NaN
1388428069712	NaN	NaN	NaN	NaN	NaN	NaN
1388428078045	NaN	NaN	NaN	NaN	NaN	NaN
1388428086378	NaN	NaN	NaN	NaN	NaN	NaN
1388428094711	NaN	NaN	NaN	NaN	NaN	NaN
1388428103045	NaN	NaN	NaN	NaN	NaN	NaN
1388428111377	NaN	NaN	NaN	NaN	NaN	NaN
1388428119711	NaN	NaN	NaN	NaN	NaN	NaN
1388428128044	NaN	NaN	NaN	NaN	NaN	NaN
1388428136377	NaN	NaN	NaN	NaN	NaN	NaN
1388428144710	NaN	NaN	NaN	NaN	NaN	NaN
1388428153044	NaN	NaN	NaN	NaN	NaN	NaN
1388428161377	NaN	NaN	NaN	NaN	NaN	NaN
1388428169710	NaN	NaN	NaN	NaN	NaN	NaN
1388428178043	NaN	NaN	NaN	NaN	NaN	NaN
1388428186377	NaN	NaN	NaN	NaN	NaN	NaN
1388428194717	NaN	NaN	NaN	NaN	NaN	NaN
1388428203050	NaN	NaN	NaN	NaN	NaN	NaN
1388428211383	NaN	NaN	NaN	NaN	NaN	NaN
1388428219717	NaN	NaN	NaN	NaN	NaN	NaN
1388428228050	NaN	NaN	NaN	NaN	NaN	NaN
1388428236384	NaN	NaN	NaN	NaN	NaN	NaN
1388428244716	NaN	NaN	NaN	NaN	NaN	NaN
1388428253049	NaN	NaN	NaN	NaN	NaN	NaN
1388428261382	NaN	NaN	NaN	NaN	NaN	NaN
1388428269716	NaN	NaN	NaN	NaN	NaN	NaN
1388428278049	NaN	NaN	NaN	NaN	NaN	NaN
1388428286383	NaN	NaN	NaN	NaN	NaN	NaN
1388428294716	NaN	NaN	NaN	NaN	NaN	NaN
1388428303049	NaN	NaN	NaN	NaN	NaN	NaN
1388428311383	NaN	NaN	NaN	NaN	NaN	NaN
1388428319715	NaN	NaN	NaN	NaN	NaN	NaN
1388428328051	NaN	NaN	NaN	NaN	NaN	NaN
1388428336384	NaN	NaN	NaN	NaN	NaN	NaN
1388428344712	NaN	NaN	NaN	NaN	NaN	NaN
1388428353045	NaN	NaN	NaN	NaN	NaN	NaN
1388428361379	NaN	NaN	NaN	NaN	NaN	NaN
1388428369711	NaN	NaN	NaN	NaN	NaN	NaN
1388428378045	NaN	NaN	NaN	NaN	NaN	NaN
1388428386378	NaN	NaN	NaN	NaN	NaN	NaN
1388428394710	NaN	NaN	NaN	NaN	NaN	NaN
1388428403045	NaN	NaN	NaN	NaN	NaN	NaN
1388428411377	NaN	NaN	NaN	NaN	NaN	NaN
1388428419710	NaN	NaN	NaN	NaN	NaN	NaN
1388428428044	NaN	NaN	NaN	NaN	NaN	NaN
1388428436378	NaN	NaN	NaN	NaN	NaN	NaN
1388428444710	NaN	NaN	NaN	NaN	NaN	NaN
1388428453043	NaN	NaN	NaN	NaN	NaN	NaN
1388428461384	NaN	NaN	NaN	NaN	NaN	NaN
1388428469718	NaN	NaN	NaN	NaN	NaN	NaN
1388428478050	NaN	NaN	NaN	NaN	NaN	NaN
1388428486384	NaN	NaN	NaN	NaN	NaN	NaN
1388428494649	NaN	NaN	NaN	NaN	NaN	NaN
1388428502913	NaN	NaN	NaN	NaN	NaN	NaN
1388428511246	NaN	NaN	NaN	NaN	NaN	NaN
1388428519580	NaN	NaN	NaN	NaN	NaN	NaN
1388428527913	NaN	NaN	NaN	NaN	NaN	NaN
1388428536246	NaN	NaN	NaN	NaN	NaN	NaN
1388428544580	NaN	NaN	NaN	NaN	NaN	NaN
1388428552958	NaN	NaN	NaN	NaN	NaN	NaN
1388428561336	NaN	NaN	NaN	NaN	NaN	NaN
1388428569716	NaN	NaN	NaN	NaN	NaN	NaN
1388428578048	NaN	NaN	NaN	NaN	NaN	NaN
1388428586386	NaN	NaN	NaN	NaN	NaN	NaN
1388428594719	NaN	NaN	NaN	NaN	NaN	NaN
1388428603053	NaN	NaN	NaN	NaN	NaN	NaN
1388428611386	NaN	NaN	NaN	NaN	NaN	NaN
1388428619719	NaN	NaN	NaN	NaN	NaN	NaN
1388428628052	NaN	NaN	NaN	NaN	NaN	NaN
1388428636385	NaN	NaN	NaN	NaN	NaN	NaN
1388428644719	NaN	NaN	NaN	NaN	NaN	NaN
1388428653052	NaN	NaN	NaN	NaN	NaN	NaN
1388428661383	NaN	NaN	NaN	NaN	NaN	NaN
1388428669718	NaN	NaN	NaN	NaN	NaN	NaN
1388428678050	NaN	NaN	NaN	NaN	NaN	NaN
1388428686385	NaN	NaN	NaN	NaN	NaN	NaN
1388428694718	NaN	NaN	NaN	NaN	NaN	NaN
1388428703052	NaN	NaN	NaN	NaN	NaN	NaN
1388428711385	NaN	NaN	NaN	NaN	NaN	NaN
1388428719724	NaN	NaN	NaN	NaN	NaN	NaN
1388428728058	NaN	NaN	NaN	NaN	NaN	NaN
1388428736391	NaN	NaN	NaN	NaN	NaN	NaN
1388428744724	NaN	NaN	NaN	NaN	NaN	NaN
1388428753057	NaN	NaN	NaN	NaN	NaN	NaN
1388428761391	NaN	NaN	NaN	NaN	NaN	NaN
1388428769724	NaN	NaN	NaN	NaN	NaN	NaN
1388428778057	NaN	NaN	NaN	NaN	NaN	NaN
1388428786390	NaN	NaN	NaN	NaN	NaN	NaN
1388428794723	NaN	NaN	NaN	NaN	NaN	NaN
1388428803056	NaN	NaN	NaN	NaN	NaN	NaN
1388428811390	NaN	NaN	NaN	NaN	NaN	NaN
1388428819723	NaN	NaN	916.98	1524.50	NaN	2.0877
1388428828057	NaN	NaN	819.59	1421.18	NaN	2.4875
1388428836389	NaN	NaN	831.70	1325.80	NaN	2.7294
1388428844729	NaN	NaN	821.81	1235.41	NaN	2.8991
1388428853067	NaN	NaN	870.32	1184.62	NaN	2.9290
1388428861400	NaN	NaN	912.95	1217.96	NaN	2.8150
1388428869733	NaN	NaN	937.90	1203.80	NaN	2.7736
1388428878066	857.62	833.99	988.62	1208.47	2.7360	2.7738
1388428886393	865.18	766.00	1010.47	1185.78	2.8604	2.7572
1388428894726	890.54	774.87	1056.52	1176.29	2.8072	2.7645
1388428903059	922.60	790.55	1094.53	1163.15	2.7645	2.7576
1388428911393	962.19	804.39	1128.04	1142.46	2.7335	2.7755
1388428919726	990.53	798.88	1178.26	1119.59	2.7401	2.7726
1388428928059	1041.81	800.26	1213.10	1113.33	2.7273	2.7854
1388428936393	1069.24	802.17	1244.07	1084.19	2.7701	2.7545
1388428944725	1091.31	785.69	1284.96	1054.49	2.7670	2.7432
1388428953058	1135.56	782.83	1319.98	1034.34	2.7665	2.7343
1388428961392	1156.89	764.51	1355.13	994.39	2.7708	2.7145
1388428969725	1189.05	756.23	1373.95	972.65	2.7746	2.6891
1388428978061	1216.37	753.90	1398.14	960.79	2.7843	2.6853
1388428986395	1248.36	754.41	1427.46	946.85	2.8069	2.7204
1388428994728	1274.24	756.51	1446.78	935.72	2.8151	2.7256
1388429003061	1309.91	745.68	1461.11	920.25	2.8047	2.7368
1388429011395	1339.25	751.46	1491.62	920.72	2.8176	2.7451
1388429019728	1370.06	735.31	1521.27	915.78	2.8216	2.7808
1388429028060	1370.27	727.02	1514.73	905.84	2.8279	2.7831
1388429036394	1384.62	730.04	1515.76	907.64	2.8474	2.7878
1388429044727	1393.51	726.85	1514.13	902.17	2.8394	2.7961
1388429053060	1401.88	736.60	1512.24	895.51	2.8514	2.7915
1388429061394	1404.39	726.93	1504.90	881.48	2.8273	2.7763
1388429069727	1407.56	732.27	1499.48	867.14	2.8428	2.7830
1388429078060	1410.99	723.91	1501.88	870.74	2.8232	2.7827
1388429086394	1408.71	729.01	1493.36	871.16	2.8233	2.7710
1388429094727	1408.99	725.88	1490.17	858.57	2.8174	2.7640
1388429103059	1409.12	724.21	1484.66	857.29	2.8087	2.7494
1388429111398	1407.51	730.11	1487.21	859.41	2.7943	2.7559
1388429119731	1412.36	732.42	1479.30	862.31	2.7634	2.7619
1388429128064	1410.89	743.30	1476.04	854.90	2.7689	2.7510
1388429136398	1412.71	736.53	1471.90	850.93	2.7393	2.7298
1388429144731	1419.48	745.02	1473.44	855.44	2.7315	2.7273
1388429153064	1417.95	745.60	1471.31	853.47	2.7230	2.6996
1388429161398	1423.71	744.72	1473.41	847.61	2.7005	2.6724
1388429169731	1421.58	745.49	1470.59	857.28	2.6989	2.6836
1388429178063	1394.75	745.00	1457.68	847.42	2.6855	2.6660
1388429186395	1370.94	748.57	1442.59	840.16	2.6804	2.6627
1388429194728	1359.52	741.76	1431.06	836.70	2.6505	2.6555
1388429203061	1367.93	735.94	1438.19	841.85	2.6505	2.6463
1388429211395	1373.95	738.59	1433.99	841.85	2.6195	2.6488
1388429219728	1376.49	737.65	1437.05	839.26	2.6248	2.6247
1388429228061	1375.44	735.41	1429.11	843.12	2.6109	2.6408
1388429236395	1378.90	734.41	1434.89	837.46	2.5966	2.6175
1388429244734	1384.31	736.21	1430.96	835.91	2.6084	2.6265
1388429253067	1381.67	743.72	1431.29	833.10	2.5939	2.6151
1388429261399	1382.13	739.42	1438.36	835.44	2.5981	2.6027
1388429269733	1383.07	747.37	1439.78	836.23	2.5644	2.6086
1388429278066	1377.84	746.75	1437.15	838.50	2.5622	2.5979
1388429286400	1380.90	750.06	1441.05	832.23	2.5675	2.5833
1388429294733	1382.12	748.64	1445.41	830.38	2.5581	2.5763
1388429303066	1385.71	751.94	1444.52	833.29	2.5466	2.5878
1388429311399	1386.96	751.77	1440.89	833.73	2.5588	2.5888
1388429319733	1388.21	748.12	1445.63	839.69	2.5571	2.5968
1388429328066	1380.57	740.62	1438.10	825.66	2.5686	2.5835
1388429336400	1362.66	739.87	1425.57	819.75	2.5787	2.5791
1388429344733	1349.81	736.64	1413.12	811.92	2.5665	2.5731
1388429353065	1356.84	733.21	1411.28	795.40	2.5476	2.5899
1388429361398	1349.72	736.16	1403.47	796.87	2.5632	2.5885
1388429369732	1345.16	732.22	1402.47	794.40	2.5637	2.5836
1388429378070	1351.60	734.37	1404.45	789.72	2.5667	2.5871
1388429386403	1349.71	738.01	1403.40	796.50	2.5602	2.5861
1388429394737	1346.46	731.65	1403.91	795.17	2.5617	2.5916
1388429403070	1347.32	734.34	1401.01	802.98	2.5625	2.5886
1388429411404	1346.85	733.34	1409.45	800.39	2.5689	2.5831
1388429419737	1343.37	736.01	1408.36	804.67	2.5676	2.5999
1388429428070	1345.36	734.86	1407.84	800.51	2.5586	2.5921
1388429436402	1345.20	734.32	1407.77	807.85	2.5749	2.5897
1388429444737	1349.86	744.01	1406.05	813.66	2.5653	2.5862
1388429453070	1352.05	744.04	1405.39	813.57	2.5627	2.5915
1388429461403	1362.62	753.43	1401.24	814.88	2.5639	2.5710
1388429469737	1355.78	757.71	1404.21	823.71	2.5732	2.5734
1388429478070	1360.25	758.39	1407.90	831.22	2.5649	2.5587
1388429486403	1363.29	761.35	1405.73	829.44	2.5687	2.5783
1388429494736	1361.71	765.85	1405.00	820.22	2.5866	2.5734
1388429503073	1362.45	762.50	1407.02	820.43	2.5848	2.5811
1388429511406	1363.01	765.12	1402.45	814.69	2.5896	2.5718
1388429519740	1367.10	764.55	1402.73	813.66	2.5907	2.6044
1388429528073	1370.71	751.71	1407.48	816.89	2.6145	2.6078
1388429536406	1364.12	742.73	1400.86	827.44	2.6281	2.6097
1388429544740	1370.54	737.47	1394.57	818.45	2.6413	2.6262
1388429553073	1373.26	723.89	1403.16	828.06	2.6691	2.6207
1388429561406	1374.06	714.39	1404.54	815.22	2.6621	2.6102
1388429569739	1377.53	720.07	1408.05	798.72	2.6468	2.6626
1388429578072	1382.10	694.41	1405.40	782.96	2.6851	2.6704
1388429586407	1374.75	675.47	1404.34	788.62	2.7276	2.6720
1388429594738	1376.41	676.65	1397.63	776.65	2.7242	2.6682
1388429603074	1373.68	674.01	1396.52	779.89	2.7334	2.7140
1388429611407	1377.57	688.07	1401.00	774.29	2.7274	2.7222
1388429619740	1371.77	682.90	1399.72	767.37	2.7166	2.7191
1388429628074	1376.07	672.68	1410.58	765.42	2.7493	2.7110
1388429636413	1378.77	686.83	1399.91	747.59	2.7520	2.7336
1388429644747	1358.21	684.78	1399.17	759.63	2.7691	2.7465
1388429653078	1351.18	694.59	1383.32	755.75	2.7486	2.7205
1388429661412	1353.89	704.91	1381.39	754.99	2.7610	2.7955
1388429669745	1365.35	707.46	1384.23	761.45	2.7568	2.7600
1388429678078	1361.96	711.78	1390.42	761.77	2.7771	2.7787
1388429686410	1362.17	703.40	1381.74	756.79	2.7696	2.8131
1388429694746	1358.54	711.88	1385.57	781.30	2.7664	2.7512
1388429703076	1362.45	727.11	1384.25	782.80	2.7601	2.7618
1388429711410	1353.96	726.10	1380.81	777.99	2.7661	2.7877
1388429719744	1344.37	718.95	1387.93	777.20	2.7968	2.7956
1388429728078	1349.45	721.11	1386.76	792.43	2.7582	2.7720
1388429736409	1362.79	750.97	1385.30	782.91	2.7343	2.7786
1388429744743	1396.30	740.41	1384.21	793.21	2.6240	2.8113
1388429753077	1342.65	747.73	1401.17	802.95	2.7628	2.7995
1388429761409	1357.80	754.17	1379.92	791.94	2.7434	2.8261
1388429769746	1360.62	758.27	1391.28	829.96	2.7591	2.7827
1388429778079	1363.47	750.52	1387.48	832.01	2.7635	2.7794
1388429786413	1369.52	759.40	1397.23	817.73	2.7744	2.8005
1388429794746	1375.65	770.19	1382.24	819.99	2.7312	2.8233
1388429803079	1385.44	765.95	1398.23	839.28	2.7575	2.8073
1388429811414	1382.14	791.47	1390.61	868.68	2.7259	2.7944
1388429819746	1383.71	793.29	1397.78	844.74	2.7547	2.7970
1388429828078	1393.39	780.57	1403.09	876.21	2.7778	2.7690
1388429836412	1414.68	804.33	1409.82	854.55	2.6985	2.7907
1388429844747	1398.87	807.27	1418.37	877.57	2.7761	2.7272
1388429853078	1405.00	834.04	1410.03	853.50	2.7751	2.7849
1388429861412	1406.63	834.23	1413.27	866.44	2.7029	2.7930
1388429869746	1462.78	839.75	1408.35	880.73	2.6292	2.8218
1388429878079	1432.36	818.22	1426.06	877.91	2.7064	2.7904
1388429886411	1416.46	869.72	NaN	NaN	2.8047	NaN
1388429894745	1411.24	796.07	1418.37	934.21	2.7645	2.7409
1388429903083	1455.27	845.82	1453.14	924.30	2.7285	2.7209
1388429911416	NaN	NaN	NaN	NaN	NaN	NaN
1388429919749	1444.10	798.56	1431.01	923.21	2.7581	2.8055
1388429928083	1484.53	856.69	1426.98	941.84	2.5468	2.8126
1388429936416	1466.13	825.82	1448.38	934.95	2.6807	2.7486
1388429944751	1451.68	884.51	1435.18	966.62	2.7616	2.7818
1388429953082	1476.10	937.87	1447.80	962.85	2.8110	2.7448
1388429961415	1482.55	942.58	1423.06	981.20	2.6936	2.8378
1388429969748	1463.57	986.96	1430.29	1011.38	2.8750	2.8771
1388429978082	NaN	NaN	1466.13	1006.96	NaN	2.7616
1388429986415	1553.36	969.57	1444.43	1028.55	2.6268	2.8534
1388429994750	1500.01	992.43	1435.26	1074.98	2.7924	2.9001
1388430003084	1508.81	988.34	1461.32	1069.24	2.7708	2.9114
1388430011417	NaN	NaN	1496.38	1049.90	NaN	2.8191
1388430019750	1551.31	1013.85	1487.82	1055.04	2.8125	2.7853
1388430028087	1647.06	916.03	1496.64	1088.38	2.3291	2.8923
1388430036421	1581.15	1054.81	1501.90	1103.90	2.7572	2.8266
1388430044753	1578.80	1070.52	1476.82	1154.67	2.7880	2.9624
1388430053089	NaN	NaN	1522.26	1142.12	NaN	2.9161
1388430061422	NaN	NaN	1513.42	1154.69	NaN	2.8432
1388430069755	NaN	NaN	1511.81	1186.68	NaN	2.9322
1388430078088	NaN	NaN	1538.00	1205.95	NaN	2.9394
1388430086422	NaN	NaN	1628.21	1139.10	NaN	2.6069
1388430094755	NaN	NaN	NaN	NaN	NaN	NaN
1388430103089	NaN	NaN	1634.12	1163.17	NaN	2.5900
1388430111422	NaN	NaN	1570.92	1241.96	NaN	2.8803
1388430119754	NaN	NaN	1661.48	1175.41	NaN	2.7307
1388430128088	NaN	NaN	1579.06	1297.76	NaN	2.8799
1388430136421	NaN	NaN	1849.09	1132.85	NaN	2.1550
1388430144752	NaN	NaN	1740.28	1247.87	NaN	2.5230
1388430153088	NaN	NaN	1646.80	1316.33	NaN	2.8110
1388430161425	NaN	NaN	1833.54	1213.53	NaN	2.2945
1388430169765	NaN	NaN	1830.00	1239.48	NaN	2.3576
1388430178098	NaN	NaN	1736.55	1270.18	NaN	2.5272
1388430186425	NaN	NaN	1831.86	1275.18	NaN	2.4089
1388430194757	NaN	NaN	1757.61	1307.48	NaN	2.6837
1388430203089	NaN	NaN	1802.95	1323.40	NaN	2.6334
1388430211424	1952.68	1575.30	1839.86	1334.45	3.4835	2.5595
1388430219757	2131.02	1123.31	1821.83	1367.97	1.9678	2.6503
1388430228089	2144.06	1165.38	1847.03	1385.98	1.9578	2.6007
1388430236423	2168.00	1184.28	1857.56	1404.20	2.0183	2.6544
1388430244757	2156.69	1198.54	1894.40	1427.43	2.1414	2.6156
1388430253091	2178.72	1215.84	1930.77	1435.54	2.1864	2.6298
1388430261424	2170.04	1230.66	1943.34	1451.52	2.1796	2.6515
1388430269757	2237.25	1246.74	1951.52	1492.96	2.1121	2.6514
1388430278089	2264.11	1260.00	1937.32	1506.37	2.1024	2.6725
1388430286423	2233.90	1266.07	1984.22	1530.39	2.2126	2.6628
1388430294761	2200.44	1300.00	1999.40	1548.37	2.3552	2.6686
1388430303095	2217.92	1326.55	1993.22	1532.82	2.3217	2.7394
1388430311428	2303.09	1326.04	2017.73	1585.04	2.2074	2.6738
1388430319761	2378.97	1321.23	2022.00	1608.08	2.2043	2.7033
1388430328095	2228.35	1363.54	2040.01	1629.99	2.4845	2.7136
1388430336428	2229.80	1387.08	2067.08	1589.44	2.4788	2.8095
1388430344761	2205.30	1392.63	2073.04	1660.27	2.5537	2.7404
1388430353094	2278.13	1398.16	2111.94	1679.39	2.4877	2.7350
1388430361426	2375.98	1395.32	2139.74	1692.24	2.3539	2.7386
1388430369760	2379.42	1403.49	2166.64	1702.63	2.3415	2.7547
1388430378094	2411.84	1412.29	2172.13	1692.65	2.3710	2.8358
1388430386427	2359.62	1443.57	2206.63	1727.08	2.4645	2.7822
1388430394760	2384.18	1442.67	2163.65	1740.08	2.5326	2.8608
1388430403094	2455.61	1457.25	2162.17	1722.92	2.4584	2.9373
1388430411427	2414.96	1497.91	2194.37	1743.18	2.6344	2.9125
1388430419760	2418.98	1492.72	2214.83	1764.76	2.6538	2.9064
1388430428099	2416.89	1510.85	2236.57	1783.91	2.7222	2.9446
1388430436432	2395.76	1498.30	2233.12	1839.85	2.7979	2.9458
1388430444765	2393.50	1520.43	2192.31	1864.67	2.8605	2.8820
1388430453098	2467.07	1538.55	2250.03	1884.65	2.8518	2.9884
1388430461432	2522.57	1593.91	2260.38	1917.38	2.8517	2.9890
1388430469765	2502.99	1625.56	2270.02	1957.67	2.9666	3.0208
1388430478099	2490.40	1689.73	2308.34	2069.50	3.0293	2.7533
1388430486432	2489.15	1716.76	2264.89	2009.66	3.1180	3.0472
1388430494765	2520.39	1775.92	NaN	NaN	3.1277	NaN
1388430503098	NaN	NaN	NaN	NaN	NaN	NaN
1388430511431	NaN	NaN	2278.40	2173.81	NaN	3.0403
1388430519764	NaN	NaN	NaN	NaN	NaN	NaN
1388430528097	NaN	NaN	NaN	NaN	NaN	NaN
1388430536430	NaN	NaN	NaN	NaN	NaN	NaN
1388430544764	NaN	NaN	NaN	NaN	NaN	NaN
1388430553100	NaN	NaN	NaN	NaN	NaN	NaN
1388430561434	NaN	NaN	NaN	NaN	NaN	NaN
1388430569767	NaN	NaN	NaN	NaN	NaN	NaN
1388430578100	NaN	NaN	NaN	NaN	NaN	NaN
1388430586433	NaN	NaN	NaN	NaN	NaN	NaN
1388430594766	NaN	NaN	NaN	NaN	NaN	NaN
1388430603099	NaN	NaN	NaN	NaN	NaN	NaN
1388430611432	NaN	NaN	NaN	NaN	NaN	NaN
1388430619766	NaN	NaN	NaN	NaN	NaN	NaN
1388430628099	NaN	NaN	NaN	NaN	NaN	NaN
1388430636433	NaN	NaN	NaN	NaN	NaN	NaN
1388430644766	NaN	NaN	NaN	NaN	NaN	NaN
1388430653099	NaN	NaN	NaN	NaN	NaN	NaN
1388430661432	NaN	NaN	NaN	NaN	NaN	NaN
1388430669765	NaN	NaN	NaN	NaN	NaN	NaN
1388430678098	NaN	NaN	NaN	NaN	NaN	NaN
1388430686437	NaN	NaN	NaN	NaN	NaN	NaN
1388430694770	NaN	NaN	NaN	NaN	NaN	NaN
1388430703103	NaN	NaN	NaN	NaN	NaN	NaN
1388430711437	NaN	NaN	NaN	NaN	NaN	NaN
1388430719770	NaN	NaN	NaN	NaN	NaN	NaN
1388430728103	NaN	NaN	NaN	NaN	NaN	NaN
1388430736436	NaN	NaN	NaN	NaN	NaN	NaN
1388430744769	NaN	NaN	NaN	NaN	NaN	NaN
1388430753102	NaN	NaN	NaN	NaN	NaN	NaN
1388430761436	NaN	NaN	NaN	NaN	NaN	NaN
1388430769769	NaN	NaN	NaN	NaN	NaN	NaN
1388430778102	NaN	NaN	NaN	NaN	NaN	NaN
1388430786435	NaN	NaN	NaN	NaN	NaN	NaN
1388430794769	NaN	NaN	NaN	NaN	NaN	NaN
1388430803102	NaN	NaN	NaN	NaN	NaN	NaN
1388430811435	NaN	NaN	NaN	NaN	NaN	NaN
1388430819772	NaN	NaN	NaN	NaN	NaN	NaN
1388430828106	NaN	NaN	NaN	NaN	NaN	NaN
1388430836440	NaN	NaN	NaN	NaN	NaN	NaN
1388430844773	NaN	NaN	NaN	NaN	NaN	NaN
1388430853106	NaN	NaN	NaN	NaN	NaN	NaN
1388430861439	NaN	NaN	NaN	NaN	NaN	NaN
1388430869772	NaN	NaN	NaN	NaN	NaN	NaN
1388430878106	NaN	NaN	NaN	NaN	NaN	NaN
1388430886439	NaN	NaN	NaN	NaN	NaN	NaN
1388430894772	NaN	NaN	NaN	NaN	NaN	NaN
1388430903105	NaN	NaN	NaN	NaN	NaN	NaN
1388430911438	NaN	NaN	NaN	NaN	NaN	NaN
1388430919772	NaN	NaN	NaN	NaN	NaN	NaN
1388430928105	NaN	NaN	NaN	NaN	NaN	NaN
1388430936438	NaN	NaN	NaN	NaN	NaN	NaN
1388430944771	NaN	NaN	NaN	NaN	NaN	NaN
1388430953108	NaN	NaN	NaN	NaN	NaN	NaN
1388430961442	NaN	NaN	NaN	NaN	NaN	NaN
1388430969775	NaN	NaN	NaN	NaN	NaN	NaN
1388430978107	NaN	NaN	NaN	NaN	NaN	NaN
1388430986440	NaN	NaN	NaN	NaN	NaN	NaN
1388430994773	NaN	NaN	NaN	NaN	NaN	NaN
1388431003107	NaN	NaN	NaN	NaN	NaN	NaN
1388431011440	NaN	NaN	NaN	NaN	NaN	NaN
1388431019773	NaN	NaN	NaN	NaN	NaN	NaN
1388431028107	NaN	NaN	NaN	NaN	NaN	NaN
1388431036440	NaN	NaN	NaN	NaN	NaN	NaN
1388431044728	NaN	NaN	NaN	NaN	NaN	NaN
1388431053016	NaN	NaN	NaN	NaN	NaN	NaN
1388431061303	NaN	NaN	NaN	NaN	NaN	NaN
1388431069639	NaN	NaN	NaN	NaN	NaN	NaN
1388431077975	NaN	NaN	NaN	NaN	NaN	NaN
1388431086308	NaN	NaN	NaN	NaN	NaN	NaN
1388431094641	NaN	NaN	NaN	NaN	NaN	NaN
1388431102975	NaN	NaN	NaN	NaN	NaN	NaN
1388431111353	NaN	NaN	NaN	NaN	NaN	NaN
1388431119731	NaN	NaN	NaN	NaN	NaN	NaN
1388431128111	NaN	NaN	NaN	NaN	NaN	NaN
1388431136444	NaN	NaN	NaN	NaN	NaN	NaN
1388431144777	NaN	NaN	2016.84	1778.45	NaN	2.8777
1388431153111	1824.45	1517.97	2011.13	1728.74	2.9815	2.6492
1388431161444	1772.51	1408.84	1941.32	1480.75	2.9567	2.9528
1388431169778	1731.55	1320.48	1902.61	1340.83	2.8864	2.8449
1388431178111	1697.47	1149.58	1878.53	1219.38	2.8197	2.8249
1388431186444	1628.04	1041.03	1830.98	1072.11	2.7834	2.7241
1388431194778	1589.58	1002.93	1773.89	955.98	2.6454	2.7588
1388431203111	1553.30	879.32	1712.87	907.21	2.5614	2.7063
1388431211448	1507.06	870.40	1680.41	909.24	2.5167	2.6925
1388431219782	1486.13	847.54	1641.05	840.45	2.5278	2.7112
1388431228115	1462.63	827.68	1604.82	799.48	2.5775	2.7068
1388431236448	1423.53	781.24	1562.85	784.82	2.6117	2.7252
1388431244782	1419.40	765.86	1524.42	767.88	2.6442	2.7299
1388431253113	1392.77	736.09	1505.36	736.19	2.6676	2.7462
1388431261448	1396.26	717.36	1500.16	725.16	2.6648	2.7418
1388431269781	1395.76	715.29	1485.20	727.97	2.6699	2.7602
1388431278114	1407.47	734.73	1488.68	728.37	2.6987	2.7732
1388431286448	1410.03	718.87	1483.55	721.92	2.6872	2.7858
1388431294781	1412.92	710.05	1479.45	727.40	2.6841	2.7855
1388431303114	1416.97	717.58	1470.69	727.66	2.6995	2.8050
1388431311447	1411.16	719.72	1473.13	718.43	2.7144	2.7941
1388431319781	1418.02	720.61	1473.96	718.78	2.7162	2.7834
1388431328111	1414.20	722.31	1469.39	711.92	2.7175	2.7787
1388431336445	1410.25	721.14	1467.04	715.27	2.7124	2.7999
1388431344784	1410.79	722.70	1464.96	722.62	2.6977	2.7890
1388431353117	1419.11	717.11	1466.16	721.54	2.7308	2.7895
1388431361451	1413.29	718.77	1464.98	720.23	2.7151	2.7998
1388431369783	1410.05	717.48	1455.64	711.71	2.7339	2.7858
1388431378117	1407.06	723.36	1455.39	714.33	2.7425	2.7920
1388431386450	1407.87	727.00	1448.78	717.85	2.7460	2.7953
1388431394783	1412.60	729.61	1449.73	719.30	2.7416	2.7908
1388431403116	1413.02	727.65	1441.40	715.46	2.7385	2.7972
1388431411452	1411.09	731.25	1438.53	722.58	2.7341	2.8121
1388431419785	1409.44	719.68	1432.57	718.91	2.7493	2.8070
1388431428119	1374.07	720.01	1413.54	721.45	2.7686	2.8026
1388431436452	1266.00	699.93	1305.07	697.45	2.7868	2.8321
1388431444784	1233.98	685.02	1268.45	687.04	2.7997	2.8300
1388431453118	1278.63	681.28	1304.30	682.57	2.7834	2.8547
1388431461451	1291.24	675.58	1308.35	689.19	2.7921	2.8449
1388431469799	1287.62	679.39	1297.60	687.91	2.7809	2.8415
1388431478132	1287.04	684.63	1297.57	685.09	2.8026	2.8470
1388431486468	1284.88	684.41	1299.05	684.30	2.7885	2.8542
1388431494801	1295.69	686.44	1289.68	690.98	2.8004	2.8619
1388431503134	1296.12	691.64	1286.36	686.75	2.7938	2.8584
1388431511468	1300.42	690.34	1294.73	691.36	2.7986	2.8440
1388431519801	1296.22	691.19	1281.78	686.83	2.8144	2.8647
1388431528134	1303.31	679.25	1279.83	687.55	2.8248	2.8657
1388431536467	1300.74	684.93	1285.35	689.35	2.8412	2.8623
1388431544801	1300.02	689.27	1284.23	685.81	2.8338	2.8688
1388431553133	1308.27	693.92	1278.83	688.85	2.8627	2.8655
1388431561467	1305.27	696.72	1275.84	692.22	2.8464	2.8902
1388431569800	1295.53	690.54	1276.71	699.58	2.8402	2.8734
1388431578133	1299.51	680.22	1278.28	691.97	2.8544	2.9066
1388431586467	1295.11	676.55	1273.53	698.22	2.8310	2.8990
1388431594800	1299.73	684.99	1278.54	692.23	2.8689	2.9086
1388431603124	1298.38	698.16	1279.08	697.81	2.8793	2.9195
1388431611457	1301.62	700.15	1274.08	696.15	2.8838	2.9159
1388431619790	1305.16	701.42	1276.76	701.90	2.8767	2.9418
1388431628123	1305.59	690.44	1274.51	694.38	2.8815	2.9431
1388431636455	1302.29	692.32	1276.44	700.37	2.8875	2.9552
1388431644788	1302.61	684.54	1281.98	698.08	2.8954	2.9432
1388431653123	1300.06	689.37	1279.15	704.15	2.9057	2.9505
1388431661457	1305.17	695.78	1276.32	700.22	2.9181	2.9618
1388431669790	1303.33	707.08	1280.54	704.31	2.9469	2.9676
1388431678124	1306.80	693.92	1280.50	707.17	2.9412	2.9767
1388431686456	1300.17	689.75	1278.05	705.82	2.9357	2.9823
1388431694789	1305.56	692.36	1281.29	713.09	2.9472	2.9881
1388431703123	1303.83	684.05	1276.56	707.60	2.9445	2.9812
1388431711455	1313.69	686.66	1276.54	710.27	2.9582	3.0045
1388431719789	1314.11	706.31	1283.95	713.54	2.9931	3.0041
1388431728122	1298.05	712.66	1281.47	709.25	2.9909	3.0083
1388431736461	1300.71	713.12	1283.04	714.96	2.9830	3.0169
1388431744794	1302.65	707.43	1282.70	718.84	2.9886	3.0193
1388431753128	1307.15	709.94	1281.34	716.24	3.0243	3.0364
1388431761460	1315.34	707.53	1283.03	723.37	2.9892	3.0450
1388431769793	1312.33	708.70	1287.43	719.44	2.9776	3.0424
1388431778127	1311.06	712.36	1280.61	721.79	2.9974	3.0652
1388431786460	1310.52	719.22	1286.91	713.45	3.0160	3.0584
1388431794793	1310.23	718.09	1289.44	722.75	3.0272	3.0723
1388431803126	1301.32	706.21	1284.31	722.52	3.0171	3.0741
1388431811460	1300.01	702.96	1282.74	730.10	3.0226	3.0995
1388431819793	1303.12	715.42	1282.96	724.94	3.0395	3.1134
1388431828126	1306.59	719.90	1282.33	726.55	3.0481	3.1096
1388431836459	1308.48	722.96	1282.39	715.42	3.0625	3.1148
1388431844792	1312.14	727.30	1283.12	720.91	3.0645	3.1403
1388431853126	1307.09	725.98	1287.58	716.62	3.0747	3.1283
1388431861458	1310.08	720.08	1285.65	721.76	3.0700	3.1474
1388431869797	1309.22	721.26	1291.68	719.89	3.0896	3.1453
1388431878130	1306.37	724.37	1292.74	712.91	3.0904	3.1522
1388431886463	1307.48	718.07	1290.69	723.16	3.0739	3.1606
1388431894797	1314.68	722.19	1291.56	718.33	3.0878	3.1811
1388431903131	1306.62	726.25	1294.54	718.05	3.0807	3.1786
1388431911463	1305.10	715.90	1293.88	716.83	3.0699	3.1769
1388431919796	1307.76	736.36	1294.97	710.59	3.1181	3.1762
1388431928129	1309.55	762.14	1293.23	705.79	3.2100	3.1705
1388431936463	1304.50	719.78	1287.76	718.94	3.1227	3.2033
1388431944796	1309.75	760.32	1289.68	711.97	3.2080	3.2111
1388431953129	1299.84	743.26	1287.70	714.39	3.1814	3.2262
1388431961462	1297.63	748.53	1283.11	712.29	3.1902	3.2145
1388431969796	1307.94	736.62	1294.29	726.38	3.1647	3.2486
1388431978129	1308.44	756.39	1294.85	714.96	3.2038	3.2240
1388431986463	1295.47	715.89	1290.86	709.13	3.1458	3.2394
1388431994799	1295.00	736.44	1287.66	709.99	3.1790	3.2534
1388432003132	1304.38	765.99	1292.83	706.21	3.2414	3.2670
1388432011466	1303.96	761.75	1298.30	711.43	3.2559	3.2620
1388432019799	1296.13	757.06	1298.74	713.82	3.2552	3.2687
1388432028132	1303.82	776.53	1293.67	711.94	3.2905	3.2656
1388432036464	1300.11	765.74	1290.29	711.11	3.2873	3.2737
1388432044799	1303.96	802.28	1299.39	718.23	3.3542	3.2891
1388432053130	1305.37	837.67	1292.92	749.45	3.3448	3.2664
1388432061464	1310.44	907.31	1294.52	796.73	3.3199	3.2174
1388432069796	1334.12	1006.66	1306.26	925.69	3.3446	3.2969
1388432078129	1354.96	1143.65	1298.84	1098.01	3.3698	3.4102
1388432086462	1387.30	1288.54	1297.05	1250.30	3.3948	3.4626
1388432094796	1430.88	1424.65	1306.30	1397.70	3.3871	3.4715
1388432103129	1481.71	1554.21	1314.64	1528.71	3.3801	3.4614
1388432111463	1493.99	1694.09	1309.87	1659.16	3.3711	3.4394
1388432119796	NaN	NaN	1318.03	1802.73	NaN	3.4444
1388432128138	NaN	NaN	NaN	NaN	NaN	NaN
1388432136472	NaN	NaN	NaN	NaN	NaN	NaN
1388432144805	NaN	NaN	NaN	NaN	NaN	NaN
1388432153137	NaN	NaN	NaN	NaN	NaN	NaN
1388432161470	NaN	NaN	NaN	NaN	NaN	NaN
1388432169804	NaN	NaN	NaN	NaN	NaN	NaN
1388432178137	NaN	NaN	NaN	NaN	NaN	NaN
1388432186471	NaN	NaN	NaN	NaN	NaN	NaN
1388432194802	NaN	NaN	NaN	NaN	NaN	NaN
1388432203137	NaN	NaN	NaN	NaN	NaN	NaN
1388432211470	NaN	NaN	NaN	NaN	NaN	NaN
1388432219803	NaN	NaN	NaN	NaN	NaN	NaN
1388432228136	NaN	NaN	NaN	NaN	NaN	NaN
1388432236469	NaN	NaN	NaN	NaN	NaN	NaN
1388432244803	NaN	NaN	NaN	NaN	NaN	NaN
1388432253136	NaN	NaN	NaN	NaN	NaN	NaN
1388432261473	NaN	NaN	NaN	NaN	NaN	NaN
1388432269806	NaN	NaN	NaN	NaN	NaN	NaN
1388432278139	NaN	NaN	NaN	NaN	NaN	NaN
1388432286472	NaN	NaN	NaN	NaN	NaN	NaN
1388432294806	NaN	NaN	NaN	NaN	NaN	NaN
1388432303139	NaN	NaN	NaN	NaN	NaN	NaN
1388432311471	NaN	NaN	NaN	NaN	NaN	NaN
1388432319805	NaN	NaN	NaN	NaN	NaN	NaN
1388432328138	NaN	NaN	NaN	NaN	NaN	NaN
1388432336471	NaN	NaN	NaN	NaN	NaN	NaN
1388432344805	NaN	NaN	NaN	NaN	NaN	NaN
1388432353138	NaN	NaN	NaN	NaN	NaN	NaN
1388432361471	NaN	NaN	NaN	NaN	NaN	NaN
1388432369805	NaN	NaN	NaN	NaN	NaN	NaN
1388432378138	NaN	NaN	NaN	NaN	NaN	NaN
1388432386470	NaN	NaN	NaN	NaN	NaN	NaN
1388432394806	NaN	NaN	NaN	NaN	NaN	NaN
1388432403140	NaN	NaN	NaN	NaN	NaN	NaN
1388432411474	NaN	NaN	NaN	NaN	NaN	NaN
1388432419806	NaN	NaN	NaN	NaN	NaN	NaN
1388432428140	NaN	NaN	NaN	NaN	NaN	NaN
1388432436473	NaN	NaN	NaN	NaN	NaN	NaN
1388432444806	NaN	NaN	NaN	NaN	NaN	NaN
1388432453140	NaN	NaN	NaN	NaN	NaN	NaN
1388432461472	NaN	NaN	NaN	NaN	NaN	NaN
1388432469805	1443.77	1608.74	1304.45	1599.32	3.7228	3.7629
1388432478139	1419.27	1489.42	1310.02	1493.83	3.6638	3.6493
1388432486472	1399.71	1361.53	1321.70	1375.37	3.5598	3.5405
1388432494805	1367.39	1261.73	1294.02	1274.86	3.4708	3.5592
1388432503139	1363.80	1182.52	1275.22	1156.98	3.4285	3.5023
1388432511472	1347.07	1101.69	1282.37	1074.45	3.3870	3.5024
1388432519809	1322.83	992.18	1269.44	985.44	3.4048	3.4759
1388432528143	1289.73	911.54	1255.66	901.84	3.4314	3.4582
1388432536476	1292.40	870.84	1261.11	817.05	3.4490	3.4577
1388432544808	1272.06	824.70	1257.49	728.84	3.4527	3.4489
1388432553142	1260.89	773.02	1251.63	680.35	3.4700	3.4685
1388432561473	1264.66	725.86	1250.75	675.61	3.3454	3.4600
1388432569808	1272.76	731.32	1237.60	677.65	3.3003	3.4549
1388432578140	1283.50	793.33	1245.80	705.26	3.3310	3.4102
1388432586473	1286.86	804.48	1250.86	730.87	3.3046	3.3925
1388432594806	1293.52	816.79	1256.83	731.71	3.3364	3.3731
1388432603140	1300.01	817.04	1258.81	729.41	3.3414	3.3593
1388432611473	1303.22	844.60	1260.66	737.90	3.3902	3.3444
1388432619805	1306.34	840.07	1261.23	742.49	3.3574	3.3360
1388432628139	1310.09	826.22	1260.96	742.63	3.3256	3.3246
1388432636474	1304.72	835.65	1263.14	735.11	3.3326	3.3060
1388432644805	1305.20	839.90	1265.53	740.22	3.3187	3.3082
1388432653148	1299.01	851.00	1262.38	735.40	3.2974	3.2917
1388432661481	1307.32	850.01	1260.16	734.54	3.2680	3.2432
1388432669814	1315.24	853.27	1264.78	753.19	3.2847	3.2430
1388432678148	1308.98	850.00	1261.77	746.32	3.2839	3.2879
1388432686481	1307.57	853.76	1264.74	743.69	3.2620	3.2419
1388432694813	1302.68	850.00	1264.88	745.96	3.2533	3.2632
1388432703145	1303.59	858.12	1262.68	746.98	3.2601	3.2359
1388432711478	1305.01	865.75	1264.53	751.75	3.2482	3.2372
1388432719811	1306.35	848.53	1265.28	746.33	3.2113	3.2372
1388432728144	1307.88	851.69	1268.53	747.29	3.2422	3.2363
1388432736478	1301.66	853.11	1270.02	754.23	3.2296	3.2226
1388432744811	1308.99	846.37	1265.24	752.87	3.1980	3.2054
1388432753145	1313.03	863.96	1271.74	746.30	3.2191	3.2159
1388432761478	1301.15	844.35	1267.83	758.04	3.1938	3.2126
1388432769813	1300.47	826.61	1261.62	754.43	3.1423	3.2144
1388432778146	1308.72	845.12	1271.09	753.04	3.1755	3.1896
1388432786484	1312.77	876.37	1271.58	758.33	3.2319	3.1980
1388432794815	1306.79	851.01	1273.41	755.10	3.1708	3.2045
1388432803149	1306.58	864.01	1272.95	748.49	3.1969	3.1986
1388432811482	1305.82	826.46	1274.27	751.53	3.1403	3.2054
1388432819816	1301.33	841.87	1273.36	764.00	3.1931	3.2090
1388432828148	1298.41	846.86	1270.27	754.55	3.1653	3.2076
1388432836482	1302.34	797.75	1268.36	730.70	3.1646	3.2388
1388432844817	1287.26	714.04	1265.40	699.49	3.0932	3.2499
1388432853150	1287.79	715.49	1271.41	678.05	3.1431	3.2554
1388432861481	1286.10	717.98	1260.40	673.63	3.1174	3.2577
1388432869816	1294.61	719.17	1256.25	681.78	3.1394	3.2632
1388432878149	1290.53	716.29	1260.96	690.56	3.1361	3.2573
1388432886483	1285.16	721.41	1258.78	691.25	3.1194	3.2735
1388432894814	1284.38	715.81	1258.25	683.50	3.1326	3.2647
1388432903148	1284.62	722.30	1256.93	689.07	3.1485	3.2832
1388432911486	1281.67	720.07	1258.65	690.55	3.1349	3.2858
1388432919819	1285.46	727.53	1262.53	688.74	3.1656	3.2905
1388432928152	1279.76	708.92	1258.89	689.33	3.1608	3.2994
1388432936485	1279.69	715.58	1256.78	686.96	3.1763	3.2908
1388432944818	1287.14	713.86	1263.14	689.49	3.1832	3.2990
1388432953151	1285.88	717.84	1258.17	686.44	3.1758	3.3170
1388432961485	1282.78	720.97	1256.57	685.49	3.1751	3.3241
1388432969818	1277.47	722.56	1254.97	688.39	3.1909	3.3176
1388432978151	1277.12	718.72	1254.02	694.98	3.1846	3.3503
1388432986485	1280.70	713.29	1252.47	690.60	3.1972	3.3544
1388432994818	1265.27	738.96	1249.15	691.08	3.2464	3.3483
1388433003153	1271.03	740.14	1250.89	684.82	3.2678	3.3484
1388433011484	1274.20	706.91	1250.81	688.88	3.2355	3.3595
1388433019817	1270.80	704.84	1250.16	692.17	3.2335	3.3890
1388433028151	1267.60	728.66	1245.89	684.82	3.2865	3.3799
1388433036486	1264.69	741.79	1247.63	690.36	3.3027	3.3991
1388433044824	1267.62	723.54	1237.70	696.94	3.2912	3.4092
1388433053155	1266.71	734.79	1240.71	691.21	3.3236	3.4194
1388433061489	1267.95	738.89	1238.99	694.82	3.3249	3.4394
1388433069822	1263.86	724.64	1237.39	689.84	3.3417	3.4290
1388433078155	1263.14	750.61	1239.07	691.33	3.3607	3.4386
1388433086490	1270.33	748.54	1243.03	689.99	3.3930	3.4506
1388433094821	1263.93	734.93	1242.48	688.45	3.3863	3.4544
1388433103154	1271.21	742.89	1239.03	690.71	3.3947	3.4755
1388433111488	1261.68	778.26	1238.85	690.37	3.4704	3.4805
1388433119821	1272.76	763.19	1236.93	695.46	3.4598	3.4851
1388433128154	1266.62	759.08	1244.63	689.46	3.4602	3.4843
1388433136488	1259.82	775.90	1235.79	693.07	3.4873	3.5118
1388433144830	1253.49	741.94	1235.21	691.27	3.4187	3.5136
1388433153155	1264.68	759.51	1237.83	692.60	3.5007	3.5295
1388433161488	1272.76	751.20	1240.19	696.74	3.4488	3.5396
1388433169820	1289.73	733.64	1275.85	681.60	3.5169	3.5485
1388433178158	1319.45	673.31	1305.47	657.91	3.4388	3.5585
1388433186491	1294.44	679.40	1267.07	659.95	3.4398	3.5743
1388433194824	1285.57	697.81	1269.95	661.52	3.4779	3.5800
1388433203157	1295.25	721.46	1270.49	662.00	3.5023	3.5643
1388433211491	1299.56	722.67	1263.85	668.61	3.5431	3.5795
1388433219833	1284.91	702.20	1268.92	667.32	3.4827	3.5994
1388433228157	1287.15	696.04	1270.16	669.09	3.4537	3.5771
1388433236491	1304.91	749.94	1262.09	672.63	3.5899	3.6004
1388433244823	1291.73	723.11	1266.39	668.43	3.5338	3.6118
1388433253156	1287.22	690.17	1264.46	666.13	3.4594	3.6042
1388433261490	1278.89	744.62	1263.05	667.20	3.5821	3.6029
1388433269823	1285.84	752.07	1260.83	665.70	3.6103	3.6157
1388433278157	1287.48	752.95	1261.67	664.87	3.6371	3.6044
1388433286498	1289.22	755.23	1254.00	667.09	3.6406	3.6297
1388433294823	1287.30	728.73	1259.68	667.39	3.6143	3.6251
1388433303156	1284.22	765.28	1260.06	675.41	3.6803	3.6293
1388433311494	1283.45	777.01	1255.57	675.43	3.6575	3.6353
1388433319828	1287.63	776.79	1253.73	680.86	3.6663	3.6544
1388433328160	1279.50	775.95	1257.38	682.41	3.6631	3.6575
1388433336494	1282.60	776.63	1255.59	670.92	3.6797	3.6475
1388433344827	1280.53	760.60	1261.46	673.29	3.6543	3.6309
1388433353160	1279.19	753.51	1254.36	683.95	3.6412	3.6547
1388433361494	1278.10	758.15	1259.23	664.78	3.6642	3.6238
1388433369827	1286.31	778.44	1252.83	670.02	3.7038	3.6456
1388433378161	1280.62	776.26	1255.83	681.83	3.6876	3.6580
1388433386494	1286.82	777.82	1255.99	670.97	3.7100	3.6558
1388433394829	1282.71	774.34	1259.25	676.55	3.6826	3.6525
1388433403160	1287.51	780.23	1255.69	677.63	3.6935	3.6648
1388433411492	1284.09	780.33	1264.38	677.89	3.6941	3.6740
1388433419826	1293.13	770.69	1261.85	675.67	3.6953	3.6580
1388433428159	1278.50	765.28	1258.53	676.36	3.6935	3.6748
1388433436496	1290.33	776.92	1254.95	675.44	3.6984	3.6758
1388433444830	1284.97	782.32	1259.45	675.89	3.7062	3.6738
1388433453163	1289.40	777.35	1259.38	677.93	3.7122	3.6952
1388433461497	1290.55	776.69	1261.37	679.16	3.7312	3.6822
1388433469838	1288.45	770.18	1265.12	677.81	3.7257	3.6914
1388433478171	1284.94	754.99	1263.53	679.07	3.6900	3.6862
1388433486504	1285.31	762.97	1260.27	677.11	3.6867	3.6829
1388433494838	1287.72	778.83	1259.04	670.77	3.7075	3.6652
1388433503171	1283.24	785.00	1260.86	675.57	3.7303	3.6751
1388433511504	1286.60	782.36	1261.69	679.72	3.6923	3.6620
1388433519837	1278.77	778.83	1267.80	675.10	3.6477	3.6407
1388433528171	1283.84	773.67	1262.39	677.56	3.6801	3.6449
1388433536504	1281.61	770.35	1262.12	687.11	3.6147	3.6141
1388433544829	1283.77	789.59	1258.78	682.35	3.6329	3.6222
1388433553162	1276.41	762.48	1267.44	670.30	3.5817	3.5651
1388433561503	1268.26	765.02	1261.29	678.11	3.5417	3.5544
1388433569842	1202.50	738.89	1201.61	662.02	3.5222	3.5693
1388433578176	1199.90	691.03	1198.95	638.01	3.4342	3.5542
1388433586501	1211.77	679.18	1210.96	638.40	3.4082	3.5442
1388433594834	1219.87	691.83	1215.48	647.50	3.3951	3.5195
1388433603176	1218.74	696.43	1213.97	649.99	3.3626	3.4943
1388433611509	1212.48	685.68	1211.48	652.49	3.3484	3.4881
1388433619843	1216.60	669.17	1209.76	651.88	3.3024	3.4621
1388433628176	1210.99	686.58	1214.34	652.01	3.2951	3.4283
1388433636508	1210.63	708.70	1213.43	649.09	3.3321	3.4093
1388433644833	1206.73	683.96	1213.20	650.81	3.2553	3.4211
1388433653166	1200.18	678.90	1211.21	656.19	3.2442	3.4119
1388433661499	1201.61	681.08	1211.66	655.26	3.2319	3.3830
1388433669833	1202.44	676.48	1211.11	653.02	3.1973	3.3736
1388433678166	1204.84	675.68	1208.45	655.21	3.1937	3.3493
1388433686499	1207.11	682.17	1215.78	652.72	3.1766	3.3182
1388433694833	1216.05	680.57	1210.29	652.97	3.1574	3.3080
1388433703170	1204.17	668.90	1215.58	655.47	3.1428	3.2990
1388433711503	1199.55	680.97	1211.82	653.34	3.1384	3.2844
1388433719836	1199.75	684.47	1213.66	655.50	3.1262	3.2797
1388433728169	1209.70	684.79	1211.33	658.46	3.1164	3.2716
1388433736502	1202.23	678.29	1215.90	657.90	3.1156	3.2468
1388433744836	1207.63	676.43	1214.61	652.27	3.1049	3.2357
1388433753169	1208.67	683.56	1208.86	656.94	3.0965	3.2379
1388433761502	1207.94	682.09	1218.86	654.15	3.0547	3.2189
1388433769836	1203.51	677.77	1218.84	660.49	3.0692	3.2079
1388433778169	1205.64	670.75	1217.00	656.87	3.0431	3.1902
1388433786502	1216.47	672.39	1215.57	656.07	3.0467	3.1752
1388433794837	1216.82	694.02	1214.83	662.41	3.0582	3.1709
1388433803170	1214.79	681.29	1216.60	661.91	3.0403	3.1815
1388433811504	1213.51	680.57	1224.30	655.22	3.0197	3.1461
1388433819834	1218.55	673.34	1222.25	660.36	3.0197	3.1550
1388433828168	1216.76	681.22	1227.83	661.11	3.0134	3.1454
1388433836504	1209.50	681.63	1224.60	661.04	3.0104	3.1371
1388433844838	1213.86	678.45	1221.10	659.65	3.0078	3.1484
1388433853172	1214.03	668.73	1223.23	659.94	2.9933	3.1225
1388433861505	1245.25	668.91	1269.86	655.03	3.0089	3.1271
1388433869838	1337.46	606.78	1380.00	621.88	3.0130	3.1265
1388433878171	1403.36	575.55	1453.26	579.46	3.0162	3.1223
1388433886504	1465.35	558.37	1500.61	559.70	3.0498	3.1112
1388433894838	1492.95	524.22	1515.51	539.68	3.0257	3.1312
1388433903171	1491.67	531.94	1501.88	549.69	3.0511	3.1273
1388433911505	1492.35	540.28	1498.07	545.69	3.0503	3.1150
1388433919838	1489.05	533.74	1500.58	546.05	3.0235	3.1209
1388433928171	1491.88	542.01	1498.65	544.45	3.0296	3.1098
1388433936505	1494.98	532.04	1496.05	545.15	3.0252	3.1227
1388433944837	1488.28	527.53	1501.74	545.72	3.0241	3.1124
1388433953170	1483.46	536.36	1496.69	546.31	3.0285	3.0979
1388433961510	1484.36	531.34	1504.12	543.83	3.0256	3.0924
1388433969844	1487.38	526.16	1490.81	541.84	3.0229	3.1059
1388433978177	1489.28	540.11	1494.76	546.20	3.0347	3.0918
1388433986510	1489.26	530.15	1496.44	541.56	3.0280	3.0919
1388433994844	1489.44	530.85	1492.72	534.91	3.0453	3.0927
1388434003177	1488.27	536.42	1493.19	544.89	3.0307	3.0865
1388434011511	1473.30	540.72	1491.53	544.29	3.0198	3.0959
1388434019844	1475.54	535.91	1494.00	545.95	3.0356	3.0960
1388434028176	1487.69	522.84	1490.30	549.94	3.0368	3.1068
1388434036510	1485.33	527.75	1493.38	543.53	3.0404	3.0980
1388434044842	1485.68	538.02	1495.04	541.82	3.0519	3.0904
1388434053176	1474.15	543.01	1488.69	541.33	3.0472	3.1000
1388434061510	1474.43	525.08	1487.24	547.52	3.0451	3.1062
1388434069842	1474.09	541.95	1480.58	547.14	3.0413	3.0930
1388434078176	1462.20	530.62	1483.87	547.22	3.0655	3.0899
1388434086509	1478.28	537.54	1485.63	551.09	3.0593	3.1149
1388434094851	1467.29	538.54	1490.73	542.15	3.0639	3.0992
1388434103183	1476.75	536.04	1490.26	550.67	3.0715	3.0906
1388434111516	1468.54	547.82	1488.40	543.40	3.0647	3.1022
1388434119849	1470.37	525.24	1490.36	542.92	3.0702	3.0975
1388434128183	1476.18	529.63	1490.27	544.77	3.0946	3.1160
1388434136517	1478.39	538.58	1482.22	548.07	3.0871	3.1166
1388434144850	1469.97	529.51	1485.39	550.37	3.0708	3.1226
1388434153183	1473.71	523.71	1484.36	549.39	3.1083	3.1140
1388434161516	1469.98	526.91	1486.44	550.21	3.1038	3.1328
1388434169850	1475.19	543.12	1480.24	550.03	3.1152	3.1434
1388434178183	1475.18	550.93	1480.91	542.57	3.1243	3.1499
1388434186515	1475.57	544.65	1482.56	550.53	3.1446	3.1477
1388434194848	1472.00	538.89	1483.94	549.83	3.1276	3.1428
1388434203182	1471.01	542.82	1482.25	551.43	3.1362	3.1349
1388434211515	1465.34	548.25	1476.28	548.40	3.1453	3.1714
1388434219849	1466.90	544.62	1476.45	552.38	3.1639	3.1627
1388434228184	1456.51	531.54	1473.93	555.98	3.1442	3.1652
1388434236517	1463.32	544.01	1472.52	549.34	3.1572	3.1763
1388434244850	1467.77	551.95	1477.03	554.53	3.1724	3.1880
1388434253184	1467.74	539.95	1476.55	555.61	3.1803	3.1946
1388434261516	1476.94	534.38	1483.36	555.94	3.1775	3.1957
1388434269850	1484.85	530.38	1499.54	546.41	3.2159	3.2154
1388434278183	1511.52	521.84	1532.69	544.66	3.2142	3.2225
1388434286516	1500.21	518.92	1517.23	539.70	3.2002	3.2190
1388434294850	1497.92	532.39	1509.81	541.13	3.2222	3.2347
1388434303183	1499.22	536.01	1508.08	549.66	3.2086	3.2393
1388434311516	1501.95	519.32	1513.98	544.90	3.2352	3.2435
1388434319849	1502.02	533.95	1515.96	548.25	3.2556	3.2482
1388434328183	1502.71	536.13	1512.62	540.80	3.2531	3.2552
1388434336516	1499.43	524.61	1512.05	549.52	3.2543	3.2570
1388434344849	1493.90	520.17	1510.78	551.68	3.2632	3.2593
1388434353185	1498.30	529.06	1508.05	551.02	3.2616	3.2816
1388434361518	1502.88	532.38	1508.70	548.98	3.2717	3.2865
1388434369852	1513.62	536.66	1505.49	554.17	3.2870	3.3012
1388434378185	1511.32	531.90	1507.80	555.27	3.2914	3.3064
1388434386518	1506.61	532.61	1507.14	553.90	3.2977	3.3116
1388434394852	1498.60	526.75	1504.38	551.29	3.3022	3.3121
1388434403185	1502.34	527.23	1506.26	556.27	3.3055	3.3156
1388434411518	1497.00	532.80	1504.76	554.68	3.3102	3.3144
1388434419851	1496.45	534.10	1503.29	556.85	3.3238	3.3324
1388434428184	1498.96	540.05	1498.33	554.21	3.3368	3.3364
1388434436517	1500.09	548.92	1505.50	555.44	3.3299	3.3245
1388434444850	1496.79	559.79	1503.85	558.65	3.3510	3.3527
1388434453184	1495.80	551.24	1502.75	561.54	3.3471	3.3383
1388434461517	1499.99	539.44	1500.59	567.08	3.3532	3.3692
1388434469851	1497.24	537.11	1502.35	564.31	3.3414	3.3692
1388434478184	1485.11	555.83	1486.81	559.11	3.3748	3.3503
1388434486524	1438.11	582.39	1457.17	567.59	3.3710	3.3826
1388434494857	1422.64	584.31	1421.00	573.37	3.3704	3.3752
1388434503190	1408.09	592.67	1423.17	579.89	3.3758	3.3700
1388434511523	1395.12	541.68	1394.37	553.20	3.4173	3.4109
1388434519857	1403.33	646.43	1388.11	572.81	3.3098	3.4154
1388434528190	NaN	NaN	1379.20	665.89	NaN	3.2680
1388434536523	NaN	NaN	1383.29	738.96	NaN	3.1326
1388434544857	NaN	NaN	1374.42	969.13	NaN	2.9829
1388434553190	NaN	NaN	1552.18	1016.26	NaN	2.1619
1388434561523	NaN	NaN	1411.76	1333.23	NaN	2.4067
1388434569857	NaN	NaN	NaN	NaN	NaN	NaN
1388434578189	NaN	NaN	NaN	NaN	NaN	NaN
1388434586522	NaN	NaN	NaN	NaN	NaN	NaN
1388434594856	NaN	NaN	NaN	NaN	NaN	NaN
1388434603189	NaN	NaN	1457.74	1556.84	NaN	2.4985
1388434611522	NaN	NaN	1331.91	1437.70	NaN	2.2850
1388434619859	NaN	NaN	1337.41	1484.91	NaN	2.6351
1388434628192	NaN	NaN	NaN	NaN	NaN	NaN
1388434636526	NaN	NaN	NaN	NaN	NaN	NaN
1388434644859	NaN	NaN	NaN	NaN	NaN	NaN
1388434653192	NaN	NaN	NaN	NaN	NaN	NaN
1388434661525	NaN	NaN	NaN	NaN	NaN	NaN
1388434669859	NaN	NaN	1266.42	1000.94	NaN	3.0435
1388434678192	NaN	NaN	1242.42	937.02	NaN	3.1548
1388434686525	NaN	NaN	1249.42	791.94	NaN	3.1800
1388434694858	NaN	NaN	1235.46	742.89	NaN	3.2370
1388434703191	NaN	NaN	1231.98	699.80	NaN	3.3455
1388434711525	NaN	NaN	1216.20	655.35	NaN	3.4212
1388434719858	1229.99	1082.44	1214.03	608.81	3.4799	3.4921
1388434728198	NaN	NaN	1218.27	599.62	NaN	3.5196
1388434736522	1198.18	791.38	1218.63	630.67	3.4093	3.4746
1388434744858	1186.14	677.20	1216.85	635.34	3.3495	3.4721
1388434753196	1179.75	632.55	1215.71	640.91	3.4122	3.4679
1388434761529	1171.67	586.33	1216.25	649.17	3.4630	3.4736
1388434769862	1168.35	569.71	1218.57	654.91	3.4724	3.4936
1388434778196	1177.74	613.37	1221.49	649.35	3.4363	3.4727
1388434786529	1187.24	653.51	1221.93	647.34	3.3994	3.4744
1388434794862	1178.75	661.81	1211.68	649.72	3.4068	3.5037
1388434803196	1175.29	658.06	1217.48	646.85	3.3804	3.5076
1388434811528	1183.03	651.42	1210.17	644.75	3.4230	3.4882
1388434819861	1174.94	651.69	1210.46	643.88	3.4159	3.4959
1388434828194	1174.20	644.65	1208.97	650.71	3.4122	3.5037
1388434836528	1178.60	672.60	1202.77	637.96	3.4539	3.5129
1388434844861	1181.23	673.43	1202.79	640.77	3.4702	3.5141
1388434853194	1184.60	662.32	1203.51	631.12	3.4357	3.4917
1388434861528	1188.18	649.13	1198.66	631.65	3.4400	3.5170
1388434869861	1184.77	647.39	1195.09	630.19	3.4476	3.5351
1388434878197	1182.45	643.46	1200.49	633.70	3.4504	3.5121
1388434886530	1180.29	639.69	1196.43	633.91	3.4615	3.5339
1388434894863	1182.25	633.96	1196.49	634.40	3.4440	3.5298
1388434903197	1176.61	633.12	1189.91	628.49	3.4645	3.5236
1388434911530	1178.17	639.55	1186.52	635.68	3.4711	3.5282
1388434919863	1181.63	657.56	1187.67	636.26	3.4985	3.5448
1388434928196	1178.59	660.90	1186.74	636.25	3.5186	3.5486
1388434936530	1181.67	646.17	1189.05	631.31	3.4766	3.5390
1388434944863	1179.88	668.07	1186.25	641.39	3.5226	3.5457
1388434953197	1177.11	637.44	1185.11	634.93	3.4793	3.5466
1388434961530	1185.07	637.37	1186.09	640.30	3.4988	3.5566
1388434969862	1182.52	640.39	1183.17	638.46	3.4905	3.5517
1388434978196	1183.82	633.89	1181.54	638.12	3.4850	3.5532
1388434986528	1182.58	653.52	1183.43	638.77	3.5268	3.5576
1388434994862	1176.69	657.71	1179.11	644.03	3.5104	3.5739
1388435003196	1166.41	684.17	1162.60	637.92	3.5700	3.5607
1388435011536	1094.58	690.69	1099.54	646.33	3.5684	3.5700
1388435019869	1033.75	660.90	1048.96	660.92	3.5015	3.5616
1388435028203	1019.00	699.55	1021.70	666.14	3.5260	3.5548
1388435036536	1034.77	716.13	1020.91	673.34	3.5347	3.5669
1388435044868	1035.93	697.67	1034.99	672.46	3.5186	3.5804
1388435053202	1053.22	716.86	1034.22	672.79	3.5717	3.5670
1388435061534	1034.59	681.53	1030.33	666.72	3.4943	3.5483
1388435069868	1034.50	671.57	1020.67	665.50	3.5061	3.5493
1388435078201	1038.32	665.99	1020.53	664.10	3.5080	3.5416
1388435086535	1039.16	681.86	1020.86	667.73	3.5049	3.5418
1388435094868	1042.63	699.63	1019.84	670.37	3.5429	3.5468
1388435103202	1055.01	714.43	1015.94	669.55	3.5491	3.5387
1388435111535	1047.45	694.58	1016.90	667.08	3.4864	3.5265
1388435119867	1044.27	678.55	1021.01	668.50	3.5052	3.5237
1388435128198	1037.60	663.02	1016.24	669.61	3.5043	3.5207
1388435136531	1043.80	693.81	1015.72	672.54	3.5466	3.5297
1388435144869	1049.69	671.81	1013.62	668.63	3.4984	3.5157
1388435153202	1050.33	664.49	1018.08	673.26	3.4639	3.5246
1388435161535	1053.84	684.63	1020.30	671.64	3.4947	3.5156
1388435169869	1048.64	682.67	1014.67	671.15	3.4917	3.5029
1388435178202	1049.91	684.08	1010.03	674.57	3.5140	3.4950
1388435186536	1039.20	676.62	1018.77	674.25	3.4688	3.4927
1388435194869	1032.60	687.45	1013.87	672.84	3.4543	3.5048
1388435203201	1042.32	694.56	1017.56	673.07	3.4742	3.4844
1388435211543	1050.12	700.92	1007.47	682.28	3.4843	3.4933
1388435219877	1047.32	708.87	1010.02	675.70	3.4885	3.4707
1388435228210	1047.95	715.07	1003.41	674.10	3.4699	3.4723
1388435236543	1047.41	716.00	1004.67	673.46	3.4605	3.4776
1388435244876	1053.34	732.95	1010.22	677.72	3.5094	3.4716
1388435253210	1053.32	720.62	1013.33	681.32	3.4556	3.4642
1388435261543	1038.91	691.28	1010.94	685.82	3.4072	3.4616
1388435269877	1040.16	706.48	1012.97	686.28	3.4317	3.4524
1388435278214	1040.17	697.71	1012.01	681.38	3.4032	3.4398
1388435286547	1036.28	694.87	1013.76	681.38	3.3766	3.4369
1388435294880	1053.32	729.37	1012.83	678.10	3.4651	3.4275
1388435303214	1064.47	667.28	1058.55	680.47	3.3812	3.4340
1388435311547	1204.35	664.17	1205.84	659.95	3.4460	3.4940
1388435319881	1302.45	629.87	1304.71	645.73	3.4335	3.4670
1388435328205	1318.00	627.76	1299.53	632.03	3.4269	3.4310
1388435336539	1314.26	650.81	1273.27	637.13	3.4248	3.4309
1388435344872	1306.70	640.01	1270.54	634.28	3.4096	3.4278
1388435353205	1305.39	642.02	1277.15	638.92	3.3912	3.4083
1388435361538	1309.39	635.26	1278.59	640.95	3.3501	3.3852
1388435369871	1304.21	633.75	1276.01	642.08	3.3551	3.3871
1388435378204	1301.46	636.65	1267.45	640.91	3.3383	3.4001
1388435386538	1297.23	632.00	1263.19	640.08	3.3536	3.3903
1388435394870	1299.39	636.14	1263.33	634.86	3.3546	3.3873
1388435403209	1299.76	644.42	1263.70	640.86	3.3520	3.3886
1388435411543	1299.55	638.32	1262.24	634.61	3.3382	3.3727
1388435419875	1299.86	632.73	1257.61	636.75	3.3442	3.3677
1388435428209	1300.79	626.53	1262.31	635.65	3.3244	3.3490
1388435436541	1300.72	627.32	1258.02	639.42	3.3188	3.3436
1388435444875	1303.55	631.36	1262.68	639.57	3.3077	3.3494
1388435453208	1306.49	626.31	1262.69	636.00	3.3181	3.3314
1388435461541	1303.31	631.08	1260.87	638.33	3.3079	3.3229
1388435469875	1299.95	627.94	1259.60	639.22	3.2953	3.3184
1388435478208	1300.79	643.87	1256.62	643.83	3.3152	3.3113
1388435486542	1291.64	641.84	1260.53	642.26	3.2953	3.2947
1388435494875	1301.38	634.62	1262.02	638.87	3.2781	3.2968
1388435503208	1313.25	621.56	1291.05	629.92	3.2756	3.2995
1388435511541	1346.24	616.72	1327.28	631.23	3.2773	3.3007
1388435519874	1327.15	616.86	1298.94	629.37	3.2671	3.2740
1388435528207	1323.89	623.28	1297.57	632.18	3.2654	3.2792
1388435536546	1329.77	635.53	1299.31	634.89	3.2819	3.2967
1388435544879	1323.35	624.42	1304.76	637.31	3.2664	3.2670
1388435553212	1327.16	624.82	1310.25	632.30	3.2440	3.2531
1388435561546	1330.08	619.26	1307.99	632.07	3.2577	3.2443
1388435569879	1327.06	618.20	1302.38	639.04	3.2476	3.2602
1388435578212	1327.70	621.02	1303.52	631.76	3.2410	3.2634
1388435586546	1332.38	617.33	1306.69	634.65	3.2373	3.2363
1388435594878	1333.35	611.29	1308.03	632.18	3.2392	3.2425
1388435603211	1333.38	611.14	1307.38	639.03	3.2331	3.2428
1388435611545	1330.66	612.36	1310.76	635.69	3.2149	3.2225
1388435619878	1333.80	608.53	1307.25	637.36	3.2202	3.2199
1388435628211	1334.05	612.60	1313.74	628.60	3.2336	3.2130
1388435636544	1335.07	613.48	1309.00	625.00	3.2213	3.2293
1388435644878	1337.94	610.37	1307.19	627.84	3.2205	3.2269
1388435653211	1334.37	610.25	1311.58	631.78	3.2160	3.2196
1388435661545	1326.42	617.35	1317.34	635.31	3.2186	3.2283
1388435669881	1334.90	620.94	1310.31	631.92	3.2186	3.2054
1388435678214	1344.65	622.13	1313.50	628.20	3.2378	3.2136
1388435686547	1332.07	616.06	1309.93	629.31	3.2238	3.2347
1388435694881	1332.20	618.58	1315.36	638.02	3.2297	3.2132
1388435703214	1350.98	608.63	1315.12	622.87	3.2053	3.2061
1388435711548	1340.66	618.15	1313.41	639.25	3.2095	3.2136
1388435719881	1333.15	624.28	1317.70	625.31	3.2160	3.2036
1388435728214	1344.58	620.67	1316.00	631.09	3.2277	3.2024
1388435736548	1348.35	615.57	1314.52	633.50	3.2437	3.2124
1388435744881	1335.10	624.25	1323.31	626.06	3.2195	3.2047
1388435753213	1334.19	630.13	1320.87	633.95	3.2038	3.2201
1388435761547	1342.82	631.06	1320.29	634.08	3.2206	3.2133
1388435769880	1341.25	626.75	1313.91	632.20	3.2244	3.2127
1388435778213	1341.42	607.33	1313.67	627.62	3.2112	3.2269
1388435786547	1340.10	606.21	1315.87	631.52	3.2376	3.2236
1388435794885	1339.08	608.43	1312.11	630.75	3.2198	3.2274
1388435803218	1264.00	601.22	1250.25	620.29	3.2298	3.2466
1388435811551	1274.70	580.76	1260.54	603.09	3.2248	3.2316
1388435819884	1296.17	579.49	1273.99	604.71	3.2247	3.2618
1388435828217	1284.48	584.48	1266.53	616.82	3.2384	3.2409
1388435836559	1285.07	594.58	1267.78	617.97	3.2408	3.2516
1388435844892	1289.02	597.23	1269.64	611.07	3.2485	3.2548
1388435853226	1284.23	596.61	1270.91	618.27	3.2483	3.2403
1388435861558	1287.10	601.03	1267.37	609.70	3.2609	3.2575
1388435869892	1289.49	599.90	1270.57	618.54	3.2669	3.2639
1388435878226	1290.22	600.92	1273.47	615.54	3.2657	3.2766
1388435886559	1292.35	597.76	1277.20	611.36	3.2620	3.2760
1388435894892	1293.09	600.79	1278.06	612.48	3.2684	3.2558
1388435903224	1288.78	595.42	1275.64	615.81	3.2730	3.2795
1388435911558	1297.12	583.17	1276.40	616.72	3.2641	3.2942
1388435919891	1296.50	586.23	1270.20	614.95	3.2795	3.2845
1388435928229	1289.31	584.97	1264.11	617.18	3.2799	3.3045
1388435936563	1282.30	582.32	1269.28	618.61	3.2992	3.2986
1388435944896	1284.16	589.86	1272.78	617.63	3.2724	3.3060
1388435953229	1287.39	591.29	1271.81	622.00	3.2848	3.3246
1388435961563	1293.86	595.04	1278.18	618.19	3.3096	3.3344
1388435969896	1300.94	607.73	1273.82	617.65	3.3204	3.3333
1388435978230	1293.29	605.75	1266.33	621.55	3.3221	3.3387
1388435986561	1287.50	592.75	1270.40	615.17	3.3048	3.3504
1388435994895	1294.59	584.85	1282.60	613.53	3.3076	3.3324
1388436003229	1293.81	594.17	1274.12	617.45	3.3080	3.3607
1388436011562	1295.86	609.75	1271.13	619.08	3.3128	3.3501
1388436019895	1243.31	602.36	1237.84	608.33	3.3125	3.3568
1388436028228	1229.02	595.16	1204.53	605.41	3.3427	3.3682
1388436036563	1245.85	588.49	1226.95	613.87	3.3223	3.3637
1388436044896	1251.20	603.16	1226.50	605.55	3.3185	3.3695
1388436053229	1247.68	585.54	1223.79	607.55	3.3222	3.3783
1388436061566	1245.89	591.72	1225.15	611.52	3.3104	3.3795
1388436069899	1244.15	624.74	1229.66	612.36	3.3357	3.3555
1388436078233	1249.54	600.43	1235.57	615.06	3.3429	3.3832
1388436086566	1252.21	582.16	1232.79	612.31	3.3331	3.3763
1388436094899	1243.26	597.09	1226.58	610.17	3.3366	3.3830
1388436103232	1246.61	610.91	1223.97	614.14	3.3469	3.3841
1388436111565	1238.49	604.82	1230.84	609.66	3.3423	3.3762
1388436119899	1245.68	592.37	1232.17	607.04	3.3416	3.3875
1388436128232	1247.60	596.30	1226.75	608.52	3.3380	3.3864
1388436136565	1253.08	613.47	1229.32	615.34	3.3493	3.3873
1388436144898	1245.04	593.59	1237.93	615.91	3.3588	3.3928
1388436153231	1247.12	612.27	1231.39	612.42	3.3403	3.4087
1388436161565	1253.29	607.85	1228.85	612.83	3.3920	3.4002
1388436169890	1248.22	617.21	1236.25	617.83	3.3724	3.4021
1388436178223	1247.76	610.05	1236.64	611.75	3.3836	3.4072
