Subject	RunNr	FixStart	FixEnd	FixDur	XPos	YPos	RMSxy	BCEA	FixRangeX	FixRangeY
sub-132_task-EyeTracking_physio	1	-6599.807	-6033.125	566.682	1260.960	686.630	0.214	0.078	0.273	0.820
sub-132_task-EyeTracking_physio	1	-3933.079	-3366.401	566.678	1286.153	670.523	0.093	0.018	0.132	0.415
sub-132_task-EyeTracking_physio	1	-3341.396	-1099.676	2241.720	1279.020	672.620	0.131	0.083	0.701	0.777
sub-132_task-EyeTracking_physio	1	-891.341	-582.994	308.347	1278.730	715.985	0.163	0.087	0.257	0.827
sub-132_task-EyeTracking_physio	1	-566.327	433.691	1000.018	1280.395	685.882	0.198	0.058	0.257	0.883
sub-132_task-EyeTracking_physio	1	475.360	700.363	225.003	1299.200	677.005	0.106	0.023	0.134	0.306
sub-132_task-EyeTracking_physio	1	733.700	842.036	108.336	1384.555	675.165	0.083	0.015	0.131	0.205
sub-132_task-EyeTracking_physio	1	875.369	1050.371	175.002	1475.180	713.425	0.125	0.028	0.249	0.322
sub-132_task-EyeTracking_physio	1	1083.705	1208.708	125.003	1613.595	774.835	0.165	0.054	0.301	0.399
sub-132_task-EyeTracking_physio	1	1233.711	1392.048	158.337	1414.880	879.810	0.252	0.120	0.664	0.560
sub-132_task-EyeTracking_physio	1	1425.381	1583.717	158.336	1220.950	890.795	0.200	0.069	0.686	0.328
sub-132_task-EyeTracking_physio	1	1617.051	1792.057	175.006	1087.695	861.115	0.319	0.431	1.120	1.155
sub-132_task-EyeTracking_physio	1	1867.056	2217.063	350.007	1006.580	825.742	0.103	0.041	0.295	0.416
sub-132_task-EyeTracking_physio	1	2250.397	2533.738	283.341	1021.118	882.100	0.089	0.014	0.192	0.212
sub-132_task-EyeTracking_physio	1	2742.078	3008.750	266.672	1131.767	940.977	0.088	0.069	0.279	0.915
sub-132_task-EyeTracking_physio	2	-1411.681	-1036.671	375.010	1145.420	822.170	0.095	0.025	0.213	0.304
sub-132_task-EyeTracking_physio	2	-1020.004	-853.336	166.668	1215.727	771.267	0.100	0.022	0.178	0.267
sub-132_task-EyeTracking_physio	2	-811.670	-219.987	591.683	1269.390	713.810	0.070	0.019	0.217	0.402
sub-132_task-EyeTracking_physio	2	-161.655	296.692	458.347	1272.495	707.475	0.076	0.010	0.114	0.272
sub-132_task-EyeTracking_physio	2	346.691	513.359	166.668	1303.803	639.055	0.165	0.041	0.157	0.542
sub-132_task-EyeTracking_physio	2	555.031	746.700	191.669	1331.735	595.440	0.075	0.009	0.155	0.132
sub-132_task-EyeTracking_physio	2	763.365	1146.709	383.344	1362.028	583.633	0.081	0.016	0.324	0.171
sub-132_task-EyeTracking_physio	2	1163.375	1513.384	350.009	1338.175	714.965	0.207	0.178	0.437	1.205
sub-132_task-EyeTracking_physio	2	1546.716	1830.058	283.342	1385.720	841.020	0.120	0.025	0.197	0.356
sub-132_task-EyeTracking_physio	2	1855.059	1996.734	141.675	1454.285	884.215	0.103	0.026	0.262	0.193
sub-132_task-EyeTracking_physio	2	2013.401	2296.737	283.336	1578.727	910.945	0.248	0.054	1.181	0.171
sub-132_task-EyeTracking_physio	2	2346.736	2496.744	150.008	1644.727	852.330	0.082	0.012	0.136	0.137
sub-132_task-EyeTracking_physio	2	2513.409	2680.079	166.670	1619.595	701.690	0.205	0.056	0.275	0.530
sub-132_task-EyeTracking_physio	2	2713.412	2913.421	200.009	1613.653	614.660	0.138	0.027	0.159	0.408
sub-132_task-EyeTracking_physio	3	-848.222	-689.884	158.338	1571.915	583.535	0.084	0.011	0.127	0.166
sub-132_task-EyeTracking_physio	3	-614.882	-189.879	425.003	1306.520	729.745	0.115	0.087	0.395	0.609
sub-132_task-EyeTracking_physio	3	-156.546	610.146	766.692	1279.318	693.815	0.111	0.063	0.251	0.760
sub-132_task-EyeTracking_physio	3	668.480	926.822	258.342	1242.510	863.710	0.095	0.021	0.165	0.353
sub-132_task-EyeTracking_physio	3	951.822	1076.826	125.004	1164.085	812.705	0.157	0.054	0.215	0.537
sub-132_task-EyeTracking_physio	3	1126.825	1276.827	150.002	1021.097	798.455	0.153	0.047	0.190	0.516
sub-132_task-EyeTracking_physio	3	1310.169	1576.839	266.670	940.038	750.100	0.146	0.042	0.191	0.510
sub-132_task-EyeTracking_physio	3	1610.171	1893.509	283.338	916.023	705.678	0.117	0.035	0.218	0.422
sub-132_task-EyeTracking_physio	3	1926.842	2110.182	183.340	898.438	630.930	0.096	0.022	0.225	0.291
sub-132_task-EyeTracking_physio	3	2126.850	2510.193	383.343	951.765	552.067	0.092	0.031	0.307	0.260
sub-132_task-EyeTracking_physio	3	2543.525	2710.194	166.669	1035.702	557.727	0.067	0.011	0.197	0.140
sub-132_task-EyeTracking_physio	3	2735.194	2918.535	183.341	1228.318	585.025	0.103	0.040	0.375	0.245
sub-132_task-EyeTracking_physio	4	-1376.868	-1235.199	141.669	1394.855	611.800	0.144	0.027	0.118	0.407
sub-132_task-EyeTracking_physio	4	-1085.194	298.172	1383.366	1274.483	709.872	0.088	0.032	0.207	0.557
sub-132_task-EyeTracking_physio	4	331.506	648.181	316.675	1240.825	666.352	0.125	0.052	0.226	0.654
sub-132_task-EyeTracking_physio	4	789.852	1023.186	233.334	1282.615	747.558	0.135	0.019	0.112	0.324
sub-132_task-EyeTracking_physio	4	1198.194	1339.864	141.670	1125.185	690.185	0.113	0.039	0.237	0.311
sub-132_task-EyeTracking_physio	4	1373.198	1548.199	175.001	975.355	689.350	0.256	0.111	0.759	0.416
sub-132_task-EyeTracking_physio	4	1581.536	1739.871	158.335	901.480	627.130	0.102	0.017	0.141	0.235
sub-132_task-EyeTracking_physio	4	1781.538	1931.544	150.006	962.325	550.090	0.067	0.020	0.221	0.186
sub-132_task-EyeTracking_physio	4	1981.545	2114.882	133.337	1058.767	505.275	0.052	0.011	0.103	0.173
sub-132_task-EyeTracking_physio	4	2139.881	2239.885	100.004	1356.213	509.255	0.174	0.074	0.363	0.558
sub-132_task-EyeTracking_physio	4	2256.551	2481.553	225.002	1553.980	580.210	0.300	0.112	1.437	0.258
sub-132_task-EyeTracking_physio	4	2531.553	3006.579	475.026	1659.260	638.025	0.104	0.047	0.271	0.414
sub-132_task-EyeTracking_physio	5	-946.824	244.869	1191.693	1284.095	686.595	0.129	0.134	0.485	1.090
sub-132_task-EyeTracking_physio	5	261.536	428.211	166.675	1250.492	684.845	0.225	0.134	0.515	0.591
sub-132_task-EyeTracking_physio	5	486.543	594.880	108.337	1038.515	642.650	0.105	0.025	0.205	0.249
sub-132_task-EyeTracking_physio	5	628.214	1086.558	458.344	957.420	721.315	0.123	0.107	0.399	0.797
sub-132_task-EyeTracking_physio	5	1128.224	1661.569	533.345	1011.203	860.270	0.083	0.029	0.229	0.485
sub-132_task-EyeTracking_physio	5	1678.235	1811.575	133.340	1119.818	818.582	0.208	0.072	0.484	0.392
sub-132_task-EyeTracking_physio	5	1853.245	2236.590	383.345	1286.165	789.895	0.083	0.019	0.199	0.274
sub-132_task-EyeTracking_physio	5	2336.589	2469.923	133.334	1351.197	921.222	0.081	0.022	0.181	0.324
sub-132_task-EyeTracking_physio	5	2478.256	2694.928	216.672	1350.645	940.090	0.090	0.051	0.206	0.523
sub-132_task-EyeTracking_physio	5	2728.261	2853.265	125.004	1434.545	893.220	0.111	0.037	0.257	0.269
sub-132_task-EyeTracking_physio	5	2886.598	3003.270	116.672	1384.855	604.477	0.095	0.029	0.153	0.310
sub-132_task-EyeTracking_physio	6	-883.391	-625.053	258.338	1340.550	565.825	0.077	0.023	0.122	0.346
sub-132_task-EyeTracking_physio	6	-566.721	-225.044	341.677	1303.690	728.010	0.128	0.049	0.402	0.417
sub-132_task-EyeTracking_physio	6	-183.377	291.633	475.010	1270.480	715.975	0.101	0.020	0.146	0.424
sub-132_task-EyeTracking_physio	6	308.299	491.641	183.342	1322.723	698.240	0.187	0.127	0.443	0.714
sub-132_task-EyeTracking_physio	6	516.641	691.642	175.001	1461.790	682.740	0.111	0.019	0.276	0.191
sub-132_task-EyeTracking_physio	6	716.641	908.315	191.674	1618.770	702.880	0.098	0.029	0.230	0.263
sub-132_task-EyeTracking_physio	6	941.647	1108.319	166.672	1696.368	700.723	0.087	0.014	0.177	0.168
sub-132_task-EyeTracking_physio	6	1133.318	1291.658	158.340	1580.350	687.005	0.099	0.042	0.396	0.220
sub-132_task-EyeTracking_physio	6	1333.325	1491.659	158.334	1174.455	680.180	0.147	0.064	0.615	0.217
sub-132_task-EyeTracking_physio	6	1549.996	1908.332	358.336	1022.885	707.000	0.105	0.039	0.225	0.513
sub-132_task-EyeTracking_physio	6	1966.671	2091.676	125.005	1101.515	597.110	0.069	0.008	0.101	0.124
sub-132_task-EyeTracking_physio	6	2116.676	2525.019	408.343	1216.730	533.480	0.071	0.031	0.148	0.496
sub-132_task-EyeTracking_physio	6	2550.018	2775.025	225.007	1339.875	541.885	0.082	0.015	0.173	0.201
sub-132_task-EyeTracking_physio	6	2808.356	3008.362	200.006	1468.500	588.235	0.110	0.032	0.314	0.284
sub-132_task-EyeTracking_physio	7	-1879.202	-1637.529	241.673	1335.855	694.115	0.178	0.045	0.305	0.388
sub-132_task-EyeTracking_physio	7	-1620.863	320.847	1941.710	1279.225	694.895	0.117	0.078	0.606	0.863
sub-132_task-EyeTracking_physio	7	362.513	762.521	400.008	1241.693	761.580	0.109	0.033	0.173	0.424
sub-132_task-EyeTracking_physio	7	795.860	904.191	108.331	1180.565	855.500	0.110	0.019	0.175	0.196
sub-132_task-EyeTracking_physio	7	970.860	1120.864	150.004	1167.082	908.785	0.087	0.035	0.205	0.349
sub-132_task-EyeTracking_physio	7	1154.197	1379.202	225.005	1085.755	933.795	0.082	0.016	0.213	0.169
sub-132_task-EyeTracking_physio	7	1420.868	1645.875	225.007	1500.975	813.390	0.118	0.046	0.486	0.275
sub-132_task-EyeTracking_physio	7	1662.542	2070.882	408.340	1602.815	795.790	0.239	0.120	0.985	0.687
sub-132_task-EyeTracking_physio	7	2320.889	2562.561	241.672	1459.135	950.800	0.107	0.033	0.310	0.371
sub-132_task-EyeTracking_physio	7	2595.894	2762.568	166.674	1312.938	957.260	0.106	0.039	0.379	0.246
sub-132_task-EyeTracking_physio	7	2804.233	2987.568	183.335	1152.832	971.347	0.067	0.011	0.186	0.117
sub-132_task-EyeTracking_physio	8	-548.861	-307.192	241.669	1257.030	756.110	0.105	0.029	0.397	0.226
sub-132_task-EyeTracking_physio	8	-282.187	526.162	808.349	1295.565	715.410	0.067	0.027	0.226	0.409
sub-132_task-EyeTracking_physio	8	692.830	792.835	100.005	1368.220	877.875	0.128	0.032	0.264	0.283
sub-132_task-EyeTracking_physio	8	884.501	1126.175	241.674	1434.995	959.115	0.077	0.031	0.209	0.385
sub-132_task-EyeTracking_physio	8	1151.180	1342.848	191.668	1505.740	877.955	0.121	0.046	0.199	0.383
sub-132_task-EyeTracking_physio	8	1376.181	1676.190	300.009	1574.463	827.433	0.100	0.016	0.144	0.334
sub-132_task-EyeTracking_physio	8	1709.523	1859.525	150.002	1463.580	800.918	0.079	0.015	0.177	0.184
sub-132_task-EyeTracking_physio	8	1876.192	2009.527	133.335	1274.257	782.825	0.375	0.191	1.167	0.439
sub-132_task-EyeTracking_physio	8	2126.197	2292.867	166.670	1076.180	764.305	0.086	0.026	0.277	0.219
sub-132_task-EyeTracking_physio	8	2317.867	2509.542	191.675	952.775	755.560	0.159	0.061	0.477	0.307
sub-132_task-EyeTracking_physio	8	2542.874	2709.544	166.670	1007.785	724.298	0.104	0.019	0.157	0.246
sub-132_task-EyeTracking_physio	8	2742.881	2942.885	200.004	1060.480	652.910	0.122	0.024	0.221	0.313
sub-132_task-EyeTracking_physio	9	-560.220	-285.210	275.010	1089.995	616.145	0.117	0.026	0.179	0.389
sub-132_task-EyeTracking_physio	9	-268.544	281.469	550.013	1262.242	693.060	0.081	0.026	0.358	0.277
sub-132_task-EyeTracking_physio	9	314.801	448.138	133.337	1271.705	734.503	0.074	0.013	0.122	0.193
sub-132_task-EyeTracking_physio	9	498.142	614.807	116.665	1410.983	818.350	0.073	0.009	0.104	0.201
sub-132_task-EyeTracking_physio	9	656.477	806.481	150.004	1450.743	805.058	0.092	0.022	0.151	0.263
sub-132_task-EyeTracking_physio	9	823.147	1031.486	208.339	1571.870	799.790	0.157	0.079	0.592	0.293
sub-132_task-EyeTracking_physio	9	1056.485	1231.490	175.005	1642.710	760.780	0.118	0.052	0.250	0.394
sub-132_task-EyeTracking_physio	9	1248.156	1414.830	166.674	1535.247	698.207	0.205	0.093	0.332	0.721
sub-132_task-EyeTracking_physio	9	1448.163	1639.833	191.670	1425.880	590.805	0.119	0.037	0.248	0.339
sub-132_task-EyeTracking_physio	9	1673.170	1898.172	225.002	1353.465	552.835	0.062	0.015	0.178	0.180
sub-132_task-EyeTracking_physio	9	1923.172	2081.512	158.340	1267.115	544.975	0.111	0.025	0.283	0.211
sub-132_task-EyeTracking_physio	9	2131.512	2281.520	150.008	1102.322	534.632	0.058	0.013	0.219	0.123
sub-132_task-EyeTracking_physio	9	2339.852	2798.194	458.342	979.685	549.815	0.076	0.025	0.238	0.381
sub-132_task-EyeTracking_physio	9	2831.527	2973.198	141.671	1030.370	573.585	0.085	0.014	0.125	0.199
sub-132_task-EyeTracking_physio	10	-346.378	-188.035	158.343	1267.555	763.505	0.086	0.029	0.177	0.458
sub-132_task-EyeTracking_physio	10	-138.035	428.642	566.677	1271.997	702.513	0.131	0.035	0.185	0.592
sub-132_task-EyeTracking_physio	10	461.979	778.655	316.676	1337.895	779.273	0.168	0.037	0.154	0.571
sub-132_task-EyeTracking_physio	10	803.655	1020.325	216.670	1473.555	766.013	0.150	0.037	0.230	0.398
sub-132_task-EyeTracking_physio	10	1186.995	1370.334	183.339	1463.372	653.362	0.124	0.038	0.254	0.385
sub-132_task-EyeTracking_physio	10	1412.000	1612.007	200.007	1388.273	602.070	0.067	0.012	0.163	0.186
sub-132_task-EyeTracking_physio	10	1637.011	1828.679	191.668	1274.830	610.940	0.074	0.013	0.260	0.150
sub-132_task-EyeTracking_physio	10	1845.346	2212.022	366.676	1104.793	648.968	0.108	0.065	0.633	0.415
sub-132_task-EyeTracking_physio	10	2237.022	2645.364	408.342	1017.380	716.430	0.145	0.029	0.181	0.456
sub-132_task-EyeTracking_physio	10	2678.700	3003.706	325.006	942.385	720.930	0.124	0.045	0.288	0.443
sub-132_task-EyeTracking_physio	11	-2751.177	-2492.837	258.340	1300.190	682.735	0.204	0.059	0.317	0.543
sub-132_task-EyeTracking_physio	11	-2476.170	-1576.146	900.024	1254.640	682.178	0.150	0.126	0.614	0.854
sub-132_task-EyeTracking_physio	11	-1542.813	-1326.143	216.670	1298.112	699.062	0.110	0.027	0.243	0.326
sub-132_task-EyeTracking_physio	11	-1292.809	-392.787	900.022	1264.545	694.060	0.081	0.020	0.176	0.470
sub-132_task-EyeTracking_physio	11	-376.120	315.559	691.679	1285.190	694.490	0.114	0.050	0.630	0.395
sub-132_task-EyeTracking_physio	11	348.898	590.565	241.667	1287.840	747.200	0.090	0.026	0.162	0.436
sub-132_task-EyeTracking_physio	11	623.900	732.239	108.339	1273.825	820.120	0.069	0.012	0.145	0.166
sub-132_task-EyeTracking_physio	11	748.906	890.574	141.668	1292.425	889.785	0.193	0.088	0.407	0.536
sub-132_task-EyeTracking_physio	11	915.575	1073.909	158.334	1372.505	932.615	0.092	0.027	0.189	0.385
sub-132_task-EyeTracking_physio	11	1107.242	1323.914	216.672	1560.447	911.918	0.135	0.081	0.341	0.625
sub-132_task-EyeTracking_physio	11	1348.914	1557.254	208.340	1669.380	887.200	0.085	0.029	0.241	0.256
sub-132_task-EyeTracking_physio	11	1598.920	1773.921	175.001	1682.740	855.745	0.092	0.023	0.209	0.269
sub-132_task-EyeTracking_physio	11	1798.927	1957.264	158.337	1640.690	708.795	0.108	0.051	0.314	0.397
sub-132_task-EyeTracking_physio	11	1973.930	2257.268	283.338	1614.513	614.250	0.103	0.046	0.249	0.464
sub-132_task-EyeTracking_physio	11	2273.934	2548.941	275.007	1433.355	615.780	0.388	3.574	3.502	4.725
sub-132_task-EyeTracking_physio	11	2732.281	2923.951	191.670	897.590	786.070	0.143	0.057	0.197	0.585
sub-132_task-EyeTracking_physio	12	-412.330	-245.666	166.664	879.753	686.587	0.121	0.029	0.231	0.315
sub-132_task-EyeTracking_physio	12	-203.999	454.349	658.348	1271.030	706.150	0.135	0.067	0.315	0.725
sub-132_task-EyeTracking_physio	12	504.354	712.688	208.334	1305.110	879.220	0.099	0.026	0.126	0.362
sub-132_task-EyeTracking_physio	12	754.359	979.361	225.002	1431.510	935.045	0.089	0.045	0.248	0.598
sub-132_task-EyeTracking_physio	12	1004.360	1229.366	225.006	1495.580	917.950	0.090	0.026	0.231	0.261
sub-132_task-EyeTracking_physio	12	1254.365	1412.702	158.337	1452.005	881.425	0.087	0.020	0.135	0.279
sub-132_task-EyeTracking_physio	12	1462.702	1612.708	150.006	1405.870	709.545	0.178	0.027	0.113	0.489
sub-132_task-EyeTracking_physio	12	1629.375	2096.056	466.681	1414.652	605.627	0.109	0.046	0.418	0.524
sub-132_task-EyeTracking_physio	12	2112.722	2262.724	150.002	1219.082	708.572	0.387	1.781	1.900	1.934
sub-132_task-EyeTracking_physio	12	2304.390	2779.402	475.012	1108.495	742.735	0.123	0.070	0.359	0.584
sub-132_task-EyeTracking_physio	12	2812.735	3004.408	191.673	1036.320	772.105	0.169	0.069	0.406	0.433
sub-132_task-EyeTracking_physio	13	-665.430	-507.090	158.340	1036.075	767.925	0.171	0.037	0.150	0.445
sub-132_task-EyeTracking_physio	13	-482.091	-273.755	208.336	1236.480	747.515	0.155	0.033	0.277	0.307
sub-132_task-EyeTracking_physio	13	-257.088	467.929	725.017	1283.950	714.990	0.149	0.136	0.404	1.025
sub-132_task-EyeTracking_physio	13	651.268	842.939	191.671	1395.735	696.175	0.092	0.018	0.098	0.319
sub-132_task-EyeTracking_physio	13	859.605	1051.275	191.670	1396.160	642.335	0.081	0.016	0.148	0.253
sub-132_task-EyeTracking_physio	13	1084.612	1317.952	233.340	1366.955	585.642	0.062	0.007	0.140	0.155
sub-132_task-EyeTracking_physio	13	1342.951	1551.286	208.335	1314.835	561.755	0.064	0.012	0.172	0.145
sub-132_task-EyeTracking_physio	13	1592.958	1776.294	183.336	1234.827	570.485	0.060	0.013	0.194	0.146
sub-132_task-EyeTracking_physio	13	1817.961	2284.638	466.677	1116.145	605.668	0.064	0.013	0.137	0.256
sub-132_task-EyeTracking_physio	13	2309.638	2576.313	266.675	1084.505	644.520	0.079	0.021	0.143	0.288
sub-132_task-EyeTracking_physio	13	2842.983	3009.654	166.671	1135.562	786.710	0.121	0.027	0.241	0.378
sub-132_task-EyeTracking_physio	14	-676.850	-535.180	141.670	1136.420	781.925	0.136	0.016	0.090	0.353
sub-132_task-EyeTracking_physio	14	-501.847	-301.840	200.007	1269.152	710.832	0.100	0.013	0.108	0.234
sub-132_task-EyeTracking_physio	14	-285.174	331.509	616.683	1277.422	695.008	0.125	0.055	0.145	1.048
sub-132_task-EyeTracking_physio	14	348.176	531.512	183.336	1356.402	730.335	0.184	0.083	0.542	0.471
sub-132_task-EyeTracking_physio	14	548.179	781.517	233.338	1497.520	768.773	0.245	0.122	0.851	0.475
sub-132_task-EyeTracking_physio	14	806.518	998.192	191.674	1573.600	766.555	0.188	0.032	0.150	0.584
sub-132_task-EyeTracking_physio	14	1023.191	1164.860	141.669	1531.915	658.860	0.118	0.023	0.198	0.291
sub-132_task-EyeTracking_physio	14	1181.527	1348.200	166.673	1477.812	566.785	0.100	0.023	0.214	0.185
sub-132_task-EyeTracking_physio	14	1389.867	1539.869	150.002	1353.030	527.715	0.066	0.021	0.187	0.200
sub-132_task-EyeTracking_physio	14	1556.536	1714.875	158.339	1164.305	556.695	0.343	0.131	1.087	0.282
sub-132_task-EyeTracking_physio	14	1773.210	2214.885	441.675	1062.980	637.635	0.120	0.036	0.306	0.392
sub-132_task-EyeTracking_physio	14	2239.885	2506.559	266.674	1132.757	674.952	0.129	0.032	0.140	0.511
sub-132_task-EyeTracking_physio	14	2664.897	3006.576	341.679	911.415	912.030	0.104	0.064	0.354	0.525
sub-132_task-EyeTracking_physio	15	-813.379	-638.377	175.002	923.375	912.095	0.094	0.022	0.291	0.184
sub-132_task-EyeTracking_physio	15	-580.040	-371.704	208.336	1235.750	739.740	0.068	0.007	0.096	0.161
sub-132_task-EyeTracking_physio	15	-346.704	469.987	816.691	1284.517	717.207	0.095	0.035	0.271	0.484
sub-132_task-EyeTracking_physio	15	594.990	753.322	158.332	1384.750	743.130	0.297	1.445	1.253	1.976
sub-132_task-EyeTracking_physio	15	769.989	1078.331	308.342	1407.625	645.065	0.123	0.073	0.459	0.516
sub-132_task-EyeTracking_physio	15	1103.331	1253.337	150.006	1465.005	595.963	0.075	0.018	0.143	0.268
sub-132_task-EyeTracking_physio	15	1286.670	1495.006	208.336	1571.115	569.710	0.083	0.021	0.133	0.316
sub-132_task-EyeTracking_physio	15	1528.345	1745.012	216.667	1673.652	603.735	0.091	0.033	0.190	0.368
sub-132_task-EyeTracking_physio	15	1770.017	1953.351	183.334	1617.735	837.970	0.150	0.101	0.339	0.713
sub-132_task-EyeTracking_physio	15	2095.022	2245.025	150.003	1173.117	892.197	0.115	0.030	0.423	0.172
sub-132_task-EyeTracking_physio	15	2303.362	2461.698	158.336	961.085	882.420	0.076	0.012	0.101	0.214
sub-132_task-EyeTracking_physio	15	2486.698	2695.038	208.340	904.590	850.585	0.114	0.051	0.296	0.431
sub-132_task-EyeTracking_physio	15	2728.371	2911.707	183.336	886.153	748.390	0.127	0.046	0.203	0.573
sub-132_task-EyeTracking_physio	16	-2884.911	-2676.574	208.337	936.105	644.040	0.136	0.028	0.240	0.281
sub-132_task-EyeTracking_physio	16	-2659.908	-2426.569	233.339	1145.830	576.455	0.102	0.048	0.334	0.336
sub-132_task-EyeTracking_physio	16	-2393.235	-2009.893	383.342	1270.247	635.540	0.163	0.080	0.448	0.768
sub-132_task-EyeTracking_physio	16	-1993.227	-1309.874	683.353	1274.047	710.110	0.091	0.027	0.244	0.396
sub-132_task-EyeTracking_physio	16	-1293.206	-909.865	383.341	1247.665	693.340	0.118	0.041	0.439	0.434
sub-132_task-EyeTracking_physio	16	-884.865	-676.529	208.336	1285.140	681.085	0.145	0.030	0.117	0.469
sub-132_task-EyeTracking_physio	16	-651.526	-376.518	275.008	1247.450	678.275	0.171	0.086	0.520	0.571
sub-132_task-EyeTracking_physio	16	-343.186	390.166	733.352	1284.118	705.280	0.108	0.029	0.170	0.552
sub-132_task-EyeTracking_physio	16	415.165	590.167	175.002	1299.255	838.825	0.112	0.022	0.160	0.331
sub-132_task-EyeTracking_physio	16	623.501	756.837	133.336	1362.085	929.490	0.102	0.042	0.208	0.373
sub-132_task-EyeTracking_physio	16	781.841	940.178	158.337	1548.060	938.570	0.120	0.039	0.342	0.254
sub-132_task-EyeTracking_physio	16	973.512	1190.184	216.672	1698.117	916.330	0.117	0.035	0.372	0.272
sub-132_task-EyeTracking_physio	16	1206.851	1340.185	133.334	1595.245	804.783	0.174	0.067	0.268	0.478
sub-132_task-EyeTracking_physio	16	1365.185	1540.193	175.008	1539.310	614.650	0.114	0.068	0.273	0.499
sub-132_task-EyeTracking_physio	16	1573.527	1773.529	200.002	1462.820	545.197	0.060	0.011	0.198	0.163
sub-132_task-EyeTracking_physio	16	1906.865	2090.205	183.340	1068.383	544.800	0.200	0.058	0.712	0.194
sub-132_task-EyeTracking_physio	16	2131.872	2573.546	441.674	942.450	567.490	0.084	0.076	0.515	0.540
sub-132_task-EyeTracking_physio	16	2656.884	2940.224	283.340	1100.225	810.750	0.114	0.089	0.389	0.812
sub-132_task-EyeTracking_physio	17	-170.974	29.035	200.009	1284.185	724.105	0.157	0.049	0.275	0.385
sub-132_task-EyeTracking_physio	17	62.368	545.714	483.346	1276.928	691.592	0.149	0.043	0.154	0.708
sub-132_task-EyeTracking_physio	17	587.381	762.383	175.002	1431.810	654.130	0.077	0.023	0.168	0.244
sub-132_task-EyeTracking_physio	17	795.718	979.057	183.339	1505.918	599.445	0.073	0.025	0.322	0.204
sub-132_task-EyeTracking_physio	17	995.723	1545.733	550.010	1577.192	577.122	0.085	0.022	0.355	0.238
sub-132_task-EyeTracking_physio	17	1687.405	1895.746	208.341	1092.020	604.550	0.293	0.048	1.335	0.146
sub-132_task-EyeTracking_physio	17	1929.078	2462.422	533.344	973.675	615.315	0.090	0.020	0.393	0.211
sub-132_task-EyeTracking_physio	17	2520.759	2770.764	250.005	1124.375	706.837	0.120	0.029	0.222	0.415
sub-132_task-EyeTracking_physio	17	2820.764	3004.102	183.338	1209.325	787.390	0.074	0.011	0.128	0.191
sub-132_task-EyeTracking_physio	18	-273.767	242.915	516.682	1290.570	749.488	0.096	0.020	0.218	0.349
sub-132_task-EyeTracking_physio	18	259.582	434.589	175.007	1296.780	694.750	0.181	0.026	0.129	0.487
sub-132_task-EyeTracking_physio	18	484.588	692.929	208.341	1389.280	639.210	0.095	0.024	0.167	0.300
sub-132_task-EyeTracking_physio	18	717.928	1209.608	491.680	1438.850	600.130	0.079	0.015	0.174	0.325
sub-132_task-EyeTracking_physio	18	1284.606	1592.949	308.343	1418.580	774.940	0.217	0.057	0.221	0.743
sub-132_task-EyeTracking_physio	18	1617.948	1759.619	141.671	1215.695	734.735	0.407	1.237	1.622	1.344
sub-132_task-EyeTracking_physio	18	1784.619	2026.289	241.670	1069.305	716.505	0.148	0.049	0.438	0.341
sub-132_task-EyeTracking_physio	18	2059.622	2242.966	183.344	1015.817	657.015	0.150	0.038	0.274	0.335
sub-132_task-EyeTracking_physio	18	2284.631	2526.303	241.672	940.070	604.120	0.085	0.011	0.167	0.187
sub-132_task-EyeTracking_physio	18	2559.636	3009.646	450.010	891.188	587.442	0.087	0.024	0.272	0.368
sub-132_task-EyeTracking_physio	19	-309.890	-143.220	166.670	1212.812	828.765	0.079	0.025	0.257	0.272
sub-132_task-EyeTracking_physio	19	-101.551	448.462	550.013	1291.960	736.825	0.102	0.025	0.207	0.533
sub-132_task-EyeTracking_physio	19	531.794	748.468	216.674	1389.265	827.938	0.211	0.137	0.413	0.805
sub-132_task-EyeTracking_physio	19	781.802	1048.476	266.674	1487.890	867.785	0.102	0.022	0.152	0.368
sub-132_task-EyeTracking_physio	19	1165.145	1365.151	200.006	1563.918	809.392	0.132	0.050	0.275	0.511
sub-132_task-EyeTracking_physio	19	1398.485	1615.158	216.673	1611.650	666.740	0.094	0.035	0.139	0.457
sub-132_task-EyeTracking_physio	19	1631.824	1815.163	183.339	1531.398	583.758	0.127	0.034	0.335	0.371
sub-132_task-EyeTracking_physio	19	1831.827	2065.170	233.343	1341.047	587.587	0.099	0.059	0.458	0.378
sub-132_task-EyeTracking_physio	19	2081.836	2190.171	108.335	1225.745	713.695	0.240	0.302	0.620	1.026
sub-132_task-EyeTracking_physio	19	2365.174	2698.518	333.344	1244.052	897.110	0.092	0.029	0.273	0.338
sub-132_task-EyeTracking_physio	19	2731.850	2948.524	216.674	1123.932	880.908	0.097	0.023	0.309	0.205
sub-132_task-EyeTracking_physio	20	-312.770	-104.431	208.339	1251.690	722.240	0.147	0.042	0.301	0.311
sub-132_task-EyeTracking_physio	20	-87.765	337.247	425.012	1278.485	695.905	0.148	0.058	0.341	0.658
sub-132_task-EyeTracking_physio	20	370.581	662.254	291.673	1250.990	681.830	0.116	0.022	0.205	0.297
sub-132_task-EyeTracking_physio	20	695.586	845.594	150.008	1177.227	642.457	0.157	0.026	0.155	0.375
sub-132_task-EyeTracking_physio	20	878.927	1212.265	333.338	1069.330	581.490	0.083	0.015	0.223	0.215
sub-132_task-EyeTracking_physio	20	1237.267	1395.607	158.340	1146.975	580.540	0.071	0.012	0.133	0.175
sub-132_task-EyeTracking_physio	20	1445.605	1595.610	150.005	1347.530	604.415	0.082	0.014	0.196	0.147
sub-132_task-EyeTracking_physio	20	1620.612	1812.282	191.670	1468.740	662.675	0.167	0.085	0.351	0.618
sub-132_task-EyeTracking_physio	20	1853.948	2195.623	341.675	1560.530	676.655	0.145	0.096	0.320	0.831
sub-132_task-EyeTracking_physio	20	2212.289	2403.960	191.671	1502.190	720.750	0.191	0.047	0.498	0.342
sub-132_task-EyeTracking_physio	20	2445.630	2578.967	133.337	1253.425	804.403	0.132	0.033	0.352	0.289
sub-132_task-EyeTracking_physio	20	2603.967	2778.968	175.001	1033.795	789.690	0.148	0.045	0.451	0.257
sub-132_task-EyeTracking_physio	20	2820.639	2987.311	166.672	893.178	763.635	0.133	0.045	0.318	0.308
sub-132_task-EyeTracking_physio	21	-298.876	-157.206	141.670	918.405	657.785	0.104	0.027	0.174	0.382
sub-132_task-EyeTracking_physio	21	-115.542	359.470	475.012	1256.130	697.000	0.112	0.039	0.414	0.435
sub-132_task-EyeTracking_physio	21	384.470	559.472	175.002	1327.640	696.050	0.169	0.052	0.315	0.368
sub-132_task-EyeTracking_physio	21	584.472	776.145	191.673	1427.060	710.840	0.156	0.030	0.181	0.398
sub-132_task-EyeTracking_physio	21	792.812	1367.824	575.012	1611.620	721.460	0.170	0.096	0.681	0.629
sub-132_task-EyeTracking_physio	21	1401.160	1609.496	208.336	1452.965	842.785	0.108	0.034	0.294	0.227
sub-132_task-EyeTracking_physio	21	1651.166	1792.836	141.670	1163.585	801.590	0.112	0.027	0.272	0.193
sub-132_task-EyeTracking_physio	21	1926.176	2159.507	233.331	1001.727	600.618	0.107	0.029	0.298	0.234
sub-132_task-EyeTracking_physio	21	2176.179	2392.850	216.671	1023.750	569.467	0.119	0.023	0.186	0.342
sub-132_task-EyeTracking_physio	21	2426.188	2576.188	150.000	1095.240	537.438	0.078	0.012	0.121	0.190
sub-132_task-EyeTracking_physio	21	2634.521	2734.525	100.004	967.618	607.825	0.100	0.020	0.147	0.167
sub-132_task-EyeTracking_physio	21	2767.857	3009.533	241.676	896.235	797.010	0.093	0.042	0.235	0.374
sub-132_task-EyeTracking_physio	22	-743.696	-552.029	191.667	1057.220	855.935	0.073	0.018	0.212	0.176
sub-132_task-EyeTracking_physio	22	-518.695	281.322	800.017	1286.538	730.060	0.083	0.028	0.322	0.297
sub-132_task-EyeTracking_physio	22	314.661	639.665	325.004	1360.730	758.260	0.096	0.029	0.240	0.268
sub-132_task-EyeTracking_physio	22	664.665	964.676	300.011	1423.588	822.990	0.122	0.079	0.259	0.692
sub-132_task-EyeTracking_physio	22	981.343	1173.011	191.668	1299.910	844.530	0.113	0.016	0.377	0.187
sub-132_task-EyeTracking_physio	22	1206.345	1398.020	191.675	1137.550	832.215	0.138	0.028	0.273	0.332
sub-132_task-EyeTracking_physio	22	1431.353	1614.692	183.339	1072.233	821.612	0.104	0.032	0.285	0.290
sub-132_task-EyeTracking_physio	22	1639.691	1831.360	191.669	1016.540	721.150	0.121	0.036	0.215	0.405
sub-132_task-EyeTracking_physio	22	1873.029	2473.042	600.013	1073.808	596.122	0.074	0.032	0.331	0.321
sub-132_task-EyeTracking_physio	22	2539.714	2681.382	141.668	1096.000	684.685	0.144	0.057	0.248	0.456
sub-132_task-EyeTracking_physio	22	2706.382	2898.051	191.669	1231.235	830.125	0.132	0.064	0.354	0.516
sub-132_task-EyeTracking_physio	23	-780.211	-371.870	408.341	1420.340	840.930	0.065	0.010	0.182	0.222
sub-132_task-EyeTracking_physio	23	-330.203	-105.197	225.006	1327.820	735.290	0.082	0.015	0.159	0.298
sub-132_task-EyeTracking_physio	23	-63.530	386.485	450.015	1288.863	697.990	0.108	0.032	0.261	0.410
sub-132_task-EyeTracking_physio	23	419.818	611.489	191.671	1406.325	719.770	0.181	0.109	0.503	0.522
sub-132_task-EyeTracking_physio	23	653.155	828.157	175.002	1489.275	754.745	0.145	0.054	0.220	0.537
sub-132_task-EyeTracking_physio	23	853.157	1153.167	300.010	1588.298	755.645	0.141	0.047	0.315	0.596
sub-132_task-EyeTracking_physio	23	1186.500	1378.170	191.670	1517.985	776.840	0.159	0.038	0.207	0.439
sub-132_task-EyeTracking_physio	23	1394.843	1744.843	350.000	1418.070	837.368	0.131	0.067	0.643	0.431
sub-132_task-EyeTracking_physio	23	1819.850	2136.522	316.672	1336.105	902.730	0.064	0.026	0.192	0.371
sub-132_task-EyeTracking_physio	23	2169.860	2378.195	208.335	1119.955	897.975	0.100	0.040	0.451	0.206
sub-132_task-EyeTracking_physio	23	2403.197	2844.878	441.681	1017.620	876.660	0.086	0.024	0.256	0.304
sub-132_task-EyeTracking_physio	23	2878.209	3003.211	125.002	991.520	765.115	0.099	0.031	0.183	0.470
sub-132_task-EyeTracking_physio	24	-2618.189	-2243.190	374.999	1060.045	603.060	0.071	0.020	0.232	0.220
sub-132_task-EyeTracking_physio	24	-2218.185	-1918.180	300.005	1224.168	628.255	0.135	0.034	0.234	0.395
sub-132_task-EyeTracking_physio	24	-1834.844	-1293.166	541.678	1286.880	687.980	0.130	0.059	0.218	0.784
sub-132_task-EyeTracking_physio	24	-1259.832	-443.148	816.684	1246.540	695.987	0.081	0.025	0.165	0.437
sub-132_task-EyeTracking_physio	24	-418.148	-226.474	191.674	1299.190	705.235	0.074	0.022	0.143	0.335
sub-132_task-EyeTracking_physio	24	-193.141	556.875	750.016	1271.630	714.250	0.074	0.037	0.340	0.298
sub-132_task-EyeTracking_physio	24	590.208	956.883	366.675	1189.053	677.560	0.104	0.025	0.259	0.296
sub-132_task-EyeTracking_physio	24	998.550	1348.558	350.008	1110.648	671.595	0.106	0.025	0.187	0.422
sub-132_task-EyeTracking_physio	24	1440.225	1665.231	225.006	1159.650	978.180	0.187	0.069	0.226	0.841
sub-132_task-EyeTracking_physio	24	1681.896	1790.232	108.336	1290.270	940.205	0.124	0.049	0.310	0.307
sub-132_task-EyeTracking_physio	24	1831.898	2206.907	375.009	1564.500	927.385	0.113	0.043	0.645	0.241
sub-132_task-EyeTracking_physio	24	2223.574	2406.915	183.341	1530.268	869.648	0.103	0.027	0.242	0.219
sub-132_task-EyeTracking_physio	24	2423.582	2523.585	100.003	1457.442	716.655	0.127	0.042	0.283	0.238
sub-132_task-EyeTracking_physio	24	2540.251	2723.587	183.336	1497.217	618.983	0.102	0.032	0.196	0.307
sub-132_task-EyeTracking_physio	24	2756.925	3006.926	250.001	1471.343	569.925	0.079	0.023	0.164	0.323
sub-132_task-EyeTracking_physio	25	-1897.239	-1738.902	158.337	1143.065	680.750	0.126	0.030	0.131	0.425
sub-132_task-EyeTracking_physio	25	-1713.902	-1013.884	700.018	1278.780	671.912	0.154	0.071	0.322	0.793
sub-132_task-EyeTracking_physio	25	-788.876	-188.865	600.011	1287.673	668.072	0.146	0.073	0.323	0.842
sub-132_task-EyeTracking_physio	25	-155.533	644.486	800.019	1271.205	694.217	0.112	0.072	0.477	0.664
sub-132_task-EyeTracking_physio	25	661.156	827.822	166.666	1199.537	650.087	0.149	0.035	0.582	0.157
sub-132_task-EyeTracking_physio	25	869.489	1044.499	175.010	988.255	656.935	0.089	0.023	0.265	0.228
sub-132_task-EyeTracking_physio	25	1061.166	1344.504	283.338	877.610	671.155	0.264	0.093	1.236	0.266
sub-132_task-EyeTracking_physio	25	1377.838	1544.507	166.669	862.120	647.812	0.099	0.029	0.288	0.230
sub-132_task-EyeTracking_physio	25	1561.174	1761.181	200.007	964.868	568.780	0.140	0.062	0.384	0.420
sub-132_task-EyeTracking_physio	25	1794.513	1977.853	183.340	1073.162	524.220	0.063	0.016	0.203	0.183
sub-132_task-EyeTracking_physio	25	1994.518	2211.189	216.671	1223.185	562.360	0.186	0.096	0.719	0.460
sub-132_task-EyeTracking_physio	25	2269.526	2494.531	225.005	1282.875	720.995	0.277	0.154	0.494	0.953
sub-132_task-EyeTracking_physio	25	2527.865	2627.867	100.002	1203.510	849.330	0.117	0.045	0.333	0.203
sub-132_task-EyeTracking_physio	25	2652.868	3002.872	350.004	1189.400	799.003	0.118	0.051	0.344	0.434
sub-132_task-EyeTracking_physio	26	-450.108	-175.104	275.004	1301.635	789.515	0.119	0.028	0.143	0.436
sub-132_task-EyeTracking_physio	26	-158.436	558.248	716.684	1286.842	696.503	0.154	0.056	0.229	0.832
sub-132_task-EyeTracking_physio	26	583.246	791.587	208.341	1263.080	645.555	0.088	0.018	0.151	0.241
sub-132_task-EyeTracking_physio	26	816.588	1224.929	408.341	1234.950	626.010	0.070	0.019	0.210	0.298
sub-132_task-EyeTracking_physio	26	1266.595	1774.939	508.344	1295.975	730.950	0.173	0.071	0.431	0.831
sub-132_task-EyeTracking_physio	26	1808.272	1908.274	100.002	1513.760	736.645	0.204	0.107	0.598	0.395
sub-132_task-EyeTracking_physio	26	1924.942	2458.286	533.344	1634.375	770.120	0.158	0.103	0.551	0.823
sub-132_task-EyeTracking_physio	26	2499.955	2724.958	225.003	1546.135	862.980	0.084	0.028	0.278	0.284
sub-132_task-EyeTracking_physio	26	2741.624	2858.294	116.670	1403.463	857.717	0.136	0.031	0.320	0.220
sub-132_task-EyeTracking_physio	26	2899.965	3008.298	108.333	1231.425	833.980	0.086	0.016	0.231	0.128
sub-132_task-EyeTracking_physio	27	-294.555	-169.552	125.003	1061.600	802.655	0.091	0.017	0.156	0.187
sub-132_task-EyeTracking_physio	27	-152.885	338.794	491.679	1278.035	706.265	0.193	0.087	0.535	0.639
sub-132_task-EyeTracking_physio	27	372.127	597.134	225.007	1278.505	652.215	0.068	0.011	0.125	0.214
sub-132_task-EyeTracking_physio	27	630.467	780.468	150.001	1345.293	651.480	0.072	0.010	0.132	0.170
sub-132_task-EyeTracking_physio	27	813.806	1063.812	250.006	1539.568	687.562	0.096	0.034	0.331	0.264
sub-132_task-EyeTracking_physio	27	1088.812	1480.489	391.677	1576.655	666.390	0.071	0.026	0.202	0.360
sub-132_task-EyeTracking_physio	27	1530.488	1655.490	125.002	1547.395	761.695	0.057	0.018	0.106	0.243
sub-132_task-EyeTracking_physio	27	1672.157	1838.826	166.669	1478.533	844.435	0.189	0.055	0.234	0.490
sub-132_task-EyeTracking_physio	27	1863.829	2047.169	183.340	1491.205	813.175	0.119	0.032	0.213	0.340
sub-132_task-EyeTracking_physio	27	2072.168	2247.171	175.003	1411.670	733.105	0.072	0.024	0.218	0.230
sub-132_task-EyeTracking_physio	27	2288.837	2597.177	308.340	1243.140	708.425	0.062	0.010	0.145	0.236
sub-132_task-EyeTracking_physio	27	2647.182	2955.520	308.338	1095.540	692.605	0.083	0.017	0.251	0.223
sub-132_task-EyeTracking_physio	28	-3383.199	-3258.195	125.004	1008.245	727.645	0.122	0.017	0.120	0.280
sub-132_task-EyeTracking_physio	28	-3224.861	-3041.523	183.338	1221.497	694.060	0.080	0.014	0.230	0.132
sub-132_task-EyeTracking_physio	28	-3008.191	-2424.846	583.345	1282.092	675.620	0.092	0.036	0.391	0.375
sub-132_task-EyeTracking_physio	28	-2349.844	-2241.505	108.339	1340.990	923.060	1.767	6.131	3.051	3.596
sub-132_task-EyeTracking_physio	28	-2208.172	-2024.836	183.336	1273.535	700.945	0.113	0.056	0.233	0.767
sub-132_task-EyeTracking_physio	28	-1999.832	-1541.491	458.341	1314.795	679.545	0.102	0.036	0.224	0.437
sub-132_task-EyeTracking_physio	28	-1524.824	-324.796	1200.028	1292.547	672.270	0.138	0.134	0.501	1.064
sub-132_task-EyeTracking_physio	28	-308.128	325.217	633.345	1263.750	695.342	0.178	0.066	0.608	0.637
sub-132_task-EyeTracking_physio	28	358.556	641.895	283.339	1313.700	696.195	0.112	0.043	0.155	0.518
sub-132_task-EyeTracking_physio	28	691.894	841.897	150.003	1425.945	788.092	0.187	0.097	0.370	0.841
sub-132_task-EyeTracking_physio	28	866.902	983.567	116.665	1475.205	925.743	0.118	0.023	0.129	0.276
sub-132_task-EyeTracking_physio	28	1008.570	1141.909	133.339	1179.662	973.382	0.314	1.184	2.716	0.752
sub-132_task-EyeTracking_physio	28	1175.241	1308.578	133.337	1022.130	955.393	0.153	0.065	0.488	0.282
sub-132_task-EyeTracking_physio	28	1333.577	1458.582	125.005	952.875	793.770	0.125	0.032	0.148	0.407
sub-132_task-EyeTracking_physio	28	1491.913	1675.255	183.342	984.107	582.268	0.099	0.034	0.217	0.419
sub-132_task-EyeTracking_physio	28	1708.588	1866.923	158.335	1130.725	533.605	0.092	0.019	0.298	0.182
sub-132_task-EyeTracking_physio	28	1900.256	2075.262	175.006	1546.050	559.335	0.134	0.049	0.452	0.337
sub-132_task-EyeTracking_physio	28	2108.595	2475.269	366.674	1660.567	638.413	0.084	0.040	0.240	0.484
sub-132_task-EyeTracking_physio	28	2508.602	2666.942	158.340	1572.000	812.000	0.267	0.176	0.660	0.630
sub-132_task-EyeTracking_physio	28	2808.611	3008.617	200.006	886.430	908.030	0.401	0.946	3.065	0.605
sub-132_task-EyeTracking_physio	29	-794.645	-652.975	141.670	899.450	911.665	0.061	0.015	0.269	0.174
sub-132_task-EyeTracking_physio	29	-627.975	680.388	1308.363	1272.690	688.955	0.137	0.151	0.662	1.102
sub-132_task-EyeTracking_physio	29	713.721	863.724	150.003	1372.890	623.435	0.071	0.013	0.116	0.300
sub-132_task-EyeTracking_physio	29	905.397	1130.398	225.001	1526.100	573.160	0.123	0.036	0.435	0.204
sub-132_task-EyeTracking_physio	29	1147.065	1680.409	533.344	1534.070	709.870	0.358	6.432	4.333	7.602
sub-132_task-EyeTracking_physio	29	1705.413	1880.413	175.000	1290.285	956.075	0.140	0.127	0.510	0.507
sub-132_task-EyeTracking_physio	29	1913.747	2113.755	200.008	1128.842	915.805	0.151	0.092	0.564	0.356
sub-132_task-EyeTracking_physio	29	2147.088	2480.432	333.344	1071.500	851.707	0.129	0.047	0.237	0.455
sub-132_task-EyeTracking_physio	29	2505.432	2697.100	191.668	1008.205	811.390	0.127	0.069	0.389	0.463
sub-132_task-EyeTracking_physio	29	2738.766	3005.438	266.672	895.082	757.285	0.154	0.039	0.187	0.496
sub-132_task-EyeTracking_physio	30	-389.193	-72.521	316.672	1246.105	709.092	0.199	0.123	0.638	0.810
sub-132_task-EyeTracking_physio	30	-39.188	477.493	516.681	1308.635	699.233	0.170	0.055	0.224	0.780
sub-132_task-EyeTracking_physio	30	502.493	702.495	200.002	1227.887	660.023	0.073	0.026	0.243	0.296
sub-132_task-EyeTracking_physio	30	802.499	1077.507	275.008	1168.870	675.080	0.079	0.033	0.148	0.496
sub-132_task-EyeTracking_physio	30	1102.507	1260.843	158.336	1368.960	665.675	0.207	0.059	0.604	0.258
sub-132_task-EyeTracking_physio	30	1302.509	1660.850	358.341	1519.295	682.510	0.113	0.061	0.416	0.554
sub-132_task-EyeTracking_physio	30	1769.190	1994.196	225.006	1370.985	699.805	0.138	0.051	0.166	0.711
sub-132_task-EyeTracking_physio	30	2044.195	2277.535	233.340	1217.490	500.780	0.059	0.026	0.174	0.351
sub-132_task-EyeTracking_physio	30	2294.202	2494.205	200.003	1107.883	493.768	0.225	0.045	0.933	0.269
sub-132_task-EyeTracking_physio	30	2544.204	2710.877	166.673	1011.067	496.750	0.074	0.013	0.132	0.196
sub-132_task-EyeTracking_physio	30	2744.210	3002.550	258.340	1589.835	565.350	0.162	0.119	0.554	0.591
sub-132_task-EyeTracking_physio	31	-5721.401	-5521.394	200.007	1331.790	658.132	0.191	0.124	0.544	0.503
sub-132_task-EyeTracking_physio	31	-5479.728	-4963.050	516.678	1247.860	674.312	0.116	0.032	0.236	0.435
sub-132_task-EyeTracking_physio	31	-4738.042	-4538.040	200.002	1276.658	637.582	0.157	0.054	0.349	0.370
sub-132_task-EyeTracking_physio	31	-4513.034	-3238.008	1275.026	1260.765	672.405	0.129	0.075	0.428	0.636
sub-132_task-EyeTracking_physio	31	-3221.342	-2996.335	225.007	1297.720	689.825	0.161	0.059	0.541	0.312
sub-132_task-EyeTracking_physio	31	-2979.669	-2262.980	716.689	1263.403	685.967	0.132	0.046	0.543	0.445
sub-132_task-EyeTracking_physio	31	-2221.315	-2021.308	200.007	1289.890	690.763	0.091	0.016	0.166	0.238
sub-132_task-EyeTracking_physio	31	-2004.642	-1346.290	658.352	1255.190	694.230	0.100	0.027	0.533	0.266
sub-132_task-EyeTracking_physio	31	-1304.625	-1104.621	200.004	1300.287	690.037	0.065	0.012	0.142	0.203
sub-132_task-EyeTracking_physio	31	-1071.289	12.070	1083.359	1261.938	690.655	0.102	0.018	0.182	0.379
sub-132_task-EyeTracking_physio	31	45.403	653.752	608.349	1299.935	685.915	0.145	0.054	0.313	0.713
sub-132_task-EyeTracking_physio	31	803.754	920.425	116.671	1170.108	909.885	0.305	0.826	1.364	0.918
sub-132_task-EyeTracking_physio	31	953.758	1062.094	108.336	1032.965	819.245	0.229	0.142	0.406	0.801
sub-132_task-EyeTracking_physio	31	1095.427	1262.101	166.674	916.360	759.763	0.160	0.067	0.432	0.489
sub-132_task-EyeTracking_physio	31	1287.101	1495.436	208.335	968.300	590.700	0.142	0.047	0.309	0.332
sub-132_task-EyeTracking_physio	31	1528.773	1703.776	175.003	1061.660	549.390	0.085	0.024	0.195	0.186
sub-132_task-EyeTracking_physio	31	1753.774	1945.451	191.677	1166.170	549.860	0.079	0.028	0.261	0.308
sub-132_task-EyeTracking_physio	31	1970.451	2153.784	183.333	1388.870	565.608	0.139	0.052	0.452	0.265
sub-132_task-EyeTracking_physio	31	2170.450	2528.793	358.343	1549.880	559.840	0.222	0.097	1.051	0.438
sub-132_task-EyeTracking_physio	31	2570.465	2728.801	158.336	1473.665	503.325	0.075	0.028	0.270	0.192
sub-132_task-EyeTracking_physio	31	2762.133	2953.802	191.669	1385.185	465.365	0.095	0.042	0.253	0.437
sub-132_task-EyeTracking_physio	32	-682.754	-332.744	350.010	1225.140	947.975	0.085	0.156	0.784	1.051
sub-132_task-EyeTracking_physio	32	-307.745	-74.404	233.341	1308.758	744.188	0.095	0.018	0.227	0.225
sub-132_task-EyeTracking_physio	32	-49.405	408.938	458.343	1274.090	676.460	0.135	0.062	0.272	0.678
sub-132_task-EyeTracking_physio	32	458.940	900.616	441.676	1257.845	735.975	0.139	0.041	0.200	0.594
sub-132_task-EyeTracking_physio	32	908.950	1075.619	166.669	1097.800	729.148	0.513	1.943	2.553	1.187
sub-132_task-EyeTracking_physio	32	1108.956	1308.959	200.003	987.485	776.175	0.159	0.097	0.417	0.557
sub-132_task-EyeTracking_physio	32	1358.962	1758.972	400.010	899.345	834.605	0.104	0.052	0.228	0.568
sub-132_task-EyeTracking_physio	32	1792.304	1900.642	108.338	857.215	737.405	0.156	0.029	0.155	0.331
sub-132_task-EyeTracking_physio	32	2000.640	2158.981	158.341	991.160	505.325	0.125	0.039	0.277	0.385
sub-132_task-EyeTracking_physio	32	2292.319	2492.320	200.001	1611.070	626.843	0.201	0.234	0.308	1.754
sub-132_task-EyeTracking_physio	32	2508.986	2767.327	258.341	1637.355	946.870	0.139	0.051	0.353	0.556
sub-132_task-EyeTracking_physio	32	2825.663	3009.000	183.337	1208.053	945.275	0.062	0.020	0.224	0.173
sub-132_task-EyeTracking_physio	33	-635.867	-485.860	150.007	1211.862	772.778	0.153	0.046	0.363	0.407
sub-132_task-EyeTracking_physio	33	-452.527	297.495	750.022	1268.128	707.075	0.065	0.022	0.201	0.385
sub-132_task-EyeTracking_physio	33	339.161	480.827	141.666	1232.390	660.800	0.099	0.023	0.194	0.253
sub-132_task-EyeTracking_physio	33	539.160	647.497	108.337	1126.635	632.305	0.089	0.023	0.178	0.264
sub-132_task-EyeTracking_physio	33	689.169	1164.175	475.006	1223.620	578.640	0.072	0.013	0.160	0.230
sub-132_task-EyeTracking_physio	33	1214.181	1597.518	383.337	1228.250	770.870	0.115	0.044	0.265	0.500
sub-132_task-EyeTracking_physio	33	1622.521	1730.852	108.331	1059.425	744.475	0.321	0.276	0.882	0.545
sub-132_task-EyeTracking_physio	33	1764.193	1914.195	150.002	976.462	698.452	0.151	0.043	0.322	0.331
sub-132_task-EyeTracking_physio	33	1947.528	2147.535	200.007	902.867	650.883	0.136	0.074	0.379	0.423
sub-132_task-EyeTracking_physio	33	2180.868	2480.873	300.005	957.205	573.150	0.090	0.022	0.272	0.255
sub-132_task-EyeTracking_physio	33	2505.874	2664.213	158.339	1033.950	553.410	0.131	0.039	0.291	0.241
sub-132_task-EyeTracking_physio	33	2697.546	2847.548	150.002	1421.275	568.795	0.105	0.036	0.276	0.273
sub-132_task-EyeTracking_physio	33	2889.214	3005.885	116.671	1656.928	611.507	0.143	0.041	0.273	0.225
sub-132_task-EyeTracking_physio	34	-914.140	-739.139	175.001	1654.365	621.575	0.123	0.018	0.145	0.277
sub-132_task-EyeTracking_physio	34	-714.138	-539.132	175.006	1459.620	638.520	0.203	0.063	0.324	0.564
sub-132_task-EyeTracking_physio	34	-522.465	502.560	1025.025	1304.185	687.755	0.118	0.031	0.322	0.488
sub-132_task-EyeTracking_physio	34	552.559	844.232	291.673	1278.310	760.145	0.106	0.045	0.382	0.425
sub-132_task-EyeTracking_physio	34	860.898	1060.904	200.006	1080.525	751.980	0.407	0.914	1.907	1.240
sub-132_task-EyeTracking_physio	34	1085.904	1502.578	416.674	987.033	669.335	0.105	0.034	0.260	0.339
sub-132_task-EyeTracking_physio	34	1685.919	2110.928	425.009	1662.875	737.340	0.221	0.113	1.112	0.469
sub-132_task-EyeTracking_physio	34	2135.927	2302.597	166.670	1665.880	640.132	0.131	0.033	0.218	0.332
sub-132_task-EyeTracking_physio	34	2335.934	2610.942	275.008	1706.005	566.325	0.122	0.020	0.113	0.440
sub-132_task-EyeTracking_physio	34	2685.941	2927.612	241.671	1649.780	893.210	0.107	0.102	0.486	0.629
sub-132_task-EyeTracking_physio	35	-2026.746	-1601.737	425.009	1260.105	710.655	0.089	0.024	0.195	0.300
sub-132_task-EyeTracking_physio	35	-1568.404	214.970	1783.374	1296.747	708.517	0.065	0.059	0.353	0.530
sub-132_task-EyeTracking_physio	35	239.974	564.983	325.009	1359.160	730.785	0.077	0.032	0.249	0.262
sub-132_task-EyeTracking_physio	35	598.315	798.319	200.004	1372.380	824.975	0.116	0.055	0.328	0.413
sub-132_task-EyeTracking_physio	35	831.653	1114.993	283.340	1345.207	915.072	0.084	0.014	0.138	0.201
sub-132_task-EyeTracking_physio	35	1139.992	1331.665	191.673	1263.665	843.160	0.104	0.032	0.241	0.308
sub-132_task-EyeTracking_physio	35	1356.666	1531.669	175.003	1275.680	726.790	0.202	0.039	0.118	0.583
sub-132_task-EyeTracking_physio	35	1548.338	1731.673	183.335	1362.767	614.707	0.098	0.024	0.195	0.257
sub-132_task-EyeTracking_physio	35	1773.339	2206.687	433.348	1462.230	615.305	0.074	0.021	0.201	0.292
sub-132_task-EyeTracking_physio	35	2298.352	2531.693	233.341	1095.977	781.915	0.488	1.209	4.000	1.061
sub-132_task-EyeTracking_physio	35	2581.691	2748.363	166.672	994.730	766.668	0.113	0.026	0.249	0.290
sub-132_task-EyeTracking_physio	35	2773.363	3006.705	233.342	928.067	668.720	0.218	0.069	0.717	0.283
sub-132_task-EyeTracking_physio	36	-1280.295	-988.614	291.681	1481.925	739.000	0.118	0.032	0.217	0.344
sub-132_task-EyeTracking_physio	36	-963.615	-505.273	458.342	1327.445	692.440	0.157	0.080	0.400	0.578
sub-132_task-EyeTracking_physio	36	-471.935	228.080	700.015	1273.433	697.148	0.118	0.045	0.265	0.620
sub-132_task-EyeTracking_physio	36	253.079	844.760	591.681	1542.010	751.320	0.198	0.121	1.012	0.692
sub-132_task-EyeTracking_physio	36	878.093	1261.436	383.343	1480.497	812.222	0.114	0.030	0.322	0.326
sub-132_task-EyeTracking_physio	36	1286.436	1494.776	208.340	1565.445	880.310	0.116	0.035	0.295	0.252
sub-132_task-EyeTracking_physio	36	1511.443	1794.782	283.339	1631.620	893.848	0.185	0.046	0.744	0.241
sub-132_task-EyeTracking_physio	36	1819.781	1953.117	133.336	1542.868	682.695	0.166	0.088	0.275	0.411
sub-132_task-EyeTracking_physio	36	1978.117	2103.120	125.003	1228.815	683.490	0.199	0.065	0.458	0.330
sub-132_task-EyeTracking_physio	36	2161.457	2511.462	350.005	965.697	805.547	0.067	0.030	0.207	0.400
sub-132_task-EyeTracking_physio	36	2536.465	2844.805	308.340	949.990	864.795	0.090	0.030	0.199	0.450
sub-132_task-EyeTracking_physio	36	2878.138	3003.140	125.002	1126.590	833.705	0.166	0.048	0.505	0.163
sub-132_task-EyeTracking_physio	37	-950.247	-733.579	216.668	1360.095	760.092	0.067	0.012	0.114	0.218
sub-132_task-EyeTracking_physio	37	-708.577	308.111	1016.688	1290.050	699.160	0.095	0.091	0.477	0.643
sub-132_task-EyeTracking_physio	37	333.114	524.782	191.668	1370.500	703.555	0.197	0.156	0.653	0.627
sub-132_task-EyeTracking_physio	37	541.449	941.456	400.007	1435.195	735.622	0.225	0.111	0.487	0.940
sub-132_task-EyeTracking_physio	37	983.122	1158.132	175.010	1506.055	627.285	0.065	0.012	0.154	0.209
sub-132_task-EyeTracking_physio	37	1191.465	1374.801	183.336	1561.003	596.933	0.062	0.015	0.118	0.199
sub-132_task-EyeTracking_physio	37	1408.137	1649.811	241.674	1723.270	691.550	0.097	0.101	0.383	0.796
sub-132_task-EyeTracking_physio	37	1674.811	1899.813	225.002	1676.060	856.150	0.213	0.109	0.329	0.935
sub-132_task-EyeTracking_physio	37	2116.486	2216.490	100.004	1163.487	748.678	0.117	0.028	0.192	0.237
sub-132_task-EyeTracking_physio	37	2249.822	2424.827	175.005	1031.725	702.645	0.156	0.053	0.396	0.374
sub-132_task-EyeTracking_physio	37	2449.831	2624.834	175.003	1006.210	611.240	0.066	0.010	0.189	0.119
sub-132_task-EyeTracking_physio	37	2649.833	3008.175	358.342	1075.770	568.930	0.073	0.015	0.156	0.217
sub-132_task-EyeTracking_physio	38	-778.410	371.614	1150.024	1273.578	692.150	0.131	0.142	0.614	0.920
sub-132_task-EyeTracking_physio	38	379.946	729.955	350.009	1285.575	681.957	0.134	0.058	0.211	0.569
sub-132_task-EyeTracking_physio	38	879.960	1054.966	175.006	1043.505	566.825	0.083	0.022	0.241	0.183
sub-132_task-EyeTracking_physio	38	1088.300	1296.633	208.333	946.850	582.855	0.074	0.024	0.222	0.250
sub-132_task-EyeTracking_physio	38	1354.972	1679.976	325.004	868.240	653.780	0.085	0.034	0.221	0.407
sub-132_task-EyeTracking_physio	38	1729.982	1938.316	208.334	995.325	827.610	0.124	0.025	0.242	0.331
sub-132_task-EyeTracking_physio	38	2013.319	2396.661	383.342	1633.885	847.475	0.122	0.056	0.408	0.417
sub-132_task-EyeTracking_physio	38	2438.327	2871.670	433.343	1683.355	876.600	0.088	0.016	0.176	0.232
sub-132_task-EyeTracking_physio	39	-2049.279	-1657.605	391.674	1299.590	671.595	0.145	0.057	0.237	0.602
sub-132_task-EyeTracking_physio	39	-1640.939	-1232.597	408.342	1247.190	684.995	0.157	0.059	0.460	0.508
sub-132_task-EyeTracking_physio	39	-1199.262	-807.582	391.680	1310.095	683.570	0.121	0.021	0.188	0.319
sub-132_task-EyeTracking_physio	39	-774.249	-574.252	199.997	1272.717	687.957	0.097	0.023	0.238	0.250
sub-132_task-EyeTracking_physio	39	-557.586	-307.579	250.007	1319.685	693.087	0.221	0.074	0.845	0.366
sub-132_task-EyeTracking_physio	39	-282.577	300.768	583.345	1270.818	699.442	0.101	0.025	0.266	0.284
sub-132_task-EyeTracking_physio	39	409.107	917.451	508.344	1074.485	712.420	0.158	0.109	0.705	0.973
sub-132_task-EyeTracking_physio	39	1275.787	1567.464	291.677	1467.605	812.300	0.179	0.115	0.497	0.691
sub-132_task-EyeTracking_physio	39	1592.464	1775.799	183.335	1416.742	717.143	0.078	0.031	0.195	0.432
sub-132_task-EyeTracking_physio	39	1817.471	2059.138	241.667	1319.910	645.045	0.071	0.013	0.110	0.255
sub-132_task-EyeTracking_physio	39	2084.143	2292.477	208.334	1263.935	579.505	0.094	0.016	0.246	0.144
sub-132_task-EyeTracking_physio	39	2325.810	2509.150	183.340	1161.090	570.685	0.069	0.010	0.209	0.117
sub-132_task-EyeTracking_physio	39	2567.484	2984.159	416.675	1425.403	583.305	0.078	0.021	0.300	0.248
sub-132_task-EyeTracking_physio	40	-2687.367	-2095.690	591.677	1304.345	643.020	0.069	0.013	0.191	0.248
sub-132_task-EyeTracking_physio	40	-2054.019	-1854.017	200.002	1249.097	658.430	0.145	0.034	0.199	0.437
sub-132_task-EyeTracking_physio	40	-1837.351	-1537.339	300.012	1310.467	668.713	0.250	0.097	0.708	0.694
sub-132_task-EyeTracking_physio	40	-1504.007	-653.991	850.016	1267.725	669.305	0.164	0.052	0.257	0.622
sub-132_task-EyeTracking_physio	40	-628.986	-337.313	291.673	1303.750	676.805	0.148	0.044	0.210	0.568
sub-132_task-EyeTracking_physio	40	-312.313	446.038	758.351	1266.555	693.855	0.126	0.084	0.515	0.760
sub-132_task-EyeTracking_physio	40	479.371	796.043	316.672	1316.872	774.475	0.162	0.057	0.180	0.615
sub-132_task-EyeTracking_physio	40	812.714	996.050	183.336	1245.605	771.233	0.277	0.291	0.680	0.912
sub-132_task-EyeTracking_physio	40	1129.381	1337.727	208.346	1039.455	745.335	0.142	0.035	0.186	0.530
sub-132_task-EyeTracking_physio	40	1512.726	1779.402	266.676	1041.483	696.013	0.135	0.040	0.160	0.447
sub-132_task-EyeTracking_physio	40	1812.735	1979.409	166.674	1110.878	643.862	0.129	0.021	0.118	0.379
sub-132_task-EyeTracking_physio	40	2012.742	2479.417	466.675	1542.602	686.225	0.105	0.126	0.536	0.952
sub-132_task-EyeTracking_physio	40	2521.088	2862.759	341.671	1469.870	793.595	0.110	0.057	0.188	0.678
sub-132_task-EyeTracking_physio	40	2896.097	3004.428	108.331	1542.365	706.000	0.198	0.031	0.143	0.353
sub-132_task-EyeTracking_physio	41	-882.231	-690.563	191.668	1584.375	669.130	0.085	0.014	0.133	0.265
sub-132_task-EyeTracking_physio	41	-665.558	-407.218	258.340	1316.040	670.130	0.197	0.086	0.519	0.588
sub-132_task-EyeTracking_physio	41	-382.218	-90.545	291.673	1253.765	680.115	0.181	0.112	0.474	0.654
sub-132_task-EyeTracking_physio	41	-65.546	309.462	375.008	1300.150	700.440	0.168	0.060	0.356	0.640
sub-132_task-EyeTracking_physio	41	334.462	492.797	158.335	1231.120	707.445	0.195	0.051	0.124	0.724
sub-132_task-EyeTracking_physio	41	517.803	626.135	108.332	1053.020	773.105	0.179	0.066	0.432	0.363
sub-132_task-EyeTracking_physio	41	676.139	1034.482	358.343	947.715	693.520	0.109	0.033	0.372	0.300
sub-132_task-EyeTracking_physio	41	1159.486	1401.152	241.666	1503.380	715.175	0.147	0.039	0.556	0.239
sub-132_task-EyeTracking_physio	41	1451.158	1659.493	208.335	1636.225	751.360	0.085	0.015	0.137	0.259
sub-132_task-EyeTracking_physio	41	1676.162	2092.841	416.679	1522.483	822.173	0.159	0.075	0.619	0.720
sub-132_task-EyeTracking_physio	41	2117.840	2459.512	341.672	1468.295	809.120	0.099	0.019	0.160	0.295
sub-132_task-EyeTracking_physio	41	2476.184	2709.518	233.334	1476.170	747.783	0.214	0.053	0.235	0.887
sub-132_task-EyeTracking_physio	41	2726.192	3009.529	283.337	1424.485	711.885	0.105	0.030	0.282	0.305
sub-132_task-EyeTracking_physio	42	-5013.848	-2913.801	2100.047	1283.380	684.430	0.144	0.160	0.776	0.948
sub-132_task-EyeTracking_physio	42	-2872.127	-2505.457	366.670	1260.483	694.460	0.204	0.065	0.427	0.597
sub-132_task-EyeTracking_physio	42	-2488.787	-2238.785	250.002	1307.352	697.383	0.208	0.117	0.529	0.789
sub-132_task-EyeTracking_physio	42	-2222.113	-1738.772	483.341	1291.428	685.225	0.230	0.157	0.943	0.651
sub-132_task-EyeTracking_physio	42	-1697.101	-772.080	925.021	1282.385	666.315	0.121	0.070	0.391	0.591
sub-132_task-EyeTracking_physio	42	-655.412	-438.740	216.672	1256.668	679.308	0.163	0.041	0.177	0.591
sub-132_task-EyeTracking_physio	42	-422.074	2.940	425.014	1289.385	685.160	0.185	0.104	0.665	0.913
sub-132_task-EyeTracking_physio	42	11.274	361.280	350.006	1275.530	696.895	0.171	0.127	0.499	0.665
sub-132_task-EyeTracking_physio	42	627.953	861.294	233.341	1076.388	817.087	0.152	0.065	0.387	0.458
sub-132_task-EyeTracking_physio	42	894.626	1094.633	200.007	977.955	826.808	0.184	0.077	0.482	0.392
sub-132_task-EyeTracking_physio	42	1127.967	1452.977	325.010	882.375	819.020	0.149	0.039	0.338	0.346
sub-132_task-EyeTracking_physio	42	1477.977	1661.313	183.336	939.560	655.820	0.119	0.052	0.330	0.405
sub-132_task-EyeTracking_physio	42	1686.313	1861.321	175.008	1018.475	578.945	0.064	0.012	0.173	0.174
sub-132_task-EyeTracking_physio	42	1886.320	2069.656	183.336	1114.220	581.030	0.079	0.022	0.170	0.315
sub-132_task-EyeTracking_physio	42	2102.994	2227.995	125.001	1388.365	589.330	0.092	0.029	0.177	0.327
sub-132_task-EyeTracking_physio	42	2286.327	2528.004	241.677	1564.635	623.170	0.063	0.013	0.171	0.170
sub-132_task-EyeTracking_physio	42	2603.003	2811.344	208.341	1581.710	769.895	0.114	0.080	0.430	0.464
sub-132_task-EyeTracking_physio	42	2844.677	3036.352	191.675	1447.870	813.550	0.170	0.083	0.396	0.515
sub-132_task-EyeTracking_physio	43	-1917.850	-1759.507	158.343	1432.235	826.350	0.137	0.023	0.137	0.315
sub-132_task-EyeTracking_physio	43	-1726.173	-1509.502	216.671	1291.820	706.155	0.085	0.019	0.206	0.235
sub-132_task-EyeTracking_physio	43	-1492.835	-817.819	675.016	1266.200	672.160	0.097	0.037	0.512	0.392
sub-132_task-EyeTracking_physio	43	-392.808	-201.141	191.667	1299.175	622.470	0.077	0.035	0.230	0.297
sub-132_task-EyeTracking_physio	43	-1.135	315.538	316.673	1286.685	655.192	0.092	0.023	0.216	0.325
sub-132_task-EyeTracking_physio	43	340.543	648.882	308.339	1243.300	628.260	0.070	0.038	0.283	0.432
sub-132_task-EyeTracking_physio	43	673.880	1215.560	541.680	1278.685	697.385	0.113	0.070	0.407	0.703
sub-132_task-EyeTracking_physio	43	1232.227	1415.566	183.339	1140.970	758.447	0.510	1.224	2.775	0.953
sub-132_task-EyeTracking_physio	43	1448.898	1598.902	150.004	946.928	729.765	0.130	0.066	0.396	0.370
sub-132_task-EyeTracking_physio	43	1623.902	1832.243	208.341	896.240	666.305	0.154	0.033	0.161	0.511
sub-132_task-EyeTracking_physio	43	1865.575	2282.250	416.675	987.970	618.930	0.117	0.030	0.210	0.407
sub-132_task-EyeTracking_physio	43	2298.921	2898.931	600.010	1022.438	627.202	0.149	0.070	0.366	0.621
sub-132_task-EyeTracking_physio	44	-2372.334	-2147.327	225.007	1188.875	651.020	0.189	0.070	0.373	0.557
sub-132_task-EyeTracking_physio	44	-2122.328	-1472.311	650.017	1276.332	673.310	0.117	0.060	0.713	0.418
sub-132_task-EyeTracking_physio	44	-1447.312	-1272.313	174.999	1409.640	728.075	0.104	0.034	0.350	0.219
sub-132_task-EyeTracking_physio	44	-1255.638	-805.631	450.007	1299.402	684.172	0.099	0.045	0.298	0.357
sub-132_task-EyeTracking_physio	44	-780.631	-488.956	291.675	1253.405	693.515	0.102	0.023	0.278	0.319
sub-132_task-EyeTracking_physio	44	-447.286	444.403	891.689	1295.515	686.070	0.126	0.045	0.254	0.682
sub-132_task-EyeTracking_physio	44	469.403	611.071	141.668	1362.160	865.985	0.149	0.059	0.386	0.377
sub-132_task-EyeTracking_physio	44	644.403	811.074	166.671	1254.287	853.405	0.069	0.019	0.180	0.245
sub-132_task-EyeTracking_physio	44	836.078	1027.749	191.671	1092.255	788.275	0.183	0.073	0.479	0.405
sub-132_task-EyeTracking_physio	44	1044.415	1344.421	300.006	1037.130	738.118	0.154	0.067	0.398	0.708
sub-132_task-EyeTracking_physio	44	1369.426	1494.428	125.002	1134.175	715.765	0.152	0.041	0.227	0.321
sub-132_task-EyeTracking_physio	44	1536.094	1761.101	225.007	1493.810	681.210	0.146	0.128	0.434	0.688
sub-132_task-EyeTracking_physio	44	1802.768	2069.441	266.673	1577.080	669.903	0.145	0.033	0.206	0.546
sub-132_task-EyeTracking_physio	44	2111.107	2627.786	516.679	1162.955	557.757	0.076	0.033	0.232	0.356
sub-132_task-EyeTracking_physio	44	2644.452	2977.797	333.345	1200.380	569.540	0.086	0.023	0.162	0.318
sub-132_task-EyeTracking_physio	45	-2443.530	-2126.851	316.679	1249.335	663.855	0.123	0.035	0.183	0.707
sub-132_task-EyeTracking_physio	45	-2085.185	-1776.850	308.335	1323.055	699.750	0.165	0.113	0.424	0.764
sub-132_task-EyeTracking_physio	45	-1743.511	-760.156	983.355	1262.572	681.360	0.157	0.064	0.343	0.644
sub-132_task-EyeTracking_physio	45	-743.489	-551.816	191.673	1317.860	684.695	0.181	0.107	0.494	0.530
sub-132_task-EyeTracking_physio	45	-518.483	23.196	541.679	1269.955	689.920	0.168	0.060	0.272	0.809
sub-132_task-EyeTracking_physio	45	56.529	473.209	416.680	1315.590	675.442	0.146	0.059	0.206	0.708
sub-132_task-EyeTracking_physio	45	614.878	798.217	183.339	1379.838	910.783	0.178	0.091	0.650	0.387
sub-132_task-EyeTracking_physio	45	831.551	1014.885	183.334	1521.823	945.983	0.128	0.036	0.212	0.350
sub-132_task-EyeTracking_physio	45	1048.218	1306.560	258.342	1620.705	917.215	0.105	0.030	0.209	0.383
sub-132_task-EyeTracking_physio	45	1331.560	1523.233	191.673	1664.050	843.065	0.120	0.033	0.219	0.297
sub-132_task-EyeTracking_physio	45	1556.565	1739.903	183.338	1607.895	705.515	0.097	0.041	0.191	0.368
sub-132_task-EyeTracking_physio	45	1773.236	1939.909	166.673	1518.610	601.013	0.083	0.013	0.152	0.215
sub-132_task-EyeTracking_physio	45	2114.911	2406.583	291.672	1083.745	629.505	0.073	0.020	0.177	0.335
sub-132_task-EyeTracking_physio	45	2464.920	2889.929	425.009	983.875	808.495	0.143	0.072	0.379	0.533
sub-132_task-EyeTracking_physio	45	2906.595	3023.265	116.670	1002.553	761.237	0.120	0.025	0.177	0.239
sub-132_task-EyeTracking_physio	46	-413.033	-304.701	108.332	1006.590	769.900	0.120	0.023	0.237	0.191
sub-132_task-EyeTracking_physio	46	-288.029	245.315	533.344	1271.118	740.355	0.085	0.014	0.339	0.200
sub-132_task-EyeTracking_physio	46	261.982	836.989	575.007	1303.025	692.605	0.123	0.093	0.200	1.012
sub-132_task-EyeTracking_physio	46	853.656	978.660	125.004	1245.920	601.605	0.150	0.077	0.431	0.372
sub-132_task-EyeTracking_physio	46	1028.665	1595.342	566.677	1001.543	638.340	0.077	0.023	0.229	0.286
sub-132_task-EyeTracking_physio	46	1687.013	2028.685	341.672	1019.595	872.710	0.103	0.032	0.230	0.373
sub-132_task-EyeTracking_physio	46	2062.023	2262.022	199.999	1131.625	865.285	0.099	0.042	0.276	0.329
sub-132_task-EyeTracking_physio	46	2303.688	2495.363	191.675	1277.380	864.160	0.074	0.015	0.152	0.196
sub-132_task-EyeTracking_physio	46	2520.363	2695.365	175.002	1384.430	856.930	0.091	0.016	0.148	0.234
sub-132_task-EyeTracking_physio	46	2720.368	2912.040	191.672	1484.080	812.195	0.086	0.046	0.338	0.388
sub-132_task-EyeTracking_physio	47	-1716.974	-1408.631	308.343	1574.515	704.570	0.084	0.014	0.113	0.265
sub-132_task-EyeTracking_physio	47	-1391.964	-1208.630	183.334	1435.267	675.027	0.172	0.081	0.311	0.478
sub-132_task-EyeTracking_physio	47	-1191.965	-783.618	408.347	1293.030	684.915	0.158	0.048	0.263	0.593
sub-132_task-EyeTracking_physio	47	-758.618	-358.607	400.011	1316.432	656.243	0.169	0.044	0.205	0.710
sub-132_task-EyeTracking_physio	47	-333.607	274.742	608.349	1263.980	689.925	0.118	0.033	0.212	0.438
sub-132_task-EyeTracking_physio	47	299.741	508.077	208.336	1337.095	673.235	0.138	0.056	0.408	0.338
sub-132_task-EyeTracking_physio	47	541.416	958.091	416.675	1469.987	698.932	0.069	0.037	0.241	0.492
sub-132_task-EyeTracking_physio	47	991.423	1441.431	450.008	1472.257	869.112	0.181	0.064	0.338	0.639
sub-132_task-EyeTracking_physio	47	1466.435	1641.438	175.003	1292.475	822.010	0.187	0.068	0.338	0.410
sub-132_task-EyeTracking_physio	47	1658.105	1849.778	191.673	1138.585	729.070	0.165	0.075	0.346	0.438
sub-132_task-EyeTracking_physio	47	1883.111	2499.795	616.684	1054.070	730.250	0.134	0.069	0.223	0.970
sub-132_task-EyeTracking_physio	47	2549.793	3008.136	458.343	1067.780	866.355	0.090	0.036	0.243	0.390
sub-132_task-EyeTracking_physio	48	-995.285	-820.280	175.005	1262.800	793.035	0.099	0.043	0.302	0.287
sub-132_task-EyeTracking_physio	48	-786.941	-436.937	350.004	1323.010	746.595	0.103	0.021	0.188	0.278
sub-132_task-EyeTracking_physio	48	-420.272	-270.263	150.009	1401.153	710.917	0.138	0.060	0.283	0.505
sub-132_task-EyeTracking_physio	48	-236.930	363.083	600.013	1307.140	702.593	0.140	0.047	0.276	0.727
sub-132_task-EyeTracking_physio	48	379.752	663.093	283.341	1272.230	679.695	0.138	0.107	0.579	0.623
sub-132_task-EyeTracking_physio	48	679.760	904.766	225.006	1255.410	734.400	0.087	0.020	0.196	0.186
sub-132_task-EyeTracking_physio	48	929.765	1046.437	116.672	1174.918	866.155	2.102	2.252	0.798	4.734
sub-132_task-EyeTracking_physio	48	1129.769	1546.447	416.678	1081.005	746.200	0.076	0.020	0.209	0.367
sub-132_task-EyeTracking_physio	48	1688.121	1896.456	208.335	1059.260	643.665	0.063	0.015	0.214	0.152
sub-132_task-EyeTracking_physio	48	1921.455	2096.463	175.008	1101.855	601.980	0.100	0.020	0.144	0.272
sub-132_task-EyeTracking_physio	48	2113.131	2296.466	183.335	1199.737	593.415	0.173	0.049	0.588	0.330
sub-132_task-EyeTracking_physio	48	2338.135	2513.139	175.004	1449.260	616.015	0.082	0.017	0.220	0.175
sub-132_task-EyeTracking_physio	48	2546.474	3004.823	458.349	1636.580	649.495	0.107	0.029	0.490	0.241
sub-132_task-EyeTracking_physio	49	-3467.288	-3325.619	141.669	1628.145	651.185	0.064	0.014	0.155	0.154
sub-132_task-EyeTracking_physio	49	-3308.951	-2717.269	591.682	1494.705	661.090	0.076	0.023	0.226	0.359
sub-132_task-EyeTracking_physio	49	-2692.268	-2492.260	200.008	1343.915	652.173	0.107	0.023	0.306	0.211
sub-132_task-EyeTracking_physio	49	-2475.594	-1792.243	683.351	1276.250	681.842	0.206	0.143	0.635	1.207
sub-132_task-EyeTracking_physio	49	-1750.576	-1608.909	141.667	1251.685	689.685	0.198	0.036	0.132	0.480
sub-132_task-EyeTracking_physio	49	-1575.572	-1375.573	199.999	1307.615	707.265	0.187	0.050	0.263	0.563
sub-132_task-EyeTracking_physio	49	-1358.906	374.471	1733.377	1282.415	686.337	0.191	0.192	0.777	1.666
sub-132_task-EyeTracking_physio	49	424.471	549.476	125.005	1332.275	879.915	0.086	0.017	0.209	0.185
sub-132_task-EyeTracking_physio	49	582.810	791.150	208.340	1404.505	873.445	0.097	0.015	0.116	0.252
sub-132_task-EyeTracking_physio	49	816.149	991.151	175.002	1484.380	807.370	0.133	0.024	0.188	0.365
sub-132_task-EyeTracking_physio	49	1024.494	1207.826	183.332	1523.737	606.303	0.075	0.029	0.181	0.308
sub-132_task-EyeTracking_physio	49	1366.163	1557.835	191.672	976.330	586.780	0.180	0.075	0.645	0.300
sub-132_task-EyeTracking_physio	49	1591.168	1849.505	258.337	909.570	602.300	0.108	0.035	0.409	0.304
sub-132_task-EyeTracking_physio	49	1941.178	2207.851	266.673	994.640	957.457	0.088	0.044	0.408	0.483
sub-132_task-EyeTracking_physio	49	2299.517	2507.856	208.339	1117.875	874.665	0.089	0.045	0.156	0.539
sub-132_task-EyeTracking_physio	49	2541.189	2732.863	191.674	1283.010	795.575	0.070	0.021	0.191	0.191
sub-132_task-EyeTracking_physio	49	2766.197	3007.868	241.671	1365.335	785.945	0.071	0.012	0.169	0.208
sub-132_task-EyeTracking_physio	50	-1245.768	-937.424	308.344	1368.775	788.180	0.109	0.018	0.141	0.355
sub-132_task-EyeTracking_physio	50	-920.757	-654.086	266.671	1290.837	698.020	0.167	0.062	0.343	0.728
sub-132_task-EyeTracking_physio	50	-637.420	495.947	1133.367	1264.892	697.152	0.098	0.060	0.351	0.681
sub-132_task-EyeTracking_physio	50	637.618	795.955	158.337	1110.590	658.370	0.103	0.017	0.267	0.174
sub-132_task-EyeTracking_physio	50	812.621	1279.298	466.677	1022.452	644.997	0.128	0.034	0.649	0.261
sub-132_task-EyeTracking_physio	50	1304.298	1612.638	308.340	1056.570	806.650	0.118	0.044	0.237	0.614
sub-132_task-EyeTracking_physio	50	1645.971	1812.646	166.675	1217.445	817.237	0.102	0.022	0.307	0.299
sub-132_task-EyeTracking_physio	50	1837.646	2045.983	208.337	1363.255	808.190	0.153	0.039	0.412	0.316
sub-132_task-EyeTracking_physio	50	2079.320	2229.322	150.002	1486.573	788.067	0.109	0.032	0.196	0.354
sub-132_task-EyeTracking_physio	50	2279.323	2429.325	150.002	1608.665	683.610	0.093	0.015	0.124	0.216
sub-132_task-EyeTracking_physio	50	2470.997	2662.666	191.669	1656.955	652.055	0.078	0.026	0.157	0.266
sub-132_task-EyeTracking_physio	50	2687.666	2929.340	241.674	1535.220	607.790	0.076	0.015	0.243	0.169
sub-132_task-EyeTracking_physio	51	-4652.073	-4452.070	200.003	1093.675	577.415	0.077	0.031	0.221	0.333
sub-132_task-EyeTracking_physio	51	-4385.401	-4268.735	116.666	1380.243	944.987	1.046	5.538	1.528	4.471
sub-132_task-EyeTracking_physio	51	-4235.396	-4093.726	141.670	1312.860	803.265	0.078	0.024	0.227	0.149
sub-132_task-EyeTracking_physio	51	-4060.393	-3760.389	300.004	1278.320	720.308	0.085	0.022	0.169	0.317
sub-132_task-EyeTracking_physio	51	-3743.722	-2793.697	950.025	1284.438	703.647	0.089	0.063	0.307	0.750
sub-132_task-EyeTracking_physio	51	-2777.030	-2302.021	475.009	1310.440	705.570	0.100	0.036	0.375	0.401
sub-132_task-EyeTracking_physio	51	-2243.686	-1060.323	1183.363	1285.523	708.770	0.090	0.047	0.412	0.535
sub-132_task-EyeTracking_physio	51	-1035.323	-276.970	758.353	1264.925	698.420	0.095	0.028	0.275	0.291
sub-132_task-EyeTracking_physio	51	-243.637	356.377	600.014	1295.957	692.773	0.094	0.030	0.407	0.270
sub-132_task-EyeTracking_physio	51	389.711	564.713	175.002	1332.895	764.865	0.072	0.014	0.120	0.232
sub-132_task-EyeTracking_physio	51	614.716	789.720	175.004	1311.520	877.745	0.072	0.017	0.147	0.243
sub-132_task-EyeTracking_physio	51	956.389	1089.726	133.337	969.430	865.990	0.138	0.035	0.285	0.261
sub-132_task-EyeTracking_physio	51	1114.728	1231.393	116.665	894.850	726.870	0.164	0.048	0.199	0.307
sub-132_task-EyeTracking_physio	51	1364.732	1473.068	108.336	1291.000	558.030	0.137	0.030	0.361	0.249
sub-132_task-EyeTracking_physio	51	1506.402	1689.742	183.340	1589.432	562.680	0.113	0.046	0.344	0.349
sub-132_task-EyeTracking_physio	51	1723.075	1923.082	200.007	1660.803	634.740	0.198	0.130	0.551	0.673
sub-132_task-EyeTracking_physio	51	1998.081	2123.082	125.001	1671.135	1025.185	0.145	0.064	0.292	0.394
sub-132_task-EyeTracking_physio	51	2139.747	2489.761	350.014	1619.777	965.985	0.097	0.049	0.407	0.384
sub-132_task-EyeTracking_physio	51	2514.760	2723.101	208.341	1577.410	843.090	0.093	0.038	0.178	0.434
sub-132_task-EyeTracking_physio	51	2748.101	3006.439	258.338	1667.770	795.230	0.123	0.023	0.158	0.311
sub-132_task-EyeTracking_physio	52	-730.104	-455.098	275.006	1315.795	727.620	0.201	0.121	0.646	0.478
sub-132_task-EyeTracking_physio	52	-421.766	294.916	716.682	1273.172	713.710	0.100	0.061	0.300	0.800
sub-132_task-EyeTracking_physio	52	319.920	511.587	191.667	1331.180	785.235	0.082	0.025	0.163	0.340
sub-132_task-EyeTracking_physio	52	544.919	761.596	216.677	1443.488	809.088	0.086	0.044	0.328	0.320
sub-132_task-EyeTracking_physio	52	786.596	969.935	183.339	1559.533	832.742	0.124	0.045	0.403	0.255
sub-132_task-EyeTracking_physio	52	986.600	1161.603	175.003	1611.315	796.335	0.134	0.073	0.382	0.466
sub-132_task-EyeTracking_physio	52	1186.603	1328.274	141.671	1564.320	631.140	0.082	0.041	0.214	0.327
sub-132_task-EyeTracking_physio	52	1344.941	1511.617	166.676	1533.913	559.295	0.096	0.035	0.336	0.201
sub-132_task-EyeTracking_physio	52	1636.622	1894.959	258.337	971.500	764.680	0.173	0.179	0.305	1.515
sub-132_task-EyeTracking_physio	52	1953.291	2144.964	191.673	1352.525	946.680	0.110	0.030	0.283	0.305
sub-132_task-EyeTracking_physio	52	2194.963	2719.977	525.014	1454.250	957.480	0.080	0.025	0.239	0.334
sub-132_task-EyeTracking_physio	52	2744.977	2936.649	191.672	1493.345	896.710	0.091	0.016	0.200	0.238
sub-132_task-EyeTracking_physio	53	-1734.055	-1609.051	125.004	1557.410	804.540	0.111	0.026	0.199	0.294
sub-132_task-EyeTracking_physio	53	-1584.051	-1392.383	191.668	1346.025	702.115	0.184	0.059	0.396	0.483
sub-132_task-EyeTracking_physio	53	-1059.041	307.658	1366.699	1282.180	711.438	0.109	0.045	0.236	0.720
sub-132_task-EyeTracking_physio	53	324.330	607.668	283.338	1339.715	707.730	0.163	0.067	0.293	0.708
sub-132_task-EyeTracking_physio	53	641.002	1091.008	450.006	1418.727	801.118	0.125	0.032	0.218	0.454
sub-132_task-EyeTracking_physio	53	1141.014	1466.017	325.003	1364.500	880.570	0.100	0.020	0.208	0.241
sub-132_task-EyeTracking_physio	53	1516.025	1674.360	158.335	1119.735	819.175	0.135	0.027	0.167	0.322
sub-132_task-EyeTracking_physio	53	1707.693	1907.696	200.003	1006.050	741.947	0.129	0.061	0.413	0.332
sub-132_task-EyeTracking_physio	53	1941.032	2057.703	116.671	1085.005	589.480	0.083	0.014	0.124	0.235
sub-132_task-EyeTracking_physio	53	2091.035	2307.709	216.674	1301.668	564.000	0.076	0.022	0.232	0.271
sub-132_task-EyeTracking_physio	53	2382.706	2691.050	308.344	1474.145	1023.235	0.095	0.057	0.419	0.368
sub-132_task-EyeTracking_physio	53	2724.383	3007.726	283.343	1390.572	933.033	0.083	0.033	0.238	0.491
sub-132_task-EyeTracking_physio	54	-728.820	-370.481	358.339	1325.245	905.085	0.070	0.011	0.175	0.179
sub-132_task-EyeTracking_physio	54	-353.810	-187.141	166.669	1281.190	824.317	0.128	0.031	0.259	0.365
sub-132_task-EyeTracking_physio	54	-170.474	429.541	600.015	1274.015	709.125	0.084	0.022	0.200	0.417
sub-132_task-EyeTracking_physio	54	462.875	654.544	191.669	1394.175	749.860	0.138	0.107	0.561	0.415
sub-132_task-EyeTracking_physio	54	687.876	1212.891	525.015	1505.130	795.500	0.115	0.028	0.293	0.427
sub-132_task-EyeTracking_physio	54	1229.557	1412.899	183.342	1453.710	760.490	0.164	0.059	0.484	0.368
sub-132_task-EyeTracking_physio	54	1429.565	1596.234	166.669	1265.310	740.358	0.226	0.129	0.628	0.438
sub-132_task-EyeTracking_physio	54	1629.573	1796.240	166.667	1063.540	718.225	0.161	0.041	0.398	0.260
sub-132_task-EyeTracking_physio	54	1837.906	2129.584	291.678	951.855	722.310	0.136	0.040	0.317	0.356
sub-132_task-EyeTracking_physio	54	2154.584	2346.253	191.669	931.880	610.845	0.129	0.038	0.319	0.332
sub-132_task-EyeTracking_physio	54	2379.587	2679.592	300.005	973.795	559.438	0.080	0.017	0.142	0.304
sub-132_task-EyeTracking_physio	54	2712.926	2929.603	216.677	950.470	604.355	0.082	0.039	0.276	0.288
sub-132_task-EyeTracking_physio	55	-515.110	-273.437	241.673	1371.415	1043.830	0.790	13.095	9.658	7.328
sub-132_task-EyeTracking_physio	55	-223.436	-73.436	150.000	1242.803	767.267	0.084	0.017	0.162	0.220
sub-132_task-EyeTracking_physio	55	-56.769	626.586	683.355	1296.202	659.757	0.140	0.107	0.455	0.778
sub-132_task-EyeTracking_physio	55	643.253	1093.260	450.007	1497.180	663.565	0.204	0.095	1.195	0.413
sub-132_task-EyeTracking_physio	55	1151.600	1326.599	174.999	1241.160	876.855	0.111	0.033	0.315	0.307
sub-132_task-EyeTracking_physio	55	1351.599	1568.275	216.676	954.635	815.210	0.150	0.091	0.369	0.482
sub-132_task-EyeTracking_physio	55	1593.274	1776.611	183.337	898.420	700.263	0.190	0.083	0.439	0.435
sub-132_task-EyeTracking_physio	55	1801.615	1976.617	175.002	856.900	576.220	0.090	0.017	0.148	0.223
sub-132_task-EyeTracking_physio	55	1993.283	2193.291	200.008	919.688	534.112	0.222	0.084	0.535	0.647
sub-132_task-EyeTracking_physio	55	2234.957	2426.628	191.671	1022.820	526.115	0.054	0.007	0.154	0.127
sub-132_task-EyeTracking_physio	55	2476.631	2676.633	200.002	1094.360	534.102	0.071	0.009	0.151	0.170
sub-132_task-EyeTracking_physio	55	2709.970	2943.305	233.335	1176.593	556.608	0.082	0.020	0.236	0.256
sub-132_task-EyeTracking_physio	56	-1794.136	-985.786	808.350	1251.950	653.655	0.114	0.053	0.260	0.691
sub-132_task-EyeTracking_physio	56	-960.786	-802.450	158.336	1317.260	667.665	0.186	0.050	0.202	0.604
sub-132_task-EyeTracking_physio	56	-760.781	-202.434	558.347	1262.225	673.220	0.122	0.045	0.253	0.710
sub-132_task-EyeTracking_physio	56	-169.101	72.571	241.672	1284.320	697.280	0.103	0.020	0.347	0.206
sub-132_task-EyeTracking_physio	56	105.905	414.248	308.343	1263.510	693.485	0.096	0.031	0.218	0.392
sub-132_task-EyeTracking_physio	56	539.252	714.254	175.002	986.480	667.115	0.170	0.062	0.623	0.251
sub-132_task-EyeTracking_physio	56	747.588	980.926	233.338	847.055	677.173	0.101	0.035	0.305	0.264
sub-132_task-EyeTracking_physio	56	1005.925	1247.597	241.672	923.915	674.895	0.097	0.022	0.393	0.182
sub-132_task-EyeTracking_physio	56	1280.929	1447.601	166.672	991.953	683.082	0.075	0.016	0.241	0.177
sub-132_task-EyeTracking_physio	56	1464.270	1680.938	216.668	1221.517	690.675	0.151	0.032	0.573	0.247
sub-132_task-EyeTracking_physio	56	1730.946	1914.280	183.334	1411.120	698.160	0.078	0.017	0.190	0.208
sub-132_task-EyeTracking_physio	56	1939.278	2230.951	291.673	1575.070	701.155	0.125	0.025	0.561	0.153
sub-132_task-EyeTracking_physio	56	2272.621	2447.623	175.002	1661.545	713.680	0.086	0.012	0.148	0.237
sub-132_task-EyeTracking_physio	56	2489.290	2664.299	175.009	1610.645	621.580	0.102	0.031	0.255	0.312
sub-132_task-EyeTracking_physio	56	2680.966	3005.972	325.006	1636.870	559.370	0.127	0.026	0.471	0.336
sub-132_task-EyeTracking_physio	57	-764.037	-639.035	125.002	1353.630	840.860	1.079	7.787	3.607	5.368
sub-132_task-EyeTracking_physio	57	-464.032	-230.692	233.340	1272.440	691.168	0.173	0.068	0.176	0.825
sub-132_task-EyeTracking_physio	57	-80.689	477.665	558.354	1303.300	684.160	0.175	0.069	0.254	0.779
sub-132_task-EyeTracking_physio	57	519.330	786.002	266.672	1226.195	903.245	0.092	0.063	0.264	0.579
sub-132_task-EyeTracking_physio	57	811.002	977.673	166.671	1086.188	859.675	0.172	0.052	0.323	0.382
sub-132_task-EyeTracking_physio	57	1002.673	1202.676	200.003	983.753	685.840	0.100	0.053	0.372	0.351
sub-132_task-EyeTracking_physio	57	1244.344	1711.023	466.679	978.090	615.795	0.077	0.024	0.267	0.222
sub-132_task-EyeTracking_physio	57	1786.021	2052.701	266.680	1092.035	825.197	0.670	2.264	1.936	4.366
sub-132_task-EyeTracking_physio	57	2069.368	2286.032	216.664	1125.372	755.418	0.185	0.042	0.248	0.581
sub-132_task-EyeTracking_physio	57	2311.038	2502.708	191.670	1367.175	728.395	0.246	0.109	0.760	0.441
sub-132_task-EyeTracking_physio	57	2536.041	2777.715	241.674	1495.365	683.585	0.233	0.102	0.774	0.474
sub-132_task-EyeTracking_physio	57	2794.383	3019.388	225.005	1494.770	789.690	0.129	0.036	0.126	0.556
sub-132_task-EyeTracking_physio	58	-1017.404	-842.402	175.002	1456.805	802.275	0.070	0.010	0.088	0.158
sub-132_task-EyeTracking_physio	58	-817.402	-575.730	241.672	1543.075	765.420	0.091	0.027	0.234	0.326
sub-132_task-EyeTracking_physio	58	-550.730	-342.390	208.340	1361.705	718.060	0.085	0.032	0.252	0.342
sub-132_task-EyeTracking_physio	58	-317.391	307.626	625.017	1301.180	708.075	0.064	0.010	0.197	0.161
sub-132_task-EyeTracking_physio	58	324.293	707.635	383.342	1295.430	742.670	0.111	0.028	0.143	0.516
sub-132_task-EyeTracking_physio	58	740.968	890.970	150.002	1211.332	772.392	0.094	0.019	0.169	0.194
sub-132_task-EyeTracking_physio	58	915.972	1190.977	275.005	1114.515	763.920	0.190	0.062	0.529	0.509
sub-132_task-EyeTracking_physio	58	1324.313	1474.320	150.007	1310.322	710.580	0.211	0.093	0.483	0.508
sub-132_task-EyeTracking_physio	58	1515.988	1640.992	125.004	1419.235	651.340	0.065	0.007	0.095	0.151
sub-132_task-EyeTracking_physio	58	1674.324	2007.666	333.342	1451.538	604.403	0.062	0.015	0.163	0.218
sub-132_task-EyeTracking_physio	58	2032.666	2224.335	191.669	1259.095	570.105	0.119	0.030	0.421	0.208
sub-132_task-EyeTracking_physio	58	2266.005	2657.680	391.675	1084.915	557.795	0.067	0.023	0.270	0.252
sub-132_task-EyeTracking_physio	58	2732.677	3007.681	275.004	1629.255	823.540	0.100	0.056	0.311	0.461
sub-132_task-EyeTracking_physio	59	-2046.600	-1838.260	208.340	1621.640	841.185	0.061	0.011	0.117	0.205
sub-132_task-EyeTracking_physio	59	-1796.595	-1613.258	183.337	1348.527	730.215	0.094	0.035	0.347	0.233
sub-132_task-EyeTracking_physio	59	-1571.588	-938.245	633.343	1271.240	700.790	0.060	0.013	0.217	0.236
sub-132_task-EyeTracking_physio	59	-904.907	-654.899	250.008	1334.380	703.595	0.082	0.016	0.216	0.202
sub-132_task-EyeTracking_physio	59	-629.899	-171.556	458.343	1259.735	701.905	0.076	0.024	0.279	0.220
sub-132_task-EyeTracking_physio	59	-138.224	303.451	441.675	1310.965	705.825	0.090	0.023	0.224	0.246
sub-132_task-EyeTracking_physio	59	336.784	503.454	166.670	1249.162	653.270	0.134	0.024	0.105	0.380
sub-132_task-EyeTracking_physio	59	545.125	720.129	175.004	1121.250	610.715	0.063	0.007	0.141	0.138
sub-132_task-EyeTracking_physio	59	753.461	920.134	166.673	1149.137	554.795	0.064	0.010	0.120	0.220
sub-132_task-EyeTracking_physio	59	953.468	1095.136	141.668	1554.640	660.295	0.127	0.039	0.278	0.354
sub-132_task-EyeTracking_physio	59	1128.469	1420.142	291.673	1676.075	793.110	0.154	0.086	0.267	0.903
sub-132_task-EyeTracking_physio	59	1445.148	1603.482	158.334	1659.240	768.365	0.202	0.070	0.237	0.801
sub-132_task-EyeTracking_physio	59	1653.481	1753.485	100.004	1076.807	638.885	0.213	0.076	0.292	0.498
sub-132_task-EyeTracking_physio	59	1786.819	2178.493	391.674	1206.390	500.765	0.084	0.022	0.274	0.267
sub-132_task-EyeTracking_physio	59	2228.500	2428.501	200.001	973.210	589.265	0.099	0.028	0.215	0.333
sub-132_task-EyeTracking_physio	59	2453.501	2611.835	158.334	951.130	744.970	0.285	0.229	0.886	0.870
sub-132_task-EyeTracking_physio	59	2670.176	3003.512	333.336	963.585	874.185	0.085	0.030	0.250	0.279
sub-132_task-EyeTracking_physio	60	-449.466	-224.458	225.008	1103.895	824.850	0.081	0.018	0.166	0.290
sub-132_task-EyeTracking_physio	60	-191.125	42.216	233.341	1252.115	718.388	0.075	0.023	0.267	0.226
sub-132_task-EyeTracking_physio	60	58.882	475.558	416.676	1304.608	708.755	0.149	0.044	0.569	0.363
sub-132_task-EyeTracking_physio	60	500.558	975.569	475.011	1043.135	742.710	0.170	0.045	0.532	0.494
sub-132_task-EyeTracking_physio	60	1008.903	1408.911	400.008	988.212	749.585	0.120	0.038	0.279	0.384
sub-132_task-EyeTracking_physio	60	1442.250	1717.255	275.005	984.470	830.335	0.092	0.017	0.179	0.248
sub-132_task-EyeTracking_physio	60	1767.255	1975.595	208.340	1524.990	736.250	0.098	0.036	0.350	0.350
sub-132_task-EyeTracking_physio	60	1992.261	2183.930	191.669	1605.330	706.415	0.317	0.123	0.869	0.717
sub-132_task-EyeTracking_physio	60	2208.930	2392.270	183.340	1636.300	566.217	0.106	0.024	0.311	0.190
sub-132_task-EyeTracking_physio	60	2417.269	2575.605	158.336	1554.470	515.380	0.082	0.021	0.245	0.208
sub-132_task-EyeTracking_physio	60	2625.609	2808.945	183.336	1373.168	534.197	0.122	0.033	0.301	0.258
sub-132_task-EyeTracking_physio	60	2825.611	3008.946	183.335	1441.432	558.935	0.252	0.106	0.471	0.573
sub-132_task-EyeTracking_physio	61	-2595.784	-2320.778	275.006	1423.705	692.315	0.089	0.033	0.246	0.421
sub-132_task-EyeTracking_physio	61	-2104.105	-1987.434	116.671	1572.315	653.922	0.097	0.030	0.139	0.449
sub-132_task-EyeTracking_physio	61	-1962.435	-1654.098	308.337	1349.165	637.175	0.134	0.050	0.481	0.312
sub-132_task-EyeTracking_physio	61	-1637.433	362.617	2000.050	1279.725	693.960	0.082	0.068	0.354	0.796
sub-132_task-EyeTracking_physio	61	395.951	570.954	175.003	1382.645	720.690	0.115	0.059	0.364	0.451
sub-132_task-EyeTracking_physio	61	612.624	770.959	158.335	1490.950	725.770	0.177	0.049	0.231	0.481
sub-132_task-EyeTracking_physio	61	804.292	995.967	191.675	1633.870	697.695	0.119	0.037	0.316	0.310
sub-132_task-EyeTracking_physio	61	1020.966	1204.301	183.335	1658.655	650.630	0.122	0.034	0.291	0.226
sub-132_task-EyeTracking_physio	61	1229.301	1679.315	450.014	1613.265	595.858	0.084	0.034	0.208	0.361
sub-132_task-EyeTracking_physio	61	1704.314	1904.317	200.003	1591.360	682.197	0.139	0.050	0.227	0.620
sub-132_task-EyeTracking_physio	61	1970.987	2079.325	108.338	1451.775	947.335	0.370	0.485	1.406	0.668
sub-132_task-EyeTracking_physio	61	2112.657	2295.994	183.337	1190.665	889.058	0.118	0.051	0.436	0.346
sub-132_task-EyeTracking_physio	61	2345.996	2520.999	175.003	1107.385	826.045	0.111	0.020	0.164	0.258
sub-132_task-EyeTracking_physio	61	2554.331	2787.672	233.341	1033.852	760.055	0.142	0.025	0.148	0.337
sub-132_task-EyeTracking_physio	61	2804.338	2937.676	133.338	1019.950	645.975	0.213	0.151	0.618	0.515
sub-132_task-EyeTracking_physio	62	-748.887	-290.545	458.342	1315.775	591.250	0.073	0.022	0.253	0.242
sub-132_task-EyeTracking_physio	62	-215.539	342.803	558.342	1307.600	722.735	0.136	0.143	0.591	0.840
sub-132_task-EyeTracking_physio	62	367.803	509.472	141.669	1367.425	690.990	0.163	0.046	0.207	0.409
sub-132_task-EyeTracking_physio	62	642.808	976.152	333.344	1438.793	760.205	0.179	0.047	0.205	0.811
sub-132_task-EyeTracking_physio	62	1009.485	1242.824	233.339	1401.360	673.202	0.083	0.028	0.184	0.293
sub-132_task-EyeTracking_physio	62	1276.157	1542.831	266.674	1370.472	610.405	0.064	0.009	0.120	0.138
sub-132_task-EyeTracking_physio	62	1567.829	1726.171	158.342	1447.865	599.035	0.092	0.027	0.242	0.197
sub-132_task-EyeTracking_physio	62	1759.503	2067.840	308.337	1593.315	632.285	0.084	0.033	0.236	0.402
sub-132_task-EyeTracking_physio	62	2101.174	2426.186	325.012	1613.115	703.335	0.125	0.094	0.553	0.486
sub-132_task-EyeTracking_physio	62	2451.186	2592.853	141.667	1501.005	684.410	0.086	0.033	0.301	0.238
sub-132_task-EyeTracking_physio	62	2626.186	2792.862	166.676	1208.588	654.188	0.080	0.018	0.257	0.163
sub-132_task-EyeTracking_physio	62	2842.861	3009.530	166.669	1095.790	644.835	0.061	0.014	0.176	0.154
sub-132_task-EyeTracking_physio	63	-2561.835	-2403.501	158.334	1095.795	643.490	0.109	0.017	0.134	0.239
sub-132_task-EyeTracking_physio	63	-2386.834	-1478.478	908.356	1274.125	657.170	0.170	0.193	1.065	1.061
sub-132_task-EyeTracking_physio	63	-1161.802	-936.799	225.003	1297.445	623.335	0.143	0.042	0.277	0.632
sub-132_task-EyeTracking_physio	63	-911.799	-720.126	191.673	1252.050	647.235	0.154	0.049	0.241	0.464
sub-132_task-EyeTracking_physio	63	-703.459	-486.786	216.673	1304.947	662.225	0.164	0.105	0.476	0.564
sub-132_task-EyeTracking_physio	63	-453.453	388.232	841.685	1264.740	684.465	0.136	0.062	0.337	0.720
sub-132_task-EyeTracking_physio	63	413.237	863.245	450.008	1300.465	820.415	0.151	0.059	0.285	0.646
sub-132_task-EyeTracking_physio	63	1088.251	1513.262	425.011	972.190	871.695	0.238	0.077	1.355	0.484
sub-132_task-EyeTracking_physio	63	1546.595	1721.603	175.008	975.920	856.360	0.088	0.031	0.262	0.332
sub-132_task-EyeTracking_physio	63	1771.603	2146.610	375.007	1489.680	903.000	0.080	0.068	0.282	0.549
sub-132_task-EyeTracking_physio	63	2171.610	2346.613	175.003	1578.245	907.370	0.108	0.015	0.321	0.118
sub-132_task-EyeTracking_physio	63	2371.618	2529.951	158.333	1635.590	775.580	0.130	0.039	0.293	0.289
sub-132_task-EyeTracking_physio	63	2554.951	2779.960	225.009	1652.495	635.040	0.182	0.058	0.265	0.446
sub-132_task-EyeTracking_physio	63	2796.626	2946.628	150.002	1674.318	584.787	0.133	0.034	0.162	0.482
sub-132_task-EyeTracking_physio	64	-364.629	477.059	841.688	1271.530	744.005	0.204	2.089	1.912	4.594
sub-132_task-EyeTracking_physio	64	502.060	660.395	158.335	1345.770	785.155	0.146	0.022	0.135	0.413
sub-132_task-EyeTracking_physio	64	677.061	1010.404	333.343	1450.580	831.705	0.174	0.072	0.771	0.400
sub-132_task-EyeTracking_physio	64	1043.738	1193.741	150.003	1377.488	799.200	0.109	0.029	0.163	0.402
sub-132_task-EyeTracking_physio	64	1218.739	1327.077	108.338	1192.690	763.585	0.296	0.192	0.647	0.528
sub-132_task-EyeTracking_physio	64	1377.081	1552.084	175.003	1055.305	727.965	0.119	0.030	0.230	0.270
sub-132_task-EyeTracking_physio	64	1585.416	1977.090	391.674	947.215	704.955	0.096	0.031	0.261	0.338
sub-132_task-EyeTracking_physio	64	2010.423	2360.436	350.013	991.405	935.322	0.101	0.060	0.423	0.493
sub-132_task-EyeTracking_physio	64	2402.101	2527.105	125.004	926.590	986.220	0.101	0.024	0.226	0.219
sub-132_task-EyeTracking_physio	64	2593.774	2877.113	283.339	1397.253	981.118	0.067	0.010	0.148	0.178
sub-132_task-EyeTracking_physio	64	2910.445	3010.450	100.005	1402.622	937.517	0.080	0.015	0.104	0.221
sub-132_task-EyeTracking_physio	65	-609.331	-117.658	491.673	1345.485	690.770	0.168	0.051	0.221	0.585
sub-132_task-EyeTracking_physio	65	-75.988	365.689	441.677	1286.600	696.435	0.101	0.026	0.163	0.446
sub-132_task-EyeTracking_physio	65	382.356	599.028	216.672	1396.207	694.163	0.215	0.085	0.680	0.431
sub-132_task-EyeTracking_physio	65	674.027	915.701	241.674	1479.310	744.235	0.169	0.047	0.180	0.784
sub-132_task-EyeTracking_physio	65	949.036	1182.372	233.336	1353.957	886.265	0.104	0.025	0.265	0.327
sub-132_task-EyeTracking_physio	65	1315.710	1549.049	233.339	966.305	897.765	0.169	0.069	0.613	0.338
sub-132_task-EyeTracking_physio	65	1582.383	1782.389	200.006	1039.740	814.952	0.116	0.025	0.169	0.308
sub-132_task-EyeTracking_physio	65	1815.722	2049.065	233.343	1101.460	766.235	0.133	0.021	0.185	0.357
sub-132_task-EyeTracking_physio	65	2065.732	2199.064	133.332	1203.842	620.045	0.090	0.024	0.199	0.304
sub-132_task-EyeTracking_physio	65	2224.064	2415.738	191.674	1312.215	568.305	0.104	0.026	0.361	0.262
sub-132_task-EyeTracking_physio	65	2449.070	2657.412	208.342	1448.025	563.175	0.110	0.035	0.427	0.224
sub-132_task-EyeTracking_physio	65	2674.078	3007.414	333.336	1608.175	569.735	0.175	0.038	0.825	0.237
sub-132_task-EyeTracking_physio	66	-2522.292	-2338.950	183.342	1375.015	664.360	0.183	0.044	0.163	0.522
sub-132_task-EyeTracking_physio	66	-2313.950	-1713.941	600.009	1275.933	662.545	0.123	0.049	0.303	0.505
sub-132_task-EyeTracking_physio	66	-1705.607	-1338.931	366.676	1297.983	693.477	0.195	0.560	1.065	1.156
sub-132_task-EyeTracking_physio	66	-1305.599	-922.257	383.342	1259.003	674.347	0.139	0.032	0.175	0.441
sub-132_task-EyeTracking_physio	66	-905.582	-672.249	233.333	1354.260	683.172	0.192	0.105	0.535	0.580
sub-132_task-EyeTracking_physio	66	-655.582	394.441	1050.023	1286.392	707.523	0.160	0.157	0.982	1.031
sub-132_task-EyeTracking_physio	66	427.779	744.451	316.672	1218.860	806.332	0.121	0.033	0.327	0.420
sub-132_task-EyeTracking_physio	66	777.785	977.791	200.006	1283.085	833.972	0.073	0.010	0.111	0.249
sub-132_task-EyeTracking_physio	66	1002.791	1177.792	175.001	1390.090	836.345	0.142	0.025	0.125	0.404
sub-132_task-EyeTracking_physio	66	1202.798	1411.133	208.335	1561.000	780.740	0.139	0.028	0.163	0.373
sub-132_task-EyeTracking_physio	66	1461.138	1644.474	183.336	1686.045	726.335	0.082	0.014	0.169	0.197
sub-132_task-EyeTracking_physio	66	1669.472	1827.809	158.337	1620.980	634.860	0.076	0.020	0.174	0.263
sub-132_task-EyeTracking_physio	66	1852.812	2061.150	208.338	1488.850	563.895	0.120	0.051	0.414	0.333
sub-132_task-EyeTracking_physio	66	2094.482	2227.819	133.337	1276.077	602.925	0.081	0.014	0.205	0.160
sub-132_task-EyeTracking_physio	66	2244.489	2427.824	183.335	1140.463	665.305	0.238	0.147	0.657	0.560
sub-132_task-EyeTracking_physio	66	2444.491	3002.838	558.347	978.820	692.835	0.179	0.082	0.901	0.474
sub-132_task-EyeTracking_physio	67	-3169.012	-3052.342	116.670	1290.470	848.395	0.150	0.083	0.595	0.362
sub-132_task-EyeTracking_physio	67	-2944.007	-2660.665	283.342	1311.875	728.305	0.121	0.031	0.156	0.561
sub-132_task-EyeTracking_physio	67	-2643.999	-2360.661	283.338	1266.215	661.918	0.126	0.034	0.318	0.382
sub-132_task-EyeTracking_physio	67	-2335.661	-1852.315	483.346	1321.598	654.998	0.134	0.042	0.310	0.527
sub-132_task-EyeTracking_physio	67	-1568.977	-1327.303	241.674	1269.585	660.645	1.140	0.785	3.385	3.088
sub-132_task-EyeTracking_physio	67	-1302.303	-310.612	991.691	1300.705	668.475	0.166	0.236	1.285	0.895
sub-132_task-EyeTracking_physio	67	-293.945	-110.611	183.334	1262.315	666.790	0.224	0.077	0.328	0.577
sub-132_task-EyeTracking_physio	67	-77.275	422.734	500.009	1306.783	708.112	0.194	0.071	0.279	0.867
sub-132_task-EyeTracking_physio	67	456.074	647.741	191.667	1366.175	879.095	0.169	0.093	0.374	0.676
sub-132_task-EyeTracking_physio	67	839.412	1064.419	225.007	898.955	730.890	0.089	0.048	0.325	0.385
sub-132_task-EyeTracking_physio	67	1097.755	1256.089	158.334	949.065	626.955	0.112	0.020	0.198	0.254
sub-132_task-EyeTracking_physio	67	1281.089	1472.760	191.671	1014.820	574.195	0.089	0.023	0.271	0.193
sub-132_task-EyeTracking_physio	67	1506.097	1772.769	266.672	1089.352	566.723	0.074	0.013	0.254	0.162
sub-132_task-EyeTracking_physio	67	1797.769	1972.772	175.003	1218.565	542.470	0.081	0.038	0.324	0.245
sub-132_task-EyeTracking_physio	67	2014.444	2464.452	450.008	1317.757	493.835	0.067	0.034	0.194	0.461
sub-132_task-EyeTracking_physio	67	2506.119	2881.125	375.006	1284.665	471.280	0.074	0.015	0.175	0.175
sub-132_task-EyeTracking_physio	67	2914.459	3022.796	108.337	1410.060	491.660	0.122	0.045	0.299	0.335
sub-132_task-EyeTracking_physio	68	-2948.681	-2607.010	341.671	1408.525	500.880	0.080	0.015	0.159	0.254
sub-132_task-EyeTracking_physio	68	-2323.666	-2206.996	116.670	1334.152	655.527	0.086	0.066	0.231	0.574
sub-132_task-EyeTracking_physio	68	-2165.330	-531.962	1633.368	1267.870	680.048	0.092	0.049	0.388	0.644
sub-132_task-EyeTracking_physio	68	-448.623	-315.287	133.336	1272.517	862.317	0.097	0.049	0.270	0.383
sub-132_task-EyeTracking_physio	68	-290.287	-6.949	283.338	1265.795	749.717	0.087	0.040	0.300	0.418
sub-132_task-EyeTracking_physio	68	26.386	318.061	291.675	1278.585	714.135	0.099	0.017	0.125	0.294
sub-132_task-EyeTracking_physio	68	334.728	476.397	141.669	1220.895	662.730	0.177	0.132	0.430	0.601
sub-132_task-EyeTracking_physio	68	509.729	676.404	166.675	1059.472	614.825	0.093	0.019	0.306	0.137
sub-132_task-EyeTracking_physio	68	709.736	934.743	225.007	960.835	628.305	0.089	0.029	0.200	0.358
sub-132_task-EyeTracking_physio	68	951.410	1193.079	241.669	910.935	588.275	0.119	0.074	0.463	0.362
sub-132_task-EyeTracking_physio	68	1218.083	1593.092	375.009	1052.745	503.975	0.078	0.057	0.343	0.443
sub-132_task-EyeTracking_physio	68	1626.425	1918.097	291.672	1121.770	552.480	0.072	0.020	0.246	0.228
sub-132_task-EyeTracking_physio	68	1926.429	2134.771	208.342	1112.595	576.455	0.152	0.031	0.168	0.480
sub-132_task-EyeTracking_physio	68	2193.103	2418.110	225.007	1409.680	812.395	0.119	0.066	0.471	0.308
sub-132_task-EyeTracking_physio	68	2468.109	2868.116	400.007	1614.255	889.505	0.080	0.022	0.238	0.255
sub-132_task-EyeTracking_physio	68	2901.455	3009.788	108.333	1572.135	820.580	0.122	0.042	0.160	0.452
sub-132_task-EyeTracking_physio	69	-860.424	-535.416	325.008	1562.150	821.145	0.084	0.031	0.268	0.356
sub-132_task-EyeTracking_physio	69	-460.415	-135.403	325.012	1334.265	722.330	0.093	0.060	0.438	0.569
sub-132_task-EyeTracking_physio	69	-110.403	314.604	425.007	1269.615	700.305	0.071	0.018	0.226	0.271
sub-132_task-EyeTracking_physio	69	347.937	514.609	166.672	1132.622	650.885	0.114	0.049	0.176	0.582
sub-132_task-EyeTracking_physio	69	547.944	747.946	200.002	1027.362	618.037	0.110	0.024	0.206	0.315
sub-132_task-EyeTracking_physio	69	781.283	1156.289	375.006	974.830	592.560	0.075	0.016	0.132	0.314
sub-132_task-EyeTracking_physio	69	1289.624	1581.304	291.680	1171.595	903.950	0.123	0.055	0.528	0.370
sub-132_task-EyeTracking_physio	69	1606.304	1714.641	108.337	1143.410	880.000	0.094	0.022	0.215	0.187
sub-132_task-EyeTracking_physio	69	1739.641	2047.979	308.338	1213.510	810.765	0.161	0.064	0.389	0.422
sub-132_task-EyeTracking_physio	69	2072.978	2231.320	158.342	1324.100	743.240	0.160	0.026	0.148	0.427
sub-132_task-EyeTracking_physio	69	2264.653	2681.327	416.674	1578.815	731.642	0.133	0.059	0.414	0.442
sub-132_task-EyeTracking_physio	69	2764.665	2931.334	166.669	1510.755	986.800	0.116	0.024	0.222	0.398
sub-132_task-EyeTracking_physio	70	-2131.354	-1906.347	225.007	1554.560	967.180	0.087	0.017	0.154	0.241
sub-132_task-EyeTracking_physio	70	-1873.014	-1606.341	266.673	1404.680	866.845	0.100	0.045	0.383	0.308
sub-132_task-EyeTracking_physio	70	-1573.004	-1389.668	183.336	1291.090	763.592	0.107	0.022	0.163	0.301
sub-132_task-EyeTracking_physio	70	-1356.335	410.374	1766.709	1276.615	711.885	0.071	0.020	0.205	0.389
sub-132_task-EyeTracking_physio	70	460.373	602.044	141.671	1345.525	700.330	0.128	0.035	0.152	0.392
sub-132_task-EyeTracking_physio	70	618.709	860.382	241.673	1506.050	684.285	0.202	0.113	0.736	0.422
sub-132_task-EyeTracking_physio	70	885.382	1060.388	175.006	1590.465	687.480	0.099	0.020	0.174	0.250
sub-132_task-EyeTracking_physio	70	1085.388	1260.393	175.005	1603.635	604.895	0.097	0.030	0.207	0.329
sub-132_task-EyeTracking_physio	70	1277.060	1477.064	200.004	1596.943	581.928	0.088	0.017	0.170	0.193
sub-132_task-EyeTracking_physio	70	1510.398	1677.067	166.669	1535.683	574.442	0.062	0.013	0.172	0.142
sub-132_task-EyeTracking_physio	70	1702.071	1868.741	166.670	1319.027	567.020	0.108	0.035	0.503	0.152
sub-132_task-EyeTracking_physio	70	1918.741	2077.078	158.337	1184.490	564.185	0.057	0.008	0.133	0.114
sub-132_task-EyeTracking_physio	70	2118.746	2393.755	275.009	1050.500	561.915	0.116	0.049	0.287	0.555
sub-132_task-EyeTracking_physio	70	2418.755	2593.757	175.002	1106.630	765.080	0.174	0.065	0.256	0.622
sub-132_task-EyeTracking_physio	70	2627.094	3010.434	383.340	1138.548	849.102	0.076	0.028	0.282	0.347
sub-132_task-EyeTracking_physio	71	-942.952	-767.948	175.004	1103.035	881.365	0.069	0.028	0.269	0.233
sub-132_task-EyeTracking_physio	71	-751.276	-384.605	366.671	1295.533	723.785	0.091	0.026	0.245	0.280
sub-132_task-EyeTracking_physio	71	-359.600	315.417	675.017	1271.765	696.475	0.084	0.023	0.193	0.332
sub-132_task-EyeTracking_physio	71	348.750	515.416	166.666	1297.650	720.205	0.122	0.054	0.325	0.402
sub-132_task-EyeTracking_physio	71	548.757	732.093	183.336	1402.200	729.827	0.195	0.096	0.361	0.623
sub-132_task-EyeTracking_physio	71	757.092	948.765	191.673	1507.175	715.625	0.098	0.020	0.210	0.258
sub-132_task-EyeTracking_physio	71	973.765	1348.776	375.011	1591.410	738.150	0.083	0.057	0.290	0.463
sub-132_task-EyeTracking_physio	71	1365.442	1515.446	150.004	1550.030	752.965	0.107	0.044	0.269	0.298
sub-132_task-EyeTracking_physio	71	1540.446	1657.115	116.669	1162.320	798.753	0.294	0.290	1.131	0.603
sub-132_task-EyeTracking_physio	71	1715.448	1882.123	166.675	1054.527	813.155	0.103	0.028	0.241	0.210
sub-132_task-EyeTracking_physio	71	1915.456	2098.792	183.336	958.200	772.138	0.135	0.053	0.281	0.418
sub-132_task-EyeTracking_physio	71	2115.457	2298.799	183.342	931.260	643.645	0.108	0.030	0.233	0.334
sub-132_task-EyeTracking_physio	71	2323.799	2765.474	441.675	947.680	576.245	0.098	0.047	0.335	0.511
sub-132_task-EyeTracking_physio	71	2807.143	3007.148	200.005	1032.860	573.795	0.083	0.017	0.177	0.181
sub-132_task-EyeTracking_physio	72	-462.516	-87.505	375.011	1346.725	783.800	0.086	0.023	0.228	0.281
sub-132_task-EyeTracking_physio	72	-70.838	229.167	300.005	1276.818	704.730	0.154	0.038	0.241	0.488
sub-132_task-EyeTracking_physio	72	254.167	470.840	216.673	1297.420	625.170	0.119	0.031	0.316	0.278
sub-132_task-EyeTracking_physio	72	487.507	604.176	116.669	1260.013	607.525	0.087	0.015	0.221	0.147
sub-132_task-EyeTracking_physio	72	637.509	1012.519	375.010	939.320	778.510	0.126	0.050	0.335	0.404
sub-132_task-EyeTracking_physio	72	1045.852	1245.859	200.007	1008.765	755.400	0.123	0.025	0.169	0.314
sub-132_task-EyeTracking_physio	72	1279.192	1412.528	133.336	1093.680	653.072	0.091	0.018	0.164	0.257
sub-132_task-EyeTracking_physio	72	1437.528	1612.536	175.008	1303.215	572.850	0.165	0.042	0.571	0.253
sub-132_task-EyeTracking_physio	72	1629.203	1737.539	108.336	1532.935	545.870	0.158	0.034	0.452	0.159
sub-132_task-EyeTracking_physio	72	1787.538	1895.876	108.338	1732.870	611.740	0.088	0.018	0.135	0.195
sub-132_task-EyeTracking_physio	72	1920.875	2279.218	358.343	1613.390	622.525	0.104	0.028	0.381	0.234
sub-132_task-EyeTracking_physio	72	2304.219	2595.888	291.669	1376.445	637.640	0.142	0.075	0.428	0.476
sub-132_task-EyeTracking_physio	72	2612.555	2795.896	183.341	1254.400	633.567	0.193	0.079	0.439	0.457
sub-132_task-EyeTracking_physio	72	2829.229	3004.233	175.004	1020.135	687.555	0.154	0.059	0.518	0.315
sub-132_task-EyeTracking_physio	73	-1316.105	-1207.768	108.337	1021.970	694.570	0.093	0.019	0.175	0.185
sub-132_task-EyeTracking_physio	73	-1174.436	-474.420	700.016	1297.455	672.820	0.181	0.128	0.639	0.851
sub-132_task-EyeTracking_physio	73	-449.413	25.594	475.007	1260.815	689.205	0.191	0.067	0.557	0.807
sub-132_task-EyeTracking_physio	73	42.260	458.941	416.681	1269.948	716.405	0.137	0.048	0.293	0.537
sub-132_task-EyeTracking_physio	73	550.607	692.277	141.670	1172.260	836.580	0.091	0.020	0.203	0.237
sub-132_task-EyeTracking_physio	73	717.280	1117.291	400.011	1037.755	833.625	0.143	0.060	0.656	0.339
sub-132_task-EyeTracking_physio	73	1158.957	1425.632	266.675	1103.705	888.918	0.125	0.026	0.217	0.346
sub-132_task-EyeTracking_physio	73	1458.964	1675.637	216.673	1012.532	991.473	0.118	0.048	0.368	0.387
sub-132_task-EyeTracking_physio	73	1725.637	1883.973	158.336	959.900	941.675	0.073	0.009	0.175	0.113
sub-132_task-EyeTracking_physio	73	1917.311	2125.647	208.336	1390.305	886.975	0.202	0.061	0.685	0.302
sub-132_task-EyeTracking_physio	73	2150.651	2458.990	308.339	1522.805	909.655	0.073	0.029	0.295	0.286
sub-132_task-EyeTracking_physio	73	2500.657	2675.664	175.007	1565.465	906.360	0.056	0.008	0.154	0.107
sub-132_task-EyeTracking_physio	73	2700.664	2875.668	175.004	1504.365	740.315	0.172	0.072	0.390	0.475
sub-132_task-EyeTracking_physio	73	2892.334	3009.003	116.669	1437.240	580.475	0.190	0.069	0.292	0.452
sub-132_task-EyeTracking_physio	74	-694.200	-535.861	158.339	1440.725	571.780	0.150	0.024	0.142	0.417
sub-132_task-EyeTracking_physio	74	-452.525	-77.521	375.004	1289.305	679.630	0.094	0.019	0.198	0.281
sub-132_task-EyeTracking_physio	74	-35.848	314.155	350.003	1259.945	704.062	0.075	0.016	0.177	0.244
sub-132_task-EyeTracking_physio	74	330.827	730.837	400.010	1209.180	676.020	0.175	0.141	0.771	0.815
sub-132_task-EyeTracking_physio	74	764.170	1064.175	300.005	1284.217	635.410	0.084	0.022	0.239	0.305
sub-132_task-EyeTracking_physio	74	1130.845	1380.852	250.007	1369.735	921.365	0.089	0.017	0.120	0.246
sub-132_task-EyeTracking_physio	74	1397.519	1564.187	166.668	1342.255	836.832	0.150	0.053	0.273	0.466
sub-132_task-EyeTracking_physio	74	1580.854	1747.522	166.668	1140.385	808.807	0.139	0.046	0.276	0.381
sub-132_task-EyeTracking_physio	74	1772.531	1980.864	208.333	983.305	787.685	0.116	0.029	0.333	0.282
sub-132_task-EyeTracking_physio	74	1997.530	2430.876	433.346	888.675	815.575	0.262	0.289	1.503	0.882
sub-132_task-EyeTracking_physio	74	2455.876	2647.546	191.670	1181.970	884.210	0.123	0.054	0.439	0.339
sub-132_task-EyeTracking_physio	74	2689.216	2880.884	191.668	1415.755	892.250	0.082	0.038	0.282	0.349
sub-132_task-EyeTracking_physio	75	-3699.736	-3341.397	358.339	1498.300	899.790	0.087	0.019	0.211	0.285
sub-132_task-EyeTracking_physio	75	-3316.393	-3158.055	158.338	1366.545	822.280	0.102	0.031	0.179	0.324
sub-132_task-EyeTracking_physio	75	-3141.388	-2674.716	466.672	1286.735	741.428	0.104	0.055	0.359	0.559
sub-132_task-EyeTracking_physio	75	-2641.378	-1958.030	683.348	1269.773	725.840	0.077	0.030	0.277	0.351
sub-132_task-EyeTracking_physio	75	-1916.364	-1266.348	650.016	1316.648	712.003	0.098	0.020	0.207	0.529
sub-132_task-EyeTracking_physio	75	-1216.341	-1033.007	183.334	1265.128	716.947	0.083	0.026	0.269	0.269
sub-132_task-EyeTracking_physio	75	-774.668	333.690	1108.358	1290.135	704.435	0.119	0.081	0.292	1.108
sub-132_task-EyeTracking_physio	75	375.360	783.702	408.342	1223.730	803.990	0.145	0.031	0.223	0.469
sub-132_task-EyeTracking_physio	75	817.035	1058.709	241.674	1509.870	895.830	0.123	0.040	0.281	0.296
sub-132_task-EyeTracking_physio	75	1100.376	1392.047	291.671	1585.800	888.440	0.095	0.039	0.302	0.331
sub-132_task-EyeTracking_physio	75	1417.052	1650.385	233.333	1479.403	831.997	0.091	0.028	0.254	0.260
sub-132_task-EyeTracking_physio	75	1683.723	1833.727	150.004	1394.527	815.083	0.121	0.026	0.161	0.326
sub-132_task-EyeTracking_physio	75	1900.393	2083.732	183.339	1424.743	601.750	0.054	0.010	0.103	0.186
sub-132_task-EyeTracking_physio	75	2117.065	2317.070	200.005	1419.230	572.675	0.071	0.009	0.129	0.167
sub-132_task-EyeTracking_physio	75	2475.409	2658.746	183.337	1135.682	626.317	0.079	0.017	0.132	0.218
sub-132_task-EyeTracking_physio	75	2708.745	2842.083	133.338	1019.520	657.933	0.123	0.022	0.154	0.315
sub-132_task-EyeTracking_physio	75	2875.419	3025.423	150.004	1070.827	650.442	0.147	0.030	0.151	0.589
sub-132_task-EyeTracking_physio	76	-1745.290	-1361.954	383.336	1467.642	791.580	0.678	11.358	11.070	3.259
sub-132_task-EyeTracking_physio	76	-1120.280	-895.273	225.007	1284.965	679.515	0.142	0.057	0.313	0.469
sub-132_task-EyeTracking_physio	76	-153.585	-45.250	108.335	1285.295	781.345	0.116	0.049	0.179	0.491
sub-132_task-EyeTracking_physio	76	-28.583	421.425	450.008	1285.960	717.225	0.080	0.028	0.269	0.387
sub-132_task-EyeTracking_physio	76	529.763	813.101	283.338	1289.295	877.390	0.461	0.327	0.582	2.634
sub-132_task-EyeTracking_physio	76	829.768	996.437	166.669	1223.842	893.170	0.330	0.183	0.471	1.043
sub-132_task-EyeTracking_physio	76	1071.441	1554.787	483.346	1032.858	829.707	0.127	0.056	0.291	0.721
sub-132_task-EyeTracking_physio	76	1696.456	1871.458	175.002	1165.360	610.440	0.101	0.024	0.270	0.201
sub-132_task-EyeTracking_physio	76	1888.125	2163.132	275.007	1404.720	586.790	0.139	0.052	0.535	0.276
sub-132_task-EyeTracking_physio	76	2196.469	2371.471	175.002	1473.025	628.020	0.086	0.017	0.199	0.170
sub-132_task-EyeTracking_physio	76	2404.804	2754.815	350.011	1665.872	747.480	0.153	0.117	0.269	1.188
sub-132_task-EyeTracking_physio	76	2779.815	3004.822	225.007	1659.965	683.345	0.121	0.052	0.254	0.463
sub-132_task-EyeTracking_physio	77	-3350.591	-3142.252	208.339	1334.810	693.445	0.178	0.072	0.598	0.429
sub-132_task-EyeTracking_physio	77	-3075.587	-2475.572	600.015	1256.490	681.842	0.112	0.039	0.206	0.544
sub-132_task-EyeTracking_physio	77	-2442.239	-1575.549	866.690	1280.318	670.352	0.096	0.044	0.261	0.446
sub-132_task-EyeTracking_physio	77	-1467.218	-425.528	1041.690	1266.520	670.695	0.118	0.051	0.255	0.651
sub-132_task-EyeTracking_physio	77	-400.527	-142.184	258.343	1306.170	690.980	0.112	0.020	0.145	0.325
sub-132_task-EyeTracking_physio	77	-100.518	291.158	391.676	1267.665	700.165	0.116	0.034	0.172	0.492
sub-132_task-EyeTracking_physio	77	316.158	474.492	158.334	1202.865	630.755	0.119	0.031	0.108	0.551
sub-132_task-EyeTracking_physio	77	499.492	624.496	125.004	1016.095	665.140	0.250	0.088	0.601	0.294
sub-132_task-EyeTracking_physio	77	732.832	1007.839	275.007	922.965	701.050	0.142	0.076	0.439	0.541
sub-132_task-EyeTracking_physio	77	1032.842	1491.182	458.340	997.000	690.920	0.133	0.058	0.235	0.637
sub-132_task-EyeTracking_physio	77	1649.521	1907.860	258.339	1115.815	856.890	0.124	0.088	0.268	0.922
sub-132_task-EyeTracking_physio	77	1957.863	2124.534	166.671	1578.503	820.432	0.137	0.029	0.298	0.269
sub-132_task-EyeTracking_physio	77	2157.867	2357.873	200.006	1668.625	733.080	0.224	0.099	0.816	0.362
sub-132_task-EyeTracking_physio	77	2382.873	2541.209	158.336	1669.000	638.015	0.128	0.036	0.200	0.326
sub-132_task-EyeTracking_physio	77	2582.875	2707.880	125.005	1608.420	546.045	0.065	0.010	0.126	0.125
sub-132_task-EyeTracking_physio	77	2732.880	3007.895	275.015	1292.405	552.525	0.121	0.067	0.412	0.296
sub-132_task-EyeTracking_physio	78	-378.356	-95.018	283.338	1281.318	593.015	0.149	0.035	0.169	0.447
sub-132_task-EyeTracking_physio	78	4.988	480.000	475.012	1293.755	721.600	0.081	0.029	0.170	0.391
sub-132_task-EyeTracking_physio	78	521.667	796.672	275.005	1266.895	863.750	0.091	0.028	0.253	0.307
sub-132_task-EyeTracking_physio	78	821.671	963.342	141.671	1155.330	828.725	0.102	0.060	0.360	0.363
sub-132_task-EyeTracking_physio	78	996.678	1171.683	175.005	1055.160	761.500	0.170	0.062	0.400	0.374
sub-132_task-EyeTracking_physio	78	1205.016	1396.689	191.673	936.110	748.265	0.172	0.063	0.382	0.480
sub-132_task-EyeTracking_physio	78	1430.022	1596.690	166.668	910.652	684.913	0.150	0.047	0.228	0.369
sub-132_task-EyeTracking_physio	78	1605.024	1713.360	108.336	1056.160	633.875	0.246	0.104	0.500	0.432
sub-132_task-EyeTracking_physio	78	1746.693	2130.036	383.343	1567.517	652.105	0.201	0.110	0.571	0.584
sub-132_task-EyeTracking_physio	78	2155.040	2596.717	441.677	1589.845	782.900	0.141	0.079	0.344	0.656
sub-132_task-EyeTracking_physio	78	2630.049	2880.054	250.005	1636.438	893.400	0.086	0.017	0.175	0.275
sub-132_task-EyeTracking_physio	79	-1281.944	-1123.610	158.334	1623.740	859.565	0.057	0.013	0.163	0.170
sub-132_task-EyeTracking_physio	79	-1081.943	-890.265	191.678	1351.735	770.595	0.097	0.032	0.342	0.260
sub-132_task-EyeTracking_physio	79	-856.933	-756.930	100.003	1277.697	680.097	0.102	0.017	0.127	0.210
sub-132_task-EyeTracking_physio	79	-731.930	-423.591	308.339	1392.560	580.650	0.177	0.047	0.261	0.554
sub-132_task-EyeTracking_physio	79	-390.255	-40.248	350.007	1292.605	662.928	0.113	0.035	0.350	0.357
sub-132_task-EyeTracking_physio	79	-23.581	276.430	300.011	1315.432	745.685	0.078	0.018	0.139	0.332
sub-132_task-EyeTracking_physio	79	284.763	509.763	225.000	1349.345	685.875	0.159	0.137	0.425	0.824
sub-132_task-EyeTracking_physio	79	543.101	659.770	116.669	1334.908	619.670	0.073	0.007	0.061	0.179
sub-132_task-EyeTracking_physio	79	684.770	893.106	208.336	1245.810	574.615	0.086	0.019	0.257	0.253
sub-132_task-EyeTracking_physio	79	934.776	1176.445	241.669	1139.760	583.050	0.078	0.020	0.187	0.273
sub-132_task-EyeTracking_physio	79	1201.448	1351.452	150.004	1066.342	692.442	0.195	0.093	0.416	0.598
sub-132_task-EyeTracking_physio	79	1393.118	1634.791	241.673	1000.285	791.190	0.158	0.106	0.401	0.528
sub-132_task-EyeTracking_physio	79	1659.791	1951.463	291.672	945.060	720.585	0.123	0.050	0.334	0.450
sub-132_task-EyeTracking_physio	79	2001.468	2409.810	408.342	1554.580	660.835	0.168	0.071	0.437	0.720
sub-132_task-EyeTracking_physio	79	2426.476	2709.817	283.341	1568.750	760.463	0.122	0.081	0.436	0.543
sub-132_task-EyeTracking_physio	79	2743.150	3009.821	266.671	1616.770	853.555	0.104	0.021	0.147	0.376
sub-132_task-EyeTracking_physio	80	-559.916	-384.916	175.000	1672.935	888.410	0.087	0.019	0.181	0.190
sub-132_task-EyeTracking_physio	80	-359.911	-234.906	125.005	1450.860	782.040	0.129	0.066	0.344	0.325
sub-132_task-EyeTracking_physio	80	-209.907	315.105	525.012	1266.740	705.670	0.092	0.026	0.381	0.255
sub-132_task-EyeTracking_physio	80	348.439	565.110	216.671	1231.062	724.450	0.099	0.019	0.163	0.236
sub-132_task-EyeTracking_physio	80	590.110	765.112	175.002	1184.400	752.770	0.100	0.028	0.214	0.311
sub-132_task-EyeTracking_physio	80	840.117	1015.119	175.002	1150.155	777.245	0.119	0.084	0.292	0.743
sub-132_task-EyeTracking_physio	80	1048.452	1198.459	150.007	1006.180	747.572	0.141	0.038	0.326	0.239
sub-132_task-EyeTracking_physio	80	1231.792	1431.795	200.003	1020.032	620.885	0.146	0.040	0.306	0.297
sub-132_task-EyeTracking_physio	80	1473.466	1723.473	250.007	992.240	571.280	0.079	0.015	0.179	0.238
sub-132_task-EyeTracking_physio	80	1756.805	1931.807	175.002	1405.675	584.385	0.217	0.089	0.686	0.389
sub-132_task-EyeTracking_physio	80	1981.807	2165.146	183.339	1527.725	601.952	0.074	0.015	0.165	0.253
sub-132_task-EyeTracking_physio	80	2198.478	2456.823	258.345	1636.740	622.800	0.088	0.042	0.371	0.333
sub-132_task-EyeTracking_physio	80	2490.156	2815.162	325.006	1574.495	891.415	0.118	0.078	0.369	0.728
sub-132_task-EyeTracking_physio	80	2873.494	3006.831	133.337	1529.553	907.263	0.147	0.126	0.393	0.621
sub-132_task-EyeTracking_physio	81	-721.446	-504.776	216.670	1254.275	752.783	0.103	0.020	0.161	0.260
sub-132_task-EyeTracking_physio	81	-471.441	-121.435	350.006	1306.233	719.615	0.085	0.019	0.183	0.318
sub-132_task-EyeTracking_physio	81	-88.102	295.241	383.343	1254.442	701.915	0.102	0.023	0.275	0.330
sub-132_task-EyeTracking_physio	81	320.245	878.591	558.346	1184.015	645.695	0.099	0.041	0.238	0.635
sub-132_task-EyeTracking_physio	81	903.590	1211.931	308.341	1218.780	846.010	0.161	0.071	0.344	0.811
sub-132_task-EyeTracking_physio	81	1228.600	1428.603	200.003	1245.303	790.363	0.133	0.041	0.295	0.400
sub-132_task-EyeTracking_physio	81	1470.270	1628.611	158.341	1336.240	781.885	0.090	0.014	0.148	0.188
sub-132_task-EyeTracking_physio	81	1653.611	1903.617	250.006	1424.285	693.477	0.247	0.096	0.448	0.554
sub-132_task-EyeTracking_physio	81	1928.616	2245.288	316.672	1445.548	621.707	0.110	0.026	0.244	0.316
sub-132_task-EyeTracking_physio	81	2403.629	2795.301	391.672	986.325	764.395	0.130	0.101	0.482	0.661
sub-132_task-EyeTracking_physio	81	2820.305	3003.641	183.336	1049.447	786.515	0.120	0.027	0.161	0.378
sub-132_task-EyeTracking_physio	82	-582.780	-424.444	158.336	1043.780	800.090	0.064	0.010	0.187	0.134
sub-132_task-EyeTracking_physio	82	-399.444	-174.438	225.006	1244.205	776.440	0.082	0.017	0.198	0.198
sub-132_task-EyeTracking_physio	82	-149.438	458.912	608.350	1301.355	732.785	0.083	0.021	0.212	0.327
sub-132_task-EyeTracking_physio	82	475.578	767.250	291.672	1339.760	768.015	0.122	0.027	0.200	0.506
sub-132_task-EyeTracking_physio	82	808.916	925.587	116.671	1402.695	809.107	0.135	0.023	0.120	0.333
sub-132_task-EyeTracking_physio	82	983.924	1142.260	158.336	1464.760	706.250	0.090	0.032	0.144	0.433
sub-132_task-EyeTracking_physio	82	1167.260	1575.602	408.342	1565.745	655.575	0.077	0.023	0.205	0.318
sub-132_task-EyeTracking_physio	82	1600.602	1775.610	175.008	1521.260	656.495	0.073	0.022	0.178	0.238
sub-132_task-EyeTracking_physio	82	1808.942	1958.946	150.004	1465.775	587.195	0.114	0.046	0.319	0.368
sub-132_task-EyeTracking_physio	82	1983.946	2267.285	283.339	1130.392	608.938	0.275	0.151	1.697	0.228
sub-132_task-EyeTracking_physio	82	2308.956	3008.968	700.012	1031.243	633.725	0.074	0.029	0.274	0.443
sub-132_task-EyeTracking_physio	83	-1661.667	-1486.664	175.003	1231.415	649.170	0.078	0.025	0.211	0.236
sub-132_task-EyeTracking_physio	83	-1461.665	-1278.324	183.341	1344.318	660.380	0.074	0.030	0.207	0.355
sub-132_task-EyeTracking_physio	83	-603.308	-344.971	258.337	1313.995	667.550	0.095	0.035	0.139	0.527
sub-132_task-EyeTracking_physio	83	-311.639	438.382	750.021	1264.483	696.115	0.153	0.057	0.486	0.587
sub-132_task-EyeTracking_physio	83	496.715	671.721	175.006	1306.765	778.300	0.152	0.028	0.141	0.381
sub-132_task-EyeTracking_physio	83	696.721	871.724	175.003	1587.920	784.780	0.254	0.140	0.717	0.513
sub-132_task-EyeTracking_physio	83	896.723	1155.063	258.340	1661.910	695.720	0.115	0.047	0.432	0.293
sub-132_task-EyeTracking_physio	83	1171.729	1455.073	283.344	1622.148	575.825	0.136	0.053	0.421	0.513
sub-132_task-EyeTracking_physio	83	1488.406	1663.409	175.003	1554.575	570.830	0.073	0.011	0.146	0.217
sub-132_task-EyeTracking_physio	83	1871.750	2221.753	350.003	989.585	636.170	0.140	0.085	0.607	0.440
sub-132_task-EyeTracking_physio	83	2280.091	2705.103	425.012	952.055	848.280	0.073	0.021	0.165	0.352
sub-132_task-EyeTracking_physio	83	2721.769	2938.439	216.670	1013.653	789.995	0.143	0.064	0.316	0.420
sub-132_task-EyeTracking_physio	84	-731.452	-473.113	258.339	1117.490	762.550	0.097	0.018	0.163	0.280
sub-132_task-EyeTracking_physio	84	-448.114	260.241	708.355	1260.580	716.850	0.075	0.018	0.299	0.226
sub-132_task-EyeTracking_physio	84	276.907	460.242	183.335	1312.258	664.645	0.179	0.078	0.234	0.678
sub-132_task-EyeTracking_physio	84	493.582	743.583	250.001	1404.265	633.145	0.075	0.037	0.202	0.478
sub-132_task-EyeTracking_physio	84	785.253	1351.932	566.679	1494.325	613.438	0.065	0.035	0.318	0.382
sub-132_task-EyeTracking_physio	84	1451.935	1576.938	125.003	1219.465	646.160	0.201	0.051	0.526	0.197
sub-132_task-EyeTracking_physio	84	1610.271	1918.610	308.339	1030.065	649.515	0.104	0.027	0.482	0.239
sub-132_task-EyeTracking_physio	84	1943.616	2268.620	325.004	996.025	623.680	0.090	0.021	0.207	0.256
sub-132_task-EyeTracking_physio	84	2343.623	2660.296	316.673	1054.732	839.312	0.126	0.040	0.265	0.420
sub-132_task-EyeTracking_physio	84	2693.629	2793.632	100.003	1210.085	841.255	0.104	0.029	0.223	0.224
sub-132_task-EyeTracking_physio	84	2826.966	3010.307	183.341	1439.395	856.190	0.124	0.038	0.349	0.296
sub-132_task-EyeTracking_physio	85	-626.153	-292.810	333.343	1437.952	864.212	0.070	0.021	0.181	0.256
sub-132_task-EyeTracking_physio	85	-259.477	-101.141	158.336	1354.300	779.455	0.073	0.019	0.206	0.171
sub-132_task-EyeTracking_physio	85	-84.470	348.873	433.343	1283.110	726.192	0.102	0.036	0.327	0.451
sub-132_task-EyeTracking_physio	85	373.872	532.208	158.336	1293.590	648.885	0.185	0.103	0.213	0.889
sub-132_task-EyeTracking_physio	85	548.875	765.548	216.673	1305.590	588.100	0.062	0.011	0.131	0.215
sub-132_task-EyeTracking_physio	85	782.214	915.552	133.338	1139.688	594.000	0.233	0.107	0.631	0.360
sub-132_task-EyeTracking_physio	85	948.886	1132.224	183.338	998.918	639.575	0.154	0.033	0.495	0.228
sub-132_task-EyeTracking_physio	85	1165.557	1348.893	183.336	895.983	674.862	0.087	0.034	0.268	0.251
sub-132_task-EyeTracking_physio	85	1373.897	1673.904	300.007	931.565	785.845	0.133	0.043	0.275	0.565
sub-132_task-EyeTracking_physio	85	1798.907	2032.249	233.342	1566.002	748.747	0.192	0.079	0.509	0.516
sub-132_task-EyeTracking_physio	85	2057.249	2282.253	225.004	1625.275	686.260	0.128	0.039	0.212	0.510
sub-132_task-EyeTracking_physio	85	2298.920	2532.255	233.335	1577.055	634.615	0.133	0.151	0.400	0.972
sub-132_task-EyeTracking_physio	85	2623.924	2748.928	125.004	1435.210	962.015	0.154	0.076	0.494	0.283
sub-132_task-EyeTracking_physio	85	2782.261	3007.267	225.006	1378.270	881.490	0.087	0.029	0.345	0.247
sub-132_task-EyeTracking_physio	86	-345.665	-20.660	325.005	1250.520	724.800	0.077	0.017	0.209	0.242
sub-132_task-EyeTracking_physio	86	12.677	312.684	300.007	1304.400	740.840	0.078	0.021	0.168	0.324
sub-132_task-EyeTracking_physio	86	346.018	479.353	133.335	1212.690	729.050	0.083	0.021	0.211	0.191
sub-132_task-EyeTracking_physio	86	629.355	912.701	283.346	1056.222	572.275	0.112	0.034	0.422	0.228
sub-132_task-EyeTracking_physio	86	937.701	1096.034	158.333	1274.765	585.705	0.079	0.023	0.304	0.162
sub-132_task-EyeTracking_physio	86	1121.033	1571.047	450.014	1457.758	660.308	0.154	0.144	0.548	1.235
sub-132_task-EyeTracking_physio	86	1746.050	1879.386	133.336	1219.952	909.558	0.226	0.250	0.762	0.590
sub-132_task-EyeTracking_physio	86	1912.719	2112.725	200.006	1103.075	855.418	0.118	0.028	0.390	0.232
sub-132_task-EyeTracking_physio	86	2137.727	2362.732	225.005	993.155	791.680	0.124	0.049	0.393	0.332
sub-132_task-EyeTracking_physio	86	2396.067	2729.405	333.338	1021.825	685.783	0.152	0.036	0.236	0.369
sub-132_task-EyeTracking_physio	86	2762.741	3004.409	241.668	1250.750	705.155	0.135	0.030	0.286	0.322
sub-132_task-EyeTracking_physio	87	-748.820	-607.150	141.670	1321.925	695.140	0.122	0.015	0.087	0.334
sub-132_task-EyeTracking_physio	87	-590.484	492.879	1083.363	1276.908	694.680	0.139	0.098	0.353	0.908
sub-132_task-EyeTracking_physio	87	517.878	676.214	158.336	1189.900	749.730	0.199	0.112	0.439	0.563
sub-132_task-EyeTracking_physio	87	817.885	1109.556	291.671	1107.810	599.575	0.077	0.021	0.192	0.208
sub-132_task-EyeTracking_physio	87	1151.229	1309.562	158.333	1280.695	629.615	0.072	0.014	0.171	0.191
sub-132_task-EyeTracking_physio	87	1326.228	1542.902	216.674	1398.225	640.847	0.109	0.032	0.419	0.186
sub-132_task-EyeTracking_physio	87	1576.235	2126.247	550.012	1512.520	637.753	0.081	0.021	0.299	0.337
sub-132_task-EyeTracking_physio	87	2201.252	2492.924	291.672	1404.305	850.805	0.095	0.047	0.261	0.478
sub-132_task-EyeTracking_physio	87	2517.924	2659.595	141.671	1225.455	828.710	0.134	0.055	0.361	0.296
sub-132_task-EyeTracking_physio	87	2701.265	2892.933	191.668	1094.510	784.320	0.136	0.042	0.309	0.405
sub-132_task-EyeTracking_physio	88	-893.733	314.625	1208.358	1263.465	688.855	0.218	0.440	2.777	1.047
sub-132_task-EyeTracking_physio	88	331.291	481.296	150.005	1308.135	684.760	0.178	0.131	0.440	0.613
sub-132_task-EyeTracking_physio	88	497.963	681.304	183.341	1495.875	647.137	0.234	0.083	0.738	0.295
sub-132_task-EyeTracking_physio	88	706.304	1164.645	458.341	1552.965	617.485	0.098	0.052	0.384	0.445
sub-132_task-EyeTracking_physio	88	1222.983	1331.317	108.334	1456.730	911.660	0.099	0.047	0.215	0.383
sub-132_task-EyeTracking_physio	88	1347.984	1514.655	166.671	1432.648	856.140	0.121	0.041	0.274	0.301
sub-132_task-EyeTracking_physio	88	1547.989	2031.334	483.345	1300.065	872.990	0.090	0.033	0.334	0.364
sub-132_task-EyeTracking_physio	88	2056.335	2381.345	325.010	1358.500	906.365	0.079	0.026	0.243	0.267
sub-132_task-EyeTracking_physio	88	2531.346	2689.681	158.335	1081.185	860.440	0.097	0.023	0.231	0.231
sub-132_task-EyeTracking_physio	88	2723.015	3006.356	283.341	993.950	772.663	0.139	0.068	0.293	0.475
sub-132_task-EyeTracking_physio	89	-530.027	-371.689	158.338	1009.840	771.020	0.125	0.044	0.249	0.327
sub-132_task-EyeTracking_physio	89	-346.689	311.658	658.347	1264.630	730.885	0.102	0.037	0.366	0.354
sub-132_task-EyeTracking_physio	89	394.995	811.671	416.676	1321.040	701.885	0.124	0.046	0.284	0.619
sub-132_task-EyeTracking_physio	89	1086.679	1245.013	158.334	1016.150	861.635	0.138	0.047	0.326	0.356
sub-132_task-EyeTracking_physio	89	1270.017	1411.686	141.669	936.545	743.865	0.207	0.050	0.516	0.406
sub-132_task-EyeTracking_physio	89	1436.686	1628.355	191.669	1009.965	652.085	0.177	0.035	0.147	0.512
sub-132_task-EyeTracking_physio	89	1670.026	1878.361	208.335	1116.805	568.995	0.074	0.019	0.231	0.183
sub-132_task-EyeTracking_physio	89	1911.698	2078.369	166.671	1276.858	562.155	0.149	0.042	0.576	0.200
sub-132_task-EyeTracking_physio	89	2103.369	2803.382	700.013	1446.400	582.928	0.106	0.050	0.480	0.492
sub-132_task-EyeTracking_physio	89	2845.052	3003.393	158.341	1361.690	720.900	0.118	0.027	0.288	0.294
sub-132_task-EyeTracking_physio	90	-1183.517	-975.180	208.337	1359.865	727.515	0.082	0.018	0.191	0.184
sub-132_task-EyeTracking_physio	90	-941.848	-700.175	241.673	1237.930	722.670	0.086	0.017	0.221	0.227
sub-132_task-EyeTracking_physio	90	-675.176	449.851	1125.027	1274.820	712.435	0.090	0.035	0.274	0.500
sub-132_task-EyeTracking_physio	90	591.522	858.195	266.673	1256.848	905.080	0.085	0.027	0.222	0.288
sub-132_task-EyeTracking_physio	90	883.195	1008.195	125.000	1329.840	836.550	0.166	0.043	0.202	0.440
sub-132_task-EyeTracking_physio	90	1041.535	1374.872	333.337	1446.115	763.920	0.169	0.048	0.261	0.535
sub-132_task-EyeTracking_physio	90	1391.539	1558.210	166.671	1390.075	661.908	0.076	0.023	0.213	0.224
sub-132_task-EyeTracking_physio	90	1708.220	1866.554	158.334	962.650	680.435	0.079	0.017	0.184	0.173
sub-132_task-EyeTracking_physio	90	1908.222	2074.891	166.669	902.237	646.300	0.090	0.021	0.205	0.213
sub-132_task-EyeTracking_physio	90	2099.894	2324.895	225.001	1110.875	728.135	0.166	0.095	0.497	0.695
sub-132_task-EyeTracking_physio	90	2358.232	2749.906	391.674	1332.175	854.455	0.122	0.047	0.267	0.633
sub-132_task-EyeTracking_physio	90	2783.239	3008.242	225.003	1218.795	830.100	0.082	0.026	0.326	0.251
sub-132_task-EyeTracking_physio	91	-928.473	-720.132	208.341	1168.550	811.550	0.113	0.026	0.172	0.394
sub-132_task-EyeTracking_physio	91	-678.466	-220.120	458.346	1287.170	703.955	0.162	0.056	0.265	0.721
sub-132_task-EyeTracking_physio	91	-203.453	629.897	833.350	1265.565	698.225	0.145	0.151	0.582	0.853
sub-132_task-EyeTracking_physio	91	663.229	813.235	150.006	1240.052	674.033	0.091	0.024	0.164	0.255
sub-132_task-EyeTracking_physio	91	829.904	1204.908	375.004	1039.590	698.660	0.111	0.034	0.468	0.307
sub-132_task-EyeTracking_physio	91	1229.915	1429.916	200.001	997.265	678.122	0.108	0.038	0.282	0.359
sub-132_task-EyeTracking_physio	91	1446.583	1546.587	100.004	941.768	723.950	0.176	0.072	0.434	0.283
sub-132_task-EyeTracking_physio	91	1571.588	1829.927	258.339	1021.555	828.245	0.143	0.052	0.310	0.528
sub-132_task-EyeTracking_physio	91	1871.597	2079.933	208.336	1505.595	776.545	0.204	0.079	0.329	0.607
sub-132_task-EyeTracking_physio	91	2113.265	2304.939	191.674	1628.050	728.830	0.100	0.051	0.350	0.357
sub-132_task-EyeTracking_physio	91	2338.273	2546.612	208.339	1671.755	640.420	0.072	0.016	0.203	0.215
sub-132_task-EyeTracking_physio	91	2579.945	2804.953	225.008	1674.500	598.310	0.085	0.027	0.193	0.283
sub-132_task-EyeTracking_physio	91	2871.619	3004.957	133.338	1553.463	831.000	0.109	0.032	0.115	0.472
sub-132_task-EyeTracking_physio	92	-481.385	-273.048	208.337	1314.970	878.905	0.099	0.021	0.198	0.310
sub-132_task-EyeTracking_physio	92	-256.379	443.638	700.017	1268.322	722.817	0.160	0.048	0.275	0.789
sub-132_task-EyeTracking_physio	92	476.971	726.978	250.007	1356.955	724.505	0.125	0.026	0.166	0.352
sub-132_task-EyeTracking_physio	92	760.311	960.316	200.005	1434.278	735.977	0.124	0.018	0.137	0.250
sub-132_task-EyeTracking_physio	92	976.983	1443.663	466.680	1473.652	752.945	0.175	0.130	0.867	0.735
sub-132_task-EyeTracking_physio	92	1610.334	1810.336	200.002	1013.227	889.655	0.121	0.046	0.285	0.312
sub-132_task-EyeTracking_physio	92	1835.341	2027.009	191.668	983.825	761.300	0.135	0.029	0.121	0.507
sub-132_task-EyeTracking_physio	92	2060.343	2360.354	300.011	1009.927	680.570	0.083	0.030	0.210	0.364
sub-132_task-EyeTracking_physio	92	2410.352	2627.023	216.671	1290.305	865.013	0.149	0.050	0.542	0.445
sub-132_task-EyeTracking_physio	92	2660.356	2827.028	166.672	1420.790	893.672	0.107	0.028	0.345	0.214
sub-132_task-EyeTracking_physio	92	2852.028	3010.365	158.337	1519.440	849.455	0.126	0.026	0.148	0.357
sub-132_task-EyeTracking_physio	93	-3595.173	-3036.827	558.346	1283.565	704.700	0.162	0.073	0.589	0.800
sub-132_task-EyeTracking_physio	93	-3020.158	-2636.821	383.337	1265.872	682.125	0.205	0.085	0.463	0.572
sub-132_task-EyeTracking_physio	93	-2620.147	-2320.142	300.005	1323.048	703.463	0.151	0.127	0.493	0.782
sub-132_task-EyeTracking_physio	93	-1945.132	-1220.117	725.015	1275.390	662.540	0.135	0.054	0.282	0.833
sub-132_task-EyeTracking_physio	93	-1186.779	-970.111	216.668	1322.410	661.965	0.109	0.032	0.211	0.401
sub-132_task-EyeTracking_physio	93	-945.112	-161.763	783.349	1279.375	691.665	0.159	0.128	0.695	0.978
sub-132_task-EyeTracking_physio	93	-120.091	313.252	433.343	1257.885	705.105	0.104	0.026	0.179	0.366
sub-132_task-EyeTracking_physio	93	329.919	479.921	150.002	1179.520	718.955	0.207	0.122	0.451	0.646
sub-132_task-EyeTracking_physio	93	529.927	688.261	158.334	995.375	738.530	0.180	0.063	0.345	0.452
sub-132_task-EyeTracking_physio	93	721.593	963.269	241.676	906.835	685.570	0.138	0.044	0.383	0.385
sub-132_task-EyeTracking_physio	93	996.600	1121.604	125.004	1041.425	604.650	0.094	0.018	0.200	0.230
sub-132_task-EyeTracking_physio	93	1171.607	1388.275	216.668	1349.862	627.592	0.081	0.018	0.167	0.302
sub-132_task-EyeTracking_physio	93	1421.608	1554.947	133.339	1446.475	653.712	0.111	0.029	0.170	0.317
sub-132_task-EyeTracking_physio	93	1629.951	1946.622	316.671	1459.883	726.987	0.095	0.029	0.183	0.417
sub-132_task-EyeTracking_physio	93	1979.960	2146.629	166.669	1358.885	706.473	0.108	0.037	0.278	0.271
sub-132_task-EyeTracking_physio	93	2179.962	2496.639	316.677	1240.658	647.540	0.149	0.055	0.426	0.454
sub-132_task-EyeTracking_physio	93	2538.306	2704.973	166.667	1606.808	633.635	0.159	0.077	0.486	0.370
sub-132_task-EyeTracking_physio	93	2754.978	2863.310	108.332	1700.030	649.430	0.113	0.019	0.117	0.287
sub-132_task-EyeTracking_physio	93	2896.648	3004.982	108.334	1505.200	836.070	0.167	0.050	0.327	0.304
sub-132_task-EyeTracking_physio	94	-564.766	-373.092	191.674	1214.060	799.110	0.142	0.077	0.443	0.441
sub-132_task-EyeTracking_physio	94	-348.094	-123.086	225.008	1254.215	720.405	0.122	0.030	0.197	0.511
sub-132_task-EyeTracking_physio	94	-89.754	443.595	533.349	1272.030	702.170	0.079	0.019	0.216	0.324
sub-132_task-EyeTracking_physio	94	468.595	718.598	250.003	1496.445	767.857	0.149	0.051	0.374	0.351
sub-132_task-EyeTracking_physio	94	743.597	1093.606	350.009	1524.367	877.658	0.114	0.054	0.279	0.441
sub-132_task-EyeTracking_physio	94	1118.606	1326.948	208.342	1345.980	887.765	0.156	0.064	0.324	0.578
sub-132_task-EyeTracking_physio	94	1368.614	1510.283	141.669	1212.715	861.360	0.120	0.023	0.215	0.273
sub-132_task-EyeTracking_physio	94	1551.950	2118.632	566.682	1079.968	778.938	0.133	0.061	0.362	0.512
sub-132_task-EyeTracking_physio	94	2151.965	2276.969	125.004	1133.865	938.535	0.198	0.066	0.477	0.249
sub-132_task-EyeTracking_physio	94	2293.636	2618.640	325.004	1117.000	955.975	0.126	0.072	0.473	0.562
sub-132_task-EyeTracking_physio	94	2735.305	3010.316	275.011	1054.540	621.740	0.141	0.040	0.190	0.475
sub-132_task-EyeTracking_physio	95	-267.572	315.773	583.345	1276.592	695.725	0.135	0.095	0.517	0.735
sub-132_task-EyeTracking_physio	95	349.106	665.783	316.677	1338.273	778.250	0.104	0.026	0.209	0.396
sub-132_task-EyeTracking_physio	95	707.450	982.454	275.004	1283.760	878.645	0.071	0.015	0.208	0.213
sub-132_task-EyeTracking_physio	95	1024.124	1232.460	208.336	1180.535	831.605	0.091	0.019	0.172	0.231
sub-132_task-EyeTracking_physio	95	1274.126	1732.472	458.346	1627.110	845.090	0.126	0.076	0.453	0.752
sub-132_task-EyeTracking_physio	95	1749.138	1915.808	166.670	1516.750	841.535	0.214	0.053	0.657	0.449
sub-132_task-EyeTracking_physio	95	1949.147	2115.815	166.668	1347.798	574.060	0.127	0.045	0.270	0.334
sub-132_task-EyeTracking_physio	95	2157.481	2365.824	208.343	1250.720	535.010	0.076	0.024	0.167	0.289
sub-132_task-EyeTracking_physio	95	2390.824	2690.827	300.003	1110.727	547.755	0.139	0.061	0.667	0.383
sub-132_task-EyeTracking_physio	95	2765.831	3007.503	241.672	1108.260	822.280	0.244	0.217	0.884	0.791
sub-132_task-EyeTracking_physio	96	-495.593	-203.920	291.673	1294.105	760.230	0.112	0.033	0.261	0.359
sub-132_task-EyeTracking_physio	96	-170.582	379.432	550.014	1274.880	700.915	0.126	0.050	0.235	0.595
sub-132_task-EyeTracking_physio	96	421.098	604.433	183.335	1208.600	873.402	0.110	0.019	0.124	0.444
sub-132_task-EyeTracking_physio	96	854.439	1146.116	291.677	908.555	837.490	0.098	0.034	0.263	0.355
sub-132_task-EyeTracking_physio	96	1162.782	1346.119	183.337	985.390	822.952	0.137	0.041	0.282	0.357
sub-132_task-EyeTracking_physio	96	1379.451	1579.457	200.006	1136.960	793.987	0.120	0.027	0.327	0.241
sub-132_task-EyeTracking_physio	96	1621.123	1846.132	225.009	1412.150	783.270	0.124	0.043	0.467	0.233
sub-132_task-EyeTracking_physio	96	1896.131	2279.474	383.343	1581.633	807.110	0.121	0.026	0.224	0.372
sub-132_task-EyeTracking_physio	96	2304.473	2529.482	225.009	1517.230	790.805	0.105	0.032	0.315	0.266
sub-132_task-EyeTracking_physio	96	2546.149	2646.151	100.002	1507.287	756.193	0.131	0.038	0.237	0.303
sub-132_task-EyeTracking_physio	96	2671.151	3004.495	333.344	1585.582	734.190	0.098	0.044	0.255	0.388
sub-132_task-EyeTracking_physio	97	-1032.301	-665.628	366.673	1606.780	878.140	0.089	0.046	0.358	0.292
sub-132_task-EyeTracking_physio	97	-623.953	-390.619	233.334	1381.398	750.650	0.101	0.019	0.184	0.206
sub-132_task-EyeTracking_physio	97	-357.279	17.725	375.004	1273.765	716.965	0.087	0.034	0.236	0.354
sub-132_task-EyeTracking_physio	97	76.063	292.737	216.674	1356.483	811.352	0.058	0.012	0.126	0.195
sub-132_task-EyeTracking_physio	97	309.403	476.074	166.671	1281.625	751.150	0.156	0.053	0.295	0.395
sub-132_task-EyeTracking_physio	97	509.407	659.407	150.000	1132.443	670.505	0.148	0.038	0.235	0.348
sub-132_task-EyeTracking_physio	97	701.075	1009.416	308.341	1008.220	635.240	0.096	0.035	0.302	0.334
sub-132_task-EyeTracking_physio	97	1051.081	1217.755	166.674	910.493	622.312	0.103	0.020	0.280	0.179
sub-132_task-EyeTracking_physio	97	1242.755	1476.095	233.340	1364.300	743.835	0.195	0.110	0.547	0.501
sub-132_task-EyeTracking_physio	97	1492.761	1809.434	316.673	1628.403	842.168	0.186	0.110	0.762	0.546
sub-132_task-EyeTracking_physio	97	1834.434	1976.106	141.672	1662.955	827.115	0.108	0.023	0.163	0.267
sub-132_task-EyeTracking_physio	97	1992.771	2217.780	225.009	1437.385	790.190	0.164	0.052	0.559	0.244
sub-132_task-EyeTracking_physio	97	2251.112	2442.785	191.673	1465.540	550.490	0.111	0.032	0.358	0.197
sub-132_task-EyeTracking_physio	97	2476.119	2951.131	475.012	1541.640	536.375	0.078	0.018	0.273	0.224
sub-132_task-EyeTracking_physio	98	-493.666	-251.993	241.673	1240.370	638.470	0.122	0.026	0.150	0.539
sub-132_task-EyeTracking_physio	98	-218.661	164.683	383.344	1284.725	696.467	0.136	0.026	0.157	0.460
sub-132_task-EyeTracking_physio	98	189.682	381.358	191.676	1348.305	693.770	0.149	0.090	0.516	0.350
sub-132_task-EyeTracking_physio	98	398.025	764.698	366.673	1438.175	680.535	0.153	0.068	0.557	0.438
sub-132_task-EyeTracking_physio	98	814.698	1164.708	350.010	1433.497	815.535	0.223	0.065	0.270	0.813
sub-132_task-EyeTracking_physio	98	1189.709	1448.050	258.341	1214.245	847.025	0.182	0.053	0.302	0.478
sub-132_task-EyeTracking_physio	98	1473.047	1839.724	366.677	1129.840	782.652	0.156	0.061	0.475	0.600
sub-132_task-EyeTracking_physio	98	1864.724	2081.398	216.674	1131.185	743.168	0.095	0.031	0.229	0.284
sub-132_task-EyeTracking_physio	98	2106.401	2298.070	191.669	1287.500	648.995	0.074	0.024	0.195	0.194
sub-132_task-EyeTracking_physio	98	2314.736	2798.075	483.339	1441.235	621.865	0.076	0.022	0.254	0.247
sub-132_task-EyeTracking_physio	98	2856.408	3006.424	150.016	1548.995	724.205	0.139	0.037	0.278	0.250
sub-132_task-EyeTracking_physio	99	-1764.294	-1655.956	108.338	1552.000	726.080	0.082	0.007	0.069	0.182
sub-132_task-EyeTracking_physio	99	-1614.290	-1172.608	441.682	1264.525	694.570	0.157	0.077	0.304	0.708
sub-132_task-EyeTracking_physio	99	-1147.608	-997.606	150.002	1299.062	699.415	0.189	0.079	0.258	0.530
sub-132_task-EyeTracking_physio	99	-797.599	-355.924	441.675	1269.715	723.830	0.198	0.046	0.188	0.929
sub-132_task-EyeTracking_physio	99	-322.591	419.098	741.689	1280.310	708.945	0.155	0.050	0.288	0.679
sub-132_task-EyeTracking_physio	99	452.430	744.106	291.676	1262.425	926.680	0.156	0.036	0.221	0.562
sub-132_task-EyeTracking_physio	99	777.444	944.111	166.667	1359.455	854.040	0.103	0.039	0.205	0.378
sub-132_task-EyeTracking_physio	99	977.444	1177.452	200.008	1460.568	836.393	0.111	0.027	0.180	0.301
sub-132_task-EyeTracking_physio	99	1194.119	1610.793	416.674	1585.870	837.242	0.162	0.063	0.709	0.330
sub-132_task-EyeTracking_physio	99	1652.459	1827.467	175.008	1319.115	809.570	0.077	0.021	0.219	0.220
sub-132_task-EyeTracking_physio	99	1869.133	1969.137	100.004	1006.233	848.620	0.099	0.023	0.298	0.138
sub-132_task-EyeTracking_physio	99	2002.469	2477.483	475.014	929.525	843.200	0.093	0.073	0.493	0.351
sub-132_task-EyeTracking_physio	99	2502.481	2644.150	141.669	912.350	798.715	0.103	0.026	0.299	0.236
sub-132_task-EyeTracking_physio	99	2677.482	2835.820	158.338	1060.900	732.835	0.111	0.036	0.226	0.339
sub-132_task-EyeTracking_physio	99	2869.158	3002.497	133.339	1183.565	573.295	0.111	0.026	0.178	0.230
sub-132_task-EyeTracking_physio	100	-992.726	-667.716	325.010	1285.280	778.075	0.143	0.047	0.225	0.611
sub-132_task-EyeTracking_physio	100	-642.717	-334.373	308.344	1270.680	728.895	0.113	0.027	0.186	0.398
sub-132_task-EyeTracking_physio	100	-317.707	265.640	583.347	1270.977	698.185	0.094	0.044	0.254	0.518
sub-132_task-EyeTracking_physio	100	282.307	490.646	208.339	1322.935	700.950	0.157	0.101	0.482	0.470
sub-132_task-EyeTracking_physio	100	515.646	865.656	350.010	1434.707	727.452	0.191	0.117	0.723	0.818
sub-132_task-EyeTracking_physio	100	998.989	1182.328	183.339	1043.560	819.997	0.234	0.120	0.608	0.936
sub-132_task-EyeTracking_physio	100	1223.995	1382.334	158.339	970.470	779.255	0.136	0.032	0.223	0.393
sub-132_task-EyeTracking_physio	100	1407.334	1582.336	175.002	952.965	645.310	0.104	0.034	0.173	0.355
sub-132_task-EyeTracking_physio	100	1607.335	1849.009	241.674	1008.825	597.380	0.065	0.011	0.156	0.206
sub-132_task-EyeTracking_physio	100	1974.012	2324.022	350.010	1606.938	622.045	0.127	0.045	0.574	0.341
sub-132_task-EyeTracking_physio	100	2357.356	2665.695	308.339	1694.735	685.570	0.099	0.040	0.330	0.247
sub-132_task-EyeTracking_physio	100	2690.699	3007.368	316.669	1605.540	820.862	0.130	0.037	0.232	0.331
sub-132_task-EyeTracking_physio	101	-3101.903	-2926.900	175.003	1344.385	485.160	0.113	0.016	0.105	0.295
sub-132_task-EyeTracking_physio	101	-2901.900	-2560.225	341.675	1260.980	670.330	0.121	0.037	0.220	0.519
sub-132_task-EyeTracking_physio	101	-2535.226	-2293.551	241.675	1257.855	715.280	0.074	0.013	0.123	0.271
sub-132_task-EyeTracking_physio	101	-2268.552	-210.170	2058.382	1269.605	700.010	0.078	0.046	0.331	0.479
sub-132_task-EyeTracking_physio	101	-193.503	356.508	550.011	1287.875	702.040	0.098	0.042	0.554	0.374
sub-132_task-EyeTracking_physio	101	381.509	539.844	158.335	1273.220	677.730	0.095	0.018	0.150	0.259
sub-132_task-EyeTracking_physio	101	564.847	706.518	141.671	1147.880	630.845	0.126	0.031	0.252	0.304
sub-132_task-EyeTracking_physio	101	739.851	1023.190	283.339	992.352	660.872	0.108	0.030	0.223	0.301
sub-132_task-EyeTracking_physio	101	1048.191	1389.866	341.675	917.455	723.160	0.125	0.050	0.376	0.363
sub-132_task-EyeTracking_physio	101	1423.199	1598.206	175.007	1260.270	563.770	0.122	0.038	0.468	0.213
sub-132_task-EyeTracking_physio	101	1631.539	1773.209	141.670	1354.205	552.980	0.071	0.022	0.262	0.170
sub-132_task-EyeTracking_physio	101	1814.875	2314.888	500.013	1562.302	547.832	0.072	0.024	0.259	0.284
sub-132_task-EyeTracking_physio	101	2348.220	2823.232	475.012	1569.140	889.455	0.121	0.050	0.346	0.483
sub-132_task-EyeTracking_physio	101	2864.897	3006.568	141.671	1650.365	552.885	0.095	0.029	0.201	0.266
sub-132_task-EyeTracking_physio	102	-296.399	-54.725	241.674	1235.560	746.510	0.089	0.067	0.435	0.433
sub-132_task-EyeTracking_physio	102	-29.726	295.280	325.006	1280.300	699.745	0.100	0.023	0.207	0.305
sub-132_task-EyeTracking_physio	102	320.284	428.616	108.332	1209.060	748.680	0.090	0.032	0.341	0.260
sub-132_task-EyeTracking_physio	102	445.288	811.960	366.672	997.845	810.963	0.162	0.102	0.470	0.666
sub-132_task-EyeTracking_physio	102	828.630	986.966	158.336	1080.805	756.950	0.127	0.031	0.215	0.309
sub-132_task-EyeTracking_physio	102	1011.966	1186.968	175.002	1215.550	606.035	0.063	0.008	0.096	0.179
sub-132_task-EyeTracking_physio	102	1220.306	1395.309	175.003	1302.480	584.075	0.057	0.015	0.149	0.230
sub-132_task-EyeTracking_physio	102	1436.975	1670.311	233.336	1553.588	605.763	0.070	0.015	0.207	0.143
sub-132_task-EyeTracking_physio	102	1703.645	1803.651	100.006	1642.102	677.438	0.116	0.056	0.198	0.437
sub-132_task-EyeTracking_physio	102	1961.986	2228.660	266.674	1516.557	849.860	0.139	0.044	0.196	0.750
sub-132_task-EyeTracking_physio	102	2245.318	2495.325	250.007	1442.475	737.132	0.116	0.039	0.231	0.498
sub-132_task-EyeTracking_physio	102	2511.991	3003.668	491.677	1288.585	744.060	0.168	0.049	0.485	0.463
sub-132_task-EyeTracking_physio	103	-2884.624	-2692.955	191.669	1351.615	718.470	0.099	0.034	0.230	0.277
sub-132_task-EyeTracking_physio	103	-2667.946	-1751.257	916.689	1279.493	673.628	0.117	0.053	0.330	0.638
sub-132_task-EyeTracking_physio	103	-1517.919	-1409.581	108.338	1365.995	606.235	0.162	0.044	0.169	0.473
sub-132_task-EyeTracking_physio	103	-1392.914	-784.564	608.350	1279.260	656.345	0.180	0.154	0.677	0.966
sub-132_task-EyeTracking_physio	103	-759.566	-426.222	333.344	1258.613	705.620	0.068	0.012	0.201	0.184
sub-132_task-EyeTracking_physio	103	-409.556	457.131	866.687	1291.003	707.888	0.089	0.051	0.459	0.473
sub-132_task-EyeTracking_physio	103	690.463	907.143	216.680	1491.470	686.750	0.081	0.025	0.277	0.219
sub-132_task-EyeTracking_physio	103	940.477	1107.146	166.669	1589.065	693.087	0.062	0.012	0.152	0.175
sub-132_task-EyeTracking_physio	103	1123.813	1340.479	216.666	1588.287	619.390	0.075	0.012	0.167	0.230
sub-132_task-EyeTracking_physio	103	1357.145	1473.816	116.671	1502.305	563.670	0.104	0.028	0.196	0.305
sub-132_task-EyeTracking_physio	103	1507.149	1657.151	150.002	1193.713	579.587	0.105	0.032	0.405	0.150
sub-132_task-EyeTracking_physio	103	1698.830	1873.825	174.995	1063.035	627.010	0.092	0.031	0.178	0.422
sub-132_task-EyeTracking_physio	103	1948.838	2273.843	325.005	1058.470	772.350	0.136	0.048	0.286	0.497
sub-132_task-EyeTracking_physio	103	2290.510	2457.184	166.674	1172.273	761.803	0.105	0.041	0.266	0.336
sub-132_task-EyeTracking_physio	103	2490.516	2698.853	208.337	1299.725	746.150	0.091	0.015	0.143	0.278
sub-132_task-EyeTracking_physio	103	2732.188	2932.192	200.004	1396.062	730.433	0.114	0.019	0.144	0.269
sub-132_task-EyeTracking_physio	104	-912.824	-737.815	175.009	1501.315	696.180	0.105	0.018	0.111	0.273
sub-132_task-EyeTracking_physio	104	-712.816	-504.485	208.331	1354.340	647.150	0.096	0.018	0.147	0.235
sub-132_task-EyeTracking_physio	104	-487.819	-4.470	483.349	1281.440	678.900	0.145	0.059	0.221	0.910
sub-132_task-EyeTracking_physio	104	12.197	437.211	425.014	1280.490	702.555	0.138	0.039	0.177	0.578
sub-132_task-EyeTracking_physio	104	462.210	645.547	183.337	1369.660	744.837	0.215	0.055	0.207	0.501
sub-132_task-EyeTracking_physio	104	662.213	878.887	216.674	1544.675	805.010	0.224	0.091	0.638	0.485
sub-132_task-EyeTracking_physio	104	903.886	1137.226	233.340	1628.747	852.918	0.135	0.037	0.282	0.398
sub-132_task-EyeTracking_physio	104	1187.224	1562.235	375.011	1097.840	812.680	0.174	0.065	0.428	0.653
sub-132_task-EyeTracking_physio	104	1595.574	1778.909	183.335	1057.088	807.280	0.163	0.029	0.171	0.358
sub-132_task-EyeTracking_physio	104	1812.242	1928.903	116.661	1168.312	590.572	0.063	0.009	0.112	0.164
sub-132_task-EyeTracking_physio	104	1945.570	2195.576	250.006	1232.300	535.920	0.077	0.024	0.224	0.234
sub-132_task-EyeTracking_physio	104	2228.909	2528.929	300.020	1104.505	560.227	0.087	0.023	0.289	0.230
sub-132_task-EyeTracking_physio	104	2562.254	2728.921	166.667	1432.850	550.170	0.084	0.017	0.228	0.216
sub-132_task-EyeTracking_physio	104	2745.588	3003.934	258.346	1613.115	548.015	0.156	0.029	0.578	0.180
sub-132_task-EyeTracking_physio	105	-2800.961	-2492.622	308.339	1304.980	627.230	0.214	0.074	0.900	0.382
sub-132_task-EyeTracking_physio	105	-2467.623	-2000.944	466.679	1256.938	655.537	0.135	0.033	0.173	0.687
sub-132_task-EyeTracking_physio	105	-1725.936	-1559.267	166.669	1246.635	696.858	0.156	0.091	0.215	0.698
sub-132_task-EyeTracking_physio	105	-1542.595	-1259.257	283.338	1309.930	662.477	0.157	0.060	0.381	0.503
sub-132_task-EyeTracking_physio	105	-1234.257	-567.573	666.684	1257.310	668.217	0.133	0.048	0.214	0.759
sub-132_task-EyeTracking_physio	105	-534.241	-367.568	166.673	1339.180	712.263	0.144	0.031	0.139	0.402
sub-132_task-EyeTracking_physio	105	-325.902	332.449	658.351	1280.585	701.160	0.104	0.034	0.218	0.576
sub-132_task-EyeTracking_physio	105	482.451	682.454	200.003	981.485	834.617	0.118	0.028	0.224	0.291
sub-132_task-EyeTracking_physio	105	724.123	865.794	141.671	906.740	754.320	0.152	0.039	0.193	0.300
sub-132_task-EyeTracking_physio	105	890.795	1049.130	158.335	1001.795	672.265	0.100	0.016	0.123	0.264
sub-132_task-EyeTracking_physio	105	1190.790	1324.133	133.343	1420.807	549.445	0.126	0.044	0.357	0.268
sub-132_task-EyeTracking_physio	105	1357.475	1507.481	150.006	1601.670	657.668	0.106	0.043	0.355	0.268
sub-132_task-EyeTracking_physio	105	1524.148	1865.821	341.673	1663.695	799.290	0.182	0.115	0.403	1.069
sub-132_task-EyeTracking_physio	105	1907.486	2124.157	216.671	1595.440	733.723	0.177	0.052	0.312	0.483
sub-132_task-EyeTracking_physio	105	2149.162	2299.161	149.999	1505.695	626.122	0.087	0.031	0.225	0.283
sub-132_task-EyeTracking_physio	105	2324.161	2982.513	658.352	1400.805	580.630	0.068	0.054	0.226	0.749
sub-132_task-EyeTracking_physio	106	-2922.513	-2539.170	383.343	1252.743	779.062	0.086	0.032	0.187	0.390
sub-132_task-EyeTracking_physio	106	-2505.838	-2239.164	266.674	1296.980	705.263	0.063	0.010	0.105	0.197
sub-132_task-EyeTracking_physio	106	-2205.827	-1672.480	533.347	1273.255	688.915	0.068	0.012	0.170	0.237
sub-132_task-EyeTracking_physio	106	-1647.481	-1389.140	258.341	1294.075	673.830	0.063	0.009	0.141	0.150
sub-132_task-EyeTracking_physio	106	-1372.473	-789.130	583.343	1261.005	670.947	0.096	0.045	0.377	0.333
sub-132_task-EyeTracking_physio	106	-764.127	410.902	1175.029	1275.190	705.905	0.166	0.125	0.395	1.359
sub-132_task-EyeTracking_physio	106	427.568	594.236	166.668	1239.537	710.695	0.233	0.087	0.441	0.603
sub-132_task-EyeTracking_physio	106	627.570	894.244	266.674	943.002	803.923	0.175	0.104	0.600	0.491
sub-132_task-EyeTracking_physio	106	927.580	1060.917	133.337	881.065	846.375	0.166	0.030	0.159	0.396
sub-132_task-EyeTracking_physio	106	1110.916	1277.585	166.669	1434.315	683.630	0.058	0.020	0.190	0.192
sub-132_task-EyeTracking_physio	106	1310.922	1519.258	208.336	1540.705	648.970	0.085	0.018	0.184	0.221
sub-132_task-EyeTracking_physio	106	1552.591	1869.266	316.675	1661.130	656.558	0.077	0.021	0.175	0.356
sub-132_task-EyeTracking_physio	106	1952.598	2319.274	366.676	1618.355	939.785	0.138	0.164	0.510	0.853
sub-132_task-EyeTracking_physio	106	2360.947	2510.949	150.002	1653.188	651.368	0.076	0.029	0.182	0.254
sub-132_task-EyeTracking_physio	106	2552.615	2727.617	175.002	1633.700	561.855	0.070	0.018	0.173	0.189
sub-132_task-EyeTracking_physio	106	2752.620	2877.619	124.999	1466.080	514.465	0.075	0.021	0.246	0.155
sub-132_task-EyeTracking_physio	107	-3586.269	-3327.928	258.341	1261.140	528.065	0.056	0.022	0.137	0.308
sub-132_task-EyeTracking_physio	107	-3127.924	-2836.250	291.674	1278.710	642.660	0.126	0.038	0.184	0.604
sub-132_task-EyeTracking_physio	107	-2611.248	-2352.912	258.336	1271.740	581.485	0.188	0.099	0.256	0.672
sub-132_task-EyeTracking_physio	107	-2327.915	-2111.238	216.677	1312.452	666.325	0.151	0.037	0.241	0.525
sub-132_task-EyeTracking_physio	107	-2077.902	-1761.229	316.673	1181.798	595.032	0.130	0.030	0.311	0.311
sub-132_task-EyeTracking_physio	107	-1727.896	-152.861	1575.035	1269.060	650.975	0.160	0.106	0.486	0.968
sub-132_task-EyeTracking_physio	107	-127.861	347.149	475.010	1271.700	703.405	0.094	0.039	0.295	0.467
sub-132_task-EyeTracking_physio	107	372.149	613.824	241.675	1184.240	741.205	0.206	0.097	0.526	0.489
sub-132_task-EyeTracking_physio	107	630.490	780.493	150.003	1101.942	726.545	0.136	0.049	0.334	0.344
sub-132_task-EyeTracking_physio	107	813.831	997.160	183.329	1475.723	588.683	0.100	0.041	0.408	0.307
sub-132_task-EyeTracking_physio	107	1030.494	1288.839	258.345	1568.070	550.590	0.104	0.055	0.338	0.467
sub-132_task-EyeTracking_physio	107	1322.168	1472.179	150.011	1676.285	845.942	0.154	0.061	0.226	0.614
sub-132_task-EyeTracking_physio	107	1522.178	1697.181	175.003	1590.555	925.355	0.120	0.035	0.382	0.200
sub-132_task-EyeTracking_physio	107	1747.184	1855.523	108.339	1214.285	878.260	0.112	0.071	0.248	0.439
sub-132_task-EyeTracking_physio	107	1880.523	2005.516	124.993	1064.230	811.155	0.174	0.031	0.159	0.285
sub-132_task-EyeTracking_physio	107	2038.849	2205.527	166.678	1056.382	581.360	0.162	0.058	0.236	0.520
sub-132_task-EyeTracking_physio	107	2230.519	2363.854	133.335	1181.617	513.970	0.084	0.027	0.242	0.245
sub-132_task-EyeTracking_physio	107	2413.868	2863.875	450.007	1461.267	548.607	0.088	0.025	0.222	0.352
sub-132_task-EyeTracking_physio	108	-514.136	-339.120	175.016	1511.745	596.395	0.210	0.051	0.159	0.496
sub-132_task-EyeTracking_physio	108	-305.794	-89.117	216.677	1324.015	686.100	0.078	0.016	0.212	0.175
sub-132_task-EyeTracking_physio	108	-55.781	310.892	366.673	1250.100	690.100	0.073	0.020	0.168	0.325
sub-132_task-EyeTracking_physio	108	327.558	619.236	291.678	1280.960	633.710	0.140	0.084	0.395	0.582
sub-132_task-EyeTracking_physio	108	685.902	935.907	250.005	1349.628	946.632	0.121	0.064	0.396	0.332
sub-132_task-EyeTracking_physio	108	1044.247	1377.583	333.336	898.382	861.160	0.134	0.051	0.361	0.467
sub-132_task-EyeTracking_physio	108	1394.255	1594.255	200.000	1143.245	839.845	0.123	0.046	0.415	0.323
sub-132_task-EyeTracking_physio	108	1652.595	2027.598	375.003	1623.590	929.965	0.080	0.050	0.443	0.425
sub-132_task-EyeTracking_physio	108	2219.264	2344.266	125.002	962.250	831.160	0.119	0.022	0.417	0.107
sub-132_task-EyeTracking_physio	108	2360.933	2560.945	200.012	1018.247	716.592	0.158	0.062	0.389	0.438
sub-132_task-EyeTracking_physio	108	2585.942	2802.611	216.669	984.882	617.140	0.094	0.027	0.255	0.254
sub-132_task-EyeTracking_physio	108	2827.611	3002.618	175.007	973.250	531.355	0.106	0.023	0.218	0.351
sub-132_task-EyeTracking_physio	109	-350.273	558.083	908.356	1279.060	686.395	0.312	0.540	2.864	3.037
sub-132_task-EyeTracking_physio	109	583.088	741.424	158.336	1226.780	716.730	0.183	0.029	0.173	0.321
sub-132_task-EyeTracking_physio	109	758.092	941.429	183.337	1098.265	731.697	0.222	0.090	0.579	0.460
sub-132_task-EyeTracking_physio	109	974.756	1208.092	233.336	932.388	693.950	0.119	0.031	0.224	0.368
sub-132_task-EyeTracking_physio	109	1241.429	1508.111	266.682	875.010	648.562	0.128	0.036	0.178	0.464
sub-132_task-EyeTracking_physio	109	1524.777	1716.438	191.661	1147.655	551.105	0.118	0.037	0.304	0.276
sub-132_task-EyeTracking_physio	109	1766.444	1941.445	175.001	1438.435	566.750	0.089	0.014	0.169	0.199
sub-132_task-EyeTracking_physio	109	1966.454	2366.463	400.009	1579.832	612.785	0.104	0.055	0.296	0.512
sub-132_task-EyeTracking_physio	109	2399.797	2624.802	225.005	1622.120	642.120	0.152	0.046	0.291	0.372
sub-132_task-EyeTracking_physio	109	2649.803	2774.805	125.002	1586.385	833.290	0.198	0.156	0.560	0.587
sub-132_task-EyeTracking_physio	109	2808.144	2949.813	141.669	1514.005	945.880	0.145	0.088	0.320	0.575
sub-132_task-EyeTracking_physio	110	-1028.665	-778.649	250.016	1341.882	909.122	0.067	0.019	0.164	0.233
sub-132_task-EyeTracking_physio	110	-636.990	-311.974	325.016	1244.060	691.625	0.126	0.064	0.233	0.724
sub-132_task-EyeTracking_physio	110	-286.970	296.366	583.336	1296.172	689.450	0.153	0.046	0.285	0.581
sub-132_task-EyeTracking_physio	110	313.042	754.717	441.675	1383.480	678.020	0.103	0.046	0.286	0.465
sub-132_task-EyeTracking_physio	110	813.054	1096.393	283.339	1376.755	954.418	0.084	0.029	0.194	0.380
sub-132_task-EyeTracking_physio	110	1113.060	1279.734	166.674	1467.028	917.298	0.147	0.049	0.278	0.376
sub-132_task-EyeTracking_physio	110	1304.734	1596.409	291.675	1535.760	838.040	0.134	0.043	0.224	0.543
sub-132_task-EyeTracking_physio	110	1621.409	1913.077	291.668	1609.175	741.055	0.109	0.028	0.269	0.329
sub-132_task-EyeTracking_physio	110	2079.752	2379.758	300.006	1001.850	817.180	0.156	0.048	0.540	0.315
sub-132_task-EyeTracking_physio	110	2396.425	2713.097	316.672	1072.688	799.945	0.102	0.018	0.154	0.294
sub-132_task-EyeTracking_physio	110	2729.768	3004.774	275.006	1117.110	794.020	0.102	0.019	0.129	0.287
sub-132_task-EyeTracking_physio	111	-481.569	-373.232	108.337	1113.085	782.440	0.093	0.021	0.137	0.260
sub-132_task-EyeTracking_physio	111	-48.233	376.786	425.019	1305.920	662.020	0.075	0.024	0.210	0.261
sub-132_task-EyeTracking_physio	111	401.785	643.451	241.666	1414.340	680.575	0.113	0.021	0.183	0.400
sub-132_task-EyeTracking_physio	111	660.118	1001.802	341.684	1484.565	688.850	0.087	0.056	0.452	0.302
sub-132_task-EyeTracking_physio	111	1076.801	1218.473	141.672	1406.865	836.995	0.096	0.046	0.262	0.311
sub-132_task-EyeTracking_physio	111	1351.807	1543.480	191.673	1022.725	823.245	0.130	0.051	0.207	0.409
sub-132_task-EyeTracking_physio	111	1576.804	1776.812	200.008	950.100	720.733	0.120	0.037	0.287	0.289
sub-132_task-EyeTracking_physio	111	1793.478	2010.154	216.676	971.702	644.737	0.150	0.029	0.126	0.485
sub-132_task-EyeTracking_physio	111	2035.151	2210.163	175.012	1010.410	576.905	0.068	0.009	0.093	0.182
sub-132_task-EyeTracking_physio	111	2360.165	2860.179	500.014	1667.640	663.335	0.212	0.277	0.886	1.347
sub-132_task-EyeTracking_physio	112	-184.343	349.006	533.349	1274.903	735.827	0.073	0.015	0.202	0.222
sub-132_task-EyeTracking_physio	112	382.339	599.000	216.661	1148.387	729.227	0.140	0.051	0.342	0.461
sub-132_task-EyeTracking_physio	112	615.672	799.015	183.343	1065.045	744.910	0.210	0.062	0.316	0.415
sub-132_task-EyeTracking_physio	112	815.673	1049.014	233.341	965.235	699.492	0.144	0.043	0.321	0.414
sub-132_task-EyeTracking_physio	112	1074.013	1182.349	108.336	1036.040	606.330	0.109	0.017	0.143	0.204
sub-132_task-EyeTracking_physio	112	1207.349	1399.024	191.675	1217.960	578.200	0.083	0.016	0.228	0.194
sub-132_task-EyeTracking_physio	112	1424.024	1799.039	375.015	1395.785	688.420	0.077	0.029	0.239	0.461
sub-132_task-EyeTracking_physio	112	1832.372	2215.717	383.345	1333.372	759.215	0.176	0.078	0.301	0.829
sub-132_task-EyeTracking_physio	112	2232.384	2349.052	116.668	1523.438	764.235	0.236	0.154	0.592	0.514
sub-132_task-EyeTracking_physio	112	2382.385	2790.729	408.344	1599.165	821.320	0.164	0.069	0.435	0.522
sub-132_task-EyeTracking_physio	112	2815.729	3007.393	191.664	1520.855	829.660	0.156	0.036	0.414	0.203
sub-132_task-EyeTracking_physio	113	-2122.005	-1972.010	149.995	1239.767	794.288	0.090	0.022	0.209	0.198
sub-132_task-EyeTracking_physio	113	-1763.669	-1338.652	425.017	1255.680	653.870	0.145	0.037	0.186	0.619
sub-132_task-EyeTracking_physio	113	-1288.653	-1146.984	141.669	1356.950	1404.140	0.916	7.436	1.658	13.616
sub-132_task-EyeTracking_physio	113	-188.623	-71.962	116.661	1279.540	840.582	0.283	0.112	0.263	1.081
sub-132_task-EyeTracking_physio	113	-55.295	353.046	408.341	1283.520	709.575	0.138	0.044	0.220	0.549
sub-132_task-EyeTracking_physio	113	519.724	703.052	183.328	970.008	739.402	0.168	0.072	0.380	0.501
sub-132_task-EyeTracking_physio	113	728.056	919.725	191.669	900.310	666.460	0.109	0.040	0.256	0.314
sub-132_task-EyeTracking_physio	113	928.058	1069.731	141.673	954.440	567.805	0.097	0.033	0.147	0.474
sub-132_task-EyeTracking_physio	113	1103.063	1353.072	250.009	1426.090	542.290	0.120	0.040	0.490	0.256
sub-132_task-EyeTracking_physio	113	1378.080	1603.080	225.000	1507.865	596.575	0.089	0.035	0.295	0.334
sub-132_task-EyeTracking_physio	113	1644.743	1919.758	275.015	1596.635	805.040	0.096	0.045	0.369	0.585
sub-132_task-EyeTracking_physio	113	1986.423	2511.436	525.013	1439.580	936.050	0.116	0.069	0.451	0.576
sub-132_task-EyeTracking_physio	113	2536.435	3003.114	466.679	1383.722	865.648	0.096	0.021	0.177	0.316
sub-132_task-EyeTracking_physio	114	-466.540	-283.202	183.338	1274.555	686.970	0.398	0.211	0.867	1.967
sub-132_task-EyeTracking_physio	114	-66.533	383.478	450.011	1279.738	695.385	0.178	0.095	0.290	0.800
sub-132_task-EyeTracking_physio	114	550.147	666.817	116.670	1794.165	822.895	0.181	0.055	0.440	0.259
sub-132_task-EyeTracking_physio	114	700.155	866.825	166.670	1668.173	773.550	0.187	0.095	0.456	0.462
sub-132_task-EyeTracking_physio	114	891.824	1016.827	125.003	1423.740	581.895	0.141	0.054	0.494	0.226
sub-132_task-EyeTracking_physio	114	1050.161	1233.492	183.331	1142.215	572.087	0.150	0.058	0.620	0.263
sub-132_task-EyeTracking_physio	114	1266.824	1541.839	275.015	1031.655	579.575	0.120	0.034	0.231	0.442
sub-132_task-EyeTracking_physio	114	1575.164	1683.510	108.346	961.310	730.820	0.147	0.086	0.314	0.448
sub-132_task-EyeTracking_physio	114	1708.500	2150.179	441.679	940.755	876.865	0.124	0.088	0.541	0.606
sub-132_task-EyeTracking_physio	114	2166.846	2366.849	200.003	873.745	829.610	0.122	0.037	0.297	0.325
sub-132_task-EyeTracking_physio	114	2400.195	2566.864	166.669	1066.255	763.037	0.115	0.036	0.211	0.286
sub-132_task-EyeTracking_physio	114	2600.197	2816.871	216.674	1212.985	686.520	0.165	0.035	0.261	0.352
sub-132_task-EyeTracking_physio	114	2841.871	3008.541	166.670	1318.432	633.900	0.137	0.041	0.378	0.273
sub-132_task-EyeTracking_physio	115	-1879.019	-1378.996	500.023	1272.693	663.523	0.090	0.023	0.229	0.264
sub-132_task-EyeTracking_physio	115	-1370.664	-1212.324	158.340	1270.785	678.785	0.157	0.022	0.092	0.518
sub-132_task-EyeTracking_physio	115	-1170.658	-1012.321	158.337	1242.340	1234.405	0.811	6.389	0.876	13.213
sub-132_task-EyeTracking_physio	115	-178.970	-78.966	100.004	1247.753	884.592	0.212	0.063	0.156	0.692
sub-132_task-EyeTracking_physio	115	-53.967	79.370	133.337	1293.430	704.260	0.073	0.012	0.129	0.208
sub-132_task-EyeTracking_physio	115	1187.723	1312.736	125.013	1403.105	719.315	0.068	0.016	0.124	0.311
sub-132_task-EyeTracking_physio	115	1429.402	1762.747	333.345	1504.475	731.685	0.186	0.145	0.783	0.735
sub-132_task-EyeTracking_physio	115	1904.413	2479.428	575.015	1524.280	891.055	0.157	0.105	0.450	0.649
sub-132_task-EyeTracking_physio	115	2512.762	2671.099	158.337	1511.035	724.885	0.127	0.026	0.128	0.419
sub-132_task-EyeTracking_physio	115	2712.764	2946.104	233.340	1540.530	604.055	0.069	0.019	0.160	0.274
sub-132_task-EyeTracking_physio	116	-3701.189	-3526.184	175.005	1175.645	587.960	0.062	0.014	0.149	0.166
sub-132_task-EyeTracking_physio	116	-3501.184	-2776.163	725.021	1266.705	677.920	0.140	0.061	0.279	0.717
sub-132_task-EyeTracking_physio	116	-2751.163	-2559.495	191.668	1307.670	647.820	0.163	0.055	0.328	0.391
sub-132_task-EyeTracking_physio	116	-2534.495	-1176.125	1358.370	1264.285	675.335	0.130	0.095	0.570	0.935
sub-132_task-EyeTracking_physio	116	-1159.458	-976.124	183.334	1290.663	692.215	0.148	0.041	0.465	0.259
sub-132_task-EyeTracking_physio	116	-942.785	-742.781	200.004	1244.320	692.438	0.103	0.016	0.119	0.271
sub-132_task-EyeTracking_physio	116	-726.115	415.581	1141.696	1275.110	697.650	0.129	0.055	0.458	0.606
sub-132_task-EyeTracking_physio	116	465.581	565.584	100.003	1538.740	964.695	0.100	0.043	0.221	0.344
sub-132_task-EyeTracking_physio	116	573.917	782.257	208.340	1595.345	910.450	0.143	0.053	0.295	0.398
sub-132_task-EyeTracking_physio	116	807.257	973.926	166.669	1573.932	784.887	0.184	0.050	0.223	0.405
sub-132_task-EyeTracking_physio	116	1007.259	1315.604	308.345	1533.875	605.305	0.078	0.055	0.415	0.340
sub-132_task-EyeTracking_physio	116	1390.602	1607.275	216.673	938.520	654.622	0.097	0.041	0.273	0.367
sub-132_task-EyeTracking_physio	116	1615.600	1807.282	191.682	939.690	670.930	0.080	0.016	0.159	0.205
sub-132_task-EyeTracking_physio	116	1948.951	2098.958	150.007	1065.430	824.658	0.151	0.042	0.134	0.577
sub-132_task-EyeTracking_physio	116	2123.957	2415.627	291.670	1132.170	948.485	0.104	0.027	0.290	0.296
sub-132_task-EyeTracking_physio	116	2540.632	2982.307	441.675	1544.975	953.910	0.151	0.049	0.783	0.261
sub-132_task-EyeTracking_physio	117	-262.200	-3.859	258.341	1262.045	743.840	0.298	0.233	0.971	1.990
sub-132_task-EyeTracking_physio	117	37.813	346.149	308.336	1288.195	708.200	0.126	0.022	0.124	0.447
sub-132_task-EyeTracking_physio	117	371.150	521.157	150.007	1199.517	699.747	0.129	0.022	0.165	0.325
sub-132_task-EyeTracking_physio	117	554.491	762.817	208.326	1095.525	674.940	0.145	0.030	0.226	0.328
sub-132_task-EyeTracking_physio	117	787.818	912.826	125.008	1029.270	610.235	0.105	0.019	0.191	0.241
sub-132_task-EyeTracking_physio	117	929.492	1096.169	166.677	1144.973	544.957	0.102	0.018	0.188	0.226
sub-132_task-EyeTracking_physio	117	1121.169	1312.839	191.670	1340.535	520.295	0.148	0.025	0.494	0.171
sub-132_task-EyeTracking_physio	117	1346.167	1571.179	225.012	1489.790	559.600	0.078	0.029	0.184	0.310
sub-132_task-EyeTracking_physio	117	1596.178	1712.848	116.670	1532.793	644.892	0.105	0.026	0.193	0.318
sub-132_task-EyeTracking_physio	117	1762.851	1954.520	191.669	1346.475	851.910	0.087	0.019	0.217	0.175
sub-132_task-EyeTracking_physio	117	2004.526	2146.195	141.669	1161.560	887.795	0.145	0.177	0.728	0.455
sub-132_task-EyeTracking_physio	117	2179.528	2379.529	200.001	986.400	850.558	0.116	0.030	0.149	0.376
sub-132_task-EyeTracking_physio	117	2412.867	2596.203	183.336	898.548	701.803	0.109	0.039	0.185	0.508
sub-132_task-EyeTracking_physio	117	2629.536	2996.212	366.676	939.075	613.030	0.076	0.036	0.209	0.493
sub-132_task-EyeTracking_physio	118	-2716.960	-2025.269	691.691	1280.985	714.545	0.228	0.084	0.435	1.996
sub-132_task-EyeTracking_physio	118	-2008.604	-1900.266	108.338	1357.385	702.860	0.159	0.062	0.296	0.419
sub-132_task-EyeTracking_physio	118	-1550.255	-41.887	1508.368	1275.885	666.585	0.148	0.135	0.443	1.101
sub-132_task-EyeTracking_physio	118	-16.883	466.459	483.342	1309.678	686.392	0.229	0.087	0.392	0.701
sub-132_task-EyeTracking_physio	118	516.463	858.137	341.674	1347.075	899.155	0.120	0.035	0.222	0.489
sub-132_task-EyeTracking_physio	118	1133.143	1274.810	141.667	1667.245	828.215	0.123	0.046	0.196	0.451
sub-132_task-EyeTracking_physio	118	1299.816	1474.818	175.002	1709.850	714.230	0.149	0.074	0.447	0.424
sub-132_task-EyeTracking_physio	118	1516.485	1724.824	208.339	1563.100	579.085	0.062	0.008	0.137	0.173
sub-132_task-EyeTracking_physio	118	1766.491	1916.494	150.003	1492.202	548.685	0.102	0.036	0.269	0.246
sub-132_task-EyeTracking_physio	118	1949.832	2124.826	174.994	1363.850	535.075	0.068	0.021	0.344	0.151
sub-132_task-EyeTracking_physio	118	2149.825	2358.175	208.350	1170.465	541.965	0.096	0.048	0.385	0.235
sub-132_task-EyeTracking_physio	118	2374.841	2524.836	149.995	1061.003	579.697	0.193	0.136	0.530	0.659
sub-132_task-EyeTracking_physio	118	2558.169	3008.187	450.018	1006.855	859.180	0.138	0.091	0.440	0.682
sub-132_task-EyeTracking_physio	119	-136.312	22.027	158.339	1261.100	720.545	0.107	0.024	0.178	0.290
sub-132_task-EyeTracking_physio	119	47.025	330.367	283.342	1306.722	675.678	0.136	0.043	0.359	0.349
sub-132_task-EyeTracking_physio	119	347.033	538.693	191.660	1356.265	659.280	0.144	0.056	0.442	0.306
sub-132_task-EyeTracking_physio	119	580.371	788.709	208.338	1373.875	1016.485	0.100	0.022	0.245	0.252
sub-132_task-EyeTracking_physio	119	930.377	1180.385	250.008	1054.160	923.715	0.135	0.043	0.450	0.279
sub-132_task-EyeTracking_physio	119	1213.722	1388.726	175.004	951.590	814.010	0.189	0.059	0.298	0.533
sub-132_task-EyeTracking_physio	119	1430.383	1697.056	266.673	1015.330	583.765	0.069	0.022	0.217	0.250
sub-132_task-EyeTracking_physio	119	1713.723	1905.404	191.681	1125.265	540.720	0.094	0.017	0.190	0.219
sub-132_task-EyeTracking_physio	119	1930.404	2047.073	116.669	1463.267	569.550	0.192	0.054	0.441	0.252
sub-132_task-EyeTracking_physio	119	2063.740	2388.748	325.008	1683.130	634.520	0.171	0.184	0.729	1.027
sub-132_task-EyeTracking_physio	119	2422.081	2613.752	191.671	1602.485	859.240	0.122	0.055	0.253	0.491
sub-132_task-EyeTracking_physio	119	2647.089	2897.082	249.993	1477.952	919.933	0.078	0.018	0.259	0.244
sub-132_task-EyeTracking_physio	120	-197.415	260.934	458.349	1277.935	733.930	0.075	0.018	0.190	0.258
sub-132_task-EyeTracking_physio	120	285.934	452.608	166.674	1123.062	709.430	0.160	0.184	0.462	0.951
sub-132_task-EyeTracking_physio	120	494.275	627.602	133.327	1070.757	573.892	0.067	0.012	0.148	0.160
sub-132_task-EyeTracking_physio	120	652.610	877.615	225.005	1231.650	547.570	0.078	0.016	0.311	0.147
sub-132_task-EyeTracking_physio	120	902.615	1202.622	300.007	1439.840	581.612	0.086	0.051	0.330	0.390
sub-132_task-EyeTracking_physio	120	1227.621	1594.297	366.676	1488.660	749.655	0.148	0.097	0.293	0.929
sub-132_task-EyeTracking_physio	120	1610.963	1810.968	200.005	1313.060	756.803	0.120	0.036	0.428	0.178
sub-132_task-EyeTracking_physio	120	1835.968	2010.963	174.995	1126.900	717.205	0.100	0.028	0.266	0.262
sub-132_task-EyeTracking_physio	120	2044.301	2594.313	550.012	1034.258	639.423	0.124	0.043	0.316	0.475
sub-132_task-EyeTracking_physio	120	2627.646	2810.985	183.339	1106.382	638.112	0.121	0.022	0.160	0.321
sub-132_task-EyeTracking_physio	120	2860.994	3002.658	141.664	1112.785	782.930	0.165	0.149	0.633	0.482
sub-132_task-EyeTracking_physio	121	-350.230	-166.894	183.336	992.908	761.092	0.105	0.020	0.138	0.354
sub-132_task-EyeTracking_physio	121	-141.893	341.442	483.335	1267.602	697.043	0.091	0.024	0.321	0.276
sub-132_task-EyeTracking_physio	121	358.117	633.125	275.008	1180.145	679.370	0.126	0.049	0.428	0.387
sub-132_task-EyeTracking_physio	121	649.792	891.460	241.668	1114.270	790.730	0.212	0.173	0.469	1.060
sub-132_task-EyeTracking_physio	121	908.126	1124.804	216.678	1310.505	859.165	0.109	0.030	0.253	0.306
sub-132_task-EyeTracking_physio	121	1158.138	1341.470	183.332	1440.435	813.630	0.143	0.029	0.127	0.433
sub-132_task-EyeTracking_physio	121	1366.477	1491.472	124.995	1500.725	698.655	0.123	0.041	0.234	0.394
sub-132_task-EyeTracking_physio	121	1508.140	1691.484	183.344	1426.037	611.955	0.118	0.056	0.372	0.292
sub-132_task-EyeTracking_physio	121	1849.812	2183.154	333.342	1006.477	617.658	0.086	0.078	0.471	0.520
sub-132_task-EyeTracking_physio	121	2216.495	2508.169	291.674	1170.725	810.910	0.092	0.045	0.247	0.377
sub-132_task-EyeTracking_physio	121	2533.173	2741.498	208.325	1308.815	796.670	0.095	0.021	0.201	0.300
sub-132_task-EyeTracking_physio	121	2774.832	2966.515	191.683	1427.180	763.525	0.125	0.039	0.224	0.388
sub-132_task-EyeTracking_physio	122	-3564.049	-3164.038	400.011	1339.392	625.120	0.069	0.015	0.232	0.196
sub-132_task-EyeTracking_physio	122	-3139.036	-2005.677	1133.359	1269.072	647.283	0.150	0.054	0.276	0.875
sub-132_task-EyeTracking_physio	122	-1980.678	-1789.004	191.674	1304.295	680.585	0.143	0.029	0.137	0.348
sub-132_task-EyeTracking_physio	122	-1764.004	-1038.985	725.019	1245.435	689.890	0.101	0.042	0.385	0.495
sub-132_task-EyeTracking_physio	122	-1013.986	-763.978	250.008	1295.297	702.072	0.088	0.015	0.171	0.299
sub-132_task-EyeTracking_physio	122	-730.644	-522.311	208.333	1251.540	699.745	0.128	0.014	0.126	0.332
sub-132_task-EyeTracking_physio	122	-497.306	-255.634	241.672	1286.195	687.480	0.165	0.032	0.183	0.502
sub-132_task-EyeTracking_physio	122	-230.634	427.716	658.350	1257.325	698.820	0.146	0.035	0.219	0.675
sub-132_task-EyeTracking_physio	122	444.382	669.389	225.007	1264.235	658.530	0.090	0.017	0.141	0.326
sub-132_task-EyeTracking_physio	122	811.057	1077.731	266.674	1579.450	827.678	0.165	0.056	0.310	0.748
sub-132_task-EyeTracking_physio	122	1102.730	1227.733	125.003	1603.490	653.675	0.070	0.024	0.139	0.320
sub-132_task-EyeTracking_physio	122	1261.066	1436.059	174.993	1520.005	548.435	0.131	0.068	0.470	0.352
sub-132_task-EyeTracking_physio	122	1694.400	1919.415	225.015	961.220	599.965	0.140	0.040	0.368	0.297
sub-132_task-EyeTracking_physio	122	1944.414	2111.078	166.664	968.800	632.122	0.117	0.050	0.226	0.592
sub-132_task-EyeTracking_physio	122	2169.420	2427.761	258.341	1016.315	747.820	0.089	0.038	0.318	0.317
sub-132_task-EyeTracking_physio	122	2469.427	3002.773	533.346	941.283	801.197	0.083	0.032	0.270	0.393
sub-132_task-EyeTracking_physio	123	-2852.162	-2743.826	108.336	1130.920	740.975	0.102	0.016	0.113	0.222
sub-132_task-EyeTracking_physio	123	-2727.160	-2585.490	141.670	1274.090	702.035	0.105	0.017	0.211	0.150
sub-132_task-EyeTracking_physio	123	-2118.810	-1877.143	241.667	1260.235	616.325	0.159	0.082	0.386	0.526
sub-132_task-EyeTracking_physio	123	-1852.137	-1652.137	200.000	1302.505	664.027	0.132	0.047	0.185	0.486
sub-132_task-EyeTracking_physio	123	-1627.136	-1327.126	300.010	1264.137	666.555	0.158	0.037	0.277	0.376
sub-132_task-EyeTracking_physio	123	-1302.125	-1060.454	241.671	1300.865	684.740	0.186	0.047	0.238	0.560
sub-132_task-EyeTracking_physio	123	-1043.787	-177.110	866.677	1255.532	709.960	0.142	0.065	0.385	0.775
sub-132_task-EyeTracking_physio	123	-143.771	256.236	400.007	1274.765	707.135	0.142	0.031	0.192	0.544
sub-132_task-EyeTracking_physio	123	272.912	414.573	141.661	1362.575	701.780	0.192	0.132	0.408	0.650
sub-132_task-EyeTracking_physio	123	472.904	656.245	183.341	1484.818	686.087	0.119	0.033	0.210	0.516
sub-132_task-EyeTracking_physio	123	689.579	831.248	141.669	1572.700	652.655	0.140	0.086	0.486	0.468
sub-132_task-EyeTracking_physio	123	931.253	1256.256	325.003	1662.075	552.575	0.083	0.022	0.250	0.196
sub-132_task-EyeTracking_physio	123	1364.593	1489.596	125.003	1567.140	1033.430	0.172	0.117	0.507	0.512
sub-132_task-EyeTracking_physio	123	1506.272	1689.604	183.332	1532.965	927.765	0.142	0.065	0.291	0.479
sub-132_task-EyeTracking_physio	123	1772.936	2214.615	441.679	1292.170	872.285	0.078	0.025	0.228	0.373
sub-132_task-EyeTracking_physio	123	2239.614	2347.952	108.338	1277.150	757.840	0.117	0.031	0.145	0.410
sub-132_task-EyeTracking_physio	123	2381.285	2689.624	308.339	1336.005	601.880	0.074	0.019	0.223	0.205
sub-132_task-EyeTracking_physio	123	2731.296	3006.301	275.005	934.970	646.030	0.119	0.072	0.263	0.673
sub-132_task-EyeTracking_physio	124	-346.593	-121.597	224.996	1104.520	793.230	0.130	0.033	0.190	0.343
sub-132_task-EyeTracking_physio	124	-96.587	503.419	600.006	1272.500	713.245	0.141	0.044	0.199	0.677
sub-132_task-EyeTracking_physio	124	553.418	720.094	166.676	1279.060	783.075	0.131	0.040	0.218	0.368
sub-132_task-EyeTracking_physio	124	853.437	1095.098	241.661	1299.155	855.590	0.110	0.021	0.211	0.337
sub-132_task-EyeTracking_physio	124	1136.776	1261.781	125.005	1413.520	762.725	0.224	0.056	0.221	0.464
sub-132_task-EyeTracking_physio	124	1303.438	1603.452	300.014	1490.805	679.930	0.083	0.032	0.221	0.428
sub-132_task-EyeTracking_physio	124	1670.113	2095.122	425.009	989.850	782.945	0.124	0.038	0.188	0.556
sub-132_task-EyeTracking_physio	124	2120.131	2478.467	358.336	1063.430	785.405	0.110	0.021	0.183	0.333
sub-132_task-EyeTracking_physio	124	2495.132	2670.142	175.010	1014.755	718.620	0.154	0.048	0.410	0.303
sub-132_task-EyeTracking_physio	124	2703.473	2861.808	158.335	1045.560	580.465	0.105	0.023	0.128	0.359
sub-132_task-EyeTracking_physio	124	2886.809	3003.480	116.671	1167.810	559.312	0.099	0.017	0.224	0.128
sub-132_task-EyeTracking_physio	125	-416.133	-207.798	208.335	1314.340	571.490	0.063	0.022	0.178	0.257
sub-132_task-EyeTracking_physio	125	-182.798	417.217	600.015	1300.277	719.400	0.154	0.139	0.285	1.320
sub-132_task-EyeTracking_physio	125	667.224	858.894	191.670	1283.450	784.355	0.080	0.014	0.200	0.201
sub-132_task-EyeTracking_physio	125	883.898	1017.234	133.336	1207.742	710.730	0.243	0.106	0.406	0.491
sub-132_task-EyeTracking_physio	125	1042.234	1417.244	375.010	955.245	658.995	0.172	0.075	0.499	0.581
sub-132_task-EyeTracking_physio	125	1675.583	1942.256	266.673	1032.852	852.050	0.120	0.055	0.345	0.390
sub-132_task-EyeTracking_physio	125	2417.263	2525.601	108.338	1578.540	726.880	0.131	0.033	0.154	0.407
sub-132_task-EyeTracking_physio	125	2558.933	2967.278	408.345	1433.915	759.290	0.082	0.048	0.273	0.418
sub-132_task-EyeTracking_physio	126	-427.364	-227.361	200.003	1524.365	867.345	0.068	0.016	0.167	0.222
sub-132_task-EyeTracking_physio	126	-202.361	-52.351	150.010	1422.660	801.850	0.081	0.044	0.217	0.385
sub-132_task-EyeTracking_physio	126	-27.346	397.654	425.000	1283.450	731.205	0.080	0.017	0.173	0.271
sub-132_task-EyeTracking_physio	126	414.320	514.323	100.003	1051.327	804.067	0.487	0.284	2.280	0.991
sub-132_task-EyeTracking_physio	126	1172.674	1364.342	191.668	1314.565	649.380	0.096	0.032	0.236	0.355
sub-132_task-EyeTracking_physio	126	1389.342	1564.347	175.005	1459.120	638.290	0.114	0.024	0.295	0.226
sub-132_task-EyeTracking_physio	126	1581.022	1939.357	358.335	1576.005	773.330	0.207	0.312	0.791	1.902
sub-132_task-EyeTracking_physio	126	1956.023	2272.697	316.674	1585.207	954.287	0.151	0.047	0.256	0.587
sub-132_task-EyeTracking_physio	126	2297.697	2464.370	166.673	1510.640	883.500	0.091	0.033	0.242	0.235
sub-132_task-EyeTracking_physio	126	2597.704	2931.045	333.341	1059.742	849.467	0.170	0.084	0.647	0.575
sub-132_task-EyeTracking_physio	127	-847.339	-439.005	408.334	1325.015	682.010	0.109	0.028	0.244	0.351
sub-132_task-EyeTracking_physio	127	-413.996	327.688	741.684	1269.370	692.645	0.131	0.089	0.488	0.758
sub-132_task-EyeTracking_physio	127	344.355	511.028	166.673	1345.590	692.545	0.216	0.087	0.384	0.546
sub-132_task-EyeTracking_physio	127	544.363	861.034	316.671	1564.723	729.283	0.208	0.079	0.403	0.640
sub-132_task-EyeTracking_physio	127	886.034	1027.704	141.670	1553.005	651.610	0.080	0.020	0.178	0.219
sub-132_task-EyeTracking_physio	127	1052.709	1402.705	349.996	1445.903	583.283	0.094	0.045	0.403	0.345
sub-132_task-EyeTracking_physio	127	1452.708	1811.055	358.347	1246.745	756.300	0.172	0.084	0.514	0.438
sub-132_task-EyeTracking_physio	127	1827.725	2527.733	700.008	1057.695	733.398	0.111	0.047	0.448	0.359
sub-132_task-EyeTracking_physio	127	2552.733	3002.741	450.008	1130.515	679.490	0.113	0.032	0.209	0.372
sub-132_task-EyeTracking_physio	128	-2251.697	-2143.363	108.334	1136.710	652.390	0.076	0.011	0.147	0.143
sub-132_task-EyeTracking_physio	128	-2126.696	-1576.681	550.015	1290.723	661.062	0.070	0.019	0.230	0.261
sub-132_task-EyeTracking_physio	128	-1560.015	-1243.330	316.685	1253.287	660.223	0.113	0.029	0.435	0.313
sub-132_task-EyeTracking_physio	128	-1218.339	-526.657	691.682	1293.270	664.220	0.143	0.041	0.272	0.524
sub-132_task-EyeTracking_physio	128	-509.981	-309.985	199.996	1249.160	669.082	0.300	0.180	0.656	0.826
sub-132_task-EyeTracking_physio	128	-293.317	448.377	741.694	1295.580	695.860	0.186	0.126	0.930	0.727
sub-132_task-EyeTracking_physio	128	665.045	840.054	175.009	1596.850	692.325	0.144	0.105	0.616	0.458
sub-132_task-EyeTracking_physio	128	873.379	1006.722	133.343	1665.767	647.257	0.109	0.021	0.252	0.157
sub-132_task-EyeTracking_physio	128	1023.388	1190.051	166.663	1500.700	642.513	0.105	0.027	0.368	0.173
sub-132_task-EyeTracking_physio	128	1223.388	1423.389	200.001	1334.487	624.300	0.104	0.020	0.312	0.197
sub-132_task-EyeTracking_physio	128	1473.394	1623.396	150.002	1201.100	629.992	0.070	0.017	0.198	0.145
sub-132_task-EyeTracking_physio	128	1648.395	1865.070	216.675	1094.495	621.943	0.092	0.013	0.207	0.175
sub-132_task-EyeTracking_physio	128	1890.069	2065.071	175.002	1024.890	632.870	0.111	0.030	0.328	0.230
sub-132_task-EyeTracking_physio	128	2106.737	2423.415	316.678	1007.505	856.577	0.130	0.056	0.279	0.495
sub-132_task-EyeTracking_physio	128	2440.081	2556.761	116.680	1175.777	806.607	0.128	0.043	0.357	0.249
sub-132_task-EyeTracking_physio	128	2573.428	2756.765	183.337	1357.247	801.235	0.128	0.050	0.402	0.328
sub-132_task-EyeTracking_physio	128	2781.766	2940.094	158.328	1474.285	753.085	0.124	0.033	0.210	0.364
sub-132_task-EyeTracking_physio	129	-2748.085	-2339.750	408.335	1550.585	681.535	0.121	0.056	0.352	0.518
sub-132_task-EyeTracking_physio	129	-2314.749	-2139.745	175.004	1362.145	666.380	0.120	0.040	0.249	0.325
sub-132_task-EyeTracking_physio	129	-2114.737	-1389.723	725.014	1279.650	664.640	0.123	0.060	0.381	0.624
sub-132_task-EyeTracking_physio	129	-1373.050	-1048.045	325.005	1270.600	700.990	0.142	0.292	0.768	0.695
sub-132_task-EyeTracking_physio	129	-1031.378	-906.375	125.003	1316.210	687.560	0.222	0.075	0.342	0.512
sub-132_task-EyeTracking_physio	129	-889.718	-373.038	516.680	1260.660	705.158	0.164	0.121	0.439	1.011
sub-132_task-EyeTracking_physio	129	-356.371	193.649	550.020	1293.760	685.455	0.208	0.076	0.504	0.666
sub-132_task-EyeTracking_physio	129	210.320	443.645	233.325	1271.733	666.460	0.185	0.070	0.321	0.567
sub-132_task-EyeTracking_physio	129	476.994	626.987	149.993	1162.465	666.628	0.125	0.038	0.237	0.336
sub-132_task-EyeTracking_physio	129	660.329	1060.333	400.004	969.008	689.283	0.134	0.047	0.441	0.436
sub-132_task-EyeTracking_physio	129	1085.331	1243.666	158.335	1053.710	708.315	0.112	0.023	0.180	0.271
sub-132_task-EyeTracking_physio	129	1268.672	1585.343	316.671	1142.618	819.163	0.113	0.042	0.280	0.353
sub-132_task-EyeTracking_physio	129	1760.346	1877.014	116.668	1497.890	607.220	0.091	0.038	0.269	0.206
sub-132_task-EyeTracking_physio	129	1902.020	2277.025	375.005	1653.175	595.865	0.108	0.080	0.512	0.641
sub-132_task-EyeTracking_physio	129	2360.370	2627.043	266.673	1615.157	887.828	0.113	0.064	0.324	0.570
sub-132_task-EyeTracking_physio	129	2660.368	2827.051	166.683	1498.678	867.322	0.095	0.028	0.188	0.287
sub-132_task-EyeTracking_physio	129	2852.042	3010.385	158.343	1381.860	791.975	0.143	0.032	0.192	0.434
sub-132_task-EyeTracking_physio	130	-225.766	399.248	625.014	1261.960	713.955	0.185	0.490	1.742	1.312
sub-132_task-EyeTracking_physio	130	424.252	574.255	150.003	1337.105	687.562	0.088	0.017	0.116	0.271
sub-132_task-EyeTracking_physio	130	599.255	782.591	183.336	1604.020	712.053	0.415	2.533	1.404	2.691
sub-132_task-EyeTracking_physio	130	790.925	1149.268	358.343	1517.585	585.910	0.166	0.056	0.486	0.640
sub-132_task-EyeTracking_physio	130	1190.933	1699.270	508.337	958.690	783.705	0.204	0.152	0.834	0.914
sub-132_task-EyeTracking_physio	130	1715.937	1965.951	250.014	1058.765	712.902	0.169	0.054	0.284	0.541
sub-132_task-EyeTracking_physio	130	1999.290	2182.625	183.335	1103.740	658.420	0.187	0.026	0.139	0.372
sub-132_task-EyeTracking_physio	130	2215.958	2399.290	183.332	1181.918	604.550	0.080	0.012	0.110	0.200
sub-132_task-EyeTracking_physio	130	2424.290	2632.625	208.335	1247.045	553.545	0.068	0.015	0.177	0.214
sub-132_task-EyeTracking_physio	130	2657.640	2882.632	224.992	1183.430	517.365	0.083	0.023	0.227	0.274
sub-132_task-EyeTracking_physio	131	-103.453	363.233	466.686	1269.710	732.215	0.257	0.235	0.632	1.783
sub-132_task-EyeTracking_physio	131	388.224	579.906	191.682	1187.905	734.450	0.112	0.026	0.198	0.296
sub-132_task-EyeTracking_physio	131	604.906	1013.243	408.337	1106.845	824.365	0.134	0.055	0.379	0.453
sub-132_task-EyeTracking_physio	131	1163.244	1346.595	183.351	1473.025	857.753	0.094	0.023	0.250	0.254
sub-132_task-EyeTracking_physio	131	1379.919	1529.930	150.011	1533.395	831.095	0.130	0.036	0.210	0.402
sub-132_task-EyeTracking_physio	131	1563.254	1663.258	100.004	1532.640	651.888	0.066	0.010	0.126	0.140
sub-132_task-EyeTracking_physio	131	1713.257	2013.268	300.011	1560.475	580.877	0.076	0.018	0.166	0.252
sub-132_task-EyeTracking_physio	131	2038.267	2196.603	158.336	1450.870	591.545	0.102	0.047	0.487	0.196
sub-132_task-EyeTracking_physio	131	2263.277	3004.955	741.678	1164.985	592.225	0.064	0.029	0.241	0.340
sub-132_task-EyeTracking_physio	132	-6444.616	-6344.614	100.002	1340.450	749.408	0.288	0.521	1.360	0.906
sub-132_task-EyeTracking_physio	132	-6336.280	-6127.940	208.340	1322.400	724.405	0.122	0.033	0.233	0.451
sub-132_task-EyeTracking_physio	132	-5919.598	-5452.925	466.673	1271.895	668.765	0.170	0.102	0.336	0.897
sub-132_task-EyeTracking_physio	132	-5027.918	-4811.241	216.677	1310.830	666.055	0.188	0.130	0.602	0.508
sub-132_task-EyeTracking_physio	132	-4786.241	-4594.574	191.667	1267.280	672.710	0.101	0.029	0.231	0.283
sub-132_task-EyeTracking_physio	132	-4577.903	-4377.898	200.005	1304.245	653.300	0.183	0.073	0.495	0.429
sub-132_task-EyeTracking_physio	132	-4352.890	-4111.229	241.661	1260.320	662.900	0.120	0.058	0.223	0.557
sub-132_task-EyeTracking_physio	132	-4086.229	-3694.542	391.687	1310.230	673.370	0.112	0.041	0.223	0.469
sub-132_task-EyeTracking_physio	132	-3677.875	-2786.186	891.689	1265.590	702.210	0.304	0.198	0.443	1.359
sub-132_task-EyeTracking_physio	132	-2777.853	-2577.856	199.997	1262.495	739.375	0.230	0.086	0.260	0.699
sub-132_task-EyeTracking_physio	132	-2536.180	-2261.174	275.006	1243.710	717.230	0.197	0.071	0.285	0.830
sub-132_task-EyeTracking_physio	132	-2227.837	-2019.501	208.336	1278.810	716.700	0.221	0.098	0.312	0.697
sub-132_task-EyeTracking_physio	132	-2011.168	-1577.836	433.332	1284.445	739.980	0.086	0.038	0.313	0.427
sub-132_task-EyeTracking_physio	132	-1519.487	-1377.818	141.669	1598.390	1400.450	0.208	0.149	0.473	0.629
sub-132_task-EyeTracking_physio	132	-1352.818	-994.475	358.343	1816.350	1522.350	0.224	0.127	0.486	0.843
sub-132_task-EyeTracking_physio	132	-961.143	-802.807	158.336	1520.390	1536.215	0.249	0.139	0.489	0.664
sub-132_task-EyeTracking_physio	132	-769.478	-144.466	625.012	1300.325	1460.305	0.222	0.123	0.618	1.173
sub-132_task-EyeTracking_physio	132	-86.129	72.207	158.336	1261.160	739.280	0.157	0.049	0.179	0.843
sub-132_task-EyeTracking_physio	132	88.874	447.217	358.343	1277.235	673.420	0.157	0.036	0.168	0.550
sub-132_task-EyeTracking_physio	132	472.218	663.891	191.673	1236.415	663.480	0.076	0.017	0.152	0.363
sub-132_task-EyeTracking_physio	132	813.894	988.897	175.003	1103.080	961.510	0.092	0.021	0.252	0.164
sub-132_task-EyeTracking_physio	132	1013.897	1188.905	175.008	983.780	925.325	0.125	0.044	0.291	0.310
sub-132_task-EyeTracking_physio	132	1222.248	1413.907	191.659	897.015	827.660	0.186	0.042	0.216	0.448
sub-132_task-EyeTracking_physio	132	1447.244	1647.247	200.003	970.883	630.293	0.092	0.042	0.374	0.201
sub-132_task-EyeTracking_physio	132	1680.580	1855.590	175.010	1050.545	595.515	0.072	0.015	0.192	0.163
sub-132_task-EyeTracking_physio	132	1997.257	2397.266	400.009	1618.912	653.467	0.101	0.070	0.375	0.549
sub-132_task-EyeTracking_physio	132	2447.266	2663.947	216.681	1504.010	936.985	0.098	0.038	0.349	0.307
sub-132_task-EyeTracking_physio	132	2697.280	2847.276	149.996	1386.065	888.652	0.261	0.071	0.174	0.690
sub-132_task-EyeTracking_physio	132	2880.609	3005.613	125.004	1262.015	730.375	0.088	0.015	0.202	0.187
sub-132_task-EyeTracking_physio	133	-3066.157	-2541.147	525.010	1246.350	673.095	0.068	0.010	0.162	0.163
sub-132_task-EyeTracking_physio	133	-2499.482	-2257.807	241.675	1288.885	672.775	0.057	0.014	0.260	0.147
sub-132_task-EyeTracking_physio	133	-2224.470	-1991.132	233.338	1255.787	671.410	0.063	0.020	0.213	0.154
sub-132_task-EyeTracking_physio	133	-1974.466	-1607.790	366.676	1287.953	665.970	0.118	0.037	0.703	0.204
sub-132_task-EyeTracking_physio	133	-1582.790	-1057.769	525.021	1254.090	664.205	0.105	0.044	0.276	0.368
sub-132_task-EyeTracking_physio	133	-1032.764	-757.767	274.997	1278.360	658.390	0.164	0.057	0.357	0.496
sub-132_task-EyeTracking_physio	133	-732.767	-141.090	591.677	1241.390	672.850	0.209	0.077	0.418	0.899
sub-132_task-EyeTracking_physio	133	-124.409	375.590	499.999	1277.700	681.188	0.204	0.073	0.458	0.644
sub-132_task-EyeTracking_physio	133	392.257	558.930	166.673	1126.082	724.738	0.189	0.081	0.489	0.394
sub-132_task-EyeTracking_physio	133	600.597	775.599	175.002	1001.060	732.285	0.110	0.025	0.153	0.288
sub-132_task-EyeTracking_physio	133	817.280	942.275	124.995	961.080	659.500	0.064	0.011	0.135	0.132
sub-132_task-EyeTracking_physio	133	975.607	1242.287	266.680	1049.000	592.910	0.082	0.033	0.291	0.340
sub-132_task-EyeTracking_physio	133	1292.287	1725.627	433.340	1224.298	693.197	0.098	0.029	0.317	0.366
sub-132_task-EyeTracking_physio	133	1742.294	1908.970	166.676	1138.940	659.560	0.228	0.173	0.307	0.972
sub-132_task-EyeTracking_physio	133	1942.294	2225.634	283.340	1186.663	594.920	0.087	0.021	0.275	0.197
sub-132_task-EyeTracking_physio	133	2242.314	2408.986	166.672	1421.257	622.513	0.143	0.035	0.508	0.197
sub-132_task-EyeTracking_physio	133	2467.310	2875.660	408.350	1529.245	724.190	0.163	0.044	0.257	0.596
sub-132_task-EyeTracking_physio	133	2892.329	3008.994	116.665	1421.305	700.202	0.182	0.060	0.386	0.297
sub-132_task-EyeTracking_physio	134	-4163.691	-3988.685	175.006	1416.970	716.755	0.156	0.037	0.229	0.377
sub-132_task-EyeTracking_physio	134	-3963.684	-2771.979	1191.705	1273.485	683.675	0.164	0.155	0.594	0.985
sub-132_task-EyeTracking_physio	134	-2738.655	-2305.307	433.348	1245.475	678.820	0.173	0.068	0.272	0.569
sub-132_task-EyeTracking_physio	134	-2271.967	-1780.294	491.673	1278.860	680.625	0.185	0.047	0.344	0.564
sub-132_task-EyeTracking_physio	134	-1763.627	-1421.949	341.678	1257.710	673.690	0.135	0.060	0.464	0.381
sub-132_task-EyeTracking_physio	134	-1380.292	-688.604	691.688	1288.635	669.880	0.085	0.030	0.345	0.303
sub-132_task-EyeTracking_physio	134	-655.263	-480.261	175.002	1251.395	669.720	0.080	0.013	0.137	0.200
sub-132_task-EyeTracking_physio	134	-463.603	-105.251	358.352	1283.325	677.460	0.155	0.057	0.848	0.373
sub-132_task-EyeTracking_physio	134	-80.260	344.758	425.018	1278.965	702.465	0.100	0.049	0.447	0.343
sub-132_task-EyeTracking_physio	134	386.419	511.429	125.010	1213.415	720.930	0.106	0.027	0.150	0.388
sub-132_task-EyeTracking_physio	134	569.762	711.432	141.670	1038.105	697.420	0.081	0.018	0.183	0.262
sub-132_task-EyeTracking_physio	134	761.429	1086.440	325.011	927.145	677.800	0.072	0.018	0.120	0.312
sub-132_task-EyeTracking_physio	134	1144.781	1328.116	183.335	1008.190	905.597	0.172	0.046	0.235	0.422
sub-132_task-EyeTracking_physio	134	1461.445	1744.796	283.351	1520.500	864.918	0.109	0.043	0.324	0.430
sub-132_task-EyeTracking_physio	134	1786.462	1961.466	175.004	1516.325	777.655	0.124	0.036	0.336	0.375
sub-132_task-EyeTracking_physio	134	1978.133	2144.793	166.660	1474.285	633.043	0.144	0.041	0.417	0.228
sub-132_task-EyeTracking_physio	134	2161.459	2403.132	241.673	1369.130	597.410	0.153	0.065	0.549	0.422
sub-132_task-EyeTracking_physio	134	2486.470	2786.485	300.015	1241.070	896.815	0.177	0.116	0.529	0.557
sub-132_task-EyeTracking_physio	134	2811.485	3003.149	191.664	1157.275	820.210	0.111	0.037	0.214	0.424
sub-132_task-EyeTracking_physio	135	-883.506	-658.499	225.007	1174.105	767.550	0.087	0.011	0.131	0.241
sub-132_task-EyeTracking_physio	135	-641.832	458.187	1100.019	1275.840	705.628	0.173	0.175	0.573	0.874
sub-132_task-EyeTracking_physio	135	508.186	724.861	216.675	1277.515	870.035	0.109	0.029	0.206	0.256
sub-132_task-EyeTracking_physio	135	866.537	1041.535	174.998	963.775	697.235	0.134	0.035	0.278	0.283
sub-132_task-EyeTracking_physio	135	1066.534	1299.872	233.338	932.845	603.360	0.100	0.026	0.252	0.291
sub-132_task-EyeTracking_physio	135	1333.205	1483.218	150.013	942.710	556.523	0.072	0.010	0.139	0.115
sub-132_task-EyeTracking_physio	135	1674.883	2041.559	366.676	1544.023	620.955	0.082	0.020	0.163	0.223
sub-132_task-EyeTracking_physio	135	2066.558	2491.566	425.008	1477.690	695.995	0.140	0.071	0.302	0.897
sub-132_task-EyeTracking_physio	135	2516.567	2674.908	158.341	1513.860	610.770	0.111	0.023	0.156	0.336
sub-132_task-EyeTracking_physio	135	2708.250	3008.258	300.008	1577.227	557.555	0.072	0.020	0.156	0.274
sub-132_task-EyeTracking_physio	136	-1137.019	-553.665	583.354	1278.210	663.163	0.176	0.242	0.868	1.891
sub-132_task-EyeTracking_physio	136	-220.319	-86.992	133.327	1363.602	758.950	0.195	0.152	0.513	0.728
sub-132_task-EyeTracking_physio	136	-53.658	279.694	333.352	1271.968	671.695	0.128	0.031	0.215	0.475
sub-132_task-EyeTracking_physio	136	296.361	513.034	216.673	1234.950	658.510	0.163	0.110	0.633	0.563
sub-132_task-EyeTracking_physio	136	546.367	729.703	183.336	1117.475	711.023	0.126	0.055	0.364	0.460
sub-132_task-EyeTracking_physio	136	746.365	1196.384	450.019	1011.005	785.790	0.174	0.095	0.553	0.669
sub-132_task-EyeTracking_physio	136	1338.054	1763.063	425.009	1479.265	857.470	0.169	0.069	0.814	0.365
sub-132_task-EyeTracking_physio	136	1796.400	2296.399	499.999	1316.160	885.350	0.081	0.036	0.356	0.315
sub-132_task-EyeTracking_physio	136	2446.417	2846.428	400.011	1565.535	745.145	0.185	0.117	0.597	0.760
sub-132_task-EyeTracking_physio	136	2871.427	3004.747	133.320	1464.760	635.830	0.128	0.043	0.225	0.312
sub-132_task-EyeTracking_physio	137	-4751.723	-4643.377	108.346	1339.240	565.510	0.048	0.007	0.085	0.106
sub-132_task-EyeTracking_physio	137	-4618.386	-4126.698	491.688	1237.515	650.105	0.150	0.048	0.233	0.783
sub-132_task-EyeTracking_physio	137	-4093.365	-3668.360	425.005	1301.135	662.060	0.135	0.032	0.171	0.404
sub-132_task-EyeTracking_physio	137	-3635.018	-3093.338	541.680	1255.155	680.535	0.100	0.026	0.228	0.364
sub-132_task-EyeTracking_physio	137	-3060.006	-2843.342	216.664	1307.630	694.908	0.081	0.022	0.202	0.228
sub-132_task-EyeTracking_physio	137	-2801.676	-2276.664	525.012	1278.305	701.810	0.082	0.044	0.371	0.266
sub-132_task-EyeTracking_physio	137	-2159.990	-1143.300	1016.690	1292.620	715.372	0.085	0.035	0.293	0.441
sub-132_task-EyeTracking_physio	137	-1126.633	-926.617	200.016	1268.588	698.942	0.117	0.041	0.252	0.427
sub-132_task-EyeTracking_physio	137	-876.627	-259.943	616.684	1252.295	713.590	0.132	0.110	0.846	0.503
sub-132_task-EyeTracking_physio	137	-234.944	290.068	525.012	1280.195	706.285	0.098	0.029	0.200	0.423
sub-132_task-EyeTracking_physio	137	331.735	481.739	150.004	1293.108	749.775	0.105	0.033	0.260	0.281
sub-132_task-EyeTracking_physio	137	665.080	940.086	275.006	969.625	737.080	0.158	0.045	0.342	0.329
sub-132_task-EyeTracking_physio	137	965.086	1073.422	108.336	1065.150	661.525	0.167	0.046	0.194	0.399
sub-132_task-EyeTracking_physio	137	1173.427	1340.096	166.669	1251.325	536.267	0.073	0.016	0.193	0.204
sub-132_task-EyeTracking_physio	137	1356.762	1523.430	166.668	1440.615	561.938	0.106	0.043	0.330	0.249
sub-132_task-EyeTracking_physio	137	1556.767	1756.772	200.005	1599.352	657.975	0.136	0.060	0.303	0.585
sub-132_task-EyeTracking_physio	137	1781.772	2140.115	358.343	1586.330	811.415	0.113	0.105	0.415	0.722
sub-132_task-EyeTracking_physio	137	2165.115	2340.122	175.007	1399.140	842.110	0.107	0.031	0.463	0.227
sub-132_task-EyeTracking_physio	137	2373.455	2540.122	166.667	1240.925	808.420	0.129	0.037	0.425	0.202
sub-132_task-EyeTracking_physio	137	2556.788	2823.465	266.677	1089.612	757.548	0.159	0.057	0.630	0.289
sub-132_task-EyeTracking_physio	137	2840.132	3023.471	183.339	1062.713	727.565	0.133	0.064	0.391	0.387
sub-132_task-EyeTracking_physio	138	-5358.597	-4558.577	800.020	1310.858	654.847	0.155	0.100	0.522	0.932
sub-132_task-EyeTracking_physio	138	-4533.578	-4041.897	491.681	1259.555	652.025	0.157	0.041	0.277	0.419
sub-132_task-EyeTracking_physio	138	-4008.556	-3808.557	199.999	1294.077	663.888	0.219	0.052	0.232	0.572
sub-132_task-EyeTracking_physio	138	-3783.557	-2491.859	1291.698	1271.520	655.240	0.179	0.129	0.538	0.804
sub-132_task-EyeTracking_physio	138	-2475.193	-2308.524	166.669	1251.600	681.125	0.188	0.088	0.506	0.411
sub-132_task-EyeTracking_physio	138	-2291.843	-2091.850	199.993	1299.312	677.077	0.210	0.106	0.638	0.432
sub-132_task-EyeTracking_physio	138	-2075.183	-1650.177	425.006	1276.370	669.990	0.106	0.045	0.313	0.611
sub-132_task-EyeTracking_physio	138	-1608.503	-1458.499	150.004	1312.870	671.753	0.153	0.030	0.154	0.435
sub-132_task-EyeTracking_physio	138	-1416.834	-791.811	625.023	1287.500	661.120	0.113	0.034	0.213	0.457
sub-132_task-EyeTracking_physio	138	-758.478	-316.793	441.685	1253.795	666.590	0.121	0.029	0.152	0.546
sub-132_task-EyeTracking_physio	138	-241.794	408.219	650.013	1295.793	699.903	0.183	0.202	0.736	1.044
sub-132_task-EyeTracking_physio	138	433.218	591.550	158.332	1222.935	776.780	0.142	0.090	0.396	0.420
sub-132_task-EyeTracking_physio	138	758.220	958.223	200.003	896.210	656.143	0.129	0.029	0.188	0.318
sub-132_task-EyeTracking_physio	138	974.889	1258.232	283.343	890.865	582.540	0.113	0.061	0.256	0.655
sub-132_task-EyeTracking_physio	138	1316.573	1441.578	125.005	1057.275	1029.055	0.287	0.348	0.717	1.290
sub-132_task-EyeTracking_physio	138	1458.244	1624.903	166.659	1117.107	892.342	0.118	0.042	0.360	0.273
sub-132_task-EyeTracking_physio	138	1649.912	1758.251	108.339	1491.565	829.765	0.242	0.072	0.501	0.323
sub-132_task-EyeTracking_physio	138	1808.245	2108.252	300.007	1624.138	783.447	0.114	0.037	0.192	0.360
sub-132_task-EyeTracking_physio	138	2124.918	2258.255	133.337	1562.965	667.743	0.146	0.057	0.289	0.397
sub-132_task-EyeTracking_physio	138	2283.253	2458.261	175.008	1451.185	525.240	0.073	0.024	0.209	0.212
sub-132_task-EyeTracking_physio	138	2508.261	2841.605	333.344	1308.550	521.683	0.067	0.015	0.243	0.162
sub-132_task-EyeTracking_physio	138	2858.271	3008.265	149.994	1250.565	519.922	0.140	0.026	0.419	0.151
sub-132_task-EyeTracking_physio	139	-428.026	-319.694	108.332	1269.890	578.615	0.321	0.697	1.527	2.481
sub-132_task-EyeTracking_physio	139	-278.026	-103.013	175.013	1295.900	807.385	0.262	0.182	0.630	0.633
sub-132_task-EyeTracking_physio	139	-86.346	163.660	250.006	1303.775	725.300	0.200	0.067	0.257	0.974
sub-132_task-EyeTracking_physio	139	180.327	496.995	316.668	1262.707	677.393	0.183	0.075	0.332	0.711
sub-132_task-EyeTracking_physio	139	638.666	897.007	258.341	885.515	634.150	0.117	0.026	0.378	0.197
sub-132_task-EyeTracking_physio	139	922.006	1280.348	358.342	900.355	556.845	0.134	0.050	0.576	0.374
sub-132_task-EyeTracking_physio	139	1313.681	1555.361	241.680	922.485	828.775	0.140	0.084	0.208	0.763
sub-132_task-EyeTracking_physio	139	1663.690	1847.025	183.335	1478.378	809.862	0.124	0.033	0.217	0.289
sub-132_task-EyeTracking_physio	139	1872.025	2055.366	183.341	1611.197	739.977	0.172	0.049	0.367	0.340
sub-132_task-EyeTracking_physio	139	2080.374	2330.375	250.001	1609.323	621.135	0.092	0.025	0.207	0.294
sub-132_task-EyeTracking_physio	139	2355.375	2530.376	175.001	1531.860	571.665	0.074	0.016	0.155	0.198
sub-132_task-EyeTracking_physio	139	2547.043	2913.719	366.676	1339.508	541.075	0.097	0.044	0.388	0.348
sub-132_task-EyeTracking_physio	140	-8028.805	-7145.452	883.353	1258.140	670.590	0.108	0.050	0.355	0.349
sub-132_task-EyeTracking_physio	140	-7112.118	-6928.781	183.337	1297.510	653.515	0.067	0.015	0.153	0.185
sub-132_task-EyeTracking_physio	140	-6895.444	-6512.098	383.346	1254.807	656.230	0.115	0.025	0.218	0.382
sub-132_task-EyeTracking_physio	140	-6495.435	-6345.432	150.003	1297.885	665.875	0.295	0.197	0.801	0.513
sub-132_task-EyeTracking_physio	140	-6320.432	-6103.759	216.673	1267.788	685.803	0.256	0.149	0.657	0.701
sub-132_task-EyeTracking_physio	140	-5887.082	-5703.743	183.339	1270.970	679.418	0.203	0.181	0.360	1.053
sub-132_task-EyeTracking_physio	140	-5687.077	-5545.404	141.673	1298.385	660.550	0.081	0.025	0.161	0.277
sub-132_task-EyeTracking_physio	140	-5512.070	-4495.387	1016.683	1270.467	679.120	0.073	0.062	0.341	0.565
sub-132_task-EyeTracking_physio	140	-4020.370	-3870.375	149.995	1311.645	690.483	0.152	0.137	0.627	0.504
sub-132_task-EyeTracking_physio	140	-3853.708	-3487.021	366.687	1313.175	727.865	0.514	0.780	1.319	1.511
sub-132_task-EyeTracking_physio	140	-3120.349	-2937.009	183.340	2515.090	879.245	2.660	26.631	10.121	5.474
sub-132_task-EyeTracking_physio	140	-2862.018	-2562.008	300.010	2972.773	909.122	5.302	42.573	19.931	4.950
sub-132_task-EyeTracking_physio	140	-2528.674	-2337.006	191.668	2759.670	1044.220	0.144	0.069	0.517	0.337
sub-132_task-EyeTracking_physio	140	-2237.001	-1853.659	383.342	1318.092	685.962	0.104	0.149	0.605	0.769
sub-132_task-EyeTracking_physio	140	-1820.327	-1120.307	700.020	1272.508	678.773	0.077	0.033	0.281	0.396
sub-132_task-EyeTracking_physio	140	-1095.307	-870.294	225.013	1290.330	669.120	0.109	0.032	0.157	0.518
sub-132_task-EyeTracking_physio	140	-853.627	-545.287	308.340	1255.030	678.630	0.227	0.096	0.397	0.762
sub-132_task-EyeTracking_physio	140	-495.297	-311.958	183.339	1299.668	692.300	0.186	0.037	0.147	0.568
sub-132_task-EyeTracking_physio	140	-295.282	446.393	741.675	1275.140	697.680	0.155	0.123	0.775	0.795
sub-132_task-EyeTracking_physio	140	471.393	938.072	466.679	1274.875	881.533	0.117	0.038	0.311	0.435
sub-132_task-EyeTracking_physio	140	971.408	1079.739	108.331	1367.910	896.735	0.069	0.016	0.131	0.163
sub-132_task-EyeTracking_physio	140	1121.412	1296.423	175.011	1475.565	893.940	0.104	0.056	0.331	0.408
sub-132_task-EyeTracking_physio	140	1338.080	1588.085	250.005	1570.463	888.783	0.098	0.024	0.223	0.245
sub-132_task-EyeTracking_physio	140	1613.085	1804.761	191.676	1521.545	798.825	0.136	0.037	0.233	0.402
sub-132_task-EyeTracking_physio	140	1963.096	2188.112	225.016	1267.140	556.540	0.075	0.023	0.261	0.197
sub-132_task-EyeTracking_physio	140	2213.112	2388.114	175.002	1127.580	554.100	0.094	0.025	0.304	0.186
sub-132_task-EyeTracking_physio	140	2413.110	2621.453	208.343	985.080	583.735	0.160	0.094	0.478	0.572
sub-132_task-EyeTracking_physio	140	2771.458	3004.787	233.329	1297.923	1012.842	0.196	0.243	0.960	0.775
sub-132_task-EyeTracking_physio	141	-3784.229	-3625.898	158.331	1425.785	916.535	0.104	0.031	0.147	0.391
sub-132_task-EyeTracking_physio	141	-3592.564	-3442.558	150.006	1309.168	706.925	0.198	0.073	0.274	0.626
sub-132_task-EyeTracking_physio	141	-3417.551	-3042.548	375.003	1261.120	637.030	0.086	0.028	0.180	0.426
sub-132_task-EyeTracking_physio	141	-3017.544	-2900.879	116.665	1317.415	622.942	0.179	0.059	0.540	0.211
sub-132_task-EyeTracking_physio	141	-2892.539	-2375.864	516.675	1295.395	643.337	0.104	0.126	0.646	0.623
sub-132_task-EyeTracking_physio	141	-2342.527	-2192.524	150.003	1260.545	651.623	0.102	0.018	0.228	0.169
sub-132_task-EyeTracking_physio	141	-2142.525	-2025.855	116.670	1295.533	643.382	0.113	0.043	0.166	0.356
sub-132_task-EyeTracking_physio	141	-2009.198	-584.155	1425.043	1269.625	663.260	0.120	0.120	0.398	1.101
sub-132_task-EyeTracking_physio	141	-425.818	-192.480	233.338	1297.285	707.012	0.203	0.091	0.713	0.590
sub-132_task-EyeTracking_physio	141	-167.480	374.198	541.678	1255.660	709.950	0.100	0.040	0.333	0.413
sub-132_task-EyeTracking_physio	141	415.869	540.873	125.004	1205.560	916.895	0.126	0.041	0.338	0.315
sub-132_task-EyeTracking_physio	141	565.872	724.208	158.336	1288.980	918.790	0.076	0.021	0.210	0.229
sub-132_task-EyeTracking_physio	141	774.210	940.882	166.672	1563.423	853.230	0.114	0.046	0.223	0.517
sub-132_task-EyeTracking_physio	141	990.882	1157.550	166.668	1630.477	758.800	0.135	0.046	0.283	0.400
sub-132_task-EyeTracking_physio	141	1199.220	1357.549	158.329	1508.830	591.060	0.081	0.034	0.311	0.228
sub-132_task-EyeTracking_physio	141	1415.890	1957.573	541.683	903.270	843.565	0.169	0.099	0.416	1.000
sub-132_task-EyeTracking_physio	141	1990.897	2157.576	166.679	873.105	887.792	0.133	0.031	0.222	0.300
sub-132_task-EyeTracking_physio	141	2182.574	2357.573	174.999	1070.390	878.525	0.163	0.050	0.437	0.317
sub-132_task-EyeTracking_physio	141	2407.574	2690.920	283.346	1220.997	854.965	0.068	0.026	0.191	0.412
sub-132_task-EyeTracking_physio	141	2724.253	2982.594	258.341	1316.740	804.245	0.091	0.018	0.168	0.212
sub-132_task-EyeTracking_physio	142	-2396.964	-2155.299	241.665	1257.655	678.150	0.086	0.022	0.125	0.434
sub-132_task-EyeTracking_physio	142	-2130.299	-1771.948	358.351	1174.700	618.120	0.069	0.022	0.216	0.266
sub-132_task-EyeTracking_physio	142	-1746.948	-1396.940	350.008	1261.030	620.600	0.123	0.023	0.204	0.433
sub-132_task-EyeTracking_physio	142	-1096.933	-971.930	125.003	1307.935	585.005	0.287	0.218	0.379	1.397
sub-132_task-EyeTracking_physio	142	-938.597	-588.590	350.007	1179.133	520.665	0.073	0.031	0.324	0.287
sub-132_task-EyeTracking_physio	142	-563.590	-113.575	450.015	1262.325	619.003	0.099	0.032	0.281	0.337
sub-132_task-EyeTracking_physio	142	-88.575	386.434	475.009	1306.570	717.040	0.132	0.053	0.267	0.632
sub-132_task-EyeTracking_physio	142	411.437	703.103	291.666	1173.725	769.135	0.249	0.735	1.507	1.367
sub-132_task-EyeTracking_physio	142	744.769	1011.452	266.683	1670.630	806.622	0.177	0.063	0.342	0.533
sub-132_task-EyeTracking_physio	142	1028.118	1186.459	158.341	1641.265	727.040	0.110	0.024	0.230	0.224
sub-132_task-EyeTracking_physio	142	1319.794	1544.788	224.994	1507.510	519.200	0.121	0.041	0.281	0.436
sub-132_task-EyeTracking_physio	142	1569.788	1786.460	216.672	1260.932	515.470	0.105	0.025	0.360	0.229
sub-132_task-EyeTracking_physio	142	1811.460	1919.796	108.336	1046.900	556.780	0.113	0.026	0.182	0.246
sub-132_task-EyeTracking_physio	142	1953.129	2286.473	333.344	987.153	721.438	0.168	0.258	0.632	1.600
sub-132_task-EyeTracking_physio	142	2311.473	2536.488	225.015	1065.960	802.800	0.141	0.085	0.248	0.807
sub-132_task-EyeTracking_physio	142	2569.821	2961.497	391.676	1275.045	786.465	0.091	0.051	0.319	0.540
sub-132_task-EyeTracking_physio	143	-1484.015	-1175.673	308.342	1273.755	678.620	0.148	0.060	0.243	0.641
sub-132_task-EyeTracking_physio	143	-1159.006	-658.991	500.015	1404.210	678.195	0.242	0.446	1.463	1.264
sub-132_task-EyeTracking_physio	143	-600.659	-458.991	141.668	1967.250	804.725	2.024	14.180	6.678	4.597
sub-132_task-EyeTracking_physio	143	-408.987	-242.316	166.671	1336.495	708.250	0.203	0.102	0.371	0.778
sub-132_task-EyeTracking_physio	143	-217.317	341.026	558.343	1275.625	686.870	0.167	0.051	0.404	0.656
sub-132_task-EyeTracking_physio	143	374.360	832.707	458.347	1315.980	683.025	0.069	0.020	0.149	0.371
sub-132_task-EyeTracking_physio	143	882.697	1107.710	225.013	1206.930	853.680	0.221	0.046	0.149	0.619
sub-132_task-EyeTracking_physio	143	1257.711	1441.054	183.343	974.648	649.345	0.085	0.055	0.192	0.508
sub-132_task-EyeTracking_physio	143	1482.712	1707.719	225.007	929.195	610.145	0.099	0.023	0.224	0.274
sub-132_task-EyeTracking_physio	143	1724.385	1991.064	266.679	930.753	655.250	0.080	0.036	0.196	0.404
sub-132_task-EyeTracking_physio	143	2049.398	2499.410	450.012	1563.495	726.487	0.115	0.061	0.316	0.674
sub-132_task-EyeTracking_physio	143	2566.076	2782.749	216.673	1446.207	957.785	0.123	0.081	0.377	0.659
sub-132_task-EyeTracking_physio	143	2807.750	3007.760	200.010	1407.970	868.990	0.090	0.035	0.108	0.553
sub-132_task-EyeTracking_physio	144	-1446.050	-1004.378	441.672	1373.810	678.595	0.105	0.030	0.268	0.237
sub-132_task-EyeTracking_physio	144	-987.703	-537.703	450.000	1288.793	668.913	0.111	0.053	0.314	0.579
sub-132_task-EyeTracking_physio	144	-462.699	-87.681	375.018	1288.730	783.815	0.254	0.295	0.994	1.195
sub-132_task-EyeTracking_physio	144	-62.681	295.661	358.342	1267.900	681.525	0.138	0.045	0.164	0.653
sub-132_task-EyeTracking_physio	144	320.660	562.327	241.667	1277.925	635.685	0.057	0.021	0.226	0.172
sub-132_task-EyeTracking_physio	144	578.993	778.992	199.999	1212.977	586.392	0.109	0.020	0.310	0.229
sub-132_task-EyeTracking_physio	144	812.326	1029.001	216.675	1203.253	564.452	0.078	0.021	0.148	0.356
sub-132_task-EyeTracking_physio	144	1062.343	1595.689	533.346	1202.065	866.260	0.582	1.075	0.829	6.280
sub-132_task-EyeTracking_physio	144	1629.024	1929.024	300.000	1138.880	731.768	0.175	0.047	0.221	0.543
sub-132_task-EyeTracking_physio	144	1979.031	2129.039	150.008	1015.192	663.288	0.081	0.013	0.174	0.170
sub-132_task-EyeTracking_physio	144	2179.029	2395.712	216.683	893.460	650.445	0.084	0.032	0.294	0.280
sub-132_task-EyeTracking_physio	144	2412.378	2862.387	450.009	925.415	699.200	0.131	0.072	0.278	0.829
sub-132_task-EyeTracking_physio	144	2904.045	3004.046	100.001	1601.135	728.422	0.288	0.108	0.787	0.243
sub-132_task-EyeTracking_physio	145	-3601.493	-3193.144	408.349	1593.520	748.100	0.140	0.032	0.170	0.420
sub-132_task-EyeTracking_physio	145	-3159.811	-2976.469	183.342	1374.730	677.717	0.157	0.061	0.340	0.393
sub-132_task-EyeTracking_physio	145	-2959.804	-2759.801	200.003	1264.087	680.253	0.165	0.051	0.293	0.511
sub-132_task-EyeTracking_physio	145	-1976.449	-1718.118	258.331	1309.890	647.375	0.198	0.074	0.454	0.446
sub-132_task-EyeTracking_physio	145	-1701.452	-1293.108	408.344	1231.490	655.045	0.175	0.083	0.530	0.607
sub-132_task-EyeTracking_physio	145	-1259.772	-984.755	275.017	1278.465	655.360	0.146	0.049	0.226	0.666
sub-132_task-EyeTracking_physio	145	-968.089	-618.078	350.011	1172.068	713.258	0.193	0.069	0.565	0.597
sub-132_task-EyeTracking_physio	145	-601.412	56.938	658.350	1250.215	708.290	0.160	0.094	0.490	0.748
sub-132_task-EyeTracking_physio	145	81.937	298.612	216.675	1261.995	670.945	0.129	0.018	0.108	0.468
sub-132_task-EyeTracking_physio	145	340.268	515.271	175.003	1252.305	633.380	0.071	0.005	0.065	0.178
sub-132_task-EyeTracking_physio	145	540.280	748.619	208.339	1315.520	601.490	0.072	0.008	0.135	0.102
sub-132_task-EyeTracking_physio	145	773.618	1073.621	300.003	1420.562	659.463	0.070	0.041	0.208	0.500
sub-132_task-EyeTracking_physio	145	1156.961	1398.637	241.676	1359.335	882.635	0.110	0.046	0.338	0.711
sub-132_task-EyeTracking_physio	145	1431.961	1598.644	166.683	1132.057	867.178	0.110	0.046	0.223	0.502
sub-132_task-EyeTracking_physio	145	1623.642	1931.982	308.340	1000.065	743.460	0.154	0.046	0.320	0.400
sub-132_task-EyeTracking_physio	145	1940.316	2056.977	116.661	1075.212	713.480	0.171	0.053	0.338	0.319
sub-132_task-EyeTracking_physio	145	2090.311	2298.651	208.340	1003.830	614.560	0.085	0.016	0.157	0.260
sub-132_task-EyeTracking_physio	145	2340.325	2815.339	475.014	922.240	568.900	0.071	0.046	0.233	0.494
sub-132_task-EyeTracking_physio	145	2840.339	3007.010	166.671	1084.543	737.975	0.218	0.190	0.682	0.745
sub-132_task-EyeTracking_physio	146	-579.401	-304.397	275.004	1095.070	735.265	0.161	0.030	0.150	0.554
sub-132_task-EyeTracking_physio	146	-287.739	328.956	616.695	1261.325	702.477	0.142	0.032	0.245	0.478
sub-132_task-EyeTracking_physio	146	345.621	595.628	250.007	1347.432	685.110	0.192	0.104	0.523	0.705
sub-132_task-EyeTracking_physio	146	612.293	903.964	291.671	1289.245	857.080	0.142	0.044	0.317	0.373
sub-132_task-EyeTracking_physio	146	953.970	1128.973	175.003	949.375	663.890	0.143	0.045	0.263	0.432
sub-132_task-EyeTracking_physio	146	1162.306	1478.971	316.665	941.760	597.365	0.082	0.022	0.252	0.271
sub-132_task-EyeTracking_physio	146	1512.313	1703.984	191.671	1378.020	586.195	0.094	0.039	0.414	0.254
sub-132_task-EyeTracking_physio	146	1745.658	1945.659	200.001	1486.390	608.320	0.064	0.016	0.149	0.234
sub-132_task-EyeTracking_physio	146	1987.317	2262.328	275.011	1610.035	639.160	0.077	0.024	0.253	0.261
sub-132_task-EyeTracking_physio	146	2345.668	2629.007	283.339	1513.747	888.135	0.081	0.034	0.166	0.432
sub-132_task-EyeTracking_physio	146	2662.345	2845.671	183.326	1299.630	836.398	0.108	0.027	0.286	0.232
sub-132_task-EyeTracking_physio	146	2870.670	3004.027	133.357	1165.105	807.062	0.148	0.035	0.254	0.384
sub-132_task-EyeTracking_physio	147	-3701.624	-3593.285	108.339	1030.065	773.485	0.122	0.035	0.153	0.327
sub-132_task-EyeTracking_physio	147	-3568.286	-2976.605	591.681	1299.420	692.105	0.141	0.109	0.492	0.971
sub-132_task-EyeTracking_physio	147	-2943.278	-2826.601	116.677	1250.775	704.705	0.242	0.111	0.633	0.523
sub-132_task-EyeTracking_physio	147	-2568.269	-2293.255	275.014	1229.395	642.230	0.111	0.036	0.226	0.351
sub-132_task-EyeTracking_physio	147	-2259.922	-1776.574	483.348	1281.425	653.038	0.066	0.022	0.193	0.303
sub-132_task-EyeTracking_physio	147	-1743.240	-959.897	783.343	1251.378	670.537	0.073	0.018	0.227	0.300
sub-132_task-EyeTracking_physio	147	-943.230	-743.219	200.011	1305.503	674.227	0.170	0.055	0.610	0.275
sub-132_task-EyeTracking_physio	147	-709.882	-51.539	658.343	1268.040	682.960	0.077	0.024	0.210	0.417
sub-132_task-EyeTracking_physio	147	6.793	281.808	275.015	1291.140	676.890	0.108	0.022	0.175	0.305
sub-132_task-EyeTracking_physio	147	290.141	465.149	175.008	1291.280	706.010	0.085	0.033	0.123	0.471
sub-132_task-EyeTracking_physio	147	498.481	640.150	141.669	1292.625	778.295	0.112	0.020	0.089	0.393
sub-132_task-EyeTracking_physio	147	798.489	990.153	191.664	1640.130	749.575	0.081	0.020	0.264	0.179
sub-132_task-EyeTracking_physio	147	1023.486	1173.488	150.002	1678.682	675.980	0.091	0.026	0.158	0.305
sub-132_task-EyeTracking_physio	147	1198.487	1373.504	175.017	1496.425	625.415	0.117	0.018	0.310	0.195
sub-132_task-EyeTracking_physio	147	1406.829	1706.844	300.015	1366.420	616.597	0.066	0.024	0.332	0.223
sub-132_task-EyeTracking_physio	147	1740.176	2023.512	283.336	1285.185	631.195	0.064	0.020	0.311	0.187
sub-132_task-EyeTracking_physio	147	2056.845	2215.191	158.346	1153.600	664.350	0.071	0.026	0.249	0.273
sub-132_task-EyeTracking_physio	147	2248.514	2656.867	408.353	1023.875	677.005	0.078	0.022	0.292	0.248
sub-132_task-EyeTracking_physio	147	2681.862	2840.207	158.345	1096.245	616.840	0.081	0.026	0.240	0.223
sub-132_task-EyeTracking_physio	147	2881.864	3023.535	141.671	1213.130	577.545	0.064	0.009	0.135	0.135
sub-132_task-EyeTracking_physio	148	-3148.321	-2981.653	166.668	1208.865	582.345	0.073	0.009	0.128	0.168
sub-132_task-EyeTracking_physio	148	-2948.320	-2373.292	575.028	1322.320	681.220	0.081	0.033	0.340	0.310
sub-132_task-EyeTracking_physio	148	-2356.625	-923.260	1433.365	1260.635	681.227	0.155	0.062	0.660	0.727
sub-132_task-EyeTracking_physio	148	-889.928	-456.582	433.346	1304.302	682.590	0.067	0.028	0.241	0.429
sub-132_task-EyeTracking_physio	148	-414.905	285.103	700.008	1265.430	691.398	0.072	0.012	0.134	0.319
sub-132_task-EyeTracking_physio	148	318.435	485.109	166.674	1298.805	677.775	0.097	0.065	0.245	0.545
sub-132_task-EyeTracking_physio	148	526.775	826.773	299.998	1382.427	896.325	0.171	0.044	0.231	0.659
sub-132_task-EyeTracking_physio	148	935.115	1210.123	275.008	986.165	813.455	0.166	0.047	0.194	0.539
sub-132_task-EyeTracking_physio	148	1243.457	1360.127	116.670	964.540	666.592	0.089	0.021	0.181	0.225
sub-132_task-EyeTracking_physio	148	1393.455	1860.130	466.675	1067.295	572.648	0.070	0.020	0.244	0.319
sub-132_task-EyeTracking_physio	148	1901.797	2343.485	441.688	1015.220	598.725	0.069	0.019	0.209	0.205
sub-132_task-EyeTracking_physio	148	2376.818	2718.486	341.668	1075.945	567.905	0.090	0.019	0.191	0.282
sub-132_task-EyeTracking_physio	148	2751.828	2960.152	208.324	1431.600	570.965	0.096	0.023	0.337	0.293
sub-132_task-EyeTracking_physio	149	-1426.977	-1185.305	241.672	1515.350	567.155	0.064	0.013	0.126	0.238
sub-132_task-EyeTracking_physio	149	-1168.639	-901.959	266.680	1351.517	591.165	0.187	0.057	0.390	0.525
sub-132_task-EyeTracking_physio	149	-876.959	-543.628	333.331	1238.173	655.967	0.171	0.076	0.337	0.675
sub-132_task-EyeTracking_physio	149	-535.290	-435.282	100.008	1296.910	733.117	0.265	0.320	0.544	1.008
sub-132_task-EyeTracking_physio	149	-426.950	-60.273	366.677	1325.753	762.520	0.100	0.062	0.279	0.652
sub-132_task-EyeTracking_physio	149	-35.273	439.739	475.012	1270.510	700.940	0.119	0.046	0.269	0.582
sub-132_task-EyeTracking_physio	149	523.073	631.406	108.333	1417.165	1009.155	0.212	0.110	0.474	0.562
sub-132_task-EyeTracking_physio	149	656.415	848.083	191.668	1504.995	933.700	0.118	0.031	0.183	0.448
sub-132_task-EyeTracking_physio	149	881.407	1064.756	183.349	1567.815	802.758	0.153	0.036	0.145	0.510
sub-132_task-EyeTracking_physio	149	1081.423	1248.092	166.669	1539.238	678.480	0.060	0.014	0.150	0.237
sub-132_task-EyeTracking_physio	149	1281.425	1464.766	183.341	1451.635	607.388	0.066	0.023	0.307	0.173
sub-132_task-EyeTracking_physio	149	1506.423	1764.762	258.339	1172.525	613.745	0.084	0.018	0.319	0.154
sub-132_task-EyeTracking_physio	149	1789.762	2323.117	533.355	1042.870	652.940	0.130	0.159	0.675	1.142
sub-132_task-EyeTracking_physio	149	2398.119	2631.461	233.342	1037.412	765.305	0.094	0.025	0.228	0.347
sub-132_task-EyeTracking_physio	149	2673.119	2981.465	308.346	948.200	813.440	0.165	0.076	0.300	0.586
sub-132_task-EyeTracking_physio	150	-2815.111	-2623.447	191.664	931.590	738.435	0.206	0.053	0.231	0.524
sub-132_task-EyeTracking_physio	150	-2581.781	-2373.442	208.339	1255.855	727.955	0.283	0.069	0.200	0.876
sub-132_task-EyeTracking_physio	150	-2348.434	-1973.424	375.010	1322.160	668.205	0.141	0.025	0.196	0.394
sub-132_task-EyeTracking_physio	150	-1948.424	-1131.738	816.686	1276.500	670.650	0.137	0.075	0.493	0.852
sub-132_task-EyeTracking_physio	150	-40.056	276.622	316.678	1289.473	715.537	0.071	0.025	0.183	0.382
sub-132_task-EyeTracking_physio	150	293.288	576.636	283.348	1313.582	699.475	0.084	0.022	0.184	0.314
sub-132_task-EyeTracking_physio	150	609.970	993.311	383.341	1354.997	829.263	0.340	0.444	0.739	1.481
sub-132_task-EyeTracking_physio	150	1026.647	1168.318	141.671	1203.955	885.095	0.151	0.036	0.358	0.358
sub-132_task-EyeTracking_physio	150	1209.984	1393.312	183.328	980.380	724.110	0.133	0.050	0.305	0.343
sub-132_task-EyeTracking_physio	150	1426.648	1543.313	116.665	925.962	637.418	0.089	0.049	0.314	0.287
sub-132_task-EyeTracking_physio	150	1593.318	1793.320	200.002	1057.765	559.472	0.085	0.014	0.187	0.144
sub-132_task-EyeTracking_physio	150	1826.656	2009.996	183.340	1201.217	556.837	0.089	0.020	0.219	0.176
sub-132_task-EyeTracking_physio	150	2034.996	2309.999	275.003	1416.435	573.170	0.153	0.078	0.608	0.413
sub-132_task-EyeTracking_physio	150	2351.670	2593.346	241.676	1524.535	607.495	0.053	0.008	0.152	0.128
sub-132_task-EyeTracking_physio	150	2626.684	3010.028	383.344	1617.642	613.065	0.077	0.017	0.266	0.206
sub-132_task-EyeTracking_physio	151	-5872.389	-5689.061	183.328	1387.072	639.110	0.108	0.031	0.305	0.236
sub-132_task-EyeTracking_physio	151	-5672.394	-5355.725	316.669	1256.622	654.048	0.087	0.035	0.306	0.317
sub-132_task-EyeTracking_physio	151	-5322.387	-5205.718	116.669	1303.270	648.597	0.055	0.007	0.108	0.106
sub-132_task-EyeTracking_physio	151	-5189.051	-4880.704	308.347	1243.370	649.760	0.214	0.175	0.825	0.661
sub-132_task-EyeTracking_physio	151	-4664.028	-4514.026	150.002	1319.245	629.373	0.098	0.082	0.173	0.676
sub-132_task-EyeTracking_physio	151	-4480.694	-4297.363	183.331	1262.225	646.638	0.089	0.017	0.210	0.171
sub-132_task-EyeTracking_physio	151	-4280.697	-4080.693	200.004	1315.832	657.108	0.166	0.047	0.740	0.168
sub-132_task-EyeTracking_physio	151	-4055.693	-3497.335	558.358	1275.265	658.310	0.069	0.027	0.259	0.302
sub-132_task-EyeTracking_physio	151	-3464.003	-3313.998	150.005	1321.968	648.533	0.071	0.011	0.128	0.154
sub-132_task-EyeTracking_physio	151	-3280.665	-3030.660	250.005	1282.128	647.112	0.082	0.016	0.156	0.232
sub-132_task-EyeTracking_physio	151	-3013.992	-2822.319	191.673	1256.215	653.385	0.152	0.063	0.437	0.427
sub-132_task-EyeTracking_physio	151	-2805.654	-2555.647	250.007	1287.758	672.195	0.204	0.099	0.387	0.594
sub-132_task-EyeTracking_physio	151	-2538.980	-2347.312	191.668	1259.325	654.615	0.102	0.051	0.285	0.369
sub-132_task-EyeTracking_physio	151	-2330.638	-2155.637	175.001	1297.115	640.910	0.099	0.027	0.370	0.274
sub-132_task-EyeTracking_physio	151	-2138.970	-1947.303	191.667	1272.900	646.810	0.109	0.021	0.368	0.145
sub-132_task-EyeTracking_physio	151	-1930.630	-1797.293	133.337	1295.775	649.515	0.114	0.025	0.365	0.148
sub-132_task-EyeTracking_physio	151	-1772.294	-1380.618	391.676	1266.630	653.990	0.082	0.037	0.412	0.282
sub-132_task-EyeTracking_physio	151	-1355.618	-1163.950	191.668	1293.410	672.715	0.068	0.013	0.152	0.190
sub-132_task-EyeTracking_physio	151	-1147.278	36.082	1183.360	1261.360	675.450	0.137	0.137	0.620	1.182
sub-132_task-EyeTracking_physio	151	419.425	786.098	366.673	1313.080	902.355	0.095	0.034	0.176	0.463
sub-132_task-EyeTracking_physio	151	944.438	1144.441	200.003	892.440	863.607	0.167	0.056	0.416	0.369
sub-132_task-EyeTracking_physio	151	1169.440	1411.114	241.674	1081.805	828.595	0.120	0.066	0.456	0.403
sub-132_task-EyeTracking_physio	151	1469.452	1852.790	383.338	1583.847	890.838	0.102	0.053	0.376	0.351
sub-132_task-EyeTracking_physio	151	2011.133	2169.467	158.334	1023.485	874.230	0.177	0.037	0.526	0.278
sub-132_task-EyeTracking_physio	151	2236.133	2669.481	433.348	923.487	940.250	0.081	0.035	0.341	0.355
sub-132_task-EyeTracking_physio	151	2694.481	2894.481	200.000	993.230	945.322	0.082	0.021	0.203	0.250
sub-132_task-EyeTracking_physio	152	-4386.719	-4120.044	266.675	1556.755	938.300	0.065	0.020	0.231	0.195
sub-132_task-EyeTracking_physio	152	-4070.042	-3745.035	325.007	1304.825	720.360	0.069	0.017	0.221	0.343
sub-132_task-EyeTracking_physio	152	-3720.035	-3311.694	408.341	1259.105	698.650	0.077	0.028	0.311	0.264
sub-132_task-EyeTracking_physio	152	-3286.686	-2603.339	683.347	1267.648	670.428	0.111	0.028	0.280	0.411
sub-132_task-EyeTracking_physio	152	-1628.315	-1519.979	108.336	1305.440	807.530	0.131	0.045	0.116	0.446
sub-132_task-EyeTracking_physio	152	-1511.646	-553.291	958.355	1277.780	708.870	0.095	0.041	0.208	0.542
sub-132_task-EyeTracking_physio	152	-511.621	-353.285	158.336	1227.250	711.185	0.220	0.040	0.114	0.588
sub-132_task-EyeTracking_physio	152	-311.618	213.394	525.012	1284.005	699.425	0.155	0.057	0.218	0.753
sub-132_task-EyeTracking_physio	152	230.061	496.734	266.673	1360.412	682.655	0.171	0.162	0.533	0.707
sub-132_task-EyeTracking_physio	152	530.071	663.409	133.338	1383.182	896.200	0.125	0.024	0.157	0.294
sub-132_task-EyeTracking_physio	152	680.075	946.746	266.671	1604.412	922.140	0.214	0.111	0.828	0.544
sub-132_task-EyeTracking_physio	152	971.746	1146.749	175.003	1652.400	792.605	0.156	0.043	0.164	0.431
sub-132_task-EyeTracking_physio	152	1296.751	1421.756	125.005	1466.805	555.330	0.085	0.015	0.208	0.169
sub-132_task-EyeTracking_physio	152	1563.429	1663.429	100.000	988.475	582.712	0.123	0.071	0.377	0.361
sub-132_task-EyeTracking_physio	152	1705.100	2180.108	475.008	985.660	864.720	0.103	0.214	0.504	1.177
sub-132_task-EyeTracking_physio	152	2196.775	2380.113	183.338	1126.632	871.503	0.220	0.120	0.728	0.406
sub-132_task-EyeTracking_physio	152	2430.113	2663.455	233.342	1334.050	824.405	0.062	0.008	0.158	0.134
sub-132_task-EyeTracking_physio	152	2680.123	2863.456	183.333	1360.037	742.325	0.153	0.021	0.103	0.511
sub-132_task-EyeTracking_physio	152	2880.127	3005.125	124.998	1368.005	636.300	0.142	0.034	0.194	0.380
sub-132_task-EyeTracking_physio	153	-3992.458	-3525.781	466.677	1282.608	657.590	0.093	0.037	0.364	0.300
sub-132_task-EyeTracking_physio	153	-3509.115	-3325.772	183.343	1234.658	651.438	0.268	0.138	0.728	0.499
sub-132_task-EyeTracking_physio	153	-3284.107	-2992.437	291.670	1284.745	652.920	0.139	0.051	0.275	0.482
sub-132_task-EyeTracking_physio	153	-2975.764	-2850.765	124.999	1211.145	655.910	0.200	0.068	0.306	0.412
sub-132_task-EyeTracking_physio	153	-2825.764	-2634.093	191.671	1092.275	607.240	0.178	0.051	0.213	0.488
sub-132_task-EyeTracking_physio	153	-2600.761	-1875.742	725.019	1252.475	630.970	0.077	0.022	0.267	0.345
sub-132_task-EyeTracking_physio	153	-1842.409	-1625.734	216.675	1283.112	644.570	0.084	0.014	0.177	0.222
sub-132_task-EyeTracking_physio	153	-1584.069	-1142.392	441.677	1254.560	668.165	0.178	0.068	0.203	0.841
sub-132_task-EyeTracking_physio	153	-1109.055	-925.720	183.335	1290.965	679.740	0.109	0.024	0.138	0.389
sub-132_task-EyeTracking_physio	153	-909.053	-559.044	350.009	1256.915	684.003	0.104	0.049	0.513	0.327
sub-132_task-EyeTracking_physio	153	-542.379	357.644	900.023	1273.928	691.868	0.080	0.057	0.400	0.467
sub-132_task-EyeTracking_physio	153	374.310	540.980	166.670	1232.030	694.645	0.088	0.042	0.339	0.277
sub-132_task-EyeTracking_physio	153	557.647	699.313	141.666	1118.530	782.105	0.092	0.017	0.172	0.234
sub-132_task-EyeTracking_physio	153	715.988	874.324	158.336	1090.320	736.320	0.066	0.017	0.224	0.151
sub-132_task-EyeTracking_physio	153	907.657	1107.663	200.006	998.887	655.592	0.102	0.045	0.303	0.407
sub-132_task-EyeTracking_physio	153	1132.663	1507.674	375.011	965.665	612.875	0.066	0.012	0.148	0.204
sub-132_task-EyeTracking_physio	153	1591.006	1874.348	283.342	1039.735	853.130	0.124	0.083	0.205	0.842
sub-132_task-EyeTracking_physio	153	1916.007	2041.020	125.013	1178.155	824.940	0.073	0.014	0.151	0.219
sub-132_task-EyeTracking_physio	153	2107.686	2257.688	150.002	1435.035	773.727	0.125	0.028	0.220	0.269
sub-132_task-EyeTracking_physio	153	2299.359	2591.031	291.672	1569.680	709.445	0.125	0.030	0.180	0.398
sub-132_task-EyeTracking_physio	153	2632.689	2841.028	208.339	1466.780	623.075	0.099	0.034	0.264	0.238
sub-132_task-EyeTracking_physio	153	2866.028	3007.697	141.669	1443.165	595.165	0.116	0.050	0.301	0.402
sub-132_task-EyeTracking_physio	154	-428.595	-203.589	225.006	1397.820	933.510	0.095	0.031	0.213	0.295
sub-132_task-EyeTracking_physio	154	-161.922	429.754	591.676	1274.680	735.970	0.105	0.023	0.196	0.474
sub-132_task-EyeTracking_physio	154	496.426	638.097	141.671	1303.475	855.440	0.075	0.016	0.057	0.424
sub-132_task-EyeTracking_physio	154	688.088	871.436	183.348	1387.175	924.258	0.099	0.017	0.163	0.223
sub-132_task-EyeTracking_physio	154	1021.439	1246.439	225.000	1646.435	749.625	0.111	0.064	0.176	0.678
sub-132_task-EyeTracking_physio	154	1288.113	1546.451	258.338	1563.270	620.025	0.079	0.016	0.214	0.215
sub-132_task-EyeTracking_physio	154	1704.777	2079.789	375.012	932.230	633.785	0.153	0.082	0.826	0.484
sub-132_task-EyeTracking_physio	154	2138.130	2521.473	383.343	1681.960	651.770	0.097	0.083	0.373	0.593
sub-132_task-EyeTracking_physio	154	2579.810	2696.481	116.671	1655.285	957.400	0.092	0.018	0.147	0.192
sub-132_task-EyeTracking_physio	154	2704.815	3004.820	300.005	1647.427	941.372	0.105	0.047	0.340	0.438
sub-132_task-EyeTracking_physio	155	-1882.665	-1107.636	775.029	1310.737	785.620	0.525	34.338	8.996	5.552
sub-132_task-EyeTracking_physio	155	-1074.303	-790.964	283.339	1248.575	662.895	0.113	0.034	0.192	0.407
sub-132_task-EyeTracking_physio	155	-757.631	-490.958	266.673	1308.467	685.928	0.125	0.025	0.245	0.322
sub-132_task-EyeTracking_physio	155	-457.617	-190.956	266.661	1246.165	677.493	0.128	0.031	0.243	0.314
sub-132_task-EyeTracking_physio	155	-165.947	442.388	608.335	1289.945	686.225	0.156	0.046	0.203	0.666
sub-132_task-EyeTracking_physio	155	475.736	625.730	149.994	1380.180	708.365	0.136	0.022	0.131	0.344
sub-132_task-EyeTracking_physio	155	650.730	1050.748	400.018	1496.835	737.370	0.123	0.043	0.353	0.439
sub-132_task-EyeTracking_physio	155	1100.748	1292.420	191.672	1117.310	880.125	0.134	0.025	0.256	0.256
sub-132_task-EyeTracking_physio	155	1334.087	1492.413	158.326	1018.925	805.215	0.123	0.023	0.165	0.256
sub-132_task-EyeTracking_physio	155	1525.761	1692.422	166.661	945.445	706.360	0.167	0.042	0.209	0.384
sub-132_task-EyeTracking_physio	155	1725.754	1942.425	216.671	956.933	634.945	0.089	0.014	0.174	0.190
sub-132_task-EyeTracking_physio	155	1967.425	2125.773	158.348	1047.315	595.995	0.067	0.009	0.116	0.187
sub-132_task-EyeTracking_physio	155	2159.101	2275.767	116.666	1272.977	586.018	0.112	0.036	0.363	0.187
sub-132_task-EyeTracking_physio	155	2309.105	2625.787	316.682	1474.445	592.487	0.099	0.023	0.410	0.199
sub-132_task-EyeTracking_physio	155	2650.787	2892.450	241.663	1582.135	622.395	0.122	0.032	0.278	0.312
sub-132_task-EyeTracking_physio	156	-6899.108	-6674.106	225.002	1493.755	807.125	0.107	0.034	0.275	0.298
sub-132_task-EyeTracking_physio	156	-6532.428	-5724.071	808.357	1260.420	662.520	0.160	0.087	0.340	0.753
sub-132_task-EyeTracking_physio	156	-5690.739	-5490.736	200.003	1318.280	668.227	0.170	0.039	0.199	0.516
sub-132_task-EyeTracking_physio	156	-5165.727	-5032.389	133.338	1184.770	623.418	0.183	0.402	0.893	1.253
sub-132_task-EyeTracking_physio	156	-5015.722	-4474.053	541.669	1286.145	639.415	0.086	0.061	0.454	0.564
sub-132_task-EyeTracking_physio	156	-4440.719	-3365.683	1075.036	1268.060	669.085	0.159	0.060	0.227	0.704
sub-132_task-EyeTracking_physio	156	-3340.684	-3174.010	166.674	1296.613	659.350	0.107	0.025	0.173	0.271
sub-132_task-EyeTracking_physio	156	-3132.345	-2915.673	216.672	1266.293	660.145	0.114	0.039	0.159	0.477
sub-132_task-EyeTracking_physio	156	-2899.008	-2715.666	183.342	1294.862	660.855	0.109	0.043	0.339	0.217
sub-132_task-EyeTracking_physio	156	-2674.000	-2323.991	350.009	1253.820	658.898	0.097	0.040	0.216	0.373
sub-132_task-EyeTracking_physio	156	-2298.992	-2123.988	175.004	1302.955	672.340	0.119	0.068	0.478	0.323
sub-132_task-EyeTracking_physio	156	-2057.317	-1298.970	758.347	1274.180	683.925	0.075	0.026	0.170	0.458
sub-132_task-EyeTracking_physio	156	-1257.299	-1073.964	183.335	1290.305	683.122	0.080	0.027	0.162	0.302
sub-132_task-EyeTracking_physio	156	-1032.297	-682.287	350.010	1266.082	674.122	0.071	0.012	0.163	0.235
sub-132_task-EyeTracking_physio	156	-640.622	-490.614	150.008	1301.693	674.995	0.068	0.008	0.113	0.132
sub-132_task-EyeTracking_physio	156	-473.947	367.737	841.684	1272.585	694.820	0.090	0.146	0.499	0.812
sub-132_task-EyeTracking_physio	156	434.407	551.072	116.665	1163.608	818.102	0.088	0.033	0.281	0.224
sub-132_task-EyeTracking_physio	156	576.076	726.079	150.003	1077.740	835.692	0.115	0.023	0.252	0.269
sub-132_task-EyeTracking_physio	156	751.079	951.086	200.007	1077.700	718.120	0.095	0.022	0.204	0.228
sub-132_task-EyeTracking_physio	156	976.086	1151.088	175.002	1131.130	672.915	0.094	0.021	0.164	0.262
sub-132_task-EyeTracking_physio	156	1184.420	1501.099	316.679	1165.365	609.663	0.064	0.013	0.225	0.175
sub-132_task-EyeTracking_physio	156	1517.765	1692.759	174.994	1214.480	627.515	0.205	0.056	0.574	0.283
sub-132_task-EyeTracking_physio	156	1726.100	2017.777	291.677	1475.490	691.255	0.113	0.073	0.494	0.521
sub-132_task-EyeTracking_physio	156	2051.109	2392.788	341.679	1636.285	884.375	0.130	0.058	0.406	0.569
sub-132_task-EyeTracking_physio	156	2426.120	2601.122	175.002	1371.615	788.710	0.123	0.035	0.359	0.266
sub-132_task-EyeTracking_physio	156	2634.455	2867.794	233.339	1308.387	672.460	0.149	0.033	0.196	0.474
sub-132_task-EyeTracking_physio	156	2901.128	3009.448	108.320	1222.225	630.095	0.188	0.047	0.203	0.438
sub-132_task-EyeTracking_physio	157	-5314.151	-5155.816	158.335	1218.605	642.660	0.147	0.028	0.126	0.474
sub-132_task-EyeTracking_physio	157	-5130.815	-5030.810	100.005	1336.318	857.372	2.167	26.941	4.748	11.551
sub-132_task-EyeTracking_physio	157	-4764.139	-4555.800	208.339	1254.915	595.930	0.153	0.060	0.398	0.413
sub-132_task-EyeTracking_physio	157	-4539.133	-4247.449	291.684	1292.095	648.100	0.163	0.070	0.318	0.603
sub-132_task-EyeTracking_physio	157	-4222.451	-3797.452	424.999	1251.945	678.340	0.137	0.259	0.460	1.423
sub-132_task-EyeTracking_physio	157	-3764.114	-3422.442	341.672	1306.085	679.100	0.121	0.037	0.203	0.407
sub-132_task-EyeTracking_physio	157	-2997.437	-1922.403	1075.034	1278.335	665.745	0.143	0.052	0.237	0.981
sub-132_task-EyeTracking_physio	157	-1905.736	-1664.072	241.664	1308.910	662.330	0.170	0.059	0.486	0.372
sub-132_task-EyeTracking_physio	157	-1647.397	-405.704	1241.693	1272.430	678.275	0.163	0.168	0.742	0.990
sub-132_task-EyeTracking_physio	157	-389.036	102.644	491.680	1255.945	685.700	0.188	0.076	0.504	0.715
sub-132_task-EyeTracking_physio	157	119.310	610.987	491.677	1297.950	678.190	0.155	0.151	0.599	0.911
sub-132_task-EyeTracking_physio	157	644.320	894.328	250.008	1372.592	884.938	0.210	0.097	0.336	0.592
sub-132_task-EyeTracking_physio	157	927.661	1119.333	191.672	1473.055	825.625	0.200	0.058	0.301	0.497
sub-132_task-EyeTracking_physio	157	1152.666	1344.343	191.677	1536.225	769.090	0.115	0.057	0.318	0.463
sub-132_task-EyeTracking_physio	157	1377.676	1561.001	183.325	1494.848	667.195	0.094	0.021	0.163	0.339
sub-132_task-EyeTracking_physio	157	1594.339	1802.685	208.346	1398.630	636.075	0.080	0.017	0.199	0.238
sub-132_task-EyeTracking_physio	157	1836.008	2044.348	208.340	1216.395	754.865	0.119	0.032	0.233	0.411
sub-132_task-EyeTracking_physio	157	2086.023	2261.023	175.000	1133.730	804.950	0.092	0.037	0.306	0.252
sub-132_task-EyeTracking_physio	157	2294.355	2469.365	175.010	1185.000	776.140	0.091	0.014	0.117	0.233
sub-132_task-EyeTracking_physio	157	2511.036	2677.706	166.670	1235.670	703.683	0.114	0.033	0.210	0.342
sub-132_task-EyeTracking_physio	157	2711.030	3002.710	291.680	1305.980	668.145	0.163	0.047	0.194	0.462
sub-132_task-EyeTracking_physio	158	-650.422	-508.753	141.669	1303.820	674.615	0.135	0.021	0.119	0.341
sub-132_task-EyeTracking_physio	158	-492.087	682.942	1175.029	1260.210	696.685	0.158	0.075	0.313	0.994
sub-132_task-EyeTracking_physio	158	724.609	1257.958	533.349	1051.263	626.793	0.094	0.041	0.366	0.337
sub-132_task-EyeTracking_physio	158	1291.291	1474.618	183.327	958.783	591.575	0.073	0.030	0.249	0.244
sub-132_task-EyeTracking_physio	158	1507.959	1799.637	291.678	886.855	573.340	0.075	0.028	0.231	0.333
sub-132_task-EyeTracking_physio	158	1849.637	2224.637	375.000	904.165	801.800	0.209	0.123	0.489	0.872
sub-132_task-EyeTracking_physio	158	2274.646	2441.319	166.673	1440.202	700.362	0.179	0.052	0.408	0.354
sub-132_task-EyeTracking_physio	158	2474.653	3007.998	533.345	1653.447	735.305	0.136	0.194	0.497	0.931
sub-132_task-EyeTracking_physio	159	-3355.779	-3189.095	166.684	1207.990	777.410	0.622	2.519	2.863	2.548
sub-132_task-EyeTracking_physio	159	-3172.428	-3014.094	158.334	1255.585	708.190	0.128	0.046	0.204	0.490
sub-132_task-EyeTracking_physio	159	-2805.755	-2605.753	200.002	1257.843	616.865	0.132	0.044	0.247	0.295
sub-132_task-EyeTracking_physio	159	-2572.420	-2389.080	183.340	1310.485	662.303	0.183	0.031	0.145	0.517
sub-132_task-EyeTracking_physio	159	-2372.413	-1847.400	525.013	1257.960	669.845	0.166	0.055	0.555	0.510
sub-132_task-EyeTracking_physio	159	-1830.733	-1639.064	191.669	1303.140	681.675	0.197	0.078	0.555	0.420
sub-132_task-EyeTracking_physio	159	-1622.393	-1372.386	250.007	1264.170	671.690	0.249	0.120	0.544	0.726
sub-132_task-EyeTracking_physio	159	-1355.720	-1189.051	166.669	1308.330	670.045	0.224	0.139	0.691	0.475
sub-132_task-EyeTracking_physio	159	-1155.719	-180.693	975.026	1267.385	684.685	0.131	0.053	0.248	0.662
sub-132_task-EyeTracking_physio	159	-130.694	44.309	175.003	1303.140	679.540	0.206	0.045	0.156	0.569
sub-132_task-EyeTracking_physio	159	77.648	485.989	408.341	1262.985	677.550	0.143	0.046	0.211	0.600
sub-132_task-EyeTracking_physio	159	502.655	610.992	108.337	1278.605	838.085	0.239	0.116	0.313	0.717
sub-132_task-EyeTracking_physio	159	627.658	794.327	166.669	1321.575	749.420	0.097	0.021	0.157	0.299
sub-132_task-EyeTracking_physio	159	827.659	1211.003	383.344	1394.483	716.078	0.083	0.022	0.187	0.320
sub-132_task-EyeTracking_physio	159	1361.008	1527.680	166.672	1005.838	693.505	0.089	0.025	0.264	0.183
sub-132_task-EyeTracking_physio	159	1561.013	1911.024	350.011	927.000	694.392	0.103	0.024	0.327	0.194
sub-132_task-EyeTracking_physio	159	1927.690	2161.024	233.334	872.492	642.080	0.106	0.038	0.247	0.335
sub-132_task-EyeTracking_physio	159	2177.695	2427.699	250.004	882.618	586.965	0.086	0.025	0.290	0.244
sub-132_task-EyeTracking_physio	159	2444.369	2727.709	283.340	1052.175	621.283	0.184	0.161	0.699	0.790
sub-132_task-EyeTracking_physio	159	2752.710	2927.711	175.001	1131.380	707.505	0.095	0.047	0.218	0.429
sub-132_task-EyeTracking_physio	160	-683.788	-383.782	300.006	1067.395	757.360	0.204	0.126	0.618	0.526
sub-132_task-EyeTracking_physio	160	-333.783	-175.448	158.335	1217.440	746.345	0.146	0.226	1.014	0.444
sub-132_task-EyeTracking_physio	160	-150.441	307.901	458.342	1293.020	716.380	0.111	0.063	0.391	0.536
sub-132_task-EyeTracking_physio	160	332.901	707.909	375.008	1347.890	664.295	0.155	0.044	0.236	0.559
sub-132_task-EyeTracking_physio	160	741.242	907.916	166.674	1384.812	851.920	0.123	0.026	0.154	0.332
sub-132_task-EyeTracking_physio	160	941.248	1174.592	233.344	1603.398	871.705	0.126	0.047	0.334	0.437
sub-132_task-EyeTracking_physio	160	1199.590	1357.926	158.336	1670.520	780.465	0.171	0.064	0.332	0.480
sub-132_task-EyeTracking_physio	160	1382.926	1566.264	183.338	1622.480	682.725	0.118	0.067	0.296	0.374
sub-132_task-EyeTracking_physio	160	1624.598	1824.605	200.007	1027.012	625.445	0.146	0.066	0.424	0.259
sub-132_task-EyeTracking_physio	160	1849.605	2241.280	391.675	934.295	730.675	0.201	0.156	0.566	0.975
sub-132_task-EyeTracking_physio	160	2274.613	2557.953	283.340	978.130	690.107	0.142	0.032	0.142	0.566
sub-132_task-EyeTracking_physio	160	2591.290	2824.626	233.336	1008.987	620.617	0.123	0.028	0.227	0.280
sub-132_task-EyeTracking_physio	160	2866.297	3007.967	141.670	1055.225	572.485	0.095	0.012	0.106	0.256
sub-132_task-EyeTracking_physio	161	-5349.009	-5132.328	216.681	1154.733	551.890	0.070	0.014	0.177	0.150
sub-132_task-EyeTracking_physio	161	-5082.328	-4932.319	150.009	1353.810	761.880	1.198	3.958	1.529	5.604
sub-132_task-EyeTracking_physio	161	-4740.652	-4290.643	450.009	1245.355	621.610	0.139	0.048	0.243	0.640
sub-132_task-EyeTracking_physio	161	-4257.306	-4032.305	225.001	1316.900	654.600	0.194	0.041	0.191	0.484
sub-132_task-EyeTracking_physio	161	-3998.968	-3407.285	591.683	1262.815	656.675	0.158	0.038	0.274	0.640
sub-132_task-EyeTracking_physio	161	-3348.951	-3132.282	216.669	1259.072	841.255	0.175	0.247	0.512	1.043
sub-132_task-EyeTracking_physio	161	-3107.282	-2857.276	250.006	1278.770	748.145	0.133	0.030	0.152	0.557
sub-132_task-EyeTracking_physio	161	-2832.271	-2540.600	291.671	1257.650	664.180	0.173	0.064	0.275	0.647
sub-132_task-EyeTracking_physio	161	-2507.267	-2323.930	183.337	1293.733	645.545	0.058	0.009	0.112	0.190
sub-132_task-EyeTracking_physio	161	-2273.925	-1923.919	350.006	1275.293	663.277	0.064	0.014	0.144	0.268
sub-132_task-EyeTracking_physio	161	-1882.250	-1765.579	116.671	1311.500	670.155	0.075	0.015	0.134	0.159
sub-132_task-EyeTracking_physio	161	-1748.912	-798.890	950.022	1272.640	667.998	0.098	0.104	0.643	0.558
sub-132_task-EyeTracking_physio	161	-773.891	-607.219	166.672	1312.402	658.770	0.116	0.060	0.357	0.361
sub-132_task-EyeTracking_physio	161	-590.553	109.456	700.009	1286.230	678.605	0.098	0.081	0.472	0.673
sub-132_task-EyeTracking_physio	161	117.798	601.145	483.347	1289.168	712.848	0.082	0.131	0.229	1.151
sub-132_task-EyeTracking_physio	161	642.811	1042.821	400.010	1521.955	821.588	0.090	0.026	0.355	0.257
sub-132_task-EyeTracking_physio	161	1059.487	1176.148	116.661	1497.660	776.335	0.070	0.008	0.104	0.134
sub-132_task-EyeTracking_physio	161	1217.822	1359.490	141.668	1206.850	686.810	0.100	0.023	0.271	0.212
sub-132_task-EyeTracking_physio	161	1384.491	1592.834	208.343	1051.260	665.625	0.120	0.038	0.492	0.223
sub-132_task-EyeTracking_physio	161	1634.505	1842.833	208.328	974.010	594.775	0.079	0.019	0.244	0.269
sub-132_task-EyeTracking_physio	161	1884.504	2201.175	316.671	925.935	560.803	0.069	0.023	0.152	0.328
sub-132_task-EyeTracking_physio	161	2309.520	2634.524	325.004	1035.960	871.855	0.136	0.058	0.297	0.615
sub-132_task-EyeTracking_physio	161	2684.529	3009.536	325.007	1443.135	708.815	0.133	0.047	0.304	0.402
sub-132_task-EyeTracking_physio	162	-2895.794	-2620.796	274.998	1301.725	666.515	0.070	0.028	0.197	0.371
sub-132_task-EyeTracking_physio	162	-2595.788	-2304.118	291.670	1262.965	683.950	0.072	0.017	0.182	0.264
sub-132_task-EyeTracking_physio	162	-2287.451	-1629.096	658.355	1302.190	675.065	0.154	0.081	0.897	0.445
sub-132_task-EyeTracking_physio	162	-1587.438	-1370.757	216.681	1254.080	673.525	0.188	0.036	0.291	0.526
sub-132_task-EyeTracking_physio	162	-1354.090	-1204.093	149.997	1294.550	673.743	0.256	0.106	0.716	0.317
sub-132_task-EyeTracking_physio	162	-1187.426	379.278	1566.704	1273.372	685.975	0.172	0.309	1.009	1.284
sub-132_task-EyeTracking_physio	162	404.287	679.293	275.006	1461.315	808.995	0.133	0.055	0.320	0.555
sub-132_task-EyeTracking_physio	162	804.295	1029.302	225.007	1576.450	646.250	0.097	0.044	0.395	0.267
sub-132_task-EyeTracking_physio	162	1054.292	1162.640	108.348	1584.330	612.840	0.068	0.012	0.143	0.133
sub-132_task-EyeTracking_physio	162	1179.306	1504.307	325.001	1460.180	621.245	0.100	0.063	0.408	0.470
sub-132_task-EyeTracking_physio	162	1787.656	2012.662	225.006	1637.180	588.405	0.083	0.013	0.150	0.235
sub-132_task-EyeTracking_physio	162	2037.663	2187.657	149.994	1668.932	575.972	0.083	0.025	0.178	0.276
sub-132_task-EyeTracking_physio	162	2237.666	2362.670	125.004	1603.125	991.380	0.237	0.211	0.605	0.943
sub-132_task-EyeTracking_physio	162	2379.327	2604.333	225.006	1572.215	908.360	0.120	0.048	0.319	0.399
sub-132_task-EyeTracking_physio	162	2729.336	2946.014	216.678	1055.037	779.558	0.178	0.106	0.593	0.482
sub-132_task-EyeTracking_physio	163	-1099.180	-940.845	158.335	959.085	725.020	0.150	0.050	0.311	0.345
sub-132_task-EyeTracking_physio	163	-915.846	-7.490	908.356	1266.660	684.475	0.119	0.065	0.616	0.474
sub-132_task-EyeTracking_physio	163	17.515	409.190	391.675	1227.955	674.235	0.113	0.026	0.223	0.368
sub-132_task-EyeTracking_physio	163	442.524	592.535	150.011	1323.940	710.317	0.147	0.024	0.106	0.458
sub-132_task-EyeTracking_physio	163	617.527	909.199	291.672	1395.335	801.890	0.081	0.013	0.104	0.254
sub-132_task-EyeTracking_physio	163	925.865	1125.872	200.007	1292.150	835.107	0.107	0.038	0.369	0.295
sub-132_task-EyeTracking_physio	163	1159.205	1325.879	166.674	1193.908	817.618	0.104	0.023	0.279	0.190
sub-132_task-EyeTracking_physio	163	1359.213	1525.881	166.668	1119.445	750.972	0.143	0.034	0.288	0.349
sub-132_task-EyeTracking_physio	163	1550.879	1759.222	208.343	1006.395	650.565	0.173	0.040	0.321	0.400
sub-132_task-EyeTracking_physio	163	1784.223	1984.230	200.007	985.655	600.230	0.085	0.016	0.127	0.256
sub-132_task-EyeTracking_physio	163	2017.563	2342.568	325.005	1413.920	632.865	0.100	0.048	0.373	0.333
sub-132_task-EyeTracking_physio	163	2375.909	2650.912	275.003	1568.005	664.835	0.131	0.040	0.372	0.333
sub-132_task-EyeTracking_physio	163	2709.245	2984.249	275.004	1089.980	905.600	0.140	0.056	0.617	0.328
sub-132_task-EyeTracking_physio	164	-627.230	-402.224	225.006	1056.700	832.585	0.119	0.024	0.184	0.326
sub-132_task-EyeTracking_physio	164	-377.224	197.788	575.012	1264.470	710.695	0.108	0.046	0.390	0.520
sub-132_task-EyeTracking_physio	164	231.125	456.126	225.001	1324.190	703.860	0.134	0.047	0.286	0.517
sub-132_task-EyeTracking_physio	164	514.466	664.468	150.002	1426.915	721.510	0.193	0.049	0.266	0.534
sub-132_task-EyeTracking_physio	164	697.802	947.806	250.004	1566.997	721.358	0.186	0.061	0.275	0.488
sub-132_task-EyeTracking_physio	164	964.481	1272.816	308.335	1499.145	682.350	0.089	0.022	0.240	0.245
sub-132_task-EyeTracking_physio	164	1306.149	1414.485	108.336	1151.440	687.915	0.199	0.079	0.291	0.417
sub-132_task-EyeTracking_physio	164	1464.486	1647.823	183.337	1084.697	596.623	0.085	0.020	0.195	0.213
sub-132_task-EyeTracking_physio	164	1672.827	2131.167	458.340	989.375	598.145	0.083	0.021	0.179	0.312
sub-132_task-EyeTracking_physio	164	2156.167	2347.840	191.673	1059.425	587.780	0.075	0.014	0.173	0.149
sub-132_task-EyeTracking_physio	164	2389.506	2731.184	341.678	1200.150	600.700	0.068	0.014	0.154	0.259
sub-132_task-EyeTracking_physio	164	2756.184	2897.850	141.666	1247.450	606.415	0.067	0.010	0.125	0.147
sub-132_task-EyeTracking_physio	165	-730.358	-388.686	341.672	1064.055	887.885	0.105	0.050	0.374	0.369
sub-132_task-EyeTracking_physio	165	-372.021	-5.346	366.675	1293.503	715.908	0.119	0.037	0.367	0.525
sub-132_task-EyeTracking_physio	165	11.321	461.336	450.015	1260.028	689.900	0.162	0.091	0.484	0.585
sub-132_task-EyeTracking_physio	165	478.003	594.672	116.669	1364.553	774.040	0.194	0.168	0.484	0.697
sub-132_task-EyeTracking_physio	165	619.672	936.341	316.669	1437.835	840.112	0.086	0.018	0.150	0.316
sub-132_task-EyeTracking_physio	165	969.681	1294.685	325.004	1041.865	798.875	0.121	0.042	0.375	0.389
sub-132_task-EyeTracking_physio	165	1311.352	1494.693	183.341	1044.198	749.670	0.199	0.055	0.314	0.397
sub-132_task-EyeTracking_physio	165	1519.702	1703.029	183.327	1057.965	594.258	0.086	0.024	0.159	0.299
sub-132_task-EyeTracking_physio	165	1736.362	2128.038	391.676	1084.130	539.705	0.067	0.017	0.196	0.195
sub-132_task-EyeTracking_physio	165	2178.042	2528.047	350.005	1559.095	770.723	0.137	0.334	0.617	1.882
sub-132_task-EyeTracking_physio	165	2553.051	2961.394	408.343	1452.240	1005.125	0.126	0.069	0.374	0.728
sub-132_task-EyeTracking_physio	166	-508.404	-25.051	483.353	1288.160	732.658	0.183	0.074	0.305	0.818
sub-132_task-EyeTracking_physio	166	16.611	516.633	500.022	1260.290	706.255	0.151	0.046	0.161	0.601
sub-132_task-EyeTracking_physio	166	708.293	1058.311	350.018	1058.617	806.188	0.163	0.045	0.318	0.550
sub-132_task-EyeTracking_physio	166	1091.636	1608.324	516.688	1531.057	855.345	0.118	0.051	0.471	0.549
sub-132_task-EyeTracking_physio	166	1683.315	1866.664	183.349	1327.247	922.160	0.081	0.020	0.482	0.176
sub-132_task-EyeTracking_physio	166	1883.330	2241.668	358.338	1170.985	958.430	0.156	0.045	0.752	0.312
sub-132_task-EyeTracking_physio	166	2274.999	2458.341	183.342	1106.267	962.058	0.092	0.020	0.180	0.261
sub-132_task-EyeTracking_physio	166	2483.338	2708.348	225.010	1110.470	688.820	0.146	0.051	0.290	0.448
sub-132_task-EyeTracking_physio	166	2725.014	2941.687	216.673	1153.803	611.240	0.265	0.110	0.508	0.654
sub-132_task-EyeTracking_physio	167	-9718.859	-9560.519	158.340	1183.970	562.755	0.079	0.009	0.095	0.200
sub-132_task-EyeTracking_physio	167	-9543.852	-8977.166	566.686	1274.420	610.930	0.155	0.065	0.426	0.441
sub-132_task-EyeTracking_physio	167	-8952.167	-8677.161	275.006	1316.935	725.165	0.096	0.045	0.207	0.536
sub-132_task-EyeTracking_physio	167	-8643.822	-8518.824	124.998	1263.960	709.045	0.118	0.029	0.209	0.305
sub-132_task-EyeTracking_physio	167	-7843.812	-7418.797	425.015	1266.170	656.030	0.082	0.019	0.145	0.344
sub-132_task-EyeTracking_physio	167	-7385.473	-7168.798	216.675	1300.072	667.872	0.083	0.018	0.195	0.244
sub-132_task-EyeTracking_physio	167	-7135.456	-6918.785	216.671	1260.852	669.528	0.088	0.016	0.133	0.216
sub-132_task-EyeTracking_physio	167	-6902.127	-6735.459	166.668	1294.838	673.155	0.224	0.130	0.720	0.464
sub-132_task-EyeTracking_physio	167	-6718.792	-6543.784	175.008	1266.905	682.455	0.192	0.103	0.501	0.488
sub-132_task-EyeTracking_physio	167	-6535.450	-5952.097	583.353	1299.020	776.812	0.464	43.648	8.727	14.441
sub-132_task-EyeTracking_physio	167	-5510.423	-5302.083	208.340	673.675	1387.970	1.092	42.955	13.955	12.098
sub-132_task-EyeTracking_physio	167	-5243.759	-5018.752	225.007	1251.965	717.910	0.069	0.011	0.136	0.159
sub-132_task-EyeTracking_physio	167	-4993.752	-4702.075	291.677	1298.575	690.790	0.084	0.015	0.183	0.199
sub-132_task-EyeTracking_physio	167	-4652.068	-4502.065	150.003	1255.912	678.017	0.080	0.010	0.190	0.134
sub-132_task-EyeTracking_physio	167	-4435.403	-4002.061	433.342	847.517	699.375	0.086	0.020	0.290	0.234
sub-132_task-EyeTracking_physio	167	-3960.385	-2777.022	1183.363	1280.335	678.587	0.082	0.057	0.419	0.501
sub-132_task-EyeTracking_physio	167	-2752.022	-2452.015	300.007	1259.975	684.137	0.096	0.033	0.307	0.263
sub-132_task-EyeTracking_physio	167	-2418.681	-993.647	1425.034	1282.280	669.410	0.072	0.047	0.360	0.386
sub-132_task-EyeTracking_physio	167	-960.313	-260.297	700.016	1281.845	668.308	0.151	0.118	0.384	1.075
sub-132_task-EyeTracking_physio	167	-201.961	398.056	600.017	1260.513	702.850	0.142	0.068	0.573	0.725
sub-132_task-EyeTracking_physio	167	531.393	923.068	391.675	1535.330	943.895	0.122	0.064	0.389	0.458
sub-132_task-EyeTracking_physio	167	973.068	1123.074	150.006	1575.457	866.602	0.084	0.015	0.105	0.324
sub-132_task-EyeTracking_physio	167	1164.739	1331.410	166.671	1492.818	654.942	0.096	0.024	0.194	0.214
sub-132_task-EyeTracking_physio	167	1364.744	1498.071	133.327	1365.047	597.818	0.067	0.010	0.170	0.102
sub-132_task-EyeTracking_physio	167	1539.746	1889.759	350.013	1156.360	869.142	0.082	0.123	0.391	1.178
sub-132_task-EyeTracking_physio	167	1956.425	2256.435	300.010	1067.565	996.397	0.090	0.052	0.231	0.590
sub-132_task-EyeTracking_physio	167	2289.767	2389.769	100.002	1014.650	770.957	0.143	0.085	0.296	0.549
sub-132_task-EyeTracking_physio	167	2431.434	2706.436	275.002	1149.160	565.735	0.093	0.016	0.167	0.244
sub-132_task-EyeTracking_physio	167	2739.778	3006.451	266.673	1366.408	741.880	0.163	0.154	0.611	0.966
sub-132_task-EyeTracking_physio	168	-2281.358	-2056.351	225.007	1350.465	936.990	0.069	0.020	0.134	0.369
sub-132_task-EyeTracking_physio	168	-2014.684	-1623.007	391.677	1272.025	727.230	0.075	0.020	0.232	0.249
sub-132_task-EyeTracking_physio	168	-1606.341	-497.976	1108.365	1282.235	689.020	0.114	0.071	0.276	0.693
sub-132_task-EyeTracking_physio	168	-456.311	-106.302	350.009	1151.990	700.592	0.123	0.042	0.353	0.415
sub-132_task-EyeTracking_physio	168	-89.635	327.044	416.679	1268.077	707.058	0.144	0.056	0.688	0.427
sub-132_task-EyeTracking_physio	168	385.376	543.717	158.341	1532.100	902.970	0.106	0.019	0.153	0.244
sub-132_task-EyeTracking_physio	168	585.382	743.718	158.336	1628.790	903.110	0.129	0.039	0.306	0.294
sub-132_task-EyeTracking_physio	168	768.718	952.059	183.341	1628.923	780.625	0.136	0.033	0.191	0.419
sub-132_task-EyeTracking_physio	168	985.392	1193.731	208.339	1613.380	638.510	0.087	0.020	0.234	0.237
sub-132_task-EyeTracking_physio	168	1227.065	1343.733	116.668	1370.785	609.737	0.121	0.027	0.352	0.166
sub-132_task-EyeTracking_physio	168	1377.067	1510.405	133.338	1152.258	665.947	0.097	0.034	0.320	0.261
sub-132_task-EyeTracking_physio	168	1568.737	1960.412	391.675	1012.695	825.015	0.146	0.068	0.281	0.701
sub-132_task-EyeTracking_physio	168	2035.417	2193.753	158.336	1052.530	777.950	0.137	0.020	0.120	0.289
sub-132_task-EyeTracking_physio	168	2218.752	2627.103	408.351	1157.805	717.355	0.125	0.040	0.314	0.428
sub-132_task-EyeTracking_physio	168	2693.768	2835.437	141.669	1071.540	640.440	0.100	0.021	0.213	0.216
sub-132_task-EyeTracking_physio	168	2893.773	3010.447	116.674	888.145	653.180	0.093	0.016	0.114	0.263
sub-132_task-EyeTracking_physio	169	-676.060	-576.056	100.004	899.088	662.952	0.078	0.022	0.186	0.198
sub-132_task-EyeTracking_physio	169	-551.057	-417.719	133.338	1147.370	651.743	0.151	0.070	0.256	0.558
sub-132_task-EyeTracking_physio	169	-351.050	398.966	750.016	1255.242	691.158	0.185	0.093	0.201	1.168
sub-132_task-EyeTracking_physio	169	440.636	898.976	458.340	1298.465	901.695	0.103	0.050	0.410	0.380
sub-132_task-EyeTracking_physio	169	923.975	1307.318	383.343	1101.435	910.300	0.094	0.059	0.512	0.369
sub-132_task-EyeTracking_physio	169	1332.319	1723.995	391.676	1510.415	886.335	0.149	0.108	0.784	0.622
sub-132_task-EyeTracking_physio	169	1749.001	2015.673	266.672	1497.915	1054.983	0.095	0.057	0.225	0.513
sub-132_task-EyeTracking_physio	169	2040.672	2149.009	108.337	1357.680	1033.400	0.168	0.283	0.576	0.753
sub-132_task-EyeTracking_physio	169	2190.675	2299.013	108.338	1038.220	930.955	0.159	0.088	0.410	0.429
sub-132_task-EyeTracking_physio	169	2332.346	2515.681	183.335	917.470	934.367	0.115	0.033	0.371	0.208
sub-132_task-EyeTracking_physio	169	2540.684	2932.362	391.678	1125.480	655.070	0.106	0.048	0.350	0.405
sub-132_task-EyeTracking_physio	170	-395.595	-287.260	108.335	1116.855	765.935	0.113	0.019	0.155	0.223
sub-132_task-EyeTracking_physio	170	-253.926	312.751	566.677	1272.758	712.590	0.077	0.018	0.256	0.210
sub-132_task-EyeTracking_physio	170	329.423	596.095	266.672	1199.303	759.457	0.114	0.036	0.301	0.364
sub-132_task-EyeTracking_physio	170	621.095	962.770	341.675	1155.805	868.710	0.196	0.289	0.894	1.052
sub-132_task-EyeTracking_physio	170	987.772	1196.106	208.334	1277.380	791.405	0.154	0.048	0.321	0.370
sub-132_task-EyeTracking_physio	170	1221.106	1696.120	475.014	1412.765	763.790	0.080	0.023	0.286	0.286
sub-132_task-EyeTracking_physio	170	1729.452	2062.795	333.343	1506.852	895.168	0.189	0.078	0.331	0.689
sub-132_task-EyeTracking_physio	170	2087.796	2262.798	175.002	1589.335	859.580	0.142	0.029	0.164	0.365
sub-132_task-EyeTracking_physio	170	2287.799	2512.805	225.006	1616.590	783.395	0.068	0.012	0.179	0.158
sub-132_task-EyeTracking_physio	170	2529.472	2712.813	183.341	1620.790	691.255	0.078	0.020	0.187	0.196
sub-132_task-EyeTracking_physio	170	2754.478	3004.486	250.008	1610.827	636.225	0.072	0.010	0.183	0.157
sub-132_task-EyeTracking_physio	171	-773.818	-490.476	283.342	1323.577	661.487	0.085	0.026	0.310	0.199
sub-132_task-EyeTracking_physio	171	-473.810	467.882	941.692	1257.245	685.930	0.125	0.053	0.333	0.507
sub-132_task-EyeTracking_physio	171	526.214	826.220	300.006	1283.217	867.265	0.184	0.090	0.376	0.787
sub-132_task-EyeTracking_physio	171	842.886	959.557	116.671	1404.090	877.727	0.192	0.069	0.505	0.307
sub-132_task-EyeTracking_physio	171	984.561	1142.897	158.336	1564.420	788.335	0.138	0.053	0.293	0.356
sub-132_task-EyeTracking_physio	171	1184.563	1601.241	416.678	1666.050	739.243	0.104	0.028	0.382	0.317
sub-132_task-EyeTracking_physio	171	1751.244	2109.585	358.341	977.450	747.345	0.147	0.079	0.471	0.599
sub-132_task-EyeTracking_physio	171	2134.585	2276.255	141.670	1008.290	702.000	0.112	0.013	0.102	0.277
sub-132_task-EyeTracking_physio	171	2326.259	2551.265	225.006	1080.275	562.110	0.098	0.022	0.144	0.303
sub-132_task-EyeTracking_physio	171	2567.931	2917.937	350.006	1069.727	549.060	0.066	0.017	0.223	0.228
sub-132_task-EyeTracking_physio	172	-5097.177	-4905.510	191.667	1295.335	938.215	0.249	0.334	1.891	0.615
sub-132_task-EyeTracking_physio	172	-4872.177	-4722.170	150.007	1249.315	745.638	0.145	0.032	0.128	0.468
sub-132_task-EyeTracking_physio	172	-4705.503	-4180.492	525.011	1290.620	672.600	0.161	0.043	0.353	0.533
sub-132_task-EyeTracking_physio	172	-3688.810	-3372.140	316.670	1268.055	617.285	0.080	0.028	0.190	0.386
sub-132_task-EyeTracking_physio	172	-3338.806	-3113.800	225.006	1290.685	637.570	0.079	0.027	0.271	0.260
sub-132_task-EyeTracking_physio	172	-3080.467	-2888.793	191.674	1255.280	654.040	0.078	0.017	0.182	0.199
sub-132_task-EyeTracking_physio	172	-2855.461	-2572.121	283.340	1328.845	650.827	0.084	0.019	0.297	0.208
sub-132_task-EyeTracking_physio	172	-2555.454	-1813.771	741.683	1273.540	652.700	0.168	0.055	0.578	0.633
sub-132_task-EyeTracking_physio	172	-1805.437	-847.082	958.355	1275.180	673.360	0.084	0.062	0.299	0.593
sub-132_task-EyeTracking_physio	172	-838.749	-288.737	550.012	1285.608	684.730	0.087	0.102	0.553	0.524
sub-132_task-EyeTracking_physio	172	-213.732	369.613	583.345	1286.793	695.700	0.075	0.055	0.435	0.721
sub-132_task-EyeTracking_physio	172	444.617	561.285	116.668	1344.818	885.447	0.156	0.020	0.086	0.314
sub-132_task-EyeTracking_physio	172	586.285	769.626	183.341	1375.517	802.810	0.071	0.017	0.160	0.200
sub-132_task-EyeTracking_physio	172	794.627	1119.632	325.005	1390.660	746.185	0.100	0.058	0.390	0.446
sub-132_task-EyeTracking_physio	172	1144.631	1486.309	341.678	1536.115	785.560	0.152	0.222	0.972	0.934
sub-132_task-EyeTracking_physio	172	1544.641	1777.980	233.339	942.752	895.727	0.145	0.074	0.498	0.488
sub-132_task-EyeTracking_physio	172	1836.318	2186.323	350.005	1237.932	922.850	0.067	0.017	0.179	0.267
sub-132_task-EyeTracking_physio	172	2219.661	2352.997	133.336	1319.697	700.158	0.136	0.042	0.194	0.447
sub-132_task-EyeTracking_physio	172	2402.997	2561.332	158.335	1394.865	588.700	0.078	0.013	0.198	0.174
sub-132_task-EyeTracking_physio	172	2594.665	2911.343	316.678	1521.102	540.420	0.096	0.019	0.315	0.200
sub-132_task-EyeTracking_physio	173	-733.530	-458.524	275.006	1615.715	660.015	0.139	0.029	0.244	0.355
sub-132_task-EyeTracking_physio	173	-425.184	-291.847	133.337	1429.855	658.685	0.110	0.021	0.171	0.189
sub-132_task-EyeTracking_physio	173	-266.848	-91.847	175.001	1321.380	686.090	0.107	0.023	0.265	0.287
sub-132_task-EyeTracking_physio	173	-66.847	274.829	341.676	1253.710	702.720	0.068	0.018	0.198	0.301
sub-132_task-EyeTracking_physio	173	299.828	458.166	158.338	1286.985	771.045	0.087	0.025	0.164	0.279
sub-132_task-EyeTracking_physio	173	474.832	891.512	416.680	1356.680	925.060	0.399	1.329	1.027	4.598
sub-132_task-EyeTracking_physio	173	916.512	1074.847	158.335	1384.755	840.060	0.104	0.024	0.180	0.295
sub-132_task-EyeTracking_physio	173	1099.847	1258.184	158.337	1453.755	775.290	0.134	0.033	0.244	0.354
sub-132_task-EyeTracking_physio	173	1283.187	1591.527	308.340	1619.440	734.925	0.151	0.119	0.652	0.890
sub-132_task-EyeTracking_physio	173	1624.861	1858.199	233.338	1012.095	772.227	0.339	0.175	1.388	0.340
sub-132_task-EyeTracking_physio	173	1899.866	2074.873	175.007	919.765	738.240	0.093	0.038	0.258	0.350
sub-132_task-EyeTracking_physio	173	2108.207	2524.883	416.676	935.700	604.495	0.104	0.039	0.207	0.486
sub-132_task-EyeTracking_physio	173	2574.883	3008.229	433.346	955.065	854.402	0.104	0.039	0.360	0.382
sub-132_task-EyeTracking_physio	174	-361.349	-219.676	141.673	1049.235	753.650	0.109	0.021	0.217	0.148
sub-132_task-EyeTracking_physio	174	-178.010	388.668	566.678	1254.742	694.480	0.087	0.023	0.323	0.244
sub-132_task-EyeTracking_physio	174	455.342	747.013	291.671	1285.800	1014.800	0.151	0.098	0.533	0.738
sub-132_task-EyeTracking_physio	174	788.680	1080.351	291.671	1578.980	892.245	0.076	0.022	0.230	0.279
sub-132_task-EyeTracking_physio	174	1130.356	1630.370	500.014	1006.197	889.235	0.102	0.045	0.373	0.398
sub-132_task-EyeTracking_physio	174	1672.036	1788.706	116.670	1119.370	672.085	0.160	0.052	0.201	0.484
sub-132_task-EyeTracking_physio	174	1838.706	2063.702	224.996	1185.860	556.715	0.165	0.034	0.200	0.439
sub-132_task-EyeTracking_physio	174	2080.368	2480.386	400.018	1395.382	558.987	0.136	0.043	0.584	0.285
sub-132_task-EyeTracking_physio	174	2513.719	2730.393	216.674	1469.090	575.810	0.070	0.013	0.173	0.201
sub-132_task-EyeTracking_physio	174	2755.394	3005.399	250.005	1541.315	594.475	0.092	0.030	0.265	0.272
sub-132_task-EyeTracking_physio	175	-1465.081	-923.395	541.686	1292.145	646.750	0.177	0.229	1.814	0.792
sub-132_task-EyeTracking_physio	175	-856.729	-556.720	300.009	1260.505	778.580	0.123	0.059	0.309	0.651
sub-132_task-EyeTracking_physio	175	-515.054	-340.050	175.004	1231.360	737.805	0.121	0.013	0.072	0.298
sub-132_task-EyeTracking_physio	175	-323.383	243.299	566.682	1273.972	697.582	0.162	0.052	0.384	0.508
sub-132_task-EyeTracking_physio	175	293.299	493.304	200.005	1339.910	891.672	0.101	0.026	0.237	0.260
sub-132_task-EyeTracking_physio	175	509.971	709.974	200.003	1465.855	784.108	0.197	0.058	0.295	0.524
sub-132_task-EyeTracking_physio	175	743.312	1218.321	475.009	1645.945	736.705	0.090	0.029	0.309	0.252
sub-132_task-EyeTracking_physio	175	1293.324	1518.331	225.007	1328.710	873.260	0.108	0.035	0.240	0.314
sub-132_task-EyeTracking_physio	175	1676.667	1876.669	200.002	966.010	752.000	0.171	0.057	0.305	0.375
sub-132_task-EyeTracking_physio	175	1901.670	2110.009	208.339	883.810	694.230	0.166	0.041	0.255	0.394
sub-132_task-EyeTracking_physio	175	2143.333	2326.682	183.349	881.842	611.080	0.125	0.041	0.258	0.311
sub-132_task-EyeTracking_physio	175	2376.681	2526.685	150.004	1046.052	552.487	0.057	0.007	0.129	0.086
sub-132_task-EyeTracking_physio	175	2576.689	2751.692	175.003	1283.100	555.010	0.066	0.008	0.126	0.142
sub-132_task-EyeTracking_physio	175	2801.691	3010.023	208.332	1437.950	591.740	0.066	0.010	0.111	0.175
sub-132_task-EyeTracking_physio	176	-2311.193	-2086.183	225.010	1305.505	669.760	0.146	0.051	0.239	0.496
sub-132_task-EyeTracking_physio	176	-2069.516	-1761.178	308.338	1235.560	681.315	0.168	0.096	0.599	0.628
sub-132_task-EyeTracking_physio	176	-1511.172	-1386.168	125.004	1212.600	649.170	0.136	0.114	0.225	0.847
sub-132_task-EyeTracking_physio	176	-1377.835	-844.491	533.344	1291.673	651.418	0.165	0.069	0.486	0.625
sub-132_task-EyeTracking_physio	176	-811.151	-527.811	283.340	1229.290	698.023	0.130	0.027	0.149	0.500
sub-132_task-EyeTracking_physio	176	-494.478	-36.136	458.342	1276.825	679.915	0.127	0.028	0.153	0.454
sub-132_task-EyeTracking_physio	176	-19.464	313.876	333.340	1253.738	681.168	0.102	0.070	0.353	0.557
sub-132_task-EyeTracking_physio	176	347.209	697.220	350.011	1337.158	879.982	0.181	0.070	0.224	0.826
sub-132_task-EyeTracking_physio	176	730.552	930.558	200.006	1203.850	953.455	0.172	0.059	0.555	0.275
sub-132_task-EyeTracking_physio	176	963.891	1230.565	266.674	1070.705	945.815	0.136	0.038	0.435	0.296
sub-132_task-EyeTracking_physio	176	1272.232	1447.238	175.006	940.030	912.790	0.096	0.030	0.255	0.267
sub-132_task-EyeTracking_physio	176	1480.572	1663.898	183.326	870.227	806.445	0.147	0.049	0.216	0.323
sub-132_task-EyeTracking_physio	176	1688.913	1838.914	150.001	1017.138	620.592	0.083	0.020	0.180	0.209
sub-132_task-EyeTracking_physio	176	1855.581	2038.916	183.335	1241.537	592.592	0.145	0.029	0.419	0.179
sub-132_task-EyeTracking_physio	176	2072.254	2272.258	200.004	1506.390	658.465	0.120	0.067	0.403	0.525
sub-132_task-EyeTracking_physio	176	2322.257	2630.603	308.346	1589.195	896.345	0.149	0.052	0.228	0.648
sub-132_task-EyeTracking_physio	176	2647.270	2872.274	225.004	1665.285	890.505	0.174	0.061	0.727	0.233
sub-132_task-EyeTracking_physio	176	2897.274	3005.610	108.336	1650.910	852.130	0.077	0.019	0.141	0.264
sub-132_task-EyeTracking_physio	177	-647.586	-472.595	174.991	1312.535	628.720	0.149	0.051	0.307	0.467
sub-132_task-EyeTracking_physio	177	-55.909	202.430	258.339	1276.510	660.990	0.142	0.067	0.295	0.534
sub-132_task-EyeTracking_physio	177	219.097	402.438	183.341	1299.090	596.895	0.167	0.068	0.438	0.508
sub-132_task-EyeTracking_physio	177	419.105	702.445	283.340	1340.130	569.128	0.087	0.022	0.214	0.347
sub-132_task-EyeTracking_physio	177	785.781	1169.124	383.343	1282.610	920.095	0.141	0.053	0.251	0.749
sub-132_task-EyeTracking_physio	177	1210.790	1310.792	100.002	1453.255	881.197	0.101	0.038	0.210	0.285
sub-132_task-EyeTracking_physio	177	1335.793	1594.134	258.341	1617.595	909.185	0.231	0.096	0.590	0.479
sub-132_task-EyeTracking_physio	177	1610.799	1719.136	108.337	1534.065	792.300	0.118	0.026	0.199	0.210
sub-132_task-EyeTracking_physio	177	1785.801	2277.474	491.673	896.730	804.845	0.150	0.057	0.369	0.486
sub-132_task-EyeTracking_physio	177	2294.140	2510.820	216.680	928.808	862.020	0.155	0.109	0.462	0.653
sub-132_task-EyeTracking_physio	177	2527.487	2944.163	416.676	925.220	899.525	0.128	0.061	0.332	0.547
sub-132_task-EyeTracking_physio	178	-1126.059	-934.386	191.673	1207.445	649.370	0.083	0.013	0.189	0.139
sub-132_task-EyeTracking_physio	178	-917.719	-451.031	466.688	1306.625	677.805	0.157	0.061	0.375	0.748
sub-132_task-EyeTracking_physio	178	-426.033	407.322	833.355	1269.365	678.342	0.172	0.067	0.268	0.691
sub-132_task-EyeTracking_physio	178	440.646	715.667	275.021	1298.545	935.665	0.124	0.038	0.257	0.394
sub-132_task-EyeTracking_physio	178	732.333	932.327	199.994	1232.213	875.102	0.200	0.046	0.254	0.732
sub-132_task-EyeTracking_physio	178	948.994	1232.343	283.349	1153.990	766.810	0.107	0.030	0.201	0.387
sub-132_task-EyeTracking_physio	178	1274.014	1449.008	174.994	1083.595	748.685	0.149	0.034	0.194	0.375
sub-132_task-EyeTracking_physio	178	1490.674	1715.681	225.007	957.990	704.725	0.140	0.047	0.297	0.402
sub-132_task-EyeTracking_physio	178	1740.680	1932.363	191.683	898.735	661.015	0.064	0.019	0.164	0.234
sub-132_task-EyeTracking_physio	178	1957.355	2115.700	158.345	983.505	607.365	0.062	0.016	0.222	0.153
sub-132_task-EyeTracking_physio	178	2140.700	2365.697	224.997	1180.690	591.855	0.078	0.023	0.253	0.253
sub-132_task-EyeTracking_physio	178	2390.697	2615.709	225.012	1330.025	593.095	0.105	0.024	0.377	0.199
sub-132_task-EyeTracking_physio	178	2640.707	3007.380	366.673	1402.500	610.320	0.075	0.022	0.207	0.281
sub-132_task-EyeTracking_physio	179	-1329.737	-1121.389	208.348	1291.675	708.265	0.068	0.009	0.149	0.123
sub-132_task-EyeTracking_physio	179	-1104.731	-854.719	250.012	1244.403	679.403	0.082	0.022	0.205	0.276
sub-132_task-EyeTracking_physio	179	-829.727	-488.040	341.687	1320.020	674.270	0.079	0.022	0.210	0.248
sub-132_task-EyeTracking_physio	179	-463.041	-96.366	366.675	1263.990	669.510	0.111	0.029	0.194	0.475
sub-132_task-EyeTracking_physio	179	20.304	395.314	375.010	1293.190	812.330	0.126	0.071	0.455	0.532
sub-132_task-EyeTracking_physio	179	595.316	1061.996	466.680	1618.750	933.265	0.145	0.120	0.423	0.934
sub-132_task-EyeTracking_physio	179	1095.329	1412.001	316.672	1299.952	881.830	0.123	0.059	0.510	0.400
sub-132_task-EyeTracking_physio	179	1570.343	1828.682	258.339	1351.110	603.335	0.095	0.021	0.329	0.284
sub-132_task-EyeTracking_physio	179	1853.682	2345.360	491.678	1501.105	554.655	0.102	0.026	0.421	0.431
sub-132_task-EyeTracking_physio	179	2412.026	2770.368	358.342	1339.850	903.290	0.129	0.065	0.349	0.616
sub-132_task-EyeTracking_physio	179	2828.702	3003.708	175.006	1036.745	750.570	0.162	0.130	0.407	0.613
sub-132_task-EyeTracking_physio	180	-1800.377	-1583.702	216.675	1047.060	734.110	0.127	0.055	0.244	0.478
sub-132_task-EyeTracking_physio	180	-1558.704	-1358.704	200.000	1184.425	706.183	0.173	0.059	0.244	0.574
sub-132_task-EyeTracking_physio	180	-1300.363	-908.688	391.675	1276.790	753.270	0.086	0.026	0.204	0.343
sub-132_task-EyeTracking_physio	180	-875.363	-692.014	183.349	1230.270	729.115	0.098	0.029	0.253	0.298
sub-132_task-EyeTracking_physio	180	-650.356	-483.686	166.670	1289.703	724.010	0.140	0.041	0.235	0.346
sub-132_task-EyeTracking_physio	180	-383.674	-267.003	116.671	1318.260	1052.440	1.120	6.542	1.082	3.036
sub-132_task-EyeTracking_physio	180	-108.667	333.005	441.672	1301.810	732.050	0.085	0.041	0.266	0.566
sub-132_task-EyeTracking_physio	180	366.338	608.015	241.677	1375.795	746.965	0.105	0.034	0.267	0.302
sub-132_task-EyeTracking_physio	180	641.347	841.351	200.004	1466.912	750.847	0.113	0.027	0.239	0.270
sub-132_task-EyeTracking_physio	180	883.018	1008.022	125.004	1536.735	695.875	0.156	0.041	0.171	0.334
sub-132_task-EyeTracking_physio	180	1041.356	1141.361	100.005	1638.773	631.180	0.092	0.023	0.116	0.251
sub-132_task-EyeTracking_physio	180	1183.027	1441.364	258.337	1582.530	549.130	0.080	0.027	0.255	0.248
sub-132_task-EyeTracking_physio	180	1466.364	1924.715	458.351	1618.055	538.945	0.083	0.022	0.296	0.252
sub-132_task-EyeTracking_physio	180	1966.380	2308.059	341.679	1195.250	581.045	0.116	0.045	0.329	0.367
sub-132_task-EyeTracking_physio	180	2333.059	2574.734	241.675	1094.950	581.810	0.120	0.029	0.231	0.370
sub-132_task-EyeTracking_physio	180	2599.733	2699.736	100.003	1012.918	637.680	0.281	0.217	0.800	0.593
sub-132_task-EyeTracking_physio	180	2774.734	3008.075	233.341	1047.562	745.007	0.151	0.071	0.310	0.563
sub-132_task-EyeTracking_physio	181	-361.495	-236.493	125.002	1204.510	713.735	0.079	0.013	0.126	0.201
sub-132_task-EyeTracking_physio	181	-203.160	430.192	633.352	1289.380	706.570	0.093	0.030	0.196	0.662
sub-132_task-EyeTracking_physio	181	621.862	755.198	133.336	1162.142	685.422	0.184	0.046	0.297	0.378
sub-132_task-EyeTracking_physio	181	796.866	1213.544	416.678	1033.912	646.250	0.086	0.050	0.444	0.399
sub-132_task-EyeTracking_physio	181	1230.211	1330.216	100.005	1125.560	689.970	0.250	0.084	0.359	0.560
sub-132_task-EyeTracking_physio	181	1338.549	1630.220	291.671	1137.875	748.360	0.316	0.291	0.603	2.257
sub-132_task-EyeTracking_physio	181	1655.221	1863.563	208.342	1226.225	754.835	0.211	0.063	0.217	0.796
sub-132_task-EyeTracking_physio	181	1913.562	2096.895	183.333	1410.912	803.648	0.224	0.062	0.231	0.690
sub-132_task-EyeTracking_physio	181	2130.232	2313.570	183.338	1541.317	797.362	0.178	0.042	0.229	0.400
sub-132_task-EyeTracking_physio	181	2363.570	2713.586	350.016	1610.620	704.090	0.112	0.036	0.232	0.379
sub-132_task-EyeTracking_physio	181	2738.586	3005.251	266.665	1613.850	624.027	0.100	0.032	0.263	0.333
sub-132_task-EyeTracking_physio	182	-2165.790	-1840.776	325.014	1315.330	688.475	0.165	0.055	0.441	0.534
sub-132_task-EyeTracking_physio	182	-1732.438	-507.406	1225.032	1259.705	703.930	0.100	0.049	0.382	0.652
sub-132_task-EyeTracking_physio	182	-215.734	542.611	758.345	1263.535	722.400	0.109	0.089	0.415	0.815
sub-132_task-EyeTracking_physio	182	642.610	875.962	233.352	1346.545	898.180	0.142	0.056	0.297	0.401
sub-132_task-EyeTracking_physio	182	909.296	1117.624	208.328	1425.875	859.715	0.151	0.107	0.254	0.903
sub-132_task-EyeTracking_physio	182	1142.624	1300.958	158.334	1455.680	806.490	0.134	0.034	0.270	0.317
sub-132_task-EyeTracking_physio	182	1325.965	1492.633	166.668	1435.828	657.175	0.163	0.079	0.437	0.442
sub-132_task-EyeTracking_physio	182	1634.311	2025.988	391.677	989.570	667.605	0.157	0.155	0.707	0.745
sub-132_task-EyeTracking_physio	182	2109.324	2592.667	483.343	991.582	930.322	0.089	0.037	0.247	0.430
sub-132_task-EyeTracking_physio	182	2634.339	2826.009	191.670	1090.745	846.845	0.099	0.022	0.266	0.264
sub-132_task-EyeTracking_physio	182	2867.675	3009.344	141.669	1162.755	777.460	0.086	0.013	0.139	0.144
sub-132_task-EyeTracking_physio	183	-210.115	-51.780	158.335	1234.925	744.205	0.069	0.023	0.151	0.278
sub-132_task-EyeTracking_physio	183	-26.779	381.568	408.347	1288.475	721.050	0.088	0.024	0.197	0.311
sub-132_task-EyeTracking_physio	183	406.567	689.907	283.340	1250.327	813.560	0.101	0.080	0.462	0.549
sub-132_task-EyeTracking_physio	183	748.239	931.580	183.341	1233.230	803.947	0.329	0.612	0.738	2.151
sub-132_task-EyeTracking_physio	183	964.914	1139.915	175.001	1110.120	748.130	0.131	0.051	0.315	0.432
sub-132_task-EyeTracking_physio	183	1156.588	1339.914	183.326	966.732	723.340	0.157	0.049	0.505	0.232
sub-132_task-EyeTracking_physio	183	1373.256	1531.593	158.337	940.390	672.350	0.078	0.031	0.314	0.156
sub-132_task-EyeTracking_physio	183	1548.254	1756.599	208.345	1028.440	593.360	0.090	0.021	0.244	0.204
sub-132_task-EyeTracking_physio	183	1898.270	2081.610	183.340	1479.730	647.445	0.086	0.039	0.236	0.293
sub-132_task-EyeTracking_physio	183	2114.943	2756.626	641.683	1587.900	737.090	0.076	0.044	0.376	0.326
sub-132_task-EyeTracking_physio	184	-2414.632	-2097.955	316.677	1524.773	725.058	0.083	0.029	0.237	0.308
sub-132_task-EyeTracking_physio	184	-2056.289	-1889.630	166.659	1315.247	665.400	0.117	0.042	0.315	0.257
sub-132_task-EyeTracking_physio	184	-1589.616	-972.930	616.686	1266.412	644.477	0.113	0.072	0.386	0.479
sub-132_task-EyeTracking_physio	184	-956.267	-439.583	516.684	1317.202	665.263	0.163	0.072	0.667	0.477
sub-132_task-EyeTracking_physio	184	-414.579	393.774	808.353	1270.920	688.960	0.151	0.144	0.616	0.876
sub-132_task-EyeTracking_physio	184	427.107	818.782	391.675	1305.130	719.715	0.154	0.074	0.222	0.754
sub-132_task-EyeTracking_physio	184	877.120	1002.118	124.998	1467.570	719.850	0.090	0.019	0.117	0.276
sub-132_task-EyeTracking_physio	184	1052.123	1327.121	274.998	1543.875	722.680	0.093	0.030	0.309	0.237
sub-132_task-EyeTracking_physio	184	1418.792	1960.478	541.686	1009.875	696.570	0.195	0.160	1.048	0.815
sub-132_task-EyeTracking_physio	184	2027.144	2293.818	266.674	1109.767	787.263	0.170	0.050	0.287	0.688
sub-132_task-EyeTracking_physio	184	2318.822	2535.490	216.668	1122.610	713.805	0.179	0.103	0.495	0.570
sub-132_task-EyeTracking_physio	184	2560.490	3010.503	450.013	1122.443	586.672	0.142	0.037	0.261	0.474
sub-132_task-EyeTracking_physio	185	-1026.282	-534.602	491.680	1318.225	660.245	0.156	0.056	0.347	0.604
sub-132_task-EyeTracking_physio	185	-509.603	432.091	941.694	1257.030	694.890	0.116	0.124	0.540	0.871
sub-132_task-EyeTracking_physio	185	448.757	582.094	133.337	1325.673	714.143	0.163	0.059	0.409	0.283
sub-132_task-EyeTracking_physio	185	607.093	765.430	158.337	1463.550	677.205	0.131	0.035	0.368	0.260
sub-132_task-EyeTracking_physio	185	790.429	1173.773	383.344	1606.570	643.773	0.090	0.038	0.342	0.230
sub-132_task-EyeTracking_physio	185	1215.445	1540.447	325.002	1160.440	786.495	0.130	0.041	0.494	0.362
sub-132_task-EyeTracking_physio	185	1807.119	1998.796	191.677	1107.940	827.790	0.097	0.029	0.223	0.251
sub-132_task-EyeTracking_physio	185	2032.121	2198.790	166.669	994.890	616.602	0.157	0.050	0.402	0.375
sub-132_task-EyeTracking_physio	185	2240.465	2615.466	375.001	1002.770	534.920	0.076	0.024	0.234	0.339
sub-132_task-EyeTracking_physio	185	2657.138	2773.811	116.673	1068.507	1053.060	0.521	12.675	3.501	8.433
sub-132_task-EyeTracking_physio	185	2790.471	3007.149	216.678	1062.432	841.265	0.266	0.107	0.278	0.734
sub-132_task-EyeTracking_physio	186	-312.396	-154.060	158.336	1061.665	820.445	0.140	0.043	0.211	0.410
sub-132_task-EyeTracking_physio	186	-120.727	345.953	466.680	1280.070	708.115	0.134	0.045	0.283	0.526
sub-132_task-EyeTracking_physio	186	379.286	562.628	183.342	1221.658	638.510	0.101	0.032	0.279	0.268
sub-132_task-EyeTracking_physio	186	595.960	929.301	333.341	1152.770	619.832	0.078	0.015	0.178	0.240
sub-132_task-EyeTracking_physio	186	954.303	1104.307	150.004	1233.782	622.543	0.069	0.012	0.145	0.155
sub-132_task-EyeTracking_physio	186	1129.306	1362.646	233.340	1520.560	652.175	0.111	0.042	0.402	0.352
sub-132_task-EyeTracking_physio	186	1379.313	1804.322	425.009	1582.925	654.745	0.113	0.031	0.540	0.288
sub-132_task-EyeTracking_physio	186	1854.321	1995.991	141.670	1188.170	841.195	0.159	0.069	0.285	0.583
sub-132_task-EyeTracking_physio	186	2029.328	2212.662	183.334	1044.828	849.817	0.197	0.072	0.502	0.448
sub-132_task-EyeTracking_physio	186	2245.995	2462.671	216.676	957.150	791.252	0.109	0.036	0.349	0.352
sub-132_task-EyeTracking_physio	186	2512.671	2679.344	166.673	984.330	655.655	0.078	0.009	0.115	0.169
sub-132_task-EyeTracking_physio	186	2721.011	2929.351	208.340	1075.830	606.475	0.066	0.009	0.148	0.155
sub-132_task-EyeTracking_physio	187	-365.219	-248.550	116.669	1204.053	597.270	0.067	0.013	0.123	0.192
sub-132_task-EyeTracking_physio	187	-48.549	359.794	408.343	1295.225	719.880	0.115	0.041	0.147	0.809
sub-132_task-EyeTracking_physio	187	376.464	568.133	191.669	1342.000	695.870	0.133	0.061	0.361	0.366
sub-132_task-EyeTracking_physio	187	626.470	1093.146	466.676	1529.662	877.820	0.275	0.490	0.786	2.256
sub-132_task-EyeTracking_physio	187	1109.813	1268.147	158.334	1476.210	812.680	0.175	0.056	0.218	0.504
sub-132_task-EyeTracking_physio	187	1293.151	1559.825	266.674	1440.300	681.108	0.077	0.017	0.177	0.333
sub-132_task-EyeTracking_physio	187	1618.159	2001.498	383.339	1120.875	859.748	0.144	0.079	0.213	1.015
sub-132_task-EyeTracking_physio	187	2043.165	2193.168	150.003	1063.358	895.553	0.122	0.020	0.121	0.374
sub-132_task-EyeTracking_physio	187	2276.505	2476.513	200.008	996.877	871.027	0.108	0.040	0.244	0.357
sub-132_task-EyeTracking_physio	187	2509.837	2868.188	358.351	949.730	802.130	0.152	0.086	0.409	0.533
sub-132_task-EyeTracking_physio	187	2901.521	3009.857	108.336	1060.205	674.470	0.107	0.027	0.271	0.293
sub-132_task-EyeTracking_physio	188	-7765.767	-7574.094	191.673	1061.280	671.005	0.116	0.023	0.180	0.343
sub-132_task-EyeTracking_physio	188	-7549.094	-7324.087	225.007	1176.620	654.495	0.069	0.012	0.181	0.163
sub-132_task-EyeTracking_physio	188	-7307.420	-6690.739	616.681	1297.352	660.878	0.090	0.047	0.558	0.370
sub-132_task-EyeTracking_physio	188	-6215.730	-6057.395	158.335	1299.780	657.840	0.112	0.044	0.263	0.284
sub-132_task-EyeTracking_physio	188	-6032.391	-5857.389	175.002	1254.650	670.310	0.099	0.041	0.223	0.385
sub-132_task-EyeTracking_physio	188	-5840.723	-5657.385	183.338	1312.690	678.515	0.153	0.063	0.612	0.351
sub-132_task-EyeTracking_physio	188	-5624.047	-5457.377	166.670	1272.125	678.485	0.089	0.020	0.251	0.214
sub-132_task-EyeTracking_physio	188	-5440.710	-5290.708	150.002	1319.900	680.910	0.167	0.062	0.609	0.269
sub-132_task-EyeTracking_physio	188	-5274.041	-4657.362	616.679	1285.625	696.860	0.143	0.095	0.557	0.462
sub-132_task-EyeTracking_physio	188	-4640.695	-4240.681	400.014	1292.895	708.580	0.085	0.023	0.232	0.289
sub-132_task-EyeTracking_physio	188	-4215.683	-3749.004	466.679	1307.550	692.215	0.108	0.037	0.363	0.355
sub-132_task-EyeTracking_physio	188	-3724.004	-3357.325	366.679	1268.700	674.450	0.102	0.040	0.295	0.372
sub-132_task-EyeTracking_physio	188	-3315.660	-3123.986	191.674	1310.050	666.130	0.110	0.024	0.175	0.361
sub-132_task-EyeTracking_physio	188	-3107.320	-2740.644	366.676	1268.540	663.250	0.138	0.064	0.462	0.546
sub-132_task-EyeTracking_physio	188	-2715.644	-2223.962	491.682	1321.140	662.620	0.115	0.077	0.507	0.488
sub-132_task-EyeTracking_physio	188	-2207.295	-1657.287	550.008	1256.655	662.345	0.201	0.114	0.486	1.009
sub-132_task-EyeTracking_physio	188	-1407.278	-315.588	1091.690	1258.800	712.390	0.107	0.058	0.395	0.680
sub-132_task-EyeTracking_physio	188	-298.921	267.751	566.672	1275.983	710.442	0.126	0.064	0.652	0.458
sub-132_task-EyeTracking_physio	188	284.427	434.422	149.995	1297.175	773.358	0.124	0.065	0.235	0.649
sub-132_task-EyeTracking_physio	188	451.097	667.759	216.662	1477.293	911.420	0.159	0.070	0.415	0.375
sub-132_task-EyeTracking_physio	188	684.426	851.098	166.672	1594.882	880.178	0.171	0.220	0.551	0.876
sub-132_task-EyeTracking_physio	188	876.098	984.436	108.338	1611.370	727.840	0.145	0.048	0.203	0.340
sub-132_task-EyeTracking_physio	188	1009.434	1201.106	191.672	1560.380	612.940	0.090	0.038	0.307	0.281
sub-132_task-EyeTracking_physio	188	1217.773	1384.444	166.671	1374.315	710.298	0.421	1.174	1.012	3.689
sub-132_task-EyeTracking_physio	188	1501.113	1601.117	100.004	1041.847	778.565	0.130	0.043	0.282	0.257
sub-132_task-EyeTracking_physio	188	1634.450	1867.790	233.340	973.545	761.820	0.163	0.070	0.548	0.363
sub-132_task-EyeTracking_physio	188	2009.458	2284.465	275.007	1079.410	744.060	0.146	0.104	0.379	0.638
sub-132_task-EyeTracking_physio	188	2317.798	2717.806	400.008	1117.517	817.820	0.116	0.041	0.304	0.352
sub-132_task-EyeTracking_physio	188	2734.473	2901.148	166.675	1138.780	792.195	0.086	0.018	0.196	0.228
sub-132_task-EyeTracking_physio	189	-827.138	-535.468	291.670	1110.420	692.070	0.143	0.030	0.208	0.411
sub-132_task-EyeTracking_physio	189	-510.465	-285.461	225.004	1216.425	688.530	0.154	0.043	0.228	0.406
sub-132_task-EyeTracking_physio	189	-268.795	-77.114	191.681	1271.885	687.200	0.248	0.081	0.669	0.421
sub-132_task-EyeTracking_physio	189	-10.457	89.549	100.006	1425.350	997.580	1.014	5.815	3.076	2.558
sub-132_task-EyeTracking_physio	189	97.882	347.888	250.006	1306.138	749.500	0.424	3.415	2.799	3.505
sub-132_task-EyeTracking_physio	189	372.888	547.906	175.018	1353.965	691.345	0.161	0.059	0.335	0.373
sub-132_task-EyeTracking_physio	189	572.907	764.562	191.655	1437.210	627.620	0.098	0.030	0.227	0.268
sub-132_task-EyeTracking_physio	189	806.235	964.580	158.345	1568.065	655.610	0.072	0.035	0.373	0.257
sub-132_task-EyeTracking_physio	189	1006.247	1281.253	275.006	1672.090	815.295	0.175	0.071	0.299	0.584
sub-132_task-EyeTracking_physio	189	1306.255	1531.260	225.005	1600.475	753.215	0.108	0.033	0.184	0.340
sub-132_task-EyeTracking_physio	189	1539.593	1639.596	100.003	1497.102	763.995	0.231	0.100	0.416	0.421
sub-132_task-EyeTracking_physio	189	1681.262	1806.256	124.994	1155.985	708.615	0.119	0.046	0.235	0.333
sub-132_task-EyeTracking_physio	189	1831.261	2131.275	300.014	1060.165	705.433	0.117	0.043	0.410	0.331
sub-132_task-EyeTracking_physio	189	2147.941	2447.938	299.997	1144.855	703.082	0.168	0.048	0.636	0.247
sub-132_task-EyeTracking_physio	189	2472.946	2672.946	200.000	989.010	722.580	0.113	0.043	0.271	0.299
sub-132_task-EyeTracking_physio	189	2706.287	3006.294	300.007	903.562	745.115	0.112	0.059	0.446	0.278
sub-132_task-EyeTracking_physio	190	-1063.866	-955.522	108.344	910.640	822.445	0.068	0.017	0.224	0.117
sub-132_task-EyeTracking_physio	190	-913.855	-488.841	425.014	1258.180	732.780	0.096	0.030	0.349	0.325
sub-132_task-EyeTracking_physio	190	-472.175	294.498	766.673	1272.842	722.673	0.084	0.025	0.264	0.337
sub-132_task-EyeTracking_physio	190	427.839	611.176	183.337	1362.515	792.350	0.112	0.035	0.194	0.328
sub-132_task-EyeTracking_physio	190	644.508	794.513	150.005	1461.247	801.832	0.156	0.051	0.232	0.655
sub-132_task-EyeTracking_physio	190	819.512	1044.516	225.004	1541.595	763.350	0.143	0.040	0.215	0.494
sub-132_task-EyeTracking_physio	190	1061.183	1344.522	283.339	1488.693	770.497	0.133	0.063	0.399	0.459
sub-132_task-EyeTracking_physio	190	1369.526	1527.859	158.333	1599.400	714.680	0.193	0.058	0.316	0.500
sub-132_task-EyeTracking_physio	190	1561.194	1919.538	358.344	1653.345	662.410	0.105	0.055	0.347	0.401
sub-132_task-EyeTracking_physio	190	1977.870	2194.547	216.677	1585.738	906.057	0.123	0.074	0.450	0.457
sub-132_task-EyeTracking_physio	190	2336.214	2511.214	175.000	1004.840	790.305	0.202	0.085	0.498	0.295
sub-132_task-EyeTracking_physio	190	2552.890	2744.564	191.674	956.555	734.565	0.146	0.040	0.253	0.407
sub-132_task-EyeTracking_physio	190	2777.897	3002.893	224.996	868.845	704.135	0.149	0.049	0.332	0.345
sub-132_task-EyeTracking_physio	191	-1142.347	-950.679	191.668	1240.755	740.685	0.090	0.037	0.203	0.391
sub-132_task-EyeTracking_physio	191	-825.662	374.355	1200.017	1288.525	728.445	0.079	0.048	0.336	0.532
sub-132_task-EyeTracking_physio	191	391.021	574.358	183.337	1231.112	763.170	0.155	0.050	0.462	0.272
sub-132_task-EyeTracking_physio	191	599.357	732.694	133.337	1116.770	702.265	0.091	0.048	0.274	0.340
sub-132_task-EyeTracking_physio	191	757.696	1091.037	333.341	1405.220	692.402	0.182	0.058	0.409	0.426
sub-132_task-EyeTracking_physio	191	1116.036	1416.047	300.011	1506.747	904.263	0.150	0.135	0.713	0.670
sub-132_task-EyeTracking_physio	191	1507.712	1624.385	116.673	979.612	898.293	0.482	0.354	1.397	0.471
sub-132_task-EyeTracking_physio	191	1649.384	1849.387	200.003	882.990	848.810	0.159	0.052	0.474	0.266
sub-132_task-EyeTracking_physio	191	1882.721	2057.731	175.010	1041.155	572.800	0.084	0.055	0.295	0.319
sub-132_task-EyeTracking_physio	191	2091.063	2457.741	366.678	1226.060	551.470	0.108	0.056	0.468	0.491
sub-132_task-EyeTracking_physio	191	2499.407	2774.412	275.005	1243.210	782.710	0.159	0.037	0.224	0.742
sub-132_task-EyeTracking_physio	191	2799.412	3007.754	208.342	1217.085	730.305	0.099	0.024	0.257	0.212
sub-132_task-EyeTracking_physio	192	-5315.860	-5207.526	108.334	1201.640	679.925	0.124	0.041	0.154	0.414
sub-132_task-EyeTracking_physio	192	-5190.860	-4574.173	616.687	1271.548	652.850	0.131	0.047	0.393	0.503
sub-132_task-EyeTracking_physio	192	-4224.165	-4040.826	183.339	1305.060	623.885	0.098	0.021	0.120	0.337
sub-132_task-EyeTracking_physio	192	-4007.494	-3607.486	400.008	1262.190	657.025	0.140	0.047	0.226	0.499
sub-132_task-EyeTracking_physio	192	-3565.814	-3407.479	158.335	1348.570	658.275	0.089	0.032	0.190	0.289
sub-132_task-EyeTracking_physio	192	-3390.813	-3074.135	316.678	1294.902	649.598	0.186	0.064	0.704	0.354
sub-132_task-EyeTracking_physio	192	-3049.136	-2440.791	608.345	1260.025	653.800	0.086	0.063	0.448	0.503
sub-132_task-EyeTracking_physio	192	-2399.121	-2240.784	158.337	1298.115	668.185	0.099	0.045	0.301	0.355
sub-132_task-EyeTracking_physio	192	-1732.440	-1565.761	166.679	1244.637	664.705	0.091	0.055	0.464	0.262
sub-132_task-EyeTracking_physio	192	-1549.103	-1382.433	166.670	1278.325	672.085	0.107	0.030	0.343	0.205
sub-132_task-EyeTracking_physio	192	-1340.756	-599.074	741.682	1196.580	676.345	0.078	0.035	0.254	0.383
sub-132_task-EyeTracking_physio	192	-557.403	-107.395	450.008	1251.838	659.533	0.149	0.043	0.221	0.591
sub-132_task-EyeTracking_physio	192	-90.728	467.621	558.349	1300.065	702.635	0.200	0.174	0.804	0.894
sub-132_task-EyeTracking_physio	192	492.621	817.627	325.006	1573.080	847.875	0.162	0.075	0.408	0.610
sub-132_task-EyeTracking_physio	192	867.631	1167.635	300.004	1095.227	832.310	0.130	0.046	0.457	0.345
sub-132_task-EyeTracking_physio	192	1200.968	1367.638	166.670	1013.877	812.117	0.145	0.061	0.222	0.544
sub-132_task-EyeTracking_physio	192	1384.309	1734.315	350.006	870.240	859.745	0.201	0.108	0.979	0.457
sub-132_task-EyeTracking_physio	192	1759.314	2000.987	241.673	1049.420	824.670	0.106	0.054	0.368	0.367
sub-132_task-EyeTracking_physio	192	2025.985	2392.662	366.677	1138.340	631.923	0.234	0.105	0.367	0.783
sub-132_task-EyeTracking_physio	192	2426.000	2759.329	333.329	1021.277	751.820	0.152	0.062	0.254	0.556
sub-132_task-EyeTracking_physio	192	2792.662	3009.335	216.673	1088.340	785.050	0.111	0.021	0.182	0.299
sub-132_task-EyeTracking_physio	193	-1269.387	-486.044	783.343	1285.535	744.467	0.100	0.061	0.458	0.435
sub-132_task-EyeTracking_physio	193	-461.041	163.972	625.013	1278.980	708.905	0.084	0.030	0.199	0.413
sub-132_task-EyeTracking_physio	193	197.307	347.309	150.002	1343.250	750.942	0.094	0.018	0.129	0.247
sub-132_task-EyeTracking_physio	193	363.975	530.644	166.669	1530.205	850.415	0.256	0.114	0.722	0.532
sub-132_task-EyeTracking_physio	193	572.312	930.656	358.344	1645.375	907.110	0.097	0.038	0.351	0.345
sub-132_task-EyeTracking_physio	193	963.987	1122.330	158.343	1520.670	742.515	0.140	0.030	0.170	0.353
sub-132_task-EyeTracking_physio	193	1172.330	1347.331	175.001	1483.970	608.125	0.103	0.015	0.102	0.222
sub-132_task-EyeTracking_physio	193	1380.669	1664.009	283.340	1547.463	587.793	0.083	0.018	0.169	0.248
sub-132_task-EyeTracking_physio	193	1714.007	1997.348	283.341	1062.492	750.835	0.135	0.068	0.477	0.511
sub-132_task-EyeTracking_physio	193	2030.685	2614.030	583.345	1000.087	722.185	0.136	0.066	0.345	0.662
sub-132_task-EyeTracking_physio	193	2680.701	3005.709	325.008	1113.775	1014.490	0.125	0.131	0.533	0.714
sub-132_task-EyeTracking_physio	194	-789.320	-639.318	150.002	1293.650	771.768	0.213	0.059	0.230	0.555
sub-132_task-EyeTracking_physio	194	-622.651	-30.973	591.678	1269.430	672.270	0.144	0.086	0.383	1.087
sub-132_task-EyeTracking_physio	194	27.362	352.368	325.006	1281.080	759.715	0.194	0.104	0.555	0.821
sub-132_task-EyeTracking_physio	194	402.373	610.708	208.335	1343.550	816.215	0.138	0.026	0.163	0.364
sub-132_task-EyeTracking_physio	194	694.045	894.047	200.002	1394.743	881.533	0.096	0.038	0.228	0.430
sub-132_task-EyeTracking_physio	194	910.719	1110.721	200.002	1292.630	883.260	0.115	0.052	0.403	0.454
sub-132_task-EyeTracking_physio	194	1227.390	1560.733	333.343	910.352	740.222	0.177	0.081	0.434	0.551
sub-132_task-EyeTracking_physio	194	1577.400	1894.071	316.671	1026.350	700.150	0.155	0.080	0.484	0.579
sub-132_task-EyeTracking_physio	194	2019.076	2360.751	341.675	1631.190	792.775	0.152	0.059	0.375	0.429
sub-132_task-EyeTracking_physio	194	2394.083	2894.096	500.013	1668.030	847.910	0.121	0.056	0.516	0.747
sub-132_task-EyeTracking_physio	195	-275.493	-67.153	208.340	1256.080	729.615	0.210	0.042	0.220	0.535
sub-132_task-EyeTracking_physio	195	-50.487	507.857	558.344	1305.890	685.115	0.161	0.054	0.404	0.556
sub-132_task-EyeTracking_physio	195	532.857	916.202	383.345	1327.135	862.875	0.146	0.050	0.218	0.788
sub-132_task-EyeTracking_physio	195	941.201	1241.212	300.011	1282.395	747.033	0.169	0.071	0.346	0.821
sub-132_task-EyeTracking_physio	195	1282.878	1632.889	350.011	1086.392	678.265	0.126	0.030	0.200	0.353
sub-132_task-EyeTracking_physio	195	1657.888	2007.894	350.006	1142.360	712.152	0.156	0.052	0.383	0.378
sub-132_task-EyeTracking_physio	195	2032.897	2557.910	525.013	1631.550	710.350	0.282	0.264	1.711	0.738
sub-132_task-EyeTracking_physio	195	2607.910	2907.915	300.005	1570.960	905.747	0.209	0.153	0.634	0.841
sub-132_task-EyeTracking_physio	196	-428.403	-278.394	150.009	943.280	747.045	0.134	0.023	0.145	0.335
sub-132_task-EyeTracking_physio	196	-245.062	46.613	291.675	1269.250	723.085	0.107	0.137	0.620	0.614
sub-132_task-EyeTracking_physio	196	88.278	371.617	283.339	1330.015	723.585	0.124	0.016	0.111	0.308
sub-132_task-EyeTracking_physio	196	446.620	1029.965	583.345	1644.290	766.127	0.145	0.077	0.547	0.544
sub-132_task-EyeTracking_physio	196	1054.965	1271.648	216.683	1477.665	792.610	0.171	0.050	0.322	0.524
sub-132_task-EyeTracking_physio	196	1413.310	1629.983	216.673	1004.382	722.413	0.100	0.031	0.382	0.185
sub-132_task-EyeTracking_physio	196	1663.316	1913.320	250.004	981.852	690.072	0.087	0.027	0.277	0.291
sub-132_task-EyeTracking_physio	196	1938.320	2046.659	108.339	1120.930	609.190	0.079	0.020	0.276	0.148
sub-132_task-EyeTracking_physio	196	2071.659	2329.997	258.338	1265.210	541.740	0.092	0.015	0.246	0.227
sub-132_task-EyeTracking_physio	196	2354.997	2913.344	558.347	1304.355	521.570	0.066	0.021	0.194	0.236
sub-132_task-EyeTracking_physio	197	-12691.344	-12166.331	525.013	1282.055	666.380	0.109	0.092	0.469	0.707
sub-132_task-EyeTracking_physio	197	-11824.651	-11666.313	158.338	1234.970	621.135	0.095	0.051	0.193	0.444
sub-132_task-EyeTracking_physio	197	-11632.986	-11432.972	200.014	1295.858	653.268	0.088	0.021	0.225	0.224
sub-132_task-EyeTracking_physio	197	-11399.640	-11216.310	183.330	1323.008	726.420	0.154	0.041	0.175	0.390
sub-132_task-EyeTracking_physio	197	-10899.629	-10349.617	550.012	1290.425	669.710	0.103	0.031	0.243	0.329
sub-132_task-EyeTracking_physio	197	-10332.944	-10182.941	150.003	1237.800	661.545	0.163	0.064	0.437	0.299
sub-132_task-EyeTracking_physio	197	-10166.275	-9782.941	383.334	1264.010	657.085	0.154	0.149	0.976	0.476
sub-132_task-EyeTracking_physio	197	-9749.608	-9216.263	533.345	1304.445	669.135	0.097	0.026	0.210	0.294
sub-132_task-EyeTracking_physio	197	-9199.597	-8549.580	650.017	1258.100	672.035	0.110	0.048	0.419	0.378
sub-132_task-EyeTracking_physio	197	-8524.581	-7732.888	791.693	1284.940	683.870	0.267	0.401	0.879	1.546
sub-132_task-EyeTracking_physio	197	-7707.881	-6966.210	741.671	1270.730	723.450	0.114	0.053	0.247	0.673
sub-132_task-EyeTracking_physio	197	-6924.532	-6716.203	208.329	1328.640	724.830	0.097	0.019	0.193	0.214
sub-132_task-EyeTracking_physio	197	-6699.537	-6549.525	150.012	1290.645	718.125	0.205	0.076	0.544	0.392
sub-132_task-EyeTracking_physio	197	-6532.864	-5532.842	1000.022	1286.250	733.740	0.135	0.062	0.394	0.600
sub-132_task-EyeTracking_physio	197	-5507.842	-4966.153	541.689	1277.410	730.980	0.122	0.059	0.444	0.528
sub-132_task-EyeTracking_physio	197	-4924.494	-4782.825	141.669	1349.140	742.780	0.119	0.025	0.190	0.320
sub-132_task-EyeTracking_physio	197	-4749.483	-4566.149	183.334	1301.650	745.715	0.100	0.022	0.196	0.347
sub-132_task-EyeTracking_physio	197	-4532.817	-4307.810	225.007	1263.390	730.000	0.087	0.021	0.170	0.245
sub-132_task-EyeTracking_physio	197	-4282.811	-3699.467	583.344	1272.035	695.545	0.229	0.105	0.296	0.955
sub-132_task-EyeTracking_physio	197	-3666.134	-3249.452	416.682	1291.440	670.295	0.157	0.045	0.269	0.646
sub-132_task-EyeTracking_physio	197	-3232.776	-2816.110	416.666	1288.420	721.920	0.166	0.143	0.427	0.882
sub-132_task-EyeTracking_physio	197	-2782.778	-2516.093	266.685	1249.580	711.000	0.113	0.018	0.169	0.345
sub-132_task-EyeTracking_physio	197	-2499.436	-2116.084	383.352	1301.995	701.435	0.159	0.046	0.633	0.363
sub-132_task-EyeTracking_physio	197	-2099.418	-1749.416	350.002	1237.515	713.845	0.114	0.070	0.489	0.540
sub-132_task-EyeTracking_physio	197	-1724.417	-1491.076	233.341	1231.315	832.790	0.389	1.520	1.227	7.441
sub-132_task-EyeTracking_physio	197	-299.378	-157.710	141.668	1309.185	736.340	0.072	0.031	0.161	0.366
sub-132_task-EyeTracking_physio	197	-132.701	508.972	641.673	1282.925	697.760	0.056	0.030	0.241	0.286
sub-132_task-EyeTracking_physio	197	525.638	633.975	108.337	1100.480	773.260	0.186	0.125	0.475	0.501
sub-132_task-EyeTracking_physio	197	658.975	950.653	291.678	940.265	805.930	0.133	0.054	0.443	0.410
sub-132_task-EyeTracking_physio	197	967.320	1100.667	133.347	1045.507	867.207	0.147	0.113	0.447	0.458
sub-132_task-EyeTracking_physio	197	1275.661	1467.335	191.674	1492.705	903.685	0.094	0.023	0.180	0.295
sub-132_task-EyeTracking_physio	197	1500.668	1659.003	158.335	1541.355	811.890	0.172	0.022	0.091	0.461
sub-132_task-EyeTracking_physio	197	1700.669	1850.677	150.008	1551.665	656.828	0.081	0.021	0.219	0.222
sub-132_task-EyeTracking_physio	197	1884.011	2042.348	158.337	1496.490	574.260	0.084	0.015	0.126	0.256
sub-132_task-EyeTracking_physio	197	2084.014	2284.019	200.005	1404.088	556.072	0.077	0.024	0.183	0.333
sub-132_task-EyeTracking_physio	197	2359.018	2684.030	325.012	1220.710	729.800	0.266	0.218	0.637	1.482
sub-132_task-EyeTracking_physio	197	2700.696	3009.035	308.339	1231.590	651.655	0.099	0.019	0.290	0.359
sub-132_task-EyeTracking_physio	198	-719.423	-486.080	233.343	1304.600	661.270	0.078	0.032	0.248	0.408
sub-132_task-EyeTracking_physio	198	-461.085	247.273	708.358	1258.230	690.600	0.184	0.133	0.532	1.112
sub-132_task-EyeTracking_physio	198	263.940	422.267	158.327	1251.120	657.030	0.242	0.061	0.188	0.840
sub-132_task-EyeTracking_physio	198	447.266	738.944	291.678	1176.015	893.810	0.164	0.089	0.260	0.835
sub-132_task-EyeTracking_physio	198	872.280	1047.282	175.002	836.665	826.870	0.160	0.054	0.222	0.408
sub-132_task-EyeTracking_physio	198	1063.948	1255.623	191.675	871.810	694.875	0.104	0.038	0.214	0.348
sub-132_task-EyeTracking_physio	198	1297.290	1638.966	341.676	928.715	626.920	0.070	0.013	0.176	0.195
sub-132_task-EyeTracking_physio	198	1680.632	1855.635	175.003	1433.750	592.185	0.118	0.031	0.413	0.185
sub-132_task-EyeTracking_physio	198	1880.635	2180.654	300.019	1626.773	630.505	0.126	0.174	0.754	0.833
sub-132_task-EyeTracking_physio	198	2213.979	2330.648	116.669	1617.072	780.168	0.134	0.049	0.189	0.612
sub-132_task-EyeTracking_physio	198	2372.315	2738.993	366.678	1531.000	997.763	0.340	0.233	0.421	2.153
sub-132_task-EyeTracking_physio	198	2780.667	2930.661	149.994	1472.952	918.868	0.096	0.020	0.222	0.178
sub-132_task-EyeTracking_physio	199	-1798.431	-1573.425	225.006	1371.710	863.955	0.105	0.016	0.120	0.253
sub-132_task-EyeTracking_physio	199	-1548.424	-1390.087	158.337	1264.285	715.910	0.157	0.053	0.235	0.391
sub-132_task-EyeTracking_physio	199	-1373.420	-556.735	816.685	1269.188	678.260	0.145	0.087	0.572	0.797
sub-132_task-EyeTracking_physio	199	-523.401	-223.391	300.010	1227.425	691.027	0.138	0.029	0.163	0.458
sub-132_task-EyeTracking_physio	199	-190.049	376.623	566.672	1270.125	692.267	0.148	0.038	0.215	0.539
sub-132_task-EyeTracking_physio	199	484.961	626.629	141.668	1218.660	921.625	0.227	0.111	0.207	1.016
sub-132_task-EyeTracking_physio	199	643.296	843.312	200.016	1245.825	841.820	0.130	0.028	0.234	0.255
sub-132_task-EyeTracking_physio	199	859.970	1068.310	208.340	1082.570	891.735	0.107	0.022	0.286	0.208
sub-132_task-EyeTracking_physio	199	1093.310	1243.313	150.003	1001.705	898.462	0.275	0.077	0.844	0.232
sub-132_task-EyeTracking_physio	199	1351.652	1593.325	241.673	1344.855	694.525	0.194	0.081	0.603	0.406
sub-132_task-EyeTracking_physio	199	1618.325	1776.669	158.344	1430.950	658.825	0.077	0.015	0.186	0.190
sub-132_task-EyeTracking_physio	199	1818.327	2185.013	366.686	1555.973	639.332	0.073	0.038	0.301	0.384
sub-132_task-EyeTracking_physio	199	2243.341	3010.024	766.683	1600.995	856.348	0.167	0.083	0.359	0.668
sub-132_task-EyeTracking_physio	200	-1110.162	-885.156	225.006	1304.130	689.325	0.085	0.012	0.124	0.261
sub-132_task-EyeTracking_physio	200	-851.822	-635.150	216.672	1254.363	675.312	0.085	0.019	0.203	0.196
sub-132_task-EyeTracking_physio	200	-610.150	281.539	891.689	1294.140	682.190	0.190	0.136	0.585	1.066
sub-132_task-EyeTracking_physio	200	298.213	464.885	166.672	1400.480	670.375	0.175	0.087	0.437	0.416
sub-132_task-EyeTracking_physio	200	614.879	948.222	333.343	1512.463	664.977	0.072	0.037	0.225	0.398
sub-132_task-EyeTracking_physio	200	1198.227	1381.566	183.339	1584.773	874.925	0.101	0.057	0.224	0.438
sub-132_task-EyeTracking_physio	200	1439.910	1681.571	241.661	1096.060	913.260	0.120	0.032	0.192	0.351
sub-132_task-EyeTracking_physio	200	1714.907	1939.910	225.003	1210.610	897.900	0.130	0.037	0.255	0.425
sub-132_task-EyeTracking_physio	200	2106.585	2298.252	191.667	1389.665	538.815	0.082	0.016	0.241	0.145
sub-132_task-EyeTracking_physio	200	2331.585	2781.598	450.013	1456.290	546.850	0.069	0.010	0.201	0.163
sub-132_task-EyeTracking_physio	200	2814.930	3006.600	191.670	1251.465	654.155	0.071	0.025	0.168	0.404
sub-132_task-EyeTracking_physio	201	-1614.955	-1139.943	475.012	1253.605	708.600	0.118	0.038	0.281	0.511
sub-132_task-EyeTracking_physio	201	-1064.935	-964.933	100.002	1246.335	713.395	0.218	0.075	0.210	0.329
sub-132_task-EyeTracking_physio	201	-889.936	-739.931	150.005	1487.890	1282.350	0.148	0.034	0.188	0.398
sub-132_task-EyeTracking_physio	201	-698.264	-581.592	116.672	1881.223	1487.568	0.178	0.080	0.296	0.445
sub-132_task-EyeTracking_physio	201	-498.260	-214.920	283.340	1296.028	748.957	0.122	0.025	0.131	0.445
sub-132_task-EyeTracking_physio	201	-189.917	260.093	450.010	1256.525	706.533	0.092	0.023	0.226	0.254
sub-132_task-EyeTracking_physio	201	293.427	493.435	200.008	1226.832	672.150	0.096	0.017	0.209	0.165
sub-132_task-EyeTracking_physio	201	526.766	676.770	150.004	1137.222	629.697	0.136	0.037	0.301	0.233
sub-132_task-EyeTracking_physio	201	693.436	1060.113	366.677	957.075	705.492	0.209	0.110	0.852	0.567
sub-132_task-EyeTracking_physio	201	1085.113	1543.459	458.346	1035.325	846.575	0.085	0.020	0.196	0.327
sub-132_task-EyeTracking_physio	201	1585.125	1793.466	208.341	1279.115	652.415	0.094	0.017	0.190	0.202
sub-132_task-EyeTracking_physio	201	1810.132	1910.135	100.003	1433.753	624.530	0.228	0.086	0.498	0.468
sub-132_task-EyeTracking_physio	201	1943.469	2460.148	516.679	1626.162	732.155	0.151	0.142	0.676	0.898
sub-132_task-EyeTracking_physio	201	2493.480	2918.490	425.010	1586.505	845.775	0.076	0.021	0.262	0.240
sub-132_task-EyeTracking_physio	202	-301.133	-67.797	233.336	1315.527	695.332	0.132	0.047	0.349	0.303
sub-132_task-EyeTracking_physio	202	-34.461	473.882	508.343	1255.765	705.405	0.106	0.036	0.224	0.651
sub-132_task-EyeTracking_physio	202	515.552	698.888	183.336	1293.102	887.920	0.072	0.009	0.088	0.181
sub-132_task-EyeTracking_physio	202	715.555	907.228	191.673	1287.680	839.415	0.064	0.011	0.131	0.223
sub-132_task-EyeTracking_physio	202	940.561	1198.901	258.340	1279.780	752.760	0.127	0.031	0.150	0.433
sub-132_task-EyeTracking_physio	202	1248.901	1348.905	100.004	1152.253	655.580	0.088	0.015	0.125	0.186
sub-132_task-EyeTracking_physio	202	1373.905	1782.245	408.340	1092.525	633.845	0.149	0.049	0.269	0.538
sub-132_task-EyeTracking_physio	202	1798.917	1932.253	133.336	1258.972	612.452	0.219	0.095	0.401	0.530
sub-132_task-EyeTracking_physio	202	1965.585	2273.925	308.340	1413.775	596.110	0.137	0.056	0.397	0.535
sub-132_task-EyeTracking_physio	202	2357.263	2582.267	225.004	1595.505	826.585	0.167	0.159	0.308	1.214
sub-132_task-EyeTracking_physio	202	2623.933	3007.277	383.344	1688.410	885.132	0.090	0.021	0.237	0.272
sub-132_task-EyeTracking_physio	203	-579.163	-354.158	225.005	1309.265	719.950	0.149	0.040	0.125	0.634
sub-132_task-EyeTracking_physio	203	-337.492	420.862	758.354	1265.895	695.765	0.128	0.075	0.282	0.855
sub-132_task-EyeTracking_physio	203	445.862	629.202	183.340	1529.975	789.615	0.169	0.110	0.332	0.777
sub-132_task-EyeTracking_physio	203	645.868	845.871	200.003	1545.773	740.767	0.212	0.044	0.170	0.475
sub-132_task-EyeTracking_physio	203	862.538	1162.548	300.010	1459.912	732.128	0.123	0.064	0.245	0.560
sub-132_task-EyeTracking_physio	203	1187.548	1345.884	158.336	1290.935	715.780	0.139	0.042	0.360	0.254
sub-132_task-EyeTracking_physio	203	1379.217	1570.890	191.673	1079.235	686.195	0.104	0.024	0.202	0.268
sub-132_task-EyeTracking_physio	203	1604.222	1862.565	258.343	999.510	640.100	0.136	0.043	0.230	0.419
sub-132_task-EyeTracking_physio	203	1879.232	2045.899	166.667	1094.497	554.872	0.079	0.012	0.136	0.193
sub-132_task-EyeTracking_physio	203	2079.237	2312.575	233.338	1364.703	547.810	0.078	0.021	0.242	0.240
sub-132_task-EyeTracking_physio	203	2337.577	2529.244	191.667	1484.915	586.005	0.075	0.026	0.162	0.373
sub-132_task-EyeTracking_physio	203	2562.577	2820.918	258.341	1589.685	788.030	0.174	0.115	0.286	1.220
sub-132_task-EyeTracking_physio	203	2912.588	3020.923	108.335	1568.300	867.725	0.145	0.046	0.120	0.608
sub-132_task-EyeTracking_physio	204	-957.513	350.850	1308.363	1263.125	685.985	0.118	0.042	0.355	0.567
sub-132_task-EyeTracking_physio	204	384.183	484.187	100.004	1202.812	745.475	0.121	0.011	0.064	0.288
sub-132_task-EyeTracking_physio	204	534.188	634.190	100.002	1137.602	926.795	0.080	0.019	0.173	0.232
sub-132_task-EyeTracking_physio	204	650.857	859.198	208.341	1118.735	816.910	0.105	0.020	0.149	0.258
sub-132_task-EyeTracking_physio	204	892.530	1059.199	166.669	1044.630	767.800	0.141	0.033	0.199	0.350
sub-132_task-EyeTracking_physio	204	1100.870	1259.206	158.336	1078.700	590.100	0.053	0.015	0.158	0.211
sub-132_task-EyeTracking_physio	204	1284.206	1509.212	225.006	1245.985	554.550	0.149	0.045	0.525	0.260
sub-132_task-EyeTracking_physio	204	1542.546	1700.892	158.346	1403.855	592.825	0.084	0.028	0.232	0.283
sub-132_task-EyeTracking_physio	204	1734.225	2084.226	350.001	1536.270	777.183	0.141	0.139	0.412	1.001
sub-132_task-EyeTracking_physio	204	2142.561	2409.235	266.674	1477.410	930.155	0.090	0.017	0.168	0.189
sub-132_task-EyeTracking_physio	204	2442.567	2625.904	183.337	1397.620	889.497	0.069	0.012	0.148	0.161
sub-132_task-EyeTracking_physio	204	2659.237	2825.911	166.674	1327.220	795.630	0.097	0.013	0.120	0.259
sub-132_task-EyeTracking_physio	204	2867.577	3009.247	141.670	1204.720	753.400	0.100	0.015	0.164	0.173
sub-132_task-EyeTracking_physio	205	-260.241	-151.903	108.338	1208.795	754.000	0.077	0.018	0.108	0.304
sub-132_task-EyeTracking_physio	205	-118.571	314.771	433.342	1295.530	698.582	0.113	0.028	0.195	0.361
sub-132_task-EyeTracking_physio	205	331.436	481.441	150.005	1328.200	650.237	0.090	0.025	0.157	0.293
sub-132_task-EyeTracking_physio	205	564.778	689.779	125.001	1338.320	982.280	0.096	0.027	0.168	0.252
sub-132_task-EyeTracking_physio	205	731.446	939.787	208.341	1336.385	937.640	0.075	0.018	0.113	0.350
sub-132_task-EyeTracking_physio	205	973.121	1164.795	191.674	1299.840	837.960	0.079	0.020	0.156	0.263
sub-132_task-EyeTracking_physio	205	1189.795	1348.131	158.336	1333.135	783.690	0.082	0.018	0.182	0.230
sub-132_task-EyeTracking_physio	205	1373.130	1606.469	233.339	1361.312	562.800	0.066	0.024	0.244	0.198
sub-132_task-EyeTracking_physio	205	1648.134	1831.476	183.342	1015.592	689.163	0.133	0.057	0.330	0.523
sub-132_task-EyeTracking_physio	205	1864.810	2314.817	450.007	965.980	870.965	0.095	0.052	0.220	0.610
sub-132_task-EyeTracking_physio	205	2331.489	2464.826	133.337	1041.775	902.585	0.189	0.040	0.524	0.190
sub-132_task-EyeTracking_physio	205	2489.824	2598.164	108.340	1395.155	852.130	0.163	0.027	0.463	0.113
sub-132_task-EyeTracking_physio	205	2631.497	2939.834	308.337	1650.605	897.800	0.082	0.037	0.393	0.260
sub-132_task-EyeTracking_physio	206	-880.184	-446.838	433.346	1622.175	726.810	0.124	0.056	0.245	0.576
sub-132_task-EyeTracking_physio	206	-421.839	-305.169	116.670	1442.827	743.088	0.128	0.025	0.281	0.194
sub-132_task-EyeTracking_physio	206	-263.502	261.511	525.013	1300.510	713.940	0.076	0.014	0.179	0.232
sub-132_task-EyeTracking_physio	206	303.182	494.851	191.669	1291.910	859.330	0.059	0.008	0.070	0.256
sub-132_task-EyeTracking_physio	206	528.184	661.520	133.336	1144.020	943.078	0.393	2.305	1.790	1.835
sub-132_task-EyeTracking_physio	206	694.854	794.856	100.002	1015.005	870.135	0.105	0.033	0.255	0.229
sub-132_task-EyeTracking_physio	206	953.193	1294.868	341.675	1635.280	706.620	0.145	0.096	0.402	0.900
sub-132_task-EyeTracking_physio	206	1319.868	1711.545	391.677	1542.565	832.605	0.784	2.123	1.614	5.192
sub-132_task-EyeTracking_physio	206	1728.212	1894.888	166.676	1602.197	602.727	0.111	0.036	0.298	0.265
sub-132_task-EyeTracking_physio	206	1919.888	2044.888	125.000	1589.615	527.570	0.077	0.013	0.201	0.183
sub-132_task-EyeTracking_physio	206	2069.888	2178.226	108.338	1294.440	530.035	0.109	0.015	0.282	0.144
sub-132_task-EyeTracking_physio	206	2228.224	2694.903	466.679	1096.820	547.428	0.094	0.022	0.219	0.451
sub-132_task-EyeTracking_physio	206	2778.235	2919.906	141.671	1236.805	984.120	0.079	0.029	0.203	0.267
sub-132_task-EyeTracking_physio	207	-549.810	333.544	883.354	1288.003	710.500	0.194	0.067	0.232	1.941
sub-132_task-EyeTracking_physio	207	366.877	583.546	216.669	1358.503	898.205	0.185	0.178	0.544	0.890
sub-132_task-EyeTracking_physio	207	700.217	958.556	258.339	1451.975	900.095	0.109	0.082	0.311	0.917
sub-132_task-EyeTracking_physio	207	1000.228	1366.899	366.671	1604.810	597.487	0.081	0.031	0.250	0.329
sub-132_task-EyeTracking_physio	207	1416.903	1708.576	291.673	1239.490	551.625	0.081	0.012	0.200	0.138
sub-132_task-EyeTracking_physio	207	1725.242	1975.247	250.005	1094.117	571.342	0.154	0.051	0.614	0.365
sub-132_task-EyeTracking_physio	207	2066.919	2408.589	341.670	1081.460	937.680	0.068	0.016	0.170	0.250
sub-132_task-EyeTracking_physio	207	2441.928	2608.598	166.670	1212.045	870.360	0.109	0.022	0.217	0.291
sub-132_task-EyeTracking_physio	207	2633.598	2816.934	183.336	1326.013	822.265	0.084	0.023	0.274	0.251
sub-132_task-EyeTracking_physio	207	2850.269	3008.607	158.338	1479.070	813.385	0.125	0.036	0.229	0.371
sub-132_task-EyeTracking_physio	208	-803.086	-519.743	283.343	1339.517	723.190	0.081	0.016	0.165	0.276
sub-132_task-EyeTracking_physio	208	-503.076	-286.410	216.666	1269.405	712.722	0.110	0.021	0.285	0.198
sub-132_task-EyeTracking_physio	208	-53.068	446.944	500.012	1262.270	607.628	0.156	0.078	0.349	0.714
sub-132_task-EyeTracking_physio	208	480.278	830.287	350.009	1342.455	915.827	0.107	0.031	0.188	0.473
sub-132_task-EyeTracking_physio	208	855.285	1030.289	175.004	1206.705	848.665	0.109	0.027	0.241	0.298
sub-132_task-EyeTracking_physio	208	1063.627	1230.296	166.669	1048.785	823.135	0.140	0.030	0.170	0.356
sub-132_task-EyeTracking_physio	208	1255.297	1446.970	191.673	1018.870	753.420	0.097	0.029	0.169	0.348
sub-132_task-EyeTracking_physio	208	1463.636	1696.971	233.335	1137.162	660.987	0.086	0.021	0.239	0.211
sub-132_task-EyeTracking_physio	208	1713.643	2080.315	366.672	1219.912	635.690	0.084	0.017	0.215	0.255
sub-132_task-EyeTracking_physio	208	2096.985	2513.661	416.676	1162.317	700.018	0.133	0.056	0.270	0.745
sub-132_task-EyeTracking_physio	208	2571.993	2913.671	341.678	1193.885	792.195	0.083	0.063	0.167	0.775
sub-132_task-EyeTracking_physio	209	-1181.575	-1031.571	150.004	972.817	620.805	0.153	0.021	0.111	0.348
sub-132_task-EyeTracking_physio	209	-998.238	-706.559	291.679	1254.865	659.060	0.136	0.046	0.361	0.488
sub-132_task-EyeTracking_physio	209	-681.559	-473.226	208.333	1309.035	678.670	0.169	0.031	0.129	0.524
sub-132_task-EyeTracking_physio	209	-448.222	368.464	816.686	1269.392	683.483	0.147	0.144	0.368	1.172
sub-132_task-EyeTracking_physio	209	418.463	593.469	175.006	1299.865	631.635	0.075	0.014	0.156	0.217
sub-132_task-EyeTracking_physio	209	618.470	776.807	158.337	1376.515	610.745	0.060	0.009	0.133	0.135
sub-132_task-EyeTracking_physio	209	801.807	1293.486	491.679	1581.710	636.235	0.082	0.047	0.274	0.427
sub-132_task-EyeTracking_physio	209	1501.826	1768.499	266.673	1622.887	842.185	0.139	0.024	0.155	0.490
sub-132_task-EyeTracking_physio	209	1785.165	1951.833	166.668	1509.487	809.788	0.120	0.067	0.230	0.453
sub-132_task-EyeTracking_physio	209	1976.833	2401.843	425.010	1265.130	799.650	0.145	0.041	0.480	0.374
sub-132_task-EyeTracking_physio	209	2426.846	2718.522	291.676	1124.660	783.720	0.179	0.084	0.507	0.443
sub-132_task-EyeTracking_physio	209	2751.854	2876.856	125.002	994.475	769.530	0.098	0.025	0.203	0.244
sub-132_task-EyeTracking_physio	209	2910.190	3010.192	100.002	969.243	675.045	0.049	0.004	0.087	0.089
sub-132_task-EyeTracking_physio	210	-10684.492	-10292.815	391.677	1313.140	667.185	0.076	0.020	0.328	0.240
sub-132_task-EyeTracking_physio	210	-10276.148	-9042.783	1233.365	1278.332	670.918	0.149	0.096	0.642	0.748
sub-132_task-EyeTracking_physio	210	-9017.784	-8842.780	175.004	1342.970	657.820	0.122	0.024	0.146	0.353
sub-132_task-EyeTracking_physio	210	-8817.780	-7817.754	1000.026	1273.180	662.732	0.177	0.055	0.414	0.871
sub-132_task-EyeTracking_physio	210	-7484.412	-7159.404	325.008	1323.270	647.450	0.107	0.073	0.374	0.553
sub-132_task-EyeTracking_physio	210	-7142.738	-6726.062	416.676	1277.515	666.455	0.136	0.046	0.387	0.396
sub-132_task-EyeTracking_physio	210	-6709.396	-6326.053	383.343	1393.765	652.420	0.152	0.113	0.395	0.623
sub-132_task-EyeTracking_physio	210	-6309.386	-5659.370	650.016	1298.360	644.260	0.114	0.050	0.325	0.494
sub-132_task-EyeTracking_physio	210	-5634.366	-5409.365	225.001	1247.660	647.650	0.173	0.075	0.290	0.567
sub-132_task-EyeTracking_physio	210	-5392.698	-5042.687	350.011	1300.945	701.790	0.320	0.181	0.568	1.028
sub-132_task-EyeTracking_physio	210	-5001.020	-4542.676	458.344	1254.220	729.820	0.185	0.073	0.276	0.619
sub-132_task-EyeTracking_physio	210	-4526.009	-3792.655	733.354	1259.860	709.455	0.235	0.151	0.395	0.949
sub-132_task-EyeTracking_physio	210	-3775.988	-3409.313	366.675	1303.575	659.735	0.307	0.191	0.449	0.965
sub-132_task-EyeTracking_physio	210	-3375.979	-2859.299	516.680	1259.410	701.715	0.262	0.094	0.373	0.913
sub-132_task-EyeTracking_physio	210	-2850.966	-2509.293	341.673	1248.460	671.760	0.195	0.074	0.486	0.693
sub-132_task-EyeTracking_physio	210	-2492.623	-2184.284	308.339	1308.390	678.750	0.140	0.120	0.739	0.488
sub-132_task-EyeTracking_physio	210	-684.251	-550.911	133.340	1300.487	761.977	0.169	0.021	0.139	0.419
sub-132_task-EyeTracking_physio	210	-534.241	-50.899	483.342	1298.068	687.495	0.122	0.040	0.267	0.523
sub-132_task-EyeTracking_physio	210	-17.565	232.441	250.006	1266.572	667.142	0.125	0.030	0.254	0.312
sub-132_task-EyeTracking_physio	210	257.447	415.784	158.337	1326.405	644.955	0.134	0.022	0.140	0.308
sub-132_task-EyeTracking_physio	210	449.116	690.788	241.672	1436.350	636.450	0.107	0.032	0.228	0.312
sub-132_task-EyeTracking_physio	210	732.454	865.791	133.337	1391.608	906.773	0.126	0.078	0.381	0.442
sub-132_task-EyeTracking_physio	210	982.461	1199.137	216.676	911.513	853.737	0.136	0.059	0.497	0.254
sub-132_task-EyeTracking_physio	210	1224.137	1332.472	108.335	954.570	726.055	0.192	0.064	0.201	0.479
sub-132_task-EyeTracking_physio	210	1357.473	1674.144	316.671	1070.928	670.550	0.103	0.032	0.305	0.312
sub-132_task-EyeTracking_physio	210	1899.155	2040.823	141.668	1149.275	798.075	0.177	0.136	0.500	0.641
sub-132_task-EyeTracking_physio	210	2107.493	2340.830	233.337	1657.130	698.572	0.112	0.125	0.452	0.794
sub-132_task-EyeTracking_physio	210	2374.166	2499.172	125.006	1669.975	582.480	0.088	0.038	0.198	0.407
sub-132_task-EyeTracking_physio	210	2524.172	2715.842	191.670	1532.355	524.505	0.068	0.011	0.218	0.153
sub-132_task-EyeTracking_physio	210	2740.844	3007.521	266.677	1382.983	546.318	0.082	0.017	0.316	0.185
sub-132_task-EyeTracking_physio	211	-979.233	-804.227	175.006	1334.510	598.415	0.055	0.023	0.211	0.307
sub-132_task-EyeTracking_physio	211	-787.561	20.793	808.354	1287.540	679.815	0.163	0.089	0.351	0.732
sub-132_task-EyeTracking_physio	211	54.126	470.799	416.673	1295.715	704.840	0.194	0.058	0.255	0.794
sub-132_task-EyeTracking_physio	211	512.474	770.813	258.339	1288.880	937.110	0.130	0.063	0.437	0.484
sub-132_task-EyeTracking_physio	211	862.478	1312.490	450.012	1008.535	844.283	0.099	0.041	0.205	0.489
sub-132_task-EyeTracking_physio	211	1337.490	1495.827	158.337	1010.410	701.385	0.152	0.074	0.574	0.328
sub-132_task-EyeTracking_physio	211	1512.494	1695.833	183.339	1125.258	573.722	0.121	0.031	0.244	0.250
sub-132_task-EyeTracking_physio	211	1712.500	1895.838	183.338	1348.432	566.670	0.175	0.052	0.509	0.360
sub-132_task-EyeTracking_physio	211	1912.504	2162.509	250.005	1598.455	598.837	0.125	0.058	0.481	0.439
sub-132_task-EyeTracking_physio	211	2195.842	2362.518	166.676	1730.973	634.675	0.099	0.028	0.264	0.253
sub-132_task-EyeTracking_physio	211	2412.517	2770.859	358.342	1618.335	946.890	0.088	0.096	0.401	0.524
sub-132_task-EyeTracking_physio	211	2787.525	2895.863	108.338	1457.545	904.525	0.132	0.042	0.239	0.308
sub-132_task-EyeTracking_physio	212	-1316.154	-1191.150	125.004	1174.635	760.355	0.537	1.579	1.665	2.424
sub-132_task-EyeTracking_physio	212	-1157.818	58.882	1216.700	1286.020	687.110	0.130	0.165	0.459	0.981
sub-132_task-EyeTracking_physio	212	75.548	325.554	250.006	1301.553	700.867	0.088	0.044	0.300	0.462
sub-132_task-EyeTracking_physio	212	350.554	450.557	100.003	1383.575	731.082	0.126	0.032	0.175	0.376
sub-132_task-EyeTracking_physio	212	483.889	908.898	425.009	1469.195	864.920	0.341	0.474	0.968	2.440
sub-132_task-EyeTracking_physio	212	925.564	1108.904	183.340	1449.273	766.877	0.156	0.045	0.293	0.366
sub-132_task-EyeTracking_physio	212	1142.237	1342.244	200.007	1374.305	605.215	0.112	0.023	0.200	0.310
sub-132_task-EyeTracking_physio	212	1492.247	1858.918	366.671	962.878	643.235	0.164	0.241	0.593	1.261
sub-132_task-EyeTracking_physio	212	1917.255	2242.261	325.006	1007.235	854.485	0.168	0.079	0.451	0.549
sub-132_task-EyeTracking_physio	212	2283.932	2542.271	258.339	1088.500	746.810	0.107	0.035	0.216	0.444
sub-132_task-EyeTracking_physio	212	2567.270	3008.946	441.676	1133.220	645.910	0.115	0.024	0.222	0.414
sub-132_task-EyeTracking_physio	213	-944.518	188.837	1133.355	1306.898	674.120	0.160	0.169	0.511	1.188
sub-132_task-EyeTracking_physio	213	313.839	463.843	150.004	1375.177	740.865	0.194	0.081	0.551	0.310
sub-132_task-EyeTracking_physio	213	488.846	630.518	141.672	1482.860	849.590	0.241	0.339	0.536	1.140
sub-132_task-EyeTracking_physio	213	663.850	863.855	200.005	1556.457	780.575	0.113	0.029	0.224	0.320
sub-132_task-EyeTracking_physio	213	880.526	1080.526	200.000	1533.362	626.190	0.128	0.040	0.223	0.446
sub-132_task-EyeTracking_physio	213	1113.859	1305.535	191.676	1502.895	600.570	0.076	0.017	0.142	0.268
sub-132_task-EyeTracking_physio	213	1380.534	1688.876	308.342	1532.515	948.780	0.129	0.084	0.403	0.641
sub-132_task-EyeTracking_physio	213	1855.546	2213.890	358.344	966.595	777.165	0.144	0.049	0.379	0.496
sub-132_task-EyeTracking_physio	213	2238.890	2472.227	233.337	1050.803	724.558	0.121	0.033	0.172	0.583
sub-132_task-EyeTracking_physio	213	2513.894	2697.230	183.336	1350.438	723.497	0.158	0.042	0.291	0.343
sub-132_task-EyeTracking_physio	213	2747.235	2963.904	216.669	1567.370	663.352	0.107	0.023	0.232	0.252
sub-132_task-EyeTracking_physio	214	-422.431	-189.095	233.336	1293.928	659.325	0.130	0.037	0.329	0.335
sub-132_task-EyeTracking_physio	214	-39.087	385.921	425.008	1292.865	682.555	0.168	0.070	0.306	0.605
sub-132_task-EyeTracking_physio	214	435.920	627.595	191.675	1441.235	1029.115	1.022	4.710	3.744	4.532
sub-132_task-EyeTracking_physio	214	652.595	827.596	175.001	1539.755	940.390	0.129	0.055	0.373	0.411
sub-132_task-EyeTracking_physio	214	852.600	1069.270	216.670	1635.193	917.727	0.122	0.051	0.353	0.355
sub-132_task-EyeTracking_physio	214	1235.945	1419.281	183.336	1083.352	763.618	0.180	0.052	0.305	0.403
sub-132_task-EyeTracking_physio	214	1444.281	1644.287	200.006	1044.215	689.020	0.089	0.057	0.231	0.575
sub-132_task-EyeTracking_physio	214	1677.620	1777.624	100.004	1156.630	555.885	0.147	0.040	0.184	0.394
sub-132_task-EyeTracking_physio	214	1802.623	1952.626	150.003	1422.552	536.903	0.144	0.074	0.494	0.321
sub-132_task-EyeTracking_physio	214	1977.625	2210.967	233.342	1674.435	639.837	0.087	0.061	0.266	0.604
sub-132_task-EyeTracking_physio	214	2294.303	2510.972	216.669	1043.010	1017.615	0.100	0.033	0.330	0.265
sub-132_task-EyeTracking_physio	214	2527.638	2744.310	216.672	977.618	991.295	0.168	0.063	0.512	0.443
sub-132_task-EyeTracking_physio	214	2777.642	3002.654	225.012	883.270	943.665	0.071	0.016	0.259	0.204
sub-132_task-EyeTracking_physio	215	-391.971	-8.633	383.338	1279.713	732.117	0.188	0.071	0.342	0.787
sub-132_task-EyeTracking_physio	215	-0.300	374.710	375.010	1291.905	721.755	0.172	0.088	0.293	0.882
sub-132_task-EyeTracking_physio	215	383.043	508.047	125.004	1417.070	764.315	0.196	0.074	0.518	0.294
sub-132_task-EyeTracking_physio	215	524.714	908.057	383.343	1637.202	790.270	0.190	0.109	0.783	0.534
sub-132_task-EyeTracking_physio	215	941.390	1108.060	166.670	1407.487	911.382	0.134	0.070	0.307	0.447
sub-132_task-EyeTracking_physio	215	1141.397	1374.733	233.336	1120.223	941.248	0.107	0.033	0.371	0.270
sub-132_task-EyeTracking_physio	215	1399.738	1608.072	208.334	1018.205	820.295	0.106	0.033	0.264	0.299
sub-132_task-EyeTracking_physio	215	1624.738	1783.074	158.336	1086.950	626.015	0.155	0.038	0.177	0.378
sub-132_task-EyeTracking_physio	215	1816.414	2124.753	308.339	1304.285	547.350	0.123	0.055	0.455	0.411
sub-132_task-EyeTracking_physio	215	2158.086	2341.428	183.342	1375.013	523.730	0.080	0.011	0.122	0.216
sub-132_task-EyeTracking_physio	215	2391.427	2633.101	241.674	1481.710	559.000	0.071	0.014	0.171	0.241
sub-132_task-EyeTracking_physio	215	2733.104	3008.109	275.005	1544.180	794.525	0.090	0.031	0.205	0.351
sub-132_task-EyeTracking_physio	216	-294.765	371.918	666.683	1264.635	725.795	0.152	0.081	0.522	0.766
sub-132_task-EyeTracking_physio	216	413.584	713.590	300.006	1296.543	928.125	0.156	0.111	0.305	0.994
sub-132_task-EyeTracking_physio	216	746.928	946.929	200.001	1042.128	920.192	0.116	0.030	0.192	0.360
sub-132_task-EyeTracking_physio	216	971.930	1121.938	150.008	987.447	819.762	0.138	0.034	0.132	0.452
sub-132_task-EyeTracking_physio	216	1155.270	1463.607	308.337	1532.210	783.735	0.252	0.107	0.703	0.579
sub-132_task-EyeTracking_physio	216	1496.940	1771.954	275.014	1545.975	583.070	0.079	0.022	0.131	0.402
sub-132_task-EyeTracking_physio	216	1813.619	2305.299	491.680	1432.660	535.215	0.064	0.017	0.243	0.184
sub-132_task-EyeTracking_physio	216	2346.965	3005.317	658.352	1384.115	740.275	0.128	0.080	0.426	0.909
sub-132_task-EyeTracking_physio	217	-2215.774	-1724.097	491.677	1269.080	696.115	0.156	0.076	0.332	0.716
sub-132_task-EyeTracking_physio	217	-1540.756	-482.398	1058.358	1282.405	666.030	0.161	0.078	0.382	0.915
sub-132_task-EyeTracking_physio	217	-440.732	-99.053	341.679	1328.500	727.525	0.084	0.021	0.229	0.234
sub-132_task-EyeTracking_physio	217	-82.387	292.622	375.009	1281.940	712.945	0.133	0.049	0.481	0.461
sub-132_task-EyeTracking_physio	217	367.620	525.957	158.337	1226.270	956.745	0.111	0.026	0.164	0.295
sub-132_task-EyeTracking_physio	217	559.296	717.632	158.336	1023.380	944.455	0.104	0.036	0.434	0.193
sub-132_task-EyeTracking_physio	217	759.298	942.640	183.342	945.047	897.100	0.098	0.033	0.300	0.185
sub-132_task-EyeTracking_physio	217	975.971	1167.641	191.670	1143.740	576.205	0.109	0.060	0.360	0.499
sub-132_task-EyeTracking_physio	217	1200.979	1350.980	150.001	1316.360	551.742	0.122	0.040	0.372	0.222
sub-132_task-EyeTracking_physio	217	1384.314	1534.318	150.004	1598.188	663.882	0.264	0.258	0.725	0.946
sub-132_task-EyeTracking_physio	217	1617.656	1784.324	166.668	1644.043	876.112	0.086	0.029	0.196	0.320
sub-132_task-EyeTracking_physio	217	1900.993	2217.667	316.674	1618.557	969.085	0.092	0.139	0.339	1.299
sub-132_task-EyeTracking_physio	217	2259.341	2451.009	191.668	1510.895	884.180	0.119	0.032	0.216	0.268
sub-132_task-EyeTracking_physio	217	2501.013	2701.015	200.002	1353.803	804.808	0.088	0.016	0.187	0.185
sub-132_task-EyeTracking_physio	217	2742.681	3026.021	283.340	1255.228	782.308	0.063	0.009	0.106	0.225
sub-132_task-EyeTracking_physio	218	-493.674	-218.666	275.008	1295.565	716.990	0.158	0.054	0.256	0.507
sub-132_task-EyeTracking_physio	218	-202.001	331.351	533.352	1295.182	699.405	0.133	0.080	0.297	1.051
sub-132_task-EyeTracking_physio	218	364.684	514.689	150.005	1215.068	859.135	0.117	0.033	0.176	0.358
sub-132_task-EyeTracking_physio	218	531.356	664.691	133.335	1119.938	894.010	0.233	0.063	0.605	0.267
sub-132_task-EyeTracking_physio	218	689.691	881.363	191.672	1065.145	814.540	0.111	0.030	0.151	0.346
sub-132_task-EyeTracking_physio	218	914.696	1073.036	158.340	1043.430	740.750	0.095	0.015	0.124	0.215
sub-132_task-EyeTracking_physio	218	1206.371	1506.375	300.004	1443.102	651.630	0.088	0.035	0.448	0.261
sub-132_task-EyeTracking_physio	218	1514.715	1623.047	108.332	1532.010	715.040	0.262	0.129	0.505	0.525
sub-132_task-EyeTracking_physio	218	1656.385	1914.720	258.335	1530.955	885.120	0.162	0.114	0.440	0.713
sub-132_task-EyeTracking_physio	218	1948.053	2114.728	166.675	1627.503	841.263	0.165	0.044	0.249	0.410
sub-132_task-EyeTracking_physio	218	2139.727	2289.730	150.003	1711.430	763.442	0.144	0.048	0.341	0.323
sub-132_task-EyeTracking_physio	218	2448.071	2631.407	183.336	1362.890	612.090	0.084	0.013	0.231	0.183
sub-132_task-EyeTracking_physio	218	2664.739	2898.078	233.339	1256.515	636.605	0.065	0.015	0.229	0.180
sub-132_task-EyeTracking_physio	219	-880.248	-730.243	150.005	1295.987	754.090	0.135	0.028	0.147	0.336
sub-132_task-EyeTracking_physio	219	-696.911	-55.228	641.683	1302.285	674.460	0.083	0.015	0.179	0.263
sub-132_task-EyeTracking_physio	219	-38.562	778.123	816.685	1281.953	789.590	0.244	3.404	2.247	6.288
sub-132_task-EyeTracking_physio	219	803.121	969.798	166.677	1118.390	861.558	0.151	0.060	0.265	0.466
sub-132_task-EyeTracking_physio	219	1003.130	1369.807	366.677	1015.947	814.038	0.152	0.066	0.346	0.448
sub-132_task-EyeTracking_physio	219	1411.473	1761.485	350.012	1319.642	787.283	0.137	0.041	0.307	0.440
sub-132_task-EyeTracking_physio	219	1811.484	1978.151	166.667	1540.613	938.850	0.183	0.185	0.506	0.639
sub-132_task-EyeTracking_physio	219	1994.817	2211.493	216.676	1667.863	947.240	0.273	0.088	1.045	0.374
sub-132_task-EyeTracking_physio	219	2253.159	2444.831	191.672	1555.475	884.435	0.126	0.052	0.253	0.485
sub-132_task-EyeTracking_physio	219	2486.498	2728.171	241.673	1497.725	591.295	0.086	0.027	0.154	0.407
sub-132_task-EyeTracking_physio	219	2769.836	3003.176	233.340	1385.585	547.980	0.070	0.014	0.131	0.242
sub-132_task-EyeTracking_physio	220	-641.705	441.651	1083.356	1287.605	686.188	0.136	0.091	0.499	0.674
sub-132_task-EyeTracking_physio	220	449.985	583.321	133.336	1215.678	668.395	0.096	0.031	0.335	0.199
sub-132_task-EyeTracking_physio	220	616.655	1008.329	391.674	973.105	687.395	0.082	0.040	0.315	0.284
sub-132_task-EyeTracking_physio	220	1041.669	1208.337	166.668	1079.155	778.398	0.130	0.045	0.298	0.342
sub-132_task-EyeTracking_physio	220	1233.337	1391.672	158.335	1210.375	848.980	0.140	0.039	0.400	0.267
sub-132_task-EyeTracking_physio	220	1408.339	1525.008	116.669	1476.940	820.938	0.243	0.067	0.682	0.218
sub-132_task-EyeTracking_physio	220	1558.341	1741.682	183.341	1667.660	780.752	0.176	0.049	0.269	0.570
sub-132_task-EyeTracking_physio	220	1775.015	2008.355	233.340	1685.165	667.920	0.083	0.010	0.130	0.195
sub-132_task-EyeTracking_physio	220	2033.356	2175.025	141.669	1644.995	600.470	0.068	0.012	0.149	0.204
sub-132_task-EyeTracking_physio	220	2208.357	2308.360	100.003	1427.460	556.547	0.098	0.028	0.279	0.163
sub-132_task-EyeTracking_physio	220	2366.698	2875.042	508.344	1234.945	576.535	0.069	0.034	0.235	0.426
sub-132_task-EyeTracking_physio	220	2900.041	3008.375	108.334	1432.055	622.165	0.172	0.082	0.382	0.432
sub-132_task-EyeTracking_physio	221	-1628.893	-1203.882	425.011	1419.840	638.440	0.154	0.068	0.382	0.685
sub-132_task-EyeTracking_physio	221	-1178.880	-953.876	225.004	1294.015	668.720	0.128	0.024	0.165	0.315
sub-132_task-EyeTracking_physio	221	-937.209	-153.857	783.352	1280.207	680.788	0.096	0.036	0.329	0.374
sub-132_task-EyeTracking_physio	221	-87.187	304.493	391.680	1292.375	716.955	0.094	0.024	0.213	0.356
sub-132_task-EyeTracking_physio	221	337.825	646.165	308.340	1185.265	876.775	0.105	0.050	0.376	0.322
sub-132_task-EyeTracking_physio	221	671.165	1096.176	425.011	1063.720	933.955	0.116	0.031	0.289	0.313
sub-132_task-EyeTracking_physio	221	1121.175	1596.189	475.014	1003.185	871.605	0.119	0.036	0.252	0.289
sub-132_task-EyeTracking_physio	221	1629.522	1771.190	141.668	981.855	871.980	0.079	0.011	0.123	0.198
sub-132_task-EyeTracking_physio	221	1796.190	1979.530	183.340	1204.817	896.293	0.112	0.032	0.379	0.274
sub-132_task-EyeTracking_physio	221	2004.530	2287.870	283.340	1385.355	929.355	0.146	0.070	0.560	0.493
sub-132_task-EyeTracking_physio	221	2329.536	2746.217	416.681	1481.710	942.322	0.084	0.022	0.169	0.352
sub-132_task-EyeTracking_physio	221	2762.883	2921.220	158.337	1406.390	885.530	0.068	0.017	0.148	0.238
sub-132_task-EyeTracking_physio	222	-1849.581	-1657.907	191.674	1258.660	936.240	0.091	0.016	0.106	0.278
sub-132_task-EyeTracking_physio	222	-1641.241	-1532.905	108.336	1282.315	844.062	1.241	6.560	3.459	3.530
sub-132_task-EyeTracking_physio	222	-1466.238	-891.227	575.011	1298.315	656.520	0.150	0.069	0.274	0.659
sub-132_task-EyeTracking_physio	222	-866.222	-674.554	191.668	1250.475	683.795	0.132	0.024	0.189	0.326
sub-132_task-EyeTracking_physio	222	-641.221	42.132	683.353	1306.362	679.445	0.135	0.055	0.335	0.759
sub-132_task-EyeTracking_physio	222	58.798	492.140	433.342	1280.550	702.887	0.165	0.071	0.483	0.449
sub-132_task-EyeTracking_physio	222	558.810	808.812	250.002	1346.057	777.538	0.110	0.044	0.172	0.592
sub-132_task-EyeTracking_physio	222	867.151	1258.826	391.675	1002.025	789.365	0.152	0.132	0.533	0.733
sub-132_task-EyeTracking_physio	222	1283.825	1392.162	108.337	973.355	652.275	0.081	0.016	0.102	0.234
sub-132_task-EyeTracking_physio	222	1408.828	1625.502	216.674	1082.472	580.055	0.161	0.056	0.575	0.313
sub-132_task-EyeTracking_physio	222	1658.834	1933.840	275.006	1307.210	593.260	0.118	0.024	0.424	0.226
sub-132_task-EyeTracking_physio	222	1983.840	2242.177	258.337	1475.170	609.935	0.064	0.015	0.227	0.220
sub-132_task-EyeTracking_physio	222	2283.849	2475.517	191.668	1586.525	637.805	0.091	0.014	0.168	0.232
sub-132_task-EyeTracking_physio	222	2492.184	2750.522	258.338	1700.635	659.880	0.220	0.071	0.756	0.402
sub-132_task-EyeTracking_physio	222	2783.863	3008.862	224.999	1660.095	832.690	0.105	0.044	0.290	0.369
sub-132_task-EyeTracking_physio	223	-594.239	-302.566	291.673	1298.080	707.295	0.116	0.033	0.227	0.320
sub-132_task-EyeTracking_physio	223	-285.900	247.446	533.346	1258.235	691.192	0.161	0.070	0.326	0.891
sub-132_task-EyeTracking_physio	223	314.118	430.790	116.672	1345.158	682.908	0.131	0.026	0.119	0.372
sub-132_task-EyeTracking_physio	223	622.456	864.127	241.671	1254.535	883.290	0.162	0.095	0.246	1.123
sub-132_task-EyeTracking_physio	223	880.794	997.466	116.672	1026.682	848.202	0.205	0.088	0.356	0.394
sub-132_task-EyeTracking_physio	223	1022.465	1339.142	316.677	953.205	774.115	0.151	0.100	0.581	0.647
sub-132_task-EyeTracking_physio	223	1422.474	1630.816	208.342	1497.770	681.970	0.155	0.107	0.376	0.666
sub-132_task-EyeTracking_physio	223	1647.482	2197.494	550.012	1621.250	801.910	0.730	3.206	2.620	6.459
sub-132_task-EyeTracking_physio	223	2222.494	2530.837	308.343	1412.970	598.680	0.086	0.022	0.251	0.231
sub-132_task-EyeTracking_physio	223	2564.171	2905.847	341.676	1348.050	609.630	0.070	0.017	0.157	0.304
sub-132_task-EyeTracking_physio	224	-1005.969	-589.297	416.672	1247.500	651.467	0.095	0.021	0.195	0.367
sub-132_task-EyeTracking_physio	224	-505.964	-155.952	350.012	1294.840	675.158	0.140	0.052	0.169	0.794
sub-132_task-EyeTracking_physio	224	-139.286	235.724	375.010	1266.640	691.100	0.147	0.049	0.600	0.316
sub-132_task-EyeTracking_physio	224	402.394	610.734	208.340	990.940	923.625	0.068	0.031	0.266	0.255
sub-132_task-EyeTracking_physio	224	652.400	794.071	141.671	1086.275	840.900	0.087	0.016	0.145	0.217
sub-132_task-EyeTracking_physio	224	819.075	1044.076	225.001	1230.660	818.460	0.091	0.023	0.267	0.253
sub-132_task-EyeTracking_physio	224	1077.410	1327.415	250.005	1337.760	813.555	0.085	0.023	0.211	0.327
sub-132_task-EyeTracking_physio	224	1352.418	1527.425	175.007	1438.685	798.155	0.113	0.018	0.160	0.202
sub-132_task-EyeTracking_physio	224	1560.759	1894.103	333.344	1493.632	841.125	0.116	0.026	0.192	0.344
sub-132_task-EyeTracking_physio	224	1910.768	2210.773	300.005	1420.017	834.533	0.109	0.034	0.395	0.360
sub-132_task-EyeTracking_physio	224	2235.773	2560.784	325.011	1292.880	948.285	0.112	0.035	0.308	0.302
sub-132_task-EyeTracking_physio	224	2619.116	2960.794	341.678	1299.455	988.575	0.082	0.019	0.165	0.295
sub-132_task-EyeTracking_physio	225	-458.890	-283.885	175.005	1360.720	749.315	0.135	0.019	0.123	0.336
sub-132_task-EyeTracking_physio	225	-258.882	49.457	308.339	1284.545	694.565	0.068	0.015	0.193	0.247
sub-132_task-EyeTracking_physio	225	66.124	332.798	266.674	1380.380	663.913	0.073	0.015	0.239	0.166
sub-132_task-EyeTracking_physio	225	349.464	532.803	183.339	1408.025	670.165	0.101	0.034	0.242	0.365
sub-132_task-EyeTracking_physio	225	566.136	766.140	200.004	1308.293	764.558	0.141	0.043	0.268	0.382
sub-132_task-EyeTracking_physio	225	849.477	1049.486	200.009	1125.470	756.800	0.143	0.062	0.307	0.558
sub-132_task-EyeTracking_physio	225	1082.819	1557.827	475.008	897.860	779.290	0.152	0.063	0.459	0.501
sub-132_task-EyeTracking_physio	225	1724.501	2066.171	341.670	1644.695	861.410	0.131	0.065	0.385	0.562
sub-132_task-EyeTracking_physio	225	2082.837	2291.180	208.343	1606.725	1014.965	0.151	0.078	0.414	0.554
sub-132_task-EyeTracking_physio	225	2482.846	2799.526	316.680	925.990	962.943	0.084	0.024	0.318	0.210
sub-132_task-EyeTracking_physio	225	2824.526	3007.859	183.333	1150.510	754.612	0.114	0.036	0.214	0.365
sub-132_task-EyeTracking_physio	226	-311.665	-69.994	241.671	1259.390	769.065	0.079	0.014	0.144	0.235
sub-132_task-EyeTracking_physio	226	-19.994	321.684	341.678	1279.000	723.285	0.138	0.039	0.188	0.539
sub-132_task-EyeTracking_physio	226	355.017	496.687	141.670	1014.275	906.825	0.236	0.193	0.691	0.926
sub-132_task-EyeTracking_physio	226	521.687	763.360	241.673	925.765	862.010	0.173	0.124	0.511	0.775
sub-132_task-EyeTracking_physio	226	788.365	996.698	208.333	897.285	736.225	0.135	0.042	0.333	0.360
sub-132_task-EyeTracking_physio	226	1021.698	1246.706	225.008	972.495	659.200	0.125	0.034	0.246	0.383
sub-132_task-EyeTracking_physio	226	1280.039	1563.379	283.340	1106.207	663.170	0.177	0.048	0.282	0.466
sub-132_task-EyeTracking_physio	226	1580.050	1980.059	400.009	1323.550	687.087	0.162	0.041	0.292	0.472
sub-132_task-EyeTracking_physio	226	2005.059	2180.062	175.003	1545.935	729.220	0.156	0.043	0.389	0.401
sub-132_task-EyeTracking_physio	226	2213.394	2480.066	266.672	1724.383	813.712	0.155	0.063	0.386	0.631
sub-132_task-EyeTracking_physio	226	2496.738	2688.409	191.671	1646.335	827.400	0.216	0.054	0.254	0.529
sub-132_task-EyeTracking_physio	226	2705.075	2863.409	158.334	1507.850	818.745	0.169	0.060	0.457	0.344
sub-132_task-EyeTracking_physio	226	2888.415	3005.079	116.664	1342.118	676.525	0.137	0.027	0.211	0.274
sub-132_task-EyeTracking_physio	227	-1415.352	-740.338	675.014	1276.645	657.655	0.079	0.029	0.310	0.282
sub-132_task-EyeTracking_physio	227	-723.672	-473.664	250.008	1322.003	686.403	0.226	0.137	0.648	0.568
sub-132_task-EyeTracking_physio	227	-456.997	-173.654	283.343	1259.722	699.842	0.210	0.092	0.656	0.494
sub-132_task-EyeTracking_physio	227	-156.987	-15.318	141.669	1288.405	688.350	0.315	0.221	0.742	0.624
sub-132_task-EyeTracking_physio	227	9.682	443.024	433.342	1255.440	744.630	0.127	0.067	0.366	0.635
sub-132_task-EyeTracking_physio	227	459.691	626.364	166.673	1227.918	857.865	0.144	0.047	0.401	0.360
sub-132_task-EyeTracking_physio	227	784.702	893.037	108.335	919.445	713.810	0.139	0.023	0.113	0.365
sub-132_task-EyeTracking_physio	227	934.704	1143.043	208.339	1024.770	637.335	0.072	0.018	0.178	0.228
sub-132_task-EyeTracking_physio	227	1176.376	1326.380	150.004	1108.130	620.490	0.092	0.017	0.157	0.207
sub-132_task-EyeTracking_physio	227	1343.047	1509.715	166.668	1278.298	614.705	0.154	0.022	0.480	0.143
sub-132_task-EyeTracking_physio	227	1543.052	1826.393	283.341	1465.480	622.960	0.084	0.016	0.302	0.196
sub-132_task-EyeTracking_physio	227	1859.725	2143.064	283.339	1550.213	618.300	0.071	0.013	0.161	0.211
sub-132_task-EyeTracking_physio	227	2168.064	2326.405	158.341	1547.475	573.395	0.068	0.009	0.106	0.185
sub-132_task-EyeTracking_physio	227	2351.405	2576.408	225.003	1354.610	562.400	0.086	0.029	0.301	0.266
sub-132_task-EyeTracking_physio	227	2593.075	2809.746	216.671	1241.845	588.230	0.198	0.061	0.788	0.198
sub-132_task-EyeTracking_physio	227	2826.413	3009.752	183.339	1304.420	604.192	0.119	0.018	0.279	0.228
sub-132_task-EyeTracking_physio	228	-393.199	-218.192	175.007	1413.025	613.355	0.052	0.006	0.105	0.123
sub-132_task-EyeTracking_physio	228	-151.526	431.822	583.348	1299.773	661.480	0.160	0.093	0.423	1.110
sub-132_task-EyeTracking_physio	228	615.159	781.829	166.670	1385.577	677.908	0.108	0.053	0.182	0.560
sub-132_task-EyeTracking_physio	228	798.500	973.504	175.004	1401.680	645.850	0.113	0.027	0.174	0.367
sub-132_task-EyeTracking_physio	228	1023.503	1340.179	316.676	1113.060	648.757	0.086	0.036	0.460	0.214
sub-132_task-EyeTracking_physio	228	1515.182	1748.519	233.337	1025.197	635.050	0.166	0.053	0.515	0.327
sub-132_task-EyeTracking_physio	228	1773.519	1931.857	158.338	973.035	595.040	0.140	0.050	0.479	0.286
sub-132_task-EyeTracking_physio	228	1973.529	2481.869	508.340	1636.210	702.105	0.213	0.259	0.843	1.577
sub-132_task-EyeTracking_physio	228	2498.541	2698.543	200.002	1582.318	800.190	0.220	0.063	0.443	0.666
sub-132_task-EyeTracking_physio	228	2731.877	3006.884	275.007	1574.610	760.340	0.100	0.031	0.219	0.370
sub-132_task-EyeTracking_physio	229	-1046.582	-854.907	191.675	1609.405	633.855	0.076	0.014	0.144	0.223
sub-132_task-EyeTracking_physio	229	-813.240	-638.237	175.003	1408.080	634.475	0.077	0.022	0.226	0.279
sub-132_task-EyeTracking_physio	229	-621.570	28.445	650.015	1282.303	680.077	0.144	0.059	0.345	0.715
sub-132_task-EyeTracking_physio	229	61.782	395.121	333.339	1257.995	673.590	0.118	0.032	0.173	0.505
sub-132_task-EyeTracking_physio	229	420.122	853.467	433.345	1269.547	742.165	0.181	0.136	0.508	0.855
sub-132_task-EyeTracking_physio	229	995.137	1195.140	200.003	1020.702	689.562	0.076	0.018	0.229	0.242
sub-132_task-EyeTracking_physio	229	1220.140	1528.484	308.344	959.055	703.625	0.110	0.085	0.466	0.577
sub-132_task-EyeTracking_physio	229	1561.818	1911.829	350.011	1015.138	800.875	0.154	0.127	0.479	0.876
sub-132_task-EyeTracking_physio	229	1945.162	2278.500	333.338	1089.090	694.287	0.084	0.023	0.223	0.230
sub-132_task-EyeTracking_physio	229	2295.170	2461.841	166.671	1116.490	680.255	0.105	0.020	0.169	0.298
sub-132_task-EyeTracking_physio	229	2478.508	2761.847	283.339	1319.922	739.495	0.489	7.756	2.485	3.932
sub-132_task-EyeTracking_physio	229	2795.181	2986.853	191.672	1592.435	799.770	0.177	0.090	0.466	0.574
sub-132_task-EyeTracking_physio	230	-3201.728	-2926.721	275.007	1588.620	688.445	0.096	0.032	0.296	0.332
sub-132_task-EyeTracking_physio	230	-2910.055	-2693.382	216.673	1338.515	666.898	0.180	0.063	0.362	0.401
sub-132_task-EyeTracking_physio	230	-2668.383	-2501.711	166.672	1258.653	675.852	0.131	0.037	0.232	0.452
sub-132_task-EyeTracking_physio	230	-2193.368	-1760.026	433.342	1303.227	634.112	0.113	0.039	0.218	0.529
sub-132_task-EyeTracking_physio	230	-1726.692	-643.334	1083.358	1270.485	654.408	0.143	0.072	0.331	0.900
sub-132_task-EyeTracking_physio	230	-568.326	-101.649	466.677	1327.925	691.342	0.167	0.056	0.253	0.775
sub-132_task-EyeTracking_physio	230	-68.315	348.359	416.674	1280.368	682.560	0.143	0.057	0.271	0.597
sub-132_task-EyeTracking_physio	230	373.361	756.702	383.341	1173.517	848.410	0.168	0.190	0.450	1.174
sub-132_task-EyeTracking_physio	230	890.041	1040.042	150.001	962.540	712.230	0.118	0.046	0.282	0.253
sub-132_task-EyeTracking_physio	230	1065.042	1215.048	150.006	897.585	661.160	0.134	0.029	0.337	0.149
sub-132_task-EyeTracking_physio	230	1365.053	1615.059	250.006	1588.402	641.902	0.128	0.051	0.455	0.474
sub-132_task-EyeTracking_physio	230	1690.058	1798.395	108.337	1497.810	841.300	0.172	0.146	0.482	0.777
sub-132_task-EyeTracking_physio	230	1848.394	2148.405	300.011	1253.715	885.085	0.088	0.021	0.190	0.354
sub-132_task-EyeTracking_physio	230	2181.737	2556.748	375.011	1115.540	837.730	0.109	0.096	0.338	0.717
sub-132_task-EyeTracking_physio	230	2573.414	2673.417	100.003	1236.440	723.780	0.097	0.026	0.206	0.200
sub-132_task-EyeTracking_physio	230	2715.083	2890.086	175.003	1522.835	699.595	0.085	0.028	0.257	0.268
sub-132_task-EyeTracking_physio	231	-2614.654	-2456.317	158.337	1613.745	691.230	0.077	0.014	0.167	0.156
sub-132_task-EyeTracking_physio	231	-2414.651	-2222.979	191.672	1367.410	679.195	0.086	0.020	0.320	0.159
sub-132_task-EyeTracking_physio	231	-2206.312	-1272.958	933.354	1286.783	672.760	0.121	0.054	0.269	0.692
sub-132_task-EyeTracking_physio	231	-1247.956	-864.616	383.340	1332.085	668.413	0.190	0.040	0.174	0.637
sub-132_task-EyeTracking_physio	231	-839.617	368.754	1208.371	1291.560	687.285	0.193	0.184	0.728	1.225
sub-132_task-EyeTracking_physio	231	443.751	693.757	250.006	1322.133	915.173	0.146	0.075	0.363	0.856
sub-132_task-EyeTracking_physio	231	718.757	893.767	175.010	1407.660	861.050	0.145	0.033	0.170	0.527
sub-132_task-EyeTracking_physio	231	1002.098	1193.773	191.675	1527.510	730.985	0.223	0.127	0.567	0.612
sub-132_task-EyeTracking_physio	231	1218.773	1477.112	258.339	1623.705	679.420	0.129	0.044	0.325	0.413
sub-132_task-EyeTracking_physio	231	1635.448	1818.787	183.339	1612.588	969.260	0.147	0.063	0.274	0.586
sub-132_task-EyeTracking_physio	231	2043.791	2343.802	300.011	919.045	925.955	0.072	0.028	0.357	0.256
sub-132_task-EyeTracking_physio	231	2468.806	2710.478	241.672	1315.165	620.045	0.197	0.073	0.506	0.588
sub-132_task-EyeTracking_physio	231	2752.145	2968.813	216.668	1420.717	628.633	0.093	0.025	0.154	0.378
sub-132_task-EyeTracking_physio	232	-642.658	-309.319	333.339	1370.880	834.180	0.101	0.025	0.194	0.350
sub-132_task-EyeTracking_physio	232	-284.317	-75.976	208.341	1308.385	763.320	0.126	0.024	0.142	0.324
sub-132_task-EyeTracking_physio	232	-50.976	432.370	483.346	1274.308	685.985	0.129	0.032	0.212	0.588
sub-132_task-EyeTracking_physio	232	474.036	732.377	258.341	1149.985	859.980	0.166	0.057	0.278	0.467
sub-132_task-EyeTracking_physio	232	749.042	1065.719	316.677	924.497	913.505	0.222	0.088	0.416	0.672
sub-132_task-EyeTracking_physio	232	1090.719	1274.053	183.334	1032.407	876.390	0.121	0.050	0.271	0.449
sub-132_task-EyeTracking_physio	232	1374.058	1532.395	158.337	1507.240	734.655	0.099	0.022	0.146	0.362
sub-132_task-EyeTracking_physio	232	1557.394	1765.734	208.340	1576.930	688.555	0.079	0.016	0.151	0.214
sub-132_task-EyeTracking_physio	232	1782.401	1899.071	116.670	1592.705	614.507	0.090	0.023	0.210	0.170
sub-132_task-EyeTracking_physio	232	1915.737	2082.407	166.670	1462.015	571.360	0.098	0.018	0.198	0.188
sub-132_task-EyeTracking_physio	232	2132.411	2399.084	266.673	1280.508	568.805	0.061	0.011	0.104	0.179
sub-132_task-EyeTracking_physio	232	2440.750	2849.094	408.344	1235.710	644.815	0.114	0.025	0.181	0.425
sub-132_task-EyeTracking_physio	232	2865.760	3007.429	141.669	1111.520	696.560	0.173	0.058	0.408	0.314
sub-132_task-EyeTracking_physio	233	-929.326	-720.985	208.341	1261.455	668.270	0.118	0.025	0.280	0.231
sub-132_task-EyeTracking_physio	233	-704.317	-320.976	383.341	1289.957	672.227	0.153	0.053	0.294	0.584
sub-132_task-EyeTracking_physio	233	-304.309	-104.303	200.006	1252.260	678.170	0.174	0.059	0.555	0.291
sub-132_task-EyeTracking_physio	233	-95.968	387.378	483.346	1294.283	696.480	0.175	0.072	0.379	0.587
sub-132_task-EyeTracking_physio	233	445.711	629.048	183.337	1445.780	908.197	0.144	0.060	0.351	0.427
sub-132_task-EyeTracking_physio	233	645.714	829.055	183.341	1565.908	910.882	0.256	0.212	0.904	0.680
sub-132_task-EyeTracking_physio	233	879.052	1129.058	250.006	1665.070	900.990	0.117	0.017	0.136	0.278
sub-132_task-EyeTracking_physio	233	1154.060	1412.398	258.338	1544.840	696.585	0.104	0.042	0.241	0.469
sub-132_task-EyeTracking_physio	233	1437.405	1787.407	350.002	1444.615	665.977	0.078	0.026	0.244	0.300
sub-132_task-EyeTracking_physio	233	1795.741	1895.747	100.006	1408.310	718.610	0.241	0.084	0.364	0.415
sub-132_task-EyeTracking_physio	233	1979.085	2129.087	150.002	1081.745	750.295	0.371	0.258	1.086	0.734
sub-132_task-EyeTracking_physio	233	2162.420	2379.094	216.674	950.945	696.150	0.133	0.063	0.343	0.390
sub-132_task-EyeTracking_physio	233	2412.427	2745.769	333.342	936.285	651.405	0.137	0.028	0.186	0.397
sub-132_task-EyeTracking_physio	233	2779.102	2962.439	183.337	1070.635	647.365	0.102	0.019	0.163	0.241
sub-132_task-EyeTracking_physio	234	-1900.077	-1675.071	225.006	1195.570	653.410	0.108	0.014	0.115	0.236
sub-132_task-EyeTracking_physio	234	-1650.071	-1341.725	308.346	1313.970	661.270	0.125	0.036	0.340	0.351
sub-132_task-EyeTracking_physio	234	-1308.393	-1025.054	283.339	1267.430	645.445	0.116	0.033	0.233	0.353
sub-132_task-EyeTracking_physio	234	-1000.055	-508.378	491.677	1315.540	640.880	0.113	0.055	0.358	0.484
sub-132_task-EyeTracking_physio	234	-491.713	-58.366	433.347	1262.557	664.715	0.210	0.116	0.749	0.606
sub-132_task-EyeTracking_physio	234	-41.699	291.644	333.343	1284.185	708.795	0.198	0.093	0.953	0.341
sub-132_task-EyeTracking_physio	234	333.308	549.983	216.675	1391.925	834.235	0.096	0.028	0.188	0.351
sub-132_task-EyeTracking_physio	234	574.985	741.653	166.668	1448.170	844.398	0.126	0.038	0.239	0.297
sub-132_task-EyeTracking_physio	234	774.990	958.322	183.332	1541.923	832.233	0.126	0.024	0.212	0.305
sub-132_task-EyeTracking_physio	234	1041.662	1308.335	266.673	993.062	790.740	0.142	0.045	0.309	0.448
sub-132_task-EyeTracking_physio	234	1341.668	1641.677	300.009	918.223	777.415	0.119	0.035	0.285	0.451
sub-132_task-EyeTracking_physio	234	1783.345	2125.023	341.678	1377.150	603.545	0.123	0.066	0.697	0.309
sub-132_task-EyeTracking_physio	234	2141.690	2458.367	316.677	1404.607	676.000	0.106	0.033	0.181	0.466
sub-132_task-EyeTracking_physio	234	2475.034	2891.715	416.681	1468.863	668.170	0.095	0.057	0.400	0.512
sub-132_task-EyeTracking_physio	235	-336.195	413.817	750.012	1316.233	684.688	0.156	0.516	1.096	1.608
sub-132_task-EyeTracking_physio	235	438.817	597.160	158.343	1230.670	931.395	0.131	0.032	0.238	0.301
sub-132_task-EyeTracking_physio	235	647.158	780.495	133.337	1188.005	850.730	0.113	0.017	0.158	0.272
sub-132_task-EyeTracking_physio	235	822.159	1238.841	416.682	894.298	775.888	0.121	0.063	0.374	0.543
sub-132_task-EyeTracking_physio	235	1422.177	1613.847	191.670	1548.585	852.355	0.104	0.019	0.143	0.267
sub-132_task-EyeTracking_physio	235	1647.179	1930.524	283.345	1619.760	822.115	0.118	0.027	0.207	0.292
sub-132_task-EyeTracking_physio	235	1963.857	2130.524	166.667	1610.860	692.133	0.130	0.028	0.151	0.296
sub-132_task-EyeTracking_physio	235	2163.863	2447.201	283.338	1633.673	605.070	0.078	0.016	0.169	0.259
sub-132_task-EyeTracking_physio	235	2522.197	2847.209	325.012	1660.070	881.020	0.094	0.082	0.238	0.940
sub-132_task-EyeTracking_physio	235	2872.207	3022.214	150.007	1391.390	883.720	0.664	1.957	4.843	0.969
sub-132_task-EyeTracking_physio	236	-247.340	-72.334	175.006	1271.135	766.885	0.096	0.025	0.190	0.244
sub-132_task-EyeTracking_physio	236	-55.667	361.007	416.674	1287.263	700.225	0.162	0.071	0.292	0.762
sub-132_task-EyeTracking_physio	236	394.341	627.681	233.340	1113.725	699.938	0.151	0.060	0.442	0.405
sub-132_task-EyeTracking_physio	236	652.681	877.688	225.007	1013.270	710.040	0.163	0.085	0.602	0.395
sub-132_task-EyeTracking_physio	236	902.688	1269.362	366.674	982.570	648.483	0.106	0.028	0.307	0.321
sub-132_task-EyeTracking_physio	236	1361.034	1577.700	216.666	1603.222	735.327	0.127	0.087	0.381	0.731
sub-132_task-EyeTracking_physio	236	1611.038	1819.374	208.336	1598.580	663.520	0.085	0.021	0.165	0.228
sub-132_task-EyeTracking_physio	236	1844.373	2311.054	466.681	1387.223	676.435	0.175	0.158	0.686	0.954
sub-132_task-EyeTracking_physio	236	2386.054	2602.723	216.669	1400.243	921.700	0.148	0.145	0.613	0.508
sub-132_task-EyeTracking_physio	236	2644.400	2902.733	258.333	1687.115	940.865	0.098	0.047	0.306	0.500
sub-132_task-EyeTracking_physio	237	-500.296	-266.957	233.339	1601.585	629.340	0.100	0.060	0.141	0.654
sub-132_task-EyeTracking_physio	237	-225.291	-75.286	150.005	1385.275	709.015	0.124	0.027	0.231	0.313
sub-132_task-EyeTracking_physio	237	-58.620	449.726	508.346	1261.980	711.510	0.129	0.062	0.618	0.440
sub-132_task-EyeTracking_physio	237	516.397	758.070	241.673	1273.080	918.005	0.100	0.026	0.214	0.329
sub-132_task-EyeTracking_physio	237	824.736	1191.412	366.676	1116.338	903.993	0.086	0.028	0.246	0.339
sub-132_task-EyeTracking_physio	237	1216.412	1374.748	158.336	1396.205	872.670	0.136	0.039	0.400	0.279
sub-132_task-EyeTracking_physio	237	1424.753	1633.088	208.335	1599.450	849.180	0.146	0.035	0.231	0.454
sub-132_task-EyeTracking_physio	237	1658.088	1858.093	200.005	1667.890	786.655	0.218	0.060	0.288	0.565
sub-132_task-EyeTracking_physio	237	1891.427	2074.766	183.339	1672.773	677.142	0.101	0.024	0.183	0.315
sub-132_task-EyeTracking_physio	237	2091.433	2341.442	250.009	1649.118	606.065	0.100	0.042	0.244	0.401
sub-132_task-EyeTracking_physio	237	2474.776	3008.123	533.347	1651.600	891.602	0.091	0.042	0.399	0.333
sub-132_task-EyeTracking_physio	238	-1095.391	-803.714	291.677	1316.840	679.605	0.096	0.019	0.175	0.289
sub-132_task-EyeTracking_physio	238	-778.715	-237.038	541.677	1262.280	659.095	0.111	0.042	0.428	0.472
sub-132_task-EyeTracking_physio	238	-153.700	-45.365	108.335	1245.855	1040.305	4.600	20.898	3.322	6.328
sub-132_task-EyeTracking_physio	238	-20.363	387.984	408.347	1266.895	645.150	0.179	0.082	0.287	0.857
sub-132_task-EyeTracking_physio	238	412.983	737.988	325.005	1312.945	899.890	0.448	1.521	1.292	3.740
sub-132_task-EyeTracking_physio	238	929.662	1229.670	300.008	891.780	722.405	0.142	0.061	0.335	0.459
sub-132_task-EyeTracking_physio	238	1354.674	1738.017	383.343	1567.585	824.678	0.123	0.059	0.397	0.560
sub-132_task-EyeTracking_physio	238	1788.016	2079.694	291.678	1465.865	818.690	0.091	0.036	0.221	0.427
sub-132_task-EyeTracking_physio	238	2138.025	2329.696	191.671	1740.225	880.480	0.091	0.023	0.201	0.288
sub-132_task-EyeTracking_physio	238	2363.034	2746.380	383.346	1655.230	882.820	0.068	0.013	0.180	0.185
sub-132_task-EyeTracking_physio	238	2771.381	2988.047	216.666	1540.733	767.145	0.109	0.028	0.186	0.428
sub-132_task-EyeTracking_physio	239	-431.593	-173.251	258.342	1388.625	622.860	0.108	0.019	0.162	0.330
sub-132_task-EyeTracking_physio	239	-156.585	-48.250	108.335	1231.660	665.470	0.343	1.120	1.024	1.578
sub-132_task-EyeTracking_physio	239	-23.248	410.099	433.347	1295.293	714.460	0.155	0.053	0.333	0.592
sub-132_task-EyeTracking_physio	239	451.764	793.445	341.681	1352.540	843.945	0.119	0.023	0.149	0.446
sub-132_task-EyeTracking_physio	239	935.112	1335.125	400.013	1092.590	719.715	0.103	0.032	0.319	0.323
sub-132_task-EyeTracking_physio	239	1393.458	1793.467	400.009	1329.203	864.115	0.261	0.108	0.401	1.256
sub-132_task-EyeTracking_physio	239	1810.132	2126.808	316.676	1219.215	824.258	0.164	0.050	0.201	0.710
sub-132_task-EyeTracking_physio	239	2143.475	2560.152	416.677	1163.453	892.245	0.148	0.069	0.515	0.520
sub-132_task-EyeTracking_physio	239	2568.485	2676.822	108.337	1221.830	889.155	0.192	0.041	0.503	0.176
sub-132_task-EyeTracking_physio	239	2718.489	2951.828	233.339	1609.860	897.352	0.135	0.033	0.330	0.344
sub-132_task-EyeTracking_physio	240	-1226.792	-1085.125	141.667	1672.295	897.940	0.091	0.023	0.143	0.254
sub-132_task-EyeTracking_physio	240	-785.111	-585.109	200.002	1291.965	614.067	0.071	0.037	0.223	0.409
sub-132_task-EyeTracking_physio	240	-560.110	314.913	875.023	1300.205	689.035	0.176	0.182	0.343	1.265
sub-132_task-EyeTracking_physio	240	339.912	456.582	116.670	1288.515	815.520	0.087	0.027	0.102	0.379
sub-132_task-EyeTracking_physio	240	506.586	614.919	108.333	1342.050	948.125	0.085	0.012	0.094	0.218
sub-132_task-EyeTracking_physio	240	631.585	864.926	233.341	1344.457	900.692	0.080	0.017	0.194	0.216
sub-132_task-EyeTracking_physio	240	1014.927	1273.268	258.341	1671.700	872.685	0.109	0.040	0.349	0.289
sub-132_task-EyeTracking_physio	240	1281.601	1381.602	100.001	1500.832	878.472	0.299	0.096	0.716	0.270
sub-132_task-EyeTracking_physio	240	1423.277	1648.277	225.000	1121.790	818.635	0.103	0.023	0.232	0.261
sub-132_task-EyeTracking_physio	240	1681.610	1881.616	200.006	1048.220	782.807	0.148	0.041	0.292	0.368
sub-132_task-EyeTracking_physio	240	1906.616	2139.957	233.341	1107.725	727.217	0.174	0.087	0.433	0.443
sub-132_task-EyeTracking_physio	240	2173.290	2523.299	350.009	1209.658	724.767	0.105	0.024	0.209	0.307
sub-132_task-EyeTracking_physio	240	2564.966	3006.655	441.689	1141.035	807.715	0.127	0.028	0.355	0.339
sub-132_task-EyeTracking_physio	241	-863.349	-738.345	125.004	1303.355	744.090	0.142	0.024	0.115	0.429
sub-132_task-EyeTracking_physio	241	-705.011	-296.664	408.347	1270.975	700.895	0.141	0.036	0.184	0.561
sub-132_task-EyeTracking_physio	241	-263.332	511.688	775.020	1272.225	700.005	0.110	0.054	0.270	0.698
sub-132_task-EyeTracking_physio	241	528.355	636.690	108.335	1295.775	878.985	0.166	0.069	0.219	0.556
sub-132_task-EyeTracking_physio	241	661.690	870.025	208.335	1254.430	899.245	0.114	0.035	0.272	0.258
sub-132_task-EyeTracking_physio	241	895.030	1028.366	133.336	1118.153	881.110	0.360	0.492	1.651	0.712
sub-132_task-EyeTracking_physio	241	1053.366	1278.373	225.007	1022.350	834.800	0.175	0.067	0.410	0.416
sub-132_task-EyeTracking_physio	241	1336.705	1753.383	416.678	1636.812	887.980	0.118	0.055	0.353	0.475
sub-132_task-EyeTracking_physio	241	1795.054	2053.392	258.338	1537.370	621.630	0.083	0.028	0.312	0.250
sub-132_task-EyeTracking_physio	241	2086.725	2545.066	458.341	1507.870	592.195	0.078	0.024	0.204	0.316
sub-132_task-EyeTracking_physio	241	2561.733	2753.408	191.675	1367.625	583.575	0.176	0.042	0.636	0.200
sub-132_task-EyeTracking_physio	241	2786.742	3003.419	216.677	1264.575	584.447	0.072	0.022	0.271	0.188
sub-132_task-EyeTracking_physio	242	-566.427	-416.422	150.005	1299.720	814.960	0.082	0.023	0.204	0.194
sub-132_task-EyeTracking_physio	242	-399.755	-124.747	275.008	1288.155	781.085	0.090	0.020	0.146	0.286
sub-132_task-EyeTracking_physio	242	-91.414	358.594	450.008	1279.885	735.332	0.111	0.029	0.204	0.449
sub-132_task-EyeTracking_physio	242	383.600	575.268	191.668	1220.460	867.420	0.168	0.057	0.613	0.284
sub-132_task-EyeTracking_physio	242	591.935	775.276	183.341	1145.910	886.870	0.170	0.042	0.547	0.233
sub-132_task-EyeTracking_physio	242	816.941	1008.612	191.671	974.975	869.130	0.129	0.043	0.349	0.372
sub-132_task-EyeTracking_physio	242	1033.616	1191.952	158.336	1027.555	796.640	0.202	0.059	0.217	0.443
sub-132_task-EyeTracking_physio	242	1225.285	1641.959	416.674	1362.615	719.290	0.214	0.083	0.496	0.556
sub-132_task-EyeTracking_physio	242	1675.298	2258.643	583.345	1500.465	818.543	0.137	0.052	0.362	0.630
sub-132_task-EyeTracking_physio	242	2291.976	2541.983	250.007	1341.515	826.658	0.119	0.027	0.334	0.333
sub-132_task-EyeTracking_physio	242	2575.316	2916.991	341.675	1413.900	831.550	0.149	0.039	0.179	0.566
sub-132_task-EyeTracking_physio	243	-861.333	-686.325	175.008	1352.360	750.880	0.496	0.736	3.507	2.222
sub-132_task-EyeTracking_physio	243	-669.658	-152.979	516.679	1269.188	696.030	0.116	0.067	0.386	0.602
sub-132_task-EyeTracking_physio	243	-136.312	480.371	616.683	1286.192	707.640	0.200	0.111	0.620	1.048
sub-132_task-EyeTracking_physio	243	497.038	722.037	224.999	1338.020	774.045	0.217	0.057	0.260	0.756
sub-132_task-EyeTracking_physio	243	738.709	947.048	208.339	1428.460	771.200	0.188	0.348	0.847	0.779
sub-132_task-EyeTracking_physio	243	980.380	1513.726	533.346	1563.245	757.015	0.163	0.076	0.618	0.646
sub-132_task-EyeTracking_physio	243	1530.395	1730.399	200.004	1639.265	748.957	0.184	0.080	0.591	0.420
sub-132_task-EyeTracking_physio	243	1905.403	2130.408	225.005	1135.225	708.580	0.159	0.090	0.380	0.725
sub-132_task-EyeTracking_physio	243	2155.409	2313.749	158.340	1126.990	628.255	0.104	0.038	0.311	0.226
sub-132_task-EyeTracking_physio	243	2338.748	2563.751	225.003	919.625	599.310	0.136	0.039	0.576	0.204
sub-132_task-EyeTracking_physio	243	2580.423	2947.095	366.672	968.415	561.625	0.092	0.043	0.263	0.433
sub-132_task-EyeTracking_physio	244	-1314.932	-723.252	591.680	1298.945	665.510	0.113	0.079	0.386	0.807
sub-132_task-EyeTracking_physio	244	-639.915	-239.908	400.007	1316.125	804.188	0.120	0.077	0.381	0.690
sub-132_task-EyeTracking_physio	244	-206.575	160.104	366.679	1267.997	711.955	0.137	0.064	0.284	0.665
sub-132_task-EyeTracking_physio	244	185.101	285.108	100.007	1267.202	741.798	0.056	0.004	0.054	0.143
sub-132_task-EyeTracking_physio	244	368.440	510.113	141.673	1366.340	912.085	0.131	0.064	0.409	0.259
sub-132_task-EyeTracking_physio	244	526.780	643.450	116.670	1556.307	916.685	0.200	0.269	0.640	0.735
sub-132_task-EyeTracking_physio	244	676.783	835.120	158.337	1662.300	765.260	0.157	0.064	0.422	0.401
sub-132_task-EyeTracking_physio	244	860.118	1026.795	166.677	1574.080	590.312	0.092	0.029	0.199	0.373
sub-132_task-EyeTracking_physio	244	1051.795	1201.797	150.002	1334.492	572.595	0.103	0.029	0.394	0.181
sub-132_task-EyeTracking_physio	244	1218.463	1593.471	375.008	1125.190	579.840	0.217	0.057	0.988	0.276
sub-132_task-EyeTracking_physio	244	1618.471	1926.812	308.341	1037.605	738.390	0.137	0.106	0.300	0.778
sub-132_task-EyeTracking_physio	244	1943.479	2285.156	341.677	917.940	719.295	0.190	0.103	0.810	0.557
sub-132_task-EyeTracking_physio	244	2326.821	2510.163	183.342	1025.297	630.148	0.149	0.030	0.174	0.371
sub-132_task-EyeTracking_physio	244	2526.829	2626.833	100.004	1187.270	581.790	0.145	0.040	0.341	0.198
sub-132_task-EyeTracking_physio	244	2668.499	2810.169	141.670	1505.165	568.635	0.103	0.049	0.509	0.196
sub-132_task-EyeTracking_physio	244	2860.166	3010.177	150.011	1681.990	598.760	0.080	0.015	0.172	0.177
sub-132_task-EyeTracking_physio	245	-1193.415	-635.066	558.349	1307.555	635.070	0.181	0.068	0.418	0.654
sub-132_task-EyeTracking_physio	245	-618.398	-376.722	241.676	1414.525	595.245	0.141	0.047	0.368	0.319
sub-132_task-EyeTracking_physio	245	-301.725	-118.388	183.337	1405.140	732.530	0.152	0.097	0.541	0.323
sub-132_task-EyeTracking_physio	245	-85.050	264.952	350.002	1286.850	694.600	0.139	0.039	0.239	0.466
sub-132_task-EyeTracking_physio	245	298.293	664.961	366.668	1004.008	857.295	0.141	0.064	0.573	0.503
sub-132_task-EyeTracking_physio	245	689.966	864.967	175.001	965.750	766.635	0.140	0.063	0.364	0.474
sub-132_task-EyeTracking_physio	245	898.303	1064.978	166.675	1068.747	640.828	0.089	0.018	0.207	0.186
sub-132_task-EyeTracking_physio	245	1081.645	1281.645	200.000	1229.173	600.450	0.089	0.025	0.296	0.173
sub-132_task-EyeTracking_physio	245	1306.647	1539.982	233.335	1441.388	686.743	0.090	0.033	0.152	0.506
sub-132_task-EyeTracking_physio	245	1564.983	2006.661	441.678	1500.030	835.490	0.197	0.225	0.685	1.130
sub-132_task-EyeTracking_physio	245	2039.994	2281.669	241.675	1566.935	798.540	0.173	0.034	0.222	0.452
sub-132_task-EyeTracking_physio	245	2298.337	2548.341	250.004	1328.767	774.817	0.170	0.064	0.345	0.493
sub-132_task-EyeTracking_physio	245	2565.007	2831.679	266.672	1203.068	729.918	0.212	0.061	0.790	0.421
sub-132_task-EyeTracking_physio	245	2873.345	3006.684	133.339	1266.348	666.985	0.079	0.010	0.098	0.175
sub-132_task-EyeTracking_physio	246	-1263.629	-721.953	541.676	1269.910	675.465	0.077	0.021	0.246	0.290
sub-132_task-EyeTracking_physio	246	-696.953	-538.614	158.339	1332.880	671.040	0.073	0.019	0.134	0.223
sub-132_task-EyeTracking_physio	246	-513.614	378.074	891.688	1274.335	685.465	0.145	0.070	0.433	0.527
sub-132_task-EyeTracking_physio	246	503.071	753.078	250.007	1485.060	860.015	0.162	0.234	0.556	1.111
sub-132_task-EyeTracking_physio	246	794.747	1028.083	233.336	1057.807	720.837	0.082	0.022	0.167	0.268
sub-132_task-EyeTracking_physio	246	1061.421	1228.090	166.669	973.523	663.077	0.092	0.014	0.164	0.191
sub-132_task-EyeTracking_physio	246	1261.423	1436.432	175.009	902.555	610.745	0.075	0.015	0.195	0.143
sub-132_task-EyeTracking_physio	246	1461.432	1694.770	233.338	1027.332	532.903	0.075	0.053	0.435	0.390
sub-132_task-EyeTracking_physio	246	1728.103	1928.109	200.006	1130.602	532.045	0.084	0.020	0.338	0.163
sub-132_task-EyeTracking_physio	246	1953.114	2361.453	408.339	1235.555	547.650	0.064	0.012	0.172	0.190
sub-132_task-EyeTracking_physio	246	2403.119	2578.122	175.003	1177.655	553.030	0.063	0.007	0.168	0.104
sub-132_task-EyeTracking_physio	246	2628.126	2744.794	116.668	1061.850	514.810	0.065	0.012	0.199	0.099
sub-132_task-EyeTracking_physio	246	2786.460	3003.133	216.673	1030.227	478.380	0.051	0.007	0.104	0.181
sub-132_task-EyeTracking_physio	247	-216.423	-58.090	158.333	1302.880	749.628	1.033	7.230	1.904	6.235
sub-132_task-EyeTracking_physio	247	-24.752	491.924	516.676	1284.898	695.530	0.106	0.051	0.286	0.476
sub-132_task-EyeTracking_physio	247	525.261	708.597	183.336	1375.602	822.450	0.181	0.047	0.108	0.867
sub-132_task-EyeTracking_physio	247	741.928	1133.604	391.676	1545.405	935.460	0.111	0.035	0.305	0.428
sub-132_task-EyeTracking_physio	247	1175.277	1491.950	316.673	1142.580	910.733	0.198	0.078	0.847	0.299
sub-132_task-EyeTracking_physio	247	1525.281	1675.290	150.009	1020.957	710.413	0.129	0.051	0.248	0.596
sub-132_task-EyeTracking_physio	247	1700.290	1908.625	208.335	1103.795	629.490	0.088	0.028	0.322	0.212
sub-132_task-EyeTracking_physio	247	1925.292	2133.632	208.340	1262.770	625.040	0.077	0.033	0.326	0.242
sub-132_task-EyeTracking_physio	247	2175.298	2491.976	316.678	1347.980	652.980	0.073	0.015	0.229	0.237
sub-132_task-EyeTracking_physio	247	2516.975	3008.657	491.682	1415.815	683.275	0.078	0.025	0.167	0.355
sub-132_task-EyeTracking_physio	248	-10.644	281.034	291.678	1271.215	724.820	0.086	0.034	0.228	0.353
sub-132_task-EyeTracking_physio	248	306.034	647.710	341.676	1293.280	674.885	0.078	0.018	0.167	0.259
sub-132_task-EyeTracking_physio	248	772.713	931.055	158.342	1375.860	572.140	0.132	0.034	0.349	0.270
sub-132_task-EyeTracking_physio	248	964.386	1264.394	300.008	1554.315	556.340	0.087	0.028	0.297	0.319
sub-132_task-EyeTracking_physio	248	1281.059	1389.395	108.336	1533.415	636.715	0.160	0.125	0.402	0.586
sub-132_task-EyeTracking_physio	248	1456.064	1631.071	175.007	1459.605	774.545	0.175	0.053	0.192	0.481
sub-132_task-EyeTracking_physio	248	1664.403	1814.406	150.003	1226.533	710.190	0.211	0.155	0.537	0.609
sub-132_task-EyeTracking_physio	248	1839.406	2014.413	175.007	1167.670	622.060	0.087	0.023	0.170	0.308
sub-132_task-EyeTracking_physio	248	2047.747	2381.090	333.343	1187.105	590.562	0.059	0.010	0.174	0.181
sub-132_task-EyeTracking_physio	248	2397.757	2581.093	183.336	1038.500	610.495	0.252	0.089	0.905	0.298
sub-132_task-EyeTracking_physio	248	2597.759	3006.106	408.347	934.540	630.950	0.234	0.115	1.260	0.343
sub-132_task-EyeTracking_physio	249	-2548.582	-2373.576	175.006	934.205	638.815	0.097	0.020	0.192	0.273
sub-132_task-EyeTracking_physio	249	-2340.240	-1956.890	383.350	1315.220	648.942	0.127	0.038	0.373	0.472
sub-132_task-EyeTracking_physio	249	-1940.224	-756.868	1183.356	1274.658	681.223	0.118	0.117	0.578	0.888
sub-132_task-EyeTracking_physio	249	-731.866	-281.856	450.010	1287.195	669.893	0.152	0.099	0.532	0.528
sub-132_task-EyeTracking_physio	249	-273.524	-106.850	166.674	1279.203	699.363	0.169	0.032	0.135	0.382
sub-132_task-EyeTracking_physio	249	-65.184	326.492	391.676	1259.725	699.705	0.129	0.031	0.175	0.421
sub-132_task-EyeTracking_physio	249	334.825	443.160	108.335	1211.235	726.745	0.235	0.217	0.502	0.781
sub-132_task-EyeTracking_physio	249	501.495	626.497	125.002	1306.720	919.370	0.126	0.057	0.163	0.528
sub-132_task-EyeTracking_physio	249	643.163	809.835	166.672	1361.690	875.457	0.113	0.030	0.208	0.233
sub-132_task-EyeTracking_physio	249	843.168	1043.176	200.008	1502.095	789.150	0.129	0.049	0.288	0.372
sub-132_task-EyeTracking_physio	249	1076.513	1343.183	266.670	1534.825	737.148	0.081	0.018	0.235	0.238
sub-132_task-EyeTracking_physio	249	1359.850	1743.196	383.346	1496.795	694.077	0.079	0.037	0.263	0.400
sub-132_task-EyeTracking_physio	249	1776.528	1959.862	183.334	1392.425	832.660	0.117	0.026	0.324	0.222
sub-132_task-EyeTracking_physio	249	1984.867	2284.873	300.006	1304.940	791.773	0.080	0.014	0.222	0.173
sub-132_task-EyeTracking_physio	249	2309.872	2534.881	225.009	1257.390	777.865	0.070	0.029	0.250	0.244
sub-132_task-EyeTracking_physio	249	2559.881	2801.553	241.672	1170.200	749.040	0.055	0.006	0.098	0.147
sub-132_task-EyeTracking_physio	249	2843.218	3009.888	166.670	1096.230	736.180	0.073	0.020	0.191	0.272
sub-132_task-EyeTracking_physio	250	-1477.271	-1285.597	191.674	1094.890	736.545	0.050	0.005	0.117	0.111
sub-132_task-EyeTracking_physio	250	-1252.265	-1118.928	133.337	1253.670	712.025	0.062	0.006	0.113	0.138
sub-132_task-EyeTracking_physio	250	-835.590	-585.583	250.007	1241.760	666.577	0.087	0.042	0.292	0.265
sub-132_task-EyeTracking_physio	250	-568.916	-110.576	458.340	1295.635	672.295	0.109	0.039	0.481	0.345
sub-132_task-EyeTracking_physio	250	-85.570	322.773	408.343	1267.780	706.595	0.132	0.041	0.380	0.511
sub-132_task-EyeTracking_physio	250	356.104	506.108	150.004	1351.632	720.205	0.088	0.022	0.223	0.199
sub-132_task-EyeTracking_physio	250	531.108	714.446	183.338	1502.095	771.370	0.079	0.019	0.168	0.255
sub-132_task-EyeTracking_physio	250	731.113	1047.787	316.674	1592.503	777.067	0.122	0.059	0.360	0.576
sub-132_task-EyeTracking_physio	250	1089.456	1214.459	125.003	1180.350	925.155	0.139	0.049	0.349	0.310
sub-132_task-EyeTracking_physio	250	1247.793	1431.129	183.336	1051.370	868.635	0.181	0.078	0.485	0.378
sub-132_task-EyeTracking_physio	250	1456.128	1656.136	200.008	972.892	743.957	0.130	0.044	0.210	0.433
sub-132_task-EyeTracking_physio	250	1672.801	1872.810	200.009	941.457	638.395	0.132	0.027	0.206	0.365
sub-132_task-EyeTracking_physio	250	1914.475	2164.483	250.008	1123.497	594.993	0.064	0.010	0.149	0.162
sub-132_task-EyeTracking_physio	250	2197.816	2464.486	266.670	1225.630	606.465	0.099	0.029	0.291	0.336
sub-132_task-EyeTracking_physio	250	2589.489	2872.828	283.339	1358.930	691.957	0.072	0.023	0.181	0.358
sub-132_task-EyeTracking_physio	251	-2531.834	-2323.494	208.340	1435.800	702.790	0.077	0.012	0.136	0.178
sub-132_task-EyeTracking_physio	251	-2306.827	-1898.485	408.342	1320.725	677.100	0.064	0.013	0.164	0.209
sub-132_task-EyeTracking_physio	251	-1865.152	-1690.149	175.003	1273.405	674.420	0.076	0.034	0.204	0.279
sub-132_task-EyeTracking_physio	251	-1673.482	-1423.475	250.007	1312.793	676.768	0.145	0.069	0.597	0.294
sub-132_task-EyeTracking_physio	251	-1390.136	-848.459	541.677	1268.855	668.470	0.108	0.027	0.263	0.314
sub-132_task-EyeTracking_physio	251	-831.792	-348.447	483.345	1287.973	671.048	0.203	0.116	0.535	0.843
sub-132_task-EyeTracking_physio	251	-315.113	-106.778	208.335	1253.525	688.000	0.201	0.098	0.462	0.567
sub-132_task-EyeTracking_physio	251	-90.108	384.903	475.011	1281.095	700.600	0.251	0.128	0.813	0.775
sub-132_task-EyeTracking_physio	251	418.235	534.905	116.670	1335.388	905.440	0.112	0.023	0.187	0.268
sub-132_task-EyeTracking_physio	251	559.909	759.912	200.003	1390.530	838.355	0.233	0.064	0.252	0.673
sub-132_task-EyeTracking_physio	251	784.911	1009.917	225.006	1476.940	766.720	0.142	0.036	0.340	0.314
sub-132_task-EyeTracking_physio	251	1026.582	1209.922	183.340	1518.355	756.908	0.300	0.739	1.240	2.539
sub-132_task-EyeTracking_physio	251	1376.594	1559.929	183.335	1229.305	964.538	0.088	0.027	0.197	0.350
sub-132_task-EyeTracking_physio	251	1584.929	1759.937	175.008	1138.030	932.280	0.081	0.023	0.250	0.181
sub-132_task-EyeTracking_physio	251	1801.604	1984.940	183.336	1032.557	848.237	0.147	0.033	0.210	0.345
sub-132_task-EyeTracking_physio	251	2009.945	2209.951	200.006	1185.092	639.372	0.122	0.056	0.423	0.437
sub-132_task-EyeTracking_physio	251	2234.949	2626.623	391.674	1354.305	618.835	0.075	0.035	0.304	0.386
sub-132_task-EyeTracking_physio	251	2718.294	3009.964	291.670	1603.980	799.375	0.196	0.076	0.257	0.867
sub-132_task-EyeTracking_physio	252	-2261.161	-2044.486	216.675	1289.628	699.158	0.140	0.064	0.425	0.542
sub-132_task-EyeTracking_physio	252	-1994.488	-1686.149	308.339	1232.035	664.395	0.100	0.034	0.282	0.339
sub-132_task-EyeTracking_physio	252	-1627.810	-1452.810	175.000	1296.295	843.130	0.173	0.073	0.384	0.398
sub-132_task-EyeTracking_physio	252	-1427.810	-1269.473	158.337	1270.670	761.365	0.169	0.033	0.155	0.412
sub-132_task-EyeTracking_physio	252	-1244.469	-94.441	1150.028	1282.882	674.743	0.095	0.056	0.318	0.452
sub-132_task-EyeTracking_physio	252	-2.772	372.237	375.009	1283.915	678.165	0.159	0.057	0.210	0.662
sub-132_task-EyeTracking_physio	252	413.904	530.575	116.671	1243.285	890.923	0.123	0.021	0.174	0.227
sub-132_task-EyeTracking_physio	252	555.577	1063.919	508.342	1138.305	928.490	0.140	0.078	0.943	0.542
sub-132_task-EyeTracking_physio	252	1097.254	1313.927	216.673	1595.817	791.712	0.191	0.098	0.426	0.495
sub-132_task-EyeTracking_physio	252	1355.592	1547.268	191.676	1642.380	738.445	0.110	0.033	0.226	0.293
sub-132_task-EyeTracking_physio	252	1563.935	1697.272	133.337	1628.903	635.378	0.103	0.039	0.229	0.313
sub-132_task-EyeTracking_physio	252	1730.605	1830.608	100.003	1328.280	562.620	0.127	0.033	0.409	0.156
sub-132_task-EyeTracking_physio	252	1863.940	2030.615	166.675	1074.423	553.740	0.113	0.028	0.324	0.196
sub-132_task-EyeTracking_physio	252	2063.948	2313.954	250.006	979.515	572.918	0.075	0.031	0.268	0.298
sub-132_task-EyeTracking_physio	252	2397.284	2713.960	316.676	1099.273	983.312	0.095	0.087	0.481	0.422
sub-132_task-EyeTracking_physio	252	2755.628	2855.632	100.004	1313.737	858.553	0.261	0.520	1.212	1.103
sub-132_task-EyeTracking_physio	252	2872.299	3005.632	133.333	1405.830	752.305	0.228	0.438	0.636	1.445
sub-132_task-EyeTracking_physio	253	-906.112	460.591	1366.703	1280.112	677.625	0.155	0.232	0.758	2.174
sub-132_task-EyeTracking_physio	253	502.257	710.597	208.340	1269.785	884.475	0.133	0.041	0.266	0.504
sub-132_task-EyeTracking_physio	253	752.263	943.935	191.672	1050.225	851.070	0.135	0.067	0.260	0.627
sub-132_task-EyeTracking_physio	253	968.936	1093.940	125.004	949.480	771.780	0.248	0.084	0.662	0.285
sub-132_task-EyeTracking_physio	253	1135.607	1302.276	166.669	1058.463	633.295	0.071	0.029	0.217	0.348
sub-132_task-EyeTracking_physio	253	1327.276	1527.282	200.006	1315.000	583.760	0.131	0.076	0.512	0.314
sub-132_task-EyeTracking_physio	253	1560.616	1752.288	191.672	1516.020	627.750	0.134	0.055	0.425	0.384
sub-132_task-EyeTracking_physio	253	1760.621	1893.957	133.336	1513.500	648.840	0.068	0.022	0.217	0.202
sub-132_task-EyeTracking_physio	253	1935.623	2327.299	391.676	1581.780	816.950	0.114	0.048	0.334	0.402
sub-132_task-EyeTracking_physio	253	2343.965	2543.972	200.007	1540.892	863.600	0.175	0.061	0.399	0.756
sub-132_task-EyeTracking_physio	253	2568.972	2760.642	191.670	1421.090	733.225	0.221	0.085	0.339	0.744
sub-132_task-EyeTracking_physio	253	2785.641	2985.652	200.011	1351.487	668.080	0.091	0.039	0.352	0.272
sub-132_task-EyeTracking_physio	254	-192.133	332.879	525.012	1258.705	704.925	0.079	0.054	0.228	0.725
sub-132_task-EyeTracking_physio	254	391.212	582.887	191.675	1405.420	884.185	0.151	0.071	0.434	0.408
sub-132_task-EyeTracking_physio	254	624.555	832.893	208.338	1532.385	820.860	0.113	0.061	0.180	0.627
sub-132_task-EyeTracking_physio	254	882.893	1057.893	175.000	1612.700	777.405	0.099	0.018	0.167	0.329
sub-132_task-EyeTracking_physio	254	1182.899	1691.246	508.347	1150.340	618.010	0.079	0.032	0.341	0.372
sub-132_task-EyeTracking_physio	254	1757.915	1999.590	241.675	1348.250	727.975	0.107	0.064	0.357	0.545
sub-132_task-EyeTracking_physio	254	2032.923	2199.593	166.670	1267.773	696.565	0.063	0.018	0.141	0.255
sub-132_task-EyeTracking_physio	254	2216.259	2374.596	158.337	1262.430	642.060	0.086	0.019	0.219	0.197
sub-132_task-EyeTracking_physio	254	2449.599	2599.603	150.004	846.442	859.383	0.177	0.101	0.428	0.504
sub-132_task-EyeTracking_physio	254	2616.270	2882.943	266.673	943.085	796.227	0.207	0.069	0.498	0.570
sub-132_task-EyeTracking_physio	254	2899.609	3024.611	125.002	899.710	799.095	0.208	0.072	0.331	0.437
sub-132_task-EyeTracking_physio	255	-2680.338	-2438.664	241.674	1342.225	697.720	0.081	0.019	0.256	0.209
sub-132_task-EyeTracking_physio	255	-2413.664	-1688.641	725.023	1274.070	671.690	0.116	0.056	0.303	0.552
sub-132_task-EyeTracking_physio	255	-1663.642	-1555.307	108.335	1328.900	661.650	0.196	0.112	0.435	0.503
sub-132_task-EyeTracking_physio	255	-1538.640	-288.608	1250.032	1272.402	674.808	0.194	0.060	0.603	0.701
sub-132_task-EyeTracking_physio	255	-246.943	-55.273	191.670	1316.740	705.015	0.149	0.031	0.137	0.476
sub-132_task-EyeTracking_physio	255	-13.601	294.736	308.337	1270.730	716.820	0.092	0.015	0.129	0.323
sub-132_task-EyeTracking_physio	255	328.069	428.074	100.005	1381.932	748.658	0.203	0.075	0.262	0.422
sub-132_task-EyeTracking_physio	255	453.071	628.080	175.009	1486.395	852.110	0.150	0.032	0.183	0.379
sub-132_task-EyeTracking_physio	255	661.412	861.418	200.006	1619.648	771.485	0.107	0.027	0.185	0.362
sub-132_task-EyeTracking_physio	255	878.088	1011.424	133.336	1599.367	660.893	0.102	0.052	0.335	0.214
sub-132_task-EyeTracking_physio	255	1128.089	1344.765	216.676	1194.860	621.265	0.091	0.037	0.388	0.208
sub-132_task-EyeTracking_physio	255	1369.764	1494.766	125.002	1026.150	721.250	0.225	0.089	0.396	0.517
sub-132_task-EyeTracking_physio	255	1519.765	1844.777	325.012	886.275	791.710	0.262	0.173	1.082	0.638
sub-132_task-EyeTracking_physio	255	1861.443	2011.445	150.002	962.210	685.893	0.129	0.036	0.245	0.370
sub-132_task-EyeTracking_physio	255	2053.116	2744.801	691.685	1209.125	649.355	0.102	0.037	0.375	0.453
sub-132_task-EyeTracking_physio	255	2769.799	3003.138	233.339	1240.003	610.888	0.115	0.028	0.312	0.236
sub-132_task-EyeTracking_physio	256	-2243.029	-1959.690	283.339	1332.872	636.270	0.093	0.032	0.309	0.268
sub-132_task-EyeTracking_physio	256	-1934.692	-1609.679	325.013	1261.380	643.285	0.100	0.026	0.421	0.287
sub-132_task-EyeTracking_physio	256	-1409.677	-1259.675	150.002	1584.697	601.587	0.096	0.022	0.228	0.248
sub-132_task-EyeTracking_physio	256	-1234.670	-918.000	316.670	1314.095	620.710	0.108	0.037	0.377	0.187
sub-132_task-EyeTracking_physio	256	-901.331	-9.638	891.693	1275.675	677.260	0.197	0.132	0.521	1.134
sub-132_task-EyeTracking_physio	256	15.364	373.701	358.337	1318.955	707.170	0.108	0.045	0.286	0.501
sub-132_task-EyeTracking_physio	256	415.365	573.703	158.338	1309.865	802.940	0.112	0.024	0.160	0.314
sub-132_task-EyeTracking_physio	256	590.373	740.380	150.007	1170.420	781.165	0.251	0.172	0.678	0.543
sub-132_task-EyeTracking_physio	256	765.377	957.046	191.669	1016.710	657.725	0.105	0.049	0.441	0.273
sub-132_task-EyeTracking_physio	256	982.053	1098.718	116.665	1142.688	590.270	0.131	0.035	0.338	0.209
sub-132_task-EyeTracking_physio	256	1132.054	1557.063	425.009	1514.480	636.450	0.076	0.036	0.289	0.352
sub-132_task-EyeTracking_physio	256	1573.730	2107.076	533.346	1399.553	574.592	0.073	0.037	0.409	0.319
sub-132_task-EyeTracking_physio	256	2140.409	2323.750	183.341	1363.705	550.048	0.057	0.008	0.146	0.143
sub-132_task-EyeTracking_physio	256	2357.082	2557.090	200.008	1354.870	508.940	0.066	0.011	0.107	0.173
sub-132_task-EyeTracking_physio	256	2573.756	2732.093	158.337	1432.590	480.755	0.192	0.063	0.581	0.414
sub-132_task-EyeTracking_physio	256	2873.761	3007.098	133.337	1728.887	617.597	0.145	0.125	0.497	0.603
sub-132_task-EyeTracking_physio	257	-1104.770	361.933	1466.703	1284.325	691.380	0.173	0.131	0.658	1.086
sub-132_task-EyeTracking_physio	257	378.599	711.943	333.344	1180.378	809.640	0.209	0.108	0.610	0.652
sub-132_task-EyeTracking_physio	257	803.608	961.946	158.338	1072.940	873.785	0.090	0.026	0.218	0.281
sub-132_task-EyeTracking_physio	257	978.613	1211.955	233.342	1021.915	849.755	0.186	0.084	0.618	0.414
sub-132_task-EyeTracking_physio	257	1353.625	1745.301	391.676	1476.745	876.555	0.100	0.029	0.360	0.309
sub-132_task-EyeTracking_physio	257	1770.301	1945.303	175.002	1463.795	791.575	0.112	0.022	0.155	0.278
sub-132_task-EyeTracking_physio	257	1986.970	2161.978	175.008	1403.815	610.200	0.073	0.015	0.206	0.141
sub-132_task-EyeTracking_physio	257	2203.643	2511.982	308.339	1295.750	596.450	0.071	0.025	0.177	0.316
sub-132_task-EyeTracking_physio	257	2545.320	2720.323	175.003	1309.920	557.440	0.074	0.013	0.146	0.180
sub-132_task-EyeTracking_physio	257	2745.323	3003.664	258.341	1344.625	535.600	0.074	0.014	0.140	0.288
sub-132_task-EyeTracking_physio	258	-2100.723	-1659.048	441.675	1270.380	747.420	0.166	0.115	0.485	0.726
sub-132_task-EyeTracking_physio	258	-1642.381	-1425.706	216.675	1278.495	728.213	0.215	0.060	0.299	0.824
sub-132_task-EyeTracking_physio	258	-1384.039	-625.684	758.355	1233.230	732.775	0.117	0.055	0.353	0.459
sub-132_task-EyeTracking_physio	258	-592.351	340.999	933.350	1281.108	718.352	0.099	0.037	0.379	0.413
sub-132_task-EyeTracking_physio	258	374.332	591.007	216.675	1297.570	773.890	0.104	0.014	0.153	0.263
sub-132_task-EyeTracking_physio	258	607.673	757.675	150.002	1418.050	796.630	0.191	0.067	0.545	0.282
sub-132_task-EyeTracking_physio	258	782.679	974.349	191.670	1569.175	762.875	0.172	0.039	0.193	0.403
sub-132_task-EyeTracking_physio	258	991.015	1282.687	291.672	1637.140	723.390	0.164	0.101	0.690	0.407
sub-132_task-EyeTracking_physio	258	1416.024	1866.036	450.012	1083.878	697.715	0.133	0.096	0.412	0.593
sub-132_task-EyeTracking_physio	258	1949.368	2307.711	358.343	1229.995	901.755	0.101	0.037	0.299	0.348
sub-132_task-EyeTracking_physio	258	2399.383	2624.390	225.007	1152.725	946.000	0.085	0.018	0.145	0.257
sub-132_task-EyeTracking_physio	258	2666.055	2832.724	166.669	1060.360	950.173	0.093	0.027	0.191	0.376
sub-132_task-EyeTracking_physio	258	2857.723	3024.399	166.676	1163.653	711.495	0.535	1.210	2.760	2.249
sub-132_task-EyeTracking_physio	259	-1746.337	-1579.664	166.673	1287.825	617.750	0.057	0.014	0.144	0.210
sub-132_task-EyeTracking_physio	259	-1262.991	-929.651	333.340	1305.190	627.830	0.106	0.076	0.315	0.582
sub-132_task-EyeTracking_physio	259	-904.647	-704.646	200.001	1264.075	665.310	0.135	0.070	0.343	0.657
sub-132_task-EyeTracking_physio	259	-671.312	-412.972	258.340	1311.960	669.645	0.236	0.093	0.446	0.673
sub-132_task-EyeTracking_physio	259	-396.301	370.379	766.680	1261.868	699.097	0.235	1.380	1.893	2.447
sub-132_task-EyeTracking_physio	259	395.384	670.387	275.003	1290.225	725.195	0.227	0.110	0.230	1.045
sub-132_task-EyeTracking_physio	259	703.720	862.061	158.341	1235.110	660.805	0.072	0.013	0.137	0.156
sub-132_task-EyeTracking_physio	259	895.394	1045.400	150.006	1084.983	667.925	0.169	0.045	0.512	0.243
sub-132_task-EyeTracking_physio	259	1070.400	1353.737	283.337	961.143	721.308	0.190	0.358	0.718	1.234
sub-132_task-EyeTracking_physio	259	1453.740	1562.077	108.337	1127.905	734.210	0.206	0.108	0.270	0.821
sub-132_task-EyeTracking_physio	259	1603.744	1753.748	150.004	1422.503	706.357	0.162	0.079	0.452	0.468
sub-132_task-EyeTracking_physio	259	1770.414	1987.090	216.676	1591.325	667.380	0.243	0.100	1.125	0.284
sub-132_task-EyeTracking_physio	259	2012.089	2120.425	108.336	1648.005	614.710	0.088	0.015	0.185	0.136
sub-132_task-EyeTracking_physio	259	2245.430	2612.105	366.675	1226.370	554.435	0.093	0.050	0.477	0.388
sub-132_task-EyeTracking_physio	259	2670.438	2770.439	100.001	1397.130	921.767	1.601	4.554	2.460	3.402
sub-132_task-EyeTracking_physio	259	2795.438	3037.112	241.674	1358.290	653.300	0.146	0.063	0.243	0.504
sub-132_task-EyeTracking_physio	260	-574.479	-382.810	191.669	1329.405	700.685	0.147	0.033	0.170	0.503
sub-132_task-EyeTracking_physio	260	-349.473	-57.799	291.674	1265.105	704.685	0.173	0.044	0.232	0.507
sub-132_task-EyeTracking_physio	260	-7.801	383.877	391.678	1300.190	713.020	0.143	0.040	0.197	0.640
sub-132_task-EyeTracking_physio	260	408.882	517.213	108.331	1259.225	744.645	0.120	0.031	0.215	0.335
sub-132_task-EyeTracking_physio	260	533.880	642.220	108.340	1071.510	766.715	0.183	0.056	0.542	0.166
sub-132_task-EyeTracking_physio	260	650.553	1117.232	466.679	951.565	819.470	0.230	0.152	1.045	0.602
sub-132_task-EyeTracking_physio	260	1250.568	1358.904	108.336	1455.915	934.515	0.233	0.084	0.655	0.368
sub-132_task-EyeTracking_physio	260	1400.570	1592.245	191.675	1630.165	899.205	0.080	0.023	0.290	0.196
sub-132_task-EyeTracking_physio	260	1617.245	1808.915	191.670	1632.025	802.310	0.140	0.049	0.224	0.440
sub-132_task-EyeTracking_physio	260	1842.248	2000.589	158.341	1624.010	643.100	0.120	0.037	0.151	0.428
sub-132_task-EyeTracking_physio	260	2025.589	2217.257	191.668	1589.340	549.145	0.082	0.025	0.287	0.193
sub-132_task-EyeTracking_physio	260	2367.261	2708.939	341.678	1143.055	542.300	0.095	0.028	0.464	0.272
sub-132_task-EyeTracking_physio	260	2758.938	3008.943	250.005	1213.338	770.000	0.098	0.033	0.223	0.537
sub-132_task-EyeTracking_physio	261	-327.270	389.413	716.683	1267.655	713.005	0.168	0.050	0.254	0.722
sub-132_task-EyeTracking_physio	261	572.755	747.757	175.002	1068.930	843.315	0.123	0.040	0.274	0.391
sub-132_task-EyeTracking_physio	261	781.091	964.432	183.341	1054.717	769.955	0.193	0.043	0.171	0.567
sub-132_task-EyeTracking_physio	261	997.764	1281.104	283.340	1186.157	734.617	0.211	0.095	0.529	0.674
sub-132_task-EyeTracking_physio	261	1314.443	1881.123	566.680	1582.670	728.862	0.113	0.061	0.574	0.635
sub-132_task-EyeTracking_physio	261	2281.133	2547.803	266.670	1245.382	905.567	0.073	0.025	0.249	0.222
sub-132_task-EyeTracking_physio	261	2572.803	2797.810	225.007	1203.920	833.340	0.077	0.015	0.137	0.292
sub-132_task-EyeTracking_physio	261	2814.477	3006.147	191.670	1180.475	751.540	0.152	0.032	0.132	0.475
sub-132_task-EyeTracking_physio	262	-1314.209	-1105.865	208.344	1441.120	687.275	0.088	0.024	0.254	0.239
sub-132_task-EyeTracking_physio	262	-1072.532	-822.528	250.004	1327.118	678.273	0.083	0.014	0.175	0.179
sub-132_task-EyeTracking_physio	262	-797.528	-455.851	341.677	1264.825	677.835	0.091	0.020	0.223	0.242
sub-132_task-EyeTracking_physio	262	-430.851	377.502	808.353	1291.700	688.320	0.168	0.190	0.602	0.879
sub-132_task-EyeTracking_physio	262	444.168	877.514	433.346	1093.497	850.610	0.130	0.048	0.358	0.387
sub-132_task-EyeTracking_physio	262	902.514	1027.517	125.003	1024.435	760.445	0.125	0.040	0.185	0.467
sub-132_task-EyeTracking_physio	262	1052.517	1194.184	141.667	1102.325	614.205	0.120	0.039	0.239	0.334
sub-132_task-EyeTracking_physio	262	1235.857	1610.862	375.005	1238.475	562.145	0.079	0.029	0.253	0.382
sub-132_task-EyeTracking_physio	262	1660.868	1769.205	108.337	1254.195	798.255	0.089	0.028	0.187	0.324
sub-132_task-EyeTracking_physio	262	1802.539	2160.880	358.341	1623.960	864.960	0.134	0.037	0.525	0.274
sub-132_task-EyeTracking_physio	262	2194.212	2344.215	150.003	1674.057	806.438	0.098	0.052	0.166	0.495
sub-132_task-EyeTracking_physio	262	2385.881	2810.893	425.012	1646.735	589.325	0.081	0.024	0.236	0.381
sub-132_task-EyeTracking_physio	263	-775.687	-625.686	150.001	1511.487	932.920	0.106	0.018	0.144	0.276
sub-132_task-EyeTracking_physio	263	-584.020	-392.346	191.674	1314.730	740.000	0.150	0.037	0.170	0.450
sub-132_task-EyeTracking_physio	263	-359.013	407.671	766.684	1279.673	690.085	0.140	0.057	0.184	0.822
sub-132_task-EyeTracking_physio	263	516.007	682.676	166.669	1419.132	882.225	0.164	0.132	0.548	0.641
sub-132_task-EyeTracking_physio	263	699.343	1049.352	350.009	1543.340	865.870	0.186	0.102	0.490	0.642
sub-132_task-EyeTracking_physio	263	1074.352	1274.353	200.001	1466.500	763.938	0.092	0.038	0.201	0.364
sub-132_task-EyeTracking_physio	263	1307.692	1516.026	208.334	1364.365	716.575	0.084	0.017	0.181	0.307
sub-132_task-EyeTracking_physio	263	1541.025	1682.698	141.673	1246.185	735.195	0.083	0.010	0.211	0.107
sub-132_task-EyeTracking_physio	263	1724.364	2032.703	308.339	1080.450	815.715	0.129	0.034	0.260	0.330
sub-132_task-EyeTracking_physio	263	2049.370	2332.710	283.340	1154.835	750.298	0.059	0.015	0.168	0.209
sub-132_task-EyeTracking_physio	263	2349.383	2466.048	116.665	996.697	763.690	0.162	0.051	0.397	0.185
sub-132_task-EyeTracking_physio	263	2507.719	2899.392	391.673	890.350	808.610	0.098	0.066	0.432	0.480
sub-132_task-EyeTracking_physio	264	-461.932	-311.928	150.004	954.110	816.908	0.129	0.021	0.156	0.379
sub-132_task-EyeTracking_physio	264	-270.259	-45.255	225.004	1246.740	706.935	0.101	0.015	0.269	0.183
sub-132_task-EyeTracking_physio	264	-3.585	229.755	233.340	1296.540	682.368	0.060	0.010	0.131	0.155
sub-132_task-EyeTracking_physio	264	254.755	546.428	291.673	1378.845	698.625	0.080	0.039	0.293	0.417
sub-132_task-EyeTracking_physio	264	588.095	871.433	283.338	1450.037	872.712	0.251	0.065	0.227	0.952
sub-132_task-EyeTracking_physio	264	896.437	1004.770	108.333	1517.325	845.500	0.085	0.014	0.141	0.162
sub-132_task-EyeTracking_physio	264	1046.441	1396.446	350.005	1184.725	730.793	0.089	0.027	0.363	0.253
sub-132_task-EyeTracking_physio	264	1413.117	1563.118	150.001	1097.202	759.872	0.310	0.079	0.938	0.380
sub-132_task-EyeTracking_physio	264	1604.785	1996.463	391.678	943.500	791.875	0.136	0.091	0.674	0.489
sub-132_task-EyeTracking_physio	264	2163.132	2313.134	150.002	1409.130	647.545	0.072	0.012	0.168	0.159
sub-132_task-EyeTracking_physio	264	2338.139	2746.482	408.343	1576.315	594.700	0.104	0.040	0.497	0.318
sub-132_task-EyeTracking_physio	264	2788.148	3004.819	216.671	1596.135	700.315	0.101	0.025	0.225	0.263
sub-132_task-EyeTracking_physio	265	-3033.594	-2741.919	291.675	1592.850	703.050	0.066	0.013	0.191	0.151
sub-132_task-EyeTracking_physio	265	-2708.586	-2575.247	133.339	1459.418	690.533	0.086	0.019	0.202	0.199
sub-132_task-EyeTracking_physio	265	-2550.248	-2275.243	275.005	1309.035	667.130	0.104	0.022	0.190	0.340
sub-132_task-EyeTracking_physio	265	-2241.909	-1958.565	283.344	1254.580	655.205	0.110	0.027	0.229	0.372
sub-132_task-EyeTracking_physio	265	-1933.566	-1741.899	191.667	1303.520	661.930	0.165	0.035	0.155	0.625
sub-132_task-EyeTracking_physio	265	-1708.566	-866.872	841.694	1261.205	669.455	0.165	0.040	0.214	0.643
sub-132_task-EyeTracking_physio	265	-833.539	374.825	1208.364	1291.160	692.295	0.185	0.285	0.907	1.101
sub-132_task-EyeTracking_physio	265	474.829	658.170	183.341	1420.332	878.847	0.163	0.077	0.515	0.715
sub-132_task-EyeTracking_physio	265	674.836	908.171	233.335	1512.037	847.678	0.328	0.530	1.128	1.168
sub-132_task-EyeTracking_physio	265	941.510	1141.513	200.003	1531.222	719.855	0.104	0.041	0.135	0.550
sub-132_task-EyeTracking_physio	265	1166.513	1516.524	350.011	1519.268	627.665	0.075	0.015	0.180	0.219
sub-132_task-EyeTracking_physio	265	1599.859	1816.529	216.670	1551.332	912.668	0.172	0.189	0.775	0.882
sub-132_task-EyeTracking_physio	265	1874.868	2174.875	300.007	1070.888	801.707	0.141	0.048	0.266	0.351
sub-132_task-EyeTracking_physio	265	2191.542	2333.211	141.669	1135.060	731.665	0.096	0.030	0.187	0.383
sub-132_task-EyeTracking_physio	265	2358.211	2608.217	250.006	1146.547	612.730	0.073	0.014	0.237	0.188
sub-132_task-EyeTracking_physio	265	2624.888	2824.892	200.004	1092.717	625.060	0.120	0.062	0.398	0.389
sub-132_task-EyeTracking_physio	265	2874.891	3008.229	133.338	1134.207	867.112	0.199	0.089	0.298	0.774
sub-132_task-EyeTracking_physio	266	-5574.006	-5407.337	166.669	1283.295	731.378	0.160	0.046	0.237	0.363
sub-132_task-EyeTracking_physio	266	-5390.670	-4890.657	500.013	1270.130	685.632	0.110	0.033	0.222	0.512
sub-132_task-EyeTracking_physio	266	-4873.990	-3840.632	1033.358	1291.947	681.763	0.087	0.043	0.392	0.425
sub-132_task-EyeTracking_physio	266	-3815.634	-3032.281	783.353	1267.562	681.255	0.198	0.073	0.355	0.759
sub-132_task-EyeTracking_physio	266	-3007.281	-2573.933	433.348	1272.128	663.653	0.146	0.050	0.369	0.441
sub-132_task-EyeTracking_physio	266	-2557.267	-2207.254	350.013	1306.293	674.835	0.210	0.072	0.286	0.772
sub-132_task-EyeTracking_physio	266	-2173.921	-1573.909	600.012	1282.783	707.058	0.130	0.072	0.382	0.867
sub-132_task-EyeTracking_physio	266	-1440.576	-1215.566	225.010	1313.455	883.495	0.429	2.206	1.144	3.798
sub-132_task-EyeTracking_physio	266	-440.549	-298.878	141.671	1239.945	744.820	0.095	0.040	0.243	0.298
sub-132_task-EyeTracking_physio	266	-265.547	-157.210	108.337	1289.425	681.530	0.070	0.016	0.124	0.232
sub-132_task-EyeTracking_physio	266	-148.876	417.807	566.683	1285.500	699.200	0.087	0.034	0.260	0.318
sub-132_task-EyeTracking_physio	266	459.472	726.144	266.672	1357.693	854.250	0.216	0.087	0.158	1.286
sub-132_task-EyeTracking_physio	266	759.477	1034.484	275.007	1477.325	851.355	0.139	0.067	0.312	0.473
sub-132_task-EyeTracking_physio	266	1134.486	1351.159	216.673	1473.173	612.790	0.115	0.057	0.334	0.418
sub-132_task-EyeTracking_physio	266	1484.496	1851.170	366.674	993.225	682.467	0.202	0.345	1.028	1.247
sub-132_task-EyeTracking_physio	266	1917.836	2034.509	116.673	1084.008	892.067	0.084	0.036	0.246	0.300
sub-132_task-EyeTracking_physio	266	2059.507	2292.845	233.338	1209.190	863.622	0.114	0.039	0.341	0.288
sub-132_task-EyeTracking_physio	266	2334.512	2517.850	183.338	1282.955	803.477	0.103	0.016	0.116	0.285
sub-132_task-EyeTracking_physio	266	2551.183	3009.526	458.343	1361.540	728.580	0.224	0.074	0.260	0.827
sub-132_task-EyeTracking_physio	267	-1920.621	-1603.937	316.684	1301.455	698.088	0.102	0.032	0.288	0.348
sub-132_task-EyeTracking_physio	267	-1578.939	262.771	1841.710	1270.545	678.320	0.168	0.231	1.503	1.309
sub-132_task-EyeTracking_physio	267	296.105	446.108	150.003	1328.032	699.270	0.114	0.028	0.112	0.466
sub-132_task-EyeTracking_physio	267	471.113	596.112	124.999	1482.555	880.220	0.167	0.085	0.408	0.410
sub-132_task-EyeTracking_physio	267	604.449	962.787	358.338	1630.510	913.650	0.291	0.155	1.683	0.642
sub-132_task-EyeTracking_physio	267	979.453	1146.128	166.675	1488.872	922.107	0.219	0.057	0.713	0.238
sub-132_task-EyeTracking_physio	267	1179.461	1362.797	183.336	1371.335	869.503	0.080	0.015	0.136	0.213
sub-132_task-EyeTracking_physio	267	1404.469	1529.470	125.001	1226.150	834.080	0.059	0.012	0.141	0.177
sub-132_task-EyeTracking_physio	267	1571.137	1771.139	200.002	1066.540	814.393	0.126	0.046	0.238	0.470
sub-132_task-EyeTracking_physio	267	1804.478	2137.816	333.338	943.375	825.553	0.134	0.045	0.402	0.304
sub-132_task-EyeTracking_physio	267	2254.486	2412.832	158.346	1370.090	590.195	0.167	0.046	0.510	0.221
sub-132_task-EyeTracking_physio	267	2437.826	2796.165	358.339	1534.380	571.980	0.104	0.042	0.313	0.308
sub-132_task-EyeTracking_physio	267	2829.503	3004.502	174.999	1255.030	674.470	0.187	0.085	0.381	0.554
sub-132_task-EyeTracking_physio	268	-1032.282	-132.265	900.017	1261.585	682.753	0.155	0.054	0.287	0.643
sub-132_task-EyeTracking_physio	268	-115.597	301.084	416.681	1276.535	697.910	0.157	0.133	0.832	0.714
sub-132_task-EyeTracking_physio	268	326.083	442.751	116.668	1247.235	942.977	0.213	0.061	0.336	0.579
sub-132_task-EyeTracking_physio	268	459.418	759.425	300.007	1247.562	866.053	0.126	0.033	0.253	0.408
sub-132_task-EyeTracking_physio	268	784.423	942.767	158.344	1072.885	800.115	0.139	0.054	0.293	0.275
sub-132_task-EyeTracking_physio	268	984.432	1259.439	275.007	940.930	792.175	0.148	0.082	0.333	0.740
sub-132_task-EyeTracking_physio	268	1276.105	1542.776	266.671	1002.348	813.092	0.123	0.052	0.312	0.499
sub-132_task-EyeTracking_physio	268	1651.113	1892.786	241.673	1532.415	868.110	0.106	0.022	0.362	0.155
sub-132_task-EyeTracking_physio	268	1917.785	2076.121	158.336	1619.825	843.135	0.111	0.071	0.381	0.313
sub-132_task-EyeTracking_physio	268	2101.121	2242.795	141.674	1601.405	655.055	0.091	0.026	0.197	0.253
sub-132_task-EyeTracking_physio	268	2267.794	2509.470	241.676	1602.180	566.145	0.077	0.012	0.176	0.170
sub-132_task-EyeTracking_physio	268	2526.135	2659.473	133.338	1553.902	568.327	0.189	0.111	0.574	0.505
sub-132_task-EyeTracking_physio	268	2709.472	3009.474	300.002	1619.168	978.317	0.085	0.077	0.317	0.547
sub-132_task-EyeTracking_physio	269	-735.416	-418.739	316.677	1333.767	745.788	0.156	0.061	0.593	0.464
sub-132_task-EyeTracking_physio	269	-385.403	31.270	416.673	1284.243	698.905	0.154	0.021	0.116	0.518
sub-132_task-EyeTracking_physio	269	64.604	447.947	383.343	1276.825	770.265	0.085	0.033	0.317	0.329
sub-132_task-EyeTracking_physio	269	472.946	581.286	108.340	1217.335	755.405	0.104	0.018	0.132	0.279
sub-132_task-EyeTracking_physio	269	639.621	914.628	275.007	854.765	739.745	0.146	0.041	0.363	0.437
sub-132_task-EyeTracking_physio	269	939.628	1114.630	175.002	920.910	725.800	0.125	0.037	0.254	0.441
sub-132_task-EyeTracking_physio	269	1131.297	1439.641	308.344	1077.030	869.680	0.126	0.040	0.295	0.459
sub-132_task-EyeTracking_physio	269	1539.643	1864.645	325.002	1602.315	816.125	0.191	0.076	0.685	0.459
sub-132_task-EyeTracking_physio	269	1881.312	2064.656	183.344	1554.955	678.058	0.127	0.033	0.252	0.359
sub-132_task-EyeTracking_physio	269	2089.656	2331.326	241.670	1514.895	577.550	0.071	0.018	0.186	0.226
sub-132_task-EyeTracking_physio	269	2356.327	2531.331	175.004	1379.945	588.335	0.167	0.037	0.520	0.187
sub-132_task-EyeTracking_physio	269	2556.331	2798.002	241.671	1239.240	754.205	0.209	0.075	0.390	0.631
sub-132_task-EyeTracking_physio	269	2839.668	3006.346	166.678	1244.253	712.345	0.135	0.026	0.149	0.366
sub-132_task-EyeTracking_physio	270	-2214.789	-1848.113	366.676	1293.320	681.115	0.085	0.020	0.214	0.257
sub-132_task-EyeTracking_physio	270	-1823.113	-1456.437	366.676	1275.315	666.970	0.092	0.023	0.318	0.206
sub-132_task-EyeTracking_physio	270	-1431.440	-1106.431	325.009	1314.325	657.970	0.171	0.061	0.233	0.488
sub-132_task-EyeTracking_physio	270	-1089.765	-839.760	250.005	1266.318	701.340	0.177	0.058	0.426	0.447
sub-132_task-EyeTracking_physio	270	-823.094	-623.084	200.010	1211.928	682.445	0.265	0.148	0.878	0.486
sub-132_task-EyeTracking_physio	270	-589.750	376.941	966.691	1276.068	681.345	0.171	0.040	0.344	0.615
sub-132_task-EyeTracking_physio	270	410.273	560.277	150.004	1409.045	720.293	0.127	0.037	0.200	0.326
sub-132_task-EyeTracking_physio	270	593.609	1043.623	450.014	1502.800	811.750	0.155	0.059	0.312	0.544
sub-132_task-EyeTracking_physio	270	1068.623	1218.625	150.002	1434.447	855.617	0.096	0.019	0.148	0.269
sub-132_task-EyeTracking_physio	270	1268.625	1376.961	108.336	1324.555	857.195	0.220	0.069	0.285	0.561
sub-132_task-EyeTracking_physio	270	1418.625	1776.968	358.343	1051.575	782.850	0.155	0.044	0.325	0.445
sub-132_task-EyeTracking_physio	270	1810.300	2093.647	283.347	1462.407	776.625	0.182	0.076	0.410	0.631
sub-132_task-EyeTracking_physio	270	2118.649	3010.341	891.692	1492.260	841.800	0.129	0.121	0.473	1.034
sub-132_task-EyeTracking_physio	271	-10817.840	-10526.168	291.672	1331.290	693.300	0.095	0.032	0.201	0.394
sub-132_task-EyeTracking_physio	271	-10501.168	-9942.817	558.351	1290.030	678.400	0.126	0.054	0.290	0.517
sub-132_task-EyeTracking_physio	271	-9926.152	-9576.143	350.009	1306.420	683.355	0.172	0.120	0.670	0.628
sub-132_task-EyeTracking_physio	271	-9551.141	-9376.138	175.003	1263.020	677.905	0.162	0.043	0.241	0.428
sub-132_task-EyeTracking_physio	271	-9351.138	-9209.470	141.668	1304.190	662.095	0.151	0.036	0.243	0.294
sub-132_task-EyeTracking_physio	271	-9176.133	-8684.457	491.676	1259.800	657.560	0.106	0.020	0.259	0.380
sub-132_task-EyeTracking_physio	271	-8659.453	-8301.112	358.341	1313.305	669.565	0.204	0.098	0.735	0.609
sub-132_task-EyeTracking_physio	271	-8267.780	-8026.110	241.670	1247.910	667.845	0.138	0.027	0.167	0.449
sub-132_task-EyeTracking_physio	271	-8009.445	-7526.095	483.350	1291.668	660.943	0.175	0.063	0.666	0.537
sub-132_task-EyeTracking_physio	271	-7492.763	-7067.746	425.017	1254.650	656.675	0.088	0.029	0.230	0.344
sub-132_task-EyeTracking_physio	271	-7042.747	-6476.069	566.678	1280.415	669.403	0.209	0.078	0.326	0.830
sub-132_task-EyeTracking_physio	271	-6459.402	-6126.057	333.345	1254.507	662.195	0.214	0.082	0.409	0.582
sub-132_task-EyeTracking_physio	271	-6101.058	-5892.719	208.339	1292.225	665.830	0.200	0.084	0.392	0.674
sub-132_task-EyeTracking_physio	271	-5851.053	-4867.699	983.354	1277.285	678.162	0.090	0.053	0.344	0.628
sub-132_task-EyeTracking_physio	271	-4834.360	-4576.020	258.340	1293.575	678.170	0.087	0.016	0.162	0.202
sub-132_task-EyeTracking_physio	271	-4551.020	-3425.998	1125.022	1266.810	688.765	0.188	0.144	0.757	1.051
sub-132_task-EyeTracking_physio	271	-3267.655	-2367.637	900.018	1268.692	692.950	0.174	0.107	0.260	1.156
sub-132_task-EyeTracking_physio	271	-2350.970	-1492.617	858.353	1279.110	678.705	0.160	0.065	0.308	0.823
sub-132_task-EyeTracking_physio	271	-1467.617	-675.932	791.685	1261.840	672.365	0.106	0.066	0.475	0.605
sub-132_task-EyeTracking_physio	271	-650.928	-325.923	325.005	1288.615	681.555	0.146	0.043	0.179	0.576
sub-132_task-EyeTracking_physio	271	-300.923	457.430	758.353	1260.695	690.500	0.168	0.139	0.660	0.970
sub-132_task-EyeTracking_physio	271	474.096	607.431	133.335	1154.322	684.853	0.255	0.136	0.555	0.455
sub-132_task-EyeTracking_physio	271	632.432	824.107	191.675	995.125	662.615	0.129	0.024	0.202	0.278
sub-132_task-EyeTracking_physio	271	857.439	1182.450	325.011	901.225	628.520	0.075	0.022	0.182	0.292
sub-132_task-EyeTracking_physio	271	1240.783	1424.118	183.335	975.095	927.225	0.098	0.026	0.264	0.305
sub-132_task-EyeTracking_physio	271	1440.786	1624.126	183.340	1018.670	870.987	0.183	0.052	0.510	0.396
sub-132_task-EyeTracking_physio	271	1665.792	1857.465	191.673	1142.185	789.325	0.138	0.039	0.182	0.394
sub-132_task-EyeTracking_physio	271	1890.799	2057.467	166.668	1273.617	669.202	0.098	0.028	0.288	0.232
sub-132_task-EyeTracking_physio	271	2090.805	2290.807	200.002	1343.203	650.830	0.064	0.012	0.125	0.196
sub-132_task-EyeTracking_physio	271	2315.807	2515.813	200.006	1448.710	667.845	0.082	0.017	0.108	0.349
sub-132_task-EyeTracking_physio	271	2565.813	2840.821	275.008	1563.420	683.010	0.069	0.025	0.164	0.327
sub-132_task-EyeTracking_physio	272	-3464.615	-3347.945	116.670	1030.915	690.087	0.087	0.019	0.164	0.231
sub-132_task-EyeTracking_physio	272	-3322.946	-2939.602	383.344	1250.463	686.965	0.159	0.155	0.460	0.941
sub-132_task-EyeTracking_physio	272	-2906.264	-2706.262	200.002	1296.660	666.475	0.110	0.025	0.184	0.322
sub-132_task-EyeTracking_physio	272	-2672.929	-2056.246	616.683	1261.362	656.770	0.083	0.030	0.239	0.323
sub-132_task-EyeTracking_physio	272	-2039.579	-1814.575	225.004	1290.435	667.520	0.188	0.069	0.768	0.363
sub-132_task-EyeTracking_physio	272	-1772.909	-1672.905	100.004	1399.385	649.080	0.244	0.358	0.940	0.633
sub-132_task-EyeTracking_physio	272	-1656.238	-1522.900	133.338	1346.202	641.997	0.091	0.013	0.176	0.160
sub-132_task-EyeTracking_physio	272	-1506.234	-1339.560	166.674	1293.267	642.830	0.137	0.041	0.429	0.228
sub-132_task-EyeTracking_physio	272	-1322.893	-1106.225	216.668	1267.148	640.388	0.124	0.041	0.380	0.277
sub-132_task-EyeTracking_physio	272	-1089.559	-922.885	166.674	1314.423	647.865	0.223	0.066	0.770	0.251
sub-132_task-EyeTracking_physio	272	-906.220	427.147	1333.367	1282.510	678.072	0.173	0.111	0.699	0.993
sub-132_task-EyeTracking_physio	272	468.814	827.155	358.341	1412.610	880.715	0.089	0.028	0.296	0.323
sub-132_task-EyeTracking_physio	272	860.486	1027.162	166.676	1482.598	856.430	0.105	0.034	0.180	0.408
sub-132_task-EyeTracking_physio	272	1085.495	1418.840	333.345	1576.037	902.388	0.094	0.024	0.268	0.273
sub-132_task-EyeTracking_physio	272	1468.839	1793.845	325.006	1244.215	788.510	0.101	0.026	0.304	0.280
sub-132_task-EyeTracking_physio	272	1818.848	1943.852	125.004	1096.220	789.125	0.172	0.083	0.535	0.339
sub-132_task-EyeTracking_physio	272	1977.185	2127.188	150.003	1060.115	681.905	0.181	0.103	0.375	0.563
sub-132_task-EyeTracking_physio	272	2177.188	2343.861	166.673	1058.970	577.273	0.073	0.011	0.228	0.107
sub-132_task-EyeTracking_physio	272	2368.861	2560.529	191.668	1227.830	565.770	0.092	0.023	0.238	0.217
sub-132_task-EyeTracking_physio	272	2593.868	2985.545	391.677	1379.540	655.580	0.063	0.054	0.226	0.515
sub-132_task-EyeTracking_physio	273	-2185.577	-1618.899	566.678	1316.533	703.513	0.087	0.051	0.314	0.397
sub-132_task-EyeTracking_physio	273	-1602.233	-1035.549	566.684	1288.295	679.732	0.110	0.048	0.299	0.507
sub-132_task-EyeTracking_physio	273	-1018.883	-760.542	258.341	1262.995	673.855	0.218	0.112	0.612	0.567
sub-132_task-EyeTracking_physio	273	-743.876	-335.532	408.344	1306.620	670.575	0.169	0.196	0.482	1.183
sub-132_task-EyeTracking_physio	273	-318.866	47.810	366.676	1270.793	705.203	0.216	0.107	0.516	0.666
sub-132_task-EyeTracking_physio	273	64.476	431.151	366.675	1309.303	681.205	0.185	0.078	0.422	0.698
sub-132_task-EyeTracking_physio	273	522.817	714.492	191.675	1031.260	908.840	0.106	0.036	0.183	0.447
sub-132_task-EyeTracking_physio	273	747.824	931.163	183.339	945.275	860.048	0.144	0.044	0.327	0.291
sub-132_task-EyeTracking_physio	273	964.497	1131.166	166.669	894.490	803.128	0.143	0.031	0.162	0.345
sub-132_task-EyeTracking_physio	273	1156.166	1356.174	200.008	1130.592	721.637	0.199	0.081	0.607	0.508
sub-132_task-EyeTracking_physio	273	1397.841	1664.513	266.672	1247.168	726.653	0.184	0.055	0.199	0.709
sub-132_task-EyeTracking_physio	273	1681.179	1956.183	275.004	1237.720	834.470	0.103	0.022	0.147	0.402
sub-132_task-EyeTracking_physio	273	1981.187	2172.859	191.672	1234.175	881.300	0.184	0.114	0.301	0.947
sub-132_task-EyeTracking_physio	273	2197.859	2814.542	616.683	1611.445	792.967	0.161	0.099	0.718	0.729
sub-132_task-EyeTracking_physio	273	2831.208	3006.210	175.002	1617.130	885.760	0.207	0.173	0.788	0.632
sub-132_task-EyeTracking_physio	274	-847.091	-522.080	325.011	1339.480	691.655	0.114	0.045	0.291	0.490
sub-132_task-EyeTracking_physio	274	-505.414	327.939	833.353	1280.753	695.902	0.173	0.070	0.444	0.938
sub-132_task-EyeTracking_physio	274	494.607	611.277	116.670	1072.137	894.712	0.225	0.261	0.810	0.469
sub-132_task-EyeTracking_physio	274	644.610	894.618	250.008	958.430	846.388	0.136	0.032	0.223	0.392
sub-132_task-EyeTracking_physio	274	911.286	1252.958	341.672	989.910	685.890	0.188	0.111	0.323	0.973
sub-132_task-EyeTracking_physio	274	1294.624	1602.969	308.345	1573.220	708.830	0.156	0.054	0.389	0.444
sub-132_task-EyeTracking_physio	274	1611.303	1777.972	166.669	1580.245	740.032	0.247	0.323	0.874	1.216
sub-132_task-EyeTracking_physio	274	1836.310	2044.645	208.335	1498.255	990.860	0.147	0.160	0.694	0.671
sub-132_task-EyeTracking_physio	274	2069.645	2169.650	100.005	1567.012	898.123	0.178	0.038	0.151	0.466
sub-132_task-EyeTracking_physio	274	2211.315	2427.989	216.674	1548.638	577.572	0.088	0.026	0.237	0.273
sub-132_task-EyeTracking_physio	274	2461.321	2644.662	183.341	1469.870	519.915	0.073	0.018	0.224	0.212
sub-132_task-EyeTracking_physio	274	2669.662	2794.664	125.002	1237.105	505.815	0.130	0.069	0.313	0.343
sub-132_task-EyeTracking_physio	274	2836.331	3003.002	166.671	1105.673	505.710	0.078	0.015	0.143	0.242
sub-132_task-EyeTracking_physio	275	-1534.268	-1342.599	191.669	1269.220	765.780	0.182	0.052	0.158	0.626
sub-132_task-EyeTracking_physio	275	-1317.594	-1125.926	191.668	1311.315	694.065	0.078	0.016	0.170	0.251
sub-132_task-EyeTracking_physio	275	-1109.260	-292.574	816.686	1266.665	676.730	0.135	0.086	0.427	0.703
sub-132_task-EyeTracking_physio	275	-259.237	-75.899	183.338	1311.322	720.125	0.207	0.057	0.329	0.443
sub-132_task-EyeTracking_physio	275	-59.232	399.113	458.345	1275.655	698.780	0.170	0.109	0.408	0.947
sub-132_task-EyeTracking_physio	275	440.779	590.782	150.003	1347.730	894.977	0.208	0.576	0.929	1.187
sub-132_task-EyeTracking_physio	275	607.448	774.117	166.669	1492.968	901.112	0.160	0.064	0.474	0.301
sub-132_task-EyeTracking_physio	275	832.455	1074.128	241.673	1693.195	798.625	0.118	0.050	0.267	0.598
sub-132_task-EyeTracking_physio	275	1099.128	1240.796	141.668	1676.665	671.105	0.114	0.039	0.204	0.307
sub-132_task-EyeTracking_physio	275	1274.130	1607.473	333.343	1653.732	580.845	0.090	0.030	0.290	0.305
sub-132_task-EyeTracking_physio	275	1665.805	1907.481	241.676	1569.490	967.090	0.409	4.687	4.242	2.922
sub-132_task-EyeTracking_physio	275	2032.482	2274.152	241.670	990.875	853.675	0.162	0.123	0.560	0.615
sub-132_task-EyeTracking_physio	275	2299.152	2457.491	158.339	941.815	718.825	0.133	0.063	0.221	0.582
sub-132_task-EyeTracking_physio	275	2490.830	2890.839	400.009	1100.657	558.283	0.085	0.041	0.479	0.246
sub-132_task-EyeTracking_physio	276	-545.553	-278.881	266.672	1311.367	704.530	0.161	0.257	0.726	0.711
sub-132_task-EyeTracking_physio	276	-53.873	396.136	450.009	1299.165	667.918	0.090	0.029	0.222	0.404
sub-132_task-EyeTracking_physio	276	437.809	712.813	275.004	1145.325	789.495	0.136	0.048	0.287	0.500
sub-132_task-EyeTracking_physio	276	746.145	1062.819	316.674	1052.203	767.983	0.113	0.031	0.227	0.376
sub-132_task-EyeTracking_physio	276	1221.158	1712.834	491.676	1597.945	692.545	0.134	0.061	0.714	0.463
sub-132_task-EyeTracking_physio	276	1879.508	2146.181	266.673	1549.318	915.025	0.115	0.023	0.212	0.311
sub-132_task-EyeTracking_physio	276	2171.181	2362.850	191.669	1393.650	940.345	0.110	0.029	0.348	0.279
sub-132_task-EyeTracking_physio	276	2404.523	2579.524	175.001	1235.245	925.760	0.068	0.013	0.151	0.192
sub-132_task-EyeTracking_physio	276	2612.857	2812.867	200.010	1154.550	897.852	0.085	0.019	0.164	0.269
sub-132_task-EyeTracking_physio	277	-907.018	-557.007	350.011	1318.110	661.247	0.133	0.048	0.327	0.536
sub-132_task-EyeTracking_physio	277	-523.674	-215.331	308.343	1263.290	678.605	0.200	0.086	0.311	0.517
sub-132_task-EyeTracking_physio	277	1.336	318.015	316.679	1255.912	662.040	0.201	0.102	0.285	0.944
sub-132_task-EyeTracking_physio	277	351.347	684.691	333.344	1331.452	674.947	0.136	0.075	0.302	0.620
sub-132_task-EyeTracking_physio	277	709.690	1101.368	391.678	1431.070	784.185	0.174	0.060	0.398	0.552
sub-132_task-EyeTracking_physio	277	1143.034	1351.372	208.338	1534.075	777.815	0.199	0.119	0.368	0.737
sub-132_task-EyeTracking_physio	277	1368.038	1701.380	333.342	1516.620	715.067	0.214	0.099	0.562	0.633
sub-132_task-EyeTracking_physio	277	1718.046	1951.386	233.340	1399.790	731.288	0.195	0.069	0.347	0.576
sub-132_task-EyeTracking_physio	277	1968.053	2101.388	133.335	1261.707	758.952	0.152	0.041	0.228	0.437
sub-132_task-EyeTracking_physio	277	2134.727	2518.066	383.339	1140.705	795.310	0.095	0.030	0.183	0.387
sub-132_task-EyeTracking_physio	277	2551.400	2959.744	408.344	1074.180	912.630	0.118	0.056	0.331	0.543
sub-132_task-EyeTracking_physio	278	-10067.948	-9917.946	150.002	1427.655	903.252	0.077	0.024	0.150	0.247
sub-132_task-EyeTracking_physio	278	-9892.946	-9692.938	200.008	1290.360	756.548	0.094	0.031	0.212	0.269
sub-132_task-EyeTracking_physio	278	-9667.939	-9417.934	250.005	1256.227	717.800	0.132	0.027	0.235	0.317
sub-132_task-EyeTracking_physio	278	-9217.926	-9084.589	133.337	2026.180	1370.875	1.015	11.463	6.710	7.014
sub-132_task-EyeTracking_physio	278	-9051.257	-8942.919	108.338	1557.785	1627.795	0.465	0.720	1.058	1.301
sub-132_task-EyeTracking_physio	278	-8926.252	-8792.916	133.336	1427.207	1684.318	0.229	0.288	0.766	0.798
sub-132_task-EyeTracking_physio	278	-8759.583	-8509.576	250.007	1245.470	1598.560	0.119	0.161	0.372	1.032
sub-132_task-EyeTracking_physio	278	-8476.243	-8092.901	383.342	708.497	1523.068	0.119	0.117	0.623	0.604
sub-132_task-EyeTracking_physio	278	-8051.230	-7892.894	158.336	1457.860	1458.980	0.180	0.069	0.445	0.339
sub-132_task-EyeTracking_physio	278	-7859.562	-7751.225	108.337	1817.365	1462.710	0.184	0.057	0.424	0.291
sub-132_task-EyeTracking_physio	278	-6909.538	-6767.870	141.668	1003.015	601.775	0.959	7.242	3.675	4.500
sub-132_task-EyeTracking_physio	278	-6742.870	-6359.529	383.341	1238.533	670.493	0.176	0.099	0.615	0.825
sub-132_task-EyeTracking_physio	278	-6309.523	-5976.184	333.339	1351.423	800.825	0.106	0.027	0.207	0.362
sub-132_task-EyeTracking_physio	278	-5967.850	-5651.174	316.676	1679.940	1177.120	0.883	32.521	8.680	8.194
sub-132_task-EyeTracking_physio	278	-4601.152	-4409.475	191.677	1268.040	614.450	0.161	0.085	0.566	0.373
sub-132_task-EyeTracking_physio	278	-4384.475	-2092.754	2291.721	1266.830	711.800	0.196	0.317	0.745	1.801
sub-132_task-EyeTracking_physio	278	-2059.420	-1892.750	166.670	1288.735	711.015	0.109	0.033	0.183	0.312
sub-132_task-EyeTracking_physio	278	-1867.745	-1092.727	775.018	1259.800	700.440	0.145	0.154	0.667	0.878
sub-132_task-EyeTracking_physio	278	-142.703	-26.032	116.671	1254.730	690.950	0.223	0.061	0.217	0.590
sub-132_task-EyeTracking_physio	278	7.300	390.643	383.343	1283.665	682.602	0.133	0.031	0.225	0.369
sub-132_task-EyeTracking_physio	278	415.643	557.313	141.670	1351.855	731.190	0.157	0.033	0.127	0.426
sub-132_task-EyeTracking_physio	278	582.313	940.655	358.342	1475.500	916.250	0.149	0.071	0.229	0.703
sub-132_task-EyeTracking_physio	278	1115.658	1323.998	208.340	861.990	865.615	0.086	0.023	0.190	0.230
sub-132_task-EyeTracking_physio	278	1348.998	1540.672	191.674	901.205	805.860	0.087	0.022	0.159	0.304
sub-132_task-EyeTracking_physio	278	1557.338	1674.008	116.670	996.692	680.872	0.180	0.097	0.373	0.489
sub-132_task-EyeTracking_physio	278	1707.342	1915.682	208.340	1073.910	562.790	0.151	0.052	0.246	0.401
sub-132_task-EyeTracking_physio	278	1949.014	2107.350	158.336	1226.715	579.850	0.098	0.041	0.308	0.394
sub-132_task-EyeTracking_physio	278	2132.348	2590.698	458.350	1310.733	710.490	0.432	3.251	1.446	6.849
sub-132_task-EyeTracking_physio	278	2624.031	2857.371	233.340	1616.055	814.142	0.172	0.268	0.636	1.272
sub-132_task-EyeTracking_physio	278	2882.371	3007.372	125.001	1636.335	657.625	0.171	0.059	0.280	0.534
sub-132_task-EyeTracking_physio	279	-1446.415	-1288.079	158.336	1554.290	621.545	0.095	0.028	0.168	0.311
sub-132_task-EyeTracking_physio	279	-1263.079	-1071.410	191.669	1342.025	683.945	0.121	0.042	0.263	0.429
sub-132_task-EyeTracking_physio	279	-1046.408	-796.405	250.003	1263.400	674.750	0.154	0.056	0.259	0.453
sub-132_task-EyeTracking_physio	279	-788.066	361.957	1150.023	1272.237	689.620	0.142	0.152	0.757	1.329
sub-132_task-EyeTracking_physio	279	386.961	545.297	158.336	1357.835	820.305	0.144	0.038	0.237	0.328
sub-132_task-EyeTracking_physio	279	578.629	786.971	208.342	1477.395	811.335	0.093	0.018	0.216	0.241
sub-132_task-EyeTracking_physio	279	911.974	1395.315	483.341	1031.140	813.510	0.145	0.067	0.354	0.598
sub-132_task-EyeTracking_physio	279	1420.315	1695.320	275.005	1020.555	889.345	0.092	0.026	0.214	0.374
sub-132_task-EyeTracking_physio	279	1720.325	1895.327	175.002	1080.245	829.935	0.155	0.059	0.223	0.483
sub-132_task-EyeTracking_physio	279	1928.661	2128.668	200.007	1194.795	620.905	0.148	0.055	0.246	0.490
sub-132_task-EyeTracking_physio	279	2162.000	2362.006	200.006	1289.057	591.910	0.095	0.018	0.220	0.310
sub-132_task-EyeTracking_physio	279	2395.340	2578.674	183.334	1433.995	603.345	0.082	0.024	0.205	0.333
sub-132_task-EyeTracking_physio	279	2595.341	2745.351	150.010	1395.450	635.402	0.073	0.018	0.150	0.222
sub-132_task-EyeTracking_physio	279	2770.351	3003.686	233.335	1521.113	666.608	0.078	0.019	0.194	0.218
sub-132_task-EyeTracking_physio	280	-2150.748	-1959.076	191.672	1350.455	666.020	0.104	0.020	0.227	0.207
sub-132_task-EyeTracking_physio	280	-1934.076	-1375.728	558.348	1280.745	668.635	0.173	0.099	0.637	0.603
sub-132_task-EyeTracking_physio	280	-1359.061	-1109.055	250.006	1249.033	679.220	0.233	0.101	0.496	0.545
sub-132_task-EyeTracking_physio	280	-1092.391	-842.385	250.006	1330.085	692.290	0.257	0.120	0.752	0.563
sub-132_task-EyeTracking_physio	280	-825.720	-534.043	291.677	1273.955	694.000	0.224	0.109	0.663	0.475
sub-132_task-EyeTracking_physio	280	-300.707	-67.365	233.342	1314.903	670.625	0.189	0.157	0.219	1.590
sub-132_task-EyeTracking_physio	280	-50.699	465.981	516.680	1267.545	702.015	0.187	0.116	0.655	0.857
sub-132_task-EyeTracking_physio	280	490.981	657.651	166.670	1181.865	776.785	0.141	0.043	0.267	0.434
sub-132_task-EyeTracking_physio	280	699.318	999.326	300.008	1064.793	768.380	0.113	0.039	0.216	0.361
sub-132_task-EyeTracking_physio	280	1024.327	1282.664	258.337	1026.950	761.125	0.138	0.041	0.321	0.339
sub-132_task-EyeTracking_physio	280	1299.330	1449.336	150.006	1022.828	673.235	0.145	0.056	0.207	0.459
sub-132_task-EyeTracking_physio	280	1474.335	1707.689	233.354	1215.975	579.158	0.086	0.018	0.299	0.183
sub-132_task-EyeTracking_physio	280	1724.356	1932.682	208.326	1346.330	599.695	0.106	0.028	0.417	0.182
sub-132_task-EyeTracking_physio	280	1949.348	2649.363	700.015	1580.455	723.255	0.422	1.492	2.015	4.564
sub-132_task-EyeTracking_physio	280	2674.365	2874.371	200.006	1450.758	680.570	0.112	0.075	0.356	0.524
sub-132_task-EyeTracking_physio	281	-3130.786	-2639.105	491.681	1318.055	670.350	0.066	0.017	0.160	0.348
sub-132_task-EyeTracking_physio	281	-2597.438	-2122.432	475.006	1268.645	654.065	0.096	0.023	0.173	0.334
sub-132_task-EyeTracking_physio	281	-2097.425	-1897.425	200.000	1316.185	665.683	0.251	0.065	0.347	0.495
sub-132_task-EyeTracking_physio	281	-1864.092	-22.378	1841.714	1269.355	670.385	0.188	0.111	0.670	0.866
sub-132_task-EyeTracking_physio	281	10.959	410.969	400.010	1323.915	686.515	0.218	0.057	0.240	0.764
sub-132_task-EyeTracking_physio	281	427.636	694.309	266.673	1303.358	826.585	0.195	0.073	0.440	0.644
sub-132_task-EyeTracking_physio	281	844.312	1260.989	416.677	919.725	888.440	0.186	0.113	0.735	0.723
sub-132_task-EyeTracking_physio	281	1302.660	1477.662	175.002	1468.135	775.635	0.231	0.074	0.305	0.665
sub-132_task-EyeTracking_physio	281	1519.330	1744.339	225.009	1602.940	740.810	0.092	0.029	0.248	0.269
sub-132_task-EyeTracking_physio	281	1777.670	1894.339	116.669	1653.658	678.202	0.107	0.035	0.325	0.227
sub-132_task-EyeTracking_physio	281	2044.342	2427.684	383.342	1246.683	568.185	0.093	0.039	0.344	0.370
sub-132_task-EyeTracking_physio	281	2444.353	2661.025	216.672	1357.287	603.562	0.169	0.039	0.616	0.209
sub-132_task-EyeTracking_physio	281	2744.362	2986.029	241.667	1712.290	988.800	0.130	0.067	0.532	0.342
sub-132_task-EyeTracking_physio	282	-917.436	-275.752	641.684	1268.925	666.005	0.158	0.051	0.294	0.609
sub-132_task-EyeTracking_physio	282	-250.752	424.266	675.018	1291.800	677.210	0.188	0.068	0.282	0.769
sub-132_task-EyeTracking_physio	282	465.935	574.269	108.334	1273.945	871.110	0.131	0.023	0.330	0.125
sub-132_task-EyeTracking_physio	282	615.936	774.274	158.338	1323.855	897.970	0.166	0.483	0.755	1.363
sub-132_task-EyeTracking_physio	282	832.611	1090.948	258.337	1435.620	739.650	0.076	0.010	0.131	0.215
sub-132_task-EyeTracking_physio	282	1240.955	1424.293	183.338	1020.825	748.608	0.128	0.034	0.209	0.406
sub-132_task-EyeTracking_physio	282	1465.958	1807.634	341.676	896.380	836.115	0.148	0.060	0.268	0.576
sub-132_task-EyeTracking_physio	282	1824.300	1990.970	166.670	952.518	830.368	0.171	0.045	0.396	0.301
sub-132_task-EyeTracking_physio	282	2032.641	2207.644	175.003	1334.125	596.110	0.106	0.033	0.254	0.353
sub-132_task-EyeTracking_physio	282	2224.311	2340.981	116.670	1530.277	580.580	0.202	0.052	0.463	0.238
sub-132_task-EyeTracking_physio	282	2357.647	2749.321	391.674	1704.315	606.850	0.167	0.135	1.134	0.623
sub-132_task-EyeTracking_physio	282	2824.326	3007.662	183.336	1642.392	889.590	0.130	0.048	0.260	0.450
sub-132_task-EyeTracking_physio	283	-1829.774	-1729.771	100.003	1640.345	881.087	0.098	0.019	0.158	0.242
sub-132_task-EyeTracking_physio	283	-1671.438	-1321.432	350.006	1308.575	697.170	0.129	0.030	0.224	0.415
sub-132_task-EyeTracking_physio	283	-1296.430	-1021.423	275.007	1266.405	674.405	0.087	0.025	0.251	0.249
sub-132_task-EyeTracking_physio	283	-1004.757	-571.418	433.339	1303.595	669.640	0.180	0.064	0.777	0.359
sub-132_task-EyeTracking_physio	283	-546.412	-321.411	225.001	1251.935	667.805	0.208	0.046	0.202	0.535
sub-132_task-EyeTracking_physio	283	-296.405	278.605	575.010	1301.245	692.155	0.208	0.100	0.259	1.013
sub-132_task-EyeTracking_physio	283	311.939	420.275	108.336	1234.160	808.150	0.096	0.024	0.178	0.295
sub-132_task-EyeTracking_physio	283	578.609	728.615	150.006	925.908	785.145	0.168	0.059	0.411	0.351
sub-132_task-EyeTracking_physio	283	770.285	903.617	133.332	883.898	717.743	0.081	0.018	0.165	0.204
sub-132_task-EyeTracking_physio	283	936.950	1203.626	266.676	1262.838	867.273	0.132	0.124	0.362	0.934
sub-132_task-EyeTracking_physio	283	1228.626	1395.296	166.670	1373.210	925.888	0.114	0.038	0.210	0.407
sub-132_task-EyeTracking_physio	283	1428.631	1728.638	300.007	1545.602	954.812	0.112	0.034	0.370	0.306
sub-132_task-EyeTracking_physio	283	1753.638	1995.305	241.667	1590.815	928.525	0.114	0.034	0.269	0.382
sub-132_task-EyeTracking_physio	283	2020.307	2128.646	108.339	1604.395	809.915	0.144	0.040	0.176	0.293
sub-132_task-EyeTracking_physio	283	2270.316	2411.984	141.668	1539.695	528.075	0.093	0.021	0.218	0.230
sub-132_task-EyeTracking_physio	283	2436.984	2653.659	216.675	1414.065	531.972	0.090	0.024	0.344	0.158
sub-132_task-EyeTracking_physio	283	2686.992	3003.669	316.677	1322.707	554.483	0.069	0.009	0.152	0.161
sub-132_task-EyeTracking_physio	284	-449.310	-7.629	441.681	1294.945	723.320	0.193	1.018	0.769	3.597
sub-132_task-EyeTracking_physio	284	9.037	459.044	450.007	1297.892	663.410	0.135	0.057	0.285	0.540
sub-132_task-EyeTracking_physio	284	500.717	675.718	175.001	1298.105	786.620	0.170	0.057	0.195	0.732
sub-132_task-EyeTracking_physio	284	692.384	1009.058	316.674	1328.325	722.040	0.086	0.029	0.237	0.454
sub-132_task-EyeTracking_physio	284	1059.062	1475.737	416.675	1170.087	685.322	0.091	0.033	0.266	0.305
sub-132_task-EyeTracking_physio	284	1500.737	1775.745	275.008	1226.515	679.325	0.076	0.014	0.129	0.233
sub-132_task-EyeTracking_physio	284	1800.748	1959.084	158.336	1365.865	639.710	0.090	0.020	0.308	0.141
sub-132_task-EyeTracking_physio	284	1992.417	2325.761	333.344	1580.855	690.715	0.114	0.055	0.397	0.406
sub-132_task-EyeTracking_physio	284	2359.093	2509.097	150.004	1507.783	658.395	0.064	0.009	0.121	0.162
sub-132_task-EyeTracking_physio	284	2692.430	3009.108	316.678	963.535	685.280	0.153	0.067	0.583	0.349
sub-132_task-EyeTracking_physio	285	-927.610	-810.937	116.673	1023.025	679.280	0.085	0.011	0.082	0.257
sub-132_task-EyeTracking_physio	285	-777.601	-252.586	525.015	1310.950	679.815	0.199	0.106	0.694	0.722
sub-132_task-EyeTracking_physio	285	-227.587	347.425	575.012	1260.930	684.930	0.119	0.035	0.217	0.484
sub-132_task-EyeTracking_physio	285	472.427	630.766	158.339	1410.810	933.420	0.152	0.135	0.237	0.877
sub-132_task-EyeTracking_physio	285	664.103	864.106	200.003	1462.592	886.822	0.120	0.016	0.129	0.234
sub-132_task-EyeTracking_physio	285	880.772	1080.779	200.007	1418.132	853.220	0.119	0.045	0.275	0.302
sub-132_task-EyeTracking_physio	285	1114.113	1330.785	216.672	1389.110	585.345	0.078	0.020	0.242	0.261
sub-132_task-EyeTracking_physio	285	1364.119	1530.791	166.672	1430.750	565.285	0.063	0.017	0.148	0.210
sub-132_task-EyeTracking_physio	285	1580.793	1955.797	375.004	1099.280	754.850	0.116	0.051	0.238	0.515
sub-132_task-EyeTracking_physio	285	1980.802	2247.476	266.674	1055.890	860.620	0.140	0.095	0.607	0.521
sub-132_task-EyeTracking_physio	285	2264.143	2572.481	308.338	1007.545	895.795	0.198	0.327	0.851	1.208
sub-132_task-EyeTracking_physio	285	2722.485	2972.492	250.007	1522.795	618.723	0.163	0.035	0.552	0.239
sub-132_task-EyeTracking_physio	286	-497.242	-255.573	241.669	1390.260	855.375	0.088	0.032	0.220	0.250
sub-132_task-EyeTracking_physio	286	-230.568	-38.901	191.667	1317.380	735.295	0.124	0.025	0.154	0.347
sub-132_task-EyeTracking_physio	286	-13.901	477.780	491.681	1277.105	678.540	0.158	0.047	0.209	0.656
sub-132_task-EyeTracking_physio	286	511.113	852.791	341.678	1283.785	828.365	0.171	0.058	0.210	0.745
sub-132_task-EyeTracking_physio	286	911.125	1077.799	166.674	1282.685	740.610	0.129	0.041	0.130	0.696
sub-132_task-EyeTracking_physio	286	1111.131	1494.475	383.344	1001.455	713.875	0.119	0.039	0.258	0.466
sub-132_task-EyeTracking_physio	286	1661.143	1969.484	308.341	1583.385	682.090	0.126	0.041	0.332	0.449
sub-132_task-EyeTracking_physio	286	2086.152	2294.493	208.341	1573.725	944.215	0.158	0.053	0.388	0.574
sub-132_task-EyeTracking_physio	286	2327.827	2577.834	250.007	1368.895	885.340	0.077	0.021	0.306	0.228
sub-132_task-EyeTracking_physio	286	2627.832	2794.505	166.673	1257.085	854.088	0.066	0.018	0.237	0.165
sub-132_task-EyeTracking_physio	286	2827.839	3002.842	175.003	1189.235	763.415	0.076	0.016	0.160	0.238
sub-132_task-EyeTracking_physio	287	-450.144	-341.809	108.335	1188.995	770.150	0.067	0.006	0.136	0.148
sub-132_task-EyeTracking_physio	287	-325.142	24.870	350.012	1304.475	720.560	0.109	0.061	0.382	0.559
sub-132_task-EyeTracking_physio	287	33.204	399.875	366.671	1276.625	681.120	0.146	0.060	0.391	0.439
sub-132_task-EyeTracking_physio	287	583.214	858.221	275.007	1436.060	900.865	0.079	0.020	0.191	0.240
sub-132_task-EyeTracking_physio	287	908.221	1258.232	350.011	1142.832	857.837	0.153	0.067	0.546	0.480
sub-132_task-EyeTracking_physio	287	1283.231	1491.571	208.340	1221.405	823.705	0.079	0.017	0.135	0.281
sub-132_task-EyeTracking_physio	287	1516.571	1724.912	208.341	1172.870	708.795	0.184	0.072	0.430	0.443
sub-132_task-EyeTracking_physio	287	1749.912	2024.915	275.003	1100.115	607.200	0.087	0.028	0.326	0.296
sub-132_task-EyeTracking_physio	287	2066.580	2574.928	508.348	976.860	702.150	0.123	0.069	0.251	0.796
sub-132_task-EyeTracking_physio	287	2599.927	2774.936	175.009	1139.500	733.385	0.136	0.036	0.298	0.294
sub-132_task-EyeTracking_physio	287	2808.269	3008.271	200.002	1486.885	627.610	0.163	0.054	0.515	0.369
sub-132_task-EyeTracking_physio	288	-744.946	-586.610	158.336	1489.655	629.035	0.074	0.015	0.144	0.221
sub-132_task-EyeTracking_physio	288	-561.610	-369.936	191.674	1322.505	671.540	0.125	0.042	0.308	0.337
sub-132_task-EyeTracking_physio	288	-344.936	246.748	591.684	1260.815	689.460	0.165	0.085	0.287	0.982
sub-132_task-EyeTracking_physio	288	280.079	446.749	166.670	1365.980	706.405	0.187	0.092	0.377	0.603
sub-132_task-EyeTracking_physio	288	471.750	730.091	258.341	1386.115	913.205	0.246	2.341	2.718	2.054
sub-132_task-EyeTracking_physio	288	763.424	1121.767	358.343	1150.925	888.175	0.097	0.023	0.220	0.270
sub-132_task-EyeTracking_physio	288	1146.767	1563.447	416.680	1462.700	915.430	0.129	0.039	0.505	0.282
sub-132_task-EyeTracking_physio	288	1605.113	2113.460	508.347	1096.420	784.810	0.150	0.057	0.294	0.518
sub-132_task-EyeTracking_physio	288	2138.459	2296.796	158.337	981.500	706.810	0.151	0.039	0.276	0.321
sub-132_task-EyeTracking_physio	288	2321.795	3005.159	683.364	919.315	648.538	0.195	1.507	3.454	4.279
sub-132_task-EyeTracking_physio	289	-748.083	-439.741	308.342	1423.035	697.900	0.090	0.024	0.116	0.426
sub-132_task-EyeTracking_physio	289	-423.073	-73.068	350.005	1327.265	668.283	0.152	0.050	0.278	0.506
sub-132_task-EyeTracking_physio	289	-56.398	460.276	516.674	1252.148	723.965	0.187	0.097	0.373	0.993
sub-132_task-EyeTracking_physio	289	476.947	710.285	233.338	1168.320	899.092	0.213	0.237	0.948	1.106
sub-132_task-EyeTracking_physio	289	835.288	1110.292	275.004	1449.830	711.660	0.233	0.100	0.435	0.819
sub-132_task-EyeTracking_physio	289	1143.630	1310.300	166.670	1534.290	683.740	0.109	0.025	0.178	0.312
sub-132_task-EyeTracking_physio	289	1335.299	1593.641	258.342	1579.090	994.585	0.112	0.046	0.316	0.356
sub-132_task-EyeTracking_physio	289	1610.308	1960.317	350.009	1642.488	995.865	0.143	0.059	0.710	0.337
sub-132_task-EyeTracking_physio	289	2001.984	2210.323	208.339	1460.465	550.810	0.114	0.048	0.292	0.351
sub-132_task-EyeTracking_physio	289	2243.657	2410.325	166.668	1325.453	539.710	0.070	0.027	0.199	0.255
sub-132_task-EyeTracking_physio	289	2443.663	2810.334	366.671	1192.210	571.735	0.132	0.052	0.302	0.506
sub-132_task-EyeTracking_physio	289	2835.337	3010.341	175.004	1068.230	704.165	0.164	0.070	0.421	0.375
sub-132_task-EyeTracking_physio	290	-350.978	357.376	708.354	1262.410	742.765	0.098	0.053	0.403	0.583
sub-132_task-EyeTracking_physio	290	390.709	532.378	141.669	1327.405	820.840	0.135	0.024	0.155	0.300
sub-132_task-EyeTracking_physio	290	540.711	799.051	258.340	1463.700	854.890	0.249	0.390	0.516	1.935
sub-132_task-EyeTracking_physio	290	824.051	999.056	175.005	1601.155	781.930	0.115	0.041	0.275	0.297
sub-132_task-EyeTracking_physio	290	1015.723	1265.732	250.009	1574.200	700.640	0.096	0.046	0.365	0.338
sub-132_task-EyeTracking_physio	290	1290.732	1740.741	450.009	1604.675	672.855	0.080	0.026	0.293	0.205
sub-132_task-EyeTracking_physio	290	1840.746	2040.751	200.005	1570.130	992.445	0.202	0.088	0.584	0.492
sub-132_task-EyeTracking_physio	290	2082.418	2182.421	100.003	1161.747	879.620	0.287	0.549	0.824	0.971
sub-132_task-EyeTracking_physio	290	2224.088	2415.756	191.668	974.815	815.920	0.169	0.073	0.523	0.370
sub-132_task-EyeTracking_physio	290	2457.428	2649.097	191.669	914.260	707.675	0.103	0.029	0.226	0.334
sub-132_task-EyeTracking_physio	290	2674.096	2957.437	283.341	1095.595	631.755	0.084	0.024	0.336	0.218
sub-132_task-EyeTracking_physio	291	-1913.557	-1205.203	708.354	1298.430	685.160	0.121	0.045	0.279	0.620
sub-132_task-EyeTracking_physio	291	-1180.203	-721.860	458.343	1253.230	673.365	0.152	0.044	0.330	0.454
sub-132_task-EyeTracking_physio	291	-688.524	-388.518	300.006	1249.898	655.015	0.157	0.038	0.206	0.445
sub-132_task-EyeTracking_physio	291	-338.519	419.836	758.355	1285.170	699.705	0.199	0.123	0.351	1.024
sub-132_task-EyeTracking_physio	291	469.835	736.507	266.672	1375.803	900.335	0.123	0.065	0.342	0.513
sub-132_task-EyeTracking_physio	291	853.178	1178.188	325.010	1030.010	810.255	0.110	0.038	0.243	0.475
sub-132_task-EyeTracking_physio	291	1344.857	1594.863	250.006	1131.280	614.070	0.081	0.020	0.209	0.217
sub-132_task-EyeTracking_physio	291	1636.530	1761.535	125.005	1419.755	594.905	0.097	0.027	0.319	0.167
sub-132_task-EyeTracking_physio	291	1786.534	2036.539	250.005	1667.685	640.085	0.198	0.161	1.122	0.741
sub-132_task-EyeTracking_physio	291	2061.546	2586.557	525.011	1632.455	790.715	0.168	0.119	0.413	1.209
sub-132_task-EyeTracking_physio	291	2611.557	3003.233	391.676	1618.535	838.885	0.122	0.054	0.400	0.314
sub-132_task-EyeTracking_physio	292	-1950.978	-1675.974	275.004	1297.680	706.400	0.179	0.049	0.227	0.484
sub-132_task-EyeTracking_physio	292	-1659.303	-642.617	1016.686	1281.408	677.972	0.172	0.107	0.681	0.899
sub-132_task-EyeTracking_physio	292	-609.277	-409.275	200.002	1343.470	697.060	0.101	0.019	0.128	0.275
sub-132_task-EyeTracking_physio	292	-392.609	40.738	433.347	1273.345	682.375	0.166	0.064	0.472	0.583
sub-132_task-EyeTracking_physio	292	65.738	424.078	358.340	1321.560	698.330	0.146	0.105	0.529	0.729
sub-132_task-EyeTracking_physio	292	515.749	815.751	300.002	1049.037	789.555	0.209	0.089	0.384	0.658
sub-132_task-EyeTracking_physio	292	940.756	1057.426	116.670	1527.635	677.960	0.103	0.022	0.173	0.222
sub-132_task-EyeTracking_physio	292	1082.425	1515.774	433.349	1653.128	689.205	0.099	0.062	0.523	0.380
sub-132_task-EyeTracking_physio	292	1557.439	1807.446	250.007	1446.975	983.067	0.111	0.064	0.427	0.266
sub-132_task-EyeTracking_physio	292	1849.113	2007.454	158.341	1348.130	870.155	0.060	0.008	0.125	0.171
sub-132_task-EyeTracking_physio	292	2065.786	2224.123	158.337	1271.165	625.135	0.074	0.013	0.119	0.190
sub-132_task-EyeTracking_physio	292	2257.456	2457.461	200.005	1318.662	549.750	0.073	0.011	0.128	0.140
sub-132_task-EyeTracking_physio	292	2482.461	2840.806	358.345	1460.055	550.605	0.079	0.024	0.287	0.297
sub-132_task-EyeTracking_physio	292	2874.138	2982.475	108.337	1491.145	590.770	0.100	0.015	0.135	0.179
sub-132_task-EyeTracking_physio	293	-503.968	-70.628	433.340	1261.665	678.903	0.112	0.060	0.438	0.456
sub-132_task-EyeTracking_physio	293	246.047	696.061	450.014	1315.955	741.000	0.097	0.059	0.226	0.820
sub-132_task-EyeTracking_physio	293	721.062	1079.404	358.342	1526.155	812.950	0.130	0.042	0.409	0.329
sub-132_task-EyeTracking_physio	293	1096.071	1296.074	200.003	1431.438	814.812	0.210	0.093	0.376	0.635
sub-132_task-EyeTracking_physio	293	1321.077	1446.082	125.005	1222.175	773.065	0.215	0.103	0.544	0.451
sub-132_task-EyeTracking_physio	293	1462.749	1696.084	233.335	1075.270	712.660	0.231	0.111	0.656	0.456
sub-132_task-EyeTracking_physio	293	1746.086	1904.424	158.338	1040.970	615.255	0.062	0.008	0.120	0.151
sub-132_task-EyeTracking_physio	293	2046.094	2237.766	191.672	1225.695	539.130	0.094	0.033	0.381	0.191
sub-132_task-EyeTracking_physio	293	2271.099	2646.109	375.010	1608.980	558.505	0.099	0.042	0.498	0.269
sub-132_task-EyeTracking_physio	293	2662.775	2904.449	241.674	1552.380	602.920	0.097	0.026	0.307	0.274
sub-132_task-EyeTracking_physio	294	-315.097	-156.763	158.334	1330.215	743.595	0.288	0.111	0.272	1.301
sub-132_task-EyeTracking_physio	294	-123.424	93.244	216.668	1262.010	691.655	0.159	0.035	0.185	0.364
sub-132_task-EyeTracking_physio	294	118.248	509.924	391.676	1338.460	701.140	0.135	0.065	0.309	0.551
sub-132_task-EyeTracking_physio	294	526.590	1009.933	483.343	1242.632	749.145	0.186	0.108	0.508	0.849
sub-132_task-EyeTracking_physio	294	1043.268	1293.273	250.005	1200.838	807.805	0.076	0.020	0.179	0.267
sub-132_task-EyeTracking_physio	294	1326.610	1476.613	150.003	1028.858	774.875	0.126	0.040	0.292	0.364
sub-132_task-EyeTracking_physio	294	1493.280	1676.616	183.336	1035.585	655.575	0.149	0.055	0.245	0.472
sub-132_task-EyeTracking_physio	294	1718.287	1909.956	191.669	1135.500	594.160	0.089	0.011	0.112	0.229
sub-132_task-EyeTracking_physio	294	1943.288	2159.963	216.675	1237.100	602.023	0.064	0.019	0.211	0.198
sub-132_task-EyeTracking_physio	294	2176.628	2359.968	183.340	1474.335	631.188	0.158	0.058	0.450	0.309
sub-132_task-EyeTracking_physio	294	2376.636	2709.975	333.339	1610.033	698.700	0.206	0.151	0.839	0.714
sub-132_task-EyeTracking_physio	294	2734.974	3009.991	275.017	1519.040	758.950	0.101	0.031	0.201	0.321
sub-132_task-EyeTracking_physio	295	-259.557	-67.890	191.667	1351.045	745.690	0.075	0.015	0.308	0.140
sub-132_task-EyeTracking_physio	295	-51.224	298.788	350.012	1280.832	735.467	0.100	0.035	0.280	0.439
sub-132_task-EyeTracking_physio	295	332.121	498.795	166.674	1221.950	754.358	0.074	0.011	0.141	0.168
sub-132_task-EyeTracking_physio	295	540.462	682.133	141.671	1020.470	761.175	0.134	0.049	0.304	0.350
sub-132_task-EyeTracking_physio	295	715.466	915.469	200.003	1137.822	565.930	0.120	0.027	0.195	0.308
sub-132_task-EyeTracking_physio	295	932.136	1357.147	425.011	1331.395	557.505	0.097	0.034	0.375	0.401
sub-132_task-EyeTracking_physio	295	1390.479	1598.821	208.342	1438.785	715.520	0.123	0.060	0.128	0.921
sub-132_task-EyeTracking_physio	295	1623.821	1807.162	183.341	1409.658	769.207	0.130	0.023	0.152	0.426
sub-132_task-EyeTracking_physio	295	1840.495	2098.835	258.340	1509.295	783.705	0.086	0.028	0.197	0.404
sub-132_task-EyeTracking_physio	295	2140.501	2465.511	325.010	1610.195	798.245	0.090	0.030	0.259	0.361
sub-132_task-EyeTracking_physio	295	2490.511	2732.185	241.674	1533.300	806.420	0.118	0.030	0.281	0.258
sub-132_task-EyeTracking_physio	295	2765.517	2965.519	200.002	1448.523	795.298	0.073	0.012	0.123	0.183
sub-132_task-EyeTracking_physio	296	-512.539	-387.537	125.002	1311.665	747.980	0.146	0.027	0.153	0.367
sub-132_task-EyeTracking_physio	296	-370.867	-120.861	250.006	1266.415	709.773	0.169	0.050	0.213	0.590
sub-132_task-EyeTracking_physio	296	-87.526	462.487	550.013	1284.678	719.660	0.127	0.057	0.183	0.758
sub-132_task-EyeTracking_physio	296	504.153	695.828	191.675	1165.000	766.830	0.115	0.023	0.236	0.216
sub-132_task-EyeTracking_physio	296	712.494	895.830	183.336	1074.023	762.838	0.190	0.084	0.516	0.476
sub-132_task-EyeTracking_physio	296	929.163	1062.496	133.333	985.165	713.675	0.078	0.025	0.171	0.284
sub-132_task-EyeTracking_physio	296	1104.171	1254.174	150.003	1115.543	568.277	0.063	0.010	0.118	0.146
sub-132_task-EyeTracking_physio	296	1287.507	1479.181	191.674	1321.620	567.500	0.082	0.020	0.363	0.162
sub-132_task-EyeTracking_physio	296	1520.847	1820.853	300.006	1391.668	598.495	0.064	0.008	0.131	0.197
sub-132_task-EyeTracking_physio	296	1920.857	2245.862	325.005	1482.805	935.855	0.094	0.031	0.277	0.281
sub-132_task-EyeTracking_physio	296	2279.201	2462.536	183.335	1409.660	874.085	0.111	0.024	0.193	0.356
sub-132_task-EyeTracking_physio	296	2479.202	2695.876	216.674	1215.443	822.380	0.152	0.056	0.447	0.427
sub-132_task-EyeTracking_physio	296	2737.542	3004.214	266.672	1129.523	805.980	0.103	0.023	0.203	0.296
sub-132_task-EyeTracking_physio	297	-1065.924	-899.254	166.670	1296.678	744.182	0.252	0.099	0.484	0.658
sub-132_task-EyeTracking_physio	297	-874.254	-449.244	425.010	1273.020	671.840	0.116	0.040	0.237	0.545
sub-132_task-EyeTracking_physio	297	-407.577	-49.230	358.347	1312.790	678.660	0.282	0.248	0.774	1.135
sub-132_task-EyeTracking_physio	297	-24.232	600.786	625.018	1271.075	708.560	0.272	0.855	1.874	4.656
sub-132_task-EyeTracking_physio	297	1192.465	1534.140	341.675	1637.620	622.790	0.084	0.033	0.320	0.299
sub-132_task-EyeTracking_physio	297	1575.806	1925.815	350.009	1259.593	617.485	0.089	0.049	0.372	0.377
sub-132_task-EyeTracking_physio	297	1959.148	2234.151	275.003	1128.840	833.520	0.187	0.060	0.337	0.611
sub-132_task-EyeTracking_physio	297	2267.483	2559.163	291.680	1062.900	752.740	0.151	0.052	0.324	0.386
sub-132_task-EyeTracking_physio	297	2592.497	2742.499	150.002	976.890	703.785	0.108	0.023	0.279	0.185
sub-132_task-EyeTracking_physio	297	2784.166	2959.172	175.006	1092.500	616.905	0.079	0.009	0.132	0.198
sub-132_task-EyeTracking_physio	298	-343.742	322.938	666.680	1272.830	697.663	0.142	0.160	0.620	1.935
sub-132_task-EyeTracking_physio	298	372.937	481.273	108.336	1452.450	830.010	0.358	0.260	0.548	0.890
sub-132_task-EyeTracking_physio	298	531.273	781.279	250.006	1552.855	844.118	0.173	0.044	0.233	0.447
sub-132_task-EyeTracking_physio	298	822.948	981.288	158.340	1604.545	730.530	0.100	0.056	0.216	0.669
sub-132_task-EyeTracking_physio	298	1131.289	1314.625	183.336	1245.375	587.335	0.079	0.011	0.215	0.141
sub-132_task-EyeTracking_physio	298	1347.962	1514.633	166.671	1098.488	612.983	0.103	0.022	0.300	0.184
sub-132_task-EyeTracking_physio	298	1864.641	2497.986	633.345	1158.237	816.700	0.206	2.208	2.815	1.546
sub-132_task-EyeTracking_physio	298	2522.990	2747.992	225.002	1275.580	802.050	0.222	0.130	0.464	0.806
sub-132_task-EyeTracking_physio	298	2789.662	3006.330	216.668	1410.780	784.898	0.089	0.018	0.166	0.315
sub-132_task-EyeTracking_physio	299	-279.847	-4.843	275.004	1278.290	705.255	0.096	0.036	0.345	0.330
sub-132_task-EyeTracking_physio	299	11.824	420.168	408.344	1288.555	686.780	0.080	0.029	0.239	0.500
sub-132_task-EyeTracking_physio	299	736.843	911.847	175.004	1664.460	802.155	0.104	0.035	0.206	0.470
sub-132_task-EyeTracking_physio	299	945.181	1103.521	158.340	1601.665	612.750	0.063	0.024	0.199	0.278
sub-132_task-EyeTracking_physio	299	1253.522	1461.860	208.338	999.800	599.365	0.110	0.104	0.267	0.640
sub-132_task-EyeTracking_physio	299	1486.860	1728.532	241.672	929.375	789.040	0.173	0.103	0.355	0.644
sub-132_task-EyeTracking_physio	299	1786.870	1911.873	125.003	1014.985	872.805	0.189	0.074	0.408	0.431
sub-132_task-EyeTracking_physio	299	1936.872	2161.878	225.006	1058.440	785.715	0.132	0.069	0.254	0.737
sub-132_task-EyeTracking_physio	299	2195.211	2461.890	266.679	1099.098	646.662	0.101	0.032	0.197	0.450
sub-132_task-EyeTracking_physio	299	2478.556	2845.228	366.672	968.637	587.870	0.113	0.036	0.394	0.394
sub-132_task-EyeTracking_physio	299	2870.227	3003.563	133.336	889.130	604.985	0.077	0.012	0.161	0.191
sub-132_task-EyeTracking_physio	300	109.268	559.274	450.006	1302.010	769.067	0.085	0.043	0.332	0.399
sub-132_task-EyeTracking_physio	300	667.612	809.280	141.668	990.935	753.095	0.201	0.048	0.733	0.156
sub-132_task-EyeTracking_physio	300	842.614	1059.285	216.671	1529.760	695.463	0.108	0.032	0.296	0.315
sub-132_task-EyeTracking_physio	300	1084.286	1350.959	266.673	1625.230	741.137	0.080	0.029	0.241	0.224
sub-132_task-EyeTracking_physio	300	1417.630	1550.968	133.338	1478.275	1000.878	0.224	0.330	0.873	0.841
sub-132_task-EyeTracking_physio	300	1584.300	1742.636	158.336	1419.625	797.035	0.193	0.090	0.201	0.767
sub-132_task-EyeTracking_physio	300	1775.974	1909.308	133.334	1381.102	637.363	0.069	0.017	0.197	0.225
sub-132_task-EyeTracking_physio	300	1934.308	2150.979	216.671	1430.468	548.350	0.087	0.025	0.281	0.294
sub-132_task-EyeTracking_physio	300	2175.984	2475.990	300.006	1187.747	564.663	0.089	0.039	0.285	0.381
sub-132_task-EyeTracking_physio	300	2509.324	2792.661	283.337	1227.875	616.435	0.077	0.044	0.254	0.350
sub-132_task-EyeTracking_physio	300	2809.327	3009.337	200.010	1278.630	626.800	0.137	0.051	0.475	0.404
