t	gaze_point_LX	gaze_point_LY	gaze_point_RX	gaze_point_RY	pupil_diameter_L	pupil_diameter_R
1580269496617	1252.68	759.20	1243.42	741.04	3.7238	3.9331
1580269504949	1250.89	748.47	1248.44	742.15	3.7206	3.9166
1580269513282	1253.90	749.54	1245.38	749.96	3.7319	3.9382
1580269521615	1246.67	747.07	1238.94	748.50	3.7359	3.9111
1580269529949	1258.96	770.62	1236.38	758.45	3.7134	3.9238
1580269538282	1258.94	792.20	1216.26	865.21	3.7031	3.7854
1580269546616	NaN	NaN	NaN	NaN	NaN	NaN
1580269554949	NaN	NaN	NaN	NaN	NaN	NaN
1580269563282	NaN	NaN	NaN	NaN	NaN	NaN
1580269571615	NaN	NaN	NaN	NaN	NaN	NaN
1580269579948	NaN	NaN	NaN	NaN	NaN	NaN
1580269588281	NaN	NaN	NaN	NaN	NaN	NaN
1580269596614	NaN	NaN	NaN	NaN	NaN	NaN
1580269604947	NaN	NaN	NaN	NaN	NaN	NaN
1580269613281	NaN	NaN	NaN	NaN	NaN	NaN
1580269621614	NaN	NaN	NaN	NaN	NaN	NaN
1580269629954	NaN	NaN	NaN	NaN	NaN	NaN
1580269638287	NaN	NaN	NaN	NaN	NaN	NaN
1580269646620	1432.76	1149.14	NaN	NaN	2.3896	NaN
1580269654954	1431.58	1037.41	1064.80	1039.58	2.9451	2.8693
1580269663287	1296.46	925.66	1272.59	957.07	3.5104	3.6196
1580269671620	1298.20	830.00	1278.46	833.92	3.6630	3.8206
1580269679953	1302.36	758.64	1273.02	768.17	3.7657	3.9513
1580269688287	1288.66	784.27	1275.13	781.89	3.7518	3.9474
1580269696620	1301.14	760.08	1274.70	765.46	3.7676	3.9650
1580269704954	1280.67	778.83	1277.95	771.77	3.7853	3.9752
1580269713287	1294.61	773.28	1272.46	773.95	3.7825	4.0002
1580269721620	1293.48	749.22	1278.86	760.87	3.7889	3.9964
1580269729953	1288.87	773.18	1275.47	761.61	3.8272	4.0144
1580269738286	1294.72	745.85	1274.87	766.91	3.8167	4.0206
1580269746619	1293.65	773.24	1278.01	760.33	3.8446	4.0349
1580269754953	1294.83	748.65	1281.80	762.21	3.8543	4.0337
1580269763291	1293.52	761.24	1274.33	751.18	3.8457	4.0467
1580269771624	1295.72	767.39	1281.60	761.85	3.8427	4.0708
1580269779958	1291.78	763.58	1281.91	761.71	3.8533	4.0615
1580269788291	1293.42	769.67	1275.02	758.77	3.8608	4.0433
1580269796624	1290.01	766.81	1278.31	758.58	3.8479	4.0599
1580269804957	1287.56	761.07	1275.53	749.04	3.8729	4.0661
1580269813243	NaN	NaN	NaN	NaN	NaN	NaN
1580269821529	NaN	NaN	NaN	NaN	NaN	NaN
1580269829817	NaN	NaN	NaN	NaN	NaN	NaN
1580269838150	NaN	NaN	NaN	NaN	NaN	NaN
1580269846483	NaN	NaN	NaN	NaN	NaN	NaN
1580269854816	NaN	NaN	NaN	NaN	NaN	NaN
1580269863149	NaN	NaN	NaN	NaN	NaN	NaN
1580269871484	NaN	NaN	NaN	NaN	NaN	NaN
1580269879865	NaN	NaN	NaN	NaN	NaN	NaN
1580269888247	NaN	NaN	NaN	NaN	NaN	NaN
1580269896629	1294.08	759.15	1272.73	748.57	3.9021	4.1188
1580269904962	1297.74	751.16	1270.09	752.73	3.9379	4.1353
1580269913295	1292.78	742.09	1272.66	764.37	3.9334	4.1519
1580269921627	1299.12	742.72	1276.79	748.02	3.9409	4.1532
1580269929960	1290.26	741.73	1273.46	753.94	3.9317	4.1593
1580269938294	1296.07	738.13	1273.33	756.52	3.9302	4.1564
1580269946626	1293.86	752.32	1273.94	749.12	3.9483	4.1646
1580269954960	1287.60	754.80	1273.99	752.28	3.9376	4.1777
1580269963293	1293.90	759.56	1271.66	762.31	3.9426	4.1853
1580269971626	1292.98	758.95	1269.58	761.20	3.9447	4.1814
1580269979960	1290.30	762.74	1266.49	758.03	3.9473	4.1873
1580269988293	1292.87	757.87	1274.99	756.26	3.9821	4.2022
1580269996626	1291.64	743.07	1272.17	758.49	3.9771	4.1959
1580270004960	1291.78	744.35	1276.68	759.37	3.9801	4.1947
1580270013293	1295.88	752.73	1271.30	759.52	3.9750	4.1989
1580270021630	1287.35	771.50	1270.12	759.29	3.9775	4.2146
1580270029964	1288.82	774.44	1271.56	753.23	3.9871	4.2027
1580270038297	1287.53	760.67	1274.88	750.02	3.9866	4.2194
1580270046630	1290.29	749.49	1272.11	754.18	3.9880	4.2336
1580270054963	1293.29	751.90	1271.80	752.22	3.9979	4.2195
1580270063297	1292.53	750.81	1271.75	760.86	3.9946	4.2308
1580270071630	1291.24	753.27	1273.75	761.87	3.9993	4.2217
1580270079964	1291.06	752.77	1268.12	760.33	4.0130	4.2240
1580270088298	1293.57	742.90	1271.70	766.91	3.9989	4.2309
1580270096630	1288.16	748.25	1270.20	753.98	3.9924	4.2240
1580270104963	1286.63	754.77	1269.59	764.44	3.9899	4.2269
1580270113297	1298.21	752.78	1276.38	769.49	3.9904	4.2363
1580270121630	1292.06	758.50	1270.26	759.04	3.9933	4.2320
1580270129963	1290.36	757.87	1269.17	759.49	4.0107	4.2227
1580270138297	1282.08	759.38	1275.41	761.03	3.9943	4.2306
1580270146630	1285.62	792.91	1267.89	782.38	3.9890	4.2066
1580270154967	1273.04	783.29	1257.67	785.72	3.9785	4.2036
1580270163301	1279.89	774.38	1260.06	793.41	3.9911	4.2150
1580270171633	1279.21	799.14	1261.53	791.22	3.9908	4.2204
1580270179967	1276.60	780.32	1260.24	789.61	3.9762	4.2101
1580270188300	1274.77	791.35	1256.87	806.86	3.9863	4.2110
1580270196633	1281.88	788.25	1260.90	789.08	3.9805	4.2236
1580270204968	1274.96	774.03	1261.16	804.07	3.9794	4.2070
1580270213302	1283.22	782.27	1257.52	801.25	3.9797	4.2056
1580270221635	1281.47	790.16	1265.75	797.03	3.9702	4.2020
1580270229968	1277.33	792.35	1265.39	792.43	3.9667	4.2054
1580270238302	1278.27	775.45	1263.97	787.27	3.9507	4.1975
1580270246634	1271.88	776.65	1270.12	810.12	3.9492	4.2094
1580270254968	1283.48	772.14	1262.06	788.15	3.9464	4.1898
1580270263301	1273.79	768.32	1265.65	803.89	3.9488	4.2029
1580270271634	1279.91	773.25	1271.00	788.18	3.9477	4.1857
1580270279969	1281.04	767.02	1265.93	797.73	3.9390	4.1852
1580270288308	1275.08	769.72	1263.55	796.96	3.9318	4.1942
1580270296641	1275.43	768.80	1269.14	799.30	3.9342	4.1763
1580270304974	1276.22	778.42	1265.50	801.93	3.9363	4.1724
1580270313309	1274.86	790.20	1261.68	801.92	3.9290	4.1774
1580270321641	1270.93	789.75	1263.38	789.12	3.9143	4.1825
1580270329974	1276.38	782.47	1269.60	796.63	3.9181	4.1714
1580270338308	1271.93	776.15	1266.42	795.19	3.9221	4.1770
1580270346641	1276.27	766.29	1263.63	785.41	3.9176	4.1650
1580270354974	1275.92	769.25	1266.79	789.42	3.9208	4.1730
1580270363308	1283.21	769.48	1266.41	783.49	3.9144	4.1598
1580270371641	1279.22	775.46	1276.66	789.53	3.9302	4.1580
1580270379972	1275.76	768.11	1270.19	785.01	3.9172	4.1659
1580270388305	1281.58	775.89	1273.98	781.01	3.8913	4.1666
1580270396638	1273.28	780.74	1267.04	788.49	3.9212	4.1708
1580270404971	1270.03	771.87	1274.93	781.87	3.9183	4.1445
1580270413310	1278.82	791.20	1269.57	793.29	3.9224	4.1594
1580270421643	1282.86	764.14	1266.79	786.48	3.9044	4.1479
1580270429976	1277.70	780.71	1274.51	793.35	3.9202	4.1686
1580270438310	1275.56	776.54	1271.13	785.38	3.9088	4.1622
1580270446643	1277.86	778.63	1275.45	783.45	3.9151	4.1601
1580270454976	1276.88	777.54	1275.68	795.04	3.9113	4.1461
1580270463310	1277.40	791.32	1275.03	785.56	3.9267	4.1408
1580270471643	1283.25	786.61	1280.87	811.72	3.9140	4.1425
1580270479976	1286.11	857.28	1272.16	978.30	3.8558	3.9182
1580270488309	NaN	NaN	NaN	NaN	NaN	NaN
1580270496642	NaN	NaN	NaN	NaN	NaN	NaN
1580270504975	NaN	NaN	NaN	NaN	NaN	NaN
1580270513309	NaN	NaN	NaN	NaN	NaN	NaN
1580270521641	NaN	NaN	NaN	NaN	NaN	NaN
1580270529976	NaN	NaN	NaN	NaN	NaN	NaN
1580270538308	NaN	NaN	NaN	NaN	NaN	NaN
1580270546645	NaN	NaN	NaN	NaN	NaN	NaN
1580270554979	NaN	NaN	NaN	NaN	NaN	NaN
1580270563313	1516.60	1171.08	NaN	NaN	2.3763	NaN
1580270571646	NaN	NaN	NaN	NaN	NaN	NaN
1580270579979	1499.80	1080.88	1281.91	896.78	2.9248	3.8528
1580270588313	1292.22	943.41	1290.49	956.80	3.6425	3.8460
1580270596645	1281.22	869.21	1284.23	866.77	3.7819	3.9649
1580270604977	1278.68	808.30	1289.14	797.69	3.9014	4.1194
1580270613311	1283.31	794.66	1275.26	803.35	3.9397	4.1032
1580270621644	1274.75	814.78	1282.57	796.77	3.9329	4.1245
1580270629978	1277.19	805.42	1286.06	781.80	3.9394	4.1402
1580270638311	1279.71	790.08	1280.09	788.75	3.9716	4.1278
1580270646645	1278.30	783.85	1278.31	785.43	3.9678	4.1705
1580270654978	1280.98	778.16	1281.95	770.36	3.9502	4.1528
1580270663312	1274.30	785.47	1285.85	785.89	3.9707	4.1676
1580270671645	1277.95	789.70	1283.62	774.10	3.9800	4.1772
1580270679984	1267.66	781.98	1277.28	770.04	3.9797	4.1770
1580270688317	1269.75	772.78	1281.83	771.54	4.0069	4.1833
1580270696651	1268.13	785.64	1280.22	760.04	4.0130	4.1905
1580270704984	1278.32	788.93	1276.10	775.29	4.0224	4.2019
1580270713316	1273.48	773.74	1274.10	773.07	4.0058	4.1981
1580270721650	1268.89	785.82	1281.80	783.16	4.0101	4.1954
1580270729983	1267.95	792.80	1278.03	766.66	4.0299	4.1981
1580270738316	1272.67	783.65	1279.49	784.65	4.0273	4.2113
1580270746651	1270.98	787.88	1278.58	765.26	4.0297	4.2001
1580270754984	1265.28	789.46	1285.02	760.01	4.0316	4.1969
1580270763316	1281.90	775.13	1279.57	771.88	4.0143	4.2216
1580270771650	1273.75	781.65	1279.50	771.97	4.0471	4.2271
1580270779983	1279.95	772.89	1279.13	771.95	4.0209	4.2152
1580270788316	1276.41	779.23	1272.40	789.29	4.0225	4.2226
1580270796650	1270.99	798.64	1277.47	762.45	4.0393	4.2122
1580270804983	1273.50	786.08	1281.32	764.77	4.0366	4.2299
1580270813320	1273.17	790.77	1279.74	785.13	4.0483	4.2095
1580270821653	1271.05	801.08	1278.17	765.01	4.0414	4.2322
1580270829987	1268.92	778.94	1275.76	761.23	4.0396	4.2183
1580270838319	1269.69	793.19	1274.40	773.28	4.0379	4.2361
1580270846652	1275.51	806.23	1270.08	783.33	4.0470	4.2267
1580270854986	1277.42	787.94	1273.12	770.81	4.0548	4.2392
1580270863319	1275.38	792.84	1272.56	761.90	4.0791	4.2324
1580270871652	1267.81	805.94	1275.21	774.19	4.0719	4.2481
1580270879986	1278.77	793.74	1276.62	770.28	4.0441	4.2399
1580270888317	1270.95	800.81	1274.05	776.51	4.0546	4.2379
1580270896651	1273.09	795.55	1269.68	773.68	4.0484	4.2616
1580270904983	1276.31	810.97	1272.39	779.89	4.0551	4.2345
1580270913317	1279.73	810.18	1263.44	835.22	4.0771	4.1974
1580270921651	1126.78	1301.14	NaN	NaN	2.7742	NaN
1580270929983	NaN	NaN	NaN	NaN	NaN	NaN
1580270938319	NaN	NaN	NaN	NaN	NaN	NaN
1580270946653	NaN	NaN	NaN	NaN	NaN	NaN
1580270954986	NaN	NaN	NaN	NaN	NaN	NaN
1580270963320	NaN	NaN	NaN	NaN	NaN	NaN
1580270971654	NaN	NaN	NaN	NaN	NaN	NaN
1580270979985	NaN	NaN	NaN	NaN	NaN	NaN
1580270988319	NaN	NaN	NaN	NaN	NaN	NaN
1580270996652	NaN	NaN	NaN	NaN	NaN	NaN
1580271004985	NaN	NaN	NaN	NaN	NaN	NaN
1580271013319	NaN	NaN	NaN	NaN	NaN	NaN
1580271021653	NaN	NaN	NaN	NaN	NaN	NaN
1580271029986	1483.05	1106.17	1311.60	958.32	3.1536	3.9252
1580271038319	1281.19	937.05	1294.98	970.39	3.8052	3.9455
1580271046653	1291.55	865.29	1283.06	873.14	3.9882	4.1472
1580271054983	1303.42	828.23	1291.58	820.32	4.0383	4.2630
1580271063316	1297.84	832.42	1291.42	831.18	4.0266	4.2350
1580271071655	1293.12	836.51	1292.48	824.33	4.0434	4.2309
1580271079988	1298.10	836.28	1288.37	825.30	4.0409	4.2550
1580271088323	1296.98	832.28	1295.61	824.23	4.0583	4.2590
1580271096655	1294.43	833.75	1296.91	822.75	4.0489	4.2654
1580271104989	1298.46	815.65	1289.40	820.52	4.0459	4.2661
1580271113322	1307.38	821.47	1282.26	817.68	4.0509	4.2664
1580271121655	1302.21	808.30	1293.37	816.26	4.0472	4.2816
1580271129991	1306.19	822.36	1296.51	801.18	4.0755	4.2753
1580271138324	1301.34	823.90	1294.54	816.14	4.0541	4.2728
1580271146656	1299.16	819.55	1301.45	820.45	4.0658	4.2883
1580271154991	1285.74	817.27	1293.77	808.64	4.0615	4.2757
1580271163324	1284.24	828.27	1295.83	817.33	4.0721	4.2896
1580271171654	1286.42	821.21	1296.69	812.85	4.0616	4.2788
1580271179991	1290.42	816.91	1295.72	809.32	4.0510	4.2764
1580271188324	1285.74	808.27	1287.35	814.53	4.0521	4.2805
1580271196657	1299.83	809.92	1286.01	810.70	4.0571	4.2962
1580271204995	1297.89	811.60	1290.94	812.26	4.0675	4.2905
1580271213328	1292.88	815.77	1288.99	812.81	4.0554	4.3009
1580271221661	1297.85	809.26	1287.22	812.35	4.0682	4.2888
1580271229993	1295.64	813.76	1296.68	803.56	4.0701	4.2849
1580271238328	1293.04	820.54	1290.49	808.36	4.0765	4.2937
1580271246661	1288.84	808.81	1298.16	799.04	4.0623	4.2993
1580271254992	1289.86	806.73	1294.36	806.66	4.0778	4.2909
1580271263326	1294.98	808.03	1295.42	806.20	4.0734	4.2914
1580271271661	1299.12	805.23	1290.69	800.97	4.0720	4.2855
1580271279993	1290.16	815.64	1287.47	814.21	4.0663	4.2971
1580271288327	1295.60	806.74	1289.99	803.43	4.0787	4.3047
1580271296661	1279.65	814.87	1276.82	807.34	4.0711	4.3053
1580271304995	1255.48	799.28	1266.82	797.90	4.0737	4.2899
1580271313328	1265.84	811.26	1256.03	789.27	4.0597	4.3060
1580271321660	1271.14	801.78	1260.51	793.44	4.0885	4.2866
1580271329996	1269.47	811.40	1259.62	787.89	4.0803	4.2801
1580271338329	1267.96	810.87	1258.46	793.51	4.0934	4.3016
1580271346662	1272.62	817.47	1256.50	801.23	4.0754	4.3066
1580271354995	1270.50	808.59	1252.69	800.45	4.0816	4.2999
1580271363329	1270.87	808.60	1251.42	800.02	4.0925	4.3210
1580271371662	1273.37	808.66	1256.75	792.86	4.0906	4.2974
1580271379996	1271.53	803.19	1255.67	795.42	4.0771	4.3084
1580271388329	1270.05	815.19	1259.44	785.69	4.1036	4.2916
1580271396662	1273.66	801.73	1262.47	793.30	4.0836	4.3178
1580271404995	1268.15	816.73	1265.19	799.65	4.0864	4.3293
1580271413329	1267.21	812.36	1256.38	800.96	4.0996	4.3210
1580271421661	1267.25	806.39	1255.65	792.67	4.0759	4.3226
1580271429994	1271.85	804.85	1262.21	793.81	4.0921	4.3118
1580271438328	1266.62	806.57	1256.90	792.54	4.0925	4.3086
1580271446661	1271.21	799.98	1259.87	790.40	4.0764	4.3221
1580271454994	1272.91	806.47	1263.42	799.46	4.0815	4.3349
1580271463335	1270.02	816.38	1262.28	800.39	4.0814	4.3067
1580271471668	1271.63	814.03	1259.37	808.32	4.0709	4.3281
1580271480001	1269.35	815.11	1258.60	801.98	4.0784	4.3035
1580271488335	1271.02	818.84	1263.63	795.30	4.0729	4.3086
1580271496667	1266.60	810.64	1258.22	812.18	4.0579	4.3269
1580271505002	1269.85	822.07	1262.80	793.60	4.0681	4.2973
1580271513335	1271.02	813.59	1263.53	805.79	4.0505	4.3031
1580271521668	1271.95	804.96	1260.74	804.78	4.0305	4.2900
1580271530001	1265.24	809.80	1264.05	799.92	4.0556	4.2963
1580271538335	1276.84	800.77	1262.75	787.53	4.0312	4.2757
1580271546667	1296.26	798.94	1287.76	774.42	4.0140	4.2701
1580271555000	1291.22	792.21	1280.28	791.49	4.0105	4.2780
1580271563334	1282.17	785.32	1277.52	779.92	3.9953	4.2847
1580271571667	1285.66	801.21	1281.88	779.97	4.0214	4.2676
1580271580001	1286.11	804.85	1275.47	777.57	4.0268	4.2575
1580271588333	1287.89	787.86	1279.96	784.01	4.0022	4.2436
1580271596672	1287.15	802.44	1280.52	777.05	4.0037	4.2437
1580271605005	1288.13	784.15	1282.47	781.92	3.9761	4.2442
1580271613338	1288.30	805.82	1278.78	778.51	3.9879	4.2448
1580271621672	1287.55	797.90	1284.80	778.86	3.9902	4.2551
1580271630005	1290.25	796.17	1274.00	781.00	3.9795	4.2493
1580271638338	1291.29	796.89	1286.91	782.13	3.9599	4.2190
1580271646671	1283.89	780.53	1287.25	774.31	3.9636	4.2371
1580271655004	1285.36	814.75	1283.65	788.03	4.0063	4.2339
1580271663338	1285.84	799.39	1282.49	786.45	3.9667	4.2315
1580271671671	1288.34	805.83	1283.59	776.46	3.9835	4.2259
1580271680004	1283.27	791.43	1285.47	778.38	3.9722	4.2319
1580271688338	1290.84	801.11	1282.56	789.13	3.9684	4.1998
1580271696671	1285.39	789.03	1280.19	786.05	3.9654	4.2286
1580271705004	1287.06	791.14	1283.36	770.34	3.9670	4.2236
1580271713337	1286.93	790.14	1281.97	782.68	3.9622	4.2090
1580271721671	1294.35	802.36	1286.81	781.27	3.9559	4.2053
1580271730010	1290.69	791.39	1285.11	774.06	3.9754	4.2023
1580271738342	1289.27	791.57	1289.48	776.33	3.9570	4.2166
1580271746676	1291.67	798.77	1286.42	782.55	3.9578	4.2118
1580271755009	1290.74	793.80	1282.73	789.02	3.9417	4.2118
1580271763342	1302.87	781.98	1286.89	776.49	3.9399	4.2003
1580271771675	1282.21	790.02	1279.71	765.90	3.9527	4.1957
1580271780008	1279.88	783.49	1278.27	772.79	3.9646	4.2101
1580271788342	1289.66	769.78	1277.56	775.34	3.9317	4.2065
1580271796675	1283.31	770.80	1280.98	771.44	3.9336	4.1944
1580271805008	1278.63	788.60	1280.69	766.76	3.9308	4.1792
1580271813341	1282.11	779.08	1286.35	775.99	3.9427	4.2175
1580271821675	1285.40	792.13	1281.20	780.08	3.9434	4.2013
1580271830009	1282.55	784.62	1283.48	767.65	3.9552	4.1981
1580271838341	1284.39	794.24	1282.90	771.65	3.9351	4.1879
1580271846675	1282.52	784.42	1275.47	766.65	3.9526	4.1692
1580271855012	1288.15	785.89	1284.57	775.31	3.9538	4.1824
1580271863345	1285.05	789.37	1277.69	776.35	3.9445	4.1957
1580271871678	1285.36	778.34	1278.87	767.19	3.9234	4.1854
1580271880011	1282.54	779.82	1279.59	763.95	3.9338	4.1850
1580271888345	1280.40	797.55	1280.19	764.66	3.9373	4.1726
1580271896678	1287.29	793.80	1281.38	770.76	3.9342	4.1734
1580271905011	1288.82	783.28	1275.99	782.01	3.9257	4.1887
1580271913345	1284.95	764.95	1280.88	771.36	3.9225	4.1877
1580271921678	1278.04	771.09	1279.47	767.80	3.9238	4.1637
1580271930011	1287.60	793.78	1277.65	764.68	3.9378	4.1749
1580271938344	1285.81	791.07	1283.06	762.02	3.9305	4.1630
1580271946678	1283.41	798.54	1277.97	767.87	3.9498	4.1761
1580271955011	1287.27	801.28	1279.06	772.92	3.9469	4.1791
1580271963344	1283.96	792.20	1280.84	763.18	3.9386	4.1657
1580271971678	1282.74	792.53	1278.77	770.58	3.9203	4.1809
1580271980011	1279.68	793.57	1284.14	773.27	3.9005	4.1776
1580271988349	1278.67	793.62	1281.75	760.76	3.9473	4.1552
1580271996683	1283.21	789.24	1284.16	763.95	3.9247	4.1728
1580272005015	1278.65	777.83	1276.87	773.13	3.9165	4.1858
1580272013348	1284.12	780.83	1281.81	774.27	3.9282	4.1773
1580272021681	1282.81	784.30	1278.96	774.35	3.9006	4.1847
1580272030015	1279.04	798.26	1280.82	763.17	3.9289	4.1663
1580272038349	1275.81	799.43	1285.50	775.99	3.9371	4.1926
1580272046682	1282.47	778.60	1284.19	783.79	3.9354	4.1809
1580272055015	1276.08	780.25	1286.01	775.72	3.9339	4.1735
1580272063348	1275.20	781.60	1281.65	767.81	3.9123	4.1827
1580272071681	1276.51	797.09	1284.71	768.28	3.9359	4.1781
1580272080015	1273.94	793.86	1284.88	774.27	3.9353	4.1717
1580272088348	1278.67	789.95	1282.77	781.66	3.9170	4.1725
1580272096680	1279.19	799.00	1282.33	777.77	3.9468	4.1954
1580272105014	1282.08	783.42	1278.60	776.32	3.9078	4.1713
1580272113347	1280.11	775.71	1287.98	777.63	3.9297	4.1767
1580272121686	1281.82	786.43	1285.01	766.69	3.9358	4.1745
1580272130020	1284.10	798.47	1278.20	772.79	3.9363	4.1678
1580272138353	1285.20	820.62	1267.56	786.58	3.9264	4.1810
1580272146686	1284.81	1009.39	1260.86	1014.61	3.6270	3.8113
1580272155019	NaN	NaN	NaN	NaN	NaN	NaN
1580272163354	NaN	NaN	NaN	NaN	NaN	NaN
1580272171688	NaN	NaN	NaN	NaN	NaN	NaN
1580272180021	NaN	NaN	NaN	NaN	NaN	NaN
1580272188354	NaN	NaN	NaN	NaN	NaN	NaN
1580272196688	NaN	NaN	NaN	NaN	NaN	NaN
1580272205021	NaN	NaN	NaN	NaN	NaN	NaN
1580272213354	NaN	NaN	NaN	NaN	NaN	NaN
1580272221688	NaN	NaN	NaN	NaN	NaN	NaN
1580272230020	NaN	NaN	NaN	NaN	NaN	NaN
1580272238353	NaN	NaN	NaN	NaN	NaN	NaN
1580272246687	NaN	NaN	1286.18	966.01	NaN	3.9070
1580272255025	1316.51	978.49	1282.31	866.12	3.6191	4.1158
1580272263358	1291.39	929.18	1279.22	813.36	3.7674	4.1971
1580272271691	1284.43	862.63	1285.39	816.04	3.9257	4.1807
1580272280023	1280.98	827.07	1284.18	818.96	3.9572	4.1974
1580272288358	1279.30	839.28	1279.53	822.03	3.9624	4.2202
1580272296692	1279.68	836.03	1279.58	820.93	3.9920	4.2109
1580272305025	1282.58	825.05	1281.97	815.77	3.9740	4.2335
1580272313357	1281.51	822.97	1273.48	798.40	3.9735	4.2402
1580272321691	1278.10	831.85	1273.43	816.58	4.0111	4.2513
1580272330024	1278.09	823.81	1272.22	801.96	4.0049	4.2687
1580272338358	1269.77	826.86	1279.39	798.42	3.9998	4.2683
1580272346692	1272.85	831.83	1271.36	783.30	4.0282	4.2542
1580272355025	1274.74	824.41	1279.22	803.16	4.0308	4.2576
1580272363358	1271.44	812.06	1276.29	801.86	4.0318	4.2825
1580272371692	1273.87	826.04	1277.74	802.37	4.0398	4.2848
1580272380028	1275.08	811.25	1279.92	801.53	4.0360	4.2809
1580272388361	1275.08	809.68	1280.80	802.86	4.0491	4.2826
1580272396694	1281.26	823.57	1275.84	804.16	4.0617	4.2951
1580272405028	1286.67	827.29	1283.38	797.88	4.0661	4.2931
1580272413361	1281.24	827.02	1286.30	805.77	4.0444	4.3109
1580272421695	1281.56	825.12	1288.40	810.97	4.0638	4.2936
1580272430028	1278.19	822.33	1282.42	811.67	4.0675	4.3074
1580272438361	1280.46	820.15	1278.47	810.12	4.0671	4.3059
1580272446695	1276.28	822.32	1275.44	798.59	4.0722	4.3106
1580272455026	1282.40	826.03	1276.28	800.24	4.0957	4.3163
1580272463360	1280.85	825.25	1279.63	795.28	4.0970	4.3183
1580272471693	1276.33	823.55	1276.96	792.46	4.0843	4.3262
1580272480027	1273.76	812.95	1279.16	797.64	4.1069	4.3332
1580272488360	1273.17	813.81	1277.38	803.24	4.1000	4.3257
1580272496694	1271.88	816.23	1281.27	799.07	4.0971	4.3435
1580272505027	1273.46	826.81	1281.60	801.51	4.0925	4.3451
1580272513365	1276.09	808.57	1280.86	800.66	4.1072	4.3383
1580272521699	1278.28	830.31	1279.91	796.50	4.1226	4.3505
1580272530031	1279.22	812.14	1284.27	796.19	4.1203	4.3589
1580272538364	1280.21	820.25	1285.45	814.42	4.1316	4.3647
1580272546698	1274.09	826.46	1283.47	808.69	4.1284	4.3724
1580272555032	1279.35	839.70	1280.79	810.61	4.1417	4.3840
1580272563365	1290.60	840.92	1286.22	823.25	4.1232	4.3494
1580272571699	1317.61	929.91	1307.60	988.16	3.9715	4.0970
1580272580032	NaN	NaN	NaN	NaN	NaN	NaN
1580272588365	NaN	NaN	NaN	NaN	NaN	NaN
1580272596698	NaN	NaN	NaN	NaN	NaN	NaN
1580272605031	NaN	NaN	NaN	NaN	NaN	NaN
1580272613364	NaN	NaN	NaN	NaN	NaN	NaN
1580272621698	NaN	NaN	NaN	NaN	NaN	NaN
1580272630031	NaN	NaN	NaN	NaN	NaN	NaN
1580272638364	NaN	NaN	NaN	NaN	NaN	NaN
1580272646702	NaN	NaN	NaN	NaN	NaN	NaN
1580272655035	NaN	NaN	NaN	NaN	NaN	NaN
1580272663369	NaN	NaN	NaN	NaN	NaN	NaN
1580272671702	NaN	NaN	NaN	NaN	NaN	NaN
1580272680034	NaN	NaN	NaN	NaN	NaN	NaN
1580272688368	NaN	NaN	1258.57	985.23	NaN	3.9475
1580272696701	NaN	NaN	1282.18	1002.09	NaN	4.0027
1580272705035	1287.09	962.24	1278.61	863.51	3.9098	4.2138
1580272713368	1281.76	911.74	1282.48	799.08	3.9943	4.3586
1580272721701	1288.81	841.94	1271.86	817.41	4.1263	4.3710
1580272730034	1284.03	832.26	1275.62	802.45	4.1736	4.3839
1580272738368	1278.18	840.74	1281.62	796.16	4.1546	4.3952
1580272746701	1273.61	827.56	1279.17	805.80	4.1605	4.3902
1580272755034	1273.75	839.18	1276.22	798.20	4.1715	4.3908
1580272763368	1274.34	825.93	1277.66	782.00	4.1711	4.4028
1580272771705	1277.25	822.15	1268.33	791.06	4.1654	4.4191
1580272780039	1267.04	818.92	1277.89	797.71	4.1895	4.4322
1580272788372	1266.84	829.16	1277.61	783.91	4.1857	4.4220
1580272796706	1274.23	814.31	1273.84	786.97	4.1857	4.4289
1580272805039	1277.34	821.02	1271.99	792.60	4.1927	4.4140
1580272813372	1277.16	819.88	1275.82	798.30	4.1984	4.4229
1580272821705	1274.62	816.96	1272.95	795.99	4.1879	4.4295
1580272830039	1268.76	821.18	1276.88	792.65	4.1972	4.4298
1580272838371	1268.91	815.14	1274.84	793.21	4.1932	4.4408
1580272846704	1274.45	818.27	1277.48	798.70	4.1913	4.4388
1580272855037	1272.64	824.79	1278.71	791.74	4.1888	4.4288
1580272863373	1272.84	816.65	1279.09	785.52	4.2023	4.4193
1580272871706	1273.79	825.87	1280.09	784.29	4.2006	4.4381
1580272880040	1273.84	810.65	1272.23	787.17	4.1882	4.4171
1580272888373	1271.04	820.40	1278.14	790.87	4.1942	4.4356
1580272896706	1265.20	809.30	1285.15	788.27	4.1959	4.4400
1580272905046	1269.91	822.11	1279.16	793.23	4.1998	4.4480
1580272913378	1274.35	819.31	1284.38	785.90	4.2209	4.4333
1580272921711	1269.31	821.57	1276.25	793.35	4.2125	4.4387
1580272930044	1275.94	819.22	1272.70	794.75	4.2116	4.4464
1580272938378	1280.80	824.44	1278.36	795.94	4.2148	4.4468
1580272946711	1272.53	820.24	1279.77	788.28	4.2140	4.4432
1580272955045	1273.72	807.98	1279.31	791.49	4.2158	4.4530
1580272963379	1274.31	823.47	1278.83	791.16	4.2181	4.4496
1580272971711	1280.63	817.52	1275.52	792.46	4.2214	4.4416
1580272980045	1278.19	819.82	1270.44	799.86	4.2179	4.4600
1580272988378	1277.98	824.11	1283.32	795.96	4.2252	4.4329
1580272996711	1272.66	811.59	1284.36	786.06	4.2327	4.4550
1580273005045	1276.86	824.23	1275.19	786.23	4.2252	4.4397
1580273013377	1279.07	814.07	1283.52	797.09	4.2323	4.4590
1580273021711	1289.66	827.08	1271.28	793.22	4.2223	4.4502
1580273030045	1278.11	813.74	1285.50	798.72	4.2258	4.4625
1580273038382	1274.51	896.78	1282.69	873.40	4.2367	4.4699
1580273046715	1285.36	1065.17	1299.64	1021.59	4.2806	4.5085
1580273055048	1308.43	1215.67	1324.77	1178.82	4.2930	4.5152
1580273063381	1382.09	1347.26	1378.11	1307.07	4.2809	4.4909
1580273071714	1365.26	1465.05	1367.06	1442.80	4.2703	4.4646
1580273080048	1392.74	1530.52	1392.29	1525.71	4.2687	4.4554
1580273088381	1390.52	1570.06	1385.71	1574.69	4.2666	4.4488
1580273096714	1405.35	1574.03	1389.55	1576.87	4.2617	4.4529
1580273105048	1397.89	1552.66	1382.06	1552.71	4.2721	4.4693
1580273113381	1396.07	1571.96	1386.19	1559.39	4.2708	4.4590
1580273121714	1401.13	1571.88	1385.76	1557.47	4.2627	4.4598
1580273130048	1404.73	1568.42	1384.93	1557.47	4.2571	4.4421
1580273138379	1399.24	1568.60	1385.02	1563.04	4.2553	4.4633
1580273146713	1400.74	1569.92	1391.97	1564.51	4.2601	4.4512
1580273155047	1404.76	1570.97	1394.83	1562.90	4.2654	4.4462
1580273163380	1397.91	1568.17	1392.39	1564.54	4.2603	4.4352
1580273171719	1402.44	1566.20	1393.76	1560.56	4.2629	4.4534
1580273180052	1399.46	1563.20	1389.54	1564.51	4.2692	4.4572
1580273188386	1402.91	1565.50	1393.75	1567.67	4.2467	4.4491
1580273196718	1402.77	1573.60	1387.24	1568.78	4.2398	4.4376
1580273205053	1396.10	1570.01	1397.70	1566.74	4.2494	4.4368
1580273213385	1401.17	1574.95	1401.97	1569.05	4.2471	4.4269
1580273221718	1397.19	1568.21	1400.13	1564.66	4.2532	4.4155
1580273230051	1402.85	1575.37	1398.47	1567.56	4.2437	4.4347
1580273238385	1399.77	1574.55	1400.41	1565.15	4.2384	4.4262
1580273246718	1402.18	1564.23	1391.45	1567.15	4.2392	4.4107
1580273255051	1396.35	1564.33	1395.56	1562.67	4.2346	4.4213
1580273263384	1395.77	1567.61	1402.31	1569.92	4.2479	4.4283
1580273271718	1400.88	1574.08	1398.59	1569.77	4.2275	4.4219
1580273280051	1380.57	1573.27	1392.06	1568.01	4.2345	4.4126
1580273288384	1478.49	1597.48	1494.38	1600.11	4.2399	4.4111
1580273296719	1671.42	1604.17	1665.08	1624.99	4.2635	4.4298
1580273305052	1801.79	1580.94	1776.88	1608.75	4.1914	4.3707
1580273313386	1897.43	1567.57	1878.39	1622.54	4.1698	4.3254
1580273321719	1933.65	1578.29	1917.94	1632.06	4.1662	4.3336
1580273330044	1876.06	1565.28	1886.15	1633.60	4.1611	4.3565
1580273338386	1892.32	1582.42	1893.28	1636.83	4.1607	4.3479
1580273346710	1911.81	1576.84	1898.24	1629.79	4.1370	4.3532
1580273355044	1898.32	1575.15	1900.31	1626.86	4.1508	4.3410
1580273363377	1902.60	1575.79	1890.84	1630.50	4.1379	4.3357
1580273371711	1895.78	1574.37	1888.97	1639.61	4.1283	4.3267
1580273380044	1896.15	1589.66	1903.01	1626.98	4.1168	4.3309
1580273388378	1914.15	1570.34	1908.54	1632.89	4.1345	4.3215
1580273396712	1897.27	1567.12	1886.62	1626.09	4.1263	4.3257
1580273405045	1907.62	1580.13	1896.34	1632.11	4.1201	4.3230
1580273413378	1899.05	1578.48	1894.32	1635.80	4.1026	4.3185
1580273421712	1911.21	1580.57	1899.61	1638.60	4.1095	4.3107
1580273430051	1902.18	1582.67	1904.19	1638.78	4.1147	4.3088
1580273438383	1911.23	1582.94	1899.02	1639.79	4.0891	4.3128
1580273446717	1880.61	1596.18	1893.41	1643.47	4.0836	4.3141
1580273455050	1901.10	1565.39	1899.92	1633.89	4.1149	4.3065
1580273463383	1908.91	1583.70	1895.45	1642.48	4.0952	4.3016
1580273471717	1907.44	1575.39	1896.61	1637.81	4.1079	4.3038
1580273480050	1872.99	1564.19	1871.05	1623.69	4.0957	4.2971
1580273488383	1887.11	1568.41	1868.94	1624.01	4.0934	4.2941
1580273496716	1888.81	1563.23	1873.74	1622.90	4.0945	4.3136
1580273505050	1876.42	1568.03	1892.36	1625.44	4.0791	4.2839
1580273513382	1878.20	1571.81	1877.76	1629.30	4.0750	4.2883
1580273521716	1875.06	1567.88	1873.32	1623.59	4.0818	4.2959
1580273530049	1893.98	1572.18	1878.11	1626.66	4.0728	4.3024
1580273538382	1880.26	1563.11	1874.90	1618.78	4.0887	4.2930
1580273546715	1878.77	1571.02	1872.64	1626.87	4.0549	4.3020
1580273555049	1887.72	1554.91	1870.27	1628.66	4.0689	4.2840
1580273563388	1867.85	1560.43	1873.58	1621.70	4.0736	4.2861
1580273571721	1878.55	1565.44	1875.44	1626.12	4.0692	4.2879
1580273580055	1872.01	1558.72	1880.96	1625.09	4.0800	4.2743
1580273588388	1879.93	1587.36	1875.01	1626.36	4.0323	4.2769
1580273596722	1886.71	1565.61	1872.38	1628.80	4.0623	4.2754
1580273605055	1887.67	1572.84	1876.17	1636.84	4.0597	4.2691
1580273613388	1872.87	1571.37	1872.98	1640.99	4.0558	4.2552
1580273621721	1897.77	1580.18	1873.87	1639.06	4.0500	4.2583
1580273630055	1881.54	1603.53	1864.95	1643.30	3.9766	4.2413
1580273638387	1884.22	1574.39	1880.62	1639.62	4.0427	4.2434
1580273646720	1899.42	1579.98	1870.77	1644.53	4.0167	4.2207
1580273655054	1868.75	1575.72	1867.03	1639.01	4.0228	4.2110
1580273663387	1891.65	1565.89	1866.85	1641.43	3.9975	4.2041
1580273671720	1886.84	1568.42	1873.96	1645.61	4.0026	4.1985
1580273680054	1885.78	1569.42	1879.90	1643.41	3.9979	4.1851
1580273688387	1888.44	1579.83	1875.94	1646.62	3.9753	4.1909
1580273696726	1897.16	1569.67	1874.71	1643.91	3.9973	4.1921
1580273705059	1893.14	1576.25	1876.49	1650.86	3.9611	4.1690
1580273713392	1894.34	1591.07	1873.93	1637.96	3.9562	4.1739
1580273721725	1792.95	1598.50	1795.85	1659.19	3.9657	4.1714
1580273730059	1575.14	1638.25	1627.87	1685.74	4.0088	4.2025
1580273738392	1455.79	1623.94	1520.59	1675.79	3.9851	4.1997
1580273746724	1366.87	1619.82	1395.76	1660.53	3.9630	4.2145
1580273755058	1268.98	1645.72	1277.63	1672.54	3.9389	4.2247
1580273763391	1284.40	1655.98	1285.75	1668.50	3.9440	4.2253
1580273771724	1307.35	1648.66	1288.21	1646.23	3.9471	4.1474
1580273780058	1279.81	1639.87	1287.61	1668.90	3.9355	4.2141
1580273788391	1289.11	1636.81	1286.32	1665.66	3.9458	4.2221
1580273796724	1285.80	1646.29	1280.52	1671.48	3.9397	4.2131
1580273805059	1290.11	1640.50	1287.54	1665.22	3.9103	4.2001
1580273813392	1285.35	1640.42	1279.33	1670.83	3.9333	4.2047
1580273821727	1292.58	1641.62	1283.31	1666.71	3.9322	4.1985
1580273830061	1292.63	1644.63	1277.26	1665.00	3.9144	4.1968
1580273838393	1278.63	1641.96	1268.46	1667.81	3.9093	4.1930
1580273846727	1281.05	1637.54	1273.36	1669.47	3.9180	4.1996
1580273855060	1283.73	1640.78	1279.90	1661.96	3.9167	4.1901
1580273863401	1290.49	1638.65	1275.76	1661.71	3.9005	4.2009
1580273871735	1290.36	1644.98	1273.88	1663.74	3.9041	4.1879
1580273880068	1283.49	1641.38	1279.64	1663.38	3.8899	4.1906
1580273888401	1285.63	1638.30	1279.80	1666.12	3.9075	4.2047
1580273896734	1278.35	1643.33	1274.97	1667.21	3.9085	4.1843
1580273905067	1283.46	1635.72	1275.92	1660.42	3.8938	4.1867
1580273913400	1291.30	1642.55	1272.34	1660.57	3.8988	4.1878
1580273921734	1301.16	1635.62	1273.74	1659.47	3.9228	4.1991
1580273930067	1279.48	1641.73	1273.47	1658.79	3.9068	4.1869
1580273938400	1292.46	1637.08	1272.72	1660.04	3.9195	4.1979
1580273946734	1289.90	1637.30	1270.85	1657.43	3.9226	4.1978
1580273955072	1283.10	1640.49	1266.56	1656.37	3.8951	4.1884
1580273963405	1288.04	1641.96	1262.85	1667.76	3.9041	4.1822
1580273971738	1283.81	1638.10	1258.90	1660.37	3.9319	4.2009
1580273980071	1278.34	1636.77	1268.55	1661.62	3.9009	4.1984
1580273988402	1248.34	1598.63	1240.94	1609.89	3.8934	4.2043
1580273996736	1254.56	1569.71	1243.84	1586.23	3.9055	4.1901
1580274005072	1273.04	1577.81	1242.31	1587.59	3.9211	4.1840
1580274013405	1270.27	1572.86	1243.30	1593.45	3.9454	4.2075
1580274021737	1280.61	1577.96	1239.72	1588.98	3.9407	4.2114
1580274030070	1267.74	1574.23	1244.39	1589.42	3.9305	4.2008
1580274038405	1268.15	1582.08	1239.33	1593.32	3.9415	4.2083
1580274046738	1268.80	1589.83	1234.91	1589.91	3.9426	4.2102
1580274055071	1261.91	1578.32	1237.34	1593.02	3.9484	4.2100
1580274063404	1270.72	1588.58	1247.74	1596.30	3.9374	4.2211
1580274071738	1272.58	1575.44	1241.47	1596.15	3.9641	4.2174
1580274080071	1266.98	1582.02	1248.52	1592.19	3.9501	4.2171
1580274088410	1280.18	1574.25	1239.89	1596.11	3.9720	4.2267
1580274096744	1268.01	1580.20	1247.07	1594.59	3.9686	4.2137
1580274105077	1266.18	1580.59	1247.39	1590.95	3.9707	4.2138
1580274113410	1273.15	1571.90	1243.62	1597.26	3.9712	4.2183
1580274121743	1266.32	1578.70	1247.09	1592.53	3.9785	4.2300
1580274130076	1267.41	1577.07	1241.69	1600.48	3.9773	4.2301
1580274138409	1279.54	1584.08	1240.06	1587.38	3.9984	4.2284
1580274146734	1260.22	1583.55	1237.72	1597.69	3.9832	4.2288
1580274155067	1271.26	1583.81	1243.73	1596.37	3.9940	4.2355
1580274163401	1264.10	1582.07	1239.55	1599.55	4.0030	4.2502
1580274171734	1263.60	1589.43	1237.50	1593.50	4.0110	4.2517
1580274180068	1266.00	1583.28	1245.73	1592.36	4.0036	4.2595
1580274188402	1270.53	1583.72	1235.86	1592.47	4.0147	4.2509
1580274196734	1269.11	1580.52	1232.60	1600.26	3.9784	4.2579
1580274205067	1264.04	1581.34	1240.78	1593.53	4.0266	4.2514
1580274213401	1272.62	1584.34	1236.68	1587.57	4.0187	4.2656
1580274221738	1271.12	1574.02	1244.61	1597.54	4.0461	4.2657
1580274230071	1264.19	1583.21	1247.43	1597.25	4.0455	4.2648
1580274238405	1260.63	1573.29	1244.40	1599.24	4.0552	4.2737
1580274246738	1265.49	1586.98	1236.64	1596.97	4.0609	4.2659
1580274255071	1269.24	1577.06	1236.46	1592.50	4.0535	4.2753
1580274263405	1259.76	1590.73	1234.42	1593.95	4.0443	4.2849
1580274271737	1257.86	1585.83	1247.22	1585.64	4.0512	4.2853
1580274280070	1260.46	1578.46	1247.22	1589.42	4.0702	4.2939
1580274288404	1262.43	1578.58	1245.57	1593.31	4.0629	4.2940
1580274296737	1272.89	1580.35	1238.00	1589.71	4.0670	4.3023
1580274305070	1264.49	1581.57	1237.82	1592.59	4.0816	4.3079
1580274313404	1269.97	1593.72	1244.32	1596.11	4.0951	4.3042
1580274321737	1257.53	1586.08	1242.12	1588.74	4.0968	4.3135
1580274330070	1254.79	1597.70	1233.70	1600.08	4.0838	4.3124
1580274338404	1231.62	1622.09	1213.46	1616.87	4.0750	4.3187
1580274346740	1236.70	1600.67	1216.08	1607.61	4.0829	4.3295
1580274355073	1229.50	1610.69	1215.52	1612.78	4.0931	4.3385
1580274363407	1223.52	1607.87	1225.66	1609.79	4.0951	4.3302
1580274371740	1214.55	1600.41	1221.71	1607.63	4.0935	4.3435
1580274380073	1221.11	1610.84	1224.99	1608.62	4.0957	4.3454
1580274388407	1225.82	1607.76	1221.35	1606.06	4.1048	4.3440
1580274396740	1232.84	1598.43	1224.90	1614.67	4.1079	4.3350
1580274405073	1239.66	1600.85	1219.78	1609.53	4.1062	4.3463
1580274413407	1227.46	1608.00	1223.35	1616.08	4.0981	4.3414
1580274421740	1234.19	1598.21	1215.60	1613.19	4.1125	4.3448
1580274430072	1221.12	1609.67	1221.28	1613.88	4.1061	4.3646
1580274438406	1235.10	1600.36	1224.37	1620.67	4.1135	4.3430
1580274446739	1230.57	1600.63	1217.77	1621.95	4.1151	4.3632
1580274455072	1218.55	1594.54	1223.05	1619.39	4.1268	4.3593
1580274463406	1222.55	1605.92	1221.07	1613.71	4.1199	4.3365
1580274471739	1228.93	1611.87	1219.10	1617.59	4.1308	4.3569
1580274480078	1225.79	1610.78	1218.20	1625.25	4.1112	4.3628
1580274488412	1231.32	1603.85	1209.56	1619.76	4.1299	4.3674
1580274496745	1225.45	1611.97	1222.81	1621.75	4.1199	4.3601
1580274505077	1232.79	1609.02	1218.85	1616.29	4.1249	4.3621
1580274513411	1229.05	1597.54	1222.29	1626.39	4.1198	4.3601
1580274521744	1248.15	1602.61	1234.12	1619.63	4.1398	4.3792
1580274530077	1253.05	1600.98	1217.42	1612.86	4.1513	4.3663
1580274538410	1248.46	1596.56	1237.20	1614.22	4.1399	4.3664
1580274546744	1246.47	1603.94	1239.05	1618.25	4.1328	4.3679
1580274555077	1235.38	1601.05	1227.64	1618.93	4.1446	4.3669
1580274563409	1232.23	1609.07	1231.91	1617.01	4.1481	4.3768
1580274571743	1239.05	1590.03	1232.17	1620.97	4.1561	4.3650
1580274580076	1248.35	1594.64	1228.63	1617.01	4.1609	4.3730
1580274588410	1236.19	1607.24	1237.82	1623.21	4.1630	4.3829
1580274596742	1246.09	1596.56	1225.33	1619.13	4.1633	4.3868
1580274605076	1240.93	1642.47	1232.11	1616.66	4.0763	4.3802
1580274613415	1233.13	1600.98	1229.70	1618.80	4.1875	4.3873
1580274621747	1244.60	1605.70	1236.02	1617.65	4.1592	4.3836
1580274630081	1242.61	1612.21	1220.19	1618.61	4.1714	4.3895
1580274638413	1239.13	1602.55	1227.58	1617.80	4.1707	4.3829
1580274646748	1238.56	1608.10	1229.22	1618.22	4.1674	4.3817
1580274655079	1243.37	1598.18	1226.49	1621.85	4.1776	4.3883
1580274663413	1237.71	1603.01	1225.30	1619.08	4.1714	4.3836
1580274671747	1244.33	1609.37	1226.09	1621.89	4.1797	4.3837
1580274680080	1240.54	1611.40	1224.16	1626.26	4.1730	4.3843
1580274688413	1241.43	1613.97	1225.42	1615.69	4.1811	4.3835
1580274696747	1241.74	1615.40	1224.51	1622.61	4.1740	4.3797
1580274705080	1235.97	1606.99	1231.21	1625.51	4.1959	4.3854
1580274713413	1246.36	1612.42	1220.25	1628.39	4.1905	4.3922
1580274721747	1227.52	1600.50	1230.64	1627.52	4.1919	4.3842
1580274730079	NaN	NaN	1222.80	1623.45	NaN	4.3798
1580274738415	NaN	NaN	1227.01	1635.20	NaN	4.3901
1580274746749	1234.96	1647.19	1231.64	1623.31	4.1276	4.3961
1580274755082	1231.03	1615.39	1222.71	1627.86	4.1933	4.4072
1580274763415	1241.75	1615.79	1236.92	1630.65	4.1876	4.3897
1580274771749	1240.72	1609.95	1225.67	1621.83	4.1820	4.3923
1580274780081	1229.07	1606.64	1230.62	1627.47	4.1968	4.3928
1580274788414	1243.21	1600.55	1233.26	1632.62	4.1962	4.3919
1580274796748	1230.97	1604.62	1227.63	1625.36	4.1968	4.4017
1580274805080	1238.89	1605.70	1228.55	1628.36	4.2008	4.3998
1580274813422	1231.40	1606.99	1229.66	1631.86	4.1999	4.3914
1580274821755	1230.33	1632.44	1228.01	1629.26	4.1671	4.4038
1580274830089	1236.24	1621.51	1227.68	1626.66	4.1964	4.4099
1580274838422	1241.07	1623.65	1232.39	1632.53	4.2090	4.4032
1580274846755	1238.49	1627.47	1235.40	1625.62	4.2067	4.4006
1580274855088	1236.63	1616.46	1227.64	1634.07	4.2073	4.4217
1580274863422	1226.79	1610.91	1233.86	1629.55	4.2084	4.4074
1580274871761	1231.27	1609.89	1244.84	1625.59	4.2058	4.4135
1580274880094	1225.17	1626.59	1239.79	1642.02	4.2208	4.4245
1580274888427	1222.86	1613.46	1235.32	1630.74	4.1960	4.4192
1580274896760	1221.21	1609.97	1237.10	1629.61	4.2080	4.4201
1580274905093	1220.61	1616.65	1241.75	1634.91	4.2092	4.4159
1580274913427	1227.82	1628.79	1247.42	1633.75	4.2126	4.4118
1580274921760	1226.88	1619.85	1243.11	1635.93	4.2041	4.4184
1580274930093	1220.26	1619.30	1242.36	1641.64	4.2038	4.4218
1580274938427	1224.03	1631.83	1242.48	1635.39	4.2011	4.4226
1580274946760	1217.97	1636.40	1241.15	1637.12	4.2136	4.4244
1580274955093	1212.96	1630.42	1244.70	1638.18	4.2105	4.4243
1580274963426	1226.26	1625.66	1242.14	1641.38	4.2107	4.4221
1580274971759	1214.55	1618.94	1248.02	1645.97	4.2130	4.4276
1580274980092	1212.48	1632.07	1248.21	1641.26	4.2128	4.4338
1580274988426	1222.25	1621.74	1248.99	1642.10	4.2154	4.4239
1580274996759	1204.98	1623.95	1259.70	1649.39	4.2140	4.4133
1580275005097	1207.03	1621.93	1255.92	1644.37	4.2091	4.4392
1580275013431	1198.73	1629.78	1260.80	1639.83	4.2302	4.4281
1580275021764	1211.59	1622.85	1254.28	1639.46	4.2237	4.4417
1580275030096	1197.52	1638.25	1260.31	1642.12	4.2352	4.4458
1580275038430	1205.83	1620.61	1257.64	1636.49	4.2333	4.4556
1580275046763	1205.98	1627.85	1266.64	1644.61	4.2282	4.4507
1580275055096	1204.53	1629.23	1263.61	1639.83	4.2490	4.4633
1580275063430	1199.46	1625.38	1263.94	1642.50	4.2294	4.4546
1580275071763	1200.14	1626.87	1264.84	1637.89	4.2538	4.4475
1580275080096	1208.84	1638.61	1270.06	1641.44	4.2617	4.4515
1580275088430	1204.49	1636.43	1271.78	1641.07	4.2527	4.4506
1580275096763	1200.98	1638.92	1275.27	1642.24	4.2540	4.4543
1580275105095	1196.02	1630.26	1277.18	1641.44	4.2494	4.4669
1580275113429	1200.31	1618.12	1274.04	1635.85	4.2703	4.4662
1580275121762	1196.84	1637.25	1279.82	1647.46	4.2644	4.4734
1580275130095	1201.51	1618.99	1276.33	1641.17	4.2689	4.4731
1580275138433	1190.90	1644.15	1271.76	1643.79	4.2688	4.4798
1580275146766	1191.60	1630.05	1277.62	1646.86	4.2774	4.4771
1580275155099	1195.32	1622.65	1270.34	1646.59	4.2790	4.4727
1580275163433	1195.73	1635.84	1277.35	1641.41	4.2835	4.4781
1580275171766	1200.50	1637.15	1299.83	1646.60	4.2885	4.4753
1580275180098	1250.94	1615.14	1339.12	1629.33	4.3067	4.4841
1580275188432	1260.80	1605.26	1353.52	1621.45	4.3126	4.4861
1580275196765	1230.94	1615.33	1341.98	1629.06	4.3230	4.4934
1580275205098	1241.19	1597.91	1335.23	1623.60	4.3251	4.4936
1580275213432	1236.99	1605.27	1350.57	1620.71	4.3248	4.5025
1580275221765	1227.41	1605.58	1340.29	1617.49	4.3207	4.4975
1580275230098	1251.71	1606.41	1351.03	1610.38	4.3499	4.5024
1580275238432	1227.35	1603.44	1338.95	1617.22	4.3444	4.5066
1580275246765	1250.08	1596.50	1345.13	1611.10	4.3560	4.5193
1580275255097	1232.61	1598.21	1341.14	1610.28	4.3489	4.5056
1580275263435	1228.29	1595.71	1350.21	1607.99	4.3633	4.5154
1580275271768	1239.01	1596.36	1347.60	1617.10	4.3635	4.5244
1580275280101	1236.73	1587.13	1340.70	1614.75	4.3758	4.5136
1580275288435	1237.01	1592.02	1348.47	1618.27	4.3883	4.5273
1580275296768	1234.97	1595.04	1348.19	1616.51	4.3691	4.5434
1580275305101	1245.47	1603.46	1360.46	1607.16	4.3857	4.5252
1580275313435	1242.42	1590.19	1356.12	1606.87	4.3924	4.5371
1580275321768	1238.87	1583.68	1346.23	1617.13	4.3810	4.5337
1580275330101	1245.00	1596.92	1344.19	1608.16	4.3994	4.5429
1580275338434	1247.97	1605.25	1358.74	1605.12	4.3969	4.5510
1580275346767	1235.90	1580.70	1344.28	1612.47	4.4020	4.5507
1580275355100	1244.10	1587.38	1348.52	1615.99	4.3994	4.5559
1580275363433	1248.98	1607.23	1353.06	1603.36	4.4173	4.5603
1580275371767	1238.48	1579.65	1340.21	1609.57	4.3980	4.5460
1580275380100	1237.41	1592.13	1343.27	1605.24	4.4199	4.5553
1580275388433	1240.30	1594.68	1357.27	1606.76	4.4109	4.5568
1580275396776	1243.59	1585.99	1353.10	1611.66	4.4107	4.5622
1580275405109	1244.31	1600.57	1350.14	1609.50	4.4279	4.5550
1580275413441	1242.79	1586.19	1343.74	1610.92	4.4136	4.5594
1580275421775	1238.74	1600.24	1344.01	1611.84	4.4206	4.5725
1580275430108	1239.50	1584.91	1346.68	1614.32	4.4217	4.5620
1580275438441	1237.37	1599.74	1350.20	1607.61	4.4241	4.5613
1580275446775	1240.67	1586.45	1361.82	1604.74	4.4205	4.5600
1580275455108	1244.97	1599.10	1356.20	1605.64	4.4122	4.5700
1580275463441	1240.87	1591.89	1349.91	1608.88	4.4212	4.5548
1580275471775	1219.61	1601.58	1354.29	1603.29	4.3881	4.5676
1580275480108	1228.85	1595.86	1357.33	1612.98	4.4183	4.5672
1580275488440	1249.50	1594.82	1347.80	1614.86	4.4157	4.5644
1580275496774	1226.36	1590.76	1358.22	1611.55	4.4370	4.5589
1580275505107	1240.64	1580.75	1355.11	1609.53	4.4186	4.5738
1580275513440	1241.36	1592.13	1352.57	1605.76	4.4171	4.5720
1580275521774	1234.90	1598.03	1352.06	1601.33	4.4300	4.5621
1580275530108	1236.43	1595.25	1356.58	1600.33	4.4361	4.5652
1580275538441	1238.73	1597.21	1353.79	1605.95	4.4352	4.5713
1580275546775	1232.35	1582.50	1356.07	1606.77	4.4237	4.5691
1580275555108	1227.28	1578.93	1352.50	1612.67	4.4305	4.5771
1580275563440	1232.52	1581.92	1349.53	1606.22	4.4177	4.5781
1580275571774	1238.54	1587.43	1357.37	1599.05	4.4130	4.5615
1580275580107	1242.56	1600.11	1351.66	1606.01	4.4201	4.5607
1580275588440	1235.85	1595.23	1353.93	1615.18	4.4250	4.5730
1580275596774	1237.18	1576.85	1350.73	1610.13	4.4170	4.5791
1580275605107	1245.84	1585.39	1359.99	1595.65	4.4255	4.5686
1580275613440	1231.60	1596.89	1355.04	1601.18	4.4225	4.5851
1580275621774	1233.85	1599.54	1356.18	1602.40	4.4321	4.5707
1580275630107	1234.00	1594.88	1349.69	1599.53	4.4151	4.5698
1580275638439	1232.76	1587.81	1348.76	1605.81	4.4262	4.5752
1580275646773	1231.90	1584.53	1348.84	1612.46	4.4359	4.5750
1580275655109	1235.51	1595.88	1354.34	1604.17	4.4135	4.5762
1580275663442	1232.77	1591.06	1365.99	1598.55	4.4220	4.5914
1580275671776	1237.31	1582.99	1359.99	1612.60	4.4188	4.5768
1580275680109	1244.13	1592.53	1354.99	1612.85	4.4248	4.5810
1580275688442	1239.95	1597.67	1352.27	1610.98	4.4323	4.5934
1580275696776	1234.51	1589.23	1366.85	1615.26	4.4225	4.5973
1580275705109	1256.66	1580.68	1379.21	1601.89	4.4210	4.5912
1580275713441	1287.96	1591.52	1394.49	1606.51	4.4379	4.5787
1580275721775	1271.43	1573.87	1397.24	1593.82	4.4362	4.5827
1580275730108	1263.79	1580.89	1398.65	1609.86	4.4263	4.5997
1580275738441	NaN	NaN	1389.26	1600.69	NaN	4.6033
1580275746775	1258.83	1574.59	1387.00	1602.44	4.4300	4.5974
1580275755108	1264.54	1587.87	1376.61	1603.42	4.4369	4.6012
1580275763441	1259.30	1576.87	1377.09	1611.08	4.4348	4.5984
1580275771775	1262.43	1585.14	1378.66	1599.96	4.4432	4.5993
1580275780108	1259.48	1587.44	1378.99	1599.66	4.4374	4.6029
1580275788447	1260.92	1596.00	NaN	NaN	4.4247	NaN
1580275796781	1266.45	1577.24	1378.49	1592.76	4.4482	4.6102
1580275805114	1269.64	1596.01	1379.51	1610.85	4.4521	4.6071
1580275813447	1272.53	1571.65	1380.40	1601.14	4.4441	4.6102
1580275821781	1267.01	1589.89	1384.05	1596.33	4.4258	4.6093
1580275830114	1274.33	1573.10	1383.07	1598.15	4.4582	4.6093
1580275838447	NaN	NaN	1385.86	1604.04	NaN	4.6053
1580275846781	1267.59	1592.43	NaN	NaN	4.4606	NaN
1580275855114	1266.89	1592.97	1382.62	1600.08	4.4787	4.6136
1580275863446	1264.47	1583.75	1384.44	1604.70	4.4518	4.6136
1580275871780	1259.72	1578.93	1385.17	1597.65	4.4542	4.6055
1580275880113	1267.89	1575.58	1380.99	1606.71	4.4548	4.6185
1580275888446	1264.87	1594.39	1385.05	1603.28	4.4608	4.6201
1580275896779	1264.71	1586.53	1388.19	1619.84	4.4706	4.5894
1580275905113	1264.98	1575.95	1375.80	1607.34	4.4637	4.6338
1580275913446	1274.39	1583.58	1384.36	1603.49	4.4530	4.6253
1580275921784	1280.76	1573.96	1384.59	1614.67	4.4641	4.6209
1580275930118	1267.93	1592.21	1384.25	1620.45	4.4632	4.6239
1580275938450	1265.58	1585.71	1381.05	1608.56	4.4633	4.6208
1580275946783	NaN	NaN	1388.68	1608.40	NaN	4.6253
1580275955117	NaN	NaN	1385.10	1609.21	NaN	4.6212
1580275963450	1276.88	1593.69	1389.37	1617.98	4.4746	4.6240
1580275971783	1263.79	1583.43	1379.07	1603.66	4.4699	4.6345
1580275980117	1284.12	1572.79	1390.04	1613.80	4.4661	4.6265
1580275988450	1268.38	1589.62	1383.05	1601.93	4.4740	4.6341
1580275996784	1280.05	1573.27	NaN	NaN	4.4763	NaN
1580276005117	1269.37	1589.15	1385.56	1601.35	4.4718	4.6291
1580276013449	1278.60	1573.27	1382.92	1614.00	4.4774	4.6312
1580276021783	1276.78	1564.05	1381.92	1607.02	4.4734	4.6316
1580276030114	1262.85	1567.54	1382.08	1603.35	4.4803	4.6332
1580276038449	1269.57	1573.03	1386.85	1608.48	4.4712	4.6408
1580276046782	1275.31	1575.76	1384.15	1603.94	4.4773	4.6269
1580276055120	NaN	NaN	1384.09	1615.88	NaN	4.6329
1580276063453	1282.47	1566.27	1385.56	1614.02	4.4968	4.6267
1580276071787	1278.91	1592.60	1383.07	1609.93	4.4934	4.6435
1580276080120	1276.47	1571.63	1379.56	1604.23	4.4967	4.6576
1580276088450	NaN	NaN	1385.13	1618.50	NaN	4.6408
1580276096786	1280.48	1582.02	1387.07	1615.52	4.4857	4.6478
1580276105119	1283.58	1576.01	1383.22	1605.99	4.4975	4.6393
1580276113452	1281.12	1575.57	1386.18	1621.79	4.5078	4.6330
1580276121785	1274.99	1579.72	1386.04	1615.44	4.4994	4.6488
1580276130119	1267.91	1582.01	1391.41	1616.27	4.5194	4.6343
1580276138452	1262.74	1566.45	1384.38	1613.19	4.5200	4.6415
1580276146783	1257.86	1583.78	1387.00	1617.41	4.5169	4.6608
1580276155119	1262.17	1569.72	1388.68	1605.94	4.5330	4.6493
1580276163452	1263.26	1588.27	1388.80	1615.79	4.5207	4.6551
1580276171784	1273.86	1579.38	1386.78	1617.31	4.5214	4.6431
1580276180122	1277.79	1577.02	1392.16	1615.06	4.5168	4.6521
1580276188455	1272.91	1565.86	1392.26	1605.37	4.5363	4.6599
1580276196788	1264.05	1588.12	1386.54	1614.34	4.5255	4.6603
1580276205122	1269.09	1585.63	1391.21	1619.85	4.5304	4.6517
1580276213455	1261.97	1590.25	1393.83	1610.36	4.5430	4.6559
1580276221788	1271.00	1576.69	1391.38	1607.50	4.5365	4.6671
1580276230122	1263.20	1565.23	1388.63	1616.98	4.5333	4.6715
1580276238455	1263.08	1570.73	1391.98	1625.64	4.5457	4.6746
1580276246787	1265.39	1584.33	1398.35	1615.95	4.5488	4.6597
1580276255121	1267.01	1584.26	1391.94	1609.73	4.5351	4.6719
1580276263454	1263.64	1573.48	1393.77	1626.22	4.5480	4.6705
1580276271787	1266.85	1588.93	1389.55	1625.04	4.5550	4.6726
1580276280121	1265.52	1569.07	1388.38	1609.46	4.5427	4.6684
1580276288454	NaN	NaN	1391.92	1613.85	NaN	4.6725
1580276296787	1272.79	1574.21	1394.60	1612.52	4.5403	4.6692
1580276305121	1282.45	1571.50	1390.61	1612.61	4.5404	4.6689
1580276313460	1274.47	1570.83	1389.81	1607.42	4.5580	4.6752
1580276321792	1271.16	1586.47	1392.02	1628.40	4.5562	4.6694
1580276330126	1265.55	1576.78	1394.38	1609.18	4.5538	4.6660
1580276338459	1264.11	1570.49	1391.13	1622.67	4.5384	4.6715
1580276346792	1256.38	1588.83	1394.31	1621.52	4.5556	4.6758
1580276355126	1263.54	1583.94	1392.90	1607.59	4.5545	4.6833
1580276363459	1256.23	1579.65	1391.61	1621.28	4.5282	4.6835
1580276371792	1258.92	1572.61	1393.16	1624.47	4.5568	4.6785
1580276380126	1261.43	1591.14	NaN	NaN	4.5487	NaN
1580276388459	1261.83	1589.63	1390.33	1611.49	4.5475	4.6770
1580276396791	1260.50	1571.71	1391.69	1611.19	4.5601	4.6814
1580276405125	1259.75	1571.22	1392.14	1617.62	4.5460	4.6809
1580276413458	1260.06	1565.99	1392.48	1618.62	4.5409	4.6803
1580276421791	1264.92	1570.83	1403.50	1622.15	4.5540	4.6817
1580276430125	1267.79	1572.81	1392.09	1611.63	4.5463	4.6797
1580276438458	1266.87	1591.37	1391.67	1616.32	4.5459	4.6826
1580276446796	1267.86	1582.98	1397.19	1626.44	4.5553	4.6765
1580276455129	1267.08	1566.18	1397.28	1613.45	4.5468	4.6805
1580276463463	1279.90	1586.50	1395.86	1623.22	4.5466	4.6691
1580276471795	1265.07	1582.61	1390.39	1630.99	4.5461	4.6828
1580276480128	1270.80	1576.09	1395.83	1617.11	4.5403	4.6726
1580276488462	1267.79	1580.30	1395.23	1619.84	4.5515	4.6684
1580276496795	1274.13	1580.10	1399.47	1614.52	4.5407	4.6705
1580276505128	1274.19	1590.61	1398.44	1620.77	4.5385	4.6853
1580276513462	1277.57	1579.16	1397.48	1619.24	4.5286	4.6697
1580276521795	1278.30	1575.25	1402.01	1607.68	4.5432	4.6847
1580276530128	1278.08	1591.86	1403.71	1627.37	4.5375	4.6667
1580276538462	1279.51	1573.61	1397.69	1613.93	4.5280	4.6813
1580276546794	1274.89	1583.20	1396.54	1626.80	4.5345	4.6717
1580276555127	1279.20	1583.05	1393.30	1610.33	4.5355	4.6773
1580276563461	NaN	NaN	1390.26	1624.31	NaN	4.6733
1580276571794	1274.31	1577.42	1392.07	1623.86	4.5282	4.6621
1580276580131	1274.24	1587.14	1387.56	1614.89	4.5104	4.6631
1580276588465	1278.52	1571.74	1386.99	1612.02	4.5146	4.6699
1580276596798	1274.64	1574.48	1401.02	1620.43	4.5082	4.6648
1580276605131	1278.59	1587.09	1394.13	1634.67	4.5160	4.6721
1580276613465	1278.75	1585.48	1389.20	1616.08	4.5071	4.6569
1580276621797	1275.48	1567.54	1393.62	1624.78	4.5166	4.6699
1580276630130	1279.56	1591.87	1385.81	1616.49	4.5079	4.6546
1580276638462	1271.18	1569.41	1382.01	1618.09	4.5151	4.6648
1580276646795	1271.40	1589.18	1380.33	1629.91	4.4977	4.6557
1580276655130	1271.29	1571.42	1388.53	1631.18	4.4991	4.6586
1580276663464	1266.53	1573.07	1388.63	1625.18	4.5082	4.6658
1580276671795	1269.04	1571.81	1397.02	1628.04	4.5043	4.6595
1580276680128	1278.44	1579.63	1397.44	1622.94	4.4977	4.6616
1580276688462	1279.88	1588.72	1396.53	1617.54	4.5042	4.6636
1580276696794	NaN	NaN	1394.28	1619.08	NaN	4.6640
1580276705131	1276.93	1573.99	1404.88	1634.19	4.4919	4.6544
1580276713465	1276.99	1587.64	1400.61	1621.02	4.4840	4.6580
1580276721800	1272.43	1565.48	1396.69	1616.26	4.4976	4.6584
1580276730131	1262.05	1570.81	NaN	NaN	4.4959	NaN
1580276738465	1272.86	1582.64	1388.32	1626.66	4.4977	4.6625
1580276746798	1282.51	1583.39	1387.21	1634.95	4.4910	4.6510
1580276755131	1279.76	1587.75	1394.48	1623.59	4.4863	4.6491
1580276763465	1275.33	1580.23	1401.73	1622.68	4.5059	4.6478
1580276771797	NaN	NaN	1388.73	1615.43	NaN	4.6415
1580276780130	1268.60	1571.69	NaN	NaN	4.4855	NaN
1580276788464	1271.30	1591.29	1384.96	1632.04	4.4848	4.6511
1580276796797	1277.74	1570.87	1389.04	1623.75	4.4802	4.6502
1580276805130	1276.62	1565.92	1379.46	1621.35	4.4823	4.6410
1580276813464	1272.06	1584.84	NaN	NaN	4.4797	NaN
1580276821799	1264.01	1583.67	1386.14	1631.11	4.4795	4.6389
1580276830132	NaN	NaN	NaN	NaN	NaN	NaN
1580276838470	1269.52	1570.41	1397.72	1640.58	4.4717	4.6517
1580276846802	1285.21	1567.49	1386.92	1660.47	4.4644	4.5965
1580276855135	1278.10	1565.57	1384.58	1634.09	4.4702	4.6330
1580276863469	1259.60	1562.17	1382.66	1626.89	4.4756	4.6479
1580276871802	1266.83	1578.27	1396.76	1619.62	4.4804	4.6444
1580276880135	1271.98	1585.94	1397.45	1626.70	4.4857	4.6310
1580276888469	1269.24	1576.20	1400.45	1641.17	4.4667	4.6503
1580276896802	1279.23	1568.23	1406.02	1621.39	4.4667	4.6416
1580276905135	1281.13	1588.30	1392.55	1629.82	4.4749	4.6318
1580276913469	1281.34	1580.03	1393.05	1630.85	4.4822	4.6387
1580276921801	1281.96	1568.33	1394.46	1615.14	4.4682	4.6283
1580276930134	1272.73	1569.42	1392.86	1622.62	4.4689	4.6358
1580276938468	1276.77	1576.55	1393.95	1628.52	4.4685	4.6276
1580276946801	1283.24	1571.58	1400.42	1626.86	4.4796	4.6252
1580276955134	1244.56	1567.24	1360.99	1623.68	4.4799	4.6314
1580276963468	NaN	NaN	1316.91	1637.01	NaN	4.6480
1580276971805	1160.22	1596.55	1306.79	1628.80	4.4631	4.6418
1580276980138	1151.55	1581.06	1291.30	1611.67	4.4530	4.6459
1580276988471	1162.03	1581.41	1291.55	1631.28	4.4670	4.6495
1580276996805	1171.65	1582.18	1282.39	1623.64	4.4646	4.6457
1580277005137	1177.33	1589.28	1291.03	1628.01	4.4572	4.6340
1580277013470	1176.90	1582.51	1295.32	1631.25	4.4517	4.6404
1580277021804	1175.49	1575.00	1299.46	1636.18	4.4606	4.6491
1580277030137	1172.82	1572.48	1301.15	1626.16	4.4686	4.6375
1580277038470	NaN	NaN	1298.52	1628.67	NaN	4.6469
1580277046804	1165.99	1592.63	1288.88	1635.44	4.4623	4.6336
1580277055137	1165.86	1588.65	1286.28	1630.76	4.4578	4.6363
1580277063471	1168.41	1576.62	1287.65	1620.95	4.4451	4.6373
1580277071804	1169.99	1590.99	1285.10	1634.73	4.4534	4.6457
1580277080136	1165.73	1571.41	1294.18	1627.81	4.4580	4.6385
1580277088472	1171.90	1591.86	1288.97	1622.34	4.4444	4.6354
1580277096803	1176.12	1578.49	1292.91	1632.84	4.4552	4.6406
1580277105141	1161.16	1573.98	1287.99	1637.04	4.4506	4.6491
1580277113474	NaN	NaN	1291.89	1629.08	NaN	4.6435
1580277121810	1164.96	1583.33	1291.05	1631.49	4.4653	4.6337
1580277130143	1166.16	1573.60	1288.31	1631.99	4.4481	4.6317
1580277138476	1175.38	1577.52	1290.44	1622.55	4.4553	4.6409
1580277146810	1177.51	1619.12	1297.62	1632.39	4.3738	4.6444
1580277155142	NaN	NaN	1305.56	1626.16	NaN	4.6427
1580277163475	1183.87	1581.60	1307.39	1621.12	4.4589	4.6384
1580277171807	1179.99	1591.88	1306.67	1633.04	4.4599	4.6359
1580277180142	1169.81	1586.67	1301.89	1623.16	4.4550	4.6406
1580277188475	1170.86	1588.17	1304.97	1618.62	4.4600	4.6380
1580277196809	1165.54	1585.87	1299.22	1614.99	4.4645	4.6363
1580277205142	1165.70	1591.14	1296.99	1617.90	4.4714	4.6315
1580277213475	1168.53	1583.97	NaN	NaN	4.4699	NaN
1580277221809	NaN	NaN	1297.58	1630.91	NaN	4.6339
1580277230144	1165.48	1592.54	1302.87	1616.81	4.4630	4.6378
1580277238477	1181.43	1582.91	1304.04	1621.98	4.4657	4.6425
1580277246811	1175.77	1583.59	1304.64	1634.79	4.4768	4.6468
1580277255144	1188.49	1594.05	1296.20	1620.79	4.4682	4.6342
1580277263477	1178.21	1584.23	1295.39	1619.28	4.4662	4.6441
1580277271811	1165.20	1575.08	1293.11	1616.47	4.4732	4.6345
1580277280144	1158.84	1577.53	1293.29	1618.73	4.4784	4.6393
1580277288477	1156.77	1584.72	1297.57	1614.07	4.4793	4.6351
1580277296811	1161.07	1594.73	1297.25	1623.73	4.4818	4.6345
1580277305143	1165.17	1595.42	1301.75	1635.88	4.4430	4.6395
1580277313476	1159.00	1586.15	1293.77	1616.74	4.4914	4.6414
1580277321810	1166.61	1576.06	1292.89	1628.42	4.4806	4.6456
1580277330143	1170.34	1593.47	1295.37	1624.91	4.4812	4.6556
1580277338476	1174.23	1591.97	1296.84	1613.85	4.4755	4.6376
1580277346810	NaN	NaN	1298.74	1627.59	NaN	4.6465
1580277355143	1180.40	1575.54	1302.89	1626.55	4.4761	4.6427
1580277363482	1198.08	1583.34	1333.20	1622.06	4.4856	4.6485
1580277371816	1265.86	1584.53	1406.82	1613.54	4.4961	4.6431
1580277380148	1257.80	1582.82	1390.02	1620.62	4.5091	4.6441
1580277388481	1239.45	1569.09	1387.99	1623.03	4.5115	4.6488
1580277396815	1248.32	1578.69	1383.29	1610.64	4.4855	4.6437
1580277405148	1250.62	1590.47	1378.19	1613.70	4.4826	4.6411
1580277413481	1241.45	1589.89	1369.01	1624.21	4.5035	4.6452
1580277421815	1227.55	1575.38	1368.90	1618.08	4.5015	4.6405
1580277430146	1236.71	1576.75	1379.90	1615.29	4.5004	4.6546
1580277438479	1240.78	1570.55	1384.75	1610.90	4.5065	4.6469
1580277446815	1249.10	1570.77	1391.98	1612.44	4.4907	4.6624
1580277455147	NaN	NaN	NaN	NaN	NaN	NaN
1580277463480	1251.93	1591.88	1380.14	1622.11	4.5087	4.6596
1580277471814	1248.67	1591.46	1377.72	1618.28	4.5128	4.6514
1580277480147	1245.27	1578.34	1376.33	1601.00	4.5121	4.6536
1580277488480	1247.16	1576.10	1369.70	1606.81	4.4983	4.6586
1580277496813	1234.64	1575.22	1373.09	1616.23	4.5081	4.6468
1580277505149	1246.31	1583.31	1366.27	1611.39	4.4642	4.6038
1580277513482	1248.76	1493.26	1371.64	1535.72	4.4473	4.5620
1580277521815	NaN	NaN	NaN	NaN	NaN	NaN
1580277530148	NaN	NaN	NaN	NaN	NaN	NaN
1580277538481	NaN	NaN	NaN	NaN	NaN	NaN
1580277546814	NaN	NaN	NaN	NaN	NaN	NaN
1580277555148	NaN	NaN	NaN	NaN	NaN	NaN
1580277563481	NaN	NaN	NaN	NaN	NaN	NaN
1580277571814	NaN	NaN	NaN	NaN	NaN	NaN
1580277580147	NaN	NaN	1612.69	1747.73	NaN	1.8912
1580277588481	NaN	NaN	NaN	NaN	NaN	NaN
1580277596814	NaN	NaN	NaN	NaN	NaN	NaN
1580277605147	NaN	NaN	1358.73	1052.07	NaN	4.1118
1580277613480	1245.74	1019.14	1311.03	1008.10	4.1957	4.2817
1580277621821	1253.16	931.98	1301.21	907.06	4.3466	4.5084
1580277630152	1258.11	869.96	1306.17	847.21	4.4650	4.5908
1580277638485	1259.55	875.09	1303.81	858.24	4.4618	4.5889
1580277646820	1267.74	875.54	1301.90	855.30	4.4766	4.6083
1580277655153	1260.60	871.45	1293.06	855.71	4.4788	4.6253
1580277663487	1259.37	856.34	1294.42	855.02	4.4844	4.6305
1580277671820	1257.41	849.05	1290.79	860.42	4.4983	4.6263
1580277680152	1264.22	838.91	1290.75	866.47	4.4944	4.6242
1580277688486	1258.02	846.16	1301.25	850.60	4.5165	4.6367
1580277696820	1253.63	851.95	1304.42	836.85	4.5091	4.6374
1580277705153	1258.82	841.84	1307.06	854.75	4.5124	4.6466
1580277713486	1259.56	822.00	1295.13	855.89	4.5245	4.6376
1580277721817	1262.05	832.76	1297.52	851.63	4.5171	4.6581
1580277730153	1270.73	832.24	1291.07	838.08	4.5015	4.6467
1580277738486	1271.19	840.49	1292.46	832.26	4.5073	4.6564
1580277746819	1275.39	831.36	1290.89	831.39	4.5309	4.6398
1580277755158	1269.73	819.77	1297.38	836.78	4.5181	4.6502
1580277763491	1276.05	844.80	1298.51	857.92	4.5260	4.6416
1580277771824	1271.45	848.39	1299.52	851.33	4.5199	4.6510
1580277780158	1273.44	827.16	1299.71	832.75	4.5240	4.6414
1580277788491	1265.37	844.58	1296.26	840.66	4.5152	4.6428
1580277796824	1249.99	798.06	1281.73	817.60	4.5069	4.6479
1580277805158	1242.22	770.47	1278.90	795.02	4.5028	4.6291
1580277813491	1255.28	783.07	1280.07	804.85	4.4990	4.6510
1580277821824	1247.25	803.29	1281.45	805.67	4.4991	4.6182
1580277830156	1256.22	811.16	1279.96	799.73	4.4888	4.6225
1580277838489	1256.02	810.39	1281.56	788.01	4.4959	4.6229
1580277846823	1259.07	789.03	1278.01	795.38	4.4836	4.6246
1580277855157	1265.18	799.10	1279.20	801.40	4.4792	4.6309
1580277863490	1264.70	815.11	1279.38	806.33	4.4707	4.6079
1580277871823	1255.94	820.41	1275.37	791.00	4.4671	4.6277
1580277880157	1258.09	810.00	1280.77	788.56	4.4732	4.6127
1580277888494	1256.03	802.93	1279.15	790.58	4.4526	4.6082
1580277896828	1261.60	807.40	1281.44	795.48	4.4375	4.5961
1580277905161	1265.13	815.14	1275.69	804.49	4.4261	4.5919
1580277913493	1266.14	813.93	1278.36	804.96	4.4120	4.5902
1580277921827	1259.64	806.57	1280.43	800.10	4.3935	4.5883
1580277930160	1255.60	799.91	1285.61	788.74	4.3890	4.5816
1580277938494	1255.47	795.97	1284.06	783.26	4.3858	4.5715
1580277946827	1251.25	790.58	1285.88	788.73	4.3784	4.5713
1580277955161	1255.72	783.11	1283.85	780.40	4.3546	4.5507
1580277963494	1258.87	784.12	1284.24	785.87	4.3671	4.5535
1580277971827	1258.22	788.63	1278.91	789.13	4.3519	4.5418
1580277980160	1265.24	790.09	1284.33	800.79	4.3257	4.5381
1580277988493	1267.72	799.24	1281.13	801.69	4.3207	4.5004
1580277996826	1269.05	803.09	1283.06	796.30	4.3076	4.5052
1580278005159	1271.56	805.30	1279.17	802.45	4.3111	4.4977
1580278013492	1265.72	812.37	1277.89	805.80	4.2844	4.4864
1580278021830	1265.17	802.02	1280.24	794.72	4.2755	4.4606
1580278030164	1260.03	804.66	1280.29	803.31	4.2648	4.4581
1580278038497	1265.36	811.37	1278.53	796.69	4.2563	4.4511
1580278046830	1261.59	808.37	1283.24	800.99	4.2481	4.4408
1580278055163	1255.80	812.01	1280.68	800.04	4.2437	4.4156
1580278063495	1252.61	813.23	1283.35	801.40	4.2420	4.4135
1580278071829	1255.68	811.82	1291.75	804.57	4.2308	4.4274
1580278080162	1257.91	807.58	1293.48	791.55	4.2096	4.4017
1580278088496	1256.62	798.09	1293.61	789.86	4.2093	4.3962
1580278096829	1258.49	797.87	1287.66	777.76	4.1929	4.3775
1580278105162	1259.00	792.03	1287.90	785.96	4.1877	4.3711
1580278113496	1264.94	784.53	1287.95	782.15	4.1697	4.3679
1580278121829	1267.50	792.79	1294.16	791.59	4.1732	4.3675
1580278130162	1264.05	792.36	1296.46	785.30	4.1502	4.3425
1580278138494	1262.25	797.08	1298.76	783.03	4.1457	4.3153
1580278146832	1254.67	806.35	1293.95	800.29	4.1391	4.3409
1580278155165	1251.65	799.99	1298.11	799.44	4.1274	4.3038
1580278163499	1256.91	780.93	1288.74	800.17	4.0978	4.3009
1580278171832	1263.99	773.56	1298.00	793.23	4.1075	4.2936
1580278180165	1269.06	766.57	1290.39	799.16	4.0848	4.2911
1580278188498	1265.26	774.01	1291.54	792.92	4.0752	4.2751
1580278196832	1274.30	777.70	1294.99	791.57	4.0820	4.2631
1580278205165	1271.21	785.00	1287.48	787.79	4.0458	4.2397
1580278213498	1271.49	781.34	1287.66	786.22	4.0326	4.2497
1580278221831	1267.07	789.41	1292.59	774.17	4.0217	4.2174
1580278230164	1268.11	785.74	1292.12	774.91	4.0205	4.2256
1580278238498	1265.64	771.18	1297.16	783.62	4.0058	4.2155
1580278246831	1268.26	758.53	1291.23	788.62	3.9773	4.2049
1580278255164	1264.87	772.98	1291.46	794.22	3.9797	4.1765
1580278263497	1270.52	780.31	1288.60	797.86	3.9807	4.1811
1580278271831	1263.29	777.07	1287.93	801.69	3.9583	4.1760
1580278280170	1263.11	766.23	1286.81	810.61	3.9339	4.1767
1580278288503	1266.20	769.68	1294.81	799.72	3.9342	4.1565
1580278296836	1264.74	764.54	1291.35	788.12	3.9431	4.1587
1580278305169	1265.27	775.62	1294.75	784.37	3.9523	4.1497
1580278313502	1270.83	774.39	1296.03	780.02	3.9001	4.1405
1580278321836	1272.72	791.09	1300.24	775.99	3.9336	4.1262
1580278330169	1276.77	776.21	1301.12	784.95	3.8859	4.1207
1580278338502	1273.53	774.40	1300.33	797.04	3.8700	4.1283
1580278346836	1274.12	786.54	1290.53	790.39	3.8675	4.1060
1580278355169	1279.55	781.65	1301.96	784.91	3.8594	4.0968
1580278363502	1275.64	786.16	1298.84	786.42	3.8670	4.1049
1580278371835	1276.53	774.46	1296.19	781.14	3.8348	4.0911
1580278380168	1271.43	760.09	1295.87	774.73	3.8255	4.0624
1580278388502	1265.76	753.21	1295.34	781.65	3.8381	4.0673
1580278396834	1266.73	756.40	1293.60	794.34	3.8452	4.0538
1580278405168	1270.15	759.23	1292.61	797.41	3.8162	4.0482
1580278413505	1263.19	761.30	1295.91	793.51	3.8079	4.0366
1580278421838	1271.95	764.92	1299.07	790.13	3.8151	4.0322
1580278430172	1278.03	772.27	1298.60	786.64	3.8288	4.0187
1580278438504	1279.83	758.46	1288.29	794.78	3.7858	4.0229
1580278446838	1275.76	772.22	1293.98	792.77	3.7990	4.0129
1580278455171	1273.62	754.16	1292.16	787.48	3.7824	4.0154
1580278463504	1277.24	753.19	1294.04	781.10	3.7938	3.9929
1580278471838	1274.45	746.42	1298.34	792.01	3.7644	4.0160
1580278480171	1270.81	755.67	1305.36	788.12	3.7811	3.9928
1580278488505	1270.37	744.29	1295.81	779.80	3.7611	3.9880
1580278496837	1269.73	750.98	1295.35	789.97	3.7606	3.9909
1580278505171	1272.24	765.75	1296.34	787.01	3.7821	3.9625
1580278513504	1265.50	760.65	1295.90	800.94	3.7419	3.9808
1580278521836	1268.37	771.75	1294.03	801.50	3.7624	3.9812
1580278530170	1272.69	767.95	1292.90	800.10	3.7443	3.9781
1580278538503	1265.53	763.53	1287.30	802.67	3.7419	3.9849
1580278546841	1273.17	763.41	1293.08	799.98	3.7393	3.9962
1580278555175	1279.65	769.62	1288.71	797.32	3.7438	3.9942
1580278563508	1276.75	754.25	1289.86	783.00	3.7214	3.9523
1580278571842	1272.51	766.03	1289.11	778.45	3.7469	3.9637
1580278580175	1278.86	765.02	1297.29	774.31	3.7281	3.9553
1580278588507	1268.09	767.15	1292.54	779.06	3.7311	3.9563
1580278596841	1270.26	767.16	1292.77	773.53	3.7305	3.9611
1580278605174	1280.53	767.16	1292.29	782.77	3.7221	3.9642
1580278613507	1282.08	758.46	1294.25	787.47	3.7275	3.9731
1580278621840	1272.93	765.00	1299.04	788.31	3.7302	3.9424
1580278630174	1279.66	784.76	1296.75	779.71	3.7230	3.9469
1580278638507	1280.01	788.99	1296.44	773.01	3.7041	3.9501
1580278646840	1276.83	761.26	1294.22	786.10	3.7079	3.9667
1580278655174	1277.72	762.55	1289.75	794.22	3.7089	3.9482
1580278663506	1285.51	784.77	1295.14	791.98	3.7146	3.9674
1580278671843	1280.25	780.77	1291.17	770.97	3.6981	3.9353
1580278680177	1281.21	778.99	1295.42	766.31	3.7063	3.9140
1580278688510	1279.24	787.89	1296.83	774.55	3.7162	3.9389
1580278696844	1282.46	777.75	1293.00	784.61	3.7091	3.9343
1580278705177	1274.29	777.23	1294.49	784.38	3.7125	3.9584
1580278713510	1280.22	782.17	1291.18	787.33	3.6924	3.9332
1580278721844	1280.20	788.07	1290.71	804.49	3.6855	3.9214
1580278730177	1281.88	776.28	1290.47	806.85	3.6501	3.9058
1580278738510	1271.22	862.04	1284.22	848.55	3.6185	3.8376
1580278746842	1269.46	852.33	1275.62	852.60	3.5746	3.8206
1580278755176	1271.22	815.83	1272.34	815.14	3.6249	3.8681
1580278763509	1283.09	802.03	1275.95	834.83	3.6688	3.8853
1580278771842	1285.01	819.34	1280.97	830.87	3.6478	3.9129
1580278780176	1267.93	811.60	1274.56	815.02	3.6932	3.9348
1580278788507	1271.30	809.21	1275.44	807.63	3.6901	3.9279
1580278796843	1264.08	816.96	1273.88	802.69	3.7193	3.9379
1580278805179	1261.88	814.93	1271.04	805.25	3.7203	3.9643
1580278813514	1276.10	815.41	1276.87	785.48	3.7411	3.9655
1580278821844	1267.52	798.51	1274.68	814.15	3.7214	3.9818
1580278830180	1272.40	785.88	1271.19	796.35	3.7232	3.9641
1580278838511	1264.57	790.87	1268.79	805.32	3.7252	3.9770
1580278846845	1255.71	807.89	1267.54	783.23	3.7569	3.9735
1580278855177	1262.82	785.10	1271.89	794.43	3.7362	3.9488
1580278863511	1262.20	796.38	1273.10	796.73	3.7855	3.9742
1580278871844	1266.43	814.82	1270.39	799.35	3.7908	3.9673
1580278880178	1271.79	792.76	1276.48	797.77	3.7675	3.9729
1580278888511	1274.99	811.45	1270.72	796.96	3.7824	3.9837
1580278896843	1265.54	795.51	1267.45	795.77	3.7937	3.9619
1580278905176	1267.91	794.89	1278.65	800.28	3.7843	3.9674
1580278913510	1267.54	778.40	1272.41	798.03	3.7647	3.9815
1580278921844	1273.02	803.62	1272.27	787.07	3.7568	3.9903
1580278930177	1269.32	785.04	1268.85	786.80	3.7874	3.9941
1580278938515	1259.87	780.45	1272.20	784.73	3.7936	3.9983
1580278946848	1271.95	797.17	1270.62	780.42	3.7868	3.9892
1580278955181	1256.09	790.80	1276.39	794.83	3.7898	3.9987
1580278963515	1265.34	808.29	1277.15	792.84	3.8137	3.9959
1580278971848	1263.94	812.63	1271.92	796.63	3.8202	3.9928
1580278980180	1266.54	800.36	1268.11	795.91	3.8290	4.0048
1580278988514	1264.16	778.26	1274.80	792.91	3.8048	4.0050
1580278996847	1266.60	798.54	1274.37	795.94	3.8298	4.0129
1580279005181	1263.96	795.35	1275.20	786.38	3.8427	4.0056
1580279013514	1257.52	800.97	1276.22	796.33	3.8465	4.0101
1580279021847	1266.77	836.19	1261.13	813.46	3.8066	3.9946
1580279030180	1274.53	944.29	1285.65	990.49	3.6409	3.7283
1580279038514	NaN	NaN	NaN	NaN	NaN	NaN
1580279046847	NaN	NaN	NaN	NaN	NaN	NaN
1580279055180	NaN	NaN	NaN	NaN	NaN	NaN
1580279063513	NaN	NaN	NaN	NaN	NaN	NaN
1580279071851	NaN	NaN	NaN	NaN	NaN	NaN
1580279080185	NaN	NaN	NaN	NaN	NaN	NaN
1580279088518	NaN	NaN	NaN	NaN	NaN	NaN
1580279096851	NaN	NaN	NaN	NaN	NaN	NaN
1580279105185	NaN	NaN	NaN	NaN	NaN	NaN
1580279113518	NaN	NaN	NaN	NaN	NaN	NaN
1580279121850	NaN	NaN	NaN	NaN	NaN	NaN
1580279130184	1448.92	1119.44	1219.79	1028.90	2.9033	3.5108
1580279138517	1288.65	961.37	1299.05	943.08	3.6369	3.8377
1580279146851	1286.23	861.20	1299.56	860.27	3.7796	3.9657
1580279155182	1293.88	854.77	1305.62	842.06	3.8291	3.9896
1580279163517	1293.87	854.79	1300.00	844.77	3.8306	3.9888
1580279171850	1283.30	828.94	1305.42	821.66	3.8483	4.0155
1580279180184	1281.45	839.29	1298.48	834.71	3.8734	4.0451
1580279188517	1283.25	844.54	1299.53	835.32	3.8695	4.0574
1580279196855	1298.75	828.73	1301.48	827.36	3.8894	4.0443
1580279205189	1296.46	810.33	1310.57	817.67	3.8985	4.0582
1580279213522	1286.27	822.92	1302.47	820.71	3.8833	4.0713
1580279221855	1282.21	821.10	1302.35	799.09	3.9312	4.0653
1580279230189	1288.97	833.57	1299.31	835.29	3.9027	4.0778
1580279238522	1290.33	836.47	1305.25	827.16	3.8901	4.1032
1580279246855	1285.99	831.67	1304.89	810.92	3.8834	4.0843
1580279255189	1284.88	826.27	1306.51	815.54	3.9058	4.0692
1580279263522	1290.63	804.53	1296.40	818.94	3.9018	4.1012
1580279271854	1285.83	826.90	1301.63	810.56	3.9046	4.0932
1580279280187	1281.50	806.15	1304.28	819.58	3.8894	4.0855
1580279288521	1287.59	822.19	1299.58	805.50	3.8845	4.0840
1580279296854	1281.69	830.45	1302.15	822.78	3.8952	4.1139
1580279305188	1292.09	802.97	1309.85	791.65	3.8741	4.0929
1580279313521	1285.06	813.80	1303.25	807.59	3.9156	4.1198
1580279321854	1287.70	801.16	1305.53	816.95	3.8583	4.1152
1580279330191	1286.63	806.87	1302.18	808.32	3.8974	4.0976
1580279338524	1290.69	821.62	1292.93	824.61	3.8774	4.1292
1580279346857	1287.44	821.46	1303.71	800.50	3.9012	4.1068
1580279355189	1290.03	803.82	1308.96	816.70	3.9084	4.1185
1580279363523	1288.14	796.91	1300.31	815.67	3.8650	4.1272
1580279371856	1294.44	830.32	1302.14	808.89	3.9210	4.1414
1580279380189	1286.21	827.25	1311.97	811.01	3.8781	4.1355
1580279388523	1287.13	815.51	1310.77	827.75	3.9043	4.1315
1580279396856	1272.81	803.50	1300.34	793.87	3.9019	4.1196
1580279405190	1254.50	821.57	1290.00	801.44	3.8952	4.1352
1580279413523	1271.39	808.41	1296.03	793.65	3.8915	4.1387
1580279421855	1275.67	784.99	1284.94	807.13	3.8741	4.1340
1580279430189	1271.15	819.13	1290.22	777.04	3.8812	4.1217
1580279438522	1263.96	818.88	1293.14	829.26	3.8864	4.1576
1580279446855	1269.75	800.12	1297.82	784.36	3.8973	4.1283
1580279455188	1272.46	813.86	1290.63	813.90	3.8753	4.1403
1580279463527	1273.88	798.70	1295.34	808.27	3.8718	4.1547
1580279471860	1273.06	822.15	1292.05	788.27	3.8803	4.1306
1580279480194	1269.90	801.10	1299.88	788.80	3.8719	4.1197
1580279488527	1267.46	791.53	1296.09	792.84	3.8640	4.1541
1580279496859	1269.63	793.55	1299.36	783.44	3.8852	4.1337
1580279505193	1272.87	795.45	1300.31	784.68	3.8846	4.1454
1580279513526	1272.35	791.74	1300.90	784.99	3.8692	4.1390
1580279521859	1268.77	791.21	1305.39	786.20	3.8719	4.1376
1580279530193	1275.18	810.49	1297.37	803.90	3.8655	4.1516
1580279538526	1269.61	799.50	1298.69	805.07	3.8856	4.1414
1580279546859	1275.80	812.99	1299.00	797.01	3.8638	4.1324
1580279555193	1272.50	803.90	1296.46	789.15	3.9013	4.1403
1580279563526	1267.72	792.58	1296.14	803.05	3.8861	4.1380
1580279571859	1265.74	790.69	1301.87	812.57	3.8876	4.1458
1580279580192	1264.36	795.03	1298.86	802.90	3.8802	4.1376
1580279588528	1269.18	801.14	1299.69	789.27	3.8769	4.1366
1580279596862	1279.28	805.91	1297.38	810.03	3.8645	4.1588
1580279605196	1268.18	805.55	1302.31	780.54	3.8724	4.1502
1580279613528	1265.98	795.43	1294.17	783.72	3.8586	4.1350
1580279621862	1260.84	812.48	1302.12	807.79	3.8764	4.1512
1580279630195	1270.08	803.26	1301.76	791.00	3.8987	4.1396
1580279638529	1270.11	813.08	1296.35	804.92	3.8762	4.1297
1580279646862	1270.59	814.67	1297.68	816.51	3.8633	4.1476
1580279655194	1271.55	817.77	1295.88	816.70	3.8795	4.1384
1580279663528	1272.74	802.65	1299.79	786.71	3.8736	4.1506
1580279671861	1273.46	790.46	1305.00	804.52	3.8606	4.1520
1580279680194	1276.34	820.12	1300.04	785.38	3.8942	4.1502
1580279688528	1273.14	816.19	1296.62	801.65	3.8738	4.1326
1580279696862	1274.77	807.31	1297.13	782.94	3.8529	4.1264
1580279705195	1269.24	806.66	1301.07	802.50	3.8783	4.1371
1580279713528	1267.05	817.28	1296.96	800.60	3.8894	4.1470
1580279721865	1265.37	827.85	1284.19	915.24	3.8841	4.0278
1580279730198	NaN	NaN	NaN	NaN	NaN	NaN
1580279738532	NaN	NaN	NaN	NaN	NaN	NaN
1580279746865	NaN	NaN	NaN	NaN	NaN	NaN
1580279755198	NaN	NaN	NaN	NaN	NaN	NaN
1580279763532	NaN	NaN	NaN	NaN	NaN	NaN
1580279771865	NaN	NaN	NaN	NaN	NaN	NaN
1580279780198	NaN	NaN	NaN	NaN	NaN	NaN
1580279788531	NaN	NaN	NaN	NaN	NaN	NaN
1580279796865	NaN	NaN	NaN	NaN	NaN	NaN
1580279805197	NaN	NaN	NaN	NaN	NaN	NaN
1580279813530	NaN	NaN	NaN	NaN	NaN	NaN
1580279821864	NaN	NaN	NaN	NaN	NaN	NaN
1580279830197	NaN	NaN	NaN	NaN	NaN	NaN
1580279838530	1264.29	958.22	1276.31	840.48	3.5114	3.8418
1580279846864	1276.49	858.41	1308.18	884.39	3.7043	3.8780
1580279855203	1286.72	799.11	1307.27	806.42	3.8223	4.0446
1580279863536	1275.29	789.41	1307.05	771.35	3.8007	4.0832
1580279871870	1281.94	794.24	1312.70	789.61	3.8234	4.0533
1580279880202	1280.78	793.82	1307.32	779.06	3.8295	4.0803
1580279888535	1272.74	788.11	1303.59	779.22	3.8248	4.1127
1580279896868	1273.07	792.75	1304.22	774.74	3.8433	4.0893
1580279905202	1274.86	790.14	1303.35	778.87	3.8416	4.0920
1580279913536	1273.39	766.31	1307.71	775.14	3.8266	4.0948
1580279921869	1275.53	772.16	1307.61	765.88	3.8414	4.1118
1580279930202	1273.63	786.94	1308.46	753.85	3.8431	4.0963
1580279938536	1275.13	777.93	1304.17	765.73	3.8596	4.1170
1580279946869	1278.80	768.53	1305.23	766.27	3.8285	4.1151
1580279955201	1272.40	793.78	1306.73	760.37	3.8466	4.0984
1580279963535	1276.75	786.23	1311.87	766.80	3.8239	4.1103
1580279971868	1269.72	781.30	1312.23	770.80	3.8280	4.0932
1580279980201	1265.84	776.30	1309.62	760.25	3.8242	4.0996
1580279988540	1270.58	773.72	1311.14	763.93	3.8323	4.1058
1580279996873	1281.29	785.66	1312.81	759.05	3.8248	4.0985
1580280005206	1272.80	758.14	1311.48	770.42	3.8190	4.0878
1580280013540	1275.45	772.55	1301.93	768.39	3.8063	4.1023
1580280021873	1278.17	792.17	1314.07	766.89	3.8180	4.1077
1580280030205	1279.36	761.99	1306.85	767.37	3.8104	4.1063
1580280038538	1275.77	779.77	1310.48	771.60	3.8107	4.0920
1580280046872	1278.66	771.19	1305.80	764.84	3.7915	4.0966
1580280055205	1273.35	779.22	1313.15	769.09	3.8029	4.0934
1580280063538	1277.12	772.81	1306.80	767.47	3.8250	4.0921
1580280071872	1282.08	772.93	1306.57	770.82	3.8218	4.1070
1580280080205	1277.68	786.32	1305.57	767.81	3.7977	4.0806
1580280088538	1278.13	767.65	1311.67	769.55	3.8174	4.1016
1580280096872	1270.47	780.89	1301.21	769.69	3.8015	4.0815
1580280105204	1269.10	768.50	1309.16	764.37	3.8140	4.0810
1580280113541	1270.72	784.77	1307.25	766.12	3.8249	4.0754
1580280121874	1274.58	790.96	1307.18	767.66	3.8264	4.0952
1580280130208	1273.04	765.94	1303.95	768.47	3.8235	4.0986
1580280138541	1274.65	772.67	1305.07	774.51	3.8261	4.0896
1580280146872	1278.26	777.72	1311.71	761.80	3.8253	4.0753
1580280155208	1272.97	764.43	1311.97	763.52	3.8096	4.0936
1580280163542	1272.70	781.36	1309.97	763.78	3.7932	4.0739
1580280171874	1282.38	769.59	1308.42	778.67	3.8150	4.1160
1580280180205	1274.70	763.52	1307.57	765.46	3.8318	4.1088
1580280188538	1268.77	783.03	1306.84	768.00	3.8249	4.0980
1580280196873	1266.06	770.67	1307.54	775.06	3.7967	4.1009
1580280205205	1271.52	779.30	1306.48	778.12	3.8251	4.1046
1580280213538	1277.38	761.72	1307.74	760.57	3.8293	4.0972
1580280221873	1268.77	770.38	1302.22	770.75	3.8271	4.1133
1580280230207	1273.49	767.13	1308.28	766.51	3.8195	4.1103
1580280238538	1279.98	775.78	1312.53	775.99	3.8144	4.1138
1580280246877	1275.42	771.25	1310.15	772.08	3.8007	4.1151
1580280255209	1279.89	790.52	1315.73	767.20	3.8178	4.1102
1580280263544	1279.72	773.46	1311.61	768.20	3.8130	4.1239
1580280271878	1261.82	758.83	1303.17	781.01	3.8030	4.1179
1580280280209	1271.16	787.08	1304.12	782.87	3.7923	4.1029
1580280288544	1272.74	773.26	1308.87	767.72	3.8092	4.1083
1580280296878	1274.16	784.65	1302.84	777.11	3.8038	4.0983
1580280305211	1265.43	790.01	1306.26	788.96	3.8037	4.1066
1580280313545	1263.47	793.31	1304.20	790.68	3.8098	4.1203
1580280321879	1262.36	783.05	1300.56	781.83	3.7848	4.1137
1580280330211	1262.66	767.18	1301.63	775.82	3.7788	4.1166
1580280338544	1267.45	790.90	1305.21	777.22	3.7845	4.0793
1580280346878	1261.52	786.01	1297.05	785.15	3.7843	4.1045
1580280355211	1270.50	764.83	1304.63	769.24	3.7761	4.1012
1580280363544	1273.59	781.02	1305.16	776.21	3.7716	4.1025
1580280371877	1269.65	787.60	1307.62	780.27	3.7554	4.0855
1580280380216	1271.31	782.49	1304.87	782.67	3.7414	4.0922
1580280388549	1269.42	792.18	1306.72	781.72	3.7570	4.0912
1580280396882	1271.27	792.69	1302.89	777.21	3.7586	4.0871
1580280405215	1269.40	790.29	1309.32	774.32	3.7586	4.0931
1580280413548	1260.76	770.55	1301.54	769.85	3.7569	4.0826
1580280421881	1266.50	776.92	1298.60	780.45	3.7378	4.0634
1580280430215	1265.72	793.10	1298.00	778.55	3.7345	4.0694
1580280438548	1267.38	792.66	1300.60	773.54	3.7420	4.0887
1580280446881	1268.12	765.91	1305.14	773.86	3.7262	4.0631
1580280455214	1271.78	775.65	1304.81	780.56	3.7392	4.0673
1580280463548	1259.27	777.77	1304.97	787.10	3.7190	4.0715
1580280471881	1272.29	800.51	1301.81	779.61	3.7407	4.0730
1580280480214	1263.27	789.18	1296.66	779.84	3.7201	4.0842
1580280488547	1274.39	780.28	1303.43	762.71	3.7202	4.0580
1580280496880	1270.87	780.48	1301.76	772.00	3.7271	4.0740
1580280505216	1270.85	779.51	1300.91	767.42	3.7290	4.0713
1580280513550	1274.39	771.79	1304.85	767.99	3.7073	4.0524
1580280521884	1273.20	785.75	1303.79	772.78	3.7252	4.0707
1580280530217	1267.63	790.04	1307.54	778.20	3.7163	4.0606
1580280538550	1262.42	795.34	1305.62	781.75	3.6944	4.0547
1580280546884	1259.03	793.34	1300.25	778.16	3.7182	4.0454
1580280555216	1262.71	777.25	1299.55	769.74	3.7194	4.0439
1580280563549	1275.61	775.43	1302.10	771.94	3.7103	4.0492
1580280571883	1261.98	787.00	1302.67	783.08	3.6819	4.0365
1580280580216	1258.06	790.83	1301.61	787.80	3.6934	4.0329
1580280588549	1266.22	789.10	1296.29	791.69	3.7108	4.0658
1580280596883	1262.84	781.74	1302.86	776.97	3.6852	4.0362
1580280605216	1267.61	791.12	1299.78	775.85	3.6965	4.0174
1580280613549	1256.54	789.61	1300.96	784.79	3.6754	4.0208
1580280621883	1269.06	774.64	1307.47	776.28	3.7047	4.0256
1580280630216	1262.10	778.97	1300.37	769.35	3.6912	4.0190
1580280638553	1256.48	795.33	1303.70	783.79	3.7027	4.0133
1580280646886	1266.79	775.33	1305.64	768.22	3.6999	4.0164
1580280655220	1261.52	796.55	1300.84	776.48	3.6804	4.0053
1580280663553	1265.90	780.55	1302.45	784.69	3.6880	4.0170
1580280671884	1265.18	764.76	1304.48	768.35	3.6839	3.9939
1580280680220	1269.70	768.78	1303.77	779.26	3.7012	4.0261
1580280688553	1268.56	776.67	1303.45	777.02	3.6909	4.0114
1580280696886	1265.30	790.51	1303.85	780.89	3.6712	3.9898
1580280705220	1259.57	780.35	1295.26	783.81	3.6764	4.0154
1580280713552	1267.67	787.26	1305.22	774.31	3.7049	4.0155
1580280721885	1259.56	776.86	1303.92	792.66	3.6741	4.0090
1580280730219	1271.35	778.20	1301.53	771.66	3.6871	4.0172
1580280738552	1263.47	789.75	1298.53	776.75	3.6627	3.9831
1580280746886	1263.45	773.16	1300.78	787.38	3.6716	4.0008
1580280755218	1259.01	772.19	1298.72	790.69	3.6757	3.9917
1580280763552	1264.56	767.12	1295.62	787.06	3.6727	3.9959
1580280771891	1261.00	782.03	1302.06	784.06	3.6552	3.9944
1580280780225	1260.11	790.18	1301.68	763.93	3.6499	3.9722
1580280788558	1264.50	774.67	1311.13	775.49	3.6848	3.9837
1580280796891	1256.57	776.89	1295.51	771.21	3.6692	3.9729
1580280805223	1253.73	791.38	1297.59	768.22	3.6613	3.9911
1580280813557	1257.18	765.14	1304.70	774.28	3.6960	3.9877
1580280821890	1265.97	780.08	1303.75	784.52	3.6840	3.9906
1580280830224	1260.08	783.22	1295.52	766.40	3.6578	3.9736
1580280838557	1264.69	795.72	1304.67	762.53	3.6647	3.9555
1580280846890	1260.15	784.86	1299.19	765.81	3.6654	3.9769
1580280855223	1258.37	778.84	1303.85	771.83	3.6714	3.9747
1580280863557	1261.40	771.45	1301.53	790.83	3.6808	3.9916
1580280871889	1264.78	772.35	1299.16	772.95	3.6570	3.9847
1580280880223	1262.85	793.73	1296.62	767.56	3.6496	3.9844
1580280888556	1255.19	775.65	1302.98	773.53	3.6604	3.9737
1580280896889	1263.62	764.51	1298.28	770.71	3.6443	3.9465
1580280905227	1263.08	778.37	1301.45	762.53	3.6648	3.9473
1580280913561	1257.36	789.94	1301.73	766.26	3.6778	3.9516
1580280921894	1257.68	782.71	1299.64	764.07	3.6472	3.9637
1580280930228	1259.04	791.54	1301.84	766.35	3.6579	3.9511
1580280938561	1263.65	784.79	1297.81	777.25	3.6394	3.9543
1580280946894	1260.99	780.97	1295.66	785.88	3.6478	3.9811
1580280955228	1263.89	780.30	1299.36	778.77	3.6439	3.9601
1580280963561	1262.18	769.96	1302.02	776.24	3.6521	3.9631
1580280971894	1267.30	764.60	1296.68	770.23	3.6512	3.9577
1580280980227	1258.88	770.81	1300.52	757.36	3.6421	3.9479
1580280988560	1258.58	784.17	1311.27	762.44	3.6342	3.9518
1580280996894	1253.72	791.28	1303.56	768.03	3.6251	3.9382
1580281005227	1260.47	785.74	1305.55	777.76	3.6291	3.9473
1580281013560	1259.25	780.22	1299.14	775.19	3.6346	3.9292
1580281021893	1255.15	760.15	1298.32	773.14	3.6096	3.9405
1580281030229	1255.78	770.85	1299.48	768.13	3.6396	3.9265
1580281038563	1252.95	771.46	1301.56	770.64	3.6352	3.9284
1580281046896	1260.60	779.48	1297.31	775.01	3.6451	3.9284
1580281055230	1261.86	765.52	1302.57	781.76	3.6164	3.9570
1580281063563	1263.70	784.75	1300.91	781.22	3.6407	3.9470
1580281071896	1264.53	792.40	1304.36	773.45	3.6182	3.9397
1580281080230	1259.29	778.29	1305.53	760.17	3.6259	3.9308
1580281088561	1255.04	769.98	1302.13	771.83	3.6214	3.9171
1580281096895	1262.32	796.26	1297.52	770.13	3.6129	3.9097
1580281105228	1260.62	783.49	1303.39	766.93	3.6108	3.9053
1580281113561	1258.78	779.78	1296.22	775.53	3.6134	3.9313
1580281121895	1259.84	773.06	1303.48	754.37	3.6237	3.8915
1580281130228	1259.12	776.14	1300.50	772.66	3.6060	3.9149
1580281138561	1254.35	781.26	1301.33	769.18	3.6061	3.9078
1580281146895	1257.60	787.26	1303.00	776.83	3.5915	3.9160
1580281155228	1259.27	787.17	1297.37	772.10	3.6295	3.9150
1580281163565	1253.14	767.25	1304.66	761.44	3.6083	3.8996
1580281171898	1263.12	781.39	1301.83	767.34	3.5964	3.8805
1580281180231	1255.84	770.92	1299.93	765.23	3.6078	3.8924
1580281188564	1258.43	765.57	1299.84	760.08	3.6159	3.8930
1580281196898	1251.38	779.93	1305.09	772.71	3.6083	3.8972
1580281205232	1261.48	783.73	1306.36	760.99	3.5906	3.8816
1580281213564	1262.75	789.94	1303.27	775.42	3.6021	3.8999
1580281221898	1261.88	771.65	1301.22	762.56	3.5968	3.9036
1580281230231	1253.89	759.62	1299.21	761.67	3.6043	3.8885
1580281238563	1260.48	778.18	1296.09	770.61	3.5821	3.8985
1580281246897	1264.09	774.55	1303.96	770.39	3.5983	3.9062
1580281255230	1258.38	765.96	1299.46	758.53	3.6200	3.9042
1580281263563	1257.24	773.31	1302.26	774.71	3.5653	3.9197
1580281271897	1265.07	784.46	1301.69	784.37	3.5976	3.9225
1580281280230	1264.47	786.05	1300.27	785.63	3.6164	3.9436
1580281288564	1262.23	785.79	1299.49	774.39	3.5993	3.9028
1580281296904	1259.52	780.92	1302.89	775.92	3.5830	3.8933
1580281305237	1256.74	783.25	1305.13	776.93	3.5881	3.9244
1580281313570	1257.33	776.53	1299.23	769.32	3.6007	3.9257
1580281321904	1258.22	766.93	1300.82	757.78	3.6087	3.8939
1580281330236	1273.15	780.90	1300.24	778.79	3.6038	3.9058
1580281338569	1262.53	786.41	1302.77	762.09	3.6040	3.8851
1580281346903	1266.76	791.20	1301.66	775.96	3.6244	3.9253
1580281355236	1261.02	784.76	1299.24	767.34	3.6131	3.9124
1580281363569	1263.51	789.19	1296.62	772.42	3.6268	3.9269
1580281371903	1264.30	786.73	1296.46	769.01	3.6217	3.9164
1580281380236	1265.97	788.42	1298.06	776.88	3.6205	3.9273
1580281388569	1266.61	791.16	1298.91	780.92	3.6245	3.9407
1580281396903	1262.47	776.20	1298.00	775.54	3.6222	3.9209
1580281405235	1261.69	772.58	1299.38	767.24	3.6222	3.9278
1580281413569	1260.39	767.55	1301.25	756.76	3.6295	3.9199
1580281421902	1256.56	747.75	1294.34	757.28	3.6201	3.9317
1580281430240	1257.00	761.33	1299.95	760.07	3.6434	3.9292
1580281438574	1255.21	771.22	1299.93	763.68	3.6483	3.9454
1580281446907	1260.87	784.91	1295.16	772.84	3.6469	3.9358
1580281455240	1255.76	793.58	1293.94	775.10	3.6402	3.9382
1580281463574	1253.88	785.31	1302.30	759.82	3.6524	3.9371
1580281471907	1253.90	774.22	1296.21	758.60	3.6483	3.9513
1580281480240	1261.61	761.89	1295.62	763.89	3.6495	3.9661
1580281488572	1260.96	766.63	1293.83	771.78	3.6677	3.9526
1580281496906	1262.24	775.09	1293.05	781.48	3.6637	3.9637
1580281505239	1257.66	777.57	1290.27	776.97	3.6716	3.9515
1580281513572	1253.83	789.03	1293.79	774.89	3.6823	3.9629
1580281521906	1254.95	781.72	1299.99	761.36	3.6614	3.9545
1580281530239	1258.54	787.55	1291.55	768.54	3.6875	3.9863
1580281538573	1248.34	789.00	1297.94	758.19	3.6660	3.9645
1580281546906	1256.30	789.59	1298.34	754.31	3.6915	3.9623
1580281555244	1258.07	781.34	1296.68	766.62	3.6940	3.9752
1580281563578	1252.24	770.16	1295.36	780.56	3.6976	3.9862
1580281571911	1262.41	786.51	1293.51	756.86	3.6998	3.9868
1580281580244	1248.08	779.54	1295.19	776.96	3.6971	3.9901
1580281588578	1254.42	772.61	1298.05	768.81	3.6921	3.9880
1580281596910	1255.08	795.75	1294.32	769.44	3.7045	3.9867
1580281605244	1250.75	769.29	1300.17	764.27	3.7009	3.9851
1580281613577	1258.07	802.42	1290.69	766.31	3.6834	3.9860
1580281621910	1261.95	770.69	1292.89	784.28	3.6830	4.0114
1580281630243	1262.56	769.75	1299.35	756.15	3.7002	3.9953
1580281638576	1265.55	791.20	1300.99	779.73	3.6939	4.0102
1580281646910	1259.32	771.87	1294.43	778.44	3.6698	3.9891
1580281655243	1248.50	758.44	1298.47	767.03	3.6746	3.9988
1580281663577	1255.99	785.42	1298.58	759.84	3.6936	3.9784
1580281671910	1257.40	794.47	1297.02	777.96	3.6949	3.9964
1580281680243	1253.10	774.26	1301.30	765.29	3.6842	3.9755
1580281688580	1257.04	766.64	1301.27	770.71	3.6906	4.0016
1580281696911	1248.64	778.84	1300.66	766.20	3.7168	3.9803
1580281705245	1255.28	798.19	1301.16	768.38	3.6979	3.9732
1580281713579	1260.84	795.16	1297.45	778.91	3.6929	3.9993
1580281721912	1249.98	782.35	1295.15	770.64	3.6719	3.9876
1580281730245	1252.96	767.36	1289.70	770.31	3.6747	3.9824
1580281738578	1249.73	761.87	1294.28	767.08	3.6711	3.9789
1580281746912	1259.75	757.92	1287.63	778.96	3.6731	4.0112
1580281755245	1250.29	762.38	1287.68	772.65	3.6850	3.9839
1580281763579	1255.24	774.24	1288.42	781.44	3.6973	3.9764
1580281771911	1261.49	773.19	1291.25	788.17	3.6761	3.9760
1580281780244	1245.64	813.50	1270.80	861.67	3.6589	3.8443
1580281788577	1220.84	1049.57	NaN	NaN	3.1900	NaN
1580281796911	1250.44	1347.27	NaN	NaN	1.7526	NaN
1580281805244	NaN	NaN	NaN	NaN	NaN	NaN
1580281813577	NaN	NaN	NaN	NaN	NaN	NaN
1580281821915	NaN	NaN	NaN	NaN	NaN	NaN
1580281830249	NaN	NaN	NaN	NaN	NaN	NaN
1580281838582	NaN	NaN	NaN	NaN	NaN	NaN
1580281846916	NaN	NaN	NaN	NaN	NaN	NaN
1580281855249	NaN	NaN	NaN	NaN	NaN	NaN
1580281863582	NaN	NaN	NaN	NaN	NaN	NaN
1580281871914	NaN	NaN	NaN	NaN	NaN	NaN
1580281880248	NaN	NaN	NaN	NaN	NaN	NaN
1580281888581	NaN	NaN	NaN	NaN	NaN	NaN
1580281896914	1311.72	983.50	1203.90	973.14	3.1581	3.3530
1580281905248	1267.50	881.74	1293.59	986.15	3.4761	3.7610
1580281913581	1275.80	836.50	1296.79	875.33	3.6119	3.8348
1580281921914	1270.12	805.79	1287.43	805.19	3.6313	3.9196
1580281930248	1274.62	799.33	1290.75	789.17	3.6310	3.9213
1580281938581	1270.12	830.34	1295.06	817.04	3.6539	3.9042
1580281946916	1269.96	817.68	1294.33	803.74	3.6605	3.9225
1580281955250	1261.81	794.02	1294.14	786.84	3.6529	3.9374
1580281963583	1265.31	812.30	1290.26	797.82	3.6728	3.9364
1580281971916	1253.41	812.66	1293.97	797.18	3.6764	3.9457
1580281980250	1255.05	804.77	1289.78	794.19	3.6787	3.9375
1580281988583	1257.30	794.32	1294.98	795.39	3.6773	3.9474
1580281996917	1259.53	790.45	1292.56	791.13	3.7084	3.9605
1580282005250	1258.50	771.93	1294.70	794.58	3.6828	3.9781
1580282013583	1257.26	777.32	1292.04	785.53	3.6835	3.9643
1580282021916	1258.95	783.45	1293.47	788.20	3.7038	3.9750
1580282030249	1261.41	783.47	1296.51	769.57	3.6891	3.9627
1580282038582	1260.42	798.92	1296.33	767.17	3.6978	3.9805
1580282046916	1256.32	780.16	1299.06	781.67	3.7166	3.9906
1580282055249	1264.47	783.10	1292.86	784.25	3.7148	3.9861
1580282063582	1262.02	795.43	1293.09	773.99	3.7149	3.9973
1580282071916	1258.25	766.95	1295.94	787.13	3.7012	3.9808
1580282080257	1262.66	798.38	1294.13	790.02	3.7213	4.0168
1580282088590	1258.04	791.47	1298.32	766.94	3.7367	3.9935
1580282096923	1257.06	777.21	1291.02	773.81	3.7407	3.9897
1580282105256	1254.51	785.05	1292.45	784.02	3.7263	4.0064
1580282113589	1257.18	781.05	1287.78	783.80	3.7045	3.9930
1580282121923	1256.52	790.46	1291.79	781.84	3.7357	3.9985
1580282130256	1251.99	788.01	1298.26	776.66	3.7539	4.0028
1580282138589	1251.29	775.52	1298.80	775.75	3.7381	4.0159
1580282146922	1255.44	778.01	1295.33	769.34	3.7385	4.0221
1580282155256	1254.29	764.58	1305.24	772.41	3.7423	4.0128
1580282163587	1259.44	785.12	1297.69	785.65	3.7429	4.0080
1580282171920	1257.71	811.11	1286.97	789.18	3.7238	3.9900
1580282180255	1253.53	1077.83	1119.24	1142.82	3.2512	3.1015
1580282188587	NaN	NaN	NaN	NaN	NaN	NaN
1580282196920	NaN	NaN	NaN	NaN	NaN	NaN
1580282205256	NaN	NaN	NaN	NaN	NaN	NaN
1580282213593	NaN	NaN	NaN	NaN	NaN	NaN
1580282221926	NaN	NaN	NaN	NaN	NaN	NaN
1580282230258	NaN	NaN	NaN	NaN	NaN	NaN
1580282238592	NaN	NaN	NaN	NaN	NaN	NaN
1580282246925	NaN	NaN	NaN	NaN	NaN	NaN
1580282255258	NaN	NaN	NaN	NaN	NaN	NaN
1580282263592	NaN	NaN	NaN	NaN	NaN	NaN
1580282271925	NaN	NaN	NaN	NaN	NaN	NaN
1580282280258	NaN	NaN	NaN	NaN	NaN	NaN
1580282288592	NaN	NaN	NaN	NaN	NaN	NaN
1580282296925	NaN	NaN	NaN	NaN	NaN	NaN
1580282305257	NaN	NaN	NaN	NaN	NaN	NaN
1580282313591	NaN	NaN	NaN	NaN	NaN	NaN
1580282321924	NaN	NaN	NaN	NaN	NaN	NaN
1580282330257	1334.28	1472.26	1185.71	909.76	1.3507	3.6115
1580282338591	1354.32	999.93	1282.29	937.02	3.0985	3.7641
1580282346928	1237.49	911.70	1283.84	839.37	3.5208	3.9478
1580282355259	1244.72	830.56	1281.96	773.60	3.7272	4.0574
1580282363595	1245.16	807.18	1281.71	794.27	3.7423	4.0270
1580282371926	1239.56	818.54	1279.89	786.03	3.7178	4.0456
1580282380259	1240.58	808.75	1282.02	781.03	3.7188	4.0464
1580282388592	1238.03	808.30	1279.76	776.42	3.7598	4.0496
1580282396927	1239.58	813.29	1285.67	783.46	3.7563	4.0704
1580282405259	1230.16	801.66	1283.91	784.27	3.7715	4.0697
1580282413592	1233.57	796.70	1285.24	777.79	3.7806	4.0635
1580282421925	1239.51	779.37	1280.38	768.31	3.7795	4.0706
1580282430259	1236.86	789.81	1281.85	774.28	3.7683	4.0715
1580282438592	1235.69	799.71	1280.15	776.11	3.7710	4.0713
1580282446925	1241.20	796.98	1279.24	775.12	3.7804	4.0811
1580282455259	1237.95	797.16	1280.33	776.22	3.7620	4.0605
1580282463592	1235.30	790.49	1278.88	773.55	3.7683	4.0706
1580282471929	1230.17	794.49	1279.96	778.91	3.7616	4.0604
1580282480262	1240.79	797.19	1277.59	777.50	3.7711	4.0586
1580282488595	1238.65	790.32	1276.98	769.52	3.7465	4.0428
1580282496928	1237.24	790.43	1279.15	779.38	3.7597	4.0672
1580282505262	1238.11	788.30	1278.16	773.41	3.7621	4.0632
1580282513595	1234.00	794.25	1279.27	771.99	3.7749	4.0671
1580282521928	1230.74	792.58	1287.13	766.63	3.7640	4.0462
1580282530262	1236.38	793.71	1287.10	770.45	3.7615	4.0486
1580282538595	1237.09	795.05	1286.06	770.84	3.7793	4.0653
1580282546928	1244.66	790.72	1282.17	772.83	3.7639	4.0774
1580282555261	1242.33	798.44	1278.13	772.27	3.7684	4.0650
1580282563593	1236.46	797.67	1279.31	780.26	3.7856	4.0844
1580282571927	1232.17	788.29	1278.88	770.13	3.7700	4.0595
1580282580260	1241.13	788.01	1275.57	772.55	3.7645	4.0505
1580282588593	1242.62	794.45	1280.02	769.69	3.7524	4.0600
1580282596927	1241.36	791.01	1282.00	771.65	3.7502	4.0623
1580282605264	1239.43	799.90	1277.11	770.90	3.7593	4.0695
1580282613597	1251.67	789.51	1293.30	769.61	3.7683	4.0756
1580282621930	1261.71	791.42	1296.76	764.32	3.7573	4.0569
1580282630264	1247.42	780.92	1288.89	762.15	3.7522	4.0578
1580282638595	1252.91	779.45	1293.55	764.22	3.7641	4.0580
1580282646929	1249.90	783.93	1293.51	770.61	3.7634	4.0668
1580282655262	1252.23	778.01	1287.89	770.09	3.7317	4.0645
1580282663596	1243.82	787.56	1287.00	783.09	3.7564	4.0705
1580282671929	1246.75	782.86	1293.15	771.64	3.7455	4.0606
1580282680262	1252.33	787.79	1291.03	768.37	3.7513	4.0596
1580282688596	1250.44	786.29	1283.81	757.25	3.7585	4.0379
1580282696929	1252.55	789.57	1290.31	755.22	3.7426	4.0450
1580282705263	1249.07	788.48	1288.98	770.12	3.7343	4.0585
1580282713595	1245.88	785.81	1289.50	768.43	3.7319	4.0550
1580282721928	1249.85	784.48	1289.09	762.54	3.7132	4.0385
1580282730261	1247.53	787.59	1284.67	762.96	3.7385	4.0462
1580282738601	1248.70	793.09	1287.28	763.77	3.7392	4.0523
1580282746935	1249.18	796.43	1287.54	764.18	3.7384	4.0431
1580282755268	1253.87	793.11	1287.25	766.06	3.7443	4.0405
1580282763601	1252.71	794.45	1286.96	774.30	3.7290	4.0570
1580282771935	1252.97	792.14	1281.74	770.15	3.7288	4.0551
1580282780268	1258.38	793.56	1284.11	769.78	3.7334	4.0403
1580282788601	1253.24	791.66	1285.06	769.25	3.7204	4.0556
1580282796934	1247.48	786.42	1286.68	767.19	3.7171	4.0308
1580282805267	1247.04	796.42	1283.93	764.11	3.7140	4.0282
1580282813601	1250.63	796.39	1286.86	769.78	3.7273	4.0283
1580282821935	1248.74	792.58	1278.69	768.20	3.7155	4.0248
1580282830267	1252.53	778.48	1287.87	768.34	3.7085	4.0039
1580282838600	1246.46	783.76	1280.76	781.19	3.6938	4.0410
1580282846934	1245.73	788.30	1287.76	777.51	3.7111	4.0159
1580282855267	1244.94	798.13	1282.57	769.28	3.6823	4.0196
1580282863600	1245.35	787.25	1284.88	767.25	3.6825	3.9932
1580282871939	1244.74	788.50	1285.99	767.84	3.6956	3.9906
1580282880272	1248.55	804.94	1281.07	776.78	3.6975	4.0103
1580282888605	1250.37	783.58	1284.04	766.22	3.6601	3.9824
1580282896939	1247.65	775.82	1282.97	775.53	3.6686	4.0006
1580282905271	1251.78	785.28	1286.11	776.38	3.6699	3.9843
1580282913604	1248.16	789.80	1290.18	763.87	3.6715	3.9654
1580282921938	1246.23	772.69	1287.13	764.86	3.6322	3.9737
1580282930271	1244.00	795.60	1287.99	765.51	3.6696	3.9422
1580282938605	1248.73	784.43	1291.54	765.86	3.6440	3.9436
1580282946938	1248.61	797.90	1287.36	770.41	3.6368	3.9678
1580282955271	1248.42	778.60	1288.58	767.36	3.6514	3.9504
1580282963604	1246.54	789.65	1281.47	769.85	3.6346	3.9449
1580282971938	1242.25	790.53	1292.22	763.02	3.6475	3.9303
1580282980271	1250.71	792.22	1284.94	764.45	3.6417	3.9323
1580282988604	1255.24	776.81	1291.73	773.55	3.6312	3.9457
1580282996943	1256.11	784.35	1291.21	778.26	3.6358	3.9502
1580283005276	1255.02	798.97	1290.16	769.08	3.6445	3.9158
1580283013609	1247.49	800.30	1285.28	778.46	3.6349	3.9244
1580283021942	1252.50	785.78	1294.72	770.94	3.6135	3.9292
1580283030275	1246.69	802.88	1290.65	770.15	3.6363	3.9100
1580283038609	1242.47	795.99	1288.20	780.29	3.6213	3.9248
1580283046942	1247.85	797.06	1284.60	786.60	3.6448	3.9350
1580283055275	1253.03	796.09	1287.18	774.98	3.6249	3.9162
1580283063609	1247.47	790.67	1285.93	784.58	3.6092	3.9144
1580283071942	1253.13	801.03	1284.20	778.99	3.6298	3.9155
1580283080275	1247.81	792.81	1286.94	775.26	3.6018	3.9301
1580283088609	1252.85	769.76	1288.44	775.30	3.5942	3.8977
1580283096941	1247.20	806.17	1286.45	768.57	3.6211	3.8955
1580283105274	1255.77	791.30	1288.06	777.30	3.6020	3.8967
1580283113608	1252.64	773.74	1286.90	783.96	3.5871	3.9171
1580283121940	1248.35	779.93	1289.68	770.30	3.6089	3.8961
1580283130275	1256.55	798.14	1291.18	770.25	3.5920	3.9014
1580283138608	1256.42	802.19	1295.91	771.81	3.6132	3.9016
1580283146941	1246.25	790.83	1296.75	779.48	3.5982	3.8893
1580283155275	1250.57	783.25	1284.68	775.55	3.5969	3.8891
1580283163609	1250.05	798.75	1287.32	787.33	3.6004	3.8949
1580283171940	1252.04	794.08	1293.37	783.11	3.5940	3.9035
1580283180274	1247.63	782.69	1291.74	788.14	3.5882	3.9057
1580283188607	1251.62	790.30	1292.03	776.28	3.5866	3.8806
1580283196941	1255.29	790.54	1293.29	774.31	3.5883	3.8887
1580283205274	1251.06	781.91	1291.91	778.42	3.5581	3.8766
1580283213607	1253.00	781.72	1290.26	772.80	3.5961	3.8716
1580283221940	1259.37	780.48	1292.80	767.58	3.5728	3.8773
1580283230274	1254.34	793.96	1295.07	770.17	3.5829	3.8831
1580283238608	1256.07	779.07	1294.69	769.71	3.5831	3.8721
1580283246940	1251.05	783.30	1294.44	782.98	3.5694	3.8972
1580283255273	1251.47	786.03	1289.46	774.95	3.5710	3.8796
1580283263614	1250.15	789.49	1290.35	775.60	3.5634	3.8978
1580283271948	1254.90	792.64	1291.21	771.12	3.5738	3.8675
1580283280281	1256.36	784.14	1291.95	769.57	3.5781	3.8875
1580283288615	1255.41	789.15	1293.18	770.51	3.5762	3.8800
1580283296948	1245.10	776.10	1295.89	780.47	3.5755	3.9010
1580283305281	1253.88	790.45	1296.42	771.90	3.6119	3.8847
1580283313615	1254.71	776.03	1293.60	763.67	3.5789	3.8728
1580283321948	1256.30	783.13	1296.07	770.12	3.5762	3.8779
1580283330280	1252.61	787.37	1302.61	775.43	3.5689	3.8851
1580283338614	1254.25	778.02	1297.21	776.10	3.5740	3.8876
1580283346946	1253.55	775.04	1297.95	766.73	3.5778	3.8804
1580283355280	1253.02	784.97	1301.60	784.52	3.5951	3.8995
1580283363614	1246.91	783.27	1298.77	765.35	3.5781	3.8792
1580283371947	1246.90	775.50	1297.85	767.00	3.5912	3.8768
1580283380280	1252.01	787.70	1294.72	773.39	3.5819	3.8755
1580283388613	1254.91	785.27	1291.12	766.32	3.5967	3.8683
1580283396952	1256.07	782.20	1291.49	774.50	3.5958	3.8960
1580283405284	1253.38	780.92	1286.27	766.32	3.5924	3.8887
1580283413617	1255.79	789.18	1289.11	778.67	3.6035	3.9035
1580283421951	1259.32	780.33	1294.05	780.45	3.6103	3.9130
1580283430284	1261.94	768.06	1291.04	768.07	3.5951	3.8916
1580283438617	1263.75	774.56	1293.88	771.53	3.6070	3.8978
1580283446951	1265.57	776.33	1292.57	777.97	3.6027	3.9045
1580283455284	1266.72	780.88	1293.21	783.32	3.6098	3.9159
1580283463618	1264.68	788.86	1293.81	781.10	3.5889	3.9089
1580283471950	1260.77	791.57	1289.52	777.04	3.5953	3.9337
1580283480284	1263.86	789.84	1292.14	772.92	3.6169	3.8985
1580283488617	1255.90	779.95	1297.10	773.82	3.5924	3.9100
1580283496951	1256.19	770.72	1291.61	775.75	3.5771	3.9247
1580283505284	1256.71	777.39	1292.24	776.84	3.6132	3.9323
1580283513617	1255.85	781.42	1293.97	788.75	3.6326	3.9463
1580283521955	1256.56	794.17	1294.11	771.74	3.6256	3.9139
1580283530288	1249.90	782.02	1284.99	767.88	3.6348	3.9381
1580283538622	1238.94	773.91	1280.94	761.97	3.6132	3.9049
1580283546955	1248.87	784.75	1281.37	777.08	3.6331	3.9282
1580283555287	1260.21	783.54	1282.57	760.69	3.6035	3.9257
1580283563620	1255.83	774.98	1277.02	785.07	3.6340	3.9299
1580283571954	1255.59	796.84	1284.95	761.82	3.6354	3.9395
1580283580287	1255.65	781.66	1278.64	781.53	3.6497	3.9467
1580283588620	1245.54	788.95	1283.05	773.34	3.6484	3.9436
1580283596953	1249.87	785.01	1280.12	782.71	3.6384	3.9714
1580283605287	1258.72	796.78	1283.61	772.07	3.6632	3.9531
1580283613620	1256.15	785.84	1284.31	776.57	3.6389	3.9671
1580283621954	1252.54	788.39	1280.17	788.61	3.6354	3.9728
1580283630287	1245.74	777.88	1273.26	780.35	3.6412	3.9752
1580283638619	1254.56	767.17	1281.29	773.01	3.6490	3.9722
1580283646953	1250.45	785.95	1272.64	784.42	3.6538	3.9658
1580283655291	1252.06	788.56	1280.67	776.16	3.6625	3.9801
1580283663624	1249.29	768.87	1276.02	781.42	3.6477	3.9751
1580283671958	1246.15	779.27	1272.27	779.77	3.6389	3.9750
1580283680290	1245.17	786.45	1274.34	769.38	3.6854	3.9833
1580283688624	1249.07	777.64	1277.39	768.02	3.6701	3.9844
1580283696957	1249.35	763.52	1276.64	768.59	3.6546	3.9936
1580283705291	1246.75	780.70	1271.59	777.96	3.6665	4.0078
1580283713623	1248.83	795.17	1271.49	781.69	3.6827	3.9952
1580283721956	1248.16	781.28	1271.78	775.74	3.6915	4.0068
1580283730290	1256.49	775.21	1271.82	780.68	3.6739	4.0021
1580283738623	1250.25	795.83	1277.74	768.44	3.7010	4.0164
1580283746957	1256.83	787.76	1279.83	781.56	3.7070	4.0208
1580283755290	1253.96	776.71	1278.07	766.23	3.6983	4.0175
1580283763623	1246.98	790.00	1276.21	771.51	3.6978	4.0320
1580283771957	1251.37	787.00	1280.15	780.27	3.7037	4.0189
1580283780290	1254.30	795.02	1274.60	776.60	3.7134	4.0534
1580283788628	1247.44	785.62	1280.25	768.81	3.7037	4.0241
1580283796962	1256.68	793.09	1273.56	769.68	3.7159	4.0597
1580283805294	1260.22	789.63	1274.76	770.09	3.7208	4.0411
1580283813628	1256.00	775.96	1279.46	768.84	3.7223	4.0428
1580283821961	1264.27	775.82	1289.84	773.07	3.7346	4.0437
1580283830295	1263.41	794.40	1284.81	774.38	3.7371	4.0500
1580283838628	1253.58	785.71	1283.88	766.86	3.7195	4.0477
1580283846961	1254.03	790.00	1281.87	779.40	3.7487	4.0668
1580283855295	1264.05	787.99	1275.79	773.49	3.7478	4.0499
1580283863627	1254.03	801.10	1272.88	781.07	3.7638	4.0812
1580283871961	1257.05	785.58	1281.77	775.35	3.7516	4.0873
1580283880294	1257.53	783.41	1281.86	771.07	3.7654	4.0880
1580283888627	1266.10	771.23	1282.26	774.51	3.7579	4.0884
1580283896961	1263.56	795.05	1280.75	774.03	3.7691	4.0764
1580283905293	1267.38	790.35	1274.84	764.09	3.7758	4.0787
1580283913630	1254.66	784.22	1274.96	776.10	3.7641	4.0720
1580283921964	1250.37	780.86	1279.81	769.03	3.7607	4.1019
1580283930296	1257.98	792.30	1269.49	770.47	3.7722	4.1054
1580283938629	1254.80	782.61	1281.99	788.35	3.7821	4.1201
1580283946962	1268.30	779.45	1279.19	775.15	3.7971	4.0965
1580283955296	1258.17	775.64	1271.36	767.55	3.7579	4.1042
1580283963629	1251.13	793.16	1274.70	764.00	3.7935	4.0936
1580283971962	1256.84	793.64	1274.70	776.73	3.7839	4.1152
1580283980296	1267.82	798.66	1277.96	780.61	3.7918	4.1137
1580283988631	1267.30	790.51	1275.59	785.13	3.7836	4.1151
1580283996964	1257.25	791.61	1274.29	780.99	3.7840	4.1034
1580284005298	1257.83	781.26	1278.67	773.30	3.7880	4.1133
1580284013631	1266.80	768.53	1280.97	763.86	3.7840	4.1105
1580284021963	1258.62	784.38	1274.55	763.90	3.7829	4.1207
1580284030296	1254.65	795.21	1278.94	778.00	3.7976	4.1127
1580284038630	1269.11	787.73	1276.29	782.87	3.8145	4.1212
1580284046963	1262.64	769.40	1275.65	785.24	3.7789	4.1336
1580284055296	1263.56	772.64	1280.96	777.34	3.7650	4.1242
1580284063631	1264.04	783.43	1276.53	777.61	3.7914	4.1292
1580284071964	1266.53	776.96	1282.09	777.66	3.7788	4.1369
1580284080300	1261.05	780.61	1276.29	773.40	3.7793	4.1236
1580284088633	1259.48	767.41	1277.98	786.06	3.7767	4.1310
1580284096965	1261.58	770.85	1283.53	779.94	3.7880	4.1326
1580284105299	1263.01	781.32	1281.22	767.17	3.8051	4.1291
1580284113632	1263.66	787.76	1281.40	773.78	3.7831	4.1563
1580284121963	1260.47	785.66	1278.81	771.56	3.7580	4.1440
1580284130297	1260.40	778.19	1273.58	777.32	3.7771	4.1185
1580284138630	1265.24	784.53	1269.38	777.09	3.7959	4.1303
1580284146965	1264.91	778.15	1281.14	770.73	3.7797	4.1308
1580284155298	1256.60	780.85	1269.73	771.31	3.7868	4.1267
1580284163632	1252.59	787.89	1276.58	764.71	3.7662	4.1331
1580284171964	1262.01	795.86	1283.66	773.79	3.8067	4.1232
1580284180305	1257.56	777.02	1275.78	780.98	3.7970	4.1267
1580284188637	1263.79	768.96	1271.89	767.05	3.7736	4.1191
1580284196970	1266.99	800.22	1280.18	773.31	3.7788	4.1238
1580284205304	1269.69	783.75	1280.83	776.58	3.7791	4.1163
1580284213639	1270.72	766.48	1283.19	767.52	3.7699	4.1123
1580284221972	1257.69	764.76	1286.06	769.63	3.7889	4.1100
1580284230306	1255.33	784.86	1279.70	777.87	3.7843	4.1178
1580284238638	1255.15	782.13	1282.67	773.65	3.7738	4.1125
1580284246969	1264.88	784.66	1292.01	769.29	3.7824	4.1183
1580284255303	1269.90	785.60	1283.42	773.37	3.7758	4.1237
1580284263635	1265.92	780.12	1280.31	769.23	3.7804	4.0987
1580284271969	1265.22	772.16	1279.90	770.60	3.7910	4.1104
1580284280302	1259.32	775.87	1275.79	761.50	3.7916	4.1214
1580284288636	1259.41	766.61	1274.12	756.27	3.7905	4.1096
1580284296969	1265.52	777.38	1278.30	753.27	3.7925	4.0921
1580284305302	1254.61	786.90	1276.81	763.37	3.7828	4.1134
1580284313641	1258.22	790.01	1272.83	761.08	3.7916	4.1000
1580284321973	1257.97	787.32	1277.19	761.77	3.7667	4.0933
1580284330307	1265.27	798.01	1274.79	766.23	3.7948	4.0990
1580284338640	1261.86	799.77	1279.97	762.90	3.7892	4.1017
1580284346973	1266.55	784.95	1280.38	764.12	3.7858	4.0921
1580284355307	1264.57	796.91	1282.80	762.41	3.8047	4.1087
1580284363639	1266.88	795.42	1282.54	774.76	3.7863	4.1236
1580284371973	1257.60	791.43	1275.37	768.99	3.7976	4.1106
1580284380307	1260.86	774.08	1275.75	776.04	3.7844	4.0973
1580284388639	1260.31	772.44	1285.95	781.91	3.7958	4.0974
1580284396973	1267.27	762.20	1285.87	773.45	3.7755	4.1022
1580284405305	1260.03	771.98	1279.74	769.12	3.7813	4.1198
1580284413639	1260.38	773.04	1283.15	759.02	3.7887	4.0978
1580284421972	1263.29	780.25	1285.31	762.85	3.7803	4.1120
1580284430305	1263.29	781.04	1283.35	768.94	3.7822	4.1251
1580284438644	1268.74	793.97	1287.69	770.18	3.7960	4.1271
1580284446977	1265.95	787.61	1281.03	770.06	3.7841	4.1065
1580284455311	1262.48	788.62	1284.99	769.93	3.8008	4.1240
1580284463644	1268.32	774.36	1279.74	762.19	3.7863	4.0993
1580284471977	1273.69	775.71	1276.73	777.92	3.7864	4.1238
1580284480310	1258.25	805.48	1268.55	788.86	3.7984	4.1028
1580284488642	1260.22	906.39	1255.81	997.64	3.7026	3.7902
1580284496976	NaN	NaN	NaN	NaN	NaN	NaN
1580284505309	NaN	NaN	NaN	NaN	NaN	NaN
1580284513642	NaN	NaN	NaN	NaN	NaN	NaN
1580284521976	NaN	NaN	NaN	NaN	NaN	NaN
1580284530309	NaN	NaN	NaN	NaN	NaN	NaN
1580284538642	NaN	NaN	NaN	NaN	NaN	NaN
1580284546976	NaN	NaN	NaN	NaN	NaN	NaN
1580284555308	NaN	NaN	NaN	NaN	NaN	NaN
1580284563642	NaN	NaN	NaN	NaN	NaN	NaN
1580284571980	NaN	NaN	NaN	NaN	NaN	NaN
1580284580313	NaN	NaN	NaN	NaN	NaN	NaN
1580284588647	NaN	NaN	NaN	NaN	NaN	NaN
1580284596980	NaN	NaN	NaN	NaN	NaN	NaN
1580284605315	1444.80	1058.64	NaN	NaN	2.8689	NaN
1580284613648	1257.47	946.11	1192.92	1058.40	3.5259	3.3580
1580284621982	1253.25	871.24	1291.09	936.10	3.6696	3.8026
1580284630312	1272.61	815.70	1281.62	869.38	3.7421	3.9224
1580284638646	1272.16	803.39	1271.70	813.28	3.7691	4.0098
1580284646979	1269.03	813.57	1283.25	785.09	3.7352	4.0338
1580284655312	1266.85	819.72	1277.09	812.34	3.7777	4.0157
1580284663646	1267.19	817.14	1281.65	812.37	3.7773	4.0379
1580284671979	1261.33	806.23	1287.05	801.75	3.7866	4.0476
1580284680312	1264.35	798.12	1283.44	795.72	3.7923	4.0686
1580284688645	1266.37	810.05	1276.85	794.05	3.7888	4.0574
1580284696979	1262.03	810.76	1279.84	794.52	3.7937	4.0452
1580284705315	1266.82	814.29	1281.22	791.92	3.7914	4.0440
1580284713649	1262.85	820.90	1278.27	805.08	3.8080	4.0618
1580284721982	1263.30	805.23	1281.52	807.95	3.7985	4.0652
1580284730315	1265.29	807.39	1282.99	805.77	3.8028	4.0726
1580284738649	1266.57	808.54	1286.65	798.00	3.8142	4.0849
1580284746982	1269.12	805.76	1289.70	797.30	3.8058	4.0806
1580284755315	1267.43	801.29	1289.21	796.45	3.8107	4.0699
1580284763649	1273.34	791.78	1285.79	800.90	3.7919	4.0782
1580284771982	1272.14	801.79	1291.20	792.31	3.8164	4.0805
1580284780315	1271.89	786.81	1292.04	786.54	3.7931	4.0816
1580284788648	1265.16	789.76	1285.96	772.48	3.8362	4.0778
1580284796981	1273.02	785.25	1294.04	779.52	3.8216	4.1081
1580284805314	1267.21	783.37	1284.88	784.77	3.8234	4.1084
1580284813648	1269.23	786.76	1285.31	772.65	3.8257	4.0972
1580284821981	1273.05	783.83	1280.17	777.41	3.8196	4.0841
1580284830314	1261.33	800.20	1287.92	788.31	3.8256	4.1120
1580284838652	1254.85	795.99	1281.66	779.66	3.8131	4.1142
1580284846985	1263.95	786.02	1272.95	772.41	3.8094	4.0969
1580284855318	1264.79	782.34	1279.96	791.15	3.8317	4.0880
1580284863651	1263.61	786.14	1287.49	780.81	3.8028	4.0886
1580284871983	1263.45	803.36	1288.64	778.25	3.8255	4.1115
1580284880317	1262.82	804.05	1288.14	779.82	3.8212	4.1275
1580284888651	1264.17	800.92	1287.20	772.79	3.8031	4.1198
1580284896984	1261.39	791.96	1283.84	776.61	3.8109	4.1053
1580284905317	1258.09	787.45	1283.79	789.63	3.8100	4.1155
1580284913650	1263.61	774.48	1283.71	791.39	3.8016	4.1104
1580284921984	1271.29	794.49	1284.78	768.75	3.8064	4.1099
1580284930317	1267.63	806.43	1287.88	774.85	3.8151	4.1194
1580284938650	1264.46	783.96	1292.99	768.86	3.8144	4.1003
1580284946983	1270.37	783.81	1285.61	778.51	3.8181	4.1032
1580284955316	1261.63	779.29	1284.59	793.53	3.8016	4.1333
1580284963655	1262.82	782.11	1284.64	785.00	3.8135	4.1102
1580284971988	1264.42	783.61	1289.35	784.55	3.8085	4.1205
1580284980322	1266.32	789.14	1288.63	784.42	3.8163	4.1268
1580284988656	1262.47	805.03	1282.24	776.86	3.8186	4.1114
1580284996989	1267.93	797.16	1279.90	771.52	3.8075	4.0961
1580285005322	1263.21	790.98	1281.60	781.04	3.7923	4.1051
1580285013654	1263.65	785.57	1281.71	784.58	3.8111	4.1071
1580285021987	1263.98	783.15	1286.23	786.22	3.8116	4.0984
1580285030321	1264.05	773.95	1289.54	793.13	3.8065	4.1146
1580285038654	1265.04	778.22	1286.94	789.11	3.7869	4.0935
1580285046988	1266.56	774.05	1287.09	794.77	3.7863	4.1128
1580285055321	1266.73	775.60	1282.94	786.66	3.7971	4.0996
1580285063654	1266.84	772.78	1283.28	790.24	3.7781	4.1072
1580285071988	1261.66	794.74	1284.40	783.79	3.7852	4.0925
1580285080321	1271.98	794.45	1285.43	784.26	3.7690	4.1180
1580285088653	1267.27	797.45	1285.18	772.39	3.7825	4.1005
1580285096991	1267.51	799.85	1282.25	765.42	3.7957	4.0848
1580285105324	1265.70	807.67	1282.23	775.42	3.7825	4.0889
1580285113657	1269.09	800.72	1285.05	770.85	3.7842	4.1018
1580285121991	1268.25	800.77	1286.04	774.08	3.7654	4.1013
1580285130324	1270.23	794.09	1284.27	764.08	3.7487	4.0679
1580285138657	1267.46	794.79	1290.89	770.65	3.7578	4.0760
1580285146990	1261.04	791.44	1291.54	766.96	3.7572	4.0698
1580285155324	1265.64	783.56	1288.12	775.10	3.7312	4.0735
1580285163657	1263.33	795.86	1289.01	771.31	3.7526	4.0623
1580285171990	1267.34	785.53	1290.31	771.56	3.7458	4.0684
1580285180323	1272.45	793.20	1287.47	770.59	3.7323	4.0507
1580285188656	1263.49	795.72	1287.59	774.76	3.7340	4.0688
1580285196990	1269.34	789.59	1292.54	769.23	3.7121	4.0557
1580285205323	1262.61	797.80	1289.70	777.25	3.7210	4.0468
1580285213656	1274.66	801.43	1288.86	771.21	3.7117	4.0307
1580285221990	1267.73	800.92	1293.65	781.24	3.7152	4.0408
1580285230328	1268.44	794.24	1290.65	782.60	3.7166	4.0226
1580285238661	1267.09	784.75	1293.32	799.56	3.7055	4.0290
1580285246994	1265.11	767.85	1286.88	796.34	3.6751	3.9999
1580285255327	1260.27	772.60	1287.72	808.39	3.6725	4.0301
1580285263660	1266.11	778.14	1289.33	791.51	3.6841	4.0075
1580285271993	1265.99	783.02	1289.74	795.41	3.7013	4.0165
1580285280326	1264.22	780.33	1288.73	796.83	3.6733	3.9924
1580285288660	1263.05	769.73	1292.43	794.62	3.6541	3.9872
1580285296994	1264.60	787.55	1294.99	792.13	3.6691	3.9832
1580285305327	1261.65	792.85	1296.02	787.79	3.6500	3.9634
1580285313660	1269.09	797.88	1296.01	786.96	3.6681	3.9789
1580285321992	1258.88	779.49	1299.17	776.29	3.6355	3.9968
1580285330326	1263.52	767.99	1294.42	783.84	3.6264	3.9768
1580285338659	1260.04	786.09	1297.38	785.01	3.6692	3.9576
1580285346993	1262.21	781.70	1297.57	797.64	3.6410	3.9523
1580285355328	1260.64	779.67	1297.81	794.50	3.6438	3.9562
1580285363662	1260.41	770.75	1296.95	790.46	3.6352	3.9634
1580285371996	1268.66	777.21	1296.53	780.80	3.6354	3.9602
1580285380329	1266.79	795.42	1299.27	777.18	3.6141	3.9491
1580285388662	1265.87	795.11	1300.02	788.57	3.6352	3.9333
1580285396994	1267.00	780.77	1293.60	795.49	3.6358	3.9330
1580285405327	1265.95	782.96	1296.35	786.57	3.6446	3.9282
1580285413661	1263.32	777.69	1298.57	791.93	3.6288	3.9350
1580285421995	1264.66	771.20	1299.46	784.53	3.6142	3.9119
1580285430328	1264.64	769.52	1293.16	796.61	3.6208	3.9290
1580285438661	1266.01	784.55	1296.31	796.05	3.5975	3.9183
1580285446994	1270.25	796.69	1300.86	798.68	3.6198	3.9262
1580285455328	1274.87	791.56	1296.43	782.03	3.6170	3.9115
1580285463661	1270.90	787.46	1300.23	774.61	3.5954	3.9250
1580285471995	1267.27	777.46	1298.53	776.81	3.5860	3.9315
1580285480326	1267.00	778.89	1294.82	777.65	3.5970	3.9001
1580285488666	1263.83	774.95	1301.14	782.20	3.6113	3.8985
1580285496999	1269.32	778.46	1299.83	780.72	3.6089	3.8945
1580285505333	1269.62	777.51	1300.16	799.10	3.6004	3.9190
1580285513666	1260.04	786.11	1291.81	797.60	3.6063	3.8996
1580285521999	1261.26	780.76	1301.66	781.69	3.6105	3.9322
1580285530332	1270.01	764.89	1309.33	743.71	3.6241	3.8979
1580285538666	1276.51	760.68	1301.98	760.08	3.6045	3.9022
1580285547000	1267.80	769.89	1304.68	760.19	3.5980	3.9157
1580285555332	1267.51	756.31	1306.88	761.97	3.5766	3.9104
1580285563665	1260.28	753.73	1303.93	765.74	3.5861	3.9098
1580285571998	1266.45	750.86	1308.92	755.73	3.5926	3.9056
1580285580332	1266.25	747.75	1312.57	772.28	3.5834	3.9212
1580285588665	1273.32	758.95	1303.62	764.28	3.6230	3.8982
1580285596999	1272.58	759.98	1308.17	764.15	3.6010	3.9020
1580285605331	1267.63	756.96	1308.57	762.14	3.6043	3.9051
1580285613665	1272.48	761.54	1307.65	756.78	3.6055	3.8884
1580285622004	1265.31	762.99	1313.75	760.45	3.6044	3.8938
1580285630336	1270.20	761.38	1312.90	764.14	3.5926	3.8985
1580285638669	1269.31	756.73	1303.38	762.54	3.5921	3.9071
1580285647002	1270.83	762.04	1308.37	756.24	3.5868	3.8999
1580285655335	1272.92	761.50	1304.66	770.75	3.5935	3.9237
1580285663669	1271.73	766.10	1303.91	752.36	3.6051	3.8875
1580285672003	1269.71	759.81	1301.58	755.78	3.6218	3.9020
1580285680336	1272.07	746.31	1302.69	755.43	3.6049	3.8946
1580285688669	1268.46	747.94	1302.99	752.35	3.5875	3.8950
1580285697002	1269.80	768.48	1301.36	761.73	3.6246	3.9202
1580285705335	1267.29	772.99	1301.71	755.83	3.6017	3.9010
1580285713668	1256.00	767.36	1293.19	772.66	3.5995	3.9332
1580285722001	1254.88	759.95	1301.21	758.52	3.5878	3.8875
1580285730334	1260.61	759.21	1308.03	762.39	3.6070	3.9021
1580285738668	1262.42	749.70	1304.30	757.93	3.5814	3.8914
1580285747001	1262.78	748.85	1301.95	763.21	3.6081	3.9060
1580285755340	1266.28	747.42	1305.47	764.17	3.6011	3.8990
1580285763673	1268.90	750.99	1309.52	755.50	3.5997	3.8890
1580285772006	1268.41	739.86	1311.07	764.38	3.5984	3.9055
1580285780339	1261.44	753.79	1305.56	753.43	3.6153	3.8982
1580285788672	1266.82	744.22	1311.94	747.41	3.5866	3.8852
1580285797005	1263.38	741.40	1306.80	753.09	3.6067	3.9014
1580285805339	1262.76	739.47	1303.93	743.10	3.5845	3.8720
1580285813671	1265.12	750.22	1311.03	753.27	3.6092	3.8995
1580285822005	1249.02	735.67	1302.31	758.64	3.5727	3.8846
1580285830339	1260.78	747.52	1296.85	767.32	3.5827	3.9068
1580285838672	1258.33	755.10	1300.79	759.51	3.6102	3.8965
1580285847005	1250.02	765.16	1304.14	772.58	3.5922	3.9280
1580285855338	1260.28	762.55	1296.23	770.02	3.5977	3.8931
1580285863671	1252.42	763.31	1303.52	760.10	3.5864	3.8785
1580285872004	1258.37	776.04	1298.48	756.39	3.6172	3.8683
1580285880341	1248.78	763.01	1295.67	767.31	3.5779	3.8773
1580285888674	1253.31	765.35	1292.28	771.42	3.5924	3.9087
1580285897007	1261.25	768.24	1299.39	759.99	3.6118	3.8802
1580285905341	1255.89	771.00	1296.88	763.71	3.6239	3.8920
1580285913674	1259.91	757.71	1293.95	765.65	3.5796	3.8838
1580285922007	1254.21	766.49	1294.45	764.62	3.6116	3.8845
1580285930341	1256.42	753.05	1298.52	757.30	3.6057	3.8890
1580285938673	1252.54	757.35	1298.21	756.29	3.6229	3.8801
1580285947006	1252.56	756.23	1294.76	753.74	3.6021	3.8836
1580285955340	1255.09	764.00	1294.81	758.40	3.5919	3.8822
1580285963673	1251.36	764.17	1289.15	756.67	3.5965	3.8734
1580285972006	1253.80	769.71	1297.57	755.86	3.6129	3.8744
1580285980339	1254.37	772.23	1295.51	756.81	3.6017	3.8710
1580285988673	1256.35	758.45	1294.78	759.11	3.5917	3.8694
1580285997006	1254.37	767.86	1295.97	760.17	3.5917	3.8752
1580286005340	1250.98	754.41	1295.96	755.36	3.5767	3.8518
1580286013679	1255.75	746.73	1291.34	762.27	3.5630	3.8739
1580286022012	1248.18	756.19	1298.67	756.18	3.5771	3.8686
1580286030346	1254.81	757.90	1297.95	756.74	3.5979	3.8627
1580286038679	1246.07	753.70	1299.68	754.59	3.5762	3.8632
1580286047012	1255.73	749.75	1298.18	758.18	3.5716	3.8675
1580286055346	1257.23	743.34	1297.82	766.41	3.5470	3.8708
1580286063678	1249.16	753.87	1293.59	762.24	3.5671	3.8672
1580286072012	1255.84	754.82	1297.90	759.79	3.5428	3.8554
1580286080346	1254.11	766.08	1302.59	764.70	3.5726	3.8780
1580286088678	1254.23	746.49	1297.29	761.40	3.5292	3.8416
1580286097011	1254.28	755.65	1294.89	747.93	3.5452	3.8346
1580286105344	1252.33	766.44	1297.13	769.39	3.5414	3.8757
1580286113678	1257.00	772.90	1301.97	764.56	3.5539	3.8657
1580286122011	1260.67	764.55	1305.75	757.88	3.5118	3.8354
1580286130344	1257.39	771.37	1303.08	755.85	3.5417	3.8422
1580286138678	1264.32	771.49	1302.74	753.58	3.5303	3.8320
1580286147015	1259.83	759.16	1301.04	759.20	3.5028	3.8417
1580286155349	1267.33	779.95	1304.78	760.99	3.5362	3.8409
1580286163681	1260.11	766.30	1298.92	764.73	3.5057	3.8443
1580286172014	1260.52	770.45	1302.16	747.56	3.5248	3.8143
1580286180347	1258.15	773.75	1298.93	765.23	3.5274	3.8335
1580286188680	1262.64	770.63	1297.81	754.89	3.5124	3.8331
1580286197014	1260.78	768.52	1300.11	757.76	3.5072	3.8415
1580286205348	1265.41	766.58	1302.96	765.06	3.5006	3.8520
1580286213681	1256.25	773.15	1301.07	769.07	3.5231	3.8484
1580286222014	1261.72	758.43	1299.34	770.36	3.5120	3.8520
1580286230347	1261.23	757.40	1294.18	774.16	3.5167	3.8598
1580286238681	1256.54	754.97	1297.67	768.07	3.5383	3.8467
1580286247013	1252.06	737.34	1300.40	753.89	3.4882	3.8316
1580286255346	1257.43	744.28	1303.84	768.71	3.4880	3.8465
1580286263680	1263.12	742.88	1301.91	761.29	3.4786	3.8422
1580286272013	1257.27	759.32	1295.87	766.98	3.5243	3.8458
1580286280350	1258.88	761.65	1300.06	765.13	3.5105	3.8556
1580286288684	1255.20	774.51	1300.66	763.17	3.5189	3.8422
1580286297017	1256.23	758.72	1298.15	759.31	3.5061	3.8503
1580286305350	1257.36	769.43	1303.09	750.89	3.5126	3.8266
1580286313683	1256.13	751.43	1299.64	750.41	3.4708	3.8067
1580286322016	1263.32	781.12	1298.23	768.21	3.5406	3.8513
1580286330349	1257.29	766.60	1304.27	756.27	3.5256	3.8141
1580286338683	1256.49	761.92	1296.41	763.03	3.5071	3.8425
1580286347016	1256.63	757.24	1297.03	760.64	3.5294	3.8510
1580286355349	1259.76	754.09	1296.30	756.63	3.5054	3.8345
1580286363683	1264.08	758.96	1296.68	764.94	3.5231	3.8490
1580286372016	1264.27	748.09	1302.96	757.33	3.5306	3.8325
1580286380349	1261.98	740.63	1295.03	776.45	3.4970	3.8651
1580286388683	1263.64	758.07	1292.88	760.25	3.5303	3.8266
1580286397014	1256.29	763.67	1298.96	771.10	3.5153	3.8291
1580286405353	1259.61	769.79	1291.92	764.55	3.5215	3.8262
1580286413687	1254.36	764.28	1292.94	775.08	3.5221	3.8509
1580286422020	1258.45	762.89	1292.25	765.21	3.5424	3.8263
1580286430353	1260.01	761.72	1290.96	769.73	3.5364	3.8418
1580286438686	1254.98	759.52	1298.27	766.02	3.5148	3.8188
1580286447020	1253.17	759.25	1298.07	773.02	3.5134	3.8353
1580286455355	1261.59	769.12	1303.20	764.67	3.5265	3.8318
1580286463689	1260.68	763.07	1303.87	753.27	3.5127	3.7914
1580286472021	1263.10	763.62	1296.15	764.51	3.5101	3.8350
1580286480352	1257.57	762.51	1300.57	756.68	3.5211	3.8194
1580286488686	1258.31	770.11	1296.01	776.32	3.5389	3.8621
1580286497019	1264.67	765.74	1303.70	763.01	3.5330	3.8311
1580286505352	1255.33	753.82	1294.33	754.77	3.5289	3.8120
1580286513686	1260.02	741.32	1304.29	764.88	3.4965	3.8275
1580286522018	1262.28	753.83	1293.67	769.64	3.5299	3.8291
1580286530354	1254.15	743.10	1299.68	766.42	3.5257	3.8157
1580286538693	1257.91	732.14	1305.09	767.95	3.4774	3.8302
1580286547025	1261.56	736.30	1298.78	752.62	3.4906	3.8118
1580286555358	1261.89	767.42	1300.83	761.68	3.5497	3.8170
1580286563691	1266.40	776.09	1297.03	769.42	3.5305	3.8376
1580286572025	1265.26	774.61	1299.97	762.12	3.5447	3.8305
1580286580358	1261.77	760.37	1303.89	771.50	3.5235	3.8560
1580286588692	1266.71	772.25	1296.12	754.11	3.5377	3.8226
1580286597025	1258.62	753.54	1305.45	760.92	3.5051	3.8410
1580286605358	1264.82	772.71	1303.81	765.27	3.5328	3.8447
1580286613691	1268.97	761.21	1306.11	771.92	3.5314	3.8369
1580286622025	1269.27	754.89	1302.52	760.34	3.5387	3.8084
1580286630357	1265.74	746.04	1303.30	764.31	3.5293	3.8341
1580286638690	1264.57	750.20	1297.79	761.28	3.5502	3.8456
1580286647023	1269.11	747.28	1295.21	759.30	3.5359	3.8471
1580286655357	1273.57	757.15	1304.56	762.24	3.5368	3.8564
1580286663690	1269.06	765.70	1292.63	770.20	3.5239	3.8417
1580286672028	1266.49	747.46	1299.86	766.16	3.4988	3.8369
1580286680361	1261.16	735.01	1298.80	764.49	3.5061	3.8179
1580286688694	1265.24	753.34	1296.75	775.76	3.5167	3.8822
1580286697028	1259.59	760.71	1302.05	753.81	3.5251	3.8332
1580286705360	1272.50	759.32	1301.48	762.39	3.5786	3.8366
1580286713693	1274.45	752.15	1309.78	766.92	3.5471	3.8448
1580286722027	1268.87	780.60	1303.08	753.63	3.5593	3.8244
1580286730360	1273.68	748.42	1296.22	757.04	3.5511	3.8428
1580286738693	1265.35	777.13	1295.98	763.86	3.5449	3.8637
1580286747027	1277.22	756.88	1302.09	759.44	3.5657	3.8472
1580286755360	1264.21	758.99	1299.44	772.15	3.5280	3.8618
1580286763694	1273.44	756.91	1295.77	768.52	3.5437	3.8303
1580286772026	1264.57	744.94	1304.57	756.95	3.5479	3.8421
1580286780359	1266.84	778.25	1302.70	747.23	3.5617	3.8296
1580286788692	1269.98	782.79	1293.23	763.44	3.5780	3.8529
1580286797030	1261.54	781.21	1301.10	763.27	3.5702	3.8397
1580286805363	1269.18	773.93	1291.78	782.33	3.5452	3.8827
1580286813696	1269.72	782.01	1299.35	774.56	3.5660	3.8714
1580286822030	1262.99	755.28	1298.84	756.52	3.5579	3.8650
1580286830363	1268.40	750.74	1293.13	757.25	3.5635	3.8472
1580286838696	1263.15	774.61	1298.84	765.53	3.5715	3.8562
1580286847030	1274.15	759.42	1301.06	773.50	3.5643	3.8707
1580286855361	1273.13	754.40	1304.84	759.26	3.5706	3.8707
1580286863697	1268.58	777.78	1291.68	745.56	3.5660	3.8463
1580286872031	1267.47	748.61	1301.54	756.76	3.5449	3.8641
1580286880364	1271.13	740.31	1294.59	770.17	3.5677	3.8815
1580286888695	1275.45	759.88	1300.36	760.43	3.5969	3.8712
1580286897028	1264.75	755.59	1304.37	760.27	3.5884	3.8943
1580286905362	1271.85	763.76	1303.99	768.51	3.5917	3.8633
1580286913695	1273.60	769.34	1302.22	761.98	3.5808	3.8687
1580286922029	1278.29	776.84	1303.32	762.93	3.6020	3.8839
1580286930371	1268.29	771.53	1302.73	772.02	3.5963	3.8795
1580286938703	1271.66	763.61	1300.67	757.23	3.5944	3.8823
1580286947037	1294.65	784.73	1305.36	795.40	3.5893	3.8871
1580286955370	1305.83	831.72	1304.24	966.61	3.5719	3.6595
1580286963703	NaN	NaN	NaN	NaN	NaN	NaN
1580286972037	NaN	NaN	NaN	NaN	NaN	NaN
1580286980369	NaN	NaN	NaN	NaN	NaN	NaN
1580286988703	NaN	NaN	NaN	NaN	NaN	NaN
1580286997037	NaN	NaN	NaN	NaN	NaN	NaN
1580287005369	NaN	NaN	NaN	NaN	NaN	NaN
1580287013702	NaN	NaN	NaN	NaN	NaN	NaN
1580287022036	NaN	NaN	NaN	NaN	NaN	NaN
1580287030368	NaN	NaN	NaN	NaN	NaN	NaN
1580287038702	NaN	NaN	NaN	NaN	NaN	NaN
1580287047036	NaN	NaN	NaN	NaN	NaN	NaN
1580287055369	1292.87	1211.38	1193.82	952.64	2.0843	3.1805
1580287063704	1296.44	895.72	1347.12	940.85	3.3375	3.6332
1580287072038	1302.32	842.91	1337.03	881.72	3.4937	3.7620
1580287080371	1316.94	784.04	1319.44	815.94	3.5632	3.8444
1580287088703	1312.93	783.79	1324.47	796.19	3.5828	3.8447
1580287097036	1314.13	786.35	1333.39	784.44	3.5547	3.8339
1580287105370	1314.78	794.65	1328.42	800.82	3.5696	3.8752
1580287113703	1309.19	802.27	1328.42	805.15	3.5817	3.9067
1580287122036	1309.06	792.24	1333.06	795.45	3.5776	3.8936
1580287130370	1304.52	787.67	1325.69	784.61	3.5848	3.9069
1580287138703	1304.46	786.69	1323.45	792.32	3.6181	3.8997
1580287147036	1309.69	781.33	1322.78	812.56	3.6312	3.9207
1580287155370	1305.65	762.70	1323.95	795.98	3.6315	3.9014
1580287163702	1306.36	764.55	1324.61	784.22	3.6284	3.9049
1580287172035	1316.19	769.92	1334.31	760.81	3.6217	3.8906
1580287180369	1311.36	777.19	1327.38	775.11	3.6343	3.9219
1580287188702	1320.16	775.88	1327.05	787.79	3.6305	3.9413
1580287197040	1310.79	780.22	1322.34	781.75	3.6377	3.9212
1580287205374	1312.38	778.37	1324.93	797.29	3.6286	3.9584
1580287213707	1311.33	766.63	1318.18	788.61	3.6086	3.9248
1580287222040	1307.65	773.69	1330.39	769.37	3.6496	3.9068
1580287230373	1302.00	770.35	1328.68	777.93	3.6440	3.9294
1580287238706	1307.13	765.56	1324.61	774.95	3.6459	3.9258
1580287247039	1302.16	765.84	1324.25	777.09	3.6433	3.9527
1580287255373	1309.15	758.94	1328.32	774.06	3.6620	3.9420
1580287263706	1306.78	753.95	1324.38	775.66	3.6442	3.9370
1580287272039	1300.50	761.98	1329.87	764.78	3.6468	3.9346
1580287280372	1306.55	759.74	1329.65	777.12	3.6582	3.9582
1580287288706	1305.72	763.06	1331.46	766.14	3.6603	3.9492
1580287297039	1302.55	759.11	1328.52	770.50	3.6578	3.9436
1580287305372	1311.72	765.78	1328.88	766.42	3.6736	3.9354
1580287313706	1313.85	763.63	1325.60	770.27	3.6585	3.9501
1580287322042	1312.44	775.04	1327.04	767.04	3.6650	3.9253
1580287330376	1308.72	776.87	1321.73	767.77	3.6709	3.9348
1580287338709	1311.02	762.97	1329.69	764.72	3.6448	3.9441
1580287347042	1311.81	763.49	1330.03	764.60	3.6556	3.9511
1580287355375	1304.38	754.90	1324.28	750.31	3.6598	3.9338
1580287363709	1292.75	765.52	1316.27	766.19	3.6743	3.9573
1580287372042	1295.71	767.57	1318.74	771.36	3.6522	3.9648
1580287380375	1295.24	771.71	1321.42	769.32	3.6502	3.9360
1580287388709	1299.19	778.65	1320.70	784.74	3.6443	3.9611
1580287397041	1305.02	771.73	1327.95	783.07	3.6772	3.9397
1580287405374	1303.89	757.44	1320.12	795.51	3.6743	3.9502
1580287413708	1303.93	768.04	1322.40	796.15	3.6692	3.9574
1580287422041	1299.20	761.92	1318.55	797.55	3.6573	3.9725
1580287430375	1292.90	768.07	1315.50	792.82	3.6611	3.9777
1580287438708	1292.51	765.18	1313.43	796.85	3.6534	3.9742
1580287447041	1298.15	762.17	1322.51	791.96	3.6476	3.9850
1580287455382	1298.56	764.99	1325.31	756.84	3.6544	3.9391
1580287463714	1306.61	770.54	1319.10	762.53	3.6747	3.9681
1580287472047	1302.93	776.01	1322.09	768.55	3.6826	3.9524
1580287480381	1306.21	774.88	1313.61	784.56	3.6548	3.9613
1580287488714	1302.12	778.41	1322.43	782.97	3.6525	3.9290
1580287497047	1302.45	782.51	1318.53	781.82	3.6543	3.9477
1580287505381	1307.00	781.77	1321.17	785.26	3.6514	3.9512
1580287513714	1304.73	773.77	1318.80	778.74	3.6617	3.9427
1580287522047	1308.32	765.62	1319.63	766.66	3.6706	3.9685
1580287530381	1305.19	768.46	1320.93	758.24	3.6447	3.9426
1580287538714	1305.10	778.04	1321.85	769.77	3.6436	3.9403
1580287547046	1308.01	785.94	1317.31	801.83	3.6462	3.9660
1580287555380	1295.49	758.26	1311.79	788.13	3.6277	3.9539
1580287563713	1299.37	756.17	1315.05	777.78	3.6513	3.9497
1580287572046	1305.98	766.84	1317.57	765.45	3.6549	3.9487
1580287580380	1300.87	763.17	1308.91	777.57	3.6375	3.9827
1580287588715	1292.93	767.84	1318.75	772.01	3.6492	3.9636
1580287597048	1296.03	761.09	1319.72	785.11	3.6382	3.9612
1580287605382	1301.43	765.58	1318.17	792.15	3.6446	3.9630
1580287613715	1299.35	767.25	1321.14	800.36	3.6472	3.9799
1580287622047	1297.32	762.84	1314.74	790.80	3.6298	3.9905
1580287630380	1265.91	756.46	1285.41	766.59	3.6509	3.9585
1580287638714	1267.37	764.20	1303.37	759.99	3.6268	3.9558
1580287647047	1275.99	764.34	1300.49	761.50	3.6334	3.9503
1580287655380	1271.04	769.33	1304.08	770.08	3.6287	3.9510
1580287663714	1272.78	765.63	1301.79	775.59	3.6331	3.9709
1580287672047	1278.43	773.24	1302.33	766.19	3.6424	3.9451
1580287680380	1277.09	759.30	1302.65	762.92	3.6395	3.9527
1580287688713	1271.32	745.84	1305.77	762.57	3.6150	3.9404
1580287697047	1267.40	757.88	1301.55	762.87	3.6381	3.9502
1580287705379	1271.20	768.19	1303.69	761.29	3.6414	3.9288
1580287713713	1269.61	771.51	1301.31	782.41	3.6376	3.9665
1580287722051	1262.98	776.91	1301.28	788.56	3.6243	3.9567
1580287730384	1273.50	777.99	1303.13	787.78	3.6147	3.9252
1580287738718	1266.16	776.39	1300.75	788.94	3.6148	3.9398
1580287747051	1271.76	786.78	1298.61	789.14	3.6476	3.9433
1580287755384	1277.79	780.48	1299.68	790.52	3.6156	3.9354
1580287763717	1266.93	776.14	1301.68	787.81	3.5892	3.9470
1580287772051	1270.48	779.96	1290.67	809.47	3.6146	3.9797
1580287780383	1274.09	775.84	1295.48	797.98	3.5981	3.9542
1580287788717	1274.85	766.75	1294.67	795.68	3.6068	3.9320
1580287797050	1277.67	772.46	1300.25	779.76	3.6134	3.9123
1580287805383	1276.71	769.70	1297.87	780.20	3.6052	3.9204
1580287813716	1279.06	764.30	1297.26	766.18	3.6067	3.9032
1580287822050	1271.86	757.64	1294.64	766.04	3.5981	3.9166
1580287830384	1278.87	760.31	1296.51	771.28	3.5973	3.9284
1580287838717	1274.55	760.28	1295.27	759.17	3.5991	3.8979
1580287847054	1275.61	759.16	1293.39	779.74	3.5928	3.9259
1580287855386	1278.41	755.83	1298.29	756.12	3.5755	3.8787
1580287863720	1282.54	760.36	1291.49	760.97	3.6005	3.8927
1580287872053	1274.60	755.94	1292.98	770.27	3.5655	3.9136
1580287880386	1276.58	767.02	1294.62	769.80	3.5785	3.8987
1580287888720	1269.98	774.95	1291.39	769.50	3.5897	3.8756
1580287897053	1271.24	776.31	1291.52	775.42	3.5744	3.9025
1580287905386	1276.88	786.76	1296.15	791.88	3.5657	3.8976
1580287913720	1276.29	775.96	1302.80	796.49	3.5206	3.9071
1580287922053	1275.07	772.89	1305.63	784.26	3.5377	3.8709
1580287930385	1272.92	772.98	1302.33	796.58	3.5654	3.9147
1580287938719	1273.71	755.74	1296.68	791.86	3.5301	3.8932
1580287947052	1274.92	749.51	1300.23	796.74	3.5160	3.9133
1580287955385	1271.68	762.23	1297.27	785.50	3.5513	3.8897
1580287963719	1270.14	758.03	1295.99	785.65	3.5221	3.8680
1580287972052	1267.59	766.84	1304.07	791.86	3.5298	3.8824
1580287980391	1277.15	780.15	1299.33	774.27	3.5496	3.8590
1580287988725	1271.01	786.00	1303.62	775.64	3.5450	3.8767
1580287997058	1269.08	789.92	1298.92	782.61	3.5736	3.8879
1580288005390	1272.60	783.42	1301.88	777.34	3.5869	3.8737
1580288013724	1270.87	781.05	1300.93	772.14	3.5707	3.8620
1580288022057	1273.79	772.57	1298.72	781.58	3.5567	3.8701
1580288030390	1262.35	753.40	1299.78	775.59	3.5277	3.8556
1580288038724	1265.41	753.66	1297.50	790.75	3.5400	3.8737
1580288047057	1268.99	774.06	1299.35	780.05	3.5593	3.8498
1580288055390	1265.11	774.27	1304.84	783.33	3.5336	3.8678
1580288063724	1266.64	772.38	1306.43	777.22	3.5308	3.8748
1580288072057	1267.88	795.68	1300.53	778.32	3.5451	3.8540
1580288080390	1264.64	779.77	1299.49	785.12	3.5032	3.8698
1580288088723	1277.31	776.08	1303.31	784.98	3.5275	3.8389
1580288097056	1273.84	766.30	1300.46	799.71	3.5318	3.8780
1580288105389	1269.98	755.49	1299.20	767.91	3.5361	3.8175
1580288113728	1268.96	748.92	1305.76	789.04	3.5174	3.8465
1580288122061	1279.61	768.29	1301.31	791.12	3.5540	3.8455
1580288130394	1270.23	746.12	1301.12	795.41	3.4965	3.8572
1580288138728	1275.77	758.53	1300.72	788.80	3.5040	3.8460
1580288147061	1273.83	774.64	1305.47	768.19	3.5058	3.7919
1580288155394	1264.77	772.89	1300.77	772.18	3.4962	3.8224
1580288163726	1265.11	789.98	1300.42	771.27	3.5372	3.8251
1580288172060	1267.87	790.80	1304.70	769.58	3.5413	3.8306
1580288180393	1265.99	770.34	1297.61	768.29	3.5153	3.8080
1580288188726	1269.18	767.97	1298.07	778.66	3.5076	3.8133
1580288197060	1271.51	760.75	1292.25	784.85	3.4961	3.8307
1580288205393	1271.18	766.67	1293.71	777.24	3.5192	3.8174
1580288213726	1272.40	779.91	1292.69	780.48	3.5375	3.8259
1580288222060	1277.73	769.50	1288.71	783.73	3.5168	3.8486
1580288230393	1273.75	765.38	1290.38	780.91	3.4900	3.8350
1580288238725	1267.25	777.88	1300.18	762.36	3.5228	3.7927
1580288247062	1277.36	785.70	1308.22	760.57	3.5199	3.7917
1580288255395	1264.39	769.39	1295.26	767.78	3.4676	3.7790
1580288263728	1266.54	788.45	1290.65	789.16	3.5230	3.8229
1580288272062	1268.16	775.55	1295.72	774.28	3.4955	3.7655
1580288280395	1268.97	777.10	1297.11	785.22	3.5217	3.8059
1580288288728	1269.27	759.93	1300.47	781.66	3.4674	3.7927
1580288297062	1268.80	767.32	1297.65	777.25	3.4975	3.7892
1580288305395	1261.31	762.49	1300.58	774.88	3.4844	3.7650
1580288313727	1267.29	761.31	1296.45	778.67	3.4746	3.7718
1580288322060	1274.92	777.80	1302.09	779.17	3.4936	3.7877
1580288330394	1265.67	771.70	1300.03	783.82	3.4614	3.7789
1580288338727	1269.15	775.00	1298.30	778.61	3.4615	3.7851
1580288347061	1275.03	782.59	1298.04	775.62	3.4950	3.7743
1580288355394	1267.92	785.90	1301.33	767.13	3.5085	3.7860
1580288363727	1266.81	774.52	1305.27	769.84	3.5143	3.7690
1580288372067	1270.48	755.70	1294.83	759.56	3.4829	3.7706
1580288380400	1267.02	769.55	1300.11	768.56	3.5002	3.7888
1580288388732	1264.29	765.44	1294.28	765.68	3.4927	3.7908
1580288397066	1264.45	768.15	1296.13	770.19	3.4977	3.7858
1580288405399	1271.61	774.93	1297.92	770.52	3.5060	3.7930
1580288413732	1269.31	772.89	1298.57	777.41	3.4952	3.7968
1580288422066	1266.43	772.38	1296.97	770.38	3.4783	3.7769
1580288430399	1267.24	779.97	1296.00	771.81	3.4895	3.7760
1580288438732	1271.07	780.68	1296.73	766.49	3.4807	3.7587
1580288447065	1277.13	790.14	1293.06	786.85	3.5094	3.7914
1580288455398	1266.52	763.92	1295.71	776.40	3.4771	3.7715
1580288463732	1272.03	764.89	1294.59	781.36	3.4925	3.7855
1580288472065	1273.33	765.45	1291.94	782.27	3.4890	3.7831
1580288480398	1270.89	757.61	1302.43	763.84	3.4899	3.7605
1580288488731	1265.62	753.74	1297.93	766.35	3.4778	3.7686
1580288497064	1268.82	753.50	1295.81	774.59	3.4724	3.7811
1580288505403	1269.76	762.75	1296.94	778.20	3.4937	3.7859
1580288513736	1274.77	779.88	1295.74	769.51	3.5075	3.7634
1580288522070	1270.86	784.43	1294.60	775.34	3.4785	3.7624
1580288530403	1269.10	784.45	1293.36	767.30	3.4983	3.7649
1580288538736	1274.28	774.01	1297.78	765.86	3.5061	3.7560
1580288547069	1279.27	769.33	1294.44	771.09	3.5073	3.8023
1580288555402	1278.46	764.62	1294.80	769.78	3.4972	3.8027
1580288563735	1276.21	766.05	1290.45	770.93	3.4952	3.7976
1580288572068	1277.91	778.80	1290.65	761.05	3.5289	3.8021
1580288580401	1273.00	764.61	1291.35	765.47	3.5051	3.7880
1580288588735	1275.35	766.38	1290.46	757.61	3.5071	3.7916
1580288597069	1279.28	784.44	1293.44	769.11	3.5241	3.7824
1580288605401	1278.04	779.03	1297.96	772.39	3.5094	3.7803
1580288613735	1276.71	774.16	1288.32	786.34	3.5217	3.8027
1580288622067	1270.45	769.15	1288.16	784.12	3.5349	3.7974
1580288630400	1271.49	758.84	1285.01	788.00	3.5245	3.8258
1580288638738	1276.10	751.39	1289.08	772.79	3.5257	3.8098
1580288647071	1275.69	756.51	1291.94	770.51	3.5270	3.8221
1580288655404	1276.26	753.42	1293.06	776.73	3.5260	3.8379
1580288663738	1277.43	755.93	1295.76	762.78	3.5426	3.8041
1580288672071	1278.87	756.66	1293.02	777.74	3.5467	3.8249
1580288680405	1277.87	759.06	1285.07	779.35	3.5225	3.8117
1580288688738	1276.71	773.55	1288.57	762.35	3.5601	3.7766
1580288697070	1272.06	775.85	1291.55	776.06	3.5499	3.7960
1580288705403	1276.18	776.93	1300.11	773.05	3.5512	3.8117
1580288713737	1274.71	779.14	1297.64	777.35	3.5821	3.8333
1580288722070	1275.92	768.43	1292.26	773.13	3.5577	3.8395
1580288730403	1277.31	782.28	1295.25	767.05	3.5856	3.8132
1580288738737	1279.28	776.68	1302.17	768.08	3.5668	3.8075
1580288747070	1274.70	767.18	1295.60	772.53	3.5828	3.8337
1580288755403	1274.96	772.95	1295.49	758.51	3.5771	3.8037
1580288763741	1271.30	782.47	1298.09	763.37	3.5783	3.7967
1580288772074	1277.32	777.70	1296.71	769.40	3.5770	3.8170
1580288780406	1283.29	790.62	1293.48	769.66	3.6079	3.8021
1580288788740	1273.37	775.08	1293.60	760.97	3.5781	3.7874
1580288797073	1282.98	781.41	1294.45	767.36	3.5989	3.8081
1580288805407	1276.32	767.06	1287.29	787.25	3.5764	3.8229
1580288813740	1269.48	763.13	1299.16	777.89	3.6082	3.8118
1580288822073	1274.25	750.41	1296.19	775.87	3.5910	3.8338
1580288830407	1274.40	765.40	1291.17	762.84	3.5897	3.8354
1580288838740	1276.19	766.50	1292.01	766.61	3.5896	3.8382
1580288847073	1274.35	769.57	1297.49	767.50	3.5854	3.8425
1580288855405	1276.36	773.99	1293.25	759.45	3.5926	3.8177
1580288863739	1272.58	765.37	1291.33	769.11	3.5880	3.8394
1580288872073	1276.22	769.45	1299.41	757.02	3.5937	3.7979
1580288880405	1273.36	765.57	1298.18	780.73	3.5971	3.8380
1580288888739	1273.60	758.57	1296.85	781.51	3.5924	3.8297
1580288897078	1283.02	780.40	1287.39	777.12	3.5678	3.8156
1580288905411	1281.32	768.75	1270.65	835.72	3.6191	3.7316
1580288913745	1168.92	1084.63	NaN	NaN	2.9577	NaN
1580288922078	NaN	NaN	NaN	NaN	NaN	NaN
1580288930410	NaN	NaN	NaN	NaN	NaN	NaN
1580288938744	NaN	NaN	NaN	NaN	NaN	NaN
1580288947077	NaN	NaN	NaN	NaN	NaN	NaN
1580288955411	NaN	NaN	NaN	NaN	NaN	NaN
1580288963744	NaN	NaN	NaN	NaN	NaN	NaN
1580288972077	NaN	NaN	NaN	NaN	NaN	NaN
1580288980411	NaN	NaN	NaN	NaN	NaN	NaN
1580288988744	NaN	NaN	NaN	NaN	NaN	NaN
1580288997077	NaN	NaN	NaN	NaN	NaN	NaN
1580289005409	NaN	NaN	NaN	NaN	NaN	NaN
1580289013742	NaN	NaN	NaN	NaN	NaN	NaN
1580289022076	NaN	NaN	NaN	NaN	NaN	NaN
1580289030413	NaN	NaN	NaN	NaN	NaN	NaN
1580289038747	NaN	NaN	NaN	NaN	NaN	NaN
1580289047080	NaN	NaN	NaN	NaN	NaN	NaN
1580289055414	1332.04	1594.64	NaN	NaN	1.7015	NaN
1580289063747	NaN	NaN	NaN	NaN	NaN	NaN
1580289072080	1232.34	1159.73	NaN	NaN	3.4109	NaN
1580289080412	1232.28	1113.16	1289.22	1094.80	3.5208	3.7655
1580289088746	1254.67	1085.38	1280.45	1089.18	3.5965	3.7798
1580289097077	1248.75	1046.88	1287.01	1059.73	3.6351	3.8213
1580289105410	1248.35	1077.67	1276.23	1088.47	3.6111	3.7879
1580289113743	1242.50	1086.08	1285.63	1084.80	3.6157	3.7955
1580289122077	1248.85	1071.60	1282.89	1083.21	3.6250	3.8221
1580289130412	1235.64	1072.62	1283.13	1068.46	3.6353	3.8126
1580289138744	1253.72	1072.15	1283.15	1061.62	3.6234	3.8272
1580289147077	1232.68	1062.49	1275.45	1059.59	3.6334	3.8315
1580289155411	1250.18	1054.45	1281.67	1058.06	3.6450	3.8444
1580289163748	1239.11	1037.86	1285.60	1056.19	3.6532	3.8581
1580289172081	1257.72	1043.77	1274.79	1048.45	3.6707	3.8541
1580289180415	1228.21	1043.57	1282.93	1053.83	3.6611	3.8589
1580289188748	1246.33	1044.69	1278.28	1061.07	3.6737	3.8705
1580289197081	1249.09	1040.91	1285.15	1050.95	3.6544	3.8607
1580289205415	1249.93	1044.14	1279.76	1045.75	3.6649	3.8726
1580289213747	1250.19	1047.52	1284.63	1041.80	3.6567	3.8618
1580289222081	1245.14	1052.60	1283.15	1051.17	3.6562	3.8718
1580289230414	1246.72	1058.26	1278.44	1050.74	3.6606	3.8769
1580289238746	1242.17	1035.05	1288.70	1026.07	3.6518	3.8799
1580289247080	1297.76	946.76	1319.11	966.67	3.6697	3.8708
1580289255413	1310.77	918.02	1342.06	921.24	3.6606	3.8689
1580289263747	1304.58	892.49	1332.61	909.38	3.6322	3.8593
1580289272080	1300.14	913.12	1314.44	916.86	3.6393	3.8672
1580289280414	1305.31	907.41	1319.07	919.31	3.6202	3.8818
1580289288751	1306.15	900.59	1334.15	910.29	3.6276	3.8805
1580289297084	1303.09	897.62	1332.72	907.86	3.6257	3.8928
1580289305417	1306.11	909.85	1336.84	907.22	3.6455	3.8853
1580289313749	1312.99	923.21	1329.37	908.22	3.6371	3.8895
1580289322083	1298.74	915.27	1325.59	910.29	3.6412	3.8870
1580289330416	1307.72	906.88	1317.22	906.99	3.6397	3.8866
1580289338750	1300.24	914.25	1317.41	904.43	3.6537	3.9022
1580289347083	1305.30	923.11	1313.49	916.73	3.6415	3.8893
1580289355417	1308.96	914.77	1320.18	919.96	3.6471	3.9038
1580289363750	1297.29	901.09	1327.35	915.31	3.6550	3.8987
1580289372082	1302.07	918.19	1322.10	923.26	3.6495	3.9183
1580289380416	1312.63	925.24	1322.63	912.06	3.6603	3.9195
1580289388748	1298.80	918.85	1323.06	909.16	3.6570	3.9171
1580289397081	1295.70	899.54	1323.20	906.61	3.6391	3.9234
1580289405415	1306.55	910.48	1323.11	903.40	3.6340	3.9132
1580289413748	1295.10	915.50	1330.63	905.86	3.6255	3.9319
1580289422089	1301.91	923.36	1321.06	909.43	3.6505	3.9324
1580289430421	1312.81	964.57	1348.42	968.58	3.6701	3.9348
1580289438755	1328.94	1019.18	1359.89	1015.91	3.6663	3.9447
1580289447089	1305.44	985.20	1345.82	999.42	3.6630	3.9416
1580289455422	1302.98	958.00	1338.83	991.89	3.6508	3.9577
1580289463754	1306.83	961.10	1336.52	994.54	3.6467	3.9505
1580289472088	1320.33	959.96	1345.13	993.90	3.6490	3.9479
1580289480421	1306.29	973.62	1348.02	992.28	3.6600	3.9446
1580289488754	1305.28	993.14	1346.17	1000.23	3.6394	3.9425
1580289497088	1315.69	982.25	1338.48	986.48	3.6548	3.9487
1580289505421	1309.90	979.26	1333.01	991.59	3.6562	3.9636
1580289513754	1314.94	996.80	1340.05	996.45	3.6497	3.9514
1580289522088	1307.12	967.35	1345.27	987.59	3.6478	3.9703
1580289530421	1304.91	970.72	1342.31	992.65	3.6264	3.9687
1580289538754	1304.07	985.39	1346.74	991.21	3.6447	3.9595
1580289547087	1311.68	979.75	1347.07	992.17	3.6449	3.9569
1580289555423	1312.99	970.47	1347.50	981.16	3.6510	3.9473
1580289563756	1317.98	971.76	1344.82	993.30	3.6203	3.9613
1580289572090	1315.97	983.34	1349.87	994.22	3.6312	3.9647
1580289580423	1315.75	975.85	1349.06	988.40	3.6638	3.9654
1580289588755	1306.61	994.98	1343.77	1004.21	3.6442	3.9631
1580289597090	1319.56	958.56	1341.49	985.95	3.6406	3.9495
1580289605423	1314.14	990.73	1346.18	995.55	3.6356	3.9668
1580289613757	1309.10	994.43	1335.67	1001.50	3.6233	3.9580
1580289622088	1307.81	1003.87	1342.33	997.81	3.6396	3.9556
1580289630422	1306.23	978.67	1341.17	980.18	3.6526	3.9472
1580289638755	1309.50	975.70	1338.95	1002.05	3.6525	3.9653
1580289647089	1308.30	996.24	1336.87	985.00	3.6357	3.9544
1580289655422	1314.99	977.76	1343.81	1004.38	3.6638	3.9475
1580289663755	1316.47	985.43	1336.90	981.49	3.6379	3.9577
1580289672088	1318.87	961.62	1347.18	1006.99	3.6393	3.9666
1580289680427	1308.02	986.65	1342.12	992.96	3.6568	3.9590
1580289688761	1313.03	985.32	1344.95	993.66	3.6525	3.9714
1580289697093	1310.80	982.30	1337.24	988.57	3.6525	3.9665
1580289705426	1303.32	971.39	1341.99	985.57	3.6409	3.9543
1580289713759	1306.66	997.29	1343.77	1004.45	3.6535	3.9652
1580289722092	1318.63	973.60	1338.95	997.31	3.6498	3.9744
1580289730425	1300.39	998.32	1337.78	989.67	3.6637	3.9816
1580289738759	1313.35	970.85	1337.16	1009.17	3.6751	3.9595
1580289747095	1319.83	983.63	1334.71	984.52	3.6607	3.9690
1580289755425	1294.03	904.69	1331.94	925.71	3.6549	3.9773
1580289763759	1289.54	838.29	1321.98	819.27	3.6389	3.9666
1580289772092	1273.11	777.00	1312.27	791.27	3.6568	3.9459
1580289780425	1272.60	770.17	1309.12	774.57	3.6525	3.9681
1580289788760	1283.57	772.14	1306.77	790.19	3.6436	3.9567
1580289797091	1287.40	806.87	1314.40	785.83	3.6194	3.9713
1580289805427	1273.92	788.65	1305.17	793.51	3.6439	3.9512
1580289813765	1279.64	779.41	1307.78	788.31	3.6588	3.9744
1580289822098	1288.64	789.46	1297.87	804.26	3.6498	3.9762
1580289830432	1284.69	807.62	1298.82	803.02	3.6640	3.9680
1580289838765	1280.07	799.44	1299.74	793.63	3.6533	3.9990
1580289847097	1276.40	810.93	1304.92	783.11	3.6646	3.9701
1580289855431	1278.63	803.57	1299.17	805.48	3.6393	3.9877
1580289863765	1284.47	796.32	1292.41	804.13	3.6546	3.9912
1580289872098	1280.62	790.97	1300.41	802.54	3.6582	3.9936
1580289880431	1285.43	773.74	1294.81	792.69	3.6558	3.9814
1580289888764	1285.42	788.47	1299.88	776.67	3.6641	3.9564
1580289897097	1284.15	796.62	1295.52	788.39	3.6313	3.9560
1580289905431	1288.22	804.01	1298.90	797.11	3.6261	3.9628
1580289913764	1279.75	802.26	1300.97	800.25	3.6450	3.9541
1580289922098	1285.38	803.96	1301.24	779.16	3.6334	3.9558
1580289930430	1279.18	805.32	1295.19	782.79	3.6404	3.9558
1580289938763	1278.13	808.09	1303.09	803.16	3.6353	3.9649
1580289947101	1282.75	800.93	1298.25	807.55	3.6223	3.9615
1580289955435	1287.50	801.93	1296.27	801.86	3.6197	3.9667
1580289963768	1285.66	791.54	1302.45	787.37	3.6129	3.9316
1580289972102	1276.08	784.83	1306.35	777.74	3.6201	3.9510
1580289980434	1277.83	779.67	1306.47	780.02	3.6236	3.9515
1580289988768	1282.37	774.98	1293.24	806.03	3.6171	3.9843
1580289997102	1289.70	772.49	1300.10	805.85	3.6058	3.9691
1580290005434	1283.70	783.67	1300.11	806.92	3.6270	3.9402
1580290013767	1280.60	791.83	1297.89	785.96	3.6069	3.9679
1580290022101	1271.25	810.18	1305.54	804.77	3.6474	3.9470
1580290030434	1282.81	793.81	1301.22	795.16	3.6153	3.9587
1580290038767	1279.81	774.06	1301.99	790.92	3.5964	3.9425
1580290047101	1290.53	797.17	1297.59	799.84	3.6143	3.9399
1580290055434	1281.81	812.37	1294.78	794.18	3.6394	3.9813
1580290063767	1290.28	800.06	1296.29	782.49	3.6284	3.9522
1580290072101	1290.02	788.90	1306.20	802.01	3.6394	3.9312
1580290080439	1284.00	784.65	1308.58	785.58	3.6246	3.9448
1580290088772	1283.07	774.30	1305.46	784.92	3.6091	3.9386
1580290097104	1281.83	779.03	1304.82	813.64	3.6259	3.9402
1580290105437	1287.89	797.62	1300.92	822.65	3.6229	3.9353
1580290113770	1275.54	803.39	1291.17	813.05	3.6111	3.9678
1580290122104	1249.41	788.96	1271.16	803.32	3.6137	3.9639
1580290130437	1261.86	769.08	1279.33	774.81	3.6307	3.9511
1580290138772	1261.17	782.43	1278.73	796.84	3.6064	3.9669
1580290147104	1269.47	799.88	1281.64	803.34	3.6360	3.9512
1580290155435	1265.30	778.29	1288.25	785.82	3.6208	3.9536
1580290163771	1265.34	780.97	1284.27	772.13	3.6260	3.9546
1580290172105	1267.28	775.88	1284.63	790.24	3.6178	3.9483
1580290180438	1265.10	796.29	1279.54	782.24	3.6198	3.9527
1580290188769	1266.61	783.14	1281.38	755.42	3.6162	3.9268
1580290197103	1262.07	777.95	1287.32	775.42	3.6206	3.9418
1580290205441	1267.86	772.79	1276.88	795.47	3.6385	3.9514
1580290213773	1265.73	800.46	1283.76	768.54	3.6344	3.9324
1580290222106	1263.59	794.88	1287.44	768.99	3.6397	3.9486
1580290230441	1264.90	798.78	1289.69	765.11	3.6291	3.9140
1580290238772	1260.03	767.70	1276.35	792.25	3.6212	3.9500
1580290247106	1269.12	797.29	1279.71	775.11	3.6464	3.9269
1580290255439	1269.80	784.23	1278.51	768.88	3.6183	3.9208
1580290263774	1266.85	782.45	1277.61	778.86	3.6467	3.9343
1580290272106	1267.61	770.41	1275.27	784.80	3.6139	3.9141
1580290280439	1266.24	797.62	1283.86	762.29	3.6525	3.9067
1580290288774	1265.68	770.58	1284.41	784.80	3.6310	3.9302
1580290297106	1266.25	773.87	1291.69	785.59	3.6472	3.9211
1580290305438	1265.03	781.63	1290.15	787.12	3.6605	3.9282
1580290313771	1271.61	774.06	1283.90	771.38	3.6507	3.9436
1580290322106	1263.50	788.07	1280.82	790.38	3.6427	3.9347
1580290330440	1264.18	786.04	1288.14	775.08	3.6358	3.9225
1580290338777	1262.39	778.51	1277.98	789.02	3.6571	3.9354
1580290347110	1257.62	792.14	1288.71	780.70	3.6443	3.9405
1580290355444	1260.94	774.72	1284.48	783.15	3.6598	3.9269
1580290363779	1261.38	776.72	1284.87	804.89	3.6441	3.9247
1580290372112	1261.59	794.25	1287.41	777.51	3.6575	3.9313
1580290380446	1260.21	800.70	1281.93	769.15	3.6597	3.9278
1580290388776	1260.30	782.01	1289.60	781.10	3.6503	3.9139
1580290397109	1267.62	771.27	1283.87	782.27	3.6628	3.9263
1580290405443	1256.99	792.00	1297.93	787.89	3.6616	3.9428
1580290413776	1265.69	785.07	1281.73	762.64	3.6621	3.9180
1580290422111	1264.64	773.14	1273.91	782.54	3.6547	3.9392
1580290430444	1270.59	776.24	1278.59	791.19	3.6628	3.9316
1580290438776	1266.26	793.92	1283.33	788.42	3.6605	3.9213
1580290447111	1267.36	766.17	1285.81	769.05	3.6586	3.9268
1580290455444	1261.73	799.99	1276.36	801.73	3.6780	3.9421
1580290463775	1268.66	768.33	1285.03	765.76	3.6656	3.9298
1580290472113	1265.90	792.02	1286.47	794.44	3.6791	3.9487
1580290480447	1254.43	804.72	1276.18	782.95	3.6978	3.9528
1580290488779	1259.84	783.34	1280.75	773.95	3.6710	3.9284
1580290497112	1257.42	783.10	1286.02	781.88	3.6874	3.9280
1580290505446	1254.92	779.60	1282.65	784.29	3.7083	3.9196
1580290513779	1258.99	782.21	1276.87	783.49	3.6941	3.9249
1580290522112	1256.27	795.55	1282.82	786.27	3.6869	3.9470
1580290530445	1258.33	778.75	1284.71	767.84	3.6568	3.9429
1580290538778	1261.72	760.05	1284.45	781.26	3.6721	3.9589
1580290547111	1261.02	792.53	1286.54	790.76	3.6815	3.9320
1580290555444	1264.47	781.40	1282.85	791.91	3.7067	3.9406
1580290563778	1267.96	773.95	1279.08	776.96	3.6936	3.9385
1580290572111	1262.83	775.19	1283.79	779.52	3.6901	3.9251
1580290580444	1261.90	777.56	1284.14	776.90	3.6828	3.9511
1580290588778	1266.53	773.93	1281.80	792.16	3.6921	3.9402
1580290597111	1264.49	771.16	1284.62	769.88	3.6923	3.9252
1580290605449	1255.34	778.35	1282.60	771.27	3.6798	3.9458
1580290613782	1262.47	791.24	1281.04	782.68	3.6969	3.9310
1580290622115	1260.85	774.96	1286.54	777.04	3.7057	3.9517
1580290630449	1255.33	764.82	1288.61	753.84	3.6998	3.9279
1580290638782	1264.94	775.69	1287.09	783.11	3.7010	3.9694
1580290647115	1258.10	788.48	1282.51	781.25	3.6927	3.9414
1580290655448	1259.70	782.48	1279.70	790.45	3.6943	3.9666
1580290663782	1261.45	792.04	1282.98	787.00	3.7313	3.9617
1580290672115	1256.68	765.39	1282.53	771.23	3.7104	3.9615
1580290680449	1262.96	781.59	1280.80	763.55	3.7371	3.9489
1580290688781	1260.94	795.77	1276.70	807.70	3.7045	3.9694
1580290697114	1263.89	769.46	1274.94	794.50	3.6976	3.9952
1580290705448	1264.27	816.01	1267.69	811.11	3.6888	3.9318
1580290713781	1224.58	894.84	1245.99	1152.40	3.4758	3.4201
1580290722114	NaN	NaN	NaN	NaN	NaN	NaN
1580290730452	NaN	NaN	NaN	NaN	NaN	NaN
1580290738785	NaN	NaN	NaN	NaN	NaN	NaN
1580290747119	NaN	NaN	NaN	NaN	NaN	NaN
1580290755453	NaN	NaN	NaN	NaN	NaN	NaN
1580290763785	NaN	NaN	NaN	NaN	NaN	NaN
1580290772118	NaN	NaN	NaN	NaN	NaN	NaN
1580290780452	NaN	NaN	NaN	NaN	NaN	NaN
1580290788784	NaN	NaN	NaN	NaN	NaN	NaN
1580290797118	NaN	NaN	NaN	NaN	NaN	NaN
1580290805451	NaN	NaN	NaN	NaN	NaN	NaN
1580290813784	NaN	NaN	NaN	NaN	NaN	NaN
1580290822118	NaN	NaN	NaN	NaN	NaN	NaN
1580290830452	NaN	NaN	NaN	NaN	NaN	NaN
1580290838784	NaN	NaN	NaN	NaN	NaN	NaN
1580290847117	1281.89	1432.52	NaN	NaN	1.6051	NaN
1580290855452	1442.34	1097.23	1287.65	849.66	2.7441	3.8427
1580290863789	1254.03	937.58	1266.60	963.95	3.5111	3.6822
1580290872120	1255.23	930.80	1268.42	902.76	3.5518	3.8163
1580290880454	1268.09	841.79	1273.53	831.28	3.6680	3.8845
1580290888786	1260.59	861.33	1272.73	837.02	3.6508	3.8819
1580290897120	1256.32	846.75	1265.89	845.22	3.6734	3.9139
1580290905453	1255.71	861.00	1270.99	824.76	3.6816	3.8930
1580290913787	1247.47	864.46	1272.38	842.54	3.6842	3.9117
1580290922119	1249.97	839.02	1262.46	842.99	3.6767	3.9164
1580290930453	1257.63	836.53	1267.48	838.00	3.7031	3.9338
1580290938786	1253.58	838.88	1268.43	810.80	3.7081	3.9239
1580290947119	1252.85	855.19	1271.28	824.49	3.7261	3.9499
1580290955452	1254.61	845.67	1267.21	840.06	3.6912	3.9350
1580290963786	1248.88	832.48	1253.58	824.98	3.6975	3.9280
1580290972119	1256.91	817.98	1262.91	818.46	3.7002	3.9443
1580290980452	1251.75	821.25	1262.41	815.66	3.7014	3.9531
1580290988792	1247.92	824.07	1263.50	819.43	3.7216	3.9479
1580290997125	1251.50	833.40	1266.20	817.69	3.7200	3.9335
1580291005457	1254.96	839.10	1264.44	810.81	3.7169	3.9519
1580291013791	1251.45	822.48	1267.12	816.02	3.7104	3.9698
1580291022124	1248.49	823.44	1264.48	816.35	3.7221	3.9364
1580291030457	1242.68	834.95	1257.72	831.16	3.7079	3.9486
1580291038791	1253.21	818.49	1263.71	823.65	3.7133	3.9327
1580291047124	1256.01	823.25	1269.48	825.70	3.7107	3.9465
1580291055457	1263.13	826.36	1275.04	814.80	3.7056	3.9595
1580291063791	1286.55	811.39	1305.42	790.90	3.7306	3.9530
1580291072124	1270.29	784.14	1293.50	773.56	3.7188	3.9506
1580291080456	1278.30	793.84	1282.54	778.27	3.7172	3.9540
1580291088790	1275.05	816.55	1287.40	791.19	3.7350	3.9660
1580291097123	1274.99	788.56	1292.61	795.73	3.7173	3.9764
1580291105456	1276.78	790.08	1289.22	800.52	3.7153	3.9605
1580291113790	1267.90	789.02	1293.28	801.04	3.7140	3.9500
1580291122123	1273.15	802.57	1288.26	805.50	3.7330	3.9767
1580291130459	1273.22	806.34	1293.09	798.28	3.7342	3.9762
1580291138793	1269.81	810.28	1296.31	795.97	3.7279	3.9738
1580291147125	1264.48	806.19	1295.95	799.38	3.7059	3.9830
1580291155458	1262.78	813.04	1290.50	799.88	3.7451	3.9744
1580291163791	1267.44	808.79	1295.08	803.45	3.7354	3.9859
1580291172124	1264.17	807.08	1285.89	803.03	3.7375	3.9804
1580291180458	1270.25	796.55	1284.07	788.96	3.7278	3.9739
1580291188791	1275.45	792.10	1287.63	779.46	3.7386	3.9944
1580291197124	1273.65	801.96	1288.39	791.20	3.7316	3.9895
1580291205458	1269.81	820.30	1284.21	802.26	3.7420	3.9863
1580291213792	1274.65	792.76	1290.98	793.22	3.7133	3.9812
1580291222123	1272.87	779.06	1296.74	790.32	3.7184	3.9901
1580291230455	1271.34	792.18	1291.53	787.48	3.7359	4.0081
1580291238789	1264.58	792.38	1297.38	789.14	3.7325	4.0116
1580291247121	1257.31	785.73	1291.89	788.00	3.7209	3.9956
1580291255462	1265.68	816.99	1298.26	790.28	3.7285	3.9869
1580291263796	1273.78	806.83	1297.38	797.75	3.7261	3.9775
1580291272129	1268.75	795.33	1294.66	782.42	3.7223	4.0112
1580291280462	1278.70	814.24	1288.33	791.70	3.7238	3.9944
1580291288795	1278.38	815.06	1287.65	793.86	3.7203	3.9698
1580291297129	1273.39	798.49	1285.86	800.64	3.7067	3.9821
1580291305463	1269.15	786.17	1287.79	796.17	3.6909	3.9755
1580291313797	1278.53	796.00	1289.33	801.62	3.7137	3.9756
1580291322129	1273.24	800.13	1288.12	794.04	3.6884	3.9681
1580291330463	1277.84	814.90	1295.24	796.68	3.7153	3.9777
1580291338797	1271.39	808.16	1303.05	777.25	3.7164	3.9557
1580291347129	1274.80	794.70	1291.21	791.97	3.7043	3.9925
1580291355463	1277.97	791.85	1295.05	791.45	3.7034	3.9986
1580291363796	1278.43	776.54	1291.80	799.49	3.6919	4.0071
1580291372129	1281.56	791.33	1294.56	793.73	3.6856	3.9855
1580291380463	1283.55	811.23	1293.35	810.14	3.7148	4.0154
1580291388797	1278.81	817.60	1293.38	794.58	3.7086	3.9735
1580291397130	1275.04	811.32	1299.56	800.86	3.7058	3.9960
1580291405464	1266.35	810.96	1300.00	791.67	3.6956	3.9876
1580291413797	1274.00	811.99	1301.30	784.04	3.6961	3.9763
1580291422130	1267.00	808.36	1298.63	796.60	3.7219	3.9906
1580291430464	1255.39	776.75	1277.50	801.81	3.7005	3.9861
1580291438799	1259.48	768.32	1283.18	797.80	3.6920	4.0030
1580291447133	1268.30	770.49	1282.62	786.43	3.7015	4.0059
1580291455466	1269.15	782.53	1278.15	794.48	3.7036	4.0032
1580291463798	1265.64	782.78	1278.04	790.13	3.7098	3.9873
1580291472131	1268.25	778.54	1280.95	787.66	3.7162	3.9775
1580291480465	1256.48	772.98	1285.22	788.51	3.6974	4.0087
1580291488798	1265.72	796.96	1282.59	781.68	3.7028	4.0050
1580291497132	1268.26	799.72	1283.61	792.27	3.7250	3.9872
1580291505465	1262.91	779.04	1280.78	805.58	3.7077	3.9924
1580291513798	1258.50	795.02	1280.30	789.09	3.6999	3.9957
1580291522136	1260.38	805.90	1285.50	787.15	3.7127	4.0020
1580291530470	1259.44	780.39	1275.62	803.75	3.7052	4.0261
1580291538802	1256.64	783.85	1283.13	796.49	3.7294	3.9908
1580291547136	1256.97	792.23	1279.92	789.07	3.7038	3.9889
1580291555469	1259.80	802.14	1283.60	794.57	3.7121	3.9897
1580291563802	1260.66	795.87	1282.69	789.31	3.6955	3.9991
1580291572135	1254.95	794.21	1279.04	792.76	3.7009	3.9926
1580291580469	1250.28	792.03	1279.13	781.64	3.7072	3.9745
1580291588802	1254.87	787.55	1278.33	786.42	3.7009	3.9968
1580291597135	1253.36	790.89	1277.44	793.53	3.7009	4.0068
1580291605469	1257.82	797.23	1279.20	795.79	3.6886	4.0066
1580291613801	1263.23	804.42	1279.64	791.79	3.7022	3.9823
1580291622135	1263.91	779.47	1282.15	801.79	3.6869	3.9889
1580291630468	1258.19	771.95	1276.12	786.00	3.6955	3.9890
1580291638801	1253.30	795.28	1278.17	783.17	3.6840	4.0090
1580291647137	1261.84	783.09	1276.84	798.80	3.6917	3.9930
1580291655470	1261.28	775.22	1287.29	801.92	3.6934	3.9870
1580291663804	1258.79	801.75	1281.10	776.89	3.6965	3.9902
1580291672138	1254.90	779.83	1280.94	794.66	3.6964	3.9797
1580291680471	1256.01	783.18	1290.18	803.49	3.7064	3.9771
1580291688803	1258.70	798.99	1289.38	783.62	3.6933	3.9881
1580291697136	1264.41	802.21	1281.10	785.18	3.6988	3.9790
1580291705470	1264.82	803.23	1284.31	792.62	3.7159	3.9822
1580291713803	1253.50	780.89	1281.53	794.17	3.7014	3.9542
1580291722137	1255.56	784.01	1277.91	783.45	3.6872	3.9823
1580291730469	1255.57	788.69	1280.05	803.84	3.6857	3.9847
1580291738803	1267.29	781.78	1285.94	799.13	3.6962	3.9842
1580291747137	1258.40	804.56	1287.51	788.78	3.7090	3.9895
1580291755470	1255.60	788.22	1289.17	793.60	3.7055	3.9555
1580291763803	1264.06	778.46	1285.35	788.15	3.6807	3.9464
1580291772135	1257.30	797.32	1288.56	794.48	3.7088	3.9979
1580291780472	1267.37	791.90	1285.35	800.28	3.7161	4.0124
1580291788806	1262.12	772.65	1288.39	799.80	3.6978	4.0002
1580291797140	1255.89	794.84	1288.13	799.62	3.7177	3.9766
1580291805473	1264.13	788.55	1295.09	775.88	3.6851	3.9640
1580291813806	1269.74	784.36	1287.51	791.60	3.7379	3.9403
1580291822139	1262.31	786.30	1286.49	795.75	3.7190	4.0168
1580291830473	1258.41	803.78	1285.80	803.00	3.7164	3.9936
1580291838806	1265.21	798.24	1284.63	805.54	3.7064	3.9983
1580291847139	1269.84	801.76	1284.96	796.93	3.7134	3.9774
1580291855471	1263.22	773.09	1283.93	783.57	3.7137	3.9883
1580291863805	1266.85	804.77	1291.13	799.47	3.7020	3.9853
1580291872139	1261.85	781.98	1287.02	787.26	3.7032	3.9770
1580291880472	1265.46	777.48	1297.12	777.95	3.6990	3.9601
1580291888805	1264.22	798.43	1296.52	796.15	3.7034	3.9831
1580291897138	1264.80	766.02	1292.82	780.30	3.6735	3.9717
1580291905471	1264.26	785.81	1293.82	778.13	3.7084	3.9602
1580291913812	1266.03	801.12	1288.90	794.16	3.7075	3.9599
1580291922144	1262.43	774.83	1289.12	793.00	3.6861	4.0011
1580291930478	1262.24	777.25	1287.38	791.99	3.7116	3.9924
1580291938811	1258.57	800.26	1285.90	793.69	3.7113	3.9764
1580291947144	1264.75	776.52	1279.80	790.57	3.7009	3.9930
1580291955478	1269.86	795.43	1289.46	798.77	3.7225	4.0031
1580291963811	1261.74	786.11	1277.70	795.55	3.7091	3.9852
1580291972144	1261.86	799.71	1289.80	802.30	3.7141	3.9781
1580291980477	1264.28	784.10	1289.14	794.18	3.7078	4.0042
1580291988811	1262.48	783.32	1284.30	796.90	3.7153	4.0238
1580291997143	1261.33	795.66	1287.80	796.93	3.6953	3.9891
1580292005476	1260.22	797.52	1281.26	815.74	3.7001	3.9954
1580292013810	1259.64	774.77	1281.21	795.59	3.7049	4.0041
1580292022143	1262.32	801.79	1284.11	786.78	3.7181	3.9913
1580292030477	1258.58	788.62	1286.77	804.23	3.7090	3.9877
1580292038810	1261.56	782.40	1281.68	773.45	3.7196	3.9790
1580292047147	1253.43	800.46	1283.94	792.63	3.7072	4.0030
1580292055480	1257.45	793.28	1280.99	794.10	3.7088	3.9652
1580292063814	1261.51	790.65	1281.68	801.91	3.7084	3.9784
1580292072147	1263.27	780.88	1279.11	802.29	3.6994	3.9901
1580292080479	1258.28	794.62	1281.94	796.15	3.7238	3.9809
1580292088813	1262.37	788.29	1281.51	799.58	3.6975	4.0031
1580292097146	1259.83	801.40	1279.62	794.00	3.7115	4.0180
1580292105479	1263.14	802.14	1276.80	787.89	3.7112	4.0115
1580292113813	1260.49	803.54	1285.02	775.97	3.7222	3.9978
1580292122146	1260.52	795.53	1284.10	782.69	3.6976	4.0032
1580292130479	1262.10	803.47	1282.94	774.32	3.7306	3.9975
1580292138813	1259.92	810.53	1286.29	788.18	3.7140	3.9991
1580292147146	1266.30	803.32	1288.09	780.30	3.7014	3.9747
1580292155478	1270.67	791.45	1286.55	779.55	3.6915	3.9877
1580292163811	1261.89	795.86	1285.85	782.91	3.7167	3.9804
1580292172150	1258.70	778.53	1288.07	784.92	3.6975	4.0025
1580292180484	1260.12	772.22	1291.22	777.60	3.7014	3.9991
1580292188817	1264.01	775.89	1290.99	777.86	3.7101	4.0095
1580292197150	1258.32	772.59	1291.36	778.16	3.6773	3.9979
1580292205483	1259.40	785.96	1286.80	784.16	3.7102	4.0087
1580292213816	1265.98	785.58	1291.31	775.35	3.7042	3.9911
1580292222150	1255.11	784.67	1291.45	786.08	3.7079	4.0193
1580292230483	1255.47	777.23	1294.78	790.72	3.7115	3.9898
1580292238815	1258.85	768.23	1294.46	794.18	3.6882	3.9688
1580292247149	1259.36	796.34	1281.36	787.72	3.7005	3.9649
1580292255482	1252.47	797.70	1290.96	779.56	3.7006	3.9959
1580292263816	1262.22	780.36	1288.12	791.71	3.6943	3.9918
1580292272149	1258.44	770.93	1286.64	794.52	3.6888	4.0024
1580292280482	1255.32	789.78	1288.48	792.73	3.6931	4.0093
1580292288815	1255.88	792.76	1287.15	772.99	3.7010	3.9822
1580292297149	1261.80	796.48	1283.66	793.80	3.7012	4.0093
1580292305487	1260.29	776.43	1290.41	795.90	3.7006	3.9917
1580292313820	1255.99	779.94	1283.61	805.40	3.6970	4.0271
1580292322153	1260.25	797.20	1285.79	791.77	3.6976	3.9929
1580292330486	1257.62	772.20	1294.89	801.28	3.6895	3.9914
1580292338819	1257.92	802.90	1287.67	780.77	3.6945	3.9966
1580292347153	1257.66	763.15	1289.03	795.16	3.6682	3.9961
1580292355487	1259.65	781.54	1293.23	787.40	3.7020	3.9906
1580292363819	1254.65	781.66	1293.60	785.39	3.6490	3.9913
1580292372153	1260.19	785.78	1299.95	787.17	3.6841	3.9811
1580292380485	1254.36	774.60	1293.19	794.11	3.6941	3.9794
1580292388819	1260.21	789.36	1289.89	798.35	3.6869	4.0096
1580292397152	1264.70	792.44	1286.79	779.74	3.6779	3.9902
1580292405485	1263.09	765.08	1293.38	802.40	3.6706	3.9944
1580292413818	1263.06	793.67	1283.66	792.08	3.6709	4.0040
1580292422152	1264.18	790.23	1292.84	796.67	3.6801	4.0102
1580292430486	1246.20	747.39	1294.46	772.42	3.6612	3.9678
1580292438823	1254.13	752.06	1289.02	776.39	3.6570	3.9775
1580292447156	1251.90	772.40	1291.19	775.18	3.6928	3.9783
1580292455489	1257.89	761.77	1287.70	790.47	3.6949	3.9939
1580292463821	1252.65	763.78	1285.93	775.67	3.6775	4.0043
1580292472155	1254.81	786.71	1291.97	784.34	3.6778	4.0248
1580292480489	1258.29	783.85	1283.88	800.16	3.7003	4.0028
1580292488821	1257.94	758.86	1290.23	773.12	3.6723	3.9849
1580292497155	1252.26	778.31	1290.27	777.94	3.6896	4.0095
1580292505488	1258.90	783.14	1291.13	789.75	3.6684	4.0209
1580292513822	1253.34	768.92	1290.04	789.20	3.6396	4.0054
1580292522155	1261.75	779.72	1287.51	781.48	3.6749	3.9775
1580292530488	1253.32	778.45	1295.63	781.38	3.6585	3.9864
1580292538821	1256.67	769.99	1292.74	761.68	3.6856	3.9797
1580292547154	1257.35	757.93	1294.67	764.89	3.6769	3.9832
1580292555487	1256.87	772.43	1291.49	784.21	3.6977	3.9898
1580292563821	1259.34	785.48	1289.86	783.57	3.6894	3.9896
1580292572158	1246.77	793.94	1293.39	794.90	3.6969	4.0036
1580292580491	1257.18	780.55	1295.00	787.84	3.6685	4.0009
1580292588824	1253.12	789.54	1295.32	771.85	3.6944	3.9777
1580292597158	1248.58	780.65	1294.88	779.89	3.6474	3.9810
1580292605491	1258.87	788.96	1293.87	794.80	3.6762	4.0224
1580292613823	1248.17	781.14	1293.13	781.19	3.6635	3.9932
1580292622157	1252.35	791.24	1292.06	788.56	3.6752	4.0062
1580292630490	1261.60	787.35	1291.16	784.00	3.6736	3.9990
1580292638824	1258.52	783.31	1291.44	784.09	3.6458	3.9837
1580292647157	1265.51	786.29	1298.85	784.90	3.6763	3.9842
1580292655490	1257.11	778.26	1294.97	784.76	3.6279	3.9964
1580292663824	1259.90	787.77	1286.25	782.53	3.6525	3.9789
1580292672157	1255.06	781.94	1293.65	788.09	3.6516	3.9948
1580292680490	1254.57	780.38	1291.71	795.40	3.6735	4.0081
1580292688823	1258.45	774.14	1298.11	783.08	3.6449	3.9948
1580292697162	1258.39	765.19	1301.25	776.80	3.6698	3.9815
1580292705496	1258.00	770.40	1296.77	778.37	3.6480	3.9968
1580292713829	1254.85	769.48	1296.44	772.31	3.6624	4.0055
1580292722163	1259.96	769.51	1292.73	766.41	3.6329	3.9766
1580292730496	1259.23	772.29	1289.62	761.74	3.6461	3.9796
1580292738829	1252.91	771.62	1294.40	777.53	3.6317	4.0065
1580292747163	1256.56	766.40	1297.82	758.75	3.6422	3.9886
1580292755496	1249.85	764.99	1291.44	782.27	3.6663	4.0123
1580292763829	1256.24	770.02	1301.59	781.86	3.6361	3.9885
1580292772162	1252.13	791.35	1300.18	782.24	3.6587	3.9813
1580292780495	1259.37	779.92	1288.54	794.15	3.6337	4.0024
1580292788829	1257.26	780.35	1295.17	761.79	3.6868	3.9887
1580292797161	1252.00	762.94	1298.53	765.08	3.6683	3.9774
1580292805495	1251.99	770.92	1300.61	768.82	3.6434	3.9719
1580292813829	1252.91	770.14	1299.16	782.82	3.6611	3.9838
1580292822161	1255.95	767.10	1300.44	771.00	3.6580	3.9699
1580292830499	1256.35	760.75	1301.60	773.07	3.6593	3.9803
1580292838832	1255.94	763.04	1295.91	783.04	3.6646	4.0279
1580292847165	1256.80	773.74	1287.41	783.50	3.6295	4.0117
1580292855498	1259.61	789.69	1289.64	788.82	3.6783	4.0033
1580292863831	1262.23	764.96	1297.13	769.20	3.6536	4.0021
1580292872165	1263.55	780.06	1293.51	768.09	3.6708	3.9989
1580292880498	1254.19	781.93	1284.45	802.46	3.6657	4.0434
1580292888832	1249.80	773.63	1294.97	784.16	3.6581	4.0128
1580292897165	1258.21	779.16	1289.10	788.40	3.6611	4.0142
1580292905498	1255.83	787.32	1284.34	793.18	3.6691	4.0179
1580292913832	1261.89	786.91	1292.79	760.18	3.6604	4.0049
1580292922163	1249.08	772.15	1299.79	768.28	3.6753	4.0048
1580292930497	1244.85	763.94	1287.73	776.79	3.6593	3.9901
1580292938831	1254.01	780.72	1289.84	779.86	3.6540	4.0087
1580292947163	1255.19	771.70	1294.23	769.44	3.6377	4.0157
1580292955497	1248.28	769.16	1293.55	768.02	3.6644	3.9977
1580292963834	1247.92	759.36	1288.69	772.98	3.6654	4.0010
1580292972168	1251.70	753.73	1288.46	771.34	3.6572	4.0101
1580292980501	1244.55	760.77	1293.10	772.16	3.6677	4.0112
1580292988834	1250.27	757.19	1295.16	774.81	3.6549	4.0188
1580292997167	1249.04	763.69	1289.29	768.03	3.6670	4.0018
1580293005500	1248.47	769.45	1289.97	786.28	3.6925	4.0538
1580293013833	1252.91	780.99	1291.65	780.79	3.6717	4.0454
1580293022167	1251.03	789.83	1291.19	773.67	3.6848	4.0249
1580293030500	1249.82	792.36	1286.17	789.65	3.6523	4.0434
1580293038833	1256.38	780.04	1290.50	775.71	3.6448	4.0222
1580293047166	1254.22	773.57	1291.53	778.61	3.6736	4.0017
1580293055500	1255.17	758.22	1293.16	783.45	3.6344	4.0202
1580293063833	1254.15	772.47	1295.67	760.11	3.6414	4.0044
1580293072165	1257.99	765.36	1292.19	748.18	3.6424	4.0131
1580293080499	1264.39	767.02	1292.76	759.80	3.6738	4.0415
1580293088835	1253.98	764.92	1295.85	780.61	3.6712	4.0490
1580293097169	1260.03	779.24	1297.48	772.20	3.6680	4.0218
1580293105502	1256.57	763.93	1293.15	755.52	3.6501	4.0336
1580293113835	1256.32	753.23	1291.38	755.57	3.6610	4.0407
1580293122168	1250.17	756.03	1288.65	769.13	3.6763	4.0616
1580293130502	1254.82	752.60	1293.79	750.48	3.6566	4.0260
1580293138836	1253.58	756.25	1290.38	750.61	3.6825	4.0115
1580293147168	1256.74	760.08	1294.47	758.73	3.6969	4.0419
1580293155501	1254.89	756.92	1290.23	760.48	3.6644	4.0470
1580293163834	1249.59	758.85	1292.37	773.58	3.6863	4.0790
1580293172167	1257.91	775.37	1288.73	754.04	3.6713	4.0239
1580293180501	1252.44	778.70	1293.42	764.75	3.6651	4.0411
1580293188834	1260.74	778.91	1296.34	768.54	3.6567	4.0328
1580293197167	1256.32	771.78	1297.16	762.39	3.6627	4.0375
1580293205501	1255.29	776.89	1291.01	776.31	3.6641	4.0570
1580293213834	1256.37	772.94	1295.47	762.21	3.6437	4.0477
1580293222174	1251.26	779.56	1294.30	759.65	3.6757	4.0598
1580293230506	1254.49	762.00	1285.08	761.49	3.6799	4.0589
1580293238839	1252.81	764.29	1282.12	760.11	3.6985	4.0482
1580293247172	1248.33	776.55	1284.28	767.91	3.6824	4.0370
1580293255505	1251.63	773.48	1287.50	768.79	3.6535	4.0525
1580293263839	1249.70	777.71	1290.48	770.30	3.6627	4.0442
1580293272173	1246.52	787.05	1286.99	779.21	3.6758	4.0617
1580293280505	1251.87	777.47	1286.87	773.85	3.6547	4.0592
1580293288839	1246.80	776.10	1285.86	765.94	3.6768	4.0548
1580293297173	1252.55	756.33	1286.09	748.97	3.6474	4.0371
1580293305505	1252.84	755.08	1287.03	750.62	3.6796	4.0583
1580293313838	1252.49	756.48	1289.88	754.35	3.6664	4.0398
1580293322171	1249.44	781.80	1288.99	765.07	3.6825	4.0487
1580293330504	1252.23	785.26	1287.87	769.03	3.6785	4.0571
1580293338838	1244.75	780.30	1291.66	768.18	3.6648	4.0528
1580293347172	1247.52	768.89	1287.18	765.96	3.6455	4.0477
1580293355510	1241.12	762.00	1288.70	768.97	3.6303	4.0428
1580293363843	1248.63	777.01	1289.81	764.89	3.6440	4.0173
1580293372176	1250.33	780.81	1289.92	768.94	3.6520	4.0359
1580293380509	1246.13	755.80	1285.72	765.34	3.6708	4.0429
1580293388842	1243.77	765.62	1291.30	766.85	3.6491	4.0627
1580293397176	1247.60	786.36	1291.49	768.87	3.6419	4.0326
1580293405508	1252.26	769.78	1293.12	773.16	3.6390	4.0388
1580293413842	1254.34	756.52	1290.64	749.21	3.6550	4.0173
1580293422176	1252.18	757.62	1292.70	753.28	3.6459	4.0221
1580293430509	1249.02	760.89	1289.49	749.62	3.6405	4.0192
1580293438842	1250.19	760.89	1290.30	755.28	3.6633	4.0272
1580293447175	1250.94	756.82	1296.75	762.18	3.6311	4.0332
1580293455507	1250.55	773.75	1294.28	768.48	3.6348	4.0135
1580293463841	1245.98	775.39	1294.97	761.68	3.6474	4.0321
1580293472175	1249.38	766.62	1297.44	745.83	3.6505	4.0095
1580293480508	1251.93	757.44	1290.91	751.42	3.6432	4.0071
1580293488846	1243.96	750.92	1290.78	750.88	3.6153	4.0113
1580293497179	1248.23	757.46	1291.57	756.93	3.6176	4.0195
1580293505513	1252.69	757.55	1294.25	764.06	3.6241	4.0165
1580293513846	1257.26	765.95	1295.63	751.72	3.6439	4.0186
1580293522179	1261.24	739.82	1310.15	751.29	3.6062	4.0266
1580293530511	1269.03	731.40	1310.62	743.36	3.5907	4.0088
1580293538845	1263.94	751.69	1307.86	743.85	3.6368	3.9992
1580293547178	1266.07	758.91	1306.04	734.95	3.6353	3.9845
1580293555512	1259.97	774.20	1311.68	749.10	3.6360	4.0017
1580293563845	1257.11	764.86	1307.00	769.43	3.6094	4.0260
1580293572178	1270.66	774.48	1308.81	749.32	3.6307	3.9875
1580293580511	1265.53	774.29	1310.19	760.37	3.6077	4.0208
1580293588845	1271.98	775.56	1308.02	746.97	3.6263	3.9785
1580293597179	1268.95	774.21	1305.63	753.56	3.6025	3.9823
1580293605512	1266.57	771.59	1311.87	743.46	3.5856	3.9584
1580293613849	1261.80	771.22	1310.07	767.26	3.5830	3.9987
1580293622182	1272.57	783.59	1313.05	750.60	3.6241	3.9592
1580293630516	1263.15	772.20	1308.34	755.29	3.6036	3.9730
1580293638849	1257.72	759.17	1308.32	749.58	3.5877	3.9577
1580293647182	1263.07	751.28	1301.99	753.28	3.5871	3.9603
1580293655516	1260.52	739.92	1310.04	744.43	3.5819	3.9409
1580293663849	1266.86	740.48	1309.98	745.20	3.5780	3.9514
1580293672182	1267.44	735.02	1312.89	738.62	3.5571	3.9409
1580293680516	1267.68	744.34	1310.56	758.04	3.5823	3.9538
1580293688848	1267.11	739.69	1307.16	744.31	3.5690	3.9403
1580293697181	1264.09	739.51	1304.50	748.72	3.5671	3.9501
1580293705514	1263.33	744.88	1307.64	738.08	3.5824	3.9381
1580293713848	1269.15	751.00	1310.92	745.43	3.5719	3.9293
1580293722181	1268.71	748.27	1306.98	743.35	3.5725	3.9183
1580293730515	1263.56	739.66	1306.96	754.88	3.5619	3.9446
1580293738848	1267.88	746.11	1302.64	756.58	3.5831	3.9416
1580293747186	1262.83	744.83	1309.44	750.84	3.5571	3.9300
1580293755520	1261.34	767.40	1307.46	753.72	3.5799	3.9131
1580293763852	1245.51	769.27	1294.32	770.88	3.5642	3.9469
1580293772185	1250.30	781.78	1290.55	774.89	3.5754	3.9589
1580293780519	1252.31	774.14	1292.42	763.33	3.5624	3.9375
1580293788851	1249.71	777.26	1292.57	754.12	3.5533	3.9026
1580293797185	1246.41	766.08	1289.88	768.51	3.5463	3.9443
1580293805519	1250.99	778.21	1291.92	759.24	3.5568	3.9137
1580293813852	1247.03	765.51	1291.21	764.04	3.5268	3.9207
1580293822185	1248.13	782.63	1287.84	762.34	3.5483	3.9117
1580293830518	1235.96	789.84	1290.01	768.66	3.5752	3.9161
1580293838851	1242.51	772.07	1289.76	768.38	3.5605	3.9084
1580293847184	1248.61	764.36	1292.83	761.07	3.5700	3.8875
1580293855518	1251.35	749.04	1292.97	767.98	3.5241	3.9024
1580293863851	1252.15	758.37	1293.32	755.40	3.5330	3.8874
1580293872184	1250.84	775.00	1292.22	756.14	3.5741	3.9022
1580293880522	1246.61	764.60	1295.93	749.44	3.5310	3.8723
1580293888855	1251.83	768.54	1293.32	756.54	3.5635	3.8813
1580293897188	1249.88	755.34	1294.24	768.37	3.5561	3.9029
1580293905522	1244.03	764.09	1293.75	762.62	3.5740	3.8906
1580293913854	1248.90	765.62	1303.24	759.89	3.5575	3.8821
1580293922187	1249.38	777.36	1291.39	775.28	3.5618	3.9111
1580293930521	1250.34	789.33	1289.81	762.01	3.5741	3.8892
1580293938854	1251.79	787.96	1297.16	755.55	3.5543	3.8783
1580293947187	1246.04	779.80	1295.68	753.62	3.5464	3.8914
1580293955520	1252.63	787.36	1293.23	755.61	3.5656	3.8850
1580293963854	1249.91	773.02	1294.06	760.20	3.5504	3.8814
1580293972187	1241.64	772.32	1304.58	755.48	3.5440	3.8733
1580293980521	1250.42	773.42	1299.84	766.55	3.5731	3.8836
1580293988854	1247.09	745.18	1304.13	753.81	3.5129	3.8649
1580293997186	1248.64	764.89	1291.31	787.61	3.5591	3.9014
1580294005520	1244.42	764.28	1300.54	759.78	3.5748	3.8525
1580294013858	1254.05	743.05	1299.32	768.44	3.5213	3.8692
1580294022191	1253.69	756.04	1297.13	760.05	3.5469	3.8281
1580294030525	1248.55	765.28	1299.51	760.30	3.5644	3.8395
1580294038857	1251.55	762.10	1290.45	770.87	3.5462	3.8696
1580294047191	1256.15	760.20	1292.51	766.46	3.5496	3.8499
1580294055525	1251.91	756.78	1295.25	762.77	3.5306	3.8500
1580294063858	1249.53	758.70	1298.06	758.37	3.5259	3.8468
1580294072190	1249.19	763.73	1299.20	769.65	3.5494	3.8734
1580294080523	1249.43	761.05	1301.92	759.66	3.5306	3.8466
1580294088857	1239.35	751.15	1303.33	773.89	3.5322	3.8523
1580294097190	1245.66	745.89	1300.23	762.62	3.5170	3.8646
1580294105523	1244.31	745.34	1299.24	766.94	3.5273	3.8591
1580294113857	1242.96	766.44	1306.91	765.27	3.5700	3.8624
1580294122190	1245.09	799.05	1300.15	771.78	3.5423	3.8623
1580294130523	1240.57	912.18	1304.39	892.82	3.5478	3.8583
1580294138861	1223.18	1057.69	1306.09	1021.40	3.6007	3.9045
1580294147194	1235.98	1175.21	1307.07	1143.00	3.5904	3.9250
1580294155527	1217.57	1273.92	1307.78	1254.06	3.5985	3.8947
1580294163859	1190.47	1329.78	1271.47	1336.13	3.5879	3.8829
1580294172193	1151.29	1423.77	1273.80	1413.61	3.5822	3.8988
1580294180526	1175.71	1442.59	1299.48	1448.81	3.5319	3.8867
1580294188860	1186.28	1409.60	1298.83	1416.81	3.5632	3.8874
1580294197193	1168.79	1405.26	1308.29	1411.00	3.5582	3.9014
1580294205526	1167.09	1428.67	1311.48	1418.27	3.5513	3.8932
1580294213860	1165.13	1431.45	1314.85	1424.47	3.5597	3.8918
1580294222193	1169.83	1431.53	1318.54	1421.91	3.5611	3.8961
1580294230526	1161.62	1431.76	1317.57	1430.16	3.5632	3.9032
1580294238859	1163.30	1426.07	1313.20	1432.08	3.5725	3.9127
1580294247192	1152.26	1426.71	1317.31	1427.52	3.5661	3.9012
1580294255525	1158.20	1422.13	1316.58	1425.93	3.5638	3.8893
1580294263859	1161.95	1428.80	1314.27	1430.88	3.5682	3.9075
1580294272197	1164.26	1424.71	1312.91	1433.67	3.5702	3.8976
1580294280530	1150.03	1431.32	1312.40	1429.38	3.5668	3.9045
1580294288863	1158.54	1431.63	1307.29	1432.06	3.5802	3.9212
1580294297197	1164.41	1429.66	1307.53	1424.41	3.5723	3.9160
1580294305530	1162.66	1425.70	1312.90	1425.54	3.5827	3.9149
1580294313863	1153.76	1421.15	1303.18	1427.49	3.5893	3.9205
1580294322196	1155.10	1420.45	1309.22	1426.43	3.5937	3.9175
1580294330529	1150.24	1419.02	1307.18	1424.96	3.5941	3.9255
1580294338863	1158.67	1418.20	1300.59	1425.89	3.5923	3.9470
1580294347196	1152.41	1423.28	1308.25	1431.39	3.6046	3.9460
1580294355529	1153.30	1423.10	1309.63	1428.31	3.5991	3.9396
1580294363863	1167.52	1425.78	1305.96	1425.81	3.6203	3.9547
1580294372195	1149.79	1427.96	1314.25	1425.12	3.6018	3.9321
1580294380529	1165.96	1428.37	1307.34	1431.59	3.6290	3.9452
1580294388862	1158.23	1427.99	1309.08	1432.85	3.6216	3.9779
1580294397195	1159.45	1433.19	1312.56	1434.75	3.6345	3.9673
1580294405533	1154.41	1426.07	1308.25	1436.69	3.6194	3.9623
1580294413866	1156.98	1428.33	1302.42	1432.99	3.6513	3.9689
1580294422200	1164.06	1428.71	1302.92	1435.42	3.6541	3.9738
1580294430533	1159.26	1428.83	1310.18	1434.75	3.6420	3.9707
1580294438867	1166.56	1427.32	1311.86	1434.89	3.6379	3.9774
1580294447200	1156.10	1432.86	1301.86	1430.16	3.6511	3.9888
1580294455533	1150.60	1483.99	1291.38	1503.08	3.6568	3.9917
1580294463866	1117.85	1606.45	1277.07	1588.27	3.6535	4.0198
1580294472199	1130.42	1614.91	1285.09	1624.08	3.6475	4.0166
1580294480532	1137.68	1559.58	1283.48	1591.24	3.6636	4.0179
1580294488866	1143.68	1553.98	1288.18	1590.61	3.6660	3.9982
1580294497198	1131.95	1574.93	1282.74	1593.34	3.6593	4.0168
1580294505532	1131.29	1569.34	1282.78	1598.79	3.6575	4.0364
1580294513866	1140.82	1574.26	1283.99	1593.84	3.6774	4.0372
1580294522199	1130.35	1575.10	1281.63	1595.22	3.6846	4.0305
1580294530534	1132.23	1579.21	1279.01	1592.58	3.6910	4.0396
1580294538867	1136.13	1582.04	1284.03	1596.39	3.7025	4.0357
1580294547200	NaN	NaN	1280.86	1588.11	NaN	4.0498
1580294555533	1134.97	1594.92	1289.66	1583.86	3.7110	4.0294
1580294563866	1138.09	1593.92	1276.85	1586.97	3.7166	4.0474
1580294572200	1119.85	1622.96	1273.14	1593.58	3.6232	4.0633
1580294580533	1126.43	1602.41	1277.72	1589.66	3.7203	4.0758
1580294588866	1139.52	1595.96	1270.55	1585.69	3.7273	4.0715
1580294597200	1128.19	1589.30	1277.28	1587.66	3.7234	4.0680
1580294605533	1128.03	1584.72	1278.36	1592.00	3.7402	4.0691
1580294613866	1133.26	1591.00	1268.92	1588.43	3.7328	4.0960
1580294622198	1129.95	1601.65	1278.88	1599.46	3.7123	4.0777
1580294630532	1132.47	1582.01	1272.89	1593.49	3.7727	4.0779
1580294638865	NaN	NaN	1276.05	1596.49	NaN	4.1003
1580294647199	1140.40	1578.11	1274.37	1594.45	3.7845	4.1096
1580294655532	1123.76	1579.03	1274.57	1600.97	3.7630	4.1142
1580294663873	NaN	NaN	1270.68	1595.17	NaN	4.1015
1580294672207	NaN	NaN	1273.37	1598.80	NaN	4.1133
1580294680540	1129.19	1579.98	1276.69	1591.03	3.7820	4.1157
1580294688873	1130.04	1584.14	1273.63	1592.79	3.7798	4.1217
1580294697206	1123.62	1577.99	1278.53	1594.99	3.7946	4.1175
1580294705539	1131.74	1581.48	1272.98	1590.21	3.7873	4.1261
1580294713872	1130.66	1599.02	1274.45	1584.91	3.7492	4.1312
1580294722206	1132.14	1584.86	1274.28	1594.06	3.7951	4.1323
1580294730539	NaN	NaN	1279.99	1594.35	NaN	4.1453
1580294738872	1122.53	1578.42	1275.34	1593.92	3.8099	4.1434
1580294747205	1129.37	1584.89	1283.80	1591.18	3.8197	4.1557
1580294755539	1126.08	1579.29	1279.53	1591.90	3.8136	4.1475
1580294763872	1134.08	1579.15	1277.30	1596.80	3.8223	4.1501
1580294772205	1136.51	1575.94	1276.87	1596.07	3.8173	4.1455
1580294780538	NaN	NaN	1264.53	1596.51	NaN	4.1683
1580294788871	976.24	1593.79	1146.62	1603.89	3.8325	4.1918
1580294797209	814.92	1587.95	970.06	1586.28	3.8546	4.2180
1580294805542	699.04	1581.73	831.15	1560.49	3.8300	4.1700
1580294813875	615.30	1580.25	722.23	1534.85	3.8428	4.1760
1580294822209	NaN	NaN	646.12	1543.87	NaN	4.1510
1580294830541	641.07	1590.77	703.27	1525.96	3.8439	4.1728
1580294838875	637.90	1588.02	694.70	1520.25	3.8357	4.1374
1580294847209	616.70	1576.61	677.60	1544.90	3.8457	4.1311
1580294855541	643.08	1579.40	679.84	1541.16	3.8077	4.1213
1580294863874	655.21	1576.75	678.51	1541.32	3.7977	4.1337
1580294872207	642.01	1583.02	676.17	1542.91	3.8155	4.1196
1580294880541	649.06	1577.94	675.63	1547.25	3.8267	4.1248
1580294888874	643.60	1577.00	681.04	1540.39	3.8076	4.1285
1580294897208	637.43	1580.57	675.18	1547.27	3.7977	4.1262
1580294905541	640.13	1580.34	673.05	1549.86	3.7989	4.1125
1580294913874	640.75	1575.88	672.31	1545.66	3.8058	4.1084
1580294922213	NaN	NaN	676.40	1541.23	NaN	4.1100
1580294930545	651.05	1579.08	675.29	1548.13	3.7955	4.0954
1580294938878	635.95	1579.20	673.75	1549.82	3.7915	4.1129
1580294947212	643.81	1584.51	668.28	1545.42	3.8005	4.0945
1580294955544	646.88	1584.33	667.65	1544.39	3.7919	4.0656
1580294963878	638.71	1578.92	676.93	1549.93	3.7858	4.0928
1580294972212	647.06	1587.50	676.40	1537.89	3.7611	4.0796
1580294980545	643.21	1579.10	666.69	1547.49	3.7643	4.0662
1580294988878	637.60	1577.25	668.01	1545.51	3.7784	4.0590
1580294997211	639.67	1581.10	675.81	1544.14	3.7694	4.0735
1580295005544	642.50	1581.19	664.87	1551.65	3.7570	4.0448
1580295013877	NaN	NaN	660.42	1550.99	NaN	4.0260
1580295022211	642.46	1581.40	663.79	1550.63	3.7641	4.0288
1580295030544	643.30	1587.02	657.12	1548.35	3.7397	4.0204
1580295038877	664.26	1573.34	679.53	1541.71	3.7475	4.0146
1580295047211	693.01	1562.09	731.15	1529.91	3.7294	4.0250
1580295055549	683.40	1559.12	711.38	1533.27	3.7225	4.0144
1580295063882	678.17	1567.05	706.89	1534.98	3.7151	4.0065
1580295072216	687.09	1564.15	703.35	1529.13	3.7047	3.9863
1580295080548	681.83	1565.43	708.42	1530.49	3.6987	3.9845
1580295088881	683.05	1567.49	713.31	1526.58	3.6838	3.9807
1580295097215	689.73	1578.87	711.07	1529.88	3.6513	3.9783
1580295105548	683.45	1554.25	706.11	1533.62	3.6694	3.9628
1580295113881	688.41	1564.15	702.46	1528.52	3.6582	3.9583
1580295122214	688.38	1564.13	713.64	1525.49	3.6587	3.9647
1580295130548	689.57	1553.19	706.96	1530.91	3.6470	3.9501
1580295138881	NaN	NaN	691.74	1531.37	NaN	3.9174
1580295147215	684.65	1555.01	704.04	1531.08	3.6358	3.9541
1580295155547	682.51	1566.32	707.64	1530.73	3.6185	3.9293
1580295163880	692.72	1558.28	715.30	1531.35	3.6073	3.9314
1580295172213	688.02	1566.03	699.75	1532.79	3.6054	3.8938
1580295180547	687.30	1563.25	699.38	1531.83	3.5980	3.8956
1580295188888	679.60	1562.58	709.88	1528.63	3.5941	3.9079
1580295197222	NaN	NaN	699.01	1529.20	NaN	3.9000
1580295205554	672.48	1624.92	706.09	1532.60	3.4534	3.8953
1580295213888	695.11	1557.89	712.19	1530.84	3.5520	3.8948
1580295222222	685.88	1562.11	708.35	1528.07	3.5770	3.8810
1580295230555	NaN	NaN	703.38	1530.38	NaN	3.8667
1580295238887	689.49	1564.71	710.99	1536.43	3.5607	3.8784
1580295247220	691.08	1564.84	699.55	1538.46	3.5593	3.8588
1580295255554	685.79	1567.46	698.17	1534.63	3.5499	3.8517
1580295263887	689.43	1561.75	708.32	1532.14	3.5370	3.8521
1580295272220	723.41	1560.19	731.85	1519.71	3.5397	3.8546
1580295280554	786.02	1447.43	854.69	1421.21	3.5409	3.8882
1580295288887	844.06	1327.48	905.27	1295.99	3.5154	3.8764
1580295297220	919.71	1248.08	977.19	1221.14	3.4909	3.8220
1580295305554	974.83	1150.95	1025.49	1212.96	3.4741	3.6656
1580295313886	NaN	NaN	NaN	NaN	NaN	NaN
1580295322222	NaN	NaN	NaN	NaN	NaN	NaN
1580295330555	NaN	NaN	NaN	NaN	NaN	NaN
1580295338889	NaN	NaN	NaN	NaN	NaN	NaN
1580295347222	NaN	NaN	NaN	NaN	NaN	NaN
1580295355555	NaN	NaN	NaN	NaN	NaN	NaN
1580295363889	NaN	NaN	NaN	NaN	NaN	NaN
1580295372222	NaN	NaN	NaN	NaN	NaN	NaN
1580295380555	NaN	NaN	NaN	NaN	NaN	NaN
1580295388888	NaN	NaN	NaN	NaN	NaN	NaN
1580295397221	1254.25	1003.76	1121.82	1074.47	3.0207	2.7178
1580295405554	1277.11	909.96	1336.56	866.88	3.2905	3.5032
1580295413887	1283.60	808.72	1319.81	916.42	3.3515	3.4960
1580295422221	1287.33	808.34	1309.50	829.72	3.4185	3.6018
1580295430554	1275.17	815.16	1309.50	787.83	3.3563	3.6544
1580295438887	1280.94	811.15	1318.21	814.58	3.3687	3.6557
1580295447221	1281.10	814.48	1313.65	812.84	3.3894	3.6578
1580295455558	1274.70	819.62	1311.70	810.53	3.4135	3.6853
1580295463890	1274.37	812.44	1315.11	768.56	3.3966	3.6217
1580295472223	1274.77	801.21	1312.68	796.40	3.3894	3.6827
1580295480557	1276.99	799.19	1310.38	789.85	3.4090	3.6922
1580295488890	1272.02	792.85	1308.60	788.86	3.4125	3.6709
1580295497223	1281.84	799.81	1307.53	790.04	3.4191	3.6823
1580295505557	1272.28	780.99	1304.64	785.89	3.3723	3.6875
1580295513890	1287.87	793.35	1306.77	784.63	3.4141	3.6668
1580295522223	1283.21	786.43	1307.49	783.17	3.3907	3.6580
1580295530557	1277.64	777.00	1310.63	791.50	3.3686	3.7021
1580295538890	1281.05	793.44	1315.05	773.61	3.3891	3.6519
1580295547222	1281.00	784.68	1309.92	789.88	3.3752	3.6641
1580295555555	1279.77	780.72	1308.51	788.35	3.3694	3.6763
1580295563888	1281.91	777.85	1314.34	787.46	3.3947	3.6671
1580295572222	1283.60	781.83	1318.48	789.63	3.3903	3.6727
1580295580557	1281.66	781.09	1312.01	790.13	3.3895	3.6655
1580295588891	1278.04	776.60	1316.27	784.43	3.3809	3.6317
1580295597224	1274.78	760.50	1314.40	789.29	3.3586	3.6610
1580295605558	1279.71	771.94	1316.01	799.53	3.3813	3.6642
1580295613890	1282.26	792.30	1303.64	792.46	3.4354	3.6639
1580295622223	1249.70	752.90	1285.33	755.52	3.3789	3.6561
1580295630556	1258.00	759.96	1290.17	758.85	3.3987	3.6788
1580295638889	1267.03	774.05	1283.67	768.55	3.4133	3.6811
1580295647223	1257.01	754.11	1290.32	760.00	3.3997	3.6640
1580295655556	1268.40	778.58	1291.69	771.85	3.4642	3.6748
1580295663889	1261.58	757.75	1290.68	770.64	3.4161	3.6900
1580295672223	1261.52	753.07	1285.32	771.45	3.4189	3.7030
1580295680556	1269.35	777.74	1293.45	749.87	3.4671	3.6708
1580295688890	1268.11	768.07	1290.55	769.89	3.4362	3.7122
1580295697222	1270.11	776.63	1293.92	770.43	3.4473	3.7024
1580295705555	1270.41	774.09	1289.85	765.97	3.4488	3.7159
1580295713895	1269.29	774.59	1290.40	765.98	3.4319	3.7006
1580295722229	1266.57	771.35	1292.70	759.73	3.4537	3.7026
1580295730562	1267.19	768.54	1288.79	761.53	3.4550	3.7139
1580295738895	1274.49	778.83	1292.67	765.33	3.4840	3.6935
1580295747229	1261.29	762.67	1298.06	752.80	3.4651	3.6713
1580295755562	1269.58	757.95	1290.84	776.51	3.4464	3.7243
1580295763896	1268.48	754.87	1285.29	770.11	3.4544	3.7113
1580295772228	1265.87	760.90	1291.66	776.10	3.4700	3.7291
1580295780561	1267.96	745.24	1291.66	775.19	3.4558	3.7219
1580295788895	1266.73	746.45	1290.51	780.44	3.4571	3.7520
1580295797228	1265.74	737.51	1288.77	770.19	3.4573	3.7032
1580295805561	1269.49	746.50	1292.42	774.04	3.4653	3.7388
1580295813894	1261.45	744.25	1291.01	766.45	3.4684	3.7155
1580295822228	1264.44	744.79	1287.36	780.91	3.4764	3.7497
1580295830561	1263.35	751.37	1287.11	773.50	3.4790	3.7342
1580295838894	1268.42	753.14	1290.18	775.48	3.4799	3.7458
1580295847232	1266.82	751.24	1291.26	770.72	3.4776	3.7390
1580295855565	1268.37	757.47	1295.44	759.76	3.4912	3.7250
1580295863898	1267.03	766.17	1289.25	767.72	3.5083	3.7518
1580295872232	1263.65	757.75	1287.17	772.99	3.4997	3.7597
1580295880565	1252.71	757.93	1287.71	767.76	3.5123	3.7558
1580295888899	1261.51	765.48	1295.04	762.05	3.5224	3.7424
1580295897232	1261.38	760.13	1296.45	757.69	3.5177	3.7554
1580295905565	1264.05	758.11	1291.70	762.54	3.5085	3.7623
1580295913898	1254.33	748.50	1295.29	757.57	3.4833	3.7431
1580295922231	1267.23	747.11	1300.04	754.09	3.5209	3.7327
1580295930564	1266.59	751.36	1288.77	774.02	3.5246	3.7800
1580295938898	1256.60	744.92	1295.42	762.23	3.5076	3.7644
1580295947230	1260.81	747.21	1297.22	771.60	3.5198	3.7609
1580295955564	1264.30	743.58	1300.79	763.91	3.5098	3.7597
1580295963897	1260.50	746.72	1292.70	778.62	3.5236	3.7679
1580295972236	1260.71	748.60	1295.99	760.69	3.5247	3.7413
1580295980569	1266.85	750.04	1304.02	759.49	3.5318	3.7450
1580295988902	1268.46	750.43	1298.56	754.96	3.5543	3.7538
1580295997235	1264.07	745.61	1297.63	762.65	3.5263	3.7574
1580296005568	1260.84	745.28	1302.68	755.51	3.5458	3.7413
1580296013901	1264.24	745.74	1293.95	777.44	3.5247	3.7796
1580296022235	1264.70	747.77	1295.49	775.50	3.5301	3.7897
1580296030568	1260.02	752.53	1291.62	783.15	3.5582	3.8115
1580296038901	1264.70	761.27	1297.27	771.18	3.5497	3.7903
1580296047234	1267.44	754.08	1300.55	751.42	3.5514	3.7508
1580296055568	1260.38	754.41	1294.48	784.93	3.5589	3.8154
1580296063901	1262.65	760.07	1293.09	770.62	3.5634	3.8026
1580296072234	1259.99	755.08	1296.70	774.08	3.5627	3.8071
1580296080567	1263.80	758.17	1296.72	775.35	3.5529	3.8123
1580296088900	1260.88	765.71	1297.71	767.29	3.5798	3.7834
1580296097234	1259.79	757.00	1299.28	761.71	3.5667	3.7895
1580296105570	1259.01	758.26	1299.67	767.96	3.5757	3.7959
1580296113903	1251.98	753.70	1293.75	779.42	3.5729	3.8116
1580296122236	1260.71	747.22	1296.99	772.28	3.5496	3.7982
1580296130570	1256.92	760.53	1293.18	774.22	3.5891	3.7983
1580296138904	1257.99	748.48	1298.92	762.64	3.5593	3.7596
1580296147237	1264.59	748.07	1302.91	758.31	3.5612	3.7773
1580296155569	1255.84	751.29	1299.66	770.58	3.5556	3.7905
1580296163902	1258.46	750.99	1293.22	765.22	3.5563	3.7773
1580296172235	1261.14	749.93	1299.25	757.92	3.5428	3.7701
1580296180569	1254.95	747.76	1295.99	754.49	3.5508	3.7773
1580296188902	1263.94	751.88	1295.03	770.38	3.5558	3.8195
1580296197235	1252.28	756.53	1295.68	762.20	3.5586	3.7975
1580296205569	1262.71	753.73	1300.57	769.21	3.5532	3.8094
1580296213902	1257.34	750.62	1298.67	760.74	3.5424	3.7942
1580296222236	1261.61	760.37	1301.75	761.60	3.5493	3.8021
1580296230569	1256.73	755.86	1300.48	753.59	3.5584	3.7754
1580296238907	1254.51	763.75	1297.23	761.31	3.5223	3.8108
1580296247241	1259.83	761.41	1303.53	770.39	3.5527	3.8128
1580296255574	1252.55	756.98	1301.89	755.55	3.5383	3.8053
1580296263907	1258.77	772.97	1300.60	753.99	3.5531	3.8042
1580296272241	1259.61	769.48	1301.48	751.19	3.5519	3.7843
1580296280574	1260.15	759.36	1300.66	775.73	3.5350	3.8302
1580296288907	1251.74	766.90	1298.35	753.00	3.5320	3.7915
1580296297240	1253.41	767.89	1299.21	764.97	3.5366	3.7982
1580296305574	1258.41	763.50	1295.86	760.96	3.5446	3.7852
1580296313906	1257.49	759.92	1296.33	771.82	3.5389	3.8114
1580296322239	1260.53	767.95	1292.92	764.45	3.5295	3.7823
1580296330573	1260.27	754.82	1294.42	762.95	3.5134	3.7733
1580296338906	1264.16	761.50	1302.04	752.15	3.5333	3.7624
1580296347240	1254.32	741.16	1293.05	759.23	3.5022	3.7778
1580296355573	1257.96	749.16	1298.31	764.75	3.5168	3.7888
1580296363906	1265.21	755.11	1293.08	780.41	3.5374	3.8232
1580296372244	1264.78	741.67	1297.44	758.05	3.5082	3.7631
1580296380578	1261.92	751.96	1296.12	750.51	3.5157	3.7644
1580296388910	1261.89	753.67	1295.26	763.55	3.5177	3.7759
1580296397244	1256.45	759.46	1296.52	760.42	3.5061	3.7747
1580296405577	1259.67	763.12	1302.90	765.74	3.5224	3.7747
1580296413910	1255.20	769.88	1294.28	776.13	3.5353	3.8243
1580296422243	1264.78	777.84	1296.18	770.42	3.5444	3.8003
1580296430577	1263.10	769.80	1295.85	775.18	3.5177	3.8046
1580296438910	1255.66	765.86	1295.59	760.89	3.5178	3.7904
1580296447243	1259.81	768.71	1297.08	757.31	3.5182	3.7648
1580296455576	1256.82	774.61	1296.92	759.98	3.5307	3.7704
1580296463909	1265.65	775.67	1294.66	775.78	3.5478	3.8075
1580296472243	1260.47	763.74	1297.54	772.34	3.5160	3.7934
1580296480576	1254.96	759.54	1295.47	765.23	3.5089	3.7897
1580296488909	1262.97	756.95	1298.19	764.29	3.5191	3.7791
1580296497246	1257.38	755.17	1295.16	776.40	3.5183	3.8016
1580296505579	1261.24	750.30	1300.79	776.88	3.5111	3.8075
1580296513913	1258.00	750.18	1291.83	771.13	3.5128	3.7972
1580296522247	1264.14	751.03	1301.90	765.43	3.4988	3.7781
1580296530579	1263.58	753.62	1299.06	766.82	3.5250	3.7772
1580296538912	1256.43	763.43	1296.38	768.58	3.5240	3.7926
1580296547245	1261.28	746.18	1301.57	761.23	3.5070	3.7752
1580296555579	1256.17	754.98	1297.74	764.22	3.5266	3.7537
1580296563912	1260.33	750.65	1299.50	762.43	3.5131	3.7740
1580296572245	1257.73	761.72	1298.48	764.40	3.5219	3.7773
1580296580578	1264.47	761.64	1303.44	768.54	3.5160	3.7943
1580296588912	1266.42	757.91	1299.36	762.09	3.5071	3.7916
1580296597246	1264.10	759.87	1303.27	762.25	3.5207	3.7712
1580296605579	1268.25	769.69	1301.35	765.40	3.5327	3.7774
1580296613912	1263.01	765.44	1301.56	755.47	3.5265	3.7819
1580296622244	1263.30	764.89	1302.39	767.19	3.5161	3.8017
1580296630582	1260.93	761.98	1301.78	766.72	3.5227	3.7980
1580296638916	1265.56	756.47	1302.36	764.84	3.5288	3.7897
1580296647249	1262.55	748.44	1302.38	768.95	3.5090	3.7815
1580296655582	1259.50	749.54	1294.29	778.92	3.5173	3.8065
1580296663916	1264.35	753.37	1301.45	766.12	3.5405	3.7733
1580296672249	1266.22	748.20	1291.35	767.48	3.5237	3.8136
1580296680583	1262.00	752.82	1292.22	778.74	3.5378	3.8082
1580296688916	1268.88	752.37	1298.61	771.13	3.5442	3.8225
1580296697248	1265.93	744.32	1299.01	749.60	3.5443	3.7743
1580296705581	1268.74	756.60	1299.86	778.32	3.5584	3.8320
1580296713915	1266.84	742.05	1289.48	768.08	3.5527	3.8220
1580296722248	1269.72	749.32	1294.55	770.74	3.5306	3.7884
1580296730581	1259.70	749.52	1303.27	763.12	3.5465	3.8029
1580296738915	1259.65	777.33	1292.86	775.12	3.5674	3.8355
1580296747248	1263.10	770.97	1290.38	768.41	3.5653	3.8155
1580296755581	1261.14	770.13	1297.61	767.08	3.5616	3.8162
1580296763920	1261.36	761.02	1293.25	767.80	3.5468	3.8271
1580296772252	1259.75	762.81	1299.24	761.50	3.5811	3.7946
1580296780585	1265.59	765.27	1288.96	781.55	3.5829	3.8501
1580296788919	1262.84	761.95	1294.73	774.41	3.5729	3.8406
1580296797252	1261.36	746.14	1296.30	769.07	3.5732	3.8360
1580296805586	1266.42	738.94	1292.35	766.37	3.5564	3.8433
1580296813919	1260.08	757.71	1293.04	765.75	3.6022	3.8152
1580296822252	1262.11	750.00	1301.39	765.95	3.5790	3.8352
1580296830585	1265.33	748.95	1294.62	776.19	3.5936	3.8453
1580296838919	1264.91	753.21	1296.21	762.47	3.5692	3.8286
1580296847251	1262.14	752.74	1293.17	785.75	3.5899	3.8816
1580296855584	1267.09	752.36	1289.01	768.49	3.5824	3.8505
1580296863918	1267.20	755.18	1294.61	772.24	3.5753	3.8541
1580296872251	1262.56	759.33	1291.73	770.36	3.5822	3.8624
1580296880584	1265.88	762.98	1296.87	756.25	3.6092	3.8452
1580296888918	1265.28	754.08	1296.76	767.13	3.6007	3.8516
1580296897256	1269.49	751.20	1291.55	763.01	3.6030	3.8493
1580296905589	1268.27	756.23	1299.60	770.36	3.6030	3.8793
1580296913923	1269.37	747.72	1296.81	779.02	3.6118	3.9070
1580296922255	1268.22	757.31	1290.49	786.78	3.6153	3.8983
1580296930589	1266.09	756.55	1294.36	778.55	3.6363	3.8961
1580296938922	1268.32	751.42	1293.88	770.44	3.6145	3.8835
1580296947255	1268.86	764.15	1297.77	765.92	3.6393	3.8819
1580296955588	1272.30	758.21	1299.39	764.73	3.6244	3.8787
1580296963922	1262.10	755.96	1293.73	774.62	3.6274	3.8972
1580296972255	1258.46	766.26	1296.07	776.39	3.6350	3.9032
1580296980588	1262.47	763.48	1297.82	765.31	3.6383	3.8932
1580296988921	1262.09	771.90	1295.58	769.05	3.6619	3.8926
1580296997255	1261.88	757.37	1291.94	775.85	3.6319	3.9026
1580297005587	1258.81	761.91	1293.13	770.47	3.6258	3.8928
1580297013921	1257.59	768.61	1292.46	767.93	3.6562	3.9052
1580297022258	1260.59	756.39	1288.99	774.98	3.6449	3.9253
1580297030591	1268.65	763.59	1288.76	773.97	3.6666	3.9184
1580297038924	1268.32	756.69	1294.35	771.75	3.6475	3.9183
1580297047258	1260.15	757.93	1295.08	771.51	3.6664	3.9155
1580297055592	1260.00	750.55	1297.61	769.52	3.6700	3.9185
1580297063924	1262.11	755.75	1287.56	782.08	3.6650	3.9320
1580297072258	1263.85	750.93	1287.50	776.68	3.6647	3.9435
1580297080590	1258.91	757.65	1289.23	763.55	3.6562	3.9131
1580297088923	1266.40	766.90	1286.84	790.67	3.6770	3.9612
1580297097257	1264.50	757.87	1289.48	782.80	3.6349	3.9494
1580297105590	1263.42	769.14	1286.56	779.11	3.6646	3.9490
1580297113923	1263.29	776.99	1282.64	773.00	3.6812	3.9374
1580297122257	1257.42	767.67	1285.61	776.45	3.6735	3.9407
1580297130590	1263.24	768.08	1287.88	773.52	3.6826	3.9574
1580297138924	1259.85	777.04	1285.16	772.13	3.6968	3.9480
1580297147257	1259.84	772.70	1284.80	779.02	3.7059	3.9502
1580297155594	1260.21	771.91	1287.15	781.64	3.6814	3.9588
1580297163928	1257.80	770.60	1288.20	774.54	3.6891	3.9574
1580297172261	1262.86	768.62	1290.14	778.14	3.6987	3.9578
1580297180595	1257.94	771.42	1286.27	775.25	3.7188	3.9579
1580297188927	1261.69	767.40	1291.43	786.08	3.7115	3.9863
1580297197261	1255.74	771.92	1288.05	773.22	3.7028	3.9555
1580297205594	1252.60	761.35	1285.82	773.93	3.6893	3.9568
1580297213927	1259.39	761.34	1290.16	769.03	3.6906	3.9450
1580297222261	1256.60	764.91	1285.96	779.53	3.6991	3.9718
1580297230594	1260.19	771.02	1291.82	774.00	3.7021	3.9573
1580297238926	1251.74	770.20	1295.12	773.88	3.7139	3.9670
1580297247260	1280.00	776.50	1311.76	793.09	3.7036	3.9774
1580297255593	1277.70	767.29	1310.68	781.05	3.7098	3.9728
1580297263927	1279.92	766.86	1302.34	777.00	3.7174	3.9639
1580297272260	1272.28	776.93	1305.79	773.80	3.7187	3.9607
1580297280593	1275.14	776.46	1305.24	783.44	3.7356	3.9681
1580297288930	1277.00	779.74	1307.82	779.60	3.7243	3.9799
1580297297264	1270.02	771.27	1306.84	787.80	3.7370	3.9863
1580297305597	1274.51	763.84	1305.76	784.28	3.7161	3.9720
1580297313930	1268.96	775.32	1305.90	772.83	3.7447	3.9715
1580297322263	1273.97	766.70	1303.29	776.32	3.7057	3.9761
1580297330596	1279.00	766.65	1297.41	773.99	3.7148	3.9643
1580297338929	1283.12	767.54	1300.70	773.80	3.7259	3.9768
1580297347263	1276.83	757.35	1299.52	775.33	3.7258	3.9757
1580297355596	1281.28	757.79	1293.50	774.39	3.7241	3.9783
1580297363930	1281.15	761.86	1295.91	781.64	3.7390	3.9833
1580297372263	1272.38	756.96	1302.47	777.43	3.7318	3.9838
1580297380596	1276.82	761.10	1295.30	781.45	3.7454	3.9888
1580297388929	1265.70	743.29	1304.06	782.59	3.7324	3.9820
1580297397262	1277.73	749.16	1301.87	770.07	3.7414	3.9685
1580297405596	1277.12	740.92	1297.04	763.41	3.7352	3.9702
1580297413934	1276.16	744.48	1302.62	765.68	3.7471	3.9731
1580297422268	1275.87	746.29	1299.63	759.33	3.7591	3.9881
1580297430602	1272.33	741.21	1301.75	758.79	3.7542	3.9892
1580297438935	1275.65	748.00	1304.37	761.85	3.7425	3.9931
1580297447268	1275.48	755.65	1309.20	762.89	3.7454	3.9829
1580297455601	1282.83	762.00	1295.33	767.14	3.7648	4.0102
1580297463933	1283.05	766.57	1298.44	751.27	3.7599	3.9792
1580297472267	1272.24	771.50	1301.58	761.64	3.7702	4.0010
1580297480600	1270.25	758.41	1296.08	759.00	3.7589	3.9988
1580297488934	1293.53	740.98	1312.09	766.44	3.7703	4.0020
1580297497267	1320.49	648.74	1361.13	660.39	3.7886	4.0486
1580297505600	1339.16	564.46	1393.99	519.96	3.8637	3.9969
1580297513934	1345.27	422.14	1404.94	450.90	3.7799	4.0134
1580297522267	1349.98	385.39	1401.11	399.65	3.8225	4.0343
1580297530600	1364.97	364.28	1405.58	354.23	3.8155	4.0271
1580297538932	1347.85	363.40	1391.23	340.60	3.8237	4.0305
1580297547269	1360.18	349.87	1390.86	337.79	3.8165	4.0304
1580297555603	1356.26	359.07	1392.10	340.72	3.8093	4.0374
1580297563936	1356.00	346.27	1389.68	335.09	3.8151	4.0460
1580297572270	1353.15	346.38	1393.31	341.36	3.8543	4.0532
1580297580603	1359.30	335.10	1392.51	345.55	3.8265	4.0608
1580297588937	1359.16	333.09	1399.16	336.41	3.8170	4.0474
1580297597270	1362.73	334.64	1401.25	341.10	3.8367	4.0473
1580297605603	1356.43	326.91	1402.50	344.56	3.8245	4.0689
1580297613936	1359.14	322.29	1398.37	343.41	3.8260	4.0541
1580297622269	1356.62	325.10	1398.71	341.24	3.8293	4.0679
1580297630602	1357.25	327.13	1402.65	342.40	3.8051	4.0657
1580297638936	1359.47	328.69	1400.91	339.51	3.8316	4.0580
1580297647269	1356.03	334.53	1393.59	347.20	3.8326	4.0615
1580297655602	1358.41	339.20	1398.52	347.34	3.8363	4.0712
1580297663936	1353.25	340.96	1401.50	351.01	3.8407	4.0626
1580297672269	1352.60	333.98	1399.10	347.39	3.8319	4.0554
1580297680607	1356.19	343.09	1396.75	348.50	3.8322	4.0714
1580297688941	1351.20	345.08	1400.24	352.53	3.8392	4.0605
1580297697273	1374.88	350.65	1418.75	323.82	3.8665	4.0533
1580297705606	1411.97	326.73	1455.33	317.98	3.8811	4.0767
1580297713940	1422.78	289.65	1459.59	296.71	3.8705	4.0664
1580297722273	1436.19	279.63	1486.13	289.11	3.8622	4.0807
1580297730606	1430.06	291.27	1472.53	292.19	3.8693	4.0689
1580297738939	1422.24	285.06	1470.00	296.24	3.8536	4.0741
1580297747273	1428.80	295.49	1473.01	294.53	3.8767	4.0912
1580297755606	1422.92	288.60	1471.80	290.95	3.8526	4.0895
1580297763940	1427.55	294.47	1472.83	290.74	3.8341	4.0950
1580297772272	1429.23	298.72	1468.23	293.87	3.8593	4.0675
1580297780605	1431.09	306.01	1470.09	291.77	3.8646	4.0706
1580297788938	1431.31	315.53	1466.86	294.79	3.8651	4.0872
1580297797272	1425.00	302.08	1464.94	295.58	3.8450	4.0861
1580297805608	1429.67	304.65	1467.22	302.23	3.8456	4.0880
1580297813941	1421.01	323.24	1464.02	311.63	3.8426	4.0849
1580297822274	1374.33	358.88	1427.43	336.90	3.8341	4.0832
1580297830608	1312.70	615.86	1388.88	571.25	3.6269	3.8278
1580297838941	NaN	NaN	NaN	NaN	NaN	NaN
1580297847274	NaN	NaN	NaN	NaN	NaN	NaN
1580297855607	NaN	NaN	NaN	NaN	NaN	NaN
1580297863941	NaN	NaN	NaN	NaN	NaN	NaN
1580297872273	NaN	NaN	NaN	NaN	NaN	NaN
1580297880607	NaN	NaN	NaN	NaN	NaN	NaN
1580297888940	NaN	NaN	NaN	NaN	NaN	NaN
1580297897274	NaN	NaN	NaN	NaN	NaN	NaN
1580297905607	NaN	NaN	1227.54	991.70	NaN	3.4484
1580297913940	1248.70	936.42	1300.98	943.83	3.4751	3.7592
1580297922273	1259.67	906.78	1309.49	876.73	3.5895	3.9000
1580297930606	1273.41	838.74	1309.64	797.57	3.7367	3.9956
1580297938944	1274.38	794.47	1302.95	791.85	3.8007	4.0372
1580297947278	1277.49	800.56	1302.95	796.15	3.7847	4.0294
1580297955611	1280.90	795.47	1306.41	787.11	3.7891	4.0349
1580297963944	1277.96	791.92	1300.70	788.74	3.8201	4.0594
1580297972277	1286.63	792.90	1302.84	780.55	3.8162	4.0554
1580297980611	1274.20	781.82	1301.47	773.72	3.8174	4.0654
1580297988944	1277.68	779.86	1304.59	776.89	3.8332	4.0773
1580297997278	1278.32	769.47	1302.41	772.32	3.8336	4.0913
1580298005610	1274.96	770.12	1299.72	773.27	3.8613	4.1076
1580298013943	1270.58	764.69	1302.39	770.90	3.8458	4.0718
1580298022277	1272.10	768.70	1304.59	769.85	3.8500	4.1050
1580298030610	1272.24	763.37	1301.09	769.10	3.8456	4.1088
1580298038943	1268.96	771.93	1307.14	769.42	3.8548	4.0978
1580298047277	1275.88	768.97	1302.81	778.93	3.8520	4.0978
1580298055610	1277.07	764.56	1299.09	766.52	3.8436	4.0898
1580298063943	1278.71	758.17	1300.15	768.07	3.8344	4.0860
1580298072284	1276.14	755.26	1303.66	773.94	3.8478	4.1129
1580298080616	1279.64	764.01	1300.28	770.75	3.8576	4.1025
1580298088949	1275.34	756.06	1297.73	770.34	3.8544	4.1023
1580298097283	1278.21	757.68	1302.29	766.84	3.8554	4.0975
1580298105615	1285.55	765.13	1299.68	766.30	3.8948	4.1035
1580298113949	1282.04	749.99	1297.29	766.15	3.8452	4.1074
1580298122283	1285.66	766.33	1303.12	765.09	3.8787	4.1011
1580298130616	1282.16	757.05	1298.30	763.93	3.8444	4.1075
1580298138949	1289.94	767.16	1301.95	765.73	3.8587	4.1078
1580298147283	1281.07	758.19	1294.39	759.06	3.8516	4.1076
1580298155615	1287.86	766.71	1298.15	764.76	3.8635	4.1165
1580298163948	1283.76	769.11	1300.28	756.91	3.8444	4.1092
1580298172282	1286.04	785.22	1303.20	764.50	3.8810	4.1049
1580298180615	1282.36	768.20	1295.79	762.60	3.8444	4.1024
1580298188948	1279.45	773.59	1300.49	763.51	3.8572	4.0969
1580298197281	1279.01	779.20	1298.56	760.81	3.8527	4.1029
1580298205619	1281.73	781.31	1294.77	757.84	3.8429	4.0991
1580298213952	1278.50	766.50	1293.64	766.74	3.8231	4.1035
1580298222285	1281.63	780.51	1299.88	761.42	3.8325	4.0850
1580298230618	1286.93	770.86	1303.55	768.40	3.8339	4.0924
1580298238951	1282.78	773.84	1301.39	766.82	3.8247	4.0859
1580298247285	1278.95	771.33	1297.85	770.75	3.8257	4.0802
1580298255617	1271.81	763.30	1298.55	769.64	3.8073	4.0861
1580298263951	1274.56	768.42	1302.09	769.86	3.8057	4.0785
1580298272284	1279.61	776.62	1302.40	762.60	3.8216	4.0584
1580298280618	1283.37	772.80	1299.53	774.92	3.8098	4.0670
1580298288951	1280.67	775.24	1302.65	768.74	3.8116	4.0682
1580298297284	1279.52	781.59	1303.33	763.58	3.8114	4.0695
1580298305616	1275.72	773.25	1306.66	765.48	3.7821	4.0902
1580298313950	1276.76	776.74	1301.34	760.29	3.7789	4.0705
1580298322284	1271.74	779.09	1298.75	763.03	3.7823	4.0792
1580298330617	1280.75	782.73	1298.80	763.08	3.7887	4.0905
1580298338954	1274.90	775.75	1302.05	765.28	3.7784	4.0871
1580298347287	1275.88	775.20	1300.17	759.88	3.7645	4.0778
1580298355620	1277.83	780.40	1301.51	760.08	3.7812	4.0775
1580298363954	1274.24	784.08	1304.97	756.61	3.8027	4.0585
1580298372287	1271.06	776.57	1296.70	766.62	3.7716	4.0719
1580298380620	1268.25	783.88	1297.41	776.16	3.7784	4.0824
1580298388953	1261.57	772.56	1303.59	768.26	3.7730	4.0455
1580298397286	1262.20	768.87	1299.85	776.52	3.7844	4.0489
1580298405619	1263.13	761.68	1303.50	778.97	3.7650	4.0435
1580298413953	1267.14	766.38	1300.97	776.29	3.7654	4.0414
1580298422286	1267.86	753.03	1297.64	785.29	3.7365	4.0594
1580298430619	1253.22	758.33	1289.43	780.26	3.7787	4.0564
1580298438953	1252.15	770.88	1287.34	790.71	3.7602	4.0585
1580298447286	1251.27	755.91	1284.63	774.75	3.7515	4.0483
1580298455620	1254.68	764.67	1287.44	781.63	3.7312	4.0557
1580298463957	1253.51	765.88	1294.13	774.53	3.7300	4.0347
1580298472290	1249.77	773.80	1290.47	776.65	3.7486	4.0383
1580298480624	1253.32	774.08	1286.22	768.71	3.7469	4.0330
1580298488957	1244.77	774.93	1284.76	773.32	3.7489	4.0542
1580298497290	1250.62	772.45	1290.03	774.19	3.7374	4.0519
1580298505623	1250.13	772.60	1286.55	761.83	3.7538	4.0214
1580298513957	1248.07	783.59	1287.75	769.60	3.7541	4.0229
1580298522290	1248.11	768.29	1286.29	767.40	3.7346	4.0196
1580298530623	1254.97	785.22	1286.31	772.03	3.7535	4.0289
1580298538956	1243.71	769.30	1292.56	770.78	3.7211	4.0208
1580298547289	1245.12	768.62	1292.34	777.88	3.7370	4.0135
1580298555623	1244.94	763.29	1280.46	772.54	3.7183	4.0033
1580298563956	1250.14	761.20	1293.44	785.87	3.6957	4.0119
1580298572289	1242.21	757.20	1290.39	774.76	3.7103	3.9835
1580298580623	1249.92	760.40	1288.76	778.98	3.7266	3.9873
1580298588956	1249.40	761.40	1289.83	784.86	3.7155	4.0087
1580298597294	1245.86	756.66	1283.92	791.72	3.7101	4.0043
1580298605627	1246.45	760.16	1286.72	773.77	3.7087	3.9663
1580298613959	1240.15	761.67	1289.22	772.62	3.7040	3.9755
1580298622293	1254.75	764.02	1285.84	783.32	3.7018	3.9942
1580298630627	1247.88	760.03	1286.74	781.72	3.7051	3.9857
1580298638960	1253.81	778.49	1292.92	777.79	3.7226	3.9858
1580298647293	1242.93	768.32	1290.08	778.17	3.7121	3.9809
1580298655626	1240.48	776.31	1286.95	772.46	3.7164	3.9710
1580298663960	1249.83	771.74	1292.32	772.43	3.6870	3.9753
1580298672293	1249.47	778.66	1289.61	767.12	3.7076	3.9687
1580298680627	1253.57	774.97	1288.25	771.03	3.6987	3.9695
1580298688959	1242.89	769.69	1285.77	764.32	3.6898	3.9605
1580298697292	1248.01	768.80	1287.99	759.80	3.6977	3.9662
1580298705626	1253.50	767.31	1293.17	765.67	3.7115	3.9659
1580298713959	1248.57	769.19	1289.29	764.96	3.7063	3.9635
1580298722292	1250.29	769.66	1290.60	772.13	3.6976	3.9671
1580298730629	1243.17	771.91	1290.87	772.64	3.6919	3.9528
1580298738963	1246.58	774.01	1286.04	774.72	3.6933	3.9548
1580298747296	1250.23	769.56	1289.90	781.86	3.7073	3.9562
1580298755630	1249.67	765.02	1290.13	786.02	3.6849	3.9541
1580298763963	1247.93	761.05	1291.74	786.56	3.6712	3.9469
1580298772295	1247.86	766.04	1289.26	778.62	3.6925	3.9411
1580298780628	1250.93	766.13	1291.51	783.26	3.6825	3.9398
1580298788962	1246.54	771.55	1294.36	784.57	3.6925	3.9507
1580298797295	1248.64	773.59	1288.70	783.32	3.6964	3.9433
1580298805629	1252.96	773.99	1294.91	780.56	3.6921	3.9414
1580298813961	1251.58	762.83	1288.10	785.60	3.6624	3.9407
1580298822295	1249.76	771.89	1293.51	779.13	3.6732	3.9362
1580298830629	1252.53	773.56	1295.66	769.15	3.6709	3.9171
1580298838962	1247.91	778.34	1295.42	769.43	3.6827	3.9200
1580298847294	1251.41	773.96	1297.47	765.37	3.6841	3.9238
1580298855627	1251.74	774.26	1292.56	763.64	3.6773	3.9141
1580298863966	1258.23	768.31	1283.85	763.60	3.6739	3.9305
1580298872299	1269.39	765.50	1287.86	783.04	3.6670	3.9168
1580298880632	1262.50	767.89	1262.29	833.36	3.6864	3.8862
1580298888966	1096.39	1163.82	NaN	NaN	2.5590	NaN
1580298897299	NaN	NaN	NaN	NaN	NaN	NaN
1580298905633	NaN	NaN	NaN	NaN	NaN	NaN
1580298913966	NaN	NaN	NaN	NaN	NaN	NaN
1580298922298	NaN	NaN	NaN	NaN	NaN	NaN
1580298930631	NaN	NaN	NaN	NaN	NaN	NaN
1580298938964	NaN	NaN	NaN	NaN	NaN	NaN
1580298947298	NaN	NaN	NaN	NaN	NaN	NaN
1580298955631	NaN	NaN	NaN	NaN	NaN	NaN
1580298963964	NaN	NaN	NaN	NaN	NaN	NaN
1580298972298	NaN	NaN	NaN	NaN	NaN	NaN
1580298980632	NaN	NaN	NaN	NaN	NaN	NaN
1580298988969	NaN	NaN	NaN	NaN	NaN	NaN
1580298997301	NaN	NaN	NaN	NaN	NaN	NaN
1580299005634	NaN	NaN	NaN	NaN	NaN	NaN
1580299013967	NaN	NaN	NaN	NaN	NaN	NaN
1580299022301	1468.30	1019.09	1301.66	908.68	2.6805	3.5672
1580299030634	1276.54	924.81	1285.72	906.51	3.2336	3.6390
1580299038967	1256.35	864.32	1287.91	828.96	3.4559	3.7268
1580299047301	1259.87	797.25	1283.97	773.45	3.5440	3.8091
1580299055634	1257.80	761.64	1284.34	759.33	3.6130	3.8311
1580299063968	1254.79	777.42	1284.57	783.46	3.5827	3.8013
1580299072301	1259.25	782.21	1284.04	774.41	3.5915	3.8088
1580299080633	1254.32	778.50	1285.56	769.24	3.5868	3.8137
1580299088967	1253.25	764.11	1289.84	769.21	3.5738	3.8321
1580299097300	1260.04	774.96	1295.17	762.93	3.5949	3.8099
1580299105633	1257.02	780.40	1285.37	765.47	3.6150	3.8276
1580299113967	1257.81	770.01	1286.27	763.50	3.6002	3.8273
1580299122305	1258.70	765.38	1285.75	758.14	3.6106	3.8259
1580299130638	1251.81	762.37	1287.64	759.35	3.5978	3.8165
1580299138972	1255.76	764.65	1285.52	760.08	3.6131	3.8409
1580299147305	1257.66	755.76	1290.67	755.72	3.6027	3.8313
1580299155637	1253.26	760.96	1284.69	757.02	3.6186	3.8279
1580299163971	1255.83	763.46	1289.55	742.98	3.6202	3.8090
1580299172304	1257.15	769.95	1293.96	754.84	3.6093	3.8244
1580299180637	1257.66	762.84	1292.54	744.43	3.6002	3.8022
1580299188971	1245.79	765.50	1293.02	761.34	3.5903	3.8118
1580299197304	1255.82	768.88	1290.47	752.05	3.5772	3.8138
1580299205637	1248.67	772.42	1293.92	749.87	3.5913	3.8164
1580299213971	1248.11	768.00	1296.50	741.72	3.5745	3.8087
1580299222304	1253.89	773.61	1290.23	749.12	3.5942	3.8204
1580299230636	1252.35	771.10	1293.05	761.66	3.5633	3.8580
1580299238970	1253.41	773.21	1301.53	759.87	3.5826	3.8543
1580299247306	1250.77	770.35	1296.14	723.59	3.5636	3.7746
1580299255640	1254.96	774.62	1303.22	735.69	3.5740	3.8084
1580299263973	1255.54	776.21	1300.22	732.84	3.6005	3.7862
1580299272306	1257.83	774.66	1293.20	741.36	3.5903	3.8108
1580299280640	1256.00	771.18	1287.22	755.74	3.5803	3.8413
1580299288974	1252.22	765.85	1290.71	746.05	3.5764	3.8225
1580299297306	1260.69	772.44	1299.62	749.85	3.5933	3.8281
1580299305639	1263.36	773.42	1296.75	729.45	3.6065	3.7841
1580299313973	1270.41	774.56	1290.15	744.34	3.6096	3.8177
1580299322305	1267.15	768.60	1295.89	740.82	3.5636	3.8144
1580299330639	1265.88	782.71	1297.54	737.23	3.6026	3.8036
1580299338972	1267.26	769.47	1294.61	743.99	3.5690	3.8096
1580299347305	1268.58	787.56	1294.62	746.81	3.5845	3.8175
1580299355639	1267.23	790.27	1296.61	731.24	3.6031	3.8078
1580299363972	1268.38	775.01	1291.61	743.79	3.5927	3.8189
1580299372306	1260.92	761.63	1295.71	767.12	3.5730	3.8592
1580299380645	1269.59	758.63	1292.88	737.37	3.5730	3.8124
1580299388977	1259.88	766.25	1292.27	742.96	3.5882	3.8180
1580299397311	1263.51	752.94	1293.23	736.19	3.5569	3.8325
1580299405644	1258.65	760.38	1291.13	755.72	3.5679	3.8497
1580299413978	1260.38	756.65	1293.38	735.71	3.5579	3.8159
1580299422311	1262.80	760.19	1295.01	761.92	3.5490	3.8461
1580299430644	1262.56	758.06	1299.15	731.92	3.5805	3.7792
1580299438977	1266.84	770.80	1290.79	754.15	3.5884	3.8273
1580299447310	1258.61	777.06	1293.42	744.56	3.5901	3.8022
1580299455644	1258.36	774.37	1293.40	753.50	3.5807	3.8136
1580299463976	1251.71	773.53	1289.49	763.58	3.5933	3.8368
1580299472310	1257.35	775.22	1292.87	742.99	3.5956	3.8056
1580299480643	1254.46	770.89	1298.56	740.24	3.5791	3.7843
1580299488976	1258.55	779.10	1299.50	734.94	3.5683	3.7723
1580299497310	1258.56	784.94	1294.62	757.59	3.5866	3.8278
1580299505643	1267.39	784.50	1295.08	735.52	3.5715	3.7848
1580299513981	1266.88	781.19	1293.56	742.08	3.5872	3.7971
1580299522314	1264.09	770.49	1294.10	744.81	3.5531	3.7990
1580299530648	1267.01	780.41	1287.54	759.41	3.5625	3.8369
1580299538980	1266.83	771.48	1298.13	746.04	3.5501	3.8034
1580299547314	1268.01	775.96	1298.69	744.36	3.5947	3.7989
1580299555647	1261.97	771.74	1290.26	739.03	3.5696	3.7890
1580299563980	1264.76	773.14	1288.85	746.39	3.5759	3.8010
1580299572313	1269.61	766.52	1292.63	746.27	3.5667	3.7881
1580299580647	1264.47	760.53	1297.42	752.94	3.5618	3.8187
1580299588980	1264.80	751.87	1294.58	737.35	3.5582	3.7824
1580299597314	1268.94	759.33	1295.88	749.39	3.5711	3.7939
1580299605647	1262.71	757.54	1293.73	748.12	3.5551	3.8092
1580299613979	1268.78	763.49	1296.69	750.68	3.5791	3.8019
1580299622312	1264.12	769.53	1296.41	743.56	3.5652	3.7920
1580299630646	1265.34	774.89	1296.60	725.10	3.5632	3.7581
1580299638979	1264.98	773.78	1293.36	751.01	3.5607	3.7926
1580299647319	1268.28	785.55	1298.59	742.20	3.5627	3.7714
1580299655653	1267.57	777.85	1299.97	728.81	3.5433	3.7604
1580299663986	1269.21	788.95	1299.87	740.25	3.5643	3.7614
1580299672319	1265.82	788.55	1303.83	733.88	3.5777	3.7574
1580299680653	1274.21	780.89	1296.52	746.85	3.5401	3.7717
1580299688985	1268.66	780.60	1299.17	734.54	3.5342	3.7572
1580299697318	1269.71	783.19	1295.87	760.44	3.5558	3.8087
1580299705652	1263.60	768.25	1299.24	744.52	3.5367	3.7724
1580299713985	1272.01	762.28	1295.17	750.99	3.5332	3.7744
1580299722318	1264.09	756.71	1298.57	752.77	3.5175	3.7841
1580299730652	1266.94	748.19	1299.18	735.31	3.5289	3.7336
1580299738985	1266.97	740.65	1298.01	764.61	3.5061	3.7865
1580299747318	1266.59	749.99	1300.97	754.59	3.5228	3.7784
1580299755652	1265.56	745.49	1298.94	752.39	3.4869	3.7559
1580299763985	1260.42	754.90	1305.28	740.67	3.5042	3.7374
1580299772318	1260.50	749.37	1300.72	752.59	3.5079	3.7628
1580299780652	1261.92	749.98	1300.37	737.58	3.5071	3.7325
1580299788986	1263.84	732.80	1304.90	747.94	3.4799	3.7654
1580299797319	1261.16	750.00	1301.38	762.38	3.5040	3.7880
1580299805652	1262.72	759.53	1300.43	746.22	3.5126	3.7470
1580299813986	1257.40	765.47	1297.97	756.41	3.5042	3.7630
1580299822319	1264.36	783.80	1304.28	734.96	3.5044	3.7114
1580299830652	1256.72	776.84	1304.87	734.24	3.5065	3.7132
1580299838986	1262.62	765.23	1304.10	727.79	3.4844	3.6836
1580299847318	1260.62	766.66	1305.53	753.01	3.4940	3.7448
1580299855652	1262.91	765.93	1303.69	752.82	3.4945	3.7291
1580299863985	1268.27	764.65	1305.31	746.44	3.4960	3.7364
1580299872318	1266.90	759.32	1304.10	746.39	3.4902	3.7320
1580299880651	1265.62	755.89	1303.31	744.66	3.4952	3.7282
1580299888985	1269.37	755.14	1300.30	759.30	3.4860	3.7459
1580299897319	1270.40	741.82	1298.99	770.06	3.4751	3.7611
1580299905654	1265.37	745.34	1299.17	754.27	3.4828	3.7078
1580299913988	1272.10	752.26	1302.13	754.56	3.4754	3.7190
1580299922320	1270.43	754.13	1304.67	768.64	3.4980	3.7396
1580299930653	1273.14	749.94	1303.07	760.37	3.4879	3.7190
1580299938987	1273.64	763.96	1298.19	755.35	3.4889	3.7126
1580299947320	1270.72	777.34	1300.75	765.76	3.5113	3.7557
1580299955653	1276.45	768.33	1297.90	745.80	3.4981	3.6886
1580299963987	1275.62	779.59	1301.63	737.69	3.4925	3.6924
1580299972320	1274.70	785.90	1303.05	732.10	3.4976	3.6750
1580299980653	1281.28	801.73	1299.65	750.13	3.5279	3.7139
1580299988987	1275.98	797.34	1296.60	747.33	3.5110	3.7049
1580299997319	1273.19	791.47	1301.71	758.66	3.5190	3.7289
1580300005652	1276.53	788.98	1300.61	750.88	3.5013	3.7017
1580300013986	1274.32	792.48	1297.18	740.18	3.5093	3.6829
1580300022319	1269.81	792.35	1302.24	758.41	3.5008	3.7074
1580300030652	1272.22	788.48	1301.15	741.62	3.5005	3.6869
1580300038990	1276.65	779.63	1303.65	735.59	3.4964	3.6874
1580300047323	1276.81	790.74	1296.02	763.01	3.4880	3.7214
1580300055657	1269.17	777.55	1305.71	751.40	3.4962	3.6975
1580300063990	1273.93	773.92	1299.41	769.19	3.4885	3.7245
1580300072323	1270.86	777.43	1299.43	766.52	3.4669	3.7045
1580300080655	1269.14	773.75	1299.09	754.65	3.4649	3.6611
1580300088989	1268.25	767.30	1296.32	765.26	3.4396	3.6723
1580300097322	1265.02	771.03	1300.69	766.88	3.4355	3.6781
1580300105655	1269.06	762.79	1300.63	760.29	3.4129	3.6485
1580300113989	1269.40	766.00	1299.94	772.78	3.3977	3.6690
1580300122322	1268.76	760.31	1302.88	752.79	3.3819	3.6093
1580300130655	1267.66	763.65	1295.28	763.54	3.3665	3.6230
1580300138989	1266.74	765.45	1303.46	747.57	3.3410	3.6015
1580300147322	1268.61	772.67	1300.05	745.34	3.3441	3.5614
1580300155654	1270.66	781.36	1304.03	724.99	3.3311	3.5222
1580300163988	1272.60	766.19	1302.45	741.82	3.3229	3.5331
1580300172328	1267.34	764.97	1307.75	718.76	3.3031	3.4964
1580300180662	1269.64	763.10	1310.41	728.75	3.2773	3.5012
1580300188994	1272.12	765.36	1301.12	743.32	3.3081	3.5083
1580300197328	1252.09	758.24	1278.49	739.69	3.2738	3.5002
1580300205661	1199.52	717.01	1239.15	722.50	3.2320	3.5038
1580300213994	1193.57	684.73	1248.55	689.50	3.2218	3.4457
1580300222328	1179.29	684.21	1227.55	704.81	3.2079	3.4812
1580300230661	1190.25	699.67	1231.90	671.80	3.2312	3.4069
1580300238994	1191.54	705.24	1234.72	665.06	3.2126	3.4259
1580300247327	1188.16	717.71	1236.54	651.82	3.2123	3.4053
1580300255660	1184.72	715.43	1232.08	669.13	3.1971	3.4315
1580300263994	1188.17	740.29	1232.51	649.63	3.2393	3.3891
1580300272327	1190.32	732.88	1231.81	661.03	3.2115	3.4247
1580300280660	1195.88	748.63	1232.09	653.37	3.2616	3.3833
1580300288993	1187.63	727.99	1233.81	655.28	3.2196	3.3842
1580300297327	1186.95	705.31	1232.44	668.19	3.2053	3.3991
1580300305666	1186.29	691.77	1230.29	668.50	3.1843	3.3934
1580300313997	1184.41	675.23	1231.18	708.56	3.1479	3.4727
1580300322331	1189.52	677.28	1229.05	702.98	3.1519	3.4385
1580300330664	1190.47	702.43	1230.86	711.18	3.1984	3.4628
1580300338997	1195.23	725.94	1234.74	677.21	3.2162	3.3845
1580300347331	1190.77	733.98	1235.00	710.29	3.2022	3.4647
1580300355664	1194.51	720.47	1231.03	709.25	3.1814	3.4566
1580300363998	1190.98	699.24	1229.08	690.80	3.1386	3.4151
1580300372331	1201.49	717.85	1229.54	708.08	3.2194	3.4591
1580300380664	1186.38	691.20	1227.98	708.21	3.1834	3.4594
1580300388998	1197.13	694.85	1235.85	688.25	3.1951	3.4124
1580300397330	1186.57	700.97	1235.90	662.04	3.1949	3.3598
1580300405663	1182.76	701.99	1229.84	661.34	3.1871	3.3635
1580300413996	1188.72	704.18	1235.97	662.99	3.1882	3.3778
1580300422330	1190.23	728.15	1230.06	655.71	3.2453	3.3657
1580300430668	1184.22	714.14	1230.93	663.84	3.1947	3.3730
1580300439000	1189.52	719.45	1246.69	679.19	3.1589	3.4016
1580300447334	1275.96	779.13	1292.82	704.44	3.2215	3.3972
1580300455667	1272.39	771.34	1307.83	724.38	3.2281	3.4161
1580300463999	1259.29	787.75	1311.47	731.65	3.2321	3.4092
1580300472333	1265.43	787.05	1304.48	727.01	3.2535	3.4022
1580300480666	1273.32	786.63	1302.55	725.52	3.2295	3.3952
1580300488999	1275.74	780.04	1303.95	708.43	3.2247	3.3592
1580300497333	1270.62	769.15	1309.01	715.79	3.2057	3.3767
1580300505666	1273.12	774.98	1307.56	710.32	3.2180	3.3574
1580300514000	1274.21	771.92	1306.54	734.03	3.2088	3.4099
1580300522333	1277.26	773.88	1310.54	731.10	3.2440	3.4158
1580300530666	1277.34	772.89	1304.77	728.35	3.2144	3.3920
1580300538998	1277.07	781.02	1305.26	724.48	3.2356	3.3931
1580300547332	1272.41	784.04	1302.41	721.75	3.2320	3.3928
1580300555665	1272.60	773.71	1303.62	737.17	3.2083	3.4312
1580300564004	1272.66	778.43	1306.86	733.35	3.2099	3.4140
1580300572338	1273.51	780.82	1308.76	727.51	3.2124	3.4021
1580300580671	1276.60	781.19	1308.76	729.93	3.2131	3.4071
1580300589004	1277.73	775.96	1301.15	751.98	3.2092	3.4612
1580300597338	1279.76	788.16	1305.79	728.23	3.2283	3.3947
1580300605671	1281.13	785.30	1305.42	729.20	3.2453	3.4147
1580300614003	1274.86	780.04	1300.43	734.17	3.2307	3.4266
1580300622337	1278.33	779.71	1305.22	730.42	3.2233	3.4054
1580300630670	1279.71	782.87	1305.24	727.07	3.2489	3.4299
1580300639003	1272.72	783.14	1308.91	731.32	3.2442	3.4066
1580300647337	1269.09	783.06	1305.80	728.72	3.2433	3.4285
1580300655670	1268.98	791.74	1315.11	719.70	3.2611	3.4041
1580300664003	1269.30	780.07	1310.20	718.67	3.2422	3.3995
1580300672336	1274.20	782.21	1304.58	721.91	3.2732	3.4063
1580300680670	1270.49	776.84	1309.46	729.04	3.2455	3.4242
1580300689002	1274.50	773.51	1291.68	752.92	3.2521	3.4724
1580300697340	1280.51	794.45	1291.53	774.08	3.2552	3.4704
1580300705674	1292.58	799.33	1302.03	882.76	3.1430	3.4205
1580300714007	NaN	NaN	NaN	NaN	NaN	NaN
1580300722340	NaN	NaN	NaN	NaN	NaN	NaN
1580300730674	NaN	NaN	NaN	NaN	NaN	NaN
1580300739007	NaN	NaN	NaN	NaN	NaN	NaN
1580300747341	NaN	NaN	NaN	NaN	NaN	NaN
1580300755674	NaN	NaN	NaN	NaN	NaN	NaN
1580300764008	NaN	NaN	NaN	NaN	NaN	NaN
1580300772340	NaN	NaN	NaN	NaN	NaN	NaN
1580300780673	1427.86	990.15	NaN	NaN	2.5675	NaN
1580300789007	1273.25	962.51	1292.62	981.49	3.1649	3.4331
1580300797340	1271.17	859.42	1296.44	868.41	3.2243	3.4610
1580300805673	1274.72	783.17	1299.39	788.07	3.2393	3.4793
1580300814006	1271.01	800.25	1292.34	837.17	3.2095	3.4867
1580300822344	1275.11	802.70	1301.16	820.58	3.2302	3.5071
1580300830677	1269.05	818.60	1306.61	823.99	3.2710	3.5337
1580300839011	1275.03	799.16	1299.25	819.26	3.2631	3.5247
1580300847343	1280.34	805.83	1304.51	803.40	3.2870	3.5150
1580300855676	1277.66	796.85	1297.03	811.29	3.2836	3.5237
1580300864010	1272.63	773.42	1300.00	813.89	3.2612	3.5493
1580300872342	1274.28	782.24	1299.46	811.22	3.3159	3.5533
1580300880676	1280.02	785.01	1300.06	792.19	3.3360	3.5464
1580300889009	1274.97	781.98	1302.00	792.19	3.3377	3.5363
1580300897343	1272.29	776.49	1294.72	799.09	3.3105	3.5625
1580300905676	1281.11	789.18	1296.88	796.56	3.3550	3.5541
1580300914010	1270.47	783.00	1295.20	787.49	3.3313	3.5417
1580300922342	1267.18	778.72	1297.15	764.89	3.3231	3.5087
1580300930675	1271.54	788.34	1300.46	756.56	3.3477	3.5072
1580300939008	1273.97	779.76	1302.53	768.30	3.3459	3.5728
1580300947342	1276.52	767.57	1301.28	751.29	3.3598	3.5241
1580300955680	1279.42	767.00	1301.12	769.98	3.3575	3.5766
1580300964014	1279.99	764.08	1299.08	775.29	3.3588	3.5600
1580300972346	1282.04	770.49	1300.98	781.11	3.3720	3.5756
1580300980680	1282.48	774.70	1297.68	774.95	3.3761	3.5452
1580300989013	1277.96	762.54	1304.10	765.74	3.3644	3.5441
1580300997346	1282.82	783.36	1300.46	770.81	3.4179	3.5822
1580301005679	1283.48	765.74	1301.22	775.63	3.3698	3.5903
1580301014012	1285.32	784.06	1296.20	763.63	3.4153	3.5592
1580301022346	1283.88	802.80	1300.50	766.71	3.4275	3.5693
1580301030679	1278.23	796.64	1300.70	781.66	3.4090	3.5863
1580301039012	1283.99	807.29	1299.98	775.06	3.4250	3.5638
1580301047346	1275.43	789.76	1299.94	789.55	3.3826	3.5852
1580301055679	1283.42	793.49	1293.48	795.77	3.4057	3.6074
1580301064012	1285.13	807.77	1293.50	787.29	3.4354	3.5935
1580301072344	1283.69	783.67	1293.57	780.85	3.3886	3.5927
1580301080678	1275.23	776.74	1304.34	773.53	3.3777	3.5857
1580301089016	1277.02	765.17	1297.85	777.55	3.3987	3.6186
1580301097350	1282.33	765.03	1301.39	769.79	3.3978	3.6027
1580301105683	1277.28	764.22	1296.02	774.76	3.4150	3.6141
1580301114016	1276.96	759.84	1298.47	778.02	3.3800	3.6010
1580301122349	1278.68	768.69	1295.34	782.57	3.4135	3.6047
1580301130683	1280.02	770.48	1296.63	786.34	3.4038	3.6105
1580301139016	1272.57	781.45	1302.78	795.17	3.4126	3.6202
1580301147349	1264.60	782.50	1300.29	787.40	3.4151	3.5963
1580301155682	1251.79	759.62	1281.93	788.04	3.4014	3.6260
1580301164015	1262.51	759.20	1285.96	777.10	3.4189	3.6305
1580301172348	1254.41	769.71	1285.50	768.20	3.4421	3.5990
1580301180682	1260.00	773.42	1287.76	770.90	3.4479	3.6058
1580301189015	1254.46	757.12	1287.39	770.20	3.4199	3.6377
1580301197348	1258.31	756.95	1285.04	759.07	3.4212	3.6011
1580301205682	1263.42	772.46	1285.91	757.85	3.4493	3.5899
1580301214015	1261.15	756.61	1289.37	764.00	3.3920	3.6079
1580301222353	1264.58	767.94	1289.37	759.16	3.4267	3.6092
1580301230686	1265.52	780.91	1289.96	761.47	3.4412	3.5924
1580301239020	1255.90	772.63	1287.99	770.79	3.4310	3.6067
1580301247352	1259.55	786.13	1292.77	747.22	3.4562	3.5647
1580301255686	1257.32	763.57	1288.64	765.21	3.4230	3.5886
1580301264019	1256.89	768.12	1287.93	751.03	3.4121	3.5547
1580301272352	1262.93	757.89	1294.42	765.53	3.4070	3.6066
1580301280685	1262.89	761.63	1283.57	757.62	3.3911	3.5691
1580301289019	1264.99	766.69	1292.76	762.21	3.3908	3.5710
1580301297353	1263.21	766.59	1283.45	767.79	3.3727	3.5881
1580301305685	1266.00	770.37	1287.58	767.33	3.3910	3.5520
1580301314019	1262.92	761.04	1285.14	773.63	3.3565	3.5791
1580301322353	1259.37	780.54	1288.60	787.33	3.4014	3.5897
1580301330685	1267.00	770.97	1290.56	775.18	3.3795	3.5631
1580301339018	1268.43	766.11	1287.61	783.42	3.3555	3.5769
1580301347355	1263.34	779.97	1287.81	767.56	3.3893	3.5601
1580301355689	1268.24	765.58	1289.47	771.46	3.3513	3.5603
1580301364022	1264.02	760.79	1287.35	755.65	3.3429	3.5295
1580301372356	1263.00	760.35	1288.74	762.94	3.3563	3.5454
1580301380689	1260.85	766.37	1289.20	759.93	3.3513	3.5343
1580301389022	1268.70	764.50	1292.85	759.17	3.3453	3.5202
1580301397355	1257.53	768.76	1290.10	753.17	3.3386	3.5041
1580301405688	1257.98	755.06	1291.28	760.01	3.3176	3.5077
1580301414021	1259.46	760.88	1292.42	756.99	3.3241	3.5059
1580301422355	1266.36	755.59	1294.40	757.79	3.3240	3.5005
1580301430687	1258.31	762.06	1295.79	739.39	3.3187	3.4581
1580301439021	1264.05	760.10	1293.33	761.35	3.3216	3.5028
1580301447355	1262.12	757.38	1292.74	753.55	3.3101	3.4859
1580301455688	1270.79	760.28	1293.73	753.37	3.3020	3.4669
1580301464021	1266.27	773.39	1281.37	779.11	3.3190	3.5265
1580301472354	1268.83	765.28	1280.33	778.50	3.3027	3.5111
1580301480693	1267.07	775.24	1284.03	764.66	3.2838	3.4697
1580301489026	1268.71	778.23	1280.10	773.60	3.2996	3.4842
1580301497359	1265.13	780.54	1285.15	773.51	3.2887	3.4707
1580301505692	1270.06	774.47	1285.85	766.70	3.2628	3.4573
1580301514026	1267.68	775.09	1286.82	750.08	3.2737	3.4074
1580301522359	1270.36	780.49	1286.91	773.75	3.2709	3.4809
1580301530693	1265.09	760.57	1285.46	752.24	3.2641	3.4563
1580301539026	1277.37	758.49	1300.34	739.49	3.2865	3.4344
1580301547359	1276.17	743.87	1299.58	716.20	3.2675	3.3730
1580301555692	1273.52	760.29	1296.22	749.09	3.2738	3.4196
1580301564025	1270.95	745.36	1288.56	749.51	3.2314	3.4118
1580301572358	1271.44	752.17	1296.08	729.30	3.2393	3.3514
1580301580692	1270.73	763.31	1299.31	732.13	3.2528	3.3720
1580301589025	1277.44	764.13	1301.89	726.65	3.2464	3.3624
1580301597358	1277.38	751.36	1301.57	710.29	3.2096	3.3017
1580301605692	1270.75	730.43	1300.19	718.47	3.1852	3.3363
1580301614029	1277.42	737.45	1299.34	726.29	3.2330	3.3541
1580301622362	1270.68	715.85	1298.26	708.45	3.1687	3.3107
1580301630695	1275.85	742.67	1292.47	729.13	3.2001	3.3594
1580301639028	1282.97	749.10	1307.87	701.92	3.2203	3.2961
1580301647361	1281.67	753.87	1303.37	700.66	3.2140	3.2942
1580301655695	1278.60	753.27	1301.73	702.18	3.2083	3.3078
1580301664028	1280.39	758.12	1294.34	740.19	3.2112	3.3786
1580301672361	1283.86	755.53	1297.79	715.85	3.2034	3.3196
1580301680695	1281.85	760.23	1296.48	729.06	3.2081	3.3460
1580301689028	1286.17	750.30	1300.56	698.41	3.1764	3.2670
1580301697361	1279.52	750.67	1295.31	714.05	3.1810	3.3111
1580301705695	1282.37	752.61	1298.20	718.48	3.1967	3.3143
1580301714028	1286.62	749.96	1287.76	731.25	3.1953	3.3540
1580301722361	1278.82	736.24	1304.30	705.33	3.1731	3.2701
1580301730695	1278.32	743.44	1295.89	714.23	3.1966	3.2971
1580301739030	1271.56	747.17	1305.81	710.11	3.2095	3.2879
1580301747363	1280.16	738.43	1302.29	718.95	3.1726	3.2880
1580301755696	1277.56	738.68	1295.01	722.59	3.1870	3.3050
1580301764028	1281.81	742.63	1292.93	716.17	3.1631	3.2978
1580301772362	1283.05	742.96	1296.60	700.46	3.1849	3.2583
1580301780696	1281.80	727.13	1300.45	706.87	3.1417	3.2680
1580301789029	1285.64	744.32	1301.71	698.06	3.1657	3.2359
1580301797362	1278.24	743.81	1302.91	695.33	3.1636	3.2403
1580301805695	1278.82	759.02	1304.61	694.42	3.1920	3.2405
1580301814029	1286.82	761.89	1305.17	685.90	3.1799	3.2246
1580301822362	1284.78	752.43	1300.77	694.96	3.1594	3.2326
1580301830696	1285.05	760.97	1302.55	699.73	3.1588	3.2300
1580301839028	1282.89	754.87	1302.34	710.64	3.1431	3.2543
1580301847361	1280.32	760.27	1297.18	690.97	3.1600	3.2186
1580301855695	1280.91	757.78	1300.74	696.45	3.1601	3.2338
1580301864028	1286.91	754.00	1296.44	695.73	3.1452	3.2225
1580301872368	1282.38	753.52	1298.64	699.74	3.1465	3.2408
1580301880701	1279.42	734.58	1301.34	696.11	3.1284	3.2308
1580301889034	1281.25	744.82	1300.29	694.57	3.1337	3.2158
1580301897368	1283.08	752.46	1302.57	691.36	3.1605	3.2020
1580301905702	1285.26	737.95	1302.19	697.30	3.1459	3.2130
1580301914035	1278.76	744.10	1299.70	702.98	3.1670	3.2243
1580301922367	1279.40	743.43	1303.38	702.45	3.1587	3.2195
1580301930700	1277.96	746.84	1305.26	706.94	3.1542	3.2191
1580301939034	1279.74	736.42	1303.43	710.84	3.1210	3.2294
1580301947367	1281.45	733.06	1304.65	703.65	3.1474	3.2212
1580301955701	1282.21	743.84	1299.53	714.42	3.1532	3.2569
1580301964033	1284.78	733.42	1300.92	700.39	3.1224	3.2103
1580301972367	1283.27	751.22	1297.26	703.66	3.1280	3.2388
1580301980701	1287.08	755.16	1293.57	702.96	3.1310	3.2267
1580301989034	1279.36	748.27	1294.77	693.05	3.0828	3.1962
1580301997366	1284.39	762.37	1293.94	699.37	3.1528	3.2258
1580302005704	1282.35	763.27	1300.63	706.02	3.1585	3.2179
1580302014037	NaN	NaN	1291.98	728.80	NaN	3.2601
1580302022371	1281.32	753.28	1290.76	721.28	3.1098	3.2322
1580302030705	1281.64	778.52	1298.61	716.92	3.1837	3.2244
1580302039038	1283.53	771.86	1295.67	714.55	3.1530	3.2490
1580302047371	1282.56	759.44	1294.51	708.39	3.1465	3.2347
1580302055704	1281.44	758.69	1293.24	720.40	3.1315	3.2641
1580302064038	1283.51	761.60	1294.55	711.08	3.1384	3.2232
1580302072370	1282.64	761.51	1298.88	711.60	3.1574	3.2533
1580302080703	1272.18	749.64	1299.19	704.89	3.1349	3.2285
1580302089036	1281.74	751.72	1299.80	700.00	3.1565	3.2226
1580302097370	1276.51	729.42	1294.42	707.21	3.1010	3.2284
1580302105704	1274.23	731.51	1295.37	710.32	3.1128	3.2270
1580302114037	1268.11	738.91	1301.11	700.62	3.1304	3.1996
1580302122370	1267.70	740.55	1298.94	701.15	3.1278	3.2044
1580302130703	1279.46	749.51	1303.06	705.74	3.1390	3.2313
1580302139041	1271.38	741.27	1297.44	690.29	3.1106	3.1904
1580302147375	1268.96	740.17	1299.58	700.39	3.1022	3.2061
1580302155708	1281.16	763.60	1301.49	696.42	3.1476	3.2045
1580302164041	1274.93	760.76	1294.00	705.73	3.1302	3.2234
1580302172374	1281.88	769.91	1297.44	713.76	3.1372	3.2068
1580302180707	1276.42	770.79	1294.31	724.73	3.1459	3.2517
1580302189041	1277.84	764.41	1293.13	713.94	3.1293	3.2097
1580302197374	1272.98	762.49	1294.15	718.31	3.1223	3.2115
1580302205707	1275.55	763.77	1293.70	710.62	3.1256	3.2073
1580302214040	1283.93	764.71	1300.44	703.69	3.1232	3.1962
1580302222374	1281.82	767.00	1296.06	715.11	3.1324	3.2218
1580302230707	1276.41	761.01	1294.72	733.88	3.1172	3.2627
1580302239041	1277.49	762.11	1297.25	705.60	3.1189	3.2074
1580302247374	1273.33	745.84	1295.90	705.69	3.1164	3.2150
1580302255707	1268.37	745.68	1298.12	714.33	3.0894	3.2394
1580302264043	1263.78	739.65	1294.88	708.14	3.0889	3.2269
1580302272377	1275.11	748.58	1302.90	697.82	3.1128	3.2118
1580302280711	1278.80	759.31	1296.40	702.66	3.1297	3.1949
1580302289044	1265.68	748.62	1293.00	698.01	3.1162	3.1914
1580302297377	1273.35	736.69	1299.21	700.05	3.0931	3.1920
1580302305710	1270.26	754.87	1302.53	699.99	3.1099	3.1947
1580302314044	1273.69	742.35	1298.16	692.76	3.0780	3.1889
1580302322377	1272.74	755.06	1289.74	714.40	3.0883	3.2297
1580302330710	1268.12	760.36	1299.13	708.76	3.1069	3.1992
1580302339042	1276.76	769.19	1298.07	707.41	3.1297	3.2038
1580302347375	1275.18	764.74	1298.35	706.85	3.1016	3.1976
1580302355709	1269.37	755.58	1301.55	722.13	3.0764	3.2140
1580302364043	1269.33	763.09	1299.97	709.40	3.1109	3.2000
1580302372376	1270.71	748.21	1297.81	711.19	3.0823	3.1912
1580302380709	1263.82	751.10	1296.11	708.46	3.0806	3.1819
1580302389042	1271.54	760.66	1296.36	715.53	3.1049	3.2044
1580302397380	1267.64	733.07	1294.10	702.09	3.0617	3.2009
1580302405713	1271.48	736.83	1295.53	702.68	3.0983	3.1999
1580302414046	1273.21	728.60	1301.55	696.66	3.0727	3.1949
1580302422378	1280.90	743.64	1295.32	707.17	3.1278	3.2069
1580302430712	1271.78	708.94	1301.47	703.74	3.0412	3.2032
1580302439046	1268.10	726.85	1301.32	706.56	3.1064	3.2178
1580302447379	1267.69	724.70	1299.76	702.33	3.1035	3.1894
1580302455712	1260.67	701.78	1296.88	693.19	3.0346	3.1896
1580302464045	1266.02	730.10	1298.92	700.74	3.1094	3.2081
1580302472379	1274.25	731.59	1298.40	689.11	3.0901	3.1872
1580302480712	1275.62	723.12	1291.94	697.80	3.0946	3.2049
1580302489046	1266.73	727.82	1298.66	700.53	3.1018	3.1889
1580302497378	1275.33	739.44	1294.73	715.00	3.1125	3.2306
1580302505711	1274.15	721.87	1294.02	710.70	3.0547	3.2178
1580302514044	1274.91	756.75	1294.38	702.34	3.1307	3.2003
1580302522378	1274.86	746.26	1299.85	700.74	3.1003	3.1810
1580302530718	1273.79	752.16	1295.11	712.13	3.1192	3.1940
1580302539052	1269.01	726.63	1294.69	715.61	3.0635	3.2129
1580302547384	1273.12	754.37	1290.79	746.57	3.1211	3.2701
1580302555718	1274.06	746.05	1291.44	716.81	3.0883	3.2103
1580302564051	1267.77	739.84	1292.81	711.76	3.0825	3.1976
1580302572384	1270.33	741.07	1292.12	706.15	3.1096	3.2018
1580302580717	1276.02	745.52	1287.63	701.05	3.1349	3.2056
1580302589050	1266.18	706.21	1292.96	708.18	3.0551	3.2203
1580302597383	1273.55	727.66	1293.47	708.38	3.1114	3.2199
1580302605717	1270.99	711.78	1293.03	700.41	3.0793	3.2147
1580302614050	1272.04	717.20	1300.11	698.84	3.0757	3.2193
1580302622384	1272.26	731.03	1296.04	694.59	3.1113	3.1881
1580302630717	1270.98	732.94	1292.92	698.71	3.1075	3.2023
1580302639050	1275.08	746.25	1298.19	705.41	3.1451	3.2181
1580302647383	1270.27	733.40	1291.68	693.11	3.0988	3.1936
1580302655716	1273.41	730.59	1295.15	723.54	3.0989	3.2579
1580302664052	1275.54	734.51	1289.99	701.37	3.1190	3.1935
1580302672385	1276.02	744.02	1286.62	715.01	3.1219	3.2107
1580302680719	1272.07	730.60	1292.49	734.84	3.0878	3.2646
1580302689052	1272.35	738.78	1296.16	706.63	3.1202	3.2035
1580302697386	1272.87	723.21	1293.53	726.37	3.0746	3.2327
1580302705719	1275.16	755.43	1290.08	711.79	3.1505	3.1994
1580302714052	1273.71	744.46	1293.16	702.26	3.1407	3.2111
1580302722385	1263.57	709.24	1288.74	716.61	3.0611	3.2194
1580302730718	1278.50	731.57	1296.23	724.47	3.1117	3.2539
1580302739051	1268.62	724.89	1299.41	702.34	3.0967	3.2202
1580302747385	1262.85	723.10	1293.27	699.35	3.0863	3.2092
1580302755718	1270.60	727.54	1298.52	697.30	3.0959	3.2096
1580302764051	1271.19	742.77	1298.08	693.09	3.1177	3.2139
1580302772385	1277.85	739.27	1293.59	691.41	3.1095	3.1885
1580302780718	1280.07	746.25	1296.92	693.27	3.1371	3.1894
1580302789056	1275.68	718.71	1295.76	695.24	3.0579	3.1861
1580302797389	1275.14	722.26	1297.78	692.80	3.0751	3.1984
1580302805722	1274.62	736.64	1296.25	693.32	3.1360	3.1923
