t	gaze_point_LX	gaze_point_LY	gaze_point_RX	gaze_point_RY	pupil_diameter_L	pupil_diameter_R
839834818551	1530.19	695.28	1456.87	601.80	5.1243	5.3136
839834826884	1533.04	686.03	1451.99	611.14	5.0901	5.3184
839834835216	1533.20	690.38	1449.98	618.71	5.1047	5.3289
839834843549	1530.43	701.77	1451.90	617.12	5.1105	5.3171
839834851883	1536.76	683.14	1453.36	621.21	5.0882	5.3194
839834860216	1532.85	678.52	1450.23	622.78	5.0790	5.3044
839834868550	1532.24	679.40	1451.06	615.93	5.0998	5.3026
839834876883	1527.84	679.87	1450.93	617.70	5.0664	5.3038
839834885216	1524.91	687.54	1455.58	613.88	5.0894	5.2950
839834893549	1525.14	683.88	1455.59	615.42	5.0708	5.2809
839834901883	1521.90	673.67	1454.31	614.35	5.0422	5.2995
839834910216	1525.18	691.48	1450.80	617.02	5.0739	5.2997
839834918548	1526.82	703.65	1452.73	606.65	5.0641	5.2937
839834926882	1518.87	703.05	1441.67	603.12	5.0493	5.2869
839834935215	1439.63	707.50	1380.89	614.00	5.0786	5.3066
839834943549	1370.18	698.66	1308.52	640.52	5.0685	5.3086
839834951887	1352.96	714.01	1279.81	655.88	5.0336	5.3020
839834960220	1378.74	712.14	1288.03	658.32	5.0223	5.3166
839834968553	1381.59	706.05	1294.46	648.65	5.0243	5.2966
839834976886	1383.22	702.23	1284.84	649.07	5.0290	5.2987
839834985220	1382.66	696.58	1284.15	647.52	5.0236	5.2959
839834993552	1377.16	699.01	1279.95	645.97	5.0266	5.3081
839835001886	1380.70	707.01	1279.41	644.57	5.0373	5.3004
839835010219	1379.91	698.52	1282.52	650.67	5.0296	5.3034
839835018552	1378.79	698.47	1282.60	654.18	5.0447	5.3165
839835026886	1373.84	703.39	1280.33	649.10	5.0563	5.3124
839835035219	1382.54	699.12	1275.72	650.33	5.0591	5.3219
839835043552	1382.20	694.85	1278.25	652.40	5.0528	5.3268
839835051885	1384.71	699.79	1270.79	653.65	5.0594	5.3358
839835060219	1382.56	710.64	1273.93	644.75	5.0791	5.3302
839835068553	1387.27	709.54	1271.44	644.03	5.0614	5.3532
839835076884	1381.09	706.35	1275.25	648.76	5.0511	5.3306
839835085223	1381.90	727.06	1272.21	653.24	5.0966	5.3591
839835093556	1380.76	728.88	1273.60	648.85	5.0922	5.3394
839835101889	1385.58	729.51	1273.70	657.87	5.0976	5.3518
839835110223	1382.15	725.91	1274.70	653.73	5.0878	5.3503
839835118556	1387.38	728.14	1271.14	655.44	5.1081	5.3579
839835126889	1382.51	726.06	1270.92	656.73	5.1112	5.3681
839835135223	1358.37	742.89	1253.07	667.72	5.1132	5.3674
839835143556	1342.12	748.75	1247.61	693.44	5.0967	5.3748
839835151889	1351.73	732.72	1250.52	692.43	5.1043	5.4015
839835160222	1350.41	738.30	1253.91	683.29	5.1005	5.3967
839835168555	1355.68	748.53	1252.80	680.80	5.1388	5.3922
839835176888	1353.24	748.16	1248.52	676.99	5.1287	5.4096
839835185222	1351.49	751.55	1245.79	681.97	5.1373	5.4308
839835193555	1353.62	744.58	1247.54	676.82	5.1469	5.4183
839835201888	1354.34	747.59	1248.07	675.38	5.1631	5.4264
839835210222	1356.61	738.20	1245.12	677.53	5.1511	5.4372
839835218560	1357.82	744.22	1249.40	678.05	5.1776	5.4283
839835226893	1350.76	740.39	1247.77	678.75	5.1658	5.4494
839835235227	1348.64	738.79	1246.83	679.27	5.1744	5.4370
839835243559	1351.14	732.95	1248.66	675.29	5.1770	5.4606
839835251892	1354.31	737.51	1252.71	677.59	5.1811	5.4586
839835260226	1347.48	739.80	1251.55	678.27	5.1729	5.4595
839835268559	1353.61	736.84	1252.60	678.08	5.1833	5.4645
839835276892	1351.46	736.33	1251.24	674.62	5.2072	5.4730
839835285226	1353.19	738.50	1250.03	676.92	5.2062	5.4700
839835293559	1353.13	738.78	1254.57	681.74	5.2107	5.4837
839835301892	1352.05	739.28	1245.67	681.63	5.1983	5.4903
839835310226	1349.48	733.56	1248.29	679.24	5.2054	5.4927
839835318558	1357.68	736.03	1249.97	680.18	5.2153	5.5031
839835326891	1352.22	737.34	1249.55	677.22	5.2298	5.5044
839835335225	1353.58	733.00	1249.12	684.75	5.2358	5.5019
839835343563	1353.80	729.18	1247.13	675.72	5.2342	5.5168
839835351896	1354.10	723.84	1246.61	682.44	5.2468	5.5207
839835360230	1354.37	718.49	1251.05	681.92	5.2345	5.5177
839835368563	1351.55	718.77	1247.53	676.06	5.2651	5.5031
839835376896	1345.94	711.92	1250.44	684.71	5.2436	5.5214
839835385230	1348.82	716.91	1250.21	683.31	5.2655	5.5268
839835393563	1347.02	716.77	1250.28	682.27	5.2489	5.5354
839835401895	1339.18	721.68	1250.07	685.70	5.2670	5.5360
839835410229	1344.89	718.81	1245.74	702.16	5.2609	5.5716
839835418562	1344.30	715.48	1245.75	704.69	5.2508	5.5840
839835426895	1348.87	746.53	1253.68	721.54	5.2651	5.5829
839835435229	1355.73	752.71	1248.49	743.95	5.2700	5.6084
839835443562	1357.81	743.60	1254.85	732.73	5.2586	5.6031
839835451895	1351.85	749.79	1249.99	734.78	5.2891	5.6012
839835460228	1354.00	744.14	1249.13	730.43	5.2610	5.5941
839835468562	1345.86	742.76	1253.06	732.93	5.2718	5.6071
839835476900	1347.22	751.88	1252.19	736.29	5.2944	5.6161
839835485233	1345.21	737.06	1258.19	733.25	5.2699	5.6041
839835493566	1346.31	738.97	1252.66	737.05	5.2837	5.6071
839835501899	1343.55	730.76	1250.03	741.64	5.2714	5.6059
839835510232	1353.06	726.09	1248.13	746.50	5.2726	5.6101
839835518566	1349.47	721.16	1253.70	750.10	5.2846	5.6082
839835526899	1349.22	723.18	1254.17	749.26	5.2810	5.6245
839835535232	1352.73	717.72	1257.71	745.25	5.2803	5.6048
839835543566	1360.35	720.80	1247.39	758.97	5.2788	5.6333
839835551899	1359.47	717.00	1255.76	744.87	5.2886	5.6068
839835560232	1356.57	717.99	1251.19	752.56	5.2908	5.6136
839835568565	1363.52	727.15	1257.28	751.98	5.3041	5.6216
839835576898	1360.74	726.45	1254.37	738.36	5.2904	5.5906
839835585231	1364.13	728.92	1246.20	743.93	5.3022	5.6161
839835593565	1362.51	730.06	1251.09	743.64	5.3102	5.6121
839835601898	1364.49	731.15	1248.46	744.95	5.2945	5.6210
839835610235	1361.00	726.71	1250.91	737.73	5.2921	5.6144
839835618569	1362.08	725.95	1251.16	742.80	5.2972	5.6238
839835626902	1364.31	732.75	1251.13	757.53	5.3115	5.6494
839835635235	1365.43	728.73	1256.86	744.40	5.3026	5.6052
839835643568	1365.42	722.69	1253.46	753.45	5.3101	5.6240
839835651901	1359.91	720.11	1256.66	758.00	5.3201	5.6114
839835660234	1363.72	720.80	1256.63	762.71	5.3047	5.6074
839835668568	1359.26	736.41	1254.60	735.24	5.2863	5.6620
839835676901	1373.49	757.83	1255.00	864.46	5.2996	5.3865
839835685234	1326.55	953.40	1088.97	1204.24	4.7918	4.1172
839835693568	1440.33	1343.95	NaN	NaN	3.0837	NaN
839835701901	NaN	NaN	NaN	NaN	NaN	NaN
839835710226	NaN	NaN	NaN	NaN	NaN	NaN
839835718559	NaN	NaN	NaN	NaN	NaN	NaN
839835726892	NaN	NaN	NaN	NaN	NaN	NaN
839835735225	NaN	NaN	NaN	NaN	NaN	NaN
839835743565	NaN	NaN	NaN	NaN	NaN	NaN
839835751898	NaN	NaN	NaN	NaN	NaN	NaN
839835760231	NaN	NaN	NaN	NaN	NaN	NaN
839835768564	NaN	NaN	NaN	NaN	NaN	NaN
839835776897	NaN	NaN	NaN	NaN	NaN	NaN
839835785231	NaN	NaN	NaN	NaN	NaN	NaN
839835793564	NaN	NaN	NaN	NaN	NaN	NaN
839835801897	NaN	NaN	NaN	NaN	NaN	NaN
839835810230	NaN	NaN	NaN	NaN	NaN	NaN
839835818564	NaN	NaN	NaN	NaN	NaN	NaN
839835826897	1255.12	1585.93	NaN	NaN	1.6281	NaN
839835835230	NaN	NaN	NaN	NaN	NaN	NaN
839835843564	1464.80	1110.91	1301.61	1141.71	3.6378	3.6235
839835851905	NaN	NaN	1003.18	1020.45	NaN	4.0058
839835860238	1334.02	964.08	NaN	NaN	4.7048	NaN
839835868575	1327.39	897.05	1262.51	891.62	4.8232	5.0100
839835876908	1316.82	833.58	1298.17	864.80	4.9622	5.0946
839835885240	1318.91	779.66	1292.11	836.57	5.0613	5.1879
839835893574	1321.90	767.91	1310.02	830.67	5.1426	5.2118
839835901907	1326.90	723.14	1279.33	806.34	5.1836	5.2964
839835910241	1324.45	706.93	1272.72	817.25	5.2175	5.3773
839835918574	1321.79	698.33	1269.22	807.21	5.2362	5.3542
839835926907	1330.35	692.50	1273.53	815.57	5.2680	5.3866
839835935241	1336.02	679.73	1269.95	812.06	5.2865	5.4167
839835943566	1333.77	688.44	1284.23	801.88	5.2888	5.3305
839835951907	1330.49	686.37	1285.09	814.46	5.2857	5.2869
839835960232	1339.11	674.47	1284.42	802.75	5.2950	5.2405
839835968565	1339.83	670.79	1288.36	810.24	5.2853	5.2065
839835976898	1336.02	668.70	1279.87	815.54	5.3003	5.2303
839835985240	1332.37	672.08	1273.61	821.27	5.2875	5.2007
839835993573	1334.69	671.99	1286.50	803.49	5.2928	5.1964
839836001903	1330.01	674.73	1286.03	806.46	5.2944	5.1680
839836010244	1335.31	682.31	1280.55	823.76	5.2693	5.1142
839836018578	1330.76	683.71	1293.34	818.65	5.2876	5.0983
839836026911	1325.17	679.91	1333.33	864.50	5.2799	4.9815
839836035245	1326.67	695.44	1286.24	927.84	5.2712	5.0429
839836043578	1328.22	703.29	1312.27	876.16	5.2856	4.9639
839836051910	1320.80	706.54	NaN	NaN	5.2758	NaN
839836060235	1324.61	705.04	NaN	NaN	5.2719	NaN
839836068568	1321.86	703.07	NaN	NaN	5.2445	NaN
839836076901	1324.17	710.16	NaN	NaN	5.2922	NaN
839836085235	1321.49	706.49	NaN	NaN	5.2534	NaN
839836093568	1320.14	713.82	NaN	NaN	5.2284	NaN
839836101901	1322.36	743.06	NaN	NaN	5.2189	NaN
839836110235	1327.36	759.96	NaN	NaN	5.2142	NaN
839836118568	1322.69	740.77	NaN	NaN	5.2126	NaN
839836126910	1325.28	731.11	NaN	NaN	5.2482	NaN
839836135247	1315.19	726.10	1157.38	1000.80	5.2422	3.6167
839836143580	1322.93	753.08	NaN	NaN	5.2459	NaN
839836151906	1321.19	756.72	NaN	NaN	5.2025	NaN
839836160247	1327.74	765.92	NaN	NaN	5.2016	NaN
839836168581	1324.42	762.26	NaN	NaN	5.2070	NaN
839836176914	1319.17	767.08	NaN	NaN	5.2085	NaN
839836185247	1321.13	748.61	NaN	NaN	5.2109	NaN
839836193580	1321.32	744.06	NaN	NaN	5.2226	NaN
839836201914	1335.72	744.11	NaN	NaN	5.2579	NaN
839836210247	1341.78	741.08	NaN	NaN	5.2514	NaN
839836218571	1331.74	724.45	NaN	NaN	5.2741	NaN
839836226913	1333.73	715.18	NaN	NaN	5.2581	NaN
839836235246	1335.33	717.76	NaN	NaN	5.2841	NaN
839836243579	1333.03	713.63	1440.95	1172.05	5.2770	4.6184
839836251913	1336.37	701.03	NaN	NaN	5.2743	NaN
839836260249	1327.47	700.71	NaN	NaN	5.2771	NaN
839836268582	1332.49	713.41	NaN	NaN	5.2799	NaN
839836276907	1329.60	720.36	NaN	NaN	5.2614	NaN
839836285241	1331.79	716.55	NaN	NaN	5.2648	NaN
839836293582	1334.46	715.18	NaN	NaN	5.2898	NaN
839836301915	1329.24	713.26	NaN	NaN	5.2587	NaN
839836310248	1329.43	721.52	NaN	NaN	5.2621	NaN
839836318581	1332.75	715.93	NaN	NaN	5.2748	NaN
839836326915	1334.40	721.95	NaN	NaN	5.2859	NaN
839836335248	1325.31	722.37	NaN	NaN	5.2622	NaN
839836343581	1326.92	722.04	NaN	NaN	5.2892	NaN
839836351907	1331.77	734.43	NaN	NaN	5.2588	NaN
839836360239	1337.88	759.39	NaN	NaN	5.2460	NaN
839836368573	1336.92	750.88	NaN	NaN	5.2288	NaN
839836376905	1342.07	744.09	NaN	NaN	5.2419	NaN
839836385238	1331.30	750.10	NaN	NaN	5.2306	NaN
839836393577	1339.01	753.42	1223.97	1452.17	5.2448	2.4017
839836401910	1331.97	744.71	NaN	NaN	5.2420	NaN
839836410244	1334.21	735.78	NaN	NaN	5.2502	NaN
839836418578	1330.61	738.97	NaN	NaN	5.2288	NaN
839836426911	1331.39	728.92	NaN	NaN	5.2467	NaN
839836435245	1333.55	730.92	1153.45	989.52	5.2508	4.2542
839836443585	1338.35	730.81	1272.77	1020.92	5.2459	4.5786
839836451919	1338.93	741.26	1223.22	1025.41	5.2344	4.5481
839836460242	1338.93	735.19	1146.76	1038.85	5.2172	4.4795
839836468576	1336.64	743.44	1300.16	1009.63	5.2458	4.9600
839836476910	1336.45	716.51	1293.53	981.43	5.2365	5.0877
839836485242	1331.67	712.24	1287.29	942.18	5.2684	5.1315
839836493585	1336.88	704.57	1289.06	874.66	5.2905	5.3059
839836501909	1340.91	686.16	1280.54	818.05	5.2806	5.4105
839836510242	1335.27	698.93	1283.43	761.96	5.2587	5.4060
839836518576	1340.39	696.17	1282.91	783.96	5.2426	5.4570
839836526924	1341.78	686.32	1280.12	746.58	5.2602	5.4386
839836535256	1338.92	704.21	1281.99	712.25	5.2647	5.4716
839836543590	1342.23	712.53	1276.01	681.02	5.2345	5.4657
839836551923	1345.93	705.47	1278.30	658.00	5.2280	5.4840
839836560256	1347.30	719.27	1272.36	663.45	5.2390	5.4996
839836568590	1343.28	709.32	1270.96	667.30	5.2238	5.5077
839836576923	1346.98	705.37	1261.78	688.88	5.2068	5.5070
839836585256	1347.84	696.05	1266.24	724.70	5.2530	5.4449
839836593590	1345.73	794.40	1265.86	970.14	5.1191	5.0141
839836601923	NaN	NaN	NaN	NaN	NaN	NaN
839836610256	1293.23	1523.53	NaN	NaN	2.3240	NaN
839836618580	NaN	NaN	NaN	NaN	NaN	NaN
839836626913	NaN	NaN	NaN	NaN	NaN	NaN
839836635247	NaN	NaN	NaN	NaN	NaN	NaN
839836643580	NaN	NaN	NaN	NaN	NaN	NaN
839836651913	NaN	NaN	NaN	NaN	NaN	NaN
839836660251	NaN	NaN	NaN	NaN	NaN	NaN
839836668584	1307.51	1671.87	NaN	NaN	1.7384	NaN
839836676918	1496.92	1464.31	NaN	NaN	2.3808	NaN
839836685251	NaN	NaN	NaN	NaN	NaN	NaN
839836693586	1501.84	1131.03	1305.50	1186.02	3.5196	3.3639
839836701918	NaN	NaN	NaN	NaN	NaN	NaN
839836710251	1332.61	904.04	1293.78	921.29	4.8325	4.8515
839836718593	1332.86	794.32	1289.00	841.57	5.0005	5.0855
839836726926	1335.55	727.66	1280.44	758.23	5.1252	5.2250
839836735259	1338.81	691.34	1285.91	729.96	5.1900	5.3171
839836743592	1343.38	670.02	1275.46	700.67	5.2134	5.3607
839836751925	1346.44	669.05	1270.65	691.87	5.2209	5.4162
839836760259	1346.83	706.18	1275.52	696.84	5.1751	5.3967
839836768593	1343.80	711.85	1276.41	734.88	5.1629	5.3410
839836776926	1338.54	712.52	1271.89	728.49	5.1560	5.3489
839836785262	1345.23	717.93	1270.64	716.66	5.1627	5.3235
839836793596	1340.46	717.45	1268.97	732.93	5.1537	5.3548
839836801929	1336.98	721.28	1265.21	747.26	5.1491	5.3931
839836810262	1335.78	724.48	1265.60	748.07	5.1620	5.3771
839836818595	1336.93	719.24	1266.68	745.40	5.1490	5.3925
839836826929	1333.15	718.15	1263.01	766.15	5.1581	5.4400
839836835262	1335.71	711.41	1258.51	763.85	5.1427	5.4355
839836843595	1331.61	728.73	1262.04	769.10	5.1594	5.4371
839836851929	1332.47	718.88	1265.40	765.75	5.1566	5.4218
839836860261	1329.33	722.80	1261.74	767.78	5.1538	5.4451
839836868594	1331.54	736.34	1265.62	758.35	5.1799	5.4267
839836876927	1329.13	722.90	1268.87	769.23	5.1393	5.4436
839836885261	1327.09	717.96	1269.63	762.55	5.1370	5.4077
839836893594	1325.93	724.68	1267.06	764.45	5.1346	5.4225
839836901927	1321.07	711.82	1270.55	761.33	5.1166	5.4251
839836910261	1318.82	709.73	1271.80	754.46	5.1204	5.4200
839836918599	1315.22	717.19	1264.83	761.96	5.1298	5.4424
839836926932	1318.46	709.83	1267.05	754.78	5.1251	5.4307
839836935266	1325.05	715.83	1264.75	759.10	5.1353	5.4537
839836943598	1320.58	710.71	1268.44	765.85	5.1212	5.4711
839836951931	1321.22	713.79	1264.98	760.74	5.1316	5.4494
839836960264	1321.22	713.05	1267.56	757.22	5.1353	5.4412
839836968598	1321.92	712.64	1266.56	766.96	5.1291	5.4696
839836976931	1312.67	711.71	1264.15	764.44	5.1337	5.4530
839836985265	1323.65	713.59	1264.59	761.72	5.1363	5.4585
839836993598	1322.19	716.71	1265.33	762.86	5.1355	5.4413
839837001931	1327.78	716.26	1261.68	763.42	5.1257	5.4429
839837010265	1326.98	723.15	1263.96	758.47	5.1343	5.4237
839837018598	1335.46	717.97	1262.07	768.36	5.1312	5.4341
839837026931	1329.97	713.98	1266.30	752.92	5.1109	5.4109
839837035264	1332.68	725.79	1265.51	767.15	5.1475	5.4514
839837043597	1329.75	713.83	1264.09	767.33	5.1403	5.4519
839837051935	1332.52	711.84	1267.78	760.12	5.1131	5.4253
839837060269	1328.66	720.77	1267.85	756.40	5.1219	5.4202
839837068602	1332.01	720.38	1266.10	757.17	5.1251	5.4192
839837076936	1330.21	716.18	1266.28	750.84	5.1157	5.3932
839837085269	1332.43	718.03	1258.85	768.44	5.1187	5.4315
839837093602	1331.68	716.75	1263.37	765.70	5.1085	5.4417
839837101936	1327.97	719.17	1264.01	759.26	5.1183	5.4207
839837110267	1332.23	719.62	1266.11	758.96	5.1134	5.4040
839837118601	1336.09	727.14	1268.69	762.10	5.1101	5.4105
839837126934	1341.38	725.53	1271.66	768.64	5.1143	5.4122
839837135268	1340.19	723.53	1262.27	756.55	5.1103	5.3813
839837143601	1333.21	720.37	1267.12	764.36	5.0964	5.3888
839837151934	1330.86	730.29	1261.96	760.39	5.1111	5.3813
839837160268	1334.76	729.57	1265.94	749.78	5.1006	5.3625
839837168601	1329.58	733.15	1264.48	749.27	5.1226	5.3622
839837176938	1330.95	726.19	1267.93	741.94	5.1218	5.3482
839837185270	1331.65	721.98	1262.89	744.23	5.1125	5.3425
839837193603	1332.68	726.00	1265.79	739.22	5.1147	5.3282
839837201936	1331.49	728.80	1259.69	745.76	5.1119	5.3442
839837210269	1332.93	737.89	1261.77	737.10	5.1332	5.3251
839837218603	1330.59	728.52	1266.58	720.11	5.1142	5.2980
839837226936	1332.12	726.39	1261.84	732.38	5.1139	5.3244
839837235269	1332.60	727.11	1264.18	719.78	5.1114	5.2964
839837243603	1337.07	731.99	1260.47	741.72	5.1383	5.3417
839837251936	1334.40	733.05	1267.49	732.69	5.1453	5.3305
839837260270	1326.79	724.46	1268.14	735.14	5.1251	5.3439
839837268602	1333.19	723.09	1265.85	747.55	5.1077	5.3808
839837276935	1332.82	732.85	1270.05	742.89	5.1438	5.3654
839837285268	1334.23	722.36	1266.58	741.20	5.1381	5.3698
839837293602	1329.69	735.78	1266.16	736.05	5.1455	5.3684
839837301936	1328.76	729.38	1266.05	741.54	5.1371	5.3688
839837310274	1328.15	726.49	1268.35	734.12	5.1329	5.3690
839837318608	1325.76	724.87	1264.61	734.41	5.1353	5.3673
839837326941	1327.96	728.67	1263.61	734.17	5.1523	5.3698
839837335274	1326.33	722.60	1263.44	745.11	5.1425	5.4056
839837343608	1323.45	720.88	1262.44	746.52	5.1491	5.4073
839837351940	1327.97	721.15	1267.14	738.27	5.1512	5.3972
839837360273	1331.16	718.06	1260.10	739.93	5.1476	5.4114
839837368607	1324.18	710.76	1265.77	744.38	5.1468	5.4271
839837376940	1323.22	711.20	1261.50	746.99	5.1525	5.4245
839837385274	1331.48	715.23	1261.49	736.33	5.1580	5.3861
839837393607	1328.67	721.36	1268.16	743.53	5.1674	5.4074
839837401940	1328.25	722.81	1266.72	744.22	5.1558	5.4220
839837410273	1327.66	713.10	1268.23	739.28	5.1281	5.3957
839837418607	1323.45	737.25	1266.03	743.41	5.1742	5.4316
839837426939	1328.34	732.59	1266.70	739.78	5.1726	5.4208
839837435272	1329.04	729.28	1266.20	742.46	5.1566	5.4187
839837443611	1331.69	738.51	1265.40	745.23	5.1760	5.4245
839837451944	1329.41	742.71	1266.36	748.16	5.1768	5.4325
839837460277	1327.02	737.12	1270.60	743.97	5.1587	5.4212
839837468611	1328.85	735.46	1268.54	744.94	5.1558	5.4339
839837476944	1326.57	736.89	1269.92	760.20	5.1545	5.4685
839837485277	1335.36	734.68	1271.11	738.81	5.1628	5.4322
839837493611	1327.99	732.99	1273.26	733.59	5.1591	5.4329
839837501944	1326.97	724.33	1269.40	731.87	5.1542	5.4156
839837510277	1326.14	729.18	1271.45	730.84	5.1519	5.4237
839837518610	1327.55	735.05	1270.10	742.71	5.1605	5.4463
839837526943	1330.45	727.38	1270.76	739.85	5.1550	5.4384
839837535276	1325.64	721.83	1268.29	744.61	5.1496	5.4708
839837543610	1325.66	720.79	1268.84	734.94	5.1385	5.4362
839837551943	1327.00	737.51	1270.93	741.00	5.1637	5.4471
839837560276	1332.53	731.09	1274.30	739.70	5.1188	5.4306
839837568609	1327.51	750.70	1268.07	703.64	5.1344	5.4894
839837576949	1331.32	738.86	1259.68	821.73	5.1317	5.2813
839837585282	1342.90	953.55	1254.98	1209.12	4.7384	3.9593
839837593615	1401.19	1254.02	1585.34	1503.34	3.1236	2.5825
839837601948	1540.54	1523.92	NaN	NaN	1.9885	NaN
839837610273	NaN	NaN	NaN	NaN	NaN	NaN
839837618607	NaN	NaN	NaN	NaN	NaN	NaN
839837626940	NaN	NaN	NaN	NaN	NaN	NaN
839837635274	NaN	NaN	NaN	NaN	NaN	NaN
839837643607	NaN	NaN	NaN	NaN	NaN	NaN
839837651941	NaN	NaN	NaN	NaN	NaN	NaN
839837660273	NaN	NaN	NaN	NaN	NaN	NaN
839837668606	NaN	NaN	NaN	NaN	NaN	NaN
839837676939	1385.07	1162.65	NaN	NaN	3.2288	NaN
839837685273	NaN	NaN	NaN	NaN	NaN	NaN
839837693605	1425.65	924.24	1430.07	1068.76	4.3581	4.1428
839837701942	1322.92	851.83	1283.90	945.97	4.8537	4.9379
839837710276	1318.15	779.32	1279.47	856.24	5.0422	5.2237
839837718616	1329.78	732.72	1280.08	779.35	5.1241	5.4122
839837726950	1328.66	703.32	1271.14	712.28	5.1870	5.4917
839837735283	1328.56	710.81	1267.28	681.98	5.1917	5.5605
839837743617	1331.11	735.67	1269.42	689.22	5.1607	5.5540
839837751949	1334.06	728.52	1271.38	713.14	5.1646	5.4815
839837760283	1335.58	725.00	1268.90	712.83	5.1668	5.5101
839837768615	1337.44	719.26	1270.55	711.09	5.1776	5.5202
839837776949	1335.81	720.18	1272.68	710.98	5.1907	5.5225
839837785283	1337.10	714.52	1268.97	709.40	5.1866	5.5337
839837793615	1336.58	707.72	1263.97	709.61	5.1913	5.5392
839837801949	1340.14	701.17	1266.55	710.33	5.1960	5.5369
839837810283	1338.42	695.22	1265.82	715.29	5.1969	5.5543
839837818615	1336.91	695.93	1263.29	714.95	5.2004	5.5635
839837826949	1332.96	699.08	1264.33	707.96	5.2313	5.5705
839837835288	1330.87	695.52	1256.94	716.07	5.2257	5.5935
839837843621	1331.91	697.92	1263.93	705.96	5.2253	5.5786
839837851955	1333.15	699.60	1266.43	704.98	5.2251	5.5782
839837860288	1331.17	704.09	1260.04	712.83	5.2476	5.5947
839837868621	1325.94	699.99	1261.83	705.53	5.2341	5.5948
839837876955	1321.60	705.85	1261.36	708.84	5.2494	5.6063
839837885288	1327.88	703.61	1261.09	707.49	5.2569	5.5914
839837893622	1329.65	708.16	1264.10	710.88	5.2585	5.6014
839837901955	1329.13	710.28	1265.46	709.03	5.2658	5.6136
839837910288	1334.72	713.09	1263.24	709.93	5.2838	5.6138
839837918620	1328.04	713.47	1261.51	711.44	5.2787	5.6200
839837926954	1327.72	710.23	1263.25	709.17	5.2915	5.6082
839837935287	1327.72	700.54	1264.07	708.24	5.2762	5.6163
839837943620	1336.30	702.23	1262.03	705.54	5.2742	5.6132
839837951954	1330.29	706.73	1261.94	708.44	5.2821	5.6144
839837960287	1326.52	700.57	1256.85	714.80	5.2818	5.6355
839837968623	1327.13	707.67	1260.64	705.08	5.2910	5.6161
839837976957	1325.51	704.17	1259.71	711.07	5.2827	5.6317
839837985290	1329.41	710.19	1260.58	713.27	5.3027	5.6275
839837993623	1333.57	701.85	1258.06	709.05	5.3041	5.6172
839838001955	1328.40	709.67	1262.25	710.55	5.2923	5.6221
839838010289	1333.68	706.10	1257.55	707.10	5.2927	5.6130
839838018622	1329.10	702.11	1254.83	705.23	5.2875	5.6143
839838026956	1332.12	705.18	1257.80	701.93	5.2825	5.6203
839838035289	1338.48	714.64	1262.07	703.78	5.3018	5.6145
839838043622	1348.44	715.14	1272.15	716.84	5.3064	5.6304
839838051955	1352.96	718.63	1265.07	700.89	5.3175	5.6103
839838060289	1352.39	716.81	1263.96	700.71	5.3160	5.6118
839838068622	1347.47	723.45	1264.77	698.91	5.3161	5.6085
839838076955	1350.95	728.39	1264.18	695.21	5.3180	5.6043
839838085288	1353.84	714.37	1264.18	698.49	5.3062	5.6149
839838093621	1345.05	723.20	1263.50	698.37	5.3314	5.6038
839838101960	1351.60	719.94	1266.99	701.51	5.3371	5.6180
839838110293	1347.15	715.13	1265.47	701.60	5.3183	5.6167
839838118626	1347.95	711.33	1268.66	706.62	5.3161	5.6153
839838126959	1347.63	712.56	1262.88	703.46	5.3182	5.6088
839838135293	1342.88	718.91	1265.10	704.07	5.3295	5.6113
839838143627	1346.09	725.53	1267.12	702.37	5.3415	5.6176
839838151959	1345.64	724.26	1267.56	704.55	5.3396	5.6019
839838160292	1348.61	724.54	1270.62	702.07	5.3436	5.6060
839838168625	1353.44	721.61	1271.14	703.92	5.3505	5.6184
839838176958	1357.21	716.15	1265.36	703.51	5.3431	5.6100
839838185292	1355.06	722.56	1263.92	706.60	5.3523	5.6182
839838193625	1348.68	720.41	1264.93	703.55	5.3464	5.6032
839838201958	1355.92	720.37	1261.87	704.87	5.3465	5.6053
839838210292	1346.96	715.42	1262.85	704.08	5.3426	5.6018
839838218625	1343.59	713.68	1267.55	703.36	5.3386	5.6020
839838226961	1341.45	713.61	1271.58	703.92	5.3450	5.6021
839838235295	1344.99	725.41	1268.85	701.64	5.3706	5.6086
839838243627	1345.81	722.97	1266.63	701.82	5.3611	5.5947
839838251960	1342.36	725.65	1270.18	696.97	5.3617	5.6064
839838260294	1345.19	715.93	1269.36	701.66	5.3646	5.5921
839838268627	1345.87	718.43	1265.02	704.07	5.3544	5.6186
839838276960	1350.13	719.67	1268.93	702.55	5.3605	5.5998
839838285293	1348.82	705.93	1262.81	701.89	5.3420	5.6108
839838293626	1342.55	704.39	1267.45	699.55	5.3340	5.5972
839838301959	1348.69	708.79	1264.27	699.24	5.3658	5.6113
839838310293	1347.17	703.49	1266.38	700.62	5.3597	5.6068
839838318626	1347.69	709.08	1263.60	698.22	5.3505	5.6152
839838326958	1354.37	708.08	1267.07	700.74	5.3717	5.6171
839838335292	1354.83	707.38	1264.91	697.17	5.3666	5.6187
839838343625	1353.62	708.28	1265.91	697.98	5.3745	5.6066
839838351958	1357.63	711.75	1269.11	699.50	5.3835	5.6161
839838360299	1359.02	705.19	1268.93	701.68	5.3602	5.6089
839838368632	1362.83	711.24	1264.49	701.94	5.3686	5.6275
839838376965	1361.43	710.62	1270.88	705.41	5.3638	5.6105
839838385299	1354.16	714.70	1270.05	702.29	5.3666	5.6237
839838393632	1361.43	719.50	1268.25	702.25	5.3774	5.6160
839838401964	1359.62	723.36	1266.51	699.86	5.3605	5.6139
839838410298	1356.88	721.27	1266.81	701.60	5.3655	5.6279
839838418631	1359.18	714.18	1265.67	699.58	5.3415	5.6286
839838426964	1360.78	718.49	1270.58	699.67	5.3631	5.6176
839838435298	1360.43	723.68	1268.18	698.25	5.3587	5.6247
839838443631	1358.95	715.86	1268.87	699.81	5.3507	5.6271
839838451964	1360.25	716.20	1266.44	703.52	5.3505	5.6264
839838460298	1361.03	722.90	1268.60	710.63	5.3628	5.6334
839838468631	1358.84	711.71	1266.07	704.92	5.3490	5.6220
839838476964	1353.89	721.57	1270.02	707.78	5.3554	5.6213
839838485296	1353.45	720.46	1269.75	704.57	5.3522	5.6204
839838493634	1356.07	728.65	1265.57	709.69	5.3755	5.6306
839838501967	1353.16	716.79	1268.94	708.40	5.3637	5.6287
839838510300	1349.57	718.01	1266.67	706.56	5.3561	5.6322
839838518634	1355.39	720.72	1270.65	707.28	5.3631	5.6300
839838526967	1357.56	712.82	1272.65	714.74	5.3413	5.6404
839838535300	1355.00	722.43	1280.54	712.09	5.3469	5.6205
839838543634	1350.88	725.42	1275.79	716.00	5.3606	5.6288
839838551967	1353.98	724.45	1279.78	707.49	5.3516	5.6108
839838560301	1348.27	727.89	1275.62	707.18	5.3622	5.6281
839838568633	1348.05	721.89	1277.68	705.17	5.3384	5.6319
839838576966	1347.47	736.19	1272.05	709.51	5.3514	5.6272
839838585300	1348.02	717.67	1273.37	706.22	5.3360	5.6295
839838593633	1348.08	721.65	1278.24	703.16	5.3411	5.6321
839838601966	1343.81	721.42	1274.80	705.98	5.3446	5.6331
839838610300	1351.63	724.25	1274.56	708.52	5.3586	5.6335
839838618633	1351.05	716.43	1278.77	707.95	5.3494	5.6324
839838626972	1345.31	713.20	1276.37	713.66	5.3451	5.6295
839838635306	1356.56	719.60	1269.18	735.07	5.3577	5.6884
839838643639	1357.07	715.20	1275.28	721.72	5.3465	5.6441
839838651972	1357.60	711.93	1273.97	738.56	5.3391	5.6789
839838660304	1356.01	717.95	1271.57	734.74	5.3456	5.6688
839838668638	1357.15	714.19	1269.30	737.86	5.3469	5.6717
839838676972	1361.46	720.64	1266.22	732.46	5.3395	5.6652
839838685305	1358.39	705.37	1269.17	732.17	5.3158	5.6672
839838693638	1353.10	707.81	1274.65	731.42	5.3311	5.6616
839838701971	1349.71	724.97	1269.18	744.40	5.3483	5.6793
839838710304	1345.69	721.01	1268.66	749.17	5.3588	5.6925
839838718638	1343.50	721.78	1267.94	743.63	5.3354	5.6678
839838726971	1349.03	708.87	1266.76	751.05	5.3343	5.6798
839838735304	1343.80	714.33	1268.15	748.68	5.3300	5.6574
839838743637	1344.98	704.33	1265.77	746.33	5.3291	5.6632
839838751974	1342.79	710.81	1274.83	748.33	5.3290	5.6475
839838760307	1345.22	711.06	1271.42	745.54	5.3399	5.6418
839838768640	1346.42	700.60	1267.52	755.99	5.3247	5.6689
839838776974	1347.71	701.79	1268.62	754.04	5.3518	5.6532
839838785306	1345.07	697.87	1267.10	754.26	5.3333	5.6464
839838793640	1342.47	702.10	1274.08	750.00	5.3322	5.6501
839838801974	1339.06	702.76	1270.31	749.56	5.3171	5.6492
839838810306	1343.91	701.24	1271.64	743.32	5.3288	5.6422
839838818639	1344.66	710.15	1272.76	739.06	5.3192	5.6407
839838826973	1347.23	706.00	1274.08	732.21	5.3321	5.6402
839838835306	1350.60	718.43	1270.07	741.78	5.3352	5.6677
839838843639	1353.08	713.24	1269.92	724.23	5.3380	5.6301
839838851972	1358.27	712.40	1275.84	735.15	5.3505	5.6531
839838860306	1358.49	711.26	1270.86	725.74	5.3219	5.6467
839838868639	1364.02	709.26	1272.70	720.75	5.3255	5.6365
839838876973	1362.50	712.24	1270.91	718.45	5.3200	5.6366
839838885311	1362.86	711.98	1279.19	707.49	5.3155	5.6149
839838893643	1364.81	715.99	1274.67	705.55	5.3346	5.6128
839838901977	1362.87	713.68	1276.20	707.68	5.3354	5.6167
839838910310	1364.97	716.02	1279.50	701.17	5.3306	5.6054
839838918643	1360.62	723.61	1281.88	706.34	5.3514	5.6185
839838926977	1363.23	716.56	1283.24	699.31	5.3374	5.6190
839838935310	1362.79	717.20	1284.54	699.09	5.3308	5.6099
839838943643	1359.14	716.90	1283.33	701.14	5.3495	5.6213
839838951976	1360.71	722.26	1281.70	700.70	5.3531	5.6128
839838960310	1360.21	717.13	1279.52	704.90	5.3308	5.6227
839838968642	1360.02	725.54	1281.98	707.26	5.3492	5.6228
839838976975	1358.94	726.49	1275.91	707.36	5.3553	5.6139
839838985309	1353.75	722.84	1275.07	708.42	5.3467	5.6074
839838993642	1355.17	734.15	1275.56	707.92	5.3489	5.6102
839839001975	1357.05	728.86	1275.35	711.92	5.3406	5.6080
839839010309	1355.14	720.91	1274.35	709.57	5.3362	5.6142
839839018647	1358.27	731.00	1270.78	712.89	5.3443	5.6132
839839026980	1354.83	726.48	1273.20	713.82	5.3316	5.6144
839839035314	1360.47	731.31	1273.34	712.89	5.3591	5.6178
839839043647	1361.14	728.25	1273.39	711.11	5.3472	5.6290
839839051979	1360.22	722.79	1275.16	715.45	5.3368	5.6145
839839060313	1358.33	731.92	1270.62	711.93	5.3647	5.6263
839839068646	1356.89	726.44	1271.95	709.01	5.3518	5.6113
839839076979	1360.02	732.09	1273.91	707.34	5.3636	5.6088
839839085313	1360.43	732.37	1276.76	712.30	5.3478	5.6150
839839093646	1370.42	728.81	1275.66	706.55	5.3420	5.6176
839839101979	1369.51	729.77	1272.13	709.14	5.3374	5.6286
839839110313	1369.16	733.83	1276.46	708.87	5.3533	5.6188
839839118646	1370.53	737.04	1273.38	708.55	5.3577	5.6104
839839126979	1372.71	736.01	1277.33	711.96	5.3546	5.6208
839839135311	1374.22	734.78	1277.62	710.51	5.3478	5.6117
839839143645	1369.02	737.74	1273.46	708.74	5.3551	5.6082
839839151983	1367.48	729.68	1277.77	714.59	5.3216	5.5999
839839160317	1365.92	739.10	1270.28	712.12	5.3407	5.6033
839839168650	1369.26	736.11	1273.70	714.15	5.3469	5.6021
839839176983	1364.09	735.85	1273.13	713.66	5.3380	5.6008
839839185317	1372.62	733.23	1275.83	713.40	5.3433	5.5945
839839193650	1368.46	739.72	1273.95	713.13	5.3385	5.6033
839839201983	1368.65	744.17	1275.79	712.84	5.3483	5.5975
839839210317	1374.46	735.97	1274.05	707.64	5.3429	5.6033
839839218648	1375.11	741.27	1273.33	709.72	5.3653	5.5929
839839226982	1366.62	737.72	1274.98	707.80	5.3431	5.5836
839839235316	1368.64	734.80	1276.57	705.68	5.3266	5.5835
839839243649	1371.35	737.14	1277.15	709.07	5.3339	5.5773
839839251982	1368.46	736.36	1272.31	710.46	5.3402	5.5945
839839260315	1371.73	737.23	1277.03	711.31	5.3396	5.5787
839839268648	1365.63	731.83	1275.20	708.70	5.3205	5.5762
839839276986	1372.03	733.94	1274.95	715.37	5.3442	5.5770
839839285320	1373.18	737.78	1279.87	711.42	5.3367	5.5642
839839293651	1376.79	736.20	1290.67	709.09	5.3465	5.5625
839839301985	1370.05	743.01	1285.49	716.86	5.3353	5.5719
839839310318	1368.44	739.82	1283.45	717.68	5.3311	5.5659
839839318652	1369.70	745.97	1285.22	718.07	5.3394	5.5728
839839326985	1375.71	747.31	1282.47	716.13	5.3564	5.5738
839839335318	1373.46	735.02	1280.20	712.83	5.3305	5.5638
839839343651	1377.77	731.66	1285.34	714.34	5.3244	5.5627
839839351984	1378.25	733.90	1280.10	711.92	5.3456	5.5637
839839360318	1374.84	729.81	1282.66	712.64	5.3396	5.5649
839839368651	1377.97	730.29	1280.74	716.30	5.3380	5.5724
839839376984	1369.02	726.49	1281.17	718.34	5.3276	5.5656
839839385317	1371.98	726.57	1280.65	716.75	5.3379	5.5728
839839393651	1371.83	729.40	1281.25	717.07	5.3230	5.5639
839839401984	1374.74	733.12	1277.73	717.86	5.3321	5.5756
839839410325	1372.10	733.09	1285.60	712.96	5.3323	5.5546
839839418658	1373.03	734.96	1281.41	717.79	5.3410	5.5691
839839426991	1376.67	739.10	1281.77	711.67	5.3304	5.5598
839839435324	1368.90	733.04	1276.66	709.30	5.3307	5.5720
839839443657	1371.51	743.17	1285.13	707.16	5.3432	5.5584
839839451990	1370.10	727.52	1284.86	707.88	5.3185	5.5516
839839460323	1375.25	726.37	1282.95	712.25	5.3216	5.5526
839839468656	1379.54	723.51	1275.90	725.40	5.3230	5.5390
839839476990	1366.70	741.67	1273.35	734.77	5.2931	5.6090
839839485323	1380.19	729.97	1287.58	884.08	5.3115	5.3366
839839493657	1352.40	825.39	1329.71	1106.44	5.1267	4.6386
839839501990	1329.00	1004.86	NaN	NaN	4.6379	NaN
839839510323	1414.88	1211.81	1312.59	1489.43	3.7484	2.5452
839839518647	1529.64	1308.25	1348.55	1569.75	3.2253	2.2578
839839526981	1248.71	1304.33	NaN	NaN	3.0422	NaN
839839535314	NaN	NaN	NaN	NaN	NaN	NaN
839839543649	1520.25	1178.90	NaN	NaN	3.8116	NaN
839839551983	1480.96	1087.33	1271.01	1257.17	4.1941	3.3763
839839560324	1358.49	1000.58	1366.82	1181.09	4.7131	3.7349
839839568657	1367.82	914.21	1493.26	1092.17	4.9150	4.0201
839839576982	1373.57	848.33	1266.98	1045.11	5.0821	4.7006
839839585316	1376.16	789.60	1299.92	930.58	5.1602	5.0399
839839593657	1373.66	755.94	1292.32	861.36	5.2384	5.2055
839839601983	1370.67	743.22	1297.73	816.23	5.2884	5.3387
839839610324	1374.44	712.01	1301.64	777.25	5.3476	5.4247
839839618657	1369.25	709.61	1297.25	742.28	5.3433	5.5128
839839626990	1367.07	730.91	1288.92	729.54	5.2968	5.5491
839839635323	1364.92	736.92	1287.62	714.85	5.2964	5.5791
839839643657	1367.87	736.38	1287.71	713.87	5.2959	5.5824
839839651990	1370.21	743.64	1280.70	712.31	5.3179	5.5794
839839660323	1366.92	748.38	1283.57	703.80	5.2932	5.5759
839839668661	1371.03	741.84	1277.84	695.56	5.2939	5.5979
839839676994	1369.22	744.14	1277.22	692.06	5.2999	5.6218
839839685327	1372.13	744.29	1277.84	680.04	5.3059	5.6292
839839693661	1369.39	739.37	1281.08	681.49	5.2943	5.6324
839839701993	1375.54	736.16	1281.60	712.33	5.2976	5.5669
839839710326	1376.59	736.08	1280.96	697.80	5.2932	5.5928
839839718660	1371.94	738.70	1277.49	683.56	5.2888	5.6423
839839726993	1369.80	734.66	1281.90	693.17	5.2898	5.6127
839839735326	1380.74	741.49	1285.48	719.49	5.2887	5.5899
839839743660	1383.84	726.39	1289.35	762.39	5.3054	5.4778
839839751993	1382.27	751.52	1302.39	933.56	5.2729	5.0408
839839760326	1380.06	844.75	1152.56	1224.71	5.0715	3.7607
839839768659	1350.01	1048.54	NaN	NaN	4.5839	NaN
839839776993	NaN	NaN	NaN	NaN	NaN	NaN
839839785318	NaN	NaN	NaN	NaN	NaN	NaN
839839793651	NaN	NaN	NaN	NaN	NaN	NaN
839839801988	NaN	NaN	NaN	NaN	NaN	NaN
839839810321	NaN	NaN	NaN	NaN	NaN	NaN
839839818655	NaN	NaN	NaN	NaN	NaN	NaN
839839826988	NaN	NaN	NaN	NaN	NaN	NaN
839839835321	1337.94	1561.64	NaN	NaN	2.0337	NaN
839839843655	NaN	NaN	NaN	NaN	NaN	NaN
839839851987	NaN	NaN	1215.59	1498.26	NaN	2.2106
839839860322	1319.71	1137.63	NaN	NaN	3.7689	NaN
839839868653	1324.70	1003.46	1015.62	1210.46	4.6287	3.3679
839839876987	1333.64	901.96	NaN	NaN	4.8890	NaN
839839885320	1355.18	799.78	1265.93	977.26	5.1077	4.7953
839839893652	1355.48	742.15	1286.87	838.72	5.2078	5.2690
839839901994	1355.62	708.20	1289.85	759.24	5.2815	5.4329
839839910319	1357.68	691.25	1276.27	712.02	5.3163	5.5417
839839918661	1361.23	715.20	1274.42	693.97	5.2757	5.5781
839839926995	1359.95	723.35	1276.90	679.81	5.2530	5.5926
839839935334	1353.30	722.37	1275.85	716.40	5.2566	5.5411
839839943667	1358.25	721.66	1273.78	715.15	5.2618	5.5215
839839952000	1351.78	716.10	1273.24	715.55	5.2525	5.5177
839839960333	1346.41	726.07	1271.21	709.65	5.2669	5.5147
839839968667	1348.98	725.04	1274.74	711.13	5.2581	5.5216
839839977000	1341.12	722.34	1269.24	710.32	5.2486	5.5294
839839985333	1340.67	725.67	1271.95	705.32	5.2459	5.5271
839839993667	1342.65	727.45	1273.96	705.16	5.2546	5.5215
839840002000	1345.09	718.90	1279.53	696.79	5.2540	5.5162
839840010333	1345.43	717.55	1275.92	697.57	5.2460	5.5083
839840018666	1347.75	714.44	1278.00	699.73	5.2566	5.5031
839840026998	1347.06	714.24	1275.86	699.12	5.2520	5.5033
839840035332	1350.41	711.47	1272.63	702.56	5.2427	5.5061
839840043665	1360.11	713.53	1270.93	697.84	5.2770	5.5049
839840051999	1361.45	701.68	1270.22	701.57	5.2533	5.5013
839840060336	1363.65	704.91	1275.19	697.27	5.2566	5.4829
839840068669	1359.64	708.14	1273.54	703.19	5.2708	5.4793
839840077003	1365.13	705.25	1272.46	701.01	5.2776	5.4880
839840085336	1360.41	701.97	1276.98	702.85	5.2600	5.4872
839840093669	1363.64	706.93	1271.90	702.19	5.2849	5.4779
839840102002	1358.16	702.91	1275.77	701.00	5.2537	5.4767
839840110335	1363.92	703.60	1274.89	703.44	5.2538	5.4858
839840118668	1359.75	711.46	1281.19	700.27	5.2830	5.4790
839840127001	1363.36	711.35	1281.09	706.07	5.2761	5.4799
839840135335	1365.54	709.19	1277.06	702.04	5.2780	5.4729
839840143668	1364.55	720.07	1280.13	707.38	5.2664	5.4634
839840152002	1363.39	724.07	1277.89	710.33	5.2739	5.4541
839840160335	1361.23	721.24	1279.79	709.04	5.2728	5.4582
839840168668	1358.34	721.13	1280.82	703.80	5.2648	5.4453
839840177001	1365.14	722.23	1284.54	699.91	5.2711	5.4317
839840185335	1360.87	715.30	1282.81	704.13	5.2586	5.4436
839840193671	1364.15	715.99	1277.81	702.09	5.2515	5.4360
839840202004	1360.27	729.23	1283.78	702.66	5.2659	5.4385
839840210338	1363.65	724.89	1283.29	704.32	5.2629	5.4222
839840218671	1363.11	717.89	1283.23	699.26	5.2453	5.4149
839840227005	1367.40	725.79	1284.84	699.66	5.2619	5.4137
839840235338	1369.31	720.57	1283.35	701.04	5.2471	5.4190
839840243671	1369.07	719.53	1286.14	702.53	5.2389	5.4254
839840252005	1373.93	724.40	1280.48	698.25	5.2348	5.3947
839840260337	1377.43	724.76	1281.77	704.25	5.2243	5.4074
839840268670	1376.74	719.47	1280.22	693.03	5.2274	5.3885
839840277003	1372.53	717.94	1281.63	699.89	5.2249	5.3877
839840285336	1372.64	716.95	1282.29	698.34	5.2114	5.3734
839840293670	1374.45	718.71	1279.68	699.50	5.2272	5.3798
839840302003	1372.36	714.40	1279.43	704.00	5.2023	5.3838
839840310337	1372.68	716.45	1280.58	701.50	5.2279	5.3757
839840318670	1373.51	712.41	1283.62	705.49	5.2025	5.3808
839840327009	1374.16	716.89	1283.26	706.56	5.2043	5.3691
839840335342	1375.92	715.05	1280.13	699.83	5.1874	5.3591
839840343675	1375.71	722.27	1282.83	699.83	5.2181	5.3614
839840352008	1383.43	721.20	1278.86	704.25	5.2014	5.3697
839840360341	1377.36	720.13	1283.73	700.77	5.1861	5.3566
839840368675	1378.42	724.42	1280.03	701.03	5.1889	5.3715
839840377008	1377.91	726.19	1283.07	701.56	5.1838	5.3471
839840385342	1375.35	725.46	1288.34	706.53	5.1835	5.3540
839840393675	1379.14	727.38	1286.41	702.24	5.1853	5.3524
839840402007	1373.68	725.84	1284.92	704.39	5.1750	5.3503
839840410341	1377.21	724.84	1283.69	713.86	5.1755	5.3479
839840418674	1378.14	731.58	1283.75	701.33	5.1658	5.3266
839840427008	1374.49	728.95	1281.66	708.62	5.1695	5.3368
839840435340	1370.11	731.07	1285.06	711.41	5.1612	5.3335
839840443674	1371.91	731.82	1279.73	712.73	5.1503	5.3291
839840452007	1370.77	726.68	1284.44	710.24	5.1527	5.3241
839840460346	1371.87	734.11	1278.78	713.37	5.1609	5.3272
839840468679	1372.57	732.23	1279.64	718.07	5.1306	5.3230
839840477013	1374.08	724.73	1283.07	711.57	5.1252	5.3150
839840485345	1369.40	719.95	1278.43	706.13	5.1057	5.3006
839840493678	1367.15	731.21	1276.54	712.73	5.1212	5.3085
839840502011	1368.46	729.00	1279.90	705.11	5.1241	5.2894
839840510345	1370.57	725.79	1274.76	707.33	5.0972	5.2899
839840518678	1369.84	718.95	1273.92	709.03	5.0917	5.2847
839840527011	1369.91	731.58	1279.63	713.03	5.0999	5.2967
839840535344	1371.91	735.39	1274.62	711.74	5.1033	5.2918
839840543678	1369.70	730.01	1284.08	713.50	5.0839	5.2963
839840552011	1371.01	730.02	1280.28	705.31	5.0717	5.2852
839840560344	1371.72	733.47	1277.70	702.45	5.0606	5.2791
839840568677	1369.69	740.52	1281.75	706.99	5.0824	5.2919
839840577010	1368.38	735.73	1279.19	700.57	5.0565	5.2850
839840585343	1367.19	738.53	1282.60	699.75	5.0648	5.2756
839840593682	1366.17	739.93	1280.23	700.86	5.0613	5.2777
839840602015	1370.31	737.77	1281.41	693.39	5.0521	5.2812
839840610348	1367.79	737.82	1275.66	697.09	5.0478	5.2877
839840618681	1369.33	740.95	1278.17	698.24	5.0434	5.2803
839840627015	1369.12	740.84	1279.89	707.96	5.0451	5.2932
839840635348	1368.87	738.12	1279.48	704.15	5.0394	5.2932
839840643681	1366.30	732.61	1274.72	695.41	5.0417	5.2695
839840652014	1364.27	732.83	1276.26	701.51	5.0492	5.2870
839840660348	1365.28	732.53	1277.17	705.06	5.0373	5.2894
839840668680	1365.10	729.52	1274.61	707.41	5.0423	5.2974
839840677014	1368.96	727.66	1272.67	705.90	5.0465	5.2946
839840685347	1364.95	730.95	1275.72	709.51	5.0492	5.2986
839840693680	1359.97	734.48	1275.44	702.22	5.0400	5.2945
839840702014	1363.80	732.32	1277.56	705.98	5.0397	5.3127
839840710347	1368.40	735.81	1274.19	707.09	5.0463	5.3037
839840718684	1366.25	729.89	1275.52	701.79	5.0331	5.3066
839840727017	1365.89	738.37	1281.42	706.91	5.0424	5.3087
839840735351	1367.69	745.82	1275.09	704.23	5.0603	5.3175
839840743683	1371.95	735.80	1278.84	705.37	5.0458	5.3021
839840752017	1366.27	736.00	1278.34	708.08	5.0476	5.3218
839840760350	1366.10	736.27	1273.91	708.52	5.0610	5.3279
839840768684	1370.66	727.45	1275.25	709.45	5.0388	5.3319
839840777017	1371.06	733.29	1277.15	704.36	5.0463	5.3310
839840785350	1368.43	732.83	1274.99	706.20	5.0562	5.3410
839840793683	1369.07	730.72	1276.79	708.68	5.0545	5.3468
839840802016	1368.76	733.88	1272.69	714.24	5.0710	5.3721
839840810350	1363.97	730.52	1274.88	711.54	5.0769	5.3630
839840818682	1364.32	732.74	1278.46	712.61	5.0842	5.3701
839840827016	1365.25	730.87	1272.62	709.07	5.0922	5.3864
839840835348	1362.33	739.56	1278.38	713.69	5.0998	5.3742
839840843682	1362.72	734.39	1280.62	712.67	5.0999	5.3912
839840852021	1362.01	736.64	1277.80	711.71	5.1021	5.3851
839840860355	1362.99	736.89	1274.31	705.51	5.0904	5.3940
839840868688	1358.66	740.44	1274.67	708.13	5.0972	5.3875
839840877021	1357.56	737.93	1275.34	711.80	5.1093	5.3941
839840885355	1364.42	736.18	1279.19	709.03	5.1208	5.3997
839840893688	1361.95	728.09	1275.24	711.06	5.1186	5.4140
839840902021	1367.88	728.12	1276.41	713.05	5.1224	5.4311
839840910354	1369.39	727.71	1275.75	711.91	5.1166	5.4325
839840918687	1374.49	728.00	1276.77	713.66	5.1100	5.4387
839840927020	1367.92	732.83	1274.75	709.41	5.1302	5.4385
839840935353	1369.97	727.46	1269.48	716.03	5.1223	5.4339
839840943687	1369.80	730.44	1268.77	706.35	5.1387	5.4550
839840952020	1368.79	725.93	1265.02	709.34	5.1466	5.4494
839840960354	1361.49	718.84	1263.47	717.13	5.1433	5.4678
839840968687	1365.46	718.26	1265.51	714.89	5.1572	5.4636
839840977020	1365.28	729.45	1265.39	716.28	5.1659	5.4686
839840985357	1356.74	731.95	1268.99	713.94	5.1507	5.4713
839840993689	1363.69	737.28	1264.32	710.85	5.1599	5.4741
839841002022	1361.59	741.48	1268.84	709.92	5.1697	5.4792
839841010356	1362.10	742.83	1271.26	709.47	5.1734	5.4950
839841018689	1359.25	743.30	1266.58	716.20	5.1826	5.5073
839841027022	1361.08	737.67	1268.76	708.55	5.1917	5.4952
839841035355	1359.44	731.58	1265.90	711.92	5.1876	5.4984
839841043689	1361.85	731.16	1263.35	711.20	5.1920	5.5123
839841052022	1363.25	719.97	1265.98	716.20	5.2003	5.5132
839841060356	1358.17	721.18	1266.50	714.64	5.1896	5.5164
839841068689	1359.85	724.44	1266.96	716.06	5.2086	5.5131
839841077022	1366.32	724.06	1266.77	716.37	5.2154	5.5173
839841085354	1365.68	722.00	1265.29	714.31	5.2211	5.5448
839841093688	1362.64	731.08	1268.78	711.49	5.2394	5.5422
839841102021	1369.84	738.48	1271.00	707.54	5.2381	5.5312
839841110361	1365.85	736.43	1273.41	707.02	5.2292	5.5418
839841118694	1366.81	738.83	1272.17	708.42	5.2373	5.5522
839841127028	1362.89	741.43	1275.76	700.35	5.2287	5.5473
839841135361	1368.22	753.06	1269.92	701.84	5.2691	5.5660
839841143695	1365.09	740.92	1268.28	698.64	5.2444	5.5526
839841152028	1362.59	741.19	1266.42	704.68	5.2492	5.5562
839841160360	1366.06	740.01	1268.65	704.92	5.2542	5.5638
839841168694	1366.96	733.62	1269.96	703.54	5.2486	5.5636
839841177027	1368.17	745.72	1269.08	705.27	5.2779	5.5832
839841185360	1374.25	745.02	1271.13	702.45	5.2865	5.5802
839841193694	1370.34	743.99	1269.40	699.54	5.2871	5.5765
839841202026	1363.95	733.49	1266.36	698.03	5.2673	5.5904
839841210360	1363.57	739.29	1267.52	701.95	5.2876	5.5938
839841218694	1371.30	728.77	1266.93	701.70	5.2933	5.5798
839841227027	1372.35	728.16	1269.53	713.36	5.3067	5.5995
839841235360	1375.68	727.88	1273.69	713.50	5.3110	5.5951
839841243695	1372.42	726.45	1271.26	713.02	5.3210	5.5940
839841252029	1368.71	718.25	1271.31	712.24	5.3078	5.5964
839841260362	1372.31	720.86	1268.81	713.05	5.3286	5.6078
839841268696	1365.05	715.52	1268.48	722.64	5.3090	5.6167
839841277029	1368.83	714.84	1265.66	716.23	5.3230	5.6138
839841285362	1367.05	721.72	1271.17	715.35	5.3383	5.6179
839841293695	1365.96	721.80	1263.77	718.91	5.3404	5.6308
839841302028	1373.15	718.15	1269.96	715.65	5.3469	5.6317
839841310361	1364.89	718.88	1267.86	715.27	5.3416	5.6310
839841318695	1364.15	724.28	1270.48	715.21	5.3590	5.6331
839841327027	1363.31	709.11	1269.46	716.97	5.3298	5.6341
839841335361	1364.96	718.43	1267.92	715.23	5.3378	5.6385
839841343695	1371.75	720.45	1265.99	714.85	5.3599	5.6431
839841352028	1376.97	720.89	1269.55	717.19	5.3784	5.6490
839841360361	1381.41	718.85	1268.07	715.67	5.3717	5.6501
839841368694	1370.79	718.88	1271.88	714.38	5.3451	5.6548
839841377032	1373.44	716.77	1266.82	711.66	5.3498	5.6535
839841385365	1374.27	720.98	1265.48	707.35	5.3643	5.6552
839841393699	1374.68	724.62	1264.05	709.49	5.3678	5.6724
839841402032	1371.28	726.22	1265.05	709.34	5.3571	5.6670
839841410365	1376.40	725.31	1265.98	709.11	5.3768	5.6701
839841418698	1375.17	713.79	1266.48	713.39	5.3824	5.6661
839841427032	1372.68	719.59	1259.91	712.67	5.3724	5.6607
839841435365	1374.60	721.32	1260.99	719.45	5.3859	5.6660
839841443698	1371.29	718.43	1260.65	716.04	5.3889	5.6636
839841452030	1375.93	717.76	1260.21	718.03	5.3886	5.6773
839841460364	1375.41	712.31	1260.61	712.60	5.3937	5.6818
839841468697	1373.06	711.91	1265.78	712.89	5.3732	5.6797
839841477031	1371.60	724.57	1265.07	710.16	5.4147	5.6785
839841485364	1369.81	723.16	1262.87	709.05	5.3841	5.6732
839841493697	1368.57	725.00	1262.36	710.73	5.3966	5.6863
839841502036	1365.71	726.55	1265.11	707.97	5.3892	5.6761
839841510369	1355.83	727.00	1268.67	706.27	5.3798	5.6862
839841518703	1359.15	739.27	1262.37	708.52	5.4048	5.6937
839841527036	1360.31	726.87	1261.31	707.78	5.3909	5.7079
839841535368	1362.90	741.26	1264.63	705.87	5.4130	5.6872
839841543702	1365.23	730.45	1264.73	708.71	5.3841	5.7037
839841552035	1367.74	736.64	1264.62	709.79	5.3937	5.7013
839841560368	1377.53	741.60	1269.11	703.28	5.4128	5.6924
839841568702	1373.14	730.50	1266.53	707.72	5.4221	5.7019
839841577034	1373.46	719.25	1263.36	708.69	5.4118	5.6953
839841585368	1377.87	718.78	1266.94	711.30	5.4257	5.7073
839841593702	1366.74	707.28	1262.56	712.44	5.3863	5.7087
839841602035	1367.28	704.96	1257.90	713.30	5.4183	5.7002
839841610368	1364.79	705.01	1257.63	711.60	5.4151	5.7100
839841618700	1361.88	710.52	1256.80	717.38	5.4222	5.7018
839841627034	1360.68	720.58	1263.02	716.81	5.4383	5.6981
839841635372	1360.50	719.09	1265.90	716.94	5.4118	5.7036
839841643705	1362.70	711.64	1260.67	714.58	5.4154	5.6935
839841652039	1363.50	716.36	1257.31	710.56	5.4263	5.7081
839841660372	1366.51	716.41	1262.00	711.64	5.4147	5.7171
839841668705	1366.69	722.66	1263.40	711.25	5.4205	5.7079
839841677039	1370.07	719.41	1266.93	713.95	5.4352	5.7032
839841685372	1371.12	720.14	1266.81	713.70	5.4356	5.7222
839841693704	1371.67	719.70	1265.56	717.69	5.4398	5.7197
839841702037	1372.84	723.55	1262.42	711.72	5.4567	5.7215
839841710371	1373.07	717.80	1264.89	715.12	5.4405	5.7209
839841718704	1369.27	712.16	1264.05	712.40	5.4470	5.7146
839841727038	1371.03	720.90	1268.40	715.08	5.4526	5.7148
839841735371	1369.80	714.32	1263.44	720.10	5.4312	5.7309
839841743704	1367.27	716.78	1267.78	719.92	5.4419	5.7371
839841752038	1367.19	720.77	1262.45	719.22	5.4609	5.7198
839841760371	1370.69	716.66	1263.06	711.77	5.4538	5.7292
839841768710	1367.11	722.93	1267.50	710.28	5.4572	5.7166
839841777043	1359.62	727.01	1267.61	714.40	5.4468	5.7488
839841785376	1359.25	735.67	1267.65	713.30	5.4531	5.7431
839841793709	1371.80	731.54	1258.03	749.46	5.4310	5.7749
839841802043	1363.20	748.49	1261.05	746.24	5.4251	5.8018
839841810376	1373.20	731.48	1272.37	840.02	5.4464	5.6512
839841818709	1357.58	802.40	1269.58	1025.39	5.2702	5.1305
839841827042	1351.82	959.97	1347.80	1255.80	4.8577	3.9652
839841835376	1456.68	1040.93	NaN	NaN	4.3448	NaN
839841843701	1317.80	1103.45	1400.97	1358.44	4.4738	3.3679
839841852034	1328.43	1042.40	1334.17	1276.73	4.6289	3.5509
839841860367	1313.96	997.17	1236.35	1223.92	4.8169	3.8736
839841868699	1325.57	926.63	1341.02	1162.25	4.9757	4.1664
839841877042	1333.20	863.48	1345.59	1055.53	5.1121	4.3048
839841885375	1348.11	800.56	1482.57	1015.47	5.2468	4.6876
839841893700	1355.63	785.64	1340.16	947.13	5.3211	5.0182
839841902045	1353.77	759.74	1272.77	887.91	5.3731	5.3173
839841910377	1355.45	743.39	1270.01	841.81	5.4065	5.4682
839841918711	1356.48	712.71	1280.29	781.71	5.4338	5.5148
839841927045	1365.07	698.11	1265.86	752.83	5.4632	5.6223
839841935377	1363.99	690.19	1274.60	731.33	5.4615	5.6751
839841943710	1365.43	692.63	1271.49	706.82	5.4564	5.7211
839841952043	1358.31	710.94	1266.86	695.49	5.4280	5.7525
839841960377	1357.23	713.94	1263.00	677.62	5.4258	5.7703
839841968710	1353.56	727.12	1263.61	666.11	5.4469	5.8218
839841977044	1352.81	720.67	1265.66	663.27	5.4321	5.8286
839841985377	1352.82	730.67	1265.25	659.24	5.4559	5.8358
839841993710	1357.39	724.80	1260.81	680.52	5.4441	5.8172
839842002043	1358.28	722.69	1267.73	687.51	5.4538	5.7656
839842010377	1362.04	715.64	1264.63	695.51	5.4418	5.7512
839842018709	1358.28	722.05	1264.36	704.68	5.4411	5.7365
839842027043	1358.92	717.62	1266.95	699.62	5.4300	5.7495
839842035380	1355.20	717.73	1269.01	705.20	5.4242	5.7562
839842043714	1361.20	722.32	1268.93	704.06	5.4412	5.7324
839842052046	1360.91	725.53	1267.19	713.33	5.4606	5.7440
839842060380	1357.77	723.26	1267.24	700.76	5.4456	5.7613
839842068713	1351.07	718.87	1268.10	710.99	5.4454	5.7838
839842077046	1351.69	716.14	1263.60	701.91	5.4358	5.8541
839842085380	1353.15	721.46	1260.19	714.13	5.4598	5.8779
839842093713	1355.79	728.76	1265.61	709.64	5.4512	5.8548
839842102047	1354.43	715.36	1262.06	724.55	5.4341	5.8398
839842110380	1353.25	720.36	1262.01	718.81	5.4423	5.8216
839842118713	1348.71	720.26	1261.25	725.56	5.4354	5.8572
839842127047	1355.82	720.19	1269.11	727.39	5.4294	5.8021
839842135379	1354.86	718.70	1277.44	741.73	5.4152	5.7366
839842143712	1349.81	716.50	1276.47	758.63	5.4112	5.6485
839842152045	1353.02	719.73	1277.35	753.66	5.4321	5.6310
839842160382	1356.64	719.45	1276.90	774.55	5.3964	5.6115
839842168716	1356.28	707.53	1271.97	773.49	5.4276	5.6106
839842177049	1357.26	702.50	1281.84	770.05	5.4174	5.5506
839842185383	1359.20	703.61	1286.00	789.56	5.4351	5.5002
839842193716	1360.96	714.34	1301.40	812.59	5.4013	5.4714
839842202049	1364.67	716.71	1279.68	809.12	5.4354	5.4576
839842210383	1355.73	702.44	1292.97	792.91	5.4182	5.4114
839842218715	1359.17	722.60	1285.54	799.90	5.3953	5.3632
839842227048	1362.66	714.37	1317.01	833.94	5.4132	5.2728
839842235382	1352.02	720.64	1233.64	885.78	5.3883	5.0012
839842243715	1343.86	731.17	NaN	NaN	5.3519	NaN
839842252040	1352.28	754.30	NaN	NaN	5.3022	NaN
839842260373	1356.75	764.83	NaN	NaN	5.2836	NaN
839842268715	1350.60	770.40	1124.03	1037.84	5.2994	4.1558
839842277048	1344.02	751.30	NaN	NaN	5.2995	NaN
839842285380	1351.39	743.37	1090.86	1012.56	5.3066	4.1919
839842293720	1345.61	734.94	1465.04	1009.91	5.3170	4.3486
839842302053	1345.20	727.67	NaN	NaN	5.3426	NaN
839842310387	1354.14	727.86	1345.06	982.16	5.3417	4.2965
839842318720	1350.69	732.79	NaN	NaN	5.3598	NaN
839842327053	1347.14	716.49	NaN	NaN	5.3297	NaN
839842335387	1349.59	712.84	1174.32	937.02	5.3495	4.6526
839842343719	1346.69	707.81	1299.00	932.54	5.3583	4.8923
839842352052	1349.48	717.33	NaN	NaN	5.3693	NaN
839842360386	1349.21	711.25	1381.75	958.27	5.3444	4.6215
839842368719	1350.38	709.47	1259.98	928.93	5.3615	4.7700
839842377052	1358.03	686.28	1303.15	915.02	5.3404	4.9764
839842385386	1348.93	699.73	NaN	NaN	5.3825	NaN
839842393719	1353.00	690.97	1282.47	855.17	5.3418	5.0707
839842402052	1348.43	698.04	1354.25	916.90	5.3599	4.4753
839842410386	1350.21	693.62	1162.96	918.84	5.3533	4.7611
839842418719	1350.57	690.42	1305.33	889.75	5.3503	5.0420
839842427055	1350.93	683.17	1376.75	911.41	5.3477	4.9087
839842435389	1352.31	686.11	1304.47	871.75	5.3447	5.0598
839842443722	1346.69	692.04	1282.18	915.80	5.3644	4.8778
839842452055	1349.61	688.03	1405.31	883.75	5.3350	4.8095
839842460389	1349.77	686.35	1317.18	866.05	5.3576	5.0522
839842468722	1344.95	691.69	1282.67	867.50	5.3260	4.9917
839842477055	1344.44	684.69	NaN	NaN	5.3077	NaN
839842485389	1346.17	702.07	1293.06	850.66	5.3037	5.2118
839842493722	1347.88	690.17	1322.54	854.41	5.3106	5.0401
839842502054	1347.19	702.64	1325.55	843.35	5.3077	5.0860
839842510388	1343.04	709.82	1304.13	859.22	5.2584	5.0572
839842518721	1342.36	712.03	1308.97	850.83	5.2791	5.0517
839842527054	1345.53	710.20	1316.78	856.43	5.2717	5.0602
839842535388	1342.36	727.68	1327.89	842.02	5.2565	5.0890
839842543721	1344.31	721.13	1296.99	831.91	5.2623	5.1805
839842552058	1338.91	722.82	1297.75	824.95	5.2344	5.1497
839842560392	1341.90	731.26	1294.04	825.13	5.2443	5.2368
839842568725	1333.77	730.83	1273.25	809.23	5.2158	5.2783
839842577058	1346.40	726.80	1279.29	780.02	5.2177	5.2938
839842585390	1352.60	734.60	1291.68	776.53	5.2114	5.3090
839842593724	1354.68	735.77	1291.04	781.77	5.1933	5.2789
839842602057	1346.12	730.75	1278.38	775.83	5.1743	5.2676
839842610391	1347.03	732.20	1284.07	766.45	5.1880	5.2152
839842618724	1345.99	737.29	1287.92	770.93	5.1732	5.1898
839842627057	1349.84	732.44	1289.74	773.55	5.1544	5.1760
839842635391	1346.85	741.58	1281.41	769.46	5.1724	5.2108
839842643724	1348.18	734.31	1289.39	785.20	5.1526	5.2549
839842652057	1344.90	738.07	1287.21	756.53	5.1418	5.2162
839842660391	1346.01	743.03	1288.70	758.36	5.1630	5.2326
839842668723	1343.78	733.01	1282.56	759.78	5.1309	5.2379
839842677056	1339.61	734.38	1281.60	776.15	5.1243	5.2484
839842685395	1343.47	729.83	1283.41	769.06	5.1294	5.2014
839842693729	1341.01	735.58	1283.10	741.25	5.1172	5.1959
839842702062	1345.86	731.04	1278.69	754.38	5.1120	5.1623
839842710395	1340.92	732.34	1287.15	742.61	5.0943	5.1584
839842718729	1339.54	736.11	1287.48	765.43	5.0865	5.1416
839842727062	1341.52	733.99	1288.15	756.10	5.0793	5.1370
839842735395	1339.31	726.36	1279.65	758.69	5.0646	5.1070
839842743728	1337.41	726.42	1287.02	763.13	5.0567	5.0920
839842752061	1338.17	724.78	1280.48	764.99	5.0376	5.0483
839842760394	1337.36	723.03	1289.39	780.51	5.0219	5.0623
839842768728	1336.43	733.11	1284.41	756.29	5.0561	5.0489
839842777061	1337.63	727.97	1286.73	753.18	5.0367	5.0670
839842785394	1343.83	723.37	1287.91	748.35	5.0256	5.0675
839842793728	1337.86	728.50	1285.28	757.35	5.0184	5.0701
839842802061	1333.87	717.67	1283.47	757.58	4.9912	5.0505
839842810394	1335.49	729.19	1283.32	760.88	4.9973	5.0536
839842818732	1336.06	727.96	1278.43	746.20	4.9848	5.0194
839842827064	1333.30	716.59	1284.25	750.53	4.9743	5.0172
839842835397	1338.55	724.22	1290.82	758.75	4.9653	4.9850
839842843731	1338.73	724.22	1286.22	757.48	4.9403	4.9649
839842852064	1338.15	728.78	1291.65	749.25	4.9385	4.9506
839842860397	1338.34	726.22	1287.02	752.42	4.9212	4.9610
839842868731	1338.24	729.66	1289.90	753.43	4.9138	4.9777
839842877064	1336.37	743.82	1281.42	769.53	4.9310	5.0455
839842885397	1337.21	735.60	1279.70	754.08	4.8893	5.0640
839842893731	1336.78	733.54	1284.50	733.48	4.8900	5.0488
839842902064	1340.30	738.36	1284.45	732.94	4.8845	5.0554
839842910396	1342.82	732.04	1277.52	725.30	4.8733	5.0482
839842918730	1342.14	727.69	1277.47	723.48	4.8754	5.1039
839842927063	1344.91	732.12	1275.92	729.46	4.8702	5.1186
839842935396	1342.73	726.68	1278.55	689.33	4.8588	5.1173
839842943730	1343.40	724.15	1281.60	686.20	4.8576	5.1426
839842952068	1341.32	720.95	1278.18	769.77	4.8378	5.1659
839842960401	1347.27	720.96	1280.65	785.88	4.8399	5.1475
839842968735	1345.22	724.45	1287.15	740.76	4.8315	5.0583
839842977068	1345.95	734.90	1283.31	752.50	4.8326	5.0895
839842985400	1339.71	733.71	1283.63	720.44	4.8148	5.0175
839842993734	1345.56	737.49	1280.99	712.70	4.8208	5.0182
839843002067	1344.14	739.02	1280.24	711.19	4.8222	5.0232
839843010400	1344.11	745.33	1284.78	698.66	4.8252	5.0201
839843018734	1338.19	743.85	1287.25	692.80	4.8023	5.0195
839843027067	1337.20	748.01	1278.50	694.57	4.8174	5.0136
839843035400	1335.60	748.07	1279.42	698.18	4.8228	5.0069
839843043734	1337.51	739.92	1273.96	693.20	4.8011	4.9972
839843052067	1339.07	739.62	1272.40	698.05	4.7876	5.0049
839843060400	1336.90	731.46	1273.30	703.57	4.7775	4.9974
839843068733	1338.24	737.51	1270.79	702.69	4.7861	4.9891
839843077070	1336.22	741.22	1270.41	708.17	4.7911	4.9894
839843085403	1333.58	736.97	1271.96	708.19	4.7743	4.9759
839843093737	1331.87	747.91	1271.08	711.31	4.7883	4.9694
839843102070	1333.85	739.53	1275.68	712.15	4.7759	4.9528
839843110403	1332.75	735.74	1273.48	719.33	4.7665	4.9566
839843118737	1332.60	745.27	1275.05	714.00	4.7679	4.9462
839843127070	1330.75	745.11	1270.31	709.00	4.7711	4.9493
839843135403	1329.59	746.01	1274.17	710.36	4.7559	4.9556
839843143737	1330.40	735.67	1276.77	715.80	4.7292	4.9378
839843152068	1328.33	740.02	1277.92	718.33	4.7557	4.9538
839843160402	1331.02	740.41	1277.90	705.90	4.7417	4.9225
839843168735	1332.71	739.64	1275.99	715.49	4.7458	4.9294
839843177068	1327.09	739.40	1279.25	712.27	4.7463	4.9147
839843185402	1327.72	736.22	1279.17	709.87	4.7217	4.9193
839843193735	1329.31	736.57	1277.19	716.51	4.7420	4.9104
839843202068	1324.50	743.92	1279.18	711.03	4.7438	4.9089
839843210408	1323.63	734.73	1281.73	716.84	4.7217	4.9156
839843218741	1324.50	738.25	1277.49	709.57	4.7107	4.8924
839843227075	1323.91	729.36	1277.52	716.11	4.7061	4.9173
839843235407	1326.57	737.29	1270.60	715.11	4.7199	4.9267
839843243740	1324.22	734.89	1274.10	718.54	4.7085	4.8998
839843252073	1318.60	733.12	1278.82	717.85	4.6976	4.9002
839843260407	1319.25	735.29	1272.74	717.45	4.6993	4.9010
839843268740	1324.70	744.29	1270.71	712.83	4.7045	4.8987
839843277073	1322.67	745.80	1277.82	714.38	4.7011	4.8977
839843285407	1321.23	750.49	1278.04	715.11	4.6993	4.9188
839843293740	1325.66	754.52	1277.70	705.22	4.6872	4.8894
839843302073	1328.05	755.06	1280.84	707.44	4.6938	4.8986
839843310406	1321.72	758.87	1280.56	705.04	4.6690	4.8846
839843318739	1322.66	762.59	1282.23	691.73	4.6804	4.8740
839843327072	1320.97	756.09	1281.92	693.70	4.6632	4.8786
839843335406	1322.58	760.07	1285.89	696.79	4.6693	4.8784
839843343743	1321.38	759.40	1286.17	698.58	4.6527	4.8754
839843352077	1322.47	763.85	1286.42	707.25	4.6743	4.8859
839843360410	1320.99	757.45	1284.98	703.88	4.6634	4.8748
839843368743	1318.17	752.70	1286.32	711.38	4.6601	4.8877
839843377076	1320.16	749.49	1280.83	705.47	4.6530	4.8833
839843385410	1323.81	752.62	1283.28	709.23	4.6663	4.8628
839843393742	1323.01	751.43	1278.33	707.63	4.6529	4.8728
839843402075	1324.09	739.39	1279.06	709.06	4.6301	4.8721
839843410409	1325.04	744.43	1280.68	716.38	4.6440	4.8691
839843418742	1319.75	747.82	1277.93	699.86	4.6257	4.8439
839843427075	1323.35	752.89	1279.20	704.54	4.6501	4.8565
839843435409	1321.89	752.48	1278.15	707.47	4.6545	4.8589
839843443742	1321.79	755.03	1276.98	703.42	4.6272	4.8493
839843452075	1325.84	752.58	1276.26	699.92	4.6136	4.8456
839843460409	1325.15	748.00	1279.84	704.54	4.5893	4.8557
839843468742	1323.99	763.04	1277.34	709.16	4.6311	4.8500
839843477080	1326.01	757.06	1272.96	708.55	4.6124	4.8604
839843485413	1324.60	758.46	1274.59	705.14	4.6173	4.8418
839843493746	1322.98	748.63	1277.06	703.99	4.5918	4.8439
839843502079	1324.09	756.58	1271.16	705.45	4.5936	4.8443
839843510412	1325.46	751.76	1270.15	706.74	4.5774	4.8387
839843518746	1327.28	750.20	1268.65	701.55	4.5956	4.8260
839843527079	1324.34	753.21	1273.47	707.11	4.6061	4.8292
839843535412	1321.14	745.63	1275.00	717.24	4.5974	4.8485
839843543746	1322.83	742.32	1271.39	714.25	4.5930	4.8310
839843552078	1321.22	741.09	1272.25	713.38	4.5728	4.8305
839843560412	1325.37	741.74	1275.49	718.98	4.6046	4.8525
839843568745	1323.64	747.48	1277.57	710.79	4.6088	4.8447
839843577078	1323.07	737.17	1279.50	710.31	4.5910	4.8289
839843585411	1323.44	742.25	1277.02	708.43	4.5901	4.8186
839843593745	1329.69	739.07	1278.25	714.43	4.5855	4.8385
839843602083	1322.78	738.78	1273.44	707.50	4.5979	4.8370
839843610415	1325.52	739.68	1271.37	715.83	4.5956	4.8444
839843618749	1325.39	744.77	1279.29	712.92	4.5945	4.8356
839843627082	1326.70	741.12	1273.53	710.97	4.6110	4.8582
839843635414	1319.23	749.26	1280.30	707.81	4.6083	4.8429
839843643748	1327.78	742.94	1276.24	706.97	4.6103	4.8469
839843652081	1325.71	749.71	1279.43	708.29	4.6056	4.8599
839843660414	1325.81	744.11	1282.12	704.10	4.5792	4.8657
839843668748	1320.75	755.74	1278.15	705.68	4.6088	4.8522
839843677081	1327.26	759.00	1283.81	700.86	4.6138	4.8511
839843685415	1327.16	763.33	1280.98	708.82	4.6269	4.8523
839843693748	1328.10	756.12	1277.90	708.94	4.6281	4.8882
839843702081	1332.11	750.49	1279.25	703.26	4.6114	4.8646
839843710414	1332.83	761.69	1279.65	704.72	4.6358	4.8877
839843718747	1329.33	750.49	1278.14	709.55	4.6270	4.8769
839843727081	1333.97	747.70	1279.85	709.99	4.6283	4.8925
839843735419	1332.63	758.75	1277.52	707.73	4.6443	4.8907
839843743753	1331.88	744.95	1281.63	706.69	4.6349	4.8914
839843752086	1331.02	753.00	1277.79	703.14	4.6614	4.9038
839843760419	1331.76	748.87	1277.94	711.81	4.6604	4.9188
839843768753	1337.02	745.87	1276.55	713.65	4.6935	4.9108
839843777086	1331.04	743.94	1280.68	707.55	4.6778	4.9186
839843785419	1333.04	739.02	1276.10	707.55	4.6830	4.9263
839843793752	1330.54	739.67	1275.25	705.26	4.6876	4.9384
839843802085	1338.61	739.83	1283.27	714.67	4.7029	4.9390
839843810419	1339.97	742.59	1281.31	705.05	4.7053	4.9654
839843818752	1337.49	747.94	1277.74	705.33	4.7195	4.9592
839843827085	1332.46	750.66	1278.36	700.38	4.7112	4.9666
839843835418	1330.68	747.60	1278.21	704.60	4.7229	4.9883
839843843752	1331.87	746.34	1273.77	697.79	4.7259	4.9896
839843852085	1330.60	749.81	1272.60	702.56	4.7307	4.9889
839843860419	1333.77	750.74	1275.02	697.92	4.7466	5.0061
839843868756	1340.10	751.01	1275.68	696.99	4.7417	5.0061
839843877088	1335.80	750.60	1273.06	700.92	4.7661	5.0029
839843885421	1334.04	747.03	1278.51	698.21	4.7590	5.0222
839843893755	1344.26	755.36	1274.11	700.73	4.7667	5.0348
839843902088	1341.59	748.15	1277.21	707.68	4.7726	5.0425
839843910421	1340.11	737.47	1276.37	704.19	4.7700	5.0376
839843918755	1339.98	735.28	1271.57	702.54	4.7458	5.0560
839843927088	1337.78	736.22	1268.12	703.43	4.7869	5.0505
839843935422	1340.31	732.27	1273.02	696.29	4.7772	5.0634
839843943755	1345.21	735.01	1274.13	695.73	4.8008	5.0435
839843952088	1343.27	743.51	1271.67	699.16	4.7976	5.0759
839843960420	1338.49	736.93	1273.13	697.91	4.8065	5.0739
839843968754	1339.04	746.74	1270.89	705.58	4.8161	5.0976
839843977087	1342.53	733.74	1272.08	694.68	4.7961	5.0808
839843985421	1339.85	740.83	1268.60	699.61	4.8119	5.0996
839843993759	1349.36	736.71	1269.90	700.74	4.8114	5.1173
839844002092	1345.17	732.47	1271.78	695.39	4.8193	5.1199
839844010425	1349.00	736.17	1270.33	692.06	4.8163	5.1326
839844018759	1344.60	742.78	1269.81	692.20	4.8534	5.1353
839844027092	1341.67	730.41	1268.00	686.85	4.8418	5.1362
839844035424	1340.30	737.45	1273.78	684.92	4.8569	5.1453
839844043757	1343.98	742.09	1273.67	694.01	4.8691	5.1758
839844052091	1339.95	742.65	1272.69	692.22	4.8690	5.1688
839844060425	1335.38	740.74	1270.58	690.51	4.8786	5.1623
839844068758	1340.69	747.55	1272.52	691.59	4.8657	5.1737
839844077091	1341.02	744.86	1272.80	698.49	4.8762	5.1875
839844085424	1340.06	743.99	1270.45	703.73	4.8920	5.1962
839844093757	1346.41	748.81	1272.78	698.64	4.8928	5.1902
839844102091	1341.69	747.77	1272.78	705.64	4.8977	5.2059
839844110425	1342.24	744.69	1268.53	707.49	4.9015	5.1990
839844118756	1340.67	738.83	1273.11	700.25	4.9045	5.2108
839844127095	1338.46	738.72	1270.65	708.01	4.9182	5.2197
839844135428	1346.81	738.48	1267.70	704.69	4.9239	5.2237
839844143762	1345.41	743.12	1269.32	709.63	4.9473	5.2269
839844152095	1340.75	747.27	1268.37	703.79	4.9503	5.2308
839844160428	1339.99	746.82	1269.06	705.33	4.9653	5.2394
839844168761	1341.34	746.63	1272.86	702.99	4.9602	5.2392
839844177095	1349.55	745.58	1278.48	705.81	4.9661	5.2446
839844185429	1352.81	742.15	1282.94	712.15	4.9642	5.2536
839844193762	1343.59	743.89	1273.32	710.25	4.9690	5.2740
839844202094	1348.85	747.60	1273.30	708.55	4.9927	5.2713
839844210427	1343.99	749.56	1274.97	707.06	4.9956	5.2653
839844218760	1348.73	749.16	1274.01	706.99	5.0006	5.2692
839844227094	1349.24	745.19	1269.70	707.82	4.9962	5.2780
839844235428	1348.83	744.64	1273.51	707.02	5.0112	5.2714
839844243760	1346.99	745.92	1274.52	708.35	5.0104	5.2934
839844252094	1347.56	742.53	1277.02	713.57	5.0007	5.3039
839844260431	1348.72	748.12	1274.46	714.47	5.0281	5.3026
839844268765	1353.25	748.35	1275.45	713.43	5.0384	5.2848
839844277097	1350.18	740.07	1274.35	712.76	5.0284	5.3091
839844285430	1352.68	742.10	1270.14	713.08	5.0384	5.3080
839844293763	1348.48	741.46	1271.64	713.62	5.0456	5.3103
839844302097	1346.90	726.82	1272.23	711.50	5.0366	5.3217
839844310430	1351.77	727.87	1271.92	709.60	5.0581	5.3187
839844318764	1354.07	726.79	1276.50	717.02	5.0570	5.3232
839844327097	1350.50	732.10	1271.27	713.63	5.0636	5.3316
839844335430	1354.23	725.87	1277.78	708.24	5.0524	5.3259
839844343763	1355.01	733.29	1272.58	710.60	5.0573	5.3170
839844352097	1356.31	737.18	1269.12	703.52	5.0780	5.3387
839844360429	1356.71	739.21	1268.64	706.18	5.0719	5.3281
839844368762	1357.06	742.33	1266.94	708.54	5.0849	5.3537
839844377096	1358.02	744.07	1266.52	706.80	5.0820	5.3455
839844385429	1361.25	740.36	1266.93	700.54	5.0741	5.3501
839844393767	1355.35	733.76	1265.57	702.33	5.0778	5.3479
839844402100	1352.66	742.76	1266.77	700.80	5.0817	5.3587
839844410433	1358.38	728.43	1265.61	698.79	5.0961	5.3569
839844418766	1353.65	723.35	1266.81	700.88	5.0759	5.3690
839844427100	1350.44	732.13	1267.96	696.59	5.0900	5.3804
839844435433	1348.07	734.03	1267.93	707.54	5.0685	5.4009
839844443766	1341.21	737.28	1267.68	712.16	5.0735	5.4043
839844452098	1350.63	731.06	1271.37	700.59	5.0846	5.3831
839844460432	1345.02	737.27	1269.79	703.22	5.0872	5.3838
839844468765	1343.50	728.95	1271.00	698.66	5.0854	5.3963
839844477099	1345.77	729.34	1268.68	701.21	5.0817	5.3940
839844485432	1344.57	725.44	1265.84	707.80	5.0795	5.3988
839844493765	1342.44	727.20	1265.73	709.95	5.0910	5.4143
839844502099	1346.27	725.72	1262.27	717.43	5.0907	5.4298
839844510432	1351.42	734.51	1263.06	699.43	5.1124	5.4075
839844518771	1350.15	733.91	1268.19	708.04	5.1105	5.4308
839844527103	1347.66	722.67	1266.12	709.64	5.0887	5.4462
839844535436	1347.31	723.00	1258.80	719.15	5.0955	5.4730
839844543769	1349.85	729.75	1267.70	712.16	5.1147	5.4576
839844552103	1349.21	722.67	1265.71	715.79	5.1068	5.4616
839844560436	1345.24	722.08	1267.49	712.34	5.1010	5.4665
839844568770	1345.77	728.52	1262.11	724.13	5.1231	5.4884
839844577102	1341.78	727.40	1265.22	735.74	5.1123	5.4999
839844585436	1342.12	725.86	1268.37	722.71	5.1072	5.4675
839844593769	1337.78	726.95	1264.53	728.65	5.1042	5.4997
839844602102	1349.41	729.87	1260.11	745.32	5.1134	5.5187
839844610435	1345.43	733.22	1260.68	749.97	5.1298	5.5138
839844618768	1354.70	732.19	1262.62	755.19	5.1187	5.4898
839844627101	1352.84	737.66	1261.81	777.50	5.0975	5.4928
839844635435	1350.12	734.23	1267.71	727.90	5.0880	5.4537
839844643769	1357.73	738.64	1286.83	850.20	5.0852	5.2838
839844652108	1317.66	838.07	1301.51	1003.52	4.8758	4.8252
839844660441	1300.45	1003.58	1296.99	1145.21	4.4590	4.0274
839844668774	NaN	NaN	1287.77	1414.34	NaN	3.8147
839844677099	1497.07	1229.43	1285.32	1364.39	3.0712	2.8885
839844685440	1273.49	1323.73	NaN	NaN	2.6557	NaN
839844693773	NaN	NaN	NaN	NaN	NaN	NaN
839844702106	NaN	NaN	NaN	NaN	NaN	NaN
839844710440	1205.01	1183.63	NaN	NaN	3.2678	NaN
839844718774	NaN	NaN	1281.50	1180.56	NaN	3.7513
839844727106	1334.63	1021.90	1351.68	1075.47	4.5613	4.0509
839844735440	1355.11	912.75	1371.01	985.51	4.7518	4.5371
839844743774	1336.71	827.56	1298.89	931.60	4.9398	4.9838
839844752106	1348.66	766.73	1287.71	855.47	5.0620	5.1928
839844760440	1345.34	719.63	1277.46	809.91	5.1218	5.3400
839844768773	1341.87	689.46	1279.69	754.43	5.1487	5.4355
839844777106	1344.60	724.33	1283.48	709.75	5.1373	5.4698
839844785443	1347.40	735.38	1276.11	696.18	5.1477	5.4845
839844793776	1345.79	735.57	1275.01	721.49	5.1479	5.4600
839844802110	1345.15	730.03	1276.18	712.20	5.1413	5.4455
839844810443	1349.24	735.69	1280.79	709.95	5.1456	5.4449
839844818777	1344.58	735.80	1279.23	705.99	5.1546	5.4610
839844827110	1345.57	730.29	1281.08	699.43	5.1443	5.4531
839844835443	1347.57	736.63	1279.87	701.47	5.1705	5.4626
839844843775	1345.09	735.82	1278.22	704.27	5.1620	5.4689
839844852108	1341.86	731.13	1278.72	702.50	5.1501	5.4679
839844860442	1346.64	732.04	1282.83	706.25	5.1659	5.4667
839844868775	1344.32	724.21	1280.23	701.57	5.1404	5.4663
839844877109	1344.62	727.17	1282.15	703.14	5.1595	5.4639
839844885442	1348.38	728.84	1280.21	704.22	5.1605	5.4673
839844893775	1346.39	728.53	1279.14	703.79	5.1483	5.4644
839844902109	1348.60	721.94	1277.53	703.02	5.1569	5.4507
839844910442	1346.56	730.27	1271.01	708.13	5.1623	5.4612
839844918780	1348.81	728.04	1268.75	705.02	5.1613	5.4635
839844927113	1347.69	730.82	1267.71	705.45	5.1571	5.4445
839844935446	1342.38	725.68	1268.47	713.47	5.1490	5.4666
839844943779	1342.87	729.60	1259.03	751.99	5.1546	5.5418
839844952113	1343.59	729.46	1259.60	732.92	5.1481	5.4950
839844960446	1348.88	732.47	1266.98	717.02	5.1534	5.4642
839844968779	1347.67	724.21	1265.31	717.20	5.1366	5.4600
839844977113	1348.16	732.45	1267.80	711.75	5.1534	5.4471
839844985446	1343.07	726.59	1259.72	738.12	5.1210	5.4818
839844993779	1346.12	719.94	1265.30	723.32	5.1149	5.4602
839845002113	1346.71	721.95	1260.63	719.79	5.1209	5.4458
839845010445	1350.89	725.07	1263.70	740.32	5.1114	5.4759
839845018778	1347.32	724.67	1265.28	734.63	5.1032	5.4801
839845027111	1352.59	728.65	1269.80	721.58	5.1033	5.4385
839845035445	1345.16	736.69	1275.35	715.72	5.1086	5.4250
839845043781	1347.60	735.31	1269.55	729.76	5.0902	5.4419
839845052115	1352.94	731.97	1272.73	736.04	5.0832	5.4455
839845060448	1351.73	735.63	1275.19	719.08	5.0889	5.4032
839845068781	1352.83	729.54	1269.46	726.27	5.0774	5.4105
839845077114	1351.89	732.97	1275.11	714.14	5.0837	5.3696
839845085447	1351.85	731.74	1271.31	715.59	5.0665	5.3689
839845093780	1351.55	723.75	1268.32	711.46	5.0643	5.3604
839845102113	1356.59	730.14	1266.26	713.53	5.0654	5.3653
839845110447	1349.56	733.42	1270.83	710.12	5.0646	5.3426
839845118780	1351.97	745.65	1270.07	721.51	5.0712	5.3624
839845127114	1354.19	741.26	1268.14	711.18	5.0736	5.3481
839845135447	1351.11	728.41	1274.74	710.64	5.0574	5.3352
839845143780	1354.90	728.32	1271.05	712.56	5.0486	5.3331
839845152113	1357.96	724.74	1271.34	711.96	5.0564	5.3372
839845160447	1356.78	724.23	1265.82	719.32	5.0588	5.3345
839845168779	1354.60	719.19	1270.02	711.95	5.0423	5.3314
839845177120	1355.58	728.91	1270.86	711.00	5.0518	5.3239
839845185453	1350.45	723.28	1268.24	705.09	5.0396	5.3275
839845193786	1353.83	733.18	1264.28	709.96	5.0409	5.3156
839845202119	1355.55	728.69	1265.21	699.16	5.0304	5.3223
839845210453	1349.40	736.40	1265.85	703.98	5.0452	5.3212
839845218786	1359.53	730.30	1262.37	706.19	5.0505	5.3115
839845227119	1356.56	730.78	1260.56	720.02	5.0485	5.3481
839845235452	1349.58	729.25	1265.96	706.00	5.0377	5.3039
839845243786	1358.15	729.04	1264.41	704.35	5.0505	5.3047
839845252119	1353.10	728.25	1256.11	710.93	5.0340	5.3243
839845260452	1354.02	736.09	1262.61	700.48	5.0440	5.3033
839845268785	1356.91	725.34	1264.47	704.25	5.0286	5.3078
839845277118	1357.05	733.53	1265.68	702.71	5.0275	5.3147
839845285452	1356.26	732.94	1268.99	701.46	5.0482	5.3132
839845293785	1351.80	730.19	1265.79	701.99	5.0358	5.3168
839845302119	1350.49	732.23	1267.59	703.73	5.0221	5.3107
839845310455	1348.21	736.20	1266.87	704.03	5.0280	5.3306
839845318788	1353.16	731.35	1270.30	702.30	5.0305	5.3126
839845327120	1350.23	730.74	1265.87	707.78	5.0208	5.3268
839845335454	1341.92	729.65	1264.36	704.02	5.0253	5.3069
839845343787	1345.67	728.48	1265.83	707.81	5.0198	5.3212
839845352121	1346.78	735.57	1262.68	708.15	5.0309	5.3131
839845360453	1349.66	724.02	1262.19	708.38	5.0267	5.3172
839845368787	1348.29	730.05	1258.19	713.97	5.0283	5.3184
839845377120	1351.22	732.74	1261.96	714.97	5.0366	5.3107
839845385454	1347.34	726.57	1256.15	719.10	5.0252	5.3124
839845393787	1345.88	733.93	1262.41	713.37	5.0420	5.2911
839845402120	1342.39	723.86	1268.11	711.82	5.0227	5.3094
839845410453	1343.74	725.88	1257.30	719.37	5.0299	5.3144
839845418786	1338.88	728.65	1259.86	723.13	5.0243	5.3143
839845427119	1339.37	727.17	1264.00	717.16	5.0200	5.3079
839845435456	1336.10	724.46	1261.01	722.50	5.0064	5.3219
839845443789	1336.54	724.59	1264.41	711.38	5.0195	5.2825
839845452122	1341.12	727.95	1263.32	719.03	5.0156	5.2953
839845460456	1329.44	722.13	1263.67	723.14	5.0049	5.3094
839845468789	1332.74	735.52	1265.16	719.43	5.0335	5.2951
839845477122	1335.32	729.18	1261.17	723.63	5.0225	5.3149
839845485455	1343.68	731.14	1266.06	725.45	5.0332	5.2892
839845493787	1342.89	729.46	1260.43	748.21	5.0047	5.3232
839845502121	1351.22	728.89	1258.69	738.37	4.9894	5.2689
839845510454	1346.77	750.23	1260.99	725.86	5.0066	5.3008
839845518788	1356.43	765.19	1274.45	812.89	4.9750	5.1553
839845527121	1340.03	868.83	1324.17	947.09	4.7787	4.7644
839845535454	1293.69	978.49	NaN	NaN	4.4741	NaN
839845543788	1157.63	1091.30	NaN	NaN	3.8744	NaN
839845552121	1231.25	1192.90	1466.36	1209.48	3.5437	3.2878
839845560454	1515.15	1254.97	1384.17	1265.16	2.9501	2.9557
839845568795	NaN	NaN	NaN	NaN	NaN	NaN
839845577127	1549.89	1424.69	NaN	NaN	2.4803	NaN
839845585460	NaN	NaN	NaN	NaN	NaN	NaN
839845593794	NaN	NaN	NaN	NaN	NaN	NaN
839845602119	1338.93	1087.42	NaN	NaN	4.2634	NaN
839845610461	1454.33	995.98	1294.93	1022.54	4.1702	4.4926
839845618794	1361.71	916.87	1256.63	1011.14	4.6271	4.8521
839845627119	1333.52	850.67	1302.60	867.44	4.8074	4.8848
839845635460	1333.74	780.49	1281.56	793.87	4.9152	5.1226
839845643785	1337.37	739.64	1269.16	760.63	5.0074	5.2428
839845652126	1343.44	704.57	1262.01	727.77	5.0438	5.3300
839845660459	1353.44	696.76	1255.17	705.11	5.0716	5.3806
839845668792	1352.32	721.60	1255.07	694.63	5.0599	5.4054
839845677126	1352.80	719.85	1251.34	705.01	5.0463	5.3661
839845685459	1354.77	725.55	1253.27	714.26	5.0621	5.3463
839845693793	1355.54	728.98	1252.59	719.25	5.0751	5.3893
839845702131	1352.92	725.29	1254.30	709.81	5.0734	5.3788
839845710464	1348.59	723.62	1256.65	705.18	5.0837	5.3801
839845718797	1354.30	723.51	1257.43	704.47	5.0854	5.3864
839845727131	1348.23	720.41	1253.73	712.67	5.0916	5.4011
839845735463	1348.20	720.16	1255.90	708.88	5.0956	5.3963
839845743796	1351.94	710.02	1252.05	712.25	5.1214	5.4022
839845752130	1347.79	708.97	1250.31	712.43	5.1179	5.4068
839845760463	1348.33	713.57	1250.60	708.47	5.1172	5.4050
839845768797	1345.45	709.58	1251.92	715.59	5.1334	5.4177
839845777130	1352.56	712.10	1249.71	712.39	5.1499	5.4168
839845785463	1347.60	709.61	1251.20	712.99	5.1395	5.4191
839845793797	1342.37	711.37	1255.28	718.39	5.1447	5.4330
839845802130	1343.76	710.37	1247.02	723.78	5.1569	5.4444
839845810463	1342.51	708.64	1249.28	718.72	5.1376	5.4222
839845818795	1351.56	716.79	1243.09	749.05	5.1715	5.4973
839845827129	1347.86	716.14	1249.47	735.95	5.1642	5.4779
839845835466	1362.96	727.99	1260.07	739.49	5.1616	5.4704
839845843800	1352.92	728.66	1256.78	739.05	5.1586	5.4873
839845852133	1356.89	726.49	1252.22	744.81	5.1564	5.5039
839845860467	1358.37	723.19	1255.83	733.81	5.1758	5.4790
839845868800	1358.56	724.11	1253.99	744.85	5.1606	5.5004
839845877133	1357.57	718.79	1247.77	743.98	5.1503	5.4979
839845885466	1359.25	719.49	1245.17	755.00	5.1556	5.5061
839845893798	1362.31	719.53	1248.61	747.56	5.1712	5.4988
839845902132	1359.71	721.35	1251.33	750.72	5.1711	5.5026
839845910465	1364.69	729.28	1249.35	753.13	5.1727	5.5061
839845918799	1352.90	721.56	1250.31	755.35	5.1681	5.5171
839845927132	1348.74	723.25	1250.84	748.89	5.1541	5.5042
839845935465	1347.66	721.36	1252.48	750.79	5.1507	5.4851
839845943799	1347.56	725.21	1254.53	747.35	5.1541	5.4852
839845952132	1340.87	722.64	1251.06	756.99	5.1483	5.4990
839845960470	1344.72	725.46	1251.18	749.94	5.1384	5.4887
839845968804	1346.87	724.55	1254.11	752.53	5.1345	5.4928
839845977136	1349.17	727.64	1258.41	754.06	5.1420	5.5007
839845985469	1351.02	726.50	1253.85	749.86	5.1397	5.4838
839845993802	1355.94	729.66	1254.31	760.50	5.1270	5.5114
839846002136	1357.06	732.36	1256.52	743.91	5.1434	5.4795
839846010469	1354.20	724.36	1257.68	745.04	5.1273	5.4782
839846018803	1363.61	734.57	1252.74	757.86	5.1330	5.4992
839846027136	1357.18	729.48	1255.75	753.68	5.1298	5.4630
839846035469	1358.07	732.26	1253.39	757.21	5.1249	5.4798
839846043802	1356.52	738.00	1250.48	759.75	5.1158	5.4780
839846052136	1352.61	732.58	1249.22	752.70	5.1272	5.4598
839846060468	1353.77	731.20	1245.97	761.19	5.1227	5.4588
839846068802	1357.48	733.05	1247.52	766.85	5.1196	5.4592
839846077135	1352.29	730.33	1246.59	768.34	5.1084	5.4554
839846085468	1352.35	726.99	1248.81	769.35	5.0900	5.4431
839846093806	1355.93	732.84	1247.50	757.27	5.1053	5.4108
839846102140	1349.94	731.48	1243.38	761.51	5.0895	5.4226
839846110473	1346.87	730.28	1244.97	761.62	5.0949	5.4342
839846118807	1349.02	730.35	1243.00	760.49	5.1055	5.4163
839846127140	1349.51	724.15	1243.40	765.03	5.0885	5.4146
839846135472	1351.56	735.56	1240.94	760.17	5.1018	5.4144
839846143805	1351.09	731.87	1243.55	759.70	5.0847	5.3950
839846152138	1347.87	723.11	1242.73	762.26	5.0835	5.4038
839846160472	1351.39	732.87	1247.35	761.28	5.0846	5.3842
839846168805	1346.10	728.86	1241.97	755.81	5.0680	5.3726
839846177138	1353.40	732.98	1245.70	748.62	5.0614	5.3586
839846185472	1342.74	733.77	1247.47	749.05	5.0578	5.3523
839846193805	1350.27	724.52	1249.15	742.94	5.0588	5.3054
839846202139	1354.12	726.57	1248.85	699.90	5.0520	5.3277
839846210472	1358.04	735.77	1248.98	691.26	5.0484	5.3083
839846218804	1349.31	734.72	1252.16	743.86	5.0330	5.2846
839846227142	1350.70	737.89	1288.65	803.53	5.0523	4.9548
839846235476	1359.28	738.79	NaN	NaN	5.0259	NaN
839846243809	1369.47	731.59	NaN	NaN	5.0545	NaN
839846252143	1365.92	794.99	NaN	NaN	4.9408	NaN
839846260476	1331.42	889.93	1186.59	1501.58	4.7159	1.7040
839846268809	1446.76	1033.00	NaN	NaN	4.0443	NaN
839846277134	NaN	NaN	NaN	NaN	NaN	NaN
839846285468	NaN	NaN	NaN	NaN	NaN	NaN
839846293802	NaN	NaN	NaN	NaN	NaN	NaN
839846302134	NaN	NaN	NaN	NaN	NaN	NaN
839846310467	NaN	NaN	NaN	NaN	NaN	NaN
839846318801	1523.95	1170.42	NaN	NaN	3.2387	NaN
839846327134	NaN	NaN	NaN	NaN	NaN	NaN
839846335467	NaN	NaN	NaN	NaN	NaN	NaN
839846343800	1462.57	1125.97	NaN	NaN	4.3580	NaN
839846352134	1365.21	947.93	NaN	NaN	4.5299	NaN
839846360471	1335.19	896.23	NaN	NaN	4.6442	NaN
839846368804	1340.91	825.20	NaN	NaN	4.7399	NaN
839846377137	1333.64	806.31	NaN	NaN	4.7959	NaN
839846385471	1343.06	772.16	NaN	NaN	4.8279	NaN
839846393803	1344.58	765.64	NaN	NaN	4.8788	NaN
839846402136	1342.29	754.62	NaN	NaN	4.9016	NaN
839846410470	1341.76	743.82	NaN	NaN	4.9066	NaN
839846418803	1341.67	730.26	NaN	NaN	4.9307	NaN
839846427136	1347.16	722.61	NaN	NaN	4.9280	NaN
839846435470	1340.88	724.99	967.04	1232.81	4.9317	2.4950
839846443802	1346.34	730.84	NaN	NaN	4.9495	NaN
839846452136	1343.75	724.55	1247.95	1406.60	4.9587	2.7179
839846460469	1340.30	716.37	NaN	NaN	4.9704	NaN
839846468802	1343.15	706.09	NaN	NaN	4.9570	NaN
839846477136	1338.27	708.25	NaN	NaN	4.9721	NaN
839846485476	1343.20	702.59	NaN	NaN	4.9761	NaN
839846493809	1341.36	704.06	NaN	NaN	4.9765	NaN
839846502142	1341.39	705.02	NaN	NaN	4.9983	NaN
839846510475	1341.23	703.51	NaN	NaN	4.9801	NaN
839846518816	1344.70	701.58	1093.79	1285.02	4.9797	4.6879
839846527149	1339.87	696.33	NaN	NaN	4.9875	NaN
839846535474	1340.39	723.67	NaN	NaN	5.0235	NaN
839846543807	1338.92	711.05	NaN	NaN	4.9775	NaN
839846552140	1341.43	702.74	NaN	NaN	4.9864	NaN
839846560473	1347.71	701.11	NaN	NaN	4.9944	NaN
839846568807	1342.21	707.33	NaN	NaN	4.9977	NaN
839846577149	1342.55	708.46	NaN	NaN	4.9998	NaN
839846585482	1344.61	713.28	NaN	NaN	5.0029	NaN
839846593815	1347.19	709.02	NaN	NaN	4.9918	NaN
839846602149	1341.45	718.32	NaN	NaN	4.9697	NaN
839846610482	1342.42	731.16	NaN	NaN	5.0203	NaN
839846618810	1347.02	719.64	NaN	NaN	4.9819	NaN
839846627143	1341.64	719.26	1334.91	1073.56	4.9961	5.0366
839846635477	1342.44	725.05	NaN	NaN	5.0240	NaN
839846643809	1338.59	735.09	1265.71	1002.46	5.0091	5.0622
839846652143	1346.59	727.02	1334.78	1001.47	4.9989	5.1596
839846660477	1345.65	724.49	NaN	NaN	5.0092	NaN
839846668809	1348.65	714.95	1314.00	1004.68	5.0210	5.1064
839846677143	1352.09	723.97	1318.53	977.42	5.0095	5.2412
839846685485	1348.91	717.30	1327.64	965.96	5.0184	5.2654
839846693818	1347.02	715.92	1294.02	941.28	5.0214	5.3097
839846702142	1349.32	721.67	1311.28	926.84	5.0070	5.2872
839846710483	1348.12	733.19	1306.19	906.74	5.0269	5.2628
839846718817	1353.08	733.76	1277.13	897.73	5.0393	5.3609
839846727151	1353.37	735.11	1297.43	862.79	5.0464	5.3120
839846735484	1352.49	733.56	1282.65	847.95	5.0446	5.3262
839846743817	1349.04	721.30	1275.49	806.13	5.0392	5.3191
839846752154	1348.30	730.18	1277.97	749.26	5.0568	5.2469
839846760487	1346.39	720.44	1274.56	793.45	5.0392	5.3467
839846768821	1349.11	750.52	1268.46	795.18	5.1173	5.3711
839846777154	1354.87	738.90	1278.11	740.30	5.0999	5.2865
839846785487	1355.86	754.11	1279.55	741.96	5.1521	5.2973
839846793820	1363.05	757.59	1280.22	741.73	5.1512	5.2713
839846802154	1354.80	744.69	1275.73	784.43	5.1075	5.3532
839846810487	1361.72	781.09	1273.15	776.45	5.1946	5.3551
839846818820	1361.93	796.31	1266.24	784.81	5.2097	5.3746
839846827153	1354.31	744.77	1273.19	803.07	5.1054	5.4045
839846835486	1356.30	749.98	1273.40	760.32	5.0983	5.3190
839846843820	1349.47	725.98	1264.08	792.86	5.0803	5.4201
839846852153	1345.18	716.77	1265.23	760.33	5.0565	5.3795
839846860486	1348.53	726.21	1261.36	752.63	5.0822	5.3788
839846868819	1345.50	722.30	1267.34	747.99	5.0731	5.3700
839846877155	1345.54	748.19	1265.14	712.23	5.1165	5.3010
839846885489	1341.39	713.36	1264.86	706.45	5.0441	5.2875
839846893822	1343.79	720.20	1274.73	738.97	5.0644	5.3318
839846902156	1346.45	738.84	1263.29	769.80	5.0935	5.4315
839846910488	1342.43	740.55	1263.14	756.32	5.0977	5.3910
839846918822	1355.46	786.03	1266.98	707.64	5.1830	5.2702
839846927155	1341.92	723.29	1262.04	729.54	5.0559	5.3169
839846935488	1349.54	727.97	1260.77	757.23	5.0716	5.3699
839846943821	1347.43	772.45	1265.63	725.48	5.1709	5.3121
839846952155	1351.02	732.16	1265.00	717.93	5.0683	5.2657
839846960487	1343.91	738.99	1261.85	731.65	5.1044	5.3034
839846968821	1339.71	722.89	1259.15	729.01	5.0559	5.2913
839846977155	1345.82	753.61	1260.07	732.04	5.1248	5.3587
839846985488	1341.86	740.71	1259.27	718.86	5.0917	5.3295
839846993821	1339.50	727.96	1258.26	713.53	5.0448	5.3329
839847002154	1344.05	737.71	1252.80	719.69	5.0702	5.3464
839847010492	1348.53	773.27	1259.60	688.34	5.1581	5.2664
839847018825	1344.43	720.48	1256.68	712.33	5.0345	5.3408
839847027157	1336.21	734.31	1253.68	712.96	5.0633	5.3435
839847035490	1347.04	736.94	1252.49	724.34	5.0630	5.3546
839847043824	1345.11	740.52	1261.74	671.91	5.0678	5.2642
839847052157	1347.12	739.16	1264.29	695.83	5.0586	5.2977
839847060490	1344.80	735.78	1257.22	707.35	5.0493	5.3312
839847068824	1345.49	746.21	1247.71	739.21	5.0639	5.3888
839847077157	1342.84	744.38	1258.65	695.31	5.0662	5.3163
839847085491	1353.19	750.42	1256.57	705.11	5.0539	5.3171
839847093824	1340.21	725.61	1255.60	695.45	5.0107	5.3126
839847102157	1334.66	727.70	1256.53	692.81	5.0102	5.3419
839847110489	1333.96	728.45	1254.94	712.36	5.0083	5.3799
839847118823	1337.49	739.96	1257.37	691.00	5.0361	5.3414
839847127156	1337.88	740.58	1249.28	685.58	5.0332	5.3563
839847135489	1336.00	727.89	1258.18	687.40	5.0095	5.3708
839847143831	1336.93	736.71	1255.08	692.37	5.0377	5.3786
839847152164	1345.35	713.47	1257.11	691.45	4.9796	5.3690
839847160498	1340.52	719.82	1256.77	689.65	4.9877	5.3657
839847168831	1341.16	729.75	1258.08	677.90	4.9992	5.3621
839847177164	1339.22	722.25	1260.25	657.79	4.9869	5.3159
839847185497	1347.06	730.69	1262.17	674.18	4.9982	5.3529
839847193830	1345.32	777.52	1264.72	673.67	5.0801	5.3480
839847202163	1342.20	738.54	1257.54	692.67	4.9856	5.3845
839847210497	1339.05	740.24	1262.66	664.08	5.0073	5.2877
839847218829	1354.62	735.16	1261.94	676.35	5.0119	5.3298
839847227163	1366.44	724.03	1273.20	678.48	5.0049	5.3541
839847235497	1363.67	719.82	1274.04	665.23	5.0053	5.3479
839847243830	1358.36	706.87	1266.34	660.43	4.9649	5.3105
839847252163	1360.11	721.58	1267.94	678.12	5.0059	5.3621
839847260496	1351.37	717.88	1267.42	683.42	4.9916	5.3696
839847268828	1348.56	717.84	1267.24	670.02	4.9854	5.3413
839847277166	1353.40	736.78	1265.68	664.64	5.0221	5.3398
839847285500	1353.72	738.73	1267.26	689.07	5.0298	5.3741
839847293832	1357.71	745.81	1267.73	671.40	5.0619	5.3522
839847302166	1354.43	718.25	1270.90	658.85	4.9942	5.3379
839847310499	1360.84	737.80	1268.12	679.26	5.0453	5.3817
839847318833	1357.30	718.81	1266.38	675.53	5.0003	5.3682
839847327166	1356.70	714.43	1271.47	656.80	4.9996	5.3483
839847335499	1356.16	726.45	1270.21	672.64	5.0377	5.3857
839847343833	1358.35	735.11	1272.07	685.33	5.0638	5.3888
839847352165	1360.46	718.58	1265.68	676.27	5.0165	5.4042
839847360498	1362.19	723.54	1268.19	675.11	5.0550	5.3757
839847368831	1364.41	748.41	1264.91	673.45	5.0945	5.3739
839847377165	1363.37	723.55	1273.26	678.18	5.0546	5.3905
839847385498	1361.84	746.59	1267.38	687.04	5.0973	5.4303
839847393831	1356.34	713.67	1267.64	659.50	5.0366	5.3529
839847402172	1360.93	714.05	1271.76	665.65	5.0222	5.3654
839847410505	1362.13	712.25	1267.12	685.95	5.0401	5.4003
839847418838	1362.93	731.35	1273.05	672.03	5.0755	5.3944
839847427171	1358.73	722.86	1269.46	690.17	5.0594	5.3903
839847435504	1359.08	737.79	1271.06	657.49	5.0968	5.3524
839847443838	1361.72	730.56	1275.43	672.49	5.0699	5.3682
839847452171	1357.73	731.65	1274.98	667.43	5.0961	5.3822
839847460504	1355.05	743.12	1271.32	695.27	5.1298	5.4179
839847468837	1354.80	729.04	1269.84	700.76	5.1067	5.4323
839847477171	1353.82	726.38	1264.03	686.85	5.0976	5.3957
839847485504	1348.29	730.31	1260.11	690.88	5.1150	5.4347
839847493838	1343.03	743.54	1267.76	671.26	5.1274	5.3875
839847502171	1349.76	714.42	1263.25	670.36	5.0818	5.4114
839847510503	1350.63	737.03	1265.90	665.46	5.1452	5.3818
839847518836	1351.79	751.99	1267.93	663.29	5.1698	5.3876
839847527170	1347.32	721.02	1265.91	673.00	5.1144	5.4101
839847535507	1351.20	709.79	1262.71	668.91	5.0904	5.4065
839847543841	1346.86	757.61	1265.88	672.95	5.1982	5.3906
839847552174	1348.09	705.43	1260.88	666.41	5.0956	5.3926
839847560507	1350.27	712.40	1260.33	687.33	5.1060	5.4488
839847568840	1354.84	752.79	1261.16	672.38	5.1980	5.4018
839847577174	1349.61	728.67	1263.39	683.75	5.1546	5.4246
839847585507	1346.83	712.63	1266.94	671.36	5.1097	5.3784
839847593840	1347.91	730.81	1264.35	672.81	5.1584	5.4068
839847602173	1351.73	732.89	1260.03	673.24	5.1673	5.4258
839847610506	1352.06	718.46	1267.15	667.98	5.1397	5.4103
839847618840	1351.03	709.50	1264.86	674.90	5.1203	5.4192
839847627173	1342.69	714.49	1262.53	684.46	5.1279	5.4449
839847635506	1345.37	737.23	1260.51	679.05	5.1879	5.4214
839847643839	1358.36	750.56	1263.16	680.89	5.2135	5.4229
839847652173	1346.77	729.12	1262.48	681.81	5.1468	5.4173
839847660506	1346.11	740.89	1261.36	677.39	5.2100	5.3998
839847668841	1344.71	724.88	1264.16	671.70	5.1471	5.3988
839847677175	1349.15	720.58	1260.72	664.40	5.1508	5.3937
839847685508	1348.26	721.30	1265.06	669.81	5.1378	5.4081
839847693842	1350.59	749.59	1264.35	672.52	5.1918	5.3957
839847702175	1346.96	738.29	1265.95	661.67	5.1822	5.3777
839847710508	1342.62	739.52	1260.32	675.21	5.1857	5.4099
839847718842	1342.03	727.20	1264.78	658.53	5.1449	5.3693
839847727175	1342.31	725.23	1258.30	682.90	5.1352	5.4336
839847735508	1344.27	742.56	1266.23	668.00	5.1664	5.3966
839847743842	1346.02	732.04	1265.21	684.49	5.1501	5.4272
839847752173	1348.58	758.18	1267.43	654.42	5.2046	5.3600
839847760507	1345.81	721.40	1262.98	674.91	5.1309	5.4005
839847768841	1353.76	732.72	1267.31	669.89	5.1572	5.3766
839847777173	1353.94	723.75	1262.33	674.79	5.1434	5.4047
839847785507	1347.10	723.51	1262.29	697.71	5.1336	5.4255
839847793840	1353.82	748.98	1263.92	676.27	5.1845	5.3978
839847802179	1344.03	744.36	1263.62	679.06	5.1720	5.3937
839847810512	1344.22	726.01	1270.18	669.21	5.1218	5.3749
839847818845	1345.43	736.27	1263.75	682.18	5.1445	5.4209
839847827178	1344.74	739.50	1264.13	673.22	5.1457	5.3752
839847835511	1346.10	749.78	1263.13	674.62	5.1696	5.3840
839847843844	1344.11	730.78	1265.14	672.54	5.1258	5.3918
839847852177	1344.45	736.75	1267.19	682.62	5.1253	5.3789
839847860511	1354.25	779.17	1266.86	689.28	5.2271	5.4084
839847868844	1348.64	725.03	1268.62	694.18	5.1124	5.4075
839847877177	1348.18	725.18	1273.39	679.67	5.0982	5.3880
839847885511	1362.51	784.41	1275.33	656.81	5.2202	5.3476
839847893844	1345.25	720.26	1271.13	667.79	5.1068	5.3365
839847902177	1347.68	721.65	1269.42	664.83	5.1236	5.3619
839847910511	1345.93	721.34	1265.83	683.22	5.1142	5.4178
839847918843	1345.54	709.57	1265.90	690.05	5.1039	5.4358
839847927181	1346.88	707.98	1264.98	676.17	5.1010	5.3931
839847935515	1342.43	690.36	1262.85	697.33	5.0902	5.4202
839847943848	1348.82	705.49	1265.23	680.71	5.1167	5.4094
839847952181	1345.36	731.02	1265.33	683.30	5.1737	5.4161
839847960515	1360.18	736.46	1264.93	676.08	5.1796	5.4018
839847968848	1349.18	725.20	1264.42	682.22	5.1443	5.4004
839847977181	1352.02	740.99	1267.81	686.22	5.1588	5.4106
839847985515	1348.11	748.19	1264.07	691.42	5.1959	5.4387
839847993847	1343.35	714.07	1261.71	675.11	5.1211	5.3878
839848002180	1341.34	715.71	1269.53	685.57	5.1087	5.4116
839848010514	1344.22	701.75	1270.25	687.93	5.1006	5.4133
839848018847	1346.67	695.79	1262.62	700.66	5.0962	5.4722
839848027180	1339.74	700.74	1266.72	685.58	5.1042	5.4205
839848035514	1347.04	703.13	1273.39	683.82	5.1082	5.4275
839848043847	1344.50	693.76	1271.31	677.72	5.1012	5.4325
839848052180	1341.67	701.55	1268.66	684.50	5.1059	5.4206
839848060517	1342.05	708.46	1269.41	659.44	5.1276	5.3871
839848068850	1343.80	703.34	1266.26	669.92	5.1099	5.4160
839848077182	1342.38	708.45	1267.16	675.76	5.1033	5.4151
839848085516	1337.89	693.20	1267.74	678.84	5.1078	5.4144
839848093849	1344.05	694.33	1263.20	654.28	5.0887	5.4098
839848102182	1343.52	703.96	1265.23	674.93	5.1098	5.4010
839848110516	1339.88	704.36	1266.14	688.24	5.1147	5.4221
839848118849	1342.59	703.57	1269.70	670.18	5.1142	5.3933
839848127182	1341.28	704.36	1268.22	692.83	5.0982	5.4609
839848135515	1343.46	726.69	1272.83	663.39	5.1602	5.3917
839848143849	1340.69	698.42	1266.43	683.02	5.1077	5.4296
839848152182	1342.07	686.51	1268.71	687.80	5.0990	5.4665
839848160515	1341.82	706.30	1268.48	675.08	5.1479	5.4469
839848168848	1340.72	681.60	1271.23	664.28	5.1059	5.4207
839848177181	1346.26	692.62	1266.49	672.39	5.1113	5.4253
839848185515	1344.26	688.09	1268.89	662.55	5.1105	5.4480
839848193854	1338.74	681.80	1271.59	677.32	5.1093	5.4416
839848202187	1344.57	689.65	1261.96	670.78	5.1288	5.4327
839848210521	1340.69	691.53	1262.32	679.69	5.1212	5.4256
839848218854	1344.22	692.65	1268.54	655.75	5.0975	5.4471
839848227187	1352.97	701.70	1273.97	673.70	5.1286	5.4247
839848235520	1348.59	713.98	1270.08	672.00	5.1303	5.4095
839848243853	1355.38	707.27	1269.18	669.07	5.1220	5.4433
839848252186	1351.07	708.97	1271.40	681.94	5.1293	5.4378
839848260520	1346.86	700.78	1270.66	683.97	5.1157	5.4383
839848268853	1349.99	706.66	1265.54	686.03	5.1370	5.4783
839848277186	1349.09	700.57	1268.32	674.65	5.1285	5.4363
839848285520	1346.07	703.38	1268.07	694.78	5.1335	5.5105
839848293853	1350.76	709.54	1271.59	661.95	5.1537	5.4283
839848302186	1353.69	704.07	1272.64	667.77	5.1534	5.4540
839848310519	1351.45	701.73	1270.28	683.82	5.1442	5.4317
839848318852	1350.88	696.38	1266.19	715.88	5.1296	5.5023
839848327190	1352.54	702.34	1266.83	698.28	5.1359	5.4821
839848335523	1353.76	700.45	1267.28	686.62	5.1455	5.4414
839848343856	1351.08	706.97	1272.36	672.67	5.1584	5.4256
839848352189	1353.91	695.37	1270.15	705.34	5.1360	5.4701
839848360522	1352.08	689.56	1269.94	703.22	5.1362	5.4897
839848368856	1353.00	700.72	1267.74	678.66	5.1354	5.4145
839848377189	1349.34	702.41	1264.15	670.51	5.1385	5.4380
839848385523	1349.72	704.45	1268.47	680.76	5.1438	5.4295
839848393856	1355.04	703.48	1269.47	717.03	5.1222	5.4858
839848402188	1354.04	708.28	1274.69	699.33	5.1334	5.4362
839848410521	1355.18	705.19	1263.23	705.46	5.1373	5.4563
839848418855	1351.67	698.82	1264.42	694.10	5.1265	5.4575
839848427189	1353.87	687.05	1270.39	694.09	5.1151	5.4320
839848435521	1355.36	713.95	1265.10	688.48	5.1750	5.4428
839848443855	1353.71	701.71	1268.52	699.00	5.1500	5.4522
839848452190	1356.46	695.85	1262.60	719.05	5.1397	5.4823
839848460523	1355.22	709.45	1273.10	708.62	5.1447	5.4047
839848468857	1355.77	705.87	1269.80	714.91	5.1368	5.4310
839848477189	1357.16	705.88	1263.84	685.15	5.1393	5.4261
839848485522	1360.81	699.53	1262.79	717.77	5.1304	5.4622
839848493856	1352.51	704.06	1269.77	705.26	5.1286	5.4441
839848502189	1348.35	714.26	1270.78	698.30	5.1385	5.4184
839848510523	1348.06	774.59	1268.10	714.25	5.2701	5.4613
839848518856	1355.41	710.50	1264.86	694.26	5.1252	5.4562
839848527189	1347.69	707.09	1271.24	736.92	5.1110	5.4880
839848535522	1346.92	708.15	1269.95	691.50	5.1112	5.4073
839848543856	1352.21	704.44	1267.04	709.34	5.1146	5.4555
839848552190	1355.10	714.12	1266.46	702.35	5.1309	5.4131
839848560521	1351.37	715.81	1271.08	700.97	5.1339	5.4259
839848568855	1350.75	700.31	1271.15	689.79	5.1118	5.3712
839848577188	1349.69	693.79	1273.99	703.46	5.0889	5.4067
839848585529	1347.74	697.39	1267.53	737.97	5.0950	5.4628
839848593863	1346.13	700.15	1265.07	725.54	5.0936	5.4494
839848602196	1349.99	723.53	1267.06	716.66	5.1405	5.4405
839848610529	1347.57	708.77	1262.49	751.78	5.1252	5.4463
839848618863	1348.44	716.70	1270.43	740.46	5.1285	5.4168
839848627196	1350.87	715.17	1264.74	727.62	5.1301	5.4060
839848635530	1352.49	707.14	1263.04	759.52	5.1066	5.4221
839848643862	1347.43	696.06	1273.65	723.11	5.0992	5.4033
839848652195	1347.65	708.02	1268.17	748.85	5.1224	5.4280
839848660528	1349.86	703.06	1268.38	749.14	5.0942	5.4260
839848668862	1349.16	700.68	1268.75	744.98	5.0973	5.4642
839848677195	1348.84	714.46	1267.89	749.97	5.1269	5.4210
839848685528	1346.96	696.07	1268.62	789.49	5.1086	5.4749
839848693862	1353.16	717.16	1268.24	781.34	5.1489	5.4565
839848702195	1354.10	707.91	1267.23	775.45	5.1197	5.4690
839848710529	1351.12	704.95	1265.09	770.59	5.1091	5.4530
839848718865	1350.55	721.00	1272.73	773.41	5.1687	5.4502
839848727198	1354.55	709.57	1267.50	771.60	5.1299	5.4578
839848735531	1354.97	710.96	1266.55	772.73	5.1319	5.4716
839848743865	1354.24	707.66	1270.43	762.45	5.1282	5.4643
839848752198	1352.91	713.02	1262.08	775.78	5.1490	5.4895
839848760532	1356.74	718.27	1269.13	769.38	5.1450	5.4799
839848768864	1355.98	720.28	1267.59	777.54	5.1671	5.4941
839848777198	1355.60	720.28	1262.12	787.68	5.1548	5.5073
839848785532	1351.76	709.78	1266.18	770.36	5.1523	5.4913
839848793865	1354.20	723.84	1269.23	766.87	5.1682	5.4955
839848802197	1354.13	724.54	1270.50	767.69	5.1726	5.4861
839848810530	1349.46	728.26	1271.87	764.33	5.1905	5.4945
839848818864	1354.91	718.71	1269.39	767.14	5.1604	5.5077
839848827197	1355.68	714.07	1270.58	776.64	5.1615	5.5226
839848835531	1354.02	718.08	1266.79	768.39	5.1544	5.5149
839848843868	1360.44	713.71	1265.78	760.81	5.1638	5.5147
839848852201	1356.61	716.18	1267.63	759.45	5.1809	5.5185
839848860534	1355.98	719.92	1268.80	765.54	5.1902	5.5196
839848868868	1349.04	713.47	1267.31	756.78	5.1864	5.5190
839848877201	1359.56	716.08	1270.80	751.50	5.1876	5.5102
839848885534	1354.12	713.61	1270.64	750.01	5.1683	5.4985
839848893866	1361.24	714.42	1265.76	760.02	5.1930	5.5360
839848902200	1356.47	713.19	1269.05	754.86	5.1922	5.5193
839848910534	1353.51	720.35	1263.93	751.68	5.2002	5.5208
839848918867	1352.86	712.49	1270.00	755.47	5.1835	5.5098
839848927200	1357.55	725.21	1266.50	762.65	5.2244	5.5416
839848935533	1359.61	714.74	1265.70	753.94	5.2041	5.5295
839848943866	1355.70	714.65	1263.17	768.53	5.2085	5.5605
839848952200	1357.56	714.75	1266.30	758.43	5.2102	5.5515
839848960534	1358.94	721.41	1270.47	756.79	5.2337	5.5565
839848968866	1354.39	705.95	1269.92	752.27	5.2072	5.5499
839848977204	1352.42	711.73	1268.23	752.33	5.2230	5.5583
839848985537	1351.07	706.60	1273.11	753.51	5.2012	5.5568
839848993871	1353.24	713.84	1273.00	748.18	5.2405	5.5695
839849002204	1350.53	699.14	1274.61	750.71	5.1992	5.5697
839849010538	1354.05	707.98	1271.56	747.10	5.2276	5.5562
839849018870	1353.71	712.44	1276.58	756.66	5.2480	5.5432
839849027204	1353.88	711.52	1267.73	754.99	5.2392	5.5689
839849035538	1349.98	707.70	1269.67	758.27	5.2433	5.5719
839849043870	1351.79	715.28	1267.53	749.30	5.2590	5.5731
839849052203	1354.13	706.77	1265.19	743.46	5.2351	5.5624
839849060536	1354.49	719.67	1274.93	743.09	5.2582	5.5750
839849068869	1357.47	717.93	1271.04	754.37	5.2410	5.5874
839849077203	1349.87	722.47	1265.18	744.09	5.2538	5.5612
839849085537	1355.09	728.21	1268.32	753.23	5.2700	5.5818
839849093870	1355.60	724.80	1267.36	744.24	5.2702	5.5861
839849102203	1360.25	724.07	1262.18	748.76	5.2760	5.5964
839849110541	1349.43	729.94	1269.23	737.73	5.2996	5.5622
839849118875	1355.65	725.30	1263.02	742.93	5.3059	5.5782
839849127207	1348.46	704.54	1260.17	755.63	5.2708	5.5812
839849135540	1355.31	709.15	1268.05	754.30	5.2986	5.5937
839849143873	1348.75	702.78	1266.53	760.52	5.2827	5.6075
839849152207	1356.05	711.41	1268.67	776.34	5.3050	5.6160
839849160540	1352.50	710.36	1271.40	764.52	5.2869	5.6101
839849168874	1356.37	707.87	1269.34	758.04	5.2973	5.5731
839849177206	1353.78	715.73	1273.21	756.17	5.2945	5.5629
839849185539	1354.28	716.35	1271.04	771.28	5.2986	5.5985
839849193872	1359.52	712.16	1272.24	763.54	5.2889	5.5985
839849202206	1357.31	712.90	1277.20	764.68	5.3020	5.5903
839849210539	1356.56	727.95	1270.95	762.17	5.3205	5.5840
839849218873	1353.81	714.30	1271.29	763.61	5.2924	5.6006
839849227206	1350.82	714.81	1274.01	774.72	5.2908	5.6205
839849235539	1352.48	723.63	1274.71	763.09	5.3040	5.5948
839849243878	1347.18	709.80	1275.49	774.23	5.2658	5.6239
839849252210	1353.31	721.71	1270.63	755.27	5.3056	5.5877
839849260543	1354.93	724.13	1271.07	769.03	5.3013	5.6165
839849268876	1354.86	722.19	1271.21	767.84	5.2967	5.6058
839849277210	1354.00	717.12	1270.10	778.94	5.3064	5.6276
839849285543	1357.26	715.60	1264.39	772.84	5.2827	5.5907
839849293877	1357.32	724.39	1269.34	762.17	5.3131	5.5830
839849302210	1355.04	708.77	1264.80	780.18	5.2742	5.6096
839849310543	1356.35	719.11	1263.13	770.99	5.2845	5.6207
839849318876	1353.26	720.34	1262.68	759.53	5.2858	5.5929
839849327209	1351.63	723.95	1264.09	761.14	5.2913	5.5970
839849335542	1350.34	712.78	1260.99	764.27	5.2765	5.6120
839849343876	1345.99	716.51	1264.63	765.37	5.2969	5.6138
839849352208	1351.47	719.80	1261.01	760.31	5.2975	5.6098
839849360542	1352.87	721.68	1262.18	770.80	5.2923	5.6227
839849368878	1349.94	714.89	1261.65	761.90	5.2915	5.6042
839849377211	1349.42	714.81	1260.42	766.47	5.2874	5.6180
839849385544	1351.98	718.68	1261.37	770.41	5.2893	5.6236
839849393877	1350.39	716.32	1259.88	760.11	5.2987	5.6033
839849402210	1347.41	722.14	1257.89	780.30	5.2953	5.6487
839849410544	1348.54	712.53	1258.59	767.02	5.2888	5.6208
839849418878	1346.04	714.66	1260.32	780.22	5.2787	5.6519
839849427211	1344.34	718.16	1257.22	768.65	5.2999	5.6357
839849435544	1346.43	712.28	1263.95	768.19	5.2818	5.6313
839849443877	1342.24	716.88	1266.51	770.41	5.2974	5.6407
839849452210	1353.41	716.72	1260.17	774.61	5.2872	5.6403
839849460543	1348.51	723.54	1267.28	777.75	5.3139	5.6569
839849468876	1341.73	719.00	1268.73	789.51	5.2861	5.6688
839849477209	1347.56	718.33	1272.31	772.17	5.2968	5.6387
839849485543	1340.61	719.45	1268.70	774.16	5.2912	5.6545
839849493877	1340.22	724.39	1268.28	771.83	5.2995	5.6454
839849502216	1340.39	727.98	1266.89	768.51	5.3014	5.6569
839849510549	1325.99	716.49	1270.63	757.76	5.2896	5.6342
839849518882	1328.31	715.37	1269.59	765.29	5.2926	5.6353
839849527215	1326.59	718.43	1273.01	762.30	5.2924	5.6328
839849535548	1327.61	717.75	1272.05	750.41	5.3089	5.6117
839849543882	1331.63	720.08	1269.70	761.60	5.3101	5.6485
839849552215	1330.74	717.78	1272.53	742.75	5.3030	5.6116
839849560548	1334.25	716.17	1272.62	744.98	5.3114	5.6149
839849568882	1330.60	715.55	1270.89	739.37	5.3182	5.6132
839849577215	1358.97	735.24	1274.64	738.47	5.3245	5.6062
839849585548	1356.76	737.50	1274.64	737.26	5.3374	5.6065
839849593882	1350.73	724.47	1272.31	742.33	5.3311	5.6118
839849602214	1347.88	727.13	1277.43	738.03	5.3227	5.6273
839849610547	1351.95	721.34	1274.56	738.74	5.3438	5.6205
839849618880	1354.55	725.59	1271.38	737.55	5.3425	5.6218
839849627214	1347.56	717.06	1273.24	737.61	5.3193	5.6249
839849635552	1353.37	719.59	1273.28	731.32	5.3384	5.6148
839849643885	1350.77	720.02	1271.50	732.12	5.3267	5.6113
839849652219	1349.17	712.85	1273.77	734.81	5.3420	5.6155
839849660552	1348.67	718.47	1271.22	738.31	5.3427	5.6384
839849668885	1347.37	720.51	1271.04	730.07	5.3488	5.6249
839849677219	1350.90	712.82	1271.33	735.12	5.3531	5.6358
839849685552	1352.01	720.25	1269.91	730.26	5.3515	5.6344
839849693884	1346.99	720.42	1271.03	736.22	5.3623	5.6333
839849702218	1348.66	717.08	1270.14	735.90	5.3538	5.6389
839849710551	1346.12	714.97	1268.88	733.52	5.3406	5.6343
839849718884	1344.47	715.40	1266.30	731.87	5.3532	5.6401
839849727217	1341.52	711.02	1268.09	730.62	5.3485	5.6436
839849735551	1348.01	716.81	1266.81	732.43	5.3614	5.6454
839849743884	1344.68	712.13	1268.77	733.73	5.3591	5.6455
839849752217	1345.86	713.90	1268.18	733.06	5.3552	5.6506
839849760551	1351.19	714.35	1267.81	734.74	5.3774	5.6657
839849768887	1349.46	717.05	1269.37	733.24	5.3738	5.6570
839849777221	1346.59	712.38	1268.56	733.74	5.3629	5.6632
839849785554	1355.33	715.26	1265.91	735.63	5.3762	5.6621
839849793887	1354.70	711.94	1267.29	734.28	5.3728	5.6701
839849802220	1361.16	704.20	1262.02	738.32	5.3787	5.6669
839849810554	1362.31	714.02	1259.22	734.02	5.3819	5.6689
839849818887	1359.67	712.64	1258.15	736.07	5.3639	5.6780
839849827221	1363.89	710.72	1266.62	735.95	5.3730	5.6664
839849835553	1375.14	712.56	1279.91	733.40	5.3817	5.6590
839849843887	1370.20	712.33	1282.97	733.44	5.3853	5.6565
839849852219	1359.45	704.30	1276.36	731.66	5.3480	5.6641
839849860553	1363.24	707.84	1275.72	730.77	5.3567	5.6671
839849868886	1367.83	715.76	1281.10	733.81	5.3741	5.6684
839849877219	1369.43	712.42	1282.36	731.56	5.3602	5.6642
839849885552	1370.32	713.14	1285.55	732.77	5.3778	5.6720
839849893892	1374.55	717.24	1281.26	731.08	5.3767	5.6668
839849902225	1376.55	725.96	1281.90	733.18	5.3904	5.6624
839849910558	1376.47	720.98	1278.34	731.19	5.3820	5.6656
839849918892	1377.09	726.63	1270.90	731.29	5.3537	5.6685
839849927225	1372.73	725.10	1273.80	727.22	5.3810	5.6621
839849935557	1374.03	732.61	1271.74	731.04	5.3860	5.6692
839849943891	1371.35	727.96	1267.51	730.74	5.3758	5.6699
839849952224	1380.31	727.65	1267.65	726.43	5.3704	5.6779
839849960557	1372.86	724.46	1267.07	728.36	5.3678	5.6621
839849968891	1371.47	731.14	1270.80	730.71	5.3880	5.6665
839849977224	1371.06	725.94	1277.26	731.54	5.3892	5.6750
839849985557	1377.56	724.42	1274.65	734.93	5.3869	5.6671
839849993891	1370.69	713.60	1274.29	729.50	5.3680	5.6707
839850002224	1375.63	721.68	1279.81	734.99	5.3766	5.6568
839850010556	1364.40	719.80	1278.10	733.28	5.3658	5.6708
839850018890	1359.65	712.12	1272.21	736.77	5.3695	5.6770
839850027228	1363.58	712.73	1282.52	730.56	5.3590	5.6885
839850035562	1362.41	713.95	1276.30	731.42	5.3643	5.6759
839850043895	1363.06	717.63	1276.64	725.89	5.3610	5.6812
839850052227	1358.74	721.16	1272.61	725.33	5.3832	5.6840
839850060561	1361.51	716.92	1272.89	726.23	5.3648	5.6796
839850068894	1361.70	721.70	1271.39	722.93	5.3711	5.6865
839850077228	1358.12	721.20	1276.52	724.57	5.3754	5.6935
839850085560	1360.09	718.50	1274.22	721.63	5.3722	5.6973
839850093894	1361.48	716.08	1272.87	723.18	5.3611	5.6904
839850102227	1359.05	708.98	1273.13	724.31	5.3652	5.7049
839850110561	1362.85	713.97	1278.36	719.50	5.3566	5.6826
839850118894	1362.79	707.13	1277.70	725.49	5.3477	5.6923
839850127227	1362.07	708.97	1273.78	725.06	5.3653	5.6876
839850135559	1369.87	716.00	1272.18	725.61	5.3700	5.6940
839850143893	1363.28	707.93	1274.33	728.67	5.3577	5.6860
839850152226	1365.63	714.80	1275.06	724.36	5.3509	5.6909
839850160564	1364.64	715.21	1271.30	722.66	5.3530	5.6871
839850168897	1361.80	717.77	1269.89	727.49	5.3683	5.7020
839850177230	1365.19	713.28	1270.80	722.83	5.3511	5.7042
839850185563	1359.49	722.57	1265.70	723.46	5.3670	5.6948
839850193897	1358.28	715.76	1266.23	719.84	5.3491	5.6899
839850202230	1363.67	720.05	1271.03	721.82	5.3586	5.6983
839850210563	1359.00	724.65	1270.83	718.45	5.3483	5.6954
839850218896	1361.81	727.52	1268.54	718.59	5.3552	5.7053
839850227229	1358.96	723.69	1270.72	718.88	5.3565	5.6978
839850235563	1361.10	721.95	1271.44	721.07	5.3489	5.7053
839850243896	1360.00	724.98	1269.86	713.74	5.3672	5.7036
839850252229	1360.97	728.58	1269.52	715.52	5.3701	5.7036
839850260562	1356.87	723.54	1269.09	718.11	5.3570	5.7116
839850268896	1361.09	724.61	1270.26	714.67	5.3595	5.7052
839850277229	1358.86	723.98	1268.18	715.68	5.3560	5.7099
839850285567	1359.61	730.85	1270.27	713.70	5.3684	5.7098
839850293900	1357.45	727.91	1270.60	717.93	5.3451	5.7034
839850302233	1374.60	732.81	1278.73	718.55	5.3640	5.7074
839850310566	1370.97	737.02	1279.73	720.71	5.3569	5.7063
839850318900	1367.24	731.02	1272.55	723.08	5.3558	5.7137
839850327233	1367.92	732.20	1272.32	719.31	5.3560	5.7099
839850335567	1366.93	731.58	1271.91	721.60	5.3593	5.7250
839850343899	1370.95	733.08	1274.95	714.30	5.3696	5.7142
839850352232	1372.92	730.27	1275.55	717.61	5.3655	5.7169
839850360566	1367.26	727.13	1273.80	718.01	5.3439	5.7273
839850368899	1365.05	728.42	1276.75	720.31	5.3605	5.7156
839850377232	1373.72	739.88	1269.37	719.50	5.3737	5.7384
839850385565	1372.57	732.94	1272.14	721.10	5.3772	5.7301
839850393899	1375.51	730.86	1275.65	712.74	5.3680	5.7198
839850402232	1374.16	729.09	1274.12	715.45	5.3587	5.7341
839850410566	1372.53	730.64	1272.29	714.83	5.3690	5.7208
839850418902	1367.98	731.49	1276.94	719.58	5.3658	5.7287
839850427235	1369.49	734.34	1279.76	717.49	5.3772	5.7219
839850435569	1372.68	733.05	1277.78	717.24	5.3678	5.7251
839850443902	1375.74	734.90	1274.17	719.80	5.3811	5.7307
839850452235	1375.70	727.54	1274.35	718.75	5.3714	5.7293
839850460569	1373.19	727.39	1275.57	715.17	5.3686	5.7374
839850468901	1376.82	729.03	1277.50	717.15	5.3689	5.7267
839850477235	1372.87	727.16	1281.95	716.19	5.3745	5.7220
839850485569	1376.85	719.81	1274.89	716.02	5.3604	5.7246
839850493902	1371.64	722.24	1279.33	716.11	5.3760	5.7190
839850502234	1371.67	724.99	1277.94	718.16	5.3777	5.7291
839850510567	1375.94	713.40	1278.87	716.31	5.3590	5.7198
839850518901	1374.63	717.49	1275.83	720.29	5.3783	5.7207
839850527234	1374.34	713.47	1275.05	721.87	5.3633	5.7251
839850535567	1375.64	718.76	1271.39	724.26	5.3830	5.7123
839850543901	1376.04	719.41	1272.60	718.64	5.3750	5.7162
839850552241	1377.80	725.44	1267.37	718.82	5.3857	5.7237
839850560574	1374.98	728.70	1268.27	715.20	5.3752	5.7231
839850568908	1379.63	735.21	1272.34	715.81	5.3790	5.7347
839850577240	1376.29	734.41	1275.25	712.85	5.3804	5.7282
839850585574	1382.55	729.66	1275.70	712.33	5.3847	5.7151
839850593906	1376.22	721.66	1274.72	714.15	5.3684	5.7220
839850602240	1380.38	722.08	1278.55	711.41	5.3855	5.7285
839850610574	1374.55	714.26	1283.26	711.98	5.3719	5.7206
839850618907	1373.76	722.30	1278.01	710.02	5.3952	5.7262
839850627240	1374.25	715.78	1280.59	713.32	5.3994	5.7310
839850635573	1373.16	710.25	1275.90	723.93	5.3876	5.7329
839850643907	1370.77	715.64	1277.16	719.29	5.3972	5.7105
839850652240	1375.81	713.53	1274.81	723.73	5.3902	5.7214
839850660573	1379.70	713.11	1271.86	725.54	5.4018	5.7289
839850668906	1376.38	713.26	1270.43	726.84	5.3925	5.7329
839850677239	1377.74	709.07	1271.94	728.16	5.3843	5.7339
839850685575	1383.56	709.88	1264.56	724.79	5.4043	5.7336
839850693909	1375.26	707.57	1264.03	721.20	5.4014	5.7400
839850702242	1373.85	712.51	1258.12	719.01	5.3915	5.7350
839850710575	1376.16	732.09	1265.33	716.29	5.3967	5.7274
839850718908	1370.64	726.49	1268.75	714.13	5.3677	5.7315
839850727242	1366.62	736.40	1271.15	712.34	5.4046	5.7428
839850735575	1364.83	729.25	1274.21	714.32	5.3890	5.7215
839850743908	1362.73	731.22	1275.88	717.38	5.4058	5.7331
839850752241	1366.13	731.49	1274.55	715.36	5.4058	5.7435
839850760574	1367.52	726.69	1269.50	713.56	5.3907	5.7482
839850768908	1370.93	728.86	1270.18	713.69	5.3893	5.7381
839850777241	1374.24	722.60	1269.64	711.69	5.4037	5.7367
839850785574	1374.61	725.26	1268.22	718.13	5.4120	5.7365
839850793908	1373.47	716.28	1266.64	713.63	5.4061	5.7441
839850802240	1373.63	708.30	1267.11	713.99	5.4020	5.7331
839850810578	1375.47	716.99	1267.41	715.39	5.4052	5.7395
839850818911	1376.26	713.53	1266.26	714.69	5.3922	5.7352
839850827244	1378.21	728.69	1263.67	716.05	5.4074	5.7459
839850835577	1369.81	739.15	1268.01	712.84	5.4128	5.7312
839850843909	1374.69	735.19	1265.59	719.73	5.3993	5.7432
839850852243	1373.80	730.24	1266.15	716.97	5.3921	5.7428
839850860576	1378.86	724.00	1264.76	725.71	5.4046	5.7400
839850868910	1378.02	727.53	1259.46	725.29	5.4120	5.7419
839850877243	1380.05	721.87	1264.93	728.35	5.3932	5.7498
839850885576	1379.65	725.71	1263.02	726.24	5.4236	5.7424
839850893910	1383.41	718.80	1265.07	729.69	5.4235	5.7430
839850902243	1385.82	722.40	1268.30	727.92	5.4201	5.7444
839850910576	1382.36	721.53	1264.86	725.58	5.4219	5.7429
839850918910	1386.82	724.55	1270.33	725.38	5.4296	5.7406
839850927241	1382.60	722.77	1264.99	727.25	5.4173	5.7556
839850935575	1386.25	730.51	1272.39	723.23	5.4266	5.7466
839850943918	1384.08	730.33	1273.02	726.14	5.4174	5.7634
839850952251	1386.02	730.45	1271.81	717.24	5.4309	5.7430
839850960584	1387.49	734.41	1274.12	714.65	5.4423	5.7480
839850968917	1386.08	727.72	1270.55	714.75	5.4212	5.7544
839850977251	1387.80	730.16	1271.21	717.39	5.4277	5.7635
839850985584	1388.42	741.78	1268.43	713.12	5.4594	5.7590
839850993918	1383.64	735.30	1271.49	715.41	5.4360	5.7523
839851002251	1388.24	729.06	1268.36	718.45	5.4343	5.7525
839851010583	1386.71	729.73	1267.88	712.06	5.4415	5.7470
839851018917	1382.68	738.63	1265.09	714.32	5.4346	5.7574
839851027250	1384.20	732.60	1263.54	715.39	5.4296	5.7540
839851035583	1379.04	737.47	1262.70	710.98	5.4324	5.7544
839851043917	1382.90	739.01	1259.49	715.08	5.4344	5.7619
839851052249	1379.42	735.58	1258.34	717.01	5.4366	5.7437
839851060583	1375.93	729.85	1255.55	717.81	5.4341	5.7530
839851068916	1376.80	730.55	1256.61	716.55	5.4455	5.7468
839851077251	1363.40	731.13	1250.52	715.92	5.4454	5.7455
839851085583	1345.54	733.07	1255.46	714.58	5.4662	5.7442
839851093916	1387.43	782.46	1250.85	713.77	5.4419	5.7266
839851102250	1368.57	736.19	1240.81	747.34	5.4630	5.6890
839851110583	1358.24	892.81	1244.65	1060.24	5.0660	4.9672
839851118917	1683.99	1211.91	NaN	NaN	3.9906	NaN
839851127250	1531.54	1442.05	1589.47	1574.39	2.8681	2.5762
839851135583	1260.60	1674.44	NaN	NaN	1.9234	NaN
839851143917	NaN	NaN	NaN	NaN	NaN	NaN
839851152250	NaN	NaN	NaN	NaN	NaN	NaN
839851160575	NaN	NaN	NaN	NaN	NaN	NaN
839851168908	NaN	NaN	NaN	NaN	NaN	NaN
839851177241	NaN	NaN	NaN	NaN	NaN	NaN
839851185574	1617.51	1647.49	NaN	NaN	1.8871	NaN
839851193908	NaN	NaN	1279.74	1474.79	NaN	2.2705
839851202240	1458.99	1375.49	NaN	NaN	3.1037	NaN
839851210580	NaN	NaN	NaN	NaN	NaN	NaN
839851218913	1511.12	1114.46	1278.62	1237.88	4.1104	3.5216
839851227246	1354.39	1014.71	NaN	NaN	4.6851	NaN
839851235579	1344.09	911.82	1178.08	1042.06	4.9902	4.7566
839851243920	1345.23	822.66	1273.42	916.18	5.2113	5.1903
839851252252	1347.70	757.49	1262.67	815.02	5.3689	5.4725
839851260586	1347.75	715.69	1268.27	752.46	5.4236	5.6442
839851268919	1359.42	701.88	1273.37	725.72	5.4585	5.7103
839851277253	1359.40	698.02	1269.58	692.59	5.4776	5.7630
839851285586	1357.00	697.24	1266.58	682.76	5.4935	5.7876
839851293919	1353.39	716.67	1261.74	683.66	5.4441	5.7955
839851302253	1354.09	726.15	1269.17	691.48	5.4523	5.7434
839851310586	1346.48	718.09	1260.24	704.82	5.4360	5.7514
839851318919	1349.73	721.08	1264.14	708.88	5.4411	5.7404
839851327252	1352.48	721.75	1256.84	707.32	5.4480	5.7555
839851335590	1359.77	722.81	1255.24	703.79	5.4505	5.7538
839851343923	1362.54	727.24	1259.70	701.41	5.4561	5.7504
839851352257	1360.86	724.13	1259.04	701.43	5.4593	5.7524
839851360590	1357.73	712.78	1255.96	701.37	5.4586	5.7455
839851368923	1362.84	705.47	1263.66	700.93	5.4626	5.7491
839851377257	1358.78	706.46	1262.61	697.31	5.4660	5.7546
839851385589	1362.25	702.60	1263.07	701.94	5.4670	5.7586
839851393922	1358.94	698.33	1262.99	699.20	5.4498	5.7497
839851402256	1360.80	698.89	1264.35	696.28	5.4749	5.7630
839851410589	1365.83	697.56	1263.20	700.69	5.4643	5.7571
839851418922	1358.82	699.35	1267.08	695.53	5.4659	5.7568
839851427255	1366.72	701.30	1262.59	696.55	5.4754	5.7676
839851435589	1369.59	699.69	1269.38	694.30	5.4589	5.7518
839851443922	1366.65	696.35	1263.35	695.28	5.4590	5.7635
839851452255	1367.84	705.87	1256.53	694.22	5.4541	5.7577
839851460589	1366.17	708.60	1259.10	703.84	5.4553	5.7418
839851468925	1357.19	708.56	1261.49	705.76	5.4504	5.7532
839851477258	1365.51	717.76	1264.44	702.62	5.4518	5.7531
839851485592	1355.05	720.95	1265.93	702.40	5.4737	5.7521
839851493925	1358.08	723.33	1267.93	701.57	5.4480	5.7506
839851502258	1355.37	727.60	1265.26	703.62	5.4708	5.7579
839851510591	1355.80	726.29	1268.14	701.89	5.4567	5.7400
839851518925	1352.62	715.20	1270.65	701.33	5.4299	5.7244
839851527258	1361.46	726.28	1275.56	709.73	5.4420	5.7224
839851535592	1358.00	726.30	1274.47	704.30	5.4483	5.7168
839851543925	1352.41	718.55	1273.50	701.65	5.4264	5.7129
839851552258	1356.50	720.32	1270.38	700.80	5.4300	5.6988
839851560590	1350.16	716.75	1273.32	702.19	5.4208	5.7037
839851568924	1355.06	712.01	1271.52	705.12	5.4020	5.6963
839851577257	1352.55	716.76	1272.93	698.25	5.4045	5.6973
839851585590	1349.36	718.72	1272.59	696.79	5.4040	5.6861
839851593924	1346.98	710.01	1264.97	700.11	5.3718	5.6850
839851602262	1349.07	713.73	1268.12	697.39	5.3834	5.6736
839851610596	1346.23	712.45	1269.61	695.77	5.3520	5.6693
839851618929	1345.20	712.69	1273.72	695.92	5.3513	5.6586
839851627262	1348.29	707.75	1270.65	693.78	5.3356	5.6437
839851635595	1345.00	711.79	1273.08	695.87	5.3361	5.6400
839851643928	1343.24	715.63	1270.35	697.33	5.3220	5.6421
839851652262	1347.50	717.97	1270.41	699.98	5.3133	5.6372
839851660594	1349.56	725.12	1270.05	705.68	5.3196	5.6278
839851668928	1350.59	716.79	1268.92	700.71	5.3074	5.6219
839851677260	1353.05	716.55	1270.55	706.71	5.3055	5.6162
839851685594	1354.34	720.46	1264.19	705.53	5.2791	5.6247
839851693927	1356.07	725.78	1266.88	708.69	5.2914	5.6191
839851702260	1355.43	718.27	1265.60	702.80	5.2845	5.6016
839851710594	1360.92	724.66	1263.15	705.94	5.2859	5.5962
839851718927	1359.64	725.40	1265.87	704.62	5.2764	5.5941
839851727263	1358.14	728.47	1264.94	702.23	5.2695	5.5921
839851735597	1358.99	730.69	1263.52	708.25	5.2596	5.5859
839851743930	1364.23	733.70	1262.54	703.11	5.2599	5.5777
839851752263	1361.59	729.59	1266.17	707.07	5.2594	5.5672
839851760596	1361.70	732.47	1263.23	709.16	5.2246	5.5592
839851768930	1363.69	732.45	1261.73	712.88	5.2493	5.5502
839851777263	1359.49	730.02	1261.80	710.70	5.2353	5.5515
839851785596	1364.80	731.43	1258.05	705.07	5.2209	5.5356
839851793930	1359.72	733.38	1262.63	714.43	5.2187	5.5573
839851802262	1367.08	731.36	1258.42	715.38	5.2203	5.5425
839851810596	1366.04	733.73	1262.69	710.89	5.2112	5.5328
839851818929	1367.33	733.06	1262.65	716.40	5.2011	5.5294
839851827262	1361.56	735.23	1262.46	715.60	5.2078	5.5252
839851835595	1361.33	735.71	1265.80	713.29	5.2014	5.5153
839851843929	1363.81	736.62	1265.87	712.19	5.1903	5.5103
839851852262	1365.96	738.78	1267.88	712.96	5.1852	5.5061
839851860604	1362.40	737.32	1273.67	711.00	5.1812	5.5036
839851868937	1367.64	734.43	1269.22	713.78	5.1772	5.5022
839851877270	1366.37	732.77	1271.45	717.43	5.1585	5.5082
839851885603	1364.60	739.02	1270.98	716.64	5.1685	5.4929
839851893936	1361.05	734.22	1267.18	719.31	5.1650	5.5062
839851902269	1365.44	728.47	1270.10	714.88	5.1559	5.5002
839851910602	1361.66	739.83	1269.62	716.69	5.1568	5.5092
839851918936	1366.01	734.05	1270.61	708.95	5.1600	5.4927
839851927269	1366.99	732.99	1262.80	710.25	5.1423	5.4837
839851935602	1363.47	737.68	1267.47	711.65	5.1533	5.4790
839851943936	1356.67	730.08	1267.52	709.45	5.1444	5.4851
839851952269	1360.28	731.48	1260.60	708.20	5.1360	5.4840
839851960602	1363.04	733.53	1267.67	709.60	5.1473	5.4861
839851968935	1341.66	710.39	1261.97	708.28	5.1055	5.4787
839851977268	1340.74	713.97	1260.98	708.61	5.1290	5.4930
839851985601	1339.12	714.91	1267.53	707.95	5.1038	5.4737
839851993937	1362.12	735.03	1259.03	709.30	5.1170	5.4820
839852002270	1359.15	726.36	1265.83	707.85	5.1079	5.4640
839852010603	1368.78	731.03	1264.25	708.74	5.1039	5.4561
839852018936	1341.54	715.57	1266.95	705.70	5.0951	5.4718
839852027270	1339.97	717.76	1264.79	706.08	5.0999	5.4651
839852035603	1362.35	738.61	1270.71	701.64	5.1011	5.4621
839852043936	1360.39	739.66	1265.69	711.50	5.1048	5.4781
839852052269	1360.36	732.59	1271.85	707.67	5.0955	5.4612
839852060602	1353.82	726.02	1268.43	710.67	5.1021	5.4820
839852068936	1352.18	720.09	1267.51	728.49	5.1032	5.4928
839852077269	1361.55	724.82	1260.33	754.84	5.0903	5.5249
839852085603	1358.96	737.41	1257.51	746.92	5.0735	5.5007
839852093935	1348.98	733.36	1250.19	796.57	5.0673	5.4590
839852102269	1342.19	884.27	1308.82	990.10	4.7866	4.9749
839852110602	1329.13	1092.19	1051.39	1133.91	4.2091	3.9469
839852118936	1289.68	1221.08	NaN	NaN	2.9362	NaN
839852127273	NaN	NaN	NaN	NaN	NaN	NaN
839852135606	NaN	NaN	NaN	NaN	NaN	NaN
839852143939	NaN	NaN	NaN	NaN	NaN	NaN
839852152273	NaN	NaN	NaN	NaN	NaN	NaN
839852160606	NaN	NaN	1548.99	1426.87	NaN	2.3159
839852168939	NaN	NaN	NaN	NaN	NaN	NaN
839852177273	NaN	NaN	NaN	NaN	NaN	NaN
839852185607	NaN	NaN	NaN	NaN	NaN	NaN
839852193939	NaN	NaN	NaN	NaN	NaN	NaN
839852202272	NaN	NaN	NaN	NaN	NaN	NaN
839852210605	NaN	NaN	NaN	NaN	NaN	NaN
839852218938	NaN	NaN	NaN	NaN	NaN	NaN
839852227272	NaN	NaN	NaN	NaN	NaN	NaN
839852235605	NaN	NaN	NaN	NaN	NaN	NaN
839852243938	NaN	NaN	NaN	NaN	NaN	NaN
839852252277	NaN	NaN	NaN	NaN	NaN	NaN
839852260611	NaN	NaN	NaN	NaN	NaN	NaN
839852268943	NaN	NaN	NaN	NaN	NaN	NaN
839852277277	NaN	NaN	NaN	NaN	NaN	NaN
839852285610	NaN	NaN	NaN	NaN	NaN	NaN
839852293942	NaN	NaN	NaN	NaN	NaN	NaN
839852302276	NaN	NaN	NaN	NaN	NaN	NaN
839852310609	NaN	NaN	1129.63	1349.08	NaN	3.1114
839852318943	NaN	NaN	NaN	NaN	NaN	NaN
839852327276	NaN	NaN	NaN	NaN	NaN	NaN
839852335609	1224.91	1455.23	NaN	NaN	2.1253	NaN
839852343943	NaN	NaN	NaN	NaN	NaN	NaN
839852352276	1294.96	1312.56	1263.57	1716.22	2.5839	1.7083
839852360608	NaN	NaN	NaN	NaN	NaN	NaN
839852368942	1281.41	1255.77	NaN	NaN	2.7605	NaN
839852377267	NaN	NaN	1143.86	1262.10	NaN	3.6703
839852385605	NaN	NaN	NaN	NaN	NaN	NaN
839852393938	1560.39	1219.17	1013.26	1219.30	3.2593	3.8834
839852402280	1348.42	1218.11	NaN	NaN	2.9830	NaN
839852410613	NaN	NaN	1156.08	1251.75	NaN	3.8018
839852418947	1706.38	1282.82	NaN	NaN	3.2218	NaN
839852427280	1624.74	1466.39	NaN	NaN	3.4788	NaN
839852435612	NaN	NaN	NaN	NaN	NaN	NaN
839852443945	NaN	NaN	1322.87	1623.11	NaN	2.3370
839852452279	NaN	NaN	1329.66	1455.32	NaN	2.8011
839852460612	NaN	NaN	NaN	NaN	NaN	NaN
839852468945	NaN	NaN	1488.54	1503.09	NaN	2.0467
839852477279	NaN	NaN	NaN	NaN	NaN	NaN
839852485612	NaN	NaN	NaN	NaN	NaN	NaN
839852493945	NaN	NaN	NaN	NaN	NaN	NaN
839852502279	NaN	NaN	994.51	1212.01	NaN	1.9976
839852510611	NaN	NaN	NaN	NaN	NaN	NaN
839852518948	NaN	NaN	NaN	NaN	NaN	NaN
839852527280	NaN	NaN	NaN	NaN	NaN	NaN
839852535614	NaN	NaN	NaN	NaN	NaN	NaN
839852543947	NaN	NaN	NaN	NaN	NaN	NaN
839852552280	NaN	NaN	1603.32	1437.35	NaN	2.5216
839852560614	NaN	NaN	NaN	NaN	NaN	NaN
839852568948	NaN	NaN	NaN	NaN	NaN	NaN
839852577280	NaN	NaN	NaN	NaN	NaN	NaN
839852585614	NaN	NaN	1284.04	1465.94	NaN	2.9723
839852593948	NaN	NaN	NaN	NaN	NaN	NaN
839852602279	NaN	NaN	NaN	NaN	NaN	NaN
839852610613	NaN	NaN	NaN	NaN	NaN	NaN
839852618947	NaN	NaN	NaN	NaN	NaN	NaN
839852627279	NaN	NaN	1058.15	1125.04	NaN	3.9732
839852635613	NaN	NaN	1221.04	1074.68	NaN	4.4864
839852643947	NaN	NaN	1111.97	1030.99	NaN	4.2462
839852652282	NaN	NaN	1409.89	981.81	NaN	4.6658
839852660616	NaN	NaN	1302.11	950.54	NaN	4.9718
839852668950	NaN	NaN	1305.08	895.65	NaN	5.0834
839852677283	NaN	NaN	1281.44	862.77	NaN	5.2072
839852685615	NaN	NaN	1280.05	853.46	NaN	5.2307
839852693949	NaN	NaN	1264.42	818.66	NaN	5.2473
839852702282	NaN	NaN	1269.38	805.87	NaN	5.2923
839852710615	NaN	NaN	1262.65	796.88	NaN	5.3641
839852718949	1390.16	1160.24	1268.75	786.38	4.8105	5.3809
839852727282	NaN	NaN	1271.99	782.91	NaN	5.3655
839852735615	1336.21	1167.86	1270.39	791.79	4.9624	5.3669
839852743949	NaN	NaN	1272.39	772.56	NaN	5.3842
839852752282	1341.46	1075.24	1274.12	760.59	4.9308	5.3813
839852760614	1339.41	1039.44	1278.07	761.66	4.9632	5.3681
839852768948	1323.62	979.54	1276.47	777.59	4.9202	5.3959
839852777286	1342.57	1014.98	1277.24	754.06	5.0273	5.3769
839852785619	1368.08	983.17	1274.54	748.35	4.9580	5.3962
839852793953	1322.62	962.56	1267.05	742.43	5.0581	5.3765
839852802286	1326.94	933.60	1277.78	753.45	4.9984	5.3755
839852810619	1333.01	925.31	1272.69	742.08	5.0216	5.3709
839852818952	1335.17	970.25	1270.97	749.52	5.0380	5.3537
839852827286	1315.83	993.23	1275.07	750.43	5.0954	5.3132
839852835619	1341.19	998.89	1276.94	756.48	5.1320	5.2874
839852843951	1327.98	967.55	1284.83	759.49	5.0607	5.2227
839852852285	1334.94	978.34	1279.52	770.54	5.1220	5.2809
839852860618	1326.47	936.16	1281.38	758.24	5.0543	5.2894
839852868952	1336.52	924.47	1276.79	763.40	5.0825	5.2631
839852877285	1347.53	936.31	1285.86	762.96	5.1163	5.2332
839852885618	1328.38	932.28	1276.13	775.37	5.0734	5.2479
839852893951	1338.44	950.75	1286.30	776.88	5.0811	5.1733
839852902285	1338.43	934.13	1251.02	832.96	5.1101	5.1655
839852910624	1336.88	925.13	1276.48	793.58	5.0924	5.2096
839852918957	1350.06	960.81	1280.03	804.93	5.1136	5.2072
839852927290	1358.22	908.09	1168.33	792.93	5.0583	4.8568
839852935623	1355.93	885.72	1300.15	792.19	5.0350	5.1568
839852943956	1357.88	898.02	1299.53	772.70	5.0841	5.1449
839852952290	1355.00	879.42	1290.49	790.65	5.0876	5.1736
839852960623	1348.45	866.67	1299.61	801.61	5.0383	5.1593
839852968956	1366.23	853.86	1288.21	781.99	5.1158	5.1613
839852977290	1355.27	860.44	1292.87	806.20	5.1137	5.2092
839852985623	1363.52	844.51	1291.58	776.77	5.1005	5.2185
839852993956	1353.29	853.51	1293.40	780.43	5.0848	5.1467
839853002289	1357.80	842.05	1298.35	793.56	5.0627	5.1178
839853010622	1359.81	869.92	1299.15	782.24	5.1143	5.1494
839853018955	1351.96	845.23	1289.30	785.15	5.0210	5.1427
839853027289	1355.73	844.69	1282.84	811.95	5.0481	5.1945
839853035622	1357.11	848.12	1289.40	766.82	5.0641	5.1440
839853043960	1361.88	837.81	1281.77	768.54	5.0806	5.1709
839853052294	1362.27	846.41	1297.79	825.17	5.0465	5.1642
839853060627	1358.68	830.05	1311.52	800.21	5.0403	5.0802
839853068960	1360.41	836.97	1301.43	782.09	5.0477	5.0898
839853077294	1358.83	829.67	1283.63	772.92	5.0046	5.1269
839853085626	1349.59	842.41	1283.00	781.32	5.0186	5.0781
839853093959	1340.64	870.67	1284.54	820.97	4.9919	5.0919
839853102293	1339.91	841.44	1286.51	814.56	4.9576	5.0627
839853110626	1338.08	863.36	1276.15	791.93	4.9806	5.0481
839853118959	1340.77	848.50	1290.69	797.54	4.9422	5.0263
839853127293	1335.99	869.77	1303.72	833.00	4.9258	4.9989
839853135626	1337.84	860.99	1273.73	1002.45	4.9136	5.2151
839853143959	1345.09	834.90	1242.74	964.00	4.8600	4.7842
839853152293	1338.98	899.64	1275.01	1078.52	4.9202	5.1372
839853160616	1344.89	876.08	1207.25	1055.32	4.9071	5.0604
839853168962	1354.52	862.93	1238.41	1106.75	4.9070	5.1403
839853177296	1344.29	861.18	1263.61	1111.89	4.8699	5.1875
839853185620	1344.07	864.47	1263.63	934.01	4.8775	4.8822
839853193962	1349.65	878.60	1273.91	1121.34	4.9129	5.1890
839853202287	1339.10	864.14	1257.05	1059.34	4.8641	5.0295
839853210629	1345.78	851.31	NaN	NaN	4.8862	NaN
839853218954	1341.18	861.89	1296.10	1083.59	4.8416	4.7726
839853227296	1342.39	899.61	NaN	NaN	4.8298	NaN
839853235629	1338.77	934.95	NaN	NaN	4.7911	NaN
839853243961	1339.85	931.04	NaN	NaN	4.7180	NaN
839853252295	1338.96	932.41	939.99	1111.10	4.7358	3.7874
839853260628	1365.41	1097.84	NaN	NaN	4.8449	NaN
839853268961	1353.92	1232.46	NaN	NaN	4.7492	NaN
839853277295	1591.17	1093.35	NaN	NaN	3.8064	NaN
839853285628	NaN	NaN	NaN	NaN	NaN	NaN
839853293961	NaN	NaN	NaN	NaN	NaN	NaN
839853302300	NaN	NaN	NaN	NaN	NaN	NaN
839853310632	NaN	NaN	NaN	NaN	NaN	NaN
839853318965	NaN	NaN	NaN	NaN	NaN	NaN
839853327299	1332.96	1202.85	NaN	NaN	2.8122	NaN
839853335623	NaN	NaN	NaN	NaN	NaN	NaN
839853343956	NaN	NaN	NaN	NaN	NaN	NaN
839853352290	1520.95	1200.98	NaN	NaN	3.7910	NaN
839853360623	NaN	NaN	NaN	NaN	NaN	NaN
839853368956	NaN	NaN	NaN	NaN	NaN	NaN
839853377298	NaN	NaN	NaN	NaN	NaN	NaN
839853385632	NaN	NaN	NaN	NaN	NaN	NaN
839853393965	NaN	NaN	NaN	NaN	NaN	NaN
839853402297	NaN	NaN	NaN	NaN	NaN	NaN
839853410631	NaN	NaN	NaN	NaN	NaN	NaN
839853418964	NaN	NaN	NaN	NaN	NaN	NaN
839853427297	NaN	NaN	NaN	NaN	NaN	NaN
839853435636	NaN	NaN	NaN	NaN	NaN	NaN
839853443969	NaN	NaN	NaN	NaN	NaN	NaN
839853452302	NaN	NaN	NaN	NaN	NaN	NaN
839853460635	NaN	NaN	NaN	NaN	NaN	NaN
839853468968	NaN	NaN	NaN	NaN	NaN	NaN
839853477302	NaN	NaN	NaN	NaN	NaN	NaN
839853485634	NaN	NaN	NaN	NaN	NaN	NaN
839853493968	NaN	NaN	NaN	NaN	NaN	NaN
839853502294	NaN	NaN	1155.51	1526.76	NaN	1.8402
839853510627	NaN	NaN	NaN	NaN	NaN	NaN
839853518961	NaN	NaN	NaN	NaN	NaN	NaN
839853527294	1324.07	1104.60	1189.58	1028.42	4.9042	4.4041
839853535627	1330.78	862.59	1256.68	898.08	4.7959	4.8591
839853543960	1332.53	827.13	1258.43	848.13	4.9122	5.1245
839853552301	1342.87	765.71	1268.78	789.96	4.9769	5.1993
839853560633	1338.80	733.15	1273.04	752.66	5.0004	5.2919
839853568972	1337.56	702.41	1269.64	714.33	5.0191	5.3363
839853577305	1341.01	692.48	1268.10	702.77	5.0506	5.3840
839853585639	1344.09	686.78	1271.61	686.73	5.0680	5.4048
839853593972	1337.93	690.57	1265.69	692.89	5.0508	5.4474
839853602305	1344.21	713.06	1269.23	684.81	5.0474	5.4369
839853610639	1344.25	730.27	1263.35	694.81	5.0444	5.4676
839853618972	1338.51	712.69	1255.58	719.38	5.0164	5.4596
839853627305	1335.52	721.13	1257.60	730.16	5.0434	5.4326
839853635639	1337.42	731.43	1253.76	752.10	5.0608	5.4590
839853643971	1332.28	727.82	1262.06	733.00	5.0559	5.4318
839853652304	1341.77	718.46	1262.81	727.47	5.0481	5.4373
839853660638	1341.05	730.11	1264.73	726.63	5.0726	5.4398
839853668971	1346.46	738.18	1256.10	738.37	5.0999	5.4690
839853677304	1341.32	715.63	1254.20	752.54	5.0583	5.5115
839853685638	1343.37	735.44	1255.96	747.89	5.1070	5.4957
839853693976	1343.36	719.56	1259.19	761.99	5.0895	5.5299
839853702309	1347.67	736.84	1253.07	759.28	5.1335	5.5149
839853710643	1339.97	715.34	1258.62	748.23	5.0905	5.4980
839853718975	1343.88	720.11	1254.23	750.01	5.1083	5.5043
839853727308	1345.65	718.50	1257.64	760.52	5.1091	5.5300
839853735642	1340.49	711.76	1254.41	765.88	5.1048	5.5421
839853743975	1342.16	710.72	1260.60	752.62	5.0962	5.5300
839853752308	1344.34	726.47	1254.39	760.67	5.1332	5.5345
839853760641	1341.99	711.52	1258.81	757.91	5.1101	5.5382
839853768975	1341.36	720.92	1256.99	761.25	5.1126	5.5343
839853777308	1340.74	724.43	1254.55	762.86	5.1264	5.5291
839853785642	1338.59	727.57	1256.90	769.15	5.1537	5.5486
839853793975	1344.44	730.24	1260.47	759.65	5.1510	5.5283
839853802307	1340.62	724.72	1262.65	757.68	5.1466	5.5269
839853810641	1352.14	737.60	1258.06	758.82	5.1819	5.5294
839853818974	1344.75	719.86	1262.86	745.70	5.1366	5.5129
839853827312	1355.49	728.20	1262.58	760.08	5.1696	5.5218
839853835646	1354.05	724.60	1262.12	753.02	5.1474	5.5114
839853843979	1356.50	725.50	1264.19	753.81	5.1530	5.5220
839853852312	1351.43	727.39	1268.25	759.83	5.1506	5.5249
839853860645	1355.60	745.57	1258.60	757.33	5.1806	5.5081
839853868979	1356.66	725.92	1259.80	749.82	5.1576	5.5012
839853877312	1354.12	738.85	1259.81	761.88	5.1769	5.5307
839853885645	1355.21	733.76	1260.34	760.43	5.1626	5.5285
839853893978	1352.66	730.91	1261.18	757.89	5.1623	5.5246
839853902311	1354.21	736.95	1260.64	760.63	5.1691	5.5098
839853910644	1351.24	718.18	1261.81	757.08	5.1444	5.5045
839853918977	1350.47	717.19	1256.70	760.77	5.1166	5.5158
839853927311	1343.51	720.03	1260.65	773.37	5.1247	5.5431
839853935644	1341.44	730.21	1260.87	771.35	5.1527	5.5175
839853943978	1347.76	717.18	1257.77	767.58	5.1168	5.5192
839853952311	1347.84	713.76	1262.70	764.72	5.1092	5.5084
839853960647	1344.93	712.87	1258.44	759.11	5.0997	5.4978
839853968981	1338.42	718.33	1254.36	764.99	5.0965	5.5097
839853977314	1341.81	719.66	1255.92	757.88	5.1052	5.4913
839853985647	1341.37	718.78	1256.98	752.84	5.1049	5.4759
839853993981	1337.99	721.52	1259.70	749.81	5.0775	5.4648
839854002314	1351.19	715.01	1264.18	751.75	5.0736	5.4779
839854010647	1358.55	720.71	1268.22	756.95	5.0785	5.4699
839854018980	1353.49	720.27	1260.36	743.61	5.0759	5.4573
839854027314	1364.76	730.59	1261.17	749.77	5.0842	5.4576
839854035647	1362.25	733.84	1270.96	732.56	5.0772	5.4136
839854043979	1357.92	729.38	1270.69	725.25	5.0741	5.4121
839854052313	1358.32	723.72	1276.29	723.53	5.0585	5.3937
839854060646	1362.74	716.24	1275.77	719.40	5.0408	5.3808
839854068979	1363.52	720.20	1274.02	723.84	5.0494	5.3897
839854077313	1364.03	717.59	1276.01	718.41	5.0449	5.3616
839854085646	1356.98	713.21	1274.94	716.40	5.0093	5.3581
839854093984	1353.19	716.09	1272.22	718.19	5.0222	5.3687
839854102318	1350.49	718.62	1267.90	715.32	5.0168	5.3604
839854110651	1348.01	723.73	1272.39	709.35	5.0188	5.3428
839854118984	1344.12	720.78	1270.92	718.91	5.0071	5.3490
839854127317	1348.18	716.63	1273.46	713.41	4.9936	5.3225
839854135650	1347.62	712.96	1275.47	716.88	4.9842	5.3357
839854143983	1353.78	721.56	1275.25	712.03	4.9969	5.3204
839854152317	1354.45	721.41	1270.92	712.42	4.9801	5.3161
839854160650	1350.46	721.29	1270.38	716.44	4.9537	5.3220
839854168983	1359.30	722.99	1268.57	718.91	4.9597	5.3176
839854177316	1356.33	733.09	1264.00	711.04	4.9770	5.3133
839854185650	1365.91	725.06	1268.29	711.00	4.9421	5.2961
839854193984	1366.46	736.37	1267.08	713.48	4.9551	5.2906
839854202316	1365.95	737.69	1262.86	712.45	4.9440	5.3004
839854210649	1366.73	740.81	1258.62	718.96	4.9340	5.2868
839854218987	1364.45	741.99	1266.25	721.59	4.9349	5.2872
839854227319	1364.32	746.41	1261.59	727.38	4.9484	5.2942
839854235653	1358.60	745.87	1260.98	728.14	4.9316	5.2816
839854243986	1360.03	748.92	1261.10	731.63	4.9372	5.2790
839854252319	1367.67	743.33	1264.02	729.47	4.9149	5.2673
839854260653	1362.10	749.92	1267.43	724.28	4.9269	5.2689
839854268987	1357.74	756.05	1266.15	723.05	4.9436	5.2655
839854277319	1363.30	740.79	1268.14	720.73	4.9066	5.2613
839854285652	1361.38	740.77	1266.46	719.93	4.9114	5.2674
839854293985	1360.50	740.70	1266.98	718.28	4.8981	5.2691
839854302319	1359.46	746.81	1272.91	720.85	4.9118	5.2677
839854310652	1366.39	759.74	1271.10	721.17	4.9226	5.2616
839854318985	1361.67	751.42	1275.50	723.79	4.8952	5.2549
839854327318	1362.31	759.21	1274.93	726.05	4.8866	5.2585
839854335652	1360.32	749.38	1273.82	729.86	4.8847	5.2523
839854343985	1359.09	749.97	1278.15	728.45	4.8965	5.2532
839854352325	1361.36	756.67	1277.89	726.51	4.9183	5.2311
839854360658	1356.56	745.53	1279.70	725.55	4.9041	5.2536
839854368992	1353.97	746.89	1280.31	719.59	4.8932	5.2367
839854377324	1352.70	744.50	1275.34	730.15	4.8855	5.2464
839854385658	1354.60	750.37	1278.50	730.25	4.9029	5.2451
839854393992	1358.36	750.27	1277.69	730.14	4.9047	5.2543
839854402324	1364.72	744.41	1275.23	727.45	4.8999	5.2529
839854410658	1358.37	744.12	1274.83	731.11	4.8963	5.2742
839854418991	1358.20	746.76	1279.23	728.19	4.8956	5.2614
839854427324	1360.58	739.98	1275.53	726.32	4.8892	5.2476
839854435658	1358.82	749.19	1279.40	731.90	4.9340	5.2564
839854443990	1357.05	741.19	1276.79	728.37	4.9140	5.2648
839854452323	1361.01	746.98	1282.40	729.33	4.9079	5.2668
839854460657	1364.57	749.14	1285.55	732.64	4.9165	5.2826
839854468990	1362.75	751.63	1280.90	727.18	4.9170	5.2626
839854477324	1355.97	751.46	1285.70	722.78	4.9347	5.2733
839854485661	1360.45	744.60	1282.81	725.12	4.9154	5.2848
839854493994	1353.25	747.52	1276.04	720.01	4.9272	5.2930
839854502327	1352.80	756.40	1285.53	724.54	4.9496	5.2899
839854510661	1355.07	747.07	1281.31	718.26	4.9428	5.3022
839854518993	1348.68	744.85	1284.04	717.55	4.9288	5.3091
839854527327	1353.96	751.56	1280.71	719.05	4.9471	5.3253
839854535660	1352.87	757.66	1273.99	720.01	4.9578	5.3359
839854543993	1351.49	753.46	1278.77	719.11	4.9628	5.3335
839854552327	1353.36	753.01	1282.59	719.64	4.9577	5.3282
839854560660	1350.90	749.59	1279.65	722.44	4.9601	5.3325
839854568993	1348.92	755.63	1278.08	722.70	4.9575	5.3367
839854577326	1355.29	748.84	1282.28	725.47	4.9828	5.3398
839854585660	1357.59	734.54	1274.82	723.14	4.9639	5.3559
839854593993	1353.58	737.64	1278.49	723.74	4.9899	5.3661
839854602326	1361.75	729.48	1276.23	728.80	4.9912	5.3547
839854610662	1359.28	736.21	1276.22	722.78	5.0083	5.3694
839854618995	1357.74	735.17	1274.00	720.36	4.9950	5.3695
839854627329	1350.21	736.96	1274.55	721.02	4.9980	5.3846
839854635662	1355.80	731.60	1273.28	714.97	5.0042	5.3962
839854643995	1356.28	731.84	1274.52	715.42	5.0112	5.3936
839854652329	1360.19	734.59	1273.26	718.81	5.0218	5.4070
839854660661	1359.33	742.05	1270.72	716.27	5.0285	5.4010
839854668995	1355.57	745.72	1272.97	715.94	5.0392	5.4035
839854677327	1356.08	733.18	1274.27	715.63	5.0270	5.4147
839854685661	1357.26	750.05	1269.45	724.25	5.0268	5.4217
839854693994	1359.95	748.93	1272.22	724.56	5.0360	5.4212
839854702328	1384.63	755.55	1292.47	725.15	5.0484	5.4092
839854710660	1377.48	746.75	1289.76	720.61	5.0350	5.4369
839854718994	1369.70	741.45	1284.47	720.75	5.0582	5.4334
839854727328	1369.39	742.40	1285.47	721.22	5.0499	5.4238
839854735660	1368.37	738.13	1284.80	725.01	5.0535	5.4438
839854744002	1367.33	743.97	1286.28	725.21	5.0534	5.4525
839854752335	1369.93	742.41	1291.25	723.30	5.0514	5.4474
839854760667	1373.09	734.82	1286.32	723.21	5.0376	5.4644
839854769001	1372.08	744.27	1289.85	718.24	5.0461	5.4568
839854777334	1376.12	733.01	1285.32	724.15	5.0600	5.4700
839854785668	1373.40	732.13	1285.65	721.33	5.0488	5.4570
839854794001	1373.92	736.52	1285.62	720.81	5.0544	5.4748
839854802335	1375.63	734.93	1290.13	721.76	5.0579	5.4714
839854810667	1373.49	746.07	1286.30	718.71	5.0965	5.4840
839854819001	1372.97	744.61	1288.48	725.37	5.0690	5.4877
839854827335	1371.88	738.03	1287.08	723.77	5.0565	5.4889
839854835667	1376.61	748.50	1289.60	723.11	5.0598	5.4919
839854844000	1378.06	751.06	1292.26	722.79	5.0651	5.4861
839854852333	1372.26	752.20	1288.92	722.59	5.0813	5.4823
839854860666	1353.86	743.63	1275.32	719.56	5.0558	5.5015
839854869000	1361.53	748.22	1275.26	722.29	5.0643	5.4978
839854877336	1365.06	746.32	1277.82	718.39	5.0695	5.5080
839854885670	1366.94	735.40	1277.61	715.33	5.0692	5.4988
839854894003	1363.12	747.89	1278.05	716.06	5.0804	5.5094
839854902336	1360.56	745.89	1275.41	715.48	5.0715	5.5046
839854910670	1359.63	740.56	1272.25	718.73	5.0728	5.5050
839854919002	1355.34	739.48	1271.91	720.60	5.0662	5.5208
839854927335	1353.85	740.74	1277.41	720.00	5.0654	5.5149
839854935669	1353.99	745.05	1271.26	721.52	5.0647	5.5185
839854944002	1351.51	744.71	1271.77	720.17	5.0791	5.5163
839854952336	1354.49	740.24	1272.26	719.57	5.0645	5.5175
839854960669	1356.24	747.48	1273.40	724.86	5.0907	5.5148
839854969002	1351.35	751.27	1274.49	723.56	5.0783	5.5156
839854977336	1353.96	751.35	1269.80	725.42	5.0872	5.5258
839854985669	1354.97	743.06	1269.36	723.31	5.0710	5.5229
839854994002	1360.06	750.98	1266.88	725.21	5.0935	5.5258
839855002334	1354.60	738.12	1274.50	724.56	5.0552	5.5145
839855010671	1357.16	743.70	1268.38	719.44	5.0775	5.5268
839855019005	1355.86	735.61	1269.99	718.40	5.0662	5.5179
839855027338	1356.76	742.40	1269.86	718.03	5.0765	5.5207
839855035672	1354.07	732.92	1267.21	720.02	5.0730	5.5284
839855044005	1358.06	740.21	1267.82	719.51	5.0756	5.5349
839855052338	1358.83	733.98	1269.22	719.22	5.0724	5.5219
839855060672	1353.25	738.84	1268.47	718.45	5.0622	5.5267
839855069005	1356.66	746.10	1268.67	718.16	5.0784	5.5179
839855077337	1358.41	745.16	1267.65	718.63	5.0780	5.5275
839855085671	1357.12	739.14	1268.36	719.25	5.0826	5.5422
839855094004	1351.45	747.85	1267.01	719.13	5.0763	5.5386
839855102337	1359.34	745.65	1267.15	720.58	5.0793	5.5258
839855110671	1358.68	744.18	1266.24	715.70	5.0738	5.5270
839855119004	1357.87	747.94	1267.09	714.19	5.0852	5.5378
839855127337	1357.81	737.35	1259.84	714.66	5.0569	5.5378
839855135673	1353.48	741.06	1266.11	718.68	5.0688	5.5364
839855144007	1356.81	742.03	1265.13	714.98	5.0759	5.5294
839855152340	1353.32	744.96	1266.13	716.86	5.0825	5.5357
839855160673	1353.01	745.82	1263.92	713.38	5.0929	5.5360
839855169006	1355.92	747.56	1263.04	716.60	5.0827	5.5356
839855177339	1351.98	746.69	1262.58	713.08	5.0781	5.5466
839855185673	1348.83	749.02	1267.46	715.63	5.0880	5.5343
839855194006	1345.92	749.53	1265.47	709.71	5.0760	5.5424
839855202339	1346.54	746.87	1269.45	714.04	5.0806	5.5424
839855210673	1353.58	748.54	1271.82	712.68	5.0822	5.5402
839855219006	1354.22	749.44	1276.71	716.69	5.0748	5.5336
839855227339	1358.64	756.17	1273.51	717.57	5.0910	5.5472
839855235672	1357.47	753.71	1272.43	719.31	5.0891	5.5413
839855244005	1364.81	746.95	1280.32	721.27	5.0829	5.5371
839855252338	1359.94	750.49	1274.99	715.98	5.0834	5.5458
839855260671	1357.96	752.64	1276.40	716.23	5.0863	5.5493
839855269009	1356.71	753.33	1272.30	716.98	5.0877	5.5377
839855277342	1363.83	747.72	1274.15	718.97	5.1001	5.5444
839855285676	1360.02	754.82	1272.42	717.86	5.0972	5.5453
839855294009	1356.26	744.46	1269.58	713.98	5.0875	5.5455
839855302342	1354.93	755.30	1268.64	717.38	5.1009	5.5429
839855310676	1355.61	748.00	1267.68	717.30	5.0994	5.5382
839855319008	1356.06	747.49	1267.43	716.20	5.0812	5.5389
839855327341	1363.27	755.98	1269.43	716.86	5.0815	5.5311
839855335675	1357.34	755.24	1274.14	715.22	5.0867	5.5280
839855344007	1363.08	766.21	1271.30	718.79	5.0993	5.5436
839855352341	1363.73	770.28	1274.21	715.37	5.1058	5.5323
839855360675	1362.92	761.32	1271.62	714.27	5.0899	5.5335
839855369008	1367.85	765.16	1276.80	717.38	5.1073	5.5466
839855377341	1364.56	761.89	1270.00	716.45	5.0875	5.5351
839855385674	1365.40	760.02	1274.06	715.26	5.0728	5.5382
839855394008	1365.24	762.28	1269.00	716.11	5.0787	5.5446
839855402347	1366.03	765.06	1269.05	720.50	5.0915	5.5358
839855410680	1363.01	763.66	1267.51	717.21	5.0877	5.5299
839855419014	1364.19	761.62	1271.13	717.31	5.0680	5.5264
839855427347	1362.01	768.60	1262.23	722.88	5.0834	5.5349
839855435681	1359.08	769.87	1269.17	717.80	5.0694	5.5250
839855444014	1361.28	766.26	1275.09	719.31	5.0746	5.5356
839855452347	1356.81	764.08	1270.96	725.28	5.0738	5.5290
839855460680	1351.04	763.01	1272.85	726.74	5.0726	5.5355
839855469013	1356.74	764.29	1268.76	723.13	5.0765	5.5173
839855477346	1359.44	764.47	1270.42	726.90	5.0795	5.5316
839855485680	1351.31	763.70	1272.02	725.03	5.0612	5.5175
839855494013	1349.81	763.49	1273.30	732.30	5.0520	5.5270
839855502346	1352.07	765.14	1274.60	729.57	5.0660	5.5176
839855510680	1357.49	763.55	1271.59	729.02	5.0662	5.5325
839855519013	1360.69	762.18	1271.99	729.70	5.0551	5.5245
839855527346	1353.39	764.25	1268.12	723.91	5.0526	5.5195
839855535684	1358.49	757.80	1269.71	725.22	5.0430	5.5139
839855544018	1357.10	763.65	1270.31	722.06	5.0528	5.5144
839855552351	1357.73	765.00	1269.24	727.10	5.0420	5.5028
839855560683	1354.77	758.61	1269.05	726.12	5.0470	5.5225
839855569017	1354.60	761.05	1268.76	726.29	5.0272	5.5114
839855577350	1354.60	759.55	1263.90	727.53	5.0453	5.5164
839855585683	1362.49	760.49	1265.71	728.98	5.0336	5.5138
839855594017	1358.57	759.58	1264.44	727.48	5.0215	5.4966
839855602350	1358.29	759.90	1265.16	727.99	5.0314	5.5010
839855610683	1354.59	758.84	1263.44	729.07	5.0417	5.5085
839855619017	1356.63	756.02	1264.69	726.97	5.0448	5.4978
839855627350	1348.62	750.35	1262.86	732.77	5.0313	5.5013
839855635682	1356.60	753.63	1263.60	732.65	5.0442	5.4992
839855644016	1352.37	749.05	1263.28	729.15	5.0164	5.4940
839855652349	1352.25	753.79	1266.16	730.17	5.0442	5.4944
839855660687	1357.66	756.57	1261.88	728.36	5.0304	5.5008
839855669021	1358.95	751.02	1263.80	731.57	5.0308	5.4899
839855677354	1349.14	755.01	1264.74	729.31	5.0160	5.4871
839855685687	1355.85	751.64	1261.57	727.89	5.0322	5.4902
839855694021	1351.07	750.10	1266.43	730.06	5.0421	5.4752
839855702354	1352.49	756.06	1259.31	733.33	5.0297	5.4966
839855710687	1349.52	748.35	1258.16	734.35	5.0156	5.4846
839855719020	1354.07	752.35	1263.25	736.31	5.0257	5.4803
839855727353	1352.38	757.00	1261.55	730.77	5.0238	5.4870
839855735686	1351.10	748.65	1258.63	732.03	5.0045	5.4907
839855744020	1347.96	748.15	1256.76	731.54	5.0380	5.4770
839855752353	1350.72	749.03	1260.73	729.88	5.0211	5.4767
839855760686	1356.55	748.09	1257.03	731.55	5.0312	5.4785
839855769019	1357.44	758.31	1260.46	733.27	5.0305	5.4792
839855777353	1354.28	751.78	1260.10	731.03	5.0274	5.4749
839855785686	1355.67	747.20	1260.26	729.93	5.0325	5.4788
839855794021	1354.67	746.02	1261.73	731.15	5.0089	5.4687
839855802353	1352.68	749.87	1258.50	727.17	5.0241	5.4747
839855810687	1355.61	753.00	1260.79	730.48	5.0347	5.4795
839855819021	1352.70	748.92	1261.80	726.88	5.0185	5.4653
839855827353	1352.87	747.99	1261.18	725.75	5.0203	5.4762
839855835687	1351.30	744.21	1257.61	730.10	5.0109	5.4680
839855844020	1356.54	749.55	1258.32	731.72	5.0210	5.4722
839855852353	1348.94	753.01	1260.03	728.55	5.0216	5.4654
839855860687	1351.79	749.52	1263.71	733.11	5.0115	5.4781
839855869020	1352.91	745.94	1261.19	732.95	5.0161	5.4626
839855877353	1356.79	760.38	1259.45	733.71	5.0244	5.4791
839855885686	1349.98	756.34	1262.33	731.66	5.0108	5.4640
839855894019	1349.40	747.50	1262.42	728.12	5.0022	5.4717
839855902352	1357.32	759.28	1263.70	730.04	5.0241	5.4608
839855910686	1352.56	754.51	1264.12	730.52	5.0134	5.4729
839855919019	1353.11	749.72	1262.40	726.71	4.9986	5.4787
839855927359	1350.34	757.31	1265.17	729.38	5.0152	5.4709
839855935693	1351.81	748.63	1266.81	728.15	5.0044	5.4688
839855944026	1347.17	749.67	1268.28	730.41	5.0088	5.4709
839855952359	1347.83	753.05	1266.78	730.58	5.0297	5.4662
839855960692	1347.55	749.78	1269.90	725.72	5.0227	5.4564
839855969025	1353.11	760.07	1270.34	726.73	5.0178	5.4662
839855977358	1348.83	758.11	1266.71	724.50	5.0202	5.4654
839855985692	1347.95	750.92	1269.13	722.95	5.0033	5.4683
839855994025	1347.44	759.50	1268.50	723.07	5.0200	5.4671
839856002359	1350.69	750.26	1269.65	724.37	5.0238	5.4616
839856010692	1350.05	755.67	1265.40	725.52	5.0200	5.4529
839856019025	1346.03	748.10	1262.10	730.11	5.0205	5.4613
839856027358	1349.11	745.14	1264.52	728.51	5.0112	5.4562
839856035691	1347.28	755.48	1267.13	726.18	5.0304	5.4593
839856044025	1347.05	745.90	1267.37	726.27	5.0182	5.4520
839856052357	1352.14	753.98	1265.98	729.31	5.0351	5.4631
839856060696	1346.79	763.05	1263.11	731.28	5.0517	5.4720
839856069029	1342.48	753.62	1264.49	726.04	5.0453	5.4586
839856077362	1345.33	745.29	1264.52	727.79	5.0344	5.4592
839856085696	1343.26	755.64	1264.07	729.03	5.0461	5.4590
839856094029	1344.17	755.51	1264.53	725.79	5.0612	5.4666
839856102362	1344.42	750.17	1264.71	725.90	5.0496	5.4742
839856110695	1346.01	745.16	1267.88	729.82	5.0558	5.4721
839856119028	1338.06	748.02	1265.77	722.49	5.0507	5.4770
839856127362	1345.68	749.01	1271.24	727.50	5.0633	5.4680
839856135694	1340.52	743.18	1267.46	725.05	5.0423	5.4652
839856144028	1344.28	748.18	1273.83	725.78	5.0576	5.4662
839856152361	1345.74	744.98	1268.31	726.60	5.0618	5.4724
839856160694	1348.97	751.56	1275.08	723.41	5.0562	5.4791
839856169028	1345.72	749.05	1274.42	722.74	5.0646	5.4814
839856177361	1344.18	756.98	1271.75	720.65	5.0806	5.4743
839856185698	1346.20	745.68	1277.19	720.77	5.0849	5.4911
839856194031	1344.64	744.82	1274.76	725.31	5.0742	5.4879
839856202364	1346.31	753.11	1275.79	719.96	5.0977	5.4919
839856210698	1354.29	752.58	1278.08	720.27	5.1049	5.4913
839856219031	1345.44	748.29	1278.29	724.86	5.0864	5.4918
839856227364	1347.08	756.93	1272.17	723.01	5.1029	5.4987
839856235697	1351.27	746.99	1278.25	719.20	5.1040	5.4964
839856244031	1349.01	750.48	1278.01	720.30	5.1063	5.5074
839856252365	1349.22	742.20	1275.26	723.25	5.1008	5.5095
839856260698	1342.58	752.43	1276.54	721.59	5.1034	5.4973
839856269031	1348.34	757.30	1275.24	720.94	5.1200	5.5209
839856277363	1346.94	755.08	1278.17	721.51	5.1185	5.5124
839856285696	1350.25	756.07	1276.92	720.73	5.1163	5.5023
839856294030	1346.95	751.44	1277.35	726.06	5.1161	5.5325
839856302363	1345.88	745.02	1278.38	723.80	5.1235	5.5219
839856310696	1343.80	752.03	1278.29	724.76	5.1264	5.5184
839856319036	1350.92	751.54	1281.93	722.45	5.1134	5.5227
839856327369	1347.54	757.90	1278.45	724.49	5.1215	5.5198
839856335703	1350.71	751.50	1277.36	723.61	5.1386	5.5406
839856344036	1346.66	756.33	1279.73	724.57	5.1423	5.5362
839856352369	1347.99	754.06	1279.80	721.92	5.1248	5.5280
839856360701	1353.90	746.73	1273.39	721.79	5.1085	5.5468
839856369035	1348.73	752.92	1274.43	720.75	5.1275	5.5281
839856377369	1346.77	747.95	1282.53	722.05	5.1240	5.5326
839856385701	1351.10	755.45	1274.13	727.58	5.1318	5.5311
839856394035	1352.79	749.31	1274.13	723.79	5.1169	5.5417
839856402368	1348.84	754.68	1277.90	724.48	5.1197	5.5465
839856410701	1351.36	741.27	1276.02	722.07	5.1163	5.5378
839856419035	1355.41	742.51	1276.08	724.51	5.1195	5.5429
839856427368	1352.17	749.39	1271.77	726.26	5.1217	5.5568
839856435700	1350.47	749.95	1277.60	725.58	5.1185	5.5368
839856444034	1353.96	750.23	1278.70	727.65	5.1160	5.5372
839856452371	1356.87	749.80	1273.48	724.10	5.1188	5.5352
839856460705	1351.75	748.81	1276.83	727.85	5.1170	5.5338
839856469038	1350.78	749.07	1274.30	726.83	5.1256	5.5352
839856477371	1356.83	744.48	1274.58	724.82	5.1080	5.5285
839856485704	1359.56	748.48	1278.02	724.74	5.1167	5.5166
839856494038	1359.27	746.10	1277.61	723.81	5.1076	5.5433
839856502372	1357.77	750.45	1277.02	725.70	5.1163	5.5421
839856510704	1357.00	747.62	1276.93	726.23	5.1362	5.5316
839856519037	1352.92	745.45	1274.93	727.87	5.1145	5.5268
839856527370	1353.72	750.90	1277.79	725.45	5.1208	5.5291
839856535703	1360.39	741.73	1274.23	725.55	5.1137	5.5268
839856544037	1361.29	739.79	1279.43	723.73	5.1144	5.5142
839856552370	1356.96	742.61	1281.12	724.53	5.1167	5.5090
839856560703	1356.29	747.17	1277.12	730.46	5.1386	5.5130
839856569037	1354.66	746.43	1284.48	724.58	5.1313	5.5082
839856577374	1358.55	747.19	1283.87	727.38	5.1186	5.5032
839856585708	1358.89	744.58	1285.20	724.91	5.1085	5.5015
839856594040	1356.17	745.48	1277.07	729.30	5.1156	5.4994
839856602373	1360.56	747.18	1278.48	726.16	5.1288	5.5002
839856610706	1365.10	739.52	1283.73	731.86	5.1217	5.4816
839856619040	1360.11	752.71	1279.21	730.32	5.1335	5.4991
839856627373	1357.54	741.19	1281.57	734.52	5.1209	5.4919
839856635706	1360.46	750.82	1289.92	741.50	5.1099	5.4820
839856644040	1359.21	751.15	1284.08	739.05	5.1224	5.4688
839856652373	1364.65	745.22	1289.01	738.56	5.1235	5.4694
839856660706	1365.58	749.42	1284.48	739.24	5.1198	5.4574
839856669040	1366.65	741.25	1285.54	736.25	5.1138	5.4620
839856677372	1369.19	747.48	1280.45	738.37	5.1198	5.4584
839856685705	1363.40	738.93	1283.99	739.73	5.1099	5.4588
839856694039	1365.68	747.91	1278.71	740.48	5.1183	5.4550
839856702372	1367.05	747.64	1279.22	735.07	5.1087	5.4467
839856710708	1367.46	735.36	1281.76	733.88	5.1129	5.4543
839856719041	1368.39	736.13	1281.12	735.36	5.1136	5.4549
839856727374	1370.82	738.92	1281.82	737.76	5.1213	5.4546
839856735707	1366.46	744.95	1277.67	740.13	5.1257	5.4468
839856744041	1366.23	746.41	1279.93	736.23	5.1383	5.4497
839856752373	1370.16	739.64	1281.96	736.75	5.1186	5.4431
839856760706	1366.62	740.65	1278.75	737.79	5.1192	5.4467
839856769039	1363.40	737.14	1283.12	732.66	5.1120	5.4477
839856777373	1369.63	743.44	1282.01	737.96	5.1338	5.4413
839856785706	1368.51	740.20	1283.54	741.82	5.1096	5.4436
839856794039	1368.59	743.90	1284.21	738.88	5.1071	5.4534
839856802373	1365.81	742.71	1290.86	737.04	5.1153	5.4356
839856810706	1370.12	734.30	1285.99	742.92	5.1018	5.4324
839856819040	1372.49	743.37	1286.53	738.70	5.1159	5.4319
839856827373	1373.79	743.93	1290.05	736.81	5.1310	5.4236
839856835705	1374.88	738.84	1290.78	739.97	5.1048	5.4358
839856844046	1373.74	744.64	1285.67	735.97	5.1109	5.4350
839856852380	1378.41	740.81	1286.40	741.74	5.1007	5.4362
839856860713	1373.73	745.64	1286.85	738.06	5.1045	5.4306
839856869046	1375.67	748.74	1284.47	740.04	5.0972	5.4272
839856877380	1372.14	740.49	1287.57	740.62	5.0851	5.4308
839856885713	1371.57	738.78	1286.57	745.18	5.0963	5.4243
839856894046	1373.17	739.30	1290.78	737.64	5.0924	5.4144
839856902380	1371.86	737.82	1289.48	743.36	5.0784	5.4281
839856910713	1374.77	745.87	1290.24	746.28	5.0866	5.4237
839856919045	1374.12	732.00	1289.98	743.00	5.0779	5.4261
839856927379	1376.95	737.62	1289.66	745.73	5.0774	5.4192
839856935712	1372.50	744.37	1288.08	740.63	5.0754	5.4179
839856944045	1371.43	743.52	1287.38	745.33	5.0717	5.4169
839856952379	1381.05	744.35	1286.51	745.98	5.0899	5.4194
839856960712	1374.80	744.30	1286.13	741.58	5.0786	5.4120
839856969045	1373.88	740.52	1288.89	744.40	5.0683	5.4082
839856977384	1377.58	738.42	1287.91	745.42	5.0591	5.4086
839856985717	1374.73	742.56	1282.32	742.91	5.0802	5.4092
839856994049	1374.16	737.19	1288.81	749.63	5.0722	5.4155
839857002383	1375.24	742.52	1288.99	745.06	5.0697	5.4210
839857010716	1373.61	737.62	1289.74	744.03	5.0648	5.4125
839857019049	1377.70	740.31	1288.26	743.30	5.0634	5.4097
839857027383	1376.58	735.98	1286.60	743.91	5.0588	5.4120
839857035716	1376.65	748.83	1290.30	742.91	5.0730	5.4109
839857044049	1375.92	742.17	1288.04	744.63	5.0749	5.4059
839857052383	1372.67	738.76	1285.68	740.14	5.0642	5.4195
839857060716	1379.77	742.89	1286.82	743.51	5.0689	5.4034
839857069049	1377.90	744.45	1285.42	745.78	5.0884	5.4099
839857077382	1373.28	742.97	1284.12	748.07	5.0678	5.4195
839857085715	1378.86	744.18	1285.33	745.73	5.0835	5.4157
839857094048	1378.12	741.63	1287.56	746.13	5.0858	5.4108
839857102386	1380.25	748.18	1285.87	746.58	5.1042	5.4236
839857110719	1378.58	745.40	1289.17	746.83	5.0938	5.4081
839857119052	1378.80	737.49	1285.15	748.05	5.0845	5.4213
839857127386	1382.08	745.70	1285.68	747.13	5.0923	5.4131
839857135719	1376.14	741.78	1290.91	747.81	5.0922	5.4341
839857144052	1373.66	743.55	1283.82	749.56	5.0914	5.4165
839857152385	1380.39	740.66	1283.75	748.51	5.1048	5.4192
839857160718	1378.30	739.46	1288.88	747.51	5.1075	5.4189
839857169051	1379.86	739.60	1286.61	751.00	5.1151	5.4161
839857177385	1381.62	744.60	1284.84	747.55	5.1091	5.4218
839857185718	1374.13	740.70	1290.69	743.75	5.1224	5.4278
839857194051	1374.93	741.64	1285.30	747.19	5.1263	5.4425
839857202385	1375.17	744.32	1284.12	749.74	5.1167	5.4298
839857210718	1375.45	745.84	1285.92	747.11	5.1396	5.4422
839857219051	1378.37	739.89	1288.07	750.12	5.1292	5.4564
839857227384	1381.09	741.91	1287.58	749.91	5.1494	5.4313
839857235724	1374.24	739.89	1287.86	744.84	5.1196	5.4536
839857244057	1374.04	743.50	1289.49	749.02	5.1509	5.4542
839857252391	1374.88	743.55	1286.17	747.85	5.1509	5.4494
839857260724	1372.53	738.25	1290.86	751.44	5.1395	5.4511
839857269057	1376.10	747.34	1286.41	750.89	5.1581	5.4522
839857277391	1376.29	745.63	1287.50	750.71	5.1484	5.4399
839857285724	1381.00	744.90	1290.85	749.03	5.1512	5.4499
839857294057	1380.61	740.62	1290.68	745.74	5.1394	5.4519
839857302391	1379.46	740.26	1284.06	752.25	5.1438	5.4516
839857310724	1386.41	738.78	1293.63	752.78	5.1561	5.4548
839857319056	1384.59	740.62	1287.51	752.53	5.1479	5.4648
839857327389	1379.86	744.11	1285.78	751.80	5.1539	5.4654
839857335723	1378.34	741.85	1288.90	749.51	5.1538	5.4463
839857344056	1385.77	749.89	1291.82	748.13	5.1532	5.4543
839857352390	1382.24	746.79	1287.94	750.19	5.1692	5.4651
839857360723	1376.11	742.78	1288.90	752.07	5.1577	5.4763
839857369059	1382.31	746.07	1284.21	748.55	5.1619	5.4826
839857377392	1379.49	745.33	1285.87	741.60	5.1436	5.4866
839857385726	1373.25	743.82	1282.89	743.08	5.1570	5.4699
839857394058	1376.56	742.40	1284.15	739.71	5.1572	5.4855
839857402392	1378.58	740.68	1282.49	744.27	5.1687	5.4736
839857410725	1373.55	743.94	1279.43	741.51	5.1575	5.4771
839857419058	1377.24	736.37	1281.12	741.14	5.1473	5.4883
839857427391	1372.57	742.71	1280.10	739.75	5.1609	5.4847
839857435725	1371.02	741.23	1280.78	737.48	5.1642	5.4846
839857444058	1371.13	739.41	1287.26	734.91	5.1585	5.4903
839857452392	1371.08	739.68	1279.54	739.55	5.1583	5.4863
839857460725	1372.95	738.88	1280.39	739.73	5.1598	5.4944
839857469058	1369.44	741.47	1283.46	740.69	5.1608	5.4958
839857477390	1369.80	737.85	1286.06	732.26	5.1606	5.4892
839857485724	1375.65	727.84	1286.09	738.22	5.1587	5.4938
839857494058	1371.38	733.61	1290.78	734.58	5.1601	5.5004
839857502395	1368.58	733.17	1281.06	741.42	5.1652	5.5023
839857510729	1368.46	724.89	1288.98	739.54	5.1548	5.5134
839857519062	1370.05	730.82	1293.87	740.41	5.1735	5.5007
839857527395	1370.80	731.23	1288.68	737.76	5.1668	5.5088
839857535729	1364.89	728.39	1293.69	740.99	5.1683	5.4932
839857544062	1367.16	735.09	1291.95	739.23	5.1798	5.5103
839857552394	1370.57	730.74	1293.66	737.07	5.1903	5.5126
839857560728	1370.48	731.73	1287.06	737.56	5.1946	5.5059
839857569061	1369.08	733.31	1292.94	740.70	5.1626	5.5135
839857577395	1370.09	726.16	1290.09	740.93	5.1669	5.5200
839857585728	1371.01	737.25	1287.37	743.37	5.2039	5.5270
839857594061	1362.93	732.88	1293.21	737.04	5.1780	5.5183
839857602394	1367.62	740.72	1290.76	738.83	5.2087	5.5239
839857610728	1365.56	731.99	1285.96	740.30	5.1982	5.5309
839857619062	1368.09	732.89	1291.16	742.60	5.1954	5.5115
839857627399	1363.69	734.31	1294.48	736.85	5.2079	5.5200
839857635732	1368.03	736.96	1287.85	745.55	5.2171	5.5287
839857644065	1363.10	737.74	1283.80	745.05	5.2142	5.5273
839857652398	1361.44	733.56	1287.83	740.67	5.1962	5.5347
839857660732	1362.46	738.53	1289.39	743.97	5.2053	5.5166
839857669065	1364.97	735.36	1289.07	744.48	5.2140	5.5294
839857677398	1362.26	736.67	1289.82	746.57	5.2236	5.5376
839857685732	1362.16	733.83	1286.45	748.42	5.2070	5.5347
839857694065	1361.91	735.49	1289.31	747.89	5.2135	5.5357
839857702399	1362.23	734.86	1285.94	750.34	5.2267	5.5327
839857710731	1365.64	733.51	1284.30	748.25	5.2342	5.5466
839857719064	1362.13	737.29	1285.70	750.33	5.2242	5.5364
839857727397	1368.36	739.85	1288.87	750.03	5.2391	5.5478
839857735731	1366.56	733.70	1291.70	750.20	5.2528	5.5503
839857744064	1370.99	731.08	1291.22	744.25	5.2343	5.5522
839857752397	1366.74	736.73	1286.62	746.89	5.2339	5.5622
839857760734	1375.05	735.55	1284.42	748.56	5.2398	5.5605
839857769067	1369.70	737.15	1282.48	746.69	5.2575	5.5742
839857777400	1368.46	736.36	1280.66	737.77	5.2477	5.5625
839857785734	1373.54	741.20	1279.50	738.81	5.2580	5.5730
839857794066	1370.33	744.48	1280.31	737.72	5.2715	5.5658
839857802399	1372.03	741.73	1281.95	735.83	5.2677	5.5625
839857810732	1371.01	741.13	1279.68	735.42	5.2655	5.5756
839857819066	1371.70	745.56	1279.24	735.02	5.2827	5.5720
839857827400	1367.97	745.12	1275.44	738.65	5.2593	5.5654
839857835732	1367.76	745.16	1270.43	738.33	5.2828	5.5842
839857844066	1361.14	737.40	1277.75	735.26	5.2610	5.5853
839857852399	1371.11	743.05	1275.72	735.06	5.2629	5.5841
839857860732	1367.90	739.70	1274.95	735.88	5.2768	5.5807
839857869066	1369.14	743.71	1275.39	733.28	5.2858	5.5771
839857877398	1368.86	738.35	1274.35	734.86	5.2739	5.5825
839857885731	1363.89	735.79	1276.81	735.38	5.2901	5.5958
839857894071	1371.27	732.66	1281.34	741.05	5.2893	5.5838
839857902404	1365.60	737.41	1286.44	740.71	5.2897	5.5808
839857910738	1366.85	732.72	1282.11	739.77	5.2955	5.5916
839857919071	1362.13	727.03	1286.74	743.20	5.2885	5.5923
839857927404	1363.59	732.12	1286.11	742.49	5.3076	5.5775
839857935737	1361.57	728.63	1283.84	747.56	5.3117	5.5759
839857944071	1366.51	727.25	1284.95	741.52	5.3146	5.5915
839857952404	1360.69	732.39	1287.76	745.87	5.3113	5.5789
839857960736	1363.38	733.18	1285.92	748.17	5.3230	5.5936
839857969070	1366.76	721.41	1287.15	739.88	5.3168	5.5874
839857977403	1364.42	725.62	1284.23	739.61	5.3218	5.5860
839857985736	1358.65	726.07	1284.19	744.95	5.3158	5.6037
839857994070	1360.34	724.68	1282.33	743.92	5.3104	5.5935
839858002403	1362.53	727.67	1287.56	734.92	5.3282	5.5845
839858010736	1365.71	727.29	1288.52	736.48	5.3253	5.5917
839858019074	1363.15	730.57	1282.61	739.70	5.3421	5.5929
839858027407	1363.42	733.89	1284.79	738.65	5.3346	5.5913
839858035740	1359.52	734.20	1279.08	738.61	5.3217	5.6098
839858044073	1359.78	733.03	1284.80	737.46	5.3327	5.5934
839858052406	1365.80	735.27	1281.52	735.35	5.3599	5.6099
839858060739	1362.72	736.93	1285.28	735.58	5.3442	5.6075
839858069073	1362.15	734.15	1283.32	734.22	5.3607	5.6123
839858077407	1362.50	726.94	1283.54	736.34	5.3443	5.6196
839858085739	1360.56	730.78	1286.39	736.93	5.3551	5.6221
839858094073	1368.97	727.43	1280.28	739.56	5.3548	5.6219
839858102406	1366.19	726.66	1283.03	736.80	5.3593	5.6349
839858110738	1363.44	730.38	1284.20	741.91	5.3736	5.6323
839858119072	1363.70	722.41	1283.88	733.29	5.3673	5.6296
839858127405	1365.68	725.69	1281.21	736.69	5.3688	5.6240
839858135738	1365.26	731.13	1275.01	737.36	5.3893	5.6387
839858144072	1369.20	735.93	1275.09	738.35	5.3926	5.6379
839858152411	1366.21	722.99	1281.32	736.64	5.3643	5.6398
839858160745	1370.55	730.46	1280.70	731.14	5.3860	5.6379
839858169078	1363.44	735.83	1279.97	727.32	5.3997	5.6295
839858177411	1367.58	737.18	1278.83	726.53	5.4041	5.6458
839858185744	1372.01	732.19	1280.75	732.23	5.3852	5.6620
839858194077	1365.38	732.25	1281.27	725.15	5.3808	5.6492
839858202411	1369.22	733.34	1285.36	728.70	5.3766	5.6555
839858210743	1367.63	729.74	1287.05	727.97	5.3882	5.6553
839858219077	1363.58	730.92	1284.73	730.81	5.3692	5.6643
839858227410	1365.63	733.77	1285.68	734.18	5.3863	5.6621
839858235743	1392.25	736.19	1297.54	746.78	5.3843	5.6701
839858244077	1382.88	734.17	1289.57	749.38	5.3918	5.6585
839858252410	1382.20	733.66	1286.17	741.54	5.4015	5.6500
839858260743	1384.85	731.31	1287.28	743.58	5.3881	5.6608
839858269076	1378.61	724.68	1287.05	744.15	5.3699	5.6511
839858277409	1388.57	729.06	1290.38	746.10	5.3803	5.6572
839858285747	1380.36	732.38	1286.60	745.24	5.3968	5.6646
839858294080	1379.97	728.11	1292.59	747.22	5.3733	5.6641
839858302413	1382.64	736.44	1289.83	746.05	5.3950	5.6638
839858310746	1385.03	732.01	1286.10	746.38	5.3745	5.6636
839858319080	1388.68	730.68	1289.26	743.81	5.3680	5.6691
839858327413	1391.44	737.54	1288.76	747.10	5.3861	5.6802
839858335746	1389.89	734.22	1291.47	746.14	5.3818	5.6703
839858344080	1393.91	733.26	1289.58	746.25	5.3646	5.6724
839858352412	1388.18	736.51	1290.02	744.38	5.3844	5.6677
839858360745	1391.21	735.05	1291.04	741.22	5.3751	5.6689
839858369079	1392.41	735.65	1291.72	742.48	5.3754	5.6685
839858377412	1385.94	730.65	1287.49	741.08	5.3623	5.6750
839858385745	1387.72	740.78	1296.83	733.96	5.3660	5.6757
839858394078	1387.91	742.30	1289.96	736.56	5.3747	5.6747
839858402411	1390.68	739.86	1289.87	736.01	5.3681	5.6773
839858410745	1396.90	740.21	1286.42	734.96	5.3692	5.6753
839858419082	1386.80	737.67	1288.77	737.62	5.3663	5.6741
839858427416	1392.13	744.28	1286.72	742.66	5.3867	5.6778
839858435748	1392.52	734.04	1281.20	751.26	5.3541	5.6815
839858444081	1393.05	732.04	1282.08	751.26	5.3659	5.6795
839858452415	1392.13	731.62	1279.20	746.46	5.3641	5.6621
839858460748	1391.75	732.25	1281.65	751.76	5.3494	5.6697
839858469081	1398.27	734.94	1286.31	745.88	5.3553	5.6748
839858477415	1395.95	731.58	1283.82	739.30	5.3616	5.6864
839858485748	1396.10	739.56	1279.78	737.06	5.3634	5.6843
839858494082	1406.49	740.95	1284.20	735.96	5.3459	5.6695
839858502415	1399.08	736.30	1281.33	742.05	5.3419	5.6838
839858510747	1393.01	737.97	1275.89	747.60	5.3524	5.6869
839858519080	1398.63	731.68	1274.30	750.09	5.3558	5.6864
839858527414	1394.05	736.15	1271.60	749.99	5.3556	5.6777
839858535748	1391.79	737.69	1273.00	751.81	5.3534	5.6719
839858544085	1394.57	737.42	1273.28	745.64	5.3377	5.6637
839858552419	1396.73	742.66	1271.31	743.23	5.3602	5.6604
839858560752	1399.42	742.32	1270.60	741.63	5.3501	5.6646
839858569085	1396.85	740.12	1271.30	742.67	5.3450	5.6611
839858577419	1392.87	742.59	1273.12	738.64	5.3413	5.6490
839858585752	1396.14	740.33	1274.15	736.17	5.3345	5.6488
839858594084	1396.87	741.79	1270.51	731.68	5.3351	5.6650
839858602418	1394.47	749.25	1271.62	736.56	5.3338	5.6504
839858610751	1388.56	742.79	1262.14	731.02	5.3278	5.6639
839858619085	1389.94	747.13	1265.87	737.54	5.3207	5.6514
839858627418	1391.00	750.22	1265.38	742.82	5.3317	5.6477
839858635751	1396.93	748.76	1268.28	736.79	5.3308	5.6360
839858644084	1385.60	742.77	1265.08	741.39	5.3208	5.6365
839858652418	1389.01	748.25	1274.96	742.73	5.3200	5.6382
839858660751	1387.31	739.40	1267.27	741.64	5.3149	5.6352
839858669083	1384.56	745.23	1262.96	742.21	5.3352	5.6407
839858677422	1383.08	747.06	1261.78	737.56	5.3252	5.6272
839858685755	1374.87	738.82	1264.44	737.67	5.2993	5.6293
839858694088	1380.00	741.35	1263.73	734.74	5.3127	5.6309
839858702422	1373.96	739.78	1262.20	726.58	5.3067	5.6227
839858710755	1372.25	738.14	1265.71	728.62	5.3022	5.6388
839858719088	1373.79	737.98	1267.43	723.64	5.3008	5.6238
839858727422	1373.31	742.05	1262.86	723.38	5.3055	5.6335
839858735755	1371.20	752.17	1262.36	719.44	5.3002	5.6055
839858744089	1371.57	746.32	1259.56	730.73	5.3053	5.6120
839858752421	1376.28	753.09	1261.49	731.04	5.2973	5.6042
839858760754	1386.99	743.15	1253.82	749.48	5.2927	5.6194
839858769087	1374.99	753.21	1248.35	739.30	5.2747	5.6357
839858777421	1384.64	746.27	1255.70	782.10	5.2995	5.5677
839858785754	1383.30	756.24	1259.21	877.56	5.2448	5.3299
839858794087	1379.40	818.09	1277.41	981.54	5.1416	5.0156
839858802421	1354.27	898.70	1279.47	1059.51	4.9187	4.8231
839858810758	1343.53	955.93	1329.35	1069.06	4.8285	4.4971
839858819091	1341.09	964.94	1359.17	1043.40	4.8327	4.4733
839858827416	1348.80	911.33	1301.56	982.62	4.9298	4.8733
839858835748	1364.59	848.68	1313.08	924.84	5.0459	5.0576
839858844090	1378.93	794.44	1302.34	881.29	5.1642	5.2011
839858852423	1384.57	779.40	1275.57	850.77	5.2560	5.3133
839858860757	1384.49	744.72	1275.07	807.03	5.2708	5.4238
839858869091	1376.71	723.74	1279.93	784.01	5.2997	5.4763
839858877424	1374.85	705.09	1278.99	761.81	5.3239	5.5321
839858885757	1382.52	700.68	1279.13	743.02	5.3429	5.5749
839858894082	1390.77	714.81	1273.55	729.83	5.3215	5.6067
839858902415	1390.11	723.76	1269.04	727.55	5.3033	5.6375
839858910756	1392.70	731.65	1262.48	739.23	5.3172	5.6757
839858919089	1389.05	728.27	1266.76	736.88	5.3387	5.6707
839858927423	1391.05	729.67	1257.82	751.64	5.3260	5.7260
839858935756	1392.02	733.95	1264.56	757.60	5.3343	5.6814
839858944093	1388.88	733.04	1258.77	765.63	5.3303	5.6830
839858952427	1387.42	724.22	1261.55	773.76	5.3108	5.6579
839858960760	1389.98	734.88	1273.67	767.43	5.3408	5.5861
839858969093	1386.53	727.51	1278.52	783.65	5.3440	5.4572
839858977426	1379.48	714.95	1328.69	853.71	5.3793	5.2235
839858985760	1375.49	733.51	1148.82	998.89	5.3449	4.5468
839858994093	1375.13	753.41	NaN	NaN	5.2765	NaN
839859002417	1377.05	787.70	NaN	NaN	5.2263	NaN
839859010750	1377.11	859.14	NaN	NaN	5.0550	NaN
839859019084	1474.44	961.27	NaN	NaN	4.5371	NaN
839859027417	1514.66	1067.69	1075.29	1402.42	4.3224	2.7014
839859035751	1513.54	1191.29	NaN	NaN	3.9563	NaN
839859044084	NaN	NaN	NaN	NaN	NaN	NaN
839859052425	NaN	NaN	NaN	NaN	NaN	NaN
839859060751	NaN	NaN	NaN	NaN	NaN	NaN
839859069088	NaN	NaN	NaN	NaN	NaN	NaN
839859077421	NaN	NaN	NaN	NaN	NaN	NaN
839859085754	NaN	NaN	NaN	NaN	NaN	NaN
839859094088	NaN	NaN	NaN	NaN	NaN	NaN
839859102421	NaN	NaN	NaN	NaN	NaN	NaN
839859110755	NaN	NaN	NaN	NaN	NaN	NaN
839859119096	NaN	NaN	NaN	NaN	NaN	NaN
839859127428	1479.08	1069.86	1371.86	1371.46	4.1210	1.5533
839859135762	1506.84	1011.82	NaN	NaN	4.2827	NaN
839859144095	NaN	NaN	NaN	NaN	NaN	NaN
839859152427	1348.12	1057.84	NaN	NaN	5.1153	NaN
839859160761	1361.30	891.12	NaN	NaN	4.9784	NaN
839859169095	1357.26	854.43	NaN	NaN	5.0824	NaN
839859177428	1348.33	811.48	NaN	NaN	5.1670	NaN
839859185761	1348.24	796.24	NaN	NaN	5.1992	NaN
839859194095	1354.64	758.05	NaN	NaN	5.2540	NaN
839859202434	1357.76	740.79	937.58	1117.72	5.2346	3.2888
839859210767	1357.33	759.56	NaN	NaN	5.2581	NaN
839859219100	1355.92	791.14	NaN	NaN	5.2545	NaN
839859227424	1351.69	806.15	NaN	NaN	5.1849	NaN
839859235757	1351.46	802.93	NaN	NaN	5.1816	NaN
839859244090	1350.43	801.65	NaN	NaN	5.1525	NaN
839859252424	1348.65	782.90	NaN	NaN	5.1697	NaN
839859260758	1349.06	787.16	NaN	NaN	5.1997	NaN
839859269091	1359.17	771.91	NaN	NaN	5.2202	NaN
839859277424	1355.11	768.04	NaN	NaN	5.1936	NaN
839859285757	1346.29	768.98	NaN	NaN	5.2115	NaN
839859294092	1350.02	763.49	NaN	NaN	5.2472	NaN
839859302425	1346.48	757.47	NaN	NaN	5.2414	NaN
839859310757	1347.18	753.01	NaN	NaN	5.2639	NaN
839859319091	1357.59	749.62	NaN	NaN	5.2827	NaN
839859327424	1377.01	755.70	NaN	NaN	5.2818	NaN
839859335762	1357.40	743.69	NaN	NaN	5.2940	NaN
839859344096	1352.81	731.90	NaN	NaN	5.3264	NaN
839859352429	1353.45	713.75	NaN	NaN	5.3272	NaN
839859360763	1351.12	711.90	NaN	NaN	5.3325	NaN
839859369095	1353.39	714.01	NaN	NaN	5.3298	NaN
839859377428	1349.41	710.57	NaN	NaN	5.3168	NaN
839859385761	1351.45	707.74	NaN	NaN	5.3308	NaN
839859394093	1353.80	702.48	NaN	NaN	5.3415	NaN
839859402427	1350.88	706.93	NaN	NaN	5.3109	NaN
839859410761	1355.92	732.83	NaN	NaN	5.2950	NaN
839859419093	1365.14	765.78	NaN	NaN	5.2250	NaN
839859427427	1364.12	764.54	NaN	NaN	5.2214	NaN
839859435761	1356.76	754.40	NaN	NaN	5.2335	NaN
839859444094	1354.87	748.71	NaN	NaN	5.2733	NaN
839859452427	1355.19	721.52	1004.65	1185.25	5.2785	3.5680
839859460766	1356.68	717.35	NaN	NaN	5.2740	NaN
839859469097	1352.43	701.27	NaN	NaN	5.2807	NaN
839859477432	1353.54	699.53	NaN	NaN	5.2746	NaN
839859485765	1356.90	703.20	1024.70	1115.07	5.2847	3.8020
839859494098	1353.19	699.65	NaN	NaN	5.2858	NaN
839859502432	1351.08	705.66	NaN	NaN	5.2752	NaN
839859510764	1352.79	702.68	NaN	NaN	5.2675	NaN
839859519098	1350.81	700.08	NaN	NaN	5.2551	NaN
839859527431	1355.03	709.99	NaN	NaN	5.2659	NaN
839859535764	1351.86	693.40	1190.30	887.38	5.2413	2.6440
839859544098	1356.99	728.11	NaN	NaN	5.3167	NaN
839859552430	1352.10	684.28	962.82	892.88	5.2129	2.9280
839859560772	1351.78	695.31	1023.14	1114.26	5.2252	3.5354
839859569105	1346.17	695.98	1025.07	1142.87	5.2220	3.7255
839859577439	1346.84	704.04	NaN	NaN	5.2126	NaN
839859585763	1348.76	700.98	NaN	NaN	5.1995	NaN
839859594109	1346.41	683.88	NaN	NaN	5.1899	NaN
839859602435	1346.42	699.88	1134.03	882.49	5.1818	2.4912
839859610768	1351.83	699.93	1174.03	889.69	5.1753	2.4741
839859619102	1354.92	712.68	NaN	NaN	5.1607	NaN
839859627442	1366.04	706.32	1177.54	907.88	5.1532	2.4532
839859635774	1361.94	713.85	NaN	NaN	5.1631	NaN
839859644108	1350.35	701.49	1057.09	1148.82	5.1557	3.4475
839859652441	1351.05	720.29	NaN	NaN	5.1470	NaN
839859660774	1352.81	753.81	1129.37	1175.73	5.1484	3.6014
839859669108	1339.38	762.65	NaN	NaN	5.1702	NaN
839859677441	1343.10	734.59	NaN	NaN	5.0822	NaN
839859685775	1343.79	730.94	NaN	NaN	5.1087	NaN
839859694100	1338.83	744.51	NaN	NaN	5.0790	NaN
839859702442	1349.13	741.68	NaN	NaN	5.0822	NaN
839859710774	1351.55	742.29	1245.41	1239.68	5.0744	3.9152
839859719107	1348.49	729.08	NaN	NaN	5.0682	NaN
839859727446	1346.36	749.63	1203.98	955.56	5.0805	2.2908
839859735770	1353.31	758.23	NaN	NaN	5.1418	NaN
839859744104	1347.96	726.92	NaN	NaN	5.0472	NaN
839859752445	1351.19	735.05	NaN	NaN	5.0732	NaN
839859760778	1348.19	737.11	NaN	NaN	5.0366	NaN
839859769112	1339.79	740.14	NaN	NaN	5.0590	NaN
839859777445	1347.59	748.62	NaN	NaN	5.0505	NaN
839859785778	1348.92	746.21	NaN	NaN	5.0459	NaN
839859794111	1350.86	769.70	NaN	NaN	5.0968	NaN
839859802444	1350.82	773.03	NaN	NaN	5.0786	NaN
839859810777	1345.90	740.18	NaN	NaN	5.0264	NaN
839859819111	1352.77	764.77	NaN	NaN	5.0760	NaN
839859827444	1348.52	758.33	NaN	NaN	5.0544	NaN
839859835777	1344.04	744.15	NaN	NaN	5.0254	NaN
839859844111	1350.36	757.77	NaN	NaN	5.0495	NaN
839859852444	1342.39	741.08	NaN	NaN	5.0023	NaN
839859860782	1347.60	764.92	NaN	NaN	5.0595	NaN
839859869115	1343.89	755.31	NaN	NaN	5.0312	NaN
839859877448	1344.91	756.28	NaN	NaN	5.0425	NaN
839859885781	1346.80	765.05	NaN	NaN	5.0408	NaN
839859894115	1347.17	758.24	NaN	NaN	5.0236	NaN
839859902448	1350.23	746.30	NaN	NaN	4.9829	NaN
839859910781	1344.07	735.92	NaN	NaN	4.9821	NaN
839859919114	1342.92	775.69	NaN	NaN	5.0290	NaN
839859927448	1342.68	736.97	NaN	NaN	4.9709	NaN
839859935781	1342.61	750.78	NaN	NaN	4.9681	NaN
839859944115	1339.77	745.66	NaN	NaN	4.9621	NaN
839859952447	1338.33	768.91	NaN	NaN	5.0146	NaN
839859960781	1341.12	786.82	NaN	NaN	5.0623	NaN
839859969114	1354.51	788.31	NaN	NaN	5.0559	NaN
839859977447	1350.39	780.65	NaN	NaN	5.0543	NaN
839859985784	1345.20	740.53	NaN	NaN	4.9422	NaN
839859994118	1345.85	738.06	NaN	NaN	4.9538	NaN
839860002451	1347.42	750.06	NaN	NaN	4.9798	NaN
839860010785	1353.97	757.08	NaN	NaN	4.9617	NaN
839860019118	1354.00	746.76	NaN	NaN	4.9573	NaN
839860027450	1355.58	759.67	NaN	NaN	4.9611	NaN
839860035784	1359.15	802.83	NaN	NaN	5.0697	NaN
839860044116	1354.62	796.64	NaN	NaN	5.0454	NaN
839860052450	1364.72	807.78	NaN	NaN	5.0682	NaN
839860060784	1356.02	786.66	NaN	NaN	5.0163	NaN
839860069117	1361.17	795.85	NaN	NaN	5.0231	NaN
839860077450	1353.20	770.09	NaN	NaN	4.9698	NaN
839860085783	1355.49	776.67	NaN	NaN	4.9988	NaN
839860094117	1350.73	790.94	NaN	NaN	5.0183	NaN
839860102450	1361.56	816.35	NaN	NaN	5.0820	NaN
839860110782	1354.37	786.84	NaN	NaN	5.0058	NaN
839860119123	1353.16	779.32	NaN	NaN	4.9829	NaN
839860127456	1351.31	778.95	NaN	NaN	4.9778	NaN
839860135790	1357.29	831.26	NaN	NaN	5.1015	NaN
839860144123	1351.99	799.35	NaN	NaN	5.0287	NaN
839860152456	1351.89	773.10	NaN	NaN	4.9931	NaN
839860160790	1349.51	781.86	NaN	NaN	5.0151	NaN
839860169122	1348.94	765.65	NaN	NaN	4.9545	NaN
839860177456	1356.55	754.85	NaN	NaN	4.9566	NaN
839860185789	1362.56	797.46	NaN	NaN	4.8891	NaN
839860194121	1427.17	1090.68	NaN	NaN	3.8173	NaN
839860202455	NaN	NaN	NaN	NaN	NaN	NaN
839860210788	NaN	NaN	NaN	NaN	NaN	NaN
839860219121	NaN	NaN	NaN	NaN	NaN	NaN
839860227455	NaN	NaN	NaN	NaN	NaN	NaN
839860235788	NaN	NaN	NaN	NaN	NaN	NaN
839860244121	NaN	NaN	NaN	NaN	NaN	NaN
839860252458	NaN	NaN	NaN	NaN	NaN	NaN
839860260792	NaN	NaN	NaN	NaN	NaN	NaN
839860269124	NaN	NaN	NaN	NaN	NaN	NaN
839860277457	NaN	NaN	NaN	NaN	NaN	NaN
839860285791	NaN	NaN	NaN	NaN	NaN	NaN
839860294123	NaN	NaN	NaN	NaN	NaN	NaN
839860302457	1248.71	1244.37	NaN	NaN	2.7199	NaN
839860310790	NaN	NaN	NaN	NaN	NaN	NaN
839860319123	1269.55	1000.71	1468.72	1124.70	4.4135	3.6510
839860327457	1299.27	857.86	1432.56	1004.11	4.7265	4.3082
839860335790	1305.76	784.89	1342.86	893.10	4.9338	4.8615
839860344115	1305.58	727.89	1340.62	807.96	4.9874	5.0787
839860352456	1312.65	697.17	1329.37	752.33	5.0172	5.2223
839860360781	1312.56	702.49	1318.72	710.41	5.0326	5.2988
839860369123	1311.73	732.30	1321.52	682.84	5.0102	5.3393
839860377456	1318.59	724.62	1317.76	686.57	5.0362	5.3673
839860385794	1318.02	729.36	1314.71	698.98	5.0552	5.3164
839860394128	1319.63	722.33	1316.04	700.42	5.0338	5.3019
839860402461	1322.93	726.94	1310.52	704.74	5.0542	5.2975
839860410794	1323.95	729.67	1313.81	706.26	5.0582	5.3320
839860419128	1318.99	740.84	1307.42	716.93	5.0535	5.3333
839860427460	1323.20	733.60	1307.69	714.38	5.0486	5.3252
839860435793	1325.12	736.44	1307.50	724.37	5.0498	5.3636
839860444127	1331.62	729.06	1310.70	714.21	5.0557	5.3398
839860452460	1332.77	726.24	1302.61	714.10	5.0468	5.3408
839860460793	1333.64	716.78	1289.73	715.31	5.0416	5.3548
839860469127	1334.85	719.06	1294.72	706.32	5.0717	5.3642
839860477460	1335.23	721.77	1296.81	707.70	5.0653	5.3672
839860485793	1338.50	722.48	1294.95	708.00	5.0816	5.3722
839860494127	1343.92	729.71	1295.26	706.88	5.0792	5.3692
839860502460	1342.45	721.56	1285.04	706.08	5.0767	5.3806
839860510795	1343.92	739.82	1286.62	706.00	5.1188	5.3838
839860519129	1350.88	725.51	1287.64	709.57	5.0883	5.3907
839860527462	1353.30	740.04	1287.47	706.48	5.1089	5.4047
839860535795	1348.00	731.77	1286.30	703.64	5.1134	5.4061
839860544128	1347.77	729.86	1286.77	697.86	5.1249	5.3924
839860552461	1349.47	721.42	1280.55	699.24	5.1037	5.4090
839860560795	1344.15	725.03	1281.99	702.34	5.1177	5.4021
839860569128	1346.71	714.93	1283.32	692.54	5.1072	5.3946
839860577461	1350.62	715.55	1273.27	697.95	5.1176	5.4033
839860585794	1347.55	719.74	1263.94	719.55	5.1289	5.4061
839860594127	1343.43	723.50	1269.63	721.60	5.1063	5.4191
839860602461	1343.46	719.69	1269.08	713.29	5.1193	5.3999
839860610794	1343.57	712.52	1260.96	715.99	5.1093	5.4274
839860619128	1352.24	714.01	1264.56	714.72	5.1230	5.4161
839860627460	1349.18	721.52	1270.44	713.35	5.1356	5.4157
839860635794	1347.13	715.85	1266.15	717.31	5.1406	5.4320
839860644134	1348.34	719.74	1267.32	712.31	5.1333	5.4309
839860652467	1347.60	719.83	1264.16	714.72	5.1247	5.4341
839860660801	1349.70	723.01	1264.67	711.69	5.1341	5.4092
839860669134	1342.10	723.99	1267.38	717.35	5.1305	5.4315
839860677467	1344.52	720.89	1272.70	718.11	5.1098	5.4160
839860685800	1346.67	725.11	1269.04	715.13	5.1440	5.4125
839860694134	1347.62	731.50	1264.56	718.55	5.1218	5.4035
839860702467	1347.91	734.49	1267.98	721.27	5.1284	5.3997
839860710800	1347.34	735.73	1269.15	717.71	5.1388	5.4006
839860719134	1348.00	733.08	1268.45	715.14	5.1126	5.3860
839860727466	1342.82	733.95	1266.37	720.08	5.1092	5.3994
839860735800	1344.82	729.26	1267.94	717.69	5.1101	5.3876
839860744133	1341.11	722.96	1267.33	718.37	5.1014	5.3760
839860752466	1342.33	728.25	1264.43	713.40	5.1166	5.3738
839860760799	1343.05	723.20	1259.68	720.00	5.1074	5.3737
839860769133	1342.47	723.72	1265.73	720.16	5.0991	5.3754
839860777470	1342.96	719.59	1259.90	718.69	5.0828	5.3619
839860785803	1341.42	727.21	1261.88	718.33	5.1091	5.3681
839860794136	1338.73	720.66	1265.53	717.05	5.0799	5.3463
839860802469	1336.81	725.27	1265.91	719.80	5.0973	5.3584
839860810803	1343.68	727.00	1266.65	720.79	5.0988	5.3540
839860819136	1345.10	722.90	1272.71	718.51	5.0867	5.3549
839860827469	1345.97	732.38	1271.55	714.12	5.0946	5.3537
839860835802	1354.57	730.33	1271.56	714.99	5.0701	5.3475
839860844135	1355.04	730.52	1279.46	720.77	5.0710	5.3469
839860852469	1348.32	745.99	1277.57	715.73	5.0774	5.3357
839860860802	1356.98	738.13	1277.15	725.28	5.0693	5.3444
839860869135	1356.58	750.16	1278.13	719.45	5.0644	5.3358
839860877469	1348.80	741.59	1275.01	719.29	5.0456	5.3296
839860885802	1353.90	743.50	1271.74	717.41	5.0483	5.3203
839860894134	1353.43	742.77	1277.03	715.96	5.0546	5.3171
839860902471	1347.76	747.99	1271.26	719.74	5.0427	5.3187
839860910805	1352.42	744.88	1276.16	721.44	5.0610	5.3162
839860919137	1352.43	749.01	1271.98	721.08	5.0353	5.3219
839860927470	1346.41	736.79	1269.96	720.27	5.0278	5.3011
839860935804	1351.08	743.06	1279.81	721.19	5.0298	5.2994
839860944137	1352.90	744.29	1275.41	718.72	5.0311	5.2956
839860952470	1352.35	743.96	1276.11	714.10	5.0205	5.2978
839860960804	1351.51	739.41	1275.36	714.21	5.0274	5.2897
839860969137	1350.93	735.05	1272.83	705.83	4.9984	5.2737
839860977471	1348.31	739.40	1274.40	712.31	5.0249	5.2804
839860985804	1347.69	732.70	1276.89	708.52	5.0146	5.2772
839860994136	1344.46	738.65	1272.23	711.14	5.0163	5.2767
839861002470	1342.70	732.23	1276.35	710.71	4.9907	5.2725
839861010803	1343.81	736.69	1275.74	713.41	5.0149	5.2654
839861019136	1350.67	733.29	1273.67	714.03	4.9832	5.2716
839861027470	1343.35	741.23	1274.01	715.57	4.9898	5.2601
839861035808	1343.53	734.16	1273.36	714.54	5.0009	5.2653
839861044141	1347.42	734.38	1270.79	718.02	4.9860	5.2600
839861052475	1347.43	741.43	1274.73	714.04	4.9847	5.2492
839861060808	1339.19	740.64	1269.31	721.25	4.9584	5.2641
839861069141	1348.11	742.89	1274.02	707.11	5.0008	5.2462
839861077473	1359.01	750.02	1287.92	715.04	4.9804	5.2595
839861085807	1362.63	750.81	1280.40	716.08	4.9897	5.2661
839861094140	1357.71	746.65	1284.03	711.77	4.9858	5.2357
839861102474	1356.18	746.59	1279.77	714.08	4.9824	5.2708
839861110807	1362.90	741.56	1281.31	708.21	4.9924	5.2559
839861119140	1361.85	745.26	1278.40	714.50	4.9932	5.2558
839861127474	1361.73	740.31	1280.43	713.60	4.9837	5.2507
839861135806	1362.50	747.56	1276.22	717.88	4.9976	5.2633
839861144140	1365.35	740.68	1277.33	724.19	4.9765	5.2812
839861152472	1362.75	740.95	1277.78	719.26	4.9703	5.2526
839861160805	1362.76	744.80	1275.61	713.55	4.9846	5.2567
839861169144	1363.25	745.12	1277.88	714.62	4.9636	5.2635
839861177477	1363.96	748.47	1274.50	721.06	4.9731	5.2747
839861185811	1363.53	750.58	1273.31	717.90	4.9708	5.2574
839861194144	1364.98	744.92	1272.55	712.35	4.9664	5.2578
839861202477	1372.66	746.67	1273.15	720.20	4.9823	5.2561
839861210811	1375.43	737.53	1275.04	721.25	4.9787	5.2637
839861219144	1368.91	734.14	1279.68	729.13	4.9747	5.2744
839861227477	1370.51	732.99	1277.56	724.55	4.9733	5.2713
839861235809	1375.15	736.98	1271.50	725.72	4.9803	5.2724
839861244143	1370.45	729.20	1276.25	729.36	4.9746	5.2874
839861252477	1377.75	739.74	1273.62	724.58	5.0059	5.2740
839861260810	1369.81	733.17	1270.90	724.11	4.9851	5.2667
839861269143	1371.65	731.80	1278.02	722.02	4.9777	5.2697
839861277477	1372.33	735.81	1274.91	722.77	4.9896	5.2655
839861285809	1374.53	740.74	1279.82	723.68	4.9850	5.2807
839861294143	1374.31	745.99	1277.94	729.11	5.0215	5.2924
839861302482	1370.92	742.43	1275.24	723.79	4.9910	5.2828
839861310813	1370.68	739.36	1278.55	724.52	4.9902	5.2812
839861319147	1374.11	739.33	1280.64	727.30	4.9921	5.2970
839861327480	1373.97	746.10	1277.71	725.84	5.0125	5.3006
839861335813	1375.35	744.02	1278.35	726.89	5.0078	5.2994
839861344147	1373.84	738.59	1273.81	731.39	5.0014	5.3085
839861352480	1377.76	728.26	1280.56	728.29	5.0011	5.2930
839861360814	1375.97	734.72	1281.46	729.94	5.0240	5.3140
839861369147	1370.87	739.50	1278.17	730.27	5.0108	5.3321
839861377480	1372.05	742.63	1281.82	725.37	5.0418	5.3174
839861385813	1377.90	739.27	1282.53	723.54	5.0351	5.3367
839861394146	1374.97	733.46	1284.60	722.01	5.0202	5.3353
839861402479	1369.65	746.15	1288.93	725.16	5.0283	5.3363
839861410812	1370.98	742.73	1293.36	716.75	5.0217	5.3286
839861419146	1365.27	751.58	1295.54	713.61	5.0244	5.3506
839861427482	1367.58	751.29	1295.81	712.73	5.0338	5.3441
839861435816	1372.92	756.67	1291.42	714.49	5.0483	5.3562
839861444149	1372.71	747.78	1293.08	713.13	5.0126	5.3526
839861452482	1375.74	757.90	1289.77	718.46	5.0457	5.3592
839861460815	1375.27	754.82	1295.18	713.79	5.0576	5.3538
839861469148	1373.49	760.09	1292.01	717.07	5.0629	5.3596
839861477481	1372.09	750.48	1293.15	711.61	5.0457	5.3550
839861485815	1368.99	743.17	1293.50	715.42	5.0306	5.3772
839861494148	1368.16	754.55	1292.43	714.99	5.0595	5.3709
839861502481	1365.93	745.66	1301.05	710.04	5.0529	5.3656
839861510814	1367.13	756.56	1293.98	717.36	5.0615	5.3979
839861519148	1370.62	758.54	1295.14	719.05	5.0834	5.3936
839861527481	1373.05	749.16	1295.00	712.32	5.0713	5.3786
839861535814	1360.10	742.48	1295.27	708.95	5.0452	5.3935
839861544148	1363.50	739.63	1289.90	706.81	5.0496	5.3819
839861552480	1365.65	749.18	1291.33	708.38	5.0768	5.3782
839861560817	1366.18	741.29	1290.68	710.92	5.0847	5.3744
839861569150	1370.95	749.91	1287.71	714.76	5.0871	5.3993
839861577483	1368.12	733.79	1287.02	717.62	5.0621	5.3831
839861585817	1363.80	734.33	1283.61	712.23	5.0782	5.3879
839861594150	1366.46	733.08	1289.69	712.04	5.0776	5.3983
839861602483	1369.38	743.13	1288.16	711.51	5.0942	5.3977
839861610817	1368.30	736.14	1287.47	716.28	5.0856	5.4028
839861619149	1360.61	738.54	1285.72	706.48	5.0857	5.3958
839861627482	1359.24	735.38	1275.70	705.12	5.0883	5.4048
839861635815	1365.96	732.05	1284.95	705.71	5.0755	5.4122
839861644149	1360.60	732.18	1278.82	702.04	5.0727	5.4129
839861652482	1359.13	745.42	1285.35	702.42	5.1064	5.4197
839861660815	1362.62	737.06	1285.67	704.73	5.0840	5.4149
839861669149	1358.85	740.44	1285.68	700.48	5.1038	5.4247
839861677482	1361.31	742.52	1287.66	693.41	5.1052	5.4165
839861685816	1360.69	741.11	1283.90	701.09	5.1045	5.4182
839861694156	1360.17	732.13	1286.00	704.32	5.0873	5.4235
839861702489	1356.27	732.97	1280.47	707.61	5.0843	5.4115
839861710822	1363.52	736.38	1280.91	707.84	5.1089	5.4017
839861719154	1359.81	731.45	1279.74	709.95	5.0993	5.4111
839861727488	1359.43	718.34	1277.77	719.18	5.0872	5.4230
839861735822	1359.67	720.84	1275.85	725.75	5.0963	5.4176
839861744154	1359.55	721.78	1275.39	719.92	5.0867	5.4019
839861752488	1359.01	716.65	1277.84	718.85	5.0826	5.3871
839861760821	1360.19	713.25	1275.74	720.33	5.0938	5.4051
839861769155	1366.50	712.96	1271.14	726.11	5.1052	5.4169
839861777488	1361.77	718.56	1272.38	724.39	5.1047	5.4166
839861785821	1364.81	720.73	1260.89	730.18	5.0975	5.4439
839861794154	1366.67	719.23	1266.95	728.47	5.0960	5.4135
839861802487	1368.27	729.42	1266.30	732.63	5.1081	5.4227
839861810821	1363.59	717.47	1268.64	721.79	5.0957	5.3913
839861819154	1359.65	716.92	1267.23	727.01	5.0788	5.3922
839861827492	1367.69	726.71	1267.11	745.35	5.1053	5.4329
839861835826	1366.10	725.25	1264.16	723.92	5.1000	5.4047
839861844158	1364.11	723.92	1263.09	725.86	5.0942	5.3982
839861852492	1365.77	724.41	1265.56	735.19	5.0876	5.4188
839861860826	1364.74	721.42	1261.86	731.91	5.0731	5.4075
839861869157	1364.19	728.65	1264.92	723.28	5.0765	5.3843
839861877491	1365.73	725.30	1264.55	733.78	5.0752	5.4067
839861885824	1361.63	724.47	1260.71	735.74	5.0625	5.4027
839861894158	1366.04	734.44	1263.19	724.91	5.0979	5.3889
839861902491	1364.67	729.81	1263.03	734.51	5.0588	5.3978
839861910824	1366.94	723.55	1267.46	736.59	5.0481	5.4047
839861919158	1364.85	715.91	1268.45	712.03	5.0368	5.3607
839861927491	1366.47	727.42	1267.49	716.52	5.0540	5.3565
839861935825	1364.56	726.45	1267.64	724.14	5.0655	5.3793
839861944158	1368.00	736.06	1267.37	718.34	5.0612	5.3470
839861952495	1364.80	729.01	1266.56	721.82	5.0498	5.3676
839861960828	1364.85	722.57	1268.70	719.75	5.0265	5.3612
839861969161	1364.43	729.47	1265.96	718.99	5.0379	5.3655
839861977495	1365.05	735.03	1268.59	722.85	5.0661	5.3546
839861985828	1371.17	736.86	1272.62	719.88	5.0562	5.3607
839861994161	1365.51	732.13	1272.64	717.33	5.0406	5.3531
839862002495	1371.70	736.89	1274.91	725.18	5.0411	5.3599
839862010828	1364.36	741.45	1276.75	718.47	5.0317	5.3657
839862019162	1365.01	737.15	1270.54	718.84	5.0431	5.3539
839862027494	1365.86	740.18	1272.94	718.30	5.0483	5.3554
839862035827	1370.00	745.67	1272.54	719.66	5.0583	5.3489
839862044161	1365.38	737.23	1268.52	715.70	5.0389	5.3526
839862052494	1360.83	736.16	1269.47	720.01	5.0445	5.3448
839862060827	1361.82	728.67	1266.05	717.83	5.0445	5.3512
839862069161	1362.49	738.50	1266.37	721.85	5.0661	5.3661
839862077494	1365.68	733.33	1270.01	725.30	5.0549	5.3906
839862085835	1363.06	727.24	1265.69	718.76	5.0463	5.3566
839862094168	1365.91	731.60	1271.08	713.82	5.0653	5.3621
839862102502	1367.94	726.49	1271.34	723.39	5.0551	5.3712
839862110834	1369.87	736.98	1272.19	718.23	5.0735	5.3677
839862119167	1367.31	732.87	1273.31	712.81	5.0618	5.3685
839862127501	1366.87	727.95	1272.56	717.74	5.0537	5.3657
839862135834	1362.43	728.17	1269.37	724.30	5.0494	5.3774
839862144168	1364.31	733.91	1270.82	720.63	5.0711	5.3846
839862152501	1367.06	728.97	1267.50	724.71	5.0828	5.3931
839862160834	1370.46	734.21	1268.39	717.57	5.0837	5.3785
839862169168	1365.59	729.79	1267.78	719.79	5.0766	5.3840
839862177500	1370.91	734.30	1265.82	713.52	5.0836	5.3953
839862185833	1370.54	736.65	1266.76	724.64	5.0978	5.4097
839862194167	1368.70	724.54	1268.57	723.17	5.0806	5.4080
839862202499	1377.99	729.79	1273.35	719.78	5.0937	5.4062
839862210833	1369.07	727.97	1279.63	715.89	5.0974	5.3926
839862219167	1375.71	731.82	1285.21	724.68	5.1060	5.4255
839862227501	1376.20	724.95	1283.11	714.73	5.1020	5.4084
839862235834	1367.76	726.21	1280.07	710.21	5.0958	5.3974
839862244167	1370.94	728.85	1282.11	710.94	5.1201	5.4129
839862252501	1369.19	733.77	1276.52	722.82	5.1182	5.4402
839862260834	1373.30	722.77	1280.71	714.17	5.1140	5.4503
839862269167	1367.83	733.87	1272.66	729.53	5.1196	5.4577
839862277500	1367.31	733.10	1278.93	714.75	5.1486	5.4384
839862285833	1370.06	728.72	1272.55	724.32	5.1411	5.4448
839862294167	1370.87	729.74	1270.91	728.46	5.1271	5.4581
839862302499	1365.64	725.91	1272.76	724.07	5.1324	5.4397
839862310833	1371.31	731.23	1274.24	722.89	5.1449	5.4571
839862319167	1369.12	729.85	1268.55	734.38	5.1446	5.4784
839862327499	1366.06	732.96	1260.74	728.34	5.1518	5.4600
839862335833	1372.09	735.03	1269.02	733.14	5.1685	5.4720
839862344168	1368.07	741.17	1261.88	726.39	5.1690	5.4673
839862352502	1366.13	731.59	1263.16	725.89	5.1526	5.4642
839862360835	1364.09	734.81	1267.56	728.61	5.1624	5.4706
839862369168	1366.25	726.75	1267.27	715.99	5.1478	5.4621
839862377502	1371.32	737.85	1264.65	722.95	5.1659	5.4564
839862385835	1370.95	727.46	1268.09	729.79	5.1609	5.4779
839862394169	1366.82	728.59	1268.58	725.43	5.1549	5.4839
839862402502	1368.25	729.11	1270.21	723.81	5.1610	5.4780
839862410835	1372.15	731.52	1269.05	725.80	5.1561	5.4758
839862419169	1366.57	736.64	1272.29	714.77	5.1749	5.4653
839862427500	1366.80	732.07	1272.05	737.50	5.1626	5.4930
839862435834	1366.68	728.91	1276.35	716.35	5.1715	5.4645
839862444167	1366.01	732.66	1277.62	716.32	5.1774	5.4633
839862452500	1371.36	731.53	1277.43	726.52	5.1869	5.4745
839862460834	1370.53	735.10	1273.81	733.93	5.1874	5.4993
839862469167	1369.52	730.92	1276.13	721.83	5.1747	5.4595
839862477509	1372.64	731.02	1280.43	727.75	5.1718	5.4780
839862485842	1378.10	728.22	1281.41	726.20	5.1803	5.4773
839862494175	1374.61	730.28	1280.56	718.37	5.1844	5.4519
839862502509	1373.94	733.12	1278.61	740.20	5.1879	5.4892
839862510841	1376.85	725.58	1281.52	722.19	5.1688	5.4546
839862519174	1372.13	725.47	1275.14	725.86	5.1832	5.4729
839862527508	1373.04	731.44	1275.25	735.11	5.1894	5.4859
839862535841	1373.03	725.26	1279.41	727.82	5.1789	5.4738
839862544174	1374.23	727.79	1272.51	741.70	5.1904	5.5063
839862552507	1370.81	727.25	1278.65	723.00	5.1717	5.4635
839862560841	1376.86	729.56	1275.91	726.34	5.1766	5.4652
839862569174	1373.75	726.93	1274.96	722.75	5.1734	5.4472
839862577507	1375.41	737.35	1276.14	724.04	5.1932	5.4595
839862585840	1371.93	725.13	1272.23	742.69	5.1705	5.4925
839862594173	1373.33	720.22	1270.98	734.59	5.1622	5.4666
839862602507	1371.86	727.47	1272.81	721.92	5.1734	5.4494
839862610844	1376.48	727.97	1274.34	719.06	5.1802	5.4259
839862619177	1372.47	726.10	1267.98	737.90	5.1648	5.4663
839862627511	1377.86	724.94	1268.21	729.34	5.1748	5.4391
839862635844	1376.74	722.59	1269.86	725.72	5.1624	5.4304
839862644177	1371.70	717.58	1269.73	729.31	5.1612	5.4290
839862652511	1379.71	724.23	1273.14	731.15	5.1742	5.4388
839862660843	1371.64	732.77	1271.76	737.87	5.1679	5.4410
839862669176	1373.10	724.47	1271.89	732.30	5.1573	5.4347
839862677509	1371.09	728.88	1268.52	729.75	5.1610	5.4221
839862685843	1374.21	726.47	1269.38	729.24	5.1579	5.4211
839862694176	1375.40	731.58	1270.03	729.92	5.1514	5.4044
839862702509	1376.34	729.59	1266.75	741.32	5.1668	5.4230
839862710843	1374.26	734.79	1262.81	733.42	5.1624	5.4134
839862719176	1376.24	725.33	1263.49	734.04	5.1452	5.3978
839862727510	1372.61	726.78	1258.43	729.75	5.1444	5.3890
839862735846	1371.98	727.84	1265.36	727.03	5.1522	5.3749
839862744178	1372.31	724.54	1259.82	737.82	5.1486	5.4033
839862752512	1375.84	721.44	1255.16	746.87	5.1208	5.4309
839862760844	1373.10	728.12	1260.96	739.30	5.1460	5.4040
839862769178	1372.87	724.94	1261.48	743.99	5.1316	5.4113
839862777512	1376.58	729.12	1267.75	737.08	5.1578	5.3940
839862785844	1369.47	717.22	1262.67	744.30	5.1287	5.4075
839862794178	1373.85	723.77	1267.70	744.60	5.1371	5.4087
839862802511	1372.98	736.52	1267.99	749.64	5.1509	5.4223
839862810845	1377.12	729.72	1270.78	741.96	5.1430	5.4013
839862819178	1377.63	723.79	1273.17	739.42	5.1431	5.3864
839862827510	1376.46	718.51	1271.28	738.54	5.1419	5.3857
839862835844	1379.78	722.41	1276.32	746.17	5.1450	5.4091
839862844177	1375.54	723.29	1277.35	734.40	5.1646	5.3770
839862852510	1372.65	725.43	1277.26	744.37	5.1604	5.4012
839862860844	1377.86	725.76	1276.98	733.00	5.1604	5.3918
839862869182	1370.22	718.27	1273.12	747.57	5.1485	5.4128
839862877516	1376.69	714.03	1277.27	748.96	5.1523	5.4063
839862885848	1373.39	725.01	1278.09	728.49	5.1707	5.3797
839862894182	1374.37	725.05	1280.62	746.45	5.1709	5.3996
839862902515	1370.31	729.50	1276.29	732.18	5.1752	5.3799
839862910847	1373.00	723.53	1278.73	741.36	5.1530	5.3977
839862919181	1375.66	726.66	1278.89	739.04	5.1506	5.3972
839862927514	1366.39	726.41	1277.53	734.07	5.1542	5.4028
839862935848	1370.39	711.55	1273.95	744.20	5.1268	5.4137
839862944181	1368.15	728.78	1275.41	729.32	5.1744	5.3769
839862952514	1374.23	723.00	1273.78	733.41	5.1617	5.3786
839862960848	1376.28	717.89	1274.21	728.99	5.1610	5.3896
839862969181	1371.27	722.52	1269.76	728.31	5.1490	5.3966
839862977515	1374.28	722.20	1272.71	732.55	5.1781	5.3948
839862985847	1367.87	721.30	1274.97	728.64	5.1624	5.4010
839862994180	1368.10	713.05	1279.23	727.51	5.1536	5.3784
839863002520	1369.65	724.24	1272.99	741.79	5.1757	5.4099
839863010853	1375.57	725.28	1279.77	727.83	5.1742	5.3961
839863019187	1371.25	727.36	1272.36	722.96	5.1819	5.3902
839863027520	1372.21	720.95	1274.58	730.71	5.1695	5.4030
839863035853	1382.25	724.23	1286.19	731.88	5.1717	5.3950
839863044187	1375.13	727.76	1280.41	731.31	5.1764	5.3970
839863052520	1372.52	719.07	1280.41	729.60	5.1687	5.3953
839863060853	1372.08	729.05	1275.01	737.93	5.1832	5.4186
839863069186	1374.81	721.43	1282.54	730.37	5.1771	5.4044
839863077519	1373.29	718.68	1279.85	736.78	5.1591	5.4105
839863085853	1373.11	713.95	1284.21	728.95	5.1642	5.3906
839863094186	1368.25	725.98	1284.93	724.16	5.1596	5.3936
839863102519	1373.79	721.76	1278.68	731.17	5.1754	5.3971
839863110853	1370.71	720.23	1278.15	728.07	5.1827	5.4041
839863119186	1373.45	725.50	1285.74	730.86	5.1819	5.3861
839863127519	1376.99	718.75	1281.58	744.79	5.1572	5.4170
839863135857	1373.66	717.68	1287.73	726.98	5.1663	5.3850
839863144190	1375.67	721.91	1286.92	724.96	5.1629	5.3875
839863152523	1375.67	712.49	1288.84	735.77	5.1591	5.4088
839863160856	1378.28	722.32	1288.23	737.50	5.1721	5.3961
839863169190	1376.39	714.93	1289.45	737.59	5.1688	5.4008
839863177523	1378.16	722.90	1291.41	728.93	5.1753	5.3904
839863185857	1376.98	718.97	1290.21	730.07	5.1591	5.3784
839863194190	1378.25	710.04	1285.83	742.71	5.1431	5.3890
839863202523	1379.34	713.55	1290.30	728.54	5.1459	5.3741
839863210857	1378.50	720.68	1291.77	724.40	5.1752	5.3668
839863219189	1379.90	725.38	1286.89	727.72	5.1784	5.3623
839863227522	1373.40	714.01	1288.10	735.13	5.1476	5.4023
839863235856	1378.96	719.43	1292.03	727.96	5.1686	5.3637
839863244188	1378.46	723.63	1289.50	726.62	5.1642	5.3583
839863252522	1378.72	720.56	1290.99	729.73	5.1664	5.3548
839863260855	1379.21	721.45	1288.47	731.15	5.1724	5.3694
839863269192	1374.79	711.15	1285.75	736.68	5.1452	5.3630
839863277525	1373.89	721.91	1283.80	729.51	5.1751	5.3526
839863285858	1378.68	723.74	1283.76	741.39	5.1840	5.3744
839863294192	1376.62	715.32	1282.77	729.19	5.1525	5.3459
839863302524	1376.17	708.96	1282.55	727.67	5.1356	5.3436
839863310858	1375.09	714.98	1281.55	725.65	5.1541	5.3415
839863319191	1376.57	708.08	1278.23	728.92	5.1404	5.3380
839863327524	1376.65	715.53	1278.46	726.72	5.1691	5.3401
839863335857	1375.03	713.74	1283.69	729.37	5.1536	5.3270
839863344190	1376.92	713.87	1281.94	732.32	5.1400	5.3401
839863352524	1375.56	716.17	1281.79	729.62	5.1600	5.3231
839863360858	1376.57	711.95	1283.41	722.58	5.1530	5.3197
839863369190	1374.17	717.61	1279.04	739.23	5.1622	5.3383
839863377524	1369.23	721.63	1281.31	724.75	5.1621	5.3078
839863385856	1374.08	717.41	1280.26	725.80	5.1463	5.3117
839863394193	1370.74	723.43	1281.59	722.81	5.1669	5.3039
839863402526	1371.69	726.14	1279.77	721.09	5.1683	5.3077
839863410859	1370.61	715.37	1277.43	727.50	5.1644	5.3133
839863419193	1372.12	716.12	1273.12	730.92	5.1499	5.3017
839863427526	1372.72	712.61	1275.51	727.96	5.1388	5.3165
839863435860	1372.54	709.16	1277.10	728.51	5.1435	5.3004
839863444193	1370.37	708.55	1274.61	728.76	5.1433	5.3026
839863452526	1375.85	716.51	1271.28	728.72	5.1596	5.2969
839863460859	1375.21	712.17	1277.52	735.28	5.1403	5.2999
839863469191	1376.42	721.65	1279.18	736.61	5.1662	5.3189
839863477525	1375.61	706.61	1277.06	725.10	5.1428	5.2883
839863485859	1377.94	706.42	1278.71	723.60	5.1451	5.2873
839863494191	1374.48	711.35	1280.46	725.60	5.1390	5.2766
839863502525	1379.61	719.90	1286.00	732.37	5.1583	5.2953
839863510858	1379.67	714.79	1286.58	730.16	5.1478	5.2802
839863519192	1382.58	718.15	1292.33	734.95	5.1437	5.2906
839863527532	1381.46	716.98	1288.50	735.46	5.1447	5.2895
839863535865	1384.57	718.17	1292.16	730.55	5.1445	5.2783
839863544198	1380.67	722.97	1291.56	729.59	5.1343	5.2727
839863552531	1376.55	730.38	1285.55	731.39	5.1531	5.2844
839863560864	1378.13	725.37	1283.95	730.42	5.1407	5.2783
839863569198	1375.29	727.50	1279.30	729.62	5.1380	5.2901
839863577531	1379.50	724.95	1280.86	733.08	5.1461	5.2736
839863585864	1380.34	716.27	1284.46	730.74	5.1293	5.2930
839863594197	1381.12	715.98	1285.13	721.33	5.1445	5.2925
839863602531	1380.54	717.66	1290.78	725.02	5.1370	5.2876
839863610864	1381.38	711.28	1292.52	736.55	5.1139	5.3125
839863619196	1380.43	715.83	1289.60	723.09	5.1505	5.2950
839863627530	1380.42	714.95	1290.01	729.30	5.1272	5.3028
839863635863	1376.84	723.15	1293.82	722.72	5.1443	5.3008
839863644197	1374.79	725.79	1290.62	732.98	5.1501	5.3070
839863652530	1371.02	721.76	1291.73	734.00	5.1396	5.3053
839863660867	1368.49	720.98	1288.58	732.13	5.1583	5.3012
839863669201	1367.39	716.04	1282.57	735.32	5.1262	5.3063
839863677534	1367.59	723.18	1282.43	740.95	5.1246	5.3028
839863685867	1363.96	726.56	1278.64	732.79	5.1441	5.2993
839863694201	1365.96	722.35	1275.01	736.78	5.1339	5.3234
839863702532	1361.21	722.27	1271.04	728.64	5.1279	5.3058
839863710866	1367.16	714.15	1272.45	732.60	5.1325	5.3054
839863719199	1371.62	709.92	1273.76	733.20	5.1278	5.3065
839863727533	1366.11	712.18	1270.67	731.90	5.1331	5.3154
839863735866	1362.88	718.83	1275.75	731.51	5.1344	5.3066
839863744199	1363.05	720.32	1274.41	732.77	5.1465	5.3132
839863752533	1362.84	720.07	1277.72	728.88	5.1401	5.3141
839863760866	1367.78	713.04	1279.73	731.77	5.1310	5.3132
839863769200	1360.17	716.07	1277.54	733.09	5.1372	5.3122
839863777532	1364.58	722.84	1278.79	735.52	5.1443	5.3270
839863785870	1368.71	711.14	1279.13	737.10	5.1412	5.3180
839863794204	1366.38	714.38	1290.42	728.79	5.1367	5.2975
839863802536	1364.29	720.51	1286.46	727.32	5.1448	5.2929
839863810870	1365.73	713.19	1291.21	725.65	5.1078	5.2941
839863819204	1367.64	718.11	1293.68	729.24	5.1322	5.2991
839863827536	1369.61	721.21	1288.95	735.45	5.1301	5.3087
839863835870	1371.70	722.18	1293.93	729.05	5.1356	5.2960
839863844203	1363.99	720.56	1296.22	733.31	5.1259	5.2884
839863852537	1371.38	721.24	1294.44	730.41	5.1337	5.2902
839863860869	1368.77	727.60	1296.43	730.05	5.1573	5.2850
839863869202	1373.24	725.87	1292.94	735.88	5.1383	5.3168
839863877536	1366.11	722.26	1297.47	740.26	5.1149	5.3131
839863885869	1370.95	730.97	1297.96	740.07	5.1405	5.3175
839863894203	1370.47	732.70	1293.72	739.31	5.1390	5.3009
839863902536	1375.27	733.06	1292.77	736.08	5.1332	5.3153
839863910869	1371.95	730.46	1293.40	735.13	5.1328	5.3122
839863919209	1367.88	729.18	1294.20	727.49	5.1350	5.3040
839863927541	1366.27	732.64	1295.84	725.32	5.1512	5.2844
839863935874	1365.19	733.54	1297.15	729.39	5.1389	5.3112
839863944208	1371.13	733.57	1288.22	728.41	5.1341	5.3108
839863952540	1368.07	728.71	1291.32	721.59	5.1460	5.2976
839863960874	1371.09	726.69	1286.31	718.51	5.1400	5.2922
839863969207	1374.83	720.08	1289.94	721.12	5.1507	5.3024
839863977541	1378.62	713.61	1282.19	716.60	5.1580	5.3143
839863985874	1376.48	708.14	1281.25	723.80	5.1666	5.3168
839863994207	1372.41	720.65	1281.69	716.74	5.1623	5.3237
839864002541	1369.98	721.00	1282.12	719.70	5.1612	5.3118
839864010874	1377.97	730.35	1280.87	720.06	5.1565	5.3212
839864019207	1371.47	734.98	1283.81	723.91	5.1551	5.3279
839864027540	1377.03	744.79	1289.08	729.02	5.1686	5.3245
839864035873	1372.73	735.08	1286.96	720.44	5.1749	5.3251
839864044206	1372.17	730.94	1288.63	722.97	5.1559	5.3365
839864052543	1377.05	738.61	1291.12	726.42	5.1772	5.3363
839864060877	1369.13	735.01	1294.71	726.42	5.1810	5.3311
839864069211	1370.28	730.19	1297.33	724.39	5.1731	5.3452
839864077543	1368.99	733.52	1299.65	725.18	5.1686	5.3324
839864085877	1370.84	734.27	1299.97	719.58	5.1754	5.3289
839864094209	1371.88	727.50	1298.52	725.98	5.1717	5.3283
839864102543	1372.61	734.65	1299.51	715.70	5.1734	5.3131
839864110876	1374.66	726.85	1294.92	725.55	5.1627	5.3564
839864119209	1369.07	726.09	1293.68	722.99	5.1846	5.3535
839864127543	1372.70	725.56	1291.35	728.84	5.1758	5.3632
839864135876	1374.84	728.50	1288.62	731.92	5.1926	5.3675
839864144209	1371.10	730.52	1286.53	725.04	5.1880	5.3546
839864152543	1376.32	730.22	1293.05	723.09	5.1778	5.3423
839864160876	1374.61	729.80	1290.79	723.30	5.2021	5.3670
839864169209	1371.09	725.73	1296.50	726.11	5.2120	5.3663
839864177541	1374.21	718.40	1299.60	719.79	5.2021	5.3729
839864185879	1377.08	720.54	1294.78	717.99	5.2175	5.3777
839864194212	1373.88	715.54	1300.11	719.63	5.2206	5.3762
839864202545	1374.19	724.70	1297.93	716.94	5.2398	5.3771
839864210879	1376.07	715.45	1293.59	723.18	5.2208	5.3940
839864219212	1371.51	723.30	1301.65	710.88	5.2304	5.3764
839864227546	1369.66	717.66	1294.01	721.67	5.2275	5.4088
839864235879	1367.29	713.73	1294.77	721.63	5.2225	5.4060
839864244212	1371.34	733.36	1289.89	724.18	5.2770	5.4021
839864252546	1370.04	725.85	1287.82	729.92	5.2336	5.4159
839864260878	1368.13	720.89	1291.97	722.73	5.2523	5.4118
839864269211	1368.76	720.46	1287.48	723.68	5.2361	5.4183
839864277545	1370.86	729.72	1290.95	723.65	5.2498	5.4199
839864285877	1371.93	722.69	1285.58	722.60	5.2431	5.4221
839864294211	1371.08	724.51	1287.78	725.13	5.2604	5.4247
839864302544	1369.13	726.46	1288.14	729.36	5.2578	5.4362
839864310883	1370.52	726.64	1290.21	728.73	5.2496	5.4384
839864319216	1373.95	727.58	1288.17	731.66	5.2639	5.4521
839864327549	1374.17	728.20	1288.40	728.63	5.2759	5.4433
839864335882	1373.08	729.88	1289.78	728.07	5.2619	5.4752
839864344215	1367.03	722.04	1286.74	730.28	5.2555	5.4688
839864352549	1364.75	724.74	1288.65	728.83	5.2641	5.4681
839864360882	1364.81	727.62	1289.65	737.83	5.2801	5.4825
839864369215	1365.94	721.60	1286.40	748.05	5.2816	5.5191
839864377549	1369.90	721.98	1288.74	729.62	5.2785	5.4708
839864385881	1366.14	726.66	1285.78	734.31	5.2881	5.4992
839864394215	1367.87	729.63	1278.20	744.22	5.2928	5.5190
839864402549	1377.19	728.49	1286.78	751.91	5.3010	5.5359
839864410881	1377.11	718.97	1290.79	772.81	5.2840	5.5607
839864419214	1375.52	724.69	1292.31	747.90	5.3029	5.5249
839864427547	1375.78	731.03	1294.16	757.48	5.3098	5.5455
839864435881	1374.00	719.65	1296.94	754.65	5.2886	5.5399
839864444219	1378.86	728.52	1290.03	758.29	5.3141	5.5677
839864452552	1376.81	724.49	1297.08	762.96	5.3037	5.5752
839864460886	1382.44	719.42	1296.64	762.86	5.2981	5.5811
839864469219	1381.08	722.58	1289.15	771.67	5.3197	5.5901
839864477553	1375.46	730.55	1294.14	754.41	5.3242	5.5604
839864485886	1376.55	734.80	1287.43	754.08	5.3140	5.5232
839864494218	1381.23	736.24	1284.96	730.55	5.3101	5.5179
839864502552	1384.49	750.92	1291.67	778.55	5.3090	5.4478
839864510884	1381.96	738.59	1287.58	886.24	5.3212	5.1485
839864519218	1380.11	773.76	1414.50	1067.22	5.2635	4.0945
839864527551	1387.42	855.03	1343.86	1344.82	5.0220	3.1010
839864535884	1351.25	998.81	NaN	NaN	4.6655	NaN
839864544210	NaN	NaN	1199.48	1434.12	NaN	2.8272
839864552543	NaN	NaN	NaN	NaN	NaN	NaN
839864560877	1592.05	1099.05	NaN	NaN	3.9671	NaN
839864569210	1392.20	1034.20	NaN	NaN	4.6521	NaN
839864577547	1381.03	982.82	NaN	NaN	4.7860	NaN
839864585879	1384.41	919.82	NaN	NaN	4.9010	NaN
839864594213	1390.02	869.61	NaN	NaN	5.0655	NaN
839864602546	1379.21	844.97	NaN	NaN	5.1306	NaN
839864610879	1392.87	812.44	NaN	NaN	5.1683	NaN
839864619213	1382.06	799.08	NaN	NaN	5.2386	NaN
839864627545	1374.89	768.28	NaN	NaN	5.2463	NaN
839864635879	1363.43	766.66	NaN	NaN	5.2304	NaN
839864644213	1368.20	753.32	1204.10	1082.00	5.2916	4.3655
839864652545	1356.68	737.60	NaN	NaN	5.2821	NaN
839864660878	1358.84	732.78	NaN	NaN	5.3015	NaN
839864669220	1358.79	720.35	1362.13	1001.51	5.3076	4.5515
839864677545	1357.33	722.56	1242.33	1032.91	5.3312	4.5781
839864685878	1355.32	719.30	NaN	NaN	5.3018	NaN
839864694212	1363.14	720.10	NaN	NaN	5.3215	NaN
839864702544	1358.07	725.30	NaN	NaN	5.3214	NaN
839864710883	1361.03	736.90	NaN	NaN	5.3027	NaN
839864719217	1355.25	736.72	NaN	NaN	5.3148	NaN
839864727551	1359.71	739.03	NaN	NaN	5.3183	NaN
839864735882	1360.97	735.07	1251.98	1199.95	5.3202	5.0527
839864744215	1367.80	732.15	NaN	NaN	5.3366	NaN
839864752549	1367.54	722.44	NaN	NaN	5.3376	NaN
839864760883	1365.08	728.54	NaN	NaN	5.3488	NaN
839864769216	1366.10	721.97	1296.20	1173.32	5.3361	5.0076
839864777550	1363.91	728.60	NaN	NaN	5.3462	NaN
839864785882	1358.96	735.24	NaN	NaN	5.3409	NaN
839864794215	1363.34	727.51	NaN	NaN	5.3477	NaN
839864802557	1356.48	727.44	NaN	NaN	5.3418	NaN
839864810889	1348.89	727.07	NaN	NaN	5.3249	NaN
839864819214	1356.51	727.75	NaN	NaN	5.3367	NaN
839864827547	1357.46	726.05	NaN	NaN	5.3359	NaN
839864835884	1355.65	725.34	1239.25	1167.64	5.3477	4.9334
839864844217	1356.16	719.35	NaN	NaN	5.3464	NaN
839864852551	1351.19	730.31	1277.97	1158.52	5.3691	5.1237
839864860884	1347.80	718.21	NaN	NaN	5.3367	NaN
839864869217	1350.65	731.45	1275.82	1140.78	5.3344	5.0421
839864877550	1353.80	731.12	1428.32	1042.14	5.3507	4.6423
839864885885	1347.14	734.39	NaN	NaN	5.3304	NaN
839864894216	1346.14	729.24	1178.49	1080.15	5.3328	4.7536
839864902558	1346.89	725.21	1193.36	1108.84	5.3210	4.7121
839864910892	1348.63	728.70	NaN	NaN	5.3342	NaN
839864919217	1355.37	725.44	NaN	NaN	5.3182	NaN
839864927550	1363.76	725.29	1158.70	1132.28	5.3320	4.5549
839864935884	1355.83	729.54	NaN	NaN	5.3123	NaN
839864944217	1359.77	732.51	NaN	NaN	5.3134	NaN
839864952550	1357.74	738.71	1224.99	1156.17	5.3235	4.5800
839864960883	1361.45	729.83	NaN	NaN	5.2996	NaN
839864969223	1354.98	729.79	NaN	NaN	5.2977	NaN
839864977557	1356.37	725.22	NaN	NaN	5.2924	NaN
839864985891	1356.95	734.99	NaN	NaN	5.2762	NaN
839864994224	1357.13	739.72	NaN	NaN	5.3008	NaN
839865002558	1350.77	728.99	NaN	NaN	5.3040	NaN
839865010889	1358.76	735.72	NaN	NaN	5.2954	NaN
839865019223	1356.25	736.55	NaN	NaN	5.2800	NaN
839865027557	1356.46	731.04	NaN	NaN	5.2511	NaN
839865035889	1355.17	748.13	NaN	NaN	5.2356	NaN
839865044223	1353.46	756.32	NaN	NaN	5.2456	NaN
839865052556	1353.86	747.91	1390.10	1027.55	5.2185	4.6497
839865060888	1348.80	726.12	NaN	NaN	5.2469	NaN
839865069222	1352.81	741.48	NaN	NaN	5.2190	NaN
839865077564	1353.02	754.47	NaN	NaN	5.2084	NaN
839865085890	1349.59	753.36	1369.59	1071.22	5.1914	4.8592
839865094222	1346.95	745.64	NaN	NaN	5.1982	NaN
839865102558	1345.78	726.41	NaN	NaN	5.1757	NaN
839865110891	1345.84	744.00	NaN	NaN	5.1773	NaN
839865119225	1346.68	745.69	NaN	NaN	5.1742	NaN
839865127558	1341.16	741.76	NaN	NaN	5.1975	NaN
839865135891	1348.32	755.63	1357.59	1045.43	5.1552	4.9689
839865144224	1341.03	751.97	1347.84	1042.15	5.1579	5.1160
839865152557	1348.20	757.31	1355.33	1031.66	5.1529	5.0580
839865160891	1347.76	752.85	NaN	NaN	5.1361	NaN
839865169224	1341.90	759.94	NaN	NaN	5.1454	NaN
839865177557	1344.78	749.32	NaN	NaN	5.1362	NaN
839865185890	1342.45	745.64	NaN	NaN	5.1237	NaN
839865194224	1344.02	734.39	NaN	NaN	5.1711	NaN
839865202558	1343.16	733.83	NaN	NaN	5.1472	NaN
839865210890	1333.66	734.95	NaN	NaN	5.1394	NaN
839865219223	1341.21	737.20	NaN	NaN	5.1067	NaN
839865227556	1335.84	745.20	NaN	NaN	5.1122	NaN
839865235894	1332.95	734.75	NaN	NaN	5.1191	NaN
839865244227	1333.81	733.71	NaN	NaN	5.1049	NaN
839865252561	1333.02	744.48	NaN	NaN	5.0928	NaN
839865260893	1336.27	744.72	NaN	NaN	5.1001	NaN
839865269228	1335.58	740.33	1318.50	1075.10	5.1019	4.6926
839865277560	1367.67	747.27	NaN	NaN	5.0983	NaN
839865285902	1373.60	743.05	NaN	NaN	5.0933	NaN
839865294227	1366.47	740.37	1353.14	1183.98	5.0989	4.3890
839865302568	1368.62	742.12	NaN	NaN	5.0860	NaN
839865310901	1369.73	742.80	NaN	NaN	5.0853	NaN
839865319234	1369.20	747.13	NaN	NaN	5.0807	NaN
839865327568	1367.54	741.85	NaN	NaN	5.0811	NaN
839865335901	1367.55	743.18	NaN	NaN	5.0815	NaN
839865344234	1365.84	739.92	NaN	NaN	5.0630	NaN
839865352567	1364.92	745.45	1308.01	1151.01	5.0638	4.6383
839865360908	1366.48	753.89	NaN	NaN	5.0722	NaN
839865369241	1372.32	741.31	NaN	NaN	5.0817	NaN
839865377566	1372.50	746.59	NaN	NaN	5.0519	NaN
839865385900	1371.85	743.58	NaN	NaN	5.0627	NaN
839865394233	1373.24	736.02	NaN	NaN	5.0754	NaN
839865402566	1370.23	736.33	NaN	NaN	5.0682	NaN
839865410900	1373.07	732.87	NaN	NaN	5.0425	NaN
839865419240	1373.77	740.37	NaN	NaN	5.0312	NaN
839865427574	1376.74	733.98	NaN	NaN	5.0534	NaN
839865435907	1369.24	767.15	NaN	NaN	5.0093	NaN
839865444241	1366.36	754.84	NaN	NaN	5.0123	NaN
839865452564	1366.14	762.01	NaN	NaN	5.0248	NaN
839865460897	1354.39	755.83	NaN	NaN	4.9971	NaN
839865469231	1356.23	741.74	NaN	NaN	5.0136	NaN
839865477564	1358.82	763.59	1381.50	1090.14	4.9864	4.9374
839865485898	1354.98	759.51	NaN	NaN	4.9966	NaN
839865494234	1356.93	738.34	NaN	NaN	5.0057	NaN
839865502567	1352.39	732.28	1252.61	1007.73	4.9993	4.2012
839865510901	1368.16	785.23	NaN	NaN	4.9114	NaN
839865519235	1366.56	851.39	NaN	NaN	4.8073	NaN
839865527566	1330.07	996.63	NaN	NaN	4.4519	NaN
839865535899	1722.43	1165.88	NaN	NaN	3.4863	NaN
839865544233	NaN	NaN	NaN	NaN	NaN	NaN
839865552567	NaN	NaN	NaN	NaN	NaN	NaN
839865560901	NaN	NaN	NaN	NaN	NaN	NaN
839865569234	NaN	NaN	NaN	NaN	NaN	NaN
839865577567	NaN	NaN	NaN	NaN	NaN	NaN
839865585901	NaN	NaN	NaN	NaN	NaN	NaN
839865594233	1301.90	1242.98	NaN	NaN	2.9492	NaN
839865602567	NaN	NaN	NaN	NaN	NaN	NaN
839865610899	1359.95	990.95	NaN	NaN	4.4067	NaN
839865619233	1316.70	885.72	1195.17	981.41	4.6652	4.2059
839865627578	1338.41	810.55	1314.15	878.90	4.8061	4.7632
839865635912	1344.76	755.96	1321.46	808.36	4.9174	4.9348
839865644245	1350.50	725.24	1306.57	750.41	4.9513	5.0118
839865652579	1344.82	709.44	1311.37	715.05	5.0016	5.0725
839865660904	1350.63	727.26	1302.79	698.89	4.9777	5.1187
839865669246	1348.53	741.23	1295.86	669.76	4.9613	5.1591
839865677579	1354.33	736.41	1291.12	656.69	4.9509	5.1508
839865685911	1353.29	736.21	1287.82	672.83	4.9664	5.1893
839865694244	1343.25	727.75	1292.24	680.80	4.9659	5.1846
839865702578	1344.84	725.17	1293.66	694.96	4.9526	5.1633
839865710911	1344.70	734.22	1290.65	726.95	4.9652	5.1875
839865719244	1340.36	726.81	1292.11	710.21	4.9569	5.1388
839865727578	1343.83	730.56	1284.27	733.01	4.9748	5.1874
839865735911	1347.76	718.94	1290.61	739.48	4.9379	5.2079
839865744244	1349.29	729.95	1282.05	707.93	4.9663	5.2160
839865752582	1351.82	728.70	1284.17	708.36	4.9596	5.2139
839865760915	1352.69	737.46	1284.40	718.12	4.9714	5.1978
839865769247	1354.13	728.03	1282.20	759.50	4.9548	5.2284
839865777580	1357.92	734.41	1284.93	731.78	4.9699	5.1486
839865785914	1356.09	736.68	1283.78	748.27	4.9593	5.1668
839865794247	1353.49	731.98	1277.83	760.65	4.9464	5.2007
839865802581	1353.13	731.63	1280.08	753.47	4.9725	5.1868
839865810914	1356.43	734.06	1282.03	736.24	4.9574	5.1506
839865819247	1359.49	734.44	1268.73	759.05	4.9654	5.1927
839865827580	1357.79	736.48	1275.32	721.91	4.9666	5.1261
839865835914	1356.65	730.14	1276.67	740.26	4.9615	5.1561
839865844246	1357.70	750.16	1274.59	737.67	4.9836	5.1481
839865852580	1352.25	720.40	1278.99	710.46	4.9146	5.0996
839865860913	1359.77	728.68	1279.85	710.08	4.9296	5.0925
839865869246	1359.81	743.16	1280.22	699.41	4.9584	5.0674
839865877580	1356.04	731.86	1279.60	697.56	4.9277	5.0605
839865885918	1364.67	733.99	1281.95	692.68	4.9274	5.0499
839865894251	1351.73	728.18	1278.29	692.53	4.9011	5.0443
839865902584	1358.03	729.09	1275.44	690.78	4.8964	5.0369
839865910917	1358.44	725.36	1280.62	690.78	4.8765	5.0546
839865919251	1352.71	735.63	1282.42	689.08	4.8999	5.0376
839865927583	1349.22	737.41	1283.42	692.78	4.8912	5.0568
839865935917	1351.12	741.66	1285.87	690.65	4.8969	5.0383
839865944250	1359.39	738.75	1284.70	683.56	4.8904	5.0269
839865952584	1351.33	743.19	1284.67	684.67	4.8828	5.0227
839865960916	1356.36	737.06	1286.24	686.53	4.8612	5.0139
839865969250	1351.89	739.23	1280.97	690.51	4.8587	5.0050
839865977583	1356.42	739.43	1284.00	693.54	4.8573	5.0308
839865985916	1354.56	735.97	1287.16	694.87	4.8541	5.0187
839865994250	1353.38	726.84	1286.01	697.82	4.8254	5.0158
839866002584	1356.09	743.09	1283.20	701.35	4.8341	5.0296
839866010915	1352.62	741.78	1284.64	700.55	4.8286	5.0059
839866019254	1353.43	725.45	1283.73	700.77	4.7936	4.9927
839866027588	1358.05	737.75	1282.15	712.53	4.8027	5.0042
839866035921	1361.13	742.23	1285.17	708.38	4.8118	4.9892
839866044254	1362.26	735.80	1284.60	717.39	4.7930	5.0062
839866052588	1361.02	744.50	1283.04	711.14	4.7969	4.9966
839866060920	1364.14	745.18	1284.80	708.10	4.7938	4.9856
839866069254	1361.85	739.45	1282.74	710.02	4.7843	4.9684
839866077587	1366.76	746.06	1282.63	719.51	4.7850	4.9770
839866085920	1364.64	755.42	1281.39	711.69	4.7979	4.9621
839866094253	1369.39	748.32	1286.53	728.93	4.7552	4.9634
839866102587	1365.24	760.57	1282.26	725.88	4.7924	4.9537
839866110920	1358.51	752.11	1287.52	727.00	4.7414	4.9644
839866119253	1361.19	763.91	1288.09	725.71	4.7764	4.9513
839866127586	1360.95	752.12	1283.94	722.50	4.7423	4.9500
839866135920	1357.23	771.32	1283.19	727.37	4.7735	4.9542
839866144253	1361.74	770.18	1290.19	729.77	4.7641	4.9489
839866152591	1357.91	763.26	1283.29	732.62	4.7428	4.9579
839866160924	1358.16	757.17	1288.24	724.18	4.7259	4.9401
839866169257	1358.81	768.09	1290.18	728.14	4.7396	4.9393
839866177590	1353.56	770.61	1284.20	729.34	4.7468	4.9315
839866185924	1351.76	752.29	1289.63	720.79	4.7011	4.9057
839866194257	1353.71	764.23	1285.09	717.72	4.7193	4.8894
839866202590	1356.74	765.62	1290.20	719.08	4.7209	4.8927
839866210923	1348.45	759.83	1289.87	710.48	4.6959	4.8877
839866219257	1354.70	773.65	1290.85	719.49	4.7210	4.8965
839866227590	1350.52	759.33	1285.58	718.81	4.6835	4.8921
839866235923	1352.11	770.79	1286.60	719.15	4.7013	4.8933
839866244256	1351.63	756.31	1289.01	716.71	4.6638	4.8816
839866252589	1352.58	770.37	1279.11	714.79	4.6836	4.8892
839866260922	1349.20	768.83	1284.56	715.81	4.6712	4.8748
839866269256	1355.50	764.78	1285.59	720.05	4.6712	4.8747
839866277591	1352.63	765.11	1282.42	712.61	4.6686	4.8771
839866285924	1348.25	771.94	1283.56	710.36	4.6591	4.8524
839866294258	1344.64	764.03	1283.83	712.89	4.6528	4.8613
839866302591	1349.16	767.28	1279.68	712.06	4.6697	4.8671
839866310925	1351.04	758.11	1282.02	720.48	4.6520	4.8773
839866319258	1345.27	756.56	1278.71	716.69	4.6560	4.8656
839866327590	1343.08	752.86	1280.85	725.75	4.6406	4.8681
839866335924	1343.04	757.82	1279.48	720.91	4.6384	4.8694
839866344257	1349.04	755.01	1275.72	718.82	4.6446	4.8509
839866352590	1344.53	750.34	1275.53	706.65	4.6255	4.8321
839866360924	1347.56	748.65	1276.89	717.52	4.6213	4.8551
839866369257	1347.11	755.03	1274.67	713.40	4.6260	4.8333
839866377590	1351.11	744.52	1278.41	709.90	4.6118	4.8283
839866385924	1348.96	749.22	1280.64	713.11	4.6100	4.8363
839866394257	1340.49	758.06	1281.45	716.37	4.6085	4.8422
839866402589	1342.64	759.15	1281.39	708.62	4.6086	4.8237
839866410932	1343.97	748.73	1280.26	713.10	4.5815	4.8349
839866419265	1341.40	754.61	1280.37	712.20	4.5919	4.8396
839866427598	1342.24	755.02	1285.92	711.36	4.5927	4.8214
839866435931	1342.84	764.87	1283.66	711.30	4.6012	4.8399
839866444265	1341.00	768.89	1283.88	715.72	4.5996	4.8406
839866452598	1339.59	758.92	1289.87	716.42	4.5972	4.8546
839866460932	1340.98	763.42	1285.55	708.19	4.6109	4.8312
839866469264	1338.61	759.55	1285.06	717.47	4.6004	4.8573
839866477598	1343.21	751.06	1286.85	712.23	4.5859	4.8447
839866485931	1338.53	756.19	1279.74	710.88	4.5804	4.8376
839866494264	1340.18	768.94	1283.83	709.70	4.6085	4.8420
839866502597	1341.72	750.86	1279.20	716.79	4.5790	4.8604
839866510931	1339.84	756.49	1282.02	712.38	4.5725	4.8519
839866519263	1342.09	754.74	1280.64	709.44	4.5754	4.8389
839866527597	1337.55	761.88	1282.15	711.92	4.5913	4.8468
839866535931	1342.28	763.44	1281.43	708.24	4.5788	4.8400
839866544267	1339.95	759.06	1280.20	711.98	4.5802	4.8530
839866552600	1341.54	769.67	1283.50	710.61	4.5961	4.8571
839866560932	1346.56	752.30	1280.44	710.40	4.5835	4.8640
839866569266	1340.90	759.03	1277.83	714.49	4.5739	4.8569
839866577599	1344.12	754.56	1277.42	720.61	4.5819	4.8682
839866585933	1342.70	749.98	1273.28	719.31	4.5653	4.8793
839866594266	1346.34	755.39	1269.24	722.58	4.5947	4.8791
839866602599	1340.99	743.43	1270.70	723.84	4.5715	4.8765
839866610933	1340.80	748.67	1262.88	726.98	4.5883	4.8799
839866619266	1337.47	752.82	1265.43	740.55	4.5867	4.9095
839866627599	1336.46	739.00	1261.73	748.06	4.5757	4.9292
839866635932	1336.77	743.44	1265.15	733.12	4.5813	4.8827
839866644264	1334.81	739.77	1267.67	734.71	4.5822	4.9067
839866652598	1336.71	741.32	1262.45	740.23	4.5755	4.9147
839866660931	1333.99	736.11	1267.01	744.68	4.5816	4.9324
839866669265	1335.79	735.65	1266.37	746.00	4.5860	4.9404
839866677603	1331.78	738.29	1266.77	760.60	4.5773	4.9719
839866685936	1331.83	740.74	1267.87	728.53	4.5711	4.8987
839866694270	1333.81	739.28	1258.41	730.75	4.5869	4.9059
839866702603	1334.23	740.90	1263.63	715.42	4.5805	4.8818
839866710937	1331.55	733.86	1261.36	723.08	4.5518	4.8848
839866719269	1333.27	730.64	1264.16	718.17	4.5806	4.8724
839866727602	1331.75	733.37	1263.82	728.98	4.5676	4.8848
839866735935	1328.67	736.91	1264.30	725.47	4.5683	4.8775
839866744269	1332.80	736.45	1266.10	720.99	4.5689	4.8741
839866752602	1334.62	738.41	1271.62	729.19	4.5756	4.8917
839866760935	1332.39	735.40	1268.92	722.75	4.5599	4.8702
839866769268	1338.06	745.30	1270.88	714.27	4.5722	4.8633
839866777602	1340.08	746.47	1276.35	713.07	4.5740	4.8538
839866785935	1341.21	751.48	1274.81	713.74	4.5962	4.8608
839866794269	1337.17	748.11	1276.72	714.09	4.5748	4.8577
839866802605	1341.16	746.33	1275.59	710.26	4.5695	4.8568
839866810938	1339.59	743.31	1283.04	711.36	4.5698	4.8449
839866819272	1340.17	742.35	1283.26	715.71	4.5706	4.8691
839866827605	1338.02	737.03	1284.88	709.80	4.5636	4.8512
839866835938	1336.38	742.30	1282.44	715.71	4.5692	4.8615
839866844272	1337.65	749.37	1283.51	712.08	4.5929	4.8671
839866852605	1336.24	755.30	1279.21	708.33	4.5963	4.8534
839866860938	1338.32	752.58	1280.87	713.04	4.5815	4.8550
839866869272	1331.50	755.83	1282.32	719.52	4.5769	4.8671
839866877605	1338.66	759.84	1279.58	719.98	4.5976	4.8835
839866885937	1336.39	767.88	1278.44	714.64	4.6136	4.8517
839866894270	1329.09	768.36	1274.98	711.61	4.6138	4.8484
839866902604	1335.78	774.57	1272.29	708.45	4.6191	4.8373
839866910937	1329.15	770.40	1274.44	709.11	4.6104	4.8532
839866919271	1330.56	754.87	1273.14	708.09	4.5771	4.8555
839866927604	1336.13	767.41	1273.79	712.45	4.6140	4.8446
839866935942	1326.97	769.59	1274.48	712.35	4.6159	4.8445
839866944276	1328.68	769.78	1274.07	716.69	4.6039	4.8498
839866952609	1326.75	773.21	1275.18	712.68	4.5947	4.8376
839866960941	1341.06	770.83	1285.52	699.78	4.5945	4.8211
839866969275	1339.40	761.99	1288.48	702.66	4.5932	4.8369
839866977607	1340.09	765.92	1289.43	700.03	4.5883	4.8229
839866985941	1341.49	771.28	1281.28	704.32	4.6008	4.8421
839866994275	1345.50	762.43	1279.91	705.94	4.5782	4.8331
839867002608	1336.77	766.21	1283.89	705.20	4.5864	4.8287
839867010941	1342.21	755.94	1278.82	713.84	4.5704	4.8453
839867019274	1342.24	771.09	1287.71	704.85	4.5929	4.8322
839867027608	1336.66	754.43	1283.22	708.81	4.5687	4.8330
839867035941	1337.27	758.54	1281.20	704.33	4.5714	4.8302
839867044274	1338.55	766.46	1285.19	709.32	4.5907	4.8303
839867052607	1337.25	759.02	1283.98	703.65	4.6024	4.8230
839867060940	1343.50	765.04	1284.01	712.96	4.5983	4.8596
839867069278	1340.74	767.48	1287.43	708.54	4.6052	4.8345
839867077612	1340.63	761.01	1291.77	707.44	4.5955	4.8351
839867085945	1338.18	763.08	1291.37	709.59	4.5930	4.8423
839867094279	1340.76	754.64	1289.14	715.08	4.5947	4.8576
839867102611	1342.22	766.35	1284.76	704.39	4.6106	4.8421
839867110945	1343.80	756.93	1289.87	705.47	4.5944	4.8544
839867119278	1343.52	763.84	1285.46	701.69	4.6199	4.8614
839867127611	1339.45	752.75	1290.50	701.77	4.5955	4.8762
839867135944	1340.56	746.40	1289.25	702.34	4.6267	4.8743
839867144277	1343.14	740.30	1290.41	708.00	4.6339	4.8968
839867152610	1339.87	743.00	1290.25	711.14	4.6413	4.8902
839867160944	1343.12	751.43	1287.96	708.99	4.6548	4.8945
839867169278	1344.72	737.29	1293.23	721.96	4.6354	4.9274
839867177611	1343.09	746.30	1291.51	709.13	4.6653	4.9121
839867185944	1340.47	747.21	1294.87	703.67	4.6494	4.9266
839867194282	1342.77	748.61	1289.85	700.71	4.6530	4.9310
839867202615	1342.50	747.54	1281.65	700.97	4.6615	4.9423
839867210948	1336.38	748.75	1283.81	715.50	4.6705	4.9624
839867219281	1344.78	742.10	1280.44	714.22	4.6562	4.9618
839867227615	1347.17	751.45	1281.43	710.91	4.7036	4.9565
839867235948	1345.84	745.77	1279.34	721.12	4.6940	4.9761
839867244281	1352.95	742.53	1280.19	715.03	4.7047	4.9708
839867252615	1351.00	743.30	1282.45	718.25	4.6984	5.0051
839867260948	1354.17	753.70	1278.92	721.00	4.7121	5.0200
839867269281	1352.25	764.06	1278.28	705.78	4.7347	5.0065
839867277613	1347.00	762.88	1280.84	708.40	4.7299	5.0089
839867285947	1349.65	747.33	1277.07	704.53	4.7350	5.0334
839867294280	1347.34	746.00	1275.84	705.74	4.7507	5.0279
839867302614	1350.24	741.46	1277.88	708.30	4.7506	5.0425
839867310947	1347.34	752.87	1277.30	705.64	4.7700	5.0527
839867319280	1350.43	739.55	1275.98	711.54	4.7402	5.0772
839867327620	1351.62	747.80	1282.54	707.35	4.7831	5.0722
839867335953	1353.34	745.51	1281.80	722.22	4.7700	5.0939
839867344286	1351.54	742.58	1280.30	719.11	4.7924	5.0771
839867352620	1356.04	735.17	1276.21	718.00	4.8061	5.0931
839867360952	1348.31	736.94	1277.78	719.69	4.8190	5.1005
839867369285	1342.10	731.11	1274.35	708.23	4.8110	5.1137
839867377619	1346.20	735.95	1274.57	712.93	4.8454	5.1327
839867385952	1345.31	736.60	1279.02	705.18	4.8447	5.1123
839867394285	1343.89	736.26	1274.68	702.77	4.8501	5.1161
839867402618	1336.79	730.30	1276.12	705.47	4.8331	5.1340
839867410952	1344.28	733.21	1273.86	713.74	4.8541	5.1526
839867419285	1347.23	729.46	1276.92	711.54	4.8563	5.1521
839867427619	1349.32	732.12	1273.46	707.77	4.8726	5.1433
839867435951	1348.78	726.01	1270.18	710.13	4.8662	5.1619
839867444284	1348.44	729.80	1270.86	721.48	4.8695	5.1861
839867452618	1346.07	734.79	1271.54	720.30	4.8790	5.2020
839867460954	1351.35	730.27	1271.71	730.60	4.8874	5.2149
839867469287	1351.91	735.66	1269.18	735.75	4.8979	5.2264
839867477621	1348.29	731.69	1268.37	752.85	4.9022	5.2539
839867485954	1344.94	728.67	1264.76	759.89	4.8872	5.2699
839867494287	1346.91	723.00	1266.55	759.53	4.8925	5.2822
839867502621	1349.14	731.75	1265.83	756.21	4.9060	5.2726
839867510954	1347.01	726.01	1257.77	767.86	4.9145	5.2979
839867519286	1352.83	725.66	1261.56	766.85	4.9148	5.2924
839867527619	1348.18	731.90	1257.78	774.61	4.9236	5.3033
839867535953	1338.63	734.73	1266.69	766.67	4.9100	5.2962
839867544286	1351.77	743.63	1264.79	750.23	4.9422	5.3222
839867552620	1352.39	742.90	1262.74	739.39	4.9224	5.3300
839867560953	1351.65	743.18	1269.75	752.46	4.9332	5.3296
839867569286	1342.54	749.36	1264.62	749.31	4.9325	5.3266
839867577620	1345.95	740.79	1265.46	757.27	4.9289	5.3484
839867585953	1345.88	742.14	1265.81	754.54	4.9517	5.3593
839867594291	1349.22	743.54	1268.70	758.91	4.9435	5.3752
839867602624	1344.83	732.45	1267.96	753.21	4.9358	5.3956
839867610956	1351.78	733.42	1264.52	747.75	4.9520	5.3727
839867619290	1346.33	744.50	1269.45	752.91	4.9787	5.4027
839867627624	1340.87	736.08	1263.34	732.83	4.9891	5.3888
839867635957	1347.44	724.34	1268.60	747.62	4.9759	5.4098
839867644290	1346.04	721.37	1267.86	737.55	4.9687	5.4016
839867652623	1352.73	730.14	1276.39	728.11	4.9770	5.3636
839867660957	1345.77	731.55	1272.87	755.66	4.9693	5.3858
839867669290	1343.39	739.73	1272.17	759.72	4.9666	5.3821
839867677623	1344.43	739.75	1270.62	750.61	4.9761	5.3569
839867685956	1345.09	740.59	1271.57	759.85	4.9722	5.3916
839867694289	1345.83	742.46	1274.91	765.33	4.9823	5.3780
839867702623	1352.58	746.47	1269.46	759.06	4.9864	5.3824
839867710956	1346.75	743.40	1268.83	769.56	4.9895	5.4366
839867719295	1345.46	752.59	1275.54	764.41	5.0089	5.4136
839867727628	1348.43	743.18	1273.24	757.91	5.0115	5.4071
839867735961	1346.65	759.01	1275.13	763.51	5.0372	5.3725
839867744295	1343.30	748.49	1275.00	776.25	4.9939	5.3389
839867752629	1354.67	747.78	1280.18	802.02	5.0493	5.3111
839867760961	1352.16	734.99	1262.84	827.42	5.0327	5.2263
839867769294	1341.79	772.38	1274.97	882.39	4.9577	5.1094
839867777618	1348.46	809.67	1278.52	982.95	4.8822	4.9017
839867785952	1349.82	922.36	1245.34	1093.16	4.6827	4.6373
839867794286	1363.81	1003.92	1276.07	1181.62	4.4560	4.0691
839867802628	1412.84	1062.84	NaN	NaN	3.9547	NaN
839867810952	NaN	NaN	1283.01	1309.82	NaN	3.1629
839867819285	NaN	NaN	NaN	NaN	NaN	NaN
839867827619	NaN	NaN	NaN	NaN	NaN	NaN
839867835951	NaN	NaN	NaN	NaN	NaN	NaN
839867844285	1350.51	1202.09	NaN	NaN	3.0837	NaN
839867852622	NaN	NaN	NaN	NaN	NaN	NaN
839867860956	NaN	NaN	1323.42	1365.09	NaN	3.3051
839867869289	NaN	NaN	NaN	NaN	NaN	NaN
839867877622	1599.17	1098.43	NaN	NaN	3.7348	NaN
839867885956	1605.92	1081.12	NaN	NaN	3.7346	NaN
839867894290	NaN	NaN	NaN	NaN	NaN	NaN
839867902621	NaN	NaN	NaN	NaN	NaN	NaN
839867910956	NaN	NaN	NaN	NaN	NaN	NaN
839867919288	NaN	NaN	1095.85	1320.94	NaN	3.6912
839867927621	1484.63	1080.95	NaN	NaN	3.8706	NaN
839867935954	1481.09	1079.66	1136.76	1313.10	4.0116	3.6770
839867944288	1518.07	1075.66	NaN	NaN	3.9976	NaN
839867952620	NaN	NaN	1195.37	1314.14	NaN	3.5132
839867960954	NaN	NaN	1169.06	1322.78	NaN	3.3411
839867969287	NaN	NaN	1250.35	1339.67	NaN	3.4396
839867977621	1611.31	1120.61	1263.67	1361.88	3.7223	3.4242
839867985958	NaN	NaN	1207.75	1348.99	NaN	3.3468
839867994299	NaN	NaN	NaN	NaN	NaN	NaN
839868002624	1495.34	1116.04	NaN	NaN	3.7820	NaN
839868010957	1635.90	1127.50	NaN	NaN	3.6405	NaN
839868019290	1383.16	1358.42	1129.13	1346.36	4.5874	3.2932
839868027624	1582.78	1106.60	1223.17	1541.55	3.7157	2.5815
839868035957	NaN	NaN	NaN	NaN	NaN	NaN
839868044298	1596.55	1099.26	NaN	NaN	3.7345	NaN
839868052623	1486.55	1089.02	NaN	NaN	3.9072	NaN
839868060957	1575.48	1068.45	NaN	NaN	3.7532	NaN
839868069290	1586.01	1072.97	NaN	NaN	3.8094	NaN
839868077631	NaN	NaN	NaN	NaN	NaN	NaN
839868085965	1574.41	1079.75	NaN	NaN	3.8308	NaN
839868094298	1578.11	1082.16	1144.02	1436.62	3.8354	3.0804
839868102631	NaN	NaN	NaN	NaN	NaN	NaN
839868110956	1577.27	1073.30	984.10	1351.47	3.7713	3.5465
839868119292	1483.01	1081.35	NaN	NaN	3.9812	NaN
839868127625	NaN	NaN	1324.13	1321.15	NaN	3.4286
839868135959	NaN	NaN	NaN	NaN	NaN	NaN
839868144292	NaN	NaN	NaN	NaN	NaN	NaN
839868152625	1467.12	1048.11	NaN	NaN	4.0425	NaN
839868160958	1483.02	1027.79	NaN	NaN	4.1200	NaN
839868169291	1417.99	1161.60	1024.38	1284.11	4.5254	3.4849
839868177625	1468.18	1016.16	NaN	NaN	4.1380	NaN
839868185958	NaN	NaN	NaN	NaN	NaN	NaN
839868194299	1473.26	1037.89	NaN	NaN	4.0726	NaN
839868202633	1456.50	1055.97	NaN	NaN	4.0045	NaN
839868210967	NaN	NaN	NaN	NaN	NaN	NaN
839868219300	1567.44	1054.19	NaN	NaN	3.7983	NaN
839868227633	NaN	NaN	1104.33	1311.83	NaN	3.2670
839868235965	1553.07	1052.74	NaN	NaN	3.7992	NaN
839868244297	1557.55	1051.94	NaN	NaN	3.7271	NaN
839868252631	1453.88	1067.81	NaN	NaN	3.9371	NaN
839868260964	1557.01	1056.60	1207.12	1495.22	3.7817	2.4878
839868269304	1595.81	1044.48	1247.14	1556.01	3.8079	2.3573
839868277629	NaN	NaN	1179.51	1301.79	NaN	3.3331
839868285963	1467.60	1146.11	NaN	NaN	4.5103	NaN
839868294297	1479.52	1011.82	1128.64	1268.96	4.0571	3.3166
839868302631	1368.17	1020.47	1148.21	1253.45	4.3909	3.4650
839868310962	1346.27	968.41	1301.97	1346.75	4.4576	3.0391
839868319295	1351.59	975.98	NaN	NaN	4.4746	NaN
839868327637	1372.72	1096.88	1398.02	1230.94	4.7727	3.5061
839868335963	1366.54	1138.99	1035.66	1209.31	4.7404	3.1617
839868344296	1357.74	1033.09	1120.58	1254.93	4.3966	3.0639
839868352629	1351.03	1018.05	1236.37	1338.32	4.3658	2.8002
839868360970	1366.17	1022.17	NaN	NaN	4.3171	NaN
839868369295	1562.14	995.45	NaN	NaN	3.8510	NaN
839868377633	1482.23	995.29	NaN	NaN	4.0234	NaN
839868385967	1395.66	1183.81	NaN	NaN	4.7331	NaN
839868394299	1356.18	1004.80	NaN	NaN	4.4071	NaN
839868402641	1330.37	971.56	NaN	NaN	4.3793	NaN
839868410974	1466.07	924.31	NaN	NaN	4.2158	NaN
839868419308	1348.47	1058.93	NaN	NaN	4.6102	NaN
839868427640	1332.62	978.48	NaN	NaN	4.4178	NaN
839868435974	1381.08	988.33	NaN	NaN	4.3470	NaN
839868444307	1362.83	1153.51	NaN	NaN	4.7390	NaN
839868452641	1466.00	972.94	NaN	NaN	4.0864	NaN
839868460966	1376.49	1077.04	NaN	NaN	4.5578	NaN
839868469300	1484.64	954.84	NaN	NaN	4.0995	NaN
839868477631	1464.63	994.97	NaN	NaN	4.2721	NaN
839868485966	1442.97	1025.15	NaN	NaN	4.3827	NaN
839868494299	1357.00	1040.51	NaN	NaN	4.5362	NaN
839868502632	1360.06	1023.48	1210.23	1194.99	4.5801	3.0723
839868510970	1368.65	945.95	1194.33	1201.01	4.3789	3.1439
839868519312	1356.55	981.14	NaN	NaN	4.6117	NaN
839868527644	1370.92	987.29	NaN	NaN	4.6177	NaN
839868535969	1351.06	1033.01	NaN	NaN	4.6348	NaN
839868544304	1360.10	1077.28	NaN	NaN	4.6235	NaN
839868552637	NaN	NaN	NaN	NaN	NaN	NaN
839868560977	1430.89	1081.94	NaN	NaN	3.9204	NaN
839868569302	NaN	NaN	1520.09	1482.18	NaN	2.3512
839868577635	NaN	NaN	NaN	NaN	NaN	NaN
839868585977	NaN	NaN	1689.95	1290.09	NaN	1.3715
839868594310	NaN	NaN	NaN	NaN	NaN	NaN
839868602635	NaN	NaN	NaN	NaN	NaN	NaN
839868610969	NaN	NaN	NaN	NaN	NaN	NaN
839868619302	NaN	NaN	NaN	NaN	NaN	NaN
839868627635	NaN	NaN	NaN	NaN	NaN	NaN
839868635973	NaN	NaN	NaN	NaN	NaN	NaN
839868644306	NaN	NaN	NaN	NaN	NaN	NaN
839868652639	NaN	NaN	1444.14	1514.09	NaN	2.0128
839868660981	NaN	NaN	1492.77	1452.97	NaN	2.2410
839868669314	NaN	NaN	NaN	NaN	NaN	NaN
839868677647	1579.65	1077.91	NaN	NaN	3.5074	NaN
839868685981	1471.74	1106.14	NaN	NaN	3.8456	NaN
839868694306	1403.88	1216.36	NaN	NaN	4.3936	NaN
839868702647	NaN	NaN	NaN	NaN	NaN	NaN
839868710980	1393.93	1050.13	NaN	NaN	4.3000	NaN
839868719306	1343.05	1093.22	NaN	NaN	4.5962	NaN
839868727646	1339.33	1027.46	1102.20	1370.28	4.5103	1.9985
839868735980	1326.84	1010.41	NaN	NaN	4.5418	NaN
839868744313	1328.79	971.74	NaN	NaN	4.5459	NaN
839868752646	1326.72	921.39	1065.81	1207.65	4.5623	2.9385
839868760980	1318.07	942.78	NaN	NaN	4.5708	NaN
839868769318	1326.60	920.16	NaN	NaN	4.5824	NaN
839868777642	1321.00	935.11	1091.87	1059.55	4.6397	2.7194
839868785976	1329.50	947.79	NaN	NaN	4.7166	NaN
839868794309	1328.13	913.43	NaN	NaN	4.6714	NaN
839868802650	1329.21	885.29	NaN	NaN	4.5874	NaN
839868810983	1327.09	904.92	NaN	NaN	4.5775	NaN
839868819316	1388.07	932.07	1188.84	1245.35	4.4772	2.5099
839868827650	1347.23	1018.65	NaN	NaN	4.6958	NaN
839868835983	1332.35	1028.59	NaN	NaN	4.6867	NaN
839868844308	1330.33	1011.49	NaN	NaN	4.6343	NaN
839868852642	1401.57	997.19	NaN	NaN	4.4797	NaN
839868860976	1327.15	1037.99	NaN	NaN	4.6181	NaN
839868869306	1364.68	1044.65	NaN	NaN	4.6559	NaN
839868877640	1321.66	1037.18	NaN	NaN	4.6419	NaN
839868885973	1324.06	1051.24	961.70	1103.18	4.6829	2.7556
839868894306	1337.84	1014.98	NaN	NaN	4.7144	NaN
839868902653	1412.33	896.76	NaN	NaN	4.3437	NaN
839868910987	1320.27	933.91	1142.54	1379.64	4.6220	2.1493
839868919320	1327.61	901.21	NaN	NaN	4.5872	NaN
839868927653	1327.02	925.19	1052.01	1152.54	4.6909	3.2971
839868935980	1343.60	937.70	NaN	NaN	4.7790	NaN
839868944313	1336.06	905.36	NaN	NaN	4.7111	NaN
839868952644	1333.94	929.78	1028.43	1089.10	4.7710	3.3393
839868960978	1332.82	932.84	968.75	1089.34	4.7019	3.0810
839868969311	1329.33	969.23	NaN	NaN	4.6756	NaN
839868977644	NaN	NaN	NaN	NaN	NaN	NaN
839868985977	1356.44	1045.68	NaN	NaN	4.2237	NaN
839868994311	NaN	NaN	NaN	NaN	NaN	NaN
839869002644	1614.99	1299.16	1239.37	1647.27	2.9442	1.8359
839869010977	NaN	NaN	NaN	NaN	NaN	NaN
839869019311	NaN	NaN	NaN	NaN	NaN	NaN
839869027643	NaN	NaN	NaN	NaN	NaN	NaN
839869035981	1214.79	1751.43	NaN	NaN	0.9933	NaN
839869044314	NaN	NaN	NaN	NaN	NaN	NaN
839869052648	NaN	NaN	NaN	NaN	NaN	NaN
839869060981	NaN	NaN	NaN	NaN	NaN	NaN
839869069315	NaN	NaN	NaN	NaN	NaN	NaN
839869077648	NaN	NaN	NaN	NaN	NaN	NaN
839869085981	NaN	NaN	NaN	NaN	NaN	NaN
839869094315	NaN	NaN	NaN	NaN	NaN	NaN
839869102648	NaN	NaN	NaN	NaN	NaN	NaN
839869110980	NaN	NaN	NaN	NaN	NaN	NaN
839869119313	NaN	NaN	NaN	NaN	NaN	NaN
839869127647	NaN	NaN	NaN	NaN	NaN	NaN
839869135980	NaN	NaN	NaN	NaN	NaN	NaN
839869144314	NaN	NaN	NaN	NaN	NaN	NaN
839869152647	NaN	NaN	NaN	NaN	NaN	NaN
839869160983	NaN	NaN	NaN	NaN	NaN	NaN
839869169317	NaN	NaN	NaN	NaN	NaN	NaN
839869177650	NaN	NaN	NaN	NaN	NaN	NaN
839869185982	NaN	NaN	NaN	NaN	NaN	NaN
839869194315	NaN	NaN	NaN	NaN	NaN	NaN
839869202649	NaN	NaN	NaN	NaN	NaN	NaN
839869210982	NaN	NaN	NaN	NaN	NaN	NaN
839869219315	NaN	NaN	NaN	NaN	NaN	NaN
839869227649	NaN	NaN	NaN	NaN	NaN	NaN
839869235982	NaN	NaN	NaN	NaN	NaN	NaN
839869244316	NaN	NaN	NaN	NaN	NaN	NaN
839869252649	NaN	NaN	NaN	NaN	NaN	NaN
839869260982	NaN	NaN	NaN	NaN	NaN	NaN
839869269314	NaN	NaN	NaN	NaN	NaN	NaN
839869277648	NaN	NaN	NaN	NaN	NaN	NaN
839869285981	NaN	NaN	NaN	NaN	NaN	NaN
839869294322	NaN	NaN	NaN	NaN	NaN	NaN
839869302656	NaN	NaN	NaN	NaN	NaN	NaN
839869310989	NaN	NaN	NaN	NaN	NaN	NaN
839869319323	NaN	NaN	NaN	NaN	NaN	NaN
839869327656	NaN	NaN	NaN	NaN	NaN	NaN
839869335989	NaN	NaN	NaN	NaN	NaN	NaN
839869344322	NaN	NaN	NaN	NaN	NaN	NaN
839869352655	NaN	NaN	NaN	NaN	NaN	NaN
839869360988	NaN	NaN	NaN	NaN	NaN	NaN
839869369321	NaN	NaN	NaN	NaN	NaN	NaN
839869377655	NaN	NaN	NaN	NaN	NaN	NaN
839869385988	NaN	NaN	NaN	NaN	NaN	NaN
839869394322	NaN	NaN	NaN	NaN	NaN	NaN
839869402655	NaN	NaN	NaN	NaN	NaN	NaN
839869410988	NaN	NaN	NaN	NaN	NaN	NaN
839869419321	NaN	NaN	NaN	NaN	NaN	NaN
839869427656	NaN	NaN	NaN	NaN	NaN	NaN
839869435990	NaN	NaN	NaN	NaN	NaN	NaN
839869444323	NaN	NaN	NaN	NaN	NaN	NaN
839869452656	NaN	NaN	NaN	NaN	NaN	NaN
839869460990	NaN	NaN	NaN	NaN	NaN	NaN
839869469324	NaN	NaN	NaN	NaN	NaN	NaN
839869477657	NaN	NaN	NaN	NaN	NaN	NaN
839869485990	NaN	NaN	NaN	NaN	NaN	NaN
839869494324	NaN	NaN	NaN	NaN	NaN	NaN
839869502656	NaN	NaN	NaN	NaN	NaN	NaN
839869510989	NaN	NaN	NaN	NaN	NaN	NaN
839869519322	NaN	NaN	NaN	NaN	NaN	NaN
839869527655	NaN	NaN	NaN	NaN	NaN	NaN
839869535989	NaN	NaN	NaN	NaN	NaN	NaN
839869544323	NaN	NaN	NaN	NaN	NaN	NaN
839869552656	NaN	NaN	NaN	NaN	NaN	NaN
839869560989	NaN	NaN	NaN	NaN	NaN	NaN
839869569278	NaN	NaN	NaN	NaN	NaN	NaN
839869577567	NaN	NaN	NaN	NaN	NaN	NaN
839869585857	NaN	NaN	NaN	NaN	NaN	NaN
839869594190	NaN	NaN	NaN	NaN	NaN	NaN
839869602523	NaN	NaN	NaN	NaN	NaN	NaN
839869610856	NaN	NaN	NaN	NaN	NaN	NaN
839869619189	NaN	NaN	NaN	NaN	NaN	NaN
839869627523	NaN	NaN	NaN	NaN	NaN	NaN
839869635903	NaN	NaN	NaN	NaN	NaN	NaN
839869644283	NaN	NaN	NaN	NaN	NaN	NaN
839869652665	NaN	NaN	NaN	NaN	NaN	NaN
839869660998	NaN	NaN	NaN	NaN	NaN	NaN
839869669330	NaN	NaN	NaN	NaN	NaN	NaN
839869677664	NaN	NaN	NaN	NaN	NaN	NaN
839869686003	NaN	NaN	NaN	NaN	NaN	NaN
839869694337	NaN	NaN	NaN	NaN	NaN	NaN
839869702671	NaN	NaN	NaN	NaN	NaN	NaN
839869711004	NaN	NaN	NaN	NaN	NaN	NaN
839869719337	NaN	NaN	NaN	NaN	NaN	NaN
839869727670	NaN	NaN	NaN	NaN	NaN	NaN
839869736003	NaN	NaN	NaN	NaN	NaN	NaN
839869744336	NaN	NaN	NaN	NaN	NaN	NaN
839869752670	NaN	NaN	NaN	NaN	NaN	NaN
839869761004	NaN	NaN	NaN	NaN	NaN	NaN
839869769337	NaN	NaN	NaN	NaN	NaN	NaN
839869777670	NaN	NaN	NaN	NaN	NaN	NaN
839869786004	NaN	NaN	NaN	NaN	NaN	NaN
839869794336	NaN	NaN	NaN	NaN	NaN	NaN
839869802669	NaN	NaN	NaN	NaN	NaN	NaN
839869811002	NaN	NaN	NaN	NaN	NaN	NaN
839869819340	NaN	NaN	NaN	NaN	NaN	NaN
839869827674	NaN	NaN	NaN	NaN	NaN	NaN
839869836007	NaN	NaN	NaN	NaN	NaN	NaN
839869844341	NaN	NaN	NaN	NaN	NaN	NaN
839869852674	NaN	NaN	NaN	NaN	NaN	NaN
839869861007	NaN	NaN	NaN	NaN	NaN	NaN
839869869340	NaN	NaN	NaN	NaN	NaN	NaN
839869877673	NaN	NaN	NaN	NaN	NaN	NaN
839869886006	NaN	NaN	NaN	NaN	NaN	NaN
839869894339	NaN	NaN	NaN	NaN	NaN	NaN
839869902673	NaN	NaN	NaN	NaN	NaN	NaN
839869911006	NaN	NaN	1420.57	1144.66	NaN	3.5693
839869919340	NaN	NaN	NaN	NaN	NaN	NaN
839869927673	1539.43	960.88	1445.63	1041.45	3.9196	4.1230
839869936006	1407.60	1011.18	1433.46	987.26	4.3232	4.2595
839869944339	1324.45	974.31	1315.22	960.65	4.6936	4.6298
839869952679	1314.55	925.77	1285.88	922.70	4.6743	4.7632
839869961011	1326.28	888.24	1311.54	849.40	4.7742	4.9420
839869969344	1315.87	830.79	1340.52	829.05	4.8519	4.9879
839869977678	1323.84	808.31	1326.81	817.03	4.9156	5.0334
839869986011	1325.39	794.05	1330.50	791.96	4.9460	5.0939
839869994345	1333.73	781.81	1332.32	766.39	5.0197	5.1159
839870002678	1336.70	777.24	1328.37	748.72	5.0442	5.1632
839870011011	1337.25	751.78	1323.33	735.42	5.0591	5.1947
839870019345	1341.79	734.26	1321.52	725.70	5.0843	5.2206
839870027678	1341.16	720.83	1325.50	714.54	5.0829	5.2543
839870036011	1336.50	712.60	1315.05	716.85	5.0861	5.2558
839870044344	1339.40	697.72	1317.90	711.05	5.0515	5.2453
839870052677	1346.23	691.21	1312.10	701.24	5.0719	5.2611
839870061010	1349.67	684.88	1314.50	698.00	5.0896	5.2645
839870069344	1344.73	682.66	1313.06	689.32	5.1033	5.2682
839870077682	1347.13	681.17	1311.93	692.25	5.0969	5.2756
839870086015	1351.24	682.97	1306.69	697.57	5.0803	5.2806
839870094349	1360.06	678.12	1302.42	692.64	5.0945	5.2788
839870102682	1360.94	693.15	1302.97	696.46	5.0899	5.2792
839870111015	1355.96	694.20	1304.20	690.87	5.0958	5.2825
839870119349	1354.30	699.87	1302.98	693.83	5.0732	5.2769
839870127682	1355.61	706.39	1301.86	693.51	5.0593	5.2691
839870136015	1358.18	712.58	1299.88	698.47	5.0316	5.2506
839870144348	1344.85	725.36	1289.95	716.57	5.0294	5.2685
839870152681	1346.24	735.47	1290.59	714.28	5.0399	5.2762
839870161014	1342.59	738.94	1295.08	719.23	5.0314	5.2704
839870169348	1344.14	740.25	1293.73	743.36	5.0166	5.1976
839870177681	1346.28	743.30	1292.35	732.91	5.0246	5.2271
839870186014	1346.61	739.46	1288.54	737.02	5.0265	5.2330
839870194348	1347.53	747.35	1284.29	746.64	5.0108	5.2088
839870202681	1349.26	741.24	1287.48	747.17	5.0070	5.1944
839870211019	1344.58	741.88	1292.49	745.32	5.0027	5.1669
839870219353	1349.15	749.07	1288.17	750.87	5.0089	5.1757
839870227685	1351.60	748.11	1286.78	754.45	5.0032	5.1787
839870236018	1353.43	744.01	1284.52	753.84	4.9823	5.1634
839870244351	1351.02	748.04	1283.97	756.26	4.9798	5.1671
839870252685	1333.81	750.31	1289.80	755.26	4.9639	5.1624
839870261018	1336.91	749.38	1286.08	753.06	4.9525	5.1487
839870269351	1340.69	742.95	1282.31	753.56	4.9407	5.1321
839870277685	1337.07	746.82	1285.10	760.09	4.9300	5.1323
839870286018	1340.69	742.68	1283.02	756.73	4.9250	5.1230
839870294351	1341.11	749.42	1286.85	751.26	4.9096	5.0943
839870302684	1338.12	750.16	1286.84	757.09	4.8889	5.1035
839870311017	1352.52	752.00	1281.88	759.49	4.8819	5.0973
839870319351	1349.04	747.57	1279.89	757.47	4.8764	5.0627
839870327684	1347.27	748.03	1276.21	750.02	4.8677	5.0399
839870336017	1344.19	748.02	1281.11	756.59	4.8476	5.0398
839870344355	1345.58	747.02	1278.30	758.65	4.8253	5.0107
839870352688	1344.32	758.04	1277.41	761.37	4.8293	4.9980
839870361021	1337.78	753.56	1276.31	757.94	4.8090	4.9817
839870369354	1339.64	767.42	1275.82	768.91	4.8069	4.9880
839870377688	1334.88	763.70	1285.17	761.40	4.7862	4.9477
839870386020	1331.26	767.56	1281.71	764.09	4.7824	4.9418
839870394353	1334.17	764.86	1279.07	760.54	4.7699	4.9395
839870402687	1339.22	772.74	1280.52	767.49	4.7757	4.9305
839870411020	1338.80	770.46	1282.78	752.67	4.7655	4.9013
839870419353	1333.69	766.77	1287.42	761.45	4.7348	4.8891
839870427686	1333.01	769.56	1288.55	761.52	4.7316	4.8775
839870436020	1334.32	769.01	1287.15	755.27	4.7246	4.8599
839870444353	1332.89	758.07	1291.16	760.15	4.6954	4.8761
839870452686	1333.61	767.41	1288.93	760.58	4.7043	4.8705
839870461019	1331.44	772.67	1283.61	761.16	4.6973	4.8721
839870469352	1335.29	758.83	1283.44	754.45	4.6820	4.8330
839870477691	1332.60	766.91	1287.93	753.37	4.6943	4.8336
839870486024	1338.09	768.90	1292.41	751.92	4.6969	4.8271
839870494357	1339.54	769.00	1290.50	754.05	4.6861	4.8193
839870502690	1325.56	767.21	1287.54	751.56	4.6711	4.8332
839870511023	1333.42	759.52	1287.92	751.72	4.6552	4.8108
839870519357	1337.04	770.48	1287.75	750.67	4.6803	4.8110
839870527690	1338.71	761.67	1288.63	753.04	4.6535	4.8110
839870536023	1339.04	765.71	1285.93	747.41	4.6601	4.7915
839870544356	1333.57	761.86	1286.80	747.05	4.6408	4.8045
839870552690	1335.93	758.71	1287.60	746.61	4.6207	4.7807
839870561023	1335.47	761.54	1287.50	748.02	4.6145	4.7961
839870569356	1334.19	770.78	1290.19	751.10	4.6423	4.7894
839870577690	1333.34	760.33	1288.43	745.94	4.6111	4.7894
839870586023	1333.32	756.32	1284.70	745.24	4.5982	4.7829
839870594356	1332.40	755.48	1287.36	745.63	4.5894	4.7739
839870602694	1330.68	746.79	1283.36	742.90	4.5850	4.7752
839870611028	1333.51	748.11	1279.91	744.23	4.5891	4.7820
839870619360	1331.85	741.20	1285.93	743.30	4.5835	4.7758
839870627693	1331.59	742.56	1284.36	742.80	4.5699	4.7812
839870636027	1330.78	740.55	1280.38	743.97	4.5852	4.7702
839870644360	1333.39	746.12	1280.76	740.70	4.5811	4.7703
839870652694	1329.59	738.04	1277.15	741.52	4.5739	4.7433
839870661027	1329.60	741.12	1278.65	743.54	4.5746	4.7747
839870669360	1328.85	742.78	1279.67	739.15	4.5795	4.7623
839870677694	1329.19	737.53	1277.40	741.00	4.5604	4.7756
839870686026	1328.53	742.56	1279.40	741.29	4.5820	4.7856
839870694360	1337.26	745.06	1277.12	746.62	4.5869	4.7842
839870702692	1337.25	744.89	1277.73	741.98	4.5663	4.7753
839870711026	1340.89	758.51	1279.26	744.20	4.6054	4.7659
839870719359	1337.05	743.11	1275.92	745.97	4.5627	4.7944
839870727693	1338.92	742.56	1280.46	747.58	4.5681	4.7949
839870736031	1336.62	749.56	1279.09	746.64	4.5830	4.7770
839870744364	1337.89	748.71	1279.73	751.12	4.5744	4.8035
839870752697	1335.91	747.14	1279.78	750.55	4.5612	4.7971
839870761031	1338.26	758.64	1272.27	750.91	4.5774	4.8068
839870769364	1334.52	756.37	1273.43	753.88	4.5696	4.8095
839870777696	1337.52	745.74	1272.94	753.32	4.5638	4.8088
839870786029	1337.22	746.11	1274.09	754.26	4.5602	4.8177
839870794363	1333.98	755.04	1271.97	757.37	4.5889	4.8222
839870802696	1336.19	753.90	1268.24	756.73	4.5917	4.8308
839870811030	1341.19	752.54	1272.23	759.76	4.5886	4.8346
839870819363	1336.77	760.16	1267.72	755.74	4.6047	4.8403
839870827696	1337.47	761.77	1269.52	762.32	4.6192	4.8587
839870836029	1337.57	748.24	1264.44	759.01	4.5790	4.8525
839870844363	1331.37	747.34	1263.65	758.83	4.5934	4.8847
839870852696	1339.02	755.86	1266.37	762.19	4.6275	4.8861
839870861028	1338.62	757.28	1267.26	758.80	4.6346	4.8813
839870869366	1331.70	762.37	1264.08	763.19	4.6388	4.9029
839870877699	1331.04	748.63	1266.72	762.30	4.6268	4.8868
839870886033	1331.72	751.25	1269.02	762.60	4.6295	4.9184
839870894366	1333.29	761.08	1263.27	760.37	4.6608	4.9119
839870902700	1336.11	764.44	1268.59	761.19	4.6652	4.9309
839870911033	1332.77	760.57	1266.14	759.72	4.6664	4.9254
839870919366	1333.09	764.43	1270.69	760.74	4.6800	4.9443
839870927700	1336.54	756.56	1264.60	754.26	4.6588	4.9324
839870936031	1334.14	757.21	1269.50	762.53	4.6663	4.9413
839870944365	1336.40	760.14	1265.67	762.46	4.6606	4.9452
839870952699	1338.83	764.67	1266.74	755.76	4.6861	4.9169
839870961032	1343.11	753.82	1270.71	750.59	4.6472	4.9061
839870969366	1340.71	755.73	1265.61	754.40	4.6457	4.9245
839870977699	1339.10	761.50	1267.92	753.08	4.6507	4.8919
839870986033	1341.39	762.15	1268.74	747.32	4.6401	4.8766
839870994366	1342.18	763.57	1265.10	755.00	4.6332	4.8609
839871002703	1343.86	758.42	1265.39	750.63	4.5997	4.8477
839871011037	1342.28	762.04	1264.98	752.59	4.5905	4.8374
839871019370	1346.56	759.76	1266.94	754.93	4.5771	4.8261
839871027703	1341.81	767.63	1261.57	747.41	4.5767	4.8049
839871036036	1340.19	761.70	1259.55	745.38	4.5569	4.7941
839871044370	1342.93	764.03	1263.85	751.58	4.5419	4.7738
839871052703	1343.43	762.24	1262.66	749.13	4.5372	4.7623
839871061037	1341.88	761.30	1265.90	754.72	4.5137	4.7453
839871069370	1345.23	766.33	1270.79	752.90	4.5076	4.7326
839871077703	1341.10	760.10	1266.28	744.88	4.4938	4.7134
839871086035	1349.04	745.19	1265.77	741.12	4.4606	4.6882
839871094369	1345.59	751.88	1266.35	751.63	4.4710	4.7065
839871102702	1343.14	758.91	1267.70	742.21	4.4791	4.6909
839871111035	1342.78	758.71	1266.09	742.47	4.4835	4.6705
839871119369	1343.04	753.78	1269.12	739.21	4.4645	4.6586
839871127706	1341.38	757.67	1266.81	737.76	4.4456	4.6588
839871136039	1335.82	756.20	1272.54	742.42	4.4500	4.6445
839871144373	1334.47	765.34	1275.46	737.12	4.4586	4.6360
839871152706	1337.48	765.99	1266.33	744.98	4.4328	4.6342
839871161040	1339.79	764.62	1270.85	746.63	4.4324	4.6335
839871169372	1335.50	755.99	1269.75	744.63	4.4185	4.6350
839871177705	1332.94	781.12	1271.53	741.40	4.4560	4.6035
839871186038	1335.48	771.60	1270.48	743.87	4.4348	4.6082
839871194372	1332.77	775.84	1261.71	748.41	4.4188	4.6093
839871202705	1346.07	787.42	1265.76	749.58	4.3798	4.5442
839871211038	1363.32	1097.53	1159.77	1030.81	3.5123	3.6749
839871219372	NaN	NaN	NaN	NaN	NaN	NaN
839871227705	NaN	NaN	1280.84	1218.53	NaN	2.6577
839871236039	NaN	NaN	NaN	NaN	NaN	NaN
839871244371	NaN	NaN	NaN	NaN	NaN	NaN
839871252704	NaN	NaN	NaN	NaN	NaN	NaN
839871261044	NaN	NaN	NaN	NaN	NaN	NaN
839871269376	NaN	NaN	NaN	NaN	NaN	NaN
839871277710	NaN	NaN	NaN	NaN	NaN	NaN
839871286043	NaN	NaN	NaN	NaN	NaN	NaN
839871294377	NaN	NaN	NaN	NaN	NaN	NaN
839871302710	NaN	NaN	NaN	NaN	NaN	NaN
839871311044	NaN	NaN	NaN	NaN	NaN	NaN
839871319377	1531.08	1275.89	NaN	NaN	2.6350	NaN
839871327709	1606.01	1139.79	NaN	NaN	3.6256	NaN
839871336042	1556.72	1026.79	1517.48	955.88	4.0883	4.2464
839871344376	1557.29	899.53	1501.52	863.01	4.3175	4.4918
839871352709	1540.95	825.55	1499.69	772.95	4.4516	4.6846
839871361042	1545.85	806.80	1488.24	744.96	4.5274	4.7564
839871369376	1545.42	825.63	1484.07	737.80	4.5018	4.7366
839871377709	1536.86	827.08	1489.25	776.80	4.4946	4.6931
839871386042	1542.70	820.41	1488.27	778.32	4.5367	4.7031
839871394380	1538.13	823.69	1485.33	778.71	4.5351	4.7090
839871402712	1541.08	833.17	1484.55	775.29	4.5577	4.7180
839871411046	1553.89	821.33	1491.61	780.07	4.5571	4.7354
839871419379	1537.10	821.78	1490.14	780.80	4.5669	4.7382
839871427712	1541.54	820.86	1489.80	777.76	4.5788	4.7548
839871436045	1536.10	816.64	1492.17	779.45	4.5844	4.7688
839871444378	1538.99	814.28	1486.49	783.49	4.6014	4.7797
839871452712	1534.48	809.87	1488.50	779.98	4.6121	4.7884
839871461045	1559.63	834.81	1482.33	781.18	4.6177	4.7952
839871469378	1562.36	827.67	1481.37	779.80	4.6358	4.8107
839871477712	1552.88	814.54	1479.49	778.44	4.6377	4.8119
839871486045	1553.61	800.36	1480.63	774.63	4.6392	4.8197
839871494377	1554.77	795.98	1481.26	772.32	4.6443	4.8221
839871502711	1549.55	808.31	1478.99	775.77	4.6667	4.8321
839871511044	1549.58	788.47	1481.36	778.00	4.6465	4.8464
839871519380	1543.83	799.03	1480.60	777.45	4.6696	4.8545
839871527714	1546.55	799.09	1476.34	778.06	4.6839	4.8636
839871536047	1543.06	804.16	1481.10	780.86	4.6786	4.8800
839871544380	1540.49	793.10	1480.36	775.34	4.6661	4.8855
839871552714	1545.34	805.96	1475.16	783.31	4.7005	4.9030
839871561047	1551.10	811.35	1473.79	778.04	4.7133	4.8952
839871569379	1549.20	816.00	1478.76	779.71	4.7241	4.8969
839871577713	1554.94	806.68	1474.61	775.93	4.7105	4.9107
839871586046	1548.76	811.94	1476.23	777.50	4.7393	4.9136
839871594380	1553.12	808.08	1473.13	786.36	4.7310	4.9386
839871602712	1556.39	809.14	1475.66	782.02	4.7295	4.9416
839871611046	1550.86	812.73	1475.98	778.28	4.7511	4.9531
839871619379	1550.87	812.36	1474.45	771.64	4.7499	4.9404
839871627712	1549.50	815.06	1477.71	770.84	4.7628	4.9435
839871636046	1547.52	818.97	1476.62	769.79	4.7616	4.9514
839871644379	1551.01	812.76	1482.77	771.77	4.7653	4.9471
839871652719	1556.58	808.21	1485.02	763.79	4.7348	4.9320
839871661052	1557.32	818.55	1485.26	765.61	4.7502	4.9347
839871669386	1557.09	821.02	1485.27	762.33	4.7535	4.9243
839871677719	1557.05	823.15	1488.32	758.70	4.7596	4.9090
839871686052	1551.24	824.68	1497.13	757.90	4.7225	4.8809
839871694386	1552.55	817.87	1482.20	770.09	4.7182	4.8491
839871702718	1557.55	834.40	1478.57	775.00	4.6942	4.8222
839871711052	1548.41	892.27	1623.82	1129.18	4.5204	3.5191
839871719385	1524.94	1301.14	NaN	NaN	2.7918	NaN
839871727710	NaN	NaN	NaN	NaN	NaN	NaN
839871736043	NaN	NaN	NaN	NaN	NaN	NaN
839871744377	NaN	NaN	NaN	NaN	NaN	NaN
839871752711	NaN	NaN	NaN	NaN	NaN	NaN
839871761044	NaN	NaN	NaN	NaN	NaN	NaN
839871769377	NaN	NaN	NaN	NaN	NaN	NaN
839871777710	NaN	NaN	NaN	NaN	NaN	NaN
839871786047	NaN	NaN	NaN	NaN	NaN	NaN
839871794381	NaN	NaN	NaN	NaN	NaN	NaN
839871802714	NaN	NaN	NaN	NaN	NaN	NaN
839871811047	NaN	NaN	NaN	NaN	NaN	NaN
839871819380	1625.76	1151.47	1235.56	1194.97	3.0119	2.7463
839871827713	1602.69	1037.20	1510.15	1071.63	3.6887	3.4757
839871836047	1471.06	947.15	1611.08	919.70	4.3554	3.8277
839871844379	1459.85	822.69	1430.05	821.19	4.4970	4.5215
839871852720	1460.36	728.75	1423.27	746.11	4.6259	4.7361
839871861054	1455.96	695.19	1421.46	684.49	4.6835	4.8181
839871869387	1467.14	699.05	1410.80	675.57	4.6782	4.8625
839871877720	1464.16	727.14	1415.47	687.89	4.6478	4.8129
839871886054	1464.85	728.55	1411.16	718.83	4.6451	4.7967
839871894387	1469.19	732.53	1413.40	710.45	4.6628	4.7890
839871902720	1467.39	740.20	1410.99	710.41	4.6705	4.7899
839871911053	1464.16	726.48	1409.62	708.48	4.6603	4.7961
839871919392	1466.10	721.18	1408.32	705.12	4.6494	4.7787
839871927725	1464.62	727.27	1414.74	707.57	4.6640	4.7981
839871936058	1468.95	723.37	1409.14	709.29	4.6704	4.8187
839871944392	1469.27	725.13	1411.61	704.57	4.6743	4.8234
839871952724	1469.71	726.67	1406.77	693.93	4.6748	4.7997
839871961058	1476.55	732.22	1408.86	699.23	4.6777	4.8268
839871969391	1479.38	732.25	1406.50	700.66	4.6781	4.8362
839871977723	1465.07	739.90	1402.20	696.68	4.6864	4.8220
839871986057	1478.52	727.56	1405.78	691.36	4.6786	4.8138
839871994390	1469.88	737.14	1400.38	702.43	4.7009	4.8273
839872002724	1470.10	743.29	1405.22	694.10	4.6863	4.8181
839872011057	1467.87	751.71	1407.28	705.08	4.7248	4.8276
839872019390	1474.23	743.86	1408.51	697.17	4.6969	4.8177
839872027724	1479.94	742.74	1405.32	701.35	4.6969	4.8325
839872036057	1479.04	740.44	1408.33	699.33	4.6673	4.8303
839872044394	1477.63	745.46	1407.29	703.85	4.6999	4.8398
839872052726	1479.19	748.51	1408.39	700.71	4.6990	4.8299
839872061060	1480.83	737.59	1408.33	698.24	4.6886	4.8217
839872069393	1487.71	737.89	1408.25	697.43	4.6999	4.8272
839872077727	1487.15	743.03	1403.50	695.45	4.7096	4.8406
839872086060	1487.65	742.24	1406.89	694.98	4.6897	4.8315
839872094393	1490.92	749.58	1402.08	696.55	4.7174	4.8414
839872102727	1464.75	746.88	1387.35	699.46	4.6980	4.8632
839872111060	1402.81	752.39	1327.14	713.44	4.7227	4.8369
839872119393	1311.20	769.65	1247.73	741.15	4.7245	4.8676
839872127726	1232.10	808.53	1173.05	766.47	4.7168	4.8745
839872136059	1159.61	816.13	1094.47	792.07	4.6819	4.8752
839872144392	1176.56	825.89	1103.57	798.30	4.6831	4.8745
839872152726	1189.44	817.31	1108.67	792.85	4.6905	4.8736
839872161059	1175.82	813.06	1097.78	797.40	4.6680	4.8610
839872169392	1175.54	807.19	1093.87	800.85	4.6774	4.8699
839872177731	1173.13	815.66	1097.03	793.25	4.6667	4.8557
839872186064	1175.79	816.83	1098.98	798.76	4.6711	4.8595
839872194397	1173.08	819.12	1095.63	800.22	4.6762	4.8617
839872202731	1167.19	822.55	1091.43	801.97	4.6732	4.8706
839872211064	1165.75	824.57	1092.93	806.43	4.6866	4.8785
839872219397	1166.65	831.97	1091.45	807.06	4.6853	4.8622
839872227731	1159.57	832.33	1092.21	804.19	4.6667	4.8657
839872236064	1161.62	829.81	1098.07	800.07	4.6566	4.8489
839872244397	1168.31	831.89	1101.65	807.56	4.6556	4.8626
839872252730	1166.94	829.12	1104.16	799.24	4.6682	4.8490
839872261064	1162.79	823.50	1102.41	803.09	4.6485	4.8606
839872269397	1171.65	818.85	1098.44	802.61	4.6568	4.8499
839872277730	1175.64	829.63	1099.17	805.25	4.6706	4.8584
839872286063	1176.63	827.46	1097.88	798.71	4.6572	4.8516
839872294396	1179.66	826.69	1095.75	793.87	4.6672	4.8487
839872302730	1186.00	822.70	1093.22	786.92	4.6629	4.8461
839872311067	1175.56	830.26	1098.55	779.60	4.6758	4.8480
839872319401	1173.26	827.00	1104.29	768.59	4.6835	4.8421
839872327735	1173.45	815.24	1099.57	760.05	4.6524	4.8167
839872336067	1172.61	810.44	1094.54	825.39	4.6329	4.8859
839872344401	1177.15	824.41	1097.92	808.68	4.6174	4.8600
839872352734	1172.11	896.48	NaN	NaN	4.4962	NaN
839872361068	NaN	NaN	NaN	NaN	NaN	NaN
839872369400	NaN	NaN	NaN	NaN	NaN	NaN
839872377726	NaN	NaN	NaN	NaN	NaN	NaN
839872386059	NaN	NaN	NaN	NaN	NaN	NaN
839872394392	NaN	NaN	NaN	NaN	NaN	NaN
839872402726	NaN	NaN	NaN	NaN	NaN	NaN
839872411059	NaN	NaN	NaN	NaN	NaN	NaN
839872419393	NaN	NaN	NaN	NaN	NaN	NaN
839872427726	NaN	NaN	NaN	NaN	NaN	NaN
839872436059	NaN	NaN	NaN	NaN	NaN	NaN
839872444398	NaN	NaN	NaN	NaN	NaN	NaN
839872452730	1137.31	1618.15	NaN	NaN	1.8022	NaN
839872461063	NaN	NaN	946.13	1327.15	NaN	2.9549
839872469396	969.14	1261.63	891.78	1176.54	3.2851	3.6135
839872477737	1150.64	1085.95	975.29	1045.34	4.0046	4.2668
839872486070	1090.42	968.91	1032.47	922.35	4.4072	4.7514
839872494404	1098.69	880.05	1038.88	861.92	4.5706	4.8850
839872502738	1104.78	845.39	1047.37	828.32	4.7184	4.9573
839872511071	1110.22	811.31	1044.90	841.45	4.7546	4.9416
839872519404	1106.55	846.56	1046.81	846.38	4.6984	4.9299
839872527737	1101.42	851.02	1042.31	842.08	4.6930	4.9446
839872536070	1105.02	855.85	1044.44	840.95	4.7149	4.9653
839872544403	1099.90	860.54	1044.00	839.81	4.7296	4.9651
839872552736	1107.00	853.06	1043.61	844.11	4.7461	4.9814
839872561069	1106.23	858.09	1041.02	841.19	4.7581	4.9905
839872569409	1100.85	852.00	1041.87	840.57	4.7430	4.9950
839872577742	1104.26	851.15	1040.55	841.98	4.7712	5.0168
839872586075	1109.54	849.23	1050.01	844.95	4.7738	5.0289
839872594409	1118.64	842.55	1042.45	844.71	4.7661	5.0200
839872602742	1118.60	839.65	1048.33	836.77	4.7904	5.0340
839872611075	1110.08	842.78	1046.67	842.57	4.7942	5.0403
839872619408	1109.96	842.35	1045.01	840.13	4.7975	5.0266
839872627741	1113.63	849.58	1046.12	844.21	4.8231	5.0479
839872636075	1117.39	853.84	1047.08	841.90	4.8313	5.0497
839872644407	1114.56	853.93	1045.89	836.90	4.8237	5.0417
839872652741	1113.66	840.92	1042.47	847.14	4.8159	5.0591
839872661075	1111.36	843.25	1038.48	842.57	4.8267	5.0634
839872669407	1103.52	845.58	1035.20	839.69	4.8236	5.0659
839872677741	1109.37	852.14	1039.49	842.87	4.8346	5.0711
839872686074	1103.00	852.57	1035.60	844.16	4.8449	5.0841
839872694407	1098.33	856.02	1033.51	847.41	4.8521	5.0984
839872702741	1106.57	858.16	1036.91	841.24	4.8680	5.0932
839872711075	1107.13	861.29	1037.22	842.22	4.8573	5.0905
839872719408	1108.77	855.49	1039.33	839.57	4.8684	5.1025
839872727741	1111.21	851.27	1037.92	832.67	4.8723	5.1007
839872736074	1113.61	858.44	1045.44	837.50	4.8980	5.1176
839872744408	1111.39	864.14	1046.69	829.05	4.8971	5.1240
839872752741	1107.97	858.86	1045.67	828.97	4.9041	5.1291
839872761074	1108.08	861.41	1044.94	835.76	4.8973	5.1399
839872769407	1107.26	856.34	1043.55	831.74	4.9178	5.1496
839872777740	1109.42	857.85	1041.00	826.09	4.9269	5.1398
839872786074	1105.94	853.06	1041.12	828.33	4.9304	5.1587
839872794407	1107.43	851.34	1044.66	829.90	4.9178	5.1516
839872802740	1101.81	852.48	1045.19	832.29	4.9371	5.1590
839872811073	1103.76	855.94	1042.78	829.53	4.9401	5.1534
839872819406	1100.51	853.08	1045.16	833.53	4.9490	5.1662
839872827740	1096.66	855.27	1043.87	836.48	4.9601	5.1492
839872836081	1098.29	853.29	1041.85	833.75	4.9548	5.1591
839872844414	1097.25	853.61	1043.44	830.95	4.9630	5.1646
839872852746	1096.26	853.27	1045.28	833.31	4.9570	5.1659
839872861080	1095.74	855.46	1048.72	834.27	4.9634	5.1611
839872869413	1098.50	851.44	1042.99	834.96	4.9523	5.1659
839872877746	1093.06	850.97	1046.21	835.84	4.9584	5.1742
839872886080	1089.08	856.63	1049.50	836.28	4.9638	5.1730
839872894412	1092.79	853.80	1047.08	835.87	4.9544	5.1810
839872902746	1100.74	851.15	1047.49	837.09	4.9817	5.1839
839872911080	1102.08	837.45	1041.28	831.86	4.9826	5.1882
839872919412	1104.07	824.73	1036.08	818.36	4.9776	5.1704
839872927745	1098.24	826.93	1032.75	815.75	4.9690	5.1732
839872936079	1101.68	820.48	1025.29	822.41	4.9646	5.1910
839872944412	1107.71	824.58	1030.94	823.52	4.9558	5.1776
839872952745	1106.49	824.52	1032.59	819.10	4.9691	5.1754
839872961079	1108.37	825.57	1038.77	819.93	4.9631	5.1897
839872969417	1109.69	825.58	1036.21	818.35	4.9635	5.1841
839872977750	1106.51	828.95	1041.68	829.87	4.9733	5.1906
839872986084	1105.93	820.80	1042.93	833.47	4.9533	5.2127
839872994417	1093.39	822.77	1051.49	851.58	4.9661	5.2547
839873002750	1098.01	817.96	1055.72	851.51	4.9750	5.2594
839873011083	1095.65	818.40	1054.56	837.17	4.9517	5.2431
839873019415	1099.55	820.46	1049.08	822.84	4.9713	5.2125
839873027749	1105.05	822.18	1041.93	809.71	4.9636	5.2065
839873036083	1104.16	824.02	1049.82	802.12	4.9754	5.1778
839873044416	1104.98	823.12	1052.72	802.02	4.9645	5.1651
839873052749	1098.71	829.73	1048.93	806.04	4.9647	5.1522
839873061082	1102.13	837.69	1048.38	821.35	4.9831	5.1645
839873069415	1100.30	830.70	1043.98	833.81	4.9741	5.2023
839873077749	1108.30	833.07	1039.98	822.34	4.9603	5.1725
839873086083	1109.12	832.82	1039.21	819.10	4.9658	5.1490
839873094417	1105.17	837.88	1046.20	819.73	4.9696	5.1339
839873102750	1114.55	830.77	1040.25	795.09	4.9440	5.0837
839873111083	1111.13	831.80	1046.55	822.17	4.9625	5.1309
839873119416	1105.27	830.52	1043.76	808.31	4.9474	5.0909
839873127750	1115.47	842.50	1051.76	865.28	5.0015	5.2007
839873136083	1113.65	856.99	1053.21	845.44	4.9949	5.1450
839873144416	1116.69	849.18	1042.05	862.02	4.9878	5.2158
839873152750	1119.29	871.24	1028.76	786.52	4.9938	5.0629
839873161083	1110.03	861.15	1043.91	844.55	4.9876	5.2118
839873169416	1107.52	869.66	1045.35	752.71	4.9865	4.9723
839873177749	1109.63	884.93	1050.97	817.80	5.0264	5.0736
839873186082	1108.95	875.91	1057.42	887.57	4.9859	5.1350
839873194415	1108.29	858.87	1063.52	870.03	4.9725	5.0137
839873202749	1098.73	861.98	1059.88	900.50	4.9558	5.1195
839873211082	1105.84	861.45	1056.57	876.70	4.9786	5.1905
839873219416	1105.19	849.43	1066.63	834.23	4.9482	5.0746
839873227756	1098.26	865.94	1063.29	879.70	4.9982	5.1767
839873236089	1093.80	854.82	1065.25	890.02	4.9644	5.1537
839873244422	1101.94	873.21	1046.19	886.31	4.9862	5.0685
839873252755	1096.40	857.40	1046.32	852.71	4.9645	5.0487
839873261088	1099.32	859.61	1073.08	865.81	4.9626	5.1151
839873269421	1098.52	865.17	1037.96	871.87	4.9620	5.1687
839873277755	1089.50	804.24	NaN	NaN	4.9388	NaN
839873286088	1090.86	740.08	NaN	NaN	4.9560	NaN
839873294422	1088.20	683.69	NaN	NaN	4.9378	NaN
839873302755	1075.77	584.62	NaN	NaN	4.9674	NaN
839873311088	1083.11	684.83	NaN	NaN	4.9478	NaN
839873319422	1085.75	693.81	NaN	NaN	4.9720	NaN
839873327753	1088.40	699.14	NaN	NaN	4.9720	NaN
839873336087	1097.52	709.36	NaN	NaN	4.9759	NaN
839873344421	1100.76	715.86	NaN	NaN	4.9846	NaN
839873352754	1094.97	711.15	NaN	NaN	4.9829	NaN
839873361092	1087.52	710.97	NaN	NaN	4.9879	NaN
839873369425	1088.22	707.25	NaN	NaN	4.9811	NaN
839873377758	1086.78	695.52	NaN	NaN	4.9741	NaN
839873386092	1084.55	699.86	NaN	NaN	4.9917	NaN
839873394425	1079.89	678.94	NaN	NaN	4.9820	NaN
839873402759	1052.31	576.89	NaN	NaN	5.0261	NaN
839873411091	1057.75	602.96	NaN	NaN	5.0532	NaN
839873419424	1088.32	709.12	NaN	NaN	5.0067	NaN
839873427758	1090.88	686.86	NaN	NaN	4.9730	NaN
839873436091	1084.81	689.48	NaN	NaN	4.9981	NaN
839873444425	1090.47	702.27	NaN	NaN	4.9954	NaN
839873452758	1086.00	706.22	NaN	NaN	5.0085	NaN
839873461092	1085.14	694.16	NaN	NaN	5.0159	NaN
839873469426	1087.80	700.07	NaN	NaN	5.0386	NaN
839873477758	1088.16	686.49	NaN	NaN	5.0355	NaN
839873486096	1090.40	685.93	NaN	NaN	5.0318	NaN
839873494428	1092.37	688.75	NaN	NaN	5.0333	NaN
839873502761	1084.14	681.03	NaN	NaN	5.0237	NaN
839873511095	1087.76	676.46	NaN	NaN	5.0312	NaN
839873519428	1089.91	669.91	1027.02	718.63	5.0484	5.3627
839873527762	1089.57	665.16	1027.87	710.68	5.0455	5.3662
839873536095	1091.54	658.44	1021.60	676.88	5.0432	5.3023
839873544428	1088.77	646.64	1017.95	693.02	5.0342	5.3345
839873552762	1086.17	641.47	1031.72	714.71	5.0453	5.4277
839873561095	1084.82	646.91	1024.35	683.39	5.0481	5.3966
839873569427	1015.74	524.64	1022.23	634.64	5.1664	5.2659
839873577760	1014.33	512.39	1022.80	653.65	5.1459	5.3214
839873586094	1015.58	509.04	1025.48	681.48	5.1582	5.3633
839873594428	1014.65	504.04	1020.67	684.96	5.1463	5.4050
839873602760	1096.48	653.03	1018.79	656.59	5.1030	5.3683
839873611094	1022.29	508.83	1022.40	659.22	5.1419	5.3701
839873619434	1130.42	622.55	1078.30	619.91	5.1121	5.4039
839873627767	1182.47	498.12	1146.62	567.26	5.0611	5.3836
839873636101	1201.96	489.39	1148.38	555.56	5.0512	5.3701
839873644434	1199.78	493.31	1164.09	542.10	5.0524	5.3302
839873652767	1191.60	511.63	1147.43	538.30	5.0677	5.3291
839873661100	1200.70	497.36	1141.94	497.26	5.0488	5.2808
839873669433	1197.47	487.66	1144.55	532.71	5.0536	5.3337
839873677767	1203.14	519.42	1145.86	533.52	5.1362	5.3417
