Subject	RunNr	FixStart	FixEnd	FixDur	XPos	YPos	RMSxy	BCEA	FixRangeX	FixRangeY
sub-105_task-EyeTracking_physio	1	-4797.206	-4522.194	275.012	1278.570	723.155	0.160	0.078	0.275	0.676
sub-105_task-EyeTracking_physio	1	-4380.525	-4205.522	175.003	1874.310	1017.455	0.254	0.120	0.784	0.455
sub-105_task-EyeTracking_physio	1	-4172.190	-4038.855	133.335	1923.425	1492.505	0.289	0.248	0.623	0.922
sub-105_task-EyeTracking_physio	1	-4022.188	-3855.513	166.675	1909.438	1560.640	0.385	0.337	0.589	1.248
sub-105_task-EyeTracking_physio	1	-3788.847	-3680.511	108.336	1350.365	846.115	0.152	0.035	0.184	0.369
sub-105_task-EyeTracking_physio	1	-3672.178	-3522.172	150.006	1277.720	771.378	0.382	0.254	0.702	1.100
sub-105_task-EyeTracking_physio	1	-3455.497	-3222.164	233.333	2588.082	869.588	0.509	1.370	1.456	2.620
sub-105_task-EyeTracking_physio	1	-3180.494	-3038.829	141.665	1522.985	749.160	0.386	0.255	1.178	0.572
sub-105_task-EyeTracking_physio	1	-2988.831	-2780.492	208.339	1298.330	733.010	0.174	0.080	0.304	0.567
sub-105_task-EyeTracking_physio	1	-2580.487	-2480.484	100.003	1811.765	1173.135	0.257	0.316	0.371	1.345
sub-105_task-EyeTracking_physio	1	-2413.815	-2188.813	225.002	1305.960	761.690	0.189	0.190	0.393	1.086
sub-105_task-EyeTracking_physio	1	-2172.146	-2047.143	125.003	1283.585	681.005	0.191	0.063	0.305	0.395
sub-105_task-EyeTracking_physio	1	-1938.806	-1738.801	200.005	1629.275	1323.000	0.851	4.644	2.963	5.395
sub-105_task-EyeTracking_physio	1	-1688.801	-1430.461	258.340	1307.965	792.550	0.132	0.080	0.321	0.685
sub-105_task-EyeTracking_physio	1	-1413.796	-1163.781	250.015	1263.295	772.005	0.199	0.097	0.672	0.470
sub-105_task-EyeTracking_physio	1	-963.782	419.583	1383.365	1281.102	753.530	0.170	0.227	0.909	1.090
sub-105_task-EyeTracking_physio	1	519.584	844.590	325.006	941.815	510.820	0.109	0.069	0.398	0.481
sub-105_task-EyeTracking_physio	1	911.258	1194.599	283.341	997.047	972.410	0.101	0.048	0.342	0.323
sub-105_task-EyeTracking_physio	1	1236.265	1402.939	166.674	1197.975	959.360	0.114	0.039	0.488	0.219
sub-105_task-EyeTracking_physio	1	1427.939	1861.284	433.345	1524.548	961.745	0.142	0.087	0.737	0.381
sub-105_task-EyeTracking_physio	1	1919.617	2244.624	325.007	1549.910	578.860	0.081	0.019	0.240	0.202
sub-105_task-EyeTracking_physio	1	2277.956	2602.962	325.006	980.155	494.090	0.153	0.082	0.639	0.418
sub-105_task-EyeTracking_physio	1	2636.296	3002.974	366.678	940.533	543.172	0.114	0.034	0.246	0.333
sub-105_task-EyeTracking_physio	2	-199.807	-74.803	125.004	1266.940	709.535	0.105	0.022	0.209	0.195
sub-105_task-EyeTracking_physio	2	-41.470	375.203	416.673	1294.618	744.122	0.160	0.052	0.394	0.491
sub-105_task-EyeTracking_physio	2	391.870	641.875	250.005	1192.283	784.250	0.205	0.130	0.803	0.448
sub-105_task-EyeTracking_physio	2	666.874	841.881	175.007	1033.605	822.605	0.176	0.054	0.598	0.233
sub-105_task-EyeTracking_physio	2	866.881	1375.229	508.348	977.875	632.375	0.206	0.057	0.238	0.745
sub-105_task-EyeTracking_physio	2	1408.562	1691.898	283.336	1101.382	626.692	0.240	0.201	0.597	0.784
sub-105_task-EyeTracking_physio	2	1741.898	2191.911	450.013	1163.845	680.183	0.201	0.111	0.339	0.966
sub-105_task-EyeTracking_physio	2	2258.578	2525.249	266.671	1289.422	946.227	0.106	0.039	0.215	0.392
sub-105_task-EyeTracking_physio	2	2566.921	2808.595	241.674	1423.960	960.150	0.132	0.033	0.218	0.316
sub-105_task-EyeTracking_physio	2	2841.928	3008.597	166.669	1505.223	906.205	0.108	0.037	0.349	0.258
sub-105_task-EyeTracking_physio	3	-244.202	-119.201	125.001	1537.105	705.070	0.090	0.016	0.133	0.279
sub-105_task-EyeTracking_physio	3	-69.202	347.475	416.677	1270.727	707.475	0.184	0.054	0.202	0.905
sub-105_task-EyeTracking_physio	3	372.475	547.483	175.008	1153.975	713.735	0.253	0.246	0.804	0.783
sub-105_task-EyeTracking_physio	3	572.482	839.154	266.672	990.800	681.560	0.220	0.118	0.706	0.554
sub-105_task-EyeTracking_physio	3	864.154	1130.826	266.672	928.375	688.280	0.237	0.107	0.785	0.530
sub-105_task-EyeTracking_physio	3	1155.825	1397.498	241.673	1127.105	892.790	0.208	0.123	0.525	0.901
sub-105_task-EyeTracking_physio	3	1447.502	1730.841	283.339	1245.525	940.735	0.116	0.034	0.282	0.395
sub-105_task-EyeTracking_physio	3	1789.174	2064.179	275.005	1410.085	929.110	0.102	0.036	0.380	0.253
sub-105_task-EyeTracking_physio	3	2114.184	2314.189	200.005	1504.225	888.785	0.132	0.035	0.245	0.279
sub-105_task-EyeTracking_physio	3	2339.189	2547.526	208.337	1570.545	752.225	0.242	0.086	0.515	0.642
sub-105_task-EyeTracking_physio	3	2564.193	2789.198	225.005	1590.510	649.945	0.156	0.041	0.210	0.459
sub-105_task-EyeTracking_physio	3	2814.198	3005.868	191.670	1613.770	622.835	0.142	0.049	0.362	0.380
sub-105_task-EyeTracking_physio	4	-88.541	344.798	433.339	1298.803	716.160	0.401	0.315	0.735	2.800
sub-105_task-EyeTracking_physio	4	369.799	861.477	491.678	992.775	673.145	0.203	0.120	0.873	0.550
sub-105_task-EyeTracking_physio	4	919.810	1194.820	275.010	1067.785	839.100	0.144	0.051	0.275	0.558
sub-105_task-EyeTracking_physio	4	1228.153	1478.160	250.007	1429.890	895.785	0.188	0.075	0.725	0.310
sub-105_task-EyeTracking_physio	4	1503.160	1728.166	225.006	1569.910	845.815	0.195	0.131	0.567	0.617
sub-105_task-EyeTracking_physio	4	1744.833	2078.169	333.336	1627.678	758.520	0.179	0.073	0.499	0.500
sub-105_task-EyeTracking_physio	4	2094.835	2311.511	216.676	1634.223	622.515	0.184	0.052	0.211	0.569
sub-105_task-EyeTracking_physio	4	2328.178	2611.518	283.340	1467.582	557.918	0.146	0.068	0.622	0.382
sub-105_task-EyeTracking_physio	4	2628.185	2844.855	216.670	1273.935	547.183	0.244	0.148	0.856	0.329
sub-105_task-EyeTracking_physio	4	2878.189	3003.190	125.001	1062.275	593.680	0.271	0.106	0.724	0.355
sub-105_task-EyeTracking_physio	5	-116.186	442.160	558.346	1273.070	711.540	0.195	0.170	0.784	1.255
sub-105_task-EyeTracking_physio	5	483.832	658.834	175.002	1181.190	805.030	0.150	0.040	0.241	0.412
sub-105_task-EyeTracking_physio	5	683.833	958.840	275.007	1035.430	918.030	0.187	0.104	0.731	0.694
sub-105_task-EyeTracking_physio	5	992.173	1425.520	433.347	963.557	937.415	0.091	0.039	0.443	0.256
sub-105_task-EyeTracking_physio	5	1450.520	1725.533	275.013	959.505	774.755	0.157	0.073	0.325	0.688
sub-105_task-EyeTracking_physio	5	1767.191	1925.533	158.342	1208.610	789.055	0.091	0.029	0.222	0.266
sub-105_task-EyeTracking_physio	5	1950.533	2208.867	258.334	1511.185	829.295	0.280	0.162	1.176	0.448
sub-105_task-EyeTracking_physio	5	2242.199	2792.217	550.018	1614.338	879.820	0.137	0.070	0.324	0.563
sub-105_task-EyeTracking_physio	5	2858.886	3008.892	150.006	1374.530	534.305	0.288	0.194	0.726	0.617
sub-105_task-EyeTracking_physio	6	-1311.469	-1144.799	166.670	1376.485	538.493	0.148	0.060	0.223	0.533
sub-105_task-EyeTracking_physio	6	-1119.799	-853.124	266.675	1306.572	676.607	0.254	0.211	0.503	1.094
sub-105_task-EyeTracking_physio	6	-811.459	-653.124	158.335	1274.655	728.160	0.136	0.037	0.182	0.449
sub-105_task-EyeTracking_physio	6	-628.119	-353.114	275.005	1283.105	751.585	0.116	0.027	0.218	0.437
sub-105_task-EyeTracking_physio	6	-328.114	246.897	575.011	1282.295	738.340	0.104	0.025	0.217	0.432
sub-105_task-EyeTracking_physio	6	263.564	513.568	250.004	1286.120	761.743	0.198	0.065	0.371	0.580
sub-105_task-EyeTracking_physio	6	538.574	746.910	208.336	1247.170	839.760	0.185	0.066	0.290	0.585
sub-105_task-EyeTracking_physio	6	788.584	1013.589	225.005	1213.245	905.410	0.126	0.031	0.248	0.306
sub-105_task-EyeTracking_physio	6	1046.922	1230.255	183.333	1266.075	926.875	0.119	0.031	0.312	0.246
sub-105_task-EyeTracking_physio	6	1271.920	1513.595	241.675	1327.265	886.540	0.116	0.034	0.220	0.390
sub-105_task-EyeTracking_physio	6	1555.263	1780.268	225.005	1488.525	872.855	0.136	0.038	0.278	0.288
sub-105_task-EyeTracking_physio	6	1821.933	2155.276	333.343	1570.972	852.935	0.132	0.041	0.374	0.321
sub-105_task-EyeTracking_physio	6	2171.943	2480.280	308.337	1555.360	840.420	0.183	0.062	0.323	0.510
sub-105_task-EyeTracking_physio	6	2505.285	2796.964	291.679	1561.495	636.965	0.122	0.037	0.293	0.448
sub-105_task-EyeTracking_physio	6	2813.622	3005.286	191.664	1290.855	540.785	0.254	0.171	0.657	0.505
sub-105_task-EyeTracking_physio	7	-1089.935	-606.587	483.348	1273.207	659.702	0.222	0.111	0.324	0.830
sub-105_task-EyeTracking_physio	7	-589.925	293.424	883.349	1278.642	738.642	0.150	0.048	0.295	0.750
sub-105_task-EyeTracking_physio	7	326.761	568.429	241.668	1246.680	745.035	0.137	0.044	0.312	0.488
sub-105_task-EyeTracking_physio	7	618.433	926.770	308.337	1180.705	937.265	0.114	0.045	0.297	0.357
sub-105_task-EyeTracking_physio	7	943.445	1243.456	300.011	1102.503	956.633	0.170	0.061	0.542	0.494
sub-105_task-EyeTracking_physio	7	1285.122	1626.797	341.675	1015.070	462.470	0.112	0.026	0.404	0.236
sub-105_task-EyeTracking_physio	7	1668.456	1860.123	191.667	1208.260	486.230	0.106	0.063	0.489	0.229
sub-105_task-EyeTracking_physio	7	1885.123	2243.467	358.344	1499.735	540.810	0.269	0.223	1.066	0.939
sub-105_task-EyeTracking_physio	7	2260.133	2476.803	216.670	1558.915	682.082	0.264	0.140	0.574	0.851
sub-105_task-EyeTracking_physio	7	2493.470	2793.475	300.005	1578.162	801.582	0.190	0.063	0.294	0.622
sub-105_task-EyeTracking_physio	7	2826.812	3010.151	183.339	1529.395	878.553	0.163	0.043	0.253	0.440
sub-105_task-EyeTracking_physio	8	-175.952	15.716	191.668	1295.745	736.300	0.238	0.106	0.527	0.834
sub-105_task-EyeTracking_physio	8	24.050	432.394	408.344	1267.500	708.735	0.244	0.127	0.517	1.004
sub-105_task-EyeTracking_physio	8	449.060	799.069	350.009	1102.200	631.525	0.258	0.181	0.825	0.781
sub-105_task-EyeTracking_physio	8	824.068	1124.088	300.020	1027.510	639.903	0.158	0.067	0.394	0.440
sub-105_task-EyeTracking_physio	8	1140.753	1365.755	225.002	1037.460	704.065	0.236	0.076	0.288	0.570
sub-105_task-EyeTracking_physio	8	1390.760	1649.099	258.339	1132.910	874.460	0.162	0.101	0.603	0.713
sub-105_task-EyeTracking_physio	8	1665.766	1915.766	250.000	1328.565	941.415	0.173	0.099	0.925	0.289
sub-105_task-EyeTracking_physio	8	1932.433	2224.102	291.669	1542.530	897.410	0.172	0.122	0.725	0.582
sub-105_task-EyeTracking_physio	8	2249.111	2549.108	299.997	1637.988	591.938	0.211	0.090	0.445	0.762
sub-105_task-EyeTracking_physio	8	2565.778	2749.112	183.334	1574.077	577.793	0.242	0.098	0.536	0.436
sub-105_task-EyeTracking_physio	8	2774.120	2965.788	191.668	1413.945	692.435	0.185	0.098	0.488	0.472
sub-105_task-EyeTracking_physio	9	-145.285	246.383	391.668	1282.600	722.535	0.303	0.141	0.252	2.323
sub-105_task-EyeTracking_physio	9	271.383	479.722	208.339	1278.435	756.395	0.136	0.055	0.264	0.443
sub-105_task-EyeTracking_physio	9	496.397	779.732	283.335	1237.283	893.173	0.176	0.099	0.398	0.798
sub-105_task-EyeTracking_physio	9	821.399	1113.074	291.675	1110.290	924.885	0.114	0.049	0.338	0.394
sub-105_task-EyeTracking_physio	9	1154.746	1413.086	258.340	1020.190	939.070	0.094	0.023	0.247	0.216
sub-105_task-EyeTracking_physio	9	1446.419	1646.423	200.004	967.355	967.793	0.122	0.026	0.222	0.259
sub-105_task-EyeTracking_physio	9	1679.758	1988.095	308.337	947.130	1022.685	0.133	0.050	0.418	0.391
sub-105_task-EyeTracking_physio	9	2046.428	2313.107	266.679	966.767	551.298	0.105	0.059	0.304	0.577
sub-105_task-EyeTracking_physio	9	2363.107	2596.445	233.338	1061.930	543.780	0.095	0.041	0.443	0.334
sub-105_task-EyeTracking_physio	9	2613.111	2863.118	250.007	1181.293	498.812	0.119	0.072	0.668	0.399
sub-105_task-EyeTracking_physio	9	2879.784	3021.451	141.667	1346.840	519.810	0.442	0.276	1.288	0.551
sub-105_task-EyeTracking_physio	10	-2541.641	-2208.307	333.334	1315.650	752.715	0.161	0.107	0.259	1.113
sub-105_task-EyeTracking_physio	10	-2191.632	258.418	2450.050	1276.438	745.115	0.138	0.132	0.808	0.756
sub-105_task-EyeTracking_physio	10	291.760	525.098	233.338	1265.215	767.107	0.214	0.085	0.216	0.724
sub-105_task-EyeTracking_physio	10	566.764	841.771	275.007	1163.025	861.900	0.198	0.069	0.483	0.593
sub-105_task-EyeTracking_physio	10	858.437	1150.101	291.664	1056.745	873.025	0.214	0.084	0.837	0.412
sub-105_task-EyeTracking_physio	10	1175.102	1441.787	266.685	1045.568	641.530	0.197	0.077	0.274	0.894
sub-105_task-EyeTracking_physio	10	1458.453	1758.450	299.997	1142.175	568.515	0.128	0.064	0.572	0.341
sub-105_task-EyeTracking_physio	10	1791.783	2108.460	316.677	1325.430	583.890	0.169	0.106	0.720	0.481
sub-105_task-EyeTracking_physio	10	2150.126	2408.466	258.340	1442.995	616.590	0.119	0.051	0.344	0.348
sub-105_task-EyeTracking_physio	10	2450.131	2825.141	375.010	1538.580	643.605	0.181	0.059	0.297	0.532
sub-105_task-EyeTracking_physio	10	2858.473	3008.484	150.011	1642.737	710.345	0.256	0.094	0.639	0.377
sub-105_task-EyeTracking_physio	11	-244.332	264.002	508.334	1299.885	712.030	0.213	0.102	0.321	0.839
sub-105_task-EyeTracking_physio	11	280.669	480.678	200.009	1294.233	772.065	0.167	0.062	0.292	0.554
sub-105_task-EyeTracking_physio	11	514.019	714.017	199.998	1241.028	841.942	0.132	0.051	0.294	0.503
sub-105_task-EyeTracking_physio	11	755.683	964.026	208.343	1266.305	910.925	0.118	0.038	0.197	0.463
sub-105_task-EyeTracking_physio	11	989.030	1530.700	541.670	1306.280	961.415	0.132	0.058	0.382	0.523
sub-105_task-EyeTracking_physio	11	1547.367	1730.703	183.336	1344.090	967.117	0.180	0.077	0.677	0.324
sub-105_task-EyeTracking_physio	11	1772.373	2014.042	241.669	1549.140	980.450	0.132	0.053	0.297	0.478
sub-105_task-EyeTracking_physio	11	2055.712	2314.054	258.342	1620.305	987.540	0.126	0.039	0.267	0.325
sub-105_task-EyeTracking_physio	11	2339.052	2530.721	191.669	1679.275	935.775	0.206	0.102	0.589	0.523
sub-105_task-EyeTracking_physio	11	2547.392	2864.072	316.680	1617.285	705.173	0.224	0.115	0.526	0.790
sub-105_task-EyeTracking_physio	11	2897.396	3005.742	108.346	1589.940	662.090	0.149	0.027	0.156	0.486
sub-105_task-EyeTracking_physio	12	-1147.813	-1022.807	125.006	1311.580	668.795	0.140	0.033	0.173	0.300
sub-105_task-EyeTracking_physio	12	-997.808	-281.135	716.673	1271.598	681.080	0.210	0.144	0.655	0.971
sub-105_task-EyeTracking_physio	12	-272.801	260.554	533.355	1286.168	729.395	0.150	0.077	0.382	0.720
sub-105_task-EyeTracking_physio	12	285.559	485.562	200.003	1265.245	796.850	0.249	0.160	1.063	0.474
sub-105_task-EyeTracking_physio	12	585.557	910.562	325.005	1108.000	978.265	0.160	0.080	0.599	0.626
sub-105_task-EyeTracking_physio	12	927.234	1135.570	208.336	1036.360	957.615	0.251	0.068	0.938	0.377
sub-105_task-EyeTracking_physio	12	1177.236	1643.925	466.689	1022.438	523.638	0.103	0.033	0.248	0.358
sub-105_task-EyeTracking_physio	12	1668.924	1835.587	166.663	1089.113	451.165	0.104	0.060	0.516	0.310
sub-105_task-EyeTracking_physio	12	1868.924	2377.271	508.347	1491.235	529.055	0.175	0.153	0.779	0.807
sub-105_task-EyeTracking_physio	12	2427.270	2568.939	141.669	1558.285	1073.875	0.398	2.574	1.852	1.983
sub-105_task-EyeTracking_physio	12	2593.939	2893.950	300.011	1492.622	910.820	0.152	0.065	0.342	0.553
sub-105_task-EyeTracking_physio	13	-125.421	466.261	591.682	1295.915	702.900	0.199	0.096	0.452	0.734
sub-105_task-EyeTracking_physio	13	491.253	782.934	291.681	1203.345	964.695	0.159	0.094	0.263	0.964
sub-105_task-EyeTracking_physio	13	816.267	1116.278	300.011	1086.910	1004.160	0.141	0.060	0.546	0.333
sub-105_task-EyeTracking_physio	13	1166.277	1482.939	316.662	967.457	531.320	0.114	0.036	0.225	0.508
sub-105_task-EyeTracking_physio	13	1524.610	1724.611	200.001	1028.950	537.327	0.092	0.021	0.217	0.223
sub-105_task-EyeTracking_physio	13	1782.949	2049.631	266.682	1324.615	544.433	0.129	0.037	0.277	0.301
sub-105_task-EyeTracking_physio	13	2074.622	2299.628	225.006	1464.160	608.860	0.265	0.122	0.948	0.602
sub-105_task-EyeTracking_physio	13	2324.628	2582.975	258.347	1545.755	886.365	0.243	0.168	0.550	1.053
sub-105_task-EyeTracking_physio	13	2616.307	2832.981	216.674	1527.182	944.627	0.112	0.031	0.256	0.303
sub-105_task-EyeTracking_physio	13	2857.981	3007.977	149.996	1496.150	1005.355	0.163	0.059	0.279	0.400
sub-105_task-EyeTracking_physio	14	-845.319	-503.648	341.671	1289.895	700.730	0.158	0.056	0.314	0.545
sub-105_task-EyeTracking_physio	14	-486.982	329.707	816.689	1281.415	732.655	0.163	0.078	0.620	0.711
sub-105_task-EyeTracking_physio	14	363.040	679.711	316.671	1174.165	762.350	0.178	0.083	0.511	0.498
sub-105_task-EyeTracking_physio	14	729.716	996.391	266.675	1085.005	758.793	0.129	0.029	0.194	0.393
sub-105_task-EyeTracking_physio	14	1021.391	1463.064	441.673	969.185	802.355	0.118	0.042	0.437	0.421
sub-105_task-EyeTracking_physio	14	1496.402	1829.742	333.340	1076.500	546.870	0.196	0.163	0.549	0.829
sub-105_task-EyeTracking_physio	14	1863.075	2054.749	191.674	1224.300	587.915	0.232	0.105	0.643	0.509
sub-105_task-EyeTracking_physio	14	2104.748	2404.754	300.006	1421.523	762.055	0.138	0.059	0.291	0.499
sub-105_task-EyeTracking_physio	14	2454.758	2771.422	316.664	1404.870	834.015	0.120	0.030	0.242	0.390
sub-105_task-EyeTracking_physio	14	2821.426	3004.763	183.337	1494.445	881.945	0.153	0.053	0.240	0.455
sub-105_task-EyeTracking_physio	15	-2132.919	-1574.565	558.354	1294.955	758.985	0.288	0.224	2.229	1.258
sub-105_task-EyeTracking_physio	15	-1557.898	-1249.565	308.333	1272.275	765.040	0.195	0.053	0.751	0.283
sub-105_task-EyeTracking_physio	15	-1232.896	-966.222	266.674	1278.020	744.150	0.084	0.019	0.210	0.294
sub-105_task-EyeTracking_physio	15	-949.555	-191.207	758.348	1278.290	767.180	0.109	0.047	0.432	0.386
sub-105_task-EyeTracking_physio	15	-174.535	358.808	533.343	1275.660	750.150	0.193	0.068	0.973	0.474
sub-105_task-EyeTracking_physio	15	400.483	667.151	266.668	1215.058	814.505	0.114	0.027	0.272	0.306
sub-105_task-EyeTracking_physio	15	708.818	958.822	250.004	1127.095	847.620	0.089	0.021	0.200	0.210
sub-105_task-EyeTracking_physio	15	983.822	1292.175	308.353	1028.055	852.505	0.154	0.081	0.600	0.453
sub-105_task-EyeTracking_physio	15	1325.508	1625.516	300.008	925.590	721.545	0.169	0.071	0.413	0.430
sub-105_task-EyeTracking_physio	15	1642.183	1892.186	250.003	971.643	674.295	0.146	0.044	0.261	0.404
sub-105_task-EyeTracking_physio	15	1983.856	2175.531	191.675	1123.075	611.330	0.101	0.040	0.237	0.476
sub-105_task-EyeTracking_physio	15	2200.530	2458.870	258.340	1361.405	623.255	0.223	0.123	0.983	0.387
sub-105_task-EyeTracking_physio	15	2492.203	2775.533	283.330	1504.045	686.003	0.167	0.102	0.635	0.476
sub-105_task-EyeTracking_physio	15	2808.866	3008.892	200.026	1612.450	721.215	0.163	0.062	0.420	0.432
sub-105_task-EyeTracking_physio	16	-477.532	247.487	725.019	1278.120	701.040	0.188	0.251	0.577	1.222
sub-105_task-EyeTracking_physio	16	289.163	564.159	274.996	1205.665	715.215	0.228	0.099	0.296	0.917
sub-105_task-EyeTracking_physio	16	580.826	897.509	316.683	1150.188	715.795	0.298	0.205	0.937	0.667
sub-105_task-EyeTracking_physio	16	914.176	1264.182	350.006	1055.420	735.467	0.228	0.075	0.718	0.412
sub-105_task-EyeTracking_physio	16	1305.854	1530.860	225.006	1085.075	807.035	0.113	0.037	0.283	0.333
sub-105_task-EyeTracking_physio	16	1564.193	1805.865	241.672	1225.815	831.675	0.248	0.109	0.946	0.475
sub-105_task-EyeTracking_physio	16	1830.865	2080.871	250.006	1349.365	827.152	0.261	0.105	0.971	0.420
sub-105_task-EyeTracking_physio	16	2122.528	2330.868	208.340	1428.340	780.835	0.173	0.056	0.278	0.447
sub-105_task-EyeTracking_physio	16	2364.202	2664.209	300.007	1549.017	767.228	0.180	0.057	0.435	0.481
sub-105_task-EyeTracking_physio	16	2705.876	2939.211	233.335	1614.108	739.062	0.149	0.042	0.216	0.357
sub-105_task-EyeTracking_physio	17	-1548.006	-1406.330	141.676	1327.995	633.370	0.227	0.078	0.659	0.226
sub-105_task-EyeTracking_physio	17	-1389.663	-1139.664	249.999	1290.117	668.670	0.227	0.097	0.634	0.564
sub-105_task-EyeTracking_physio	17	-1122.997	285.370	1408.367	1282.450	717.450	0.191	0.108	0.474	0.873
sub-105_task-EyeTracking_physio	17	318.702	527.038	208.336	1283.250	762.200	0.185	0.049	0.314	0.442
sub-105_task-EyeTracking_physio	17	543.709	760.376	216.667	1290.695	823.095	0.186	0.038	0.224	0.447
sub-105_task-EyeTracking_physio	17	777.043	1060.382	283.339	1323.053	877.832	0.190	0.071	0.488	0.609
sub-105_task-EyeTracking_physio	17	1085.389	1277.056	191.667	1415.550	891.465	0.208	0.103	0.631	0.467
sub-105_task-EyeTracking_physio	17	1310.390	1627.067	316.677	1535.400	895.633	0.176	0.082	0.676	0.376
sub-105_task-EyeTracking_physio	17	1643.733	1985.410	341.677	1664.375	831.865	0.201	0.076	0.595	0.611
sub-105_task-EyeTracking_physio	17	2018.744	2227.079	208.335	1626.640	680.790	0.188	0.057	0.310	0.594
sub-105_task-EyeTracking_physio	17	2252.083	2618.754	366.671	1576.533	609.618	0.182	0.074	0.264	0.578
sub-105_task-EyeTracking_physio	17	2643.758	2885.426	241.668	1417.195	583.375	0.267	0.168	0.696	0.650
sub-105_task-EyeTracking_physio	18	-542.638	-384.302	158.336	1265.470	667.230	0.447	0.610	1.312	1.625
sub-105_task-EyeTracking_physio	18	-342.631	349.042	691.673	1278.145	719.680	0.188	0.085	0.460	0.966
sub-105_task-EyeTracking_physio	18	382.384	574.057	191.673	1232.765	718.090	0.183	0.051	0.240	0.494
sub-105_task-EyeTracking_physio	18	599.056	907.396	308.340	1152.570	735.460	0.236	0.115	0.680	0.667
sub-105_task-EyeTracking_physio	18	932.395	1232.405	300.010	1082.872	773.737	0.170	0.054	0.530	0.403
sub-105_task-EyeTracking_physio	18	1257.404	1449.074	191.670	1042.000	763.920	0.155	0.045	0.309	0.365
sub-105_task-EyeTracking_physio	18	1465.740	1765.750	300.010	987.237	634.668	0.144	0.059	0.233	0.664
sub-105_task-EyeTracking_physio	18	1807.417	1982.419	175.002	1060.690	610.095	0.158	0.054	0.406	0.374
sub-105_task-EyeTracking_physio	18	2007.423	2315.764	308.341	1273.505	623.620	0.218	0.107	0.831	0.507
sub-105_task-EyeTracking_physio	18	2332.431	2632.433	300.002	1418.350	622.890	0.281	0.205	1.119	0.594
sub-105_task-EyeTracking_physio	18	2724.106	3007.427	283.321	1543.290	732.765	0.208	0.066	0.460	0.495
sub-105_task-EyeTracking_physio	19	-1463.020	-1221.349	241.671	1334.905	704.040	0.219	0.164	1.125	0.483
sub-105_task-EyeTracking_physio	19	-1196.349	412.020	1608.369	1280.160	700.430	0.166	0.155	0.509	1.019
sub-105_task-EyeTracking_physio	19	437.020	695.361	258.341	1273.510	776.970	0.207	0.060	0.215	0.590
sub-105_task-EyeTracking_physio	19	712.027	1078.705	366.678	1225.938	864.267	0.215	0.095	0.413	0.625
sub-105_task-EyeTracking_physio	19	1137.041	1395.381	258.340	1128.970	970.155	0.093	0.021	0.249	0.189
sub-105_task-EyeTracking_physio	19	1437.047	1662.054	225.007	1038.775	983.930	0.112	0.029	0.267	0.264
sub-105_task-EyeTracking_physio	19	1687.044	2078.729	391.685	987.810	906.160	0.125	0.061	0.434	0.510
sub-105_task-EyeTracking_physio	19	2103.728	2495.405	391.677	1053.195	704.975	0.203	0.082	0.359	0.658
sub-105_task-EyeTracking_physio	19	2512.070	2728.744	216.674	1203.460	691.270	0.260	0.117	0.804	0.538
sub-105_task-EyeTracking_physio	19	2762.076	2970.416	208.340	1308.845	710.010	0.123	0.044	0.299	0.386
sub-105_task-EyeTracking_physio	20	-716.125	592.241	1308.366	1278.765	713.605	0.267	0.214	2.029	1.049
sub-105_task-EyeTracking_physio	20	617.241	975.584	358.343	1265.955	787.445	0.190	0.096	0.330	0.891
sub-105_task-EyeTracking_physio	20	1017.250	1208.919	191.669	1199.235	852.580	0.106	0.026	0.140	0.307
sub-105_task-EyeTracking_physio	20	1250.590	2125.608	875.018	1121.760	907.445	0.126	0.040	0.286	0.395
sub-105_task-EyeTracking_physio	20	2142.278	2425.616	283.338	1115.273	725.312	0.156	0.053	0.267	0.545
sub-105_task-EyeTracking_physio	20	2442.283	2742.288	300.005	1043.088	530.713	0.135	0.045	0.353	0.479
sub-105_task-EyeTracking_physio	20	2758.955	3008.961	250.006	1023.223	508.858	0.131	0.037	0.323	0.291
sub-105_task-EyeTracking_physio	21	-1027.831	-919.498	108.333	1283.130	633.690	0.156	0.047	0.273	0.348
sub-105_task-EyeTracking_physio	21	-902.831	-752.828	150.003	1288.997	701.352	0.158	0.046	0.168	0.479
sub-105_task-EyeTracking_physio	21	-727.828	347.195	1075.023	1276.415	728.965	0.170	0.143	0.662	0.986
sub-105_task-EyeTracking_physio	21	380.534	563.871	183.337	1378.543	753.845	0.193	0.098	0.504	0.494
sub-105_task-EyeTracking_physio	21	597.203	897.207	300.004	1554.050	780.940	0.177	0.057	0.243	0.612
sub-105_task-EyeTracking_physio	21	922.212	1363.887	441.675	1644.555	787.605	0.168	0.103	0.854	0.410
sub-105_task-EyeTracking_physio	21	1422.219	1747.229	325.010	1070.225	891.100	0.184	0.087	0.749	0.465
sub-105_task-EyeTracking_physio	21	1772.228	2013.899	241.671	1051.455	826.480	0.180	0.039	0.201	0.519
sub-105_task-EyeTracking_physio	21	2038.899	2222.238	183.339	1015.418	720.562	0.135	0.080	0.319	0.667
sub-105_task-EyeTracking_physio	21	2247.238	2513.909	266.671	1118.452	496.495	0.104	0.053	0.332	0.375
sub-105_task-EyeTracking_physio	21	2530.576	2813.916	283.340	1354.688	475.805	0.201	0.124	1.085	0.455
sub-105_task-EyeTracking_physio	21	2830.583	3005.583	175.000	1509.235	514.960	0.315	0.137	1.156	0.317
sub-105_task-EyeTracking_physio	22	-63.854	277.822	341.676	1279.175	720.460	0.178	0.119	0.370	0.945
sub-105_task-EyeTracking_physio	22	294.490	636.162	341.672	1325.265	757.980	0.228	0.192	0.866	0.801
sub-105_task-EyeTracking_physio	22	686.161	852.825	166.664	1492.070	834.492	0.158	0.045	0.248	0.462
sub-105_task-EyeTracking_physio	22	869.490	1186.175	316.685	1574.338	885.935	0.214	0.094	0.822	0.476
sub-105_task-EyeTracking_physio	22	1211.175	1577.849	366.674	1620.483	927.053	0.140	0.056	0.419	0.360
sub-105_task-EyeTracking_physio	22	1636.182	1752.852	116.670	1209.465	859.505	0.137	0.028	0.134	0.299
sub-105_task-EyeTracking_physio	22	1769.517	2052.857	283.340	998.445	705.500	0.236	0.109	0.539	0.831
sub-105_task-EyeTracking_physio	22	2069.522	2436.198	366.676	966.882	630.243	0.145	0.057	0.338	0.466
sub-105_task-EyeTracking_physio	22	2452.865	2669.537	216.672	1011.578	610.695	0.215	0.079	0.546	0.350
sub-105_task-EyeTracking_physio	22	2686.203	3002.884	316.681	1105.645	616.788	0.259	0.111	1.165	0.470
sub-105_task-EyeTracking_physio	23	-600.258	-425.256	175.002	1340.110	709.635	0.218	0.124	0.689	0.594
sub-105_task-EyeTracking_physio	23	-400.257	374.762	775.019	1274.950	716.610	0.180	0.086	0.452	0.772
sub-105_task-EyeTracking_physio	23	416.428	591.434	175.006	1348.495	754.470	0.152	0.044	0.302	0.388
sub-105_task-EyeTracking_physio	23	624.768	841.433	216.665	1447.470	792.190	0.209	0.081	0.316	0.583
sub-105_task-EyeTracking_physio	23	866.441	1174.779	308.338	1543.385	780.335	0.176	0.068	0.474	0.581
sub-105_task-EyeTracking_physio	23	1191.446	1399.785	208.339	1540.055	762.775	0.168	0.043	0.234	0.511
sub-105_task-EyeTracking_physio	23	1416.451	1741.461	325.010	1505.050	763.550	0.165	0.069	0.510	0.440
sub-105_task-EyeTracking_physio	23	1758.128	2124.801	366.673	1541.902	520.035	0.148	0.056	0.244	0.488
sub-105_task-EyeTracking_physio	23	2166.470	2308.132	141.662	1471.740	524.325	0.124	0.053	0.336	0.332
sub-105_task-EyeTracking_physio	23	2341.473	2658.150	316.677	1086.410	573.615	0.169	0.119	0.885	0.509
sub-105_task-EyeTracking_physio	23	2708.150	3008.155	300.005	995.515	599.660	0.128	0.050	0.357	0.372
sub-105_task-EyeTracking_physio	24	-578.264	546.761	1125.025	1278.790	722.285	0.180	0.299	0.522	2.250
sub-105_task-EyeTracking_physio	24	563.431	896.770	333.339	1269.040	825.385	0.153	0.046	0.245	0.579
sub-105_task-EyeTracking_physio	24	930.102	1280.111	350.009	1247.505	843.820	0.109	0.027	0.210	0.322
sub-105_task-EyeTracking_physio	24	1313.444	1530.121	216.677	1337.168	851.160	0.160	0.046	0.348	0.409
sub-105_task-EyeTracking_physio	24	1555.121	1846.788	291.667	1471.270	861.535	0.161	0.094	0.689	0.393
sub-105_task-EyeTracking_physio	24	1888.446	2096.787	208.341	1573.620	868.850	0.146	0.042	0.256	0.301
sub-105_task-EyeTracking_physio	24	2121.786	2563.466	441.680	1673.380	876.560	0.160	0.073	0.468	0.501
sub-105_task-EyeTracking_physio	24	2605.132	2938.474	333.342	1572.910	537.750	0.183	0.138	0.390	1.108
sub-105_task-EyeTracking_physio	25	-581.278	-439.607	141.671	1249.290	640.590	0.374	0.282	1.172	0.748
sub-105_task-EyeTracking_physio	25	-422.941	393.735	816.676	1275.017	697.255	0.215	0.322	0.483	1.746
sub-105_task-EyeTracking_physio	25	410.414	702.087	291.673	1225.605	736.170	0.299	0.170	1.000	0.674
sub-105_task-EyeTracking_physio	25	727.087	1443.765	716.678	1195.810	795.822	0.184	0.126	0.694	1.007
sub-105_task-EyeTracking_physio	25	1460.438	1810.442	350.004	1262.700	850.670	0.234	0.094	0.739	0.600
sub-105_task-EyeTracking_physio	25	1852.115	2010.441	158.326	1408.250	826.115	0.177	0.049	0.213	0.480
sub-105_task-EyeTracking_physio	25	2035.441	2310.455	275.014	1515.805	746.500	0.134	0.056	0.416	0.441
sub-105_task-EyeTracking_physio	25	2385.458	2743.798	358.340	954.440	710.290	0.171	0.082	0.404	0.842
sub-105_task-EyeTracking_physio	25	2760.464	2968.803	208.339	946.125	828.350	0.261	0.110	0.410	1.174
sub-105_task-EyeTracking_physio	26	-342.430	324.254	666.684	1284.513	708.627	0.235	0.130	0.667	0.988
sub-105_task-EyeTracking_physio	26	332.587	632.592	300.005	1261.135	758.242	0.234	0.146	0.449	0.860
sub-105_task-EyeTracking_physio	26	657.596	765.928	108.332	1184.990	960.795	1.525	5.732	2.392	4.747
sub-105_task-EyeTracking_physio	26	782.599	1165.944	383.345	1218.115	866.352	0.138	0.105	0.488	0.771
sub-105_task-EyeTracking_physio	26	1207.610	1332.611	125.001	1063.035	809.910	0.120	0.042	0.241	0.319
sub-105_task-EyeTracking_physio	26	1357.610	1615.949	258.339	979.265	617.120	0.162	0.063	0.528	0.406
sub-105_task-EyeTracking_physio	26	1632.616	1882.622	250.006	1163.160	560.977	0.182	0.102	0.842	0.340
sub-105_task-EyeTracking_physio	26	1899.289	2182.627	283.338	1488.880	583.625	0.230	0.191	1.119	0.756
sub-105_task-EyeTracking_physio	26	2199.294	2449.299	250.005	1615.582	760.175	0.182	0.112	0.492	0.709
sub-105_task-EyeTracking_physio	26	2465.966	2749.309	283.343	1635.475	864.748	0.235	0.108	0.580	0.762
sub-105_task-EyeTracking_physio	26	2799.309	2949.311	150.002	1538.928	867.577	0.131	0.029	0.188	0.312
sub-105_task-EyeTracking_physio	27	-862.355	246.005	1108.360	1276.740	703.585	0.278	0.150	0.532	2.258
sub-105_task-EyeTracking_physio	27	271.004	512.675	241.671	1260.775	673.325	0.208	0.105	0.438	0.564
sub-105_task-EyeTracking_physio	27	537.674	862.684	325.010	1071.680	657.755	0.193	0.106	0.752	0.534
sub-105_task-EyeTracking_physio	27	904.351	1146.024	241.673	1158.380	885.370	0.156	0.116	0.504	0.597
sub-105_task-EyeTracking_physio	27	1179.357	1396.030	216.673	1260.965	897.895	0.166	0.048	0.300	0.375
sub-105_task-EyeTracking_physio	27	1421.029	1629.363	208.334	1439.810	880.000	0.258	0.126	0.825	0.455
sub-105_task-EyeTracking_physio	27	1662.702	1946.036	283.334	1551.550	844.672	0.177	0.104	0.684	0.502
sub-105_task-EyeTracking_physio	27	1971.036	2204.379	233.343	1599.528	721.308	0.147	0.040	0.328	0.337
sub-105_task-EyeTracking_physio	27	2379.381	2846.063	466.682	1511.197	584.023	0.111	0.058	0.268	0.607
sub-105_task-EyeTracking_physio	27	2871.063	3004.398	133.335	1498.033	514.413	0.105	0.020	0.153	0.230
sub-105_task-EyeTracking_physio	28	-423.655	459.701	883.356	1274.418	711.477	0.176	0.212	0.716	1.121
sub-105_task-EyeTracking_physio	28	476.367	1159.711	683.344	1258.793	828.332	0.178	0.107	0.328	1.040
sub-105_task-EyeTracking_physio	28	1193.053	1509.722	316.669	1323.875	824.637	0.145	0.046	0.274	0.449
sub-105_task-EyeTracking_physio	28	1593.060	1943.066	350.006	1359.100	973.852	0.111	0.082	0.315	0.558
sub-105_task-EyeTracking_physio	28	2134.738	2593.081	458.343	1039.895	515.535	0.114	0.045	0.296	0.455
sub-105_task-EyeTracking_physio	28	2634.752	2909.759	275.007	1515.530	534.970	0.173	0.109	1.169	0.409
sub-105_task-EyeTracking_physio	29	-409.870	-159.864	250.006	1312.010	709.980	0.185	0.099	0.701	0.465
sub-105_task-EyeTracking_physio	29	-143.197	298.483	441.680	1274.080	712.745	0.220	0.125	0.583	0.934
sub-105_task-EyeTracking_physio	29	331.815	623.489	291.674	1188.060	713.080	0.196	0.066	0.343	0.534
sub-105_task-EyeTracking_physio	29	673.490	965.164	291.674	1071.965	900.720	0.146	0.057	0.361	0.602
sub-105_task-EyeTracking_physio	29	981.831	1348.507	366.676	1009.340	940.337	0.154	0.086	0.717	0.561
sub-105_task-EyeTracking_physio	29	1373.506	1681.843	308.337	1056.910	938.945	0.140	0.047	0.454	0.337
sub-105_task-EyeTracking_physio	29	1715.182	1981.856	266.674	1139.865	833.720	0.182	0.053	0.241	0.491
sub-105_task-EyeTracking_physio	29	2006.855	2256.862	250.007	1242.650	762.090	0.218	0.111	0.568	0.565
sub-105_task-EyeTracking_physio	29	2298.528	2615.199	316.671	1459.005	899.058	0.173	0.123	0.369	0.775
sub-105_task-EyeTracking_physio	29	2656.869	2815.208	158.339	1609.505	899.705	0.085	0.028	0.306	0.177
sub-105_task-EyeTracking_physio	29	2848.540	3023.527	174.987	1488.780	586.765	0.245	0.085	0.318	0.680
sub-105_task-EyeTracking_physio	30	-154.297	429.047	583.344	1282.888	719.658	0.191	0.136	0.484	0.956
sub-105_task-EyeTracking_physio	30	445.718	662.387	216.669	1197.135	779.247	0.251	0.113	0.719	0.644
sub-105_task-EyeTracking_physio	30	679.054	895.726	216.672	1143.443	795.688	0.284	0.134	0.941	0.522
sub-105_task-EyeTracking_physio	30	912.393	1229.071	316.678	1151.162	707.325	0.329	0.083	0.202	0.791
sub-105_task-EyeTracking_physio	30	1254.070	1479.071	225.001	1363.485	644.655	0.175	0.085	0.559	0.387
sub-105_task-EyeTracking_physio	30	1504.074	1745.742	241.668	1518.750	700.580	0.228	0.164	0.739	0.856
sub-105_task-EyeTracking_physio	30	1787.414	2045.745	258.331	1583.920	801.355	0.169	0.048	0.249	0.460
sub-105_task-EyeTracking_physio	30	2070.744	2220.758	150.014	1607.193	846.375	0.156	0.040	0.344	0.302
sub-105_task-EyeTracking_physio	30	2254.089	2437.431	183.342	1477.257	526.273	0.219	0.058	0.277	0.539
sub-105_task-EyeTracking_physio	30	2462.431	2762.437	300.006	1285.987	475.255	0.185	0.102	0.787	0.377
sub-105_task-EyeTracking_physio	30	2787.436	3004.110	216.674	1141.933	511.638	0.169	0.119	0.684	0.494
sub-105_task-EyeTracking_physio	31	-1333.010	-1074.669	258.341	1261.295	765.610	0.166	0.097	0.370	0.657
sub-105_task-EyeTracking_physio	31	-1066.332	292.030	1358.362	1277.095	726.075	0.172	0.196	0.403	1.251
sub-105_task-EyeTracking_physio	31	308.697	508.703	200.006	1210.250	733.197	0.257	0.198	0.909	0.623
sub-105_task-EyeTracking_physio	31	550.370	725.372	175.002	1160.715	812.995	0.143	0.042	0.267	0.449
sub-105_task-EyeTracking_physio	31	758.705	1125.381	366.676	1052.020	816.773	0.128	0.035	0.286	0.374
sub-105_task-EyeTracking_physio	31	1150.381	1342.056	191.675	1192.770	795.845	0.140	0.057	0.574	0.251
sub-105_task-EyeTracking_physio	31	1358.723	1608.719	249.996	1516.537	771.962	0.241	0.097	0.773	0.398
sub-105_task-EyeTracking_physio	31	1642.060	2058.736	416.676	1639.755	777.332	0.223	0.099	0.546	0.675
sub-105_task-EyeTracking_physio	31	2083.731	2292.067	208.336	1651.705	718.545	0.194	0.049	0.261	0.489
sub-105_task-EyeTracking_physio	31	2325.400	2542.081	216.681	1564.645	668.065	0.183	0.062	0.256	0.479
sub-105_task-EyeTracking_physio	31	2583.748	2808.752	225.004	1378.200	650.195	0.186	0.063	0.273	0.523
sub-105_task-EyeTracking_physio	31	2833.751	3008.764	175.013	1267.865	641.205	0.172	0.121	0.614	0.512
sub-105_task-EyeTracking_physio	32	-427.621	247.394	675.015	1285.585	737.600	0.175	0.166	0.627	0.819
sub-105_task-EyeTracking_physio	32	272.394	564.071	291.677	1279.510	789.225	0.128	0.025	0.180	0.309
sub-105_task-EyeTracking_physio	32	589.071	872.410	283.339	1277.602	840.582	0.149	0.038	0.249	0.585
sub-105_task-EyeTracking_physio	32	972.415	1247.420	275.005	1088.625	974.595	0.129	0.104	0.778	0.385
sub-105_task-EyeTracking_physio	32	1272.419	1580.756	308.337	1009.175	971.335	0.107	0.076	0.484	0.392
sub-105_task-EyeTracking_physio	32	1597.423	1797.431	200.008	1006.120	878.378	0.133	0.030	0.185	0.473
sub-105_task-EyeTracking_physio	32	1830.764	2064.104	233.340	1197.858	566.235	0.166	0.095	0.405	0.658
sub-105_task-EyeTracking_physio	32	2097.438	2330.773	233.335	1292.727	592.847	0.203	0.082	0.622	0.442
sub-105_task-EyeTracking_physio	32	2372.440	2664.118	291.678	1409.690	639.660	0.125	0.048	0.300	0.310
sub-105_task-EyeTracking_physio	32	2680.785	3005.790	325.005	1554.030	716.355	0.174	0.083	0.688	0.389
sub-105_task-EyeTracking_physio	33	-263.695	-122.025	141.670	1340.800	735.650	0.217	0.194	0.691	0.687
sub-105_task-EyeTracking_physio	33	-97.025	611.327	708.352	1277.090	713.345	0.226	0.203	1.279	0.809
sub-105_task-EyeTracking_physio	33	644.659	1003.002	358.343	1205.600	750.440	0.248	0.099	0.463	0.843
sub-105_task-EyeTracking_physio	33	1028.002	1286.339	258.337	1284.045	732.785	0.196	0.086	0.392	0.476
sub-105_task-EyeTracking_physio	33	1311.338	1494.677	183.339	1410.992	755.600	0.272	0.137	0.745	0.509
sub-105_task-EyeTracking_physio	33	1519.677	1744.682	225.005	1557.945	747.530	0.250	0.092	0.877	0.387
sub-105_task-EyeTracking_physio	33	1761.348	2286.360	525.012	1666.665	779.765	0.225	0.199	0.992	0.917
sub-105_task-EyeTracking_physio	33	2486.368	2828.039	341.671	990.180	820.590	0.145	0.081	0.411	0.600
sub-105_task-EyeTracking_physio	33	2853.040	3003.044	150.004	946.080	738.000	0.159	0.071	0.344	0.468
sub-105_task-EyeTracking_physio	34	-633.548	-491.880	141.668	1276.115	688.405	0.264	0.107	0.346	0.767
sub-105_task-EyeTracking_physio	34	-475.213	291.465	766.678	1287.548	738.080	0.153	0.087	0.314	0.729
sub-105_task-EyeTracking_physio	34	324.798	458.132	133.334	1346.318	772.513	0.114	0.030	0.187	0.283
sub-105_task-EyeTracking_physio	34	633.143	908.141	274.998	1513.355	881.305	0.131	0.127	0.437	0.948
sub-105_task-EyeTracking_physio	34	933.145	1408.156	475.011	1608.895	894.150	0.160	0.083	0.713	0.526
sub-105_task-EyeTracking_physio	34	1441.491	1666.492	225.001	1627.780	768.290	0.127	0.040	0.255	0.367
sub-105_task-EyeTracking_physio	34	1683.160	2041.510	358.350	1579.650	704.575	0.254	0.095	0.484	1.061
sub-105_task-EyeTracking_physio	34	2083.176	2508.189	425.013	1505.230	681.275	0.156	0.087	0.480	0.611
sub-105_task-EyeTracking_physio	34	2541.523	2841.528	300.005	1376.495	652.760	0.177	0.152	0.871	0.643
sub-105_task-EyeTracking_physio	34	2883.199	3008.197	124.998	1276.460	636.945	0.140	0.058	0.319	0.395
sub-105_task-EyeTracking_physio	35	-511.507	-336.507	175.000	1275.100	701.535	0.237	0.073	0.225	0.524
sub-105_task-EyeTracking_physio	35	-319.835	413.513	733.348	1281.928	738.590	0.166	0.095	0.469	0.773
sub-105_task-EyeTracking_physio	35	430.180	880.193	450.013	1265.707	770.938	0.188	0.137	0.421	0.947
sub-105_task-EyeTracking_physio	35	938.524	1263.535	325.011	1200.690	816.140	0.119	0.050	0.203	0.601
sub-105_task-EyeTracking_physio	35	1288.534	1630.209	341.675	1148.085	840.765	0.124	0.035	0.455	0.343
sub-105_task-EyeTracking_physio	35	1663.541	2130.219	466.678	1055.173	846.965	0.162	0.058	0.606	0.431
sub-105_task-EyeTracking_physio	35	2155.221	2821.905	666.684	974.455	835.328	0.148	0.066	0.398	0.776
sub-105_task-EyeTracking_physio	35	2846.904	3005.237	158.333	973.255	637.925	0.235	0.125	0.394	0.744
sub-105_task-EyeTracking_physio	36	-948.146	-781.478	166.668	1269.050	640.005	1.771	50.302	7.196	11.728
sub-105_task-EyeTracking_physio	36	-731.479	-589.809	141.670	1297.565	773.700	0.179	0.052	0.160	0.774
sub-105_task-EyeTracking_physio	36	-573.137	1026.898	1600.035	1277.435	743.330	0.224	0.182	0.733	1.363
sub-105_task-EyeTracking_physio	36	1101.897	1343.569	241.672	1323.760	870.890	0.090	0.022	0.243	0.181
sub-105_task-EyeTracking_physio	36	1410.239	1668.579	258.340	1387.790	928.085	0.076	0.013	0.174	0.255
sub-105_task-EyeTracking_physio	36	1710.246	2626.933	916.687	1497.705	959.487	0.100	0.038	0.413	0.308
sub-105_task-EyeTracking_physio	36	2668.600	2968.611	300.011	1394.383	972.650	0.098	0.024	0.239	0.310
sub-105_task-EyeTracking_physio	37	-1793.806	-1102.123	691.683	1274.950	771.675	0.150	0.065	0.329	0.719
sub-105_task-EyeTracking_physio	37	-1093.790	247.905	1341.695	1275.690	745.920	0.168	0.101	0.342	1.143
sub-105_task-EyeTracking_physio	37	272.905	514.580	241.675	1265.025	796.130	0.129	0.037	0.186	0.390
sub-105_task-EyeTracking_physio	37	539.578	947.927	408.349	1209.610	810.060	0.168	0.075	0.414	0.730
sub-105_task-EyeTracking_physio	37	964.594	1197.927	233.333	1277.533	842.598	0.229	0.105	0.723	0.523
sub-105_task-EyeTracking_physio	37	1372.936	1614.606	241.670	1496.340	903.130	0.129	0.136	0.456	0.698
sub-105_task-EyeTracking_physio	37	1647.940	1981.279	333.339	1602.665	886.088	0.157	0.068	0.523	0.492
sub-105_task-EyeTracking_physio	37	1997.947	2306.289	308.342	1671.905	831.725	0.190	0.111	0.607	0.521
sub-105_task-EyeTracking_physio	37	2322.955	2447.962	125.007	1655.395	732.020	0.193	0.064	0.235	0.420
sub-105_task-EyeTracking_physio	37	2472.961	2764.631	291.670	1474.395	509.735	0.123	0.058	0.325	0.418
sub-105_task-EyeTracking_physio	37	2806.303	3006.303	200.000	1409.625	497.433	0.094	0.025	0.294	0.179
sub-105_task-EyeTracking_physio	38	-213.277	445.073	658.350	1274.785	737.165	0.260	0.187	0.371	1.446
sub-105_task-EyeTracking_physio	38	461.740	711.748	250.008	1207.990	763.450	0.238	0.113	0.364	0.882
sub-105_task-EyeTracking_physio	38	745.080	1053.423	308.343	1106.130	742.745	0.207	0.100	0.337	0.972
sub-105_task-EyeTracking_physio	38	1078.422	1511.762	433.340	1024.892	761.810	0.236	0.143	0.506	1.117
sub-105_task-EyeTracking_physio	38	1536.762	1728.437	191.675	1041.640	860.190	0.137	0.044	0.250	0.404
sub-105_task-EyeTracking_physio	38	1770.104	2011.776	241.672	1194.390	912.440	0.104	0.040	0.321	0.352
sub-105_task-EyeTracking_physio	38	2036.775	2428.451	391.676	1490.555	915.675	0.231	0.377	1.069	1.547
sub-105_task-EyeTracking_physio	38	2445.117	2636.791	191.674	1538.410	826.140	0.257	0.128	0.438	0.826
sub-105_task-EyeTracking_physio	38	2661.791	2911.797	250.006	1636.473	585.067	0.260	0.182	0.520	0.770
sub-105_task-EyeTracking_physio	39	-532.957	-391.287	141.670	1316.905	645.215	0.300	0.178	0.726	0.540
sub-105_task-EyeTracking_physio	39	-374.621	275.396	650.017	1280.060	734.457	0.173	0.172	0.472	1.170
sub-105_task-EyeTracking_physio	39	308.729	592.063	283.334	1234.235	749.250	0.152	0.080	0.377	0.546
sub-105_task-EyeTracking_physio	39	608.730	842.072	233.342	1173.795	808.830	0.215	0.115	0.681	0.514
sub-105_task-EyeTracking_physio	39	858.738	2092.104	1233.366	1129.125	839.425	0.170	0.078	0.583	0.744
sub-105_task-EyeTracking_physio	39	2150.437	2375.443	225.006	1317.660	886.890	0.184	0.098	0.522	0.591
sub-105_task-EyeTracking_physio	39	2392.109	2592.117	200.008	1486.443	878.983	0.282	0.143	0.743	0.616
sub-105_task-EyeTracking_physio	39	2617.117	2792.119	175.002	1492.320	772.165	0.153	0.049	0.206	0.655
sub-105_task-EyeTracking_physio	39	2817.118	3008.794	191.676	1451.490	613.710	0.216	0.128	0.501	0.710
sub-105_task-EyeTracking_physio	40	-377.469	-219.130	158.339	1312.420	653.760	0.960	48.839	5.215	15.202
sub-105_task-EyeTracking_physio	40	-110.796	314.219	425.015	1282.800	714.800	0.157	0.117	0.416	0.841
sub-105_task-EyeTracking_physio	40	347.551	580.892	233.341	1251.878	738.477	0.179	0.059	0.269	0.553
sub-105_task-EyeTracking_physio	40	622.558	780.894	158.336	1169.380	855.365	0.148	0.081	0.254	0.690
sub-105_task-EyeTracking_physio	40	797.561	1289.241	491.680	1049.210	956.910	0.168	0.117	0.710	0.701
sub-105_task-EyeTracking_physio	40	1355.911	1647.585	291.674	1471.960	932.195	0.132	0.107	0.403	0.658
sub-105_task-EyeTracking_physio	40	1664.252	1980.923	316.671	1583.180	957.785	0.229	0.078	1.024	0.369
sub-105_task-EyeTracking_physio	40	1997.596	2230.933	233.337	1644.945	892.703	0.144	0.053	0.306	0.432
sub-105_task-EyeTracking_physio	40	2247.598	2930.952	683.354	1672.090	817.960	0.163	0.071	0.377	0.641
sub-105_task-EyeTracking_physio	41	-547.106	277.912	825.018	1286.360	696.450	0.200	0.216	0.970	1.223
sub-105_task-EyeTracking_physio	41	319.578	577.916	258.338	1242.120	711.140	0.156	0.072	0.300	0.666
sub-105_task-EyeTracking_physio	41	594.590	802.923	208.333	1182.485	738.615	0.360	0.206	0.983	0.844
sub-105_task-EyeTracking_physio	41	986.263	1402.940	416.677	1059.360	750.245	0.184	0.226	0.458	1.419
sub-105_task-EyeTracking_physio	41	1469.605	1669.613	200.008	1113.323	407.697	0.086	0.033	0.268	0.234
sub-105_task-EyeTracking_physio	41	1719.611	1911.284	191.673	1300.075	461.685	0.118	0.031	0.280	0.269
sub-105_task-EyeTracking_physio	41	2027.955	2294.626	266.671	1583.760	850.118	0.171	0.053	0.299	0.513
sub-105_task-EyeTracking_physio	41	2327.959	3002.976	675.017	1661.080	807.050	0.164	0.072	0.385	0.618
sub-105_task-EyeTracking_physio	42	-1217.299	-1017.298	200.001	1303.233	722.895	0.201	0.053	0.203	0.543
sub-105_task-EyeTracking_physio	42	-1000.631	316.066	1316.697	1283.812	724.592	0.177	0.150	0.548	1.070
sub-105_task-EyeTracking_physio	42	341.070	507.739	166.669	1304.555	793.355	0.131	0.029	0.150	0.366
sub-105_task-EyeTracking_physio	42	541.073	766.076	225.003	1327.265	931.495	0.243	0.082	0.281	0.826
sub-105_task-EyeTracking_physio	42	782.742	891.079	108.337	1314.707	1313.885	3.115	35.718	3.741	6.691
sub-105_task-EyeTracking_physio	42	932.746	1207.755	275.009	1417.880	1017.225	0.158	0.089	0.431	0.619
sub-105_task-EyeTracking_physio	42	1232.754	1766.099	533.345	1508.503	999.455	0.126	0.046	0.446	0.306
sub-105_task-EyeTracking_physio	42	1824.436	2174.441	350.005	992.075	960.880	0.135	0.188	0.659	0.870
sub-105_task-EyeTracking_physio	42	2207.780	2491.118	283.338	1005.188	892.730	0.149	0.052	0.302	0.503
sub-105_task-EyeTracking_physio	42	2716.124	2916.128	200.004	1023.872	524.088	0.107	0.035	0.209	0.442
sub-105_task-EyeTracking_physio	43	-712.053	-595.388	116.665	1283.635	637.465	0.146	0.038	0.240	0.322
sub-105_task-EyeTracking_physio	43	-587.055	-403.714	183.341	1300.110	674.252	0.157	0.050	0.263	0.366
sub-105_task-EyeTracking_physio	43	-395.381	362.970	758.351	1283.610	725.430	0.195	0.122	0.497	0.857
sub-105_task-EyeTracking_physio	43	396.303	629.645	233.342	1356.528	813.697	0.205	0.145	0.504	0.853
sub-105_task-EyeTracking_physio	43	646.310	946.317	300.007	1442.620	872.192	0.229	0.105	0.825	0.663
sub-105_task-EyeTracking_physio	43	962.983	1212.989	250.006	1569.158	898.205	0.256	0.104	0.864	0.362
sub-105_task-EyeTracking_physio	43	1237.989	1596.332	358.343	1678.280	877.375	0.183	0.091	0.834	0.320
sub-105_task-EyeTracking_physio	43	1629.664	1904.672	275.008	1670.215	794.130	0.168	0.061	0.236	0.732
sub-105_task-EyeTracking_physio	43	1929.676	2246.346	316.670	1647.395	698.360	0.176	0.094	0.426	0.519
sub-105_task-EyeTracking_physio	43	2263.013	2529.686	266.673	1604.097	684.752	0.243	0.134	0.675	0.653
sub-105_task-EyeTracking_physio	43	2563.018	2763.026	200.008	1566.197	671.793	0.148	0.047	0.275	0.506
sub-105_task-EyeTracking_physio	43	2796.358	2904.695	108.337	1164.460	597.465	0.206	0.138	0.665	0.400
sub-105_task-EyeTracking_physio	44	-339.941	-131.602	208.339	1320.465	714.560	0.317	0.186	0.957	0.831
sub-105_task-EyeTracking_physio	44	-98.269	293.407	391.676	1283.240	742.540	0.211	0.067	0.395	0.599
sub-105_task-EyeTracking_physio	44	335.074	643.418	308.344	1195.605	813.235	0.153	0.053	0.276	0.414
sub-105_task-EyeTracking_physio	44	660.084	810.085	150.001	1147.475	829.827	0.186	0.060	0.502	0.341
sub-105_task-EyeTracking_physio	44	868.418	1076.758	208.340	1472.090	788.435	0.189	0.089	0.274	0.692
sub-105_task-EyeTracking_physio	44	1110.090	1310.098	200.008	1561.335	799.178	0.187	0.042	0.209	0.381
sub-105_task-EyeTracking_physio	44	1335.098	1493.433	158.335	1597.735	646.550	0.137	0.034	0.179	0.424
sub-105_task-EyeTracking_physio	44	1543.439	1793.439	250.000	1252.267	564.680	0.105	0.024	0.192	0.351
sub-105_task-EyeTracking_physio	44	1810.112	2835.130	1025.018	1196.270	574.380	0.160	0.063	0.576	0.709
sub-105_task-EyeTracking_physio	44	2893.469	3010.137	116.668	1192.258	814.340	0.122	0.099	0.372	0.402
sub-105_task-EyeTracking_physio	45	-609.650	-434.642	175.008	1284.150	757.945	0.414	0.181	1.489	1.038
sub-105_task-EyeTracking_physio	45	-409.643	265.372	675.015	1287.460	742.705	0.134	0.052	0.406	0.411
sub-105_task-EyeTracking_physio	45	290.372	515.378	225.006	1336.330	758.920	0.177	0.063	0.582	0.313
sub-105_task-EyeTracking_physio	45	557.043	798.718	241.675	1441.765	794.075	0.153	0.052	0.287	0.549
sub-105_task-EyeTracking_physio	45	832.051	1115.395	283.344	1505.345	857.128	0.149	0.086	0.519	0.346
sub-105_task-EyeTracking_physio	45	1148.728	1648.740	500.012	1615.852	904.240	0.637	2.818	2.975	6.097
sub-105_task-EyeTracking_physio	45	1665.406	1948.746	283.340	1579.420	628.560	0.193	0.119	0.328	0.782
sub-105_task-EyeTracking_physio	45	1973.745	2240.418	266.673	1549.398	539.175	0.128	0.035	0.227	0.500
sub-105_task-EyeTracking_physio	45	2498.753	2790.430	291.677	1300.830	890.070	0.137	0.126	0.226	1.149
sub-105_task-EyeTracking_physio	45	2807.096	3007.100	200.004	1204.807	920.122	0.197	0.078	0.690	0.350
sub-105_task-EyeTracking_physio	46	-429.192	462.490	891.682	1279.205	716.110	0.210	0.191	0.536	1.064
sub-105_task-EyeTracking_physio	46	487.495	695.831	208.336	1216.150	701.705	0.183	0.070	0.343	0.505
sub-105_task-EyeTracking_physio	46	729.170	1145.844	416.674	1127.460	651.692	0.180	0.069	0.394	0.619
sub-105_task-EyeTracking_physio	46	1162.510	1379.180	216.670	1322.508	648.158	0.204	0.105	0.789	0.425
sub-105_task-EyeTracking_physio	46	1404.183	1854.193	450.010	1585.805	676.950	0.149	0.086	0.768	0.405
sub-105_task-EyeTracking_physio	46	1879.192	2154.197	275.005	1525.395	705.485	0.175	0.063	0.676	0.315
sub-105_task-EyeTracking_physio	46	2270.868	2987.553	716.685	1326.092	807.378	0.153	0.045	0.286	0.766
sub-105_task-EyeTracking_physio	47	-632.229	342.790	975.019	1285.690	704.815	0.160	0.167	0.355	1.342
sub-105_task-EyeTracking_physio	47	376.122	609.463	233.341	1178.470	751.793	0.225	0.192	0.888	0.624
sub-105_task-EyeTracking_physio	47	634.462	1051.138	416.676	1137.305	819.888	0.158	0.076	0.488	0.524
sub-105_task-EyeTracking_physio	47	1242.811	1634.485	391.674	1170.775	847.505	0.143	0.173	0.348	1.678
sub-105_task-EyeTracking_physio	47	1659.486	1876.158	216.672	1289.247	849.275	0.173	0.055	0.635	0.243
sub-105_task-EyeTracking_physio	47	1909.492	2184.498	275.006	1399.515	863.760	0.210	0.088	0.541	0.480
sub-105_task-EyeTracking_physio	47	2209.497	2492.837	283.340	1523.530	863.367	0.218	0.157	0.699	0.737
sub-105_task-EyeTracking_physio	47	2509.503	2692.841	183.338	1590.178	693.300	0.171	0.098	0.427	0.588
sub-105_task-EyeTracking_physio	47	2717.841	2967.848	250.007	1546.660	537.038	0.135	0.048	0.265	0.459
sub-105_task-EyeTracking_physio	48	-476.839	-343.503	133.336	1313.648	668.355	0.807	2.754	1.258	5.683
sub-105_task-EyeTracking_physio	48	-318.503	331.511	650.014	1285.690	712.330	0.163	0.128	0.357	1.112
sub-105_task-EyeTracking_physio	48	348.177	664.853	316.676	1253.235	699.575	0.117	0.034	0.371	0.333
sub-105_task-EyeTracking_physio	48	689.853	881.523	191.670	1185.680	698.590	0.155	0.085	0.388	0.459
sub-105_task-EyeTracking_physio	48	923.193	1223.198	300.005	1000.560	726.800	0.179	0.067	0.347	0.543
sub-105_task-EyeTracking_physio	48	1239.865	1448.204	208.339	978.630	720.810	0.171	0.095	0.435	0.567
sub-105_task-EyeTracking_physio	48	1464.870	1698.211	233.341	1069.305	704.398	0.154	0.084	0.607	0.398
sub-105_task-EyeTracking_physio	48	1731.543	2014.883	283.340	1211.315	718.035	0.177	0.181	1.018	0.690
sub-105_task-EyeTracking_physio	48	2039.882	2214.889	175.007	1340.710	732.980	0.160	0.158	0.515	0.669
sub-105_task-EyeTracking_physio	48	2248.222	2548.227	300.005	1584.040	727.515	0.210	0.112	0.908	0.431
sub-105_task-EyeTracking_physio	48	2573.227	2848.224	274.997	1662.835	723.640	0.203	0.106	0.469	0.651
sub-105_task-EyeTracking_physio	48	2873.239	3006.575	133.336	1682.298	735.592	0.099	0.031	0.203	0.313
sub-105_task-EyeTracking_physio	49	-446.408	-338.069	108.339	1306.307	911.538	1.321	5.621	2.199	6.954
sub-105_task-EyeTracking_physio	49	-321.403	-171.401	150.002	1309.970	701.080	0.135	0.075	0.218	0.678
sub-105_task-EyeTracking_physio	49	-154.732	295.277	450.009	1282.230	710.467	0.162	0.072	0.396	0.497
sub-105_task-EyeTracking_physio	49	311.943	578.616	266.673	1308.763	666.875	0.138	0.031	0.192	0.356
sub-105_task-EyeTracking_physio	49	611.949	795.289	183.340	1389.910	652.730	0.124	0.037	0.244	0.371
sub-105_task-EyeTracking_physio	49	811.956	1078.627	266.671	1449.005	669.305	0.225	0.049	0.906	0.288
sub-105_task-EyeTracking_physio	49	1120.294	1395.302	275.008	1541.565	681.955	0.115	0.035	0.218	0.454
sub-105_task-EyeTracking_physio	49	1411.968	1678.644	266.676	1603.560	684.757	0.152	0.058	0.569	0.372
sub-105_task-EyeTracking_physio	49	1695.311	2228.656	533.345	1687.315	706.850	0.187	0.077	0.623	0.574
sub-105_task-EyeTracking_physio	49	2253.656	2386.992	133.336	1607.110	726.632	0.162	0.064	0.351	0.379
sub-105_task-EyeTracking_physio	49	2470.331	2762.003	291.672	1557.845	798.040	0.163	0.115	0.319	0.762
sub-105_task-EyeTracking_physio	49	2787.002	3003.672	216.670	1515.637	782.600	0.142	0.055	0.305	0.405
sub-105_task-EyeTracking_physio	50	-307.590	-107.588	200.002	1278.457	729.293	0.216	0.093	0.518	0.463
sub-105_task-EyeTracking_physio	50	-82.583	509.096	591.679	1295.015	719.510	0.156	0.061	0.283	0.745
sub-105_task-EyeTracking_physio	50	667.431	767.435	100.004	1371.020	752.810	0.158	0.035	0.211	0.329
sub-105_task-EyeTracking_physio	50	842.437	1225.781	383.344	1059.425	817.493	0.169	0.109	0.407	0.790
sub-105_task-EyeTracking_physio	50	1267.448	1475.785	208.337	1236.930	843.430	0.103	0.028	0.228	0.284
sub-105_task-EyeTracking_physio	50	1500.788	1900.799	400.011	1513.840	871.915	0.187	0.122	0.756	1.092
sub-105_task-EyeTracking_physio	50	1942.465	2142.470	200.005	1571.280	923.085	0.123	0.031	0.219	0.260
sub-105_task-EyeTracking_physio	50	2159.137	2525.810	366.673	1591.712	993.920	0.151	0.040	0.307	0.615
sub-105_task-EyeTracking_physio	50	2700.817	2934.156	233.339	1273.767	522.980	0.161	0.152	0.726	0.445
sub-105_task-EyeTracking_physio	51	-268.799	-68.794	200.005	1315.192	759.178	0.483	0.589	0.724	2.795
sub-105_task-EyeTracking_physio	51	-52.128	264.546	316.674	1285.753	708.055	0.183	0.079	0.304	0.774
sub-105_task-EyeTracking_physio	51	281.212	514.552	233.340	1327.970	760.840	0.234	0.140	0.581	0.572
sub-105_task-EyeTracking_physio	51	564.551	689.554	125.003	1446.470	824.820	0.138	0.049	0.188	0.437
sub-105_task-EyeTracking_physio	51	739.561	1081.231	341.670	1551.235	975.740	0.147	0.060	0.335	0.527
sub-105_task-EyeTracking_physio	51	1147.902	1581.244	433.342	1052.620	953.662	0.113	0.033	0.331	0.302
sub-105_task-EyeTracking_physio	51	1614.577	1814.585	200.008	981.720	934.510	0.110	0.031	0.307	0.206
sub-105_task-EyeTracking_physio	51	1831.251	2831.277	1000.026	996.707	741.452	0.188	0.075	0.468	0.899
sub-105_task-EyeTracking_physio	51	2864.609	3006.278	141.669	1260.570	882.155	0.229	0.109	0.599	0.422
sub-105_task-EyeTracking_physio	52	-221.551	261.795	483.346	1289.735	721.560	0.181	0.101	0.314	0.929
sub-105_task-EyeTracking_physio	52	286.795	511.800	225.005	1347.535	780.835	0.130	0.034	0.297	0.457
sub-105_task-EyeTracking_physio	52	553.466	728.470	175.004	1443.040	824.500	0.132	0.036	0.202	0.389
sub-105_task-EyeTracking_physio	52	761.802	1061.814	300.012	1557.408	853.680	0.154	0.084	0.511	0.515
sub-105_task-EyeTracking_physio	52	1086.813	1278.482	191.669	1614.150	769.215	0.177	0.047	0.220	0.431
sub-105_task-EyeTracking_physio	52	1311.820	1561.827	250.007	1344.865	720.738	0.155	0.086	0.567	0.436
sub-105_task-EyeTracking_physio	52	1586.826	1828.497	241.671	1278.430	714.645	0.182	0.072	0.477	0.381
sub-105_task-EyeTracking_physio	52	1870.164	2161.836	291.672	1235.680	699.235	0.130	0.041	0.212	0.405
sub-105_task-EyeTracking_physio	52	2278.506	2561.847	283.341	1058.745	1056.790	0.135	0.034	0.265	0.437
sub-105_task-EyeTracking_physio	52	2578.513	2811.851	233.338	1069.110	956.902	0.132	0.030	0.250	0.352
sub-105_task-EyeTracking_physio	52	2853.517	3003.531	150.014	1302.812	606.227	0.161	0.086	0.403	0.493
sub-105_task-EyeTracking_physio	53	-232.617	-57.609	175.008	1311.400	686.545	0.282	0.143	0.201	1.293
sub-105_task-EyeTracking_physio	53	-32.610	442.396	475.006	1299.530	718.030	0.185	0.079	0.362	0.762
sub-105_task-EyeTracking_physio	53	517.400	742.407	225.007	1380.620	825.515	0.182	0.078	0.485	0.534
sub-105_task-EyeTracking_physio	53	767.407	1025.745	258.338	1435.220	911.910	0.144	0.071	0.439	0.566
sub-105_task-EyeTracking_physio	53	1050.744	1259.085	208.341	1420.915	968.830	0.115	0.044	0.353	0.329
sub-105_task-EyeTracking_physio	53	1284.084	1592.422	308.338	1385.085	997.060	0.123	0.054	0.336	0.426
sub-105_task-EyeTracking_physio	53	1617.421	1859.093	241.672	1407.440	977.535	0.100	0.023	0.224	0.205
sub-105_task-EyeTracking_physio	53	1892.427	2109.099	216.672	1358.352	1004.135	0.099	0.030	0.269	0.311
sub-105_task-EyeTracking_physio	53	2125.766	2359.105	233.339	1168.068	914.747	0.144	0.054	0.503	0.354
sub-105_task-EyeTracking_physio	53	2384.105	3000.788	616.683	1059.402	800.942	0.177	0.073	0.567	0.578
sub-105_task-EyeTracking_physio	54	-477.226	-318.892	158.334	1292.450	650.955	0.883	1.632	5.145	2.622
sub-105_task-EyeTracking_physio	54	-302.225	297.791	600.016	1284.447	741.822	0.185	0.099	0.328	1.002
sub-105_task-EyeTracking_physio	54	314.458	581.128	266.670	1287.765	772.535	0.205	0.060	0.233	0.650
sub-105_task-EyeTracking_physio	54	597.795	1347.815	750.020	1524.758	820.663	0.189	0.152	0.891	0.683
sub-105_task-EyeTracking_physio	54	1381.149	1564.484	183.335	1450.193	858.117	0.139	0.039	0.218	0.326
sub-105_task-EyeTracking_physio	54	1614.487	1931.160	316.673	1200.705	880.723	0.101	0.032	0.302	0.276
sub-105_task-EyeTracking_physio	54	1956.160	2214.499	258.339	1141.245	817.155	0.168	0.068	0.519	0.453
sub-105_task-EyeTracking_physio	54	2231.166	2597.842	366.676	1119.250	759.518	0.200	0.056	0.386	0.504
sub-105_task-EyeTracking_physio	54	2614.509	2931.182	316.673	1005.250	660.388	0.133	0.064	0.319	0.466
sub-105_task-EyeTracking_physio	55	-313.359	-180.023	133.336	1335.175	728.485	0.901	8.640	1.804	7.531
sub-105_task-EyeTracking_physio	55	-146.689	344.989	491.678	1292.820	706.510	0.190	0.143	0.363	1.244
sub-105_task-EyeTracking_physio	55	369.988	553.329	183.341	1350.625	767.620	0.152	0.119	0.351	0.559
sub-105_task-EyeTracking_physio	55	578.329	795.000	216.671	1500.380	727.795	0.213	0.101	0.414	0.648
sub-105_task-EyeTracking_physio	55	828.334	1386.681	558.347	1587.945	712.215	0.188	0.065	0.411	0.662
sub-105_task-EyeTracking_physio	55	1478.350	1661.685	183.335	1488.915	652.433	0.112	0.091	0.197	0.755
sub-105_task-EyeTracking_physio	55	1686.685	1895.026	208.341	1359.760	764.185	0.241	0.150	0.645	0.642
sub-105_task-EyeTracking_physio	55	1928.358	2128.365	200.007	1334.940	816.697	0.137	0.038	0.242	0.422
sub-105_task-EyeTracking_physio	55	2170.030	2445.032	275.002	1290.625	861.555	0.123	0.024	0.203	0.284
sub-105_task-EyeTracking_physio	55	2478.366	2936.717	458.351	956.900	747.430	0.206	0.110	0.534	0.887
sub-105_task-EyeTracking_physio	56	-249.502	408.847	658.349	1279.895	734.475	0.212	0.210	0.883	1.445
sub-105_task-EyeTracking_physio	56	433.847	608.850	175.003	1359.970	704.220	0.192	0.057	0.277	0.531
sub-105_task-EyeTracking_physio	56	642.187	1025.525	383.338	1612.273	751.920	0.146	0.088	0.785	0.571
sub-105_task-EyeTracking_physio	56	1067.197	1292.197	225.000	1602.965	827.040	0.157	0.041	0.253	0.369
sub-105_task-EyeTracking_physio	56	1308.865	1692.212	383.347	1607.197	901.688	0.177	0.077	0.349	0.646
sub-105_task-EyeTracking_physio	56	1708.878	1908.880	200.002	1443.970	799.753	0.187	0.077	0.366	0.556
sub-105_task-EyeTracking_physio	56	1942.214	2125.555	183.341	1321.472	663.763	0.161	0.070	0.479	0.372
sub-105_task-EyeTracking_physio	56	2217.223	2475.561	258.338	1048.165	742.875	0.158	0.073	0.376	0.513
sub-105_task-EyeTracking_physio	56	2508.899	2933.907	425.008	909.070	830.815	0.222	0.137	0.885	0.821
sub-105_task-EyeTracking_physio	57	-419.106	-319.102	100.004	1329.595	669.908	0.322	0.273	0.813	0.705
sub-105_task-EyeTracking_physio	57	-302.436	230.911	533.347	1290.423	737.108	0.216	0.154	0.850	0.898
sub-105_task-EyeTracking_physio	57	247.577	472.583	225.006	1314.390	816.290	0.198	0.059	0.295	0.669
sub-105_task-EyeTracking_physio	57	505.917	747.590	241.673	1472.710	842.255	0.254	0.130	0.486	0.694
sub-105_task-EyeTracking_physio	57	789.256	897.591	108.335	1614.115	816.320	0.097	0.012	0.073	0.243
sub-105_task-EyeTracking_physio	57	930.923	1197.598	266.675	1493.992	549.560	0.123	0.039	0.295	0.509
sub-105_task-EyeTracking_physio	57	1247.599	1630.940	383.341	1390.287	550.058	0.122	0.038	0.269	0.354
sub-105_task-EyeTracking_physio	57	1655.943	1930.950	275.007	1418.430	567.750	0.127	0.067	0.387	0.452
sub-105_task-EyeTracking_physio	57	1947.617	2380.960	433.343	1441.165	644.658	0.129	0.078	0.336	0.595
sub-105_task-EyeTracking_physio	57	2455.962	2697.635	241.673	1158.420	598.160	0.124	0.080	0.429	0.594
sub-105_task-EyeTracking_physio	57	2747.634	3005.974	258.340	974.250	694.330	0.161	0.059	0.264	0.666
sub-105_task-EyeTracking_physio	58	-163.443	328.233	491.676	1271.515	737.460	0.310	0.236	1.912	1.126
sub-105_task-EyeTracking_physio	58	344.900	528.240	183.340	1308.725	795.275	0.322	0.146	0.755	0.701
sub-105_task-EyeTracking_physio	58	544.906	819.912	275.006	1488.140	753.830	0.243	0.164	0.827	0.751
sub-105_task-EyeTracking_physio	58	836.578	1028.251	191.673	1452.320	733.315	0.171	0.086	0.378	0.590
sub-105_task-EyeTracking_physio	58	1078.251	1278.256	200.005	1363.860	744.577	0.149	0.040	0.271	0.510
sub-105_task-EyeTracking_physio	58	1328.256	1503.260	175.004	1261.610	801.215	0.110	0.028	0.165	0.347
sub-105_task-EyeTracking_physio	58	1544.933	1761.600	216.667	1169.885	842.530	0.186	0.060	0.562	0.399
sub-105_task-EyeTracking_physio	58	1786.600	2028.272	241.672	911.955	591.535	0.162	0.054	0.407	0.444
sub-105_task-EyeTracking_physio	58	2044.938	2344.951	300.013	1033.892	573.620	0.217	0.106	0.988	0.394
sub-105_task-EyeTracking_physio	58	2386.616	2744.974	358.358	1153.980	558.415	0.109	0.037	0.256	0.340
sub-105_task-EyeTracking_physio	58	2769.974	3003.298	233.324	1276.142	548.760	0.183	0.095	0.616	0.481
sub-105_task-EyeTracking_physio	59	-132.794	275.548	408.342	1305.745	698.400	0.162	0.096	0.582	0.717
sub-105_task-EyeTracking_physio	59	292.213	1292.239	1000.026	1259.195	686.148	0.250	0.237	1.013	1.192
sub-105_task-EyeTracking_physio	59	1392.237	1808.917	416.680	1564.560	696.128	0.155	0.110	0.496	0.670
sub-105_task-EyeTracking_physio	59	1842.251	2175.590	333.339	1293.428	520.662	0.126	0.057	0.510	0.373
sub-105_task-EyeTracking_physio	59	2200.596	2433.929	233.333	1072.415	502.878	0.142	0.061	0.543	0.346
sub-105_task-EyeTracking_physio	59	2517.266	2908.941	391.675	1023.115	960.320	0.232	0.219	0.667	1.246
sub-105_task-EyeTracking_physio	60	-243.889	-52.216	191.673	1313.380	752.790	0.559	0.246	0.806	2.617
sub-105_task-EyeTracking_physio	60	-35.550	381.126	416.676	1281.662	747.775	0.224	0.118	0.826	0.690
sub-105_task-EyeTracking_physio	60	406.126	647.797	241.671	1132.700	754.260	0.224	0.085	0.890	0.333
sub-105_task-EyeTracking_physio	60	672.799	881.136	208.337	1057.815	774.000	0.168	0.063	0.419	0.398
sub-105_task-EyeTracking_physio	60	906.136	1122.810	216.674	1002.843	825.600	0.147	0.036	0.334	0.423
sub-105_task-EyeTracking_physio	60	1147.810	1506.151	358.341	1005.755	862.870	0.127	0.028	0.209	0.353
sub-105_task-EyeTracking_physio	60	1556.150	1797.825	241.675	1029.105	477.230	0.104	0.052	0.350	0.466
sub-105_task-EyeTracking_physio	60	1831.159	2097.830	266.671	1648.277	647.490	0.219	0.104	1.003	0.493
sub-105_task-EyeTracking_physio	60	2131.167	2331.170	200.003	1613.930	682.605	0.148	0.030	0.173	0.416
sub-105_task-EyeTracking_physio	60	2356.169	2614.510	258.341	1595.050	809.050	0.159	0.046	0.293	0.433
sub-105_task-EyeTracking_physio	60	2631.176	2931.184	300.008	1597.653	907.705	0.175	0.046	0.294	0.526
sub-105_task-EyeTracking_physio	61	-88.259	270.085	358.344	1265.475	716.110	0.153	0.098	0.547	0.554
sub-105_task-EyeTracking_physio	61	311.751	470.085	158.334	1275.040	791.620	0.174	0.044	0.264	0.328
sub-105_task-EyeTracking_physio	61	495.085	745.091	250.006	1190.450	901.650	0.153	0.084	0.659	0.539
sub-105_task-EyeTracking_physio	61	778.432	1161.767	383.335	1121.040	887.700	0.101	0.035	0.250	0.407
sub-105_task-EyeTracking_physio	61	1178.437	1361.774	183.337	1158.195	850.018	0.166	0.051	0.385	0.462
sub-105_task-EyeTracking_physio	61	1395.107	1595.114	200.007	1257.775	862.077	0.170	0.057	0.580	0.235
sub-105_task-EyeTracking_physio	61	1628.446	1811.785	183.339	1413.362	788.575	0.122	0.049	0.338	0.341
sub-105_task-EyeTracking_physio	61	1828.454	2111.794	283.340	1546.072	711.400	0.191	0.078	0.418	0.688
sub-105_task-EyeTracking_physio	61	2128.461	2403.465	275.004	1631.285	690.375	0.226	0.115	0.751	0.565
sub-105_task-EyeTracking_physio	61	2478.464	2770.141	291.677	1385.720	519.500	0.105	0.027	0.241	0.400
sub-105_task-EyeTracking_physio	61	2795.141	3003.476	208.335	1129.955	534.900	0.163	0.089	0.515	0.389
sub-105_task-EyeTracking_physio	62	-149.320	425.691	575.011	1276.635	739.790	0.230	0.195	0.722	1.674
sub-105_task-EyeTracking_physio	62	459.022	709.027	250.005	1273.120	791.622	0.186	0.060	0.268	0.706
sub-105_task-EyeTracking_physio	62	734.034	925.703	191.669	1384.870	782.085	0.269	0.157	0.860	0.468
sub-105_task-EyeTracking_physio	62	942.370	1142.379	200.009	1516.975	759.135	0.193	0.100	0.675	0.411
sub-105_task-EyeTracking_physio	62	1159.045	1459.048	300.003	1548.845	708.737	0.165	0.065	0.387	0.470
sub-105_task-EyeTracking_physio	62	1550.720	1734.056	183.336	1366.770	576.017	0.161	0.052	0.221	0.627
sub-105_task-EyeTracking_physio	62	1759.056	2042.398	283.342	1111.285	522.130	0.143	0.132	0.640	0.546
sub-105_task-EyeTracking_physio	62	2067.398	2384.070	316.672	1062.245	572.197	0.149	0.053	0.419	0.446
sub-105_task-EyeTracking_physio	62	2400.736	2609.076	208.340	1065.535	639.280	0.126	0.059	0.252	0.498
sub-105_task-EyeTracking_physio	62	2634.075	2892.416	258.341	1107.650	790.800	0.210	0.090	0.445	0.774
sub-105_task-EyeTracking_physio	63	-277.094	247.918	525.012	1287.320	742.150	0.217	0.142	0.554	0.971
sub-105_task-EyeTracking_physio	63	264.584	481.252	216.668	1297.135	822.418	0.147	0.037	0.203	0.385
sub-105_task-EyeTracking_physio	63	497.918	697.926	200.008	1316.303	903.965	0.162	0.074	0.219	0.625
sub-105_task-EyeTracking_physio	63	731.260	1031.270	300.010	1383.037	949.318	0.151	0.059	0.310	0.675
sub-105_task-EyeTracking_physio	63	1056.270	1314.609	258.339	1514.920	964.740	0.172	0.076	0.609	0.414
sub-105_task-EyeTracking_physio	63	1347.942	1597.953	250.011	1618.088	951.982	0.184	0.056	0.628	0.262
sub-105_task-EyeTracking_physio	63	1631.286	1856.288	225.002	1689.425	914.610	0.198	0.078	0.506	0.315
sub-105_task-EyeTracking_physio	63	1964.624	2431.301	466.677	1646.438	676.683	0.164	0.098	0.376	0.792
sub-105_task-EyeTracking_physio	63	2506.303	2814.642	308.339	1230.680	753.890	0.257	0.191	0.581	0.742
sub-105_task-EyeTracking_physio	63	2831.308	3006.311	175.003	1160.245	790.785	0.318	0.165	0.872	0.616
sub-105_task-EyeTracking_physio	64	-204.567	262.108	466.675	1300.447	727.938	0.218	0.082	0.318	0.815
sub-105_task-EyeTracking_physio	64	278.774	503.781	225.007	1294.780	778.205	0.147	0.045	0.205	0.421
sub-105_task-EyeTracking_physio	64	545.448	695.449	150.001	1320.390	836.103	0.138	0.032	0.206	0.344
sub-105_task-EyeTracking_physio	64	720.455	1028.793	308.338	1544.135	876.445	0.183	0.092	0.705	0.540
sub-105_task-EyeTracking_physio	64	1070.459	1178.796	108.337	1611.985	899.115	0.112	0.032	0.207	0.308
sub-105_task-EyeTracking_physio	64	1187.129	1437.134	250.005	1522.175	835.370	0.224	0.100	0.458	0.802
sub-105_task-EyeTracking_physio	64	1503.806	1895.480	391.674	1101.515	820.620	0.190	0.113	0.579	0.882
sub-105_task-EyeTracking_physio	64	1920.481	2145.482	225.001	1053.480	976.970	0.173	0.083	0.512	0.494
sub-105_task-EyeTracking_physio	64	2187.152	2445.494	258.342	969.815	1003.785	0.117	0.041	0.290	0.310
sub-105_task-EyeTracking_physio	64	2478.826	2778.829	300.003	930.553	1006.527	0.124	0.038	0.232	0.388
sub-105_task-EyeTracking_physio	64	2812.168	2987.169	175.001	953.735	980.305	0.106	0.041	0.250	0.411
sub-105_task-EyeTracking_physio	65	-1683.744	-1567.072	116.672	1131.095	476.435	0.087	0.018	0.164	0.215
sub-105_task-EyeTracking_physio	65	-1500.407	424.636	1925.043	1285.485	747.125	0.256	0.524	1.006	4.752
sub-105_task-EyeTracking_physio	65	441.303	657.976	216.673	1328.720	831.400	0.202	0.109	0.523	0.655
sub-105_task-EyeTracking_physio	65	707.975	807.978	100.003	1445.480	914.602	0.101	0.028	0.146	0.308
sub-105_task-EyeTracking_physio	65	924.649	1249.653	325.004	1573.130	989.890	0.106	0.107	0.405	0.594
sub-105_task-EyeTracking_physio	65	1274.654	1699.667	425.013	1526.760	984.315	0.131	0.048	0.389	0.353
sub-105_task-EyeTracking_physio	65	1841.338	2316.345	475.007	1023.525	959.550	0.124	0.041	0.288	0.498
sub-105_task-EyeTracking_physio	65	2358.015	2549.684	191.669	972.725	962.375	0.113	0.028	0.205	0.250
sub-105_task-EyeTracking_physio	65	2599.684	2933.027	333.343	1178.510	419.810	0.114	0.061	0.345	0.495
sub-105_task-EyeTracking_physio	66	-311.518	-169.847	141.671	1307.910	681.440	0.125	0.042	0.205	0.367
sub-105_task-EyeTracking_physio	66	-153.181	230.162	383.343	1285.615	751.523	0.138	0.071	0.363	0.593
sub-105_task-EyeTracking_physio	66	255.164	430.168	175.004	1292.760	867.365	0.118	0.042	0.260	0.308
sub-105_task-EyeTracking_physio	66	446.835	746.842	300.007	1311.340	931.805	0.155	0.147	0.501	0.706
sub-105_task-EyeTracking_physio	66	796.845	1013.513	216.668	1420.487	919.755	0.121	0.028	0.222	0.292
sub-105_task-EyeTracking_physio	66	1038.517	1305.190	266.673	1540.473	934.180	0.156	0.048	0.586	0.286
sub-105_task-EyeTracking_physio	66	1330.190	1580.197	250.007	1599.878	943.585	0.109	0.022	0.365	0.182
sub-105_task-EyeTracking_physio	66	1605.196	1871.869	266.673	1622.660	958.215	0.101	0.026	0.272	0.233
sub-105_task-EyeTracking_physio	66	1930.201	2213.545	283.344	1098.283	873.680	0.085	0.023	0.220	0.282
sub-105_task-EyeTracking_physio	66	2246.878	2496.883	250.005	990.225	860.582	0.095	0.028	0.224	0.331
sub-105_task-EyeTracking_physio	66	2538.550	2905.226	366.676	918.148	868.688	0.126	0.037	0.283	0.328
sub-105_task-EyeTracking_physio	67	-272.633	-89.290	183.343	1303.903	697.825	0.270	0.183	0.861	0.523
sub-105_task-EyeTracking_physio	67	-64.291	444.056	508.347	1279.410	723.930	0.138	0.065	0.371	0.616
sub-105_task-EyeTracking_physio	67	469.056	777.395	308.339	1252.890	784.825	0.156	0.064	0.272	0.584
sub-105_task-EyeTracking_physio	67	802.400	1060.739	258.339	1350.910	882.060	0.156	0.039	0.351	0.498
sub-105_task-EyeTracking_physio	67	1102.405	1310.740	208.335	1453.245	937.825	0.141	0.040	0.288	0.331
sub-105_task-EyeTracking_physio	67	1327.412	1669.084	341.672	1634.930	934.480	0.193	0.066	0.703	0.348
sub-105_task-EyeTracking_physio	67	1694.084	1835.757	141.673	1701.250	959.125	0.240	0.069	0.576	0.292
sub-105_task-EyeTracking_physio	67	1927.423	2319.100	391.677	1006.795	730.830	0.173	0.114	0.503	0.927
sub-105_task-EyeTracking_physio	67	2360.770	2635.777	275.007	1187.140	634.390	0.173	0.078	0.594	0.453
sub-105_task-EyeTracking_physio	67	2660.777	2860.780	200.003	1314.102	602.783	0.264	0.136	0.787	0.618
sub-105_task-EyeTracking_physio	67	2877.445	3010.780	133.335	1297.808	491.663	0.184	0.056	0.256	0.533
sub-105_task-EyeTracking_physio	68	-7014.207	-6905.871	108.336	1291.640	494.645	0.098	0.013	0.085	0.205
sub-105_task-EyeTracking_physio	68	-6764.205	-6639.197	125.008	1298.075	800.620	0.171	0.088	0.249	0.570
sub-105_task-EyeTracking_physio	68	-6630.864	-1714.080	4916.784	1284.438	765.665	0.148	0.118	0.622	0.953
sub-105_task-EyeTracking_physio	68	-1514.078	-897.397	616.681	1280.790	750.550	0.215	0.259	0.475	1.541
sub-105_task-EyeTracking_physio	68	-889.064	-664.057	225.007	1280.590	708.925	0.186	0.108	0.442	0.608
sub-105_task-EyeTracking_physio	68	-647.390	285.963	933.353	1281.238	731.913	0.185	0.151	0.406	1.331
sub-105_task-EyeTracking_physio	68	319.295	485.964	166.669	1211.715	748.928	0.159	0.108	0.460	0.496
sub-105_task-EyeTracking_physio	68	502.630	627.635	125.005	1102.530	816.330	1.416	2.644	1.253	4.540
sub-105_task-EyeTracking_physio	68	844.303	1152.645	308.342	999.560	809.805	0.122	0.076	0.358	0.734
sub-105_task-EyeTracking_physio	68	1177.650	1352.650	175.000	983.500	716.730	0.200	0.039	0.108	0.694
sub-105_task-EyeTracking_physio	68	1377.648	1619.324	241.676	1208.175	579.880	0.178	0.091	0.593	0.468
sub-105_task-EyeTracking_physio	68	1727.661	2169.335	441.674	1558.080	909.315	0.217	0.178	0.585	1.064
sub-105_task-EyeTracking_physio	68	2202.669	2394.342	191.673	1593.830	853.440	0.155	0.039	0.165	0.574
sub-105_task-EyeTracking_physio	68	2427.675	2694.346	266.671	1639.235	790.513	0.168	0.058	0.333	0.412
sub-105_task-EyeTracking_physio	68	2719.346	2969.354	250.008	1673.025	691.590	0.171	0.059	0.456	0.387
sub-105_task-EyeTracking_physio	69	-117.017	391.324	508.341	1274.475	744.180	0.186	0.089	0.324	0.926
sub-105_task-EyeTracking_physio	69	432.995	674.670	241.675	1146.785	706.170	0.186	0.077	0.337	0.522
sub-105_task-EyeTracking_physio	69	699.669	1008.008	308.339	1057.155	691.525	0.238	0.229	0.768	1.121
sub-105_task-EyeTracking_physio	69	1041.340	1266.347	225.007	1002.555	649.480	0.172	0.079	0.275	0.626
sub-105_task-EyeTracking_physio	69	1491.351	1733.027	241.676	1336.860	954.845	0.105	0.108	0.394	0.907
sub-105_task-EyeTracking_physio	69	1749.693	2149.703	400.010	1603.767	955.213	0.185	0.068	0.847	0.338
sub-105_task-EyeTracking_physio	69	2174.702	2408.039	233.337	1614.068	855.992	0.166	0.080	0.320	0.650
sub-105_task-EyeTracking_physio	69	2424.705	2591.377	166.672	1610.122	742.210	0.200	0.079	0.301	0.532
sub-105_task-EyeTracking_physio	69	2824.717	3008.053	183.336	1573.575	682.255	0.158	0.033	0.138	0.480
sub-105_task-EyeTracking_physio	70	-987.274	-862.271	125.003	1305.910	767.475	0.109	0.037	0.280	0.184
sub-105_task-EyeTracking_physio	70	-837.271	321.090	1158.361	1284.975	753.745	0.133	0.105	0.630	0.660
sub-105_task-EyeTracking_physio	70	346.090	479.424	133.334	1219.633	776.045	0.180	0.056	0.433	0.291
sub-105_task-EyeTracking_physio	70	746.097	1079.441	333.344	1077.197	845.560	0.106	0.082	0.245	0.849
sub-105_task-EyeTracking_physio	70	1112.773	1612.785	500.012	1022.055	492.342	0.091	0.050	0.274	0.515
sub-105_task-EyeTracking_physio	70	1829.456	2171.129	341.673	1402.740	586.045	0.194	0.102	0.276	0.914
sub-105_task-EyeTracking_physio	70	2412.801	2687.808	275.007	1662.250	851.170	0.112	0.078	0.288	0.696
sub-105_task-EyeTracking_physio	70	2729.478	2971.146	241.668	1623.255	858.960	0.110	0.026	0.225	0.294
sub-105_task-EyeTracking_physio	71	-1365.912	-1124.238	241.674	1308.660	738.260	0.129	0.051	0.297	0.385
sub-105_task-EyeTracking_physio	71	-765.898	309.127	1075.025	1282.630	748.000	0.167	0.110	0.526	1.006
sub-105_task-EyeTracking_physio	71	675.803	909.142	233.339	1093.450	928.520	0.109	0.036	0.282	0.384
sub-105_task-EyeTracking_physio	71	950.807	1100.810	150.003	1026.593	909.317	0.110	0.040	0.334	0.316
sub-105_task-EyeTracking_physio	71	1142.476	1334.150	191.674	1136.805	524.335	0.111	0.047	0.392	0.309
sub-105_task-EyeTracking_physio	71	1367.483	1617.491	250.008	1477.412	520.572	0.221	0.157	1.277	0.319
sub-105_task-EyeTracking_physio	71	1650.824	2200.839	550.015	1605.340	577.210	0.205	0.099	0.761	0.681
sub-105_task-EyeTracking_physio	71	2425.841	2792.516	366.675	1617.912	632.715	0.114	0.057	0.318	0.547
sub-105_task-EyeTracking_physio	71	2834.183	3009.190	175.007	1565.820	605.695	0.169	0.047	0.255	0.464
sub-105_task-EyeTracking_physio	72	-694.174	339.184	1033.358	1282.415	736.662	0.133	0.073	0.496	0.585
sub-105_task-EyeTracking_physio	72	639.189	980.867	341.678	1186.465	725.025	0.143	0.034	0.212	0.508
sub-105_task-EyeTracking_physio	72	1005.865	1697.547	691.682	1140.495	724.365	0.139	0.064	0.431	0.668
sub-105_task-EyeTracking_physio	72	1930.888	2205.889	275.001	1261.445	747.990	0.106	0.034	0.215	0.321
sub-105_task-EyeTracking_physio	72	2247.565	2439.233	191.668	1333.360	707.405	0.132	0.029	0.208	0.346
sub-105_task-EyeTracking_physio	72	2455.899	2822.576	366.677	1564.895	733.640	0.178	0.091	0.752	0.522
sub-105_task-EyeTracking_physio	72	2864.241	3005.910	141.669	1658.290	738.570	0.136	0.027	0.194	0.285
sub-105_task-EyeTracking_physio	73	-1781.493	-1481.486	300.007	1323.330	736.255	0.134	0.046	0.218	0.441
sub-105_task-EyeTracking_physio	73	-1223.149	201.886	1425.035	1287.655	739.815	0.143	0.143	0.741	0.704
sub-105_task-EyeTracking_physio	73	435.225	676.895	241.670	1129.115	857.810	0.133	0.044	0.219	0.451
sub-105_task-EyeTracking_physio	73	701.896	810.232	108.336	1093.290	901.380	0.108	0.030	0.251	0.283
sub-105_task-EyeTracking_physio	73	868.566	1118.572	250.006	1093.318	436.185	0.106	0.031	0.178	0.448
sub-105_task-EyeTracking_physio	73	1160.238	1318.579	158.341	1203.390	441.525	0.117	0.054	0.413	0.369
sub-105_task-EyeTracking_physio	73	1385.245	2018.593	633.348	1547.878	505.093	0.096	0.082	0.585	0.498
sub-105_task-EyeTracking_physio	73	2251.932	2993.614	741.682	1611.235	555.700	0.119	0.090	0.391	0.776
sub-105_task-EyeTracking_physio	74	-1301.996	-1185.324	116.672	1274.552	764.898	0.115	0.026	0.214	0.231
sub-105_task-EyeTracking_physio	74	-1168.658	289.708	1458.366	1287.280	717.805	0.205	0.217	0.492	1.430
sub-105_task-EyeTracking_physio	74	323.042	448.044	125.002	1207.315	742.625	0.184	0.117	0.512	0.498
sub-105_task-EyeTracking_physio	74	664.717	981.390	316.673	1206.200	885.977	0.128	0.061	0.263	0.789
sub-105_task-EyeTracking_physio	74	998.056	1231.397	233.341	1206.530	855.918	0.159	0.043	0.235	0.406
sub-105_task-EyeTracking_physio	74	1273.063	1531.401	258.338	1042.775	634.610	0.111	0.022	0.198	0.272
sub-105_task-EyeTracking_physio	74	1548.074	1748.075	200.001	1049.940	555.300	0.159	0.084	0.466	0.527
sub-105_task-EyeTracking_physio	74	1773.075	2039.749	266.674	1287.693	529.225	0.184	0.321	0.966	1.051
sub-105_task-EyeTracking_physio	74	2073.085	2389.757	316.672	1600.985	567.572	0.195	0.103	0.784	0.452
sub-105_task-EyeTracking_physio	74	2423.090	2731.433	308.343	1685.535	818.640	0.284	0.131	0.444	1.185
sub-105_task-EyeTracking_physio	74	2756.433	2931.434	175.001	1613.100	856.095	0.234	0.106	0.451	0.514
sub-105_task-EyeTracking_physio	75	-163.189	278.494	441.683	1285.025	704.545	0.224	0.244	0.513	1.218
sub-105_task-EyeTracking_physio	75	295.160	611.831	316.671	1244.090	606.670	0.138	0.061	0.447	0.405
sub-105_task-EyeTracking_physio	75	636.832	1261.847	625.015	1191.580	595.650	0.097	0.044	0.337	0.424
sub-105_task-EyeTracking_physio	75	1286.847	1636.856	350.009	1221.025	755.275	0.182	0.082	0.364	0.650
sub-105_task-EyeTracking_physio	75	1653.522	1836.865	183.343	1204.095	859.125	0.156	0.033	0.250	0.437
sub-105_task-EyeTracking_physio	75	1861.863	2120.203	258.340	1125.145	953.295	0.167	0.060	0.286	0.559
sub-105_task-EyeTracking_physio	75	2145.203	2378.542	233.339	1054.745	971.320	0.147	0.037	0.394	0.306
sub-105_task-EyeTracking_physio	75	2428.542	2653.548	225.006	1415.840	619.730	0.195	0.111	0.450	0.768
sub-105_task-EyeTracking_physio	75	2695.213	2945.220	250.007	1514.790	604.043	0.193	0.050	0.309	0.428
sub-105_task-EyeTracking_physio	76	-215.914	184.097	400.011	1307.182	687.388	0.160	0.118	0.593	0.571
sub-105_task-EyeTracking_physio	76	392.437	917.449	525.012	1360.055	677.125	0.169	0.111	0.323	1.517
sub-105_task-EyeTracking_physio	76	942.447	1259.124	316.677	1418.705	645.668	0.195	0.070	0.421	0.461
sub-105_task-EyeTracking_physio	76	1559.131	1675.801	116.670	1419.237	686.587	0.238	0.101	0.237	0.670
sub-105_task-EyeTracking_physio	76	1984.138	2242.476	258.338	1378.265	751.115	0.154	0.072	0.375	0.628
sub-105_task-EyeTracking_physio	76	2275.810	2517.485	241.675	1332.490	948.955	0.203	0.418	0.867	1.436
sub-105_task-EyeTracking_physio	76	2542.484	2817.486	275.002	1068.820	987.025	0.240	0.083	1.055	0.324
sub-105_task-EyeTracking_physio	76	2834.161	3009.164	175.003	1053.090	946.665	0.202	0.060	0.349	0.587
sub-105_task-EyeTracking_physio	77	-2011.763	-1770.095	241.668	1299.435	762.120	0.121	0.037	0.360	0.505
sub-105_task-EyeTracking_physio	77	-1753.424	-1353.415	400.009	1283.000	757.768	0.115	0.039	0.307	0.434
sub-105_task-EyeTracking_physio	77	-1070.076	396.616	1466.692	1286.745	743.510	0.143	0.153	0.838	0.997
sub-105_task-EyeTracking_physio	77	421.616	629.954	208.338	1045.795	727.825	0.218	0.109	0.891	0.491
sub-105_task-EyeTracking_physio	77	654.954	1013.297	358.343	974.390	554.845	0.123	0.031	0.279	0.364
sub-105_task-EyeTracking_physio	77	1046.630	1263.303	216.673	1322.745	558.743	0.233	0.136	0.967	0.532
sub-105_task-EyeTracking_physio	77	1296.636	1613.311	316.675	1657.050	638.270	0.157	0.070	0.493	0.483
sub-105_task-EyeTracking_physio	77	1654.980	1829.982	175.002	1694.820	727.395	0.204	0.065	0.295	0.522
sub-105_task-EyeTracking_physio	77	1846.648	2046.655	200.007	1614.418	801.960	0.299	0.219	0.959	0.733
sub-105_task-EyeTracking_physio	77	2321.663	2596.668	275.005	1522.575	747.315	0.174	0.070	0.377	0.768
sub-105_task-EyeTracking_physio	77	2638.334	2838.343	200.009	1443.715	709.405	0.142	0.030	0.186	0.397
sub-105_task-EyeTracking_physio	77	2880.017	3005.020	125.003	1144.200	925.095	0.643	0.736	3.525	1.121
sub-105_task-EyeTracking_physio	78	-1315.324	-623.644	691.680	1289.240	749.875	0.209	0.297	1.322	1.624
sub-105_task-EyeTracking_physio	78	-590.311	-406.975	183.336	1289.505	739.752	0.122	0.023	0.237	0.271
sub-105_task-EyeTracking_physio	78	-373.639	334.701	708.340	1287.520	721.680	0.176	0.053	0.284	0.559
sub-105_task-EyeTracking_physio	78	368.034	968.052	600.018	1317.527	737.545	0.162	0.055	0.333	0.564
sub-105_task-EyeTracking_physio	78	1001.392	1426.394	425.002	1636.945	802.330	0.191	0.173	1.094	0.899
sub-105_task-EyeTracking_physio	78	1451.399	1659.742	208.343	1584.965	890.405	0.138	0.043	0.311	0.444
sub-105_task-EyeTracking_physio	78	1768.078	2018.086	250.008	1084.490	896.558	0.114	0.058	0.495	0.354
sub-105_task-EyeTracking_physio	78	2043.084	2268.091	225.007	956.280	762.895	0.221	0.163	0.688	0.780
sub-105_task-EyeTracking_physio	78	2301.423	2593.096	291.673	1040.900	523.575	0.121	0.056	0.399	0.400
sub-105_task-EyeTracking_physio	78	2626.431	3009.769	383.338	1279.327	539.290	0.191	0.105	1.239	0.356
sub-105_task-EyeTracking_physio	79	-393.158	523.529	916.687	1285.888	742.872	0.756	3.267	1.775	14.389
sub-105_task-EyeTracking_physio	79	556.862	731.870	175.008	1267.595	607.280	0.135	0.027	0.124	0.391
sub-105_task-EyeTracking_physio	79	756.869	981.884	225.015	1461.995	646.790	0.247	0.145	0.765	0.601
sub-105_task-EyeTracking_physio	79	998.542	1231.881	233.339	1546.950	687.295	0.219	0.129	0.859	0.435
sub-105_task-EyeTracking_physio	79	1265.214	1623.558	358.344	1581.175	720.335	0.124	0.040	0.298	0.369
sub-105_task-EyeTracking_physio	79	1715.224	2015.242	300.018	1103.450	767.268	0.241	0.161	0.582	0.929
sub-105_task-EyeTracking_physio	79	2048.566	2315.247	266.681	1018.705	775.335	0.187	0.094	0.462	0.582
sub-105_task-EyeTracking_physio	79	2331.913	2523.584	191.671	951.875	746.910	0.242	0.078	0.621	0.425
sub-105_task-EyeTracking_physio	79	2573.588	2865.262	291.674	1104.855	569.455	0.104	0.051	0.243	0.455
sub-105_task-EyeTracking_physio	79	2906.929	3006.933	100.004	1173.838	549.892	0.074	0.016	0.172	0.191
sub-105_task-EyeTracking_physio	80	-437.939	278.734	716.673	1290.090	702.535	0.171	0.111	0.461	0.807
sub-105_task-EyeTracking_physio	80	303.739	528.749	225.010	1257.165	728.830	0.169	0.045	0.334	0.346
sub-105_task-EyeTracking_physio	80	545.415	778.748	233.333	1121.460	776.588	0.336	0.195	0.607	0.868
sub-105_task-EyeTracking_physio	80	812.080	1045.429	233.349	1011.480	831.973	0.170	0.064	0.371	0.449
sub-105_task-EyeTracking_physio	80	1070.429	1395.443	325.014	934.545	823.760	0.177	0.058	0.412	0.485
sub-105_task-EyeTracking_physio	80	1437.110	1662.102	224.992	1424.080	821.670	0.182	0.096	0.571	0.455
sub-105_task-EyeTracking_physio	80	1678.770	1920.446	241.676	1547.135	815.730	0.312	0.176	0.923	0.693
sub-105_task-EyeTracking_physio	80	1945.445	2228.783	283.338	1625.318	871.987	0.198	0.073	0.447	0.454
sub-105_task-EyeTracking_physio	80	2245.449	2353.790	108.341	1675.455	775.580	0.529	0.439	1.514	1.606
sub-105_task-EyeTracking_physio	80	2478.791	2778.794	300.003	1390.420	556.970	0.079	0.028	0.311	0.254
sub-105_task-EyeTracking_physio	80	2828.810	3003.812	175.002	1270.890	577.550	0.131	0.029	0.182	0.301
sub-105_task-EyeTracking_physio	81	-1349.905	-1191.566	158.339	1291.880	636.795	0.436	0.518	2.044	1.410
sub-105_task-EyeTracking_physio	81	-1174.900	250.132	1425.032	1281.095	690.505	0.165	0.130	0.528	1.076
sub-105_task-EyeTracking_physio	81	275.132	475.137	200.005	1240.460	637.118	0.167	0.054	0.277	0.413
sub-105_task-EyeTracking_physio	81	500.137	1125.154	625.017	1166.580	592.185	0.101	0.023	0.275	0.259
sub-105_task-EyeTracking_physio	81	1200.162	1575.162	375.000	1240.110	886.310	0.167	0.132	0.552	0.632
sub-105_task-EyeTracking_physio	81	1616.837	1825.177	208.340	1348.760	825.915	0.176	0.061	0.325	0.408
sub-105_task-EyeTracking_physio	81	1858.511	2108.509	249.998	1480.048	792.387	0.127	0.049	0.332	0.333
sub-105_task-EyeTracking_physio	81	2141.842	2525.184	383.342	1580.990	766.385	0.207	0.080	0.511	0.727
sub-105_task-EyeTracking_physio	81	2558.521	2858.527	300.006	1512.070	764.610	0.233	0.136	0.836	0.581
sub-105_task-EyeTracking_physio	81	2908.527	3008.529	100.002	1415.658	799.567	0.109	0.024	0.148	0.216
sub-105_task-EyeTracking_physio	82	-811.399	-269.729	541.670	1283.335	700.385	0.256	0.155	1.086	1.364
sub-105_task-EyeTracking_physio	82	-61.385	346.961	408.346	1279.175	732.605	0.188	0.077	0.239	0.964
sub-105_task-EyeTracking_physio	82	363.620	646.969	283.349	1259.818	762.175	0.199	0.133	0.510	0.848
sub-105_task-EyeTracking_physio	82	680.303	871.967	191.664	1333.675	769.765	0.168	0.055	0.267	0.569
sub-105_task-EyeTracking_physio	82	896.976	1130.301	233.325	1591.753	731.058	0.162	0.061	0.529	0.442
sub-105_task-EyeTracking_physio	82	1171.974	1405.322	233.348	1655.517	654.452	0.180	0.078	0.394	0.642
sub-105_task-EyeTracking_physio	82	1430.321	1596.982	166.661	1628.677	648.895	0.211	0.103	0.485	0.513
sub-105_task-EyeTracking_physio	82	1655.324	1997.002	341.678	1076.835	718.080	0.237	0.390	0.752	1.249
sub-105_task-EyeTracking_physio	82	2022.001	2347.010	325.009	1036.445	704.990	0.196	0.063	0.255	0.732
sub-105_task-EyeTracking_physio	82	2372.010	2613.685	241.675	1040.730	586.275	0.105	0.033	0.180	0.390
sub-105_task-EyeTracking_physio	82	2647.018	2947.014	299.996	1153.575	565.832	0.147	0.067	0.529	0.416
sub-105_task-EyeTracking_physio	83	-430.951	-272.614	158.337	1300.360	654.130	0.370	0.332	0.736	1.407
sub-105_task-EyeTracking_physio	83	-255.948	185.720	441.668	1287.230	696.420	0.233	0.109	0.336	0.959
sub-105_task-EyeTracking_physio	83	410.735	785.737	375.002	1355.565	872.850	0.101	0.083	0.404	0.546
sub-105_task-EyeTracking_physio	83	810.737	1369.090	558.353	1609.475	863.865	0.183	0.115	0.810	0.511
sub-105_task-EyeTracking_physio	83	1402.426	1952.440	550.014	1107.503	826.137	0.180	0.100	0.966	0.533
sub-105_task-EyeTracking_physio	83	1985.774	2202.446	216.672	1098.260	922.222	0.118	0.042	0.249	0.412
sub-105_task-EyeTracking_physio	83	2227.446	2527.443	299.997	1165.350	991.902	0.186	0.087	0.619	0.553
sub-105_task-EyeTracking_physio	83	2569.118	2902.461	333.343	1154.648	489.040	0.103	0.064	0.299	0.651
sub-105_task-EyeTracking_physio	84	-258.990	-142.329	116.661	1304.283	742.342	0.139	0.046	0.213	0.503
sub-105_task-EyeTracking_physio	84	-125.662	424.348	550.010	1284.352	738.060	0.152	0.069	0.432	0.507
sub-105_task-EyeTracking_physio	84	441.021	741.027	300.006	1192.327	755.835	0.285	0.099	1.133	0.365
sub-105_task-EyeTracking_physio	84	766.028	1557.710	791.682	1153.430	776.395	0.168	0.077	0.443	0.971
sub-105_task-EyeTracking_physio	84	1599.385	2141.059	541.674	1653.495	710.235	0.152	0.057	0.507	0.437
sub-105_task-EyeTracking_physio	84	2157.725	2891.081	733.356	1631.992	743.390	0.187	0.119	0.693	0.935
sub-105_task-EyeTracking_physio	85	-662.091	-512.087	150.004	1041.057	545.840	0.111	0.019	0.152	0.359
sub-105_task-EyeTracking_physio	85	-237.082	496.269	733.351	1282.678	694.880	0.164	0.111	0.389	1.069
sub-105_task-EyeTracking_physio	85	529.603	1062.941	533.338	1053.315	834.767	0.233	0.165	0.670	1.023
sub-105_task-EyeTracking_physio	85	1112.941	1379.611	266.670	1574.410	739.420	0.133	0.046	0.303	0.483
sub-105_task-EyeTracking_physio	85	1404.620	1579.624	175.004	1639.955	635.495	0.293	0.122	0.465	0.810
sub-105_task-EyeTracking_physio	85	1604.622	2054.629	450.007	1649.688	448.308	0.102	0.039	0.335	0.331
sub-105_task-EyeTracking_physio	85	2096.294	2629.650	533.356	1042.457	492.483	0.122	0.105	0.779	0.550
sub-105_task-EyeTracking_physio	85	2662.983	2846.320	183.337	1180.697	650.510	0.133	0.074	0.366	0.610
sub-105_task-EyeTracking_physio	85	2879.654	3004.647	124.993	1338.300	724.580	0.115	0.035	0.329	0.253
sub-105_task-EyeTracking_physio	86	-1582.593	-840.905	741.688	1283.020	673.545	0.191	0.116	0.652	0.620
sub-105_task-EyeTracking_physio	86	-832.571	392.460	1225.031	1280.445	693.970	0.159	0.154	0.737	0.746
sub-105_task-EyeTracking_physio	86	617.458	975.805	358.347	1254.340	795.395	0.275	0.388	0.922	1.997
sub-105_task-EyeTracking_physio	86	1050.800	1209.139	158.339	1731.215	717.690	0.189	0.069	0.333	0.443
sub-105_task-EyeTracking_physio	86	1225.805	1425.818	200.013	1679.120	667.190	0.219	0.066	0.331	0.587
sub-105_task-EyeTracking_physio	86	1475.808	1767.483	291.675	1155.240	596.005	0.125	0.040	0.432	0.353
sub-105_task-EyeTracking_physio	86	1800.819	2059.169	258.350	951.650	636.825	0.159	0.062	0.618	0.325
sub-105_task-EyeTracking_physio	86	2100.835	2267.503	166.668	1037.310	703.660	0.126	0.047	0.268	0.459
sub-105_task-EyeTracking_physio	86	2309.169	2642.512	333.343	1260.737	932.230	0.137	0.063	0.304	0.461
sub-105_task-EyeTracking_physio	86	2667.512	2892.508	224.996	1417.920	963.200	0.169	0.059	0.513	0.334
sub-105_task-EyeTracking_physio	86	2909.175	3009.180	100.005	1512.835	901.173	0.267	0.214	0.626	0.653
sub-105_task-EyeTracking_physio	87	-352.102	414.592	766.694	1279.520	695.525	0.212	0.194	1.002	0.710
sub-105_task-EyeTracking_physio	87	456.258	631.261	175.003	1174.420	668.360	0.158	0.035	0.233	0.306
sub-105_task-EyeTracking_physio	87	647.919	981.272	333.353	1021.385	643.050	0.170	0.056	0.491	0.386
sub-105_task-EyeTracking_physio	87	997.939	1214.600	216.661	1129.455	610.608	0.117	0.048	0.404	0.267
sub-105_task-EyeTracking_physio	87	1247.933	1581.277	333.344	1369.130	615.760	0.137	0.055	0.640	0.343
sub-105_task-EyeTracking_physio	87	1597.944	1981.295	383.351	1486.072	623.072	0.156	0.105	0.722	0.655
sub-105_task-EyeTracking_physio	87	2014.620	2381.305	366.685	1545.438	668.195	0.219	0.119	0.628	0.755
sub-105_task-EyeTracking_physio	87	2397.971	2739.643	341.672	1456.535	703.130	0.314	0.206	1.168	0.921
sub-105_task-EyeTracking_physio	87	2764.636	3006.305	241.669	1353.020	727.060	0.258	0.192	0.993	0.624
sub-105_task-EyeTracking_physio	88	-863.669	-630.337	233.332	1267.650	680.680	0.220	0.092	0.708	0.726
sub-105_task-EyeTracking_physio	88	-597.003	-21.978	575.025	1287.425	709.375	0.196	0.109	0.370	1.017
sub-105_task-EyeTracking_physio	88	-5.312	628.031	633.343	1283.460	742.355	0.188	0.251	0.448	1.635
sub-105_task-EyeTracking_physio	88	644.697	819.697	175.000	1268.695	611.785	0.123	0.026	0.145	0.308
sub-105_task-EyeTracking_physio	88	861.364	1144.704	283.340	1515.743	474.385	0.111	0.081	0.579	0.331
sub-105_task-EyeTracking_physio	88	1169.708	1511.379	341.671	1581.340	495.495	0.117	0.033	0.439	0.287
sub-105_task-EyeTracking_physio	88	1528.046	1728.052	200.006	1597.915	563.507	0.142	0.073	0.382	0.522
sub-105_task-EyeTracking_physio	88	1769.718	1978.058	208.340	1528.755	631.995	0.141	0.052	0.412	0.369
sub-105_task-EyeTracking_physio	88	2028.067	2253.073	225.006	1393.350	711.545	0.142	0.039	0.274	0.263
sub-105_task-EyeTracking_physio	88	2369.743	2786.418	416.675	1215.077	849.872	0.242	0.841	1.226	1.614
sub-105_task-EyeTracking_physio	88	2811.418	3003.091	191.673	1119.285	830.090	0.239	0.115	0.604	0.422
sub-105_task-EyeTracking_physio	89	-408.266	-174.926	233.340	1298.158	708.097	0.255	0.146	0.452	0.686
sub-105_task-EyeTracking_physio	89	-166.593	316.754	483.347	1284.665	734.082	0.154	0.103	0.383	0.591
sub-105_task-EyeTracking_physio	89	341.754	625.090	283.336	1284.763	821.273	0.100	0.031	0.249	0.301
sub-105_task-EyeTracking_physio	89	633.424	975.103	341.679	1303.115	819.795	0.183	0.056	0.612	0.360
sub-105_task-EyeTracking_physio	89	1016.769	1208.436	191.667	1364.225	783.090	0.147	0.027	0.185	0.325
sub-105_task-EyeTracking_physio	89	1225.103	1633.443	408.340	1538.905	803.010	0.209	0.133	0.819	0.589
sub-105_task-EyeTracking_physio	89	1700.118	1975.123	275.005	1019.205	813.065	0.121	0.024	0.239	0.264
sub-105_task-EyeTracking_physio	89	2008.455	2241.796	233.341	974.930	801.293	0.295	0.128	0.342	0.931
sub-105_task-EyeTracking_physio	89	2266.796	2475.136	208.340	969.250	657.310	0.188	0.066	0.219	0.640
sub-105_task-EyeTracking_physio	89	2500.134	2741.808	241.674	1015.160	534.950	0.134	0.052	0.357	0.376
sub-105_task-EyeTracking_physio	89	2783.475	3008.480	225.005	1106.885	537.660	0.088	0.043	0.262	0.405
sub-105_task-EyeTracking_physio	90	-527.900	-419.564	108.336	1296.460	623.920	0.496	0.361	0.843	1.281
sub-105_task-EyeTracking_physio	90	-394.564	-219.562	175.002	1283.255	681.795	0.209	0.077	0.249	0.615
sub-105_task-EyeTracking_physio	90	-194.563	280.443	475.006	1287.345	741.295	0.190	0.196	0.422	1.651
sub-105_task-EyeTracking_physio	90	313.784	530.449	216.665	1379.267	707.352	0.181	0.077	0.612	0.403
sub-105_task-EyeTracking_physio	90	555.448	780.464	225.016	1461.425	751.945	0.175	0.056	0.308	0.427
sub-105_task-EyeTracking_physio	90	822.122	997.124	175.002	1491.215	796.255	0.105	0.044	0.212	0.414
sub-105_task-EyeTracking_physio	90	1013.791	1347.143	333.352	1425.688	804.810	0.196	0.082	0.464	0.544
sub-105_task-EyeTracking_physio	90	1363.809	1680.485	316.676	1362.617	828.592	0.273	0.133	0.748	0.828
sub-105_task-EyeTracking_physio	90	1697.151	1880.485	183.334	1283.930	829.527	0.358	0.168	0.960	0.572
sub-105_task-EyeTracking_physio	90	2063.823	2330.495	266.672	1206.658	829.652	0.223	0.123	0.360	1.076
sub-105_task-EyeTracking_physio	90	2347.161	2530.502	183.341	1144.777	716.905	0.214	0.128	0.469	0.745
sub-105_task-EyeTracking_physio	90	2547.169	2738.834	191.665	1048.170	573.245	0.115	0.048	0.281	0.424
sub-105_task-EyeTracking_physio	90	2763.842	3005.516	241.674	948.155	574.275	0.132	0.054	0.567	0.261
sub-105_task-EyeTracking_physio	91	-280.738	377.602	658.340	1284.310	694.525	0.203	0.205	0.777	1.010
sub-105_task-EyeTracking_physio	91	394.276	577.617	183.341	1315.888	720.497	0.248	0.095	0.645	0.432
sub-105_task-EyeTracking_physio	91	594.283	760.944	166.661	1336.088	734.493	0.148	0.053	0.352	0.341
sub-105_task-EyeTracking_physio	91	794.278	1035.951	241.673	1589.105	717.105	0.165	0.059	0.553	0.363
sub-105_task-EyeTracking_physio	91	1060.950	1277.632	216.682	1674.025	672.527	0.264	0.105	0.540	0.675
sub-105_task-EyeTracking_physio	91	1294.298	1510.976	216.678	1582.775	566.678	0.110	0.048	0.279	0.453
sub-105_task-EyeTracking_physio	91	1527.642	1810.977	283.335	1461.007	561.105	0.168	0.072	0.678	0.368
sub-105_task-EyeTracking_physio	91	1852.644	2077.651	225.007	1306.190	576.825	0.106	0.031	0.283	0.293
sub-105_task-EyeTracking_physio	91	2127.650	2344.323	216.673	1235.900	644.455	0.128	0.031	0.223	0.396
sub-105_task-EyeTracking_physio	91	2377.655	2594.330	216.675	1146.610	648.327	0.127	0.026	0.302	0.222
sub-105_task-EyeTracking_physio	91	2644.329	2894.335	250.006	1053.595	632.348	0.093	0.019	0.265	0.166
sub-105_task-EyeTracking_physio	92	-225.309	-100.303	125.006	1326.855	723.120	0.357	0.235	0.277	1.506
sub-105_task-EyeTracking_physio	92	-66.971	399.704	466.675	1279.980	700.795	0.136	0.041	0.265	0.481
sub-105_task-EyeTracking_physio	92	416.374	616.377	200.003	1206.552	720.330	0.236	0.225	0.861	0.699
sub-105_task-EyeTracking_physio	92	749.712	899.715	150.003	1115.543	678.625	0.286	0.126	0.942	0.420
sub-105_task-EyeTracking_physio	92	933.048	1291.392	358.344	1530.520	773.250	0.212	0.109	0.686	0.527
sub-105_task-EyeTracking_physio	92	1316.392	1683.061	366.669	1654.505	530.025	0.121	0.052	0.323	0.480
sub-105_task-EyeTracking_physio	92	1724.741	2016.413	291.672	977.520	616.515	0.192	0.089	0.866	0.407
sub-105_task-EyeTracking_physio	92	2058.079	2266.420	208.341	1000.600	616.865	0.115	0.024	0.253	0.286
sub-105_task-EyeTracking_physio	92	2333.085	2658.096	325.011	1113.470	965.740	0.099	0.025	0.216	0.286
sub-105_task-EyeTracking_physio	92	2683.096	2958.102	275.006	1156.555	981.785	0.119	0.037	0.441	0.314
sub-105_task-EyeTracking_physio	93	-136.485	288.524	425.009	1295.190	739.830	0.125	0.034	0.242	0.346
sub-105_task-EyeTracking_physio	93	330.191	555.196	225.005	1216.925	754.195	0.142	0.056	0.372	0.446
sub-105_task-EyeTracking_physio	93	596.863	1013.546	416.683	1126.902	755.130	0.152	0.086	0.378	0.628
sub-105_task-EyeTracking_physio	93	1030.212	1221.880	191.668	1186.990	720.300	0.312	0.178	0.860	0.823
sub-105_task-EyeTracking_physio	93	1263.547	1421.889	158.342	1263.245	742.910	0.140	0.036	0.256	0.342
sub-105_task-EyeTracking_physio	93	1446.888	1788.561	341.673	1478.175	727.415	0.200	0.114	0.762	0.582
sub-105_task-EyeTracking_physio	93	1821.899	2130.235	308.336	1430.570	736.835	0.164	0.045	0.252	0.487
sub-105_task-EyeTracking_physio	93	2230.242	2505.248	275.006	1122.920	726.620	0.157	0.052	0.241	0.503
sub-105_task-EyeTracking_physio	93	2546.914	2830.254	283.340	983.793	655.880	0.145	0.062	0.203	0.632
sub-105_task-EyeTracking_physio	93	2855.257	3005.265	150.008	949.362	574.570	0.117	0.029	0.147	0.370
sub-105_task-EyeTracking_physio	94	-364.320	-239.316	125.004	1314.450	645.285	0.511	0.328	1.022	0.964
sub-105_task-EyeTracking_physio	94	-197.646	52.361	250.007	1297.628	716.342	0.129	0.054	0.244	0.412
sub-105_task-EyeTracking_physio	94	69.027	327.367	258.340	1275.360	733.305	0.186	0.070	0.576	0.427
sub-105_task-EyeTracking_physio	94	352.365	544.034	191.669	1287.810	777.835	0.097	0.042	0.347	0.283
sub-105_task-EyeTracking_physio	94	569.040	860.704	291.664	1435.190	805.785	0.201	0.160	0.831	0.584
sub-105_task-EyeTracking_physio	94	877.371	1110.710	233.339	1523.503	802.100	0.261	0.103	0.775	0.499
sub-105_task-EyeTracking_physio	94	1144.043	1427.383	283.340	1600.977	796.135	0.203	0.085	0.568	0.650
sub-105_task-EyeTracking_physio	94	1452.383	1619.065	166.682	1646.230	714.663	0.178	0.076	0.356	0.533
sub-105_task-EyeTracking_physio	94	1644.064	1894.072	250.008	1534.255	697.997	0.199	0.090	0.624	0.559
sub-105_task-EyeTracking_physio	94	1927.405	2127.405	200.000	1477.793	695.085	0.152	0.045	0.301	0.334
sub-105_task-EyeTracking_physio	94	2160.742	2727.421	566.679	1417.100	688.385	0.137	0.060	0.337	0.460
sub-105_task-EyeTracking_physio	94	2752.421	3010.761	258.340	1340.310	759.155	0.248	0.253	0.592	1.272
sub-105_task-EyeTracking_physio	95	-575.654	-383.983	191.671	1272.080	735.175	0.174	0.072	0.486	0.328
sub-105_task-EyeTracking_physio	95	-367.317	249.365	616.682	1288.543	711.360	0.167	0.091	0.346	0.803
sub-105_task-EyeTracking_physio	95	257.697	449.371	191.674	1303.005	768.650	0.239	0.040	0.173	0.642
sub-105_task-EyeTracking_physio	95	491.036	782.709	291.673	1360.165	845.650	0.177	0.046	0.262	0.572
sub-105_task-EyeTracking_physio	95	799.375	982.719	183.344	1391.385	812.595	0.144	0.079	0.321	0.533
sub-105_task-EyeTracking_physio	95	1016.052	1299.387	283.335	1326.233	794.575	0.141	0.049	0.328	0.364
sub-105_task-EyeTracking_physio	95	1324.387	1649.399	325.012	1156.005	852.365	0.190	0.072	0.410	0.628
sub-105_task-EyeTracking_physio	95	1674.397	1899.405	225.008	1235.590	880.060	0.170	0.073	0.542	0.505
sub-105_task-EyeTracking_physio	95	1924.403	2132.739	208.336	1329.810	804.355	0.209	0.127	0.662	0.545
sub-105_task-EyeTracking_physio	95	2157.745	2366.080	208.335	1533.045	665.045	0.160	0.048	0.405	0.375
sub-105_task-EyeTracking_physio	95	2391.079	2616.086	225.007	1507.390	564.365	0.106	0.040	0.276	0.346
sub-105_task-EyeTracking_physio	95	2632.752	2932.764	300.012	1480.435	525.120	0.101	0.043	0.318	0.407
sub-105_task-EyeTracking_physio	96	-578.382	-428.380	150.002	1217.680	523.390	0.088	0.024	0.232	0.178
sub-105_task-EyeTracking_physio	96	-228.374	463.309	691.683	1284.685	695.495	0.203	0.144	0.619	0.961
sub-105_task-EyeTracking_physio	96	496.643	771.646	275.003	1213.160	778.355	0.152	0.054	0.209	0.506
sub-105_task-EyeTracking_physio	96	813.318	979.990	166.672	1071.050	765.225	0.181	0.072	0.330	0.442
sub-105_task-EyeTracking_physio	96	1004.989	1304.993	300.004	940.673	794.445	0.183	0.145	0.796	0.597
sub-105_task-EyeTracking_physio	96	1321.660	1555.000	233.340	923.658	821.153	0.176	0.055	0.259	0.413
sub-105_task-EyeTracking_physio	96	1580.000	1780.007	200.007	1251.173	783.535	0.188	0.115	0.774	0.401
sub-105_task-EyeTracking_physio	96	1813.341	2163.349	350.008	1557.190	835.183	0.215	0.098	0.868	0.438
sub-105_task-EyeTracking_physio	96	2188.348	2430.021	241.673	1634.200	864.770	0.151	0.048	0.469	0.385
sub-105_task-EyeTracking_physio	96	2471.686	2821.697	350.011	1532.122	540.327	0.119	0.033	0.316	0.344
sub-105_task-EyeTracking_physio	96	2855.030	3005.035	150.005	1408.757	990.763	0.192	0.114	0.246	0.895
sub-105_task-EyeTracking_physio	97	-356.548	-173.210	183.338	1276.658	710.882	0.184	0.073	0.377	0.417
sub-105_task-EyeTracking_physio	97	-156.543	326.800	483.343	1289.815	724.868	0.179	0.059	0.514	0.606
sub-105_task-EyeTracking_physio	97	351.800	560.140	208.340	1259.125	784.955	0.118	0.033	0.227	0.262
sub-105_task-EyeTracking_physio	97	610.140	901.812	291.672	1071.165	946.640	0.087	0.026	0.325	0.240
sub-105_task-EyeTracking_physio	97	943.479	1226.822	283.343	953.128	519.550	0.123	0.037	0.308	0.313
sub-105_task-EyeTracking_physio	97	1251.822	1526.828	275.006	1042.125	536.065	0.208	0.095	1.044	0.255
sub-105_task-EyeTracking_physio	97	1560.160	1793.501	233.341	1495.267	609.740	0.237	0.205	0.950	0.749
sub-105_task-EyeTracking_physio	97	1843.501	2060.172	216.671	1597.630	639.908	0.172	0.083	0.369	0.677
sub-105_task-EyeTracking_physio	97	2118.504	2376.846	258.342	1638.590	801.190	0.181	0.052	0.293	0.470
sub-105_task-EyeTracking_physio	97	2410.184	2585.175	174.991	1588.310	863.150	0.127	0.034	0.238	0.423
sub-105_task-EyeTracking_physio	97	2618.516	3026.861	408.345	1220.180	746.520	0.211	0.077	0.471	0.579
sub-105_task-EyeTracking_physio	98	-275.994	249.017	525.011	1271.275	722.425	0.344	0.406	2.460	1.072
sub-105_task-EyeTracking_physio	98	282.350	449.022	166.672	1343.088	705.480	0.154	0.076	0.375	0.427
sub-105_task-EyeTracking_physio	98	482.355	874.032	391.677	1070.015	851.090	0.163	0.061	0.395	0.608
sub-105_task-EyeTracking_physio	98	999.036	1565.712	566.676	1069.467	516.450	0.103	0.039	0.253	0.410
sub-105_task-EyeTracking_physio	98	1599.046	1882.384	283.338	1559.517	651.168	0.171	0.070	0.676	0.324
sub-105_task-EyeTracking_physio	98	1924.055	2282.395	358.340	1622.370	710.895	0.161	0.048	0.182	0.589
sub-105_task-EyeTracking_physio	98	2299.064	2532.398	233.334	1633.280	823.835	0.244	0.103	0.427	0.726
sub-105_task-EyeTracking_physio	98	2582.403	2815.741	233.338	1587.465	931.332	0.120	0.040	0.279	0.333
sub-105_task-EyeTracking_physio	98	2849.075	3007.412	158.337	1497.750	947.460	0.121	0.030	0.209	0.244
sub-105_task-EyeTracking_physio	99	-278.757	-70.422	208.335	1303.700	746.990	0.172	0.078	0.297	0.764
sub-105_task-EyeTracking_physio	99	-28.751	412.923	441.674	1275.690	733.290	0.152	0.069	0.293	0.485
sub-105_task-EyeTracking_physio	99	446.255	679.597	233.342	1280.072	863.653	0.129	0.075	0.325	0.593
sub-105_task-EyeTracking_physio	99	696.263	896.269	200.006	1238.488	938.185	0.202	0.083	0.540	0.524
sub-105_task-EyeTracking_physio	99	921.269	1296.279	375.010	1033.925	920.125	0.156	0.296	0.846	1.055
sub-105_task-EyeTracking_physio	99	1312.945	1612.951	300.006	974.025	901.920	0.195	0.110	0.784	0.533
sub-105_task-EyeTracking_physio	99	1646.284	1971.296	325.012	1318.700	753.765	0.159	0.071	0.570	0.411
sub-105_task-EyeTracking_physio	99	1996.296	2246.301	250.005	1511.628	652.980	0.152	0.077	0.602	0.470
sub-105_task-EyeTracking_physio	99	2287.967	2529.639	241.672	1618.850	673.620	0.104	0.040	0.326	0.336
sub-105_task-EyeTracking_physio	99	2562.972	3004.652	441.680	1667.695	800.090	0.177	0.098	0.457	0.571
sub-105_task-EyeTracking_physio	100	-181.522	535.164	716.686	1281.790	709.598	0.209	0.128	0.497	0.939
sub-105_task-EyeTracking_physio	100	551.831	918.506	366.675	1237.913	708.945	0.183	0.091	0.623	0.480
sub-105_task-EyeTracking_physio	100	943.506	1143.508	200.002	1169.938	681.408	0.216	0.157	0.621	0.727
sub-105_task-EyeTracking_physio	100	1176.846	1460.185	283.339	1073.815	603.955	0.099	0.019	0.185	0.272
sub-105_task-EyeTracking_physio	100	1493.517	1901.860	408.343	1014.860	595.205	0.105	0.037	0.349	0.255
sub-105_task-EyeTracking_physio	100	1935.194	2143.531	208.337	1392.040	682.845	0.167	0.083	0.382	0.491
sub-105_task-EyeTracking_physio	100	2251.870	2643.544	391.674	1611.215	835.250	0.192	0.065	0.400	0.511
sub-105_task-EyeTracking_physio	100	2668.543	2843.544	175.001	1502.690	872.015	0.273	0.118	0.839	0.400
sub-105_task-EyeTracking_physio	100	2876.877	3010.216	133.339	1190.648	925.662	0.225	0.087	0.622	0.349
sub-105_task-EyeTracking_physio	101	-6069.588	-5911.253	158.335	1364.575	519.920	0.323	0.064	0.169	0.941
sub-105_task-EyeTracking_physio	101	-5877.921	-5719.580	158.341	1292.130	764.445	0.187	0.152	0.419	0.941
sub-105_task-EyeTracking_physio	101	-5402.907	-4702.892	700.015	1281.735	798.755	0.103	0.072	0.367	0.621
sub-105_task-EyeTracking_physio	101	-4336.216	-4069.541	266.675	1283.938	805.827	0.139	0.054	0.444	0.361
sub-105_task-EyeTracking_physio	101	-4044.542	-1202.802	2841.740	1284.065	768.600	0.096	0.070	0.560	0.565
sub-105_task-EyeTracking_physio	101	-827.788	280.567	1108.355	1287.550	754.045	0.125	0.092	0.494	1.097
sub-105_task-EyeTracking_physio	101	313.906	480.575	166.669	1291.157	781.938	0.108	0.029	0.179	0.359
sub-105_task-EyeTracking_physio	101	505.574	963.920	458.346	1076.635	885.115	0.142	0.086	0.679	0.609
sub-105_task-EyeTracking_physio	101	1022.252	1313.927	291.675	993.810	490.810	0.096	0.040	0.213	0.496
sub-105_task-EyeTracking_physio	101	1338.926	1580.598	241.672	1354.970	516.035	0.234	0.085	0.758	0.436
sub-105_task-EyeTracking_physio	101	1797.273	2013.946	216.673	1637.622	698.440	0.139	0.037	0.280	0.339
sub-105_task-EyeTracking_physio	101	2063.945	2463.954	400.009	1643.158	951.572	0.081	0.015	0.195	0.272
sub-105_task-EyeTracking_physio	101	2513.954	2863.964	350.010	1546.172	975.658	0.074	0.011	0.244	0.136
sub-105_task-EyeTracking_physio	102	-4383.877	-4233.876	150.001	1286.618	766.842	0.403	0.312	0.721	1.572
sub-105_task-EyeTracking_physio	102	-4017.201	-1058.801	2958.400	1290.775	773.335	0.110	0.102	0.547	0.893
sub-105_task-EyeTracking_physio	102	-1042.134	291.229	1333.363	1288.727	755.590	0.108	0.051	0.286	0.798
sub-105_task-EyeTracking_physio	102	307.900	474.571	166.671	1258.947	797.918	0.227	0.097	0.460	0.646
sub-105_task-EyeTracking_physio	102	499.570	824.580	325.010	1057.160	889.995	0.132	0.055	0.699	0.330
sub-105_task-EyeTracking_physio	102	866.247	1157.920	291.673	982.385	558.475	0.134	0.040	0.224	0.443
sub-105_task-EyeTracking_physio	102	1182.919	1307.925	125.006	1150.430	529.125	0.208	0.110	0.569	0.378
sub-105_task-EyeTracking_physio	102	1549.595	1732.933	183.338	1557.543	763.785	0.124	0.035	0.185	0.446
sub-105_task-EyeTracking_physio	102	1782.936	1982.938	200.002	1604.112	891.118	0.138	0.049	0.269	0.441
sub-105_task-EyeTracking_physio	102	2041.276	2332.949	291.673	1596.210	1002.990	0.122	0.069	0.275	0.631
sub-105_task-EyeTracking_physio	102	2382.949	2716.292	333.343	1491.810	1051.705	0.101	0.022	0.207	0.237
sub-105_task-EyeTracking_physio	102	2774.625	3007.958	233.333	1534.670	513.720	0.099	0.032	0.196	0.450
sub-105_task-EyeTracking_physio	103	-1629.315	-1454.312	175.003	1300.925	650.100	0.622	2.017	2.902	2.830
sub-105_task-EyeTracking_physio	103	-1437.646	-1245.975	191.671	1300.040	726.160	0.182	0.059	0.192	0.805
sub-105_task-EyeTracking_physio	103	-979.300	279.059	1258.359	1286.725	746.745	0.142	0.166	0.808	0.849
sub-105_task-EyeTracking_physio	103	295.731	520.733	225.002	1228.955	807.975	0.245	0.104	0.919	0.464
sub-105_task-EyeTracking_physio	103	579.067	770.740	191.673	1099.175	881.750	0.094	0.027	0.243	0.314
sub-105_task-EyeTracking_physio	103	812.407	1170.748	358.341	986.965	845.675	0.120	0.032	0.305	0.305
sub-105_task-EyeTracking_physio	103	1187.415	1579.092	391.677	1027.175	727.625	0.188	0.068	0.271	1.056
sub-105_task-EyeTracking_physio	103	1629.094	1887.435	258.341	1163.435	731.920	0.112	0.025	0.242	0.340
sub-105_task-EyeTracking_physio	103	1920.768	2154.111	233.343	1399.517	854.365	0.203	0.113	0.763	0.624
sub-105_task-EyeTracking_physio	103	2179.111	2529.116	350.005	1538.760	915.770	0.222	0.068	0.933	0.465
sub-105_task-EyeTracking_physio	103	2579.115	2762.452	183.337	1626.105	859.023	0.123	0.040	0.187	0.476
sub-105_task-EyeTracking_physio	103	2787.456	3004.123	216.667	1634.260	673.663	0.132	0.055	0.275	0.514
sub-105_task-EyeTracking_physio	104	-1083.005	242.024	1325.029	1289.630	753.670	0.116	0.043	0.386	0.478
sub-105_task-EyeTracking_physio	104	258.692	442.029	183.337	1285.915	827.257	0.149	0.066	0.295	0.369
sub-105_task-EyeTracking_physio	104	467.033	742.039	275.006	1162.915	953.860	0.177	0.071	0.682	0.498
sub-105_task-EyeTracking_physio	104	783.705	1233.715	450.010	1036.090	951.487	0.126	0.031	0.291	0.298
sub-105_task-EyeTracking_physio	104	1275.388	1692.060	416.672	1121.390	538.493	0.125	0.057	0.368	0.598
sub-105_task-EyeTracking_physio	104	1717.060	2083.738	366.678	1338.312	560.970	0.206	0.101	0.787	0.458
sub-105_task-EyeTracking_physio	104	2117.072	2358.744	241.672	1540.610	774.525	0.249	0.120	0.502	1.004
sub-105_task-EyeTracking_physio	104	2400.411	2525.412	125.001	1616.610	882.075	0.107	0.036	0.174	0.352
sub-105_task-EyeTracking_physio	104	2708.756	3008.764	300.008	1700.282	1062.793	0.099	0.131	0.309	1.070
sub-105_task-EyeTracking_physio	105	-2245.673	-2087.336	158.337	1359.960	738.095	0.147	0.047	0.237	0.447
sub-105_task-EyeTracking_physio	105	-2029.003	-1195.649	833.354	1280.888	751.735	0.118	0.089	0.437	0.783
sub-105_task-EyeTracking_physio	105	-720.640	337.719	1058.359	1283.385	699.715	0.178	0.193	0.494	1.419
sub-105_task-EyeTracking_physio	105	371.057	596.059	225.002	1151.800	730.165	0.222	0.143	0.616	0.678
sub-105_task-EyeTracking_physio	105	637.730	1054.404	416.674	990.822	805.825	0.113	0.053	0.314	0.426
sub-105_task-EyeTracking_physio	105	1096.070	1379.410	283.340	1340.135	523.587	0.111	0.052	0.348	0.436
sub-105_task-EyeTracking_physio	105	1404.410	1679.422	275.012	1568.295	663.940	0.272	0.158	0.504	0.905
sub-105_task-EyeTracking_physio	105	1946.093	2387.767	441.674	1636.985	780.435	0.164	0.175	0.406	1.090
sub-105_task-EyeTracking_physio	105	2412.768	2612.775	200.007	1609.520	585.607	0.182	0.048	0.341	0.508
sub-105_task-EyeTracking_physio	105	2637.774	2962.779	325.005	1377.500	495.725	0.134	0.062	0.657	0.403
sub-105_task-EyeTracking_physio	106	-898.915	-757.241	141.674	1289.560	620.345	0.319	0.225	1.123	0.530
sub-105_task-EyeTracking_physio	106	-748.908	-632.236	116.672	1284.577	695.737	0.206	0.079	0.362	0.451
sub-105_task-EyeTracking_physio	106	-398.902	509.450	908.352	1287.685	715.390	0.195	0.163	0.340	1.303
sub-105_task-EyeTracking_physio	106	551.122	676.120	124.998	1126.530	1147.240	0.172	0.051	0.206	0.587
sub-105_task-EyeTracking_physio	106	692.791	934.460	241.669	1099.035	1029.400	0.157	0.059	0.284	0.595
sub-105_task-EyeTracking_physio	106	984.464	1167.799	183.335	1018.690	979.430	0.111	0.024	0.228	0.248
sub-105_task-EyeTracking_physio	106	1201.136	1401.138	200.002	966.825	898.720	0.134	0.040	0.289	0.332
sub-105_task-EyeTracking_physio	106	1451.137	1784.479	333.342	1076.803	469.575	0.092	0.082	0.492	0.351
sub-105_task-EyeTracking_physio	106	1809.479	2034.486	225.007	1306.730	497.420	0.179	0.079	0.634	0.366
sub-105_task-EyeTracking_physio	106	2059.487	2259.494	200.007	1492.827	581.050	0.199	0.135	0.646	0.574
sub-105_task-EyeTracking_physio	106	2284.493	2584.499	300.006	1619.155	704.840	0.173	0.087	0.538	0.645
sub-105_task-EyeTracking_physio	106	2626.164	2851.167	225.003	1707.310	802.625	0.161	0.042	0.285	0.539
sub-105_task-EyeTracking_physio	106	2876.167	3009.505	133.338	1676.225	894.558	0.159	0.044	0.206	0.510
sub-105_task-EyeTracking_physio	107	-1427.609	-1260.936	166.673	1315.832	732.185	0.163	0.038	0.231	0.307
sub-105_task-EyeTracking_physio	107	-985.934	447.433	1433.367	1290.648	698.990	0.159	0.109	0.313	1.146
sub-105_task-EyeTracking_physio	107	480.769	830.775	350.006	1130.467	927.820	0.120	0.038	0.269	0.468
sub-105_task-EyeTracking_physio	107	864.109	1047.450	183.341	1038.485	955.775	0.174	0.049	0.553	0.239
sub-105_task-EyeTracking_physio	107	1105.782	1339.122	233.340	1003.745	519.360	0.100	0.037	0.270	0.279
sub-105_task-EyeTracking_physio	107	1372.455	1697.464	325.009	1400.940	557.475	0.174	0.089	0.814	0.476
sub-105_task-EyeTracking_physio	107	1747.464	2014.137	266.673	1517.602	570.385	0.130	0.042	0.219	0.578
sub-105_task-EyeTracking_physio	107	2039.137	2264.143	225.006	1652.240	665.850	0.165	0.093	0.626	0.467
sub-105_task-EyeTracking_physio	107	2289.143	2497.484	208.341	1686.395	795.915	0.202	0.078	0.309	0.721
sub-105_task-EyeTracking_physio	107	2522.484	2697.485	175.001	1639.325	878.995	0.176	0.080	0.438	0.490
sub-105_task-EyeTracking_physio	107	2739.155	3005.829	266.674	1556.993	858.502	0.144	0.042	0.257	0.412
sub-105_task-EyeTracking_physio	108	-363.749	-122.079	241.670	1299.660	721.775	0.197	0.075	0.482	0.458
sub-105_task-EyeTracking_physio	108	-105.412	286.265	391.677	1281.430	703.750	0.167	0.092	0.518	0.722
sub-105_task-EyeTracking_physio	108	294.598	552.938	258.340	1279.605	673.645	0.220	0.069	0.313	0.787
sub-105_task-EyeTracking_physio	108	602.941	794.611	191.670	1083.955	724.855	0.172	0.069	0.358	0.340
sub-105_task-EyeTracking_physio	108	827.949	1077.951	250.002	1000.578	778.215	0.207	0.105	0.410	0.694
sub-105_task-EyeTracking_physio	108	1111.288	1294.626	183.338	944.225	840.020	0.228	0.065	0.218	0.626
sub-105_task-EyeTracking_physio	108	1311.292	1761.303	450.011	939.428	921.320	0.152	0.061	0.466	0.478
sub-105_task-EyeTracking_physio	108	1786.303	2094.643	308.340	978.120	901.990	0.105	0.033	0.239	0.357
sub-105_task-EyeTracking_physio	108	2136.315	2344.650	208.335	1051.040	826.485	0.130	0.035	0.213	0.389
sub-105_task-EyeTracking_physio	108	2494.655	2844.663	350.008	1537.200	969.387	0.124	0.084	0.235	0.983
sub-105_task-EyeTracking_physio	108	2861.328	3003.001	141.673	1605.755	914.060	0.192	0.057	0.553	0.269
sub-105_task-EyeTracking_physio	109	-3335.651	-2293.954	1041.697	1314.250	708.960	0.149	0.147	0.348	1.121
sub-105_task-EyeTracking_physio	109	-2268.955	-1910.612	358.343	1285.120	733.000	0.103	0.041	0.294	0.318
sub-105_task-EyeTracking_physio	109	-1752.276	-1368.931	383.345	1279.850	741.888	0.105	0.049	0.262	0.428
sub-105_task-EyeTracking_physio	109	-1085.592	139.436	1225.028	1281.550	718.215	0.186	0.140	0.423	1.195
sub-105_task-EyeTracking_physio	109	147.769	389.442	241.673	1281.870	741.565	0.214	0.050	0.269	0.769
sub-105_task-EyeTracking_physio	109	414.441	697.785	283.344	1160.532	816.940	0.158	0.080	0.557	0.418
sub-105_task-EyeTracking_physio	109	739.450	906.120	166.670	1050.608	835.353	0.091	0.020	0.210	0.188
sub-105_task-EyeTracking_physio	109	931.120	1156.125	225.005	948.115	777.815	0.169	0.049	0.366	0.391
sub-105_task-EyeTracking_physio	109	1181.124	1381.132	200.008	957.745	654.305	0.132	0.052	0.314	0.378
sub-105_task-EyeTracking_physio	109	1397.799	1597.801	200.002	1120.658	553.288	0.153	0.118	0.651	0.420
sub-105_task-EyeTracking_physio	109	1631.139	1872.813	241.674	1407.150	547.580	0.187	0.126	0.851	0.541
sub-105_task-EyeTracking_physio	109	1906.146	2172.817	266.671	1608.030	665.655	0.267	0.164	0.521	1.184
sub-105_task-EyeTracking_physio	109	2347.821	2764.496	416.675	1667.588	934.225	0.147	0.081	0.293	0.666
sub-105_task-EyeTracking_physio	109	2781.163	2956.171	175.008	1498.655	915.295	0.168	0.066	0.609	0.263
sub-105_task-EyeTracking_physio	110	-596.993	-388.653	208.340	1298.350	712.560	0.125	0.053	0.327	0.538
sub-105_task-EyeTracking_physio	110	-371.986	344.695	716.681	1282.493	700.192	0.169	0.118	0.311	1.218
sub-105_task-EyeTracking_physio	110	378.031	561.369	183.338	1206.207	758.465	0.134	0.070	0.404	0.407
sub-105_task-EyeTracking_physio	110	586.368	878.046	291.678	1094.315	796.090	0.261	0.122	0.530	0.804
sub-105_task-EyeTracking_physio	110	894.713	1428.058	533.345	1048.315	810.588	0.251	0.115	0.593	0.911
sub-105_task-EyeTracking_physio	110	1453.058	1628.061	175.003	1172.065	770.545	0.240	0.144	0.686	0.579
sub-105_task-EyeTracking_physio	110	1661.398	1978.068	316.670	1511.097	795.640	0.207	0.087	0.618	0.649
sub-105_task-EyeTracking_physio	110	2028.068	2228.076	200.008	1595.562	830.013	0.108	0.022	0.204	0.209
sub-105_task-EyeTracking_physio	110	2261.409	2628.085	366.676	1649.145	875.450	0.165	0.070	0.333	0.647
sub-105_task-EyeTracking_physio	110	2636.418	2769.755	133.337	1605.095	904.270	0.222	0.055	0.609	0.342
sub-105_task-EyeTracking_physio	110	2869.758	3003.096	133.338	1385.013	564.420	0.252	0.105	0.198	1.180
sub-105_task-EyeTracking_physio	111	-424.920	-308.251	116.669	1276.480	659.135	0.123	0.036	0.185	0.367
sub-105_task-EyeTracking_physio	111	-291.585	-74.912	216.673	1288.087	685.610	0.247	0.073	0.364	0.581
sub-105_task-EyeTracking_physio	111	-58.245	458.436	516.681	1290.075	707.332	0.153	0.070	0.256	0.720
sub-105_task-EyeTracking_physio	111	508.435	758.440	250.005	1240.562	800.730	0.129	0.040	0.217	0.449
sub-105_task-EyeTracking_physio	111	775.107	1775.133	1000.026	1216.543	927.395	0.111	0.073	0.285	0.941
sub-105_task-EyeTracking_physio	111	1816.799	2366.810	550.011	923.553	585.645	0.155	0.073	0.378	0.696
sub-105_task-EyeTracking_physio	111	2441.815	2725.154	283.339	1616.825	737.918	0.096	0.022	0.225	0.311
sub-105_task-EyeTracking_physio	111	2741.820	2891.823	150.003	1575.625	755.345	0.241	0.098	0.703	0.351
sub-105_task-EyeTracking_physio	112	-5031.816	-840.048	4191.768	1281.685	765.530	0.116	0.075	0.647	0.816
sub-105_task-EyeTracking_physio	112	-515.041	393.319	908.360	1285.245	723.050	0.232	0.268	0.636	1.309
sub-105_task-EyeTracking_physio	112	418.319	626.656	208.337	1144.495	717.295	0.215	0.077	0.684	0.369
sub-105_task-EyeTracking_physio	112	659.990	951.663	291.673	1060.895	787.650	0.179	0.096	0.432	0.749
sub-105_task-EyeTracking_physio	112	993.329	1160.002	166.673	983.983	801.590	0.179	0.037	0.228	0.419
sub-105_task-EyeTracking_physio	112	1201.669	1476.677	275.008	1025.920	507.915	0.134	0.042	0.229	0.497
sub-105_task-EyeTracking_physio	112	1501.677	1810.022	308.345	1377.285	510.315	0.176	0.079	0.936	0.314
sub-105_task-EyeTracking_physio	112	1826.688	2060.024	233.336	1394.668	519.725	0.078	0.020	0.307	0.157
sub-105_task-EyeTracking_physio	112	2110.023	2460.037	350.014	1591.990	542.445	0.082	0.034	0.224	0.394
sub-105_task-EyeTracking_physio	112	2485.038	2743.378	258.340	1656.015	668.395	0.167	0.078	0.454	0.757
sub-105_task-EyeTracking_physio	112	2793.376	3010.048	216.672	1621.935	827.562	0.159	0.031	0.232	0.443
sub-105_task-EyeTracking_physio	113	-693.138	190.214	883.352	1291.263	716.120	0.383	0.611	4.790	2.879
sub-105_task-EyeTracking_physio	113	198.547	448.554	250.007	1288.880	741.085	0.160	0.075	0.249	0.723
sub-105_task-EyeTracking_physio	113	465.219	815.231	350.012	1175.108	783.822	0.206	0.094	0.622	0.657
sub-105_task-EyeTracking_physio	113	856.898	1090.235	233.337	1043.360	768.940	0.103	0.025	0.254	0.275
sub-105_task-EyeTracking_physio	113	1115.235	1690.251	575.016	958.520	724.435	0.239	0.107	0.568	0.871
sub-105_task-EyeTracking_physio	113	1723.584	2023.590	300.006	1451.425	588.768	0.210	0.123	0.619	0.730
sub-105_task-EyeTracking_physio	113	2048.590	2340.267	291.677	1599.545	641.045	0.215	0.117	0.938	0.531
sub-105_task-EyeTracking_physio	113	2406.933	2715.277	308.344	1649.320	793.765	0.153	0.036	0.200	0.453
sub-105_task-EyeTracking_physio	113	2740.277	3006.949	266.672	1579.362	817.572	0.231	0.077	0.618	0.456
sub-105_task-EyeTracking_physio	114	-737.957	712.075	1450.032	1287.835	718.798	0.185	0.117	0.589	0.904
sub-105_task-EyeTracking_physio	114	737.074	937.082	200.008	1165.602	759.920	0.348	0.281	0.859	1.187
sub-105_task-EyeTracking_physio	114	970.415	1178.751	208.336	1001.655	584.340	0.147	0.066	0.320	0.545
sub-105_task-EyeTracking_physio	114	1212.087	1445.422	233.335	1253.463	506.397	0.176	0.048	0.656	0.305
sub-105_task-EyeTracking_physio	114	1462.090	1762.099	300.009	1488.010	549.130	0.277	0.194	0.856	0.703
sub-105_task-EyeTracking_physio	114	1812.098	2028.772	216.674	1595.500	674.648	0.113	0.064	0.288	0.528
sub-105_task-EyeTracking_physio	114	2062.105	2345.443	283.338	1647.007	814.935	0.169	0.080	0.413	0.702
sub-105_task-EyeTracking_physio	114	2370.443	2728.784	358.341	1608.880	962.215	0.109	0.072	0.370	0.567
sub-105_task-EyeTracking_physio	114	2770.451	3003.792	233.341	1535.513	965.360	0.109	0.021	0.241	0.241
sub-105_task-EyeTracking_physio	115	-707.781	-524.441	183.340	1279.950	717.067	0.155	0.031	0.183	0.369
sub-105_task-EyeTracking_physio	115	-507.775	492.249	1000.024	1287.722	746.125	0.154	0.084	0.509	0.792
sub-105_task-EyeTracking_physio	115	508.916	792.256	283.340	1180.943	796.283	0.260	0.120	0.764	0.463
sub-105_task-EyeTracking_physio	115	842.255	1025.595	183.340	1059.858	866.368	0.102	0.016	0.175	0.206
sub-105_task-EyeTracking_physio	115	1083.927	1233.931	150.004	1028.500	939.543	0.115	0.018	0.235	0.153
sub-105_task-EyeTracking_physio	115	1417.272	1658.940	241.668	1115.765	994.110	0.122	0.077	0.189	0.922
sub-105_task-EyeTracking_physio	115	1708.943	1933.950	225.007	1403.135	996.180	0.088	0.026	0.235	0.239
sub-105_task-EyeTracking_physio	115	1975.617	2192.284	216.667	1520.142	988.370	0.144	0.041	0.386	0.336
sub-105_task-EyeTracking_physio	115	2225.623	2508.961	283.338	1629.205	989.168	0.149	0.043	0.530	0.285
sub-105_task-EyeTracking_physio	115	2700.631	3025.640	325.009	1573.720	596.525	0.174	0.077	0.254	0.609
sub-105_task-EyeTracking_physio	116	-694.293	-527.623	166.670	1277.765	665.783	0.249	0.151	0.684	0.517
sub-105_task-EyeTracking_physio	116	-519.290	280.731	800.021	1288.388	715.548	0.187	0.174	0.642	1.290
sub-105_task-EyeTracking_physio	116	305.730	564.072	258.342	1250.805	817.490	0.144	0.050	0.379	0.459
sub-105_task-EyeTracking_physio	116	589.072	880.745	291.673	1162.500	865.790	0.155	0.042	0.532	0.331
sub-105_task-EyeTracking_physio	116	914.078	1230.752	316.674	1083.707	859.928	0.144	0.045	0.457	0.367
sub-105_task-EyeTracking_physio	116	1272.419	1639.096	366.677	1028.065	814.445	0.121	0.038	0.214	0.413
sub-105_task-EyeTracking_physio	116	1672.429	1930.769	258.340	1297.465	636.030	0.141	0.061	0.604	0.363
sub-105_task-EyeTracking_physio	116	1947.437	2222.441	275.004	1537.715	662.140	0.188	0.074	0.864	0.302
sub-105_task-EyeTracking_physio	116	2247.446	2639.120	391.674	1625.300	682.250	0.166	0.079	0.597	0.688
sub-105_task-EyeTracking_physio	116	2664.120	2864.124	200.004	1638.092	799.555	0.274	0.084	0.382	0.825
sub-105_task-EyeTracking_physio	116	2897.462	3005.793	108.331	1629.600	907.690	0.166	0.062	0.231	0.458
sub-105_task-EyeTracking_physio	117	-580.625	-338.951	241.674	1317.340	737.560	0.179	0.104	0.455	0.786
sub-105_task-EyeTracking_physio	117	-322.285	-172.284	150.001	1280.660	733.148	0.321	0.144	0.834	0.455
sub-105_task-EyeTracking_physio	117	-80.613	311.062	391.675	1295.830	741.595	0.234	0.095	0.356	0.964
sub-105_task-EyeTracking_physio	117	327.729	694.405	366.676	1229.233	748.858	0.226	0.159	0.808	0.757
sub-105_task-EyeTracking_physio	117	719.405	977.746	258.341	1140.985	679.665	0.234	0.093	0.832	0.488
sub-105_task-EyeTracking_physio	117	1002.746	1377.755	375.009	1065.660	609.425	0.120	0.034	0.322	0.299
sub-105_task-EyeTracking_physio	117	1419.422	1711.099	291.677	1093.920	608.970	0.122	0.024	0.194	0.337
sub-105_task-EyeTracking_physio	117	1744.432	2061.103	316.671	1189.148	648.245	0.143	0.079	0.626	0.408
sub-105_task-EyeTracking_physio	117	2086.103	2302.775	216.672	1410.582	692.955	0.168	0.062	0.609	0.381
sub-105_task-EyeTracking_physio	117	2394.447	2827.788	433.341	1625.747	898.457	0.140	0.082	0.516	0.658
sub-105_task-EyeTracking_physio	117	2852.788	3019.459	166.671	1507.685	897.510	0.189	0.086	0.631	0.359
sub-105_task-EyeTracking_physio	118	-600.312	-375.306	225.006	1274.980	697.125	0.393	0.314	1.090	2.212
sub-105_task-EyeTracking_physio	118	-366.972	574.717	941.689	1289.195	710.880	0.168	0.095	0.504	0.979
sub-105_task-EyeTracking_physio	118	608.049	1558.076	950.027	1035.160	680.100	0.163	0.128	0.560	0.940
sub-105_task-EyeTracking_physio	118	1599.742	1891.415	291.673	1519.455	495.215	0.122	0.049	0.511	0.313
sub-105_task-EyeTracking_physio	118	1916.415	2358.095	441.680	1625.335	546.910	0.180	0.115	0.647	0.890
sub-105_task-EyeTracking_physio	118	2399.761	2649.767	250.006	1655.245	631.540	0.145	0.050	0.208	0.459
sub-105_task-EyeTracking_physio	118	2724.772	3008.111	283.339	1599.957	727.970	0.189	0.089	0.413	0.766
sub-105_task-EyeTracking_physio	119	-578.326	-378.317	200.009	1275.957	703.087	0.139	0.044	0.406	0.360
sub-105_task-EyeTracking_physio	119	-353.318	380.034	733.352	1291.365	728.648	0.195	0.095	0.255	0.954
sub-105_task-EyeTracking_physio	119	421.701	763.376	341.675	1166.100	838.885	0.228	0.152	0.912	1.295
sub-105_task-EyeTracking_physio	119	788.376	1213.385	425.009	1181.035	869.725	0.137	0.050	0.403	0.334
sub-105_task-EyeTracking_physio	119	1263.385	1530.060	266.675	1512.283	554.150	0.221	0.099	0.446	0.756
sub-105_task-EyeTracking_physio	119	1546.729	2430.082	883.353	1614.938	561.395	0.200	0.127	1.013	0.756
sub-105_task-EyeTracking_physio	119	2446.748	3021.764	575.016	1609.775	574.950	0.235	0.081	0.223	0.907
sub-105_task-EyeTracking_physio	120	-964.981	-806.641	158.340	1611.815	588.605	0.122	0.024	0.243	0.294
sub-105_task-EyeTracking_physio	120	-739.976	385.055	1125.031	1284.315	744.655	0.184	0.319	0.543	2.474
sub-105_task-EyeTracking_physio	120	418.388	851.731	433.343	968.210	752.503	0.248	0.200	0.757	1.017
sub-105_task-EyeTracking_physio	120	1026.736	1343.409	316.673	1087.285	620.295	0.147	0.074	0.268	0.666
sub-105_task-EyeTracking_physio	120	1376.743	1568.416	191.673	1175.185	584.580	0.124	0.088	0.519	0.344
sub-105_task-EyeTracking_physio	120	1601.750	1893.422	291.672	1625.785	669.495	0.191	0.089	0.751	0.484
sub-105_task-EyeTracking_physio	120	1910.088	2276.764	366.676	1657.767	822.132	0.247	0.115	0.491	1.133
sub-105_task-EyeTracking_physio	120	2335.101	2676.773	341.672	1591.565	984.380	0.095	0.036	0.305	0.349
sub-105_task-EyeTracking_physio	120	2718.445	3010.118	291.673	1467.665	1018.605	0.099	0.027	0.336	0.160
sub-105_task-EyeTracking_physio	121	-526.268	-251.258	275.010	1287.170	698.005	0.124	0.040	0.246	0.455
sub-105_task-EyeTracking_physio	121	-234.591	707.096	941.687	1288.585	720.975	0.207	0.100	0.497	0.973
sub-105_task-EyeTracking_physio	121	790.428	1723.789	933.361	1059.212	771.660	0.140	0.067	0.265	0.848
sub-105_task-EyeTracking_physio	121	1765.454	1998.794	233.340	1496.200	561.607	0.161	0.074	0.380	0.545
sub-105_task-EyeTracking_physio	121	2040.460	2498.809	458.349	1593.600	584.080	0.207	0.066	0.339	0.708
sub-105_task-EyeTracking_physio	121	2515.475	2748.810	233.335	1618.793	710.102	0.176	0.049	0.305	0.628
sub-105_task-EyeTracking_physio	121	2807.148	3007.150	200.002	1636.122	804.467	0.133	0.030	0.203	0.434
sub-105_task-EyeTracking_physio	122	-462.506	-162.499	300.007	1278.122	725.070	0.180	0.056	0.240	0.527
sub-105_task-EyeTracking_physio	122	-154.167	720.854	875.021	1290.340	740.730	0.185	0.184	0.439	1.333
sub-105_task-EyeTracking_physio	122	745.854	1095.864	350.010	1061.770	658.983	0.247	0.092	0.393	0.565
sub-105_task-EyeTracking_physio	122	1129.197	2062.553	933.356	1091.465	547.005	0.093	0.065	0.498	0.395
sub-105_task-EyeTracking_physio	122	2154.224	2462.562	308.338	1597.745	607.020	0.214	0.137	0.486	0.954
sub-105_task-EyeTracking_physio	122	2504.232	2670.903	166.671	1533.513	637.342	0.117	0.032	0.255	0.288
sub-105_task-EyeTracking_physio	122	2712.568	3004.240	291.672	1369.295	975.245	0.135	0.046	0.328	0.468
sub-105_task-EyeTracking_physio	123	-515.452	-323.775	191.677	1283.385	736.635	0.561	0.462	2.326	2.378
sub-105_task-EyeTracking_physio	123	-307.109	359.574	666.683	1285.548	708.005	0.153	0.053	0.419	0.537
sub-105_task-EyeTracking_physio	123	401.240	609.581	208.341	1215.865	723.645	0.135	0.027	0.204	0.320
sub-105_task-EyeTracking_physio	123	726.250	1167.925	441.675	1058.330	1033.820	0.165	0.122	0.419	0.952
sub-105_task-EyeTracking_physio	123	1201.258	1384.601	183.343	1006.805	995.012	0.135	0.043	0.264	0.435
sub-105_task-EyeTracking_physio	123	1442.933	1726.271	283.338	983.862	584.033	0.091	0.018	0.188	0.259
sub-105_task-EyeTracking_physio	123	1751.271	1942.945	191.674	1113.315	565.280	0.156	0.064	0.631	0.266
sub-105_task-EyeTracking_physio	123	1984.611	2292.954	308.343	1617.265	811.840	0.249	0.149	0.743	0.916
sub-105_task-EyeTracking_physio	123	2309.621	3009.636	700.015	1603.910	909.115	0.136	0.080	0.341	0.797
sub-105_task-EyeTracking_physio	124	-1385.813	-810.802	575.011	1287.730	737.440	0.162	0.049	0.335	0.741
sub-105_task-EyeTracking_physio	124	-569.130	-327.457	241.673	1291.605	736.800	0.150	0.074	0.274	0.633
sub-105_task-EyeTracking_physio	124	-310.790	330.891	641.681	1288.995	713.915	0.174	0.066	0.318	0.683
sub-105_task-EyeTracking_physio	124	355.891	605.897	250.006	1235.643	767.690	0.195	0.101	0.425	0.648
sub-105_task-EyeTracking_physio	124	647.570	972.575	325.005	1062.025	852.480	0.196	0.107	0.405	0.781
sub-105_task-EyeTracking_physio	124	1005.907	1247.581	241.674	974.105	906.625	0.124	0.035	0.296	0.268
sub-105_task-EyeTracking_physio	124	1280.913	1555.920	275.007	1429.365	874.105	0.170	0.109	0.440	0.663
sub-105_task-EyeTracking_physio	124	1589.257	1839.263	250.006	1556.190	891.230	0.195	0.109	0.792	0.458
sub-105_task-EyeTracking_physio	124	1864.262	1989.266	125.004	1604.125	710.065	0.195	0.089	0.303	0.527
sub-105_task-EyeTracking_physio	124	2014.267	2189.269	175.002	1513.025	567.345	0.121	0.037	0.325	0.261
sub-105_task-EyeTracking_physio	124	2230.939	2447.607	216.668	1427.475	559.515	0.113	0.031	0.296	0.212
sub-105_task-EyeTracking_physio	124	2472.608	2764.285	291.677	1372.185	591.060	0.093	0.027	0.332	0.312
sub-105_task-EyeTracking_physio	124	2797.617	3005.955	208.338	1311.865	645.025	0.116	0.032	0.198	0.378
sub-105_task-EyeTracking_physio	125	-497.063	344.624	841.687	1281.685	704.945	0.152	0.063	0.311	0.634
sub-105_task-EyeTracking_physio	125	394.624	594.627	200.003	1179.880	730.190	0.116	0.031	0.213	0.307
sub-105_task-EyeTracking_physio	125	686.297	1319.646	633.349	1044.223	847.678	0.137	0.059	0.290	0.566
sub-105_task-EyeTracking_physio	125	1344.647	1536.320	191.673	971.350	813.405	0.178	0.072	0.496	0.329
sub-105_task-EyeTracking_physio	125	1594.653	1836.326	241.673	1110.705	543.845	0.085	0.027	0.319	0.167
sub-105_task-EyeTracking_physio	125	1869.658	2094.666	225.008	1470.970	667.420	0.230	0.105	0.729	0.474
sub-105_task-EyeTracking_physio	125	2127.999	2394.672	266.673	1504.892	750.297	0.146	0.058	0.345	0.613
sub-105_task-EyeTracking_physio	125	2419.672	2728.015	308.343	1492.430	804.335	0.163	0.049	0.353	0.402
sub-105_task-EyeTracking_physio	125	2753.015	3003.022	250.007	1471.688	748.577	0.158	0.038	0.337	0.297
sub-105_task-EyeTracking_physio	126	-1450.768	-1292.432	158.336	1295.195	716.620	0.180	0.057	0.273	0.515
sub-105_task-EyeTracking_physio	126	-1284.099	374.271	1658.370	1284.550	705.855	0.177	0.084	0.479	0.893
sub-105_task-EyeTracking_physio	126	457.608	590.942	133.334	1160.015	1112.565	6.182	63.049	10.564	10.663
sub-105_task-EyeTracking_physio	126	632.608	974.290	341.682	1131.100	915.960	0.134	0.245	0.511	1.183
sub-105_task-EyeTracking_physio	126	1007.622	1165.955	158.333	1168.105	874.655	0.158	0.048	0.166	0.555
sub-105_task-EyeTracking_physio	126	1207.627	1440.966	233.339	1335.582	550.920	0.112	0.084	0.534	0.399
sub-105_task-EyeTracking_physio	126	1474.299	1657.635	183.336	1501.830	570.370	0.142	0.050	0.520	0.292
sub-105_task-EyeTracking_physio	126	1707.639	1890.974	183.335	1579.835	607.510	0.111	0.032	0.235	0.336
sub-105_task-EyeTracking_physio	126	2040.975	2557.657	516.682	1100.765	555.620	0.103	0.072	0.763	0.386
sub-105_task-EyeTracking_physio	126	2590.991	2807.661	216.670	1030.040	637.452	0.138	0.096	0.487	0.515
sub-105_task-EyeTracking_physio	126	2824.327	3007.661	183.334	1068.900	726.658	0.276	0.168	0.618	0.910
sub-105_task-EyeTracking_physio	127	-445.322	-270.315	175.007	1305.670	854.235	1.067	14.777	5.319	5.194
sub-105_task-EyeTracking_physio	127	-261.981	-45.314	216.667	1300.100	738.237	0.196	0.160	0.544	0.728
sub-105_task-EyeTracking_physio	127	-36.981	279.699	316.680	1287.642	716.455	0.136	0.057	0.226	0.537
sub-105_task-EyeTracking_physio	127	296.364	496.364	200.000	1242.865	724.470	0.203	0.075	0.335	0.632
sub-105_task-EyeTracking_physio	127	521.369	1063.043	541.674	944.425	885.935	0.177	0.076	0.685	0.539
sub-105_task-EyeTracking_physio	127	1096.376	1513.054	416.678	1059.237	443.778	0.103	0.048	0.375	0.512
sub-105_task-EyeTracking_physio	127	1546.385	1763.059	216.674	1429.565	594.862	0.242	0.196	0.828	0.806
sub-105_task-EyeTracking_physio	127	1796.392	2029.731	233.339	1602.625	671.368	0.248	0.117	0.729	0.657
sub-105_task-EyeTracking_physio	127	2046.396	2288.069	241.673	1640.015	725.820	0.186	0.060	0.424	0.492
sub-105_task-EyeTracking_physio	127	2304.736	2679.748	375.012	1646.260	775.525	0.173	0.060	0.271	0.509
sub-105_task-EyeTracking_physio	127	2696.414	2854.747	158.333	1575.875	833.530	0.193	0.055	0.379	0.403
sub-105_task-EyeTracking_physio	127	2888.084	3004.749	116.665	1332.745	716.003	0.217	0.100	0.410	0.507
sub-105_task-EyeTracking_physio	128	-389.890	410.127	800.017	1283.085	697.483	0.180	0.102	0.640	0.695
sub-105_task-EyeTracking_physio	128	426.794	726.800	300.006	1230.980	701.175	0.198	0.084	0.600	0.538
sub-105_task-EyeTracking_physio	128	751.800	943.474	191.674	1036.025	652.045	0.121	0.024	0.406	0.156
sub-105_task-EyeTracking_physio	128	960.140	1360.149	400.009	944.098	580.112	0.109	0.033	0.302	0.359
sub-105_task-EyeTracking_physio	128	1376.814	1551.820	175.006	1012.580	578.910	0.196	0.042	0.669	0.175
sub-105_task-EyeTracking_physio	128	1585.156	1960.165	375.009	1571.020	696.580	0.220	0.125	0.566	0.998
sub-105_task-EyeTracking_physio	128	1985.165	2293.502	308.337	1603.015	725.655	0.143	0.063	0.371	0.650
sub-105_task-EyeTracking_physio	128	2310.169	2435.172	125.003	1641.010	753.385	0.251	0.102	0.615	0.455
sub-105_task-EyeTracking_physio	128	2585.176	2976.850	391.674	1047.035	868.720	0.119	0.183	0.520	1.061
sub-105_task-EyeTracking_physio	129	-309.349	-101.009	208.340	1289.375	710.110	0.439	0.274	1.464	1.329
sub-105_task-EyeTracking_physio	129	-84.343	282.333	366.676	1275.185	699.375	0.172	0.075	0.495	0.500
sub-105_task-EyeTracking_physio	129	307.333	440.670	133.337	1249.602	688.273	0.139	0.045	0.272	0.261
sub-105_task-EyeTracking_physio	129	665.676	824.013	158.337	1262.715	864.880	0.172	0.124	0.349	0.947
sub-105_task-EyeTracking_physio	129	865.678	1149.018	283.340	1290.867	915.293	0.138	0.047	0.237	0.470
sub-105_task-EyeTracking_physio	129	1215.688	1490.695	275.007	1651.215	563.555	0.112	0.053	0.254	0.545
sub-105_task-EyeTracking_physio	129	1515.694	1865.704	350.010	1634.305	519.652	0.105	0.025	0.245	0.273
sub-105_task-EyeTracking_physio	129	1907.370	2240.715	333.345	1099.713	544.965	0.128	0.075	0.663	0.421
sub-105_task-EyeTracking_physio	129	2290.714	2607.387	316.673	1003.868	611.950	0.117	0.025	0.212	0.342
sub-105_task-EyeTracking_physio	129	2649.055	2857.393	208.338	1039.300	699.180	0.127	0.026	0.143	0.295
sub-105_task-EyeTracking_physio	129	2882.398	3024.066	141.668	1099.830	707.485	0.159	0.049	0.336	0.319
sub-105_task-EyeTracking_physio	130	-362.189	-228.854	133.335	1243.957	734.965	2.648	55.302	5.372	13.849
sub-105_task-EyeTracking_physio	130	-178.850	-62.180	116.670	1315.175	740.888	0.191	0.084	0.243	0.910
sub-105_task-EyeTracking_physio	130	-37.180	429.494	466.674	1281.528	705.072	0.111	0.041	0.216	0.486
sub-105_task-EyeTracking_physio	130	471.166	696.168	225.002	1339.150	748.270	0.118	0.032	0.179	0.408
sub-105_task-EyeTracking_physio	130	721.172	1287.851	566.679	1368.588	717.483	0.139	0.045	0.338	0.369
sub-105_task-EyeTracking_physio	130	1321.184	1496.188	175.004	1684.695	938.695	0.229	0.138	0.623	0.692
sub-105_task-EyeTracking_physio	130	1521.192	1762.860	241.668	1615.555	891.235	0.131	0.049	0.304	0.463
sub-105_task-EyeTracking_physio	130	1804.531	1996.200	191.669	1552.305	936.345	0.107	0.040	0.298	0.389
sub-105_task-EyeTracking_physio	130	2054.537	2296.209	241.672	1513.145	1024.415	0.122	0.030	0.247	0.246
sub-105_task-EyeTracking_physio	130	2321.209	2587.884	266.675	1472.332	1053.365	0.121	0.042	0.519	0.227
sub-105_task-EyeTracking_physio	130	2629.550	2912.889	283.339	1414.675	1047.697	0.099	0.024	0.242	0.272
sub-105_task-EyeTracking_physio	131	-798.710	-657.041	141.669	1331.870	1006.940	0.099	0.019	0.223	0.195
sub-105_task-EyeTracking_physio	131	-498.703	-365.367	133.336	1251.120	792.398	0.137	0.074	0.236	0.678
sub-105_task-EyeTracking_physio	131	-348.701	259.646	608.347	1288.545	748.885	0.169	0.167	0.627	1.029
sub-105_task-EyeTracking_physio	131	276.313	451.318	175.005	1249.710	779.690	0.216	0.132	0.499	0.686
sub-105_task-EyeTracking_physio	131	476.319	876.325	400.006	1175.375	757.817	0.198	0.099	0.495	0.587
sub-105_task-EyeTracking_physio	131	884.659	1293.008	408.349	1198.975	765.305	0.182	0.065	0.477	0.553
sub-105_task-EyeTracking_physio	131	1326.340	1593.012	266.672	1480.618	807.230	0.206	0.142	0.654	0.877
sub-105_task-EyeTracking_physio	131	1634.678	1943.021	308.343	1588.200	846.710	0.162	0.060	0.393	0.477
sub-105_task-EyeTracking_physio	131	1959.688	2243.027	283.339	1593.513	629.023	0.186	0.052	0.223	0.578
sub-105_task-EyeTracking_physio	131	2268.027	2568.033	300.006	1573.065	596.395	0.127	0.035	0.276	0.366
sub-105_task-EyeTracking_physio	131	2593.032	2943.042	350.010	1470.757	578.043	0.164	0.065	0.715	0.344
sub-105_task-EyeTracking_physio	132	-351.600	390.085	741.685	1289.930	719.545	0.215	0.087	0.317	1.132
sub-105_task-EyeTracking_physio	132	423.419	531.754	108.335	1242.955	738.920	0.136	0.031	0.183	0.236
sub-105_task-EyeTracking_physio	132	548.421	831.760	283.339	1315.683	764.745	0.248	0.126	0.576	0.781
sub-105_task-EyeTracking_physio	132	848.427	1023.436	175.009	1332.735	806.110	0.192	0.085	0.303	0.648
sub-105_task-EyeTracking_physio	132	1048.436	1731.785	683.349	1427.255	757.293	0.195	0.112	0.501	0.621
sub-105_task-EyeTracking_physio	132	1748.451	1931.794	183.343	1284.720	756.045	0.312	0.144	1.095	0.399
sub-105_task-EyeTracking_physio	132	1948.461	2281.798	333.337	1053.122	719.425	0.191	0.090	0.520	0.519
sub-105_task-EyeTracking_physio	132	2331.801	2548.472	216.671	979.825	729.695	0.140	0.036	0.215	0.398
sub-105_task-EyeTracking_physio	132	2565.138	2781.812	216.674	987.035	635.737	0.095	0.029	0.142	0.379
sub-105_task-EyeTracking_physio	132	2798.478	3006.820	208.342	1038.130	525.075	0.120	0.035	0.167	0.408
sub-105_task-EyeTracking_physio	133	-462.850	345.507	808.357	1283.955	704.500	0.835	7.871	3.338	12.835
sub-105_task-EyeTracking_physio	133	370.506	545.509	175.003	1266.330	746.245	0.177	0.064	0.255	0.482
sub-105_task-EyeTracking_physio	133	562.176	878.852	316.676	1113.673	791.933	0.227	0.150	0.395	0.947
sub-105_task-EyeTracking_physio	133	903.853	1062.190	158.337	1075.635	661.550	0.124	0.027	0.199	0.306
sub-105_task-EyeTracking_physio	133	1103.856	1362.197	258.341	1044.290	498.110	0.080	0.029	0.206	0.301
sub-105_task-EyeTracking_physio	133	1387.201	1595.537	208.336	1154.370	488.395	0.146	0.041	0.571	0.199
sub-105_task-EyeTracking_physio	133	1653.872	1912.213	258.341	1504.780	570.695	0.101	0.047	0.383	0.354
sub-105_task-EyeTracking_physio	133	1928.880	2228.887	300.007	1621.812	602.945	0.254	0.160	1.096	0.617
sub-105_task-EyeTracking_physio	133	2262.220	2437.226	175.006	1672.915	690.990	0.186	0.057	0.243	0.518
sub-105_task-EyeTracking_physio	133	2462.226	2678.895	216.669	1619.860	765.830	0.129	0.053	0.366	0.332
sub-105_task-EyeTracking_physio	133	2695.568	3003.905	308.337	1544.435	768.765	0.169	0.077	0.535	0.527
sub-105_task-EyeTracking_physio	134	-207.379	367.638	575.017	1288.705	715.450	0.180	0.252	0.841	1.356
sub-105_task-EyeTracking_physio	134	392.638	584.310	191.672	1350.675	750.330	0.141	0.070	0.304	0.457
sub-105_task-EyeTracking_physio	134	634.310	875.979	241.669	1500.555	780.600	0.115	0.032	0.273	0.256
sub-105_task-EyeTracking_physio	134	917.651	1109.318	191.667	1598.590	778.495	0.143	0.052	0.288	0.404
sub-105_task-EyeTracking_physio	134	1134.318	1350.993	216.675	1525.737	755.375	0.147	0.050	0.413	0.389
sub-105_task-EyeTracking_physio	134	1367.658	1817.671	450.013	1410.762	713.915	0.203	0.081	0.849	0.533
sub-105_task-EyeTracking_physio	134	1851.004	2009.343	158.339	1236.125	709.985	0.191	0.092	0.552	0.371
sub-105_task-EyeTracking_physio	134	2034.342	2409.349	375.007	1013.085	708.035	0.140	0.123	0.516	0.879
sub-105_task-EyeTracking_physio	134	2442.683	2667.689	225.006	943.010	660.750	0.154	0.059	0.273	0.502
sub-105_task-EyeTracking_physio	134	2684.356	2901.025	216.669	959.382	610.435	0.122	0.040	0.237	0.437
sub-105_task-EyeTracking_physio	135	-293.486	-151.817	141.669	1299.850	655.670	0.134	0.057	0.249	0.382
sub-105_task-EyeTracking_physio	135	-135.145	156.526	291.671	1298.730	709.635	0.119	0.061	0.327	0.430
sub-105_task-EyeTracking_physio	135	173.192	298.195	125.003	1304.105	728.115	0.136	0.030	0.162	0.292
sub-105_task-EyeTracking_physio	135	489.864	631.534	141.670	1290.810	812.090	0.519	0.227	0.202	2.103
sub-105_task-EyeTracking_physio	135	639.867	889.874	250.007	1288.855	769.600	0.236	0.138	0.344	0.749
sub-105_task-EyeTracking_physio	135	931.544	1189.881	258.337	1396.745	695.040	0.116	0.040	0.279	0.381
sub-105_task-EyeTracking_physio	135	1223.215	1523.220	300.005	1554.422	703.418	0.194	0.061	0.806	0.360
sub-105_task-EyeTracking_physio	135	1564.887	1864.896	300.009	1647.380	700.112	0.109	0.031	0.219	0.350
sub-105_task-EyeTracking_physio	135	1898.229	2323.237	425.008	1190.870	618.810	0.116	0.052	0.589	0.320
sub-105_task-EyeTracking_physio	135	2348.237	2573.243	225.006	1153.045	622.750	0.094	0.021	0.228	0.182
sub-105_task-EyeTracking_physio	135	2606.576	3006.584	400.008	1122.727	588.207	0.088	0.035	0.295	0.342
sub-105_task-EyeTracking_physio	136	-129.720	453.624	583.344	1285.092	720.888	0.171	0.201	0.517	1.400
sub-105_task-EyeTracking_physio	136	470.291	736.963	266.672	1241.130	694.577	0.280	0.175	0.766	0.875
sub-105_task-EyeTracking_physio	136	761.964	936.971	175.007	1209.465	638.125	0.156	0.069	0.397	0.343
sub-105_task-EyeTracking_physio	136	961.971	1203.643	241.672	1123.635	577.230	0.110	0.032	0.377	0.314
sub-105_task-EyeTracking_physio	136	1220.309	1795.322	575.013	1154.400	554.170	0.112	0.055	0.370	0.545
sub-105_task-EyeTracking_physio	136	1861.991	2145.330	283.339	1487.617	728.337	0.128	0.030	0.214	0.405
sub-105_task-EyeTracking_physio	136	2303.667	3003.683	700.016	1589.977	850.315	0.144	0.130	0.315	1.018
sub-105_task-EyeTracking_physio	137	-432.617	-290.948	141.669	1307.670	718.095	0.190	0.087	0.306	0.430
sub-105_task-EyeTracking_physio	137	-274.282	300.736	575.018	1276.270	704.015	0.212	0.103	0.821	0.590
sub-105_task-EyeTracking_physio	137	317.402	859.082	541.680	1301.825	735.935	0.195	0.092	0.459	0.911
sub-105_task-EyeTracking_physio	137	884.081	1125.752	241.671	1350.710	743.330	0.143	0.066	0.409	0.447
sub-105_task-EyeTracking_physio	137	1142.418	1342.428	200.010	1460.025	756.625	0.260	0.097	0.769	0.385
sub-105_task-EyeTracking_physio	137	1367.427	1675.765	308.338	1632.180	781.075	0.183	0.088	0.562	0.541
sub-105_task-EyeTracking_physio	137	2009.109	2209.110	200.001	1525.777	808.020	0.170	0.055	0.192	0.470
sub-105_task-EyeTracking_physio	137	2234.110	2484.118	250.008	1170.900	778.600	0.233	0.112	0.602	0.541
sub-105_task-EyeTracking_physio	137	2517.455	2692.458	175.003	1099.045	739.275	0.165	0.046	0.308	0.353
sub-105_task-EyeTracking_physio	137	2717.458	2959.131	241.673	1080.355	719.785	0.157	0.044	0.317	0.392
sub-105_task-EyeTracking_physio	138	-1303.063	-828.054	475.009	1290.450	682.505	0.159	0.100	0.289	0.966
sub-105_task-EyeTracking_physio	138	-803.049	221.977	1025.026	1286.205	714.400	0.155	0.079	0.373	0.759
sub-105_task-EyeTracking_physio	138	413.645	671.984	258.339	1212.310	818.520	0.158	0.087	0.296	0.721
sub-105_task-EyeTracking_physio	138	688.650	1071.994	383.344	1265.358	784.853	0.188	0.080	0.529	0.534
sub-105_task-EyeTracking_physio	138	1146.998	1405.337	258.339	1559.305	862.220	0.162	0.104	0.390	0.815
sub-105_task-EyeTracking_physio	138	1455.336	1630.339	175.003	1639.990	837.150	0.160	0.033	0.180	0.419
sub-105_task-EyeTracking_physio	138	1672.010	1972.015	300.005	1561.023	501.180	0.101	0.042	0.304	0.351
sub-105_task-EyeTracking_physio	138	2022.015	2188.690	166.675	1445.965	527.865	0.133	0.061	0.330	0.431
sub-105_task-EyeTracking_physio	138	2238.690	2588.699	350.009	1319.855	537.392	0.079	0.028	0.273	0.303
sub-105_task-EyeTracking_physio	138	2630.364	2805.371	175.007	1267.030	541.120	0.086	0.020	0.169	0.235
sub-105_task-EyeTracking_physio	138	2897.038	3022.043	125.005	960.390	994.640	1.019	2.100	1.067	6.093
sub-105_task-EyeTracking_physio	139	-581.064	-356.064	225.000	1263.010	749.770	0.156	0.040	0.176	0.538
sub-105_task-EyeTracking_physio	139	-322.731	343.956	666.687	1281.900	723.530	0.166	0.063	0.298	0.659
sub-105_task-EyeTracking_physio	139	368.956	727.299	358.343	1264.230	804.880	0.146	0.054	0.274	0.746
sub-105_task-EyeTracking_physio	139	752.299	1027.304	275.005	1223.200	863.050	0.140	0.047	0.408	0.340
sub-105_task-EyeTracking_physio	139	1052.304	1310.643	258.339	1020.640	811.180	0.222	0.093	0.702	0.486
sub-105_task-EyeTracking_physio	139	1343.976	1610.648	266.672	956.928	532.190	0.159	0.057	0.371	0.513
sub-105_task-EyeTracking_physio	139	1660.652	1818.990	158.338	1057.705	498.410	0.067	0.013	0.171	0.179
sub-105_task-EyeTracking_physio	139	1860.655	2143.995	283.340	1501.895	537.490	0.199	0.103	0.808	0.590
sub-105_task-EyeTracking_physio	139	2160.662	2360.668	200.006	1625.183	684.605	0.299	0.228	0.879	0.918
sub-105_task-EyeTracking_physio	139	2385.669	2777.342	391.673	1619.645	883.990	0.173	0.080	0.396	0.952
sub-105_task-EyeTracking_physio	139	2802.343	3010.682	208.339	1432.890	869.760	0.234	0.109	0.850	0.391
sub-105_task-EyeTracking_physio	140	-467.335	-183.995	283.340	1294.872	697.630	0.144	0.047	0.441	0.456
sub-105_task-EyeTracking_physio	140	-167.329	399.350	566.679	1285.135	724.712	0.160	0.113	0.406	0.961
sub-105_task-EyeTracking_physio	140	424.355	732.694	308.339	1389.965	825.110	0.197	0.086	0.590	0.663
sub-105_task-EyeTracking_physio	140	774.361	1032.699	258.338	1536.215	950.695	0.121	0.035	0.222	0.406
sub-105_task-EyeTracking_physio	140	1066.033	1282.705	216.672	1621.260	945.325	0.157	0.059	0.606	0.357
sub-105_task-EyeTracking_physio	140	1307.705	1649.382	341.677	1644.090	648.090	0.178	0.050	0.287	0.477
sub-105_task-EyeTracking_physio	140	1666.049	2157.729	491.680	1574.735	597.770	0.193	0.088	0.507	0.833
sub-105_task-EyeTracking_physio	140	2182.727	2499.399	316.672	1361.085	545.848	0.144	0.056	0.340	0.467
sub-105_task-EyeTracking_physio	140	2532.740	2749.407	216.667	1217.120	554.473	0.173	0.066	0.565	0.348
sub-105_task-EyeTracking_physio	140	2766.073	3007.749	241.676	1093.945	649.235	0.144	0.073	0.376	0.591
sub-105_task-EyeTracking_physio	141	-3230.831	-3080.829	150.002	1303.145	934.960	1.852	23.729	5.160	7.044
sub-105_task-EyeTracking_physio	141	-3005.821	-814.106	2191.715	1277.640	751.480	0.152	0.390	0.914	1.422
sub-105_task-EyeTracking_physio	141	-780.770	-672.438	108.332	1344.060	1320.020	NaN	0.000	2.970	2.672
sub-105_task-EyeTracking_physio	141	-605.765	344.255	950.020	1281.780	752.925	0.132	0.081	0.383	0.858
sub-105_task-EyeTracking_physio	141	377.588	719.266	341.678	1055.705	815.340	0.192	0.097	0.842	0.395
sub-105_task-EyeTracking_physio	141	752.598	1085.940	333.342	1045.580	919.168	0.095	0.026	0.228	0.350
sub-105_task-EyeTracking_physio	141	1110.940	1360.948	250.008	1353.038	971.630	0.215	0.084	0.743	0.417
sub-105_task-EyeTracking_physio	141	1410.948	1760.955	350.007	1589.972	978.570	0.111	0.027	0.250	0.302
sub-105_task-EyeTracking_physio	141	1794.288	1969.297	175.009	1672.265	959.305	0.133	0.029	0.452	0.185
sub-105_task-EyeTracking_physio	141	2002.629	2394.305	391.676	1560.565	506.150	0.110	0.026	0.276	0.403
sub-105_task-EyeTracking_physio	141	2460.971	2794.315	333.344	1060.787	545.097	0.100	0.018	0.225	0.267
sub-105_task-EyeTracking_physio	141	2810.981	3002.652	191.671	1061.280	571.535	0.101	0.017	0.152	0.242
sub-105_task-EyeTracking_physio	142	-533.727	-417.055	116.672	1292.662	669.125	0.117	0.043	0.184	0.411
sub-105_task-EyeTracking_physio	142	-408.722	357.966	766.688	1289.130	736.957	0.173	0.096	0.387	0.835
sub-105_task-EyeTracking_physio	142	391.299	632.974	241.675	1225.120	767.060	0.143	0.037	0.226	0.384
sub-105_task-EyeTracking_physio	142	657.974	1107.985	450.011	1154.408	798.895	0.153	0.073	0.397	0.614
sub-105_task-EyeTracking_physio	142	1141.317	1407.992	266.675	1499.385	838.378	0.173	0.066	0.527	0.267
sub-105_task-EyeTracking_physio	142	1441.325	1624.665	183.340	1602.570	849.622	0.188	0.057	0.592	0.289
sub-105_task-EyeTracking_physio	142	1649.665	1858.002	208.337	1672.085	484.190	0.148	0.043	0.243	0.523
sub-105_task-EyeTracking_physio	142	1891.338	2091.342	200.004	1607.060	502.030	0.147	0.072	0.530	0.331
sub-105_task-EyeTracking_physio	142	2124.676	2408.021	283.345	1215.682	529.152	0.165	0.103	0.618	0.415
sub-105_task-EyeTracking_physio	142	2449.686	2741.359	291.673	1122.170	572.960	0.108	0.050	0.452	0.344
sub-105_task-EyeTracking_physio	142	2766.357	3008.033	241.676	1057.860	620.270	0.152	0.072	0.434	0.509
sub-105_task-EyeTracking_physio	143	-1662.598	-1520.926	141.672	1274.220	701.545	0.107	0.029	0.179	0.326
sub-105_task-EyeTracking_physio	143	-1504.260	-979.246	525.014	1286.275	710.655	0.159	0.067	0.310	0.474
sub-105_task-EyeTracking_physio	143	-762.573	262.452	1025.025	1283.360	713.530	0.187	0.174	0.662	1.028
sub-105_task-EyeTracking_physio	143	295.786	545.793	250.007	1189.685	731.227	0.250	0.149	0.564	0.869
sub-105_task-EyeTracking_physio	143	562.460	1212.473	650.013	1011.200	655.540	0.172	0.064	0.477	0.766
sub-105_task-EyeTracking_physio	143	1254.140	1554.146	300.006	1608.835	696.030	0.123	0.047	0.403	0.292
sub-105_task-EyeTracking_physio	143	1587.485	1845.824	258.339	1626.240	814.115	0.192	0.083	0.344	0.865
sub-105_task-EyeTracking_physio	143	1879.156	2145.830	266.674	1622.180	931.460	0.132	0.058	0.280	0.565
sub-105_task-EyeTracking_physio	143	2179.163	2529.172	350.009	1625.950	982.590	0.093	0.025	0.233	0.363
sub-105_task-EyeTracking_physio	143	2654.174	3004.180	350.006	1435.030	967.778	0.132	0.102	0.346	0.573
sub-105_task-EyeTracking_physio	144	-565.561	-290.554	275.007	1281.490	711.345	0.209	0.077	0.303	0.930
sub-105_task-EyeTracking_physio	144	-282.221	342.796	625.017	1286.440	738.835	0.144	0.052	0.271	0.657
sub-105_task-EyeTracking_physio	144	367.795	592.802	225.007	1196.095	811.185	0.164	0.068	0.456	0.490
sub-105_task-EyeTracking_physio	144	626.135	1026.144	400.009	1141.120	883.028	0.155	0.049	0.329	0.590
sub-105_task-EyeTracking_physio	144	1059.477	1309.484	250.007	1199.158	885.920	0.152	0.042	0.244	0.356
sub-105_task-EyeTracking_physio	144	1334.486	1626.160	291.674	1280.795	901.805	0.152	0.053	0.362	0.401
sub-105_task-EyeTracking_physio	144	1667.827	1876.164	208.337	1371.340	893.670	0.121	0.021	0.189	0.269
sub-105_task-EyeTracking_physio	144	1909.497	2417.844	508.347	1445.160	888.315	0.133	0.075	0.608	0.483
sub-105_task-EyeTracking_physio	144	2451.177	2642.853	191.676	1439.455	877.005	0.199	0.069	0.288	0.497
sub-105_task-EyeTracking_physio	144	2676.185	2992.858	316.673	1017.183	793.173	0.209	0.086	0.706	0.524
sub-105_task-EyeTracking_physio	145	-560.228	-218.552	341.676	1278.828	737.277	0.797	2.896	1.308	7.137
sub-105_task-EyeTracking_physio	145	-210.218	381.460	591.678	1293.640	707.480	0.109	0.038	0.310	0.503
sub-105_task-EyeTracking_physio	145	406.465	589.799	183.334	1168.860	732.560	0.165	0.064	0.411	0.423
sub-105_task-EyeTracking_physio	145	631.466	989.810	358.344	1059.060	1040.535	0.122	0.093	0.417	0.786
sub-105_task-EyeTracking_physio	145	1014.809	1231.482	216.673	1388.325	1039.247	0.166	0.096	0.667	0.394
sub-105_task-EyeTracking_physio	145	1273.147	1581.489	308.342	1558.130	1040.445	0.099	0.031	0.326	0.265
sub-105_task-EyeTracking_physio	145	1598.161	1723.162	125.001	1619.795	971.385	0.181	0.064	0.431	0.412
sub-105_task-EyeTracking_physio	145	1764.829	2089.837	325.008	1603.765	521.720	0.133	0.035	0.283	0.443
sub-105_task-EyeTracking_physio	145	2439.843	2756.512	316.669	1247.390	594.680	0.141	0.092	0.296	0.764
sub-105_task-EyeTracking_physio	145	2798.185	3006.526	208.341	1149.585	590.400	0.133	0.110	0.487	0.488
sub-105_task-EyeTracking_physio	146	-563.217	-388.203	175.014	1272.315	680.790	0.776	0.805	4.261	1.946
sub-105_task-EyeTracking_physio	146	-371.536	261.800	633.336	1287.608	713.745	0.183	0.137	0.394	1.032
sub-105_task-EyeTracking_physio	146	286.799	528.473	241.674	1284.130	809.400	0.173	0.043	0.202	0.516
sub-105_task-EyeTracking_physio	146	570.145	1245.161	675.016	1292.685	912.675	0.136	0.065	0.444	0.611
sub-105_task-EyeTracking_physio	146	1261.828	1578.498	316.670	1106.135	887.538	0.148	0.080	0.521	0.445
sub-105_task-EyeTracking_physio	146	1595.165	1828.506	233.341	1032.775	744.717	0.288	0.272	0.863	1.156
sub-105_task-EyeTracking_physio	146	1853.506	2178.516	325.010	1087.740	559.070	0.125	0.062	0.399	0.525
sub-105_task-EyeTracking_physio	146	2195.183	2495.187	300.004	1292.858	556.975	0.198	0.084	0.804	0.430
sub-105_task-EyeTracking_physio	146	2520.195	2811.865	291.670	1518.540	607.415	0.233	0.120	0.750	0.864
sub-105_task-EyeTracking_physio	146	2845.197	3003.534	158.337	1603.165	707.370	0.184	0.068	0.321	0.607
sub-105_task-EyeTracking_physio	147	-499.481	-307.811	191.670	1315.005	737.530	0.135	0.028	0.169	0.288
sub-105_task-EyeTracking_physio	147	-282.809	600.542	883.351	1282.202	733.077	0.148	0.070	0.506	0.584
sub-105_task-EyeTracking_physio	147	608.876	1350.560	741.684	1277.515	753.795	0.146	0.076	0.347	0.770
sub-105_task-EyeTracking_physio	147	1358.893	1808.902	450.009	1282.920	771.775	0.111	0.049	0.268	0.469
sub-105_task-EyeTracking_physio	147	1842.239	2158.911	316.672	1546.477	862.957	0.174	0.089	0.738	0.505
sub-105_task-EyeTracking_physio	147	2192.243	2542.253	350.010	1632.972	887.997	0.127	0.044	0.467	0.407
sub-105_task-EyeTracking_physio	147	2567.254	2767.260	200.006	1690.558	814.297	0.176	0.077	0.415	0.460
sub-105_task-EyeTracking_physio	147	2808.926	3008.936	200.010	1581.293	555.210	0.218	0.081	0.259	0.636
sub-105_task-EyeTracking_physio	148	-2262.198	-2153.861	108.337	1282.610	641.655	0.161	0.039	0.198	0.352
sub-105_task-EyeTracking_physio	148	-2145.528	-1970.522	175.006	1290.915	704.665	0.249	0.050	0.200	0.609
sub-105_task-EyeTracking_physio	148	-1945.523	-820.502	1125.021	1283.795	749.930	0.142	0.095	0.574	0.685
sub-105_task-EyeTracking_physio	148	-562.160	279.530	841.690	1283.990	741.355	0.163	0.287	0.632	1.245
sub-105_task-EyeTracking_physio	148	312.864	587.870	275.006	1011.210	733.930	0.273	0.186	0.803	0.698
sub-105_task-EyeTracking_physio	148	612.869	912.880	300.011	956.717	529.413	0.115	0.039	0.281	0.434
sub-105_task-EyeTracking_physio	148	962.879	1154.550	191.671	1091.350	521.290	0.097	0.031	0.228	0.247
sub-105_task-EyeTracking_physio	148	1187.887	1462.892	275.005	1442.935	598.765	0.186	0.072	0.662	0.400
sub-105_task-EyeTracking_physio	148	1487.892	1762.898	275.006	1512.380	667.430	0.162	0.061	0.385	0.477
sub-105_task-EyeTracking_physio	148	1787.897	2004.571	216.674	1594.845	836.288	0.249	0.114	0.449	0.921
sub-105_task-EyeTracking_physio	148	2054.570	2354.580	300.010	1516.680	935.230	0.110	0.027	0.210	0.345
sub-105_task-EyeTracking_physio	148	2371.246	2621.253	250.007	1389.933	955.237	0.228	0.139	0.784	0.543
sub-105_task-EyeTracking_physio	148	2654.586	2979.591	325.005	1084.510	908.445	0.181	0.048	0.696	0.295
sub-105_task-EyeTracking_physio	149	-715.258	409.769	1125.027	1283.415	738.055	0.154	0.122	0.615	1.067
sub-105_task-EyeTracking_physio	149	434.768	693.109	258.341	1201.080	746.305	0.216	0.106	0.793	0.451
sub-105_task-EyeTracking_physio	149	718.109	1043.119	325.010	936.545	818.975	0.211	0.095	0.632	0.683
sub-105_task-EyeTracking_physio	149	1076.452	1293.121	216.669	982.317	880.653	0.107	0.025	0.178	0.396
sub-105_task-EyeTracking_physio	149	1334.792	2676.491	1341.699	1513.555	948.565	0.129	0.111	0.647	0.882
sub-105_task-EyeTracking_physio	149	2709.823	3009.831	300.008	1466.732	663.055	0.152	0.062	0.337	0.469
sub-105_task-EyeTracking_physio	150	-376.470	-226.468	150.002	1278.780	675.970	0.223	0.094	0.371	0.723
sub-105_task-EyeTracking_physio	150	-218.135	598.550	816.685	1285.210	719.430	0.181	0.102	0.325	0.916
sub-105_task-EyeTracking_physio	150	615.217	948.561	333.344	1122.927	748.348	0.293	0.178	0.798	0.971
sub-105_task-EyeTracking_physio	150	965.227	1723.582	758.355	1050.045	766.370	0.197	0.152	0.864	1.294
sub-105_task-EyeTracking_physio	150	1765.249	2181.921	416.672	1544.840	906.257	0.157	0.054	0.422	0.440
sub-105_task-EyeTracking_physio	150	2223.587	2431.929	208.342	1641.815	826.900	0.128	0.075	0.302	0.471
sub-105_task-EyeTracking_physio	150	2473.595	2681.937	208.342	1677.030	613.995	0.150	0.043	0.260	0.401
sub-105_task-EyeTracking_physio	150	2698.604	3006.942	308.338	1504.340	490.405	0.130	0.191	0.700	0.735
sub-105_task-EyeTracking_physio	151	-696.235	328.791	1025.026	1286.770	718.335	0.586	3.058	2.216	10.467
sub-105_task-EyeTracking_physio	151	345.457	562.131	216.674	1065.450	794.202	0.265	0.137	0.914	0.476
sub-105_task-EyeTracking_physio	151	595.463	1112.145	516.682	1024.117	919.875	0.130	0.091	0.458	0.725
sub-105_task-EyeTracking_physio	151	1128.811	1395.484	266.673	1276.605	940.810	0.138	0.075	0.578	0.425
sub-105_task-EyeTracking_physio	151	1412.150	1695.484	283.334	1514.743	949.658	0.189	0.051	0.867	0.204
sub-105_task-EyeTracking_physio	151	1745.493	2112.165	366.672	1605.712	914.025	0.129	0.034	0.237	0.324
sub-105_task-EyeTracking_physio	151	2278.840	2578.844	300.004	1521.122	476.240	0.129	0.067	0.375	0.430
sub-105_task-EyeTracking_physio	151	2695.514	3003.851	308.337	1063.465	530.165	0.103	0.033	0.206	0.480
sub-105_task-EyeTracking_physio	152	-649.292	-457.623	191.669	1295.305	683.160	0.236	0.121	0.670	0.503
sub-105_task-EyeTracking_physio	152	-440.951	275.731	716.682	1284.663	731.672	0.193	0.099	0.391	0.807
sub-105_task-EyeTracking_physio	152	309.063	475.731	166.668	1343.983	730.577	0.135	0.037	0.175	0.439
sub-105_task-EyeTracking_physio	152	500.735	1059.083	558.348	1415.545	815.305	0.164	0.076	0.530	0.704
sub-105_task-EyeTracking_physio	152	1084.083	1209.083	125.000	1626.410	859.355	0.205	0.078	0.443	0.235
sub-105_task-EyeTracking_physio	152	1242.416	1575.756	333.340	1438.075	863.995	0.232	0.143	1.112	0.528
sub-105_task-EyeTracking_physio	152	1609.089	1834.098	225.009	1382.265	863.850	0.171	0.050	0.181	0.561
sub-105_task-EyeTracking_physio	152	2109.104	2417.442	308.338	1294.945	839.285	0.160	0.085	0.431	0.540
sub-105_task-EyeTracking_physio	152	2450.782	2717.450	266.668	1111.655	632.630	0.133	0.029	0.288	0.326
sub-105_task-EyeTracking_physio	152	2750.784	3009.122	258.338	1082.590	596.135	0.098	0.044	0.240	0.431
sub-105_task-EyeTracking_physio	153	-360.452	-235.449	125.003	1266.820	672.590	0.178	0.079	0.291	0.554
sub-105_task-EyeTracking_physio	153	-218.780	331.234	550.014	1293.168	710.810	0.163	0.100	0.339	0.821
sub-105_task-EyeTracking_physio	153	647.906	1097.920	450.014	1100.590	817.868	0.140	0.065	0.370	0.578
sub-105_task-EyeTracking_physio	153	1147.919	1397.926	250.007	1230.900	808.983	0.146	0.031	0.186	0.456
sub-105_task-EyeTracking_physio	153	1431.259	1672.931	241.672	1396.575	822.980	0.226	0.114	0.757	0.592
sub-105_task-EyeTracking_physio	153	1714.597	1989.604	275.007	1587.820	850.040	0.149	0.093	0.331	0.746
sub-105_task-EyeTracking_physio	153	2031.274	2231.277	200.003	1672.355	849.800	0.114	0.024	0.142	0.336
sub-105_task-EyeTracking_physio	153	2264.615	2597.953	333.338	1565.662	571.325	0.252	0.101	0.366	0.738
sub-105_task-EyeTracking_physio	153	2622.953	2939.628	316.675	1174.020	570.447	0.184	0.073	0.718	0.412
sub-105_task-EyeTracking_physio	154	-480.056	-288.388	191.668	1283.820	683.780	0.224	0.111	0.620	0.587
sub-105_task-EyeTracking_physio	154	-271.717	311.628	583.345	1286.875	736.075	0.148	0.056	0.257	0.656
sub-105_task-EyeTracking_physio	154	344.961	661.638	316.677	1027.878	866.003	0.186	0.082	0.738	0.462
sub-105_task-EyeTracking_physio	154	686.638	1036.649	350.011	968.705	896.513	0.137	0.038	0.410	0.372
sub-105_task-EyeTracking_physio	154	1094.981	1486.655	391.674	1372.755	928.410	0.128	0.041	0.258	0.347
sub-105_task-EyeTracking_physio	154	1528.322	1778.329	250.007	1518.320	485.397	0.122	0.042	0.263	0.445
sub-105_task-EyeTracking_physio	154	1803.329	2061.668	258.339	1423.655	501.830	0.160	0.044	0.587	0.285
sub-105_task-EyeTracking_physio	154	2103.339	2545.016	441.677	1354.455	511.925	0.103	0.058	0.321	0.463
sub-105_task-EyeTracking_physio	154	2578.349	3003.357	425.008	1056.945	528.890	0.123	0.072	0.653	0.412
sub-105_task-EyeTracking_physio	155	-124.444	442.235	566.679	1291.918	715.420	0.207	0.091	0.673	0.739
sub-105_task-EyeTracking_physio	155	467.238	692.243	225.005	1193.525	827.910	0.223	0.143	0.661	0.744
sub-105_task-EyeTracking_physio	155	742.245	1125.589	383.344	1081.577	933.040	0.085	0.021	0.265	0.235
sub-105_task-EyeTracking_physio	155	1150.589	1575.602	425.013	1093.860	865.225	0.116	0.032	0.306	0.318
sub-105_task-EyeTracking_physio	155	1592.268	2025.607	433.339	1134.468	859.243	0.148	0.042	0.344	0.490
sub-105_task-EyeTracking_physio	155	2075.612	2342.286	266.674	1284.915	830.765	0.108	0.020	0.200	0.302
sub-105_task-EyeTracking_physio	155	2367.286	2725.628	358.342	1529.305	833.775	0.170	0.070	0.694	0.476
sub-105_task-EyeTracking_physio	155	2750.627	3008.967	258.340	1637.345	814.485	0.186	0.057	0.441	0.460
sub-105_task-EyeTracking_physio	156	-444.005	-235.670	208.335	1311.075	696.910	0.237	0.123	1.031	0.350
sub-105_task-EyeTracking_physio	156	-135.666	264.343	400.009	1277.232	708.233	0.183	0.141	0.343	0.991
sub-105_task-EyeTracking_physio	156	306.010	547.682	241.672	1232.190	681.055	0.111	0.025	0.182	0.271
sub-105_task-EyeTracking_physio	156	572.682	847.685	275.003	1149.315	694.820	0.222	0.088	0.708	0.528
sub-105_task-EyeTracking_physio	156	881.025	1214.365	333.340	1105.700	774.308	0.293	0.146	0.489	0.943
sub-105_task-EyeTracking_physio	156	1239.365	1506.037	266.672	1191.190	827.865	0.195	0.069	0.755	0.422
sub-105_task-EyeTracking_physio	156	1539.373	1814.380	275.007	1567.970	930.515	0.176	0.078	0.562	0.409
sub-105_task-EyeTracking_physio	156	1856.046	2197.723	341.677	1680.105	958.110	0.126	0.036	0.259	0.262
sub-105_task-EyeTracking_physio	156	2239.390	2514.395	275.005	1458.825	451.675	0.129	0.046	0.414	0.365
sub-105_task-EyeTracking_physio	156	2556.061	2764.401	208.340	1393.575	491.355	0.120	0.035	0.229	0.372
sub-105_task-EyeTracking_physio	156	2781.067	3006.074	225.007	1274.900	513.820	0.241	0.086	0.868	0.344
sub-105_task-EyeTracking_physio	157	-246.851	328.161	575.012	1281.040	732.650	0.156	0.077	0.194	0.991
sub-105_task-EyeTracking_physio	157	361.494	611.499	250.005	1179.722	775.612	0.157	0.060	0.327	0.540
sub-105_task-EyeTracking_physio	157	628.166	1044.842	416.676	1108.735	959.045	0.159	0.057	0.412	0.573
sub-105_task-EyeTracking_physio	157	1086.512	1394.851	308.339	1052.240	497.190	0.106	0.025	0.202	0.274
sub-105_task-EyeTracking_physio	157	1419.851	1644.859	225.008	1260.360	537.865	0.198	0.107	0.916	0.368
sub-105_task-EyeTracking_physio	157	1669.859	1911.529	241.670	1371.010	665.990	0.228	0.090	0.884	0.503
sub-105_task-EyeTracking_physio	157	1944.862	2494.875	550.013	1590.400	749.645	0.184	0.063	0.619	0.971
sub-105_task-EyeTracking_physio	157	2511.547	2886.552	375.005	1615.025	802.505	0.197	0.101	0.453	0.809
sub-105_task-EyeTracking_physio	158	-257.977	250.369	508.346	1277.290	712.225	0.184	0.080	0.522	0.599
sub-105_task-EyeTracking_physio	158	267.036	375.374	108.338	1275.615	1059.310	3.936	2.086	1.937	3.575
sub-105_task-EyeTracking_physio	158	442.043	833.718	391.675	1265.815	766.715	0.154	0.106	0.282	0.829
sub-105_task-EyeTracking_physio	158	858.718	1225.395	366.677	975.757	736.178	0.155	0.085	0.402	0.618
sub-105_task-EyeTracking_physio	158	1258.727	1492.068	233.341	1106.202	778.155	0.209	0.121	0.590	0.607
sub-105_task-EyeTracking_physio	158	1525.401	1742.074	216.673	1412.550	798.905	0.210	0.084	0.742	0.451
sub-105_task-EyeTracking_physio	158	1767.073	2075.413	308.340	1577.395	799.435	0.174	0.092	0.720	0.543
sub-105_task-EyeTracking_physio	158	2100.412	2375.425	275.013	1583.860	692.080	0.162	0.046	0.255	0.548
sub-105_task-EyeTracking_physio	158	2400.425	2725.431	325.006	1435.805	583.660	0.100	0.053	0.398	0.335
sub-105_task-EyeTracking_physio	158	2750.431	3025.435	275.004	1349.540	562.795	0.155	0.057	0.550	0.395
sub-105_task-EyeTracking_physio	159	-294.089	-135.746	158.343	1304.470	671.515	1.303	7.394	1.208	7.843
sub-105_task-EyeTracking_physio	159	-110.750	297.595	408.345	1299.915	699.665	0.167	0.094	0.259	0.869
sub-105_task-EyeTracking_physio	159	347.593	530.930	183.337	1198.402	735.452	0.153	0.048	0.205	0.557
sub-105_task-EyeTracking_physio	159	547.600	780.937	233.337	1086.190	768.077	0.297	0.179	0.806	0.624
sub-105_task-EyeTracking_physio	159	797.603	1097.612	300.009	1013.618	802.217	0.247	0.132	0.796	0.636
sub-105_task-EyeTracking_physio	159	1139.278	1347.619	208.341	1010.595	519.495	0.125	0.064	0.362	0.372
sub-105_task-EyeTracking_physio	159	1372.619	1697.625	325.006	1238.465	502.720	0.120	0.049	0.594	0.267
sub-105_task-EyeTracking_physio	159	1730.963	2005.969	275.006	1465.525	530.625	0.139	0.070	0.622	0.443
sub-105_task-EyeTracking_physio	159	2089.301	2439.310	350.009	1565.863	829.590	0.823	1.179	1.151	4.545
sub-105_task-EyeTracking_physio	159	2639.317	3005.990	366.673	1256.818	772.472	0.561	0.957	2.086	2.825
sub-105_task-EyeTracking_physio	160	-1030.816	277.548	1308.364	1289.750	701.810	0.164	0.204	0.548	1.246
sub-105_task-EyeTracking_physio	160	310.880	927.562	616.682	1056.382	667.325	0.144	0.057	0.512	0.480
sub-105_task-EyeTracking_physio	160	960.896	1152.569	191.673	1337.985	687.725	0.189	0.078	0.636	0.419
sub-105_task-EyeTracking_physio	160	1185.902	1477.575	291.673	1581.605	724.755	0.154	0.059	0.443	0.370
sub-105_task-EyeTracking_physio	160	1502.574	1727.581	225.007	1652.870	835.905	0.182	0.095	0.361	0.766
sub-105_task-EyeTracking_physio	160	1760.913	1960.922	200.009	1616.862	926.653	0.158	0.049	0.303	0.418
sub-105_task-EyeTracking_physio	160	1985.922	2194.260	208.338	1310.915	938.230	0.196	0.083	0.677	0.340
sub-105_task-EyeTracking_physio	160	2227.594	2494.267	266.673	1213.640	973.320	0.131	0.045	0.458	0.292
sub-105_task-EyeTracking_physio	160	2527.599	2827.610	300.011	1035.265	652.373	0.141	0.091	0.404	0.535
sub-105_task-EyeTracking_physio	160	2877.609	3002.613	125.004	1119.795	610.675	0.082	0.018	0.158	0.181
sub-105_task-EyeTracking_physio	161	-1242.734	407.305	1650.039	1285.970	692.375	0.166	0.099	0.569	0.918
sub-105_task-EyeTracking_physio	161	457.305	840.648	383.343	1035.037	631.790	0.109	0.040	0.316	0.488
sub-105_task-EyeTracking_physio	161	873.982	1157.320	283.338	1066.193	589.942	0.118	0.065	0.362	0.360
sub-105_task-EyeTracking_physio	161	1173.991	1465.663	291.672	1220.095	606.555	0.149	0.089	0.825	0.411
sub-105_task-EyeTracking_physio	161	1624.001	1890.673	266.672	1439.695	679.853	0.178	0.091	0.202	1.201
sub-105_task-EyeTracking_physio	161	1915.672	2174.013	258.341	1506.605	790.885	0.179	0.068	0.546	0.489
sub-105_task-EyeTracking_physio	161	2207.347	2732.358	525.011	1494.695	873.090	0.133	0.052	0.350	0.654
sub-105_task-EyeTracking_physio	161	2790.696	3024.036	233.340	1300.027	792.822	0.179	0.138	0.308	1.147
sub-105_task-EyeTracking_physio	162	-320.579	279.431	600.010	1287.810	710.808	0.184	0.089	0.326	0.863
sub-105_task-EyeTracking_physio	162	296.097	546.107	250.010	1218.572	772.763	0.206	0.147	0.733	0.696
sub-105_task-EyeTracking_physio	162	587.775	979.454	391.679	1087.055	908.950	0.124	0.052	0.409	0.499
sub-105_task-EyeTracking_physio	162	1012.786	1171.122	158.336	1024.215	842.890	0.138	0.047	0.258	0.424
sub-105_task-EyeTracking_physio	162	1204.456	1579.463	375.007	1015.585	525.795	0.117	0.029	0.242	0.458
sub-105_task-EyeTracking_physio	162	1621.134	1879.474	258.340	1149.305	524.945	0.092	0.029	0.266	0.309
sub-105_task-EyeTracking_physio	162	1904.474	2396.148	491.674	1480.130	563.385	0.205	0.111	0.681	0.643
sub-105_task-EyeTracking_physio	162	2454.485	2729.491	275.006	1548.665	691.930	0.080	0.017	0.185	0.247
sub-105_task-EyeTracking_physio	162	2754.491	3004.497	250.006	1582.800	777.200	0.215	0.160	0.585	0.910
sub-105_task-EyeTracking_physio	163	-565.278	-356.936	208.342	1307.765	725.300	0.230	0.147	0.559	0.963
sub-105_task-EyeTracking_physio	163	-331.937	1193.098	1525.035	1274.890	741.290	0.160	0.182	0.568	1.470
sub-105_task-EyeTracking_physio	163	1251.430	1601.441	350.011	1258.955	892.513	0.100	0.020	0.181	0.327
sub-105_task-EyeTracking_physio	163	1659.774	2009.782	350.008	1218.507	945.415	0.102	0.020	0.229	0.226
sub-105_task-EyeTracking_physio	163	2034.781	3009.802	975.021	1161.225	938.300	0.108	0.043	0.374	0.361
sub-105_task-EyeTracking_physio	164	-1127.064	-827.057	300.007	1289.533	754.482	0.119	0.066	0.394	0.523
sub-105_task-EyeTracking_physio	164	-668.720	-535.381	133.339	1274.160	703.602	0.258	0.137	0.719	0.452
sub-105_task-EyeTracking_physio	164	-510.380	364.638	875.018	1291.465	749.320	0.187	0.082	0.489	0.792
sub-105_task-EyeTracking_physio	164	397.975	897.986	500.011	1027.903	822.525	0.219	0.329	0.891	1.832
sub-105_task-EyeTracking_physio	164	931.320	1122.989	191.669	1225.500	674.910	0.182	0.108	0.505	0.503
sub-105_task-EyeTracking_physio	164	1156.326	1614.668	458.342	1556.445	754.325	0.166	0.076	0.749	0.481
sub-105_task-EyeTracking_physio	164	1648.001	1881.341	233.340	1553.403	534.722	0.120	0.034	0.266	0.254
sub-105_task-EyeTracking_physio	164	1914.674	2298.017	383.343	1091.730	538.062	0.118	0.049	0.416	0.399
sub-105_task-EyeTracking_physio	164	2314.683	2748.030	433.347	1228.430	563.897	0.202	0.090	1.077	0.395
sub-105_task-EyeTracking_physio	164	2773.029	2956.365	183.336	1378.150	627.875	0.197	0.098	0.636	0.351
sub-105_task-EyeTracking_physio	165	-179.731	495.286	675.017	1284.990	730.895	0.214	0.076	0.297	0.702
sub-105_task-EyeTracking_physio	165	520.285	845.295	325.010	1051.725	808.165	0.219	0.125	0.783	0.610
sub-105_task-EyeTracking_physio	165	878.627	1145.304	266.677	1006.660	485.282	0.130	0.051	0.385	0.446
sub-105_task-EyeTracking_physio	165	1195.303	1411.978	216.675	1110.132	489.947	0.094	0.033	0.217	0.378
sub-105_task-EyeTracking_physio	165	1603.647	2220.330	616.683	1516.148	1058.628	0.110	0.058	0.309	0.531
sub-105_task-EyeTracking_physio	165	2245.329	2512.001	266.672	1363.670	852.095	0.167	0.060	0.374	0.471
sub-105_task-EyeTracking_physio	165	2528.668	2878.677	350.009	1438.378	833.085	0.217	0.113	0.642	0.728
sub-105_task-EyeTracking_physio	166	-1249.970	-1108.302	141.668	1303.675	729.425	0.211	0.062	0.205	0.682
sub-105_task-EyeTracking_physio	166	-1099.970	-783.291	316.679	1282.812	706.570	0.274	0.117	0.505	0.815
sub-105_task-EyeTracking_physio	166	-591.622	508.406	1100.028	1290.867	730.865	0.179	0.225	0.574	1.231
sub-105_task-EyeTracking_physio	166	533.406	916.748	383.342	1076.617	764.767	0.240	0.137	0.551	0.859
sub-105_task-EyeTracking_physio	166	941.748	1175.085	233.337	1239.148	853.275	0.213	0.078	0.676	0.579
sub-105_task-EyeTracking_physio	166	1208.418	1500.093	291.675	1404.375	903.675	0.153	0.079	0.576	0.462
sub-105_task-EyeTracking_physio	166	1533.430	1941.774	408.344	1583.795	931.175	0.173	0.068	0.859	0.312
sub-105_task-EyeTracking_physio	166	1975.106	2350.117	375.011	1619.560	620.105	0.178	0.071	0.289	0.680
sub-105_task-EyeTracking_physio	166	2383.449	2675.121	291.672	1501.300	627.615	0.288	0.176	0.832	0.798
sub-105_task-EyeTracking_physio	166	2725.126	2900.128	175.002	1404.530	650.850	0.122	0.025	0.198	0.277
sub-105_task-EyeTracking_physio	167	-577.962	-452.960	125.002	1282.875	676.705	0.147	0.041	0.146	0.488
sub-105_task-EyeTracking_physio	167	-436.293	488.730	925.023	1288.290	735.960	0.189	0.086	0.279	0.852
sub-105_task-EyeTracking_physio	167	547.062	1030.408	483.346	1188.993	1043.203	0.115	0.029	0.278	0.389
sub-105_task-EyeTracking_physio	167	1072.075	1497.083	425.008	1125.215	586.155	0.134	0.035	0.265	0.411
sub-105_task-EyeTracking_physio	167	1513.754	1755.423	241.669	1232.930	579.135	0.229	0.077	0.800	0.353
sub-105_task-EyeTracking_physio	167	1780.426	2113.765	333.339	1393.408	637.287	0.198	0.080	0.804	0.418
sub-105_task-EyeTracking_physio	167	2138.765	2597.111	458.346	1506.815	717.730	0.169	0.072	0.502	0.618
sub-105_task-EyeTracking_physio	167	2622.111	2913.785	291.674	1507.050	823.130	0.151	0.049	0.232	0.648
sub-105_task-EyeTracking_physio	168	-814.491	-672.820	141.671	1320.895	738.000	0.203	0.064	0.316	0.437
sub-105_task-EyeTracking_physio	168	-656.153	268.870	925.023	1285.225	716.520	0.194	0.155	0.711	1.294
sub-105_task-EyeTracking_physio	168	360.538	543.876	183.338	1234.000	812.763	0.177	0.055	0.236	0.526
sub-105_task-EyeTracking_physio	168	560.542	860.549	300.007	1103.322	829.332	0.169	0.095	0.530	0.620
sub-105_task-EyeTracking_physio	168	877.219	1068.890	191.671	1057.635	739.480	0.192	0.072	0.228	0.766
sub-105_task-EyeTracking_physio	168	1102.223	1343.898	241.675	1255.565	537.285	0.162	0.046	0.311	0.452
sub-105_task-EyeTracking_physio	168	1360.564	1727.240	366.676	1490.997	537.433	0.163	0.119	0.716	0.512
sub-105_task-EyeTracking_physio	168	1743.907	1985.579	241.672	1560.200	642.585	0.322	0.172	0.483	1.111
sub-105_task-EyeTracking_physio	168	2010.580	2243.920	233.340	1621.225	757.327	0.177	0.058	0.283	0.615
sub-105_task-EyeTracking_physio	168	2268.920	2602.266	333.346	1606.952	826.710	0.181	0.048	0.336	0.568
sub-105_task-EyeTracking_physio	168	2627.265	2927.272	300.007	1522.340	843.740	0.212	0.092	0.781	0.437
sub-105_task-EyeTracking_physio	169	-492.420	415.930	908.350	1288.700	715.000	0.195	0.080	0.634	0.695
sub-105_task-EyeTracking_physio	169	440.935	665.936	225.001	1100.175	678.510	0.197	0.090	0.615	0.479
sub-105_task-EyeTracking_physio	169	690.941	932.612	241.671	1012.475	586.035	0.148	0.045	0.399	0.323
sub-105_task-EyeTracking_physio	169	957.614	1165.949	208.335	1085.990	551.940	0.110	0.044	0.400	0.254
sub-105_task-EyeTracking_physio	169	1199.282	1515.958	316.676	1389.222	566.275	0.220	0.131	0.774	0.499
sub-105_task-EyeTracking_physio	169	1599.295	1915.969	316.674	1454.360	733.942	0.154	0.055	0.303	0.482
sub-105_task-EyeTracking_physio	169	1940.969	2265.977	325.008	1439.130	817.915	0.140	0.036	0.209	0.482
sub-105_task-EyeTracking_physio	169	2307.644	2582.650	275.006	1297.345	865.400	0.139	0.042	0.345	0.403
sub-105_task-EyeTracking_physio	169	2615.982	2915.994	300.012	1063.425	917.207	0.169	0.065	0.596	0.365
sub-105_task-EyeTracking_physio	170	-386.984	279.698	666.682	1292.507	723.692	0.200	0.220	0.573	0.971
sub-105_task-EyeTracking_physio	170	296.370	579.708	283.338	1217.733	761.950	0.244	0.172	0.715	0.799
sub-105_task-EyeTracking_physio	170	621.374	896.380	275.006	1156.660	784.235	0.202	0.066	0.418	0.577
sub-105_task-EyeTracking_physio	170	921.380	1071.383	150.003	1077.812	774.695	0.181	0.068	0.351	0.486
sub-105_task-EyeTracking_physio	170	1121.386	1313.055	191.669	1280.165	459.005	0.096	0.021	0.154	0.303
sub-105_task-EyeTracking_physio	170	1329.721	1529.728	200.007	1399.908	489.662	0.195	0.075	0.737	0.353
sub-105_task-EyeTracking_physio	170	1563.062	1846.400	283.338	1504.477	552.335	0.186	0.093	0.687	0.556
sub-105_task-EyeTracking_physio	170	1879.738	2246.410	366.672	1582.375	605.928	0.226	0.117	0.569	0.746
sub-105_task-EyeTracking_physio	170	2263.081	2563.087	300.006	1616.988	675.793	0.285	0.147	0.677	1.066
sub-105_task-EyeTracking_physio	170	2579.753	3004.761	425.008	1626.745	786.965	0.169	0.062	0.291	0.668
sub-105_task-EyeTracking_physio	171	-514.928	-389.923	125.005	1303.390	762.275	0.114	0.024	0.166	0.330
sub-105_task-EyeTracking_physio	171	-373.255	476.760	850.015	1285.092	730.138	0.164	0.073	0.481	0.541
sub-105_task-EyeTracking_physio	171	493.431	760.105	266.674	1254.295	908.528	0.123	0.044	0.222	0.767
sub-105_task-EyeTracking_physio	171	785.104	1026.779	241.675	1373.460	959.625	0.208	0.082	0.850	0.425
sub-105_task-EyeTracking_physio	171	1043.446	1276.782	233.336	1559.892	957.680	0.189	0.053	0.727	0.238
sub-105_task-EyeTracking_physio	171	1301.782	1543.460	241.678	1650.065	930.550	0.119	0.067	0.531	0.406
sub-105_task-EyeTracking_physio	171	1585.127	1901.795	316.668	1579.885	597.015	0.136	0.052	0.384	0.323
sub-105_task-EyeTracking_physio	171	1935.132	2326.810	391.678	1144.150	584.315	0.151	0.100	0.628	0.518
sub-105_task-EyeTracking_physio	171	2343.476	2610.149	266.673	1141.925	686.548	0.157	0.040	0.222	0.371
sub-105_task-EyeTracking_physio	171	2643.481	2893.485	250.004	1232.418	777.577	0.229	0.149	0.548	0.852
sub-105_task-EyeTracking_physio	172	-426.157	-234.487	191.670	1282.675	689.795	0.186	0.058	0.175	0.618
sub-105_task-EyeTracking_physio	172	-217.821	382.197	600.018	1293.875	714.245	0.175	0.078	0.319	0.721
sub-105_task-EyeTracking_physio	172	423.864	873.870	450.006	1210.878	987.705	0.114	0.042	0.188	0.569
sub-105_task-EyeTracking_physio	172	898.874	1215.546	316.672	1082.615	919.815	0.110	0.032	0.389	0.312
sub-105_task-EyeTracking_physio	172	1257.213	1515.553	258.340	1201.085	479.680	0.108	0.034	0.369	0.196
sub-105_task-EyeTracking_physio	172	1532.233	1773.892	241.659	1401.040	537.190	0.186	0.078	0.689	0.324
sub-105_task-EyeTracking_physio	172	1807.229	2115.568	308.339	1603.075	714.335	0.188	0.066	0.439	0.605
sub-105_task-EyeTracking_physio	172	2140.567	2515.579	375.012	1617.200	790.690	0.177	0.060	0.259	0.607
sub-105_task-EyeTracking_physio	172	2532.246	2865.588	333.342	1592.832	863.048	0.226	0.061	0.350	0.715
sub-105_task-EyeTracking_physio	173	-762.661	-437.657	325.004	1309.970	734.460	0.217	0.187	0.474	1.234
sub-105_task-EyeTracking_physio	173	-404.325	229.024	633.349	1277.570	738.375	0.183	0.070	0.336	0.664
sub-105_task-EyeTracking_physio	173	254.023	462.361	208.338	1269.150	805.300	0.109	0.025	0.168	0.323
sub-105_task-EyeTracking_physio	173	487.361	662.363	175.002	1327.660	894.340	0.138	0.047	0.221	0.458
sub-105_task-EyeTracking_physio	173	679.036	1012.371	333.335	1534.753	969.018	0.164	0.069	0.687	0.457
sub-105_task-EyeTracking_physio	173	1045.704	1295.711	250.007	1627.023	681.530	0.138	0.063	0.256	0.593
sub-105_task-EyeTracking_physio	173	1320.711	1595.720	275.009	1553.485	680.780	0.139	0.039	0.450	0.351
sub-105_task-EyeTracking_physio	173	1629.053	1879.058	250.005	1467.688	672.712	0.268	0.154	0.706	0.708
sub-105_task-EyeTracking_physio	173	1945.723	2245.729	300.006	1172.293	589.555	0.098	0.027	0.252	0.339
sub-105_task-EyeTracking_physio	173	2404.076	2762.405	358.329	1086.250	756.230	0.772	0.461	0.391	4.484
sub-105_task-EyeTracking_physio	173	2787.410	3004.077	216.667	1077.622	932.337	0.164	0.059	0.153	0.845
sub-105_task-EyeTracking_physio	174	-332.139	-207.140	124.999	1280.210	756.500	0.199	0.032	0.142	0.332
sub-105_task-EyeTracking_physio	174	-190.473	492.877	683.350	1292.848	702.742	0.149	0.045	0.373	0.526
sub-105_task-EyeTracking_physio	174	567.880	876.218	308.338	1391.685	887.495	0.189	0.311	0.657	1.315
sub-105_task-EyeTracking_physio	174	926.222	1142.891	216.669	1519.648	880.550	0.143	0.037	0.185	0.416
sub-105_task-EyeTracking_physio	174	1159.558	1376.232	216.674	1624.405	821.638	0.213	0.094	0.624	0.439
sub-105_task-EyeTracking_physio	174	1401.233	1776.239	375.006	1610.945	508.410	0.107	0.037	0.264	0.452
sub-105_task-EyeTracking_physio	174	1826.238	1976.247	150.009	1484.200	525.278	0.093	0.024	0.318	0.215
sub-105_task-EyeTracking_physio	174	2017.913	2259.585	241.672	1199.260	703.145	0.178	0.118	0.488	0.799
sub-105_task-EyeTracking_physio	174	2276.252	2526.258	250.006	1101.138	805.342	0.269	0.122	0.567	0.696
sub-105_task-EyeTracking_physio	174	2567.924	2851.267	283.343	1056.905	876.075	0.127	0.056	0.430	0.413
sub-105_task-EyeTracking_physio	174	2901.269	3009.600	108.331	1035.455	937.155	0.091	0.020	0.173	0.229
sub-105_task-EyeTracking_physio	175	-443.376	-318.373	125.003	1254.640	726.455	0.134	0.021	0.138	0.334
sub-105_task-EyeTracking_physio	175	-276.707	189.970	466.677	1286.463	710.990	0.141	0.047	0.259	0.423
sub-105_task-EyeTracking_physio	175	448.312	664.987	216.675	1255.373	789.430	0.195	0.104	0.288	0.827
sub-105_task-EyeTracking_physio	175	706.652	948.327	241.675	1315.940	803.665	0.123	0.044	0.215	0.502
sub-105_task-EyeTracking_physio	175	973.327	1281.665	308.338	1591.730	842.360	0.213	0.154	0.823	0.745
sub-105_task-EyeTracking_physio	175	1298.331	1998.349	700.018	1537.625	603.115	0.673	6.829	2.969	4.900
sub-105_task-EyeTracking_physio	175	2056.683	2281.689	225.006	1209.075	559.805	0.088	0.017	0.168	0.197
sub-105_task-EyeTracking_physio	175	2331.688	2648.367	316.679	1032.275	620.383	0.115	0.032	0.313	0.333
sub-105_task-EyeTracking_physio	175	2665.034	2948.371	283.337	1147.237	801.740	0.254	0.129	0.486	0.959
sub-105_task-EyeTracking_physio	176	-404.623	562.072	966.695	1288.980	704.150	0.166	0.088	0.472	0.756
sub-105_task-EyeTracking_physio	176	587.071	795.411	208.340	1337.630	727.955	0.184	0.080	0.442	0.430
sub-105_task-EyeTracking_physio	176	828.745	1128.751	300.006	1506.717	805.095	0.171	0.089	0.542	0.583
sub-105_task-EyeTracking_physio	176	1153.750	1562.096	408.346	1565.290	919.410	0.156	0.063	0.623	0.571
sub-105_task-EyeTracking_physio	176	1628.762	1912.103	283.341	1102.133	1018.075	0.156	0.158	0.872	0.492
sub-105_task-EyeTracking_physio	176	1953.770	2278.780	325.010	1052.795	1014.010	0.103	0.025	0.268	0.299
sub-105_task-EyeTracking_physio	176	2320.445	2678.790	358.345	1033.355	521.600	0.093	0.043	0.266	0.413
sub-105_task-EyeTracking_physio	176	2712.122	2962.127	250.005	1367.278	526.415	0.123	0.046	0.516	0.273
sub-105_task-EyeTracking_physio	177	-299.085	-140.746	158.339	1298.855	661.575	0.181	0.104	0.468	0.593
sub-105_task-EyeTracking_physio	177	-132.413	259.263	391.676	1292.540	696.785	0.142	0.040	0.320	0.398
sub-105_task-EyeTracking_physio	177	292.596	575.935	283.339	1365.230	686.648	0.153	0.052	0.326	0.467
sub-105_task-EyeTracking_physio	177	600.935	775.942	175.007	1457.295	707.870	0.249	0.132	0.500	0.637
sub-105_task-EyeTracking_physio	177	800.941	1109.280	308.339	1589.400	834.575	0.125	0.052	0.265	0.552
sub-105_task-EyeTracking_physio	177	1142.613	1309.287	166.674	1611.525	924.865	0.179	0.047	0.208	0.450
sub-105_task-EyeTracking_physio	177	1417.623	2125.972	708.349	1186.440	855.800	0.163	0.128	0.458	0.943
sub-105_task-EyeTracking_physio	177	2142.639	2525.979	383.340	1289.040	758.317	0.229	0.158	0.469	1.284
sub-105_task-EyeTracking_physio	177	2559.311	2775.987	216.676	1457.628	738.880	0.089	0.049	0.300	0.433
sub-105_task-EyeTracking_physio	177	2825.988	3009.329	183.341	1576.635	721.985	0.081	0.022	0.271	0.209
sub-105_task-EyeTracking_physio	178	-610.453	-435.450	175.003	1277.505	718.230	0.122	0.030	0.253	0.344
sub-105_task-EyeTracking_physio	178	-418.783	231.238	650.021	1273.662	740.608	0.143	0.072	0.298	0.641
sub-105_task-EyeTracking_physio	178	247.905	356.238	108.333	1243.410	831.955	0.201	0.094	0.323	0.685
sub-105_task-EyeTracking_physio	178	414.573	1081.252	666.679	1167.787	1006.435	0.107	0.042	0.328	0.395
sub-105_task-EyeTracking_physio	178	1114.586	1406.266	291.680	1484.245	943.510	0.165	0.053	0.658	0.298
sub-105_task-EyeTracking_physio	178	1447.932	1781.276	333.344	1569.250	615.048	0.168	0.048	0.264	0.422
sub-105_task-EyeTracking_physio	178	1797.943	2064.614	266.671	1532.418	599.062	0.222	0.056	0.780	0.464
sub-105_task-EyeTracking_physio	178	2122.948	2497.957	375.009	1201.750	572.350	0.136	0.030	0.191	0.378
sub-105_task-EyeTracking_physio	178	2522.957	3006.304	483.347	1127.827	575.420	0.141	0.074	0.482	0.383
sub-105_task-EyeTracking_physio	179	-663.516	-505.179	158.337	1292.680	684.425	0.188	0.039	0.184	0.504
sub-105_task-EyeTracking_physio	179	-488.513	-313.508	175.005	1299.645	717.550	0.254	0.067	0.218	0.579
sub-105_task-EyeTracking_physio	179	-130.169	328.173	458.342	1294.090	740.300	0.248	0.216	0.542	2.325
sub-105_task-EyeTracking_physio	179	353.174	536.517	183.343	1372.180	718.062	0.196	0.118	0.540	0.648
sub-105_task-EyeTracking_physio	179	569.848	1028.191	458.343	1644.365	840.300	0.190	0.100	0.747	0.713
sub-105_task-EyeTracking_physio	179	1044.863	1369.870	325.007	1469.710	892.085	0.169	0.088	0.598	0.481
sub-105_task-EyeTracking_physio	179	1386.537	1586.544	200.007	1393.618	908.580	0.359	0.177	1.279	0.526
sub-105_task-EyeTracking_physio	179	1611.544	2003.219	391.675	1209.775	894.340	0.143	0.052	0.603	0.336
sub-105_task-EyeTracking_physio	179	2028.220	2236.561	208.341	1118.180	812.620	0.276	0.121	0.511	0.701
sub-105_task-EyeTracking_physio	179	2278.226	2519.899	241.673	1046.065	532.005	0.096	0.049	0.379	0.321
sub-105_task-EyeTracking_physio	179	2553.232	2869.909	316.677	1450.285	513.607	0.147	0.063	0.781	0.331
sub-105_task-EyeTracking_physio	180	-124.603	8.725	133.328	1291.720	722.738	0.196	0.048	0.152	0.469
sub-105_task-EyeTracking_physio	180	25.391	325.397	300.006	1295.220	689.660	0.209	0.113	0.389	0.744
sub-105_task-EyeTracking_physio	180	342.063	642.068	300.005	1272.795	793.015	0.172	0.050	0.307	0.637
sub-105_task-EyeTracking_physio	180	700.407	883.743	183.336	1403.180	860.652	0.152	0.056	0.252	0.485
sub-105_task-EyeTracking_physio	180	925.412	1292.085	366.673	1520.982	846.138	0.132	0.033	0.275	0.423
sub-105_task-EyeTracking_physio	180	1325.421	1550.428	225.007	1487.370	696.485	0.157	0.058	0.185	0.690
sub-105_task-EyeTracking_physio	180	1575.428	1842.101	266.673	1268.382	646.400	0.186	0.084	0.551	0.615
sub-105_task-EyeTracking_physio	180	1867.101	2225.440	358.339	1030.275	641.920	0.174	0.070	0.715	0.358
sub-105_task-EyeTracking_physio	180	2250.444	2642.118	391.674	985.830	670.255	0.124	0.054	0.365	0.467
sub-105_task-EyeTracking_physio	180	2675.451	2942.127	266.676	1066.178	854.410	0.189	0.061	0.299	0.830
sub-105_task-EyeTracking_physio	181	-1528.407	246.639	1775.046	1293.055	727.015	0.135	0.314	0.539	1.423
sub-105_task-EyeTracking_physio	181	279.972	454.974	175.002	1335.815	784.410	0.193	0.062	0.288	0.619
sub-105_task-EyeTracking_physio	181	479.979	713.314	233.335	1488.720	829.270	0.245	0.095	0.757	0.367
sub-105_task-EyeTracking_physio	181	738.314	963.323	225.009	1605.525	828.280	0.188	0.091	0.470	0.475
sub-105_task-EyeTracking_physio	181	979.989	1213.330	233.341	1629.065	700.785	0.264	0.069	0.190	1.007
sub-105_task-EyeTracking_physio	181	1238.330	1496.667	258.337	1607.055	654.420	0.145	0.047	0.279	0.446
sub-105_task-EyeTracking_physio	181	1538.339	1813.344	275.005	1508.480	636.405	0.196	0.072	0.239	0.694
sub-105_task-EyeTracking_physio	181	1838.344	2213.354	375.010	1461.055	621.900	0.180	0.083	0.333	0.568
sub-105_task-EyeTracking_physio	181	2238.354	2630.031	391.677	1228.525	586.115	0.296	0.587	1.713	0.746
sub-105_task-EyeTracking_physio	181	2671.697	2955.036	283.339	1149.322	607.440	0.133	0.027	0.208	0.305
sub-105_task-EyeTracking_physio	182	-306.216	743.808	1050.024	1285.758	696.575	0.191	0.097	0.718	0.924
sub-105_task-EyeTracking_physio	182	768.808	977.150	208.342	1099.895	785.025	0.211	0.088	0.418	0.588
sub-105_task-EyeTracking_physio	182	1027.149	1210.484	183.335	1003.365	819.140	0.175	0.051	0.246	0.565
sub-105_task-EyeTracking_physio	182	1227.157	1610.498	383.341	996.237	940.675	0.137	0.046	0.211	0.702
sub-105_task-EyeTracking_physio	182	1635.498	1827.167	191.669	1091.295	967.175	0.169	0.052	0.719	0.256
sub-105_task-EyeTracking_physio	182	1860.500	2193.846	333.346	1494.325	930.320	0.172	0.072	0.558	0.473
sub-105_task-EyeTracking_physio	182	2227.179	2402.184	175.005	1563.315	902.935	0.153	0.043	0.218	0.409
sub-105_task-EyeTracking_physio	182	2443.850	2760.520	316.670	1509.783	500.258	0.134	0.046	0.240	0.373
sub-105_task-EyeTracking_physio	182	2793.861	2985.529	191.668	1411.290	529.890	0.116	0.044	0.486	0.317
sub-105_task-EyeTracking_physio	183	-1276.447	-1126.444	150.003	1278.470	628.785	0.183	0.056	0.187	0.701
sub-105_task-EyeTracking_physio	183	-1084.778	398.593	1483.371	1283.322	698.967	0.167	0.113	0.459	1.147
sub-105_task-EyeTracking_physio	183	423.594	715.264	291.670	1156.550	815.140	0.204	0.089	0.439	0.508
sub-105_task-EyeTracking_physio	183	740.264	931.939	191.675	1057.510	837.240	0.264	0.148	0.479	0.747
sub-105_task-EyeTracking_physio	183	973.604	1223.611	250.007	990.293	538.317	0.136	0.063	0.355	0.476
sub-105_task-EyeTracking_physio	183	1273.611	1531.949	258.338	1338.730	554.190	0.093	0.023	0.215	0.322
sub-105_task-EyeTracking_physio	183	1548.616	1831.962	283.346	1558.907	588.793	0.120	0.073	0.435	0.420
sub-105_task-EyeTracking_physio	183	1890.295	2215.300	325.005	1631.020	893.085	0.191	0.104	0.583	0.578
sub-105_task-EyeTracking_physio	183	2273.636	2548.641	275.005	1547.600	889.050	0.137	0.046	0.408	0.372
sub-105_task-EyeTracking_physio	183	2590.307	2715.314	125.007	1906.130	1369.875	0.192	0.128	0.528	0.488
sub-105_task-EyeTracking_physio	183	2773.649	3006.980	233.331	1436.253	748.500	0.116	0.049	0.364	0.298
sub-105_task-EyeTracking_physio	184	-412.625	362.394	775.019	1288.085	704.850	0.167	0.074	0.246	1.051
sub-105_task-EyeTracking_physio	184	387.393	662.398	275.005	1209.735	729.265	0.221	0.113	0.793	0.637
sub-105_task-EyeTracking_physio	184	687.402	1054.076	366.674	1088.222	725.370	0.199	0.143	0.611	0.834
sub-105_task-EyeTracking_physio	184	1195.753	1429.085	233.332	1466.517	675.183	0.426	0.365	0.503	2.542
sub-105_task-EyeTracking_physio	184	1454.086	1829.092	375.006	1601.200	994.375	0.252	0.523	0.426	2.391
sub-105_task-EyeTracking_physio	184	1870.765	2079.100	208.335	1530.250	958.635	0.106	0.036	0.277	0.258
sub-105_task-EyeTracking_physio	184	2137.438	2412.445	275.007	1396.955	914.295	0.139	0.045	0.272	0.402
sub-105_task-EyeTracking_physio	184	2462.442	2745.783	283.341	1216.867	492.408	0.107	0.050	0.392	0.407
sub-105_task-EyeTracking_physio	184	2762.450	2912.457	150.007	1221.172	511.495	0.084	0.015	0.167	0.173
sub-105_task-EyeTracking_physio	185	-565.615	-365.610	200.005	1295.715	687.330	0.148	0.052	0.325	0.430
sub-105_task-EyeTracking_physio	185	-357.278	376.071	733.349	1288.918	707.600	0.166	0.042	0.304	0.475
sub-105_task-EyeTracking_physio	185	409.405	709.417	300.012	1134.827	786.620	0.196	0.079	0.447	0.562
sub-105_task-EyeTracking_physio	185	734.416	976.091	241.675	1103.595	909.125	0.196	0.087	0.345	0.872
sub-105_task-EyeTracking_physio	185	1001.090	1426.099	425.009	1052.680	543.010	0.113	0.056	0.358	0.512
sub-105_task-EyeTracking_physio	185	1451.099	1742.770	291.671	1312.665	589.915	0.157	0.062	0.570	0.463
sub-105_task-EyeTracking_physio	185	1784.440	1976.108	191.668	1421.200	606.400	0.173	0.041	0.185	0.523
sub-105_task-EyeTracking_physio	185	2017.783	2359.454	341.671	1583.945	668.755	0.245	0.370	0.879	0.774
sub-105_task-EyeTracking_physio	185	2409.456	2576.128	166.672	1660.225	760.673	0.169	0.056	0.329	0.584
sub-105_task-EyeTracking_physio	185	2626.127	2859.466	233.339	1495.992	789.030	0.098	0.026	0.235	0.259
sub-105_task-EyeTracking_physio	185	2901.131	3009.471	108.340	1382.100	763.810	0.143	0.039	0.230	0.278
sub-105_task-EyeTracking_physio	186	-293.395	298.281	591.676	1274.535	696.965	0.176	0.057	0.337	0.681
sub-105_task-EyeTracking_physio	186	331.620	498.287	166.667	1204.947	676.175	0.093	0.026	0.222	0.237
sub-105_task-EyeTracking_physio	186	531.620	731.628	200.008	1104.303	710.277	0.128	0.041	0.366	0.309
sub-105_task-EyeTracking_physio	186	756.627	981.634	225.007	1114.985	767.585	0.146	0.044	0.258	0.468
sub-105_task-EyeTracking_physio	186	998.300	1181.645	183.345	1151.290	764.875	0.212	0.082	0.426	0.550
sub-105_task-EyeTracking_physio	186	1214.969	1448.309	233.340	1366.868	720.075	0.192	0.082	0.381	0.509
sub-105_task-EyeTracking_physio	186	1464.976	1639.981	175.005	1497.145	702.455	0.143	0.040	0.384	0.270
sub-105_task-EyeTracking_physio	186	1664.981	1964.988	300.007	1547.488	605.205	0.092	0.020	0.199	0.235
sub-105_task-EyeTracking_physio	186	1989.988	2314.998	325.010	1554.565	562.655	0.088	0.021	0.254	0.239
sub-105_task-EyeTracking_physio	186	2348.330	2615.003	266.673	1394.580	536.582	0.113	0.029	0.401	0.251
sub-105_task-EyeTracking_physio	186	2648.336	2906.676	258.340	1264.645	550.665	0.131	0.056	0.354	0.473
sub-105_task-EyeTracking_physio	187	-488.028	345.323	833.351	1290.438	682.852	0.195	0.251	0.850	1.283
sub-105_task-EyeTracking_physio	187	361.993	628.668	266.675	1226.932	707.763	0.260	0.092	0.891	0.417
sub-105_task-EyeTracking_physio	187	695.333	1195.347	500.014	1041.340	935.245	0.102	0.031	0.223	0.498
sub-105_task-EyeTracking_physio	187	1237.012	1562.022	325.010	1018.965	445.850	0.118	0.117	0.563	0.501
sub-105_task-EyeTracking_physio	187	1603.688	1862.028	258.340	1151.125	509.220	0.089	0.036	0.318	0.191
sub-105_task-EyeTracking_physio	187	1878.695	2095.367	216.672	1288.235	539.548	0.185	0.124	0.975	0.374
sub-105_task-EyeTracking_physio	187	2128.701	2420.371	291.670	1571.900	656.385	0.164	0.081	0.427	0.604
sub-105_task-EyeTracking_physio	187	2487.045	2778.716	291.671	1588.360	792.115	0.136	0.078	0.526	0.371
sub-105_task-EyeTracking_physio	187	2803.716	2912.054	108.338	1619.310	889.705	0.301	0.137	0.331	0.611
sub-105_task-EyeTracking_physio	187	2928.719	3037.058	108.339	1628.590	946.395	0.138	0.103	0.503	0.671
sub-105_task-EyeTracking_physio	188	-499.340	-274.329	225.011	1307.215	705.960	0.185	0.054	0.548	0.494
sub-105_task-EyeTracking_physio	188	-257.671	309.012	566.683	1286.318	706.133	0.178	0.074	0.513	0.626
sub-105_task-EyeTracking_physio	188	325.679	525.680	200.001	1198.790	746.995	0.362	0.207	1.045	0.629
sub-105_task-EyeTracking_physio	188	550.685	1175.696	625.011	1086.540	909.555	0.148	0.175	0.425	1.395
sub-105_task-EyeTracking_physio	188	1192.367	1425.702	233.335	1299.722	951.088	0.146	0.051	0.511	0.245
sub-105_task-EyeTracking_physio	188	1442.368	1734.046	291.678	1457.565	982.040	0.265	0.092	1.202	0.444
sub-105_task-EyeTracking_physio	188	1784.046	1942.380	158.334	1592.665	902.875	0.105	0.018	0.147	0.270
sub-105_task-EyeTracking_physio	188	1967.379	2375.727	408.348	1563.910	635.145	0.269	0.126	0.329	1.205
sub-105_task-EyeTracking_physio	188	2417.393	2709.067	291.674	1465.440	650.660	0.164	0.075	0.468	0.440
sub-105_task-EyeTracking_physio	188	2734.066	3009.071	275.005	1222.920	649.125	0.227	0.120	0.768	0.557
sub-105_task-EyeTracking_physio	189	-527.041	206.315	733.356	1291.678	710.977	0.171	0.122	0.635	0.884
sub-105_task-EyeTracking_physio	189	347.991	697.994	350.003	1118.118	899.005	0.272	0.353	0.478	2.107
sub-105_task-EyeTracking_physio	189	722.992	964.665	241.673	1046.700	887.405	0.218	0.125	0.578	0.836
sub-105_task-EyeTracking_physio	189	1006.332	1281.338	275.006	1018.455	523.010	0.102	0.026	0.209	0.347
sub-105_task-EyeTracking_physio	189	1323.005	1514.678	191.673	1181.170	542.325	0.098	0.036	0.202	0.378
sub-105_task-EyeTracking_physio	189	1539.677	1831.351	291.674	1504.435	599.440	0.233	0.128	0.731	0.790
sub-105_task-EyeTracking_physio	189	1848.018	2123.030	275.012	1593.270	626.570	0.254	0.179	0.677	0.925
sub-105_task-EyeTracking_physio	189	2373.031	2789.711	416.680	1572.825	758.170	0.199	0.101	0.289	1.039
sub-105_task-EyeTracking_physio	189	2814.711	3006.380	191.669	1514.670	784.830	0.199	0.105	0.667	0.452
sub-105_task-EyeTracking_physio	190	-380.162	361.523	741.685	1288.970	724.645	0.194	0.118	0.822	0.808
sub-105_task-EyeTracking_physio	190	378.189	611.525	233.336	1259.807	851.672	0.282	0.146	0.715	0.827
sub-105_task-EyeTracking_physio	190	628.198	961.536	333.338	1181.878	1018.840	0.138	0.105	0.568	0.708
sub-105_task-EyeTracking_physio	190	994.868	1294.880	300.012	1116.863	987.523	0.083	0.029	0.216	0.291
sub-105_task-EyeTracking_physio	190	1319.879	1894.892	575.013	1043.495	872.940	0.122	0.042	0.443	0.417
sub-105_task-EyeTracking_physio	190	1928.237	2194.902	266.665	1273.860	709.670	0.173	0.071	0.478	0.443
sub-105_task-EyeTracking_physio	190	2228.235	2411.572	183.337	1374.467	734.322	0.213	0.083	0.655	0.359
sub-105_task-EyeTracking_physio	190	2461.575	2744.913	283.338	1601.755	740.683	0.181	0.041	0.218	0.539
sub-105_task-EyeTracking_physio	190	2778.246	3003.253	225.007	1704.485	765.940	0.191	0.082	0.586	0.544
sub-105_task-EyeTracking_physio	191	-433.055	-241.380	191.675	1335.065	734.300	0.117	0.047	0.201	0.440
sub-105_task-EyeTracking_physio	191	-208.047	258.632	466.679	1281.247	743.888	0.124	0.079	0.374	0.657
sub-105_task-EyeTracking_physio	191	275.299	575.304	300.005	1276.797	789.955	0.164	0.054	0.190	0.774
sub-105_task-EyeTracking_physio	191	591.971	791.978	200.007	1206.140	862.515	0.153	0.032	0.388	0.282
sub-105_task-EyeTracking_physio	191	816.978	1025.319	208.341	979.220	914.155	0.156	0.067	0.433	0.368
sub-105_task-EyeTracking_physio	191	1066.985	1358.657	291.672	1272.395	553.825	0.137	0.064	0.432	0.560
sub-105_task-EyeTracking_physio	191	1391.990	1641.995	250.005	1355.930	565.945	0.135	0.031	0.232	0.383
sub-105_task-EyeTracking_physio	191	1683.666	1875.335	191.669	1461.960	675.585	0.098	0.029	0.166	0.357
sub-105_task-EyeTracking_physio	191	1925.334	2108.676	183.342	1520.858	729.240	0.157	0.038	0.186	0.488
sub-105_task-EyeTracking_physio	191	2125.343	2342.015	216.672	1500.665	754.303	0.263	0.092	0.322	0.579
sub-105_task-EyeTracking_physio	191	2358.681	3008.698	650.017	1460.110	752.415	0.190	0.113	0.677	0.841
sub-105_task-EyeTracking_physio	192	-436.026	397.323	833.349	1279.812	738.993	0.466	1.505	1.401	6.160
sub-105_task-EyeTracking_physio	192	422.328	797.338	375.010	1088.475	829.410	0.157	0.084	0.621	0.538
sub-105_task-EyeTracking_physio	192	830.670	1030.672	200.002	1006.765	778.360	0.178	0.079	0.357	0.562
sub-105_task-EyeTracking_physio	192	1055.676	1255.680	200.004	979.793	556.618	0.137	0.052	0.282	0.322
sub-105_task-EyeTracking_physio	192	1297.348	1564.018	266.670	1587.878	628.933	0.211	0.123	0.613	0.491
sub-105_task-EyeTracking_physio	192	1597.356	1847.363	250.007	1652.710	691.385	0.157	0.043	0.189	0.546
sub-105_task-EyeTracking_physio	192	1872.363	2097.363	225.000	1686.465	748.370	0.201	0.067	0.508	0.553
sub-105_task-EyeTracking_physio	192	2139.038	2389.043	250.005	1684.957	838.285	0.200	0.038	0.202	0.531
sub-105_task-EyeTracking_physio	192	2422.374	2739.047	316.673	1476.598	897.150	0.152	0.064	0.532	0.392
sub-105_task-EyeTracking_physio	192	2764.050	3005.720	241.670	1227.345	953.970	0.171	0.061	0.614	0.322
sub-105_task-EyeTracking_physio	193	-247.083	311.259	558.342	1294.415	700.185	0.145	0.056	0.255	0.620
sub-105_task-EyeTracking_physio	193	336.261	502.933	166.672	1184.193	700.685	0.163	0.061	0.629	0.288
sub-105_task-EyeTracking_physio	193	536.266	819.606	283.340	1041.130	892.275	0.186	0.081	0.499	0.622
sub-105_task-EyeTracking_physio	193	844.606	1069.612	225.006	1033.870	953.520	0.142	0.044	0.295	0.437
sub-105_task-EyeTracking_physio	193	1111.279	1452.955	341.676	1074.745	484.425	0.109	0.034	0.265	0.398
sub-105_task-EyeTracking_physio	193	1486.288	1794.634	308.346	1565.980	593.885	0.305	0.303	0.838	1.351
sub-105_task-EyeTracking_physio	193	1852.965	2061.306	208.341	1626.450	746.860	0.123	0.035	0.176	0.403
sub-105_task-EyeTracking_physio	193	2086.305	2319.647	233.342	1581.415	830.993	0.169	0.049	0.288	0.568
sub-105_task-EyeTracking_physio	193	2344.646	2577.986	233.340	1438.925	752.220	0.170	0.099	0.589	0.464
sub-105_task-EyeTracking_physio	193	2594.651	2986.328	391.677	1367.280	649.670	0.133	0.065	0.235	0.677
sub-105_task-EyeTracking_physio	194	-316.547	8.462	325.009	1288.735	687.690	0.369	0.359	2.203	0.974
sub-105_task-EyeTracking_physio	194	25.128	241.803	216.675	1285.513	709.125	0.116	0.037	0.207	0.433
sub-105_task-EyeTracking_physio	194	258.470	450.138	191.668	1269.850	763.035	0.234	0.059	0.283	0.480
sub-105_task-EyeTracking_physio	194	475.144	716.812	241.668	1087.920	834.100	0.244	0.159	0.617	0.670
sub-105_task-EyeTracking_physio	194	733.478	958.483	225.005	1001.565	787.595	0.253	0.133	0.675	0.707
sub-105_task-EyeTracking_physio	194	991.817	1191.824	200.007	1095.910	596.257	0.134	0.058	0.609	0.249
sub-105_task-EyeTracking_physio	194	1225.158	1441.829	216.671	1287.832	594.410	0.135	0.094	0.571	0.423
sub-105_task-EyeTracking_physio	194	1475.162	1700.173	225.011	1473.545	599.100	0.105	0.059	0.499	0.292
sub-105_task-EyeTracking_physio	194	1716.839	2308.525	591.686	1596.270	629.715	0.120	0.064	0.564	0.579
sub-105_task-EyeTracking_physio	194	2325.193	2525.192	199.999	1587.288	614.733	0.134	0.034	0.385	0.247
sub-105_task-EyeTracking_physio	194	2541.858	2708.532	166.674	1640.867	626.445	0.239	0.113	0.748	0.401
sub-105_task-EyeTracking_physio	194	2800.196	3008.539	208.343	1579.480	856.165	0.158	0.069	0.227	0.739
sub-105_task-EyeTracking_physio	195	-227.920	330.423	558.343	1290.085	721.395	0.138	0.068	0.297	0.723
sub-105_task-EyeTracking_physio	195	355.423	588.766	233.343	1256.253	741.110	0.175	0.055	0.299	0.521
sub-105_task-EyeTracking_physio	195	638.765	1072.111	433.346	1099.973	942.827	0.165	0.103	0.537	0.821
sub-105_task-EyeTracking_physio	195	1097.112	1463.783	366.671	1053.287	763.090	0.201	0.065	0.314	0.654
sub-105_task-EyeTracking_physio	195	1497.123	1913.799	416.676	1301.545	724.947	0.156	0.137	0.605	0.739
sub-105_task-EyeTracking_physio	195	1930.466	2163.806	233.340	1439.787	715.733	0.239	0.158	0.665	0.729
sub-105_task-EyeTracking_physio	195	2180.473	2430.479	250.006	1560.985	721.210	0.182	0.086	0.605	0.458
sub-105_task-EyeTracking_physio	195	2447.145	2647.148	200.003	1640.245	723.270	0.186	0.079	0.533	0.398
sub-105_task-EyeTracking_physio	195	2672.153	2813.821	141.668	1608.885	635.710	0.234	0.030	0.102	0.677
sub-105_task-EyeTracking_physio	195	2838.822	3005.492	166.670	1462.450	518.555	0.115	0.036	0.200	0.256
sub-105_task-EyeTracking_physio	196	-347.405	-189.063	158.342	1305.960	644.315	1.183	16.211	3.419	8.290
sub-105_task-EyeTracking_physio	196	-164.072	52.604	216.676	1303.742	719.485	0.147	0.059	0.199	0.635
sub-105_task-EyeTracking_physio	196	60.938	344.278	283.340	1283.412	712.268	0.188	0.083	0.460	0.699
sub-105_task-EyeTracking_physio	196	360.944	627.617	266.673	1265.415	725.822	0.157	0.065	0.419	0.413
sub-105_task-EyeTracking_physio	196	652.621	894.291	241.670	1089.205	779.955	0.301	0.127	0.338	0.851
sub-105_task-EyeTracking_physio	196	910.958	1310.970	400.012	1022.050	762.962	0.234	0.115	0.610	0.598
sub-105_task-EyeTracking_physio	196	1327.637	1477.639	150.002	1063.615	721.288	0.193	0.067	0.266	0.477
sub-105_task-EyeTracking_physio	196	1519.306	1794.313	275.007	1556.505	794.650	0.170	0.088	0.555	0.499
sub-105_task-EyeTracking_physio	196	1827.648	2177.655	350.007	1629.875	812.183	0.177	0.069	0.527	0.456
sub-105_task-EyeTracking_physio	196	2194.321	2510.998	316.677	1592.927	819.970	0.152	0.051	0.406	0.413
sub-105_task-EyeTracking_physio	196	2535.999	2836.003	300.004	1369.807	773.490	0.180	0.081	0.566	0.526
sub-105_task-EyeTracking_physio	196	2861.004	3002.672	141.668	1284.655	746.775	0.166	0.058	0.345	0.368
sub-105_task-EyeTracking_physio	197	-200.104	449.913	650.017	1284.590	715.545	0.147	0.052	0.255	0.667
sub-105_task-EyeTracking_physio	197	499.913	983.256	483.343	1213.818	924.755	0.156	0.089	0.491	0.727
sub-105_task-EyeTracking_physio	197	1041.591	1408.265	366.674	1122.150	572.517	0.102	0.025	0.222	0.335
sub-105_task-EyeTracking_physio	197	1433.270	1641.604	208.334	1363.180	580.440	0.159	0.088	0.715	0.340
sub-105_task-EyeTracking_physio	197	1666.603	1908.280	241.677	1510.595	599.125	0.158	0.045	0.674	0.201
sub-105_task-EyeTracking_physio	197	1941.613	2149.952	208.339	1546.935	622.695	0.108	0.019	0.150	0.317
sub-105_task-EyeTracking_physio	197	2166.617	2524.959	358.342	1532.725	651.975	0.130	0.041	0.323	0.516
sub-105_task-EyeTracking_physio	197	2541.625	2866.631	325.006	1527.950	685.110	0.166	0.038	0.234	0.496
sub-105_task-EyeTracking_physio	197	2891.635	3008.311	116.676	1531.330	636.335	0.109	0.016	0.131	0.255
sub-105_task-EyeTracking_physio	198	-1028.523	-645.182	383.341	1308.697	677.885	0.234	0.149	0.859	0.702
sub-105_task-EyeTracking_physio	198	-611.851	429.844	1041.695	1288.440	728.885	0.169	0.080	0.472	1.002
sub-105_task-EyeTracking_physio	198	479.843	796.519	316.676	1148.198	1046.348	0.144	0.050	0.313	0.549
sub-105_task-EyeTracking_physio	198	821.518	929.854	108.336	1077.345	975.735	0.190	0.087	0.401	0.422
sub-105_task-EyeTracking_physio	198	979.854	1296.529	316.675	1012.945	456.158	0.081	0.033	0.295	0.317
sub-105_task-EyeTracking_physio	198	1321.532	1613.203	291.671	1345.970	499.105	0.160	0.096	0.625	0.530
sub-105_task-EyeTracking_physio	198	1646.538	1779.872	133.334	1589.740	623.318	0.189	0.096	0.456	0.531
sub-105_task-EyeTracking_physio	198	1821.540	2296.553	475.013	1622.330	932.200	0.126	0.047	0.276	0.545
sub-105_task-EyeTracking_physio	198	2329.887	2696.562	366.675	1417.760	841.253	0.145	0.085	0.422	0.469
sub-105_task-EyeTracking_physio	198	2721.561	2946.568	225.007	1479.770	765.910	0.168	0.076	0.390	0.483
sub-105_task-EyeTracking_physio	199	-1056.946	-756.941	300.005	1311.597	683.900	0.177	0.098	0.686	0.496
sub-105_task-EyeTracking_physio	199	-731.941	-615.271	116.670	1288.445	694.315	0.178	0.063	0.273	0.455
sub-105_task-EyeTracking_physio	199	-598.605	301.418	900.023	1288.213	741.590	0.175	0.061	0.285	0.841
sub-105_task-EyeTracking_physio	199	326.418	493.087	166.669	1289.693	792.692	0.166	0.049	0.210	0.546
sub-105_task-EyeTracking_physio	199	551.424	876.429	325.005	1187.100	999.685	0.104	0.027	0.250	0.243
sub-105_task-EyeTracking_physio	199	909.768	1268.107	358.339	1029.075	613.955	0.130	0.045	0.262	0.379
sub-105_task-EyeTracking_physio	199	1301.443	1593.115	291.672	1431.095	665.135	0.229	0.141	0.728	0.806
sub-105_task-EyeTracking_physio	199	1634.781	1993.123	358.342	1545.525	684.350	0.201	0.083	0.205	1.088
sub-105_task-EyeTracking_physio	199	2009.789	2343.130	333.341	1542.278	855.450	0.229	0.063	0.217	0.802
sub-105_task-EyeTracking_physio	199	2359.798	2743.139	383.341	1592.470	922.825	0.198	0.081	0.726	0.620
sub-105_task-EyeTracking_physio	199	2768.138	3009.811	241.673	1625.725	941.860	0.142	0.057	0.445	0.302
sub-105_task-EyeTracking_physio	200	-409.809	465.206	875.015	1289.068	724.075	0.750	4.719	4.141	9.131
sub-105_task-EyeTracking_physio	200	498.539	815.215	316.676	1182.378	880.990	0.167	0.061	0.313	0.621
sub-105_task-EyeTracking_physio	200	856.881	1040.216	183.335	1095.280	923.555	0.153	0.052	0.421	0.263
sub-105_task-EyeTracking_physio	200	1081.888	1465.229	383.341	1090.810	563.512	0.111	0.044	0.257	0.602
sub-105_task-EyeTracking_physio	200	1498.562	1940.235	441.673	1540.915	591.075	0.250	0.148	0.856	0.650
sub-105_task-EyeTracking_physio	200	2056.907	2615.245	558.338	1579.415	911.350	0.169	0.235	0.881	1.112
sub-105_task-EyeTracking_physio	200	2640.250	3006.921	366.671	1352.658	882.800	0.169	0.104	0.451	0.610
sub-105_task-EyeTracking_physio	201	-1598.450	-1406.782	191.668	1264.700	493.330	0.593	1.603	3.479	0.570
sub-105_task-EyeTracking_physio	201	-1356.777	-1240.109	116.668	1341.427	727.938	0.105	0.023	0.224	0.244
sub-105_task-EyeTracking_physio	201	-1215.110	393.263	1608.373	1283.280	750.770	0.122	0.083	0.773	0.606
sub-105_task-EyeTracking_physio	201	418.263	626.601	208.338	1063.025	692.775	0.267	0.141	0.482	0.699
sub-105_task-EyeTracking_physio	201	651.601	859.940	208.339	1044.640	566.110	0.117	0.029	0.178	0.365
sub-105_task-EyeTracking_physio	201	901.607	1176.614	275.007	1483.335	559.625	0.186	0.124	0.585	0.715
sub-105_task-EyeTracking_physio	201	1201.613	1409.955	208.342	1638.415	652.155	0.194	0.087	0.578	0.458
sub-105_task-EyeTracking_physio	201	1534.957	1793.296	258.339	1632.945	1019.555	0.126	0.037	0.209	0.462
sub-105_task-EyeTracking_physio	201	1834.963	2009.971	175.008	1519.675	1047.650	0.085	0.015	0.172	0.152
sub-105_task-EyeTracking_physio	201	2034.970	2309.979	275.009	1203.105	1051.005	0.201	0.128	0.883	0.615
sub-105_task-EyeTracking_physio	201	2334.979	2468.312	133.333	1046.963	948.493	0.119	0.084	0.335	0.520
sub-105_task-EyeTracking_physio	201	2518.311	2726.650	208.339	1044.225	646.230	0.123	0.031	0.165	0.399
sub-105_task-EyeTracking_physio	201	2751.650	2926.659	175.009	1063.940	616.065	0.138	0.049	0.313	0.371
sub-105_task-EyeTracking_physio	202	-59.336	232.334	291.670	1298.265	707.050	0.158	0.067	0.200	0.769
sub-105_task-EyeTracking_physio	202	249.001	465.674	216.673	1302.240	758.570	0.132	0.036	0.184	0.399
sub-105_task-EyeTracking_physio	202	490.673	749.014	258.341	1283.305	806.235	0.150	0.051	0.347	0.429
sub-105_task-EyeTracking_physio	202	765.681	1232.360	466.679	1204.820	931.888	0.177	0.074	0.868	0.484
sub-105_task-EyeTracking_physio	202	1249.025	1449.029	200.004	1263.973	870.993	0.100	0.037	0.241	0.378
sub-105_task-EyeTracking_physio	202	1474.035	1665.703	191.668	1440.200	757.995	0.159	0.048	0.397	0.298
sub-105_task-EyeTracking_physio	202	1682.369	2065.712	383.343	1615.355	680.500	0.231	0.096	1.038	0.565
sub-105_task-EyeTracking_physio	202	2115.711	2532.391	416.680	917.632	608.053	0.164	0.069	0.559	0.425
sub-105_task-EyeTracking_physio	202	2557.391	2832.396	275.005	987.650	783.005	0.185	0.108	0.502	0.765
sub-105_task-EyeTracking_physio	202	2874.061	3007.399	133.338	1123.600	823.652	0.116	0.021	0.174	0.225
sub-105_task-EyeTracking_physio	203	-278.792	229.553	508.345	1269.320	751.375	0.151	0.072	0.346	0.619
sub-105_task-EyeTracking_physio	203	246.219	429.555	183.336	1295.825	837.168	0.173	0.040	0.180	0.416
sub-105_task-EyeTracking_physio	203	454.560	679.562	225.002	1387.940	912.135	0.206	0.069	0.646	0.461
sub-105_task-EyeTracking_physio	203	729.564	1171.241	441.677	1551.905	921.620	0.106	0.035	0.356	0.311
sub-105_task-EyeTracking_physio	203	1254.579	1646.254	391.675	1076.900	814.850	0.127	0.053	0.482	0.332
sub-105_task-EyeTracking_physio	203	1662.921	1762.924	100.003	1029.688	712.505	0.224	0.088	0.437	0.422
sub-105_task-EyeTracking_physio	203	1821.258	2029.596	208.338	1201.250	504.395	0.094	0.032	0.236	0.268
sub-105_task-EyeTracking_physio	203	2046.262	2387.937	341.675	1396.480	502.770	0.134	0.055	0.680	0.371
sub-105_task-EyeTracking_physio	203	2412.940	3004.619	591.679	1550.875	551.340	0.223	0.171	1.032	0.903
sub-105_task-EyeTracking_physio	204	-314.917	360.099	675.016	1288.930	743.810	0.159	0.145	0.523	1.047
sub-105_task-EyeTracking_physio	204	376.765	576.772	200.007	1190.413	784.402	0.250	0.148	0.699	0.660
sub-105_task-EyeTracking_physio	204	610.105	793.440	183.335	1130.150	883.275	0.146	0.048	0.270	0.346
sub-105_task-EyeTracking_physio	204	818.440	1026.779	208.339	1140.165	996.090	0.152	0.061	0.355	0.418
sub-105_task-EyeTracking_physio	204	1051.780	1260.118	208.338	1405.450	979.895	0.174	0.050	0.505	0.307
sub-105_task-EyeTracking_physio	204	1276.785	1510.126	233.341	1524.898	947.445	0.164	0.062	0.454	0.424
sub-105_task-EyeTracking_physio	204	1526.793	1718.460	191.667	1583.120	812.835	0.151	0.054	0.328	0.383
sub-105_task-EyeTracking_physio	204	1743.460	2026.805	283.345	1565.540	741.263	0.190	0.097	0.500	0.581
sub-105_task-EyeTracking_physio	204	2060.137	2276.805	216.668	1232.805	660.535	0.177	0.066	0.561	0.363
sub-105_task-EyeTracking_physio	204	2310.143	2826.821	516.678	971.200	630.480	0.128	0.074	0.522	0.468
sub-105_task-EyeTracking_physio	204	2843.488	3010.157	166.669	1155.570	650.378	0.162	0.073	0.495	0.346
sub-105_task-EyeTracking_physio	205	-309.378	248.969	558.347	1284.210	699.075	0.185	0.097	0.703	0.743
sub-105_task-EyeTracking_physio	205	257.301	465.641	208.340	1275.745	749.160	0.154	0.038	0.197	0.365
sub-105_task-EyeTracking_physio	205	482.308	782.312	300.004	1297.318	872.360	0.185	0.094	0.403	0.796
sub-105_task-EyeTracking_physio	205	807.313	998.987	191.674	1403.760	860.310	0.211	0.152	0.621	0.594
sub-105_task-EyeTracking_physio	205	1023.986	1265.661	241.675	1534.960	844.260	0.214	0.088	0.661	0.560
sub-105_task-EyeTracking_physio	205	1298.993	1515.667	216.674	1612.515	742.642	0.214	0.051	0.165	0.651
sub-105_task-EyeTracking_physio	205	1540.666	1749.002	208.336	1593.770	601.505	0.125	0.069	0.290	0.407
sub-105_task-EyeTracking_physio	205	1774.008	2032.346	258.338	1461.330	580.230	0.123	0.057	0.427	0.307
sub-105_task-EyeTracking_physio	205	2090.677	2349.019	258.342	1348.470	574.960	0.095	0.028	0.270	0.311
sub-105_task-EyeTracking_physio	205	2382.351	2790.693	408.342	1055.025	643.940	0.145	0.058	0.504	0.436
sub-105_task-EyeTracking_physio	205	2815.699	3007.367	191.668	1024.875	826.570	0.211	0.081	0.357	0.580
sub-105_task-EyeTracking_physio	206	-345.531	-212.192	133.339	1300.928	745.995	0.184	0.061	0.225	0.589
sub-105_task-EyeTracking_physio	206	-195.525	262.813	458.338	1296.550	713.255	0.177	0.114	0.513	0.818
sub-105_task-EyeTracking_physio	206	287.820	479.488	191.668	1355.680	750.245	0.135	0.094	0.523	0.413
sub-105_task-EyeTracking_physio	206	496.155	779.495	283.340	1511.918	833.800	0.207	0.086	0.509	0.638
sub-105_task-EyeTracking_physio	206	821.166	979.502	158.336	1593.650	815.480	0.135	0.031	0.167	0.390
sub-105_task-EyeTracking_physio	206	996.169	1229.508	233.339	1601.860	701.660	0.140	0.063	0.327	0.335
sub-105_task-EyeTracking_physio	206	1254.508	1479.512	225.004	1574.830	617.640	0.216	0.110	0.402	0.665
sub-105_task-EyeTracking_physio	206	1512.846	1829.520	316.674	1478.388	593.925	0.120	0.039	0.289	0.328
sub-105_task-EyeTracking_physio	206	1896.190	2054.524	158.334	1322.715	637.120	0.196	0.226	0.832	0.608
sub-105_task-EyeTracking_physio	206	2112.858	2479.533	366.675	1040.435	930.355	0.154	0.061	0.349	0.591
sub-105_task-EyeTracking_physio	206	2496.200	2729.540	233.340	1030.190	805.740	0.214	0.083	0.233	0.882
sub-105_task-EyeTracking_physio	206	2746.207	2946.214	200.007	1007.535	734.322	0.208	0.117	0.502	0.765
sub-105_task-EyeTracking_physio	207	-214.983	376.694	591.677	1285.730	712.740	0.195	0.262	0.571	1.275
sub-105_task-EyeTracking_physio	207	401.694	560.036	158.342	1368.635	755.900	0.271	0.207	0.695	0.747
sub-105_task-EyeTracking_physio	207	585.037	810.036	224.999	1555.265	832.025	0.238	0.137	0.587	0.783
sub-105_task-EyeTracking_physio	207	835.041	1026.710	191.669	1642.510	825.585	0.225	0.096	0.475	0.655
sub-105_task-EyeTracking_physio	207	1051.710	1226.716	175.006	1675.425	757.435	0.173	0.058	0.258	0.420
sub-105_task-EyeTracking_physio	207	1251.715	1418.384	166.669	1633.043	659.298	0.129	0.033	0.201	0.364
sub-105_task-EyeTracking_physio	207	1435.050	1643.392	208.342	1652.110	612.005	0.122	0.041	0.328	0.241
sub-105_task-EyeTracking_physio	207	1660.058	1843.393	183.335	1600.888	603.720	0.138	0.057	0.335	0.330
sub-105_task-EyeTracking_physio	207	1893.396	2001.736	108.340	1252.755	589.655	0.163	0.069	0.775	0.169
sub-105_task-EyeTracking_physio	207	2018.401	2176.738	158.337	1202.025	605.060	0.091	0.021	0.197	0.239
sub-105_task-EyeTracking_physio	207	2210.070	2460.075	250.005	1053.688	767.438	0.149	0.082	0.378	0.587
sub-105_task-EyeTracking_physio	207	2485.075	2743.415	258.340	1080.470	840.260	0.189	0.079	0.355	0.711
sub-105_task-EyeTracking_physio	207	2760.082	3010.086	250.004	1096.990	894.798	0.206	0.067	0.272	0.612
sub-105_task-EyeTracking_physio	208	-768.390	289.960	1058.350	1290.415	725.895	0.174	0.316	0.662	1.317
sub-105_task-EyeTracking_physio	208	306.626	506.633	200.007	1235.428	789.610	0.253	0.123	0.596	0.637
sub-105_task-EyeTracking_physio	208	531.632	756.640	225.008	1210.580	894.730	0.165	0.104	0.349	0.777
sub-105_task-EyeTracking_physio	208	781.639	1039.979	258.340	1198.900	928.535	0.160	0.048	0.274	0.591
sub-105_task-EyeTracking_physio	208	1081.645	1631.663	550.018	1072.710	531.533	0.082	0.049	0.433	0.333
sub-105_task-EyeTracking_physio	208	1673.329	1956.664	283.335	1553.315	560.433	0.151	0.095	0.647	0.436
sub-105_task-EyeTracking_physio	208	1989.998	2198.342	208.344	1615.125	599.715	0.152	0.051	0.517	0.437
sub-105_task-EyeTracking_physio	208	2231.675	2498.347	266.672	1649.298	674.358	0.169	0.079	0.522	0.448
sub-105_task-EyeTracking_physio	208	2523.347	2831.692	308.345	1643.750	790.215	0.161	0.067	0.359	0.495
sub-105_task-EyeTracking_physio	208	2873.357	3023.363	150.006	1516.530	940.470	1.670	10.246	2.443	7.308
sub-105_task-EyeTracking_physio	209	-312.859	-171.191	141.668	1298.985	753.540	0.213	0.099	0.163	0.863
sub-105_task-EyeTracking_physio	209	-162.858	295.489	458.347	1285.245	720.375	0.194	0.070	0.341	0.808
sub-105_task-EyeTracking_physio	209	312.155	520.494	208.339	1239.995	748.225	0.293	0.150	0.755	0.551
sub-105_task-EyeTracking_physio	209	578.832	845.500	266.668	1123.250	889.882	0.159	0.051	0.218	0.576
sub-105_task-EyeTracking_physio	209	878.834	1062.169	183.335	1056.523	901.080	0.149	0.036	0.185	0.472
sub-105_task-EyeTracking_physio	209	1112.175	1328.843	216.668	959.577	440.237	0.104	0.047	0.312	0.269
sub-105_task-EyeTracking_physio	209	1353.848	1578.850	225.002	1234.910	499.450	0.173	0.087	0.672	0.350
sub-105_task-EyeTracking_physio	209	1612.189	1820.524	208.335	1372.610	557.160	0.178	0.069	0.680	0.349
sub-105_task-EyeTracking_physio	209	1853.858	2087.196	233.338	1470.590	607.110	0.237	0.182	0.839	0.844
sub-105_task-EyeTracking_physio	209	2112.196	2345.536	233.340	1559.835	635.730	0.221	0.109	0.710	0.607
sub-105_task-EyeTracking_physio	209	2378.868	2728.879	350.011	1642.605	662.980	0.152	0.083	0.459	0.646
sub-105_task-EyeTracking_physio	209	2753.879	2962.218	208.339	1664.485	761.180	0.220	0.089	0.364	0.648
sub-105_task-EyeTracking_physio	210	-332.351	-107.344	225.007	1310.325	734.705	0.233	0.113	0.601	0.790
sub-105_task-EyeTracking_physio	210	-99.011	317.669	416.680	1277.500	725.742	0.179	0.122	0.478	0.879
sub-105_task-EyeTracking_physio	210	367.667	626.000	258.333	1095.275	828.395	0.126	0.030	0.180	0.371
sub-105_task-EyeTracking_physio	210	651.008	859.344	208.336	1018.445	827.730	0.177	0.055	0.487	0.328
sub-105_task-EyeTracking_physio	210	876.010	1092.683	216.673	981.530	791.267	0.191	0.052	0.435	0.452
sub-105_task-EyeTracking_physio	210	1126.015	1342.691	216.676	975.555	660.727	0.137	0.047	0.352	0.258
sub-105_task-EyeTracking_physio	210	1392.690	1609.361	216.671	1224.100	589.745	0.116	0.033	0.327	0.238
sub-105_task-EyeTracking_physio	210	1626.027	1926.035	300.008	1395.798	609.527	0.188	0.080	0.541	0.558
sub-105_task-EyeTracking_physio	210	1942.702	2209.373	266.671	1501.662	648.152	0.197	0.099	0.587	0.507
sub-105_task-EyeTracking_physio	210	2234.379	2742.724	508.345	1589.040	654.280	0.115	0.049	0.392	0.377
sub-105_task-EyeTracking_physio	210	2759.392	2984.393	225.001	1440.395	657.465	0.144	0.087	0.420	0.553
sub-105_task-EyeTracking_physio	211	-326.831	489.853	816.684	1290.840	704.598	0.176	0.132	0.844	0.804
sub-105_task-EyeTracking_physio	211	556.526	781.532	225.006	1309.060	943.450	0.141	0.077	0.278	0.609
sub-105_task-EyeTracking_physio	211	848.198	1181.541	333.343	1017.678	900.740	0.135	0.084	0.389	0.623
sub-105_task-EyeTracking_physio	211	1206.540	1414.880	208.340	1032.825	760.430	0.271	0.185	0.275	1.371
sub-105_task-EyeTracking_physio	211	1473.213	1731.554	258.341	1405.320	626.225	0.148	0.047	0.450	0.256
sub-105_task-EyeTracking_physio	211	1756.552	1923.223	166.671	1564.160	637.188	0.149	0.082	0.460	0.359
sub-105_task-EyeTracking_physio	211	1956.561	2231.567	275.006	1652.715	748.150	0.173	0.071	0.329	0.576
sub-105_task-EyeTracking_physio	211	2256.566	2498.240	241.674	1630.885	839.920	0.228	0.093	0.295	0.775
sub-105_task-EyeTracking_physio	211	2539.907	2848.244	308.337	1313.315	750.215	0.162	0.068	0.380	0.491
sub-105_task-EyeTracking_physio	211	2873.248	3006.583	133.335	1332.885	684.040	0.108	0.053	0.283	0.363
sub-105_task-EyeTracking_physio	212	-596.511	-404.837	191.674	1283.565	648.455	0.282	0.126	1.118	0.443
sub-105_task-EyeTracking_physio	212	-388.170	370.179	758.349	1282.820	712.280	0.189	0.144	0.390	1.240
sub-105_task-EyeTracking_physio	212	395.179	520.182	125.003	1303.573	1113.730	1.318	9.489	11.671	4.320
sub-105_task-EyeTracking_physio	212	570.181	803.523	233.342	1292.503	853.195	0.182	0.051	0.257	0.516
sub-105_task-EyeTracking_physio	212	820.189	1011.865	191.676	1320.275	904.570	0.228	0.072	0.284	0.563
sub-105_task-EyeTracking_physio	212	1036.866	1220.198	183.332	1399.318	973.025	0.139	0.039	0.243	0.332
sub-105_task-EyeTracking_physio	212	1236.865	1445.206	208.341	1521.240	959.670	0.143	0.051	0.340	0.336
sub-105_task-EyeTracking_physio	212	1461.872	1695.212	233.340	1626.257	906.460	0.183	0.177	0.660	0.630
sub-105_task-EyeTracking_physio	212	1720.210	1903.548	183.338	1641.707	753.370	0.225	0.118	0.361	0.652
sub-105_task-EyeTracking_physio	212	1928.552	2195.226	266.674	1600.365	627.960	0.110	0.047	0.335	0.336
sub-105_task-EyeTracking_physio	212	2211.892	2511.897	300.005	1592.700	585.380	0.097	0.033	0.355	0.258
sub-105_task-EyeTracking_physio	212	2528.564	2820.236	291.672	1538.490	562.875	0.116	0.049	0.515	0.273
sub-105_task-EyeTracking_physio	212	2861.907	3003.576	141.669	1417.545	569.245	0.104	0.031	0.217	0.220
sub-105_task-EyeTracking_physio	213	-224.298	442.382	666.680	1283.320	705.575	0.157	0.221	0.620	1.103
sub-105_task-EyeTracking_physio	213	467.381	725.721	258.340	1158.655	882.515	0.188	0.106	0.339	0.945
sub-105_task-EyeTracking_physio	213	759.059	1175.734	416.675	1082.355	844.220	0.159	0.076	0.310	0.670
sub-105_task-EyeTracking_physio	213	1217.402	1575.743	358.341	1109.755	479.050	0.094	0.043	0.243	0.402
sub-105_task-EyeTracking_physio	213	1617.410	1975.755	358.345	1539.705	569.825	0.169	0.100	0.422	0.595
sub-105_task-EyeTracking_physio	213	2000.754	2459.101	458.347	1556.075	650.280	0.195	0.098	0.355	0.867
sub-105_task-EyeTracking_physio	213	2484.101	2917.440	433.339	1524.520	684.740	0.205	0.068	0.485	0.817
sub-105_task-EyeTracking_physio	214	-126.931	-18.595	108.336	1301.200	707.965	0.129	0.031	0.169	0.331
sub-105_task-EyeTracking_physio	214	-1.928	206.414	208.342	1278.150	712.735	0.237	0.100	0.556	0.525
sub-105_task-EyeTracking_physio	214	256.412	564.756	308.344	1230.510	854.615	0.288	0.334	0.484	1.907
sub-105_task-EyeTracking_physio	214	606.422	1089.767	483.345	1173.860	972.365	0.127	0.050	0.358	0.524
sub-105_task-EyeTracking_physio	214	1123.102	1506.446	383.344	1683.525	1067.285	0.418	2.704	3.628	1.819
sub-105_task-EyeTracking_physio	214	1548.112	1848.116	300.004	1557.650	492.958	0.150	0.079	0.440	0.611
sub-105_task-EyeTracking_physio	214	1873.116	2048.122	175.006	1548.795	450.915	0.131	0.048	0.259	0.417
sub-105_task-EyeTracking_physio	214	2106.454	2414.800	308.346	1127.070	565.870	0.088	0.023	0.264	0.308
sub-105_task-EyeTracking_physio	214	2431.466	2731.471	300.005	1220.290	613.523	0.174	0.068	0.733	0.367
sub-105_task-EyeTracking_physio	214	2748.138	3006.477	258.339	1320.220	610.710	0.145	0.044	0.496	0.300
sub-105_task-EyeTracking_physio	215	-171.362	411.986	583.348	1272.008	714.822	0.214	0.252	0.593	2.045
sub-105_task-EyeTracking_physio	215	453.657	795.325	341.668	1212.995	825.440	0.111	0.050	0.301	0.394
sub-105_task-EyeTracking_physio	215	820.325	1237.006	416.681	1152.595	879.480	0.155	0.081	0.695	0.615
sub-105_task-EyeTracking_physio	215	1262.007	1628.683	366.676	1011.020	745.793	0.168	0.103	0.548	0.563
sub-105_task-EyeTracking_physio	215	1645.348	2095.360	450.012	1083.923	620.773	0.172	0.109	0.602	0.766
sub-105_task-EyeTracking_physio	215	2170.365	2470.370	300.005	1419.690	743.788	0.232	0.501	0.968	1.376
sub-105_task-EyeTracking_physio	215	2495.370	2878.712	383.342	1573.108	751.457	0.174	0.075	0.561	0.536
sub-105_task-EyeTracking_physio	215	2895.377	3003.713	108.336	1669.115	852.810	0.433	0.254	0.651	1.056
sub-105_task-EyeTracking_physio	216	-415.917	-224.248	191.669	1308.785	755.375	0.161	0.060	0.264	0.441
sub-105_task-EyeTracking_physio	216	-207.582	359.101	566.683	1279.918	754.325	0.203	0.112	0.494	0.834
sub-105_task-EyeTracking_physio	216	384.101	609.108	225.007	1187.240	875.915	0.276	0.141	0.689	0.688
sub-105_task-EyeTracking_physio	216	659.108	917.445	258.337	1087.290	970.785	0.111	0.033	0.293	0.315
sub-105_task-EyeTracking_physio	216	950.778	1242.453	291.675	1006.505	608.700	0.159	0.061	0.285	0.435
sub-105_task-EyeTracking_physio	216	1259.120	1634.130	375.010	961.740	611.960	0.127	0.051	0.401	0.361
sub-105_task-EyeTracking_physio	216	1659.134	1867.469	208.335	1328.400	630.720	0.243	0.105	0.664	0.527
sub-105_task-EyeTracking_physio	216	1917.472	2159.145	241.673	1492.000	792.910	0.168	0.033	0.165	0.540
sub-105_task-EyeTracking_physio	216	2175.811	2434.145	258.334	1540.280	844.725	0.237	0.111	0.700	0.598
sub-105_task-EyeTracking_physio	216	2450.820	2892.495	441.675	1520.725	872.480	0.191	0.084	0.380	0.593
sub-105_task-EyeTracking_physio	217	-377.097	306.251	683.348	1285.852	720.800	0.201	0.322	0.776	1.574
sub-105_task-EyeTracking_physio	217	339.584	564.592	225.008	1160.895	1013.240	0.145	0.056	0.338	0.598
sub-105_task-EyeTracking_physio	217	589.591	847.930	258.339	1072.950	1000.315	0.145	0.071	0.563	0.439
sub-105_task-EyeTracking_physio	217	872.929	1056.270	183.341	992.767	959.103	0.161	0.071	0.501	0.346
sub-105_task-EyeTracking_physio	217	1089.603	1381.277	291.674	1151.725	585.340	0.149	0.095	0.433	0.526
sub-105_task-EyeTracking_physio	217	1472.948	1814.619	341.671	1460.045	828.895	0.143	0.042	0.221	0.612
sub-105_task-EyeTracking_physio	217	1831.285	2047.959	216.674	1465.773	891.575	0.143	0.041	0.218	0.447
sub-105_task-EyeTracking_physio	217	2072.958	2406.303	333.345	1426.730	1002.970	0.160	0.046	0.302	0.557
sub-105_task-EyeTracking_physio	217	2431.302	2856.312	425.010	1386.555	1025.150	0.089	0.028	0.285	0.272
sub-105_task-EyeTracking_physio	217	2897.980	3006.313	108.333	1275.085	618.740	0.207	0.063	0.251	0.349
sub-105_task-EyeTracking_physio	218	-963.761	-830.424	133.337	1293.523	711.663	0.173	0.095	0.254	0.714
sub-105_task-EyeTracking_physio	218	-813.758	227.933	1041.691	1284.660	754.190	0.154	0.063	0.441	0.501
sub-105_task-EyeTracking_physio	218	252.932	427.939	175.007	1233.815	853.185	0.191	0.071	0.361	0.420
sub-105_task-EyeTracking_physio	218	461.272	769.609	308.337	1062.230	979.290	0.132	0.048	0.398	0.440
sub-105_task-EyeTracking_physio	218	811.280	1111.287	300.007	1009.910	585.475	0.120	0.040	0.318	0.360
sub-105_task-EyeTracking_physio	218	1127.953	1427.957	300.004	1209.128	620.885	0.225	0.128	1.070	0.474
sub-105_task-EyeTracking_physio	218	1461.297	1727.969	266.672	1544.445	691.550	0.212	0.096	0.661	0.445
sub-105_task-EyeTracking_physio	218	1777.968	2027.975	250.007	1604.710	804.868	0.170	0.046	0.229	0.477
sub-105_task-EyeTracking_physio	218	2044.641	2494.649	450.008	1647.537	923.517	0.200	0.077	0.492	0.493
sub-105_task-EyeTracking_physio	218	2519.654	3002.997	483.343	1378.665	879.155	0.195	0.092	0.901	0.439
sub-105_task-EyeTracking_physio	219	-416.610	-199.937	216.673	1294.865	733.515	0.142	0.036	0.204	0.363
sub-105_task-EyeTracking_physio	219	-183.270	308.408	491.678	1288.010	718.530	0.161	0.060	0.353	0.578
sub-105_task-EyeTracking_physio	219	350.076	675.080	325.004	1185.700	965.865	0.225	0.275	0.818	0.858
sub-105_task-EyeTracking_physio	219	691.746	825.085	133.339	1064.733	926.808	0.295	0.126	0.899	0.285
sub-105_task-EyeTracking_physio	219	866.754	1216.759	350.005	1021.538	454.533	0.112	0.041	0.267	0.381
sub-105_task-EyeTracking_physio	219	1250.096	1491.771	241.675	1381.545	504.330	0.203	0.095	0.904	0.308
sub-105_task-EyeTracking_physio	219	1516.771	1850.108	333.337	1610.117	637.105	0.205	0.143	0.635	1.162
sub-105_task-EyeTracking_physio	219	1950.112	2225.120	275.008	1595.780	880.290	0.206	0.161	0.741	0.479
sub-105_task-EyeTracking_physio	219	2266.786	2525.124	258.338	1555.755	943.835	0.143	0.071	0.366	0.439
sub-105_task-EyeTracking_physio	219	2558.462	2725.132	166.670	1451.795	913.327	0.134	0.041	0.265	0.320
sub-105_task-EyeTracking_physio	219	2733.466	3008.471	275.005	1313.535	910.740	1.496	4.325	2.191	5.841
sub-105_task-EyeTracking_physio	220	-277.708	447.307	725.015	1289.860	720.515	0.171	0.058	0.267	0.865
sub-105_task-EyeTracking_physio	220	472.310	763.984	291.674	1142.830	846.975	0.200	0.104	0.774	0.496
sub-105_task-EyeTracking_physio	220	788.983	897.319	108.336	992.675	827.560	0.227	0.110	0.616	0.382
sub-105_task-EyeTracking_physio	220	930.653	1213.993	283.340	980.418	539.710	0.128	0.045	0.317	0.390
sub-105_task-EyeTracking_physio	220	1238.992	1497.332	258.340	1288.155	554.025	0.160	0.073	0.735	0.378
sub-105_task-EyeTracking_physio	220	1513.999	1739.005	225.006	1558.860	627.485	0.261	0.137	0.588	0.614
sub-105_task-EyeTracking_physio	220	1972.345	2264.018	291.673	1544.785	848.810	0.165	0.071	0.164	0.916
sub-105_task-EyeTracking_physio	220	2280.683	2522.357	241.674	1338.110	774.540	0.236	0.127	0.692	0.630
sub-105_task-EyeTracking_physio	220	2530.691	2822.364	291.673	1280.510	759.905	0.187	0.114	0.618	0.598
sub-105_task-EyeTracking_physio	220	2847.368	3005.703	158.335	1197.785	669.700	0.186	0.075	0.396	0.496
sub-105_task-EyeTracking_physio	221	-272.150	-138.814	133.336	1270.435	655.078	0.262	0.098	0.745	0.314
sub-105_task-EyeTracking_physio	221	-122.148	244.530	366.678	1281.612	698.683	0.146	0.055	0.274	0.542
sub-105_task-EyeTracking_physio	221	261.197	477.865	216.668	1236.310	772.040	0.260	0.156	0.869	0.609
sub-105_task-EyeTracking_physio	221	494.536	711.205	216.669	1168.405	897.372	0.220	0.082	0.614	0.497
sub-105_task-EyeTracking_physio	221	736.205	1011.212	275.007	1108.515	983.495	0.163	0.095	0.299	0.691
sub-105_task-EyeTracking_physio	221	1036.216	1311.223	275.007	1066.280	996.930	0.125	0.044	0.320	0.390
sub-105_task-EyeTracking_physio	221	1344.556	1644.564	300.008	1017.025	993.510	0.104	0.031	0.306	0.250
sub-105_task-EyeTracking_physio	221	1661.231	2211.245	550.014	1025.580	915.875	0.123	0.051	0.347	0.464
sub-105_task-EyeTracking_physio	221	2244.578	2494.586	250.008	1352.178	923.855	0.200	0.140	0.785	0.457
sub-105_task-EyeTracking_physio	221	2544.586	2777.927	233.341	1517.410	941.595	0.123	0.034	0.251	0.345
sub-105_task-EyeTracking_physio	221	2811.260	3002.939	191.679	1632.210	960.630	0.135	0.042	0.347	0.314
sub-105_task-EyeTracking_physio	222	-299.931	350.083	650.014	1278.570	717.375	0.303	1.096	2.166	2.962
sub-105_task-EyeTracking_physio	222	375.084	608.424	233.340	1218.315	810.215	0.166	0.062	0.446	0.442
sub-105_task-EyeTracking_physio	222	625.091	808.430	183.339	1068.800	848.053	0.152	0.063	0.420	0.320
sub-105_task-EyeTracking_physio	222	841.763	1241.773	400.010	1008.852	544.715	0.124	0.052	0.524	0.387
sub-105_task-EyeTracking_physio	222	1266.773	1525.112	258.339	1290.680	588.040	0.179	0.098	0.612	0.600
sub-105_task-EyeTracking_physio	222	1575.116	1775.118	200.002	1509.753	645.148	0.118	0.030	0.163	0.418
sub-105_task-EyeTracking_physio	222	1791.786	2008.459	216.673	1626.602	672.280	0.235	0.177	0.717	0.753
sub-105_task-EyeTracking_physio	222	2025.126	2358.470	333.344	1620.872	697.065	0.218	0.066	0.293	0.638
sub-105_task-EyeTracking_physio	222	2375.137	2591.804	216.667	1567.492	717.312	0.304	0.192	0.680	0.681
sub-105_task-EyeTracking_physio	222	2616.808	2941.814	325.006	1494.795	702.160	0.188	0.067	0.329	0.501
sub-105_task-EyeTracking_physio	223	-286.126	480.560	766.686	1262.265	685.215	0.139	0.137	0.506	0.769
sub-105_task-EyeTracking_physio	223	497.226	697.235	200.009	1323.273	758.423	0.213	0.217	0.782	0.890
sub-105_task-EyeTracking_physio	223	722.235	1030.573	308.338	1555.815	846.690	0.196	0.528	0.807	2.147
sub-105_task-EyeTracking_physio	223	1047.239	1263.913	216.674	1664.053	825.475	0.164	0.094	0.512	0.469
sub-105_task-EyeTracking_physio	223	1280.580	1488.921	208.341	1628.660	776.590	0.171	0.051	0.193	0.665
sub-105_task-EyeTracking_physio	223	1530.588	1880.594	350.006	1559.467	538.858	0.100	0.039	0.238	0.371
sub-105_task-EyeTracking_physio	223	1922.261	2130.603	208.342	1472.000	536.200	0.092	0.025	0.223	0.284
sub-105_task-EyeTracking_physio	223	2147.268	2305.606	158.338	1316.050	536.860	0.101	0.032	0.240	0.285
sub-105_task-EyeTracking_physio	223	2380.610	2697.282	316.672	1094.260	893.585	0.227	0.333	0.513	1.430
sub-105_task-EyeTracking_physio	223	2730.614	2947.289	216.675	1016.325	916.970	0.181	0.093	0.380	0.628
sub-105_task-EyeTracking_physio	224	-313.925	544.430	858.355	1265.005	697.195	0.156	0.060	0.336	0.661
sub-105_task-EyeTracking_physio	224	577.761	794.437	216.676	1460.532	814.005	0.186	0.261	0.577	1.103
sub-105_task-EyeTracking_physio	224	819.436	1227.780	408.344	1508.835	888.560	0.156	0.089	0.411	0.700
sub-105_task-EyeTracking_physio	224	1269.445	1469.452	200.007	1465.435	890.148	0.118	0.040	0.224	0.318
sub-105_task-EyeTracking_physio	224	1502.785	1811.128	308.343	1168.190	732.995	0.266	0.100	0.265	0.756
sub-105_task-EyeTracking_physio	224	1836.126	2044.465	208.339	1245.455	567.790	0.130	0.060	0.387	0.530
sub-105_task-EyeTracking_physio	224	2069.465	2294.473	225.008	1497.490	514.480	0.121	0.026	0.411	0.245
sub-105_task-EyeTracking_physio	224	2327.806	2494.475	166.669	1407.387	515.648	0.096	0.041	0.353	0.219
sub-105_task-EyeTracking_physio	224	2519.479	2819.485	300.006	1388.000	517.537	0.103	0.037	0.234	0.450
sub-105_task-EyeTracking_physio	224	2852.819	3002.820	150.001	1081.702	552.428	0.144	0.043	0.480	0.221
sub-105_task-EyeTracking_physio	225	-250.003	-116.663	133.340	1266.532	678.928	0.142	0.053	0.276	0.431
sub-105_task-EyeTracking_physio	225	-108.329	258.343	366.672	1277.795	708.315	0.197	0.075	0.380	0.777
sub-105_task-EyeTracking_physio	225	275.010	941.693	666.683	1266.057	767.553	0.205	0.128	0.394	1.147
sub-105_task-EyeTracking_physio	225	958.359	1108.362	150.003	1299.615	775.145	0.313	0.155	0.637	0.695
sub-105_task-EyeTracking_physio	225	1166.701	1558.377	391.676	1617.045	942.555	0.152	0.103	0.516	0.858
sub-105_task-EyeTracking_physio	225	1608.377	1958.385	350.008	1551.332	412.835	0.127	0.086	0.315	0.766
sub-105_task-EyeTracking_physio	225	2000.051	2325.063	325.012	1017.115	506.015	0.144	0.074	0.477	0.429
sub-105_task-EyeTracking_physio	225	2350.063	2741.737	391.674	971.475	592.750	0.096	0.060	0.309	0.610
sub-105_task-EyeTracking_physio	225	2766.737	3008.411	241.674	960.360	683.320	0.161	0.041	0.260	0.406
sub-105_task-EyeTracking_physio	226	-694.722	-461.389	233.333	1253.253	731.520	0.204	0.064	0.272	0.619
sub-105_task-EyeTracking_physio	226	-419.718	371.969	791.687	1289.470	742.420	0.178	0.082	0.442	0.714
sub-105_task-EyeTracking_physio	226	405.303	596.972	191.669	1143.865	801.625	0.187	0.068	0.238	0.624
sub-105_task-EyeTracking_physio	226	613.642	896.981	283.339	1055.095	818.347	0.271	0.269	0.923	1.074
sub-105_task-EyeTracking_physio	226	921.982	1213.654	291.672	1005.225	743.825	0.244	0.100	0.636	0.540
sub-105_task-EyeTracking_physio	226	1255.321	1463.661	208.340	1101.145	543.665	0.095	0.023	0.207	0.300
sub-105_task-EyeTracking_physio	226	1496.994	1897.003	400.009	1511.693	526.383	0.123	0.101	0.562	0.621
sub-105_task-EyeTracking_physio	226	1922.003	2113.676	191.673	1620.260	694.240	0.295	0.135	0.458	1.072
sub-105_task-EyeTracking_physio	226	2130.343	2847.030	716.687	1612.043	900.695	0.149	0.083	0.351	1.135
sub-105_task-EyeTracking_physio	226	2872.030	3005.364	133.334	1568.428	975.250	0.204	0.125	0.317	0.544
sub-105_task-EyeTracking_physio	227	-1148.228	268.474	1416.702	1276.903	759.720	0.221	0.099	0.438	2.068
sub-105_task-EyeTracking_physio	227	310.144	818.488	508.344	1025.105	945.155	0.110	0.043	0.427	0.487
sub-105_task-EyeTracking_physio	227	851.825	1268.499	416.674	999.080	591.310	0.139	0.058	0.516	0.415
sub-105_task-EyeTracking_physio	227	1293.499	1476.835	183.336	1187.755	620.768	0.323	0.225	1.092	0.753
sub-105_task-EyeTracking_physio	227	1510.171	1876.845	366.674	1504.475	797.203	0.190	0.150	0.611	0.936
sub-105_task-EyeTracking_physio	227	1910.182	2101.851	191.669	1596.575	894.715	0.148	0.059	0.459	0.374
sub-105_task-EyeTracking_physio	227	2135.185	2526.859	391.674	1699.890	637.520	0.126	0.049	0.434	0.501
sub-105_task-EyeTracking_physio	227	2543.532	2926.875	383.343	1617.418	512.985	0.152	0.057	0.405	0.597
sub-105_task-EyeTracking_physio	228	-442.778	-301.109	141.669	1296.090	666.565	0.141	0.078	0.298	0.607
sub-105_task-EyeTracking_physio	228	-284.442	265.571	550.013	1283.347	751.572	0.154	0.072	0.395	0.618
sub-105_task-EyeTracking_physio	228	323.908	532.244	208.336	1082.100	865.440	0.118	0.028	0.234	0.288
sub-105_task-EyeTracking_physio	228	573.915	898.919	325.004	1051.505	934.175	0.104	0.025	0.181	0.330
sub-105_task-EyeTracking_physio	228	932.252	1232.262	300.010	983.638	509.947	0.115	0.034	0.257	0.413
sub-105_task-EyeTracking_physio	228	1257.264	1557.270	300.006	1271.027	540.045	0.206	0.106	0.695	0.545
sub-105_task-EyeTracking_physio	228	1632.275	1932.281	300.006	1528.622	639.512	0.160	0.073	0.454	0.489
sub-105_task-EyeTracking_physio	228	1948.948	2265.622	316.674	1547.595	777.867	0.185	0.080	0.335	0.844
sub-105_task-EyeTracking_physio	228	2290.621	2715.632	425.011	1408.510	843.065	0.165	0.102	0.707	0.727
sub-105_task-EyeTracking_physio	228	2732.298	3023.972	291.674	1202.475	821.265	0.207	0.091	0.792	0.562
sub-105_task-EyeTracking_physio	229	-228.846	312.834	541.680	1289.415	757.870	0.174	0.071	0.563	0.636
sub-105_task-EyeTracking_physio	229	346.166	612.840	266.674	1209.315	768.280	0.178	0.130	0.376	0.834
sub-105_task-EyeTracking_physio	229	712.842	1237.854	525.012	1125.420	870.755	0.096	0.042	0.244	0.569
sub-105_task-EyeTracking_physio	229	1271.187	1637.864	366.677	1011.875	614.230	0.139	0.037	0.319	0.477
sub-105_task-EyeTracking_physio	229	1654.531	1929.539	275.008	1013.070	582.955	0.155	0.056	0.390	0.501
sub-105_task-EyeTracking_physio	229	2021.209	2396.220	375.011	1390.650	587.755	0.160	0.057	0.200	0.841
sub-105_task-EyeTracking_physio	229	2421.219	2679.557	258.338	1518.165	609.575	0.226	0.120	0.647	0.572
sub-105_task-EyeTracking_physio	229	2729.564	2954.565	225.001	1620.115	714.335	0.144	0.038	0.225	0.354
sub-105_task-EyeTracking_physio	230	-381.702	-198.361	183.341	1303.487	736.430	0.173	0.046	0.241	0.416
sub-105_task-EyeTracking_physio	230	-173.361	309.987	483.348	1283.513	739.850	0.185	0.100	0.465	0.704
sub-105_task-EyeTracking_physio	230	334.987	609.992	275.005	1182.605	785.510	0.300	0.294	1.078	0.898
sub-105_task-EyeTracking_physio	230	659.990	893.330	233.340	1024.665	586.315	0.130	0.033	0.261	0.365
sub-105_task-EyeTracking_physio	230	918.332	1176.675	258.343	1274.400	528.230	0.139	0.067	0.451	0.394
sub-105_task-EyeTracking_physio	230	1210.009	1426.675	216.666	1599.092	657.075	0.201	0.110	0.638	0.449
sub-105_task-EyeTracking_physio	230	1435.009	1760.021	325.012	1603.100	701.935	0.281	0.095	0.328	0.995
sub-105_task-EyeTracking_physio	230	1893.359	2310.033	416.674	1161.400	820.822	0.198	0.101	0.283	1.137
sub-105_task-EyeTracking_physio	230	2326.700	2560.041	233.341	1129.775	739.422	0.213	0.142	0.522	0.923
sub-105_task-EyeTracking_physio	230	2576.708	2776.713	200.005	1184.595	684.370	0.167	0.064	0.469	0.437
sub-105_task-EyeTracking_physio	230	2801.712	3010.049	208.337	1226.770	589.735	0.135	0.037	0.255	0.390
sub-105_task-EyeTracking_physio	231	-259.453	-101.114	158.339	1270.590	760.235	0.325	0.418	0.507	3.040
sub-105_task-EyeTracking_physio	231	-84.447	373.898	458.345	1270.225	690.570	0.166	0.057	0.279	0.720
sub-105_task-EyeTracking_physio	231	390.564	615.570	225.006	1262.545	786.935	0.167	0.040	0.231	0.623
sub-105_task-EyeTracking_physio	231	657.237	865.578	208.341	1159.560	913.055	0.160	0.055	0.379	0.428
sub-105_task-EyeTracking_physio	231	882.245	1040.579	158.334	1068.170	867.550	0.231	0.149	0.400	0.983
sub-105_task-EyeTracking_physio	231	1082.246	1298.917	216.671	1116.247	419.445	0.130	0.101	0.401	0.692
sub-105_task-EyeTracking_physio	231	1340.585	1565.592	225.007	1582.155	460.330	0.122	0.058	0.435	0.380
sub-105_task-EyeTracking_physio	231	1598.926	1798.932	200.006	1658.717	538.080	0.130	0.090	0.338	0.456
sub-105_task-EyeTracking_physio	231	1823.931	2082.272	258.341	1667.190	623.795	0.107	0.045	0.194	0.477
sub-105_task-EyeTracking_physio	231	2107.271	2332.281	225.010	1633.450	665.275	0.190	0.087	0.512	0.520
sub-105_task-EyeTracking_physio	231	2348.947	2582.285	233.338	1524.865	665.102	0.186	0.061	0.597	0.302
sub-105_task-EyeTracking_physio	231	2598.952	3007.294	408.342	1416.245	680.945	0.243	1.093	1.313	2.051
sub-105_task-EyeTracking_physio	232	-278.880	-37.212	241.668	1288.700	695.935	0.207	0.090	0.542	0.586
sub-105_task-EyeTracking_physio	232	-20.542	329.464	350.006	1266.997	699.110	0.170	0.056	0.410	0.512
sub-105_task-EyeTracking_physio	232	346.130	546.139	200.009	1216.117	717.075	0.289	0.114	0.937	0.354
sub-105_task-EyeTracking_physio	232	629.475	1254.486	625.011	1054.620	890.180	0.259	0.313	0.778	1.293
sub-105_task-EyeTracking_physio	232	1279.485	1479.493	200.008	994.933	892.410	0.252	0.121	0.493	0.609
sub-105_task-EyeTracking_physio	232	1521.158	1746.166	225.008	1016.235	515.605	0.098	0.034	0.259	0.332
sub-105_task-EyeTracking_physio	232	1787.833	2046.172	258.339	1514.635	555.775	0.113	0.052	0.518	0.312
sub-105_task-EyeTracking_physio	232	2071.177	2387.850	316.673	1591.655	617.705	0.153	0.086	0.579	0.492
sub-105_task-EyeTracking_physio	232	2412.849	2587.851	175.002	1619.145	652.325	0.104	0.048	0.288	0.356
sub-105_task-EyeTracking_physio	232	2687.855	2896.195	208.340	1671.940	916.295	0.157	0.059	0.291	0.607
sub-105_task-EyeTracking_physio	233	-581.909	184.779	766.688	1276.005	697.820	0.158	0.093	0.436	0.765
sub-105_task-EyeTracking_physio	233	426.450	526.457	100.007	1412.653	841.450	0.301	0.207	0.741	0.480
sub-105_task-EyeTracking_physio	233	534.790	726.460	191.670	1425.810	820.715	0.165	0.088	0.296	0.584
sub-105_task-EyeTracking_physio	233	743.129	1059.801	316.672	1547.400	806.510	0.285	0.361	0.429	2.422
sub-105_task-EyeTracking_physio	233	1101.468	1459.813	358.345	1626.470	815.825	0.148	0.064	0.346	0.548
sub-105_task-EyeTracking_physio	233	1518.147	2043.160	525.013	1129.750	704.735	0.172	0.071	0.325	0.563
sub-105_task-EyeTracking_physio	233	2068.161	2426.500	358.339	1141.640	717.430	0.155	0.065	0.355	0.649
sub-105_task-EyeTracking_physio	233	2443.167	2734.842	291.675	1147.075	736.630	0.183	0.074	0.307	0.723
sub-105_task-EyeTracking_physio	233	2776.508	3009.847	233.339	994.683	526.597	0.116	0.049	0.329	0.465
sub-105_task-EyeTracking_physio	234	-334.791	331.889	666.680	1289.230	735.405	0.187	0.144	0.404	1.260
sub-105_task-EyeTracking_physio	234	348.556	498.564	150.008	1319.175	824.550	0.152	0.105	0.243	0.718
sub-105_task-EyeTracking_physio	234	515.230	815.237	300.007	1471.350	859.757	0.152	0.083	0.552	0.537
sub-105_task-EyeTracking_physio	234	831.903	1106.908	275.005	1571.660	820.210	0.171	0.083	0.490	0.561
sub-105_task-EyeTracking_physio	234	1148.580	1398.586	250.006	1639.972	515.270	0.111	0.037	0.254	0.368
sub-105_task-EyeTracking_physio	234	1415.252	1731.924	316.672	1555.112	513.808	0.144	0.047	0.588	0.306
sub-105_task-EyeTracking_physio	234	1765.256	2023.595	258.339	1354.720	619.055	0.236	0.147	0.747	0.617
sub-105_task-EyeTracking_physio	234	2173.600	2598.612	425.012	1080.910	908.660	0.121	0.052	0.247	0.658
sub-105_task-EyeTracking_physio	234	2623.613	2923.616	300.003	990.947	719.803	0.212	0.082	0.433	0.636
sub-105_task-EyeTracking_physio	235	-329.273	-204.270	125.003	1273.310	677.720	0.212	0.080	0.244	0.814
sub-105_task-EyeTracking_physio	235	-187.604	395.742	583.346	1290.188	732.190	0.169	0.076	0.302	0.951
sub-105_task-EyeTracking_physio	235	420.742	612.415	191.673	1325.445	791.450	0.222	0.059	0.271	0.734
sub-105_task-EyeTracking_physio	235	637.416	995.758	358.342	1219.415	856.825	0.149	0.056	0.539	0.495
sub-105_task-EyeTracking_physio	235	1012.424	1220.760	208.336	1107.040	862.035	0.187	0.064	0.594	0.243
sub-105_task-EyeTracking_physio	235	1262.430	1695.773	433.343	1012.205	589.005	0.105	0.037	0.255	0.561
sub-105_task-EyeTracking_physio	235	1729.106	2029.117	300.011	1329.108	602.260	0.124	0.042	0.380	0.315
sub-105_task-EyeTracking_physio	235	2054.116	2362.455	308.339	1496.835	676.840	0.212	0.124	0.592	0.754
sub-105_task-EyeTracking_physio	235	2379.122	2862.469	483.347	1599.580	660.505	0.247	0.094	0.484	0.651
sub-105_task-EyeTracking_physio	235	2887.468	3004.136	116.668	1405.770	706.635	0.175	0.067	0.276	0.273
sub-105_task-EyeTracking_physio	236	-632.327	-448.988	183.339	1280.625	697.775	0.153	0.067	0.344	0.405
sub-105_task-EyeTracking_physio	236	-423.989	-90.645	333.344	1293.910	739.455	0.143	0.064	0.211	0.660
sub-105_task-EyeTracking_physio	236	-73.978	376.031	450.009	1292.632	717.352	0.165	0.057	0.314	0.771
sub-105_task-EyeTracking_physio	236	409.368	692.706	283.338	1118.263	754.132	0.190	0.107	0.521	0.646
sub-105_task-EyeTracking_physio	236	709.373	892.707	183.334	1078.432	744.985	0.197	0.060	0.493	0.360
sub-105_task-EyeTracking_physio	236	926.047	1092.717	166.670	1061.803	679.153	0.118	0.028	0.257	0.215
sub-105_task-EyeTracking_physio	236	1117.714	1342.723	225.009	1046.095	613.770	0.107	0.040	0.357	0.277
sub-105_task-EyeTracking_physio	236	1359.389	1609.394	250.005	1080.255	612.703	0.115	0.036	0.300	0.323
sub-105_task-EyeTracking_physio	236	1726.065	2009.405	283.340	1544.200	705.585	0.188	0.102	0.557	0.559
sub-105_task-EyeTracking_physio	236	2026.072	2492.746	466.674	1598.115	698.560	0.163	0.053	0.331	0.491
sub-105_task-EyeTracking_physio	236	2509.419	2859.420	350.001	1559.210	734.700	0.216	0.092	0.567	0.673
sub-105_task-EyeTracking_physio	236	2884.420	3009.429	125.009	1474.240	751.865	0.224	0.078	0.486	0.368
sub-105_task-EyeTracking_physio	237	-243.387	523.299	766.686	1286.332	718.112	0.153	0.061	0.378	0.517
sub-105_task-EyeTracking_physio	237	639.968	831.638	191.670	1488.805	1082.445	0.184	0.081	0.427	0.524
sub-105_task-EyeTracking_physio	237	856.638	1081.645	225.007	1561.790	967.695	0.140	0.052	0.304	0.426
sub-105_task-EyeTracking_physio	237	1106.643	1314.986	208.343	1612.740	793.370	0.182	0.042	0.183	0.452
sub-105_task-EyeTracking_physio	237	1331.653	1564.991	233.338	1589.198	658.520	0.181	0.079	0.279	0.588
sub-105_task-EyeTracking_physio	237	1589.991	1898.330	308.339	1521.610	561.085	0.113	0.038	0.237	0.352
sub-105_task-EyeTracking_physio	237	1915.002	2248.341	333.339	1441.895	548.567	0.153	0.055	0.512	0.366
sub-105_task-EyeTracking_physio	237	2265.008	2631.685	366.677	1382.358	568.707	0.175	0.051	0.801	0.297
sub-105_task-EyeTracking_physio	237	2665.017	2873.357	208.340	1283.000	581.940	0.090	0.021	0.220	0.259
sub-105_task-EyeTracking_physio	237	2898.355	3006.693	108.338	1090.400	550.210	0.159	0.061	0.357	0.294
sub-105_task-EyeTracking_physio	238	-246.206	-146.196	100.010	1278.730	1009.930	2.417	6.454	1.531	7.202
sub-105_task-EyeTracking_physio	238	-112.862	528.812	641.674	1285.370	723.665	0.153	0.098	0.268	0.993
sub-105_task-EyeTracking_physio	238	545.478	878.824	333.346	1279.985	788.825	0.246	0.103	0.292	0.933
sub-105_task-EyeTracking_physio	238	895.490	2170.521	1275.031	1277.735	857.760	0.156	0.109	0.447	1.129
sub-105_task-EyeTracking_physio	238	2195.521	2420.528	225.007	1291.980	865.855	0.148	0.049	0.281	0.445
sub-105_task-EyeTracking_physio	238	2453.861	2703.868	250.007	1420.497	863.885	0.116	0.039	0.313	0.317
sub-105_task-EyeTracking_physio	238	2728.868	2970.541	241.673	1539.075	838.040	0.177	0.046	0.328	0.438
sub-105_task-EyeTracking_physio	239	-432.513	-224.177	208.336	1280.255	749.115	0.124	0.071	0.450	0.447
sub-105_task-EyeTracking_physio	239	-207.511	275.836	483.347	1281.722	713.138	0.160	0.055	0.250	0.757
sub-105_task-EyeTracking_physio	239	292.502	509.175	216.673	1193.810	724.055	0.251	0.120	0.785	0.468
sub-105_task-EyeTracking_physio	239	542.509	742.516	200.007	1081.770	870.847	0.268	0.133	0.478	0.854
sub-105_task-EyeTracking_physio	239	750.849	942.519	191.670	1197.865	886.290	0.283	0.182	0.548	0.866
sub-105_task-EyeTracking_physio	239	959.185	1117.519	158.334	1367.355	887.225	0.216	0.087	0.390	0.506
sub-105_task-EyeTracking_physio	239	1192.523	1425.865	233.342	1436.398	468.250	0.114	0.044	0.403	0.421
sub-105_task-EyeTracking_physio	239	1442.531	1625.870	183.339	1376.385	489.140	0.154	0.092	0.679	0.355
sub-105_task-EyeTracking_physio	239	1642.537	1917.543	275.006	1251.040	530.825	0.088	0.059	0.297	0.467
sub-105_task-EyeTracking_physio	239	1992.544	2292.547	300.003	1264.293	798.670	0.108	0.065	0.284	0.590
sub-105_task-EyeTracking_physio	239	2325.886	2500.888	175.002	1366.945	814.435	0.105	0.025	0.220	0.320
sub-105_task-EyeTracking_physio	239	2525.887	2742.561	216.674	1514.395	802.663	0.119	0.062	0.491	0.315
sub-105_task-EyeTracking_physio	239	2759.228	2975.900	216.672	1578.505	754.038	0.267	0.128	0.360	0.671
sub-105_task-EyeTracking_physio	240	-1144.312	-985.979	158.333	1381.970	837.690	1.977	11.995	4.201	9.790
sub-105_task-EyeTracking_physio	240	-919.313	-785.976	133.337	1335.890	691.450	0.163	0.149	0.432	0.750
sub-105_task-EyeTracking_physio	240	-760.970	264.049	1025.019	1280.145	701.660	0.186	0.118	0.720	0.840
sub-105_task-EyeTracking_physio	240	280.720	564.058	283.338	1319.585	754.160	0.173	0.065	0.224	0.610
sub-105_task-EyeTracking_physio	240	580.725	822.399	241.674	1290.270	828.500	0.138	0.050	0.246	0.440
sub-105_task-EyeTracking_physio	240	880.731	1172.404	291.673	1267.885	888.555	0.136	0.038	0.204	0.506
sub-105_task-EyeTracking_physio	240	1397.410	1847.418	450.008	1125.390	669.140	0.205	0.097	0.257	1.004
sub-105_task-EyeTracking_physio	240	1880.757	2189.098	308.341	1479.540	724.960	0.153	0.052	0.521	0.424
sub-105_task-EyeTracking_physio	240	2230.764	2539.105	308.341	1601.045	749.900	0.122	0.034	0.269	0.407
sub-105_task-EyeTracking_physio	240	2555.771	2772.445	216.674	1627.050	708.478	0.122	0.043	0.273	0.380
sub-105_task-EyeTracking_physio	240	2797.445	2897.448	100.003	1658.613	643.048	0.105	0.026	0.148	0.238
sub-105_task-EyeTracking_physio	240	2914.113	3022.445	108.332	1626.340	584.055	0.181	0.182	0.549	0.887
sub-105_task-EyeTracking_physio	241	-305.479	-180.477	125.002	1310.545	654.870	0.121	0.050	0.221	0.438
sub-105_task-EyeTracking_physio	241	-163.811	352.867	516.678	1282.673	698.352	0.187	0.069	0.393	0.896
sub-105_task-EyeTracking_physio	241	377.867	611.208	233.341	1304.775	818.447	0.268	0.153	0.366	1.237
sub-105_task-EyeTracking_physio	241	636.209	861.207	224.998	1382.505	892.015	0.198	0.090	0.363	0.719
sub-105_task-EyeTracking_physio	241	902.880	1094.552	191.672	1515.100	916.715	0.154	0.025	0.119	0.487
sub-105_task-EyeTracking_physio	241	1111.217	1302.890	191.673	1622.390	927.000	0.177	0.055	0.430	0.353
sub-105_task-EyeTracking_physio	241	1361.222	1719.565	358.343	1062.605	579.250	0.121	0.121	0.577	0.618
sub-105_task-EyeTracking_physio	241	1736.232	1894.569	158.337	1109.630	537.515	0.106	0.024	0.265	0.186
sub-105_task-EyeTracking_physio	241	1961.239	2161.242	200.003	1318.185	524.158	0.087	0.036	0.300	0.290
sub-105_task-EyeTracking_physio	241	2186.247	2394.582	208.335	1437.360	531.860	0.089	0.033	0.305	0.283
sub-105_task-EyeTracking_physio	241	2411.249	3002.931	591.682	1532.870	553.820	0.100	0.032	0.324	0.387
sub-105_task-EyeTracking_physio	242	-4236.461	-3978.120	258.341	1279.725	695.360	0.170	0.059	0.246	0.659
sub-105_task-EyeTracking_physio	242	-3928.118	-3694.777	233.341	1289.160	749.790	0.115	0.056	0.212	0.521
sub-105_task-EyeTracking_physio	242	-3678.111	-3519.774	158.337	1281.735	764.180	0.113	0.024	0.185	0.262
sub-105_task-EyeTracking_physio	242	-3278.101	396.983	3675.084	1281.820	756.255	0.154	0.169	0.587	1.115
sub-105_task-EyeTracking_physio	242	496.983	796.992	300.009	1095.017	936.780	0.109	0.046	0.266	0.392
sub-105_task-EyeTracking_physio	242	971.993	1697.013	725.020	1156.480	913.225	0.135	0.073	0.574	0.440
sub-105_task-EyeTracking_physio	242	1730.347	2005.353	275.006	1358.255	650.625	0.183	0.085	0.410	0.704
sub-105_task-EyeTracking_physio	242	2030.353	2330.362	300.009	1388.615	693.058	0.178	0.117	0.457	0.610
sub-105_task-EyeTracking_physio	242	2505.365	2822.039	316.674	1591.262	851.663	0.152	0.101	0.298	0.977
sub-105_task-EyeTracking_physio	242	2855.374	3038.712	183.338	1524.185	781.418	0.169	0.065	0.363	0.409
sub-105_task-EyeTracking_physio	243	-1148.201	-673.193	475.008	1280.060	662.170	0.218	0.126	0.951	0.646
sub-105_task-EyeTracking_physio	243	-523.192	243.496	766.688	1285.493	735.100	0.166	0.067	0.250	0.930
sub-105_task-EyeTracking_physio	243	260.162	460.169	200.007	1327.033	785.957	0.214	0.094	0.436	0.686
sub-105_task-EyeTracking_physio	243	476.837	793.508	316.671	1427.975	806.913	0.254	0.136	0.785	0.624
sub-105_task-EyeTracking_physio	243	810.180	1026.846	216.666	1423.888	756.683	0.138	0.078	0.238	0.604
sub-105_task-EyeTracking_physio	243	1043.513	1426.857	383.344	1473.725	686.550	0.188	0.087	0.311	1.090
sub-105_task-EyeTracking_physio	243	1501.860	1660.199	158.339	1215.210	717.405	0.198	0.207	0.707	0.538
sub-105_task-EyeTracking_physio	243	1685.198	1976.869	291.671	1050.370	761.165	0.257	0.128	0.502	0.894
sub-105_task-EyeTracking_physio	243	2001.874	2293.546	291.672	1033.515	896.760	0.145	0.046	0.291	0.527
sub-105_task-EyeTracking_physio	243	2326.878	2710.221	383.343	1187.735	662.212	0.163	0.048	0.289	0.399
sub-105_task-EyeTracking_physio	243	2718.555	2968.560	250.005	1162.990	663.483	0.220	0.087	0.700	0.427
sub-105_task-EyeTracking_physio	244	-200.984	415.702	616.686	1284.820	739.253	0.242	0.155	0.813	1.457
sub-105_task-EyeTracking_physio	244	857.376	982.380	125.004	986.680	841.305	0.173	0.079	0.285	0.578
sub-105_task-EyeTracking_physio	244	999.047	1390.725	391.678	1023.425	654.390	0.103	0.037	0.287	0.337
sub-105_task-EyeTracking_physio	244	1524.064	1799.067	275.003	1566.990	581.075	0.169	0.063	0.708	0.318
sub-105_task-EyeTracking_physio	244	1824.067	2024.075	200.008	1636.328	578.395	0.104	0.044	0.365	0.337
sub-105_task-EyeTracking_physio	244	2049.075	2215.746	166.671	1568.995	557.185	0.108	0.042	0.323	0.321
sub-105_task-EyeTracking_physio	244	2240.750	2499.089	258.339	1456.145	509.050	0.090	0.039	0.502	0.218
sub-105_task-EyeTracking_physio	244	2549.090	2757.428	208.338	1342.270	547.665	0.094	0.049	0.270	0.498
sub-105_task-EyeTracking_physio	244	2799.096	3007.432	208.336	1035.310	691.970	0.117	0.026	0.181	0.301
sub-105_task-EyeTracking_physio	245	-312.086	-103.745	208.341	1249.045	714.365	0.269	0.123	1.026	0.342
sub-105_task-EyeTracking_physio	245	-87.079	246.258	333.337	1284.827	718.463	0.177	0.099	0.527	0.687
sub-105_task-EyeTracking_physio	245	262.925	462.935	200.010	1376.890	721.595	0.154	0.068	0.379	0.463
sub-105_task-EyeTracking_physio	245	496.267	712.944	216.677	1458.378	672.183	0.112	0.042	0.295	0.489
sub-105_task-EyeTracking_physio	245	729.611	921.280	191.669	1471.385	622.005	0.094	0.028	0.176	0.334
sub-105_task-EyeTracking_physio	245	954.616	1246.288	291.672	1508.995	828.110	0.144	0.052	0.306	0.452
sub-105_task-EyeTracking_physio	245	1262.955	1579.629	316.674	1411.520	877.745	0.221	0.132	0.592	0.630
sub-105_task-EyeTracking_physio	245	1604.629	1929.638	325.009	1011.565	836.245	0.225	0.118	0.623	0.605
sub-105_task-EyeTracking_physio	245	1946.304	2179.643	233.339	1008.308	723.120	0.146	0.064	0.234	0.515
sub-105_task-EyeTracking_physio	245	2204.642	2454.649	250.007	1083.915	645.660	0.144	0.036	0.287	0.360
sub-105_task-EyeTracking_physio	245	2487.982	2662.988	175.006	1155.735	598.750	0.117	0.024	0.254	0.236
sub-105_task-EyeTracking_physio	245	2687.989	2979.661	291.672	1190.460	625.045	0.109	0.094	0.440	0.574
sub-105_task-EyeTracking_physio	246	-1148.916	-1023.912	125.004	1277.330	692.625	0.256	0.197	0.567	0.888
sub-105_task-EyeTracking_physio	246	-973.904	-840.564	133.340	1266.220	971.770	2.038	14.906	4.993	5.089
sub-105_task-EyeTracking_physio	246	-798.897	426.123	1225.020	1289.960	721.455	0.387	0.500	0.790	4.672
sub-105_task-EyeTracking_physio	246	459.457	642.795	183.338	1364.807	725.585	0.173	0.074	0.326	0.591
sub-105_task-EyeTracking_physio	246	659.462	801.132	141.670	1446.120	776.995	0.147	0.216	0.507	0.678
sub-105_task-EyeTracking_physio	246	867.806	1184.474	316.668	1126.463	754.273	0.222	0.335	0.834	1.412
sub-105_task-EyeTracking_physio	246	1226.140	1434.480	208.340	1024.795	692.130	0.128	0.030	0.183	0.371
sub-105_task-EyeTracking_physio	246	1459.480	1717.820	258.340	934.025	634.745	0.150	0.038	0.470	0.393
sub-105_task-EyeTracking_physio	246	1742.819	2001.158	258.339	986.270	524.175	0.100	0.039	0.190	0.504
sub-105_task-EyeTracking_physio	246	2117.828	2401.167	283.339	982.827	457.567	0.120	0.044	0.422	0.444
sub-105_task-EyeTracking_physio	246	2434.499	2667.838	233.339	1078.740	459.065	0.098	0.023	0.325	0.203
sub-105_task-EyeTracking_physio	246	2701.177	2884.511	183.334	1159.058	509.913	0.105	0.041	0.311	0.313
sub-105_task-EyeTracking_physio	247	-210.088	431.592	641.680	1276.465	708.020	0.178	0.211	0.646	1.089
sub-105_task-EyeTracking_physio	247	448.258	664.935	216.677	1342.248	678.100	0.163	0.108	0.546	0.475
sub-105_task-EyeTracking_physio	247	681.600	1081.608	400.008	1436.433	678.755	0.133	0.064	0.520	0.414
sub-105_task-EyeTracking_physio	247	1114.942	1281.610	166.668	1510.247	682.820	0.088	0.020	0.276	0.199
sub-105_task-EyeTracking_physio	247	1314.945	1548.282	233.337	1589.568	616.000	0.096	0.022	0.233	0.228
sub-105_task-EyeTracking_physio	247	1564.948	1906.624	341.676	1678.380	603.060	0.128	0.061	0.429	0.347
sub-105_task-EyeTracking_physio	247	1956.623	2431.637	475.014	1542.255	893.120	0.172	0.078	0.302	0.835
sub-105_task-EyeTracking_physio	247	2456.637	2648.309	191.672	1608.425	892.320	0.146	0.050	0.364	0.300
sub-105_task-EyeTracking_physio	247	2673.310	2939.984	266.674	1679.060	884.243	0.162	0.045	0.306	0.429
sub-105_task-EyeTracking_physio	248	-362.957	395.397	758.354	1286.700	707.335	0.158	0.109	0.431	0.742
sub-105_task-EyeTracking_physio	248	412.063	595.403	183.340	1200.875	714.535	0.235	0.101	0.712	0.419
sub-105_task-EyeTracking_physio	248	628.736	1362.088	733.352	960.390	692.360	0.128	0.085	0.464	0.590
sub-105_task-EyeTracking_physio	248	1378.755	1595.423	216.668	1044.965	692.760	0.191	0.084	0.536	0.376
sub-105_task-EyeTracking_physio	248	1720.425	1978.768	258.343	1424.835	566.070	0.099	0.032	0.396	0.335
sub-105_task-EyeTracking_physio	248	2003.767	2295.443	291.676	1534.715	578.000	0.154	0.045	0.597	0.324
sub-105_task-EyeTracking_physio	248	2320.444	2528.779	208.335	1602.665	614.080	0.122	0.057	0.468	0.347
sub-105_task-EyeTracking_physio	248	2545.449	3020.460	475.011	1643.445	705.240	0.271	6.557	6.023	2.013
sub-105_task-EyeTracking_physio	249	-224.036	-115.702	108.334	1284.765	647.105	0.183	0.113	0.412	0.444
sub-105_task-EyeTracking_physio	249	-99.035	292.640	391.675	1285.920	707.425	0.176	0.059	0.239	0.595
sub-105_task-EyeTracking_physio	249	317.638	625.983	308.345	1220.450	718.500	0.202	0.081	0.809	0.422
sub-105_task-EyeTracking_physio	249	659.317	909.322	250.005	1167.793	679.188	0.154	0.056	0.287	0.599
sub-105_task-EyeTracking_physio	249	934.321	1309.331	375.010	1121.490	645.015	0.122	0.169	0.613	0.751
sub-105_task-EyeTracking_physio	249	1342.664	1659.341	316.677	1357.673	729.270	0.154	0.058	0.412	0.606
sub-105_task-EyeTracking_physio	249	1676.007	2017.678	341.671	1490.780	850.105	0.171	0.082	0.512	0.807
sub-105_task-EyeTracking_physio	249	2051.015	2159.347	108.332	1613.990	1051.530	0.175	0.103	0.302	0.602
sub-105_task-EyeTracking_physio	249	2176.015	2609.361	433.346	1494.385	885.500	0.179	0.077	0.364	0.639
sub-105_task-EyeTracking_physio	249	2642.694	2867.701	225.007	1291.575	788.200	0.271	0.090	0.292	0.693
sub-105_task-EyeTracking_physio	250	-260.137	-135.132	125.005	1253.175	692.820	0.173	0.052	0.258	0.367
sub-105_task-EyeTracking_physio	250	-118.463	298.213	416.676	1281.065	714.293	0.194	0.080	0.610	0.702
sub-105_task-EyeTracking_physio	250	331.546	548.220	216.674	1236.555	720.985	0.161	0.047	0.293	0.504
sub-105_task-EyeTracking_physio	250	664.888	931.561	266.673	1272.860	815.065	0.234	0.109	0.238	1.389
sub-105_task-EyeTracking_physio	250	989.894	1289.899	300.005	1338.020	965.442	0.126	0.036	0.201	0.467
sub-105_task-EyeTracking_physio	250	1331.568	1548.239	216.671	1494.277	949.332	0.153	0.040	0.248	0.327
sub-105_task-EyeTracking_physio	250	1581.577	1914.916	333.339	1481.660	629.438	0.193	0.060	0.255	0.735
sub-105_task-EyeTracking_physio	250	1931.581	2198.255	266.674	1483.702	703.995	0.204	0.074	0.241	0.791
sub-105_task-EyeTracking_physio	250	2248.259	2431.594	183.335	1538.763	799.723	0.125	0.042	0.208	0.408
sub-105_task-EyeTracking_physio	250	2464.927	3023.274	558.347	1110.280	765.560	0.284	0.133	0.446	1.132
sub-105_task-EyeTracking_physio	251	-246.223	262.122	508.345	1277.255	710.935	0.188	0.101	0.523	0.654
sub-105_task-EyeTracking_physio	251	287.122	528.794	241.672	1246.490	857.845	0.167	0.046	0.289	0.435
sub-105_task-EyeTracking_physio	251	553.793	845.469	291.676	1263.375	913.355	0.114	0.036	0.198	0.455
sub-105_task-EyeTracking_physio	251	870.470	1112.145	241.675	1323.975	941.360	0.146	0.042	0.321	0.310
sub-105_task-EyeTracking_physio	251	1128.811	1378.817	250.006	1444.243	860.747	0.206	0.100	0.419	0.651
sub-105_task-EyeTracking_physio	251	1395.481	1662.157	266.676	1543.668	743.362	0.267	0.095	0.242	0.883
sub-105_task-EyeTracking_physio	251	1687.156	2078.832	391.676	1377.380	662.485	0.202	0.149	0.465	0.803
sub-105_task-EyeTracking_physio	251	2095.498	2362.171	266.673	1186.322	667.742	0.186	0.071	0.467	0.376
sub-105_task-EyeTracking_physio	251	2378.838	2695.514	316.676	1092.120	695.440	0.203	0.103	0.588	0.682
sub-105_task-EyeTracking_physio	251	2728.848	3003.854	275.006	1134.820	764.515	0.212	0.102	0.373	0.676
sub-105_task-EyeTracking_physio	252	-415.759	-174.091	241.668	1304.855	729.630	0.156	0.073	0.449	0.475
sub-105_task-EyeTracking_physio	252	-149.088	392.590	541.678	1293.505	724.720	0.161	0.073	0.428	0.567
sub-105_task-EyeTracking_physio	252	425.923	725.929	300.006	1172.493	945.947	0.162	0.053	0.231	0.610
sub-105_task-EyeTracking_physio	252	759.266	1059.272	300.006	1115.993	980.992	0.141	0.043	0.256	0.403
sub-105_task-EyeTracking_physio	252	1100.938	1609.285	508.347	997.995	605.840	0.138	0.149	0.441	0.724
sub-105_task-EyeTracking_physio	252	1634.284	1975.959	341.675	1067.155	694.230	0.186	0.093	0.695	0.671
sub-105_task-EyeTracking_physio	252	2000.959	2292.635	291.676	1244.505	715.675	0.183	0.105	0.555	0.535
sub-105_task-EyeTracking_physio	252	2317.633	2492.640	175.007	1330.925	753.520	0.256	0.139	0.570	0.742
sub-105_task-EyeTracking_physio	252	2550.973	2775.980	225.007	1569.795	906.790	0.137	0.040	0.283	0.401
sub-105_task-EyeTracking_physio	252	2792.647	2984.318	191.671	1610.740	826.260	0.160	0.079	0.421	0.395
sub-105_task-EyeTracking_physio	253	-343.577	-235.244	108.333	1300.010	624.100	0.140	0.060	0.567	0.183
sub-105_task-EyeTracking_physio	253	-218.578	364.773	583.351	1293.068	695.003	0.189	0.084	0.292	0.821
sub-105_task-EyeTracking_physio	253	381.440	681.446	300.006	1318.872	770.173	0.233	0.081	0.267	0.639
sub-105_task-EyeTracking_physio	253	698.113	1498.130	800.017	1235.928	831.913	0.162	0.088	0.560	0.618
sub-105_task-EyeTracking_physio	253	1523.135	1714.802	191.667	1077.870	802.735	0.197	0.107	0.737	0.407
sub-105_task-EyeTracking_physio	253	1739.803	1998.143	258.340	1025.840	577.885	0.096	0.031	0.188	0.455
sub-105_task-EyeTracking_physio	253	2023.142	2298.153	275.011	1291.255	539.340	0.146	0.086	0.722	0.385
sub-105_task-EyeTracking_physio	253	2323.154	2748.162	425.008	1440.490	564.640	0.129	0.059	0.587	0.467
sub-105_task-EyeTracking_physio	253	2764.829	3006.503	241.674	1408.350	568.195	0.176	0.034	0.627	0.224
sub-105_task-EyeTracking_physio	254	-496.507	311.846	808.353	1288.570	727.955	0.183	0.128	0.786	1.012
sub-105_task-EyeTracking_physio	254	336.846	495.180	158.334	1343.010	784.690	0.215	0.088	0.383	0.538
sub-105_task-EyeTracking_physio	254	536.852	836.858	300.006	1614.753	812.197	0.202	0.339	0.625	1.247
sub-105_task-EyeTracking_physio	254	861.858	1228.535	366.677	1578.505	584.060	0.121	0.372	0.766	0.810
sub-105_task-EyeTracking_physio	254	1278.534	1461.873	183.339	1469.938	583.987	0.107	0.027	0.188	0.272
sub-105_task-EyeTracking_physio	254	1595.209	2061.886	466.677	1037.468	928.668	0.142	0.067	0.538	0.487
sub-105_task-EyeTracking_physio	254	2161.889	2386.895	225.006	1018.195	519.010	0.092	0.032	0.329	0.230
sub-105_task-EyeTracking_physio	254	2420.228	2661.902	241.674	1335.015	533.860	0.162	0.073	0.603	0.316
sub-105_task-EyeTracking_physio	254	2695.234	2970.239	275.005	1433.770	568.285	0.135	0.049	0.594	0.347
sub-105_task-EyeTracking_physio	255	-99.299	342.380	441.679	1275.730	695.715	0.176	0.358	0.992	1.158
sub-105_task-EyeTracking_physio	255	425.719	792.389	366.670	1051.403	883.097	0.201	0.072	0.274	0.745
sub-105_task-EyeTracking_physio	255	825.725	1067.400	241.675	1332.945	885.040	0.228	0.144	0.738	0.720
sub-105_task-EyeTracking_physio	255	1109.066	2175.757	1066.691	1449.385	888.990	0.140	0.138	0.670	1.008
sub-105_task-EyeTracking_physio	255	2225.757	2467.430	241.673	1405.575	855.105	0.119	0.026	0.191	0.335
sub-105_task-EyeTracking_physio	255	2500.764	2759.103	258.339	1186.110	732.370	0.190	0.095	0.583	0.406
sub-105_task-EyeTracking_physio	255	2792.440	3009.102	216.662	1024.980	578.890	0.118	0.029	0.255	0.357
sub-105_task-EyeTracking_physio	256	-810.909	-535.901	275.008	1279.335	674.950	0.184	0.055	0.273	0.620
sub-105_task-EyeTracking_physio	256	-510.901	-402.559	108.342	1292.513	951.010	4.865	18.916	3.245	6.758
sub-105_task-EyeTracking_physio	256	-377.559	-260.895	116.664	1291.525	737.747	0.808	0.403	0.248	2.562
sub-105_task-EyeTracking_physio	256	-252.562	339.125	591.687	1286.040	708.405	0.178	0.072	0.305	0.852
sub-105_task-EyeTracking_physio	256	347.459	530.788	183.329	1424.783	772.510	0.350	1.170	2.525	1.077
sub-105_task-EyeTracking_physio	256	547.455	764.132	216.677	1689.928	831.702	0.164	0.085	0.432	0.475
sub-105_task-EyeTracking_physio	256	797.464	1080.803	283.339	1626.322	534.910	0.106	0.066	0.366	0.403
sub-105_task-EyeTracking_physio	256	1105.803	1347.477	241.674	1454.510	519.160	0.122	0.039	0.352	0.277
sub-105_task-EyeTracking_physio	256	1372.475	1614.149	241.674	1353.140	536.150	0.175	0.046	0.578	0.308
sub-105_task-EyeTracking_physio	256	1639.147	1864.155	225.008	1213.195	643.400	0.123	0.042	0.285	0.398
sub-105_task-EyeTracking_physio	256	1889.154	2080.827	191.673	1216.310	722.690	0.171	0.054	0.334	0.526
sub-105_task-EyeTracking_physio	256	2114.161	2330.834	216.673	1319.887	787.862	0.142	0.083	0.369	0.500
sub-105_task-EyeTracking_physio	256	2347.502	2614.177	266.675	1443.845	795.832	0.171	0.111	0.457	0.522
sub-105_task-EyeTracking_physio	256	2639.176	2955.851	316.675	1477.175	800.540	0.114	0.036	0.236	0.340
sub-105_task-EyeTracking_physio	257	-263.658	261.356	525.014	1283.950	715.015	0.169	0.113	0.570	0.986
sub-105_task-EyeTracking_physio	257	286.356	578.028	291.672	1246.905	788.595	0.212	0.125	0.451	0.763
sub-105_task-EyeTracking_physio	257	594.694	828.035	233.341	1126.995	849.332	0.178	0.080	0.527	0.494
sub-105_task-EyeTracking_physio	257	844.701	1111.373	266.672	1123.685	918.197	0.164	0.077	0.375	0.447
sub-105_task-EyeTracking_physio	257	1136.373	1486.384	350.011	1153.648	943.230	0.140	0.076	0.422	0.463
sub-105_task-EyeTracking_physio	257	1503.049	1778.056	275.007	1349.075	922.300	0.169	0.074	0.421	0.593
sub-105_task-EyeTracking_physio	257	1828.059	2078.067	250.008	1487.528	898.778	0.119	0.027	0.170	0.370
sub-105_task-EyeTracking_physio	257	2111.399	2319.735	208.336	1592.045	913.495	0.156	0.039	0.334	0.400
sub-105_task-EyeTracking_physio	257	2353.072	2594.740	241.668	1597.325	607.215	0.236	0.094	0.346	0.760
sub-105_task-EyeTracking_physio	257	2628.079	2786.415	158.336	1480.810	552.645	0.110	0.042	0.309	0.365
sub-105_task-EyeTracking_physio	257	2836.415	3003.092	166.677	1114.575	652.753	0.169	0.056	0.475	0.363
sub-105_task-EyeTracking_physio	258	-891.956	291.410	1183.366	1282.473	701.100	0.212	0.271	0.826	1.365
sub-105_task-EyeTracking_physio	258	316.409	508.080	191.671	1184.465	759.960	0.180	0.065	0.412	0.399
sub-105_task-EyeTracking_physio	258	533.079	924.754	391.675	1061.500	776.070	0.196	0.101	0.314	0.806
sub-105_task-EyeTracking_physio	258	941.426	1199.766	258.340	1045.650	660.495	0.106	0.027	0.295	0.243
sub-105_task-EyeTracking_physio	258	1258.099	1474.771	216.672	1139.003	618.340	0.105	0.028	0.189	0.368
sub-105_task-EyeTracking_physio	258	1499.771	1774.777	275.006	1402.990	625.565	0.232	0.150	0.786	0.644
sub-105_task-EyeTracking_physio	258	1799.778	2058.117	258.339	1610.750	650.530	0.240	0.119	0.662	0.549
sub-105_task-EyeTracking_physio	258	2074.783	2291.458	216.675	1645.850	721.465	0.220	0.146	0.589	0.769
sub-105_task-EyeTracking_physio	258	2308.124	3008.136	700.012	1636.418	813.775	0.176	0.096	0.320	0.865
sub-105_task-EyeTracking_physio	259	-344.752	271.928	616.680	1293.275	736.588	0.195	0.088	0.309	0.957
sub-105_task-EyeTracking_physio	259	296.928	563.601	266.673	1292.045	805.600	0.194	0.068	0.260	0.790
sub-105_task-EyeTracking_physio	259	596.934	796.941	200.007	1309.617	896.473	0.166	0.069	0.234	0.663
sub-105_task-EyeTracking_physio	259	830.274	1080.281	250.007	1396.882	942.588	0.182	0.077	0.422	0.448
sub-105_task-EyeTracking_physio	259	1105.281	1480.288	375.007	1556.905	979.015	0.156	0.105	0.742	0.585
sub-105_task-EyeTracking_physio	259	1513.622	1788.630	275.008	1614.315	999.650	0.105	0.042	0.207	0.390
sub-105_task-EyeTracking_physio	259	1830.300	2013.635	183.335	1644.693	887.775	0.155	0.055	0.227	0.540
sub-105_task-EyeTracking_physio	259	2046.968	2463.642	416.674	1618.400	683.735	0.130	0.030	0.238	0.503
sub-105_task-EyeTracking_physio	259	2496.981	2830.321	333.340	1535.383	660.533	0.228	0.102	0.493	0.773
sub-105_task-EyeTracking_physio	259	2863.654	3005.325	141.671	1124.375	613.115	0.122	0.029	0.309	0.251
sub-105_task-EyeTracking_physio	260	-364.251	260.763	625.014	1286.370	702.960	0.193	0.143	0.414	1.230
sub-105_task-EyeTracking_physio	260	277.430	610.773	333.343	1272.648	765.585	0.220	0.104	0.488	0.735
sub-105_task-EyeTracking_physio	260	635.773	985.780	350.007	1085.380	824.935	0.216	0.168	0.569	0.837
sub-105_task-EyeTracking_physio	260	1010.784	1277.454	266.670	1048.862	919.683	0.159	0.079	0.372	0.582
sub-105_task-EyeTracking_physio	260	1310.787	1494.124	183.337	1002.273	959.018	0.115	0.020	0.191	0.216
sub-105_task-EyeTracking_physio	260	1519.127	1894.140	375.013	1076.145	780.410	0.190	0.114	0.503	0.621
sub-105_task-EyeTracking_physio	260	1919.144	2194.141	274.997	1135.190	843.765	0.152	0.059	0.414	0.580
sub-105_task-EyeTracking_physio	260	2210.807	2560.814	350.007	1284.205	814.652	0.226	0.096	0.497	0.710
sub-105_task-EyeTracking_physio	260	2577.484	2894.156	316.672	1295.367	747.207	0.187	0.059	0.269	0.517
sub-105_task-EyeTracking_physio	260	2910.822	3019.160	108.338	1515.075	792.990	0.465	1.460	1.514	1.532
sub-105_task-EyeTracking_physio	261	-367.154	-150.479	216.675	1299.838	744.055	0.192	0.080	0.445	0.479
sub-105_task-EyeTracking_physio	261	-133.812	574.535	708.347	1280.495	727.415	0.148	0.101	0.541	0.797
sub-105_task-EyeTracking_physio	261	599.540	924.544	325.004	1169.120	831.390	0.184	0.183	0.614	1.184
sub-105_task-EyeTracking_physio	261	991.215	1332.886	341.671	1020.515	1038.455	0.151	0.349	0.771	0.972
sub-105_task-EyeTracking_physio	261	1382.890	1716.228	333.338	978.688	518.580	0.096	0.044	0.267	0.415
sub-105_task-EyeTracking_physio	261	1749.562	1999.569	250.007	1422.818	600.507	0.174	0.091	0.594	0.577
sub-105_task-EyeTracking_physio	261	2016.235	2216.242	200.007	1507.543	670.790	0.294	0.187	0.904	0.758
sub-105_task-EyeTracking_physio	261	2257.908	2566.252	308.344	1606.960	747.975	0.156	0.055	0.290	0.495
sub-105_task-EyeTracking_physio	261	2599.585	3007.927	408.342	1651.210	775.025	0.148	0.049	0.252	0.521
sub-105_task-EyeTracking_physio	262	-53.254	271.754	325.008	1294.185	717.590	0.164	0.081	0.233	0.815
sub-105_task-EyeTracking_physio	262	421.759	821.767	400.008	1089.340	970.710	0.122	0.077	0.184	0.818
sub-105_task-EyeTracking_physio	262	846.767	1171.776	325.009	1032.120	609.415	0.141	0.077	0.485	0.465
sub-105_task-EyeTracking_physio	262	1188.442	1313.446	125.004	1351.570	746.380	0.881	5.328	2.105	5.620
sub-105_task-EyeTracking_physio	262	1396.778	1746.787	350.009	1361.320	635.775	0.183	0.063	0.292	0.679
sub-105_task-EyeTracking_physio	262	1780.121	1980.128	200.007	1470.050	666.515	0.230	0.088	0.513	0.776
sub-105_task-EyeTracking_physio	262	2021.795	2421.805	400.010	1627.543	821.613	0.161	0.081	0.455	0.660
sub-105_task-EyeTracking_physio	262	2446.805	2555.142	108.337	1644.435	818.970	0.135	0.034	0.162	0.317
sub-105_task-EyeTracking_physio	262	2596.812	2905.149	308.337	1133.610	623.155	0.245	0.152	0.925	0.725
sub-105_task-EyeTracking_physio	263	-264.345	310.668	575.013	1281.805	716.990	0.202	0.255	0.740	1.427
sub-105_task-EyeTracking_physio	263	327.335	660.673	333.338	1268.455	877.365	0.150	0.062	0.247	0.738
sub-105_task-EyeTracking_physio	263	677.342	919.014	241.672	1163.310	914.790	0.255	0.126	1.022	0.407
sub-105_task-EyeTracking_physio	263	952.349	1294.022	341.673	987.485	720.805	0.149	0.060	0.378	0.745
sub-105_task-EyeTracking_physio	263	1327.360	1544.029	216.669	1087.825	702.253	0.177	0.120	0.481	0.605
sub-105_task-EyeTracking_physio	263	1577.361	1960.703	383.342	1602.335	669.473	0.189	0.114	0.808	0.652
sub-105_task-EyeTracking_physio	263	1985.708	2252.384	266.676	1627.760	810.712	0.198	0.078	0.264	0.709
sub-105_task-EyeTracking_physio	263	2277.383	2560.720	283.337	1597.053	915.408	0.138	0.049	0.369	0.520
sub-105_task-EyeTracking_physio	263	2577.386	2860.724	283.338	1536.102	942.920	0.201	0.119	0.751	0.524
sub-105_task-EyeTracking_physio	263	2894.057	3010.727	116.670	1345.775	863.060	0.202	0.084	0.461	0.324
sub-105_task-EyeTracking_physio	264	-242.084	199.591	441.675	1292.425	712.265	0.216	0.077	0.339	0.795
sub-105_task-EyeTracking_physio	264	407.929	774.608	366.679	1039.115	844.985	0.177	0.127	0.465	0.978
sub-105_task-EyeTracking_physio	264	791.274	1024.611	233.337	1019.942	745.855	0.225	0.083	0.296	0.716
sub-105_task-EyeTracking_physio	264	1041.277	1307.951	266.674	1061.170	636.788	0.122	0.046	0.360	0.338
sub-105_task-EyeTracking_physio	264	1324.618	1549.623	225.005	1167.185	600.830	0.116	0.043	0.371	0.356
sub-105_task-EyeTracking_physio	264	1582.957	1841.297	258.340	1455.825	755.520	0.182	0.076	0.562	0.484
sub-105_task-EyeTracking_physio	264	1874.630	2132.969	258.339	1578.060	794.195	0.151	0.058	0.472	0.415
sub-105_task-EyeTracking_physio	264	2149.636	2357.976	208.340	1636.025	731.860	0.166	0.067	0.402	0.398
sub-105_task-EyeTracking_physio	264	2391.309	2757.987	366.678	1601.983	536.193	0.140	0.051	0.319	0.514
sub-105_task-EyeTracking_physio	264	2799.653	3007.989	208.336	1491.545	534.465	0.193	0.074	0.252	0.677
sub-105_task-EyeTracking_physio	265	-161.659	413.353	575.012	1290.525	715.660	0.149	0.058	0.283	0.709
sub-105_task-EyeTracking_physio	265	446.686	830.028	383.342	1072.588	990.707	0.137	0.071	0.312	0.801
sub-105_task-EyeTracking_physio	265	846.695	1180.039	333.344	1109.420	772.338	0.193	0.074	0.294	0.601
sub-105_task-EyeTracking_physio	265	1205.038	1530.048	325.010	1129.255	657.895	0.130	0.034	0.212	0.368
sub-105_task-EyeTracking_physio	265	1546.715	1763.385	216.670	1120.665	605.245	0.115	0.025	0.239	0.314
sub-105_task-EyeTracking_physio	265	1880.051	2263.396	383.345	1533.307	776.918	0.141	0.098	0.570	0.556
sub-105_task-EyeTracking_physio	265	2280.063	2530.069	250.006	1402.770	823.680	0.199	0.102	0.476	0.659
sub-105_task-EyeTracking_physio	265	2546.736	2780.076	233.340	1345.530	825.390	0.280	0.112	0.908	0.408
sub-105_task-EyeTracking_physio	265	2805.075	3005.083	200.008	1204.960	847.290	0.145	0.052	0.267	0.439
sub-105_task-EyeTracking_physio	266	-197.682	-56.015	141.667	1217.770	675.305	0.353	0.194	1.769	0.383
sub-105_task-EyeTracking_physio	266	-31.017	360.659	391.676	1274.700	704.630	0.197	0.080	0.415	0.820
sub-105_task-EyeTracking_physio	266	385.658	568.997	183.339	1218.168	749.850	0.229	0.095	0.432	0.593
sub-105_task-EyeTracking_physio	266	794.008	1260.683	466.675	1100.787	876.030	0.240	0.207	0.338	1.859
sub-105_task-EyeTracking_physio	266	1277.349	1477.350	200.001	1199.765	826.955	0.237	0.208	0.543	0.979
sub-105_task-EyeTracking_physio	266	1527.355	1794.027	266.672	1462.027	833.267	0.178	0.090	0.306	0.726
sub-105_task-EyeTracking_physio	266	1810.693	2077.368	266.675	1560.512	864.560	0.284	0.238	0.812	0.881
sub-105_task-EyeTracking_physio	266	2119.034	2577.379	458.345	1554.605	493.250	0.096	0.054	0.371	0.310
sub-105_task-EyeTracking_physio	266	2627.379	2844.051	216.672	1294.767	505.650	0.077	0.020	0.227	0.160
sub-105_task-EyeTracking_physio	266	2877.385	3010.721	133.336	1224.785	518.092	0.112	0.053	0.234	0.362
sub-105_task-EyeTracking_physio	267	-92.246	274.432	366.678	1280.480	710.783	0.218	0.314	0.925	0.915
sub-105_task-EyeTracking_physio	267	282.765	482.771	200.006	1268.830	684.062	0.081	0.016	0.116	0.299
sub-105_task-EyeTracking_physio	267	507.771	674.439	166.668	1137.128	706.920	0.148	0.051	0.339	0.339
sub-105_task-EyeTracking_physio	267	699.439	941.112	241.673	1092.205	771.135	0.156	0.089	0.313	0.634
sub-105_task-EyeTracking_physio	267	974.445	1157.785	183.340	1135.148	842.595	0.258	0.078	0.233	0.706
sub-105_task-EyeTracking_physio	267	1174.453	1357.788	183.335	1268.415	839.202	0.217	0.113	0.414	0.602
sub-105_task-EyeTracking_physio	267	1391.127	1599.462	208.335	1475.895	834.385	0.188	0.069	0.349	0.494
sub-105_task-EyeTracking_physio	267	1624.461	1782.803	158.342	1546.215	779.310	0.122	0.043	0.340	0.301
sub-105_task-EyeTracking_physio	267	1816.134	1999.472	183.338	1528.390	646.020	0.091	0.028	0.249	0.307
sub-105_task-EyeTracking_physio	267	2032.805	2216.145	183.340	1482.280	556.755	0.097	0.021	0.198	0.236
sub-105_task-EyeTracking_physio	267	2224.477	2416.147	191.670	1441.800	527.570	0.091	0.019	0.209	0.194
sub-105_task-EyeTracking_physio	267	2424.481	2599.490	175.009	1383.510	502.340	0.123	0.199	0.789	0.513
sub-105_task-EyeTracking_physio	268	-612.201	-378.862	233.339	1275.715	732.848	0.243	0.151	0.369	1.044
sub-105_task-EyeTracking_physio	268	-370.529	279.489	650.018	1279.457	705.143	0.135	0.064	0.241	0.633
sub-105_task-EyeTracking_physio	268	329.487	529.493	200.006	1226.775	773.155	0.215	0.112	0.707	0.438
sub-105_task-EyeTracking_physio	268	546.160	671.162	125.002	1172.045	858.025	0.139	0.071	0.338	0.413
sub-105_task-EyeTracking_physio	268	687.830	929.503	241.673	1243.015	816.340	0.181	0.106	0.427	0.754
sub-105_task-EyeTracking_physio	268	937.835	1171.176	233.341	1273.160	787.413	0.163	0.055	0.252	0.664
sub-105_task-EyeTracking_physio	268	1179.509	1346.181	166.672	1290.038	785.822	0.233	0.066	0.240	0.520
sub-105_task-EyeTracking_physio	268	1371.182	1946.191	575.009	1260.220	721.195	0.117	0.085	0.445	0.662
sub-105_task-EyeTracking_physio	268	1996.194	2196.195	200.001	948.030	1003.928	0.344	1.041	1.072	1.689
sub-105_task-EyeTracking_physio	268	2221.201	2412.869	191.668	1002.685	882.150	0.165	0.071	0.258	0.571
sub-105_task-EyeTracking_physio	268	2437.868	2829.546	391.678	975.815	616.300	0.104	0.044	0.368	0.397
sub-105_task-EyeTracking_physio	268	2862.879	3004.555	141.676	1523.725	762.995	0.265	0.225	0.634	0.720
sub-105_task-EyeTracking_physio	269	-598.549	-498.549	100.000	1535.138	784.108	0.128	0.052	0.233	0.477
sub-105_task-EyeTracking_physio	269	-281.875	276.470	558.345	1283.760	749.965	0.164	0.156	0.626	0.854
sub-105_task-EyeTracking_physio	269	301.471	509.810	208.339	1315.830	814.240	0.203	0.131	0.475	0.849
sub-105_task-EyeTracking_physio	269	534.810	809.818	275.008	1045.365	918.945	0.165	0.069	0.579	0.417
sub-105_task-EyeTracking_physio	269	834.817	1109.822	275.005	963.790	768.265	0.215	0.094	0.327	0.747
sub-105_task-EyeTracking_physio	269	1143.160	1443.170	300.010	1136.332	540.550	0.103	0.073	0.603	0.352
sub-105_task-EyeTracking_physio	269	1476.503	1726.506	250.003	1415.092	566.602	0.151	0.059	0.412	0.389
sub-105_task-EyeTracking_physio	269	1751.505	2043.178	291.673	1539.805	585.600	0.134	0.072	0.431	0.430
sub-105_task-EyeTracking_physio	269	2059.845	2318.184	258.339	1594.730	604.695	0.127	0.046	0.539	0.285
sub-105_task-EyeTracking_physio	269	2384.856	2626.526	241.670	1460.925	963.095	1.408	12.888	6.220	3.780
sub-105_task-EyeTracking_physio	269	2651.526	2884.872	233.346	1326.347	840.898	0.170	0.105	0.258	0.903
sub-105_task-EyeTracking_physio	269	2909.872	3026.537	116.665	1311.097	746.692	0.121	0.036	0.172	0.262
sub-105_task-EyeTracking_physio	270	-409.753	348.596	758.349	1277.800	711.025	0.162	0.127	0.393	0.965
sub-105_task-EyeTracking_physio	270	365.263	698.607	333.344	1158.965	711.730	0.188	0.143	0.731	0.607
sub-105_task-EyeTracking_physio	270	731.937	1215.283	483.346	1029.020	807.312	0.145	0.085	0.440	0.707
sub-105_task-EyeTracking_physio	270	1223.616	1365.284	141.668	1021.520	850.610	0.188	0.072	0.365	0.414
sub-105_task-EyeTracking_physio	270	1398.617	1606.960	208.343	950.570	886.035	0.132	0.044	0.272	0.420
sub-105_task-EyeTracking_physio	270	1656.959	1798.627	141.668	1466.420	803.170	0.205	0.111	0.433	0.444
sub-105_task-EyeTracking_physio	270	1815.299	2215.309	400.010	1520.843	779.870	0.128	0.037	0.497	0.267
sub-105_task-EyeTracking_physio	270	2231.976	2390.311	158.335	1496.725	812.970	0.171	0.066	0.444	0.489
sub-105_task-EyeTracking_physio	270	2448.645	2815.321	366.676	1441.460	462.915	0.129	0.115	0.644	0.659
sub-105_task-EyeTracking_physio	270	2865.321	3007.003	141.682	1374.625	670.470	0.092	0.029	0.220	0.263
sub-105_task-EyeTracking_physio	271	-462.671	362.353	825.024	1280.855	713.325	0.153	0.197	0.568	1.210
sub-105_task-EyeTracking_physio	271	404.018	645.692	241.674	1200.415	775.170	0.211	0.133	0.426	0.674
sub-105_task-EyeTracking_physio	271	670.692	1012.368	341.676	1086.285	851.000	0.139	0.067	0.430	0.426
sub-105_task-EyeTracking_physio	271	1037.368	1312.376	275.008	1055.010	873.520	0.165	0.112	0.532	0.633
sub-105_task-EyeTracking_physio	271	1370.707	1712.384	341.677	1127.785	624.740	0.229	0.800	1.417	2.323
sub-105_task-EyeTracking_physio	271	1729.051	1912.388	183.337	1325.010	631.660	0.153	0.069	0.473	0.334
sub-105_task-EyeTracking_physio	271	1937.392	2445.736	508.344	1597.000	693.430	0.280	0.125	0.430	1.183
sub-105_task-EyeTracking_physio	271	2512.406	2762.414	250.008	1048.715	664.753	0.207	0.488	0.734	1.213
sub-105_task-EyeTracking_physio	271	2770.747	3004.088	233.341	1045.840	625.893	0.105	0.049	0.235	0.614
sub-105_task-EyeTracking_physio	272	-198.689	342.995	541.684	1290.015	708.890	0.370	0.337	2.059	2.056
sub-105_task-EyeTracking_physio	272	367.997	542.999	175.002	1324.360	784.825	0.242	0.077	0.263	0.873
sub-105_task-EyeTracking_physio	272	567.998	859.674	291.676	1482.685	883.915	0.164	0.182	0.440	1.043
sub-105_task-EyeTracking_physio	272	909.676	1443.025	533.349	1558.185	932.500	0.157	0.064	0.276	0.546
sub-105_task-EyeTracking_physio	272	1484.692	1809.702	325.010	1178.365	885.530	0.130	0.039	0.384	0.297
sub-105_task-EyeTracking_physio	272	1834.703	2226.378	391.675	1194.690	908.110	0.111	0.036	0.241	0.348
sub-105_task-EyeTracking_physio	272	2243.045	2459.716	216.671	1153.398	672.070	0.209	0.075	0.239	0.713
sub-105_task-EyeTracking_physio	272	2576.387	2776.390	200.003	1292.115	579.438	0.204	0.117	0.581	0.576
sub-105_task-EyeTracking_physio	272	2793.055	3026.395	233.340	1477.510	623.428	0.236	0.265	1.511	0.702
sub-105_task-EyeTracking_physio	273	-359.855	298.495	658.350	1302.790	742.975	0.560	2.351	0.799	7.026
sub-105_task-EyeTracking_physio	273	315.161	548.499	233.338	1269.830	772.582	0.193	0.054	0.294	0.659
sub-105_task-EyeTracking_physio	273	565.166	831.841	266.675	1265.175	839.192	0.164	0.096	0.275	0.652
sub-105_task-EyeTracking_physio	273	848.508	1090.180	241.672	1211.520	876.210	0.177	0.048	0.458	0.379
sub-105_task-EyeTracking_physio	273	1123.513	1631.858	508.345	946.905	853.925	0.210	0.095	0.616	0.698
sub-105_task-EyeTracking_physio	273	1656.857	1831.859	175.002	951.690	887.045	0.131	0.029	0.183	0.373
sub-105_task-EyeTracking_physio	273	1873.531	2131.871	258.340	1245.630	616.120	0.172	0.045	0.314	0.437
sub-105_task-EyeTracking_physio	273	2156.871	2431.876	275.005	1537.465	743.795	0.204	0.132	0.654	0.601
sub-105_task-EyeTracking_physio	273	2456.875	2681.884	225.009	1607.070	796.145	0.210	0.106	0.698	0.471
sub-105_task-EyeTracking_physio	273	2698.551	2865.219	166.668	1601.803	861.678	0.180	0.091	0.234	0.672
sub-105_task-EyeTracking_physio	273	2890.220	3006.889	116.669	1621.940	948.298	0.154	0.089	0.401	0.432
sub-105_task-EyeTracking_physio	274	-87.590	262.422	350.012	1272.575	694.183	0.206	0.208	0.513	1.005
sub-105_task-EyeTracking_physio	274	279.088	495.761	216.673	1234.088	730.492	0.335	0.319	0.941	0.998
sub-105_task-EyeTracking_physio	274	537.427	754.101	216.674	1133.480	774.150	0.167	0.051	0.224	0.496
sub-105_task-EyeTracking_physio	274	770.767	979.105	208.338	1027.740	748.285	0.252	0.118	0.591	0.685
sub-105_task-EyeTracking_physio	274	1012.440	1229.110	216.670	1575.745	696.457	0.269	0.236	0.786	0.887
sub-105_task-EyeTracking_physio	274	1262.442	1712.457	450.015	1590.860	639.285	0.139	0.058	0.255	0.610
sub-105_task-EyeTracking_physio	274	1754.122	1987.462	233.340	1050.908	559.537	0.140	0.049	0.584	0.235
sub-105_task-EyeTracking_physio	274	2012.462	2270.800	258.338	959.970	571.285	0.103	0.041	0.259	0.437
sub-105_task-EyeTracking_physio	274	2287.467	2445.801	158.334	968.235	633.170	0.099	0.024	0.145	0.325
sub-105_task-EyeTracking_physio	274	2462.475	2762.477	300.002	967.087	708.250	0.213	0.195	0.796	0.621
sub-105_task-EyeTracking_physio	274	2804.143	3004.155	200.012	1491.640	493.538	0.142	0.063	0.377	0.368
sub-105_task-EyeTracking_physio	275	-282.031	-140.360	141.671	1467.060	638.530	1.882	29.274	3.713	15.215
sub-105_task-EyeTracking_physio	275	-90.355	317.987	408.342	1290.655	739.545	0.235	0.217	0.337	1.349
sub-105_task-EyeTracking_physio	275	334.653	551.327	216.674	1340.027	679.470	0.140	0.087	0.407	0.462
sub-105_task-EyeTracking_physio	275	576.326	759.661	183.335	1499.425	723.705	0.243	0.123	0.703	0.476
sub-105_task-EyeTracking_physio	275	776.328	1043.006	266.678	1603.423	754.120	0.237	0.102	0.925	0.382
sub-105_task-EyeTracking_physio	275	1059.673	1284.675	225.002	1646.505	784.360	0.211	0.075	0.510	0.421
sub-105_task-EyeTracking_physio	275	1476.349	1751.357	275.008	906.625	714.465	0.142	0.167	0.265	1.470
sub-105_task-EyeTracking_physio	275	1768.023	2043.028	275.005	983.635	663.725	0.136	0.062	0.415	0.499
sub-105_task-EyeTracking_physio	275	2068.026	2268.035	200.009	1082.803	656.033	0.200	0.079	0.627	0.352
sub-105_task-EyeTracking_physio	275	2284.701	2476.372	191.671	1184.400	648.470	0.215	0.089	0.800	0.308
sub-105_task-EyeTracking_physio	275	2493.040	2693.046	200.006	1272.557	636.925	0.184	0.066	0.709	0.277
sub-105_task-EyeTracking_physio	275	2718.046	2968.051	250.005	1383.095	639.520	0.128	0.043	0.477	0.272
sub-105_task-EyeTracking_physio	276	-226.143	223.869	450.012	1283.555	720.310	0.581	0.841	1.078	3.639
sub-105_task-EyeTracking_physio	276	240.536	440.538	200.002	1292.085	746.832	0.213	0.085	0.299	0.549
sub-105_task-EyeTracking_physio	276	457.209	682.212	225.003	1302.890	842.865	0.150	0.060	0.268	0.511
sub-105_task-EyeTracking_physio	276	707.212	898.884	191.672	1349.675	907.385	0.194	0.073	0.394	0.462
sub-105_task-EyeTracking_physio	276	915.550	1215.559	300.009	1347.367	959.773	0.172	0.070	0.321	0.601
sub-105_task-EyeTracking_physio	276	1232.225	1432.230	200.005	1297.470	966.062	0.191	0.071	0.548	0.395
sub-105_task-EyeTracking_physio	276	1448.898	1665.570	216.672	1202.392	952.743	0.211	0.065	0.305	0.524
sub-105_task-EyeTracking_physio	276	1682.237	1882.239	200.002	1083.025	950.500	0.158	0.055	0.327	0.434
sub-105_task-EyeTracking_physio	276	1923.918	2165.582	241.664	954.295	946.395	0.127	0.028	0.186	0.372
sub-105_task-EyeTracking_physio	276	2190.582	2398.918	208.336	889.780	888.250	0.183	0.071	0.481	0.406
sub-105_task-EyeTracking_physio	276	2423.921	2665.590	241.669	903.220	788.325	0.144	0.037	0.210	0.497
sub-105_task-EyeTracking_physio	276	2690.595	2898.931	208.336	1001.405	728.760	0.163	0.067	0.398	0.355
sub-105_task-EyeTracking_physio	277	-204.292	-54.294	149.998	1279.230	756.852	0.215	0.058	0.212	0.539
sub-105_task-EyeTracking_physio	277	-29.291	412.385	441.676	1279.245	719.065	0.172	0.063	0.232	0.830
sub-105_task-EyeTracking_physio	277	429.051	637.391	208.340	1310.015	760.235	0.208	0.072	0.333	0.676
sub-105_task-EyeTracking_physio	277	662.390	904.064	241.674	1422.560	786.990	0.183	0.105	0.549	0.562
sub-105_task-EyeTracking_physio	277	945.730	1120.734	175.004	1532.045	806.395	0.152	0.047	0.287	0.344
sub-105_task-EyeTracking_physio	277	1145.734	1604.082	458.348	1562.220	593.220	0.104	0.025	0.250	0.303
sub-105_task-EyeTracking_physio	277	1629.082	1795.750	166.668	1575.290	610.595	0.106	0.018	0.151	0.242
sub-105_task-EyeTracking_physio	277	1854.087	2137.428	283.341	1129.658	939.180	0.124	0.067	0.282	0.656
sub-105_task-EyeTracking_physio	277	2170.761	2554.104	383.343	1045.625	966.995	0.123	0.059	0.462	0.336
sub-105_task-EyeTracking_physio	277	2587.449	3004.118	416.669	946.665	646.875	0.099	0.031	0.245	0.322
sub-105_task-EyeTracking_physio	278	-198.656	309.693	508.349	1288.760	715.885	0.200	0.241	0.574	1.201
sub-105_task-EyeTracking_physio	278	326.359	559.698	233.339	1293.138	798.420	0.237	0.091	0.286	0.909
sub-105_task-EyeTracking_physio	278	593.031	884.712	291.681	1387.250	858.320	0.152	0.052	0.411	0.381
sub-105_task-EyeTracking_physio	278	918.043	1159.714	241.671	1404.040	811.380	0.107	0.026	0.161	0.409
sub-105_task-EyeTracking_physio	278	1184.714	1501.388	316.674	1563.740	703.425	0.186	0.072	0.370	0.608
sub-105_task-EyeTracking_physio	278	1526.388	1743.063	216.675	1605.760	678.447	0.219	0.092	0.516	0.614
sub-105_task-EyeTracking_physio	278	1768.062	2551.412	783.350	1587.020	636.550	0.160	0.106	0.496	1.061
sub-105_task-EyeTracking_physio	278	2568.079	2859.758	291.679	1602.735	689.540	0.272	0.199	0.616	1.037
sub-105_task-EyeTracking_physio	278	2884.757	3009.760	125.003	1619.955	745.325	0.150	0.048	0.359	0.285
sub-105_task-EyeTracking_physio	279	-301.505	298.514	600.019	1273.605	729.373	0.214	0.331	0.727	1.489
sub-105_task-EyeTracking_physio	279	365.179	498.514	133.335	1229.015	817.487	0.116	0.015	0.106	0.233
sub-105_task-EyeTracking_physio	279	540.180	906.860	366.680	1110.000	881.270	0.116	0.048	0.326	0.471
sub-105_task-EyeTracking_physio	279	948.530	1181.865	233.335	1323.452	659.053	0.141	0.066	0.391	0.521
sub-105_task-EyeTracking_physio	279	1206.870	1598.547	391.677	1495.975	717.465	0.234	0.182	0.741	1.194
sub-105_task-EyeTracking_physio	279	1623.546	2173.558	550.012	1255.515	600.588	0.157	0.049	0.616	0.348
sub-105_task-EyeTracking_physio	279	2223.557	2381.895	158.338	1071.010	847.275	0.240	0.136	0.335	0.700
sub-105_task-EyeTracking_physio	279	2406.895	2831.906	425.011	1177.240	722.885	0.244	0.143	0.508	0.826
sub-105_task-EyeTracking_physio	279	2865.239	3006.908	141.669	1251.685	730.390	0.139	0.044	0.276	0.362
sub-105_task-EyeTracking_physio	280	-129.139	429.207	558.346	1280.180	735.790	0.200	0.110	0.396	0.804
sub-105_task-EyeTracking_physio	280	445.874	695.882	250.008	1178.840	801.195	0.325	0.416	1.130	1.048
sub-105_task-EyeTracking_physio	280	729.215	962.551	233.336	1082.742	806.413	0.177	0.075	0.436	0.614
sub-105_task-EyeTracking_physio	280	1020.889	1179.230	158.341	1026.475	792.015	0.171	0.035	0.159	0.500
sub-105_task-EyeTracking_physio	280	1187.563	1512.573	325.010	996.725	757.855	0.194	0.110	0.341	1.001
sub-105_task-EyeTracking_physio	280	1520.912	1779.237	258.325	993.060	813.205	0.194	0.079	0.210	0.745
sub-105_task-EyeTracking_physio	280	1795.908	2029.243	233.335	1039.068	816.125	0.204	0.062	0.339	0.469
sub-105_task-EyeTracking_physio	280	2045.913	2220.917	175.004	1058.975	796.300	0.221	0.102	0.328	0.725
sub-105_task-EyeTracking_physio	280	2254.250	2462.590	208.340	1461.675	698.740	0.250	0.183	0.644	0.712
sub-105_task-EyeTracking_physio	280	2479.257	2829.262	350.005	1530.685	637.523	0.129	0.060	0.549	0.359
sub-105_task-EyeTracking_physio	280	2862.599	2987.603	125.004	1623.525	651.020	0.160	0.038	0.445	0.232
sub-105_task-EyeTracking_physio	281	-982.482	-665.801	316.681	1337.815	702.393	1.117	18.637	4.295	10.309
sub-105_task-EyeTracking_physio	281	-649.134	-457.464	191.670	1285.015	676.095	0.170	0.120	0.563	0.566
sub-105_task-EyeTracking_physio	281	-440.798	275.884	716.682	1284.943	730.035	0.193	0.116	0.503	0.724
sub-105_task-EyeTracking_physio	281	292.551	592.557	300.006	1285.483	843.605	0.189	0.069	0.313	0.652
sub-105_task-EyeTracking_physio	281	609.227	809.231	200.004	1370.957	787.513	0.146	0.052	0.281	0.338
sub-105_task-EyeTracking_physio	281	850.898	1042.570	191.672	1453.555	797.725	0.096	0.018	0.182	0.202
sub-105_task-EyeTracking_physio	281	1067.570	1192.574	125.004	1480.990	718.800	0.176	0.056	0.241	0.522
sub-105_task-EyeTracking_physio	281	1209.240	1375.912	166.672	1420.658	798.705	0.321	0.169	0.681	0.682
sub-105_task-EyeTracking_physio	281	1400.917	1675.918	275.001	1443.415	626.350	0.108	0.031	0.292	0.267
sub-105_task-EyeTracking_physio	281	1709.251	2000.925	291.674	1384.440	597.805	0.090	0.020	0.232	0.223
sub-105_task-EyeTracking_physio	281	2017.591	2592.608	575.017	1362.660	578.985	0.089	0.042	0.245	0.460
sub-105_task-EyeTracking_physio	281	2609.274	2967.618	358.344	1375.715	600.800	0.094	0.024	0.202	0.257
sub-105_task-EyeTracking_physio	282	-377.064	-218.722	158.342	1306.985	666.830	0.190	0.089	0.408	0.610
sub-105_task-EyeTracking_physio	282	-210.389	331.289	541.678	1289.505	732.710	0.186	0.106	0.347	0.951
sub-105_task-EyeTracking_physio	282	347.956	547.965	200.009	1207.835	812.030	0.278	0.126	0.779	0.623
sub-105_task-EyeTracking_physio	282	564.632	822.969	258.337	1021.925	757.995	0.306	0.165	0.560	0.847
sub-105_task-EyeTracking_physio	282	839.635	1081.311	241.676	1092.835	635.900	0.160	0.080	0.425	0.541
sub-105_task-EyeTracking_physio	282	1097.977	1397.983	300.006	1290.560	634.868	0.185	0.092	0.598	0.514
sub-105_task-EyeTracking_physio	282	1431.316	1764.659	333.343	1552.590	653.425	0.222	0.100	0.506	0.789
sub-105_task-EyeTracking_physio	282	1806.325	1981.328	175.003	1609.370	725.605	0.123	0.034	0.162	0.429
sub-105_task-EyeTracking_physio	282	2006.333	2264.672	258.339	1569.870	792.145	0.203	0.071	0.469	0.536
sub-105_task-EyeTracking_physio	282	2281.338	2831.351	550.013	1488.183	842.255	0.209	0.709	1.359	1.007
sub-105_task-EyeTracking_physio	282	2881.351	3006.353	125.002	1388.445	818.880	0.209	0.061	0.174	0.710
sub-105_task-EyeTracking_physio	283	-313.186	-163.174	150.012	1381.800	787.835	1.432	16.099	5.276	10.124
sub-105_task-EyeTracking_physio	283	-121.506	261.829	383.335	1288.588	712.885	0.517	0.436	0.403	3.628
sub-105_task-EyeTracking_physio	283	278.495	528.501	250.006	1264.347	786.028	0.295	0.150	0.636	0.982
sub-105_task-EyeTracking_physio	283	545.170	711.844	166.674	1214.150	811.918	0.327	0.186	0.795	0.658
sub-105_task-EyeTracking_physio	283	745.177	961.851	216.674	1294.803	833.135	0.178	0.082	0.415	0.520
sub-105_task-EyeTracking_physio	283	978.517	1328.523	350.006	1332.315	834.352	0.298	0.144	0.526	1.016
sub-105_task-EyeTracking_physio	283	1361.860	1778.537	416.677	1392.973	524.515	0.085	0.023	0.306	0.246
sub-105_task-EyeTracking_physio	283	1795.205	2486.885	691.680	1352.205	547.635	0.120	0.035	0.450	0.396
sub-105_task-EyeTracking_physio	283	2511.890	2678.561	166.671	1258.582	571.702	0.177	0.067	0.574	0.270
sub-105_task-EyeTracking_physio	283	2711.895	3003.568	291.673	984.650	641.070	0.135	0.047	0.368	0.378
sub-105_task-EyeTracking_physio	284	-182.518	300.828	483.346	1280.138	734.105	0.182	0.102	0.556	0.937
sub-105_task-EyeTracking_physio	284	317.494	500.831	183.337	1299.513	811.392	0.276	0.137	0.292	1.071
sub-105_task-EyeTracking_physio	284	525.829	717.504	191.675	1389.880	778.495	0.172	0.069	0.334	0.436
sub-105_task-EyeTracking_physio	284	734.170	984.177	250.007	1540.015	733.747	0.187	0.092	0.628	0.706
sub-105_task-EyeTracking_physio	284	1009.178	1292.517	283.339	1591.957	672.033	0.157	0.046	0.249	0.373
sub-105_task-EyeTracking_physio	284	1309.183	1517.523	208.340	1543.625	652.215	0.180	0.054	0.455	0.388
sub-105_task-EyeTracking_physio	284	1550.856	1759.198	208.342	1476.655	608.155	0.102	0.024	0.238	0.238
sub-105_task-EyeTracking_physio	284	1775.864	2025.868	250.004	1384.680	603.103	0.163	0.048	0.598	0.240
sub-105_task-EyeTracking_physio	284	2042.535	2275.876	233.341	1304.303	604.650	0.169	0.045	0.631	0.245
sub-105_task-EyeTracking_physio	284	2300.876	2609.214	308.338	1201.455	611.025	0.137	0.048	0.480	0.393
sub-105_task-EyeTracking_physio	284	2667.554	2859.221	191.667	1116.260	622.645	0.071	0.013	0.180	0.125
sub-105_task-EyeTracking_physio	284	2892.553	3009.223	116.670	1057.500	634.832	0.126	0.045	0.293	0.326
sub-105_task-EyeTracking_physio	285	-260.278	414.737	675.015	1281.380	685.945	0.147	0.080	0.338	0.745
sub-105_task-EyeTracking_physio	285	431.404	714.744	283.340	1393.705	745.445	0.300	0.294	0.773	0.951
sub-105_task-EyeTracking_physio	285	731.411	914.750	183.339	1472.125	769.970	0.250	0.201	0.848	0.729
sub-105_task-EyeTracking_physio	285	931.417	1198.091	266.674	1528.713	739.815	0.211	0.136	0.525	0.880
sub-105_task-EyeTracking_physio	285	1214.756	1464.764	250.008	1504.175	722.870	0.192	0.083	0.449	0.524
sub-105_task-EyeTracking_physio	285	1498.097	1731.436	233.339	1420.888	714.007	0.190	0.091	0.615	0.501
sub-105_task-EyeTracking_physio	285	1756.435	1981.442	225.007	1305.630	686.310	0.180	0.086	0.412	0.448
sub-105_task-EyeTracking_physio	285	2014.774	2281.447	266.673	1205.310	678.715	0.145	0.063	0.431	0.418
sub-105_task-EyeTracking_physio	285	2298.114	2598.125	300.011	1099.548	676.925	0.173	0.077	0.620	0.408
sub-105_task-EyeTracking_physio	285	2614.791	2914.797	300.006	1043.500	680.040	0.156	0.099	0.561	0.612
sub-105_task-EyeTracking_physio	286	-246.350	-104.677	141.673	1261.625	723.630	0.233	0.069	0.249	0.714
sub-105_task-EyeTracking_physio	286	-88.010	261.996	350.006	1285.290	730.120	0.179	0.093	0.404	0.699
sub-105_task-EyeTracking_physio	286	287.001	478.669	191.668	1311.410	827.890	0.142	0.041	0.360	0.392
sub-105_task-EyeTracking_physio	286	512.002	745.342	233.340	1362.997	886.700	0.127	0.028	0.240	0.280
sub-105_task-EyeTracking_physio	286	778.675	1037.017	258.342	1468.255	881.605	0.135	0.047	0.390	0.372
sub-105_task-EyeTracking_physio	286	1070.352	1562.029	491.677	1587.615	681.475	0.192	0.205	0.665	0.991
sub-105_task-EyeTracking_physio	286	1578.696	1895.372	316.676	1484.227	689.000	0.150	0.088	0.743	0.476
sub-105_task-EyeTracking_physio	286	1912.039	2212.046	300.007	1325.832	668.755	0.201	0.101	0.655	0.461
sub-105_task-EyeTracking_physio	286	2245.377	2503.718	258.341	1175.805	699.975	0.175	0.067	0.406	0.539
sub-105_task-EyeTracking_physio	286	2553.723	2862.059	308.336	1091.810	916.350	0.278	0.234	0.427	1.714
sub-105_task-EyeTracking_physio	287	-232.390	309.288	541.678	1278.235	736.195	0.200	0.204	0.552	1.269
sub-105_task-EyeTracking_physio	287	325.954	559.295	233.341	1246.178	747.053	0.199	0.101	0.372	0.618
sub-105_task-EyeTracking_physio	287	575.961	859.300	283.339	1180.557	737.183	0.187	0.065	0.458	0.464
sub-105_task-EyeTracking_physio	287	884.300	1034.309	150.009	1112.072	728.215	0.121	0.044	0.267	0.437
sub-105_task-EyeTracking_physio	287	1225.985	1450.985	225.000	1142.000	655.135	0.117	0.094	0.258	1.044
sub-105_task-EyeTracking_physio	287	1484.318	1742.657	258.339	1438.500	681.555	0.166	0.104	0.584	0.574
sub-105_task-EyeTracking_physio	287	1759.324	1992.667	233.343	1554.265	698.788	0.168	0.050	0.367	0.462
sub-105_task-EyeTracking_physio	287	2009.334	2859.355	850.021	1655.247	707.825	0.127	0.117	0.684	0.471
sub-105_task-EyeTracking_physio	287	2884.355	3009.356	125.001	1630.785	691.200	0.141	0.056	0.263	0.345
sub-105_task-EyeTracking_physio	288	-627.118	-518.781	108.337	1301.980	707.485	0.105	0.025	0.179	0.198
sub-105_task-EyeTracking_physio	288	-502.115	189.572	691.687	1278.605	694.085	0.123	0.083	0.463	0.569
sub-105_task-EyeTracking_physio	288	414.574	672.914	258.340	1138.270	813.100	0.344	1.004	1.308	1.974
sub-105_task-EyeTracking_physio	288	697.915	872.920	175.005	1059.125	815.200	0.306	0.169	0.582	0.691
sub-105_task-EyeTracking_physio	288	897.919	1106.261	208.342	1038.635	764.855	0.140	0.055	0.322	0.485
sub-105_task-EyeTracking_physio	288	1131.260	1322.929	191.669	1060.840	675.045	0.167	0.048	0.252	0.455
sub-105_task-EyeTracking_physio	288	1347.929	1564.601	216.672	1103.185	591.228	0.119	0.037	0.325	0.267
sub-105_task-EyeTracking_physio	288	1581.269	1764.609	183.340	1267.403	592.460	0.138	0.054	0.481	0.373
sub-105_task-EyeTracking_physio	288	1797.942	2031.282	233.340	1421.138	613.462	0.126	0.044	0.379	0.351
sub-105_task-EyeTracking_physio	288	2081.282	2272.949	191.667	1531.450	651.065	0.091	0.030	0.192	0.293
sub-105_task-EyeTracking_physio	288	2297.953	2781.295	483.342	1550.642	788.355	0.225	3.138	2.111	3.945
sub-105_task-EyeTracking_physio	288	2806.300	3006.301	200.001	1503.297	953.227	0.231	0.070	0.336	0.636
sub-105_task-EyeTracking_physio	289	-246.513	253.501	500.014	1276.928	715.048	0.155	0.061	0.390	0.490
sub-105_task-EyeTracking_physio	289	270.167	470.171	200.004	1271.285	756.757	0.180	0.051	0.201	0.707
sub-105_task-EyeTracking_physio	289	495.171	828.512	333.341	1179.258	851.565	0.206	0.089	0.358	0.815
sub-105_task-EyeTracking_physio	289	845.178	1078.520	233.342	1243.012	801.060	0.249	0.055	0.207	0.740
sub-105_task-EyeTracking_physio	289	1095.186	1278.522	183.336	1336.803	784.440	0.222	0.099	0.560	0.376
sub-105_task-EyeTracking_physio	289	1295.188	1511.861	216.673	1429.575	758.242	0.202	0.118	0.530	0.586
sub-105_task-EyeTracking_physio	289	1528.528	1803.532	275.004	1455.380	748.280	0.171	0.065	0.456	0.607
sub-105_task-EyeTracking_physio	289	1820.201	1995.209	175.008	1425.350	748.220	0.180	0.083	0.482	0.465
sub-105_task-EyeTracking_physio	289	2028.542	2395.218	366.676	1368.808	736.597	0.229	0.155	0.671	0.736
sub-105_task-EyeTracking_physio	289	2403.552	2670.224	266.672	1344.922	745.215	0.178	0.097	0.386	0.745
sub-105_task-EyeTracking_physio	289	2695.224	2895.230	200.006	1406.885	631.767	0.179	0.064	0.436	0.400
sub-105_task-EyeTracking_physio	290	-1800.512	-1658.841	141.671	1387.090	575.535	0.111	0.035	0.164	0.395
sub-105_task-EyeTracking_physio	290	-1625.507	249.542	1875.049	1283.815	757.865	0.177	0.140	0.621	0.952
sub-105_task-EyeTracking_physio	290	274.541	457.877	183.336	1368.148	832.152	0.218	0.075	0.521	0.491
sub-105_task-EyeTracking_physio	290	491.215	724.550	233.335	1524.175	893.895	0.161	0.063	0.477	0.502
sub-105_task-EyeTracking_physio	290	757.887	974.557	216.670	1607.545	851.812	0.158	0.044	0.245	0.425
sub-105_task-EyeTracking_physio	290	999.560	1207.898	208.338	1624.780	747.655	0.170	0.048	0.212	0.432
sub-105_task-EyeTracking_physio	290	1257.897	1474.570	216.673	1542.320	706.120	0.125	0.037	0.217	0.418
sub-105_task-EyeTracking_physio	290	1491.235	1674.577	183.342	1446.398	725.570	0.186	0.117	0.428	0.577
sub-105_task-EyeTracking_physio	290	1724.577	2116.249	391.672	1373.605	751.935	0.157	0.061	0.295	0.629
sub-105_task-EyeTracking_physio	290	2149.583	2891.267	741.684	1455.360	754.930	0.144	0.112	0.543	0.744
sub-105_task-EyeTracking_physio	291	-253.252	280.089	533.341	1291.797	728.778	0.192	0.144	0.625	0.903
sub-105_task-EyeTracking_physio	291	296.756	496.763	200.007	1235.933	755.553	0.228	0.105	0.459	0.555
sub-105_task-EyeTracking_physio	291	521.761	730.095	208.334	1128.820	781.255	0.322	0.243	0.841	0.917
sub-105_task-EyeTracking_physio	291	746.763	1030.106	283.343	1052.213	680.860	0.150	0.067	0.328	0.567
sub-105_task-EyeTracking_physio	291	1055.105	1280.107	225.002	1020.965	628.845	0.111	0.032	0.232	0.299
sub-105_task-EyeTracking_physio	291	1305.112	1496.780	191.668	1198.715	569.325	0.103	0.046	0.394	0.264
sub-105_task-EyeTracking_physio	291	1530.113	1746.785	216.672	1243.985	516.003	0.103	0.019	0.111	0.374
sub-105_task-EyeTracking_physio	291	1788.452	1996.791	208.339	1307.765	491.240	0.091	0.024	0.188	0.265
sub-105_task-EyeTracking_physio	291	2038.456	2230.131	191.675	1422.665	542.565	0.090	0.027	0.189	0.341
sub-105_task-EyeTracking_physio	291	2321.797	2888.478	566.681	1420.380	777.250	0.192	0.085	0.290	1.403
sub-105_task-EyeTracking_physio	292	-297.710	-106.027	191.683	1309.365	750.755	0.207	0.098	0.620	0.472
sub-105_task-EyeTracking_physio	292	-81.027	310.640	391.667	1281.415	749.220	0.176	0.118	0.397	1.008
sub-105_task-EyeTracking_physio	292	327.307	552.314	225.007	1293.665	795.110	0.207	0.084	0.276	0.840
sub-105_task-EyeTracking_physio	292	752.324	1010.656	258.332	1238.060	805.265	0.178	0.069	0.191	0.760
sub-105_task-EyeTracking_physio	292	1043.994	1268.997	225.003	1159.280	820.440	0.243	0.145	0.515	0.980
sub-105_task-EyeTracking_physio	292	1293.997	1510.668	216.671	1089.287	825.415	0.247	0.132	0.488	0.830
sub-105_task-EyeTracking_physio	292	1527.334	1769.006	241.672	1056.925	792.050	0.242	0.130	0.589	0.741
sub-105_task-EyeTracking_physio	292	1794.006	2044.015	250.009	1142.370	802.368	0.229	0.073	0.476	0.506
sub-105_task-EyeTracking_physio	292	2069.015	2335.689	266.674	1086.025	745.097	0.181	0.087	0.377	0.614
sub-105_task-EyeTracking_physio	292	2369.024	2719.031	350.007	1409.355	681.347	0.155	0.179	0.833	0.613
sub-105_task-EyeTracking_physio	292	2752.369	3027.376	275.007	1464.325	696.665	0.128	0.048	0.328	0.491
sub-105_task-EyeTracking_physio	293	-609.093	232.598	841.691	1296.685	710.305	0.159	0.077	0.439	0.768
sub-105_task-EyeTracking_physio	293	249.265	415.933	166.668	1322.463	748.057	0.172	0.060	0.352	0.368
sub-105_task-EyeTracking_physio	293	432.599	640.939	208.340	1488.550	770.295	0.114	0.052	0.284	0.351
sub-105_task-EyeTracking_physio	293	690.940	832.608	141.668	1539.080	712.875	0.087	0.013	0.150	0.136
sub-105_task-EyeTracking_physio	293	865.948	1132.619	266.671	1575.707	573.620	0.103	0.051	0.393	0.273
sub-105_task-EyeTracking_physio	293	1149.286	1365.957	216.671	1586.892	553.240	0.077	0.029	0.214	0.262
sub-105_task-EyeTracking_physio	293	1382.627	1599.293	216.666	1535.307	524.908	0.103	0.049	0.343	0.293
sub-105_task-EyeTracking_physio	293	1624.293	1790.968	166.675	1425.592	569.075	0.196	0.423	0.627	1.400
sub-105_task-EyeTracking_physio	293	1965.970	2165.972	200.002	1180.120	565.730	0.097	0.031	0.196	0.410
sub-105_task-EyeTracking_physio	293	2182.642	2524.315	341.673	1105.715	558.810	0.152	0.060	0.539	0.345
sub-105_task-EyeTracking_physio	293	2549.314	2765.986	216.672	1053.517	659.627	0.103	0.031	0.254	0.223
sub-105_task-EyeTracking_physio	293	2799.319	2990.995	191.676	1080.310	714.840	0.139	0.039	0.258	0.392
sub-105_task-EyeTracking_physio	294	-28.304	296.700	325.004	1279.635	734.355	0.137	0.048	0.279	0.517
sub-105_task-EyeTracking_physio	294	321.699	521.707	200.008	1220.367	763.725	0.204	0.065	0.437	0.486
sub-105_task-EyeTracking_physio	294	546.706	913.383	366.677	1115.642	825.840	0.252	0.113	0.497	0.710
sub-105_task-EyeTracking_physio	294	938.383	1146.724	208.341	1319.535	857.440	0.168	0.054	0.554	0.369
sub-105_task-EyeTracking_physio	294	1163.391	1430.061	266.670	1480.660	864.585	0.207	0.065	0.424	0.469
sub-105_task-EyeTracking_physio	294	1455.060	1771.732	316.672	1550.108	782.142	0.132	0.049	0.323	0.517
sub-105_task-EyeTracking_physio	294	1788.399	1971.739	183.340	1490.952	723.970	0.189	0.066	0.358	0.498
sub-105_task-EyeTracking_physio	294	2005.071	2263.411	258.340	1235.530	613.630	0.178	0.046	0.611	0.258
sub-105_task-EyeTracking_physio	294	2296.745	2563.419	266.674	1170.300	610.255	0.104	0.025	0.279	0.312
sub-105_task-EyeTracking_physio	294	2596.755	3005.096	408.341	1106.225	611.880	0.097	0.031	0.241	0.398
sub-105_task-EyeTracking_physio	295	-297.766	227.248	525.014	1288.525	723.930	0.145	0.134	0.496	0.753
sub-105_task-EyeTracking_physio	295	243.915	443.920	200.005	1248.207	741.638	0.228	0.102	0.484	0.499
sub-105_task-EyeTracking_physio	295	527.256	860.596	333.340	1105.312	950.912	0.150	0.072	0.383	0.488
sub-105_task-EyeTracking_physio	295	902.267	1127.268	225.001	1300.380	780.850	0.177	0.064	0.322	0.492
sub-105_task-EyeTracking_physio	295	1143.935	1410.607	266.672	1404.453	725.952	0.209	0.079	0.364	0.694
sub-105_task-EyeTracking_physio	295	1443.945	1727.286	283.341	1474.660	731.335	0.142	0.042	0.247	0.504
sub-105_task-EyeTracking_physio	295	1760.618	2160.627	400.009	1152.975	558.592	0.123	0.051	0.317	0.466
sub-105_task-EyeTracking_physio	295	2185.627	2818.975	633.348	1093.825	540.025	0.093	0.051	0.359	0.448
sub-105_task-EyeTracking_physio	295	2843.975	3010.652	166.677	1241.602	545.780	0.125	0.029	0.358	0.203
sub-105_task-EyeTracking_physio	296	-217.217	199.457	416.674	1281.358	700.760	0.180	0.111	0.393	0.902
sub-105_task-EyeTracking_physio	296	232.789	499.465	266.676	1286.180	790.910	0.253	0.105	0.271	0.771
sub-105_task-EyeTracking_physio	296	524.469	816.140	291.671	1363.605	843.570	0.214	0.083	0.323	0.801
sub-105_task-EyeTracking_physio	296	849.473	1274.481	425.008	1456.035	885.860	0.137	0.069	0.441	0.512
sub-105_task-EyeTracking_physio	296	1507.822	1899.500	391.678	1298.165	859.115	0.143	0.053	0.183	0.708
sub-105_task-EyeTracking_physio	296	1924.499	2282.842	358.343	1141.375	623.165	0.129	0.068	0.398	0.419
sub-105_task-EyeTracking_physio	296	2332.841	3007.861	675.020	1109.305	617.400	0.105	0.045	0.344	0.431
sub-105_task-EyeTracking_physio	297	-2013.058	-1854.720	158.338	1282.825	704.240	0.219	0.049	0.180	0.629
sub-105_task-EyeTracking_physio	297	-1838.049	287.002	2125.051	1283.440	748.570	0.196	0.228	0.718	1.745
sub-105_task-EyeTracking_physio	297	320.334	503.668	183.334	1247.693	817.753	0.202	0.062	0.192	0.626
sub-105_task-EyeTracking_physio	297	528.674	762.006	233.332	1153.188	862.062	0.128	0.033	0.304	0.257
sub-105_task-EyeTracking_physio	297	787.014	1012.014	225.000	1083.750	835.545	0.176	0.053	0.300	0.523
sub-105_task-EyeTracking_physio	297	1028.681	1253.687	225.006	1044.560	815.780	0.245	0.218	0.485	0.965
sub-105_task-EyeTracking_physio	297	1278.686	1628.699	350.013	1255.055	810.838	0.231	0.094	0.477	0.657
sub-105_task-EyeTracking_physio	297	1662.031	1970.375	308.344	1230.430	800.405	0.191	0.064	0.291	0.497
sub-105_task-EyeTracking_physio	297	2012.041	2303.714	291.673	1413.040	608.410	0.210	0.146	0.373	0.838
sub-105_task-EyeTracking_physio	297	2328.714	2528.720	200.006	1519.688	598.293	0.173	0.066	0.552	0.376
sub-105_task-EyeTracking_physio	297	2553.720	3003.730	450.010	1684.040	656.882	0.202	0.127	0.471	0.661
sub-105_task-EyeTracking_physio	298	-499.295	-374.288	125.007	1303.290	691.840	0.131	0.030	0.146	0.524
sub-105_task-EyeTracking_physio	298	-357.614	425.729	783.343	1292.883	739.862	0.173	0.129	0.303	1.073
sub-105_task-EyeTracking_physio	298	442.396	817.403	375.007	1401.855	818.845	0.227	0.113	0.649	0.596
sub-105_task-EyeTracking_physio	298	984.072	1392.420	408.348	1502.015	815.105	0.143	0.118	0.306	1.022
sub-105_task-EyeTracking_physio	298	1409.086	1567.424	158.338	1113.840	843.195	0.906	6.258	2.816	4.803
sub-105_task-EyeTracking_physio	298	1592.422	1917.432	325.010	1363.395	811.150	0.205	0.107	0.445	0.939
sub-105_task-EyeTracking_physio	298	1942.433	2284.112	341.679	1087.450	787.785	0.237	0.106	0.640	0.690
sub-105_task-EyeTracking_physio	298	2309.109	2434.120	125.011	975.135	736.230	0.243	0.082	0.502	0.377
sub-105_task-EyeTracking_physio	298	2467.454	2667.455	200.001	1022.765	543.280	0.104	0.050	0.355	0.320
sub-105_task-EyeTracking_physio	298	2717.459	2909.127	191.668	1135.440	537.690	0.099	0.036	0.173	0.516
sub-105_task-EyeTracking_physio	299	-143.763	264.572	408.335	1289.090	732.180	0.215	0.086	0.268	1.091
sub-105_task-EyeTracking_physio	299	281.239	447.920	166.681	1302.928	744.385	0.156	0.041	0.180	0.372
sub-105_task-EyeTracking_physio	299	497.911	831.255	333.344	1418.962	781.575	0.182	0.064	0.273	0.571
sub-105_task-EyeTracking_physio	299	856.255	1097.927	241.672	1506.525	711.205	0.230	0.085	0.362	0.643
sub-105_task-EyeTracking_physio	299	1114.593	1481.264	366.671	1589.010	686.903	0.277	0.206	0.975	0.941
sub-105_task-EyeTracking_physio	299	1497.935	2164.618	666.683	1619.657	739.192	0.141	0.138	0.441	1.172
sub-105_task-EyeTracking_physio	299	2189.617	2581.303	391.686	1319.960	779.735	0.172	0.095	0.530	0.613
sub-105_task-EyeTracking_physio	299	2631.301	2897.974	266.673	1255.082	892.352	0.104	0.018	0.209	0.281
sub-105_task-EyeTracking_physio	300	-6551.627	-6401.625	150.002	1279.227	635.375	0.228	0.132	0.604	0.614
sub-105_task-EyeTracking_physio	300	-6259.964	-5826.621	433.343	2805.162	416.252	0.276	0.482	1.399	0.809
sub-105_task-EyeTracking_physio	300	-5768.284	-5576.620	191.664	1491.480	647.845	0.350	0.233	1.466	0.391
sub-105_task-EyeTracking_physio	300	-5509.946	-2968.219	2541.727	1275.520	769.960	0.125	0.123	0.407	1.155
sub-105_task-EyeTracking_physio	300	-2718.213	-1384.849	1333.364	1279.360	757.590	0.130	0.074	0.487	0.583
sub-105_task-EyeTracking_physio	300	-1118.168	-1001.505	116.663	1304.240	768.635	0.104	0.040	0.323	0.200
sub-105_task-EyeTracking_physio	300	-984.838	-693.168	291.670	1278.260	752.910	0.164	0.109	0.441	0.714
sub-105_task-EyeTracking_physio	300	-684.828	365.197	1050.025	1281.180	732.003	0.169	0.091	0.304	0.897
sub-105_task-EyeTracking_physio	300	398.530	756.873	358.343	1130.955	774.015	0.201	0.101	0.527	0.661
sub-105_task-EyeTracking_physio	300	790.206	1031.879	241.673	1607.845	812.275	0.194	0.133	0.549	0.651
sub-105_task-EyeTracking_physio	300	1056.879	1248.547	191.668	1676.560	738.390	0.174	0.071	0.571	0.362
sub-105_task-EyeTracking_physio	300	1265.213	1398.551	133.338	1658.608	681.605	0.173	0.072	0.256	0.441
sub-105_task-EyeTracking_physio	300	1415.223	1523.554	108.331	1681.370	567.190	0.649	0.594	0.386	2.754
sub-105_task-EyeTracking_physio	300	1548.558	1973.568	425.010	1616.050	482.750	0.114	0.089	0.396	0.602
sub-105_task-EyeTracking_physio	300	2015.233	2248.576	233.343	1259.480	590.070	0.183	0.094	0.462	0.605
sub-105_task-EyeTracking_physio	300	2356.911	2731.922	375.011	1234.700	870.070	0.366	1.097	1.273	3.338
sub-105_task-EyeTracking_physio	300	2765.263	2940.258	174.995	1181.985	867.650	0.144	0.050	0.331	0.370
