Subject	RunNr	FixStart	FixEnd	FixDur	XPos	YPos	RMSxy	BCEA	FixRangeX	FixRangeY
sub-021_task-EyeTracking_physio	1	-1545.667	-1187.326	358.341	1282.420	719.000	0.239	0.085	0.267	0.809
sub-021_task-EyeTracking_physio	1	-1087.325	354.374	1441.699	1284.855	729.045	0.187	0.145	0.393	1.405
sub-021_task-EyeTracking_physio	1	396.040	654.378	258.338	1328.495	829.445	0.198	0.067	0.224	0.580
sub-021_task-EyeTracking_physio	1	679.377	896.050	216.673	1186.770	650.358	0.128	0.052	0.271	0.443
sub-021_task-EyeTracking_physio	1	921.050	1146.057	225.007	1166.330	562.160	0.092	0.025	0.209	0.337
sub-021_task-EyeTracking_physio	1	1179.389	1371.062	191.673	1372.000	840.510	0.189	0.096	0.317	0.759
sub-021_task-EyeTracking_physio	1	1379.395	2112.741	733.346	1349.735	855.648	0.118	0.058	0.243	0.608
sub-021_task-EyeTracking_physio	1	2146.078	2371.081	225.003	1274.540	660.565	0.111	0.020	0.151	0.313
sub-021_task-EyeTracking_physio	1	2621.083	2871.090	250.007	1335.757	825.168	0.211	0.097	0.355	1.018
sub-021_task-EyeTracking_physio	1	2904.422	3004.428	100.006	1306.443	624.697	0.154	0.038	0.184	0.313
sub-021_task-EyeTracking_physio	2	-806.104	-664.434	141.670	1301.800	664.670	0.112	0.019	0.217	0.217
sub-021_task-EyeTracking_physio	2	-656.102	302.251	958.353	1282.755	721.290	0.210	0.177	0.362	1.330
sub-021_task-EyeTracking_physio	2	327.249	602.261	275.012	1328.170	659.685	0.102	0.029	0.197	0.336
sub-021_task-EyeTracking_physio	2	618.927	768.928	150.001	1416.055	623.918	0.108	0.060	0.300	0.397
sub-021_task-EyeTracking_physio	2	793.928	1018.935	225.007	1508.480	613.330	0.099	0.035	0.185	0.430
sub-021_task-EyeTracking_physio	2	1043.934	1235.604	191.670	1563.250	675.655	0.132	0.032	0.293	0.330
sub-021_task-EyeTracking_physio	2	1252.270	1535.614	283.344	1611.257	707.810	0.158	0.053	0.189	0.610
sub-021_task-EyeTracking_physio	2	1560.613	1810.619	250.006	1559.977	644.212	0.115	0.030	0.298	0.335
sub-021_task-EyeTracking_physio	2	1852.286	2085.623	233.337	1108.970	669.665	0.121	0.032	0.325	0.260
sub-021_task-EyeTracking_physio	2	2102.291	2252.293	150.002	1103.800	707.227	0.095	0.023	0.131	0.347
sub-021_task-EyeTracking_physio	2	2277.292	2477.301	200.009	973.430	736.110	0.230	0.091	0.325	0.588
sub-021_task-EyeTracking_physio	2	2510.634	2735.639	225.005	1019.185	579.220	0.114	0.032	0.232	0.343
sub-021_task-EyeTracking_physio	2	2760.639	2927.309	166.670	1164.555	646.995	0.118	0.055	0.275	0.464
sub-021_task-EyeTracking_physio	3	-2225.555	-1867.215	358.340	1282.020	744.695	0.228	0.130	0.422	0.902
sub-021_task-EyeTracking_physio	3	-1692.209	-1517.209	175.000	1279.840	749.880	0.294	0.132	0.202	1.457
sub-021_task-EyeTracking_physio	3	-1042.196	341.169	1383.365	1284.610	731.053	0.218	0.153	0.320	1.487
sub-021_task-EyeTracking_physio	3	357.836	532.842	175.006	1289.875	782.350	0.249	0.110	0.329	0.669
sub-021_task-EyeTracking_physio	3	557.842	749.510	191.668	1204.040	804.495	0.249	0.096	0.251	0.767
sub-021_task-EyeTracking_physio	3	766.176	1116.185	350.009	1174.803	662.800	0.111	0.029	0.238	0.344
sub-021_task-EyeTracking_physio	3	1132.852	1366.191	233.339	1152.185	664.812	0.097	0.024	0.265	0.239
sub-021_task-EyeTracking_physio	3	1399.523	1616.198	216.675	1512.008	638.395	0.124	0.052	0.406	0.343
sub-021_task-EyeTracking_physio	3	1632.864	1816.200	183.336	1592.217	627.115	0.088	0.019	0.229	0.195
sub-021_task-EyeTracking_physio	3	1866.201	2149.539	283.338	914.332	739.370	0.155	0.077	0.435	0.656
sub-021_task-EyeTracking_physio	3	2166.206	2549.549	383.343	913.702	771.408	0.167	0.059	0.268	0.618
sub-021_task-EyeTracking_physio	3	2591.216	2824.554	233.338	1353.257	971.705	0.158	0.071	0.465	0.412
sub-021_task-EyeTracking_physio	3	2849.553	2999.555	150.002	1599.445	989.530	0.256	0.158	0.602	0.545
sub-021_task-EyeTracking_physio	4	-2248.427	-1990.087	258.340	1309.440	710.115	0.236	0.084	0.477	0.614
sub-021_task-EyeTracking_physio	4	-1973.421	-1798.414	175.007	1280.040	727.295	0.221	0.122	0.249	1.197
sub-021_task-EyeTracking_physio	4	-1631.748	284.963	1916.711	1282.390	736.248	0.203	0.198	0.650	1.710
sub-021_task-EyeTracking_physio	4	301.630	476.631	175.001	1294.885	685.525	0.146	0.036	0.218	0.399
sub-021_task-EyeTracking_physio	4	509.963	793.307	283.344	1033.060	698.213	0.101	0.041	0.304	0.325
sub-021_task-EyeTracking_physio	4	818.307	993.309	175.002	970.175	686.310	0.124	0.028	0.203	0.265
sub-021_task-EyeTracking_physio	4	1034.975	1218.314	183.339	1353.633	697.037	0.133	0.031	0.323	0.282
sub-021_task-EyeTracking_physio	4	1234.980	1534.986	300.006	1274.100	674.892	0.118	0.028	0.241	0.272
sub-021_task-EyeTracking_physio	4	1559.985	1734.991	175.006	1267.510	414.670	0.111	0.035	0.180	0.408
sub-021_task-EyeTracking_physio	4	1776.658	1984.997	208.339	1615.665	729.005	0.118	0.039	0.390	0.343
sub-021_task-EyeTracking_physio	4	2009.997	2360.001	350.004	1658.283	789.850	0.181	0.059	0.309	0.560
sub-021_task-EyeTracking_physio	4	2401.671	2585.006	183.335	1372.135	1052.100	0.157	0.056	0.435	0.519
sub-021_task-EyeTracking_physio	4	2618.339	2768.347	150.008	1041.060	924.648	0.160	0.056	0.375	0.349
sub-021_task-EyeTracking_physio	4	2801.679	3001.678	199.999	1428.602	754.725	0.260	0.117	0.383	0.842
sub-021_task-EyeTracking_physio	5	-1899.222	-965.872	933.350	1283.080	744.325	1.280	0.764	1.140	12.245
sub-021_task-EyeTracking_physio	5	-949.199	-399.188	550.011	1277.790	691.315	0.216	0.100	0.278	0.997
sub-021_task-EyeTracking_physio	5	-390.855	300.825	691.680	1275.765	711.570	0.189	0.062	0.264	0.792
sub-021_task-EyeTracking_physio	5	317.491	550.832	233.341	1255.217	701.538	0.085	0.036	0.212	0.382
sub-021_task-EyeTracking_physio	5	567.499	759.170	191.671	1221.030	748.015	0.114	0.035	0.266	0.261
sub-021_task-EyeTracking_physio	5	825.836	1142.508	316.672	909.298	1013.538	0.110	0.034	0.270	0.292
sub-021_task-EyeTracking_physio	5	1184.178	1334.178	150.000	1603.328	888.317	0.207	0.107	0.453	0.553
sub-021_task-EyeTracking_physio	5	1375.845	1534.180	158.335	1506.670	597.540	0.105	0.030	0.259	0.268
sub-021_task-EyeTracking_physio	5	1550.853	2042.527	491.674	1508.275	568.485	0.093	0.032	0.424	0.302
sub-021_task-EyeTracking_physio	5	2084.198	2367.537	283.339	1618.307	961.352	0.167	0.058	0.297	0.545
sub-021_task-EyeTracking_physio	5	2384.204	2525.871	141.667	1537.610	951.560	0.142	0.045	0.261	0.264
sub-021_task-EyeTracking_physio	5	2575.870	2734.208	158.338	974.970	677.690	0.171	0.074	0.283	0.624
sub-021_task-EyeTracking_physio	5	2750.875	2917.549	166.674	865.005	586.165	0.129	0.032	0.216	0.388
sub-021_task-EyeTracking_physio	6	-1979.617	312.094	2291.711	1280.045	744.195	0.212	0.149	0.458	1.935
sub-021_task-EyeTracking_physio	6	320.429	495.435	175.006	1279.700	715.970	0.111	0.040	0.197	0.493
sub-021_task-EyeTracking_physio	6	520.434	803.777	283.343	1200.332	721.207	0.098	0.024	0.209	0.286
sub-021_task-EyeTracking_physio	6	820.444	1020.445	200.001	1141.543	758.420	0.232	0.053	0.180	0.602
sub-021_task-EyeTracking_physio	6	1053.778	1187.114	133.336	1160.053	547.755	0.110	0.029	0.248	0.256
sub-021_task-EyeTracking_physio	6	1212.119	1362.121	150.002	1294.065	505.985	0.097	0.021	0.182	0.255
sub-021_task-EyeTracking_physio	6	1387.120	1595.459	208.339	1442.905	547.955	0.095	0.021	0.157	0.248
sub-021_task-EyeTracking_physio	6	1628.792	1778.794	150.002	1594.240	610.462	0.126	0.039	0.356	0.195
sub-021_task-EyeTracking_physio	6	1795.460	2003.801	208.341	1628.090	704.680	0.141	0.040	0.231	0.368
sub-021_task-EyeTracking_physio	6	2028.802	2328.805	300.003	1533.815	828.353	0.173	0.071	0.294	1.008
sub-021_task-EyeTracking_physio	6	2353.805	2537.147	183.342	1393.733	863.538	0.159	0.050	0.240	0.349
sub-021_task-EyeTracking_physio	6	2562.145	2795.485	233.340	1388.305	717.317	0.255	0.069	0.224	0.822
sub-021_task-EyeTracking_physio	6	2828.818	3003.821	175.003	1058.380	692.275	0.241	0.080	0.284	0.562
sub-021_task-EyeTracking_physio	7	-2651.132	-2426.126	225.006	1239.860	705.675	0.224	0.104	0.495	0.601
sub-021_task-EyeTracking_physio	7	-2301.123	315.600	2616.723	1279.452	735.050	0.187	0.155	0.666	1.383
sub-021_task-EyeTracking_physio	7	323.932	548.937	225.005	1258.080	726.065	0.158	0.034	0.227	0.398
sub-021_task-EyeTracking_physio	7	582.271	840.610	258.339	1428.865	689.015	0.127	0.031	0.280	0.333
sub-021_task-EyeTracking_physio	7	857.276	1082.281	225.005	1458.435	693.705	0.105	0.028	0.206	0.253
sub-021_task-EyeTracking_physio	7	1107.281	1298.953	191.672	1359.010	565.820	0.127	0.042	0.250	0.340
sub-021_task-EyeTracking_physio	7	1332.287	1557.289	225.002	1143.550	505.495	0.104	0.032	0.227	0.348
sub-021_task-EyeTracking_physio	7	1590.627	1765.627	175.000	972.440	603.860	0.132	0.028	0.227	0.262
sub-021_task-EyeTracking_physio	7	1798.961	2040.634	241.673	1287.635	916.640	0.138	0.054	0.322	0.509
sub-021_task-EyeTracking_physio	7	2057.300	2448.975	391.675	1466.485	973.650	0.125	0.035	0.408	0.352
sub-021_task-EyeTracking_physio	7	2490.644	2690.648	200.004	1161.238	958.840	0.116	0.043	0.395	0.217
sub-021_task-EyeTracking_physio	7	2707.313	2882.321	175.008	1113.275	955.490	0.159	0.056	0.291	0.374
sub-021_task-EyeTracking_physio	8	-3334.224	-3084.220	250.004	1245.315	720.263	0.199	0.101	0.407	0.689
sub-021_task-EyeTracking_physio	8	-3050.887	-2825.882	225.005	1274.465	731.510	0.257	0.096	0.248	0.890
sub-021_task-EyeTracking_physio	8	-2542.543	-2117.534	425.009	1282.755	715.430	0.255	0.092	0.350	0.808
sub-021_task-EyeTracking_physio	8	-1634.190	382.521	2016.711	1278.427	713.237	0.192	0.193	0.539	1.458
sub-021_task-EyeTracking_physio	8	399.195	565.862	166.667	1268.128	641.940	0.096	0.025	0.133	0.365
sub-021_task-EyeTracking_physio	8	582.528	732.532	150.004	1267.745	589.033	0.099	0.022	0.132	0.298
sub-021_task-EyeTracking_physio	8	757.532	924.205	166.673	1363.105	588.740	0.088	0.027	0.167	0.320
sub-021_task-EyeTracking_physio	8	1057.540	1382.543	325.003	1566.410	543.655	0.131	0.038	0.458	0.312
sub-021_task-EyeTracking_physio	8	1415.876	1649.219	233.343	1520.352	806.423	0.147	0.053	0.283	0.561
sub-021_task-EyeTracking_physio	8	1690.884	1924.224	233.340	1183.015	844.620	0.132	0.045	0.302	0.378
sub-021_task-EyeTracking_physio	8	1949.224	2415.902	466.678	1077.707	777.762	0.164	0.081	0.306	0.817
sub-021_task-EyeTracking_physio	8	2432.568	2782.579	350.011	1261.207	798.058	0.158	0.091	0.648	0.403
sub-021_task-EyeTracking_physio	8	2807.579	2974.246	166.667	1393.740	809.840	0.127	0.029	0.341	0.245
sub-021_task-EyeTracking_physio	9	-1823.732	-1623.721	200.011	1327.600	782.490	0.177	0.063	0.458	0.328
sub-021_task-EyeTracking_physio	9	-1598.721	426.320	2025.041	1278.365	725.270	0.216	0.150	0.528	1.531
sub-021_task-EyeTracking_physio	9	442.986	792.997	350.011	1237.327	741.305	0.117	0.032	0.214	0.341
sub-021_task-EyeTracking_physio	9	826.330	1059.665	233.335	1552.565	747.350	0.223	0.084	0.258	0.751
sub-021_task-EyeTracking_physio	9	1076.331	1351.338	275.007	1561.865	717.085	0.183	0.061	0.313	0.510
sub-021_task-EyeTracking_physio	9	1393.010	1609.677	216.667	1451.662	642.210	0.112	0.020	0.208	0.258
sub-021_task-EyeTracking_physio	9	1626.344	1901.354	275.010	1451.855	615.770	0.090	0.019	0.169	0.257
sub-021_task-EyeTracking_physio	9	1926.353	2326.361	400.008	1567.780	689.980	0.176	0.137	0.590	0.882
sub-021_task-EyeTracking_physio	9	2351.361	2676.364	325.003	1452.420	624.700	0.111	0.047	0.357	0.319
sub-021_task-EyeTracking_physio	9	2718.038	2851.372	133.334	1071.722	837.987	0.200	0.067	0.461	0.403
sub-021_task-EyeTracking_physio	9	2876.371	3001.373	125.002	941.470	985.315	0.190	0.058	0.373	0.398
sub-021_task-EyeTracking_physio	10	-3800.602	-3558.933	241.669	1252.295	712.265	0.177	0.067	0.360	0.619
sub-021_task-EyeTracking_physio	10	-3408.927	-2267.240	1141.687	1276.685	733.910	0.167	0.073	0.307	0.933
sub-021_task-EyeTracking_physio	10	-1750.566	357.810	2108.376	1275.785	695.175	0.190	0.119	0.460	1.204
sub-021_task-EyeTracking_physio	10	391.147	566.150	175.003	1097.390	784.370	0.106	0.036	0.253	0.339
sub-021_task-EyeTracking_physio	10	582.817	741.153	158.336	1083.470	806.240	0.115	0.025	0.150	0.264
sub-021_task-EyeTracking_physio	10	766.153	924.491	158.338	1294.360	796.180	0.095	0.026	0.300	0.194
sub-021_task-EyeTracking_physio	10	1066.164	1291.164	225.000	1102.640	661.110	0.104	0.026	0.254	0.246
sub-021_task-EyeTracking_physio	10	1307.835	1457.837	150.002	1051.783	691.895	0.097	0.041	0.143	0.558
sub-021_task-EyeTracking_physio	10	1482.836	1666.172	183.336	1142.617	609.870	0.105	0.018	0.178	0.213
sub-021_task-EyeTracking_physio	10	1691.171	1832.846	141.675	1062.215	700.040	0.133	0.081	0.348	0.422
sub-021_task-EyeTracking_physio	10	1882.846	2016.180	133.334	1747.995	803.947	0.135	0.037	0.315	0.221
sub-021_task-EyeTracking_physio	10	2041.181	2357.855	316.674	1678.940	824.840	0.141	0.043	0.285	0.398
sub-021_task-EyeTracking_physio	10	2399.521	2624.530	225.009	1342.160	956.310	0.168	0.079	0.511	0.442
sub-021_task-EyeTracking_physio	10	2641.195	2774.530	133.335	1350.620	889.575	0.171	0.065	0.154	0.645
sub-021_task-EyeTracking_physio	10	2799.530	2999.533	200.003	1310.188	667.023	0.093	0.020	0.166	0.236
sub-021_task-EyeTracking_physio	11	-2286.578	371.818	2658.396	1281.295	709.790	0.234	0.174	0.561	1.542
sub-021_task-EyeTracking_physio	11	488.483	663.488	175.005	1077.185	921.565	0.219	0.080	0.253	0.494
sub-021_task-EyeTracking_physio	11	680.155	813.493	133.338	927.033	973.320	0.197	0.063	0.300	0.394
sub-021_task-EyeTracking_physio	11	830.159	1130.167	300.008	978.965	930.838	0.191	0.056	0.264	0.476
sub-021_task-EyeTracking_physio	11	1171.837	1363.507	191.670	1541.980	942.625	0.180	0.104	0.373	0.655
sub-021_task-EyeTracking_physio	11	1396.840	1546.847	150.007	1580.133	971.242	0.122	0.034	0.170	0.352
sub-021_task-EyeTracking_physio	11	1563.513	1863.520	300.007	1668.747	845.058	0.216	0.086	0.409	0.668
sub-021_task-EyeTracking_physio	11	1888.521	2155.193	266.672	1663.720	723.060	0.135	0.066	0.487	0.425
sub-021_task-EyeTracking_physio	11	2205.198	2388.534	183.336	969.497	693.385	0.146	0.057	0.443	0.308
sub-021_task-EyeTracking_physio	11	2421.867	2713.540	291.673	1257.225	801.775	0.269	0.103	0.379	0.820
sub-021_task-EyeTracking_physio	11	2730.210	2905.214	175.004	1324.985	789.400	0.251	0.076	0.240	0.710
sub-021_task-EyeTracking_physio	12	-3169.650	-3011.310	158.340	1093.230	967.800	0.121	0.021	0.167	0.272
sub-021_task-EyeTracking_physio	12	-2977.975	-2711.302	266.673	1258.275	714.798	0.191	0.067	0.328	0.483
sub-021_task-EyeTracking_physio	12	-2519.632	-2119.623	400.009	1300.017	701.562	0.364	0.154	0.267	1.727
sub-021_task-EyeTracking_physio	12	-1911.283	230.430	2141.713	1283.095	708.210	0.226	0.180	0.595	1.440
sub-021_task-EyeTracking_physio	12	255.430	488.769	233.339	1318.493	739.418	0.159	0.063	0.220	0.759
sub-021_task-EyeTracking_physio	12	522.101	855.444	333.343	1135.673	670.473	0.088	0.026	0.222	0.334
sub-021_task-EyeTracking_physio	12	872.111	1172.115	300.004	1187.787	669.845	0.095	0.016	0.148	0.262
sub-021_task-EyeTracking_physio	12	1197.119	1438.788	241.669	1133.945	660.280	0.108	0.042	0.245	0.404
sub-021_task-EyeTracking_physio	12	1455.458	1880.466	425.008	1150.620	671.935	0.099	0.049	0.292	0.481
sub-021_task-EyeTracking_physio	12	1905.466	2138.806	233.340	1321.455	656.622	0.106	0.031	0.225	0.274
sub-021_task-EyeTracking_physio	12	2155.472	2380.478	225.006	1361.740	640.915	0.072	0.017	0.201	0.176
sub-021_task-EyeTracking_physio	12	2413.810	2813.820	400.010	1188.745	849.555	0.179	0.074	0.378	0.624
sub-021_task-EyeTracking_physio	12	2838.819	3005.487	166.668	1472.230	956.467	0.191	0.089	0.454	0.420
sub-021_task-EyeTracking_physio	13	-5339.352	-5239.349	100.003	1463.520	622.315	0.072	0.011	0.111	0.170
sub-021_task-EyeTracking_physio	13	-5206.016	-4914.345	291.671	1268.100	679.760	0.098	0.026	0.298	0.289
sub-021_task-EyeTracking_physio	13	-4847.675	-4656.007	191.668	1350.615	1363.455	0.159	0.076	0.313	0.745
sub-021_task-EyeTracking_physio	13	-4356.004	-4197.661	158.343	873.200	1454.010	0.372	0.291	0.373	1.332
sub-021_task-EyeTracking_physio	13	-4172.661	-3755.990	416.671	711.475	1523.480	0.117	0.078	0.307	0.605
sub-021_task-EyeTracking_physio	13	-3730.991	-3522.651	208.340	718.900	1553.940	0.121	0.031	0.358	0.205
sub-021_task-EyeTracking_physio	13	-3314.316	-3022.641	291.675	1279.740	734.790	0.230	0.082	0.243	0.777
sub-021_task-EyeTracking_physio	13	-3005.974	-2822.637	183.337	1278.183	701.755	0.193	0.080	0.266	0.634
sub-021_task-EyeTracking_physio	13	-2655.973	-1405.944	1250.029	1274.913	696.452	0.146	0.080	0.312	0.915
sub-021_task-EyeTracking_physio	13	-955.938	344.089	1300.027	1279.240	702.962	0.128	0.069	0.377	0.733
sub-021_task-EyeTracking_physio	13	352.423	510.759	158.336	1284.720	718.400	0.072	0.028	0.143	0.315
sub-021_task-EyeTracking_physio	13	535.763	702.431	166.668	1118.293	694.665	0.112	0.040	0.326	0.269
sub-021_task-EyeTracking_physio	13	727.431	944.105	216.674	1299.128	932.122	0.244	0.080	0.247	0.757
sub-021_task-EyeTracking_physio	13	969.103	1152.438	183.335	1521.640	909.740	0.142	0.052	0.400	0.356
sub-021_task-EyeTracking_physio	13	1185.777	1377.446	191.669	1534.215	883.675	0.212	0.050	0.180	0.516
sub-021_task-EyeTracking_physio	13	1402.445	1677.452	275.007	1393.610	860.240	0.211	0.066	0.327	0.594
sub-021_task-EyeTracking_physio	13	1710.788	2010.792	300.004	1576.293	733.470	0.142	0.042	0.345	0.354
sub-021_task-EyeTracking_physio	13	2085.794	2252.464	166.670	1394.800	874.470	0.192	0.068	0.438	0.422
sub-021_task-EyeTracking_physio	13	2269.131	2427.468	158.337	1327.835	849.520	0.235	0.068	0.612	0.341
sub-021_task-EyeTracking_physio	13	2460.800	2819.141	358.341	1061.700	709.870	0.187	0.110	0.591	0.446
sub-021_task-EyeTracking_physio	13	2852.475	3002.479	150.004	1525.165	654.960	0.121	0.024	0.340	0.209
sub-021_task-EyeTracking_physio	14	-2008.488	258.229	2266.717	1283.995	729.685	0.247	0.204	0.406	2.073
sub-021_task-EyeTracking_physio	14	283.228	449.898	166.670	1170.997	688.003	0.153	0.092	0.486	0.428
sub-021_task-EyeTracking_physio	14	466.564	633.233	166.669	1132.653	617.132	0.101	0.016	0.134	0.298
sub-021_task-EyeTracking_physio	14	649.903	833.240	183.337	1148.730	624.607	0.102	0.019	0.237	0.200
sub-021_task-EyeTracking_physio	14	858.240	1149.911	291.671	1049.790	625.020	0.099	0.027	0.212	0.312
sub-021_task-EyeTracking_physio	14	1183.247	1366.584	183.337	958.735	779.512	0.127	0.039	0.241	0.383
sub-021_task-EyeTracking_physio	14	1383.250	1549.919	166.669	936.025	759.707	0.096	0.019	0.134	0.256
sub-021_task-EyeTracking_physio	14	1574.923	1858.262	283.339	1149.483	701.072	0.164	0.059	0.343	0.491
sub-021_task-EyeTracking_physio	14	1883.262	2099.935	216.673	1361.592	750.727	0.190	0.071	0.406	0.494
sub-021_task-EyeTracking_physio	14	2124.934	2299.936	175.002	1386.385	740.680	0.184	0.036	0.140	0.601
sub-021_task-EyeTracking_physio	14	2316.603	2633.279	316.676	1384.310	719.857	0.149	0.046	0.246	0.497
sub-021_task-EyeTracking_physio	14	2658.278	2874.950	216.672	1549.258	731.535	0.158	0.049	0.409	0.387
sub-021_task-EyeTracking_physio	15	-1431.632	-1314.964	116.668	1101.053	624.453	0.102	0.027	0.142	0.243
sub-021_task-EyeTracking_physio	15	-1281.631	-1073.291	208.340	1292.615	720.005	0.082	0.020	0.179	0.223
sub-021_task-EyeTracking_physio	15	-1056.624	268.404	1325.028	1281.240	705.430	0.262	0.137	0.477	0.868
sub-021_task-EyeTracking_physio	15	301.737	485.077	183.340	1253.440	633.250	0.114	0.034	0.166	0.404
sub-021_task-EyeTracking_physio	15	510.076	768.414	258.338	1090.295	732.030	0.114	0.026	0.287	0.278
sub-021_task-EyeTracking_physio	15	793.414	976.749	183.335	1407.665	700.628	0.140	0.036	0.340	0.378
sub-021_task-EyeTracking_physio	15	993.421	1143.423	150.002	1416.075	665.188	0.091	0.018	0.171	0.223
sub-021_task-EyeTracking_physio	15	1168.423	1360.094	191.671	1393.595	489.250	0.146	0.029	0.137	0.513
sub-021_task-EyeTracking_physio	15	1376.760	1668.433	291.673	1313.030	472.450	0.106	0.032	0.218	0.395
sub-021_task-EyeTracking_physio	15	1710.099	1893.436	183.337	1614.878	524.663	0.116	0.032	0.279	0.233
sub-021_task-EyeTracking_physio	15	1910.108	2126.774	216.666	1596.528	628.540	0.135	0.035	0.207	0.430
sub-021_task-EyeTracking_physio	15	2176.780	2326.781	150.001	1714.612	998.830	0.152	0.040	0.221	0.465
sub-021_task-EyeTracking_physio	15	2385.114	2610.122	225.008	1037.435	947.030	0.131	0.031	0.331	0.271
sub-021_task-EyeTracking_physio	15	2626.788	2826.793	200.005	976.460	876.872	0.173	0.059	0.249	0.428
sub-021_task-EyeTracking_physio	15	2843.460	3001.796	158.336	932.920	742.215	0.191	0.075	0.286	0.631
sub-021_task-EyeTracking_physio	16	-2238.590	-1155.235	1083.355	1278.210	730.358	0.237	0.253	0.861	1.372
sub-021_task-EyeTracking_physio	16	-888.569	386.461	1275.030	1279.595	692.120	0.182	0.206	0.574	1.285
sub-021_task-EyeTracking_physio	16	411.460	594.795	183.335	1158.213	691.315	0.098	0.026	0.187	0.333
sub-021_task-EyeTracking_physio	16	619.795	794.801	175.006	1126.560	697.925	0.098	0.021	0.182	0.323
sub-021_task-EyeTracking_physio	16	811.468	1261.472	450.004	1089.800	716.553	0.109	0.023	0.242	0.290
sub-021_task-EyeTracking_physio	16	1311.476	1528.145	216.669	1169.902	681.838	0.090	0.019	0.169	0.266
sub-021_task-EyeTracking_physio	16	1536.477	1636.479	100.002	1192.790	688.332	0.148	0.038	0.241	0.272
sub-021_task-EyeTracking_physio	16	1653.145	2053.153	400.008	1390.947	698.223	0.164	0.110	0.566	0.450
sub-021_task-EyeTracking_physio	16	2078.157	2253.159	175.002	1381.605	690.445	0.099	0.018	0.171	0.232
sub-021_task-EyeTracking_physio	16	2269.825	2403.161	133.336	1426.055	695.947	0.110	0.039	0.193	0.321
sub-021_task-EyeTracking_physio	16	2428.161	2686.498	258.337	1537.105	692.630	0.113	0.025	0.239	0.253
sub-021_task-EyeTracking_physio	16	2694.832	2811.501	116.669	1546.810	650.355	0.096	0.028	0.166	0.349
sub-021_task-EyeTracking_physio	16	2836.501	2961.503	125.002	1433.130	517.565	0.119	0.040	0.243	0.322
sub-021_task-EyeTracking_physio	17	-3869.056	-3719.055	150.001	1034.652	597.077	0.096	0.023	0.222	0.243
sub-021_task-EyeTracking_physio	17	-3677.386	-3160.711	516.675	1274.658	708.023	0.152	0.063	0.284	0.618
sub-021_task-EyeTracking_physio	17	-3027.374	-2819.038	208.336	1291.980	723.695	0.343	0.165	0.231	1.560
sub-021_task-EyeTracking_physio	17	-2610.700	322.695	2933.395	1278.635	706.298	0.141	0.060	0.330	1.131
sub-021_task-EyeTracking_physio	17	356.027	589.366	233.339	1151.428	725.855	0.111	0.029	0.245	0.321
sub-021_task-EyeTracking_physio	17	606.033	772.706	166.673	1219.195	706.425	0.088	0.015	0.179	0.164
sub-021_task-EyeTracking_physio	17	797.705	1039.378	241.673	1091.215	682.300	0.129	0.032	0.356	0.275
sub-021_task-EyeTracking_physio	17	1081.044	1289.384	208.340	1458.955	677.755	0.106	0.044	0.325	0.271
sub-021_task-EyeTracking_physio	17	1314.384	1647.721	333.337	1490.780	699.555	0.094	0.027	0.258	0.338
sub-021_task-EyeTracking_physio	17	1672.726	1939.398	266.672	1535.075	692.347	0.094	0.034	0.248	0.367
sub-021_task-EyeTracking_physio	17	1964.397	2164.398	200.001	1378.367	665.335	0.121	0.043	0.346	0.358
sub-021_task-EyeTracking_physio	17	2189.397	2397.736	208.339	1555.095	627.060	0.095	0.026	0.337	0.189
sub-021_task-EyeTracking_physio	17	2447.736	2672.741	225.005	1211.095	943.580	0.136	0.034	0.186	0.394
sub-021_task-EyeTracking_physio	17	2689.408	2872.749	183.341	1101.715	978.138	0.125	0.034	0.287	0.309
sub-021_task-EyeTracking_physio	17	2906.081	3006.086	100.005	945.957	601.785	0.193	0.065	0.224	0.516
sub-021_task-EyeTracking_physio	18	-2355.535	-2130.530	225.005	1253.030	693.660	0.140	0.047	0.483	0.397
sub-021_task-EyeTracking_physio	18	-2113.863	-1772.189	341.674	1277.370	690.285	0.142	0.034	0.227	0.357
sub-021_task-EyeTracking_physio	18	-822.170	-355.496	466.674	1271.713	707.938	0.097	0.071	0.258	0.673
sub-021_task-EyeTracking_physio	18	-205.493	-88.824	116.669	1277.665	726.375	0.224	0.072	0.167	0.834
sub-021_task-EyeTracking_physio	18	-80.490	352.855	433.345	1279.237	702.830	0.120	0.038	0.279	0.391
sub-021_task-EyeTracking_physio	18	377.855	586.188	208.333	1174.205	746.430	0.104	0.037	0.274	0.274
sub-021_task-EyeTracking_physio	18	602.855	844.526	241.671	1124.685	721.040	0.116	0.051	0.414	0.262
sub-021_task-EyeTracking_physio	18	869.526	1527.874	658.348	928.805	713.445	0.115	0.095	0.394	0.558
sub-021_task-EyeTracking_physio	18	1677.882	1844.548	166.666	1594.648	681.217	0.164	0.103	0.552	0.404
sub-021_task-EyeTracking_physio	18	1869.548	2169.554	300.006	1633.610	706.067	0.097	0.043	0.225	0.367
sub-021_task-EyeTracking_physio	18	2186.224	2402.893	216.669	1429.532	738.712	0.121	0.026	0.337	0.221
sub-021_task-EyeTracking_physio	18	2419.560	2569.563	150.003	1420.555	702.845	0.077	0.013	0.158	0.148
sub-021_task-EyeTracking_physio	18	2594.568	2736.235	141.667	1312.060	690.785	0.141	0.056	0.324	0.377
sub-021_task-EyeTracking_physio	18	2761.234	3002.907	241.673	1317.790	610.490	0.109	0.046	0.220	0.495
sub-021_task-EyeTracking_physio	19	-2558.846	-2442.178	116.668	1257.117	624.865	0.076	0.015	0.142	0.169
sub-021_task-EyeTracking_physio	19	-2408.845	-2167.171	241.674	1284.490	690.595	0.128	0.029	0.180	0.361
sub-021_task-EyeTracking_physio	19	-2150.505	332.880	2483.385	1285.497	722.913	0.211	0.110	0.346	1.292
sub-021_task-EyeTracking_physio	19	466.217	716.222	250.005	1294.987	770.723	0.143	0.036	0.211	0.409
sub-021_task-EyeTracking_physio	19	741.225	982.893	241.668	1363.285	679.910	0.104	0.023	0.215	0.274
sub-021_task-EyeTracking_physio	19	1007.900	1332.904	325.004	1371.290	640.800	0.096	0.028	0.188	0.354
sub-021_task-EyeTracking_physio	19	1374.570	1657.909	283.339	1312.905	721.787	0.132	0.036	0.197	0.476
sub-021_task-EyeTracking_physio	19	1682.914	1782.914	100.000	1248.293	827.945	0.131	0.033	0.155	0.379
sub-021_task-EyeTracking_physio	19	1816.250	2191.260	375.010	1617.720	722.270	0.131	0.041	0.225	0.417
sub-021_task-EyeTracking_physio	19	2241.259	2474.601	233.342	1123.178	970.105	0.137	0.046	0.509	0.330
sub-021_task-EyeTracking_physio	19	2499.600	2632.936	133.336	1189.230	837.338	0.220	0.079	0.227	0.658
sub-021_task-EyeTracking_physio	19	2657.935	2999.614	341.679	1140.380	620.215	0.125	0.052	0.424	0.351
sub-021_task-EyeTracking_physio	20	-2996.329	-2704.651	291.678	1264.750	705.315	0.221	0.187	1.243	0.525
sub-021_task-EyeTracking_physio	20	-2687.986	-2504.648	183.338	1283.128	698.517	0.219	0.105	0.249	1.028
sub-021_task-EyeTracking_physio	20	-2421.313	-1896.300	525.013	1277.595	727.740	0.261	0.096	0.257	1.078
sub-021_task-EyeTracking_physio	20	-1646.293	-1496.293	150.000	1276.582	730.098	0.196	0.116	0.225	1.152
sub-021_task-EyeTracking_physio	20	-1321.288	295.415	1616.703	1278.105	697.473	0.143	0.090	0.397	1.057
sub-021_task-EyeTracking_physio	20	320.419	512.087	191.668	1235.150	694.930	0.070	0.015	0.135	0.237
sub-021_task-EyeTracking_physio	20	537.087	703.761	166.674	1086.120	762.062	0.117	0.047	0.264	0.348
sub-021_task-EyeTracking_physio	20	728.760	978.766	250.006	1009.207	584.202	0.099	0.048	0.311	0.354
sub-021_task-EyeTracking_physio	20	1003.767	1328.770	325.003	1128.755	610.035	0.111	0.031	0.248	0.283
sub-021_task-EyeTracking_physio	20	1362.108	1553.776	191.668	1336.410	648.855	0.122	0.032	0.260	0.302
sub-021_task-EyeTracking_physio	20	1587.109	1837.115	250.006	1560.395	678.467	0.092	0.022	0.325	0.229
sub-021_task-EyeTracking_physio	20	1853.782	2120.453	266.671	1553.952	662.525	0.105	0.070	0.349	0.445
sub-021_task-EyeTracking_physio	20	2153.791	2303.791	150.000	1299.255	1024.780	0.151	0.056	0.373	0.417
sub-021_task-EyeTracking_physio	20	2328.790	2478.794	150.004	1418.543	988.730	0.157	0.039	0.333	0.272
sub-021_task-EyeTracking_physio	20	2503.794	2662.130	158.336	1417.745	917.240	0.100	0.062	0.223	0.443
sub-021_task-EyeTracking_physio	20	2670.469	2920.469	250.000	1438.500	930.392	0.126	0.035	0.228	0.405
sub-021_task-EyeTracking_physio	21	-3981.247	-3856.245	125.002	990.150	716.105	0.140	0.036	0.212	0.373
sub-021_task-EyeTracking_physio	21	-3814.580	-3714.575	100.005	1136.830	1428.445	NaN	0.000	0.854	0.140
sub-021_task-EyeTracking_physio	21	-3681.242	-3472.904	208.338	1249.050	716.655	0.302	0.169	0.205	1.499
sub-021_task-EyeTracking_physio	21	-3456.238	-3189.565	266.673	1273.470	706.655	0.198	0.063	0.307	0.650
sub-021_task-EyeTracking_physio	21	-2831.230	-2572.888	258.342	1301.335	689.850	0.133	0.044	0.287	0.313
sub-021_task-EyeTracking_physio	21	-2556.217	-2006.207	550.010	1278.130	703.585	0.175	0.096	0.351	0.888
sub-021_task-EyeTracking_physio	21	-1931.208	327.179	2258.387	1279.620	727.050	0.218	0.116	0.498	1.343
sub-021_task-EyeTracking_physio	21	352.178	560.512	208.334	1135.865	673.700	0.112	0.060	0.387	0.349
sub-021_task-EyeTracking_physio	21	577.179	810.520	233.341	1079.193	784.453	0.230	0.064	0.276	0.598
sub-021_task-EyeTracking_physio	21	835.519	1027.192	191.673	937.930	720.350	0.126	0.039	0.289	0.336
sub-021_task-EyeTracking_physio	21	1043.858	1177.194	133.336	902.327	728.622	0.155	0.051	0.288	0.304
sub-021_task-EyeTracking_physio	21	1202.194	1485.532	283.338	943.835	527.070	0.109	0.065	0.380	0.376
sub-021_task-EyeTracking_physio	21	1518.870	1743.872	225.002	1343.275	717.595	0.251	0.077	0.311	0.765
sub-021_task-EyeTracking_physio	21	1760.538	1943.876	183.338	1356.938	783.195	0.269	0.051	0.149	0.555
sub-021_task-EyeTracking_physio	21	1985.543	2252.217	266.674	1642.822	758.820	0.180	0.070	0.402	0.492
sub-021_task-EyeTracking_physio	21	2285.550	2435.556	150.006	1514.210	578.280	0.091	0.028	0.274	0.233
sub-021_task-EyeTracking_physio	21	2468.889	2643.893	175.004	1224.460	648.505	0.137	0.043	0.383	0.303
sub-021_task-EyeTracking_physio	21	2668.892	2885.565	216.673	1089.445	878.135	0.189	0.095	0.370	0.650
sub-021_task-EyeTracking_physio	22	-2607.591	-2465.922	141.669	1235.130	781.750	0.881	2.227	4.669	3.633
sub-021_task-EyeTracking_physio	22	-2440.922	-840.886	1600.036	1279.987	692.793	0.137	0.131	0.588	0.822
sub-021_task-EyeTracking_physio	22	-607.548	317.469	925.017	1280.115	698.330	0.133	0.080	0.402	0.739
sub-021_task-EyeTracking_physio	22	342.469	592.474	250.005	1389.327	745.038	0.119	0.036	0.244	0.419
sub-021_task-EyeTracking_physio	22	634.141	817.481	183.340	1079.222	675.475	0.133	0.042	0.259	0.293
sub-021_task-EyeTracking_physio	22	842.481	1117.486	275.005	948.925	627.730	0.093	0.034	0.308	0.309
sub-021_task-EyeTracking_physio	22	1134.153	1417.489	283.336	932.090	781.638	0.195	0.102	0.294	0.930
sub-021_task-EyeTracking_physio	22	1475.827	1834.166	358.339	1583.710	902.090	0.160	0.054	0.340	0.428
sub-021_task-EyeTracking_physio	22	1867.502	2067.504	200.002	1381.352	819.578	0.283	0.122	0.462	0.746
sub-021_task-EyeTracking_physio	22	2084.172	2242.514	158.342	1393.780	785.645	0.302	0.091	0.315	0.670
sub-021_task-EyeTracking_physio	22	2275.846	2392.512	116.666	1135.423	692.015	0.115	0.027	0.268	0.163
sub-021_task-EyeTracking_physio	22	2409.180	2667.522	258.342	1071.435	625.785	0.122	0.029	0.265	0.323
sub-021_task-EyeTracking_physio	22	2692.520	3000.861	308.341	1386.670	735.520	0.259	0.079	0.388	0.573
sub-021_task-EyeTracking_physio	23	-2024.636	-1832.967	191.669	1294.075	689.630	0.260	0.178	1.086	0.548
sub-021_task-EyeTracking_physio	23	-1816.296	-974.611	841.685	1274.885	728.085	0.246	0.158	0.322	1.416
sub-021_task-EyeTracking_physio	23	-507.931	217.084	725.015	1272.095	706.515	0.113	0.097	0.549	0.726
sub-021_task-EyeTracking_physio	23	242.083	500.423	258.340	1460.005	760.665	0.162	0.079	0.360	0.586
sub-021_task-EyeTracking_physio	23	517.090	708.763	191.673	1400.110	936.785	0.201	0.108	0.299	0.804
sub-021_task-EyeTracking_physio	23	742.096	1067.104	325.008	1213.055	595.970	0.121	0.033	0.276	0.368
sub-021_task-EyeTracking_physio	23	1092.104	1300.442	208.338	1127.235	700.250	0.144	0.030	0.168	0.443
sub-021_task-EyeTracking_physio	23	1325.442	1550.449	225.007	1306.225	965.110	0.130	0.033	0.246	0.379
sub-021_task-EyeTracking_physio	23	1575.449	1733.789	158.340	1090.330	943.070	0.181	0.058	0.379	0.423
sub-021_task-EyeTracking_physio	23	1758.788	1967.123	208.335	1308.460	940.050	0.182	0.075	0.609	0.392
sub-021_task-EyeTracking_physio	23	2025.459	2267.133	241.674	1060.715	521.980	0.119	0.055	0.321	0.434
sub-021_task-EyeTracking_physio	23	2308.800	2733.807	425.007	1533.315	534.480	0.117	0.048	0.445	0.391
sub-021_task-EyeTracking_physio	23	2750.474	3000.479	250.005	1572.260	509.765	0.152	0.044	0.679	0.250
sub-021_task-EyeTracking_physio	24	-1135.349	-968.679	166.670	1266.262	730.565	0.108	0.024	0.238	0.202
sub-021_task-EyeTracking_physio	24	-943.680	-552.006	391.674	1271.685	694.540	0.147	0.036	0.207	0.504
sub-021_task-EyeTracking_physio	24	-368.666	431.348	800.014	1273.492	693.727	0.143	0.169	0.592	0.679
sub-021_task-EyeTracking_physio	24	473.013	656.354	183.341	1189.423	623.300	0.094	0.018	0.182	0.262
sub-021_task-EyeTracking_physio	24	698.023	873.025	175.002	990.015	485.825	0.065	0.023	0.143	0.338
sub-021_task-EyeTracking_physio	24	914.690	1131.364	216.674	1458.495	715.803	0.145	0.074	0.354	0.527
sub-021_task-EyeTracking_physio	24	1148.030	1531.374	383.344	1545.110	898.217	0.130	0.066	0.264	0.647
sub-021_task-EyeTracking_physio	24	1556.372	1714.708	158.336	1620.510	920.790	0.139	0.080	0.295	0.537
sub-021_task-EyeTracking_physio	24	1731.379	1956.379	225.000	1640.565	833.385	0.175	0.070	0.337	0.440
sub-021_task-EyeTracking_physio	24	1973.045	2198.054	225.009	1533.020	820.380	0.219	0.084	0.378	0.690
sub-021_task-EyeTracking_physio	24	2223.052	2439.726	216.674	1415.173	856.202	0.207	0.074	0.408	0.418
sub-021_task-EyeTracking_physio	24	2448.060	2723.065	275.005	1436.435	871.795	0.154	0.074	0.332	0.592
sub-021_task-EyeTracking_physio	24	2756.398	3006.404	250.006	1357.170	588.542	0.101	0.032	0.264	0.304
sub-021_task-EyeTracking_physio	25	-731.955	251.401	983.356	1276.685	695.732	0.183	0.114	0.295	1.132
sub-021_task-EyeTracking_physio	25	384.742	568.077	183.335	1055.303	719.585	0.215	0.121	0.341	0.814
sub-021_task-EyeTracking_physio	25	593.077	876.422	283.345	926.158	732.620	0.121	0.046	0.354	0.286
sub-021_task-EyeTracking_physio	25	901.421	1184.761	283.340	1034.005	683.835	0.104	0.025	0.192	0.348
sub-021_task-EyeTracking_physio	25	1201.427	1384.762	183.335	1148.165	652.620	0.094	0.022	0.186	0.230
sub-021_task-EyeTracking_physio	25	1409.766	1634.769	225.003	1391.840	692.395	0.171	0.059	0.329	0.533
sub-021_task-EyeTracking_physio	25	1659.774	1901.442	241.668	1447.095	712.350	0.161	0.049	0.289	0.437
sub-021_task-EyeTracking_physio	25	1926.446	2159.782	233.336	1430.340	605.192	0.105	0.035	0.197	0.436
sub-021_task-EyeTracking_physio	25	2193.119	2551.458	358.339	1636.565	806.955	0.181	0.074	0.415	0.523
sub-021_task-EyeTracking_physio	25	2568.125	2768.131	200.006	1543.457	732.390	0.215	0.057	0.321	0.475
sub-021_task-EyeTracking_physio	25	2793.132	2959.799	166.667	1473.525	800.055	0.159	0.047	0.248	0.453
sub-021_task-EyeTracking_physio	26	-5704.805	-5488.137	216.668	1248.680	690.633	0.124	0.043	0.388	0.305
sub-021_task-EyeTracking_physio	26	-5471.472	-4596.452	875.020	1276.600	708.445	0.252	0.125	0.336	1.170
sub-021_task-EyeTracking_physio	26	-4396.446	-4104.771	291.675	1283.060	735.185	0.293	0.151	0.233	1.866
sub-021_task-EyeTracking_physio	26	-4096.438	-2613.075	1483.363	1280.055	703.362	0.101	0.031	0.229	0.588
sub-021_task-EyeTracking_physio	26	-929.710	311.993	1241.703	1280.255	697.750	0.120	0.134	0.566	0.943
sub-021_task-EyeTracking_physio	26	336.992	520.326	183.334	1255.665	675.798	0.100	0.017	0.159	0.172
sub-021_task-EyeTracking_physio	26	553.659	745.333	191.674	1048.605	727.560	0.109	0.037	0.331	0.241
sub-021_task-EyeTracking_physio	26	770.333	953.673	183.340	979.248	742.625	0.118	0.028	0.230	0.225
sub-021_task-EyeTracking_physio	26	970.340	1153.677	183.337	975.367	725.275	0.095	0.019	0.178	0.223
sub-021_task-EyeTracking_physio	26	1187.009	1487.019	300.010	1432.125	743.505	0.383	0.396	2.443	0.423
sub-021_task-EyeTracking_physio	26	1512.017	1803.691	291.674	1626.505	749.045	0.135	0.030	0.336	0.255
sub-021_task-EyeTracking_physio	26	1837.025	2020.364	183.339	1657.482	700.470	0.099	0.025	0.206	0.245
sub-021_task-EyeTracking_physio	26	2053.697	2203.700	150.003	1428.395	797.038	0.353	0.189	0.436	0.815
sub-021_task-EyeTracking_physio	26	2228.701	2495.372	266.671	1219.528	878.632	0.172	0.060	0.273	0.528
sub-021_task-EyeTracking_physio	26	2528.711	2762.046	233.335	924.893	909.685	0.205	0.079	0.243	0.797
sub-021_task-EyeTracking_physio	26	2778.713	2912.049	133.336	937.188	771.170	0.247	0.088	0.347	0.614
sub-021_task-EyeTracking_physio	27	-3560.992	-2369.298	1191.694	1276.610	698.360	0.200	0.133	0.392	0.942
sub-021_task-EyeTracking_physio	27	-2135.960	-1952.621	183.339	1270.673	715.575	0.329	0.221	0.369	1.258
sub-021_task-EyeTracking_physio	27	-1760.950	-1219.273	541.677	1280.660	705.265	0.142	0.068	0.188	0.980
sub-021_task-EyeTracking_physio	27	-1002.602	-744.261	258.341	1273.265	704.030	0.143	0.044	0.200	0.574
sub-021_task-EyeTracking_physio	27	-569.259	255.758	825.017	1280.150	709.115	0.126	0.092	0.351	1.019
sub-021_task-EyeTracking_physio	27	280.756	505.765	225.009	1352.055	704.985	0.089	0.022	0.266	0.240
sub-021_task-EyeTracking_physio	27	522.430	655.767	133.337	1405.445	675.108	0.094	0.022	0.247	0.180
sub-021_task-EyeTracking_physio	27	672.433	939.105	266.672	1431.967	713.888	0.086	0.018	0.180	0.227
sub-021_task-EyeTracking_physio	27	955.779	1130.778	174.999	1460.420	715.830	0.094	0.018	0.208	0.207
sub-021_task-EyeTracking_physio	27	1164.112	1505.788	341.676	1053.860	731.665	0.094	0.040	0.388	0.276
sub-021_task-EyeTracking_physio	27	1530.787	1880.797	350.010	945.612	789.015	0.183	0.059	0.327	0.555
sub-021_task-EyeTracking_physio	27	1922.463	2122.464	200.001	1376.075	774.625	0.171	0.048	0.325	0.359
sub-021_task-EyeTracking_physio	27	2230.801	2405.809	175.008	1498.000	634.845	0.108	0.024	0.224	0.285
sub-021_task-EyeTracking_physio	27	2430.807	2605.811	175.004	1553.840	615.875	0.118	0.025	0.220	0.205
sub-021_task-EyeTracking_physio	27	2622.478	2880.813	258.335	1571.685	612.945	0.104	0.028	0.302	0.268
sub-021_task-EyeTracking_physio	28	-1139.144	-939.138	200.006	1293.285	766.443	0.134	0.040	0.231	0.411
sub-021_task-EyeTracking_physio	28	-922.472	-397.459	525.013	1274.260	700.830	0.127	0.037	0.246	0.457
sub-021_task-EyeTracking_physio	28	-147.453	202.550	350.003	1276.097	711.580	0.127	0.075	0.295	0.779
sub-021_task-EyeTracking_physio	28	219.217	519.227	300.010	1299.895	735.260	0.125	0.051	0.285	0.532
sub-021_task-EyeTracking_physio	28	535.894	694.228	158.334	1295.605	709.920	0.096	0.018	0.181	0.193
sub-021_task-EyeTracking_physio	28	719.229	894.235	175.006	1323.280	581.925	0.102	0.022	0.188	0.234
sub-021_task-EyeTracking_physio	28	910.902	1110.904	200.002	1352.753	536.465	0.079	0.015	0.133	0.246
sub-021_task-EyeTracking_physio	28	1135.903	1319.242	183.339	1626.785	652.462	0.102	0.025	0.216	0.191
sub-021_task-EyeTracking_physio	28	1352.574	1577.582	225.008	1393.185	514.815	0.089	0.017	0.205	0.174
sub-021_task-EyeTracking_physio	28	1585.916	2127.593	541.677	1360.270	501.945	0.085	0.020	0.191	0.267
sub-021_task-EyeTracking_physio	28	2177.593	2394.266	216.673	1113.305	934.878	0.130	0.040	0.276	0.417
sub-021_task-EyeTracking_physio	28	2419.265	2710.938	291.673	1330.795	798.140	0.232	0.085	0.368	0.641
sub-021_task-EyeTracking_physio	28	2735.943	2944.276	208.333	1159.520	718.635	0.102	0.026	0.242	0.306
sub-021_task-EyeTracking_physio	29	-2168.603	-1360.252	808.351	1281.410	715.995	0.157	0.076	0.368	0.591
sub-021_task-EyeTracking_physio	29	-1143.583	-951.911	191.672	1275.680	702.340	0.178	0.055	0.261	0.417
sub-021_task-EyeTracking_physio	29	-768.576	-610.239	158.337	1274.230	717.020	0.159	0.027	0.151	0.402
sub-021_task-EyeTracking_physio	29	-360.235	-185.229	175.006	1258.360	709.310	0.142	0.048	0.205	0.485
sub-021_task-EyeTracking_physio	29	-176.896	489.788	666.684	1275.182	702.140	0.111	0.037	0.276	0.418
sub-021_task-EyeTracking_physio	29	514.786	681.456	166.670	1284.743	875.200	0.210	0.069	0.207	0.757
sub-021_task-EyeTracking_physio	29	714.793	1006.466	291.673	1587.990	974.395	0.170	0.088	0.233	0.760
sub-021_task-EyeTracking_physio	29	1048.132	1223.134	175.002	1161.955	927.120	0.178	0.075	0.351	0.520
sub-021_task-EyeTracking_physio	29	1248.137	1414.809	166.672	938.370	945.793	0.189	0.075	0.447	0.402
sub-021_task-EyeTracking_physio	29	1431.475	1673.147	241.672	892.800	809.385	0.149	0.070	0.339	0.410
sub-021_task-EyeTracking_physio	29	1714.813	1906.485	191.672	1263.385	489.405	0.111	0.037	0.282	0.287
sub-021_task-EyeTracking_physio	29	1923.151	2414.825	491.674	1279.530	447.065	0.085	0.026	0.185	0.366
sub-021_task-EyeTracking_physio	29	2448.166	2673.165	224.999	1438.125	674.940	0.124	0.042	0.265	0.372
sub-021_task-EyeTracking_physio	29	2723.172	2939.838	216.666	1579.745	968.695	0.124	0.034	0.222	0.326
sub-021_task-EyeTracking_physio	30	-1737.070	-1028.723	708.347	1278.570	712.710	0.112	0.057	0.580	0.688
sub-021_task-EyeTracking_physio	30	-812.053	221.302	1033.355	1277.793	701.790	0.148	0.062	0.242	0.938
sub-021_task-EyeTracking_physio	30	246.301	546.306	300.005	1137.457	667.885	0.111	0.045	0.327	0.384
sub-021_task-EyeTracking_physio	30	562.972	729.641	166.669	1098.315	670.260	0.074	0.022	0.150	0.228
sub-021_task-EyeTracking_physio	30	762.979	1062.983	300.004	1522.995	779.528	0.202	0.109	0.410	0.742
sub-021_task-EyeTracking_physio	30	1096.316	1496.325	400.009	1469.450	579.018	0.102	0.033	0.261	0.388
sub-021_task-EyeTracking_physio	30	1512.991	1787.995	275.004	1478.695	608.320	0.088	0.023	0.219	0.270
sub-021_task-EyeTracking_physio	30	1813.000	2104.668	291.668	1448.415	649.510	0.086	0.021	0.197	0.246
sub-021_task-EyeTracking_physio	30	2138.001	2421.341	283.340	1134.528	688.508	0.098	0.051	0.394	0.379
sub-021_task-EyeTracking_physio	30	2438.007	2621.346	183.339	1053.262	690.195	0.116	0.049	0.301	0.345
sub-021_task-EyeTracking_physio	30	2629.679	2896.354	266.675	1033.767	702.212	0.113	0.030	0.250	0.230
sub-021_task-EyeTracking_physio	31	-1117.038	-825.363	291.675	1265.840	719.590	0.200	0.123	1.215	1.042
sub-021_task-EyeTracking_physio	31	-808.697	-333.687	475.010	1276.095	702.565	0.117	0.026	0.268	0.442
sub-021_task-EyeTracking_physio	31	-100.347	241.329	341.676	1294.405	699.780	0.177	0.091	0.328	1.089
sub-021_task-EyeTracking_physio	31	274.662	491.333	216.671	1157.970	621.332	0.112	0.031	0.226	0.282
sub-021_task-EyeTracking_physio	31	516.333	716.335	200.002	1118.325	602.673	0.088	0.019	0.209	0.173
sub-021_task-EyeTracking_physio	31	758.008	933.008	175.000	1539.160	638.595	0.124	0.051	0.335	0.376
sub-021_task-EyeTracking_physio	31	958.007	1216.345	258.338	1458.640	719.575	0.135	0.043	0.361	0.320
sub-021_task-EyeTracking_physio	31	1241.343	1458.021	216.678	1402.023	594.217	0.107	0.032	0.205	0.331
sub-021_task-EyeTracking_physio	31	1499.687	1699.690	200.003	1185.188	467.923	0.102	0.023	0.200	0.288
sub-021_task-EyeTracking_physio	31	1724.690	2083.033	358.343	1180.615	598.660	0.096	0.027	0.280	0.239
sub-021_task-EyeTracking_physio	31	2124.700	2383.039	258.339	1168.640	490.170	0.080	0.030	0.237	0.278
sub-021_task-EyeTracking_physio	31	2424.705	2758.049	333.344	1190.855	587.707	0.100	0.036	0.229	0.427
sub-021_task-EyeTracking_physio	31	2791.380	2999.721	208.341	1541.570	599.385	0.114	0.044	0.433	0.229
sub-021_task-EyeTracking_physio	32	-748.369	-381.694	366.675	1257.758	736.467	0.283	0.150	0.331	1.814
sub-021_task-EyeTracking_physio	32	-248.357	-65.023	183.334	1302.027	716.710	0.266	0.129	0.198	1.349
sub-021_task-EyeTracking_physio	32	-56.684	626.662	683.346	1283.572	721.642	0.119	0.099	0.412	0.798
sub-021_task-EyeTracking_physio	32	643.329	1043.337	400.008	1257.943	757.938	0.130	0.039	0.214	0.384
sub-021_task-EyeTracking_physio	32	1076.670	1260.008	183.338	1055.648	666.295	0.127	0.034	0.257	0.266
sub-021_task-EyeTracking_physio	32	1293.341	1568.349	275.008	1556.150	658.140	0.107	0.023	0.296	0.197
sub-021_task-EyeTracking_physio	32	1585.015	1768.348	183.333	1497.857	641.553	0.087	0.013	0.128	0.174
sub-021_task-EyeTracking_physio	32	1785.022	1968.355	183.333	1586.598	764.895	0.197	0.113	0.326	0.664
sub-021_task-EyeTracking_physio	32	2001.688	2168.357	166.669	1574.483	608.062	0.113	0.022	0.204	0.261
sub-021_task-EyeTracking_physio	32	2193.362	2335.031	141.669	1319.100	662.300	0.133	0.049	0.390	0.233
sub-021_task-EyeTracking_physio	32	2351.696	2518.369	166.673	1268.660	649.130	0.090	0.036	0.177	0.394
sub-021_task-EyeTracking_physio	32	2551.702	2843.373	291.671	925.260	622.830	0.107	0.041	0.317	0.330
sub-021_task-EyeTracking_physio	32	2868.374	3001.712	133.338	1029.688	634.855	0.106	0.014	0.189	0.139
sub-021_task-EyeTracking_physio	33	-3808.174	-3599.835	208.339	1236.835	681.220	0.162	0.066	0.396	0.440
sub-021_task-EyeTracking_physio	33	-3583.169	-2849.816	733.353	1268.557	875.115	0.401	7.880	1.231	17.779
sub-021_task-EyeTracking_physio	33	-2408.143	-2149.803	258.340	709.410	1526.095	1.441	3.482	2.975	3.142
sub-021_task-EyeTracking_physio	33	-2099.803	-1991.469	108.334	1342.455	832.260	0.224	0.066	0.212	0.647
sub-021_task-EyeTracking_physio	33	-1983.135	-1774.796	208.339	1293.340	741.840	0.162	0.129	0.593	0.620
sub-021_task-EyeTracking_physio	33	-1574.794	-1274.783	300.011	1278.092	707.140	0.098	0.051	0.267	0.536
sub-021_task-EyeTracking_physio	33	-791.443	275.251	1066.694	1273.887	711.015	0.105	0.049	0.206	0.762
sub-021_task-EyeTracking_physio	33	300.251	566.916	266.665	1263.013	632.112	0.094	0.022	0.141	0.313
sub-021_task-EyeTracking_physio	33	591.915	716.926	125.011	1311.090	663.970	0.109	0.018	0.186	0.204
sub-021_task-EyeTracking_physio	33	733.592	966.930	233.338	1349.330	670.872	0.099	0.029	0.169	0.355
sub-021_task-EyeTracking_physio	33	1000.263	1266.938	266.675	1614.317	740.757	0.125	0.035	0.369	0.399
sub-021_task-EyeTracking_physio	33	1283.605	1825.281	541.676	1641.870	704.725	0.104	0.102	0.478	0.497
sub-021_task-EyeTracking_physio	33	1850.286	2083.620	233.334	1580.303	712.370	0.106	0.023	0.220	0.318
sub-021_task-EyeTracking_physio	33	2108.625	2275.293	166.668	1574.275	557.150	0.122	0.032	0.198	0.403
sub-021_task-EyeTracking_physio	33	2291.959	2416.961	125.002	1637.195	548.245	0.115	0.036	0.260	0.327
sub-021_task-EyeTracking_physio	33	2458.628	2600.297	141.669	1214.230	518.140	0.136	0.035	0.345	0.231
sub-021_task-EyeTracking_physio	33	2616.963	2900.307	283.344	1197.715	437.550	0.091	0.014	0.194	0.172
sub-021_task-EyeTracking_physio	34	-2095.404	-1987.067	108.337	934.885	1088.565	0.122	0.033	0.166	0.371
sub-021_task-EyeTracking_physio	34	-1937.068	-1787.065	150.003	1310.622	730.608	0.147	0.029	0.112	0.398
sub-021_task-EyeTracking_physio	34	-1770.398	-378.699	1391.699	1279.605	712.060	0.183	0.102	0.448	1.012
sub-021_task-EyeTracking_physio	34	-170.361	304.645	475.006	1275.100	703.945	0.124	0.061	0.230	0.902
sub-021_task-EyeTracking_physio	34	337.983	621.321	283.338	1091.888	758.828	0.109	0.052	0.332	0.333
sub-021_task-EyeTracking_physio	34	646.321	921.324	275.003	1039.550	803.590	0.142	0.039	0.215	0.473
sub-021_task-EyeTracking_physio	34	954.657	1254.669	300.012	1143.932	900.695	0.192	0.062	0.323	0.527
sub-021_task-EyeTracking_physio	34	1371.334	1588.006	216.672	1092.168	578.465	0.110	0.026	0.209	0.402
sub-021_task-EyeTracking_physio	34	1629.673	1888.012	258.339	1563.795	677.620	0.102	0.030	0.315	0.252
sub-021_task-EyeTracking_physio	34	1913.014	2188.021	275.007	1447.590	720.310	0.084	0.020	0.267	0.232
sub-021_task-EyeTracking_physio	34	2204.688	2413.023	208.335	1465.945	708.655	0.136	0.033	0.292	0.349
sub-021_task-EyeTracking_physio	34	2438.026	2579.696	141.670	1725.940	679.870	0.193	0.073	0.473	0.301
sub-021_task-EyeTracking_physio	34	2604.696	2788.032	183.336	1687.312	677.497	0.082	0.016	0.212	0.213
sub-021_task-EyeTracking_physio	34	2821.369	3004.701	183.332	1330.037	683.603	0.095	0.022	0.332	0.202
sub-021_task-EyeTracking_physio	35	-818.883	297.804	1116.687	1281.250	705.295	0.186	0.134	0.575	0.733
sub-021_task-EyeTracking_physio	35	331.142	547.812	216.670	1210.675	792.227	0.223	0.112	0.347	0.763
sub-021_task-EyeTracking_physio	35	572.815	806.149	233.334	1447.062	762.425	0.110	0.019	0.198	0.237
sub-021_task-EyeTracking_physio	35	831.154	1097.827	266.673	1578.753	884.685	0.189	0.071	0.294	0.736
sub-021_task-EyeTracking_physio	35	1122.826	1322.828	200.002	1668.253	682.890	0.139	0.034	0.321	0.325
sub-021_task-EyeTracking_physio	35	1356.166	1547.833	191.667	1395.795	668.970	0.128	0.029	0.442	0.190
sub-021_task-EyeTracking_physio	35	1572.833	1722.836	150.003	1348.605	702.640	0.085	0.014	0.140	0.199
sub-021_task-EyeTracking_physio	35	1756.174	1881.176	125.002	951.255	685.980	0.141	0.042	0.270	0.256
sub-021_task-EyeTracking_physio	35	1914.508	2197.848	283.340	920.138	557.072	0.079	0.020	0.243	0.246
sub-021_task-EyeTracking_physio	35	2239.513	2447.857	208.344	1303.950	804.635	0.262	0.098	0.406	0.916
sub-021_task-EyeTracking_physio	35	2464.523	2647.854	183.331	1390.935	721.330	0.133	0.026	0.211	0.360
sub-021_task-EyeTracking_physio	35	2672.861	2997.867	325.006	1360.490	725.500	0.081	0.019	0.157	0.254
sub-021_task-EyeTracking_physio	36	-7489.937	-7381.602	108.335	1422.365	742.490	0.062	0.011	0.112	0.178
sub-021_task-EyeTracking_physio	36	-7348.269	-7173.269	175.000	1272.075	718.065	0.111	0.029	0.206	0.238
sub-021_task-EyeTracking_physio	36	-4631.543	-4423.208	208.335	998.270	1062.555	0.154	0.045	0.242	0.430
sub-021_task-EyeTracking_physio	36	-4206.535	-4056.532	150.003	739.362	1502.500	0.142	0.060	0.236	0.499
sub-021_task-EyeTracking_physio	36	-3864.863	-3731.527	133.336	1334.060	719.600	0.161	0.071	0.295	0.591
sub-021_task-EyeTracking_physio	36	-3714.857	-2264.825	1450.032	1272.615	706.890	0.153	0.147	0.350	1.354
sub-021_task-EyeTracking_physio	36	-2164.828	-1748.147	416.681	1323.035	765.648	0.123	0.046	0.212	0.472
sub-021_task-EyeTracking_physio	36	-1731.482	-1523.147	208.335	1292.175	768.560	0.086	0.021	0.188	0.271
sub-021_task-EyeTracking_physio	36	-1481.476	376.896	1858.372	1282.070	740.145	0.126	0.079	0.391	0.677
sub-021_task-EyeTracking_physio	36	410.230	576.898	166.668	1102.135	922.435	0.153	0.037	0.360	0.285
sub-021_task-EyeTracking_physio	36	601.898	776.905	175.007	1046.995	906.100	0.147	0.036	0.189	0.370
sub-021_task-EyeTracking_physio	36	801.904	1018.578	216.674	984.325	909.962	0.128	0.028	0.204	0.280
sub-021_task-EyeTracking_physio	36	1060.244	1310.251	250.007	1560.388	844.048	0.189	0.072	0.384	0.495
sub-021_task-EyeTracking_physio	36	1335.250	1668.591	333.341	1596.157	695.393	0.142	0.030	0.275	0.460
sub-021_task-EyeTracking_physio	36	1693.592	1893.594	200.002	1579.120	657.608	0.124	0.022	0.212	0.238
sub-021_task-EyeTracking_physio	36	1918.593	2068.599	150.006	1510.205	553.885	0.115	0.030	0.312	0.197
sub-021_task-EyeTracking_physio	36	2101.932	2268.602	166.670	1332.085	458.940	0.113	0.043	0.303	0.344
sub-021_task-EyeTracking_physio	36	2301.934	2585.278	283.344	1027.722	578.870	0.135	0.038	0.349	0.377
sub-021_task-EyeTracking_physio	36	2610.278	2851.951	241.673	975.725	637.430	0.111	0.038	0.312	0.369
sub-021_task-EyeTracking_physio	36	2885.284	3001.951	116.667	932.162	865.673	0.166	0.080	0.405	0.425
sub-021_task-EyeTracking_physio	37	-1837.405	-1562.400	275.005	1241.250	726.330	0.514	0.904	3.294	2.534
sub-021_task-EyeTracking_physio	37	-1545.730	-770.716	775.014	1284.680	735.840	0.461	0.318	0.641	5.583
sub-021_task-EyeTracking_physio	37	-470.706	-220.700	250.006	1277.210	725.332	0.171	0.102	0.298	0.909
sub-021_task-EyeTracking_physio	37	-212.367	229.312	441.679	1285.590	698.110	0.161	0.040	0.283	0.579
sub-021_task-EyeTracking_physio	37	254.310	379.311	125.001	1345.130	601.095	0.110	0.018	0.136	0.223
sub-021_task-EyeTracking_physio	37	395.977	687.655	291.678	1354.595	473.325	0.102	0.019	0.155	0.373
sub-021_task-EyeTracking_physio	37	729.320	937.660	208.340	1625.210	858.255	0.248	0.117	0.319	1.006
sub-021_task-EyeTracking_physio	37	954.327	1212.667	258.340	1645.245	788.620	0.206	0.080	0.202	0.843
sub-021_task-EyeTracking_physio	37	1237.666	1487.672	250.006	1666.020	730.342	0.082	0.027	0.241	0.302
sub-021_task-EyeTracking_physio	37	1546.004	1837.676	291.672	1498.100	458.585	0.080	0.026	0.170	0.310
sub-021_task-EyeTracking_physio	37	1854.348	2062.683	208.335	1474.755	449.005	0.095	0.015	0.192	0.182
sub-021_task-EyeTracking_physio	37	2087.682	2312.690	225.008	1420.930	468.165	0.085	0.014	0.206	0.195
sub-021_task-EyeTracking_physio	37	2337.689	2746.030	408.341	1290.185	494.185	0.098	0.037	0.330	0.395
sub-021_task-EyeTracking_physio	37	2771.036	3004.370	233.334	1184.920	588.055	0.120	0.027	0.241	0.302
sub-021_task-EyeTracking_physio	38	-711.764	-578.426	133.338	1139.688	749.638	0.099	0.026	0.279	0.196
sub-021_task-EyeTracking_physio	38	-486.751	-203.417	283.334	1264.837	745.837	0.204	0.095	0.222	1.094
sub-021_task-EyeTracking_physio	38	-186.750	279.928	466.678	1271.620	707.310	0.117	0.029	0.214	0.330
sub-021_task-EyeTracking_physio	38	304.927	496.601	191.674	1255.890	612.085	0.095	0.022	0.159	0.259
sub-021_task-EyeTracking_physio	38	521.601	1046.612	525.011	1369.420	487.200	0.085	0.028	0.202	0.395
sub-021_task-EyeTracking_physio	38	1088.279	1354.950	266.671	1655.072	890.060	0.244	0.149	0.491	0.890
sub-021_task-EyeTracking_physio	38	1396.622	1546.624	150.002	1171.088	1054.030	0.165	0.047	0.458	0.201
sub-021_task-EyeTracking_physio	38	1688.293	1954.964	266.671	1354.658	513.138	0.067	0.016	0.267	0.206
sub-021_task-EyeTracking_physio	38	1988.298	2429.974	441.676	1278.855	520.260	0.083	0.024	0.316	0.359
sub-021_task-EyeTracking_physio	38	2463.311	2713.316	250.005	1333.855	531.483	0.068	0.016	0.182	0.271
sub-021_task-EyeTracking_physio	38	2738.316	3004.987	266.671	1303.370	716.135	0.166	0.028	0.134	0.480
sub-021_task-EyeTracking_physio	39	-2151.611	-1726.604	425.007	1287.835	710.315	0.103	0.023	0.219	0.360
sub-021_task-EyeTracking_physio	39	-1176.595	-1026.590	150.005	1272.303	745.465	0.121	0.041	0.244	0.409
sub-021_task-EyeTracking_physio	39	-851.587	-668.248	183.339	1265.983	686.215	0.115	0.046	0.217	0.460
sub-021_task-EyeTracking_physio	39	-651.582	265.103	916.685	1278.810	704.537	0.110	0.038	0.215	0.541
sub-021_task-EyeTracking_physio	39	281.769	465.109	183.340	1282.520	632.020	0.109	0.030	0.204	0.308
sub-021_task-EyeTracking_physio	39	498.443	673.445	175.002	1226.680	784.075	0.114	0.029	0.210	0.268
sub-021_task-EyeTracking_physio	39	690.111	1123.457	433.346	1117.933	793.837	0.171	0.061	0.362	0.617
sub-021_task-EyeTracking_physio	39	1148.457	1398.463	250.006	1390.023	769.908	0.190	0.063	0.371	0.476
sub-021_task-EyeTracking_physio	39	1431.795	1648.466	216.671	1387.793	695.225	0.096	0.018	0.252	0.188
sub-021_task-EyeTracking_physio	39	1665.133	1848.469	183.336	1314.682	691.298	0.122	0.029	0.233	0.293
sub-021_task-EyeTracking_physio	39	1881.806	2431.818	550.012	1121.310	791.995	0.249	0.199	0.681	0.778
sub-021_task-EyeTracking_physio	39	2456.818	2665.156	208.338	1120.535	570.850	0.094	0.026	0.177	0.426
sub-021_task-EyeTracking_physio	39	2698.488	2890.160	191.672	1284.780	649.150	0.114	0.030	0.286	0.350
sub-021_task-EyeTracking_physio	40	-1240.136	351.564	1591.700	1280.085	700.950	0.100	0.072	0.439	0.476
sub-021_task-EyeTracking_physio	40	384.900	551.568	166.668	1163.928	907.345	0.153	0.051	0.302	0.419
sub-021_task-EyeTracking_physio	40	576.569	826.575	250.006	1120.860	776.558	0.094	0.018	0.243	0.245
sub-021_task-EyeTracking_physio	40	876.573	1118.247	241.674	1495.345	690.025	0.115	0.023	0.299	0.214
sub-021_task-EyeTracking_physio	40	1134.914	1426.591	291.677	1490.825	660.080	0.098	0.020	0.216	0.229
sub-021_task-EyeTracking_physio	40	1451.590	1684.931	233.341	1395.870	641.885	0.100	0.028	0.193	0.344
sub-021_task-EyeTracking_physio	40	1718.263	1909.930	191.667	1100.290	509.800	0.113	0.025	0.293	0.221
sub-021_task-EyeTracking_physio	40	1951.604	2318.273	366.669	1680.632	780.993	0.157	0.069	0.366	0.551
sub-021_task-EyeTracking_physio	40	2368.274	2559.944	191.670	1071.530	855.740	0.223	0.087	0.376	0.588
sub-021_task-EyeTracking_physio	40	2593.277	2793.283	200.006	1066.867	721.963	0.123	0.051	0.311	0.438
sub-021_task-EyeTracking_physio	40	2818.283	3001.628	183.345	1130.028	739.945	0.129	0.039	0.255	0.388
sub-021_task-EyeTracking_physio	41	-939.221	344.142	1283.363	1276.327	699.375	0.132	0.152	0.490	1.297
sub-021_task-EyeTracking_physio	41	369.141	610.816	241.675	1225.185	719.565	0.103	0.024	0.158	0.294
sub-021_task-EyeTracking_physio	41	644.149	894.151	250.002	1438.113	740.580	0.110	0.032	0.423	0.249
sub-021_task-EyeTracking_physio	41	927.485	1135.827	208.342	1283.445	547.690	0.103	0.026	0.195	0.253
sub-021_task-EyeTracking_physio	41	1152.493	1252.495	100.002	1236.690	577.640	0.103	0.033	0.202	0.268
sub-021_task-EyeTracking_physio	41	1277.495	1527.500	250.005	1134.088	765.405	0.172	0.039	0.187	0.452
sub-021_task-EyeTracking_physio	41	1535.834	1652.505	116.671	1109.548	834.227	0.231	0.063	0.163	0.565
sub-021_task-EyeTracking_physio	41	1685.838	1977.508	291.670	1486.970	813.655	0.176	0.050	0.278	0.423
sub-021_task-EyeTracking_physio	41	2002.509	2235.850	233.341	1661.297	765.030	0.131	0.030	0.379	0.319
sub-021_task-EyeTracking_physio	41	2277.520	2527.522	250.002	1403.562	684.205	0.086	0.021	0.264	0.217
sub-021_task-EyeTracking_physio	41	2560.858	2744.195	183.337	1328.153	506.830	0.106	0.022	0.245	0.220
sub-021_task-EyeTracking_physio	41	2777.528	2977.535	200.007	1205.317	556.902	0.096	0.024	0.224	0.339
sub-021_task-EyeTracking_physio	42	-794.255	305.773	1100.028	1275.440	706.172	0.113	0.095	0.360	0.980
sub-021_task-EyeTracking_physio	42	322.439	447.442	125.003	1401.035	740.265	0.127	0.066	0.305	0.494
sub-021_task-EyeTracking_physio	42	464.109	664.116	200.007	1491.778	808.163	0.156	0.047	0.303	0.364
sub-021_task-EyeTracking_physio	42	680.783	805.785	125.002	1503.795	898.015	0.208	0.053	0.154	0.574
sub-021_task-EyeTracking_physio	42	847.451	1072.458	225.007	1087.645	873.190	0.289	0.140	0.383	0.857
sub-021_task-EyeTracking_physio	42	1172.456	1397.461	225.005	958.780	861.985	0.151	0.043	0.290	0.498
sub-021_task-EyeTracking_physio	42	1422.461	1647.469	225.008	998.475	873.340	0.235	0.068	0.291	0.634
sub-021_task-EyeTracking_physio	42	1689.135	1897.474	208.339	1210.630	608.085	0.093	0.027	0.200	0.335
sub-021_task-EyeTracking_physio	42	1930.806	2097.480	166.674	1064.597	626.033	0.110	0.028	0.213	0.283
sub-021_task-EyeTracking_physio	42	2114.146	2389.152	275.006	1086.835	564.270	0.114	0.028	0.235	0.360
sub-021_task-EyeTracking_physio	42	2422.485	2580.821	158.336	1436.150	854.480	0.180	0.071	0.328	0.603
sub-021_task-EyeTracking_physio	42	2614.152	2905.826	291.674	1484.650	760.750	0.114	0.030	0.194	0.328
sub-021_task-EyeTracking_physio	43	-2849.413	-2499.410	350.003	1287.713	705.250	0.095	0.027	0.224	0.414
sub-021_task-EyeTracking_physio	43	-1949.394	-1791.058	158.336	777.300	1550.115	0.128	0.129	0.550	0.515
sub-021_task-EyeTracking_physio	43	-1766.058	-1574.389	191.669	712.055	1526.125	0.084	0.028	0.207	0.269
sub-021_task-EyeTracking_physio	43	-1357.718	-1216.048	141.670	1338.615	709.385	0.105	0.038	0.300	0.361
sub-021_task-EyeTracking_physio	43	-1191.048	-791.039	400.009	1283.435	707.923	0.102	0.032	0.285	0.428
sub-021_task-EyeTracking_physio	43	-591.034	-399.366	191.668	1265.855	692.075	0.129	0.047	0.195	0.413
sub-021_task-EyeTracking_physio	43	-382.699	367.320	750.019	1283.782	697.195	0.103	0.030	0.215	0.433
sub-021_task-EyeTracking_physio	43	392.318	650.657	258.339	1105.505	670.265	0.100	0.041	0.257	0.378
sub-021_task-EyeTracking_physio	43	658.991	783.996	125.005	1032.645	661.450	0.090	0.039	0.244	0.300
sub-021_task-EyeTracking_physio	43	809.003	1000.670	191.667	1045.140	470.530	0.126	0.049	0.184	0.394
sub-021_task-EyeTracking_physio	43	1025.670	1192.340	166.670	1109.885	464.495	0.085	0.027	0.153	0.248
sub-021_task-EyeTracking_physio	43	1225.673	1567.345	341.672	1471.495	549.650	0.091	0.036	0.274	0.381
sub-021_task-EyeTracking_physio	43	1600.683	1925.687	325.004	1515.895	859.735	0.169	0.054	0.251	0.499
sub-021_task-EyeTracking_physio	43	1975.691	2234.027	258.336	1434.380	694.945	0.131	0.046	0.224	0.391
sub-021_task-EyeTracking_physio	43	2250.699	2634.040	383.341	1588.617	668.108	0.110	0.048	0.472	0.348
sub-021_task-EyeTracking_physio	43	2659.040	2892.374	233.334	1587.465	786.297	0.192	0.071	0.267	0.676
sub-021_task-EyeTracking_physio	44	-721.682	311.670	1033.352	1271.240	702.473	0.117	0.171	0.755	0.687
sub-021_task-EyeTracking_physio	44	328.342	478.344	150.002	1163.372	710.200	0.107	0.031	0.288	0.227
sub-021_task-EyeTracking_physio	44	495.011	695.011	200.000	1108.572	754.013	0.133	0.036	0.223	0.349
sub-021_task-EyeTracking_physio	44	711.683	1020.021	308.338	1200.400	592.350	0.111	0.031	0.241	0.369
sub-021_task-EyeTracking_physio	44	1053.354	1228.358	175.004	1481.380	600.895	0.105	0.024	0.239	0.201
sub-021_task-EyeTracking_physio	44	1245.028	1478.363	233.335	1564.320	626.885	0.127	0.039	0.336	0.284
sub-021_task-EyeTracking_physio	44	1503.367	1695.036	191.669	1360.425	589.005	0.088	0.035	0.264	0.309
sub-021_task-EyeTracking_physio	44	1720.035	1961.708	241.673	1213.460	566.980	0.089	0.025	0.201	0.306
sub-021_task-EyeTracking_physio	44	1978.375	2145.044	166.669	1392.092	562.462	0.130	0.041	0.418	0.276
sub-021_task-EyeTracking_physio	44	2178.381	2461.721	283.340	1411.972	569.783	0.078	0.021	0.172	0.301
sub-021_task-EyeTracking_physio	44	2495.054	2745.059	250.005	1135.360	807.048	0.266	0.122	0.429	0.849
sub-021_task-EyeTracking_physio	44	2786.724	2945.064	158.340	1405.985	564.240	0.119	0.051	0.335	0.454
sub-021_task-EyeTracking_physio	45	-363.735	-163.733	200.002	1298.935	722.035	0.116	0.032	0.422	0.318
sub-021_task-EyeTracking_physio	45	-147.063	502.954	650.017	1278.162	711.320	0.123	0.045	0.227	0.498
sub-021_task-EyeTracking_physio	45	527.953	777.958	250.005	1396.075	576.825	0.080	0.013	0.172	0.213
sub-021_task-EyeTracking_physio	45	794.625	902.963	108.338	1469.470	584.815	0.093	0.016	0.193	0.138
sub-021_task-EyeTracking_physio	45	919.629	1136.294	216.665	1641.840	573.625	0.118	0.021	0.215	0.275
sub-021_task-EyeTracking_physio	45	1236.298	1427.971	191.673	969.115	580.605	0.154	0.056	0.455	0.317
sub-021_task-EyeTracking_physio	45	1477.971	1702.977	225.006	1108.030	904.535	0.158	0.052	0.233	0.506
sub-021_task-EyeTracking_physio	45	1744.643	2086.319	341.676	1558.095	891.145	0.198	0.066	0.272	0.646
sub-021_task-EyeTracking_physio	45	2102.985	2377.991	275.006	1493.355	854.305	0.181	0.050	0.354	0.502
sub-021_task-EyeTracking_physio	45	2411.323	2752.997	341.674	1279.470	659.945	0.101	0.026	0.184	0.323
sub-021_task-EyeTracking_physio	45	2777.997	3003.006	225.009	1213.255	609.260	0.107	0.044	0.178	0.457
sub-021_task-EyeTracking_physio	46	-3391.039	-3174.367	216.672	1264.003	673.870	0.091	0.024	0.174	0.358
sub-021_task-EyeTracking_physio	46	-3141.031	-2882.691	258.340	1282.675	700.805	0.127	0.023	0.150	0.419
sub-021_task-EyeTracking_physio	46	-2449.353	-2282.682	166.671	1281.498	739.565	0.120	0.036	0.162	0.448
sub-021_task-EyeTracking_physio	46	-965.990	-749.316	216.674	1253.407	698.700	0.088	0.040	0.216	0.402
sub-021_task-EyeTracking_physio	46	-732.649	242.369	975.018	1271.665	702.860	0.106	0.062	0.285	0.795
sub-021_task-EyeTracking_physio	46	284.041	475.708	191.667	1244.555	658.430	0.106	0.031	0.208	0.326
sub-021_task-EyeTracking_physio	46	509.044	767.380	258.336	1285.015	745.455	0.090	0.019	0.229	0.231
sub-021_task-EyeTracking_physio	46	792.386	1125.723	333.337	1376.770	722.920	0.101	0.020	0.207	0.295
sub-021_task-EyeTracking_physio	46	1159.056	1392.395	233.339	1064.963	751.842	0.092	0.020	0.209	0.273
sub-021_task-EyeTracking_physio	46	1434.064	1584.069	150.005	1373.370	719.538	0.111	0.034	0.337	0.254
sub-021_task-EyeTracking_physio	46	1592.403	1925.739	333.336	1402.803	712.118	0.125	0.035	0.193	0.522
sub-021_task-EyeTracking_physio	46	1950.745	2292.416	341.671	1502.725	628.550	0.108	0.046	0.274	0.473
sub-021_task-EyeTracking_physio	46	2325.749	2509.089	183.340	1280.517	624.535	0.100	0.037	0.293	0.297
sub-021_task-EyeTracking_physio	46	2534.088	2742.428	208.340	1205.440	476.380	0.114	0.049	0.298	0.428
sub-021_task-EyeTracking_physio	46	2759.095	2984.096	225.001	1293.155	452.370	0.104	0.027	0.228	0.377
sub-021_task-EyeTracking_physio	47	-1360.324	-768.644	591.680	1270.685	671.845	0.115	0.033	0.316	0.361
sub-021_task-EyeTracking_physio	47	-751.978	-435.304	316.674	1251.207	718.918	0.108	0.031	0.251	0.413
sub-021_task-EyeTracking_physio	47	-418.638	248.050	666.688	1273.250	712.178	0.113	0.041	0.301	0.389
sub-021_task-EyeTracking_physio	47	281.383	623.052	341.669	1095.345	734.095	0.102	0.044	0.299	0.378
sub-021_task-EyeTracking_physio	47	664.723	931.396	266.673	1494.650	785.900	0.112	0.027	0.325	0.390
sub-021_task-EyeTracking_physio	47	948.063	1081.395	133.332	1539.470	738.570	0.122	0.034	0.270	0.226
sub-021_task-EyeTracking_physio	47	1123.062	1389.738	266.676	1088.142	817.340	0.138	0.038	0.312	0.396
sub-021_task-EyeTracking_physio	47	1414.738	1573.078	158.340	1114.505	741.005	0.116	0.027	0.150	0.333
sub-021_task-EyeTracking_physio	47	1614.744	1956.420	341.676	1573.535	729.225	0.125	0.036	0.395	0.301
sub-021_task-EyeTracking_physio	47	2006.419	2498.098	491.679	1445.920	592.880	0.107	0.026	0.237	0.298
sub-021_task-EyeTracking_physio	47	2531.431	2673.102	141.671	1261.210	727.820	0.124	0.026	0.250	0.342
sub-021_task-EyeTracking_physio	47	2698.102	2839.769	141.667	1101.980	814.025	0.278	0.094	0.293	0.857
sub-021_task-EyeTracking_physio	47	2864.769	2998.104	133.335	978.500	856.132	0.205	0.134	0.458	0.676
sub-021_task-EyeTracking_physio	48	-1970.661	-1870.660	100.001	1227.242	844.977	0.346	0.098	0.166	1.228
sub-021_task-EyeTracking_physio	48	-1853.994	-1637.320	216.674	1263.815	716.455	0.128	0.050	0.192	0.507
sub-021_task-EyeTracking_physio	48	-1620.654	-1328.983	291.671	1279.985	702.380	0.109	0.030	0.231	0.366
sub-021_task-EyeTracking_physio	48	-1145.644	-945.640	200.004	1264.263	713.130	0.153	0.063	0.235	0.666
sub-021_task-EyeTracking_physio	48	-745.638	304.390	1050.028	1279.790	698.965	0.107	0.087	0.354	0.703
sub-021_task-EyeTracking_physio	48	321.055	537.725	216.670	1204.113	682.118	0.120	0.042	0.277	0.396
sub-021_task-EyeTracking_physio	48	562.729	837.735	275.006	1255.795	699.275	0.088	0.023	0.165	0.289
sub-021_task-EyeTracking_physio	48	871.067	1054.403	183.336	1508.675	718.985	0.147	0.038	0.371	0.279
sub-021_task-EyeTracking_physio	48	1079.406	1271.076	191.670	1558.435	744.430	0.128	0.041	0.231	0.388
sub-021_task-EyeTracking_physio	48	1287.742	2204.428	916.686	1666.838	728.102	0.111	0.056	0.440	0.586
sub-021_task-EyeTracking_physio	48	2237.762	2429.434	191.672	1540.965	638.675	0.122	0.025	0.313	0.229
sub-021_task-EyeTracking_physio	48	2454.434	2646.108	191.674	1483.530	535.575	0.088	0.024	0.192	0.299
sub-021_task-EyeTracking_physio	48	2679.440	2946.113	266.673	1176.950	582.920	0.100	0.043	0.331	0.324
sub-021_task-EyeTracking_physio	49	-514.067	-330.725	183.342	1248.530	728.325	0.109	0.031	0.354	0.229
sub-021_task-EyeTracking_physio	49	-314.059	310.954	625.013	1270.215	692.825	0.116	0.042	0.306	0.496
sub-021_task-EyeTracking_physio	49	335.954	569.293	233.339	1370.430	796.150	0.245	0.082	0.225	0.897
sub-021_task-EyeTracking_physio	49	585.960	885.966	300.006	1487.378	769.227	0.199	0.063	0.243	0.645
sub-021_task-EyeTracking_physio	49	952.636	1185.970	233.334	1372.467	664.213	0.121	0.047	0.323	0.411
sub-021_task-EyeTracking_physio	49	1210.972	1385.975	175.003	1402.660	663.530	0.082	0.025	0.228	0.253
sub-021_task-EyeTracking_physio	49	1419.309	1619.316	200.007	1057.230	826.310	0.203	0.052	0.301	0.414
sub-021_task-EyeTracking_physio	49	1635.982	1819.317	183.335	999.602	779.525	0.202	0.080	0.302	0.643
sub-021_task-EyeTracking_physio	49	1844.316	2227.656	383.340	1002.850	651.248	0.101	0.036	0.218	0.475
sub-021_task-EyeTracking_physio	49	2294.330	2544.334	250.004	1696.957	769.457	0.141	0.044	0.302	0.318
sub-021_task-EyeTracking_physio	49	2569.334	2911.004	341.670	1447.365	810.200	0.242	0.127	0.542	0.691
sub-021_task-EyeTracking_physio	50	-4235.530	-4060.527	175.003	1442.720	733.690	0.101	0.029	0.226	0.277
sub-021_task-EyeTracking_physio	50	-2260.488	-2043.819	216.669	1277.140	700.155	0.099	0.050	0.190	0.564
sub-021_task-EyeTracking_physio	50	-1127.134	-1010.463	116.671	1194.415	702.632	0.101	0.040	0.231	0.274
sub-021_task-EyeTracking_physio	50	-718.788	364.570	1083.358	1273.870	703.190	0.109	0.113	0.507	0.879
sub-021_task-EyeTracking_physio	50	397.903	547.904	150.001	1506.370	792.682	0.185	0.073	0.243	0.547
sub-021_task-EyeTracking_physio	50	572.904	847.914	275.010	1539.100	952.090	0.152	0.056	0.242	0.618
sub-021_task-EyeTracking_physio	50	889.581	1147.918	258.337	1236.895	670.985	0.102	0.065	0.413	0.385
sub-021_task-EyeTracking_physio	50	1181.251	1472.924	291.673	1608.255	681.635	0.087	0.023	0.277	0.250
sub-021_task-EyeTracking_physio	50	1506.262	1714.598	208.336	1217.900	689.665	0.167	0.079	0.457	0.378
sub-021_task-EyeTracking_physio	50	1731.265	2097.938	366.673	1257.240	686.250	0.098	0.026	0.271	0.253
sub-021_task-EyeTracking_physio	50	2114.604	2322.945	208.341	1098.890	690.475	0.130	0.050	0.403	0.313
sub-021_task-EyeTracking_physio	50	2347.944	2631.285	283.341	1325.693	735.592	0.230	0.086	0.289	0.716
sub-021_task-EyeTracking_physio	50	2647.951	2997.957	350.006	1335.267	810.298	0.191	0.139	0.325	1.041
sub-021_task-EyeTracking_physio	51	-976.803	-601.801	375.002	1273.025	695.460	0.116	0.030	0.195	0.387
sub-021_task-EyeTracking_physio	51	-135.122	189.882	325.004	1273.685	736.230	0.157	0.039	0.200	0.588
sub-021_task-EyeTracking_physio	51	206.554	489.894	283.340	1330.310	765.035	0.142	0.067	0.244	0.569
sub-021_task-EyeTracking_physio	51	531.561	681.561	150.000	1625.910	817.257	0.110	0.037	0.298	0.257
sub-021_task-EyeTracking_physio	51	706.561	964.898	258.337	1636.895	641.685	0.098	0.036	0.217	0.366
sub-021_task-EyeTracking_physio	51	998.237	1214.907	216.670	1479.030	452.665	0.081	0.038	0.192	0.382
sub-021_task-EyeTracking_physio	51	1248.240	1456.577	208.337	1364.290	761.585	0.198	0.076	0.328	0.682
sub-021_task-EyeTracking_physio	51	1473.244	1698.251	225.007	1341.810	745.465	0.141	0.027	0.229	0.435
sub-021_task-EyeTracking_physio	51	1731.584	1864.918	133.334	968.288	860.675	0.198	0.068	0.369	0.402
sub-021_task-EyeTracking_physio	51	1914.923	2056.593	141.670	1075.385	589.605	0.104	0.021	0.177	0.209
sub-021_task-EyeTracking_physio	51	2089.926	2289.926	200.000	1318.932	700.325	0.094	0.037	0.264	0.306
sub-021_task-EyeTracking_physio	51	2323.265	2556.599	233.334	1458.345	488.640	0.108	0.032	0.192	0.468
sub-021_task-EyeTracking_physio	51	2589.935	2739.937	150.002	1712.845	695.245	0.129	0.056	0.381	0.300
sub-021_task-EyeTracking_physio	51	2756.605	2998.276	241.671	1686.020	652.045	0.075	0.011	0.102	0.196
sub-021_task-EyeTracking_physio	52	-1485.992	-1344.321	141.671	1368.280	1006.535	0.131	0.057	0.336	0.417
sub-021_task-EyeTracking_physio	52	-1269.318	-1110.981	158.337	1298.415	812.655	0.446	0.175	0.188	1.692
sub-021_task-EyeTracking_physio	52	-1094.315	239.045	1333.360	1280.200	721.860	0.212	0.119	0.345	0.968
sub-021_task-EyeTracking_physio	52	314.048	555.722	241.674	1529.985	808.455	0.206	0.095	0.368	0.686
sub-021_task-EyeTracking_physio	52	572.388	755.724	183.336	1580.368	714.710	0.106	0.026	0.120	0.332
sub-021_task-EyeTracking_physio	52	772.390	955.732	183.342	1601.503	747.418	0.119	0.021	0.178	0.329
sub-021_task-EyeTracking_physio	52	980.732	1147.399	166.667	1373.267	701.100	0.091	0.023	0.212	0.202
sub-021_task-EyeTracking_physio	52	1189.065	1405.738	216.673	1023.545	725.992	0.116	0.024	0.270	0.228
sub-021_task-EyeTracking_physio	52	1430.739	1647.410	216.671	1127.200	833.045	0.240	0.103	0.278	0.839
sub-021_task-EyeTracking_physio	52	1680.743	2005.753	325.010	1285.940	599.295	0.099	0.024	0.226	0.340
sub-021_task-EyeTracking_physio	52	2030.753	2255.758	225.005	1403.100	713.115	0.197	0.053	0.199	0.662
sub-021_task-EyeTracking_physio	52	2364.090	2639.097	275.007	1550.670	510.850	0.123	0.042	0.218	0.507
sub-021_task-EyeTracking_physio	52	2672.433	3005.773	333.340	1260.530	568.163	0.099	0.037	0.320	0.306
sub-021_task-EyeTracking_physio	53	-2099.220	284.169	2383.389	1279.295	714.132	0.144	0.099	0.394	1.500
sub-021_task-EyeTracking_physio	53	309.168	459.173	150.005	1337.967	927.862	0.171	0.088	0.289	0.537
sub-021_task-EyeTracking_physio	53	484.172	650.840	166.668	1375.045	967.685	0.227	0.091	0.264	0.671
sub-021_task-EyeTracking_physio	53	667.507	825.848	158.341	1394.325	959.880	0.118	0.034	0.159	0.350
sub-021_task-EyeTracking_physio	53	859.180	1084.187	225.007	1073.885	844.275	0.204	0.064	0.403	0.453
sub-021_task-EyeTracking_physio	53	1100.854	1425.860	325.006	1053.940	804.250	0.224	0.057	0.220	0.759
sub-021_task-EyeTracking_physio	53	1459.193	1667.532	208.339	1369.260	660.260	0.102	0.024	0.311	0.199
sub-021_task-EyeTracking_physio	53	1692.532	2017.541	325.009	1378.000	583.620	0.078	0.031	0.223	0.357
sub-021_task-EyeTracking_physio	53	2050.875	2300.881	250.006	1475.025	647.065	0.109	0.031	0.243	0.303
sub-021_task-EyeTracking_physio	53	2317.547	2475.883	158.336	1486.740	623.735	0.108	0.021	0.220	0.222
sub-021_task-EyeTracking_physio	53	2509.216	2617.552	108.336	1391.665	520.135	0.085	0.013	0.129	0.190
sub-021_task-EyeTracking_physio	53	2642.556	3000.896	358.340	1217.540	552.050	0.108	0.033	0.348	0.296
sub-021_task-EyeTracking_physio	54	-677.924	297.096	975.020	1277.845	703.275	0.116	0.053	0.382	0.538
sub-021_task-EyeTracking_physio	54	313.762	513.768	200.006	1390.360	718.685	0.107	0.029	0.178	0.331
sub-021_task-EyeTracking_physio	54	522.102	930.443	408.341	1403.160	727.440	0.120	0.038	0.234	0.515
sub-021_task-EyeTracking_physio	54	947.110	1147.117	200.007	1519.700	730.175	0.209	0.063	0.583	0.338
sub-021_task-EyeTracking_physio	54	1163.783	1480.454	316.671	1682.077	780.410	0.194	0.086	0.587	0.445
sub-021_task-EyeTracking_physio	54	1605.457	1763.793	158.336	1588.280	995.320	0.187	0.055	0.339	0.510
sub-021_task-EyeTracking_physio	54	1813.799	2230.472	416.673	1059.150	725.388	0.118	0.065	0.406	0.594
sub-021_task-EyeTracking_physio	54	2255.472	2447.146	191.674	1018.595	733.620	0.123	0.037	0.305	0.272
sub-021_task-EyeTracking_physio	54	2480.479	2630.481	150.002	1463.340	621.467	0.145	0.029	0.415	0.143
sub-021_task-EyeTracking_physio	54	2655.480	2872.155	216.675	1487.247	595.630	0.107	0.024	0.173	0.246
sub-021_task-EyeTracking_physio	54	2905.487	3005.489	100.002	1155.225	580.010	0.106	0.022	0.292	0.136
sub-021_task-EyeTracking_physio	55	-611.963	-311.955	300.008	1269.222	726.842	0.123	0.036	0.227	0.351
sub-021_task-EyeTracking_physio	55	-295.290	338.061	633.351	1280.243	715.250	0.136	0.064	0.254	0.788
sub-021_task-EyeTracking_physio	55	354.728	729.734	375.006	1278.215	826.265	0.212	0.095	0.234	1.113
sub-021_task-EyeTracking_physio	55	738.068	921.405	183.337	1260.840	862.908	0.152	0.050	0.217	0.465
sub-021_task-EyeTracking_physio	55	946.405	1204.741	258.336	1184.705	631.045	0.113	0.031	0.216	0.350
sub-021_task-EyeTracking_physio	55	1229.741	1504.748	275.007	1095.150	602.955	0.101	0.028	0.245	0.301
sub-021_task-EyeTracking_physio	55	1554.753	1913.095	358.342	1554.095	825.065	0.216	0.091	0.291	0.713
sub-021_task-EyeTracking_physio	55	1946.428	2146.429	200.001	1494.072	618.393	0.083	0.027	0.195	0.312
sub-021_task-EyeTracking_physio	55	2171.433	2421.436	250.003	1568.850	775.797	0.185	0.055	0.304	0.535
sub-021_task-EyeTracking_physio	55	2438.108	2621.443	183.335	1562.625	885.855	0.187	0.074	0.156	0.835
sub-021_task-EyeTracking_physio	55	2671.442	3004.784	333.342	1096.940	508.600	0.096	0.033	0.310	0.324
sub-021_task-EyeTracking_physio	56	-1904.487	-1512.811	391.676	1274.965	708.770	0.098	0.031	0.360	0.300
sub-021_task-EyeTracking_physio	56	-1346.142	-1137.802	208.340	1281.230	713.360	0.221	0.095	0.204	0.986
sub-021_task-EyeTracking_physio	56	-996.134	-746.123	250.011	1277.040	698.610	0.169	0.067	0.262	0.579
sub-021_task-EyeTracking_physio	56	-587.796	245.564	833.360	1279.025	714.538	0.121	0.070	0.420	0.630
sub-021_task-EyeTracking_physio	56	262.230	462.233	200.003	1282.428	671.257	0.120	0.035	0.164	0.425
sub-021_task-EyeTracking_physio	56	487.233	720.572	233.339	1252.990	558.065	0.077	0.016	0.207	0.199
sub-021_task-EyeTracking_physio	56	745.573	1037.250	291.677	1249.650	655.045	0.098	0.028	0.182	0.326
sub-021_task-EyeTracking_physio	56	1070.582	1428.925	358.343	1138.660	665.025	0.081	0.030	0.306	0.257
sub-021_task-EyeTracking_physio	56	1453.925	1645.591	191.666	994.985	616.210	0.094	0.031	0.290	0.282
sub-021_task-EyeTracking_physio	56	1662.258	1853.932	191.674	988.865	582.820	0.085	0.022	0.158	0.295
sub-021_task-EyeTracking_physio	56	1878.932	2062.269	183.337	905.428	679.368	0.171	0.064	0.251	0.427
sub-021_task-EyeTracking_physio	56	2103.939	2312.272	208.333	1378.095	704.625	0.123	0.036	0.305	0.228
sub-021_task-EyeTracking_physio	56	2345.613	2553.946	208.333	1626.775	661.575	0.114	0.070	0.457	0.363
sub-021_task-EyeTracking_physio	56	2570.613	2795.620	225.007	1649.570	612.860	0.081	0.017	0.162	0.203
sub-021_task-EyeTracking_physio	56	2812.287	3003.955	191.668	1681.935	610.460	0.086	0.018	0.197	0.237
sub-021_task-EyeTracking_physio	57	-553.184	-394.839	158.345	1291.370	680.580	0.095	0.020	0.180	0.275
sub-021_task-EyeTracking_physio	57	-378.173	305.170	683.343	1278.023	698.455	0.097	0.044	0.220	0.562
sub-021_task-EyeTracking_physio	57	338.503	505.172	166.669	1370.003	788.842	0.130	0.077	0.358	0.406
sub-021_task-EyeTracking_physio	57	530.177	671.846	141.669	1430.675	779.635	0.109	0.032	0.192	0.328
sub-021_task-EyeTracking_physio	57	713.511	988.516	275.005	1542.880	704.565	0.115	0.030	0.285	0.279
sub-021_task-EyeTracking_physio	57	1030.182	1330.194	300.012	1267.882	776.690	0.124	0.028	0.400	0.219
sub-021_task-EyeTracking_physio	57	1346.861	1646.865	300.004	1385.985	785.162	0.204	0.089	0.457	0.714
sub-021_task-EyeTracking_physio	57	1663.531	2063.540	400.009	1384.438	769.265	0.141	0.049	0.227	0.584
sub-021_task-EyeTracking_physio	57	2096.877	2321.879	225.002	1215.145	789.950	0.222	0.058	0.178	0.721
sub-021_task-EyeTracking_physio	57	2355.215	2621.889	266.674	1113.240	763.148	0.091	0.018	0.197	0.253
sub-021_task-EyeTracking_physio	57	2663.555	2946.895	283.340	1581.345	900.567	0.209	0.115	0.548	0.692
sub-021_task-EyeTracking_physio	58	-2048.785	-1840.448	208.337	1295.545	703.030	0.107	0.033	0.236	0.322
sub-021_task-EyeTracking_physio	58	-1823.777	-1448.769	375.008	1273.285	701.140	0.099	0.026	0.213	0.289
sub-021_task-EyeTracking_physio	58	-398.743	251.267	650.010	1281.025	697.457	0.103	0.116	0.473	0.759
sub-021_task-EyeTracking_physio	58	267.939	451.273	183.334	1296.630	729.507	0.097	0.016	0.167	0.268
sub-021_task-EyeTracking_physio	58	484.605	767.945	283.340	1212.565	688.477	0.098	0.021	0.201	0.295
sub-021_task-EyeTracking_physio	58	792.949	1142.956	350.007	1299.625	654.040	0.086	0.017	0.147	0.231
sub-021_task-EyeTracking_physio	58	1167.955	1434.627	266.672	1357.810	726.370	0.113	0.029	0.239	0.319
sub-021_task-EyeTracking_physio	58	1459.630	1726.303	266.673	1456.510	631.625	0.114	0.050	0.407	0.373
sub-021_task-EyeTracking_physio	58	1967.972	2334.646	366.674	1579.260	583.743	0.095	0.051	0.241	0.544
sub-021_task-EyeTracking_physio	58	2367.984	2584.654	216.670	1387.700	633.560	0.114	0.030	0.296	0.269
sub-021_task-EyeTracking_physio	58	2601.320	2942.996	341.676	1310.000	625.060	0.091	0.030	0.255	0.339
sub-021_task-EyeTracking_physio	59	-297.659	244.020	541.679	1282.475	708.790	0.101	0.048	0.401	0.339
sub-021_task-EyeTracking_physio	59	260.687	585.690	325.003	1261.735	654.315	0.102	0.030	0.241	0.293
sub-021_task-EyeTracking_physio	59	602.361	1077.368	475.007	1254.095	546.110	0.080	0.019	0.223	0.261
sub-021_task-EyeTracking_physio	59	1102.367	1235.704	133.337	1289.985	649.142	0.152	0.031	0.189	0.295
sub-021_task-EyeTracking_physio	59	1252.375	1535.717	283.342	1260.817	657.795	0.102	0.027	0.227	0.379
sub-021_task-EyeTracking_physio	59	1552.383	1777.389	225.006	1279.855	549.120	0.106	0.024	0.184	0.360
sub-021_task-EyeTracking_physio	59	1794.055	1977.390	183.335	1434.780	547.867	0.110	0.028	0.241	0.203
sub-021_task-EyeTracking_physio	59	2002.390	2102.392	100.002	1490.745	545.645	0.121	0.023	0.184	0.257
sub-021_task-EyeTracking_physio	59	2144.059	2469.068	325.009	1644.080	902.440	0.152	0.053	0.265	0.434
sub-021_task-EyeTracking_physio	59	2510.734	2644.069	133.335	1238.193	732.413	0.108	0.026	0.306	0.286
sub-021_task-EyeTracking_physio	59	2685.736	2869.077	183.341	1228.905	586.408	0.089	0.016	0.215	0.151
sub-021_task-EyeTracking_physio	60	-454.293	270.719	725.012	1280.830	708.855	0.137	0.109	0.507	1.053
sub-021_task-EyeTracking_physio	60	295.719	454.054	158.335	1133.525	708.495	0.119	0.043	0.350	0.242
sub-021_task-EyeTracking_physio	60	470.727	820.730	350.003	1061.650	740.923	0.120	0.031	0.276	0.393
sub-021_task-EyeTracking_physio	60	854.061	1079.069	225.008	1002.460	764.310	0.145	0.043	0.168	0.455
sub-021_task-EyeTracking_physio	60	1129.072	1462.410	333.338	1511.188	614.972	0.112	0.032	0.363	0.279
sub-021_task-EyeTracking_physio	60	1487.410	1704.083	216.673	1594.150	670.858	0.145	0.041	0.354	0.261
sub-021_task-EyeTracking_physio	60	1737.416	1987.420	250.004	1589.537	535.537	0.089	0.023	0.250	0.308
sub-021_task-EyeTracking_physio	60	2020.753	2354.096	333.343	1479.918	577.293	0.094	0.026	0.287	0.237
sub-021_task-EyeTracking_physio	60	2387.429	2520.762	133.333	1255.968	607.068	0.101	0.024	0.262	0.196
sub-021_task-EyeTracking_physio	60	2554.097	3004.107	450.010	1181.088	708.910	0.119	0.040	0.251	0.579
sub-021_task-EyeTracking_physio	61	-1192.542	-1034.203	158.339	1259.690	709.030	0.103	0.041	0.167	0.516
sub-021_task-EyeTracking_physio	61	-1017.536	232.487	1250.023	1278.723	714.665	0.107	0.042	0.298	0.581
sub-021_task-EyeTracking_physio	61	249.153	932.504	683.351	1352.288	696.072	0.106	0.035	0.225	0.479
sub-021_task-EyeTracking_physio	61	957.504	1332.515	375.011	1388.480	664.730	0.084	0.023	0.235	0.247
sub-021_task-EyeTracking_physio	61	1365.848	1590.853	225.005	1342.635	713.305	0.142	0.033	0.169	0.395
sub-021_task-EyeTracking_physio	61	1632.519	1907.523	275.004	1152.625	902.000	0.121	0.036	0.238	0.361
sub-021_task-EyeTracking_physio	61	1940.856	2115.864	175.008	1126.440	853.945	0.162	0.045	0.236	0.456
sub-021_task-EyeTracking_physio	61	2149.196	2357.532	208.336	1378.850	716.835	0.159	0.052	0.400	0.414
sub-021_task-EyeTracking_physio	61	2374.204	2515.873	141.669	1381.835	688.180	0.099	0.041	0.221	0.295
sub-021_task-EyeTracking_physio	61	2532.539	2757.545	225.006	1384.145	665.090	0.093	0.023	0.211	0.273
sub-021_task-EyeTracking_physio	61	2782.545	2999.213	216.668	1395.757	582.300	0.081	0.017	0.191	0.260
sub-021_task-EyeTracking_physio	62	-662.822	628.871	1291.693	1272.195	707.745	0.096	0.078	0.442	0.577
sub-021_task-EyeTracking_physio	62	645.537	878.874	233.337	1234.545	708.350	0.103	0.028	0.213	0.313
sub-021_task-EyeTracking_physio	62	903.879	1128.876	224.997	1505.995	725.635	0.105	0.020	0.229	0.181
sub-021_task-EyeTracking_physio	62	1145.550	1378.885	233.335	1562.168	649.255	0.089	0.040	0.179	0.437
sub-021_task-EyeTracking_physio	62	1403.885	1578.890	175.005	1445.185	624.040	0.120	0.031	0.237	0.248
sub-021_task-EyeTracking_physio	62	1595.557	1812.231	216.674	1334.510	596.633	0.089	0.017	0.191	0.198
sub-021_task-EyeTracking_physio	62	1870.564	2012.233	141.669	979.420	1059.040	0.121	0.056	0.295	0.405
sub-021_task-EyeTracking_physio	62	2028.900	2212.239	183.339	972.405	1021.205	0.112	0.044	0.363	0.298
sub-021_task-EyeTracking_physio	62	2237.239	2495.578	258.339	940.095	1028.805	0.132	0.032	0.219	0.404
sub-021_task-EyeTracking_physio	62	2512.244	2687.248	175.004	1030.760	840.490	0.178	0.043	0.193	0.439
sub-021_task-EyeTracking_physio	62	2703.914	2987.259	283.345	1008.357	909.322	0.223	0.087	0.340	0.634
sub-021_task-EyeTracking_physio	63	-5484.930	-5243.257	241.673	1259.110	731.575	0.116	0.024	0.250	0.293
sub-021_task-EyeTracking_physio	63	-5226.590	-4218.236	1008.354	1274.750	717.635	0.098	0.026	0.300	0.291
sub-021_task-EyeTracking_physio	63	-3976.565	-3718.226	258.339	1278.615	710.010	0.105	0.035	0.181	0.469
sub-021_task-EyeTracking_physio	63	-3534.887	-3351.550	183.337	1283.005	703.840	0.117	0.045	0.214	0.417
sub-021_task-EyeTracking_physio	63	-3334.884	-3218.213	116.671	1181.885	1284.807	NaN	0.000	2.843	0.715
sub-021_task-EyeTracking_physio	63	-3176.548	-2884.874	291.674	1280.385	712.025	0.112	0.036	0.222	0.402
sub-021_task-EyeTracking_physio	63	-2668.204	-2418.195	250.009	1274.762	717.430	0.121	0.059	0.216	0.688
sub-021_task-EyeTracking_physio	63	-2209.861	-2018.187	191.674	1280.995	719.885	0.107	0.030	0.206	0.350
sub-021_task-EyeTracking_physio	63	-1334.838	-1193.168	141.670	1274.640	710.195	0.137	0.074	0.288	0.435
sub-021_task-EyeTracking_physio	63	-1034.834	-859.824	175.010	1293.540	728.870	0.111	0.040	0.239	0.389
sub-021_task-EyeTracking_physio	63	-843.159	-718.156	125.003	1275.190	710.410	0.116	0.037	0.241	0.311
sub-021_task-EyeTracking_physio	63	-526.489	-334.818	191.671	1285.945	731.430	0.132	0.060	0.198	0.522
sub-021_task-EyeTracking_physio	63	-326.485	240.195	566.680	1279.247	714.297	0.110	0.040	0.233	0.540
sub-021_task-EyeTracking_physio	63	265.195	523.534	258.339	1322.215	790.610	0.102	0.040	0.256	0.424
sub-021_task-EyeTracking_physio	63	548.534	723.541	175.007	1465.550	854.880	0.230	0.075	0.236	0.717
sub-021_task-EyeTracking_physio	63	740.209	981.880	241.671	1610.700	933.960	0.153	0.048	0.304	0.403
sub-021_task-EyeTracking_physio	63	1006.880	1223.546	216.666	1655.878	907.357	0.197	0.040	0.154	0.532
sub-021_task-EyeTracking_physio	63	1256.884	1573.555	316.671	1472.490	719.620	0.113	0.023	0.247	0.261
sub-021_task-EyeTracking_physio	63	1740.223	2215.238	475.015	1289.560	851.040	0.261	0.654	0.710	2.017
sub-021_task-EyeTracking_physio	63	2240.237	2490.243	250.006	1128.247	820.162	0.204	0.076	0.309	0.612
sub-021_task-EyeTracking_physio	63	2515.243	2690.247	175.004	1329.275	848.905	0.170	0.058	0.163	0.551
sub-021_task-EyeTracking_physio	63	2715.247	2931.917	216.670	1296.273	842.258	0.155	0.044	0.221	0.424
sub-021_task-EyeTracking_physio	64	-763.420	228.269	991.689	1283.190	699.555	0.114	0.068	0.496	0.412
sub-021_task-EyeTracking_physio	64	253.268	428.276	175.008	1322.415	767.915	0.245	0.045	0.162	0.751
sub-021_task-EyeTracking_physio	64	453.276	744.946	291.670	1158.360	793.780	0.111	0.032	0.233	0.307
sub-021_task-EyeTracking_physio	64	786.613	1019.951	233.338	989.005	717.827	0.102	0.017	0.137	0.250
sub-021_task-EyeTracking_physio	64	1069.950	1228.292	158.342	1529.525	680.165	0.109	0.026	0.267	0.209
sub-021_task-EyeTracking_physio	64	1244.958	1461.626	216.668	1570.298	641.530	0.088	0.027	0.214	0.270
sub-021_task-EyeTracking_physio	64	1494.964	1711.632	216.668	1368.467	635.245	0.103	0.032	0.370	0.208
sub-021_task-EyeTracking_physio	64	1744.968	1936.636	191.668	1430.935	931.785	0.135	0.035	0.225	0.372
sub-021_task-EyeTracking_physio	64	1961.636	2153.309	191.673	1457.835	804.775	0.279	0.087	0.262	0.853
sub-021_task-EyeTracking_physio	64	2178.309	2569.984	391.675	1219.370	787.760	0.112	0.028	0.325	0.267
sub-021_task-EyeTracking_physio	64	2594.984	2803.324	208.340	1132.080	878.045	0.259	0.090	0.341	0.586
sub-021_task-EyeTracking_physio	64	2844.989	3003.325	158.336	1597.005	932.500	0.153	0.071	0.380	0.541
sub-021_task-EyeTracking_physio	65	-1860.350	-1693.676	166.674	1288.000	755.260	0.087	0.012	0.143	0.168
sub-021_task-EyeTracking_physio	65	-1660.343	-943.663	716.680	1276.098	705.283	0.102	0.047	0.419	0.381
sub-021_task-EyeTracking_physio	65	-718.659	-526.990	191.669	1251.145	720.000	0.142	0.073	0.231	0.698
sub-021_task-EyeTracking_physio	65	-326.991	214.694	541.685	1271.070	706.875	0.115	0.159	0.502	0.589
sub-021_task-EyeTracking_physio	65	248.027	439.701	191.674	1407.265	685.650	0.120	0.033	0.302	0.310
sub-021_task-EyeTracking_physio	65	456.367	714.708	258.341	1417.215	635.095	0.099	0.030	0.218	0.319
sub-021_task-EyeTracking_physio	65	731.374	881.376	150.002	1410.480	564.195	0.111	0.027	0.141	0.278
sub-021_task-EyeTracking_physio	65	898.041	1089.716	191.675	1422.105	522.000	0.105	0.022	0.228	0.216
sub-021_task-EyeTracking_physio	65	1106.381	1481.388	375.007	1428.520	552.330	0.087	0.063	0.358	0.471
sub-021_task-EyeTracking_physio	65	1498.054	1981.401	483.347	1424.045	536.045	0.082	0.017	0.238	0.246
sub-021_task-EyeTracking_physio	65	2031.401	2306.406	275.005	1230.200	597.290	0.077	0.018	0.167	0.273
sub-021_task-EyeTracking_physio	65	2331.406	2539.745	208.339	1183.035	661.900	0.152	0.052	0.359	0.434
sub-021_task-EyeTracking_physio	65	2573.079	2831.418	258.339	1067.290	906.040	0.121	0.046	0.354	0.386
sub-021_task-EyeTracking_physio	65	2856.418	2998.086	141.668	1281.905	946.330	0.208	0.101	0.818	0.269
sub-021_task-EyeTracking_physio	66	-624.981	208.366	833.347	1272.825	729.555	0.232	0.216	0.773	0.904
sub-021_task-EyeTracking_physio	66	233.365	525.041	291.676	1333.455	877.120	0.196	0.068	0.238	0.681
sub-021_task-EyeTracking_physio	66	541.707	1358.392	816.685	1280.592	842.793	0.228	0.097	0.418	0.924
sub-021_task-EyeTracking_physio	66	1375.059	1641.732	266.673	1358.622	838.585	0.218	0.059	0.222	0.580
sub-021_task-EyeTracking_physio	66	1666.731	1908.403	241.672	1447.480	790.025	0.178	0.066	0.238	0.606
sub-021_task-EyeTracking_physio	66	1925.069	2041.740	116.671	1531.275	764.388	0.107	0.021	0.148	0.254
sub-021_task-EyeTracking_physio	66	2075.073	2458.413	383.340	1219.205	768.630	0.152	0.044	0.402	0.401
sub-021_task-EyeTracking_physio	66	2475.079	2691.753	216.674	1337.528	851.895	0.284	0.108	0.298	0.965
sub-021_task-EyeTracking_physio	66	2733.418	3000.092	266.674	947.745	835.613	0.156	0.046	0.236	0.397
sub-021_task-EyeTracking_physio	67	-3133.768	-2800.426	333.342	1270.215	724.848	0.096	0.036	0.187	0.411
sub-021_task-EyeTracking_physio	67	-2783.760	-2275.415	508.345	1277.415	703.805	0.098	0.022	0.172	0.326
sub-021_task-EyeTracking_physio	67	-2092.081	-1892.073	200.008	1286.378	711.408	0.211	0.072	0.240	0.792
sub-021_task-EyeTracking_physio	67	-1700.407	-1517.065	183.342	1271.060	708.900	0.133	0.046	0.193	0.538
sub-021_task-EyeTracking_physio	67	-1333.729	-1108.723	225.006	1271.595	695.280	0.117	0.036	0.303	0.416
sub-021_task-EyeTracking_physio	67	-942.054	357.973	1300.027	1277.913	711.032	0.093	0.080	0.257	0.770
sub-021_task-EyeTracking_physio	67	399.640	632.979	233.339	1375.415	896.190	0.256	0.075	0.240	0.784
sub-021_task-EyeTracking_physio	67	666.313	816.319	150.006	1376.610	519.565	0.134	0.049	0.234	0.485
sub-021_task-EyeTracking_physio	67	841.319	999.656	158.337	1367.050	474.500	0.092	0.023	0.172	0.235
sub-021_task-EyeTracking_physio	67	1024.656	1249.661	225.005	1284.990	444.640	0.083	0.014	0.141	0.266
sub-021_task-EyeTracking_physio	67	1266.327	1449.662	183.335	1235.820	432.190	0.082	0.013	0.146	0.203
sub-021_task-EyeTracking_physio	67	1466.335	1799.673	333.338	1200.142	413.460	0.080	0.016	0.156	0.264
sub-021_task-EyeTracking_physio	67	1833.005	2024.678	191.673	1059.115	610.560	0.115	0.042	0.361	0.327
sub-021_task-EyeTracking_physio	67	2049.677	2266.351	216.674	975.920	607.665	0.095	0.018	0.239	0.173
sub-021_task-EyeTracking_physio	67	2291.351	2483.018	191.667	1056.130	581.815	0.096	0.018	0.175	0.204
sub-021_task-EyeTracking_physio	67	2508.024	2674.693	166.669	954.342	783.862	0.133	0.028	0.163	0.415
sub-021_task-EyeTracking_physio	67	2716.358	2999.698	283.340	1387.312	530.430	0.083	0.029	0.221	0.284
sub-021_task-EyeTracking_physio	68	-2547.881	-2447.879	100.002	1309.558	715.433	0.102	0.021	0.178	0.201
sub-021_task-EyeTracking_physio	68	-2414.546	-1889.533	525.013	1282.315	719.845	0.108	0.022	0.217	0.273
sub-021_task-EyeTracking_physio	68	-1597.863	-1206.186	391.677	1272.545	724.545	0.113	0.039	0.261	0.521
sub-021_task-EyeTracking_physio	68	-981.182	-689.508	291.674	1279.915	735.550	0.119	0.045	0.230	0.565
sub-021_task-EyeTracking_physio	68	-447.834	252.179	700.013	1279.925	706.050	0.127	0.147	0.508	0.672
sub-021_task-EyeTracking_physio	68	268.845	385.517	116.672	1313.705	635.665	0.101	0.035	0.228	0.337
sub-021_task-EyeTracking_physio	68	410.516	585.524	175.008	1494.960	644.335	0.093	0.027	0.211	0.248
sub-021_task-EyeTracking_physio	68	627.190	843.863	216.673	1045.548	632.537	0.100	0.045	0.263	0.385
sub-021_task-EyeTracking_physio	68	860.529	1110.535	250.006	1065.390	580.957	0.090	0.021	0.165	0.335
sub-021_task-EyeTracking_physio	68	1143.869	1393.871	250.002	971.085	659.612	0.089	0.026	0.181	0.393
sub-021_task-EyeTracking_physio	68	1418.871	1735.551	316.680	933.527	596.423	0.088	0.025	0.234	0.266
sub-021_task-EyeTracking_physio	68	1785.549	1968.884	183.335	1521.908	667.462	0.137	0.056	0.381	0.363
sub-021_task-EyeTracking_physio	68	2002.222	2210.556	208.334	1199.450	519.365	0.093	0.024	0.284	0.205
sub-021_task-EyeTracking_physio	68	2227.223	2427.232	200.009	1143.908	505.535	0.086	0.019	0.159	0.280
sub-021_task-EyeTracking_physio	68	2602.234	2718.904	116.670	1501.392	624.465	0.166	0.090	0.181	0.856
sub-021_task-EyeTracking_physio	68	2735.569	3002.242	266.673	1431.062	649.410	0.084	0.027	0.172	0.352
sub-021_task-EyeTracking_physio	69	-752.150	-485.477	266.673	1287.513	698.005	0.262	0.178	1.621	0.977
sub-021_task-EyeTracking_physio	69	-468.811	297.872	766.683	1273.102	722.825	0.099	0.047	0.308	0.453
sub-021_task-EyeTracking_physio	69	331.204	489.539	158.335	987.795	638.295	0.096	0.035	0.345	0.168
sub-021_task-EyeTracking_physio	69	514.539	739.547	225.008	964.280	568.445	0.080	0.015	0.180	0.193
sub-021_task-EyeTracking_physio	69	772.879	989.554	216.675	1095.950	759.773	0.110	0.037	0.219	0.344
sub-021_task-EyeTracking_physio	69	1014.553	1297.892	283.339	1137.730	917.108	0.183	0.076	0.423	0.638
sub-021_task-EyeTracking_physio	69	1347.894	1606.235	258.341	1592.825	624.605	0.091	0.024	0.201	0.271
sub-021_task-EyeTracking_physio	69	1622.901	1914.570	291.669	1584.545	567.190	0.082	0.018	0.172	0.241
sub-021_task-EyeTracking_physio	69	1956.237	2131.244	175.007	1642.865	863.640	0.159	0.038	0.168	0.443
sub-021_task-EyeTracking_physio	69	2147.911	2322.915	175.004	1544.000	912.715	0.210	0.051	0.261	0.545
sub-021_task-EyeTracking_physio	69	2347.914	2522.922	175.008	1509.915	861.145	0.185	0.036	0.116	0.556
sub-021_task-EyeTracking_physio	69	2556.254	2722.923	166.669	1215.887	842.868	0.324	0.127	0.392	0.727
sub-021_task-EyeTracking_physio	69	2747.925	2964.597	216.672	1183.440	804.695	0.158	0.029	0.196	0.370
sub-021_task-EyeTracking_physio	70	-1305.207	-1096.866	208.341	1254.515	692.000	0.108	0.040	0.320	0.307
sub-021_task-EyeTracking_physio	70	-1080.199	-771.864	308.335	1277.810	710.410	0.112	0.025	0.176	0.400
sub-021_task-EyeTracking_physio	70	-221.850	353.165	575.015	1279.680	717.020	0.099	0.092	0.415	0.456
sub-021_task-EyeTracking_physio	70	386.497	669.837	283.340	1524.892	776.250	0.101	0.033	0.361	0.282
sub-021_task-EyeTracking_physio	70	686.503	953.174	266.671	1581.225	612.293	0.096	0.042	0.323	0.436
sub-021_task-EyeTracking_physio	70	961.508	1136.515	175.007	1575.665	595.725	0.091	0.022	0.221	0.221
sub-021_task-EyeTracking_physio	70	1153.182	1411.522	258.340	1630.620	589.405	0.116	0.028	0.299	0.268
sub-021_task-EyeTracking_physio	70	1436.521	1769.865	333.344	1568.345	583.065	0.091	0.020	0.226	0.203
sub-021_task-EyeTracking_physio	70	1803.197	2103.200	300.003	1634.463	793.472	0.191	0.067	0.297	0.569
sub-021_task-EyeTracking_physio	70	2144.866	2336.542	191.676	1213.990	766.070	0.202	0.117	0.427	0.716
sub-021_task-EyeTracking_physio	70	2369.872	2569.880	200.008	1043.253	786.432	0.183	0.056	0.257	0.403
sub-021_task-EyeTracking_physio	70	2586.546	2769.884	183.338	1114.515	818.270	0.372	0.141	0.329	1.239
sub-021_task-EyeTracking_physio	70	2786.550	3003.222	216.672	1242.617	722.340	0.125	0.042	0.309	0.399
sub-021_task-EyeTracking_physio	71	-571.799	344.889	916.688	1278.710	707.753	0.108	0.062	0.337	0.717
sub-021_task-EyeTracking_physio	71	353.223	503.226	150.003	1298.568	743.580	0.126	0.030	0.209	0.230
sub-021_task-EyeTracking_physio	71	528.226	719.898	191.672	1161.910	755.990	0.080	0.019	0.258	0.185
sub-021_task-EyeTracking_physio	71	761.565	969.905	208.340	947.655	702.490	0.121	0.029	0.237	0.234
sub-021_task-EyeTracking_physio	71	1011.571	1261.577	250.006	1471.050	757.743	0.118	0.035	0.232	0.414
sub-021_task-EyeTracking_physio	71	1278.243	1486.583	208.340	1460.450	722.035	0.146	0.046	0.311	0.437
sub-021_task-EyeTracking_physio	71	1603.251	1836.585	233.334	1249.415	612.385	0.190	0.106	0.271	1.025
sub-021_task-EyeTracking_physio	71	1853.258	2203.261	350.003	1270.123	621.640	0.098	0.028	0.228	0.267
sub-021_task-EyeTracking_physio	71	2219.928	2636.604	416.676	1180.088	635.260	0.095	0.021	0.180	0.282
sub-021_task-EyeTracking_physio	71	2669.940	3003.281	333.341	1483.895	634.290	0.102	0.031	0.387	0.300
sub-021_task-EyeTracking_physio	72	-333.725	-158.724	175.001	1321.730	712.895	0.124	0.029	0.425	0.201
sub-021_task-EyeTracking_physio	72	-142.058	241.285	383.343	1278.358	717.003	0.083	0.028	0.268	0.295
sub-021_task-EyeTracking_physio	72	257.951	507.954	250.003	1259.852	665.577	0.106	0.023	0.240	0.242
sub-021_task-EyeTracking_physio	72	524.621	724.629	200.008	1161.115	682.743	0.085	0.018	0.191	0.195
sub-021_task-EyeTracking_physio	72	749.629	974.636	225.007	1258.205	643.040	0.098	0.027	0.237	0.266
sub-021_task-EyeTracking_physio	72	1007.969	1241.309	233.340	1249.883	628.153	0.095	0.019	0.179	0.230
sub-021_task-EyeTracking_physio	72	1274.640	1591.317	316.677	987.580	688.420	0.104	0.027	0.225	0.278
sub-021_task-EyeTracking_physio	72	1624.650	1849.657	225.007	1248.525	654.140	0.086	0.026	0.213	0.348
sub-021_task-EyeTracking_physio	72	2024.658	2324.665	300.007	1200.193	564.460	0.129	0.081	0.214	0.998
sub-021_task-EyeTracking_physio	72	2341.331	2591.338	250.007	1209.430	608.352	0.105	0.018	0.197	0.306
sub-021_task-EyeTracking_physio	72	2608.005	2999.680	391.675	1228.965	608.905	0.086	0.015	0.206	0.194
sub-021_task-EyeTracking_physio	73	-529.053	295.965	825.018	1281.470	690.605	0.093	0.043	0.298	0.538
sub-021_task-EyeTracking_physio	73	329.299	662.640	333.341	1182.820	678.268	0.082	0.017	0.249	0.171
sub-021_task-EyeTracking_physio	73	679.307	779.312	100.005	1176.463	628.780	0.117	0.036	0.181	0.376
sub-021_task-EyeTracking_physio	73	795.979	1045.985	250.006	1219.680	560.485	0.122	0.029	0.276	0.311
sub-021_task-EyeTracking_physio	73	1070.984	1187.655	116.671	1264.192	637.662	0.086	0.024	0.161	0.270
sub-021_task-EyeTracking_physio	73	1204.322	1312.657	108.335	1226.185	1349.315	NaN	0.000	2.649	6.957
sub-021_task-EyeTracking_physio	73	1470.993	1829.335	358.342	1489.840	714.035	0.093	0.019	0.221	0.236
sub-021_task-EyeTracking_physio	73	1862.668	2079.341	216.673	1300.943	671.510	0.088	0.026	0.220	0.248
sub-021_task-EyeTracking_physio	73	2112.674	2404.347	291.673	1500.555	759.000	0.167	0.048	0.283	0.467
sub-021_task-EyeTracking_physio	73	2446.019	2662.688	216.669	1379.523	653.347	0.097	0.040	0.280	0.378
sub-021_task-EyeTracking_physio	73	2687.686	3004.363	316.677	1280.818	660.233	0.092	0.027	0.203	0.319
sub-021_task-EyeTracking_physio	74	-1023.101	318.592	1341.693	1273.425	699.690	0.119	0.059	0.296	0.739
sub-021_task-EyeTracking_physio	74	335.258	643.600	308.342	1287.825	796.605	0.099	0.033	0.261	0.318
sub-021_task-EyeTracking_physio	74	668.599	835.270	166.671	1432.910	866.710	0.241	0.072	0.246	0.598
sub-021_task-EyeTracking_physio	74	860.270	1101.942	241.672	1583.380	969.150	0.193	0.076	0.295	0.646
sub-021_task-EyeTracking_physio	74	1135.274	1301.949	166.675	1535.253	613.993	0.136	0.025	0.161	0.363
sub-021_task-EyeTracking_physio	74	1335.281	1535.285	200.004	1256.870	607.670	0.074	0.017	0.156	0.345
sub-021_task-EyeTracking_physio	74	1560.288	1743.624	183.336	1205.033	626.227	0.080	0.019	0.167	0.221
sub-021_task-EyeTracking_physio	74	1776.957	2110.299	333.342	1031.058	684.405	0.109	0.035	0.244	0.321
sub-021_task-EyeTracking_physio	74	2143.633	2360.305	216.672	918.562	851.235	0.196	0.064	0.305	0.742
sub-021_task-EyeTracking_physio	74	2393.638	2585.307	191.669	1207.935	733.740	0.108	0.033	0.326	0.258
sub-021_task-EyeTracking_physio	74	2601.974	2951.982	350.008	1241.250	676.233	0.106	0.019	0.213	0.239
sub-021_task-EyeTracking_physio	75	-3180.029	-2696.686	483.343	1265.878	705.428	0.134	0.086	1.049	0.467
sub-021_task-EyeTracking_physio	75	-1546.661	-1346.658	200.003	1275.207	697.373	0.137	0.058	0.224	0.531
sub-021_task-EyeTracking_physio	75	-1188.322	-1004.981	183.341	1282.580	714.550	0.103	0.029	0.183	0.235
sub-021_task-EyeTracking_physio	75	-288.303	-138.298	150.005	1296.027	714.112	0.080	0.021	0.189	0.233
sub-021_task-EyeTracking_physio	75	-129.965	411.713	541.678	1267.940	715.965	0.098	0.035	0.241	0.435
sub-021_task-EyeTracking_physio	75	436.717	695.057	258.340	1246.795	609.290	0.088	0.019	0.157	0.331
sub-021_task-EyeTracking_physio	75	720.057	945.063	225.006	1407.815	580.290	0.070	0.024	0.231	0.268
sub-021_task-EyeTracking_physio	75	986.729	1261.736	275.007	1383.335	931.835	0.170	0.058	0.212	0.767
sub-021_task-EyeTracking_physio	75	1295.068	1786.746	491.678	1223.285	787.410	0.135	0.034	0.233	0.568
sub-021_task-EyeTracking_physio	75	1803.412	2028.421	225.009	1174.915	879.540	0.204	0.065	0.260	0.469
sub-021_task-EyeTracking_physio	75	2070.086	2278.426	208.340	1432.725	658.775	0.099	0.034	0.273	0.262
sub-021_task-EyeTracking_physio	75	2295.092	2628.431	333.339	1410.025	595.825	0.097	0.030	0.194	0.458
sub-021_task-EyeTracking_physio	75	2653.435	2886.770	233.335	1260.068	594.893	0.107	0.028	0.288	0.209
sub-021_task-EyeTracking_physio	76	-983.408	-783.406	200.002	1314.805	734.920	0.376	0.382	1.938	1.803
sub-021_task-EyeTracking_physio	76	-758.404	258.282	1016.686	1278.787	706.855	0.110	0.051	0.323	0.501
sub-021_task-EyeTracking_physio	76	274.948	458.289	183.341	1309.470	762.090	0.175	0.056	0.144	0.862
sub-021_task-EyeTracking_physio	76	491.623	791.628	300.005	1371.142	661.312	0.077	0.019	0.186	0.242
sub-021_task-EyeTracking_physio	76	824.965	1108.306	283.341	1300.070	835.612	0.243	0.117	0.337	1.013
sub-021_task-EyeTracking_physio	76	1124.971	1258.309	133.338	1272.255	835.535	0.142	0.051	0.236	0.427
sub-021_task-EyeTracking_physio	76	1283.305	1666.647	383.342	1048.685	884.865	0.163	0.059	0.427	0.449
sub-021_task-EyeTracking_physio	76	1699.981	1841.652	141.671	1387.650	850.790	0.184	0.056	0.305	0.404
sub-021_task-EyeTracking_physio	76	1866.657	2041.657	175.000	1596.930	897.025	0.186	0.057	0.341	0.310
sub-021_task-EyeTracking_physio	76	2066.657	2625.002	558.345	1434.605	644.120	0.112	0.047	0.320	0.493
sub-021_task-EyeTracking_physio	76	2650.005	3000.012	350.007	1314.663	657.438	0.082	0.017	0.162	0.215
sub-021_task-EyeTracking_physio	77	-3203.508	-2953.505	250.003	1284.898	702.260	0.101	0.054	0.170	0.868
sub-021_task-EyeTracking_physio	77	-2403.490	-2245.152	158.338	1245.030	782.685	0.203	0.221	0.463	1.127
sub-021_task-EyeTracking_physio	77	-2078.484	-1936.815	141.669	1307.380	734.700	0.271	0.091	0.252	0.978
sub-021_task-EyeTracking_physio	77	-1595.138	-1403.470	191.668	1946.150	1568.140	0.164	0.114	0.383	0.520
sub-021_task-EyeTracking_physio	77	-1270.133	254.904	1525.037	1273.480	711.850	0.101	0.096	0.470	0.588
sub-021_task-EyeTracking_physio	77	271.571	438.238	166.667	1321.572	718.780	0.145	0.062	0.362	0.416
sub-021_task-EyeTracking_physio	77	546.572	938.247	391.675	1376.800	723.565	0.196	0.062	0.239	0.912
sub-021_task-EyeTracking_physio	77	963.247	1204.921	241.674	1338.735	649.590	0.091	0.021	0.165	0.322
sub-021_task-EyeTracking_physio	77	1221.588	1454.927	233.339	1450.543	660.855	0.106	0.020	0.237	0.246
sub-021_task-EyeTracking_physio	77	1488.261	1721.598	233.337	1106.995	680.545	0.103	0.030	0.237	0.372
sub-021_task-EyeTracking_physio	77	1746.600	2004.937	258.337	1000.440	579.200	0.099	0.042	0.250	0.364
sub-021_task-EyeTracking_physio	77	2021.604	2204.943	183.339	901.997	574.720	0.104	0.023	0.228	0.183
sub-021_task-EyeTracking_physio	77	2238.276	2421.614	183.338	1247.775	567.923	0.110	0.059	0.380	0.321
sub-021_task-EyeTracking_physio	77	2446.616	2721.622	275.006	1305.535	594.745	0.082	0.024	0.217	0.249
sub-021_task-EyeTracking_physio	77	2754.956	2954.958	200.002	1660.045	655.900	0.121	0.069	0.392	0.412
sub-021_task-EyeTracking_physio	78	-1216.669	-1091.666	125.003	1315.870	622.755	0.108	0.030	0.252	0.233
sub-021_task-EyeTracking_physio	78	-1066.664	308.364	1375.028	1284.005	712.110	0.165	0.131	0.524	0.917
sub-021_task-EyeTracking_physio	78	333.366	491.700	158.334	1279.070	615.000	0.122	0.035	0.173	0.368
sub-021_task-EyeTracking_physio	78	508.370	941.713	433.343	1300.862	655.697	0.085	0.022	0.345	0.208
sub-021_task-EyeTracking_physio	78	975.046	1291.718	316.672	1607.288	763.477	0.184	0.090	0.558	0.422
sub-021_task-EyeTracking_physio	78	1316.722	2025.069	708.347	1579.155	774.695	0.177	0.059	0.278	0.717
sub-021_task-EyeTracking_physio	78	2050.070	2275.072	225.002	1633.330	823.850	0.208	0.055	0.243	0.509
sub-021_task-EyeTracking_physio	78	2300.074	2550.079	250.005	1584.030	761.412	0.127	0.032	0.224	0.397
sub-021_task-EyeTracking_physio	78	2591.745	2725.082	133.337	1245.932	625.497	0.095	0.024	0.294	0.170
sub-021_task-EyeTracking_physio	78	2750.085	2933.418	183.333	1202.740	588.140	0.098	0.015	0.139	0.194
sub-021_task-EyeTracking_physio	79	-1679.228	-1570.894	108.334	999.810	735.935	0.119	0.033	0.258	0.221
sub-021_task-EyeTracking_physio	79	-1520.894	-1129.220	391.674	1267.150	709.140	0.090	0.022	0.194	0.322
sub-021_task-EyeTracking_physio	79	-887.547	-754.208	133.339	1265.255	727.412	0.099	0.057	0.164	0.499
sub-021_task-EyeTracking_physio	79	-737.542	-587.542	150.000	1265.077	700.747	0.078	0.013	0.132	0.216
sub-021_task-EyeTracking_physio	79	-404.202	270.814	675.016	1273.175	713.550	0.130	0.043	0.304	0.603
sub-021_task-EyeTracking_physio	79	295.814	520.820	225.006	1366.270	675.130	0.093	0.032	0.223	0.293
sub-021_task-EyeTracking_physio	79	554.152	870.829	316.677	1517.560	684.805	0.106	0.035	0.314	0.282
sub-021_task-EyeTracking_physio	79	912.492	1170.832	258.340	1181.285	596.845	0.107	0.035	0.280	0.355
sub-021_task-EyeTracking_physio	79	1195.830	1404.169	208.339	1082.830	574.135	0.074	0.026	0.152	0.320
sub-021_task-EyeTracking_physio	79	1420.836	1604.176	183.340	1081.298	544.502	0.091	0.018	0.151	0.201
sub-021_task-EyeTracking_physio	79	1629.176	1887.514	258.338	964.895	769.515	0.139	0.072	0.304	0.585
sub-021_task-EyeTracking_physio	79	1929.183	2162.519	233.336	1458.370	683.390	0.110	0.025	0.264	0.289
sub-021_task-EyeTracking_physio	79	2187.524	2487.529	300.005	1589.338	653.697	0.091	0.029	0.249	0.229
sub-021_task-EyeTracking_physio	79	2504.196	2945.871	441.675	1590.400	617.130	0.095	0.032	0.251	0.397
sub-021_task-EyeTracking_physio	80	-2864.645	-2622.973	241.672	1308.525	698.740	0.285	0.239	2.039	0.307
sub-021_task-EyeTracking_physio	80	-2597.973	-2181.296	416.677	1285.892	713.395	0.114	0.035	0.224	0.476
sub-021_task-EyeTracking_physio	80	-464.591	260.424	725.015	1279.135	700.120	0.094	0.047	0.367	0.437
sub-021_task-EyeTracking_physio	80	285.424	443.766	158.342	1333.990	706.350	0.095	0.027	0.265	0.158
sub-021_task-EyeTracking_physio	80	477.098	702.100	225.002	1500.355	757.995	0.123	0.030	0.193	0.301
sub-021_task-EyeTracking_physio	80	743.767	985.442	241.675	1201.525	752.300	0.119	0.031	0.330	0.198
sub-021_task-EyeTracking_physio	80	1018.774	1260.445	241.671	941.200	778.990	0.099	0.023	0.197	0.313
sub-021_task-EyeTracking_physio	80	1268.780	1485.454	216.674	927.815	761.710	0.112	0.038	0.275	0.308
sub-021_task-EyeTracking_physio	80	1518.786	1902.126	383.340	1234.562	743.665	0.084	0.020	0.293	0.192
sub-021_task-EyeTracking_physio	80	2177.132	2535.472	358.340	1296.670	747.730	0.181	0.061	0.151	1.238
sub-021_task-EyeTracking_physio	80	2560.471	2727.142	166.671	1442.225	708.043	0.122	0.041	0.228	0.314
sub-021_task-EyeTracking_physio	80	2743.807	2952.148	208.341	1440.080	608.245	0.113	0.021	0.144	0.348
sub-021_task-EyeTracking_physio	81	-1801.648	-1576.643	225.005	1293.370	696.215	0.221	0.104	0.839	0.396
sub-021_task-EyeTracking_physio	81	-1551.643	-1118.302	433.341	1273.505	716.472	0.225	0.085	0.250	1.001
sub-021_task-EyeTracking_physio	81	-1001.634	-451.622	550.012	1275.965	708.910	0.342	0.217	0.276	1.886
sub-021_task-EyeTracking_physio	81	-284.956	206.721	491.677	1281.680	701.380	0.133	0.056	0.237	0.767
sub-021_task-EyeTracking_physio	81	223.389	465.061	241.672	1349.420	800.085	0.172	0.075	0.196	0.834
sub-021_task-EyeTracking_physio	81	473.395	640.064	166.669	1378.185	811.360	0.212	0.082	0.204	0.733
sub-021_task-EyeTracking_physio	81	656.733	806.736	150.003	1315.848	812.683	0.282	0.104	0.274	0.876
sub-021_task-EyeTracking_physio	81	823.402	1040.069	216.667	1236.173	793.507	0.125	0.031	0.177	0.301
sub-021_task-EyeTracking_physio	81	1056.741	1306.748	250.007	1081.327	773.273	0.107	0.023	0.242	0.230
sub-021_task-EyeTracking_physio	81	1331.745	1648.416	316.671	1158.258	616.742	0.084	0.029	0.245	0.338
sub-021_task-EyeTracking_physio	81	1690.083	1856.757	166.674	1513.503	629.790	0.091	0.034	0.282	0.218
sub-021_task-EyeTracking_physio	81	1873.424	2140.098	266.674	1596.735	552.312	0.088	0.021	0.195	0.266
sub-021_task-EyeTracking_physio	81	2165.097	2356.770	191.673	1640.575	583.430	0.097	0.027	0.203	0.227
sub-021_task-EyeTracking_physio	81	2373.434	2556.773	183.339	1621.097	530.763	0.115	0.021	0.274	0.222
sub-021_task-EyeTracking_physio	81	2606.771	2781.776	175.005	1110.065	822.905	0.172	0.048	0.198	0.449
sub-021_task-EyeTracking_physio	81	2798.443	2998.445	200.002	1086.892	773.192	0.149	0.056	0.271	0.418
sub-021_task-EyeTracking_physio	82	-3270.379	-2462.029	808.350	1273.900	691.025	0.099	0.033	0.354	0.335
sub-021_task-EyeTracking_physio	82	-2245.361	-2062.016	183.345	1287.442	722.970	0.159	0.098	0.314	0.736
sub-021_task-EyeTracking_physio	82	-1870.349	-1637.009	233.340	1276.485	711.058	0.116	0.045	0.205	0.480
sub-021_task-EyeTracking_physio	82	-1453.675	-1153.667	300.008	1277.110	710.180	0.161	0.087	0.240	0.752
sub-021_task-EyeTracking_physio	82	-978.662	296.366	1275.028	1273.315	710.545	0.107	0.112	0.491	0.623
sub-021_task-EyeTracking_physio	82	313.033	471.369	158.336	1325.780	733.730	0.112	0.044	0.157	0.460
sub-021_task-EyeTracking_physio	82	488.035	829.714	341.679	1325.060	780.385	0.104	0.026	0.201	0.329
sub-021_task-EyeTracking_physio	82	871.380	1154.720	283.340	1564.800	685.388	0.099	0.022	0.295	0.228
sub-021_task-EyeTracking_physio	82	1179.719	1404.725	225.006	1523.520	597.030	0.102	0.023	0.184	0.285
sub-021_task-EyeTracking_physio	82	1454.723	1663.064	208.341	1210.070	675.465	0.123	0.030	0.231	0.269
sub-021_task-EyeTracking_physio	82	1688.063	1996.406	308.343	1054.450	735.560	0.112	0.025	0.224	0.303
sub-021_task-EyeTracking_physio	82	2029.741	2204.744	175.003	1021.215	554.745	0.112	0.037	0.251	0.312
sub-021_task-EyeTracking_physio	82	2246.408	2379.746	133.338	1444.090	514.223	0.124	0.034	0.339	0.211
sub-021_task-EyeTracking_physio	82	2404.750	2621.418	216.668	1493.730	452.688	0.088	0.019	0.235	0.179
sub-021_task-EyeTracking_physio	82	2654.756	2963.093	308.337	1558.935	710.570	0.111	0.049	0.391	0.444
sub-021_task-EyeTracking_physio	83	-1931.494	-1748.154	183.340	1331.188	725.210	0.088	0.021	0.237	0.233
sub-021_task-EyeTracking_physio	83	-1731.488	-1506.481	225.007	1279.940	716.435	0.129	0.035	0.175	0.368
sub-021_task-EyeTracking_physio	83	-1273.145	-906.467	366.678	1283.218	723.940	0.130	0.074	0.300	0.705
sub-021_task-EyeTracking_physio	83	-673.130	393.564	1066.694	1281.325	718.915	0.111	0.044	0.349	0.509
sub-021_task-EyeTracking_physio	83	418.564	626.902	208.338	1070.560	745.565	0.117	0.034	0.297	0.329
sub-021_task-EyeTracking_physio	83	643.570	843.571	200.001	1007.810	747.218	0.115	0.032	0.244	0.271
sub-021_task-EyeTracking_physio	83	868.577	1410.250	541.673	1080.725	712.645	0.101	0.036	0.301	0.372
sub-021_task-EyeTracking_physio	83	1460.253	1660.260	200.007	1471.050	866.910	0.157	0.049	0.339	0.377
sub-021_task-EyeTracking_physio	83	1685.260	1910.257	224.997	1580.425	681.955	0.113	0.046	0.335	0.310
sub-021_task-EyeTracking_physio	83	1926.931	2101.932	175.001	1601.225	612.875	0.128	0.048	0.282	0.425
sub-021_task-EyeTracking_physio	83	2135.267	2335.276	200.009	1513.385	523.595	0.113	0.023	0.252	0.202
sub-021_task-EyeTracking_physio	83	2376.943	2535.272	158.329	1125.235	588.110	0.127	0.034	0.326	0.251
sub-021_task-EyeTracking_physio	83	2576.945	3001.953	425.008	915.100	756.465	0.144	0.125	0.615	0.537
sub-021_task-EyeTracking_physio	84	-1108.290	-966.620	141.670	1327.785	735.510	0.383	0.294	1.747	0.415
sub-021_task-EyeTracking_physio	84	-949.948	300.078	1250.026	1281.142	715.267	0.111	0.063	0.382	0.602
sub-021_task-EyeTracking_physio	84	316.744	583.418	266.674	1417.512	690.785	0.115	0.039	0.305	0.376
sub-021_task-EyeTracking_physio	84	616.752	783.423	166.671	1182.138	760.658	0.112	0.035	0.396	0.179
sub-021_task-EyeTracking_physio	84	800.090	1050.097	250.007	1152.608	756.780	0.097	0.020	0.234	0.216
sub-021_task-EyeTracking_physio	84	1066.763	1241.763	175.000	1193.635	597.775	0.127	0.020	0.123	0.331
sub-021_task-EyeTracking_physio	84	1283.436	1433.439	150.003	1525.363	581.908	0.138	0.033	0.392	0.206
sub-021_task-EyeTracking_physio	84	1458.438	1616.773	158.335	1492.785	483.530	0.068	0.015	0.133	0.159
sub-021_task-EyeTracking_physio	84	1625.105	1758.443	133.338	1502.860	445.332	0.163	0.052	0.440	0.226
sub-021_task-EyeTracking_physio	84	1791.782	1983.447	191.665	1096.555	478.960	0.100	0.022	0.288	0.192
sub-021_task-EyeTracking_physio	84	2000.114	2300.119	300.005	1020.793	455.118	0.096	0.025	0.280	0.210
sub-021_task-EyeTracking_physio	84	2316.790	2591.796	275.006	998.875	454.845	0.079	0.021	0.217	0.215
sub-021_task-EyeTracking_physio	84	2641.798	2783.469	141.671	1297.880	733.675	0.121	0.038	0.237	0.465
sub-021_task-EyeTracking_physio	84	2800.136	2958.470	158.334	1312.340	684.250	0.123	0.035	0.228	0.334
sub-021_task-EyeTracking_physio	85	-1211.347	-953.009	258.338	1288.835	706.520	0.089	0.024	0.247	0.210
sub-021_task-EyeTracking_physio	85	-936.342	-627.996	308.346	1273.310	705.250	0.097	0.040	0.344	0.360
sub-021_task-EyeTracking_physio	85	-336.329	288.688	625.017	1274.520	722.695	0.105	0.052	0.283	0.596
sub-021_task-EyeTracking_physio	85	313.688	697.031	383.343	1415.892	763.415	0.104	0.047	0.294	0.395
sub-021_task-EyeTracking_physio	85	755.364	930.369	175.005	1574.830	715.970	0.075	0.022	0.291	0.163
sub-021_task-EyeTracking_physio	85	955.369	1222.041	266.672	1623.590	687.263	0.085	0.015	0.253	0.147
sub-021_task-EyeTracking_physio	85	1230.375	1363.712	133.337	1593.753	695.710	0.128	0.036	0.291	0.251
sub-021_task-EyeTracking_physio	85	1413.708	1697.046	283.338	991.277	709.020	0.126	0.040	0.367	0.300
sub-021_task-EyeTracking_physio	85	1713.712	1847.050	133.338	1052.088	715.312	0.096	0.028	0.190	0.215
sub-021_task-EyeTracking_physio	85	1872.052	2363.731	491.679	909.245	750.135	0.121	0.050	0.411	0.494
sub-021_task-EyeTracking_physio	85	2388.734	2613.735	225.001	1038.235	709.790	0.114	0.025	0.205	0.264
sub-021_task-EyeTracking_physio	85	2630.401	2747.073	116.672	1024.240	638.312	0.105	0.021	0.168	0.245
sub-021_task-EyeTracking_physio	85	2788.743	2972.077	183.334	1463.192	658.085	0.105	0.027	0.236	0.302
sub-021_task-EyeTracking_physio	86	-2387.588	-2237.585	150.003	1573.425	696.585	0.102	0.017	0.212	0.222
sub-021_task-EyeTracking_physio	86	-2195.918	-1979.243	216.675	1294.710	694.670	0.124	0.064	0.398	0.370
sub-021_task-EyeTracking_physio	86	-1970.909	-1687.574	283.335	1280.265	700.650	0.118	0.049	0.231	0.431
sub-021_task-EyeTracking_physio	86	-1529.240	-954.222	575.018	1272.205	704.660	0.146	0.069	0.275	0.977
sub-021_task-EyeTracking_physio	86	-204.210	254.136	458.346	1280.020	707.740	0.124	0.087	0.276	0.753
sub-021_task-EyeTracking_physio	86	279.136	537.472	258.336	1342.795	710.225	0.115	0.040	0.290	0.376
sub-021_task-EyeTracking_physio	86	562.471	779.147	216.676	1501.135	687.098	0.111	0.033	0.326	0.226
sub-021_task-EyeTracking_physio	86	804.147	1120.823	316.676	1371.307	579.135	0.116	0.027	0.297	0.278
sub-021_task-EyeTracking_physio	86	1137.489	1387.494	250.005	1351.723	591.830	0.101	0.021	0.234	0.189
sub-021_task-EyeTracking_physio	86	1420.826	1729.165	308.339	1013.680	628.265	0.099	0.029	0.365	0.268
sub-021_task-EyeTracking_physio	86	1754.164	1920.835	166.671	1168.810	709.678	0.118	0.029	0.199	0.282
sub-021_task-EyeTracking_physio	86	1954.169	2312.514	358.345	1603.220	668.780	0.115	0.050	0.283	0.506
sub-021_task-EyeTracking_physio	86	2345.847	2595.848	250.001	1414.317	710.465	0.112	0.032	0.247	0.328
sub-021_task-EyeTracking_physio	86	2620.848	2870.854	250.006	1373.050	618.763	0.110	0.021	0.177	0.292
sub-021_task-EyeTracking_physio	86	2904.187	3004.192	100.005	1587.620	649.947	0.104	0.027	0.203	0.175
sub-021_task-EyeTracking_physio	87	-1644.529	-1452.859	191.670	1318.370	688.100	0.110	0.030	0.341	0.260
sub-021_task-EyeTracking_physio	87	-1436.192	-1177.855	258.337	1282.335	703.505	0.105	0.028	0.221	0.278
sub-021_task-EyeTracking_physio	87	-944.517	-761.179	183.338	1268.803	706.835	0.107	0.040	0.182	0.429
sub-021_task-EyeTracking_physio	87	-586.172	205.510	791.682	1280.155	706.225	0.099	0.051	0.327	0.541
sub-021_task-EyeTracking_physio	87	230.510	397.180	166.670	1366.750	728.577	0.100	0.045	0.222	0.428
sub-021_task-EyeTracking_physio	87	413.847	588.852	175.005	1328.040	650.215	0.110	0.025	0.205	0.315
sub-021_task-EyeTracking_physio	87	613.852	855.522	241.670	1178.850	686.395	0.117	0.042	0.271	0.326
sub-021_task-EyeTracking_physio	87	863.856	1080.526	216.670	1171.613	667.722	0.108	0.022	0.190	0.188
sub-021_task-EyeTracking_physio	87	1097.192	1472.203	375.011	1209.335	656.765	0.094	0.020	0.187	0.236
sub-021_task-EyeTracking_physio	87	1513.872	1780.545	266.673	1636.790	677.775	0.100	0.027	0.326	0.217
sub-021_task-EyeTracking_physio	87	1813.877	2063.884	250.007	1534.785	592.370	0.075	0.014	0.188	0.200
sub-021_task-EyeTracking_physio	87	2097.216	2255.550	158.334	1380.460	586.100	0.082	0.020	0.243	0.189
sub-021_task-EyeTracking_physio	87	2288.887	2547.224	258.337	1075.545	663.665	0.092	0.018	0.246	0.199
sub-021_task-EyeTracking_physio	87	2572.228	2697.231	125.003	1032.815	737.490	0.088	0.022	0.208	0.253
sub-021_task-EyeTracking_physio	87	2722.230	3005.570	283.340	1178.243	669.055	0.100	0.039	0.403	0.278
sub-021_task-EyeTracking_physio	88	-854.290	-345.944	508.346	1266.885	706.170	0.101	0.048	0.312	0.436
sub-021_task-EyeTracking_physio	88	-154.277	279.074	433.351	1276.493	729.548	0.132	0.049	0.227	0.630
sub-021_task-EyeTracking_physio	88	304.073	520.739	216.666	1183.993	676.545	0.107	0.030	0.217	0.284
sub-021_task-EyeTracking_physio	88	545.742	737.414	191.672	1037.215	795.170	0.132	0.056	0.312	0.354
sub-021_task-EyeTracking_physio	88	745.747	912.415	166.668	1020.490	782.327	0.112	0.033	0.224	0.318
sub-021_task-EyeTracking_physio	88	929.086	1187.421	258.335	1026.515	636.025	0.119	0.025	0.179	0.357
sub-021_task-EyeTracking_physio	88	1237.425	1429.093	191.668	1487.105	805.265	0.225	0.083	0.306	0.662
sub-021_task-EyeTracking_physio	88	1445.759	1604.100	158.341	1569.160	809.410	0.182	0.080	0.398	0.367
sub-021_task-EyeTracking_physio	88	1620.766	1845.767	225.001	1691.060	797.745	0.171	0.059	0.410	0.379
sub-021_task-EyeTracking_physio	88	1862.439	2029.108	166.669	1632.337	656.497	0.134	0.057	0.306	0.411
sub-021_task-EyeTracking_physio	88	2087.441	2254.115	166.674	1438.983	1006.778	0.093	0.019	0.150	0.279
sub-021_task-EyeTracking_physio	88	2262.449	2387.447	124.998	1407.770	958.595	0.097	0.033	0.223	0.277
sub-021_task-EyeTracking_physio	88	2429.116	2704.122	275.006	1031.425	824.125	0.199	0.059	0.254	0.444
sub-021_task-EyeTracking_physio	88	2720.788	2854.124	133.336	1044.210	775.742	0.251	0.071	0.242	0.646
sub-021_task-EyeTracking_physio	88	2870.792	3004.130	133.338	1161.685	784.405	0.526	0.442	2.235	0.628
sub-021_task-EyeTracking_physio	89	-460.774	-19.102	441.672	1285.850	723.125	0.107	0.029	0.195	0.360
sub-021_task-EyeTracking_physio	89	172.573	530.914	358.341	1284.230	729.650	0.162	0.051	0.261	0.692
sub-021_task-EyeTracking_physio	89	564.249	947.592	383.343	1079.092	611.705	0.111	0.048	0.262	0.463
sub-021_task-EyeTracking_physio	89	972.594	1180.927	208.333	931.465	706.475	0.119	0.031	0.235	0.397
sub-021_task-EyeTracking_physio	89	1222.594	1472.604	250.010	1453.430	702.578	0.101	0.025	0.391	0.204
sub-021_task-EyeTracking_physio	89	1497.604	1689.277	191.673	1482.060	723.595	0.077	0.013	0.139	0.208
sub-021_task-EyeTracking_physio	89	1705.944	2039.283	333.339	1495.745	609.537	0.102	0.020	0.185	0.334
sub-021_task-EyeTracking_physio	89	2055.950	2322.620	266.670	1520.290	711.175	0.107	0.027	0.232	0.287
sub-021_task-EyeTracking_physio	89	2330.954	2439.293	108.339	1492.090	713.810	0.108	0.020	0.185	0.228
sub-021_task-EyeTracking_physio	89	2464.292	2680.965	216.673	1577.520	526.275	0.128	0.030	0.190	0.387
sub-021_task-EyeTracking_physio	89	2830.969	3005.974	175.005	1027.330	588.600	0.091	0.026	0.296	0.194
sub-021_task-EyeTracking_physio	90	-2211.658	-2078.320	133.338	1226.767	651.322	0.101	0.040	0.214	0.359
sub-021_task-EyeTracking_physio	90	-2044.988	-1694.980	350.008	1262.943	705.227	0.100	0.061	0.391	0.493
sub-021_task-EyeTracking_physio	90	-1528.311	-1353.299	175.012	1262.670	711.850	0.099	0.022	0.135	0.336
sub-021_task-EyeTracking_physio	90	-1178.300	-1036.630	141.670	1255.115	725.675	0.172	0.102	0.488	0.502
sub-021_task-EyeTracking_physio	90	-869.962	355.068	1225.030	1282.010	714.035	0.109	0.070	0.388	0.675
sub-021_task-EyeTracking_physio	90	380.069	663.405	283.336	1208.468	808.647	0.097	0.024	0.181	0.233
sub-021_task-EyeTracking_physio	90	696.740	888.411	191.671	1439.300	820.795	0.104	0.037	0.341	0.307
sub-021_task-EyeTracking_physio	90	905.077	1055.082	150.005	1430.770	798.463	0.108	0.019	0.160	0.204
sub-021_task-EyeTracking_physio	90	1088.415	1246.755	158.340	1599.030	746.990	0.099	0.022	0.272	0.204
sub-021_task-EyeTracking_physio	90	1263.422	1455.091	191.669	1596.525	702.625	0.114	0.022	0.180	0.270
sub-021_task-EyeTracking_physio	90	1488.423	1605.093	116.670	1452.210	656.735	0.090	0.021	0.165	0.201
sub-021_task-EyeTracking_physio	90	1621.759	1838.432	216.673	1384.862	647.622	0.082	0.016	0.216	0.201
sub-021_task-EyeTracking_physio	90	1855.098	2055.105	200.007	1367.217	608.220	0.107	0.023	0.204	0.259
sub-021_task-EyeTracking_physio	90	2105.103	2571.784	466.681	950.515	617.500	0.105	0.034	0.358	0.312
sub-021_task-EyeTracking_physio	90	2605.117	2771.786	166.669	1199.918	763.950	0.134	0.063	0.310	0.402
sub-021_task-EyeTracking_physio	90	2788.452	3005.122	216.670	1188.905	799.112	0.129	0.029	0.239	0.257
sub-021_task-EyeTracking_physio	91	-388.047	-171.377	216.670	1264.605	727.477	0.145	0.044	0.534	0.432
sub-021_task-EyeTracking_physio	91	-21.376	353.634	375.010	1290.930	726.580	0.104	0.046	0.195	0.658
sub-021_task-EyeTracking_physio	91	386.969	511.972	125.003	1392.130	591.915	0.087	0.026	0.208	0.202
sub-021_task-EyeTracking_physio	91	520.305	1070.322	550.017	1448.560	534.550	0.100	0.037	0.399	0.399
sub-021_task-EyeTracking_physio	91	1111.988	1395.326	283.338	1120.085	683.475	0.110	0.033	0.418	0.287
sub-021_task-EyeTracking_physio	91	1420.325	1703.668	283.343	1056.267	705.440	0.082	0.024	0.263	0.217
sub-021_task-EyeTracking_physio	91	1728.668	1928.674	200.006	1229.488	738.320	0.111	0.035	0.340	0.294
sub-021_task-EyeTracking_physio	91	1953.674	2145.344	191.670	1135.790	707.765	0.121	0.023	0.234	0.235
sub-021_task-EyeTracking_physio	91	2162.011	2278.682	116.671	1095.568	603.825	0.135	0.038	0.181	0.388
sub-021_task-EyeTracking_physio	91	2312.016	2537.022	225.006	1293.400	974.460	0.192	0.079	0.415	0.629
sub-021_task-EyeTracking_physio	91	2570.354	2795.361	225.007	1591.575	709.315	0.131	0.034	0.260	0.423
sub-021_task-EyeTracking_physio	91	2820.360	2978.697	158.337	1449.975	710.940	0.114	0.040	0.192	0.357
sub-021_task-EyeTracking_physio	92	-1361.276	-1069.603	291.673	1261.875	730.570	0.102	0.025	0.224	0.300
sub-021_task-EyeTracking_physio	92	-419.585	480.429	900.014	1275.505	714.803	0.105	0.047	0.215	0.774
sub-021_task-EyeTracking_physio	92	513.768	922.109	408.341	1049.980	680.510	0.079	0.047	0.407	0.370
sub-021_task-EyeTracking_physio	92	972.109	1247.115	275.006	1505.085	773.200	0.174	0.056	0.368	0.473
sub-021_task-EyeTracking_physio	92	1263.782	1497.123	233.341	1422.345	765.857	0.133	0.024	0.134	0.455
sub-021_task-EyeTracking_physio	92	1522.122	1705.462	183.340	1580.990	646.858	0.106	0.024	0.147	0.401
sub-021_task-EyeTracking_physio	92	1730.462	1947.136	216.674	1625.062	591.972	0.094	0.020	0.215	0.241
sub-021_task-EyeTracking_physio	92	1997.135	2180.467	183.332	1066.475	645.940	0.107	0.033	0.264	0.255
sub-021_task-EyeTracking_physio	92	2205.471	2555.477	350.006	995.695	651.562	0.100	0.037	0.223	0.549
sub-021_task-EyeTracking_physio	92	2588.811	2822.148	233.337	1164.888	898.293	0.228	0.059	0.264	0.600
sub-021_task-EyeTracking_physio	92	2838.815	2980.486	141.671	1136.355	935.870	0.149	0.047	0.196	0.466
sub-021_task-EyeTracking_physio	93	-1951.430	-1751.421	200.009	1302.060	724.202	0.118	0.043	0.362	0.242
sub-021_task-EyeTracking_physio	93	-1734.754	-1351.418	383.336	1276.975	717.075	0.093	0.022	0.266	0.272
sub-021_task-EyeTracking_physio	93	-851.407	265.281	1116.688	1276.783	709.435	0.107	0.109	0.479	0.742
sub-021_task-EyeTracking_physio	93	281.953	448.622	166.669	1319.392	694.738	0.114	0.039	0.208	0.401
sub-021_task-EyeTracking_physio	93	473.621	606.956	133.335	1169.185	731.755	0.080	0.022	0.281	0.151
sub-021_task-EyeTracking_physio	93	640.288	856.962	216.674	1435.838	734.158	0.128	0.052	0.325	0.411
sub-021_task-EyeTracking_physio	93	890.295	1123.633	233.338	1593.420	681.445	0.106	0.030	0.222	0.347
sub-021_task-EyeTracking_physio	93	1156.968	1356.971	200.003	1353.190	669.940	0.079	0.038	0.214	0.410
sub-021_task-EyeTracking_physio	93	1390.305	1606.973	216.668	1019.670	727.987	0.101	0.026	0.267	0.197
sub-021_task-EyeTracking_physio	93	1623.640	1773.647	150.007	981.230	702.082	0.080	0.009	0.121	0.168
sub-021_task-EyeTracking_physio	93	1806.980	2065.314	258.334	1326.560	692.185	0.096	0.024	0.315	0.255
sub-021_task-EyeTracking_physio	93	2090.314	2406.993	316.679	1394.525	660.748	0.110	0.049	0.213	0.736
sub-021_task-EyeTracking_physio	93	2531.995	2998.671	466.676	1346.957	742.580	0.120	0.060	0.238	0.739
sub-021_task-EyeTracking_physio	94	-380.350	-163.678	216.672	1284.432	725.050	0.097	0.018	0.189	0.247
sub-021_task-EyeTracking_physio	94	-147.011	411.332	558.343	1278.360	710.115	0.108	0.037	0.173	0.503
sub-021_task-EyeTracking_physio	94	444.672	678.008	233.336	1444.878	779.530	0.092	0.030	0.292	0.238
sub-021_task-EyeTracking_physio	94	703.008	894.678	191.670	1508.685	877.250	0.146	0.046	0.209	0.517
sub-021_task-EyeTracking_physio	94	911.344	1561.362	650.018	1592.485	828.873	0.183	0.239	0.775	1.090
sub-021_task-EyeTracking_physio	94	1594.695	1778.029	183.334	1183.778	924.817	0.147	0.057	0.407	0.301
sub-021_task-EyeTracking_physio	94	1819.698	2111.371	291.673	1078.460	676.965	0.122	0.051	0.238	0.536
sub-021_task-EyeTracking_physio	94	2136.375	2461.377	325.002	1260.515	741.580	0.133	0.039	0.292	0.278
sub-021_task-EyeTracking_physio	94	2494.711	2828.055	333.344	1449.338	804.543	0.195	0.060	0.244	0.653
sub-021_task-EyeTracking_physio	94	2861.388	3003.057	141.669	1343.440	716.665	0.090	0.013	0.168	0.151
sub-021_task-EyeTracking_physio	95	-738.622	269.736	1008.358	1271.645	703.745	0.112	0.099	0.692	0.634
sub-021_task-EyeTracking_physio	95	294.735	611.411	316.676	1307.593	766.388	0.101	0.038	0.247	0.328
sub-021_task-EyeTracking_physio	95	644.746	819.749	175.003	1140.645	598.530	0.090	0.020	0.169	0.192
sub-021_task-EyeTracking_physio	95	836.415	1019.751	183.336	1122.500	530.283	0.094	0.018	0.168	0.242
sub-021_task-EyeTracking_physio	95	1061.416	1253.092	191.676	1426.255	575.165	0.070	0.022	0.183	0.296
sub-021_task-EyeTracking_physio	95	1278.090	1486.427	208.337	1325.410	541.550	0.088	0.016	0.227	0.157
sub-021_task-EyeTracking_physio	95	1511.430	1653.102	141.672	1260.285	509.260	0.089	0.019	0.186	0.200
sub-021_task-EyeTracking_physio	95	1686.433	1869.770	183.337	1323.660	871.620	0.119	0.062	0.220	0.511
sub-021_task-EyeTracking_physio	95	1886.436	2044.777	158.341	1300.825	851.430	0.097	0.020	0.212	0.164
sub-021_task-EyeTracking_physio	95	2161.443	2586.454	425.011	1629.590	809.025	0.107	0.041	0.391	0.356
sub-021_task-EyeTracking_physio	95	2611.455	2836.464	225.009	1484.530	801.910	0.117	0.041	0.269	0.344
sub-021_task-EyeTracking_physio	95	2861.463	3003.132	141.669	1397.410	781.945	0.131	0.035	0.294	0.326
sub-021_task-EyeTracking_physio	96	-2894.963	-2586.626	308.337	1276.915	724.865	0.080	0.024	0.237	0.243
sub-021_task-EyeTracking_physio	96	-2569.960	-2311.618	258.342	1280.220	708.990	0.102	0.021	0.210	0.284
sub-021_task-EyeTracking_physio	96	-2069.948	-1911.610	158.338	1272.160	708.290	0.124	0.028	0.157	0.379
sub-021_task-EyeTracking_physio	96	-1761.604	-1486.594	275.010	1268.650	710.670	0.105	0.028	0.225	0.384
sub-021_task-EyeTracking_physio	96	-1019.921	-853.251	166.670	1272.885	716.300	0.090	0.022	0.148	0.231
sub-021_task-EyeTracking_physio	96	-661.581	346.782	1008.363	1277.470	711.200	0.114	0.059	0.329	0.576
sub-021_task-EyeTracking_physio	96	371.781	546.785	175.004	1341.055	807.405	0.201	0.067	0.374	0.518
sub-021_task-EyeTracking_physio	96	580.117	746.788	166.671	1001.223	831.895	0.153	0.048	0.289	0.330
sub-021_task-EyeTracking_physio	96	763.455	971.791	208.336	963.050	820.930	0.159	0.036	0.171	0.418
sub-021_task-EyeTracking_physio	96	996.795	1371.799	375.004	873.305	862.890	0.157	0.069	0.253	0.635
sub-021_task-EyeTracking_physio	96	1413.472	1538.475	125.003	1035.185	683.325	0.113	0.036	0.248	0.267
sub-021_task-EyeTracking_physio	96	1588.474	1755.144	166.670	1552.895	696.128	0.163	0.052	0.398	0.306
sub-021_task-EyeTracking_physio	96	1780.149	1996.815	216.666	1626.057	846.530	0.248	0.054	0.190	0.578
sub-021_task-EyeTracking_physio	96	2005.148	2130.153	125.005	1653.755	885.980	0.169	0.047	0.274	0.332
sub-021_task-EyeTracking_physio	96	2146.819	2480.162	333.343	1654.550	852.893	0.190	0.075	0.218	0.656
sub-021_task-EyeTracking_physio	96	2505.162	2830.171	325.009	1546.900	871.425	0.190	0.066	0.329	0.567
sub-021_task-EyeTracking_physio	96	2863.505	3005.174	141.669	1328.795	671.005	0.085	0.014	0.141	0.153
sub-021_task-EyeTracking_physio	97	-1535.805	-1435.801	100.004	1322.037	632.572	0.090	0.023	0.161	0.251
sub-021_task-EyeTracking_physio	97	-1402.468	-1202.463	200.005	1296.918	730.265	0.075	0.016	0.119	0.305
sub-021_task-EyeTracking_physio	97	-1185.796	-1010.796	175.000	1278.150	724.625	0.110	0.024	0.180	0.265
sub-021_task-EyeTracking_physio	97	-727.450	347.572	1075.022	1278.565	712.680	0.101	0.118	0.366	0.884
sub-021_task-EyeTracking_physio	97	372.571	572.581	200.010	1052.503	764.947	0.096	0.030	0.286	0.234
sub-021_task-EyeTracking_physio	97	589.247	747.583	158.336	1025.245	765.845	0.103	0.019	0.189	0.170
sub-021_task-EyeTracking_physio	97	764.250	1030.921	266.671	1008.860	676.905	0.105	0.028	0.214	0.341
sub-021_task-EyeTracking_physio	97	1064.253	1339.258	275.005	1269.070	719.920	0.120	0.039	0.482	0.351
sub-021_task-EyeTracking_physio	97	1364.264	1547.598	183.334	1623.283	821.130	0.195	0.107	0.453	0.425
sub-021_task-EyeTracking_physio	97	1572.597	1797.605	225.008	1688.355	797.150	0.104	0.041	0.262	0.375
sub-021_task-EyeTracking_physio	97	1822.605	2064.279	241.674	1581.510	660.185	0.105	0.035	0.297	0.325
sub-021_task-EyeTracking_physio	97	2080.946	2230.948	150.002	1598.995	679.645	0.092	0.014	0.155	0.147
sub-021_task-EyeTracking_physio	97	2272.619	2997.633	725.014	1289.765	730.385	0.093	0.026	0.269	0.421
sub-021_task-EyeTracking_physio	98	-1410.020	-943.347	466.673	1262.800	716.233	0.180	0.105	0.273	1.134
sub-021_task-EyeTracking_physio	98	-743.341	231.680	975.021	1270.025	716.435	0.109	0.068	0.292	0.844
sub-021_task-EyeTracking_physio	98	256.680	498.352	241.672	1366.545	731.360	0.115	0.033	0.302	0.249
sub-021_task-EyeTracking_physio	98	531.685	706.693	175.008	1073.685	801.940	0.101	0.035	0.429	0.185
sub-021_task-EyeTracking_physio	98	731.691	990.029	258.338	1052.880	817.440	0.089	0.020	0.241	0.208
sub-021_task-EyeTracking_physio	98	1031.698	1223.370	191.672	1392.315	725.815	0.114	0.018	0.187	0.185
sub-021_task-EyeTracking_physio	98	1248.371	1540.042	291.671	1433.780	722.345	0.108	0.020	0.227	0.252
sub-021_task-EyeTracking_physio	98	1556.709	1890.052	333.343	1364.635	677.507	0.105	0.025	0.279	0.357
sub-021_task-EyeTracking_physio	98	1915.052	2173.391	258.339	1497.085	712.675	0.095	0.027	0.268	0.227
sub-021_task-EyeTracking_physio	98	2190.057	2390.065	200.008	1512.940	725.700	0.104	0.023	0.258	0.230
sub-021_task-EyeTracking_physio	98	2415.065	2648.406	233.341	1693.590	723.168	0.123	0.028	0.386	0.180
sub-021_task-EyeTracking_physio	98	2690.069	2898.410	208.341	1370.330	665.575	0.098	0.026	0.369	0.202
sub-021_task-EyeTracking_physio	99	-2457.257	-2307.257	150.000	1173.342	663.610	0.098	0.019	0.187	0.213
sub-021_task-EyeTracking_physio	99	-2073.915	-1657.240	416.675	1267.372	751.590	0.133	0.154	0.684	1.208
sub-021_task-EyeTracking_physio	99	-182.205	-32.202	150.003	1326.898	705.112	0.084	0.033	0.106	0.571
sub-021_task-EyeTracking_physio	99	-15.533	484.474	500.007	1282.043	722.150	0.104	0.049	0.284	0.504
sub-021_task-EyeTracking_physio	99	517.810	726.145	208.335	1028.705	814.420	0.135	0.038	0.235	0.313
sub-021_task-EyeTracking_physio	99	767.813	967.821	200.008	1597.173	755.322	0.150	0.054	0.518	0.227
sub-021_task-EyeTracking_physio	99	984.487	1184.493	200.006	1641.245	762.543	0.121	0.039	0.243	0.360
sub-021_task-EyeTracking_physio	99	1217.825	1451.166	233.341	1183.142	773.268	0.203	0.100	0.492	0.521
sub-021_task-EyeTracking_physio	99	1467.833	1717.838	250.005	1273.717	830.285	0.168	0.076	0.322	0.569
sub-021_task-EyeTracking_physio	99	1751.170	1976.178	225.008	967.960	867.285	0.185	0.069	0.380	0.519
sub-021_task-EyeTracking_physio	99	1984.512	2142.848	158.336	940.990	880.370	0.166	0.066	0.412	0.338
sub-021_task-EyeTracking_physio	99	2184.514	2317.850	133.336	1533.970	729.330	0.111	0.025	0.265	0.230
sub-021_task-EyeTracking_physio	99	2359.521	2467.853	108.332	1340.210	498.660	0.108	0.029	0.220	0.340
sub-021_task-EyeTracking_physio	99	2492.857	2959.530	466.673	1107.115	527.755	0.090	0.059	0.511	0.269
sub-021_task-EyeTracking_physio	100	-328.357	279.994	608.351	1274.805	698.695	0.119	0.058	0.333	0.522
sub-021_task-EyeTracking_physio	100	296.660	563.331	266.671	1339.783	700.163	0.095	0.032	0.210	0.259
sub-021_task-EyeTracking_physio	100	579.998	780.006	200.008	1295.980	548.438	0.099	0.026	0.190	0.368
sub-021_task-EyeTracking_physio	100	813.336	996.672	183.336	1083.000	633.362	0.111	0.039	0.322	0.310
sub-021_task-EyeTracking_physio	100	1021.678	1363.350	341.672	1242.585	517.795	0.100	0.048	0.396	0.334
sub-021_task-EyeTracking_physio	100	1388.350	1613.355	225.005	1274.490	480.545	0.082	0.015	0.163	0.193
sub-021_task-EyeTracking_physio	100	1638.354	1888.361	250.007	1249.450	526.830	0.090	0.020	0.216	0.286
sub-021_task-EyeTracking_physio	100	1913.361	2505.043	591.682	1464.855	470.340	0.102	0.058	0.540	0.376
sub-021_task-EyeTracking_physio	100	2546.710	2763.382	216.672	1553.140	721.160	0.113	0.037	0.205	0.400
sub-021_task-EyeTracking_physio	100	2788.380	2988.391	200.011	1639.467	764.950	0.125	0.025	0.183	0.340
sub-021_task-EyeTracking_physio	101	-4666.890	-4466.886	200.004	1283.568	791.265	0.220	0.106	0.428	0.870
sub-021_task-EyeTracking_physio	101	-4433.553	-3775.200	658.353	1279.360	753.405	0.131	0.034	0.232	0.421
sub-021_task-EyeTracking_physio	101	-3566.858	-2525.164	1041.694	1279.600	765.465	0.184	0.112	0.363	1.303
sub-021_task-EyeTracking_physio	101	-2300.153	-1050.121	1250.032	1284.003	759.765	0.143	0.075	0.406	0.756
sub-021_task-EyeTracking_physio	101	-800.113	208.242	1008.355	1284.025	738.295	0.257	0.126	0.272	1.466
sub-021_task-EyeTracking_physio	101	233.243	608.252	375.009	1280.865	595.550	0.128	0.060	0.204	0.630
sub-021_task-EyeTracking_physio	101	624.918	933.257	308.339	1220.150	595.985	0.137	0.101	0.488	0.503
sub-021_task-EyeTracking_physio	101	983.259	1166.595	183.336	1522.043	566.450	0.125	0.036	0.299	0.279
sub-021_task-EyeTracking_physio	101	1191.595	1458.267	266.672	1494.370	511.635	0.088	0.026	0.171	0.337
sub-021_task-EyeTracking_physio	101	1499.939	1741.610	241.671	1121.600	564.365	0.094	0.028	0.270	0.249
sub-021_task-EyeTracking_physio	101	1766.611	1941.611	175.000	1113.610	559.335	0.106	0.022	0.170	0.288
sub-021_task-EyeTracking_physio	101	1958.277	2258.290	300.013	1132.475	549.913	0.102	0.034	0.280	0.470
sub-021_task-EyeTracking_physio	101	2274.957	2474.956	199.999	1191.842	619.613	0.115	0.029	0.238	0.242
sub-021_task-EyeTracking_physio	101	2491.623	2999.968	508.345	1234.950	600.660	0.101	0.032	0.316	0.346
sub-021_task-EyeTracking_physio	102	-3351.988	-2968.643	383.345	1290.505	730.298	0.269	0.169	0.347	2.299
sub-021_task-EyeTracking_physio	102	-2743.642	-2568.634	175.008	1501.015	1404.415	0.560	1.227	1.140	2.358
sub-021_task-EyeTracking_physio	102	-2535.301	-2335.292	200.009	1304.660	826.200	0.266	0.056	0.214	0.928
sub-021_task-EyeTracking_physio	102	-2310.293	-1626.945	683.348	1284.202	753.812	0.150	0.053	0.259	0.680
sub-021_task-EyeTracking_physio	102	-1035.263	248.102	1283.365	1280.840	726.172	0.253	0.207	0.440	1.662
sub-021_task-EyeTracking_physio	102	281.440	531.441	250.001	1285.598	654.418	0.131	0.044	0.201	0.540
sub-021_task-EyeTracking_physio	102	556.448	748.118	191.670	1492.230	689.755	0.097	0.020	0.200	0.199
sub-021_task-EyeTracking_physio	102	764.783	1081.460	316.677	1509.980	723.548	0.116	0.030	0.250	0.307
sub-021_task-EyeTracking_physio	102	1114.795	1348.135	233.340	1105.043	755.058	0.271	0.122	0.399	0.708
sub-021_task-EyeTracking_physio	102	1364.803	1973.146	608.343	1073.565	813.640	0.169	0.073	0.321	0.810
sub-021_task-EyeTracking_physio	102	2014.817	2231.487	216.670	1298.557	947.490	0.108	0.035	0.255	0.316
sub-021_task-EyeTracking_physio	102	2264.825	2448.162	183.337	1552.280	874.308	0.169	0.031	0.154	0.334
sub-021_task-EyeTracking_physio	102	2464.829	2789.838	325.009	1526.875	714.660	0.243	0.098	0.356	0.851
sub-021_task-EyeTracking_physio	102	2823.170	2998.169	174.999	1510.155	636.745	0.133	0.049	0.195	0.462
sub-021_task-EyeTracking_physio	103	-1163.348	-1005.015	158.333	1345.930	679.460	0.405	0.260	2.699	0.492
sub-021_task-EyeTracking_physio	103	-988.348	-680.003	308.345	1292.085	698.450	0.183	0.111	0.247	1.119
sub-021_task-EyeTracking_physio	103	-538.332	286.682	825.014	1278.560	733.185	0.278	0.127	0.318	1.380
sub-021_task-EyeTracking_physio	103	311.682	511.687	200.005	1315.953	723.405	0.102	0.029	0.247	0.256
sub-021_task-EyeTracking_physio	103	528.353	720.025	191.672	1224.340	996.530	0.168	0.063	0.313	0.631
sub-021_task-EyeTracking_physio	103	736.691	870.029	133.338	1183.773	1004.750	0.152	0.034	0.244	0.284
sub-021_task-EyeTracking_physio	103	903.364	1153.370	250.006	984.462	738.963	0.118	0.036	0.338	0.313
sub-021_task-EyeTracking_physio	103	1170.037	1303.373	133.336	989.822	692.800	0.131	0.024	0.157	0.286
sub-021_task-EyeTracking_physio	103	1345.038	1545.043	200.005	1445.697	705.303	0.129	0.037	0.400	0.247
sub-021_task-EyeTracking_physio	103	1561.711	1728.380	166.669	1545.887	693.253	0.118	0.022	0.300	0.165
sub-021_task-EyeTracking_physio	103	1745.046	1911.719	166.673	1591.545	738.098	0.130	0.058	0.227	0.394
sub-021_task-EyeTracking_physio	103	1928.386	2045.054	116.668	1630.372	760.072	0.160	0.045	0.288	0.382
sub-021_task-EyeTracking_physio	103	2070.058	2203.393	133.335	1538.565	666.977	0.126	0.037	0.298	0.303
sub-021_task-EyeTracking_physio	103	2236.727	2545.065	308.338	1275.650	678.025	0.111	0.025	0.359	0.250
sub-021_task-EyeTracking_physio	103	2561.731	2661.734	100.003	1277.438	651.000	0.114	0.010	0.071	0.214
sub-021_task-EyeTracking_physio	103	2686.734	2853.403	166.669	1184.045	651.075	0.111	0.036	0.239	0.414
sub-021_task-EyeTracking_physio	103	2878.406	3003.411	125.005	1200.870	658.075	0.098	0.029	0.164	0.244
sub-021_task-EyeTracking_physio	104	-528.686	338.003	866.689	1279.152	705.375	0.157	0.076	0.470	0.603
sub-021_task-EyeTracking_physio	104	363.002	554.669	191.667	1097.320	818.770	0.292	0.165	0.422	0.785
sub-021_task-EyeTracking_physio	104	579.674	779.677	200.003	931.503	825.842	0.197	0.103	0.413	0.605
sub-021_task-EyeTracking_physio	104	788.011	1263.023	475.012	907.440	824.690	0.181	0.113	0.363	0.834
sub-021_task-EyeTracking_physio	104	1288.023	1404.693	116.670	920.885	757.402	0.145	0.032	0.213	0.301
sub-021_task-EyeTracking_physio	104	1421.359	1596.360	175.001	1064.210	563.200	0.156	0.117	0.542	0.515
sub-021_task-EyeTracking_physio	104	1646.366	1988.037	341.671	1620.625	898.325	0.189	0.082	0.330	0.537
sub-021_task-EyeTracking_physio	104	2004.704	2188.041	183.337	1626.457	844.672	0.126	0.025	0.137	0.316
sub-021_task-EyeTracking_physio	104	2204.708	2371.380	166.672	1644.243	1019.730	0.173	0.082	0.400	0.449
sub-021_task-EyeTracking_physio	104	2413.049	2554.718	141.669	1597.890	536.725	0.121	0.026	0.169	0.407
sub-021_task-EyeTracking_physio	104	2596.384	3004.728	408.344	1323.010	510.535	0.100	0.027	0.228	0.419
sub-021_task-EyeTracking_physio	105	-9903.350	-8744.989	1158.361	1274.460	718.975	0.214	0.276	0.603	1.479
sub-021_task-EyeTracking_physio	105	-8728.322	263.556	8991.878	1285.550	755.505	0.152	0.170	0.651	1.600
sub-021_task-EyeTracking_physio	105	471.893	705.232	233.339	1380.970	588.745	0.091	0.020	0.224	0.248
sub-021_task-EyeTracking_physio	105	730.231	1021.911	291.680	1387.235	550.130	0.073	0.015	0.191	0.189
sub-021_task-EyeTracking_physio	105	1046.910	1255.245	208.335	1383.100	534.100	0.107	0.018	0.204	0.194
sub-021_task-EyeTracking_physio	105	1288.581	1463.583	175.002	1589.655	694.600	0.152	0.067	0.426	0.473
sub-021_task-EyeTracking_physio	105	1496.917	1713.591	216.674	1653.078	708.960	0.113	0.042	0.280	0.402
sub-021_task-EyeTracking_physio	105	1755.257	1930.264	175.007	1518.255	690.595	0.091	0.014	0.230	0.141
sub-021_task-EyeTracking_physio	105	2063.600	2271.936	208.336	1039.050	718.530	0.157	0.072	0.324	0.413
sub-021_task-EyeTracking_physio	105	2296.935	2421.939	125.004	1052.635	722.460	0.097	0.017	0.134	0.267
sub-021_task-EyeTracking_physio	105	2446.946	2646.945	199.999	1023.045	696.658	0.120	0.036	0.306	0.308
sub-021_task-EyeTracking_physio	105	2680.277	2938.617	258.340	976.315	939.155	0.184	0.072	0.293	0.539
sub-021_task-EyeTracking_physio	106	-1061.267	372.099	1433.366	1279.088	710.803	0.176	0.120	0.469	0.875
sub-021_task-EyeTracking_physio	106	388.765	505.436	116.671	1312.562	722.665	0.135	0.028	0.202	0.239
sub-021_task-EyeTracking_physio	106	538.769	672.106	133.337	1503.462	589.652	0.099	0.029	0.288	0.167
sub-021_task-EyeTracking_physio	106	697.106	938.777	241.671	1483.880	513.310	0.104	0.025	0.232	0.280
sub-021_task-EyeTracking_physio	106	963.777	1213.784	250.007	1636.092	657.810	0.148	0.048	0.311	0.421
sub-021_task-EyeTracking_physio	106	1238.784	1755.462	516.678	1613.923	671.263	0.104	0.025	0.247	0.312
sub-021_task-EyeTracking_physio	106	1772.128	1955.470	183.342	1644.003	595.855	0.135	0.052	0.220	0.388
sub-021_task-EyeTracking_physio	106	2005.470	2213.807	208.337	1207.050	918.675	0.219	0.118	0.575	0.625
sub-021_task-EyeTracking_physio	106	2247.141	2530.480	283.339	946.815	913.700	0.169	0.094	0.498	0.603
sub-021_task-EyeTracking_physio	106	2538.813	2638.816	100.003	924.415	897.662	0.135	0.037	0.193	0.276
sub-021_task-EyeTracking_physio	106	2688.815	2922.154	233.339	1197.412	551.023	0.118	0.029	0.229	0.251
sub-021_task-EyeTracking_physio	107	-762.097	279.591	1041.688	1278.760	703.515	0.160	0.101	0.432	1.005
sub-021_task-EyeTracking_physio	107	312.924	496.260	183.336	1387.170	621.092	0.089	0.034	0.233	0.312
sub-021_task-EyeTracking_physio	107	512.931	979.605	466.674	1432.713	554.393	0.100	0.035	0.263	0.379
sub-021_task-EyeTracking_physio	107	996.272	1262.944	266.672	1424.807	589.375	0.110	0.024	0.215	0.352
sub-021_task-EyeTracking_physio	107	1296.277	1471.285	175.008	1305.325	515.530	0.103	0.017	0.212	0.230
sub-021_task-EyeTracking_physio	107	1504.617	1779.624	275.007	1538.425	496.060	0.091	0.020	0.248	0.197
sub-021_task-EyeTracking_physio	107	1821.294	2179.633	358.339	1504.530	627.590	0.092	0.022	0.176	0.390
sub-021_task-EyeTracking_physio	107	2321.301	2512.975	191.674	1131.025	856.750	0.176	0.075	0.496	0.355
sub-021_task-EyeTracking_physio	107	2529.641	2812.982	283.341	1107.545	835.728	0.185	0.063	0.297	0.587
sub-021_task-EyeTracking_physio	107	2829.646	3004.650	175.004	1077.135	903.670	0.096	0.033	0.219	0.334
sub-021_task-EyeTracking_physio	108	-4759.346	-4567.673	191.673	1262.530	739.945	0.224	0.108	0.390	0.601
sub-021_task-EyeTracking_physio	108	-4376.001	-2909.300	1466.701	1277.352	747.900	0.188	0.105	0.396	1.491
sub-021_task-EyeTracking_physio	108	-2850.966	-2342.620	508.346	1283.835	757.945	0.218	0.095	0.330	1.196
sub-021_task-EyeTracking_physio	108	-1909.280	232.429	2141.709	1280.330	717.245	0.205	0.219	0.502	1.635
sub-021_task-EyeTracking_physio	108	249.104	457.440	208.336	1300.025	648.925	0.119	0.031	0.208	0.314
sub-021_task-EyeTracking_physio	108	490.772	615.776	125.004	1311.825	483.655	0.086	0.027	0.157	0.273
sub-021_task-EyeTracking_physio	108	632.445	915.784	283.339	1310.773	440.385	0.084	0.016	0.240	0.234
sub-021_task-EyeTracking_physio	108	965.783	1140.786	175.003	969.060	816.845	0.166	0.048	0.259	0.393
sub-021_task-EyeTracking_physio	108	1174.124	1599.133	425.009	910.420	929.195	0.235	0.129	0.531	0.970
sub-021_task-EyeTracking_physio	108	1640.802	1807.470	166.668	1521.213	711.702	0.181	0.061	0.409	0.335
sub-021_task-EyeTracking_physio	108	1832.474	1940.808	108.334	1531.380	667.850	0.076	0.017	0.184	0.161
sub-021_task-EyeTracking_physio	108	1965.808	2165.809	200.001	1377.980	635.705	0.109	0.036	0.209	0.342
sub-021_task-EyeTracking_physio	108	2190.809	2515.819	325.010	1254.255	620.370	0.107	0.031	0.337	0.281
sub-021_task-EyeTracking_physio	108	2540.818	2857.492	316.674	1346.175	621.565	0.087	0.030	0.175	0.397
sub-021_task-EyeTracking_physio	108	2882.492	2999.171	116.679	1378.685	643.967	0.111	0.021	0.098	0.303
sub-021_task-EyeTracking_physio	109	-604.000	312.688	916.688	1283.135	703.690	0.116	0.034	0.257	0.412
sub-021_task-EyeTracking_physio	109	337.688	562.696	225.008	1342.535	645.895	0.109	0.024	0.209	0.303
sub-021_task-EyeTracking_physio	109	587.695	1054.374	466.679	1475.968	694.337	0.112	0.035	0.358	0.321
sub-021_task-EyeTracking_physio	109	1096.040	1262.709	166.669	1065.957	676.812	0.112	0.032	0.341	0.217
sub-021_task-EyeTracking_physio	109	1287.709	1437.717	150.008	1093.523	521.550	0.100	0.025	0.164	0.314
sub-021_task-EyeTracking_physio	109	1462.716	1712.721	250.005	1110.088	481.970	0.107	0.034	0.273	0.272
sub-021_task-EyeTracking_physio	109	1737.721	2479.407	741.686	928.170	488.560	0.103	0.042	0.353	0.521
sub-021_task-EyeTracking_physio	109	2512.739	2662.742	150.003	949.223	771.305	0.196	0.056	0.213	0.577
sub-021_task-EyeTracking_physio	109	2687.742	2879.416	191.674	939.605	725.930	0.099	0.022	0.181	0.296
sub-021_task-EyeTracking_physio	110	-1382.479	259.226	1641.705	1281.740	707.580	0.214	0.096	0.395	0.928
sub-021_task-EyeTracking_physio	110	275.892	475.897	200.005	1360.423	692.370	0.113	0.038	0.232	0.349
sub-021_task-EyeTracking_physio	110	509.233	775.908	266.675	1139.467	752.865	0.098	0.025	0.224	0.276
sub-021_task-EyeTracking_physio	110	792.575	1009.247	216.672	1054.670	808.082	0.124	0.035	0.205	0.413
sub-021_task-EyeTracking_physio	110	1025.912	1259.248	233.336	1024.630	822.645	0.213	0.051	0.189	0.562
sub-021_task-EyeTracking_physio	110	1284.249	1409.253	125.004	1052.615	790.045	0.125	0.016	0.113	0.285
sub-021_task-EyeTracking_physio	110	1450.921	1600.923	150.002	1599.790	831.150	0.233	0.114	0.477	0.557
sub-021_task-EyeTracking_physio	110	1625.923	1875.927	250.004	1692.025	766.103	0.103	0.027	0.245	0.277
sub-021_task-EyeTracking_physio	110	1925.930	2109.268	183.338	1407.463	687.508	0.119	0.030	0.376	0.233
sub-021_task-EyeTracking_physio	110	2142.601	2342.606	200.005	1115.073	635.970	0.100	0.023	0.238	0.173
sub-021_task-EyeTracking_physio	110	2350.939	2509.275	158.336	1117.505	617.590	0.103	0.020	0.208	0.206
sub-021_task-EyeTracking_physio	110	2542.607	2917.615	375.008	949.555	613.755	0.099	0.027	0.352	0.270
sub-021_task-EyeTracking_physio	111	-800.872	-617.535	183.337	1251.490	741.335	0.097	0.043	0.305	0.374
sub-021_task-EyeTracking_physio	111	-600.869	282.483	883.352	1278.112	701.255	0.115	0.060	0.275	0.680
sub-021_task-EyeTracking_physio	111	299.150	649.155	350.005	1116.690	696.880	0.137	0.050	0.451	0.264
sub-021_task-EyeTracking_physio	111	690.826	949.166	258.340	942.290	731.650	0.125	0.024	0.240	0.248
sub-021_task-EyeTracking_physio	111	965.832	1149.167	183.335	902.498	629.538	0.134	0.046	0.195	0.523
sub-021_task-EyeTracking_physio	111	1165.833	1565.841	400.008	882.077	621.240	0.110	0.053	0.313	0.433
sub-021_task-EyeTracking_physio	111	1599.179	2015.856	416.677	1135.158	689.345	0.120	0.030	0.294	0.368
sub-021_task-EyeTracking_physio	111	2032.522	2224.189	191.667	1106.765	960.890	0.243	0.114	0.422	0.715
sub-021_task-EyeTracking_physio	111	2257.524	2415.863	158.339	1491.005	746.140	0.230	0.122	0.414	0.866
sub-021_task-EyeTracking_physio	111	2440.863	2582.532	141.669	1481.895	671.735	0.115	0.019	0.157	0.254
sub-021_task-EyeTracking_physio	111	2615.865	2749.201	133.336	1467.493	615.470	0.096	0.019	0.227	0.136
sub-021_task-EyeTracking_physio	111	2774.205	2999.206	225.001	1698.895	718.650	0.145	0.048	0.360	0.434
sub-021_task-EyeTracking_physio	112	-4179.425	-3371.074	808.351	1273.325	719.050	0.236	0.335	0.971	0.915
sub-021_task-EyeTracking_physio	112	-421.012	295.672	716.684	1280.205	697.678	0.104	0.067	0.429	0.487
sub-021_task-EyeTracking_physio	112	329.011	470.680	141.669	1024.435	769.125	0.139	0.062	0.413	0.380
sub-021_task-EyeTracking_physio	112	495.680	670.682	175.002	961.230	760.610	0.122	0.041	0.297	0.309
sub-021_task-EyeTracking_physio	112	687.348	1270.698	583.350	884.470	594.330	0.115	0.076	0.284	0.732
sub-021_task-EyeTracking_physio	112	1312.365	1620.700	308.335	1408.355	1051.085	0.142	0.064	0.340	0.594
sub-021_task-EyeTracking_physio	112	1645.704	1887.374	241.670	1385.065	741.905	0.234	0.075	0.259	0.602
sub-021_task-EyeTracking_physio	112	1920.709	2104.045	183.336	1538.705	635.680	0.112	0.032	0.212	0.338
sub-021_task-EyeTracking_physio	112	2120.711	2312.383	191.672	1634.095	557.280	0.105	0.052	0.414	0.354
sub-021_task-EyeTracking_physio	112	2345.716	2570.721	225.005	1384.105	538.365	0.109	0.024	0.363	0.153
sub-021_task-EyeTracking_physio	112	2595.721	2979.063	383.342	1472.345	622.090	0.122	0.029	0.202	0.408
sub-021_task-EyeTracking_physio	113	-711.402	313.618	1025.020	1274.645	700.380	0.163	0.061	0.379	0.798
sub-021_task-EyeTracking_physio	113	338.619	480.288	141.669	1134.200	709.895	0.117	0.028	0.329	0.193
sub-021_task-EyeTracking_physio	113	496.954	621.959	125.005	1045.620	692.875	0.120	0.027	0.265	0.161
sub-021_task-EyeTracking_physio	113	646.959	1080.298	433.339	949.892	698.950	0.095	0.033	0.299	0.365
sub-021_task-EyeTracking_physio	113	1105.301	1521.977	416.676	1007.625	462.273	0.105	0.026	0.262	0.387
sub-021_task-EyeTracking_physio	113	1563.643	1755.317	191.674	1461.210	455.045	0.108	0.020	0.258	0.179
sub-021_task-EyeTracking_physio	113	1788.651	1938.653	150.002	1502.580	444.067	0.097	0.015	0.137	0.234
sub-021_task-EyeTracking_physio	113	1955.320	2171.992	216.672	1644.995	443.108	0.130	0.031	0.303	0.229
sub-021_task-EyeTracking_physio	113	2213.657	2338.662	125.005	1656.240	756.330	0.178	0.053	0.275	0.330
sub-021_task-EyeTracking_physio	113	2355.328	2505.329	150.001	1651.033	714.890	0.113	0.015	0.117	0.224
sub-021_task-EyeTracking_physio	113	2521.994	2755.337	233.343	1697.230	702.053	0.118	0.032	0.210	0.379
sub-021_task-EyeTracking_physio	113	2780.336	2963.678	183.342	1642.575	1006.428	0.232	0.128	0.399	0.743
sub-021_task-EyeTracking_physio	114	-2398.383	-2190.047	208.336	1239.360	970.105	0.181	0.044	0.247	0.521
sub-021_task-EyeTracking_physio	114	-573.342	260.005	833.347	1285.015	712.615	0.117	0.063	0.296	0.648
sub-021_task-EyeTracking_physio	114	285.005	493.346	208.341	1070.540	672.045	0.122	0.059	0.404	0.338
sub-021_task-EyeTracking_physio	114	518.345	710.015	191.670	952.250	778.915	0.214	0.056	0.214	0.514
sub-021_task-EyeTracking_physio	114	726.685	885.021	158.336	1043.765	878.970	0.275	0.119	0.490	0.741
sub-021_task-EyeTracking_physio	114	926.688	1193.359	266.671	1571.525	733.942	0.172	0.048	0.263	0.500
sub-021_task-EyeTracking_physio	114	1210.025	1560.035	350.010	1474.510	637.472	0.096	0.021	0.252	0.327
sub-021_task-EyeTracking_physio	114	1576.702	1860.040	283.338	1440.992	651.265	0.106	0.027	0.247	0.317
sub-021_task-EyeTracking_physio	114	1885.040	2093.382	208.342	1529.370	705.910	0.175	0.044	0.193	0.542
sub-021_task-EyeTracking_physio	114	2110.046	2326.718	216.672	1562.463	725.442	0.205	0.052	0.214	0.610
sub-021_task-EyeTracking_physio	114	2360.052	2618.390	258.338	1371.000	642.835	0.124	0.034	0.339	0.334
sub-021_task-EyeTracking_physio	114	2651.723	2951.733	300.010	1175.332	630.613	0.093	0.017	0.189	0.208
sub-021_task-EyeTracking_physio	115	-939.837	343.528	1283.365	1284.273	707.452	0.199	0.127	0.390	0.953
sub-021_task-EyeTracking_physio	115	368.527	518.530	150.003	1491.845	759.040	0.139	0.034	0.324	0.227
sub-021_task-EyeTracking_physio	115	535.197	801.869	266.672	1493.810	629.837	0.130	0.034	0.250	0.393
sub-021_task-EyeTracking_physio	115	818.535	1135.211	316.676	1502.483	572.575	0.095	0.022	0.214	0.275
sub-021_task-EyeTracking_physio	115	1151.878	1293.548	141.670	1565.940	590.765	0.102	0.026	0.261	0.227
sub-021_task-EyeTracking_physio	115	1326.881	1535.220	208.339	1450.440	901.370	0.181	0.055	0.241	0.663
sub-021_task-EyeTracking_physio	115	1560.220	1760.222	200.002	1509.537	834.847	0.168	0.042	0.259	0.397
sub-021_task-EyeTracking_physio	115	1793.557	2010.228	216.671	1114.755	909.382	0.144	0.045	0.322	0.315
sub-021_task-EyeTracking_physio	115	2035.227	2251.900	216.673	1173.870	742.812	0.259	0.058	0.180	0.763
sub-021_task-EyeTracking_physio	115	2276.900	2810.244	533.344	1229.287	669.760	0.117	0.039	0.291	0.524
sub-021_task-EyeTracking_physio	115	2868.579	3001.919	133.340	1262.165	699.477	0.151	0.069	0.242	0.566
sub-021_task-EyeTracking_physio	116	-5842.939	-5409.593	433.346	1271.112	725.650	0.276	0.278	0.483	1.214
sub-021_task-EyeTracking_physio	116	-4767.912	-4642.908	125.004	1277.970	707.645	0.094	0.050	0.171	0.520
sub-021_task-EyeTracking_physio	116	-3276.216	-3067.874	208.342	1295.635	727.120	0.271	0.658	1.166	1.140
sub-021_task-EyeTracking_physio	116	-2926.206	-2726.204	200.002	1261.410	711.870	0.130	0.081	0.205	0.782
sub-021_task-EyeTracking_physio	116	-2184.527	-1951.187	233.340	1271.855	695.608	0.127	0.075	0.213	0.618
sub-021_task-EyeTracking_physio	116	-1776.186	-1567.845	208.341	1269.725	705.545	0.100	0.040	0.146	0.491
sub-021_task-EyeTracking_physio	116	-1376.172	-1184.503	191.669	1271.480	716.525	0.149	0.092	0.279	0.881
sub-021_task-EyeTracking_physio	116	-1034.501	-826.161	208.340	1277.435	717.825	0.188	0.066	0.255	0.499
sub-021_task-EyeTracking_physio	116	-642.826	-392.821	250.005	1276.640	727.745	0.166	0.046	0.210	0.620
sub-021_task-EyeTracking_physio	116	-376.154	240.526	616.680	1274.262	699.237	0.140	0.097	0.308	0.803
sub-021_task-EyeTracking_physio	116	265.525	473.860	208.335	1287.670	849.960	0.191	0.049	0.164	0.740
sub-021_task-EyeTracking_physio	116	490.527	673.867	183.340	1315.523	920.092	0.166	0.036	0.167	0.476
sub-021_task-EyeTracking_physio	116	707.200	932.206	225.006	1531.345	690.035	0.090	0.021	0.148	0.295
sub-021_task-EyeTracking_physio	116	957.205	1140.541	183.336	1592.953	668.267	0.099	0.021	0.234	0.177
sub-021_task-EyeTracking_physio	116	1165.541	1448.884	283.343	1361.160	896.305	0.204	0.070	0.361	0.586
sub-021_task-EyeTracking_physio	116	1473.884	1807.225	333.341	1129.125	820.612	0.237	0.080	0.332	0.727
sub-021_task-EyeTracking_physio	116	1840.558	2032.230	191.672	1078.035	664.115	0.108	0.028	0.215	0.263
sub-021_task-EyeTracking_physio	116	2065.563	2423.908	358.345	1173.015	676.970	0.087	0.022	0.323	0.224
sub-021_task-EyeTracking_physio	116	2432.241	2823.917	391.676	1188.870	670.405	0.105	0.024	0.222	0.404
sub-021_task-EyeTracking_physio	116	2873.915	2998.917	125.002	1461.005	932.090	0.139	0.059	0.246	0.423
sub-021_task-EyeTracking_physio	117	-665.358	-507.022	158.336	1303.995	760.655	0.260	0.069	0.313	0.554
sub-021_task-EyeTracking_physio	117	-490.355	309.662	800.017	1273.905	722.097	0.197	0.106	0.395	0.963
sub-021_task-EyeTracking_physio	117	326.327	559.667	233.340	1299.943	671.967	0.095	0.036	0.241	0.366
sub-021_task-EyeTracking_physio	117	576.333	726.335	150.002	1376.560	658.655	0.143	0.055	0.315	0.400
sub-021_task-EyeTracking_physio	117	759.673	1143.018	383.345	1535.060	562.227	0.098	0.040	0.315	0.398
sub-021_task-EyeTracking_physio	117	1184.684	1426.355	241.671	1179.885	565.580	0.100	0.034	0.326	0.274
sub-021_task-EyeTracking_physio	117	1451.354	1809.695	358.341	1053.285	650.765	0.121	0.041	0.329	0.291
sub-021_task-EyeTracking_physio	117	1826.361	1984.698	158.337	1152.460	687.860	0.129	0.049	0.372	0.316
sub-021_task-EyeTracking_physio	117	2018.031	2243.037	225.006	854.280	722.555	0.136	0.037	0.313	0.292
sub-021_task-EyeTracking_physio	117	2259.703	2418.040	158.337	871.230	727.260	0.102	0.028	0.232	0.225
sub-021_task-EyeTracking_physio	117	2443.045	2659.712	216.667	1177.648	722.695	0.181	0.076	0.469	0.380
sub-021_task-EyeTracking_physio	117	2676.379	3001.388	325.009	1185.600	706.620	0.138	0.034	0.219	0.371
sub-021_task-EyeTracking_physio	118	-1457.381	-1249.041	208.340	1262.135	732.910	0.270	0.143	0.696	0.618
sub-021_task-EyeTracking_physio	118	-1232.375	42.661	1275.036	1276.090	720.965	0.208	0.118	0.321	1.224
sub-021_task-EyeTracking_physio	118	184.330	334.335	150.005	1297.173	801.362	0.338	0.189	0.249	1.857
sub-021_task-EyeTracking_physio	118	359.334	684.344	325.010	1085.765	988.670	0.168	0.098	0.509	0.563
sub-021_task-EyeTracking_physio	118	701.011	934.352	233.341	1055.033	1008.735	0.147	0.035	0.212	0.356
sub-021_task-EyeTracking_physio	118	976.018	1117.685	141.667	1340.460	639.775	0.112	0.041	0.204	0.324
sub-021_task-EyeTracking_physio	118	1142.685	1334.362	191.677	1368.900	526.880	0.092	0.032	0.205	0.396
sub-021_task-EyeTracking_physio	118	1351.028	1609.367	258.339	1375.430	473.770	0.089	0.018	0.161	0.319
sub-021_task-EyeTracking_physio	118	1651.033	1867.708	216.675	1542.188	841.952	0.220	0.091	0.290	0.836
sub-021_task-EyeTracking_physio	118	1917.708	2134.383	216.675	1085.218	1006.530	0.169	0.103	0.680	0.500
sub-021_task-EyeTracking_physio	118	2167.716	2351.054	183.338	1065.510	742.525	0.117	0.041	0.240	0.422
sub-021_task-EyeTracking_physio	118	2384.389	2642.729	258.340	933.905	777.225	0.143	0.061	0.357	0.437
sub-021_task-EyeTracking_physio	118	2692.730	2834.399	141.669	1558.310	803.825	0.206	0.101	0.380	0.522
sub-021_task-EyeTracking_physio	118	2859.399	3001.069	141.670	1664.965	765.190	0.125	0.035	0.277	0.306
sub-021_task-EyeTracking_physio	119	-2380.196	-1430.175	950.021	1276.117	708.967	0.125	0.066	0.470	0.593
sub-021_task-EyeTracking_physio	119	-1138.503	-1005.168	133.335	1279.305	721.585	0.098	0.030	0.134	0.314
sub-021_task-EyeTracking_physio	119	-830.164	-713.496	116.668	1280.102	697.717	0.107	0.032	0.155	0.307
sub-021_task-EyeTracking_physio	119	-571.827	336.528	908.355	1279.005	691.240	0.103	0.055	0.288	0.686
sub-021_task-EyeTracking_physio	119	361.532	753.209	391.677	1184.345	808.980	0.168	0.069	0.322	0.739
sub-021_task-EyeTracking_physio	119	778.209	1069.880	291.671	964.630	892.150	0.208	0.047	0.193	0.643
sub-021_task-EyeTracking_physio	119	1211.550	1378.218	166.668	987.090	681.605	0.090	0.022	0.205	0.184
sub-021_task-EyeTracking_physio	119	1419.888	1619.892	200.004	1271.615	543.700	0.105	0.025	0.224	0.198
sub-021_task-EyeTracking_physio	119	1653.224	1794.895	141.671	1431.820	553.485	0.108	0.023	0.281	0.176
sub-021_task-EyeTracking_physio	119	1819.893	2253.239	433.346	1590.710	619.023	0.100	0.022	0.289	0.253
sub-021_task-EyeTracking_physio	119	2269.904	2511.578	241.674	1465.020	589.510	0.101	0.033	0.289	0.323
sub-021_task-EyeTracking_physio	119	2544.912	2803.251	258.339	1386.890	761.970	0.242	0.066	0.287	0.583
sub-021_task-EyeTracking_physio	119	2836.585	3003.257	166.672	1169.233	856.100	0.212	0.067	0.271	0.540
sub-021_task-EyeTracking_physio	120	-1208.467	-1000.124	208.343	1249.050	715.680	0.307	0.229	1.016	1.144
sub-021_task-EyeTracking_physio	120	-983.457	333.241	1316.698	1277.700	708.435	0.152	0.076	0.374	0.570
sub-021_task-EyeTracking_physio	120	358.241	633.245	275.004	1084.345	717.610	0.119	0.050	0.288	0.439
sub-021_task-EyeTracking_physio	120	658.250	799.920	141.670	1020.875	767.565	0.090	0.026	0.201	0.275
sub-021_task-EyeTracking_physio	120	824.920	1016.588	191.668	1030.115	902.600	0.133	0.042	0.193	0.411
sub-021_task-EyeTracking_physio	120	1033.254	1249.928	216.674	1096.293	912.087	0.253	0.096	0.349	0.807
sub-021_task-EyeTracking_physio	120	1283.261	1491.601	208.340	1239.070	717.290	0.137	0.043	0.328	0.311
sub-021_task-EyeTracking_physio	120	1508.268	1716.608	208.340	1246.915	694.040	0.096	0.026	0.210	0.267
sub-021_task-EyeTracking_physio	120	1741.607	1899.944	158.337	1157.590	696.235	0.092	0.020	0.159	0.223
sub-021_task-EyeTracking_physio	120	1916.609	2174.949	258.340	1143.580	562.675	0.103	0.019	0.168	0.272
sub-021_task-EyeTracking_physio	120	2216.616	2516.627	300.011	1590.902	672.115	0.106	0.031	0.332	0.340
sub-021_task-EyeTracking_physio	120	2541.626	2933.301	391.675	1549.100	747.025	0.107	0.033	0.211	0.437
sub-021_task-EyeTracking_physio	121	-1460.911	-1244.239	216.672	1294.710	696.825	0.117	0.042	0.473	0.223
sub-021_task-EyeTracking_physio	121	-1227.573	255.791	1483.364	1283.032	741.018	0.178	0.233	0.470	1.469
sub-021_task-EyeTracking_physio	121	305.799	564.134	258.335	1302.335	742.860	0.126	0.078	0.419	0.627
sub-021_task-EyeTracking_physio	121	589.134	747.471	158.337	1294.530	829.125	0.247	0.071	0.167	0.631
sub-021_task-EyeTracking_physio	121	789.137	1072.480	283.343	1514.940	595.275	0.099	0.019	0.162	0.273
sub-021_task-EyeTracking_physio	121	1089.146	1289.150	200.004	1530.133	569.163	0.093	0.020	0.131	0.319
sub-021_task-EyeTracking_physio	121	1314.149	1572.487	258.338	1288.845	551.090	0.107	0.056	0.383	0.407
sub-021_task-EyeTracking_physio	121	1605.826	1922.498	316.672	1301.183	819.737	0.221	0.101	0.298	1.192
sub-021_task-EyeTracking_physio	121	1955.831	2305.839	350.008	1219.865	828.322	0.201	0.077	0.312	0.795
sub-021_task-EyeTracking_physio	121	2339.170	2564.178	225.008	1299.395	905.495	0.195	0.045	0.206	0.562
sub-021_task-EyeTracking_physio	121	2605.845	2772.518	166.673	1110.838	668.312	0.096	0.021	0.219	0.209
sub-021_task-EyeTracking_physio	121	2822.517	3005.853	183.336	1537.405	593.737	0.130	0.038	0.278	0.339
sub-021_task-EyeTracking_physio	122	-629.762	-463.093	166.669	1294.630	684.535	0.102	0.023	0.227	0.256
sub-021_task-EyeTracking_physio	122	-446.427	320.258	766.685	1276.020	699.818	0.102	0.064	0.241	0.675
sub-021_task-EyeTracking_physio	122	336.923	495.259	158.336	1269.500	677.325	0.119	0.033	0.201	0.343
sub-021_task-EyeTracking_physio	122	528.593	736.932	208.339	886.795	820.165	0.168	0.046	0.317	0.379
sub-021_task-EyeTracking_physio	122	753.598	928.606	175.008	920.245	807.735	0.157	0.043	0.215	0.368
sub-021_task-EyeTracking_physio	122	1070.275	1320.282	250.007	1222.560	564.288	0.108	0.025	0.226	0.293
sub-021_task-EyeTracking_physio	122	1336.947	1503.618	166.671	1281.592	553.405	0.097	0.021	0.173	0.199
sub-021_task-EyeTracking_physio	122	1545.284	1878.625	333.341	1607.648	704.670	0.136	0.050	0.406	0.408
sub-021_task-EyeTracking_physio	122	1911.959	2203.630	291.671	1510.860	666.910	0.098	0.017	0.203	0.229
sub-021_task-EyeTracking_physio	122	2245.299	2420.303	175.004	1027.760	646.385	0.120	0.028	0.270	0.242
sub-021_task-EyeTracking_physio	122	2436.970	3003.649	566.679	1052.615	584.610	0.090	0.024	0.275	0.327
sub-021_task-EyeTracking_physio	123	-967.860	-751.189	216.671	1247.892	694.058	0.135	0.041	0.296	0.326
sub-021_task-EyeTracking_physio	123	-734.523	-509.516	225.007	1273.840	704.850	0.153	0.039	0.248	0.397
sub-021_task-EyeTracking_physio	123	-334.515	323.833	658.348	1280.470	720.910	0.231	0.170	0.413	1.350
sub-021_task-EyeTracking_physio	123	340.500	573.837	233.337	1401.678	719.088	0.100	0.025	0.303	0.207
sub-021_task-EyeTracking_physio	123	598.836	815.512	216.676	1564.617	815.985	0.199	0.132	0.328	0.899
sub-021_task-EyeTracking_physio	123	840.512	1248.853	408.341	1580.205	694.605	0.090	0.022	0.155	0.317
sub-021_task-EyeTracking_physio	123	1265.521	1507.195	241.674	1484.410	669.910	0.080	0.014	0.194	0.195
sub-021_task-EyeTracking_physio	123	1540.527	1732.199	191.672	1118.945	837.775	0.163	0.057	0.348	0.410
sub-021_task-EyeTracking_physio	123	1773.866	1998.871	225.005	1343.550	906.355	0.172	0.058	0.410	0.453
sub-021_task-EyeTracking_physio	123	2032.205	2348.877	316.672	1597.350	912.170	0.183	0.057	0.372	0.445
sub-021_task-EyeTracking_physio	123	2365.548	2648.887	283.339	1556.025	852.375	0.188	0.056	0.321	0.517
sub-021_task-EyeTracking_physio	123	2673.886	2865.554	191.668	1479.755	894.475	0.167	0.070	0.395	0.433
sub-021_task-EyeTracking_physio	124	-837.908	-621.240	216.668	1261.615	701.435	0.121	0.038	0.253	0.324
sub-021_task-EyeTracking_physio	124	-604.574	345.452	950.026	1270.878	713.310	0.128	0.068	0.584	0.559
sub-021_task-EyeTracking_physio	124	370.451	562.120	191.669	1145.445	796.370	0.114	0.037	0.219	0.361
sub-021_task-EyeTracking_physio	124	578.787	812.126	233.339	1003.678	812.388	0.152	0.065	0.472	0.373
sub-021_task-EyeTracking_physio	124	878.796	1278.806	400.010	1406.170	613.668	0.097	0.042	0.430	0.341
sub-021_task-EyeTracking_physio	124	1303.805	1612.143	308.338	1231.950	649.205	0.110	0.028	0.274	0.274
sub-021_task-EyeTracking_physio	124	1628.810	1795.483	166.673	1187.168	661.763	0.117	0.031	0.290	0.212
sub-021_task-EyeTracking_physio	124	1820.483	2028.819	208.336	1225.590	795.765	0.221	0.069	0.339	0.522
sub-021_task-EyeTracking_physio	124	2053.823	2303.828	250.005	1265.717	745.350	0.109	0.026	0.218	0.311
sub-021_task-EyeTracking_physio	124	2345.495	2862.174	516.679	1192.133	669.127	0.092	0.044	0.244	0.516
sub-021_task-EyeTracking_physio	124	2887.173	3003.844	116.671	1259.537	710.283	0.099	0.022	0.157	0.238
sub-021_task-EyeTracking_physio	125	-994.236	330.801	1325.037	1273.485	710.915	0.106	0.047	0.414	0.423
sub-021_task-EyeTracking_physio	125	347.468	672.473	325.005	1307.035	707.295	0.096	0.038	0.368	0.335
sub-021_task-EyeTracking_physio	125	730.808	914.146	183.338	1033.185	749.962	0.106	0.037	0.333	0.276
sub-021_task-EyeTracking_physio	125	930.813	1205.817	275.004	983.460	768.120	0.151	0.067	0.344	0.451
sub-021_task-EyeTracking_physio	125	1255.821	1589.159	333.338	1572.293	761.915	0.179	0.075	0.405	0.508
sub-021_task-EyeTracking_physio	125	1614.159	1839.166	225.007	1458.535	686.455	0.083	0.017	0.241	0.233
sub-021_task-EyeTracking_physio	125	1872.499	2022.501	150.002	1384.492	595.150	0.100	0.016	0.145	0.226
sub-021_task-EyeTracking_physio	125	2047.505	2180.842	133.337	1330.287	538.973	0.086	0.020	0.190	0.207
sub-021_task-EyeTracking_physio	125	2214.175	2722.519	508.344	1029.980	734.075	0.137	0.036	0.443	0.408
sub-021_task-EyeTracking_physio	125	2755.852	2955.861	200.009	1415.960	756.900	0.152	0.070	0.349	0.393
sub-021_task-EyeTracking_physio	126	-5380.603	-4922.260	458.343	1277.535	721.280	0.105	0.045	0.418	0.392
sub-021_task-EyeTracking_physio	126	-4363.916	-4072.242	291.674	1268.440	702.920	0.110	0.080	0.368	0.544
sub-021_task-EyeTracking_physio	126	-3880.572	-3622.232	258.340	1270.375	705.375	0.174	0.127	0.258	1.053
sub-021_task-EyeTracking_physio	126	-3455.563	-2388.870	1066.693	1267.727	719.955	0.118	0.091	0.401	1.026
sub-021_task-EyeTracking_physio	126	-2155.534	-1722.191	433.343	1270.062	710.372	0.096	0.026	0.219	0.345
sub-021_task-EyeTracking_physio	126	-1530.517	-1322.184	208.333	1274.740	721.005	0.193	0.085	0.196	1.093
sub-021_task-EyeTracking_physio	126	-1105.510	311.188	1416.698	1272.128	711.162	0.121	0.063	0.304	1.140
sub-021_task-EyeTracking_physio	126	336.187	561.194	225.007	1157.990	735.690	0.104	0.025	0.218	0.310
sub-021_task-EyeTracking_physio	126	594.527	802.866	208.339	1371.995	908.180	0.269	0.093	0.358	0.826
sub-021_task-EyeTracking_physio	126	936.204	1102.873	166.669	1361.025	622.572	0.097	0.045	0.362	0.242
sub-021_task-EyeTracking_physio	126	1127.872	1302.881	175.009	1336.865	662.845	0.106	0.023	0.181	0.196
sub-021_task-EyeTracking_physio	126	1336.213	1611.217	275.004	1164.915	749.750	0.111	0.028	0.211	0.309
sub-021_task-EyeTracking_physio	126	1727.887	1894.556	166.669	1139.368	461.015	0.105	0.046	0.231	0.499
sub-021_task-EyeTracking_physio	126	1927.889	2227.897	300.008	1350.445	661.005	0.107	0.028	0.361	0.338
sub-021_task-EyeTracking_physio	126	2244.563	2369.567	125.004	1328.475	659.210	0.151	0.035	0.267	0.360
sub-021_task-EyeTracking_physio	126	2411.232	2811.242	400.010	1122.360	426.493	0.088	0.032	0.265	0.377
sub-021_task-EyeTracking_physio	126	2877.912	3002.909	124.997	1325.060	627.095	0.105	0.034	0.217	0.345
sub-021_task-EyeTracking_physio	127	-1163.330	303.369	1466.699	1273.017	701.625	0.130	0.120	1.488	1.009
sub-021_task-EyeTracking_physio	127	328.368	486.710	158.342	1302.350	698.020	0.142	0.048	0.261	0.349
sub-021_task-EyeTracking_physio	127	520.044	795.048	275.004	978.430	890.490	0.172	0.044	0.233	0.449
sub-021_task-EyeTracking_physio	127	811.715	970.052	158.337	932.490	920.940	0.245	0.089	0.354	0.485
sub-021_task-EyeTracking_physio	127	1028.387	1161.721	133.334	1435.175	701.733	0.103	0.027	0.231	0.286
sub-021_task-EyeTracking_physio	127	1203.388	1545.065	341.677	1333.390	605.555	0.082	0.019	0.240	0.247
sub-021_task-EyeTracking_physio	127	1570.065	1736.734	166.669	1255.510	648.158	0.082	0.013	0.178	0.137
sub-021_task-EyeTracking_physio	127	1786.739	2045.079	258.340	1628.880	859.370	0.189	0.057	0.298	0.522
sub-021_task-EyeTracking_physio	127	2070.079	2211.748	141.669	1651.065	803.860	0.146	0.043	0.281	0.361
sub-021_task-EyeTracking_physio	127	2261.747	2695.093	433.346	1138.878	521.523	0.094	0.031	0.229	0.467
sub-021_task-EyeTracking_physio	127	2728.425	3003.431	275.006	1047.065	493.710	0.093	0.025	0.223	0.251
sub-021_task-EyeTracking_physio	128	-4199.251	-3699.239	500.012	1272.695	705.395	0.099	0.039	0.243	0.507
sub-021_task-EyeTracking_physio	128	-2574.219	-2424.218	150.001	1278.830	720.205	0.113	0.042	0.242	0.399
sub-021_task-EyeTracking_physio	128	-2257.544	-2099.209	158.335	1281.250	702.270	0.133	0.036	0.125	0.521
sub-021_task-EyeTracking_physio	128	-1907.541	-557.511	1350.030	1272.650	728.885	0.167	0.118	0.473	1.030
sub-021_task-EyeTracking_physio	128	-399.177	-199.175	200.002	1274.970	737.900	0.299	0.170	0.305	1.465
sub-021_task-EyeTracking_physio	128	-174.170	325.835	500.005	1276.645	706.820	0.099	0.035	0.210	0.463
sub-021_task-EyeTracking_physio	128	392.506	567.509	175.003	1356.945	729.330	0.117	0.041	0.286	0.361
sub-021_task-EyeTracking_physio	128	625.845	850.845	225.000	1000.055	698.535	0.104	0.028	0.236	0.267
sub-021_task-EyeTracking_physio	128	884.183	1134.185	250.002	988.923	621.298	0.103	0.023	0.315	0.196
sub-021_task-EyeTracking_physio	128	1150.853	1500.859	350.006	968.505	633.210	0.102	0.027	0.242	0.422
sub-021_task-EyeTracking_physio	128	1542.525	1734.197	191.672	1331.555	612.270	0.098	0.028	0.327	0.218
sub-021_task-EyeTracking_physio	128	1742.531	1967.537	225.006	1318.560	631.035	0.086	0.026	0.197	0.288
sub-021_task-EyeTracking_physio	128	2000.871	2225.876	225.005	1076.505	544.655	0.101	0.029	0.352	0.220
sub-021_task-EyeTracking_physio	128	2267.541	2400.879	133.338	1009.555	857.675	0.190	0.070	0.361	0.414
sub-021_task-EyeTracking_physio	128	2442.548	2634.218	191.670	1583.660	793.600	0.379	0.675	1.790	0.818
sub-021_task-EyeTracking_physio	128	2675.884	2942.555	266.671	1591.517	637.585	0.089	0.038	0.300	0.337
sub-021_task-EyeTracking_physio	129	-2985.499	-2818.830	166.669	1322.872	695.117	0.132	0.035	0.241	0.265
sub-021_task-EyeTracking_physio	129	-2802.164	-2285.485	516.679	1278.450	712.023	0.095	0.038	0.333	0.314
sub-021_task-EyeTracking_physio	129	-2160.481	-1827.141	333.340	1281.235	741.050	0.168	0.088	0.205	1.170
sub-021_task-EyeTracking_physio	129	-443.780	239.574	683.354	1273.238	716.678	0.107	0.056	0.322	0.607
sub-021_task-EyeTracking_physio	129	256.240	389.577	133.337	1271.945	644.803	0.122	0.028	0.182	0.398
sub-021_task-EyeTracking_physio	129	422.910	656.250	233.340	1610.617	677.530	0.099	0.029	0.220	0.257
sub-021_task-EyeTracking_physio	129	689.583	864.583	175.000	1499.495	873.180	0.188	0.125	0.353	0.782
sub-021_task-EyeTracking_physio	129	872.916	1006.254	133.338	1521.033	909.225	0.180	0.037	0.239	0.371
sub-021_task-EyeTracking_physio	129	1039.591	1289.597	250.006	1610.755	523.903	0.097	0.042	0.333	0.397
sub-021_task-EyeTracking_physio	129	1314.598	1656.269	341.671	1618.370	472.635	0.080	0.021	0.187	0.344
sub-021_task-EyeTracking_physio	129	1672.940	1931.278	258.338	1633.180	504.570	0.090	0.021	0.207	0.264
sub-021_task-EyeTracking_physio	129	1972.944	2231.284	258.340	1523.545	636.720	0.104	0.024	0.185	0.308
sub-021_task-EyeTracking_physio	129	2314.617	2747.964	433.347	1630.942	687.337	0.114	0.033	0.333	0.375
sub-021_task-EyeTracking_physio	129	2789.630	2997.972	208.342	1215.875	663.230	0.084	0.023	0.335	0.183
sub-021_task-EyeTracking_physio	130	-508.550	333.135	841.685	1269.395	712.935	0.107	0.077	0.379	0.697
sub-021_task-EyeTracking_physio	130	358.135	549.808	191.673	1078.490	742.425	0.107	0.036	0.246	0.324
sub-021_task-EyeTracking_physio	130	583.141	774.810	191.669	928.870	854.380	0.178	0.101	0.364	0.609
sub-021_task-EyeTracking_physio	130	916.480	1166.484	250.004	924.130	569.340	0.110	0.069	0.326	0.561
sub-021_task-EyeTracking_physio	130	1208.154	1399.826	191.672	1493.300	682.425	0.121	0.067	0.395	0.357
sub-021_task-EyeTracking_physio	130	1416.492	1783.169	366.677	1575.572	684.040	0.096	0.026	0.301	0.283
sub-021_task-EyeTracking_physio	130	1799.835	2083.174	283.339	1571.310	650.007	0.107	0.035	0.240	0.405
sub-021_task-EyeTracking_physio	130	2099.844	2274.848	175.004	1622.510	692.275	0.109	0.021	0.224	0.221
sub-021_task-EyeTracking_physio	130	2299.849	2566.520	266.671	1550.600	952.602	0.162	0.057	0.337	0.390
sub-021_task-EyeTracking_physio	130	2591.520	2766.527	175.007	1567.855	756.890	0.135	0.048	0.372	0.325
sub-021_task-EyeTracking_physio	130	2783.193	2999.863	216.670	1585.420	675.805	0.098	0.027	0.213	0.267
sub-021_task-EyeTracking_physio	131	-4015.378	-3307.025	708.353	1276.495	714.105	0.095	0.028	0.330	0.291
sub-021_task-EyeTracking_physio	131	-3048.686	-2915.349	133.337	1266.512	724.683	0.189	0.104	0.263	0.892
sub-021_task-EyeTracking_physio	131	-2698.680	-2532.007	166.673	1267.822	710.745	0.096	0.042	0.148	0.462
sub-021_task-EyeTracking_physio	131	-2323.672	-2140.332	183.340	1268.550	705.995	0.158	0.082	0.245	0.650
sub-021_task-EyeTracking_physio	131	-1906.993	-1698.656	208.337	1265.900	717.580	0.186	0.065	0.244	0.634
sub-021_task-EyeTracking_physio	131	-1690.323	-1365.317	325.006	1279.070	699.050	0.115	0.037	0.240	0.508
sub-021_task-EyeTracking_physio	131	-298.625	-106.955	191.670	1252.230	699.185	0.081	0.025	0.203	0.261
sub-021_task-EyeTracking_physio	131	-98.622	301.386	400.008	1273.495	713.005	0.090	0.040	0.344	0.361
sub-021_task-EyeTracking_physio	131	326.390	593.061	266.671	1335.025	761.030	0.115	0.025	0.215	0.290
sub-021_task-EyeTracking_physio	131	618.061	876.402	258.341	1533.585	657.710	0.105	0.025	0.320	0.232
sub-021_task-EyeTracking_physio	131	901.401	1076.402	175.001	1503.085	605.795	0.104	0.027	0.228	0.252
sub-021_task-EyeTracking_physio	131	1101.401	1343.075	241.674	1342.145	590.510	0.120	0.035	0.326	0.343
sub-021_task-EyeTracking_physio	131	1384.747	1576.417	191.670	997.465	686.060	0.079	0.023	0.214	0.225
sub-021_task-EyeTracking_physio	131	1593.084	1768.090	175.006	979.220	666.970	0.085	0.017	0.185	0.211
sub-021_task-EyeTracking_physio	131	1801.422	2059.760	258.338	1118.935	930.150	0.244	0.111	0.328	0.879
sub-021_task-EyeTracking_physio	131	2101.426	2334.767	233.341	1530.900	856.707	0.162	0.063	0.406	0.462
sub-021_task-EyeTracking_physio	131	2368.100	2768.108	400.008	1581.775	631.903	0.089	0.042	0.244	0.441
sub-021_task-EyeTracking_physio	131	2826.446	3001.448	175.002	991.915	533.410	0.332	0.490	2.487	0.394
sub-021_task-EyeTracking_physio	132	-439.362	-247.693	191.669	1231.675	672.855	0.773	1.346	6.533	2.677
sub-021_task-EyeTracking_physio	132	-231.027	368.987	600.014	1270.622	700.565	0.144	0.057	0.299	0.731
sub-021_task-EyeTracking_physio	132	393.987	702.327	308.340	1103.925	745.460	0.099	0.021	0.259	0.220
sub-021_task-EyeTracking_physio	132	718.994	885.667	166.673	1036.835	753.800	0.145	0.033	0.214	0.340
sub-021_task-EyeTracking_physio	132	910.668	1085.668	175.000	1124.820	601.190	0.097	0.032	0.317	0.229
sub-021_task-EyeTracking_physio	132	1119.000	1260.675	141.675	1127.495	550.375	0.094	0.013	0.116	0.235
sub-021_task-EyeTracking_physio	132	1302.340	1560.681	258.341	1540.725	632.600	0.110	0.036	0.376	0.256
sub-021_task-EyeTracking_physio	132	1602.346	1869.020	266.674	1200.923	988.697	0.139	0.032	0.265	0.367
sub-021_task-EyeTracking_physio	132	1894.019	2144.024	250.005	1293.350	824.290	0.293	0.130	0.417	0.858
sub-021_task-EyeTracking_physio	132	2177.361	2610.704	433.343	1161.800	1035.312	0.134	0.056	0.318	0.624
sub-021_task-EyeTracking_physio	132	2627.371	2944.045	316.674	1143.562	1044.362	0.108	0.035	0.238	0.397
sub-021_task-EyeTracking_physio	133	-5006.481	-4773.141	233.340	1258.072	699.445	0.124	0.032	0.271	0.325
sub-021_task-EyeTracking_physio	133	-4756.474	-4598.141	158.333	1270.825	710.335	0.203	0.037	0.162	0.456
sub-021_task-EyeTracking_physio	133	-3714.786	-3531.449	183.337	1274.010	706.388	0.247	0.081	0.171	0.921
sub-021_task-EyeTracking_physio	133	-864.719	93.634	958.353	1274.845	704.955	0.123	0.110	0.569	0.698
sub-021_task-EyeTracking_physio	133	118.633	301.974	183.341	1296.420	653.835	0.132	0.040	0.264	0.473
sub-021_task-EyeTracking_physio	133	326.973	535.309	208.336	1150.590	650.960	0.108	0.044	0.205	0.428
sub-021_task-EyeTracking_physio	133	551.976	751.981	200.005	1236.973	770.910	0.166	0.064	0.237	0.816
sub-021_task-EyeTracking_physio	133	810.313	1085.326	275.013	1562.210	691.845	0.115	0.029	0.272	0.265
sub-021_task-EyeTracking_physio	133	1110.326	1385.331	275.005	1441.470	699.745	0.110	0.031	0.275	0.368
sub-021_task-EyeTracking_physio	133	1401.998	1652.003	250.005	1402.423	588.165	0.109	0.026	0.164	0.358
sub-021_task-EyeTracking_physio	133	1677.003	1918.677	241.674	1620.355	658.535	0.105	0.024	0.248	0.247
sub-021_task-EyeTracking_physio	133	1943.677	2135.350	191.673	1669.595	743.145	0.109	0.023	0.206	0.292
sub-021_task-EyeTracking_physio	133	2168.683	2460.354	291.671	1273.565	766.910	0.235	0.096	0.434	0.569
sub-021_task-EyeTracking_physio	133	2468.687	2668.693	200.006	1225.247	794.620	0.161	0.076	0.351	0.541
sub-021_task-EyeTracking_physio	133	2693.693	3002.033	308.340	1195.620	635.665	0.102	0.028	0.227	0.378
sub-021_task-EyeTracking_physio	134	-1824.998	-1591.659	233.339	1271.513	725.408	0.233	0.064	0.240	0.653
sub-021_task-EyeTracking_physio	134	-166.626	308.386	475.012	1292.770	712.395	0.134	0.028	0.222	0.424
sub-021_task-EyeTracking_physio	134	325.053	550.059	225.006	1314.835	757.450	0.102	0.039	0.221	0.362
sub-021_task-EyeTracking_physio	134	583.392	850.065	266.673	1146.665	734.900	0.108	0.027	0.236	0.284
sub-021_task-EyeTracking_physio	134	883.399	1266.739	383.340	1492.955	772.245	0.136	0.044	0.313	0.507
sub-021_task-EyeTracking_physio	134	1283.406	1450.074	166.668	1448.530	767.765	0.219	0.054	0.201	0.610
sub-021_task-EyeTracking_physio	134	1475.078	1775.084	300.006	1669.695	741.515	0.121	0.031	0.316	0.310
sub-021_task-EyeTracking_physio	134	1825.084	2008.425	183.341	1639.060	573.658	0.100	0.021	0.168	0.281
sub-021_task-EyeTracking_physio	134	2058.425	2300.096	241.671	1072.305	691.750	0.142	0.037	0.357	0.194
sub-021_task-EyeTracking_physio	134	2316.762	2583.437	266.675	1034.580	734.898	0.131	0.036	0.393	0.344
sub-021_task-EyeTracking_physio	134	2608.436	2841.773	233.337	1248.140	758.972	0.121	0.045	0.366	0.362
sub-021_task-EyeTracking_physio	134	2866.773	3000.107	133.334	1328.188	744.923	0.149	0.054	0.367	0.271
sub-021_task-EyeTracking_physio	135	-2738.130	-2396.454	341.676	1282.990	719.070	0.101	0.035	0.292	0.244
sub-021_task-EyeTracking_physio	135	-2138.115	-2013.111	125.004	1274.395	735.615	0.203	0.083	0.209	0.716
sub-021_task-EyeTracking_physio	135	-388.078	261.935	650.013	1269.117	715.905	0.092	0.060	0.407	0.731
sub-021_task-EyeTracking_physio	135	295.268	511.941	216.673	1070.920	679.000	0.124	0.043	0.245	0.406
sub-021_task-EyeTracking_physio	135	536.941	745.282	208.341	922.465	614.555	0.109	0.029	0.327	0.249
sub-021_task-EyeTracking_physio	135	761.950	945.287	183.337	901.575	555.868	0.118	0.034	0.210	0.372
sub-021_task-EyeTracking_physio	135	986.952	1178.621	191.669	1474.715	644.945	0.152	0.042	0.378	0.348
sub-021_task-EyeTracking_physio	135	1211.954	1478.629	266.675	1527.158	700.642	0.100	0.021	0.228	0.199
sub-021_task-EyeTracking_physio	135	1495.294	1695.302	200.008	1477.933	627.475	0.092	0.019	0.243	0.272
sub-021_task-EyeTracking_physio	135	1728.634	1961.973	233.339	1472.597	542.975	0.097	0.018	0.201	0.299
sub-021_task-EyeTracking_physio	135	1978.640	2278.644	300.004	1495.273	692.307	0.140	0.025	0.154	0.430
sub-021_task-EyeTracking_physio	135	2303.644	2603.655	300.011	1315.620	727.337	0.226	0.085	0.413	0.699
sub-021_task-EyeTracking_physio	135	2695.321	2878.660	183.339	1502.570	554.595	0.116	0.023	0.247	0.198
sub-021_task-EyeTracking_physio	136	-2402.111	-2293.772	108.339	1599.225	568.260	0.061	0.008	0.096	0.145
sub-021_task-EyeTracking_physio	136	-2252.107	-2060.433	191.674	1299.120	685.370	0.109	0.035	0.316	0.302
sub-021_task-EyeTracking_physio	136	-2043.766	-1668.757	375.009	1279.650	707.630	0.132	0.052	0.214	0.614
sub-021_task-EyeTracking_physio	136	-1477.091	-1318.749	158.342	1264.780	761.310	0.372	0.154	0.235	1.440
sub-021_task-EyeTracking_physio	136	-843.741	256.287	1100.028	1274.038	719.145	0.229	0.139	0.356	1.494
sub-021_task-EyeTracking_physio	136	331.286	531.291	200.005	1112.488	587.300	0.085	0.019	0.146	0.319
sub-021_task-EyeTracking_physio	136	547.958	806.297	258.339	1136.540	602.245	0.091	0.025	0.215	0.321
sub-021_task-EyeTracking_physio	136	831.296	1031.303	200.007	1294.220	707.000	0.144	0.040	0.292	0.336
sub-021_task-EyeTracking_physio	136	1047.969	1314.642	266.673	1334.290	733.110	0.133	0.061	0.373	0.497
sub-021_task-EyeTracking_physio	136	1339.641	1614.647	275.006	1162.735	619.765	0.129	0.050	0.309	0.351
sub-021_task-EyeTracking_physio	136	1647.979	2131.325	483.346	1492.762	739.047	0.136	0.044	0.363	0.383
sub-021_task-EyeTracking_physio	136	2164.658	2406.330	241.672	1521.225	565.220	0.109	0.027	0.264	0.235
sub-021_task-EyeTracking_physio	136	2431.329	2589.665	158.336	1644.625	591.095	0.084	0.041	0.289	0.299
sub-021_task-EyeTracking_physio	136	2639.669	2931.342	291.673	1457.085	796.130	0.202	0.057	0.212	0.619
sub-021_task-EyeTracking_physio	137	-4033.941	-3300.593	733.348	1277.560	714.405	0.103	0.058	0.510	0.335
sub-021_task-EyeTracking_physio	137	-2375.576	241.149	2616.725	1270.890	715.550	0.143	0.080	0.389	0.798
sub-021_task-EyeTracking_physio	137	257.816	549.488	291.672	1306.780	739.085	0.161	0.071	0.269	0.758
sub-021_task-EyeTracking_physio	137	574.491	957.835	383.344	1443.855	767.862	0.205	0.076	0.384	0.739
sub-021_task-EyeTracking_physio	137	982.834	1182.837	200.003	1278.000	704.245	0.130	0.043	0.298	0.358
sub-021_task-EyeTracking_physio	137	1216.174	1482.849	266.675	1039.298	629.660	0.111	0.031	0.330	0.348
sub-021_task-EyeTracking_physio	137	1507.847	1699.514	191.667	1127.295	735.445	0.121	0.034	0.218	0.394
sub-021_task-EyeTracking_physio	137	1749.519	2149.527	400.008	1464.145	690.082	0.107	0.025	0.267	0.229
sub-021_task-EyeTracking_physio	137	2174.526	2357.863	183.337	1361.530	734.983	0.112	0.030	0.237	0.264
sub-021_task-EyeTracking_physio	137	2382.862	2541.203	158.341	1331.885	745.905	0.100	0.021	0.151	0.279
sub-021_task-EyeTracking_physio	137	2574.535	2749.536	175.001	1532.465	750.855	0.122	0.040	0.222	0.332
sub-021_task-EyeTracking_physio	137	2766.203	2999.541	233.338	1515.562	684.465	0.080	0.015	0.157	0.217
sub-021_task-EyeTracking_physio	138	-950.591	366.107	1316.698	1274.408	713.043	0.100	0.046	0.273	0.606
sub-021_task-EyeTracking_physio	138	391.108	541.111	150.003	1335.080	692.200	0.119	0.054	0.302	0.307
sub-021_task-EyeTracking_physio	138	566.110	832.785	266.675	1463.472	682.500	0.107	0.024	0.203	0.243
sub-021_task-EyeTracking_physio	138	849.452	1107.790	258.338	1481.755	671.530	0.103	0.028	0.241	0.333
sub-021_task-EyeTracking_physio	138	1132.791	1366.129	233.338	1299.537	663.352	0.113	0.025	0.299	0.202
sub-021_task-EyeTracking_physio	138	1382.797	1532.799	150.002	1329.342	675.030	0.086	0.021	0.164	0.305
sub-021_task-EyeTracking_physio	138	1557.799	1824.476	266.677	1486.720	676.415	0.097	0.054	0.421	0.341
sub-021_task-EyeTracking_physio	138	1866.142	2116.148	250.006	1616.903	762.808	0.174	0.056	0.238	0.536
sub-021_task-EyeTracking_physio	138	2149.481	2332.818	183.337	1565.920	606.250	0.099	0.027	0.247	0.263
sub-021_task-EyeTracking_physio	138	2374.487	2749.494	375.007	1134.210	660.505	0.096	0.020	0.233	0.204
sub-021_task-EyeTracking_physio	138	2774.498	2974.500	200.002	1115.185	665.108	0.087	0.018	0.209	0.209
sub-021_task-EyeTracking_physio	139	-2896.245	-2571.237	325.008	1291.840	698.145	0.091	0.025	0.257	0.334
sub-021_task-EyeTracking_physio	139	-1721.220	-1554.544	166.676	1270.330	708.202	0.134	0.064	0.165	0.563
sub-021_task-EyeTracking_physio	139	-946.199	-754.525	191.674	1262.855	697.390	0.138	0.045	0.251	0.426
sub-021_task-EyeTracking_physio	139	-237.846	-37.841	200.005	1250.770	722.252	0.125	0.027	0.186	0.390
sub-021_task-EyeTracking_physio	139	-21.174	387.169	408.343	1273.420	719.170	0.083	0.027	0.218	0.366
sub-021_task-EyeTracking_physio	139	412.168	620.504	208.336	1191.265	729.760	0.115	0.036	0.185	0.407
sub-021_task-EyeTracking_physio	139	653.838	803.843	150.005	1257.947	499.138	0.106	0.032	0.242	0.223
sub-021_task-EyeTracking_physio	139	828.843	1037.182	208.339	1323.280	465.765	0.051	0.010	0.125	0.186
sub-021_task-EyeTracking_physio	139	1078.849	1295.518	216.669	1446.793	491.340	0.075	0.021	0.251	0.195
sub-021_task-EyeTracking_physio	139	1320.522	1770.532	450.010	1577.688	659.230	0.118	0.033	0.242	0.422
sub-021_task-EyeTracking_physio	139	1828.868	2303.875	475.007	964.220	736.455	0.113	0.061	0.432	0.478
sub-021_task-EyeTracking_physio	139	2337.208	2553.877	216.669	1211.713	731.622	0.103	0.030	0.262	0.275
sub-021_task-EyeTracking_physio	139	2570.543	2878.890	308.347	1246.900	746.050	0.089	0.025	0.226	0.284
sub-021_task-EyeTracking_physio	139	2895.556	3003.888	108.332	1287.035	644.130	0.134	0.061	0.341	0.289
sub-021_task-EyeTracking_physio	140	-1427.849	-952.836	475.013	1262.780	710.370	0.108	0.029	0.231	0.382
sub-021_task-EyeTracking_physio	140	-427.824	313.857	741.681	1268.750	712.265	0.109	0.137	0.567	0.626
sub-021_task-EyeTracking_physio	140	338.860	538.863	200.003	1401.117	571.502	0.121	0.051	0.306	0.380
sub-021_task-EyeTracking_physio	140	563.861	780.537	216.676	1294.943	449.908	0.082	0.030	0.175	0.396
sub-021_task-EyeTracking_physio	140	797.203	1022.208	225.005	1341.175	421.210	0.083	0.025	0.195	0.274
sub-021_task-EyeTracking_physio	140	1063.875	1413.883	350.008	1274.003	942.247	0.185	0.079	0.231	0.968
sub-021_task-EyeTracking_physio	140	1438.883	1580.553	141.670	1327.970	980.235	0.130	0.039	0.225	0.336
sub-021_task-EyeTracking_physio	140	1622.220	1880.558	258.338	1554.000	880.980	0.206	0.070	0.265	0.678
sub-021_task-EyeTracking_physio	140	1905.563	2055.563	150.000	1592.523	818.980	0.115	0.033	0.273	0.296
sub-021_task-EyeTracking_physio	140	2097.229	2455.575	358.346	1346.050	715.575	0.105	0.026	0.203	0.333
sub-021_task-EyeTracking_physio	140	2488.907	2805.577	316.670	1581.495	827.803	0.190	0.095	0.466	0.713
sub-021_task-EyeTracking_physio	140	2855.582	3005.586	150.004	1388.225	849.440	0.224	0.081	0.302	0.508
sub-021_task-EyeTracking_physio	141	-766.346	308.675	1075.021	1289.370	723.645	0.110	0.100	0.504	0.619
sub-021_task-EyeTracking_physio	141	333.675	458.677	125.002	1199.080	784.640	0.125	0.035	0.229	0.367
sub-021_task-EyeTracking_physio	141	475.344	683.684	208.340	1145.045	808.455	0.109	0.025	0.225	0.356
sub-021_task-EyeTracking_physio	141	717.017	958.689	241.672	1081.805	611.490	0.095	0.025	0.257	0.284
sub-021_task-EyeTracking_physio	141	975.357	1200.362	225.005	1044.750	579.410	0.080	0.014	0.192	0.201
sub-021_task-EyeTracking_physio	141	1242.029	1525.366	283.337	1449.465	745.390	0.118	0.047	0.196	0.560
sub-021_task-EyeTracking_physio	141	1542.032	1733.707	191.675	1488.860	740.950	0.120	0.031	0.208	0.262
sub-021_task-EyeTracking_physio	141	1775.374	1908.710	133.336	1601.945	829.383	0.182	0.053	0.198	0.408
sub-021_task-EyeTracking_physio	141	1942.044	2067.047	125.003	1692.145	940.875	0.160	0.034	0.272	0.233
sub-021_task-EyeTracking_physio	141	2125.382	2325.386	200.004	1040.730	945.950	0.160	0.076	0.385	0.443
sub-021_task-EyeTracking_physio	141	2358.718	2575.392	216.674	1172.760	859.658	0.190	0.054	0.187	0.737
sub-021_task-EyeTracking_physio	141	2592.057	3000.397	408.340	1133.950	844.370	0.226	0.099	0.471	0.703
sub-021_task-EyeTracking_physio	142	-4071.006	-3662.664	408.342	1246.090	723.980	0.094	0.040	0.250	0.459
sub-021_task-EyeTracking_physio	142	-3337.658	-3220.989	116.669	1257.655	722.590	0.139	0.063	0.227	0.582
sub-021_task-EyeTracking_physio	142	-2670.978	-2370.968	300.010	1252.557	698.785	0.113	0.147	0.397	0.801
sub-021_task-EyeTracking_physio	142	-670.930	-495.924	175.006	1286.545	723.065	0.187	0.076	0.225	0.733
sub-021_task-EyeTracking_physio	142	-270.916	312.429	583.345	1269.325	740.005	0.116	0.049	0.262	0.711
sub-021_task-EyeTracking_physio	142	345.763	579.103	233.340	1111.095	704.848	0.080	0.027	0.205	0.244
sub-021_task-EyeTracking_physio	142	604.102	770.771	166.669	1199.192	717.960	0.079	0.020	0.144	0.241
sub-021_task-EyeTracking_physio	142	837.442	1062.450	225.008	1600.880	848.900	0.202	0.074	0.333	0.490
sub-021_task-EyeTracking_physio	142	1112.450	1429.126	316.676	1276.725	724.382	0.081	0.024	0.206	0.333
sub-021_task-EyeTracking_physio	142	1445.792	1795.799	350.007	1264.985	754.832	0.127	0.044	0.238	0.419
sub-021_task-EyeTracking_physio	142	1820.801	2645.822	825.021	1357.605	845.515	0.202	0.072	0.337	0.665
sub-021_task-EyeTracking_physio	142	2670.822	2862.490	191.668	1225.035	746.155	0.119	0.034	0.280	0.328
sub-021_task-EyeTracking_physio	143	-2160.450	-1960.443	200.007	1317.628	742.100	0.113	0.040	0.320	0.365
sub-021_task-EyeTracking_physio	143	-1943.777	-1085.426	858.351	1282.290	739.725	0.221	0.133	0.513	1.116
sub-021_task-EyeTracking_physio	143	-985.423	-552.076	433.347	1282.348	767.995	0.254	0.209	0.248	1.936
sub-021_task-EyeTracking_physio	143	-318.742	364.611	683.353	1270.577	731.945	0.209	0.112	0.272	1.653
sub-021_task-EyeTracking_physio	143	406.276	597.945	191.669	1485.985	821.855	0.230	0.068	0.182	0.769
sub-021_task-EyeTracking_physio	143	631.283	781.285	150.002	1243.012	775.395	0.133	0.053	0.294	0.362
sub-021_task-EyeTracking_physio	143	789.618	931.288	141.670	1193.700	764.225	0.128	0.042	0.252	0.344
sub-021_task-EyeTracking_physio	143	972.954	1189.628	216.674	1052.767	563.310	0.102	0.028	0.276	0.286
sub-021_task-EyeTracking_physio	143	1206.295	1381.296	175.001	1067.800	527.470	0.095	0.013	0.218	0.201
sub-021_task-EyeTracking_physio	143	1422.967	1681.307	258.340	1215.010	682.450	0.090	0.024	0.275	0.247
sub-021_task-EyeTracking_physio	143	1697.972	1897.975	200.003	1202.030	673.045	0.085	0.014	0.143	0.178
sub-021_task-EyeTracking_physio	143	1914.642	2197.980	283.338	1217.018	671.773	0.104	0.026	0.300	0.213
sub-021_task-EyeTracking_physio	143	2214.653	2581.321	366.668	1172.510	677.970	0.086	0.030	0.328	0.325
sub-021_task-EyeTracking_physio	143	2606.326	2839.662	233.336	1373.638	690.473	0.094	0.019	0.289	0.187
sub-021_task-EyeTracking_physio	143	2864.666	3006.334	141.668	1445.725	697.370	0.113	0.023	0.215	0.238
sub-021_task-EyeTracking_physio	144	-769.426	-577.750	191.676	1468.265	697.425	0.107	0.021	0.198	0.201
sub-021_task-EyeTracking_physio	144	-536.084	255.599	791.683	1280.900	703.190	0.104	0.053	0.322	0.527
sub-021_task-EyeTracking_physio	144	272.266	422.271	150.005	1299.428	708.452	0.123	0.033	0.284	0.266
sub-021_task-EyeTracking_physio	144	455.606	763.943	308.337	1356.470	814.860	0.118	0.031	0.270	0.388
sub-021_task-EyeTracking_physio	144	780.610	922.279	141.669	1408.785	852.855	0.190	0.046	0.209	0.344
sub-021_task-EyeTracking_physio	144	947.279	1188.953	241.674	1187.235	797.570	0.104	0.030	0.329	0.219
sub-021_task-EyeTracking_physio	144	1213.953	1372.294	158.341	1073.930	772.840	0.120	0.030	0.249	0.259
sub-021_task-EyeTracking_physio	144	1388.960	1522.296	133.336	1028.520	773.072	0.133	0.032	0.271	0.218
sub-021_task-EyeTracking_physio	144	1547.296	1772.302	225.006	1023.470	689.055	0.103	0.034	0.278	0.320
sub-021_task-EyeTracking_physio	144	1780.635	1913.974	133.339	1100.758	689.155	0.100	0.023	0.264	0.213
sub-021_task-EyeTracking_physio	144	1938.975	2122.307	183.332	1375.065	689.962	0.137	0.036	0.442	0.227
sub-021_task-EyeTracking_physio	144	2138.973	2522.316	383.343	1288.882	693.335	0.106	0.050	0.509	0.223
sub-021_task-EyeTracking_physio	144	2547.316	2688.989	141.673	1092.275	711.215	0.104	0.025	0.411	0.184
sub-021_task-EyeTracking_physio	144	2705.656	3005.660	300.004	1117.668	694.275	0.116	0.032	0.162	0.390
sub-021_task-EyeTracking_physio	145	-2356.713	-1648.367	708.346	1276.885	702.440	0.088	0.045	0.342	0.436
sub-021_task-EyeTracking_physio	145	-640.010	243.341	883.351	1271.580	715.200	0.119	0.106	0.526	0.632
sub-021_task-EyeTracking_physio	145	268.345	443.346	175.001	1100.470	667.825	0.113	0.031	0.332	0.260
sub-021_task-EyeTracking_physio	145	476.680	726.686	250.006	959.738	816.638	0.130	0.046	0.335	0.419
sub-021_task-EyeTracking_physio	145	743.353	976.692	233.339	874.385	853.685	0.146	0.034	0.276	0.310
sub-021_task-EyeTracking_physio	145	1010.026	1310.034	300.008	935.305	613.652	0.101	0.021	0.196	0.275
sub-021_task-EyeTracking_physio	145	1335.034	1518.371	183.337	1048.168	624.692	0.106	0.031	0.313	0.242
sub-021_task-EyeTracking_physio	145	1551.705	1743.375	191.670	1414.560	651.125	0.109	0.029	0.220	0.278
sub-021_task-EyeTracking_physio	145	1776.708	2026.716	250.008	1560.432	951.575	0.275	0.111	0.397	0.741
sub-021_task-EyeTracking_physio	145	2043.383	2410.056	366.673	1515.015	999.348	0.174	0.054	0.219	0.600
sub-021_task-EyeTracking_physio	145	2435.056	2660.063	225.007	1587.045	931.575	0.140	0.046	0.253	0.450
sub-021_task-EyeTracking_physio	145	2693.395	2985.070	291.675	1569.505	687.960	0.094	0.024	0.160	0.342
sub-021_task-EyeTracking_physio	146	-832.338	-657.335	175.003	1300.070	703.310	0.155	0.041	0.506	0.297
sub-021_task-EyeTracking_physio	146	-640.666	259.351	900.017	1274.145	713.240	0.107	0.041	0.297	0.529
sub-021_task-EyeTracking_physio	146	292.688	492.690	200.002	1051.085	795.007	0.162	0.039	0.195	0.463
sub-021_task-EyeTracking_physio	146	517.690	809.365	291.675	1063.275	750.520	0.094	0.024	0.263	0.258
sub-021_task-EyeTracking_physio	146	826.033	1092.705	266.672	1066.315	692.230	0.120	0.023	0.203	0.285
sub-021_task-EyeTracking_physio	146	1117.705	1292.705	175.000	1127.670	737.235	0.114	0.028	0.196	0.273
sub-021_task-EyeTracking_physio	146	1326.044	1551.045	225.001	1076.790	1060.060	0.217	0.178	0.425	1.149
sub-021_task-EyeTracking_physio	146	1667.714	2026.056	358.342	1285.175	850.755	0.243	0.119	0.473	0.824
sub-021_task-EyeTracking_physio	146	2051.056	2159.393	108.337	1307.480	823.195	0.184	0.055	0.163	0.573
sub-021_task-EyeTracking_physio	146	2184.392	2284.396	100.004	1448.993	668.332	0.123	0.039	0.217	0.394
sub-021_task-EyeTracking_physio	146	2309.395	2592.733	283.338	1547.785	600.197	0.086	0.023	0.319	0.212
sub-021_task-EyeTracking_physio	146	2609.399	2759.404	150.005	1545.010	558.885	0.111	0.027	0.275	0.276
sub-021_task-EyeTracking_physio	146	2776.075	2942.743	166.668	1388.610	583.670	0.099	0.025	0.237	0.226
sub-021_task-EyeTracking_physio	147	-4925.062	-4516.719	408.343	1274.515	728.070	0.091	0.032	0.199	0.436
sub-021_task-EyeTracking_physio	147	-3950.041	-3791.701	158.340	1264.665	729.970	0.120	0.040	0.265	0.301
sub-021_task-EyeTracking_physio	147	-3591.696	-3391.691	200.005	1287.260	717.380	0.104	0.036	0.186	0.422
sub-021_task-EyeTracking_physio	147	-2816.682	-2666.681	150.001	1241.130	792.770	0.109	0.026	0.204	0.314
sub-021_task-EyeTracking_physio	147	-2650.014	-2358.335	291.679	1277.675	795.365	0.112	0.043	0.307	0.415
sub-021_task-EyeTracking_physio	147	-2333.335	-1791.656	541.679	1266.940	761.880	0.136	0.069	0.299	0.656
sub-021_task-EyeTracking_physio	147	-1741.657	291.724	2033.381	1280.895	742.065	0.170	0.129	0.451	0.977
sub-021_task-EyeTracking_physio	147	358.390	550.062	191.672	1204.595	669.230	0.089	0.032	0.305	0.217
sub-021_task-EyeTracking_physio	147	566.728	750.066	183.338	1151.947	645.490	0.108	0.022	0.217	0.212
sub-021_task-EyeTracking_physio	147	775.066	941.738	166.672	1176.912	651.220	0.084	0.012	0.150	0.191
sub-021_task-EyeTracking_physio	147	966.739	1241.746	275.007	1354.930	663.005	0.092	0.021	0.269	0.202
sub-021_task-EyeTracking_physio	147	1266.745	1425.080	158.335	1369.115	664.760	0.077	0.022	0.172	0.243
sub-021_task-EyeTracking_physio	147	1450.084	1741.757	291.673	1427.335	661.050	0.073	0.013	0.144	0.210
sub-021_task-EyeTracking_physio	147	1775.089	1966.760	191.671	1612.465	753.970	0.120	0.034	0.168	0.413
sub-021_task-EyeTracking_physio	147	1983.425	2183.434	200.009	1664.277	747.513	0.104	0.024	0.275	0.282
sub-021_task-EyeTracking_physio	147	2233.434	2375.104	141.670	1214.800	659.985	0.125	0.045	0.256	0.309
sub-021_task-EyeTracking_physio	147	2408.438	2708.442	300.004	1082.633	630.620	0.100	0.047	0.296	0.410
sub-021_task-EyeTracking_physio	147	2825.113	3000.117	175.004	1202.255	725.590	0.074	0.021	0.189	0.231
sub-021_task-EyeTracking_physio	148	-3920.452	-3778.782	141.670	1199.860	707.570	0.090	0.032	0.181	0.259
sub-021_task-EyeTracking_physio	148	-3753.783	-3328.770	425.013	1248.285	703.415	0.140	0.040	0.255	0.439
sub-021_task-EyeTracking_physio	148	-2437.083	-2278.746	158.337	1279.500	701.955	0.191	0.052	0.214	0.558
sub-021_task-EyeTracking_physio	148	-1270.393	-1053.719	216.674	1314.797	695.950	0.220	0.801	1.059	1.387
sub-021_task-EyeTracking_physio	148	-412.038	271.313	683.351	1267.283	720.362	0.295	0.139	0.223	2.697
sub-021_task-EyeTracking_physio	148	304.646	412.979	108.333	1273.855	623.875	0.089	0.023	0.177	0.194
sub-021_task-EyeTracking_physio	148	421.313	779.654	358.341	1293.490	560.605	0.112	0.033	0.205	0.476
sub-021_task-EyeTracking_physio	148	804.654	996.329	191.675	1262.715	547.530	0.102	0.021	0.200	0.208
sub-021_task-EyeTracking_physio	148	1021.329	1212.996	191.667	1038.345	770.825	0.181	0.055	0.252	0.545
sub-021_task-EyeTracking_physio	148	1229.662	1396.337	166.675	1070.600	809.632	0.215	0.049	0.188	0.620
sub-021_task-EyeTracking_physio	148	1429.669	1738.008	308.339	1026.255	679.855	0.110	0.025	0.196	0.364
sub-021_task-EyeTracking_physio	148	1779.680	2154.684	375.004	1354.995	802.915	0.189	0.060	0.282	0.607
sub-021_task-EyeTracking_physio	148	2179.686	2446.360	266.674	1427.832	616.685	0.094	0.030	0.204	0.385
sub-021_task-EyeTracking_physio	148	2479.694	2971.372	491.678	1484.085	679.605	0.097	0.039	0.314	0.329
sub-021_task-EyeTracking_physio	149	-1954.397	-1321.046	633.351	1272.592	729.467	0.135	0.110	0.938	0.832
sub-021_task-EyeTracking_physio	149	-504.361	-346.025	158.336	1286.335	699.440	0.131	0.051	0.212	0.614
sub-021_task-EyeTracking_physio	149	-329.359	-112.687	216.672	1259.295	700.355	0.100	0.041	0.279	0.375
sub-021_task-EyeTracking_physio	149	-96.021	337.320	433.341	1284.505	709.715	0.101	0.038	0.283	0.391
sub-021_task-EyeTracking_physio	149	362.320	553.994	191.674	1135.960	873.505	0.192	0.075	0.252	0.519
sub-021_task-EyeTracking_physio	149	578.994	937.336	358.342	1066.580	726.475	0.117	0.040	0.279	0.414
sub-021_task-EyeTracking_physio	149	954.003	1212.342	258.339	1093.585	719.590	0.090	0.026	0.160	0.388
sub-021_task-EyeTracking_physio	149	1237.343	1404.011	166.668	1210.468	705.778	0.110	0.024	0.183	0.246
sub-021_task-EyeTracking_physio	149	1437.344	1654.017	216.673	1068.322	661.025	0.089	0.024	0.241	0.220
sub-021_task-EyeTracking_physio	149	1695.682	1987.359	291.677	1480.115	713.390	0.105	0.026	0.392	0.234
sub-021_task-EyeTracking_physio	149	2004.026	2154.028	150.002	1540.950	722.413	0.119	0.029	0.326	0.196
sub-021_task-EyeTracking_physio	149	2195.695	2404.034	208.339	1109.225	677.240	0.101	0.023	0.269	0.250
sub-021_task-EyeTracking_physio	149	2429.034	2637.369	208.335	1073.370	668.570	0.080	0.016	0.151	0.230
sub-021_task-EyeTracking_physio	149	2679.040	2920.714	241.674	1399.115	778.490	0.230	0.080	0.395	0.624
sub-021_task-EyeTracking_physio	150	-1251.401	-1076.393	175.008	1297.280	754.950	0.113	0.029	0.213	0.256
sub-021_task-EyeTracking_physio	150	-1059.727	-618.055	441.672	1276.730	715.755	0.104	0.026	0.273	0.349
sub-021_task-EyeTracking_physio	150	-93.041	398.638	491.679	1289.120	723.830	0.111	0.048	0.233	0.520
sub-021_task-EyeTracking_physio	150	423.637	606.976	183.339	1131.332	719.835	0.102	0.029	0.219	0.323
sub-021_task-EyeTracking_physio	150	623.643	865.313	241.670	1171.600	757.340	0.092	0.018	0.186	0.239
sub-021_task-EyeTracking_physio	150	890.315	1081.984	191.669	1302.690	773.220	0.094	0.014	0.187	0.144
sub-021_task-EyeTracking_physio	150	1123.650	1348.661	225.011	1440.020	792.800	0.117	0.025	0.183	0.358
sub-021_task-EyeTracking_physio	150	1381.994	1548.664	166.670	1358.033	663.885	0.100	0.020	0.243	0.177
sub-021_task-EyeTracking_physio	150	1573.663	1731.999	158.336	1242.615	602.450	0.091	0.017	0.291	0.111
sub-021_task-EyeTracking_physio	150	1765.333	1898.668	133.335	1000.905	640.608	0.094	0.022	0.182	0.199
sub-021_task-EyeTracking_physio	150	1915.335	2182.012	266.677	966.372	632.375	0.097	0.023	0.196	0.287
sub-021_task-EyeTracking_physio	150	2207.011	2532.017	325.006	990.990	532.010	0.097	0.022	0.212	0.259
sub-021_task-EyeTracking_physio	150	2557.016	2998.697	441.681	971.035	653.075	0.103	0.043	0.277	0.415
sub-021_task-EyeTracking_physio	151	-570.408	-387.069	183.339	1300.902	706.142	0.094	0.046	0.360	0.217
sub-021_task-EyeTracking_physio	151	-370.403	312.946	683.349	1276.332	713.942	0.097	0.045	0.297	0.504
sub-021_task-EyeTracking_physio	151	329.613	512.953	183.340	1261.358	819.720	0.174	0.052	0.227	0.450
sub-021_task-EyeTracking_physio	151	529.620	829.624	300.004	1137.622	814.010	0.129	0.028	0.257	0.285
sub-021_task-EyeTracking_physio	151	871.290	1137.964	266.674	1540.743	853.673	0.153	0.035	0.235	0.377
sub-021_task-EyeTracking_physio	151	1162.966	1362.969	200.003	1605.640	865.460	0.202	0.049	0.230	0.531
sub-021_task-EyeTracking_physio	151	1387.969	1579.642	191.673	1656.750	901.405	0.221	0.056	0.222	0.506
sub-021_task-EyeTracking_physio	151	1596.309	1829.648	233.339	1591.707	829.862	0.211	0.068	0.225	0.558
sub-021_task-EyeTracking_physio	151	1862.981	2021.316	158.335	1311.820	808.865	0.232	0.089	0.354	0.517
sub-021_task-EyeTracking_physio	151	2062.983	2437.993	375.010	1346.625	599.140	0.089	0.041	0.220	0.539
sub-021_task-EyeTracking_physio	151	2487.997	2746.335	258.338	1169.600	774.180	0.086	0.019	0.250	0.189
sub-021_task-EyeTracking_physio	151	2771.335	3004.679	233.344	1225.597	716.808	0.109	0.023	0.239	0.204
sub-021_task-EyeTracking_physio	152	-3650.773	-3542.435	108.338	1222.205	717.740	0.080	0.013	0.160	0.127
sub-021_task-EyeTracking_physio	152	-3525.768	-3400.766	125.002	1262.490	715.210	0.115	0.032	0.302	0.259
sub-021_task-EyeTracking_physio	152	-2025.738	-1867.398	158.340	1274.085	706.220	0.137	0.068	0.228	0.611
sub-021_task-EyeTracking_physio	152	-1700.729	-1467.388	233.341	1272.505	718.355	0.134	0.041	0.155	0.574
sub-021_task-EyeTracking_physio	152	-950.709	-775.709	175.000	1259.375	722.115	0.100	0.028	0.183	0.315
sub-021_task-EyeTracking_physio	152	-600.705	-350.700	250.005	1282.718	724.910	0.170	0.049	0.166	0.718
sub-021_task-EyeTracking_physio	152	-167.358	224.317	391.675	1279.290	741.970	0.103	0.030	0.177	0.406
sub-021_task-EyeTracking_physio	152	240.983	390.985	150.002	1339.892	791.197	0.156	0.041	0.255	0.374
sub-021_task-EyeTracking_physio	152	415.986	632.660	216.674	1129.855	916.000	0.245	0.130	0.394	0.746
sub-021_task-EyeTracking_physio	152	657.659	890.999	233.340	1326.095	785.293	0.217	0.063	0.296	0.569
sub-021_task-EyeTracking_physio	152	907.665	1216.003	308.338	1371.620	822.430	0.215	0.070	0.230	0.669
sub-021_task-EyeTracking_physio	152	1241.002	1424.343	183.341	1543.500	838.618	0.152	0.107	0.418	0.637
sub-021_task-EyeTracking_physio	152	1441.009	1632.680	191.671	1598.820	837.820	0.247	0.048	0.129	0.615
sub-021_task-EyeTracking_physio	152	1666.015	2024.353	358.338	1376.240	742.330	0.117	0.030	0.379	0.234
sub-021_task-EyeTracking_physio	152	2041.026	2266.027	225.001	1364.925	711.335	0.097	0.034	0.276	0.278
sub-021_task-EyeTracking_physio	152	2291.026	2774.372	483.346	1622.450	839.527	0.192	0.074	0.310	0.683
sub-021_task-EyeTracking_physio	152	2799.372	2941.041	141.669	1614.530	762.850	0.120	0.018	0.110	0.444
sub-021_task-EyeTracking_physio	153	-4643.626	-4435.283	208.343	1272.510	747.030	0.086	0.021	0.249	0.180
sub-021_task-EyeTracking_physio	153	-4426.949	-2376.903	2050.046	1271.875	725.497	0.152	0.052	0.285	0.886
sub-021_task-EyeTracking_physio	153	-1360.221	-1176.878	183.343	1282.097	702.572	0.186	0.169	0.432	0.692
sub-021_task-EyeTracking_physio	153	-351.861	323.152	675.013	1280.550	694.750	0.093	0.075	0.412	0.516
sub-021_task-EyeTracking_physio	153	356.490	539.826	183.336	1128.328	781.040	0.094	0.026	0.260	0.208
sub-021_task-EyeTracking_physio	153	573.159	948.167	375.008	1071.055	687.565	0.086	0.025	0.211	0.355
sub-021_task-EyeTracking_physio	153	998.166	1239.840	241.674	1511.895	810.690	0.272	0.115	0.410	0.664
sub-021_task-EyeTracking_physio	153	1256.506	1464.846	208.340	1568.855	789.740	0.084	0.020	0.137	0.315
sub-021_task-EyeTracking_physio	153	1506.513	1739.852	233.339	1437.348	661.725	0.102	0.020	0.167	0.244
sub-021_task-EyeTracking_physio	153	1764.851	1948.193	183.342	1325.275	653.712	0.102	0.025	0.214	0.254
sub-021_task-EyeTracking_physio	153	1981.525	2231.530	250.005	1587.592	592.285	0.100	0.030	0.289	0.307
sub-021_task-EyeTracking_physio	153	2264.863	2481.536	216.673	1598.348	776.382	0.112	0.028	0.199	0.349
sub-021_task-EyeTracking_physio	153	2514.869	2706.540	191.671	1547.310	937.300	0.176	0.055	0.264	0.471
sub-021_task-EyeTracking_physio	153	2739.877	2998.217	258.340	1333.140	689.055	0.099	0.035	0.393	0.243
sub-021_task-EyeTracking_physio	154	-3566.043	-3374.374	191.669	1260.685	711.470	0.120	0.033	0.295	0.272
sub-021_task-EyeTracking_physio	154	-3357.703	-3166.033	191.670	1275.325	717.520	0.087	0.021	0.224	0.203
sub-021_task-EyeTracking_physio	154	-2641.022	-2216.015	425.007	1274.940	711.540	0.147	0.063	0.292	0.782
sub-021_task-EyeTracking_physio	154	-265.972	317.375	583.347	1271.565	725.770	0.156	0.057	0.244	0.871
sub-021_task-EyeTracking_physio	154	342.375	584.049	241.674	1135.740	749.645	0.107	0.058	0.341	0.423
sub-021_task-EyeTracking_physio	154	600.715	934.054	333.339	1079.737	774.663	0.100	0.027	0.237	0.252
sub-021_task-EyeTracking_physio	154	967.391	1150.726	183.335	1343.562	797.627	0.139	0.051	0.303	0.400
sub-021_task-EyeTracking_physio	154	1167.393	1484.064	316.671	1381.535	636.258	0.132	0.058	0.220	0.642
sub-021_task-EyeTracking_physio	154	1500.735	1850.741	350.006	1403.088	662.945	0.089	0.035	0.284	0.355
sub-021_task-EyeTracking_physio	154	1884.079	2059.080	175.001	1403.160	527.375	0.095	0.028	0.162	0.301
sub-021_task-EyeTracking_physio	154	2100.746	2234.082	133.336	998.827	550.660	0.109	0.041	0.277	0.351
sub-021_task-EyeTracking_physio	154	2292.418	2517.420	225.002	1481.580	729.715	0.093	0.046	0.257	0.498
sub-021_task-EyeTracking_physio	154	2550.758	2792.424	241.666	1594.740	843.425	0.247	0.048	0.157	0.595
sub-021_task-EyeTracking_physio	154	2825.763	3000.767	175.004	1389.880	803.320	0.179	0.053	0.302	0.414
sub-021_task-EyeTracking_physio	155	-4607.698	-4266.020	341.678	1281.495	724.335	0.090	0.025	0.197	0.305
sub-021_task-EyeTracking_physio	155	-2224.307	-1707.632	516.675	1284.997	713.330	0.116	0.212	0.849	0.647
sub-021_task-EyeTracking_physio	155	-1690.962	-1240.955	450.007	1241.410	716.860	0.120	0.073	0.323	0.716
sub-021_task-EyeTracking_physio	155	-1224.288	292.417	1516.705	1271.120	747.120	0.193	0.222	0.354	1.254
sub-021_task-EyeTracking_physio	155	409.086	600.753	191.667	1094.005	805.680	0.302	0.116	0.283	0.848
sub-021_task-EyeTracking_physio	155	625.753	792.426	166.673	993.683	828.318	0.139	0.062	0.248	0.429
sub-021_task-EyeTracking_physio	155	809.092	1092.430	283.338	964.380	818.402	0.188	0.068	0.329	0.558
sub-021_task-EyeTracking_physio	155	1117.429	1217.430	100.001	997.088	735.375	0.175	0.056	0.239	0.470
sub-021_task-EyeTracking_physio	155	1234.097	1517.436	283.339	1047.967	616.312	0.124	0.038	0.407	0.288
sub-021_task-EyeTracking_physio	155	1550.770	1775.779	225.009	1164.060	599.800	0.105	0.037	0.275	0.299
sub-021_task-EyeTracking_physio	155	1809.111	2100.784	291.673	1246.895	648.130	0.096	0.019	0.227	0.234
sub-021_task-EyeTracking_physio	155	2125.783	2375.788	250.005	1417.300	684.872	0.097	0.028	0.203	0.306
sub-021_task-EyeTracking_physio	155	2392.455	2575.789	183.334	1456.012	695.277	0.143	0.032	0.202	0.394
sub-021_task-EyeTracking_physio	155	2600.789	2909.132	308.343	1591.990	729.750	0.160	0.066	0.365	0.530
sub-021_task-EyeTracking_physio	156	-1176.471	-1009.803	166.668	1336.055	677.283	0.105	0.024	0.252	0.206
sub-021_task-EyeTracking_physio	156	-993.133	-751.466	241.667	1282.795	699.735	0.133	0.031	0.193	0.446
sub-021_task-EyeTracking_physio	156	-509.793	240.222	750.015	1273.947	709.862	0.211	0.201	0.511	1.240
sub-021_task-EyeTracking_physio	156	256.889	398.557	141.668	1197.615	691.985	0.115	0.029	0.256	0.204
sub-021_task-EyeTracking_physio	156	415.224	723.566	308.342	1213.445	676.815	0.093	0.024	0.172	0.347
sub-021_task-EyeTracking_physio	156	756.899	1015.234	258.335	1052.210	658.635	0.101	0.022	0.221	0.253
sub-021_task-EyeTracking_physio	156	1031.900	1206.906	175.006	1019.200	660.355	0.107	0.029	0.178	0.350
sub-021_task-EyeTracking_physio	156	1223.573	1406.913	183.340	1029.632	572.603	0.121	0.034	0.318	0.207
sub-021_task-EyeTracking_physio	156	1431.912	1706.918	275.006	995.125	756.800	0.124	0.041	0.217	0.409
sub-021_task-EyeTracking_physio	156	1740.250	1973.591	233.341	1438.168	796.665	0.259	0.081	0.279	0.797
sub-021_task-EyeTracking_physio	156	1990.257	2165.264	175.007	1452.565	758.435	0.234	0.063	0.182	0.629
sub-021_task-EyeTracking_physio	156	2190.263	2423.602	233.339	1407.523	519.345	0.115	0.033	0.168	0.505
sub-021_task-EyeTracking_physio	156	2440.269	2540.274	100.005	1384.685	536.538	0.104	0.026	0.189	0.282
sub-021_task-EyeTracking_physio	156	2556.940	2731.941	175.001	1297.565	547.650	0.110	0.024	0.252	0.269
sub-021_task-EyeTracking_physio	156	2765.275	2948.613	183.338	1120.490	613.800	0.095	0.021	0.212	0.178
sub-021_task-EyeTracking_physio	157	-705.247	-480.244	225.003	1262.115	696.545	0.122	0.039	0.312	0.304
sub-021_task-EyeTracking_physio	157	-455.238	-288.571	166.667	1276.608	699.142	0.074	0.019	0.191	0.211
sub-021_task-EyeTracking_physio	157	-30.232	369.777	400.009	1271.528	726.688	0.151	0.070	0.240	1.164
sub-021_task-EyeTracking_physio	157	386.443	636.450	250.007	1230.255	796.020	0.247	0.090	0.297	0.780
sub-021_task-EyeTracking_physio	157	661.449	836.451	175.002	1474.505	780.780	0.301	0.104	0.240	1.054
sub-021_task-EyeTracking_physio	157	861.456	1186.461	325.005	1410.415	685.710	0.100	0.030	0.267	0.272
sub-021_task-EyeTracking_physio	157	1211.461	1353.130	141.669	1378.575	700.585	0.093	0.015	0.169	0.204
sub-021_task-EyeTracking_physio	157	1378.134	1594.801	216.667	1400.352	853.100	0.236	0.091	0.294	0.742
sub-021_task-EyeTracking_physio	157	1619.802	1769.810	150.008	1124.840	989.310	0.303	0.194	0.446	0.703
sub-021_task-EyeTracking_physio	157	1828.142	1986.478	158.336	1636.895	871.150	0.274	0.115	0.308	0.790
sub-021_task-EyeTracking_physio	157	2011.477	2203.152	191.675	1553.960	788.765	0.140	0.038	0.290	0.401
sub-021_task-EyeTracking_physio	157	2219.818	2419.824	200.006	1521.983	889.735	0.266	0.075	0.253	0.486
sub-021_task-EyeTracking_physio	157	2436.490	2603.161	166.671	1418.440	885.412	0.257	0.090	0.289	0.506
sub-021_task-EyeTracking_physio	157	2628.160	2819.834	191.674	1283.650	877.180	0.235	0.103	0.483	0.592
sub-021_task-EyeTracking_physio	157	2853.167	3003.169	150.002	1258.870	695.457	0.133	0.043	0.254	0.405
sub-021_task-EyeTracking_physio	158	-574.274	275.748	850.022	1274.875	697.798	0.102	0.047	0.342	0.562
sub-021_task-EyeTracking_physio	158	292.415	425.750	133.335	1243.883	719.285	0.133	0.034	0.253	0.209
sub-021_task-EyeTracking_physio	158	459.083	825.761	366.678	1026.895	639.533	0.079	0.031	0.314	0.285
sub-021_task-EyeTracking_physio	158	884.093	1125.766	241.673	1369.965	623.900	0.089	0.051	0.292	0.450
sub-021_task-EyeTracking_physio	158	1142.432	1325.774	183.342	1250.378	699.760	0.135	0.030	0.264	0.266
sub-021_task-EyeTracking_physio	158	1342.440	1575.780	233.340	1251.688	727.735	0.160	0.046	0.272	0.393
sub-021_task-EyeTracking_physio	158	1592.445	1850.787	258.342	1256.720	626.985	0.117	0.025	0.204	0.327
sub-021_task-EyeTracking_physio	158	1875.787	2059.121	183.334	1401.410	639.817	0.139	0.033	0.383	0.219
sub-021_task-EyeTracking_physio	158	2084.126	2309.128	225.002	1285.155	526.970	0.134	0.040	0.263	0.372
sub-021_task-EyeTracking_physio	158	2325.795	2475.804	150.009	1392.425	566.847	0.127	0.042	0.371	0.268
sub-021_task-EyeTracking_physio	158	2517.470	2775.808	258.338	932.080	646.235	0.098	0.023	0.300	0.183
sub-021_task-EyeTracking_physio	158	2800.807	3000.811	200.004	931.262	614.142	0.089	0.022	0.200	0.223
sub-021_task-EyeTracking_physio	159	-1768.698	-1485.359	283.339	1259.082	716.728	0.157	0.051	0.472	0.403
sub-021_task-EyeTracking_physio	159	-1243.686	331.347	1575.033	1274.420	708.110	0.111	0.058	0.352	0.747
sub-021_task-EyeTracking_physio	159	364.681	564.689	200.008	1151.612	722.293	0.102	0.049	0.260	0.435
sub-021_task-EyeTracking_physio	159	598.022	806.361	208.339	1025.605	750.065	0.097	0.026	0.261	0.243
sub-021_task-EyeTracking_physio	159	831.360	1006.363	175.003	970.620	781.510	0.132	0.033	0.263	0.375
sub-021_task-EyeTracking_physio	159	1039.701	1314.706	275.005	1335.260	734.650	0.095	0.032	0.262	0.213
sub-021_task-EyeTracking_physio	159	1339.705	1598.046	258.341	1338.800	654.295	0.094	0.019	0.177	0.293
sub-021_task-EyeTracking_physio	159	1639.711	1798.047	158.336	1253.225	670.455	0.098	0.017	0.218	0.198
sub-021_task-EyeTracking_physio	159	1831.385	2123.057	291.672	1582.460	701.420	0.103	0.026	0.249	0.300
sub-021_task-EyeTracking_physio	159	2148.056	2406.396	258.340	1583.585	768.015	0.131	0.039	0.240	0.481
sub-021_task-EyeTracking_physio	159	2431.396	2698.068	266.672	1503.903	765.378	0.118	0.040	0.236	0.399
sub-021_task-EyeTracking_physio	159	2839.738	2998.073	158.335	1119.910	546.945	0.103	0.067	0.319	0.393
sub-021_task-EyeTracking_physio	160	-723.021	-589.684	133.337	1230.510	719.305	0.106	0.030	0.248	0.233
sub-021_task-EyeTracking_physio	160	-581.350	-364.676	216.674	1259.117	708.645	0.105	0.039	0.290	0.318
sub-021_task-EyeTracking_physio	160	-348.010	260.334	608.344	1276.095	704.950	0.091	0.023	0.213	0.290
sub-021_task-EyeTracking_physio	160	293.671	460.341	166.670	1100.405	717.665	0.131	0.026	0.235	0.215
sub-021_task-EyeTracking_physio	160	477.008	668.681	191.673	1070.450	682.120	0.092	0.024	0.195	0.335
sub-021_task-EyeTracking_physio	160	685.348	868.684	183.336	1151.190	672.202	0.101	0.021	0.229	0.211
sub-021_task-EyeTracking_physio	160	902.017	1260.361	358.344	851.815	740.205	0.106	0.036	0.369	0.248
sub-021_task-EyeTracking_physio	160	1310.360	1443.695	133.335	1495.102	717.947	0.196	0.073	0.472	0.308
sub-021_task-EyeTracking_physio	160	1460.367	1718.707	258.340	1614.605	726.270	0.109	0.039	0.269	0.318
sub-021_task-EyeTracking_physio	160	1743.707	2068.712	325.005	1611.730	912.465	0.224	0.101	0.271	0.808
sub-021_task-EyeTracking_physio	160	2085.379	2277.053	191.674	1659.110	806.700	0.123	0.033	0.217	0.348
sub-021_task-EyeTracking_physio	160	2327.053	2652.060	325.007	1411.720	564.555	0.087	0.047	0.400	0.355
sub-021_task-EyeTracking_physio	160	2660.394	2760.399	100.005	1463.945	593.173	0.096	0.032	0.138	0.333
sub-021_task-EyeTracking_physio	160	2818.732	3002.066	183.334	1207.525	668.760	0.117	0.044	0.359	0.398
sub-021_task-EyeTracking_physio	161	-781.317	-672.981	108.336	1219.995	917.630	0.245	0.051	0.235	0.414
sub-021_task-EyeTracking_physio	161	-597.981	-439.643	158.338	1261.980	749.365	0.115	0.025	0.221	0.238
sub-021_task-EyeTracking_physio	161	-422.976	343.710	766.686	1272.490	711.007	0.108	0.049	0.382	0.456
sub-021_task-EyeTracking_physio	161	368.711	527.047	158.336	1361.635	713.225	0.129	0.040	0.275	0.266
sub-021_task-EyeTracking_physio	161	577.045	885.390	308.345	1040.910	635.935	0.089	0.037	0.375	0.259
sub-021_task-EyeTracking_physio	161	935.389	1243.728	308.339	1493.540	745.075	0.100	0.030	0.328	0.318
sub-021_task-EyeTracking_physio	161	1260.399	1443.734	183.335	1474.475	695.148	0.111	0.023	0.227	0.324
sub-021_task-EyeTracking_physio	161	1493.733	1710.407	216.674	993.570	789.730	0.124	0.056	0.274	0.455
sub-021_task-EyeTracking_physio	161	1735.408	1852.076	116.668	888.098	809.318	0.114	0.031	0.184	0.243
sub-021_task-EyeTracking_physio	161	1902.076	2077.081	175.005	899.580	606.045	0.096	0.026	0.202	0.269
sub-021_task-EyeTracking_physio	161	2110.414	2285.418	175.004	1020.265	591.555	0.126	0.041	0.330	0.236
sub-021_task-EyeTracking_physio	161	2327.089	2577.098	250.009	1353.717	627.457	0.117	0.032	0.210	0.321
sub-021_task-EyeTracking_physio	161	2602.097	3002.102	400.005	1301.015	696.608	0.085	0.019	0.190	0.276
sub-021_task-EyeTracking_physio	162	-2060.587	-1818.912	241.675	1283.455	706.405	0.100	0.021	0.145	0.276
sub-021_task-EyeTracking_physio	162	-1802.247	-1627.246	175.001	1266.140	714.125	0.121	0.026	0.262	0.203
sub-021_task-EyeTracking_physio	162	-1018.897	289.466	1308.363	1274.920	711.935	0.115	0.133	0.549	0.838
sub-021_task-EyeTracking_physio	162	314.465	472.801	158.336	1270.260	801.175	0.107	0.043	0.259	0.380
sub-021_task-EyeTracking_physio	162	514.471	706.141	191.670	1005.195	701.580	0.114	0.022	0.196	0.271
sub-021_task-EyeTracking_physio	162	731.140	914.480	183.340	990.620	545.185	0.115	0.048	0.221	0.436
sub-021_task-EyeTracking_physio	162	931.146	1481.164	550.018	1010.043	512.095	0.096	0.030	0.287	0.351
sub-021_task-EyeTracking_physio	162	1514.496	1664.495	149.999	998.173	599.760	0.081	0.018	0.164	0.224
sub-021_task-EyeTracking_physio	162	1722.831	1897.834	175.003	1574.685	647.600	0.106	0.040	0.269	0.374
sub-021_task-EyeTracking_physio	162	1922.834	2164.508	241.674	1633.795	644.485	0.100	0.029	0.271	0.275
sub-021_task-EyeTracking_physio	162	2197.840	2381.176	183.336	1654.757	737.425	0.098	0.029	0.163	0.353
sub-021_task-EyeTracking_physio	162	2414.510	2556.185	141.675	1538.805	784.690	0.138	0.036	0.362	0.266
sub-021_task-EyeTracking_physio	162	2581.184	2747.857	166.673	1401.645	801.045	0.200	0.121	0.538	0.509
sub-021_task-EyeTracking_physio	162	2781.190	2947.856	166.666	1324.908	820.135	0.139	0.052	0.298	0.411
sub-021_task-EyeTracking_physio	163	-668.384	281.637	950.021	1268.068	720.135	0.105	0.059	0.358	0.615
sub-021_task-EyeTracking_physio	163	306.636	539.975	233.339	1204.395	796.470	0.121	0.025	0.205	0.289
sub-021_task-EyeTracking_physio	163	564.976	764.983	200.007	1113.138	785.223	0.101	0.028	0.199	0.262
sub-021_task-EyeTracking_physio	163	798.317	1031.656	233.339	987.983	694.720	0.106	0.029	0.230	0.390
sub-021_task-EyeTracking_physio	163	1056.655	1715.004	658.349	1078.475	875.065	0.259	0.373	0.705	1.273
sub-021_task-EyeTracking_physio	163	1773.340	1890.009	116.669	1579.307	869.385	0.222	0.062	0.241	0.395
sub-021_task-EyeTracking_physio	163	1923.342	2223.348	300.006	1623.850	794.878	0.134	0.039	0.298	0.406
sub-021_task-EyeTracking_physio	163	2248.348	2506.687	258.339	1458.795	961.435	0.344	0.210	0.626	0.911
sub-021_task-EyeTracking_physio	163	2573.358	2698.361	125.003	1034.160	937.205	0.227	0.133	0.301	0.824
sub-021_task-EyeTracking_physio	163	2740.027	2898.363	158.336	1055.460	824.955	0.120	0.037	0.350	0.253
sub-021_task-EyeTracking_physio	164	-4121.078	-3962.742	158.336	1322.960	725.270	0.100	0.028	0.233	0.238
sub-021_task-EyeTracking_physio	164	-3937.742	-3637.733	300.009	1284.990	715.445	0.097	0.028	0.337	0.190
sub-021_task-EyeTracking_physio	164	-3429.398	-3129.387	300.011	1259.023	717.872	0.146	0.143	0.553	0.727
sub-021_task-EyeTracking_physio	164	-1537.686	-1087.681	450.005	1353.940	725.993	0.143	0.166	0.707	0.689
sub-021_task-EyeTracking_physio	164	-1079.348	-887.671	191.677	1336.290	736.090	0.098	0.057	0.369	0.236
sub-021_task-EyeTracking_physio	164	-862.672	-612.666	250.006	1265.140	733.345	0.120	0.062	0.317	0.481
sub-021_task-EyeTracking_physio	164	-604.333	320.686	925.019	1275.230	715.940	0.171	0.121	0.407	0.778
sub-021_task-EyeTracking_physio	164	354.018	654.031	300.013	1032.395	790.900	0.220	0.106	0.356	0.826
sub-021_task-EyeTracking_physio	164	837.367	1462.378	625.011	1485.265	712.785	0.159	0.063	0.350	0.609
sub-021_task-EyeTracking_physio	164	1487.378	1737.386	250.008	1444.815	663.848	0.119	0.027	0.192	0.255
sub-021_task-EyeTracking_physio	164	1762.386	1937.386	175.000	1522.085	603.020	0.106	0.032	0.207	0.272
sub-021_task-EyeTracking_physio	164	1970.722	2312.393	341.671	1297.370	687.330	0.220	0.068	0.374	0.928
sub-021_task-EyeTracking_physio	164	2337.393	2670.733	333.340	1520.445	704.915	0.227	0.067	0.305	0.525
sub-021_task-EyeTracking_physio	164	2712.400	3004.073	291.673	1195.900	772.585	0.158	0.059	0.341	0.520
sub-021_task-EyeTracking_physio	165	-1888.314	-1446.633	441.681	1276.965	711.520	0.234	0.113	0.505	0.819
sub-021_task-EyeTracking_physio	165	-729.955	278.404	1008.359	1278.340	705.705	0.157	0.139	0.657	0.698
sub-021_task-EyeTracking_physio	165	303.404	545.077	241.673	1000.600	806.595	0.196	0.140	0.536	0.799
sub-021_task-EyeTracking_physio	165	561.743	853.415	291.672	1040.540	793.340	0.168	0.133	0.528	0.565
sub-021_task-EyeTracking_physio	165	886.752	1078.423	191.671	1425.510	794.520	0.247	0.091	0.430	0.656
sub-021_task-EyeTracking_physio	165	1095.089	1495.097	400.008	1455.995	838.163	0.182	0.064	0.273	0.601
sub-021_task-EyeTracking_physio	165	1511.764	1961.776	450.012	1458.648	767.237	0.121	0.041	0.318	0.554
sub-021_task-EyeTracking_physio	165	1986.776	2511.788	525.012	1456.880	867.275	0.221	0.194	0.500	1.036
sub-021_task-EyeTracking_physio	165	2528.455	2678.456	150.001	1462.830	748.920	0.110	0.031	0.282	0.248
sub-021_task-EyeTracking_physio	165	2703.456	2936.796	233.340	1524.275	613.645	0.092	0.018	0.139	0.227
sub-021_task-EyeTracking_physio	166	-2062.010	-1903.673	158.337	1315.545	685.955	0.108	0.023	0.196	0.270
sub-021_task-EyeTracking_physio	166	-1887.007	-1386.997	500.010	1281.888	700.842	0.124	0.036	0.235	0.357
sub-021_task-EyeTracking_physio	166	-1103.656	-911.983	191.673	1246.560	740.315	0.147	0.060	0.222	0.602
sub-021_task-EyeTracking_physio	166	-420.300	613.054	1033.354	1280.845	703.030	0.108	0.065	0.418	0.669
sub-021_task-EyeTracking_physio	166	638.053	863.055	225.002	1250.560	733.350	0.102	0.032	0.250	0.347
sub-021_task-EyeTracking_physio	166	896.392	1046.396	150.004	1125.303	567.713	0.130	0.037	0.303	0.343
sub-021_task-EyeTracking_physio	166	1063.063	1488.070	425.007	1133.660	505.050	0.083	0.034	0.247	0.360
sub-021_task-EyeTracking_physio	166	1521.402	1863.077	341.675	1157.050	725.590	0.127	0.026	0.162	0.443
sub-021_task-EyeTracking_physio	166	1896.411	2188.088	291.677	1368.810	711.115	0.122	0.037	0.313	0.304
sub-021_task-EyeTracking_physio	166	2213.088	2388.091	175.003	1276.625	719.780	0.148	0.040	0.196	0.445
sub-021_task-EyeTracking_physio	166	2413.092	2688.098	275.006	1460.530	712.880	0.109	0.036	0.393	0.266
sub-021_task-EyeTracking_physio	166	2721.435	3004.775	283.340	1501.497	707.938	0.084	0.015	0.186	0.243
sub-021_task-EyeTracking_physio	167	-1702.364	-1235.687	466.677	1277.533	697.740	0.108	0.036	0.289	0.399
sub-021_task-EyeTracking_physio	167	-610.671	439.353	1050.024	1275.903	707.900	0.103	0.051	0.329	0.544
sub-021_task-EyeTracking_physio	167	447.686	672.689	225.003	1256.415	710.655	0.127	0.060	0.432	0.348
sub-021_task-EyeTracking_physio	167	706.026	1031.030	325.004	920.870	799.315	0.122	0.043	0.307	0.472
sub-021_task-EyeTracking_physio	167	1047.697	1206.033	158.336	899.610	804.900	0.104	0.025	0.179	0.299
sub-021_task-EyeTracking_physio	167	1239.370	1431.039	191.669	950.000	576.095	0.106	0.029	0.181	0.312
sub-021_task-EyeTracking_physio	167	1481.043	1706.044	225.001	1516.305	911.000	0.180	0.074	0.353	0.529
sub-021_task-EyeTracking_physio	167	1722.709	2081.054	358.345	1595.295	846.605	0.189	0.070	0.304	0.739
sub-021_task-EyeTracking_physio	167	2122.719	2389.392	266.673	1331.190	671.763	0.089	0.022	0.231	0.235
sub-021_task-EyeTracking_physio	167	2414.397	2606.065	191.668	1279.170	704.780	0.105	0.027	0.240	0.263
sub-021_task-EyeTracking_physio	167	2622.732	2997.739	375.007	1256.820	708.495	0.108	0.032	0.243	0.340
sub-021_task-EyeTracking_physio	168	-704.718	-338.044	366.674	1279.635	708.342	0.120	0.067	0.280	0.513
sub-021_task-EyeTracking_physio	168	-129.703	286.971	416.674	1285.475	735.340	0.128	0.126	0.335	1.173
sub-021_task-EyeTracking_physio	168	311.971	478.641	166.670	1212.810	619.837	0.098	0.030	0.274	0.226
sub-021_task-EyeTracking_physio	168	503.645	695.317	191.672	1185.140	536.525	0.093	0.017	0.188	0.194
sub-021_task-EyeTracking_physio	168	728.649	878.650	150.001	1082.152	538.938	0.084	0.014	0.205	0.126
sub-021_task-EyeTracking_physio	168	903.654	1145.323	241.669	991.130	533.320	0.078	0.023	0.255	0.318
sub-021_task-EyeTracking_physio	168	1178.661	1495.335	316.674	1163.000	729.115	0.132	0.032	0.244	0.420
sub-021_task-EyeTracking_physio	168	1537.002	2120.350	583.348	1409.247	711.842	0.101	0.030	0.308	0.390
sub-021_task-EyeTracking_physio	168	2153.683	2403.688	250.005	1575.380	787.655	0.124	0.046	0.271	0.392
sub-021_task-EyeTracking_physio	168	2420.354	2787.033	366.679	1613.010	809.685	0.187	0.065	0.268	0.621
sub-021_task-EyeTracking_physio	168	2820.366	3003.709	183.343	1425.420	729.888	0.106	0.028	0.284	0.201
sub-021_task-EyeTracking_physio	169	-721.117	337.243	1058.360	1272.540	716.900	0.122	0.049	0.414	0.611
sub-021_task-EyeTracking_physio	169	362.258	562.250	199.992	1128.642	792.263	0.239	0.068	0.241	0.502
sub-021_task-EyeTracking_physio	169	587.250	953.924	366.674	1088.060	863.862	0.274	0.103	0.256	1.185
sub-021_task-EyeTracking_physio	169	978.924	1162.265	183.341	1059.523	767.120	0.116	0.024	0.159	0.297
sub-021_task-EyeTracking_physio	169	1195.598	1362.267	166.669	1159.128	765.738	0.095	0.022	0.242	0.186
sub-021_task-EyeTracking_physio	169	1487.271	1687.278	200.007	1292.983	768.893	0.137	0.040	0.315	0.338
sub-021_task-EyeTracking_physio	169	1703.943	2070.621	366.678	1297.295	820.320	0.268	0.075	0.271	0.781
sub-021_task-EyeTracking_physio	169	2103.953	2420.625	316.672	1429.562	777.060	0.211	0.058	0.214	0.553
sub-021_task-EyeTracking_physio	169	2445.625	2745.632	300.007	1501.175	770.428	0.106	0.030	0.297	0.248
sub-021_task-EyeTracking_physio	169	2778.966	2928.969	150.003	1395.617	767.475	0.111	0.041	0.421	0.191
sub-021_task-EyeTracking_physio	170	-2271.257	-2146.254	125.003	1293.315	742.500	0.137	0.037	0.265	0.273
sub-021_task-EyeTracking_physio	170	-2112.921	-1804.576	308.345	1277.460	726.105	0.089	0.018	0.180	0.280
sub-021_task-EyeTracking_physio	170	-1596.244	-1396.235	200.009	1276.105	711.615	0.136	0.072	0.312	0.458
sub-021_task-EyeTracking_physio	170	-879.557	303.802	1183.359	1275.870	713.625	0.108	0.108	0.523	0.854
sub-021_task-EyeTracking_physio	170	337.135	487.139	150.004	1220.007	760.310	0.111	0.033	0.183	0.394
sub-021_task-EyeTracking_physio	170	528.810	728.811	200.001	1566.290	771.565	0.102	0.035	0.197	0.341
sub-021_task-EyeTracking_physio	170	753.811	970.483	216.672	1582.793	686.188	0.097	0.024	0.139	0.365
sub-021_task-EyeTracking_physio	170	995.483	1337.165	341.682	1542.025	541.895	0.088	0.024	0.217	0.327
sub-021_task-EyeTracking_physio	170	1378.831	1895.505	516.674	1590.548	688.712	0.100	0.042	0.328	0.403
sub-021_task-EyeTracking_physio	170	1912.171	2062.175	150.004	1571.380	726.392	0.141	0.036	0.208	0.377
sub-021_task-EyeTracking_physio	170	2087.179	2520.522	433.343	1623.940	825.880	0.168	0.058	0.346	0.550
sub-021_task-EyeTracking_physio	170	2537.188	2770.530	233.342	1594.140	808.492	0.165	0.050	0.240	0.437
sub-021_task-EyeTracking_physio	170	2803.862	3003.862	200.000	1502.960	599.490	0.096	0.020	0.176	0.282
sub-021_task-EyeTracking_physio	171	-1802.037	-1660.366	141.671	1308.225	681.275	0.410	0.362	2.462	1.009
sub-021_task-EyeTracking_physio	171	-1643.699	-1335.356	308.343	1277.385	697.325	0.107	0.025	0.225	0.263
sub-021_task-EyeTracking_physio	171	-1135.353	306.346	1441.699	1276.990	724.500	0.116	0.069	0.339	0.741
sub-021_task-EyeTracking_physio	171	331.346	564.686	233.340	1343.892	831.935	0.122	0.037	0.231	0.412
sub-021_task-EyeTracking_physio	171	623.023	773.025	150.002	1089.915	633.533	0.104	0.025	0.200	0.274
sub-021_task-EyeTracking_physio	171	798.025	1056.363	258.338	1064.660	536.660	0.080	0.023	0.189	0.323
sub-021_task-EyeTracking_physio	171	1106.362	1481.373	375.011	1233.845	683.445	0.100	0.050	0.377	0.529
sub-021_task-EyeTracking_physio	171	1556.376	1756.378	200.002	1566.330	637.115	0.073	0.017	0.206	0.201
sub-021_task-EyeTracking_physio	171	1789.711	1931.384	141.673	1596.945	640.245	0.080	0.015	0.160	0.253
sub-021_task-EyeTracking_physio	171	2006.383	2206.392	200.009	1556.023	726.482	0.108	0.019	0.202	0.215
sub-021_task-EyeTracking_physio	171	2223.059	2623.067	400.008	1649.220	780.330	0.118	0.037	0.370	0.320
sub-021_task-EyeTracking_physio	171	2639.733	2931.404	291.671	1678.425	797.785	0.113	0.027	0.185	0.270
sub-021_task-EyeTracking_physio	172	-1361.256	-1236.255	125.001	1292.415	786.090	0.662	1.421	4.793	2.078
sub-021_task-EyeTracking_physio	172	-1219.588	-952.915	266.673	1277.750	737.517	0.119	0.088	0.445	0.484
sub-021_task-EyeTracking_physio	172	-944.582	-644.572	300.010	1259.713	728.277	0.098	0.042	0.337	0.244
sub-021_task-EyeTracking_physio	172	-436.236	397.120	833.356	1276.158	725.477	0.108	0.044	0.230	0.522
sub-021_task-EyeTracking_physio	172	430.453	630.453	200.000	1103.622	750.210	0.108	0.023	0.205	0.298
sub-021_task-EyeTracking_physio	172	647.123	830.458	183.335	1044.915	829.005	0.122	0.045	0.186	0.445
sub-021_task-EyeTracking_physio	172	855.458	1013.794	158.336	1265.460	1005.785	0.300	0.159	0.436	0.839
sub-021_task-EyeTracking_physio	172	1055.464	1213.799	158.335	1578.675	788.915	0.157	0.109	0.413	0.537
sub-021_task-EyeTracking_physio	172	1230.466	1580.473	350.007	1606.528	725.235	0.132	0.033	0.217	0.380
sub-021_task-EyeTracking_physio	172	1605.473	1730.473	125.000	1540.855	754.175	0.115	0.034	0.182	0.262
sub-021_task-EyeTracking_physio	172	1755.474	2047.147	291.673	1617.935	651.795	0.110	0.042	0.250	0.341
sub-021_task-EyeTracking_physio	172	2063.813	2238.822	175.009	1604.900	664.440	0.075	0.015	0.137	0.215
sub-021_task-EyeTracking_physio	172	2263.822	2472.155	208.333	1646.895	795.915	0.136	0.043	0.212	0.450
sub-021_task-EyeTracking_physio	172	2505.492	2738.831	233.339	1338.477	812.690	0.125	0.060	0.372	0.401
sub-021_task-EyeTracking_physio	172	2772.164	2930.499	158.335	1154.125	769.890	0.122	0.036	0.162	0.401
sub-021_task-EyeTracking_physio	173	-796.346	-638.006	158.340	1291.105	738.460	0.107	0.026	0.270	0.274
sub-021_task-EyeTracking_physio	173	-621.340	212.006	833.346	1283.065	715.253	0.108	0.088	0.477	0.493
sub-021_task-EyeTracking_physio	173	228.672	378.677	150.005	1334.497	766.625	0.125	0.043	0.240	0.329
sub-021_task-EyeTracking_physio	173	412.014	595.350	183.336	1540.450	812.540	0.126	0.033	0.283	0.264
sub-021_task-EyeTracking_physio	173	612.015	803.690	191.675	1601.375	823.985	0.119	0.023	0.151	0.313
sub-021_task-EyeTracking_physio	173	828.689	1037.023	208.334	1706.865	841.765	0.118	0.022	0.291	0.205
sub-021_task-EyeTracking_physio	173	1087.026	1228.696	141.670	1247.165	692.800	0.150	0.065	0.344	0.403
sub-021_task-EyeTracking_physio	173	1253.696	1495.367	241.671	1126.545	519.230	0.084	0.018	0.142	0.299
sub-021_task-EyeTracking_physio	173	1520.367	1695.371	175.004	1049.265	637.365	0.101	0.025	0.195	0.355
sub-021_task-EyeTracking_physio	173	1712.037	1853.710	141.673	1001.485	666.590	0.144	0.038	0.249	0.342
sub-021_task-EyeTracking_physio	173	1878.710	2228.713	350.003	951.545	876.110	0.227	0.292	0.838	1.013
sub-021_task-EyeTracking_physio	173	2253.719	2462.053	208.334	874.040	558.195	0.109	0.070	0.354	0.364
sub-021_task-EyeTracking_physio	173	2495.386	2678.728	183.342	1131.972	683.957	0.083	0.025	0.323	0.219
sub-021_task-EyeTracking_physio	173	2703.727	2845.396	141.669	1034.490	765.295	0.108	0.020	0.126	0.263
sub-021_task-EyeTracking_physio	173	2870.396	3003.733	133.337	936.360	883.147	0.187	0.046	0.256	0.427
sub-021_task-EyeTracking_physio	174	-4462.808	-3996.135	466.673	1271.360	726.535	0.097	0.045	0.286	0.414
sub-021_task-EyeTracking_physio	174	-2671.103	-2521.098	150.005	1376.940	664.118	0.215	0.373	0.713	0.917
sub-021_task-EyeTracking_physio	174	-1929.421	-1337.738	591.683	1391.565	764.800	0.127	0.404	0.787	1.299
sub-021_task-EyeTracking_physio	174	-1312.739	312.299	1625.038	1276.310	717.295	0.204	0.179	0.763	1.047
sub-021_task-EyeTracking_physio	174	345.632	595.637	250.005	1080.380	825.033	0.272	0.091	0.288	0.781
sub-021_task-EyeTracking_physio	174	612.306	887.312	275.006	1182.785	838.495	0.220	0.106	0.235	1.059
sub-021_task-EyeTracking_physio	174	928.978	1362.322	433.344	1493.432	700.135	0.148	0.064	0.289	0.649
sub-021_task-EyeTracking_physio	174	1395.654	1562.328	166.674	1332.033	562.510	0.100	0.023	0.257	0.206
sub-021_task-EyeTracking_physio	174	1587.328	1862.334	275.006	1311.090	524.945	0.081	0.028	0.285	0.280
sub-021_task-EyeTracking_physio	174	1904.000	2162.336	258.336	1530.270	772.400	0.201	0.079	0.353	0.595
sub-021_task-EyeTracking_physio	174	2195.677	2429.011	233.334	1319.697	906.480	0.140	0.065	0.425	0.424
sub-021_task-EyeTracking_physio	174	2445.682	2612.352	166.670	1221.773	845.390	0.273	0.155	0.529	0.626
sub-021_task-EyeTracking_physio	174	2654.019	2804.021	150.002	1639.888	741.410	0.182	0.053	0.270	0.375
sub-021_task-EyeTracking_physio	174	2837.354	3004.027	166.673	1641.943	628.758	0.108	0.035	0.214	0.290
sub-021_task-EyeTracking_physio	175	-751.632	231.721	983.353	1273.620	703.515	0.104	0.051	0.311	0.674
sub-021_task-EyeTracking_physio	175	248.387	381.727	133.340	1334.967	808.870	0.295	0.113	0.281	0.918
sub-021_task-EyeTracking_physio	175	415.060	673.402	258.342	909.265	775.525	0.117	0.068	0.548	0.345
sub-021_task-EyeTracking_physio	175	690.069	906.742	216.673	899.723	683.235	0.089	0.024	0.262	0.253
sub-021_task-EyeTracking_physio	175	948.408	1848.425	900.017	1581.322	758.230	0.210	0.089	0.600	0.723
sub-021_task-EyeTracking_physio	175	1881.757	2056.763	175.006	1394.645	866.415	0.183	0.067	0.278	0.548
sub-021_task-EyeTracking_physio	175	2090.098	2390.102	300.004	1665.818	834.800	0.160	0.053	0.268	0.473
sub-021_task-EyeTracking_physio	175	2415.101	2640.108	225.007	1672.990	754.820	0.122	0.048	0.243	0.365
sub-021_task-EyeTracking_physio	175	2665.108	2865.109	200.001	1408.630	839.475	0.177	0.076	0.455	0.437
sub-021_task-EyeTracking_physio	176	-2632.729	-2374.393	258.336	1247.795	728.015	0.181	0.101	0.644	0.503
sub-021_task-EyeTracking_physio	176	-1474.374	367.339	1841.713	1279.255	711.620	0.103	0.037	0.275	0.641
sub-021_task-EyeTracking_physio	176	400.673	600.670	199.997	1093.570	793.270	0.102	0.039	0.234	0.356
sub-021_task-EyeTracking_physio	176	625.670	1067.350	441.680	1324.675	822.370	0.202	0.151	0.455	0.903
sub-021_task-EyeTracking_physio	176	1100.682	1325.690	225.008	1336.165	687.355	0.124	0.035	0.211	0.312
sub-021_task-EyeTracking_physio	176	1359.022	1550.691	191.669	1572.555	768.195	0.113	0.024	0.263	0.206
sub-021_task-EyeTracking_physio	176	1567.358	1734.029	166.671	1638.798	793.810	0.128	0.047	0.229	0.463
sub-021_task-EyeTracking_physio	176	1775.695	1950.699	175.004	1398.150	837.480	0.229	0.055	0.215	0.590
sub-021_task-EyeTracking_physio	176	1967.365	2150.705	183.340	1317.352	823.045	0.187	0.077	0.276	0.558
sub-021_task-EyeTracking_physio	176	2184.038	2567.381	383.343	1102.608	725.320	0.122	0.048	0.412	0.451
sub-021_task-EyeTracking_physio	176	2592.381	2850.719	258.338	1263.990	751.945	0.121	0.055	0.314	0.452
sub-021_task-EyeTracking_physio	176	2867.385	3000.720	133.335	1304.595	780.138	0.163	0.033	0.159	0.397
sub-021_task-EyeTracking_physio	177	-2478.803	-2145.461	333.342	1274.600	732.190	0.189	0.164	0.760	1.645
sub-021_task-EyeTracking_physio	177	-1895.459	-1737.117	158.342	1270.195	703.845	0.097	0.020	0.169	0.249
sub-021_task-EyeTracking_physio	177	-1537.116	-1353.777	183.339	1268.358	706.400	0.102	0.032	0.148	0.435
sub-021_task-EyeTracking_physio	177	-1170.440	271.258	1441.698	1275.845	715.320	0.106	0.052	0.291	0.698
sub-021_task-EyeTracking_physio	177	304.591	496.265	191.674	1107.660	711.905	0.106	0.037	0.291	0.331
sub-021_task-EyeTracking_physio	177	546.265	712.935	166.670	1432.082	605.737	0.096	0.040	0.242	0.360
sub-021_task-EyeTracking_physio	177	729.601	962.939	233.338	1430.825	555.360	0.084	0.022	0.185	0.266
sub-021_task-EyeTracking_physio	177	979.606	1196.281	216.675	1496.898	558.215	0.067	0.018	0.180	0.265
sub-021_task-EyeTracking_physio	177	1212.947	1362.947	150.000	1507.788	599.092	0.086	0.022	0.142	0.260
sub-021_task-EyeTracking_physio	177	1387.946	1921.295	533.349	1420.483	549.527	0.085	0.048	0.393	0.247
sub-021_task-EyeTracking_physio	177	1954.630	2479.645	525.015	1486.340	588.690	0.098	0.023	0.255	0.320
sub-021_task-EyeTracking_physio	177	2496.312	2846.319	350.007	1518.028	619.970	0.103	0.036	0.221	0.449
sub-021_task-EyeTracking_physio	177	2871.319	3004.654	133.335	1540.983	658.680	0.112	0.025	0.178	0.230
sub-021_task-EyeTracking_physio	178	-461.929	304.750	766.679	1275.065	724.967	0.122	0.079	0.334	0.680
sub-021_task-EyeTracking_physio	178	338.087	529.757	191.670	1420.055	775.580	0.114	0.031	0.323	0.209
sub-021_task-EyeTracking_physio	178	546.423	654.758	108.335	1496.825	784.515	0.093	0.024	0.181	0.184
sub-021_task-EyeTracking_physio	178	688.091	888.100	200.009	1255.633	769.455	0.100	0.025	0.180	0.296
sub-021_task-EyeTracking_physio	178	904.766	1038.103	133.337	1224.402	772.537	0.142	0.031	0.237	0.225
sub-021_task-EyeTracking_physio	178	1063.103	1321.441	258.338	959.565	771.665	0.119	0.043	0.301	0.324
sub-021_task-EyeTracking_physio	178	1363.112	1729.783	366.671	1614.990	823.623	0.222	0.120	0.472	0.710
sub-021_task-EyeTracking_physio	178	1746.450	2054.793	308.343	1613.410	782.450	0.196	0.047	0.225	0.447
sub-021_task-EyeTracking_physio	178	2071.459	2346.465	275.006	1660.585	774.365	0.165	0.060	0.436	0.467
sub-021_task-EyeTracking_physio	178	2388.132	2563.137	175.005	1256.495	974.355	0.150	0.039	0.253	0.357
sub-021_task-EyeTracking_physio	178	2579.804	2713.141	133.337	1226.678	1011.990	0.171	0.057	0.199	0.511
sub-021_task-EyeTracking_physio	178	2754.808	2938.148	183.340	1301.735	615.480	0.114	0.034	0.285	0.274
sub-021_task-EyeTracking_physio	179	-2495.881	-2195.872	300.009	1278.230	710.543	0.110	0.022	0.211	0.286
sub-021_task-EyeTracking_physio	179	-1829.198	-1687.526	141.672	1256.000	741.705	0.163	0.058	0.205	0.537
sub-021_task-EyeTracking_physio	179	-1220.853	-1029.181	191.672	1273.655	697.450	0.123	0.069	0.312	0.584
sub-021_task-EyeTracking_physio	179	-837.510	-654.175	183.335	1284.210	719.125	0.124	0.034	0.185	0.467
sub-021_task-EyeTracking_physio	179	-437.501	287.516	725.017	1276.570	715.275	0.100	0.049	0.230	0.524
sub-021_task-EyeTracking_physio	179	320.850	504.184	183.334	1425.820	822.018	0.125	0.042	0.214	0.446
sub-021_task-EyeTracking_physio	179	529.185	729.191	200.006	1515.730	834.487	0.098	0.015	0.168	0.232
sub-021_task-EyeTracking_physio	179	754.191	945.864	191.673	1655.650	843.475	0.146	0.044	0.251	0.419
sub-021_task-EyeTracking_physio	179	970.864	1170.866	200.002	1681.385	842.668	0.145	0.034	0.200	0.420
sub-021_task-EyeTracking_physio	179	1229.205	1462.544	233.339	1532.358	505.275	0.085	0.029	0.266	0.274
sub-021_task-EyeTracking_physio	179	1495.876	1787.548	291.672	1301.035	585.280	0.105	0.027	0.470	0.227
sub-021_task-EyeTracking_physio	179	1812.548	2387.565	575.017	1426.030	607.490	0.094	0.035	0.248	0.494
sub-021_task-EyeTracking_physio	179	2420.899	2729.237	308.338	1229.395	620.085	0.088	0.024	0.274	0.270
sub-021_task-EyeTracking_physio	180	-620.154	263.193	883.347	1274.693	726.338	0.100	0.064	0.349	0.515
sub-021_task-EyeTracking_physio	180	288.199	488.200	200.001	1429.620	693.895	0.079	0.020	0.203	0.231
sub-021_task-EyeTracking_physio	180	529.866	696.540	166.674	1133.582	611.575	0.092	0.019	0.246	0.178
sub-021_task-EyeTracking_physio	180	713.206	996.546	283.340	1132.303	497.322	0.095	0.020	0.207	0.239
sub-021_task-EyeTracking_physio	180	1029.879	1204.885	175.006	1452.730	559.650	0.073	0.014	0.197	0.150
sub-021_task-EyeTracking_physio	180	1238.218	1496.559	258.341	1621.825	601.550	0.098	0.033	0.225	0.386
sub-021_task-EyeTracking_physio	180	1529.892	1771.566	241.674	1430.315	635.570	0.109	0.074	0.424	0.363
sub-021_task-EyeTracking_physio	180	1796.566	1996.569	200.003	1478.810	667.360	0.084	0.018	0.189	0.266
sub-021_task-EyeTracking_physio	180	2063.235	2329.912	266.677	1130.467	877.693	0.305	0.126	0.402	1.030
sub-021_task-EyeTracking_physio	180	2363.244	3004.920	641.676	1228.430	827.330	0.223	2.441	5.503	3.750
sub-021_task-EyeTracking_physio	181	-891.180	-574.507	316.673	1266.955	727.008	0.116	0.070	0.512	0.413
sub-021_task-EyeTracking_physio	181	-566.174	-466.173	100.001	1238.690	1553.245	4.330	25.662	5.438	2.540
sub-021_task-EyeTracking_physio	181	-407.834	233.845	641.679	1276.735	710.505	0.110	0.065	0.258	0.675
sub-021_task-EyeTracking_physio	181	250.512	533.852	283.340	1370.925	748.507	0.094	0.052	0.274	0.505
sub-021_task-EyeTracking_physio	181	567.185	708.854	141.669	1503.635	770.725	0.115	0.037	0.264	0.287
sub-021_task-EyeTracking_physio	181	742.187	950.528	208.341	1602.050	787.655	0.122	0.047	0.348	0.339
sub-021_task-EyeTracking_physio	181	1008.860	1192.200	183.340	947.275	779.128	0.120	0.041	0.337	0.293
sub-021_task-EyeTracking_physio	181	1217.200	1542.204	325.004	908.910	726.835	0.139	0.090	0.520	0.435
sub-021_task-EyeTracking_physio	181	1583.875	1900.547	316.672	1186.655	677.227	0.083	0.045	0.437	0.281
sub-021_task-EyeTracking_physio	181	1917.213	2292.222	375.009	1140.610	688.855	0.092	0.018	0.210	0.207
sub-021_task-EyeTracking_physio	181	2358.893	2500.563	141.670	1433.295	718.150	0.115	0.027	0.233	0.282
sub-021_task-EyeTracking_physio	181	2533.896	2958.905	425.009	1503.000	726.255	0.084	0.027	0.253	0.307
sub-021_task-EyeTracking_physio	182	-1021.449	-921.448	100.001	1306.328	967.512	1.456	3.866	1.344	6.259
sub-021_task-EyeTracking_physio	182	-888.115	353.586	1241.701	1276.620	725.825	0.122	0.102	0.518	1.082
sub-021_task-EyeTracking_physio	182	378.586	553.590	175.004	1138.415	706.045	0.120	0.032	0.258	0.355
sub-021_task-EyeTracking_physio	182	570.255	803.596	233.341	1110.670	689.795	0.117	0.057	0.270	0.505
sub-021_task-EyeTracking_physio	182	845.261	1028.601	183.340	1532.085	769.293	0.113	0.031	0.311	0.209
sub-021_task-EyeTracking_physio	182	1045.269	1253.605	208.336	1564.080	771.280	0.103	0.022	0.195	0.289
sub-021_task-EyeTracking_physio	182	1278.609	1403.612	125.003	1522.465	810.900	0.109	0.019	0.220	0.255
sub-021_task-EyeTracking_physio	182	1411.946	1670.286	258.340	1570.570	809.380	0.130	0.050	0.427	0.298
sub-021_task-EyeTracking_physio	182	1711.952	1953.623	241.671	1027.175	973.335	0.221	0.129	0.559	0.832
sub-021_task-EyeTracking_physio	182	1995.290	2186.965	191.675	1161.885	753.250	0.081	0.041	0.325	0.264
sub-021_task-EyeTracking_physio	182	2203.632	2661.973	458.341	1189.500	698.455	0.108	0.051	0.397	0.348
sub-021_task-EyeTracking_physio	182	2678.639	2978.649	300.010	1319.205	709.325	0.116	0.028	0.322	0.275
sub-021_task-EyeTracking_physio	183	-2192.777	-1984.439	208.338	1258.710	693.860	0.099	0.028	0.147	0.400
sub-021_task-EyeTracking_physio	183	-1967.773	-1817.768	150.005	1272.095	719.423	0.112	0.029	0.150	0.304
sub-021_task-EyeTracking_physio	183	-1176.086	298.946	1475.032	1276.300	715.800	0.103	0.094	0.568	0.716
sub-021_task-EyeTracking_physio	183	332.279	490.612	158.333	1146.870	709.450	0.093	0.020	0.178	0.260
sub-021_task-EyeTracking_physio	183	640.622	1057.297	416.675	1306.637	651.067	0.081	0.061	0.356	0.450
sub-021_task-EyeTracking_physio	183	1098.963	1248.966	150.003	1207.582	555.575	0.068	0.013	0.155	0.199
sub-021_task-EyeTracking_physio	183	1257.299	1948.985	691.686	1219.530	533.685	0.082	0.042	0.263	0.410
sub-021_task-EyeTracking_physio	183	2007.316	2207.322	200.006	1311.378	759.707	0.087	0.031	0.213	0.341
sub-021_task-EyeTracking_physio	183	2282.320	2448.989	166.669	1605.412	841.913	0.140	0.033	0.301	0.236
sub-021_task-EyeTracking_physio	183	2465.663	2715.661	249.998	1663.570	848.942	0.124	0.024	0.184	0.391
sub-021_task-EyeTracking_physio	183	2748.997	2940.666	191.669	1672.100	691.410	0.119	0.032	0.222	0.287
sub-021_task-EyeTracking_physio	184	-1370.573	-1178.905	191.668	1290.480	687.210	0.118	0.083	0.410	0.609
sub-021_task-EyeTracking_physio	184	-1162.234	-945.567	216.667	1271.537	702.492	0.093	0.021	0.208	0.239
sub-021_task-EyeTracking_physio	184	-753.895	-453.891	300.004	1279.543	724.820	0.121	0.081	0.317	0.689
sub-021_task-EyeTracking_physio	184	-437.224	-287.222	150.002	1250.700	716.433	0.121	0.032	0.270	0.286
sub-021_task-EyeTracking_physio	184	-270.555	371.124	641.679	1271.740	709.605	0.100	0.046	0.358	0.479
sub-021_task-EyeTracking_physio	184	404.456	537.797	133.341	1214.070	671.585	0.101	0.020	0.236	0.155
sub-021_task-EyeTracking_physio	184	604.462	821.134	216.672	1325.613	587.312	0.084	0.037	0.334	0.339
sub-021_task-EyeTracking_physio	184	829.468	1129.474	300.006	1296.723	595.070	0.070	0.017	0.184	0.234
sub-021_task-EyeTracking_physio	184	1179.473	1362.811	183.338	1139.355	756.562	0.096	0.017	0.166	0.156
sub-021_task-EyeTracking_physio	184	1387.810	1779.484	391.674	1010.610	749.755	0.173	1.024	1.721	1.189
sub-021_task-EyeTracking_physio	184	1921.152	2312.827	391.675	1516.590	767.425	0.092	0.043	0.394	0.434
sub-021_task-EyeTracking_physio	184	2337.827	2487.829	150.002	1542.312	803.658	0.118	0.015	0.138	0.249
sub-021_task-EyeTracking_physio	184	2512.835	2754.502	241.667	1642.010	828.585	0.120	0.040	0.369	0.303
sub-021_task-EyeTracking_physio	184	2779.507	2979.507	200.000	1556.438	825.048	0.122	0.031	0.322	0.220
sub-021_task-EyeTracking_physio	185	-715.191	-556.849	158.342	1288.980	730.290	0.091	0.027	0.252	0.210
sub-021_task-EyeTracking_physio	185	-531.850	-340.183	191.667	1259.990	729.045	0.077	0.014	0.149	0.205
sub-021_task-EyeTracking_physio	185	-323.515	259.834	583.349	1277.213	724.175	0.103	0.036	0.262	0.372
sub-021_task-EyeTracking_physio	185	276.500	434.835	158.335	1310.470	703.865	0.107	0.029	0.235	0.196
sub-021_task-EyeTracking_physio	185	459.834	1043.185	583.351	1147.255	785.310	0.104	0.062	0.422	0.438
sub-021_task-EyeTracking_physio	185	1084.850	1343.189	258.339	1121.480	570.320	0.086	0.049	0.231	0.405
sub-021_task-EyeTracking_physio	185	1384.854	1526.524	141.670	1215.350	592.455	0.094	0.023	0.185	0.230
sub-021_task-EyeTracking_physio	185	1568.195	1768.197	200.002	1335.390	604.250	0.085	0.019	0.138	0.278
sub-021_task-EyeTracking_physio	185	1926.534	2059.870	133.336	941.520	808.805	0.149	0.060	0.479	0.206
sub-021_task-EyeTracking_physio	185	2084.875	2251.542	166.667	898.960	787.500	0.102	0.024	0.242	0.222
sub-021_task-EyeTracking_physio	185	2276.541	2443.211	166.670	991.175	700.920	0.106	0.028	0.298	0.187
sub-021_task-EyeTracking_physio	185	2484.886	2968.223	483.337	1323.827	709.798	0.106	0.030	0.264	0.352
sub-021_task-EyeTracking_physio	186	-3396.804	-3296.803	100.001	1283.325	715.548	0.126	0.020	0.132	0.190
sub-021_task-EyeTracking_physio	186	-3288.470	-3163.465	125.005	1266.525	717.160	0.090	0.025	0.185	0.276
sub-021_task-EyeTracking_physio	186	-1780.099	-1171.752	608.347	1280.690	714.935	0.097	0.144	0.789	0.467
sub-021_task-EyeTracking_physio	186	-1005.084	-813.412	191.672	1286.465	746.695	0.163	0.087	0.260	0.780
sub-021_task-EyeTracking_physio	186	-796.746	-488.406	308.340	1269.900	726.225	0.109	0.031	0.250	0.310
sub-021_task-EyeTracking_physio	186	-480.073	278.279	758.352	1274.100	707.095	0.095	0.040	0.279	0.455
sub-021_task-EyeTracking_physio	186	303.278	486.618	183.340	1132.682	653.447	0.104	0.023	0.196	0.221
sub-021_task-EyeTracking_physio	186	503.285	836.627	333.342	1103.160	759.633	0.117	0.030	0.200	0.372
sub-021_task-EyeTracking_physio	186	869.961	1053.297	183.336	1060.023	599.382	0.085	0.016	0.171	0.218
sub-021_task-EyeTracking_physio	186	1069.962	1236.637	166.675	1042.450	616.003	0.104	0.021	0.204	0.173
sub-021_task-EyeTracking_physio	186	1269.970	1569.973	300.003	1450.585	654.633	0.107	0.035	0.329	0.323
sub-021_task-EyeTracking_physio	186	1594.972	1944.983	350.011	1554.057	685.405	0.114	0.026	0.232	0.355
sub-021_task-EyeTracking_physio	186	1994.982	2219.992	225.010	1062.110	983.185	0.224	0.110	0.431	0.796
sub-021_task-EyeTracking_physio	186	2269.991	2403.326	133.335	1177.020	541.060	0.152	0.048	0.193	0.339
sub-021_task-EyeTracking_physio	186	2419.995	2628.330	208.335	1232.835	506.560	0.100	0.030	0.168	0.286
sub-021_task-EyeTracking_physio	186	2661.664	2828.338	166.674	1507.660	533.930	0.108	0.038	0.316	0.278
sub-021_task-EyeTracking_physio	186	2870.004	3003.340	133.336	897.428	578.543	0.116	0.039	0.354	0.219
sub-021_task-EyeTracking_physio	187	-1070.389	221.309	1291.698	1274.815	707.560	0.114	0.102	0.464	0.633
sub-021_task-EyeTracking_physio	187	246.307	412.975	166.668	1270.600	636.220	0.084	0.040	0.190	0.500
sub-021_task-EyeTracking_physio	187	454.647	754.652	300.005	1048.358	790.110	0.119	0.034	0.235	0.278
sub-021_task-EyeTracking_physio	187	796.318	962.991	166.673	1583.257	859.538	0.200	0.068	0.363	0.380
sub-021_task-EyeTracking_physio	187	987.991	1321.330	333.339	1640.922	890.395	0.227	0.057	0.228	0.643
sub-021_task-EyeTracking_physio	187	1354.669	1563.002	208.333	1390.775	664.915	0.123	0.067	0.430	0.331
sub-021_task-EyeTracking_physio	187	1588.002	1896.347	308.345	1172.355	638.420	0.100	0.028	0.246	0.298
sub-021_task-EyeTracking_physio	187	1938.013	2329.685	391.672	1504.340	776.430	0.150	0.073	0.425	0.593
sub-021_task-EyeTracking_physio	187	2346.353	2596.359	250.006	1502.115	737.632	0.110	0.026	0.261	0.248
sub-021_task-EyeTracking_physio	187	2613.026	2863.033	250.007	1519.410	831.145	0.274	0.085	0.252	0.733
sub-021_task-EyeTracking_physio	187	2879.700	3004.703	125.003	1524.635	767.810	0.097	0.016	0.110	0.181
sub-021_task-EyeTracking_physio	188	-1175.278	-1041.941	133.337	1280.430	723.812	0.125	0.051	0.304	0.367
sub-021_task-EyeTracking_physio	188	-916.937	-716.935	200.002	1277.258	723.720	0.183	0.072	0.129	0.854
sub-021_task-EyeTracking_physio	188	-516.928	308.089	825.017	1273.335	712.080	0.120	0.101	0.620	0.469
sub-021_task-EyeTracking_physio	188	324.755	558.097	233.342	1329.963	771.183	0.101	0.062	0.286	0.533
sub-021_task-EyeTracking_physio	188	583.097	833.101	250.004	1190.988	784.918	0.103	0.022	0.205	0.242
sub-021_task-EyeTracking_physio	188	866.435	1016.438	150.003	1446.865	722.375	0.117	0.023	0.251	0.188
sub-021_task-EyeTracking_physio	188	1041.444	1299.782	258.338	1649.505	678.620	0.133	0.045	0.360	0.339
sub-021_task-EyeTracking_physio	188	1358.116	1541.453	183.337	882.210	905.243	0.165	0.070	0.329	0.445
sub-021_task-EyeTracking_physio	188	1558.118	1924.795	366.677	841.193	930.080	0.165	0.071	0.330	0.660
sub-021_task-EyeTracking_physio	188	1966.466	2133.136	166.670	1022.207	708.697	0.096	0.020	0.180	0.164
sub-021_task-EyeTracking_physio	188	2149.802	2316.470	166.668	1041.850	607.915	0.103	0.026	0.184	0.288
sub-021_task-EyeTracking_physio	188	2333.137	2641.482	308.345	1079.880	655.100	0.090	0.025	0.209	0.294
sub-021_task-EyeTracking_physio	188	2674.815	2999.821	325.006	1196.645	789.565	0.105	0.036	0.245	0.407
sub-021_task-EyeTracking_physio	189	-577.859	-394.524	183.335	1252.352	685.028	0.140	0.163	0.719	0.709
sub-021_task-EyeTracking_physio	189	-386.187	230.490	616.677	1278.290	708.065	0.092	0.054	0.417	0.376
sub-021_task-EyeTracking_physio	189	255.491	422.165	166.674	1323.763	663.345	0.104	0.027	0.191	0.288
sub-021_task-EyeTracking_physio	189	463.831	897.170	433.339	948.110	759.095	0.101	0.027	0.254	0.273
sub-021_task-EyeTracking_physio	189	913.836	1197.182	283.346	963.625	761.395	0.113	0.038	0.363	0.297
sub-021_task-EyeTracking_physio	189	1272.181	1480.518	208.337	1587.950	678.860	0.089	0.027	0.220	0.351
sub-021_task-EyeTracking_physio	189	1505.519	1672.190	166.671	1534.910	626.918	0.084	0.018	0.242	0.177
sub-021_task-EyeTracking_physio	189	1705.522	1863.863	158.341	1591.815	519.710	0.085	0.022	0.189	0.199
sub-021_task-EyeTracking_physio	189	1922.195	2063.865	141.670	1356.825	616.880	0.086	0.014	0.151	0.142
sub-021_task-EyeTracking_physio	189	2105.536	2388.872	283.336	1622.922	475.447	0.105	0.023	0.189	0.215
sub-021_task-EyeTracking_physio	189	2455.538	2647.214	191.676	1510.425	847.540	0.223	0.121	0.468	0.825
sub-021_task-EyeTracking_physio	189	2688.880	2838.882	150.002	1357.675	885.562	0.201	0.082	0.404	0.514
sub-021_task-EyeTracking_physio	189	2872.213	3005.550	133.337	1097.620	847.588	0.429	0.925	0.634	3.183
sub-021_task-EyeTracking_physio	190	-2217.258	-1967.252	250.006	1265.235	697.195	0.096	0.052	0.384	0.425
sub-021_task-EyeTracking_physio	190	-1950.586	-1767.245	183.341	1277.800	707.372	0.093	0.020	0.157	0.229
sub-021_task-EyeTracking_physio	190	-867.230	266.134	1133.364	1275.360	721.253	0.110	0.085	0.449	0.608
sub-021_task-EyeTracking_physio	190	299.466	499.474	200.008	1147.707	634.303	0.089	0.044	0.177	0.481
sub-021_task-EyeTracking_physio	190	532.807	916.148	383.341	1086.408	827.668	0.109	0.030	0.318	0.319
sub-021_task-EyeTracking_physio	190	949.481	1149.489	200.008	1455.412	766.643	0.118	0.030	0.204	0.351
sub-021_task-EyeTracking_physio	190	1174.489	1674.500	500.011	1388.048	754.885	0.093	0.043	0.342	0.354
sub-021_task-EyeTracking_physio	190	1707.833	1807.837	100.004	1126.145	752.568	0.093	0.017	0.159	0.174
sub-021_task-EyeTracking_physio	190	1866.169	2199.517	333.348	1589.985	579.930	0.110	0.082	0.389	0.584
sub-021_task-EyeTracking_physio	190	2249.516	2382.849	133.333	1549.697	749.130	0.110	0.063	0.335	0.526
sub-021_task-EyeTracking_physio	190	2441.186	2607.854	166.668	1272.090	849.205	0.152	0.047	0.214	0.411
sub-021_task-EyeTracking_physio	190	2649.520	2749.525	100.005	1174.820	819.643	0.135	0.048	0.543	0.195
sub-021_task-EyeTracking_physio	190	2816.191	2999.530	183.339	926.028	793.683	0.151	0.117	0.313	0.762
sub-021_task-EyeTracking_physio	191	-813.136	-646.463	166.673	1243.707	741.510	0.269	0.629	2.598	0.519
sub-021_task-EyeTracking_physio	191	-421.460	303.558	725.018	1296.760	729.595	0.102	0.061	0.314	0.733
sub-021_task-EyeTracking_physio	191	328.558	511.897	183.339	1435.808	737.150	0.119	0.039	0.289	0.248
sub-021_task-EyeTracking_physio	191	528.564	670.234	141.670	1458.515	751.220	0.093	0.015	0.153	0.217
sub-021_task-EyeTracking_physio	191	686.901	895.240	208.339	1498.810	772.410	0.113	0.033	0.279	0.319
sub-021_task-EyeTracking_physio	191	911.907	1220.246	308.339	1519.360	775.460	0.107	0.024	0.214	0.276
sub-021_task-EyeTracking_physio	191	1261.912	1436.919	175.007	1096.745	554.300	0.096	0.020	0.240	0.156
sub-021_task-EyeTracking_physio	191	1453.586	1636.920	183.334	1067.530	500.090	0.077	0.015	0.185	0.158
sub-021_task-EyeTracking_physio	191	1645.254	2028.597	383.343	1068.775	464.898	0.088	0.031	0.220	0.336
sub-021_task-EyeTracking_physio	191	2070.264	2320.269	250.005	1175.408	703.747	0.110	0.034	0.236	0.285
sub-021_task-EyeTracking_physio	191	2345.272	2720.278	375.006	1095.390	677.615	0.099	0.027	0.189	0.398
sub-021_task-EyeTracking_physio	191	2753.614	3003.624	250.010	1317.605	707.895	0.131	0.055	0.323	0.453
sub-021_task-EyeTracking_physio	192	-2350.696	-1525.676	825.020	1275.940	717.945	0.251	0.155	0.419	1.366
sub-021_task-EyeTracking_physio	192	-1334.007	-775.662	558.345	1269.975	749.560	0.287	0.185	0.428	2.128
sub-021_task-EyeTracking_physio	192	-742.324	291.032	1033.356	1270.400	706.602	0.158	0.061	0.399	0.656
sub-021_task-EyeTracking_physio	192	316.032	541.032	225.000	1022.745	771.795	0.141	0.051	0.302	0.543
sub-021_task-EyeTracking_physio	192	566.036	774.370	208.334	1081.390	797.940	0.129	0.062	0.284	0.449
sub-021_task-EyeTracking_physio	192	799.370	974.382	175.012	1031.000	770.195	0.093	0.037	0.385	0.210
sub-021_task-EyeTracking_physio	192	999.382	1332.715	333.333	1019.660	744.067	0.112	0.027	0.207	0.268
sub-021_task-EyeTracking_physio	192	1424.386	1699.389	275.003	1669.190	835.055	0.159	0.070	0.485	0.375
sub-021_task-EyeTracking_physio	192	1724.389	1882.729	158.340	1599.890	826.060	0.115	0.034	0.262	0.259
sub-021_task-EyeTracking_physio	192	1924.395	2024.400	100.005	1333.003	837.322	0.180	0.060	0.224	0.494
sub-021_task-EyeTracking_physio	192	2074.398	2266.071	191.673	1282.955	519.170	0.127	0.048	0.218	0.440
sub-021_task-EyeTracking_physio	192	2332.736	2482.738	150.002	1104.092	808.535	0.110	0.042	0.213	0.384
sub-021_task-EyeTracking_physio	192	2524.409	2757.744	233.335	1121.415	938.145	0.280	0.064	0.180	0.787
sub-021_task-EyeTracking_physio	192	2791.081	2999.416	208.335	1039.490	944.570	0.213	0.126	0.399	0.947
sub-021_task-EyeTracking_physio	193	-530.643	-380.639	150.004	1271.965	756.957	0.100	0.016	0.178	0.233
sub-021_task-EyeTracking_physio	193	-363.973	261.038	625.011	1272.700	719.765	0.103	0.034	0.265	0.343
sub-021_task-EyeTracking_physio	193	286.038	444.380	158.342	1334.650	734.610	0.114	0.026	0.212	0.251
sub-021_task-EyeTracking_physio	193	477.713	811.050	333.337	1091.597	723.565	0.113	0.037	0.335	0.306
sub-021_task-EyeTracking_physio	193	836.055	969.392	133.337	1026.260	744.300	0.117	0.040	0.257	0.271
sub-021_task-EyeTracking_physio	193	977.725	1261.062	283.337	985.043	754.368	0.112	0.050	0.318	0.411
sub-021_task-EyeTracking_physio	193	1294.396	1461.069	166.673	1070.845	862.057	0.141	0.033	0.220	0.407
sub-021_task-EyeTracking_physio	193	1502.738	1977.745	475.007	1137.055	622.575	0.090	0.022	0.230	0.258
sub-021_task-EyeTracking_physio	193	2002.744	2236.083	233.339	1132.372	494.240	0.090	0.022	0.175	0.307
sub-021_task-EyeTracking_physio	193	2286.088	2494.423	208.335	1511.490	730.960	0.129	0.031	0.236	0.370
sub-021_task-EyeTracking_physio	193	2511.090	2761.094	250.004	1528.855	703.037	0.090	0.026	0.251	0.237
sub-021_task-EyeTracking_physio	193	2811.099	2986.102	175.003	1028.105	835.805	0.176	0.061	0.363	0.514
sub-021_task-EyeTracking_physio	194	-1508.179	-991.503	516.676	1260.185	721.920	0.123	0.321	0.706	0.836
sub-021_task-EyeTracking_physio	194	-766.497	258.527	1025.024	1272.330	716.325	0.103	0.101	0.456	0.776
sub-021_task-EyeTracking_physio	194	283.526	458.529	175.003	1127.835	668.205	0.073	0.027	0.137	0.336
sub-021_task-EyeTracking_physio	194	475.196	691.869	216.673	1102.840	633.400	0.118	0.037	0.272	0.364
sub-021_task-EyeTracking_physio	194	708.536	875.204	166.668	1110.157	603.483	0.096	0.027	0.198	0.300
sub-021_task-EyeTracking_physio	194	908.536	1091.877	183.341	1311.245	539.192	0.080	0.015	0.189	0.219
sub-021_task-EyeTracking_physio	194	1158.544	1325.217	166.673	1596.153	625.788	0.106	0.022	0.212	0.217
sub-021_task-EyeTracking_physio	194	1341.882	1783.556	441.674	1627.135	640.680	0.100	0.048	0.293	0.494
sub-021_task-EyeTracking_physio	194	1825.222	2125.235	300.013	1326.247	807.810	0.103	0.048	0.349	0.294
sub-021_task-EyeTracking_physio	194	2141.901	2325.238	183.337	1303.358	777.035	0.093	0.025	0.243	0.328
sub-021_task-EyeTracking_physio	194	2366.907	2508.577	141.670	1344.035	576.985	0.091	0.015	0.139	0.184
sub-021_task-EyeTracking_physio	194	2525.244	2725.246	200.002	1329.835	545.308	0.071	0.019	0.146	0.303
sub-021_task-EyeTracking_physio	194	2783.580	2941.918	158.338	1131.420	758.465	0.111	0.032	0.348	0.269
sub-021_task-EyeTracking_physio	195	-1100.489	307.878	1408.367	1276.290	730.310	0.111	0.287	2.371	0.878
sub-021_task-EyeTracking_physio	195	499.548	882.888	383.340	1055.320	744.533	0.127	0.215	1.101	0.741
sub-021_task-EyeTracking_physio	195	907.888	1207.899	300.011	982.812	724.327	0.104	0.030	0.247	0.332
sub-021_task-EyeTracking_physio	195	1224.565	1441.234	216.669	992.985	699.507	0.098	0.021	0.180	0.270
sub-021_task-EyeTracking_physio	195	1466.239	1582.904	116.665	1049.053	641.765	0.122	0.025	0.265	0.149
sub-021_task-EyeTracking_physio	195	1616.241	1832.910	216.669	1393.497	748.975	0.118	0.036	0.241	0.297
sub-021_task-EyeTracking_physio	195	1866.249	2074.583	208.334	1509.365	724.745	0.101	0.033	0.284	0.283
sub-021_task-EyeTracking_physio	195	2091.249	2457.927	366.678	1509.940	642.895	0.108	0.034	0.269	0.334
sub-021_task-EyeTracking_physio	195	2491.259	2674.599	183.340	1358.983	742.092	0.127	0.101	0.440	0.480
sub-021_task-EyeTracking_physio	195	2724.598	2916.271	191.673	1304.640	806.110	0.157	0.084	0.367	0.628
sub-021_task-EyeTracking_physio	196	-1397.100	-1247.100	150.000	1267.940	737.910	0.118	0.033	0.159	0.365
sub-021_task-EyeTracking_physio	196	-1055.430	-872.089	183.341	1285.362	746.865	0.173	0.067	0.243	0.700
sub-021_task-EyeTracking_physio	196	-855.423	352.936	1208.359	1276.580	726.695	0.089	0.040	0.277	0.564
sub-021_task-EyeTracking_physio	196	386.270	577.943	191.673	1065.150	748.175	0.091	0.023	0.265	0.179
sub-021_task-EyeTracking_physio	196	619.610	1061.289	441.679	1277.730	742.845	0.090	0.029	0.235	0.306
sub-021_task-EyeTracking_physio	196	1102.954	1361.294	258.340	1644.750	791.960	0.099	0.034	0.332	0.309
sub-021_task-EyeTracking_physio	196	1402.961	1544.631	141.670	1336.110	750.655	0.094	0.017	0.229	0.183
sub-021_task-EyeTracking_physio	196	1561.296	1711.303	150.007	1296.925	735.247	0.116	0.040	0.313	0.259
sub-021_task-EyeTracking_physio	196	1752.969	1994.641	241.672	1272.220	533.815	0.095	0.029	0.241	0.295
sub-021_task-EyeTracking_physio	196	2019.641	2186.313	166.672	1282.105	507.962	0.093	0.013	0.147	0.168
sub-021_task-EyeTracking_physio	196	2302.982	2511.318	208.336	1291.965	740.910	0.099	0.033	0.399	0.307
sub-021_task-EyeTracking_physio	196	2527.984	2752.994	225.010	1272.410	746.115	0.099	0.026	0.235	0.235
sub-021_task-EyeTracking_physio	196	2777.994	3002.997	225.003	1292.900	749.300	0.080	0.018	0.174	0.246
sub-021_task-EyeTracking_physio	197	-697.832	377.195	1075.027	1284.245	735.585	0.107	0.099	0.526	0.553
sub-021_task-EyeTracking_physio	197	402.194	568.866	166.672	1213.485	730.082	0.094	0.038	0.245	0.300
sub-021_task-EyeTracking_physio	197	593.866	860.538	266.672	1200.723	757.528	0.077	0.013	0.155	0.196
sub-021_task-EyeTracking_physio	197	885.538	1093.877	208.339	1210.415	623.965	0.078	0.027	0.236	0.311
sub-021_task-EyeTracking_physio	197	1135.543	1293.880	158.337	1501.715	646.595	0.072	0.011	0.116	0.188
sub-021_task-EyeTracking_physio	197	1318.880	1843.892	525.012	1520.635	684.310	0.092	0.040	0.363	0.387
sub-021_task-EyeTracking_physio	197	1868.896	1985.567	116.671	1499.282	613.553	0.100	0.018	0.185	0.173
sub-021_task-EyeTracking_physio	197	2002.234	2568.909	566.675	1508.135	555.352	0.091	0.035	0.258	0.334
sub-021_task-EyeTracking_physio	197	2635.576	2877.250	241.674	1315.840	765.040	0.084	0.033	0.245	0.343
sub-021_task-EyeTracking_physio	197	2902.254	3002.254	100.000	1249.630	756.400	0.146	0.047	0.375	0.199
sub-021_task-EyeTracking_physio	198	-3239.747	-3031.407	208.340	1266.600	757.920	0.111	0.021	0.199	0.239
sub-021_task-EyeTracking_physio	198	-3023.073	-2731.402	291.671	1275.530	733.175	0.098	0.034	0.209	0.299
sub-021_task-EyeTracking_physio	198	-2714.735	-2323.059	391.676	1283.900	716.970	0.080	0.014	0.209	0.245
sub-021_task-EyeTracking_physio	198	-656.359	285.333	941.692	1265.020	720.440	0.101	0.082	0.331	0.806
sub-021_task-EyeTracking_physio	198	301.999	502.006	200.007	1152.690	664.377	0.081	0.039	0.325	0.343
sub-021_task-EyeTracking_physio	198	535.338	785.345	250.007	903.300	759.543	0.144	0.067	0.415	0.377
sub-021_task-EyeTracking_physio	198	810.346	1052.020	241.674	943.305	648.150	0.112	0.031	0.238	0.314
sub-021_task-EyeTracking_physio	198	1077.019	1252.018	174.999	1118.825	502.190	0.115	0.019	0.333	0.150
sub-021_task-EyeTracking_physio	198	1302.022	1552.028	250.006	1548.653	966.675	0.240	0.052	0.243	0.574
sub-021_task-EyeTracking_physio	198	1568.696	1952.038	383.342	1544.543	926.215	0.194	0.056	0.221	0.742
sub-021_task-EyeTracking_physio	198	1968.704	2202.045	233.341	1381.902	1009.440	0.405	0.153	0.351	1.421
sub-021_task-EyeTracking_physio	198	2235.377	2435.379	200.002	1318.665	608.992	0.110	0.034	0.204	0.354
sub-021_task-EyeTracking_physio	198	2460.383	2652.050	191.667	1155.595	512.055	0.095	0.024	0.298	0.208
sub-021_task-EyeTracking_physio	198	2668.717	2835.391	166.674	1319.780	650.860	0.121	0.038	0.261	0.306
sub-021_task-EyeTracking_physio	198	2852.057	3002.062	150.005	1282.805	649.935	0.118	0.036	0.240	0.354
sub-021_task-EyeTracking_physio	199	-654.056	-529.052	125.004	1225.280	628.740	0.101	0.023	0.170	0.276
sub-021_task-EyeTracking_physio	199	-504.047	337.635	841.682	1273.765	692.765	0.101	0.061	0.449	0.520
sub-021_task-EyeTracking_physio	199	354.302	779.309	425.007	1196.950	850.580	0.335	0.146	0.334	1.300
sub-021_task-EyeTracking_physio	199	820.980	1095.987	275.007	1552.150	704.750	0.110	0.028	0.238	0.229
sub-021_task-EyeTracking_physio	199	1129.319	1370.991	241.672	1646.440	636.400	0.124	0.037	0.320	0.344
sub-021_task-EyeTracking_physio	199	1395.990	1637.663	241.673	1525.070	679.990	0.100	0.042	0.373	0.277
sub-021_task-EyeTracking_physio	199	1654.330	2104.339	450.009	1568.128	790.913	0.146	0.106	0.631	0.468
sub-021_task-EyeTracking_physio	199	2137.675	2387.682	250.007	1411.918	1019.822	0.300	0.141	0.405	0.885
sub-021_task-EyeTracking_physio	199	2429.349	2612.684	183.335	1284.085	762.707	0.111	0.021	0.219	0.214
sub-021_task-EyeTracking_physio	199	2662.687	2821.024	158.337	1382.500	999.070	0.263	0.256	0.834	0.663
sub-021_task-EyeTracking_physio	199	2846.023	3004.359	158.336	1101.995	979.400	0.269	0.127	0.440	0.592
sub-021_task-EyeTracking_physio	200	-1689.052	-1547.380	141.672	1268.845	693.515	0.178	0.123	0.397	1.391
sub-021_task-EyeTracking_physio	200	-1072.374	-880.700	191.674	1295.650	713.140	0.170	0.220	0.383	1.034
sub-021_task-EyeTracking_physio	200	-705.697	-414.025	291.672	1290.090	716.910	0.096	0.064	0.315	0.497
sub-021_task-EyeTracking_physio	200	-397.354	302.661	700.015	1269.217	723.385	0.104	0.062	0.387	0.480
sub-021_task-EyeTracking_physio	200	335.994	527.666	191.672	1391.385	720.085	0.101	0.031	0.169	0.340
sub-021_task-EyeTracking_physio	200	552.665	852.671	300.006	1406.577	538.362	0.103	0.026	0.199	0.336
sub-021_task-EyeTracking_physio	200	869.338	1152.677	283.339	1452.535	556.842	0.086	0.023	0.269	0.219
sub-021_task-EyeTracking_physio	200	1169.343	1461.022	291.679	1366.650	516.440	0.101	0.030	0.317	0.369
sub-021_task-EyeTracking_physio	200	1519.354	1727.693	208.339	1381.070	858.000	0.154	0.042	0.233	0.508
sub-021_task-EyeTracking_physio	200	1736.025	1919.361	183.336	1363.475	888.493	0.242	0.080	0.261	0.700
sub-021_task-EyeTracking_physio	200	1952.694	2294.370	341.676	1447.515	712.270	0.123	0.026	0.221	0.405
sub-021_task-EyeTracking_physio	200	2344.370	2761.050	416.680	1521.970	819.245	0.208	0.055	0.217	0.611
sub-021_task-EyeTracking_physio	200	2786.049	3002.717	216.668	1445.600	807.327	0.142	0.049	0.320	0.367
sub-021_task-EyeTracking_physio	201	-1641.528	-1491.524	150.004	1289.770	473.143	0.107	0.034	0.225	0.297
sub-021_task-EyeTracking_physio	201	-1466.524	-1283.189	183.335	1292.727	764.163	0.244	0.068	0.217	0.676
sub-021_task-EyeTracking_physio	201	-1099.851	341.847	1441.698	1284.960	752.835	0.184	0.249	0.588	1.235
sub-021_task-EyeTracking_physio	201	358.514	591.856	233.342	1230.743	667.945	0.110	0.027	0.342	0.228
sub-021_task-EyeTracking_physio	201	616.856	775.188	158.332	1157.700	638.245	0.107	0.027	0.242	0.212
sub-021_task-EyeTracking_physio	201	800.187	1025.199	225.012	1016.980	640.040	0.111	0.039	0.214	0.413
sub-021_task-EyeTracking_physio	201	1050.195	1200.200	150.005	1021.005	545.830	0.107	0.024	0.179	0.248
sub-021_task-EyeTracking_physio	201	1233.536	1525.209	291.673	1410.145	649.960	0.124	0.042	0.417	0.342
sub-021_task-EyeTracking_physio	201	1541.876	1958.550	416.674	1353.305	676.945	0.213	0.127	0.600	0.658
sub-021_task-EyeTracking_physio	201	1975.217	2116.883	141.666	1253.700	649.140	0.119	0.029	0.208	0.331
sub-021_task-EyeTracking_physio	201	2150.223	2408.556	258.333	1651.695	727.940	0.162	0.087	0.571	0.387
sub-021_task-EyeTracking_physio	201	2433.562	2658.564	225.002	1609.340	891.235	0.171	0.080	0.303	0.569
sub-021_task-EyeTracking_physio	201	2683.569	2841.904	158.335	1604.670	582.735	0.144	0.054	0.187	0.454
sub-021_task-EyeTracking_physio	201	2875.237	3000.240	125.003	1321.590	549.425	0.107	0.048	0.260	0.344
sub-021_task-EyeTracking_physio	202	-1800.033	-1258.356	541.677	1297.205	701.390	0.199	0.118	0.339	1.136
sub-021_task-EyeTracking_physio	202	-1116.687	-283.332	833.355	1288.213	752.923	0.284	0.210	0.404	1.682
sub-021_task-EyeTracking_physio	202	-266.662	525.023	791.685	1281.485	732.560	0.211	0.125	0.351	1.349
sub-021_task-EyeTracking_physio	202	558.356	800.030	241.674	943.120	857.910	0.233	0.115	0.407	0.981
sub-021_task-EyeTracking_physio	202	833.362	1116.706	283.344	1286.280	783.525	0.247	0.100	0.360	0.841
sub-021_task-EyeTracking_physio	202	1133.372	1558.384	425.012	1419.470	775.170	0.162	0.079	0.417	0.743
sub-021_task-EyeTracking_physio	202	1591.716	1800.053	208.337	1703.840	862.290	0.189	0.095	0.364	0.621
sub-021_task-EyeTracking_physio	202	1833.388	2000.060	166.672	1331.160	787.077	0.282	0.186	0.388	0.886
sub-021_task-EyeTracking_physio	202	2033.392	2358.404	325.012	1681.020	959.085	0.130	0.061	0.445	0.460
sub-021_task-EyeTracking_physio	202	2400.069	3000.083	600.014	1282.967	752.110	0.183	0.086	0.467	0.792
sub-021_task-EyeTracking_physio	203	-831.850	226.506	1058.356	1284.920	709.435	0.136	0.062	0.341	0.619
sub-021_task-EyeTracking_physio	203	243.177	434.847	191.670	1324.460	784.965	0.258	0.148	0.267	1.078
sub-021_task-EyeTracking_physio	203	459.844	684.854	225.010	1515.090	999.395	0.195	0.072	0.294	0.499
sub-021_task-EyeTracking_physio	203	718.188	993.191	275.003	1489.290	734.535	0.231	0.115	0.352	0.642
sub-021_task-EyeTracking_physio	203	1026.529	1426.537	400.008	1323.527	553.938	0.088	0.058	0.230	0.564
sub-021_task-EyeTracking_physio	203	1459.870	1609.873	150.003	1115.565	612.530	0.124	0.034	0.338	0.229
sub-021_task-EyeTracking_physio	203	1626.538	2009.880	383.342	1081.867	623.822	0.097	0.043	0.340	0.466
sub-021_task-EyeTracking_physio	203	2026.546	2226.554	200.008	1014.953	575.433	0.101	0.019	0.189	0.243
sub-021_task-EyeTracking_physio	203	2251.553	2493.227	241.674	1012.660	463.530	0.101	0.025	0.196	0.329
sub-021_task-EyeTracking_physio	203	2543.228	2759.902	216.674	1516.453	482.935	0.113	0.031	0.345	0.305
sub-021_task-EyeTracking_physio	203	2784.901	3001.576	216.675	1382.125	547.253	0.075	0.022	0.226	0.268
sub-021_task-EyeTracking_physio	204	-3511.785	-3336.777	175.008	1293.960	741.510	0.567	2.038	4.315	1.318
sub-021_task-EyeTracking_physio	204	-3203.443	-2628.431	575.012	1285.440	709.170	0.205	0.199	0.606	1.123
sub-021_task-EyeTracking_physio	204	-2436.763	-2278.422	158.341	1257.200	699.500	0.148	0.040	0.146	0.416
sub-021_task-EyeTracking_physio	204	-2111.753	-1753.412	358.341	1274.890	682.695	0.112	0.077	0.330	0.774
sub-021_task-EyeTracking_physio	204	-1736.746	-1436.735	300.011	1278.590	707.405	0.122	0.027	0.270	0.296
sub-021_task-EyeTracking_physio	204	-303.373	338.309	641.682	1282.580	711.485	0.134	0.057	0.295	0.616
sub-021_task-EyeTracking_physio	204	363.308	571.643	208.335	1058.755	805.295	0.156	0.073	0.348	0.558
sub-021_task-EyeTracking_physio	204	588.310	763.317	175.007	960.780	828.890	0.185	0.081	0.238	0.728
sub-021_task-EyeTracking_physio	204	771.650	996.657	225.007	962.335	801.805	0.178	0.065	0.179	0.813
sub-021_task-EyeTracking_physio	204	1021.657	1171.662	150.005	931.523	866.340	0.159	0.038	0.183	0.419
sub-021_task-EyeTracking_physio	204	1188.328	1471.669	283.341	904.155	977.450	0.145	0.079	0.369	0.499
sub-021_task-EyeTracking_physio	204	1488.336	1680.005	191.669	988.120	1023.445	0.167	0.075	0.450	0.377
sub-021_task-EyeTracking_physio	204	1696.672	1855.009	158.337	948.750	1031.235	0.132	0.045	0.334	0.286
sub-021_task-EyeTracking_physio	204	1871.676	2105.016	233.340	942.845	978.108	0.162	0.039	0.325	0.416
sub-021_task-EyeTracking_physio	204	2138.348	2371.691	233.343	1395.660	950.827	0.192	0.068	0.511	0.366
sub-021_task-EyeTracking_physio	204	2405.024	2596.695	191.671	1432.495	545.275	0.113	0.050	0.221	0.502
sub-021_task-EyeTracking_physio	204	2605.028	2721.697	116.669	1431.270	528.280	0.122	0.021	0.191	0.239
sub-021_task-EyeTracking_physio	204	2746.696	2905.032	158.336	1231.200	557.780	0.114	0.035	0.349	0.245
sub-021_task-EyeTracking_physio	205	-984.119	-767.443	216.676	1265.640	696.815	0.104	0.031	0.303	0.244
sub-021_task-EyeTracking_physio	205	-517.438	-384.099	133.339	1289.180	728.537	0.191	0.078	0.220	0.735
sub-021_task-EyeTracking_physio	205	-367.433	249.247	616.680	1284.655	710.003	0.111	0.034	0.215	0.508
sub-021_task-EyeTracking_physio	205	265.913	432.579	166.666	1296.370	783.693	0.299	0.086	0.173	0.953
sub-021_task-EyeTracking_physio	205	449.245	632.588	183.343	1346.200	783.567	0.187	0.049	0.292	0.435
sub-021_task-EyeTracking_physio	205	657.588	1007.597	350.009	1599.483	768.597	0.135	0.041	0.385	0.365
sub-021_task-EyeTracking_physio	205	1040.930	1332.602	291.672	1345.015	555.235	0.135	0.047	0.375	0.320
sub-021_task-EyeTracking_physio	205	1357.601	1590.943	233.342	1316.735	487.293	0.102	0.018	0.160	0.260
sub-021_task-EyeTracking_physio	205	1624.275	1957.618	333.343	1600.068	758.745	0.184	0.073	0.336	0.618
sub-021_task-EyeTracking_physio	205	1965.951	2249.290	283.339	1619.545	763.265	0.136	0.035	0.261	0.422
sub-021_task-EyeTracking_physio	205	2274.289	2865.972	591.683	1493.955	863.335	0.213	0.096	0.320	0.951
sub-021_task-EyeTracking_physio	205	2899.304	2999.308	100.004	1620.778	780.378	0.194	0.102	0.361	0.424
sub-021_task-EyeTracking_physio	206	-1022.872	-806.201	216.671	1320.395	715.735	0.132	0.038	0.359	0.372
sub-021_task-EyeTracking_physio	206	-789.536	-389.527	400.009	1283.242	708.893	0.148	0.040	0.206	0.617
sub-021_task-EyeTracking_physio	206	-272.859	210.489	483.348	1283.963	728.733	0.265	0.109	0.243	1.027
sub-021_task-EyeTracking_physio	206	227.156	393.824	166.668	1297.152	756.212	0.221	0.098	0.158	1.043
sub-021_task-EyeTracking_physio	206	427.163	660.499	233.336	1106.267	715.608	0.103	0.027	0.232	0.240
sub-021_task-EyeTracking_physio	206	685.503	860.503	175.000	1096.820	659.735	0.092	0.017	0.160	0.249
sub-021_task-EyeTracking_physio	206	902.170	1177.178	275.008	1589.050	805.975	0.178	0.082	0.449	0.521
sub-021_task-EyeTracking_physio	206	1210.515	1318.850	108.335	1511.440	687.970	0.092	0.014	0.192	0.104
sub-021_task-EyeTracking_physio	206	1352.184	1577.185	225.001	1407.745	567.005	0.101	0.018	0.193	0.220
sub-021_task-EyeTracking_physio	206	1602.193	1868.862	266.669	1547.860	764.315	0.147	0.053	0.365	0.481
sub-021_task-EyeTracking_physio	206	1902.198	2052.197	149.999	1603.080	1020.108	0.251	0.101	0.452	0.487
sub-021_task-EyeTracking_physio	206	2093.866	2260.535	166.669	1176.205	781.795	0.251	0.112	0.321	0.764
sub-021_task-EyeTracking_physio	206	2277.203	2585.544	308.341	1126.660	669.175	0.091	0.022	0.205	0.249
sub-021_task-EyeTracking_physio	206	2610.545	3002.219	391.674	1316.820	759.090	0.186	0.116	0.458	0.648
sub-021_task-EyeTracking_physio	207	-1974.740	-1708.066	266.674	1279.118	713.713	0.096	0.018	0.138	0.394
sub-021_task-EyeTracking_physio	207	-491.373	-249.697	241.676	1292.065	717.330	0.117	0.044	0.250	0.475
sub-021_task-EyeTracking_physio	207	-233.032	241.981	475.013	1275.290	704.480	0.113	0.037	0.327	0.298
sub-021_task-EyeTracking_physio	207	258.648	525.316	266.668	1328.685	773.350	0.167	0.056	0.217	0.600
sub-021_task-EyeTracking_physio	207	558.650	750.325	191.675	1045.625	777.035	0.103	0.034	0.308	0.211
sub-021_task-EyeTracking_physio	207	791.991	941.994	150.003	1224.400	547.225	0.132	0.053	0.315	0.397
sub-021_task-EyeTracking_physio	207	958.660	1183.670	225.010	1256.545	560.060	0.097	0.020	0.212	0.233
sub-021_task-EyeTracking_physio	207	1208.671	1392.005	183.334	1333.913	619.625	0.094	0.029	0.195	0.268
sub-021_task-EyeTracking_physio	207	1425.339	1808.682	383.343	1612.352	637.245	0.115	0.041	0.491	0.283
sub-021_task-EyeTracking_physio	207	1842.014	2192.024	350.010	1247.757	449.040	0.094	0.018	0.344	0.171
sub-021_task-EyeTracking_physio	207	2225.356	2417.027	191.671	1278.740	558.495	0.108	0.028	0.209	0.300
sub-021_task-EyeTracking_physio	207	2458.696	2708.701	250.005	1629.565	639.727	0.112	0.034	0.365	0.283
sub-021_task-EyeTracking_physio	207	2733.703	2967.040	233.337	1345.847	848.838	0.212	0.081	0.497	0.586
sub-021_task-EyeTracking_physio	208	-947.655	-789.318	158.337	1259.175	732.790	0.147	0.048	0.343	0.338
sub-021_task-EyeTracking_physio	208	-764.319	-514.314	250.005	1280.400	708.348	0.120	0.023	0.203	0.291
sub-021_task-EyeTracking_physio	208	-355.978	460.715	816.693	1286.725	712.895	0.170	0.081	0.441	0.717
sub-021_task-EyeTracking_physio	208	485.714	760.717	275.003	1432.610	694.705	0.125	0.037	0.273	0.266
sub-021_task-EyeTracking_physio	208	802.383	1060.722	258.339	1091.560	644.015	0.109	0.031	0.285	0.253
sub-021_task-EyeTracking_physio	208	1085.721	1210.724	125.003	1157.260	800.580	0.236	0.080	0.269	0.589
sub-021_task-EyeTracking_physio	208	1252.395	1402.398	150.003	928.602	637.887	0.110	0.051	0.375	0.239
sub-021_task-EyeTracking_physio	208	1410.731	1527.402	116.671	917.528	578.983	0.122	0.040	0.244	0.225
sub-021_task-EyeTracking_physio	208	1610.734	1952.410	341.676	1554.850	586.595	0.081	0.031	0.191	0.367
sub-021_task-EyeTracking_physio	208	1985.743	2294.089	308.346	1329.205	597.410	0.103	0.028	0.343	0.255
sub-021_task-EyeTracking_physio	208	2327.419	2594.090	266.671	1269.678	740.893	0.164	0.045	0.204	0.472
sub-021_task-EyeTracking_physio	208	2610.758	2894.097	283.339	1342.980	740.830	0.125	0.033	0.239	0.331
sub-021_task-EyeTracking_physio	209	-1957.088	-665.394	1291.694	1279.155	715.405	0.150	0.059	0.423	0.807
sub-021_task-EyeTracking_physio	209	-523.723	-373.720	150.003	1273.697	745.452	0.347	0.204	0.430	1.199
sub-021_task-EyeTracking_physio	209	-198.718	476.293	675.011	1275.185	708.450	0.208	0.143	0.374	0.938
sub-021_task-EyeTracking_physio	209	509.634	684.635	175.001	1003.950	747.780	0.118	0.032	0.410	0.201
sub-021_task-EyeTracking_physio	209	717.968	876.309	158.341	1081.795	779.120	0.079	0.012	0.141	0.140
sub-021_task-EyeTracking_physio	209	901.310	1067.978	166.668	1180.597	734.090	0.081	0.031	0.192	0.366
sub-021_task-EyeTracking_physio	209	1092.978	1351.320	258.342	1552.610	725.845	0.222	0.128	1.224	0.213
sub-021_task-EyeTracking_physio	209	1384.651	1751.326	366.675	1271.840	745.668	0.098	0.024	0.200	0.271
sub-021_task-EyeTracking_physio	209	1776.325	2009.667	233.342	1650.793	792.570	0.141	0.043	0.392	0.292
sub-021_task-EyeTracking_physio	209	2042.998	2259.673	216.675	1626.267	675.210	0.114	0.024	0.217	0.283
sub-021_task-EyeTracking_physio	209	2293.004	2476.345	183.341	1275.883	637.660	0.139	0.037	0.449	0.214
sub-021_task-EyeTracking_physio	209	2501.344	2701.345	200.001	1230.010	652.008	0.100	0.024	0.283	0.223
sub-021_task-EyeTracking_physio	209	2743.017	2968.020	225.003	921.810	596.035	0.093	0.020	0.208	0.186
sub-021_task-EyeTracking_physio	210	-575.487	-358.814	216.673	1292.370	719.503	0.103	0.024	0.191	0.249
sub-021_task-EyeTracking_physio	210	-342.149	274.527	616.676	1275.740	720.810	0.094	0.036	0.244	0.461
sub-021_task-EyeTracking_physio	210	291.198	432.872	141.674	1305.025	620.460	0.084	0.017	0.129	0.341
sub-021_task-EyeTracking_physio	210	466.205	766.206	300.001	1025.480	663.412	0.129	0.047	0.224	0.496
sub-021_task-EyeTracking_physio	210	799.541	1082.883	283.342	1356.685	660.652	0.126	0.036	0.359	0.328
sub-021_task-EyeTracking_physio	210	1099.550	1374.555	275.005	1329.955	668.150	0.093	0.022	0.232	0.216
sub-021_task-EyeTracking_physio	210	1391.223	1624.565	233.342	1345.052	587.235	0.092	0.028	0.204	0.283
sub-021_task-EyeTracking_physio	210	1657.899	1916.234	258.335	1576.140	655.615	0.081	0.015	0.227	0.184
sub-021_task-EyeTracking_physio	210	1949.570	2157.912	208.342	1298.920	709.465	0.155	0.045	0.367	0.257
sub-021_task-EyeTracking_physio	210	2191.245	2407.917	216.672	937.595	623.503	0.112	0.048	0.354	0.410
sub-021_task-EyeTracking_physio	210	2424.583	2774.589	350.006	866.225	609.723	0.099	0.018	0.292	0.229
sub-021_task-EyeTracking_physio	210	2791.259	2999.597	208.338	877.040	589.055	0.084	0.017	0.221	0.235
sub-021_task-EyeTracking_physio	211	-1064.029	-872.361	191.668	1240.120	722.695	0.402	0.309	2.355	1.488
sub-021_task-EyeTracking_physio	211	-855.694	294.337	1150.031	1283.537	718.288	0.100	0.038	0.268	0.485
sub-021_task-EyeTracking_physio	211	311.004	502.683	191.679	1317.950	681.565	0.090	0.024	0.152	0.263
sub-021_task-EyeTracking_physio	211	511.017	894.355	383.338	1332.705	674.862	0.103	0.022	0.307	0.282
sub-021_task-EyeTracking_physio	211	936.024	1361.031	425.007	865.340	952.655	0.156	0.096	0.669	0.555
sub-021_task-EyeTracking_physio	211	1394.367	1627.704	233.337	1056.865	873.537	0.183	0.066	0.291	0.495
sub-021_task-EyeTracking_physio	211	1644.371	1794.383	150.012	1022.385	664.827	0.110	0.033	0.261	0.313
sub-021_task-EyeTracking_physio	211	1852.715	2061.054	208.339	1654.185	774.270	0.159	0.092	0.377	0.615
sub-021_task-EyeTracking_physio	211	2077.720	2377.726	300.006	1688.630	779.533	0.124	0.043	0.221	0.526
sub-021_task-EyeTracking_physio	211	2394.392	2611.064	216.672	1677.702	834.210	0.125	0.039	0.193	0.454
sub-021_task-EyeTracking_physio	211	2636.066	2819.399	183.333	1373.952	937.693	0.283	0.121	0.426	0.590
sub-021_task-EyeTracking_physio	211	2844.405	3002.739	158.334	1350.260	892.985	0.188	0.048	0.181	0.638
sub-021_task-EyeTracking_physio	212	-1497.881	-1347.877	150.004	1271.487	740.947	0.119	0.033	0.278	0.255
sub-021_task-EyeTracking_physio	212	-1331.210	-856.196	475.014	1280.030	709.560	0.098	0.030	0.306	0.243
sub-021_task-EyeTracking_physio	212	-689.530	235.493	925.023	1277.260	705.420	0.108	0.046	0.276	0.572
sub-021_task-EyeTracking_physio	212	252.160	443.832	191.672	1343.380	838.360	0.287	0.077	0.227	0.691
sub-021_task-EyeTracking_physio	212	477.166	668.836	191.670	1156.130	728.760	0.095	0.019	0.149	0.351
sub-021_task-EyeTracking_physio	212	685.503	893.839	208.336	1174.765	687.675	0.116	0.037	0.205	0.353
sub-021_task-EyeTracking_physio	212	918.839	1310.514	391.675	1156.075	649.720	0.086	0.014	0.212	0.234
sub-021_task-EyeTracking_physio	212	1352.180	1518.854	166.674	956.912	603.260	0.093	0.019	0.193	0.155
sub-021_task-EyeTracking_physio	212	1543.855	1752.192	208.337	1138.125	699.500	0.108	0.066	0.368	0.411
sub-021_task-EyeTracking_physio	212	1827.196	1985.530	158.334	1298.465	671.295	0.097	0.019	0.264	0.198
sub-021_task-EyeTracking_physio	212	2010.529	2193.870	183.341	1391.517	681.763	0.091	0.022	0.241	0.182
sub-021_task-EyeTracking_physio	212	2227.202	2502.208	275.006	1566.915	731.020	0.101	0.024	0.281	0.236
sub-021_task-EyeTracking_physio	212	2518.872	2793.881	275.009	1594.785	739.125	0.126	0.031	0.277	0.268
sub-021_task-EyeTracking_physio	212	2835.552	3002.222	166.670	1140.320	795.165	0.139	0.035	0.344	0.215
sub-021_task-EyeTracking_physio	213	-683.165	-258.151	425.014	1282.385	716.960	0.120	0.053	0.311	0.733
sub-021_task-EyeTracking_physio	213	-83.153	308.527	391.680	1280.990	726.720	0.118	0.045	0.252	0.628
sub-021_task-EyeTracking_physio	213	316.860	475.195	158.335	1293.150	696.270	0.137	0.031	0.231	0.357
sub-021_task-EyeTracking_physio	213	508.525	916.875	408.350	1077.880	774.955	0.108	0.031	0.291	0.330
sub-021_task-EyeTracking_physio	213	941.872	1166.875	225.003	1097.185	595.355	0.097	0.033	0.245	0.303
sub-021_task-EyeTracking_physio	213	1200.212	1475.218	275.006	1372.975	611.935	0.096	0.042	0.276	0.390
sub-021_task-EyeTracking_physio	213	1500.216	1750.222	250.006	1511.527	641.440	0.130	0.041	0.348	0.261
sub-021_task-EyeTracking_physio	213	1783.556	1991.899	208.343	1132.465	793.370	0.281	0.117	0.368	0.626
sub-021_task-EyeTracking_physio	213	2008.566	2233.570	225.004	1104.705	781.205	0.256	0.072	0.208	0.674
sub-021_task-EyeTracking_physio	213	2250.237	2441.905	191.668	1164.830	630.225	0.081	0.025	0.173	0.261
sub-021_task-EyeTracking_physio	213	2475.238	2775.250	300.012	1354.182	639.158	0.090	0.021	0.343	0.212
sub-021_task-EyeTracking_physio	213	2808.584	2966.920	158.336	1574.130	692.810	0.124	0.045	0.287	0.300
sub-021_task-EyeTracking_physio	214	-798.432	-573.426	225.006	1295.275	707.605	0.132	0.038	0.490	0.213
sub-021_task-EyeTracking_physio	214	-556.760	268.257	825.017	1281.760	714.510	0.092	0.028	0.273	0.364
sub-021_task-EyeTracking_physio	214	293.256	518.265	225.009	1084.935	723.995	0.115	0.062	0.495	0.341
sub-021_task-EyeTracking_physio	214	543.264	993.277	450.013	1011.645	772.045	0.111	0.036	0.202	0.474
sub-021_task-EyeTracking_physio	214	1009.943	1376.623	366.680	1093.932	705.082	0.105	0.024	0.180	0.424
sub-021_task-EyeTracking_physio	214	1401.621	1718.289	316.668	1014.160	774.425	0.148	0.051	0.324	0.561
sub-021_task-EyeTracking_physio	214	1734.956	1951.631	216.675	991.862	776.245	0.116	0.041	0.241	0.389
sub-021_task-EyeTracking_physio	214	1993.297	2118.299	125.002	1587.485	736.305	0.108	0.027	0.232	0.219
sub-021_task-EyeTracking_physio	214	2134.966	2384.975	250.009	1664.533	719.697	0.116	0.031	0.347	0.212
sub-021_task-EyeTracking_physio	214	2443.308	2701.648	258.340	1053.410	1014.870	0.258	0.088	0.285	0.703
sub-021_task-EyeTracking_physio	214	2751.650	2859.987	108.337	1165.815	566.015	0.112	0.027	0.196	0.315
sub-021_task-EyeTracking_physio	214	2884.987	3001.656	116.669	1035.335	523.055	0.095	0.020	0.202	0.185
sub-021_task-EyeTracking_physio	215	-1111.868	-936.859	175.009	1285.230	708.930	0.205	0.133	0.318	0.902
sub-021_task-EyeTracking_physio	215	-470.186	296.498	766.684	1277.273	707.847	0.115	0.060	0.354	0.636
sub-021_task-EyeTracking_physio	215	313.165	596.508	283.343	1126.467	687.600	0.145	0.058	0.419	0.385
sub-021_task-EyeTracking_physio	215	621.511	813.180	191.669	1194.110	683.695	0.104	0.043	0.384	0.326
sub-021_task-EyeTracking_physio	215	838.180	1196.523	358.343	1477.545	707.720	0.120	0.038	0.276	0.362
sub-021_task-EyeTracking_physio	215	1238.188	1371.524	133.336	1326.263	519.320	0.082	0.018	0.205	0.217
sub-021_task-EyeTracking_physio	215	1413.197	1604.869	191.672	1514.500	680.520	0.139	0.034	0.278	0.304
sub-021_task-EyeTracking_physio	215	1738.201	1879.871	141.670	1660.695	652.305	0.134	0.036	0.257	0.286
sub-021_task-EyeTracking_physio	215	1904.871	2238.214	333.343	1518.463	476.495	0.079	0.029	0.279	0.319
sub-021_task-EyeTracking_physio	215	2288.214	2788.226	500.012	1014.145	554.440	0.089	0.028	0.364	0.278
sub-021_task-EyeTracking_physio	215	2838.230	3004.900	166.670	1506.780	693.940	0.129	0.054	0.395	0.279
sub-021_task-EyeTracking_physio	216	-1614.394	-1422.721	191.673	1306.550	699.130	0.300	0.134	1.608	0.220
sub-021_task-EyeTracking_physio	216	-1406.054	-797.707	608.347	1284.355	700.680	0.139	0.036	0.291	0.518
sub-021_task-EyeTracking_physio	216	-631.035	427.321	1058.356	1282.680	718.075	0.235	0.128	0.314	1.627
sub-021_task-EyeTracking_physio	216	452.324	577.326	125.002	1480.160	621.935	0.144	0.051	0.334	0.280
sub-021_task-EyeTracking_physio	216	593.992	785.666	191.674	1537.745	575.785	0.108	0.034	0.321	0.331
sub-021_task-EyeTracking_physio	216	818.997	1019.001	200.004	1512.592	786.523	0.102	0.026	0.219	0.293
sub-021_task-EyeTracking_physio	216	1044.004	1169.008	125.004	1588.190	731.675	0.145	0.047	0.290	0.313
sub-021_task-EyeTracking_physio	216	1177.340	1327.345	150.005	1607.003	718.392	0.133	0.042	0.241	0.290
sub-021_task-EyeTracking_physio	216	1344.010	1510.679	166.669	1498.093	815.817	0.313	0.100	0.265	0.607
sub-021_task-EyeTracking_physio	216	1535.679	1694.020	158.341	1535.760	557.025	0.169	0.069	0.366	0.391
sub-021_task-EyeTracking_physio	216	1702.354	1985.690	283.336	1556.355	572.878	0.088	0.026	0.181	0.304
sub-021_task-EyeTracking_physio	216	2010.689	2177.361	166.672	1528.860	398.320	0.101	0.038	0.369	0.207
sub-021_task-EyeTracking_physio	216	2210.696	2427.364	216.668	1042.602	616.038	0.129	0.047	0.302	0.380
sub-021_task-EyeTracking_physio	216	2435.698	2627.373	191.675	1044.050	640.300	0.088	0.021	0.157	0.312
sub-021_task-EyeTracking_physio	216	2652.372	2819.041	166.669	954.472	613.085	0.097	0.016	0.182	0.202
sub-021_task-EyeTracking_physio	216	2844.041	3002.378	158.337	892.075	575.295	0.106	0.026	0.188	0.233
sub-021_task-EyeTracking_physio	217	-675.757	-450.751	225.006	1256.435	705.470	0.119	0.030	0.324	0.310
sub-021_task-EyeTracking_physio	217	-434.085	374.274	808.359	1279.785	709.945	0.094	0.028	0.253	0.405
sub-021_task-EyeTracking_physio	217	415.937	599.275	183.338	1037.255	860.135	0.226	0.072	0.215	0.621
sub-021_task-EyeTracking_physio	217	615.941	799.279	183.338	992.490	871.760	0.173	0.047	0.215	0.434
sub-021_task-EyeTracking_physio	217	832.610	1049.288	216.678	1249.190	681.550	0.113	0.064	0.400	0.386
sub-021_task-EyeTracking_physio	217	1074.290	1432.628	358.338	1391.200	705.450	0.098	0.028	0.240	0.257
sub-021_task-EyeTracking_physio	217	1465.961	1649.296	183.335	1305.920	632.832	0.109	0.024	0.165	0.221
sub-021_task-EyeTracking_physio	217	1674.294	1815.971	141.677	1259.150	563.300	0.108	0.019	0.153	0.188
sub-021_task-EyeTracking_physio	217	1849.304	2115.975	266.671	1574.455	651.955	0.104	0.031	0.311	0.244
sub-021_task-EyeTracking_physio	217	2149.309	2574.317	425.008	1661.060	770.255	0.114	0.036	0.376	0.276
sub-021_task-EyeTracking_physio	217	2607.653	2807.653	200.000	1443.975	639.580	0.099	0.026	0.319	0.232
sub-021_task-EyeTracking_physio	217	2832.653	2999.325	166.672	1280.663	646.080	0.095	0.024	0.224	0.166
sub-021_task-EyeTracking_physio	218	-1091.965	308.068	1400.033	1281.033	710.382	0.096	0.061	0.344	0.577
sub-021_task-EyeTracking_physio	218	341.399	558.073	216.674	1122.388	785.265	0.102	0.051	0.410	0.310
sub-021_task-EyeTracking_physio	218	574.739	883.079	308.340	1105.035	803.005	0.095	0.018	0.190	0.263
sub-021_task-EyeTracking_physio	218	908.082	1124.748	216.666	974.995	824.935	0.126	0.041	0.220	0.410
sub-021_task-EyeTracking_physio	218	1149.747	1316.421	166.674	945.433	756.173	0.138	0.072	0.241	0.501
sub-021_task-EyeTracking_physio	218	1333.088	1491.423	158.335	980.745	751.315	0.092	0.044	0.252	0.345
sub-021_task-EyeTracking_physio	218	1533.091	1841.435	308.344	1589.470	781.145	0.120	0.042	0.358	0.312
sub-021_task-EyeTracking_physio	218	1858.101	2091.442	233.341	1629.888	788.577	0.123	0.046	0.229	0.359
sub-021_task-EyeTracking_physio	218	2108.108	2274.778	166.670	1672.265	766.170	0.101	0.020	0.193	0.248
sub-021_task-EyeTracking_physio	218	2333.108	2658.118	325.010	898.750	714.560	0.121	0.070	0.411	0.462
sub-021_task-EyeTracking_physio	218	2674.784	2999.790	325.006	900.220	759.910	0.101	0.044	0.322	0.408
sub-021_task-EyeTracking_physio	219	-2633.737	-2517.067	116.670	1072.930	1229.530	3.809	66.263	10.305	12.103
sub-021_task-EyeTracking_physio	219	-2492.067	-2033.720	458.347	1286.275	724.285	0.179	0.206	0.452	1.319
sub-021_task-EyeTracking_physio	219	-1533.712	-1367.039	166.673	1278.388	700.600	0.100	0.055	0.189	0.543
sub-021_task-EyeTracking_physio	219	-1208.705	257.997	1466.702	1273.463	710.540	0.108	0.089	0.438	0.622
sub-021_task-EyeTracking_physio	219	274.662	524.669	250.007	1193.370	835.815	0.207	0.145	0.270	1.042
sub-021_task-EyeTracking_physio	219	558.000	683.003	125.003	963.720	863.115	0.181	0.066	0.319	0.398
sub-021_task-EyeTracking_physio	219	699.675	1091.349	391.674	906.635	829.835	0.146	0.082	0.568	0.409
sub-021_task-EyeTracking_physio	219	1116.349	1283.019	166.670	1288.065	951.980	0.215	0.108	0.534	0.449
sub-021_task-EyeTracking_physio	219	1316.352	1583.024	266.672	1656.438	970.935	0.166	0.069	0.604	0.323
sub-021_task-EyeTracking_physio	219	1624.695	1758.029	133.334	1567.695	628.635	0.105	0.038	0.198	0.315
sub-021_task-EyeTracking_physio	219	1791.362	1983.032	191.670	1361.125	654.225	0.101	0.022	0.272	0.153
sub-021_task-EyeTracking_physio	219	1999.699	2108.033	108.334	1293.145	527.455	0.121	0.028	0.172	0.240
sub-021_task-EyeTracking_physio	219	2149.704	2416.377	266.673	1000.575	521.033	0.097	0.022	0.349	0.199
sub-021_task-EyeTracking_physio	219	2449.710	2741.382	291.672	1347.530	556.395	0.097	0.031	0.349	0.316
sub-021_task-EyeTracking_physio	219	2758.048	2999.718	241.670	1340.540	537.095	0.095	0.018	0.192	0.222
sub-021_task-EyeTracking_physio	220	-885.775	-527.432	358.343	1284.090	724.085	0.090	0.019	0.203	0.226
sub-021_task-EyeTracking_physio	220	-319.099	214.246	533.345	1275.275	711.588	0.105	0.056	0.300	0.682
sub-021_task-EyeTracking_physio	220	230.921	522.590	291.669	1291.510	728.655	0.081	0.032	0.180	0.403
sub-021_task-EyeTracking_physio	220	564.253	839.261	275.008	902.485	798.890	0.122	0.031	0.282	0.274
sub-021_task-EyeTracking_physio	220	872.591	1014.267	141.676	1026.320	657.260	0.084	0.015	0.178	0.203
sub-021_task-EyeTracking_physio	220	1030.934	1297.606	266.672	1071.465	683.257	0.097	0.027	0.205	0.304
sub-021_task-EyeTracking_physio	220	1339.272	1530.948	191.676	1506.980	697.065	0.092	0.019	0.205	0.262
sub-021_task-EyeTracking_physio	220	1547.614	1714.281	166.667	1545.215	712.923	0.106	0.033	0.191	0.313
sub-021_task-EyeTracking_physio	220	1722.614	2180.955	458.341	1564.520	714.060	0.109	0.039	0.295	0.365
sub-021_task-EyeTracking_physio	220	2214.293	2364.296	150.003	1259.758	591.737	0.107	0.028	0.351	0.311
sub-021_task-EyeTracking_physio	220	2397.627	2922.641	525.014	1572.810	705.760	0.133	0.067	0.401	0.485
sub-021_task-EyeTracking_physio	221	-2003.646	-828.620	1175.026	1271.075	699.600	0.106	0.043	0.272	0.499
sub-021_task-EyeTracking_physio	221	-720.283	-153.605	566.678	1268.923	718.617	0.116	0.053	0.309	0.630
sub-021_task-EyeTracking_physio	221	-145.272	221.404	366.676	1280.295	696.595	0.094	0.036	0.179	0.479
sub-021_task-EyeTracking_physio	221	238.071	379.739	141.668	1263.850	740.360	0.120	0.036	0.231	0.361
sub-021_task-EyeTracking_physio	221	404.743	921.419	516.676	1116.610	962.178	0.252	0.142	0.382	1.271
sub-021_task-EyeTracking_physio	221	938.090	1221.427	283.337	1043.870	853.525	0.172	0.049	0.242	0.516
sub-021_task-EyeTracking_physio	221	1254.761	1471.430	216.669	1024.950	669.247	0.118	0.036	0.335	0.359
sub-021_task-EyeTracking_physio	221	1504.763	1638.101	133.338	1154.900	666.790	0.082	0.013	0.207	0.145
sub-021_task-EyeTracking_physio	221	1663.103	1788.106	125.003	1264.265	707.120	0.123	0.052	0.251	0.488
sub-021_task-EyeTracking_physio	221	1838.106	2063.112	225.006	1505.250	991.110	0.177	0.049	0.281	0.466
sub-021_task-EyeTracking_physio	221	2104.782	2379.786	275.004	1062.220	1044.345	0.217	0.087	0.371	0.723
sub-021_task-EyeTracking_physio	221	2413.119	2521.458	108.339	1294.190	992.655	0.152	0.074	0.353	0.375
sub-021_task-EyeTracking_physio	221	2554.789	3004.798	450.009	1472.670	882.180	0.191	0.101	0.415	0.810
sub-021_task-EyeTracking_physio	222	-1034.854	-634.843	400.011	1288.592	717.973	0.133	0.097	0.595	0.563
sub-021_task-EyeTracking_physio	222	-493.174	373.514	866.688	1285.087	720.745	0.189	0.076	0.274	1.110
sub-021_task-EyeTracking_physio	222	406.846	606.852	200.006	1201.355	700.112	0.111	0.026	0.270	0.283
sub-021_task-EyeTracking_physio	222	631.852	790.185	158.333	1157.390	707.415	0.111	0.023	0.269	0.232
sub-021_task-EyeTracking_physio	222	831.852	1015.192	183.340	968.777	583.192	0.095	0.024	0.401	0.198
sub-021_task-EyeTracking_physio	222	1031.859	1273.537	241.678	974.580	540.440	0.085	0.016	0.218	0.172
sub-021_task-EyeTracking_physio	222	1298.537	1731.875	433.338	925.220	540.597	0.087	0.021	0.172	0.283
sub-021_task-EyeTracking_physio	222	1773.544	2056.882	283.338	1121.648	788.553	0.161	0.042	0.220	0.573
sub-021_task-EyeTracking_physio	222	2098.549	2206.887	108.338	1491.050	731.245	0.110	0.023	0.295	0.157
sub-021_task-EyeTracking_physio	222	2223.553	2640.226	416.673	1633.538	709.865	0.112	0.035	0.324	0.318
sub-021_task-EyeTracking_physio	222	2681.900	2940.234	258.334	1431.665	661.115	0.092	0.027	0.281	0.253
sub-021_task-EyeTracking_physio	223	-995.365	287.989	1283.354	1281.980	713.540	0.134	0.140	1.587	0.617
sub-021_task-EyeTracking_physio	223	312.994	479.664	166.670	1358.990	669.572	0.100	0.028	0.256	0.243
sub-021_task-EyeTracking_physio	223	504.665	763.001	258.336	1447.465	694.645	0.095	0.019	0.229	0.261
sub-021_task-EyeTracking_physio	223	779.667	1546.357	766.690	1349.347	659.655	0.100	0.036	0.393	0.325
sub-021_task-EyeTracking_physio	223	1588.022	1754.692	166.670	1037.142	835.280	0.248	0.101	0.268	0.856
sub-021_task-EyeTracking_physio	223	1788.027	2396.370	608.343	1335.100	660.875	0.104	0.062	0.613	0.295
sub-021_task-EyeTracking_physio	223	2446.375	2696.383	250.008	1479.017	666.030	0.086	0.019	0.193	0.244
sub-021_task-EyeTracking_physio	223	2713.050	2896.386	183.336	1474.378	597.882	0.090	0.024	0.185	0.229
sub-021_task-EyeTracking_physio	224	-3055.485	-2913.813	141.672	1288.850	675.445	0.173	0.071	0.395	0.680
sub-021_task-EyeTracking_physio	224	-2897.146	-2238.800	658.346	1275.450	709.495	0.109	0.031	0.302	0.382
sub-021_task-EyeTracking_physio	224	-2097.133	-1872.122	225.011	1279.155	704.355	0.147	0.043	0.202	0.694
sub-021_task-EyeTracking_physio	224	-1422.116	294.588	1716.704	1275.375	706.702	0.110	0.129	0.479	0.818
sub-021_task-EyeTracking_physio	224	327.919	577.929	250.010	1184.023	797.680	0.116	0.032	0.269	0.290
sub-021_task-EyeTracking_physio	224	602.933	786.267	183.334	1315.463	837.602	0.246	0.070	0.248	0.617
sub-021_task-EyeTracking_physio	224	811.268	969.603	158.335	1100.165	945.010	0.221	0.102	0.368	0.487
sub-021_task-EyeTracking_physio	224	986.268	1327.946	341.678	1120.350	970.185	0.246	0.102	0.310	1.035
sub-021_task-EyeTracking_physio	224	1361.280	1636.286	275.006	1429.610	896.980	0.148	0.045	0.225	0.498
sub-021_task-EyeTracking_physio	224	1652.957	1977.961	325.004	1463.190	856.140	0.208	0.064	0.327	0.526
sub-021_task-EyeTracking_physio	224	2002.960	2177.965	175.005	1403.750	846.850	0.183	0.052	0.233	0.554
sub-021_task-EyeTracking_physio	224	2211.299	2411.303	200.004	1390.408	577.673	0.108	0.030	0.168	0.380
sub-021_task-EyeTracking_physio	224	2461.306	2827.982	366.676	1502.863	819.410	0.240	0.063	0.272	0.652
sub-021_task-EyeTracking_physio	224	2869.650	3002.987	133.337	1454.040	586.440	0.126	0.021	0.236	0.227
sub-021_task-EyeTracking_physio	225	-1443.410	414.964	1858.374	1279.415	711.920	0.114	0.067	0.426	0.793
sub-021_task-EyeTracking_physio	225	448.296	681.636	233.340	1257.880	634.593	0.104	0.031	0.245	0.275
sub-021_task-EyeTracking_physio	225	698.303	923.307	225.004	1247.160	607.460	0.103	0.021	0.234	0.218
sub-021_task-EyeTracking_physio	225	956.641	1481.653	525.012	1270.735	761.970	0.186	0.089	0.221	1.039
sub-021_task-EyeTracking_physio	225	1506.653	1664.996	158.343	1251.325	696.510	0.111	0.024	0.209	0.273
sub-021_task-EyeTracking_physio	225	1681.662	1848.326	166.664	1231.418	619.832	0.102	0.024	0.174	0.242
sub-021_task-EyeTracking_physio	225	1881.659	2031.663	150.004	983.508	607.460	0.090	0.014	0.208	0.209
sub-021_task-EyeTracking_physio	225	2048.336	2240.005	191.669	889.330	588.960	0.129	0.027	0.220	0.240
sub-021_task-EyeTracking_physio	225	2273.338	2456.679	183.341	1389.363	645.527	0.133	0.039	0.339	0.241
sub-021_task-EyeTracking_physio	225	2481.678	2648.348	166.670	1422.970	668.030	0.092	0.019	0.191	0.231
sub-021_task-EyeTracking_physio	225	2665.015	2815.016	150.001	1481.578	721.293	0.128	0.030	0.188	0.315
sub-021_task-EyeTracking_physio	225	2840.021	2998.358	158.337	1284.315	820.240	0.286	0.141	0.571	0.440
sub-021_task-EyeTracking_physio	226	-5093.635	-4118.615	975.020	1277.670	712.325	0.108	0.030	0.259	0.477
sub-021_task-EyeTracking_physio	226	-1343.552	-1210.214	133.338	1280.445	709.633	0.159	0.042	0.133	0.490
sub-021_task-EyeTracking_physio	226	-1060.207	-943.539	116.668	1282.020	716.580	0.190	0.061	0.246	0.480
sub-021_task-EyeTracking_physio	226	-468.529	-226.859	241.670	1284.590	728.945	0.095	0.017	0.203	0.181
sub-021_task-EyeTracking_physio	226	-210.192	323.152	533.344	1271.870	717.293	0.101	0.036	0.291	0.383
sub-021_task-EyeTracking_physio	226	348.153	523.162	175.009	1359.795	683.975	0.098	0.030	0.289	0.203
sub-021_task-EyeTracking_physio	226	539.828	789.834	250.006	1473.205	691.072	0.109	0.023	0.283	0.234
sub-021_task-EyeTracking_physio	226	823.167	1106.504	283.337	1113.912	670.690	0.106	0.027	0.366	0.227
sub-021_task-EyeTracking_physio	226	1131.504	1364.843	233.339	1028.490	657.908	0.098	0.017	0.169	0.173
sub-021_task-EyeTracking_physio	226	1398.179	1623.184	225.005	1513.640	684.945	0.152	0.034	0.427	0.189
sub-021_task-EyeTracking_physio	226	1639.850	1981.526	341.676	1552.730	706.135	0.110	0.031	0.254	0.258
sub-021_task-EyeTracking_physio	226	2014.860	2198.193	183.333	1447.805	644.640	0.075	0.019	0.229	0.222
sub-021_task-EyeTracking_physio	226	2239.864	2439.868	200.004	913.923	754.753	0.149	0.054	0.381	0.401
sub-021_task-EyeTracking_physio	226	2456.534	2756.543	300.009	881.260	753.308	0.107	0.040	0.243	0.344
sub-021_task-EyeTracking_physio	226	2773.208	2998.212	225.004	977.300	646.340	0.081	0.028	0.178	0.346
sub-021_task-EyeTracking_physio	227	-898.387	-673.383	225.004	1252.275	698.065	0.317	0.298	2.297	0.521
sub-021_task-EyeTracking_physio	227	-648.384	-523.381	125.003	1272.160	706.545	0.079	0.016	0.186	0.169
sub-021_task-EyeTracking_physio	227	-348.380	268.305	616.685	1275.568	711.105	0.114	0.037	0.301	0.528
sub-021_task-EyeTracking_physio	227	293.305	468.310	175.005	1149.275	679.925	0.117	0.047	0.237	0.385
sub-021_task-EyeTracking_physio	227	501.644	1043.320	541.676	925.125	767.240	0.102	0.026	0.215	0.358
sub-021_task-EyeTracking_physio	227	1068.321	1359.993	291.672	936.855	644.700	0.109	0.035	0.235	0.465
sub-021_task-EyeTracking_physio	227	1384.993	1584.997	200.004	965.172	630.535	0.086	0.014	0.156	0.223
sub-021_task-EyeTracking_physio	227	1626.664	2035.007	408.343	1417.995	655.150	0.101	0.025	0.268	0.259
sub-021_task-EyeTracking_physio	227	2060.013	2276.680	216.667	1428.128	713.272	0.086	0.014	0.147	0.250
sub-021_task-EyeTracking_physio	227	2318.353	2518.352	199.999	1192.965	505.310	0.093	0.023	0.295	0.211
sub-021_task-EyeTracking_physio	227	2551.685	3001.698	450.013	938.770	518.640	0.099	0.021	0.341	0.270
sub-021_task-EyeTracking_physio	228	-511.687	-336.680	175.007	1235.790	664.110	0.710	1.468	5.495	4.035
sub-021_task-EyeTracking_physio	228	-320.015	279.996	600.011	1277.408	715.675	0.102	0.031	0.253	0.377
sub-021_task-EyeTracking_physio	228	296.669	513.336	216.667	1292.240	659.215	0.112	0.027	0.201	0.314
sub-021_task-EyeTracking_physio	228	546.670	746.676	200.006	1005.980	626.860	0.090	0.034	0.344	0.306
sub-021_task-EyeTracking_physio	228	771.677	1013.351	241.674	1011.820	1032.815	0.155	0.081	0.296	0.844
sub-021_task-EyeTracking_physio	228	1038.351	1155.020	116.669	1263.365	1031.145	0.158	0.059	0.304	0.281
sub-021_task-EyeTracking_physio	228	1205.023	1363.358	158.335	1343.440	646.965	0.092	0.027	0.239	0.199
sub-021_task-EyeTracking_physio	228	1396.691	1580.029	183.338	1558.940	667.070	0.108	0.020	0.223	0.158
sub-021_task-EyeTracking_physio	228	1605.030	1746.704	141.674	1614.280	697.535	0.113	0.023	0.264	0.222
sub-021_task-EyeTracking_physio	228	1763.368	2063.371	300.003	1648.997	726.378	0.091	0.021	0.226	0.258
sub-021_task-EyeTracking_physio	228	2096.706	2280.044	183.338	1564.800	519.977	0.096	0.033	0.190	0.304
sub-021_task-EyeTracking_physio	228	2313.377	2630.049	316.672	1280.455	451.658	0.107	0.075	0.496	0.335
sub-021_task-EyeTracking_physio	228	2655.050	2955.060	300.010	1159.570	462.745	0.105	0.027	0.431	0.214
sub-021_task-EyeTracking_physio	229	-235.004	348.343	583.347	1275.960	713.457	0.122	0.047	0.523	0.371
sub-021_task-EyeTracking_physio	229	381.678	581.680	200.002	1412.683	736.332	0.107	0.020	0.171	0.236
sub-021_task-EyeTracking_physio	229	623.350	956.689	333.339	1005.243	568.768	0.104	0.056	0.372	0.385
sub-021_task-EyeTracking_physio	229	998.356	1223.364	225.008	1390.725	745.735	0.104	0.033	0.272	0.306
sub-021_task-EyeTracking_physio	229	1231.697	1365.034	133.337	1412.347	754.090	0.105	0.024	0.200	0.269
sub-021_task-EyeTracking_physio	229	1390.033	1781.709	391.676	1498.545	720.255	0.110	0.029	0.240	0.242
sub-021_task-EyeTracking_physio	229	1798.377	2140.051	341.674	1679.830	732.140	0.121	0.031	0.301	0.279
sub-021_task-EyeTracking_physio	229	2190.055	2465.059	275.004	1072.785	782.810	0.130	0.042	0.449	0.252
sub-021_task-EyeTracking_physio	229	2490.059	2648.396	158.337	1234.975	771.710	0.115	0.025	0.188	0.258
sub-021_task-EyeTracking_physio	229	2673.396	2865.071	191.675	1402.485	765.775	0.114	0.026	0.217	0.271
sub-021_task-EyeTracking_physio	229	2890.070	2998.410	108.340	1216.370	880.955	0.201	0.107	0.428	0.398
sub-021_task-EyeTracking_physio	230	-3300.742	-3000.738	300.004	1266.015	746.835	0.123	0.035	0.331	0.283
sub-021_task-EyeTracking_physio	230	-375.671	-225.668	150.003	1331.888	695.245	0.123	0.155	0.496	0.641
sub-021_task-EyeTracking_physio	230	-209.002	249.349	458.351	1291.730	702.575	0.098	0.109	0.441	0.754
sub-021_task-EyeTracking_physio	230	274.347	474.349	200.002	1131.562	717.188	0.100	0.060	0.390	0.317
sub-021_task-EyeTracking_physio	230	507.688	749.363	241.675	1030.920	792.955	0.102	0.025	0.186	0.276
sub-021_task-EyeTracking_physio	230	791.027	1157.705	366.678	1567.903	707.405	0.093	0.039	0.322	0.351
sub-021_task-EyeTracking_physio	230	1182.703	1516.043	333.340	1594.185	694.768	0.094	0.025	0.231	0.311
sub-021_task-EyeTracking_physio	230	1557.712	1866.050	308.338	1222.095	817.880	0.145	0.089	0.290	0.740
sub-021_task-EyeTracking_physio	230	1941.054	2191.060	250.006	1362.902	575.600	0.091	0.025	0.225	0.299
sub-021_task-EyeTracking_physio	230	2224.392	2516.066	291.674	1215.850	532.045	0.098	0.036	0.223	0.369
sub-021_task-EyeTracking_physio	230	2549.398	2732.738	183.340	1515.745	654.787	0.113	0.029	0.213	0.446
sub-021_task-EyeTracking_physio	230	2757.739	2999.413	241.674	1576.710	687.415	0.106	0.020	0.221	0.212
sub-021_task-EyeTracking_physio	231	-677.382	-252.374	425.008	1277.330	696.325	0.090	0.057	0.272	0.475
sub-021_task-EyeTracking_physio	231	-77.366	314.311	391.677	1288.045	734.905	0.114	0.046	0.197	0.611
sub-021_task-EyeTracking_physio	231	339.312	522.647	183.335	1354.540	677.923	0.123	0.034	0.198	0.351
sub-021_task-EyeTracking_physio	231	547.646	847.659	300.013	1514.745	673.470	0.106	0.029	0.362	0.267
sub-021_task-EyeTracking_physio	231	864.325	1105.994	241.669	1676.905	637.280	0.131	0.029	0.369	0.238
sub-021_task-EyeTracking_physio	231	1122.661	1330.993	208.332	1658.940	512.545	0.105	0.023	0.198	0.290
sub-021_task-EyeTracking_physio	231	1347.660	1847.678	500.018	1514.225	531.433	0.087	0.032	0.305	0.359
sub-021_task-EyeTracking_physio	231	1889.349	2114.346	224.997	1515.705	712.285	0.124	0.041	0.199	0.394
sub-021_task-EyeTracking_physio	231	2147.686	2347.689	200.003	1350.137	844.800	0.192	0.064	0.214	0.569
sub-021_task-EyeTracking_physio	231	2381.019	2664.362	283.343	1018.305	912.898	0.199	0.055	0.312	0.523
sub-021_task-EyeTracking_physio	231	2689.360	2914.363	225.003	1031.600	768.005	0.121	0.028	0.248	0.250
sub-021_task-EyeTracking_physio	232	-3035.312	-2710.307	325.005	1271.740	746.960	0.124	0.035	0.329	0.504
sub-021_task-EyeTracking_physio	232	-2693.640	-2443.636	250.004	1271.387	719.003	0.105	0.022	0.217	0.280
sub-021_task-EyeTracking_physio	232	-276.921	306.424	583.345	1278.150	723.147	0.112	0.031	0.201	0.477
sub-021_task-EyeTracking_physio	232	331.425	473.093	141.668	1216.770	722.840	0.078	0.025	0.234	0.247
sub-021_task-EyeTracking_physio	232	514.766	781.437	266.671	1012.638	485.785	0.103	0.029	0.255	0.275
sub-021_task-EyeTracking_physio	232	831.437	1073.108	241.671	1217.215	678.015	0.094	0.029	0.275	0.340
sub-021_task-EyeTracking_physio	232	1106.442	1473.120	366.678	1551.280	739.697	0.102	0.036	0.394	0.294
sub-021_task-EyeTracking_physio	232	1498.121	1648.121	150.000	1676.730	761.955	0.100	0.023	0.249	0.230
sub-021_task-EyeTracking_physio	232	1714.792	2031.462	316.670	1018.327	995.837	0.167	0.080	0.528	0.522
sub-021_task-EyeTracking_physio	232	2073.132	2273.136	200.004	1287.825	724.630	0.089	0.017	0.205	0.239
sub-021_task-EyeTracking_physio	232	2298.136	2573.145	275.009	1296.225	619.550	0.101	0.036	0.206	0.379
sub-021_task-EyeTracking_physio	232	2589.813	2739.815	150.002	1336.855	635.778	0.096	0.022	0.198	0.215
sub-021_task-EyeTracking_physio	232	2764.816	2998.154	233.338	1177.012	574.965	0.096	0.018	0.228	0.177
sub-021_task-EyeTracking_physio	233	-872.283	-738.950	133.333	1297.730	722.337	0.091	0.024	0.161	0.230
sub-021_task-EyeTracking_physio	233	-730.612	311.076	1041.688	1278.090	735.865	0.093	0.055	0.287	0.615
sub-021_task-EyeTracking_physio	233	336.077	544.413	208.336	1149.390	714.185	0.085	0.015	0.209	0.168
sub-021_task-EyeTracking_physio	233	569.412	844.423	275.011	1069.045	724.600	0.100	0.032	0.266	0.296
sub-021_task-EyeTracking_physio	233	894.423	1261.098	366.675	1474.130	721.673	0.090	0.017	0.213	0.182
sub-021_task-EyeTracking_physio	233	1286.100	1619.438	333.338	1699.807	865.815	0.136	0.043	0.400	0.393
sub-021_task-EyeTracking_physio	233	1669.441	1794.444	125.003	1454.355	628.570	0.097	0.015	0.140	0.192
sub-021_task-EyeTracking_physio	233	1819.443	1977.780	158.337	1357.560	597.920	0.105	0.025	0.299	0.188
sub-021_task-EyeTracking_physio	233	1994.446	2527.791	533.345	1380.572	615.215	0.096	0.032	0.297	0.249
sub-021_task-EyeTracking_physio	233	2561.126	2894.464	333.338	1101.763	682.080	0.083	0.029	0.211	0.411
sub-021_task-EyeTracking_physio	234	-1011.902	-845.230	166.672	1298.832	700.688	0.095	0.028	0.230	0.209
sub-021_task-EyeTracking_physio	234	-836.898	-636.890	200.008	1276.523	712.255	0.078	0.015	0.157	0.192
sub-021_task-EyeTracking_physio	234	-495.226	404.795	900.021	1273.220	723.253	0.112	0.106	0.279	1.367
sub-021_task-EyeTracking_physio	234	438.129	621.468	183.339	1068.322	766.115	0.093	0.022	0.200	0.264
sub-021_task-EyeTracking_physio	234	646.468	854.802	208.334	1166.490	850.130	0.152	0.049	0.228	0.409
sub-021_task-EyeTracking_physio	234	863.137	1046.477	183.340	1168.682	880.545	0.240	0.088	0.324	0.803
sub-021_task-EyeTracking_physio	234	1063.143	1479.818	416.675	1049.955	918.467	0.361	3.491	5.784	1.541
sub-021_task-EyeTracking_physio	234	1529.819	1704.823	175.004	1572.825	791.790	0.131	0.031	0.187	0.337
sub-021_task-EyeTracking_physio	234	1729.823	2004.827	275.004	1661.020	773.465	0.104	0.034	0.335	0.299
sub-021_task-EyeTracking_physio	234	2021.493	2263.167	241.674	1549.450	866.415	0.230	0.098	0.425	0.601
sub-021_task-EyeTracking_physio	234	2296.502	2446.500	149.998	1344.830	775.820	0.134	0.035	0.279	0.264
sub-021_task-EyeTracking_physio	234	2471.512	2738.177	266.665	1422.010	582.100	0.085	0.032	0.170	0.393
sub-021_task-EyeTracking_physio	234	2754.844	3004.853	250.009	1461.245	572.455	0.074	0.014	0.179	0.168
sub-021_task-EyeTracking_physio	235	-662.142	-487.136	175.006	1287.630	712.015	0.132	0.052	0.336	0.413
sub-021_task-EyeTracking_physio	235	-337.134	-45.457	291.677	1268.205	729.690	0.148	0.074	0.235	0.859
sub-021_task-EyeTracking_physio	235	-37.125	221.214	258.339	1286.060	717.130	0.108	0.039	0.200	0.418
sub-021_task-EyeTracking_physio	235	246.214	437.884	191.670	1167.085	833.805	0.208	0.059	0.280	0.533
sub-021_task-EyeTracking_physio	235	471.220	621.223	150.003	894.530	872.293	0.104	0.027	0.248	0.295
sub-021_task-EyeTracking_physio	235	654.556	862.895	208.339	890.565	823.000	0.108	0.026	0.227	0.326
sub-021_task-EyeTracking_physio	235	896.229	1112.897	216.668	1165.457	842.015	0.160	0.071	0.362	0.471
sub-021_task-EyeTracking_physio	235	1137.904	1454.574	316.670	1188.037	652.938	0.133	0.039	0.193	0.509
sub-021_task-EyeTracking_physio	235	1471.241	1679.580	208.339	1219.255	671.775	0.086	0.015	0.136	0.239
sub-021_task-EyeTracking_physio	235	1712.914	2112.921	400.007	1547.125	676.572	0.095	0.027	0.311	0.291
sub-021_task-EyeTracking_physio	235	2146.256	2437.931	291.675	1469.085	542.955	0.096	0.021	0.244	0.229
sub-021_task-EyeTracking_physio	235	2454.598	2929.606	475.008	1584.075	574.430	0.088	0.025	0.321	0.290
sub-021_task-EyeTracking_physio	236	-2524.735	-1833.052	691.683	1276.360	724.725	0.088	0.020	0.248	0.293
sub-021_task-EyeTracking_physio	236	-1599.712	-1408.045	191.667	1256.045	727.065	0.119	0.108	0.479	0.430
sub-021_task-EyeTracking_physio	236	-891.363	-541.357	350.006	1262.062	715.803	0.105	0.122	0.461	0.480
sub-021_task-EyeTracking_physio	236	-533.023	317.003	850.026	1277.780	724.180	0.088	0.032	0.246	0.419
sub-021_task-EyeTracking_physio	236	342.002	592.006	250.004	1083.840	725.152	0.118	0.051	0.259	0.442
sub-021_task-EyeTracking_physio	236	608.673	1108.684	500.011	1049.942	664.250	0.098	0.040	0.282	0.428
sub-021_task-EyeTracking_physio	236	1125.352	1342.019	216.667	1000.092	695.090	0.105	0.019	0.209	0.215
sub-021_task-EyeTracking_physio	236	1367.027	1533.693	166.666	1093.915	739.705	0.120	0.030	0.204	0.301
sub-021_task-EyeTracking_physio	236	1575.362	1808.701	233.339	1454.798	701.567	0.107	0.027	0.378	0.242
sub-021_task-EyeTracking_physio	236	1833.701	1983.704	150.003	1566.400	698.113	0.114	0.026	0.250	0.248
sub-021_task-EyeTracking_physio	236	2000.371	2183.710	183.339	1388.555	680.470	0.121	0.032	0.340	0.210
sub-021_task-EyeTracking_physio	236	2217.042	2425.385	208.343	1422.460	531.695	0.088	0.025	0.213	0.323
sub-021_task-EyeTracking_physio	236	2450.384	2900.390	450.006	1480.527	508.200	0.074	0.017	0.168	0.279
sub-021_task-EyeTracking_physio	237	-337.371	345.981	683.352	1275.307	721.717	0.095	0.051	0.403	0.420
sub-021_task-EyeTracking_physio	237	362.648	537.650	175.002	1277.140	671.260	0.116	0.027	0.248	0.205
sub-021_task-EyeTracking_physio	237	562.649	720.990	158.341	1272.985	609.280	0.086	0.025	0.191	0.290
sub-021_task-EyeTracking_physio	237	737.655	962.660	225.005	1271.940	588.380	0.097	0.024	0.178	0.307
sub-021_task-EyeTracking_physio	237	1004.331	1246.002	241.671	1176.240	947.775	0.215	0.086	0.330	0.768
sub-021_task-EyeTracking_physio	237	1262.668	1454.339	191.671	1168.675	850.395	0.184	0.045	0.225	0.449
sub-021_task-EyeTracking_physio	237	1596.009	1904.348	308.339	1480.940	779.730	0.119	0.044	0.266	0.685
sub-021_task-EyeTracking_physio	237	1929.349	2187.690	258.341	1630.290	810.405	0.111	0.043	0.306	0.371
sub-021_task-EyeTracking_physio	237	2437.692	2804.367	366.675	1572.273	763.860	0.125	0.062	0.205	0.793
sub-021_task-EyeTracking_physio	237	2846.040	3004.375	158.335	1330.925	746.380	0.139	0.036	0.392	0.216
sub-021_task-EyeTracking_physio	238	-712.678	320.674	1033.352	1274.845	718.685	0.103	0.047	0.320	0.611
sub-021_task-EyeTracking_physio	238	345.680	487.350	141.670	1310.270	721.105	0.109	0.031	0.170	0.303
sub-021_task-EyeTracking_physio	238	504.015	729.021	225.006	1320.905	747.495	0.102	0.019	0.166	0.176
sub-021_task-EyeTracking_physio	238	762.356	895.690	133.334	1141.418	690.527	0.104	0.040	0.414	0.230
sub-021_task-EyeTracking_physio	238	920.690	1404.035	483.345	1335.375	747.840	0.101	0.030	0.302	0.299
sub-021_task-EyeTracking_physio	238	1420.701	1629.037	208.336	1315.240	749.430	0.105	0.026	0.214	0.252
sub-021_task-EyeTracking_physio	238	1870.711	2120.718	250.007	1323.485	742.562	0.153	0.143	0.227	1.334
sub-021_task-EyeTracking_physio	238	2162.384	2395.722	233.338	1459.303	807.520	0.084	0.022	0.224	0.236
sub-021_task-EyeTracking_physio	238	2412.388	2579.064	166.676	1498.375	803.362	0.107	0.030	0.169	0.269
sub-021_task-EyeTracking_physio	238	2604.062	2770.733	166.671	1512.445	708.390	0.121	0.027	0.225	0.283
sub-021_task-EyeTracking_physio	238	2795.733	3004.071	208.338	1441.530	707.970	0.078	0.020	0.245	0.211
sub-021_task-EyeTracking_physio	239	-282.452	-82.451	200.001	1295.610	710.845	0.108	0.027	0.224	0.261
sub-021_task-EyeTracking_physio	239	-74.116	317.560	391.676	1277.915	715.060	0.111	0.037	0.216	0.517
sub-021_task-EyeTracking_physio	239	342.559	509.232	166.673	1358.945	780.975	0.122	0.022	0.172	0.262
sub-021_task-EyeTracking_physio	239	542.565	800.904	258.339	1318.065	580.680	0.081	0.015	0.134	0.226
sub-021_task-EyeTracking_physio	239	825.903	984.242	158.339	1281.200	614.895	0.074	0.015	0.114	0.212
sub-021_task-EyeTracking_physio	239	1017.578	1184.246	166.668	1563.035	741.475	0.108	0.031	0.244	0.295
sub-021_task-EyeTracking_physio	239	1192.580	1325.917	133.337	1546.005	1045.330	7.312	82.787	6.193	11.064
sub-021_task-EyeTracking_physio	239	1359.247	1550.922	191.675	1534.690	751.265	0.155	0.096	0.210	0.883
sub-021_task-EyeTracking_physio	239	1575.922	1825.931	250.009	1388.608	784.575	0.126	0.047	0.360	0.492
sub-021_task-EyeTracking_physio	239	1850.930	2184.270	333.340	1365.838	557.490	0.095	0.028	0.201	0.388
sub-021_task-EyeTracking_physio	239	2209.270	2725.948	516.678	1380.215	505.663	0.083	0.025	0.269	0.351
sub-021_task-EyeTracking_physio	239	2767.614	3000.954	233.340	1502.260	646.385	0.100	0.036	0.249	0.376
sub-021_task-EyeTracking_physio	240	-2987.246	-2562.234	425.012	1273.730	702.800	0.115	0.063	0.514	0.478
sub-021_task-EyeTracking_physio	240	-1728.884	-1545.544	183.340	1288.827	705.188	0.126	0.067	0.272	0.457
sub-021_task-EyeTracking_physio	240	-1378.874	304.498	1683.372	1272.202	714.608	0.103	0.106	0.409	0.807
sub-021_task-EyeTracking_physio	240	321.165	662.840	341.675	1296.580	753.310	0.115	0.044	0.296	0.366
sub-021_task-EyeTracking_physio	240	704.507	971.183	266.676	1618.477	845.970	0.184	0.079	0.394	0.679
sub-021_task-EyeTracking_physio	240	987.849	1271.186	283.337	1592.085	882.608	0.160	0.049	0.210	0.606
sub-021_task-EyeTracking_physio	240	1296.188	1512.864	216.676	1504.195	708.618	0.083	0.023	0.192	0.271
sub-021_task-EyeTracking_physio	240	1537.864	1637.865	100.001	1591.372	708.865	0.084	0.021	0.152	0.216
sub-021_task-EyeTracking_physio	240	1662.865	1837.867	175.002	1623.120	659.985	0.125	0.050	0.367	0.408
sub-021_task-EyeTracking_physio	240	1879.536	2071.207	191.671	1099.020	709.940	0.076	0.041	0.359	0.206
sub-021_task-EyeTracking_physio	240	2104.540	2696.223	591.683	1008.135	533.895	0.091	0.024	0.219	0.364
sub-021_task-EyeTracking_physio	240	2729.556	3004.562	275.006	1001.935	699.650	0.105	0.024	0.182	0.419
sub-021_task-EyeTracking_physio	241	-2017.418	-1867.415	150.003	1253.007	768.798	0.159	0.057	0.201	0.538
sub-021_task-EyeTracking_physio	241	-1850.746	-1659.080	191.666	1272.320	728.950	0.087	0.020	0.226	0.177
sub-021_task-EyeTracking_physio	241	-1450.739	-1275.736	175.003	1262.515	718.945	0.110	0.039	0.230	0.412
sub-021_task-EyeTracking_physio	241	-825.722	-650.719	175.003	1268.360	699.945	0.112	0.042	0.184	0.461
sub-021_task-EyeTracking_physio	241	-534.051	282.638	816.689	1269.577	714.048	0.105	0.102	0.499	0.581
sub-021_task-EyeTracking_physio	241	315.970	515.977	200.007	1316.075	810.483	0.124	0.026	0.185	0.302
sub-021_task-EyeTracking_physio	241	540.976	782.649	241.673	1169.315	770.560	0.103	0.029	0.263	0.340
sub-021_task-EyeTracking_physio	241	790.985	1007.657	216.672	1160.358	749.925	0.092	0.022	0.186	0.318
sub-021_task-EyeTracking_physio	241	1049.326	1174.327	125.001	1675.080	1124.980	0.882	3.346	1.657	1.560
sub-021_task-EyeTracking_physio	241	1224.326	1457.665	233.339	1653.328	807.303	0.176	0.059	0.215	0.743
sub-021_task-EyeTracking_physio	241	1474.332	1666.006	191.674	1644.830	777.775	0.101	0.024	0.181	0.267
sub-021_task-EyeTracking_physio	241	1682.673	2132.680	450.007	1641.950	751.288	0.125	0.042	0.268	0.420
sub-021_task-EyeTracking_physio	241	2141.014	2557.694	416.680	1618.160	774.560	0.091	0.036	0.283	0.436
sub-021_task-EyeTracking_physio	241	2607.690	2766.027	158.337	1089.275	520.195	0.092	0.036	0.255	0.223
sub-021_task-EyeTracking_physio	241	2782.694	2999.366	216.672	1029.713	483.788	0.101	0.024	0.210	0.278
sub-021_task-EyeTracking_physio	242	-707.581	-582.583	124.998	1031.465	462.485	0.079	0.025	0.173	0.253
sub-021_task-EyeTracking_physio	242	-540.909	-382.574	158.335	1250.515	682.225	0.094	0.038	0.292	0.379
sub-021_task-EyeTracking_physio	242	-365.907	-49.230	316.677	1262.650	704.707	0.099	0.018	0.260	0.252
sub-021_task-EyeTracking_physio	242	-32.563	217.440	250.003	1284.555	703.393	0.117	0.031	0.214	0.282
sub-021_task-EyeTracking_physio	242	242.440	409.110	166.670	1341.632	682.793	0.093	0.038	0.229	0.395
sub-021_task-EyeTracking_physio	242	425.776	817.453	391.677	1351.155	668.975	0.108	0.097	0.483	0.487
sub-021_task-EyeTracking_physio	242	850.786	1117.460	266.674	1048.858	750.155	0.134	0.070	0.220	0.667
sub-021_task-EyeTracking_physio	242	1142.462	1425.800	283.338	1054.645	547.527	0.126	0.041	0.319	0.401
sub-021_task-EyeTracking_physio	242	1459.132	1675.806	216.674	1350.220	649.870	0.097	0.028	0.221	0.405
sub-021_task-EyeTracking_physio	242	1709.141	1834.139	124.998	1466.510	883.970	0.273	0.141	0.435	0.512
sub-021_task-EyeTracking_physio	242	1850.806	2025.809	175.003	1421.140	838.225	0.281	0.089	0.272	0.574
sub-021_task-EyeTracking_physio	242	2050.814	2292.481	241.667	1616.775	836.110	0.138	0.058	0.402	0.398
sub-021_task-EyeTracking_physio	242	2334.157	2909.163	575.006	1136.960	845.045	0.174	0.094	0.452	0.553
sub-021_task-EyeTracking_physio	243	-1151.343	-884.671	266.672	1246.955	741.315	0.110	0.045	0.273	0.365
sub-021_task-EyeTracking_physio	243	-693.004	-518.002	175.002	1262.460	717.045	0.136	0.038	0.164	0.403
sub-021_task-EyeTracking_physio	243	-351.331	365.351	716.682	1274.870	712.358	0.105	0.041	0.251	0.445
sub-021_task-EyeTracking_physio	243	390.351	557.025	166.674	1200.213	677.848	0.101	0.032	0.198	0.306
sub-021_task-EyeTracking_physio	243	573.691	823.696	250.005	1174.520	685.560	0.094	0.023	0.223	0.312
sub-021_task-EyeTracking_physio	243	840.363	1115.368	275.005	1199.925	618.990	0.081	0.021	0.209	0.328
sub-021_task-EyeTracking_physio	243	1148.700	1390.372	241.672	1421.345	753.325	0.252	0.084	0.368	0.596
sub-021_task-EyeTracking_physio	243	1415.372	1682.042	266.670	1194.638	685.513	0.118	0.058	0.398	0.471
sub-021_task-EyeTracking_physio	243	1723.711	2598.731	875.020	1592.885	797.875	0.181	0.119	0.419	0.730
sub-021_task-EyeTracking_physio	243	2615.398	2923.742	308.344	1410.670	746.445	0.218	0.088	0.494	0.545
sub-021_task-EyeTracking_physio	244	-448.206	-248.199	200.007	1267.795	705.720	0.143	0.072	0.246	0.548
sub-021_task-EyeTracking_physio	244	-231.534	293.478	525.012	1287.310	718.430	0.178	0.053	0.287	0.683
sub-021_task-EyeTracking_physio	244	318.477	785.157	466.680	1294.403	665.770	0.108	0.043	0.214	0.608
sub-021_task-EyeTracking_physio	244	826.824	1843.513	1016.689	1550.840	664.233	0.093	0.062	0.370	0.547
sub-021_task-EyeTracking_physio	244	1893.512	2651.866	758.354	1163.375	701.870	0.097	0.036	0.300	0.437
sub-021_task-EyeTracking_physio	244	2685.199	3001.870	316.671	1341.675	741.972	0.188	0.077	0.309	0.696
sub-021_task-EyeTracking_physio	245	-2146.787	-1996.783	150.004	1336.507	749.790	0.122	0.027	0.137	0.337
sub-021_task-EyeTracking_physio	245	-1980.116	-1821.779	158.337	1295.345	736.015	0.220	0.072	0.228	0.567
sub-021_task-EyeTracking_physio	245	-1063.433	-755.088	308.345	1303.525	701.295	0.119	0.057	0.201	0.704
sub-021_task-EyeTracking_physio	245	-738.422	369.935	1108.357	1274.850	716.255	0.113	0.044	0.320	0.408
sub-021_task-EyeTracking_physio	245	403.272	711.611	308.339	1025.845	783.255	0.120	0.042	0.248	0.418
sub-021_task-EyeTracking_physio	245	736.610	969.951	233.341	1017.285	739.375	0.084	0.014	0.165	0.203
sub-021_task-EyeTracking_physio	245	1003.283	1153.286	150.003	915.980	692.938	0.093	0.020	0.178	0.200
sub-021_task-EyeTracking_physio	245	1194.959	1444.964	250.005	1343.095	684.555	0.099	0.024	0.339	0.164
sub-021_task-EyeTracking_physio	245	1461.629	1711.635	250.006	1382.850	668.550	0.086	0.023	0.214	0.209
sub-021_task-EyeTracking_physio	245	1736.635	1986.642	250.007	1379.595	523.418	0.084	0.027	0.221	0.304
sub-021_task-EyeTracking_physio	245	2019.974	2253.313	233.339	1639.712	815.365	0.109	0.028	0.198	0.342
sub-021_task-EyeTracking_physio	245	2311.646	2569.986	258.340	1074.010	793.245	0.107	0.026	0.374	0.170
sub-021_task-EyeTracking_physio	245	2594.985	2836.658	241.673	1149.805	718.050	0.107	0.040	0.265	0.396
sub-021_task-EyeTracking_physio	245	2878.324	3003.329	125.005	1355.580	745.890	0.091	0.018	0.195	0.166
sub-021_task-EyeTracking_physio	246	-1333.239	-949.898	383.341	1276.093	726.132	0.118	0.054	0.503	0.408
sub-021_task-EyeTracking_physio	246	-808.227	325.134	1133.361	1273.487	711.465	0.107	0.061	0.330	0.825
sub-021_task-EyeTracking_physio	246	358.466	491.804	133.338	1183.985	616.960	0.089	0.033	0.233	0.272
sub-021_task-EyeTracking_physio	246	533.470	716.809	183.339	988.130	690.105	0.094	0.041	0.173	0.466
sub-021_task-EyeTracking_physio	246	733.475	1000.148	266.673	921.688	656.040	0.093	0.024	0.235	0.240
sub-021_task-EyeTracking_physio	246	1025.149	1308.487	283.338	1209.300	600.785	0.093	0.038	0.317	0.368
sub-021_task-EyeTracking_physio	246	1333.487	1750.166	416.679	1310.447	682.923	0.101	0.042	0.418	0.397
sub-021_task-EyeTracking_physio	246	1775.166	2158.508	383.342	1434.832	820.550	0.227	0.066	0.246	0.750
sub-021_task-EyeTracking_physio	246	2175.175	2416.846	241.671	1369.910	858.915	0.242	0.081	0.246	0.802
sub-021_task-EyeTracking_physio	246	2450.180	2758.520	308.340	1324.195	644.795	0.098	0.043	0.291	0.384
sub-021_task-EyeTracking_physio	246	2783.519	3000.190	216.671	1287.650	680.992	0.110	0.019	0.208	0.236
sub-021_task-EyeTracking_physio	247	-577.632	230.719	808.351	1281.180	711.840	0.120	0.056	0.479	0.512
sub-021_task-EyeTracking_physio	247	255.718	530.723	275.005	1355.820	745.910	0.124	0.102	0.476	0.438
sub-021_task-EyeTracking_physio	247	555.723	747.397	191.674	1335.815	647.480	0.098	0.027	0.157	0.387
sub-021_task-EyeTracking_physio	247	789.063	1030.735	241.672	973.565	740.520	0.099	0.030	0.240	0.368
sub-021_task-EyeTracking_physio	247	1047.402	1239.076	191.674	906.835	751.920	0.106	0.043	0.292	0.323
sub-021_task-EyeTracking_physio	247	1289.075	1497.413	208.338	1578.285	876.070	0.156	0.046	0.391	0.325
sub-021_task-EyeTracking_physio	247	1514.080	1689.084	175.004	1597.745	894.225	0.192	0.050	0.292	0.385
sub-021_task-EyeTracking_physio	247	1722.416	2030.757	308.341	1412.020	645.205	0.106	0.036	0.366	0.261
sub-021_task-EyeTracking_physio	247	2072.423	2455.766	383.343	1621.300	896.375	0.201	0.054	0.281	0.627
sub-021_task-EyeTracking_physio	247	2489.100	2722.437	233.337	1416.872	644.225	0.103	0.031	0.218	0.320
sub-021_task-EyeTracking_physio	247	2764.102	3005.771	241.669	1628.585	974.855	0.191	0.089	0.372	0.689
sub-021_task-EyeTracking_physio	248	-774.652	250.370	1025.022	1280.325	697.305	0.130	0.099	0.927	0.591
sub-021_task-EyeTracking_physio	248	275.371	492.039	216.668	1197.707	630.220	0.113	0.039	0.241	0.318
sub-021_task-EyeTracking_physio	248	517.039	767.045	250.006	1071.938	629.060	0.117	0.037	0.352	0.327
sub-021_task-EyeTracking_physio	248	808.716	1117.054	308.338	1360.050	624.755	0.115	0.038	0.319	0.411
sub-021_task-EyeTracking_physio	248	1125.387	1400.393	275.006	1343.390	640.760	0.087	0.021	0.185	0.270
sub-021_task-EyeTracking_physio	248	1433.726	1717.069	283.343	1524.575	645.880	0.105	0.022	0.194	0.270
sub-021_task-EyeTracking_physio	248	1733.736	1933.737	200.001	1490.387	649.040	0.089	0.014	0.174	0.178
sub-021_task-EyeTracking_physio	248	1967.077	2100.412	133.335	1408.992	498.500	0.108	0.030	0.214	0.282
sub-021_task-EyeTracking_physio	248	2133.745	2283.748	150.003	1008.293	556.497	0.126	0.029	0.318	0.166
sub-021_task-EyeTracking_physio	248	2308.747	2433.748	125.001	904.675	651.700	0.167	0.058	0.354	0.287
sub-021_task-EyeTracking_physio	248	2458.749	2750.422	291.673	1126.260	651.920	0.108	0.033	0.408	0.223
sub-021_task-EyeTracking_physio	248	2767.093	3000.429	233.336	1156.705	657.465	0.074	0.018	0.181	0.199
sub-021_task-EyeTracking_physio	249	-1056.556	-931.553	125.003	1281.015	708.980	0.106	0.020	0.142	0.224
sub-021_task-EyeTracking_physio	249	-781.553	-639.880	141.673	1282.445	719.425	0.141	0.066	0.352	0.370
sub-021_task-EyeTracking_physio	249	-456.541	243.470	700.011	1273.008	702.257	0.110	0.066	0.352	0.538
sub-021_task-EyeTracking_physio	249	268.470	410.144	141.674	1303.140	804.565	0.187	0.063	0.264	0.528
sub-021_task-EyeTracking_physio	249	435.145	626.815	191.670	1189.955	734.295	0.098	0.040	0.277	0.282
sub-021_task-EyeTracking_physio	249	643.482	868.488	225.006	1199.770	719.145	0.106	0.030	0.208	0.296
sub-021_task-EyeTracking_physio	249	901.822	1176.828	275.006	1375.915	836.705	0.113	0.027	0.174	0.309
sub-021_task-EyeTracking_physio	249	1210.161	1460.168	250.007	1570.765	788.260	0.098	0.025	0.218	0.273
sub-021_task-EyeTracking_physio	249	1476.834	1701.840	225.006	1670.375	792.330	0.101	0.032	0.308	0.287
sub-021_task-EyeTracking_physio	249	1760.172	1968.511	208.339	1010.345	753.375	0.086	0.022	0.313	0.183
sub-021_task-EyeTracking_physio	249	1985.178	2451.856	466.678	973.065	734.918	0.106	0.038	0.334	0.367
sub-021_task-EyeTracking_physio	249	2485.188	2693.530	208.342	1163.620	723.840	0.101	0.027	0.194	0.233
sub-021_task-EyeTracking_physio	249	2710.195	2943.537	233.342	1163.648	629.955	0.102	0.024	0.206	0.237
sub-021_task-EyeTracking_physio	250	-554.911	370.107	925.018	1271.935	715.165	0.112	0.062	0.537	0.545
sub-021_task-EyeTracking_physio	250	403.441	870.121	466.680	1025.130	744.668	0.111	0.056	0.309	0.525
sub-021_task-EyeTracking_physio	250	886.788	1003.457	116.669	1041.870	700.645	0.111	0.032	0.200	0.318
sub-021_task-EyeTracking_physio	250	1036.790	1270.131	233.341	1340.428	718.212	0.105	0.031	0.337	0.209
sub-021_task-EyeTracking_physio	250	1286.797	1536.801	250.004	1370.188	726.352	0.099	0.025	0.329	0.237
sub-021_task-EyeTracking_physio	250	1653.471	1878.473	225.002	1102.010	779.665	0.131	0.033	0.306	0.244
sub-021_task-EyeTracking_physio	250	1911.810	2161.816	250.006	1398.812	767.053	0.117	0.032	0.398	0.222
sub-021_task-EyeTracking_physio	250	2186.816	2336.819	150.003	1476.108	760.533	0.090	0.027	0.255	0.200
sub-021_task-EyeTracking_physio	250	2361.819	2670.157	308.338	1409.575	632.300	0.085	0.019	0.215	0.235
sub-021_task-EyeTracking_physio	250	2695.164	2861.830	166.666	1607.425	617.660	0.105	0.031	0.189	0.289
sub-021_task-EyeTracking_physio	251	-1463.377	-980.029	483.348	1269.072	715.683	0.219	0.166	2.319	0.596
sub-021_task-EyeTracking_physio	251	-763.355	-538.349	225.006	1268.060	724.850	0.126	0.051	0.228	0.527
sub-021_task-EyeTracking_physio	251	-346.681	253.335	600.016	1269.310	729.132	0.111	0.044	0.286	0.515
sub-021_task-EyeTracking_physio	251	278.333	461.670	183.337	1389.372	783.060	0.105	0.033	0.259	0.236
sub-021_task-EyeTracking_physio	251	495.002	661.676	166.674	1267.463	699.605	0.101	0.039	0.342	0.235
sub-021_task-EyeTracking_physio	251	686.676	1036.685	350.009	1415.392	803.953	0.151	0.060	0.261	0.556
sub-021_task-EyeTracking_physio	251	1053.353	1436.694	383.341	1358.532	803.368	0.280	0.138	0.365	1.046
sub-021_task-EyeTracking_physio	251	1453.361	1653.363	200.002	1247.818	891.058	0.152	0.044	0.243	0.450
sub-021_task-EyeTracking_physio	251	1678.363	2078.372	400.009	1037.625	952.135	0.174	0.098	0.547	0.539
sub-021_task-EyeTracking_physio	251	2145.043	2378.382	233.339	1643.418	778.325	0.100	0.032	0.288	0.243
sub-021_task-EyeTracking_physio	251	2411.713	2561.717	150.004	1568.277	650.215	0.077	0.022	0.219	0.199
sub-021_task-EyeTracking_physio	251	2603.387	2786.723	183.336	1526.875	520.388	0.110	0.016	0.207	0.181
sub-021_task-EyeTracking_physio	251	2836.723	3003.392	166.669	1013.438	584.995	0.094	0.026	0.355	0.208
sub-021_task-EyeTracking_physio	252	-2033.216	-1566.535	466.681	1259.818	713.192	0.112	0.083	0.474	0.375
sub-021_task-EyeTracking_physio	252	-274.837	250.178	525.015	1276.630	732.505	0.111	0.122	0.419	0.774
sub-021_task-EyeTracking_physio	252	266.844	416.845	150.001	1309.128	722.132	0.122	0.026	0.174	0.284
sub-021_task-EyeTracking_physio	252	458.511	708.518	250.007	988.018	681.490	0.090	0.029	0.298	0.254
sub-021_task-EyeTracking_physio	252	733.519	933.525	200.006	966.987	581.237	0.113	0.046	0.217	0.471
sub-021_task-EyeTracking_physio	252	983.525	1316.869	333.344	1593.263	676.267	0.111	0.041	0.241	0.342
sub-021_task-EyeTracking_physio	252	1333.535	1541.876	208.341	1624.315	621.295	0.104	0.051	0.240	0.505
sub-021_task-EyeTracking_physio	252	1575.209	1891.880	316.671	1577.633	811.005	0.158	0.056	0.322	0.493
sub-021_task-EyeTracking_physio	252	1933.551	2383.559	450.008	1343.177	769.773	0.102	0.024	0.275	0.339
sub-021_task-EyeTracking_physio	252	2425.225	2591.902	166.677	1042.810	765.273	0.119	0.049	0.257	0.354
sub-021_task-EyeTracking_physio	252	2616.900	2816.903	200.003	1098.260	659.310	0.125	0.041	0.215	0.431
sub-021_task-EyeTracking_physio	252	2850.238	3000.243	150.005	1265.675	679.192	0.084	0.020	0.218	0.200
sub-021_task-EyeTracking_physio	253	-333.817	299.533	633.350	1283.127	729.940	0.101	0.057	0.388	0.431
sub-021_task-EyeTracking_physio	253	316.200	474.536	158.336	1307.085	735.175	0.091	0.023	0.142	0.323
sub-021_task-EyeTracking_physio	253	507.868	816.211	308.343	1053.555	748.505	0.102	0.025	0.288	0.200
sub-021_task-EyeTracking_physio	253	841.211	1074.550	233.339	990.898	688.635	0.109	0.022	0.209	0.299
sub-021_task-EyeTracking_physio	253	1132.883	1416.223	283.340	1577.515	804.560	0.172	0.061	0.345	0.561
sub-021_task-EyeTracking_physio	253	1449.560	1857.900	408.340	1604.320	607.925	0.086	0.039	0.232	0.471
sub-021_task-EyeTracking_physio	253	1891.234	2224.573	333.339	1637.363	847.565	0.203	0.113	0.417	0.729
sub-021_task-EyeTracking_physio	253	2266.243	2532.917	266.674	1345.062	744.263	0.128	0.033	0.251	0.436
sub-021_task-EyeTracking_physio	253	2566.249	2999.590	433.341	1077.365	799.017	0.215	0.069	0.358	0.725
sub-021_task-EyeTracking_physio	254	-508.279	283.405	791.684	1271.405	717.100	0.159	0.188	0.866	1.870
sub-021_task-EyeTracking_physio	254	316.737	683.416	366.679	1389.122	762.750	0.147	0.057	0.365	0.439
sub-021_task-EyeTracking_physio	254	708.415	1075.091	366.676	1552.082	779.980	0.185	0.063	0.302	0.590
sub-021_task-EyeTracking_physio	254	1125.090	1441.764	316.674	1047.065	937.923	0.164	0.053	0.237	0.650
sub-021_task-EyeTracking_physio	254	1508.431	1750.104	241.673	1525.405	834.385	0.136	0.035	0.219	0.338
sub-021_task-EyeTracking_physio	254	1766.770	1941.780	175.010	1420.460	754.585	0.210	0.072	0.257	0.613
sub-021_task-EyeTracking_physio	254	1983.445	2200.120	216.675	1082.237	671.447	0.096	0.026	0.231	0.248
sub-021_task-EyeTracking_physio	254	2216.787	2466.791	250.004	1095.163	631.920	0.079	0.012	0.130	0.207
sub-021_task-EyeTracking_physio	254	2500.123	3000.136	500.013	1333.382	748.910	0.114	0.027	0.304	0.351
sub-021_task-EyeTracking_physio	255	-204.599	445.416	650.015	1286.962	728.562	0.113	0.033	0.284	0.381
sub-021_task-EyeTracking_physio	255	462.083	653.751	191.668	1206.340	697.125	0.107	0.023	0.269	0.208
sub-021_task-EyeTracking_physio	255	695.422	1012.092	316.670	1604.368	745.020	0.145	0.041	0.371	0.344
sub-021_task-EyeTracking_physio	255	1037.091	1212.100	175.009	1590.440	657.370	0.107	0.027	0.179	0.247
sub-021_task-EyeTracking_physio	255	1270.432	1512.105	241.673	992.695	803.960	0.217	0.063	0.248	0.586
sub-021_task-EyeTracking_physio	255	1528.772	1862.117	333.345	1061.438	743.308	0.097	0.029	0.266	0.268
sub-021_task-EyeTracking_physio	255	1878.784	2137.121	258.337	1048.380	628.570	0.102	0.019	0.170	0.252
sub-021_task-EyeTracking_physio	255	2178.788	2745.466	566.678	1330.572	693.435	0.104	0.039	0.374	0.398
sub-021_task-EyeTracking_physio	255	2778.804	3003.804	225.000	1291.460	719.065	0.087	0.014	0.198	0.181
sub-021_task-EyeTracking_physio	256	-467.384	-292.382	175.002	1295.960	746.625	0.126	0.026	0.167	0.362
sub-021_task-EyeTracking_physio	256	-267.383	349.299	616.682	1277.043	732.160	0.100	0.031	0.254	0.367
sub-021_task-EyeTracking_physio	256	374.297	799.307	425.010	1187.155	716.415	0.084	0.024	0.249	0.265
sub-021_task-EyeTracking_physio	256	865.978	2766.017	1900.039	1461.040	821.707	0.156	0.145	0.284	1.235
sub-021_task-EyeTracking_physio	256	2791.026	2999.360	208.334	1299.940	782.010	0.183	0.044	0.199	0.470
sub-021_task-EyeTracking_physio	257	-2595.944	-2229.267	366.677	1293.745	772.975	0.206	0.080	0.217	0.766
sub-021_task-EyeTracking_physio	257	-2220.934	-954.244	1266.690	1300.882	811.217	0.114	0.088	0.486	0.804
sub-021_task-EyeTracking_physio	257	-920.907	-612.569	308.338	1297.980	766.350	0.105	0.029	0.265	0.322
sub-021_task-EyeTracking_physio	257	-587.570	1145.798	1733.368	1279.740	743.860	0.147	0.082	0.321	1.079
sub-021_task-EyeTracking_physio	257	1179.136	2720.831	1541.695	1519.355	835.840	0.122	0.089	0.309	0.895
sub-021_task-EyeTracking_physio	257	2762.504	3004.171	241.667	1239.320	786.575	0.123	0.030	0.258	0.366
sub-021_task-EyeTracking_physio	258	-2693.908	-1885.558	808.350	1247.650	794.115	0.102	0.039	0.297	0.394
sub-021_task-EyeTracking_physio	258	-1868.890	281.162	2150.052	1293.283	746.372	0.146	0.071	0.400	0.647
sub-021_task-EyeTracking_physio	258	297.829	464.496	166.667	1382.235	810.660	0.176	0.053	0.298	0.367
sub-021_task-EyeTracking_physio	258	672.838	956.176	283.338	1061.115	678.010	0.092	0.025	0.239	0.281
sub-021_task-EyeTracking_physio	258	997.841	1139.510	141.669	1576.025	755.160	0.147	0.036	0.190	0.374
sub-021_task-EyeTracking_physio	258	1164.514	1764.524	600.010	1641.832	780.910	0.196	0.113	0.463	0.637
sub-021_task-EyeTracking_physio	258	1797.858	2056.197	258.339	1514.175	759.670	0.104	0.030	0.246	0.374
sub-021_task-EyeTracking_physio	258	2081.201	2322.868	241.667	1620.115	757.225	0.091	0.020	0.241	0.210
sub-021_task-EyeTracking_physio	258	2364.542	2647.879	283.337	1408.977	587.885	0.090	0.030	0.223	0.315
sub-021_task-EyeTracking_physio	258	2689.545	3006.222	316.677	1619.697	706.720	0.110	0.033	0.271	0.271
sub-021_task-EyeTracking_physio	259	-3655.047	-3338.377	316.670	1277.013	707.038	0.082	0.018	0.227	0.273
sub-021_task-EyeTracking_physio	259	-2563.358	-2363.352	200.006	1271.220	714.477	0.111	0.037	0.237	0.360
sub-021_task-EyeTracking_physio	259	-2196.683	-1971.677	225.006	1279.470	711.440	0.086	0.031	0.220	0.366
sub-021_task-EyeTracking_physio	259	-654.981	295.039	950.020	1278.935	717.180	0.108	0.085	0.480	0.573
sub-021_task-EyeTracking_physio	259	320.039	586.709	266.670	1156.370	672.038	0.109	0.056	0.285	0.469
sub-021_task-EyeTracking_physio	259	611.708	820.051	208.343	1296.555	567.475	0.078	0.035	0.255	0.251
sub-021_task-EyeTracking_physio	259	836.717	1036.724	200.007	1325.122	558.947	0.099	0.025	0.226	0.279
sub-021_task-EyeTracking_physio	259	1078.390	1278.392	200.002	1071.460	717.957	0.104	0.031	0.209	0.336
sub-021_task-EyeTracking_physio	259	1311.729	1528.396	216.667	1270.057	789.058	0.186	0.064	0.374	0.459
sub-021_task-EyeTracking_physio	259	1545.062	1828.407	283.345	1368.015	909.725	0.130	0.051	0.279	0.449
sub-021_task-EyeTracking_physio	259	1853.407	1953.410	100.003	1474.455	780.347	0.255	0.046	0.164	0.559
sub-021_task-EyeTracking_physio	259	1978.411	2245.083	266.672	1487.650	640.347	0.083	0.018	0.198	0.224
sub-021_task-EyeTracking_physio	259	2270.083	2511.756	241.673	1523.260	715.615	0.109	0.025	0.202	0.253
sub-021_task-EyeTracking_physio	259	2553.422	2795.095	241.673	1047.980	712.995	0.114	0.028	0.359	0.259
sub-021_task-EyeTracking_physio	259	2820.095	3003.435	183.340	971.030	702.013	0.088	0.018	0.152	0.208
sub-021_task-EyeTracking_physio	260	-574.769	300.254	875.023	1271.795	711.965	0.113	0.053	0.353	0.425
sub-021_task-EyeTracking_physio	260	316.921	500.254	183.333	1251.473	741.868	0.125	0.034	0.180	0.349
sub-021_task-EyeTracking_physio	260	533.588	791.927	258.339	1112.235	819.280	0.160	0.056	0.212	0.728
sub-021_task-EyeTracking_physio	260	825.265	1116.938	291.673	1474.300	833.775	0.313	0.079	0.185	0.834
sub-021_task-EyeTracking_physio	260	1158.604	1416.942	258.338	1416.975	722.845	0.099	0.017	0.142	0.356
sub-021_task-EyeTracking_physio	260	1433.608	1625.282	191.674	1437.305	740.525	0.106	0.023	0.221	0.330
sub-021_task-EyeTracking_physio	260	1675.281	1841.950	166.669	1213.973	709.210	0.113	0.023	0.233	0.211
sub-021_task-EyeTracking_physio	260	1875.289	2216.959	341.670	1494.600	795.510	0.104	0.029	0.267	0.288
sub-021_task-EyeTracking_physio	260	2258.627	2416.966	158.339	1404.290	632.720	0.084	0.012	0.188	0.180
sub-021_task-EyeTracking_physio	260	2441.964	2616.967	175.003	1303.400	638.565	0.103	0.042	0.291	0.391
sub-021_task-EyeTracking_physio	260	2650.304	3000.308	350.004	1244.535	740.152	0.098	0.026	0.236	0.347
sub-021_task-EyeTracking_physio	261	-773.064	368.629	1141.693	1272.725	719.800	0.094	0.038	0.225	0.610
sub-021_task-EyeTracking_physio	261	401.961	618.632	216.671	1129.160	741.467	0.100	0.020	0.193	0.241
sub-021_task-EyeTracking_physio	261	651.965	826.969	175.004	1259.400	726.800	0.103	0.025	0.301	0.208
sub-021_task-EyeTracking_physio	261	860.301	1176.978	316.677	1496.440	745.692	0.097	0.026	0.210	0.291
sub-021_task-EyeTracking_physio	261	1201.978	1651.985	450.007	1603.342	749.585	0.091	0.031	0.213	0.333
sub-021_task-EyeTracking_physio	261	1685.322	1893.659	208.337	1455.450	746.750	0.093	0.021	0.217	0.181
sub-021_task-EyeTracking_physio	261	1918.663	2110.334	191.671	1337.195	647.895	0.106	0.030	0.304	0.209
sub-021_task-EyeTracking_physio	261	2127.000	2243.668	116.668	1261.457	639.315	0.134	0.029	0.154	0.345
sub-021_task-EyeTracking_physio	261	2285.335	2427.004	141.669	1061.540	941.775	0.158	0.063	0.239	0.490
sub-021_task-EyeTracking_physio	261	2443.674	2785.346	341.672	959.510	969.260	0.208	0.106	0.515	0.504
sub-021_task-EyeTracking_physio	261	2843.682	3002.018	158.336	1238.130	658.070	0.093	0.019	0.191	0.275
sub-021_task-EyeTracking_physio	262	-541.971	-441.968	100.003	1299.925	667.020	0.115	0.020	0.214	0.140
sub-021_task-EyeTracking_physio	262	-425.302	283.050	708.352	1277.470	704.665	0.092	0.046	0.323	0.571
sub-021_task-EyeTracking_physio	262	316.383	466.384	150.001	1095.660	748.413	0.078	0.020	0.229	0.170
sub-021_task-EyeTracking_physio	262	491.385	666.393	175.008	977.675	713.510	0.129	0.038	0.220	0.394
sub-021_task-EyeTracking_physio	262	683.060	883.060	200.000	966.852	609.178	0.140	0.060	0.550	0.424
sub-021_task-EyeTracking_physio	262	999.730	1241.403	241.673	1388.420	536.245	0.091	0.025	0.236	0.251
sub-021_task-EyeTracking_physio	262	1274.737	1666.410	391.673	1494.705	825.460	0.226	0.068	0.244	0.808
sub-021_task-EyeTracking_physio	262	1716.416	1833.080	116.664	1078.565	1064.742	0.157	0.040	0.410	0.197
sub-021_task-EyeTracking_physio	262	1858.084	1983.087	125.003	973.825	1004.985	0.211	0.098	0.348	0.536
sub-021_task-EyeTracking_physio	262	1999.752	2549.764	550.012	907.475	1018.890	0.181	0.053	0.366	0.502
sub-021_task-EyeTracking_physio	262	2591.430	2766.438	175.008	1292.680	837.820	0.245	0.068	0.238	0.474
sub-021_task-EyeTracking_physio	262	2791.438	2999.774	208.336	1245.420	687.065	0.109	0.028	0.230	0.332
sub-021_task-EyeTracking_physio	263	-1140.148	-698.469	441.679	1270.950	704.980	0.093	0.023	0.259	0.278
sub-021_task-EyeTracking_physio	263	-415.130	184.887	600.017	1258.062	732.745	0.130	0.055	0.277	0.675
sub-021_task-EyeTracking_physio	263	201.553	484.893	283.340	1441.195	833.330	0.219	0.157	0.493	0.777
sub-021_task-EyeTracking_physio	263	518.227	743.234	225.007	1554.580	909.830	0.218	0.110	0.350	0.774
sub-021_task-EyeTracking_physio	263	768.234	884.903	116.669	1646.500	824.858	0.204	0.071	0.208	0.466
sub-021_task-EyeTracking_physio	263	909.903	1301.580	391.677	1671.310	774.000	0.111	0.038	0.238	0.532
sub-021_task-EyeTracking_physio	263	1334.912	1518.253	183.341	1608.110	612.490	0.100	0.020	0.209	0.221
sub-021_task-EyeTracking_physio	263	1534.919	1726.588	191.669	1599.110	551.290	0.098	0.020	0.213	0.217
sub-021_task-EyeTracking_physio	263	1759.925	1876.590	116.665	1250.908	546.615	0.105	0.029	0.269	0.204
sub-021_task-EyeTracking_physio	263	1934.929	2068.265	133.336	1004.990	758.768	0.105	0.028	0.241	0.307
sub-021_task-EyeTracking_physio	263	2084.931	2234.935	150.004	919.212	926.128	0.251	0.105	0.330	0.725
sub-021_task-EyeTracking_physio	263	2251.602	2634.943	383.341	918.965	884.215	0.179	0.096	0.274	0.883
sub-021_task-EyeTracking_physio	263	2659.942	2851.619	191.677	1152.000	808.700	0.150	0.050	0.318	0.407
sub-021_task-EyeTracking_physio	263	2868.285	3001.621	133.336	1138.767	770.770	0.119	0.030	0.155	0.323
sub-021_task-EyeTracking_physio	264	-537.899	-262.892	275.007	1268.915	736.945	0.162	0.067	1.032	0.260
sub-021_task-EyeTracking_physio	264	-246.226	278.786	525.012	1278.990	720.060	0.104	0.026	0.237	0.336
sub-021_task-EyeTracking_physio	264	287.119	395.457	108.338	1253.900	743.005	0.175	0.056	0.412	0.235
sub-021_task-EyeTracking_physio	264	428.790	578.792	150.002	971.812	809.170	0.151	0.057	0.289	0.408
sub-021_task-EyeTracking_physio	264	595.458	778.798	183.340	912.585	894.805	0.156	0.059	0.340	0.477
sub-021_task-EyeTracking_physio	264	828.798	1028.804	200.006	1512.215	754.945	0.120	0.046	0.246	0.374
sub-021_task-EyeTracking_physio	264	1053.804	1270.472	216.668	1584.398	741.030	0.098	0.021	0.220	0.240
sub-021_task-EyeTracking_physio	264	1295.477	1762.152	466.675	1420.302	641.605	0.123	0.061	0.347	0.475
sub-021_task-EyeTracking_physio	264	1903.821	2203.832	300.011	1431.460	972.010	0.237	0.121	0.393	0.711
sub-021_task-EyeTracking_physio	264	2228.832	2353.834	125.002	1363.275	970.555	0.234	0.059	0.164	0.690
sub-021_task-EyeTracking_physio	264	2395.501	2587.169	191.668	1061.730	701.550	0.116	0.047	0.260	0.397
sub-021_task-EyeTracking_physio	264	2612.174	2820.508	208.334	973.345	691.815	0.124	0.034	0.273	0.379
sub-021_task-EyeTracking_physio	264	2845.508	3003.848	158.340	1167.465	694.535	0.111	0.043	0.358	0.231
sub-021_task-EyeTracking_physio	265	-214.031	344.313	558.344	1267.150	723.445	0.098	0.069	0.533	0.373
sub-021_task-EyeTracking_physio	265	377.650	552.652	175.002	1130.220	678.285	0.112	0.032	0.288	0.259
sub-021_task-EyeTracking_physio	265	569.319	844.326	275.007	1110.550	647.980	0.088	0.024	0.156	0.392
sub-021_task-EyeTracking_physio	265	860.993	1194.335	333.342	1101.980	618.785	0.102	0.027	0.215	0.381
sub-021_task-EyeTracking_physio	265	1219.333	1427.673	208.340	1090.840	687.330	0.095	0.028	0.234	0.270
sub-021_task-EyeTracking_physio	265	1461.005	1894.349	433.344	1116.327	783.803	0.102	0.028	0.235	0.286
sub-021_task-EyeTracking_physio	265	1919.348	2086.020	166.672	984.005	1071.810	0.180	0.120	0.485	0.593
sub-021_task-EyeTracking_physio	265	2169.352	2352.696	183.344	1487.987	752.405	0.313	1.369	1.979	2.497
sub-021_task-EyeTracking_physio	265	2386.027	2586.030	200.003	1525.350	687.000	0.082	0.012	0.166	0.153
sub-021_task-EyeTracking_physio	265	2611.034	2836.036	225.002	1498.975	643.750	0.082	0.015	0.181	0.187
sub-021_task-EyeTracking_physio	265	2869.372	3002.705	133.333	1557.795	736.455	0.091	0.013	0.140	0.178
sub-021_task-EyeTracking_physio	266	-687.333	-495.664	191.669	1283.300	727.355	0.110	0.029	0.305	0.238
sub-021_task-EyeTracking_physio	266	-470.664	271.020	741.684	1273.060	714.395	0.100	0.038	0.300	0.441
sub-021_task-EyeTracking_physio	266	296.019	437.687	141.668	1345.770	762.300	0.108	0.045	0.258	0.351
sub-021_task-EyeTracking_physio	266	471.027	662.694	191.667	1110.955	833.950	0.154	0.047	0.220	0.389
sub-021_task-EyeTracking_physio	266	679.361	837.696	158.335	1155.920	853.340	0.282	0.072	0.190	0.769
sub-021_task-EyeTracking_physio	266	854.370	1162.707	308.337	1157.705	800.610	0.136	0.036	0.240	0.441
sub-021_task-EyeTracking_physio	266	1187.707	1496.044	308.337	943.555	794.865	0.111	0.041	0.304	0.415
sub-021_task-EyeTracking_physio	266	1562.717	1821.055	258.338	1521.605	910.535	0.228	0.124	0.423	0.745
sub-021_task-EyeTracking_physio	266	1862.721	2204.398	341.677	1425.185	793.250	0.191	0.144	0.620	0.775
sub-021_task-EyeTracking_physio	266	2229.397	2387.733	158.336	1569.880	900.790	0.258	0.113	0.269	0.880
sub-021_task-EyeTracking_physio	266	2404.400	2579.409	175.009	1596.790	944.040	0.196	0.043	0.128	0.649
sub-021_task-EyeTracking_physio	266	2629.407	2971.084	341.677	1316.670	718.605	0.094	0.024	0.302	0.231
sub-021_task-EyeTracking_physio	267	-598.741	292.948	891.689	1270.570	725.615	0.092	0.040	0.247	0.473
sub-021_task-EyeTracking_physio	267	317.948	584.620	266.672	1376.112	799.122	0.114	0.043	0.260	0.422
sub-021_task-EyeTracking_physio	267	617.958	892.966	275.008	1067.545	846.630	0.262	0.124	0.388	0.740
sub-021_task-EyeTracking_physio	267	917.966	1092.966	175.000	1137.390	684.170	0.131	0.066	0.366	0.366
sub-021_task-EyeTracking_physio	267	1134.637	1301.305	166.668	1389.513	683.987	0.095	0.027	0.171	0.371
sub-021_task-EyeTracking_physio	267	1326.303	1559.644	233.341	1501.485	679.382	0.099	0.020	0.218	0.209
sub-021_task-EyeTracking_physio	267	1734.648	2401.327	666.679	1274.910	693.000	0.113	0.046	0.200	0.903
sub-021_task-EyeTracking_physio	267	2426.328	2768.002	341.674	1398.390	796.495	0.202	0.069	0.334	0.578
sub-021_task-EyeTracking_physio	267	2784.667	3001.345	216.678	1371.575	806.085	0.272	0.074	0.203	0.702
sub-021_task-EyeTracking_physio	268	-500.567	-333.899	166.668	1273.637	742.643	0.093	0.024	0.220	0.210
sub-021_task-EyeTracking_physio	268	-300.565	266.114	566.679	1273.410	715.650	0.096	0.039	0.284	0.516
sub-021_task-EyeTracking_physio	268	282.785	599.458	316.673	1241.675	750.773	0.092	0.037	0.240	0.410
sub-021_task-EyeTracking_physio	268	616.125	2832.847	2216.722	1254.975	766.290	0.107	0.075	0.484	0.735
sub-021_task-EyeTracking_physio	268	2866.180	2999.517	133.337	1298.645	778.703	0.121	0.031	0.156	0.404
sub-021_task-EyeTracking_physio	269	-1694.803	-1536.462	158.341	1309.265	733.235	0.114	0.021	0.177	0.222
sub-021_task-EyeTracking_physio	269	-1511.462	-1253.123	258.339	1277.820	717.865	0.093	0.025	0.188	0.275
sub-021_task-EyeTracking_physio	269	-503.109	238.579	741.688	1276.900	700.025	0.106	0.071	0.524	0.581
sub-021_task-EyeTracking_physio	269	396.915	555.251	158.336	1074.805	748.980	0.117	0.052	0.408	0.322
sub-021_task-EyeTracking_physio	269	588.587	796.922	208.335	928.420	443.935	0.114	0.046	0.411	0.322
sub-021_task-EyeTracking_physio	269	805.255	1013.595	208.340	908.535	442.105	0.097	0.026	0.328	0.186
sub-021_task-EyeTracking_physio	269	1055.261	1505.275	450.014	1598.960	475.550	0.086	0.049	0.412	0.414
sub-021_task-EyeTracking_physio	269	1521.942	1671.944	150.002	1673.295	463.800	0.094	0.029	0.339	0.213
sub-021_task-EyeTracking_physio	269	1721.944	1955.285	233.341	1419.620	726.125	0.113	0.038	0.326	0.369
sub-021_task-EyeTracking_physio	269	1980.284	2263.627	283.343	1117.418	770.610	0.188	0.065	0.307	0.536
sub-021_task-EyeTracking_physio	269	2280.293	2430.298	150.005	1264.138	861.928	0.285	0.148	0.357	0.939
sub-021_task-EyeTracking_physio	269	2463.630	2630.297	166.667	1645.318	821.950	0.119	0.049	0.278	0.287
sub-021_task-EyeTracking_physio	269	2646.964	2896.970	250.006	1539.898	835.027	0.228	0.057	0.252	0.652
sub-021_task-EyeTracking_physio	270	-519.055	272.628	791.683	1274.255	707.955	0.110	0.040	0.403	0.297
sub-021_task-EyeTracking_physio	270	297.632	505.966	208.334	1473.720	803.815	0.300	0.097	0.271	0.713
sub-021_task-EyeTracking_physio	270	514.300	755.974	241.674	1498.520	843.430	0.249	0.117	0.236	0.870
sub-021_task-EyeTracking_physio	270	780.975	1030.981	250.006	1311.182	804.087	0.235	0.076	0.316	0.698
sub-021_task-EyeTracking_physio	270	1064.313	1314.318	250.005	1518.027	731.300	0.112	0.029	0.191	0.336
sub-021_task-EyeTracking_physio	270	1339.322	1489.326	150.004	1613.918	699.248	0.101	0.019	0.141	0.172
sub-021_task-EyeTracking_physio	270	1547.657	1889.334	341.677	1128.540	706.960	0.092	0.019	0.183	0.238
sub-021_task-EyeTracking_physio	270	1914.334	2106.002	191.668	980.915	827.845	0.267	0.155	0.461	0.695
sub-021_task-EyeTracking_physio	270	2139.341	2422.681	283.340	1480.068	848.230	0.223	0.063	0.327	0.676
sub-021_task-EyeTracking_physio	270	2481.014	2706.020	225.006	1342.665	699.975	0.096	0.039	0.346	0.356
sub-021_task-EyeTracking_physio	270	2731.018	2997.692	266.674	1246.240	603.980	0.110	0.034	0.274	0.315
sub-021_task-EyeTracking_physio	271	-2609.543	-2467.875	141.668	1273.840	682.955	0.100	0.013	0.148	0.194
sub-021_task-EyeTracking_physio	271	-1092.841	-909.506	183.335	1307.688	699.980	0.121	0.058	0.258	0.618
sub-021_task-EyeTracking_physio	271	-451.159	273.856	725.015	1275.925	720.975	0.101	0.058	0.369	0.588
sub-021_task-EyeTracking_physio	271	298.855	540.528	241.673	1196.595	659.555	0.104	0.038	0.233	0.362
sub-021_task-EyeTracking_physio	271	557.194	757.202	200.008	1176.168	668.287	0.081	0.020	0.141	0.218
sub-021_task-EyeTracking_physio	271	782.201	1032.207	250.006	993.270	634.467	0.109	0.043	0.346	0.256
sub-021_task-EyeTracking_physio	271	1057.206	1348.878	291.672	1079.020	829.085	0.271	0.153	0.341	0.992
sub-021_task-EyeTracking_physio	271	1565.551	2007.226	441.675	1488.040	694.450	0.128	0.101	0.399	0.784
sub-021_task-EyeTracking_physio	271	2032.231	2373.900	341.669	1551.765	630.750	0.090	0.038	0.184	0.561
sub-021_task-EyeTracking_physio	271	2415.573	2648.908	233.335	1547.575	896.585	0.163	0.043	0.237	0.536
sub-021_task-EyeTracking_physio	271	2690.580	2998.917	308.337	1330.700	699.365	0.094	0.039	0.375	0.298
sub-021_task-EyeTracking_physio	272	-773.253	301.768	1075.021	1277.960	710.270	0.147	0.059	0.296	0.678
sub-021_task-EyeTracking_physio	272	318.435	685.117	366.682	1383.715	722.170	0.103	0.042	0.275	0.397
sub-021_task-EyeTracking_physio	272	710.118	935.121	225.003	1521.625	711.880	0.101	0.023	0.282	0.212
sub-021_task-EyeTracking_physio	272	960.122	1218.461	258.339	1605.415	828.975	0.158	0.055	0.350	0.640
sub-021_task-EyeTracking_physio	272	1235.128	1626.801	391.673	1579.635	813.175	0.189	0.048	0.277	0.627
sub-021_task-EyeTracking_physio	272	1660.140	1901.809	241.669	1202.215	907.605	0.145	0.037	0.175	0.408
sub-021_task-EyeTracking_physio	272	1935.145	2501.822	566.677	1242.977	661.163	0.105	0.029	0.243	0.415
sub-021_task-EyeTracking_physio	272	2518.489	2868.498	350.009	1297.720	655.410	0.087	0.024	0.171	0.350
sub-021_task-EyeTracking_physio	272	2885.164	3001.833	116.669	1286.817	615.332	0.093	0.024	0.139	0.299
sub-021_task-EyeTracking_physio	273	-2611.187	-2227.844	383.343	1270.575	726.862	0.109	0.030	0.207	0.470
sub-021_task-EyeTracking_physio	273	-1761.165	-1627.830	133.335	1276.273	717.020	0.140	0.046	0.176	0.475
sub-021_task-EyeTracking_physio	273	-1452.827	-1186.155	266.672	1281.332	716.670	0.085	0.039	0.190	0.379
sub-021_task-EyeTracking_physio	273	-1152.823	-952.816	200.007	1250.410	710.027	0.093	0.017	0.231	0.201
sub-021_task-EyeTracking_physio	273	-936.150	355.547	1291.697	1273.475	713.525	0.095	0.060	0.400	0.552
sub-021_task-EyeTracking_physio	273	372.214	513.883	141.669	1235.485	739.440	0.134	0.048	0.256	0.364
sub-021_task-EyeTracking_physio	273	547.216	772.222	225.006	1045.900	976.175	0.197	0.091	0.343	0.777
sub-021_task-EyeTracking_physio	273	780.556	1072.228	291.672	1022.735	999.945	0.261	0.075	0.252	0.694
sub-021_task-EyeTracking_physio	273	1113.894	1263.902	150.008	1499.125	760.805	0.095	0.025	0.246	0.195
sub-021_task-EyeTracking_physio	273	1288.901	1588.907	300.006	1523.205	702.325	0.112	0.029	0.247	0.272
sub-021_task-EyeTracking_physio	273	1622.240	1905.581	283.341	1545.382	737.925	0.109	0.023	0.197	0.397
sub-021_task-EyeTracking_physio	273	1947.248	2138.921	191.673	1315.155	507.665	0.091	0.028	0.257	0.229
sub-021_task-EyeTracking_physio	273	2163.921	2638.931	475.010	1260.900	485.615	0.082	0.054	0.256	0.559
sub-021_task-EyeTracking_physio	273	2672.265	2988.941	316.676	1367.638	632.743	0.108	0.033	0.159	0.424
sub-021_task-EyeTracking_physio	274	-786.429	-461.420	325.009	1284.585	708.820	0.103	0.028	0.283	0.291
sub-021_task-EyeTracking_physio	274	-228.084	338.598	566.682	1268.150	710.180	0.104	0.032	0.261	0.490
sub-021_task-EyeTracking_physio	274	363.598	563.599	200.001	1058.650	725.660	0.128	0.065	0.323	0.409
sub-021_task-EyeTracking_physio	274	605.271	805.272	200.001	1525.805	661.072	0.095	0.019	0.161	0.270
sub-021_task-EyeTracking_physio	274	821.939	1605.290	783.351	1551.210	637.308	0.091	0.050	0.300	0.469
sub-021_task-EyeTracking_physio	274	1630.294	1813.630	183.336	1506.835	504.678	0.103	0.032	0.211	0.232
sub-021_task-EyeTracking_physio	274	1855.296	2038.637	183.341	965.408	592.122	0.154	0.040	0.464	0.228
sub-021_task-EyeTracking_physio	274	2088.636	2238.639	150.003	916.155	815.742	0.126	0.052	0.396	0.328
sub-021_task-EyeTracking_physio	274	2263.640	2421.980	158.340	972.030	739.140	0.100	0.015	0.192	0.184
sub-021_task-EyeTracking_physio	274	2446.980	2830.323	383.343	1189.840	811.812	0.165	0.043	0.256	0.447
sub-021_task-EyeTracking_physio	274	2880.322	2996.991	116.669	1205.742	704.773	0.093	0.013	0.110	0.184
sub-021_task-EyeTracking_physio	275	-1209.502	-692.820	516.682	1269.545	719.660	0.154	0.095	1.277	0.407
sub-021_task-EyeTracking_physio	275	-476.152	298.864	775.016	1271.135	715.935	0.108	0.092	0.486	0.714
sub-021_task-EyeTracking_physio	275	332.198	507.206	175.008	1481.660	817.060	0.203	0.065	0.273	0.652
sub-021_task-EyeTracking_physio	275	523.872	798.877	275.005	1479.870	951.545	0.303	0.125	0.272	1.094
sub-021_task-EyeTracking_physio	275	823.876	973.881	150.005	1484.072	799.982	0.260	0.057	0.178	0.652
sub-021_task-EyeTracking_physio	275	1007.220	1248.887	241.667	1189.050	679.335	0.090	0.041	0.310	0.299
sub-021_task-EyeTracking_physio	275	1273.890	1573.898	300.008	1157.987	659.192	0.085	0.014	0.140	0.255
sub-021_task-EyeTracking_physio	275	1607.232	1732.234	125.002	1295.070	649.800	0.101	0.024	0.117	0.321
sub-021_task-EyeTracking_physio	275	1823.906	1965.573	141.667	1406.925	607.985	0.156	0.036	0.409	0.217
sub-021_task-EyeTracking_physio	275	1990.573	2240.580	250.007	1622.028	591.293	0.105	0.032	0.311	0.254
sub-021_task-EyeTracking_physio	275	2290.580	2532.252	241.672	1133.940	688.525	0.084	0.013	0.119	0.224
sub-021_task-EyeTracking_physio	275	2548.918	2682.254	133.336	1164.612	661.785	0.085	0.021	0.238	0.199
sub-021_task-EyeTracking_physio	275	2707.259	2815.591	108.332	1286.970	648.815	0.119	0.022	0.277	0.133
sub-021_task-EyeTracking_physio	275	2832.258	2998.931	166.673	1342.957	643.770	0.146	0.030	0.404	0.202
sub-021_task-EyeTracking_physio	276	-1297.535	-1055.864	241.671	1284.400	697.655	0.123	0.026	0.226	0.309
sub-021_task-EyeTracking_physio	276	-530.852	344.164	875.016	1272.290	710.530	0.099	0.039	0.273	0.498
sub-021_task-EyeTracking_physio	276	377.503	577.505	200.002	1081.662	798.860	0.135	0.032	0.236	0.326
sub-021_task-EyeTracking_physio	276	602.504	769.178	166.674	922.730	703.050	0.127	0.034	0.176	0.354
sub-021_task-EyeTracking_physio	276	785.845	960.846	175.001	907.565	658.130	0.103	0.026	0.274	0.187
sub-021_task-EyeTracking_physio	276	994.180	1210.852	216.672	1147.160	892.440	0.277	0.113	0.313	0.719
sub-021_task-EyeTracking_physio	276	1227.519	1377.521	150.002	1192.113	924.393	0.264	0.063	0.205	0.693
sub-021_task-EyeTracking_physio	276	1402.526	1619.196	216.670	1275.845	958.597	0.239	0.065	0.301	0.570
sub-021_task-EyeTracking_physio	276	1635.862	1785.864	150.002	1365.040	974.793	0.257	0.089	0.307	0.713
sub-021_task-EyeTracking_physio	276	1802.536	1994.204	191.668	1462.840	1009.690	0.197	0.093	0.346	0.713
sub-021_task-EyeTracking_physio	276	2010.871	2210.876	200.005	1520.385	1033.048	0.202	0.076	0.334	0.697
sub-021_task-EyeTracking_physio	276	2244.209	2469.216	225.007	1579.980	678.585	0.097	0.031	0.221	0.352
sub-021_task-EyeTracking_physio	276	2552.548	2727.554	175.006	1440.585	686.935	0.100	0.026	0.262	0.172
sub-021_task-EyeTracking_physio	276	2744.221	3002.561	258.340	1467.900	686.740	0.132	0.047	0.373	0.342
sub-021_task-EyeTracking_physio	277	-812.920	-679.584	133.336	1309.115	700.305	0.097	0.028	0.145	0.296
sub-021_task-EyeTracking_physio	277	-671.251	337.107	1008.358	1281.005	712.905	0.106	0.030	0.226	0.488
sub-021_task-EyeTracking_physio	277	370.440	678.777	308.337	1045.305	752.545	0.134	0.037	0.285	0.364
sub-021_task-EyeTracking_physio	277	703.776	837.111	133.335	1181.633	725.132	0.163	0.062	0.308	0.449
sub-021_task-EyeTracking_physio	277	870.453	1137.120	266.667	1542.820	676.425	0.100	0.036	0.282	0.297
sub-021_task-EyeTracking_physio	277	1153.787	1328.789	175.002	1561.910	657.740	0.118	0.033	0.262	0.252
sub-021_task-EyeTracking_physio	277	1362.122	1587.129	225.007	1636.680	818.395	0.203	0.067	0.402	0.498
sub-021_task-EyeTracking_physio	277	1628.795	1928.804	300.009	1161.803	951.457	0.261	0.115	0.515	0.705
sub-021_task-EyeTracking_physio	277	1970.471	2203.810	233.339	1408.147	788.043	0.148	0.033	0.212	0.352
sub-021_task-EyeTracking_physio	277	2228.810	2495.481	266.671	1342.128	703.330	0.095	0.026	0.194	0.340
sub-021_task-EyeTracking_physio	277	2512.147	3003.826	491.679	1324.140	697.100	0.099	0.034	0.218	0.409
sub-021_task-EyeTracking_physio	278	-4163.436	-3955.100	208.336	1283.725	720.805	0.130	0.036	0.263	0.273
sub-021_task-EyeTracking_physio	278	-3438.421	-3313.420	125.001	1279.210	702.925	0.160	0.054	0.163	0.591
sub-021_task-EyeTracking_physio	278	-3171.751	-3005.075	166.676	1269.918	700.738	0.118	0.078	0.203	0.824
sub-021_task-EyeTracking_physio	278	-1880.053	-1638.380	241.673	1267.145	677.750	0.117	0.086	0.533	0.538
sub-021_task-EyeTracking_physio	278	-1321.703	-1071.701	250.002	1221.902	678.745	0.147	0.451	0.889	0.756
sub-021_task-EyeTracking_physio	278	-896.695	-705.026	191.669	1275.110	714.160	0.088	0.036	0.175	0.421
sub-021_task-EyeTracking_physio	278	-538.353	303.333	841.686	1273.820	725.860	0.102	0.061	0.331	0.510
sub-021_task-EyeTracking_physio	278	319.998	495.001	175.003	1328.550	753.450	0.100	0.026	0.249	0.202
sub-021_task-EyeTracking_physio	278	511.677	728.339	216.662	1278.808	654.362	0.096	0.024	0.258	0.222
sub-021_task-EyeTracking_physio	278	836.677	1136.680	300.003	1581.532	675.108	0.099	0.045	0.328	0.275
sub-021_task-EyeTracking_physio	278	1153.347	1411.689	258.342	1620.795	792.540	0.176	0.079	0.362	0.524
sub-021_task-EyeTracking_physio	278	1436.692	1636.695	200.003	1578.105	655.838	0.095	0.033	0.264	0.314
sub-021_task-EyeTracking_physio	278	1678.362	1878.367	200.005	1074.765	820.695	0.185	0.119	0.395	0.438
sub-021_task-EyeTracking_physio	278	1895.034	2078.375	183.341	1009.390	822.017	0.170	0.052	0.249	0.444
sub-021_task-EyeTracking_physio	278	2095.041	2311.709	216.668	1010.257	639.683	0.139	0.026	0.147	0.453
sub-021_task-EyeTracking_physio	278	2336.709	2486.715	150.006	1126.840	583.780	0.076	0.030	0.257	0.254
sub-021_task-EyeTracking_physio	278	2503.381	2728.385	225.004	1300.970	670.155	0.128	0.039	0.307	0.370
sub-021_task-EyeTracking_physio	278	2753.390	3003.403	250.013	1262.053	737.160	0.095	0.016	0.261	0.175
sub-021_task-EyeTracking_physio	279	-712.489	-604.153	108.336	1357.135	656.065	0.102	0.015	0.171	0.174
sub-021_task-EyeTracking_physio	279	-587.487	295.868	883.355	1281.092	708.388	0.109	0.057	0.449	0.402
sub-021_task-EyeTracking_physio	279	320.868	529.206	208.338	1407.335	690.240	0.103	0.025	0.207	0.235
sub-021_task-EyeTracking_physio	279	545.873	1212.555	666.682	1363.645	674.775	0.117	0.044	0.259	0.562
sub-021_task-EyeTracking_physio	279	1237.555	1562.566	325.011	1459.030	690.885	0.102	0.024	0.267	0.258
sub-021_task-EyeTracking_physio	279	1587.565	1804.236	216.671	1618.240	803.408	0.114	0.046	0.184	0.436
sub-021_task-EyeTracking_physio	279	1854.239	2204.245	350.006	1085.250	820.557	0.115	0.029	0.244	0.274
sub-021_task-EyeTracking_physio	279	2254.247	2587.585	333.338	1252.705	593.325	0.088	0.018	0.184	0.309
sub-021_task-EyeTracking_physio	279	2645.924	2970.929	325.005	1010.925	838.900	0.107	0.040	0.400	0.255
sub-021_task-EyeTracking_physio	280	-1301.091	-1067.751	233.340	1252.862	772.217	0.349	0.880	2.360	1.069
sub-021_task-EyeTracking_physio	280	-467.741	-267.733	200.008	1266.137	701.338	0.108	0.047	0.251	0.430
sub-021_task-EyeTracking_physio	280	-251.068	282.278	533.346	1282.948	701.900	0.092	0.023	0.303	0.267
sub-021_task-EyeTracking_physio	280	315.610	557.287	241.677	1010.200	801.510	0.130	0.046	0.389	0.291
sub-021_task-EyeTracking_physio	280	573.953	732.291	158.338	979.610	802.500	0.095	0.025	0.181	0.220
sub-021_task-EyeTracking_physio	280	782.290	1032.296	250.006	1634.270	765.710	0.119	0.044	0.328	0.334
sub-021_task-EyeTracking_physio	280	1065.629	1432.305	366.676	1459.150	589.670	0.082	0.019	0.213	0.238
sub-021_task-EyeTracking_physio	280	1465.637	1798.978	333.341	1675.392	771.880	0.089	0.027	0.215	0.281
sub-021_task-EyeTracking_physio	280	1815.646	1998.982	183.336	1637.177	743.515	0.114	0.025	0.202	0.268
sub-021_task-EyeTracking_physio	280	2023.982	2273.988	250.006	1600.942	517.035	0.097	0.034	0.311	0.326
sub-021_task-EyeTracking_physio	280	2307.325	2523.994	216.669	1285.227	630.950	0.142	0.041	0.428	0.315
sub-021_task-EyeTracking_physio	280	2548.994	2715.671	166.677	1309.697	707.385	0.099	0.025	0.137	0.317
sub-021_task-EyeTracking_physio	280	2732.337	2874.004	141.667	1304.860	675.915	0.073	0.022	0.133	0.237
sub-021_task-EyeTracking_physio	280	2899.003	2999.009	100.006	1172.385	700.122	0.080	0.021	0.184	0.179
sub-021_task-EyeTracking_physio	281	-305.067	-121.728	183.339	1260.290	711.775	0.091	0.019	0.150	0.249
sub-021_task-EyeTracking_physio	281	-96.729	261.614	358.343	1273.560	719.615	0.098	0.036	0.231	0.388
sub-021_task-EyeTracking_physio	281	286.612	519.952	233.340	1337.195	766.890	0.114	0.023	0.303	0.199
sub-021_task-EyeTracking_physio	281	561.619	786.626	225.007	1113.380	808.290	0.146	0.042	0.300	0.495
sub-021_task-EyeTracking_physio	281	803.293	1061.632	258.339	1074.110	809.250	0.124	0.031	0.250	0.330
sub-021_task-EyeTracking_physio	281	1103.302	1286.640	183.338	1314.835	488.405	0.102	0.025	0.158	0.289
sub-021_task-EyeTracking_physio	281	1319.972	2061.657	741.685	1399.225	524.730	0.085	0.032	0.221	0.427
sub-021_task-EyeTracking_physio	281	2094.991	2553.336	458.345	1361.035	570.825	0.080	0.033	0.235	0.337
sub-021_task-EyeTracking_physio	281	2595.003	2786.676	191.673	1516.850	773.140	0.131	0.040	0.284	0.389
sub-021_task-EyeTracking_physio	281	2861.677	3003.347	141.670	926.550	1070.205	0.172	0.120	0.362	1.093
sub-021_task-EyeTracking_physio	282	-2488.093	-1988.084	500.009	1273.392	751.600	0.370	1.769	4.864	4.045
sub-021_task-EyeTracking_physio	282	-1721.408	-1588.071	133.337	1275.533	762.590	0.159	0.100	0.388	0.528
sub-021_task-EyeTracking_physio	282	-1054.726	311.969	1366.695	1268.818	726.410	0.113	0.079	0.366	0.846
sub-021_task-EyeTracking_physio	282	345.301	661.979	316.678	1189.785	740.697	0.086	0.024	0.269	0.230
sub-021_task-EyeTracking_physio	282	686.979	953.654	266.675	1314.932	798.132	0.202	0.077	0.251	0.791
sub-021_task-EyeTracking_physio	282	1186.992	1411.992	225.000	1354.590	741.540	0.148	0.110	0.228	1.053
sub-021_task-EyeTracking_physio	282	1436.997	1745.334	308.337	1471.885	744.770	0.103	0.048	0.214	0.477
sub-021_task-EyeTracking_physio	282	1803.666	1920.337	116.671	977.207	833.933	0.225	0.082	0.364	0.415
sub-021_task-EyeTracking_physio	282	1962.009	2178.679	216.670	944.145	546.280	0.111	0.033	0.259	0.363
sub-021_task-EyeTracking_physio	282	2220.346	2378.684	158.338	908.660	967.730	0.208	0.102	0.400	0.534
sub-021_task-EyeTracking_physio	282	2395.351	2737.027	341.676	940.465	948.250	0.180	0.097	0.368	0.972
sub-021_task-EyeTracking_physio	282	2762.028	3003.696	241.668	933.820	1022.325	0.175	0.051	0.256	0.639
sub-021_task-EyeTracking_physio	283	-653.740	-545.403	108.337	1252.450	783.460	0.212	0.098	0.449	0.444
sub-021_task-EyeTracking_physio	283	-528.736	204.615	733.351	1271.767	716.080	0.103	0.063	0.371	0.597
sub-021_task-EyeTracking_physio	283	221.281	371.283	150.002	1224.850	746.013	0.110	0.042	0.204	0.305
sub-021_task-EyeTracking_physio	283	437.950	1837.980	1400.030	1310.613	838.812	0.209	0.298	0.598	2.017
sub-021_task-EyeTracking_physio	283	1879.647	2004.653	125.006	1566.850	630.375	0.125	0.046	0.194	0.399
sub-021_task-EyeTracking_physio	283	2029.658	2337.995	308.337	1548.980	557.855	0.119	0.042	0.294	0.384
sub-021_task-EyeTracking_physio	283	2362.995	2538.000	175.005	1380.005	568.625	0.094	0.023	0.232	0.208
sub-021_task-EyeTracking_physio	283	2571.337	2771.340	200.003	1192.892	747.165	0.208	0.054	0.199	0.812
sub-021_task-EyeTracking_physio	283	2796.340	2913.011	116.671	1053.847	579.815	0.251	1.001	1.532	1.212
sub-021_task-EyeTracking_physio	284	-4961.098	-4811.089	150.009	1260.080	697.375	0.245	0.100	0.353	0.664
sub-021_task-EyeTracking_physio	284	-4011.071	-3836.067	175.004	1288.400	705.600	0.136	0.058	0.150	0.643
sub-021_task-EyeTracking_physio	284	-3819.401	-3711.065	108.336	1247.095	1273.295	NaN	0.000	4.449	0.212
sub-021_task-EyeTracking_physio	284	-3677.733	-3461.059	216.674	1293.193	711.367	0.106	0.033	0.243	0.329
sub-021_task-EyeTracking_physio	284	-3444.393	-2377.701	1066.692	1272.398	711.375	0.115	0.047	0.376	0.468
sub-021_task-EyeTracking_physio	284	-2186.029	-1952.694	233.335	1282.288	740.675	0.263	0.101	0.265	0.932
sub-021_task-EyeTracking_physio	284	-1944.361	-1727.688	216.673	1282.463	706.918	0.191	0.066	0.322	0.742
sub-021_task-EyeTracking_physio	284	-444.325	280.688	725.013	1283.825	716.005	0.114	0.104	0.399	0.879
sub-021_task-EyeTracking_physio	284	305.695	505.697	200.002	1315.648	736.195	0.098	0.046	0.203	0.409
sub-021_task-EyeTracking_physio	284	522.363	964.042	441.679	1231.930	711.680	0.106	0.060	0.512	0.464
sub-021_task-EyeTracking_physio	284	989.041	1405.716	416.675	1492.932	709.633	0.108	0.054	0.440	0.421
sub-021_task-EyeTracking_physio	284	1422.383	1672.390	250.007	1527.903	686.327	0.097	0.023	0.208	0.257
sub-021_task-EyeTracking_physio	284	1697.389	1839.061	141.672	1644.515	705.925	0.091	0.025	0.211	0.234
sub-021_task-EyeTracking_physio	284	1897.395	2239.066	341.671	1375.900	619.660	0.090	0.018	0.202	0.244
sub-021_task-EyeTracking_physio	284	2264.070	2522.408	258.338	1331.045	719.915	0.124	0.035	0.289	0.330
sub-021_task-EyeTracking_physio	284	2539.075	2747.410	208.335	1233.215	715.830	0.096	0.016	0.278	0.189
sub-021_task-EyeTracking_physio	284	2780.752	2997.417	216.665	1048.318	747.345	0.115	0.046	0.216	0.450
sub-021_task-EyeTracking_physio	285	-542.177	291.178	833.355	1271.052	707.135	0.102	0.048	0.351	0.493
sub-021_task-EyeTracking_physio	285	316.178	574.516	258.338	1422.020	782.765	0.241	0.073	0.243	0.547
sub-021_task-EyeTracking_physio	285	599.516	757.853	158.337	1351.655	701.490	0.085	0.019	0.126	0.283
sub-021_task-EyeTracking_physio	285	791.189	1082.861	291.672	1081.810	748.365	0.129	0.042	0.358	0.318
sub-021_task-EyeTracking_physio	285	1124.527	1557.875	433.348	1445.023	893.635	0.156	0.068	0.391	0.559
sub-021_task-EyeTracking_physio	285	1582.874	2082.884	500.010	1392.570	690.352	0.078	0.021	0.278	0.211
sub-021_task-EyeTracking_physio	285	2116.217	2432.890	316.673	1082.742	684.380	0.080	0.020	0.246	0.241
sub-021_task-EyeTracking_physio	285	2457.890	2757.900	300.010	1174.225	686.453	0.113	0.021	0.316	0.187
sub-021_task-EyeTracking_physio	285	2782.899	2941.236	158.337	1220.150	651.610	0.113	0.021	0.240	0.235
sub-021_task-EyeTracking_physio	286	-1841.136	-1557.794	283.342	1262.505	697.827	0.134	0.157	0.569	0.629
sub-021_task-EyeTracking_physio	286	-1416.125	-1066.115	350.010	1270.320	700.155	0.112	0.061	0.190	0.831
sub-021_task-EyeTracking_physio	286	-907.782	250.581	1158.363	1275.330	710.390	0.102	0.055	0.309	0.710
sub-021_task-EyeTracking_physio	286	275.581	633.925	358.344	1351.915	831.830	0.230	0.078	0.232	1.076
sub-021_task-EyeTracking_physio	286	675.591	867.263	191.672	1194.580	734.545	0.114	0.027	0.227	0.266
sub-021_task-EyeTracking_physio	286	892.263	1092.270	200.007	1241.300	736.050	0.116	0.031	0.208	0.321
sub-021_task-EyeTracking_physio	286	1117.270	1400.607	283.337	1084.575	770.018	0.120	0.032	0.214	0.318
sub-021_task-EyeTracking_physio	286	1425.607	1617.280	191.673	980.570	816.925	0.181	0.076	0.338	0.443
sub-021_task-EyeTracking_physio	286	1650.613	1842.283	191.670	883.510	794.625	0.096	0.021	0.195	0.214
sub-021_task-EyeTracking_physio	286	1858.949	2033.956	175.007	852.345	807.430	0.086	0.021	0.170	0.313
sub-021_task-EyeTracking_physio	286	2092.289	2267.291	175.002	1624.995	740.070	0.114	0.046	0.355	0.231
sub-021_task-EyeTracking_physio	286	2283.961	2450.629	166.668	1669.322	715.933	0.138	0.035	0.355	0.251
sub-021_task-EyeTracking_physio	286	2483.962	2808.974	325.012	1359.600	639.595	0.109	0.037	0.362	0.346
sub-021_task-EyeTracking_physio	286	2842.307	3000.640	158.333	1363.305	879.620	0.285	0.097	0.239	0.895
sub-021_task-EyeTracking_physio	287	-548.296	-364.954	183.342	1280.870	732.867	0.146	0.076	0.266	0.734
sub-021_task-EyeTracking_physio	287	-314.955	310.060	625.015	1280.310	725.600	0.133	0.055	0.220	1.059
sub-021_task-EyeTracking_physio	287	335.060	585.064	250.004	1192.053	868.668	0.224	0.076	0.280	0.703
sub-021_task-EyeTracking_physio	287	601.731	768.400	166.669	1352.485	908.232	0.287	0.128	0.345	0.797
sub-021_task-EyeTracking_physio	287	801.737	1035.072	233.335	1387.222	666.830	0.119	0.026	0.161	0.366
sub-021_task-EyeTracking_physio	287	1051.738	1210.078	158.340	1388.325	604.235	0.084	0.024	0.214	0.276
sub-021_task-EyeTracking_physio	287	1243.412	1468.421	225.009	1520.210	832.430	0.242	0.056	0.220	0.587
sub-021_task-EyeTracking_physio	287	1485.087	1676.754	191.667	1623.660	849.840	0.204	0.044	0.156	0.544
sub-021_task-EyeTracking_physio	287	1718.426	1993.432	275.006	1468.035	781.440	0.122	0.049	0.445	0.268
sub-021_task-EyeTracking_physio	287	2201.770	2626.774	425.004	1625.670	848.840	0.173	0.226	1.131	0.605
sub-021_task-EyeTracking_physio	287	2676.779	2835.115	158.336	1237.500	683.485	0.080	0.019	0.195	0.245
sub-021_task-EyeTracking_physio	287	2860.115	3001.783	141.668	1187.830	719.895	0.111	0.030	0.248	0.292
sub-021_task-EyeTracking_physio	288	-1617.520	-1200.841	416.679	1272.815	708.375	0.112	0.029	0.267	0.275
sub-021_task-EyeTracking_physio	288	-734.164	324.192	1058.356	1272.960	716.270	0.112	0.076	0.437	0.622
sub-021_task-EyeTracking_physio	288	374.195	657.535	283.340	1013.893	776.455	0.137	0.053	0.432	0.360
sub-021_task-EyeTracking_physio	288	674.201	815.871	141.670	1041.150	778.530	0.124	0.022	0.176	0.199
sub-021_task-EyeTracking_physio	288	857.536	999.205	141.669	1427.690	926.160	0.221	0.075	0.297	0.447
sub-021_task-EyeTracking_physio	288	1024.212	1290.883	266.671	1482.920	960.168	0.202	0.061	0.332	0.514
sub-021_task-EyeTracking_physio	288	1324.216	1724.224	400.008	1175.537	708.668	0.115	0.035	0.199	0.447
sub-021_task-EyeTracking_physio	288	1740.891	1990.897	250.006	1155.117	708.808	0.108	0.023	0.262	0.207
sub-021_task-EyeTracking_physio	288	2007.563	2190.899	183.336	1099.418	791.245	0.258	0.109	0.276	0.724
sub-021_task-EyeTracking_physio	288	2207.571	2449.239	241.668	1062.225	775.775	0.176	0.063	0.244	0.556
sub-021_task-EyeTracking_physio	288	2482.577	2707.579	225.002	1316.910	728.395	0.169	0.049	0.263	0.475
sub-021_task-EyeTracking_physio	288	2732.583	2999.254	266.671	1395.577	721.562	0.108	0.032	0.245	0.397
sub-021_task-EyeTracking_physio	289	-668.300	-559.962	108.338	1297.390	735.435	0.180	0.049	0.337	0.365
sub-021_task-EyeTracking_physio	289	-418.295	-193.288	225.007	1287.075	727.910	0.175	0.126	0.244	0.875
sub-021_task-EyeTracking_physio	289	-184.954	256.721	441.675	1273.425	713.440	0.099	0.029	0.254	0.271
sub-021_task-EyeTracking_physio	289	281.721	473.395	191.674	1321.950	725.235	0.100	0.028	0.203	0.284
sub-021_task-EyeTracking_physio	289	490.061	815.071	325.010	1249.495	771.750	0.120	0.039	0.337	0.492
sub-021_task-EyeTracking_physio	289	848.404	1023.406	175.002	1358.255	738.870	0.135	0.027	0.181	0.288
sub-021_task-EyeTracking_physio	289	1048.405	1240.079	191.674	1388.485	719.310	0.115	0.023	0.179	0.269
sub-021_task-EyeTracking_physio	289	1256.746	1506.751	250.005	1428.142	727.237	0.104	0.023	0.181	0.284
sub-021_task-EyeTracking_physio	289	1531.751	1840.089	308.338	1245.595	767.685	0.132	0.039	0.223	0.494
sub-021_task-EyeTracking_physio	289	1865.096	2181.767	316.671	1560.428	763.353	0.146	0.061	0.539	0.339
sub-021_task-EyeTracking_physio	289	2356.769	2531.777	175.008	1070.395	771.115	0.157	0.093	0.970	0.354
sub-021_task-EyeTracking_physio	289	2598.443	2840.115	241.672	1244.850	729.440	0.084	0.028	0.344	0.258
sub-021_task-EyeTracking_physio	289	2856.782	2998.449	141.667	1342.455	733.405	0.103	0.026	0.221	0.240
sub-021_task-EyeTracking_physio	290	-283.562	-141.893	141.669	1291.835	750.595	0.173	0.089	0.236	0.695
sub-021_task-EyeTracking_physio	290	-133.560	291.454	425.014	1272.650	715.950	0.105	0.051	0.237	0.517
sub-021_task-EyeTracking_physio	290	299.786	441.456	141.670	1307.475	718.265	0.113	0.026	0.187	0.327
sub-021_task-EyeTracking_physio	290	474.790	649.793	175.003	1139.705	735.955	0.112	0.028	0.253	0.261
sub-021_task-EyeTracking_physio	290	683.130	824.799	141.669	981.320	656.580	0.136	0.089	0.422	0.411
sub-021_task-EyeTracking_physio	290	883.130	1466.480	583.350	1460.193	744.660	0.115	0.067	0.584	0.531
sub-021_task-EyeTracking_physio	290	1491.480	1749.820	258.340	1399.115	746.755	0.077	0.019	0.177	0.251
sub-021_task-EyeTracking_physio	290	1774.820	2433.168	658.348	1359.465	737.525	0.087	0.026	0.200	0.377
sub-021_task-EyeTracking_physio	290	2474.835	2599.836	125.001	1469.990	696.325	0.105	0.023	0.265	0.211
sub-021_task-EyeTracking_physio	290	2633.169	2941.514	308.345	1578.685	630.605	0.100	0.032	0.293	0.241
sub-021_task-EyeTracking_physio	291	-3004.348	-2837.682	166.666	1292.622	713.602	0.210	0.200	0.403	1.052
sub-021_task-EyeTracking_physio	291	-2287.671	-2146.001	141.670	1233.345	679.740	0.228	0.205	0.347	1.360
sub-021_task-EyeTracking_physio	291	-1420.983	-837.639	583.344	1286.798	717.268	0.084	0.040	0.393	0.322
sub-021_task-EyeTracking_physio	291	-820.969	-629.301	191.668	1266.065	711.505	0.087	0.040	0.219	0.331
sub-021_task-EyeTracking_physio	291	-612.635	-420.961	191.674	1267.690	727.000	0.087	0.022	0.188	0.221
sub-021_task-EyeTracking_physio	291	-404.295	354.051	758.346	1274.045	711.020	0.100	0.032	0.281	0.391
sub-021_task-EyeTracking_physio	291	379.055	620.728	241.673	1106.025	693.265	0.113	0.037	0.357	0.390
sub-021_task-EyeTracking_physio	291	670.728	779.063	108.335	1036.340	654.045	0.095	0.013	0.111	0.204
sub-021_task-EyeTracking_physio	291	812.397	987.398	175.001	1234.905	542.980	0.101	0.022	0.215	0.196
sub-021_task-EyeTracking_physio	291	1037.401	1454.077	416.676	1637.365	825.277	0.163	0.059	0.357	0.576
sub-021_task-EyeTracking_physio	291	1487.409	2004.088	516.679	1464.217	952.985	0.415	0.220	0.748	1.657
sub-021_task-EyeTracking_physio	291	2120.755	2404.095	283.340	1331.850	967.700	0.224	0.120	0.228	1.312
sub-021_task-EyeTracking_physio	291	2429.096	2562.431	133.335	1247.575	864.755	0.193	0.048	0.161	0.523
sub-021_task-EyeTracking_physio	291	2587.435	3004.111	416.676	1248.245	533.357	0.091	0.035	0.188	0.460
sub-021_task-EyeTracking_physio	292	-2006.342	-1723.005	283.337	1272.617	703.200	0.188	0.081	0.354	0.575
sub-021_task-EyeTracking_physio	292	-389.640	-206.300	183.340	1324.908	677.160	0.126	0.077	0.312	0.562
sub-021_task-EyeTracking_physio	292	-197.967	693.717	891.684	1296.725	706.270	0.114	0.087	0.353	0.804
sub-021_task-EyeTracking_physio	292	710.387	985.394	275.007	1395.510	713.520	0.095	0.019	0.157	0.281
sub-021_task-EyeTracking_physio	292	1018.726	1193.729	175.003	1606.880	757.615	0.240	0.058	0.181	0.516
sub-021_task-EyeTracking_physio	292	1210.396	1460.401	250.005	1682.310	806.425	0.156	0.052	0.215	0.617
sub-021_task-EyeTracking_physio	292	1502.069	1752.075	250.006	1201.967	782.575	0.264	0.101	0.397	0.856
sub-021_task-EyeTracking_physio	292	1777.078	2027.087	250.009	1404.207	686.350	0.114	0.051	0.331	0.344
sub-021_task-EyeTracking_physio	292	2052.086	2493.759	441.673	1565.475	647.675	0.114	0.040	0.249	0.428
sub-021_task-EyeTracking_physio	292	2535.425	2785.430	250.005	1098.523	792.515	0.172	0.066	0.348	0.475
sub-021_task-EyeTracking_physio	292	2802.096	3002.102	200.006	1062.860	774.237	0.218	0.059	0.248	0.606
sub-021_task-EyeTracking_physio	293	-1112.181	-937.178	175.003	1257.965	720.245	0.155	0.060	0.336	0.329
sub-021_task-EyeTracking_physio	293	-920.511	-728.839	191.672	1273.015	698.210	0.167	0.036	0.191	0.478
sub-021_task-EyeTracking_physio	293	-545.503	329.518	875.021	1278.535	706.480	0.117	0.048	0.253	0.510
sub-021_task-EyeTracking_physio	293	362.851	637.856	275.005	1072.035	682.975	0.136	0.071	0.337	0.537
sub-021_task-EyeTracking_physio	293	662.857	871.197	208.340	1067.880	595.260	0.094	0.025	0.152	0.292
sub-021_task-EyeTracking_physio	293	904.530	1112.869	208.339	1416.480	715.330	0.095	0.023	0.189	0.277
sub-021_task-EyeTracking_physio	293	1137.869	1704.546	566.677	1467.477	709.122	0.106	0.032	0.284	0.422
sub-021_task-EyeTracking_physio	293	1729.545	2046.222	316.677	1344.538	698.725	0.109	0.026	0.246	0.263
sub-021_task-EyeTracking_physio	293	2087.889	2362.894	275.005	1056.985	656.950	0.081	0.022	0.279	0.236
sub-021_task-EyeTracking_physio	293	2412.894	2696.240	283.346	1440.975	704.030	0.108	0.022	0.219	0.207
sub-021_task-EyeTracking_physio	293	2721.239	3004.575	283.336	1457.415	706.900	0.106	0.024	0.250	0.305
sub-021_task-EyeTracking_physio	294	-598.682	-440.347	158.335	1310.040	706.920	0.098	0.029	0.230	0.253
sub-021_task-EyeTracking_physio	294	-423.681	-290.344	133.337	1279.155	705.828	0.103	0.017	0.145	0.220
sub-021_task-EyeTracking_physio	294	-90.344	284.666	375.010	1292.330	711.245	0.120	0.047	0.259	0.500
sub-021_task-EyeTracking_physio	294	309.672	459.675	150.003	1181.048	658.402	0.079	0.015	0.163	0.157
sub-021_task-EyeTracking_physio	294	484.675	743.013	258.338	957.915	767.510	0.145	0.048	0.394	0.373
sub-021_task-EyeTracking_physio	294	759.680	859.684	100.004	911.300	793.267	0.126	0.023	0.206	0.247
sub-021_task-EyeTracking_physio	294	884.683	1126.354	241.671	965.710	836.355	0.213	0.187	0.749	0.654
sub-021_task-EyeTracking_physio	294	1168.020	1376.363	208.343	881.860	780.305	0.138	0.036	0.290	0.309
sub-021_task-EyeTracking_physio	294	1426.363	1651.368	225.005	1547.420	979.230	0.199	0.076	0.342	0.557
sub-021_task-EyeTracking_physio	294	1676.367	1859.704	183.337	1609.845	792.528	0.190	0.063	0.218	0.599
sub-021_task-EyeTracking_physio	294	1893.040	2234.711	341.671	1600.655	665.860	0.090	0.025	0.243	0.270
sub-021_task-EyeTracking_physio	294	2259.711	2551.387	291.676	1562.035	601.010	0.097	0.017	0.197	0.213
sub-021_task-EyeTracking_physio	294	2576.386	2859.727	283.341	1469.517	626.680	0.103	0.027	0.256	0.210
sub-021_task-EyeTracking_physio	294	2893.060	3001.396	108.336	1200.395	642.600	0.149	0.033	0.343	0.222
sub-021_task-EyeTracking_physio	295	-3472.870	-3272.872	199.998	1268.105	687.805	0.109	0.033	0.255	0.341
sub-021_task-EyeTracking_physio	295	-3256.205	-3064.530	191.675	1276.415	704.325	0.092	0.019	0.140	0.311
sub-021_task-EyeTracking_physio	295	-2889.526	-2664.523	225.003	1274.355	713.065	0.148	0.074	0.256	0.544
sub-021_task-EyeTracking_physio	295	-464.472	-164.466	300.006	1286.983	707.145	0.099	0.050	0.164	0.558
sub-021_task-EyeTracking_physio	295	-156.134	243.877	400.011	1269.642	715.987	0.081	0.027	0.210	0.323
sub-021_task-EyeTracking_physio	295	260.544	418.879	158.335	1249.995	727.960	0.089	0.025	0.163	0.258
sub-021_task-EyeTracking_physio	295	443.879	743.889	300.010	1249.612	568.950	0.106	0.039	0.194	0.561
sub-021_task-EyeTracking_physio	295	793.887	993.896	200.009	1430.465	742.250	0.093	0.019	0.142	0.378
sub-021_task-EyeTracking_physio	295	1018.895	1377.237	358.342	1474.495	768.560	0.107	0.022	0.197	0.315
sub-021_task-EyeTracking_physio	295	1393.904	1893.916	500.012	1419.110	820.850	0.245	0.087	0.283	0.845
sub-021_task-EyeTracking_physio	295	1918.916	2035.586	116.670	1252.600	734.457	0.152	0.044	0.306	0.281
sub-021_task-EyeTracking_physio	295	2210.588	2352.258	141.670	1611.765	551.355	0.109	0.031	0.233	0.286
sub-021_task-EyeTracking_physio	295	2368.923	2510.594	141.671	1581.730	451.270	0.106	0.057	0.345	0.351
sub-021_task-EyeTracking_physio	295	2552.264	2827.269	275.005	1501.700	810.185	0.113	0.041	0.298	0.288
sub-021_task-EyeTracking_physio	295	2843.936	3002.272	158.336	1473.075	727.685	0.104	0.028	0.240	0.271
sub-021_task-EyeTracking_physio	296	-810.298	-693.634	116.664	1284.055	725.415	0.155	0.054	0.326	0.365
sub-021_task-EyeTracking_physio	296	-551.959	323.059	875.018	1277.695	727.815	0.124	0.155	0.394	1.301
sub-021_task-EyeTracking_physio	296	348.059	631.402	283.343	1217.020	780.957	0.116	0.058	0.312	0.501
sub-021_task-EyeTracking_physio	296	673.069	806.405	133.336	958.142	819.632	0.107	0.023	0.226	0.174
sub-021_task-EyeTracking_physio	296	839.737	1031.410	191.673	1235.085	811.580	0.151	0.066	0.377	0.382
sub-021_task-EyeTracking_physio	296	1056.410	1214.748	158.338	1211.165	783.325	0.111	0.020	0.155	0.271
sub-021_task-EyeTracking_physio	296	1256.413	1531.420	275.007	1496.625	779.720	0.191	0.049	0.230	0.508
sub-021_task-EyeTracking_physio	296	1548.090	2398.104	850.014	1485.602	819.490	0.280	0.151	0.460	0.952
sub-021_task-EyeTracking_physio	296	2414.771	2523.109	108.338	1472.595	790.455	0.151	0.039	0.173	0.331
sub-021_task-EyeTracking_physio	296	2573.108	2814.780	241.672	980.550	807.415	0.149	0.054	0.395	0.494
sub-021_task-EyeTracking_physio	296	2848.118	2998.122	150.004	918.308	756.755	0.127	0.029	0.194	0.345
sub-021_task-EyeTracking_physio	297	-694.497	-519.497	175.000	1252.370	692.740	0.105	0.024	0.231	0.366
sub-021_task-EyeTracking_physio	297	-502.830	-327.821	175.009	1272.620	715.425	0.100	0.019	0.148	0.252
sub-021_task-EyeTracking_physio	297	-111.153	322.193	433.346	1274.600	726.378	0.114	0.045	0.224	0.537
sub-021_task-EyeTracking_physio	297	338.859	547.193	208.334	1188.425	760.460	0.102	0.021	0.198	0.236
sub-021_task-EyeTracking_physio	297	580.527	730.535	150.008	1433.928	691.402	0.093	0.016	0.200	0.134
sub-021_task-EyeTracking_physio	297	755.534	972.202	216.668	1426.122	587.697	0.087	0.025	0.227	0.211
sub-021_task-EyeTracking_physio	297	997.211	1438.882	441.671	1466.610	696.440	0.100	0.028	0.284	0.416
sub-021_task-EyeTracking_physio	297	1497.214	1697.221	200.007	1465.178	851.483	0.184	0.050	0.203	0.497
sub-021_task-EyeTracking_physio	297	1705.554	1880.556	175.002	1421.185	888.875	0.201	0.106	0.436	0.671
sub-021_task-EyeTracking_physio	297	1913.894	2205.566	291.672	1110.270	784.980	0.134	0.048	0.410	0.395
sub-021_task-EyeTracking_physio	297	2222.232	2388.901	166.669	1230.602	862.450	0.273	0.111	0.230	0.932
sub-021_task-EyeTracking_physio	297	2430.571	2705.577	275.006	1204.040	590.860	0.090	0.046	0.207	0.532
sub-021_task-EyeTracking_physio	297	2730.577	2888.913	158.336	1160.810	636.840	0.086	0.013	0.178	0.154
sub-021_task-EyeTracking_physio	298	-839.060	-647.389	191.671	1303.515	710.295	0.092	0.020	0.148	0.284
sub-021_task-EyeTracking_physio	298	-630.723	-522.387	108.336	1281.000	706.365	0.093	0.012	0.141	0.148
sub-021_task-EyeTracking_physio	298	-264.050	269.296	533.346	1273.445	732.108	0.108	0.045	0.288	0.463
sub-021_task-EyeTracking_physio	298	302.629	519.301	216.672	1158.278	656.632	0.088	0.019	0.143	0.191
sub-021_task-EyeTracking_physio	298	544.301	810.975	266.674	1106.983	665.505	0.089	0.025	0.229	0.305
sub-021_task-EyeTracking_physio	298	827.641	1219.316	391.675	1112.910	622.290	0.086	0.037	0.207	0.430
sub-021_task-EyeTracking_physio	298	1244.316	1494.321	250.005	1157.520	656.682	0.087	0.017	0.181	0.202
sub-021_task-EyeTracking_physio	298	1544.325	1752.658	208.333	1332.620	775.365	0.107	0.057	0.343	0.449
sub-021_task-EyeTracking_physio	298	1802.662	1969.334	166.672	1002.710	837.580	0.162	0.121	0.567	0.620
sub-021_task-EyeTracking_physio	298	2011.000	2127.667	116.667	987.535	740.402	0.084	0.017	0.192	0.198
sub-021_task-EyeTracking_physio	298	2177.673	2419.342	241.669	1133.925	632.145	0.103	0.023	0.226	0.213
sub-021_task-EyeTracking_physio	298	2444.345	2861.022	416.677	1038.200	685.257	0.110	0.024	0.315	0.248
sub-021_task-EyeTracking_physio	298	2886.022	3002.690	116.668	1131.975	654.527	0.098	0.033	0.306	0.213
sub-021_task-EyeTracking_physio	299	-852.534	-652.531	200.003	1252.035	713.527	0.092	0.025	0.341	0.155
sub-021_task-EyeTracking_physio	299	-427.527	280.825	708.352	1265.960	706.710	0.101	0.096	0.359	0.757
sub-021_task-EyeTracking_physio	299	297.491	505.829	208.338	1353.445	753.305	0.106	0.055	0.279	0.441
sub-021_task-EyeTracking_physio	299	539.163	905.837	366.674	1226.630	839.040	0.159	0.051	0.311	0.589
sub-021_task-EyeTracking_physio	299	947.504	1255.844	308.340	1399.450	764.120	0.101	0.017	0.228	0.208
sub-021_task-EyeTracking_physio	299	1289.181	1522.515	233.334	1235.625	660.132	0.086	0.026	0.183	0.276
sub-021_task-EyeTracking_physio	299	1555.855	1772.523	216.668	1521.082	676.705	0.126	0.040	0.308	0.267
sub-021_task-EyeTracking_physio	299	1789.189	1964.196	175.007	1492.660	685.380	0.106	0.032	0.293	0.278
sub-021_task-EyeTracking_physio	299	1989.196	2172.531	183.335	1553.793	683.393	0.101	0.052	0.336	0.319
sub-021_task-EyeTracking_physio	299	2189.199	2622.543	433.344	1554.535	637.222	0.106	0.044	0.277	0.438
sub-021_task-EyeTracking_physio	299	2639.210	3005.888	366.678	1572.503	667.790	0.100	0.046	0.326	0.337
sub-021_task-EyeTracking_physio	300	-618.590	-410.252	208.338	1295.505	700.610	0.308	0.186	2.257	0.247
sub-021_task-EyeTracking_physio	300	-401.918	306.430	708.348	1276.880	703.855	0.098	0.032	0.251	0.468
sub-021_task-EyeTracking_physio	300	323.097	973.108	650.011	1267.738	655.868	0.110	0.037	0.298	0.495
sub-021_task-EyeTracking_physio	300	1006.449	1248.115	241.666	1585.770	844.495	0.242	0.102	0.348	0.748
sub-021_task-EyeTracking_physio	300	1323.119	1423.122	100.003	1183.193	664.325	0.068	0.023	0.131	0.372
sub-021_task-EyeTracking_physio	300	1464.788	1723.125	258.337	1070.420	699.935	0.115	0.043	0.299	0.427
sub-021_task-EyeTracking_physio	300	1739.792	2348.140	608.348	1148.505	720.585	0.098	0.032	0.219	0.452
sub-021_task-EyeTracking_physio	300	2373.140	2739.815	366.675	1259.427	666.545	0.109	0.027	0.230	0.340
sub-021_task-EyeTracking_physio	300	2773.148	2981.488	208.340	1195.180	698.395	0.106	0.020	0.223	0.256
