t	gaze_point_LX	gaze_point_LY	gaze_point_RX	gaze_point_RY	pupil_diameter_L	pupil_diameter_R
869413201157	1278.75	692.86	1278.24	662.09	3.7430	3.4688
869413209491	1275.56	706.39	1273.12	675.40	3.7620	3.4709
869413217824	1269.49	689.30	1269.58	680.95	3.7190	3.5157
869413226158	1269.81	688.02	1269.62	670.55	3.7264	3.4601
869413234490	1274.53	702.72	1267.25	656.88	3.7438	3.4515
869413242823	1272.27	706.34	1266.01	683.00	3.7548	3.4997
869413251157	1269.67	687.74	1269.13	665.33	3.7256	3.4717
869413259495	1267.90	680.38	1268.21	657.30	3.7037	3.4533
869413267828	1267.70	682.90	1269.54	666.62	3.7028	3.4677
869413276161	1272.66	696.08	1270.55	654.85	3.7466	3.4524
869413284494	1282.30	704.01	1273.02	674.20	3.7752	3.4444
869413292828	1281.17	694.28	1261.51	637.13	3.7513	3.4788
869413301161	NaN	NaN	1253.89	1111.20	NaN	3.3227
869413309494	NaN	NaN	NaN	NaN	NaN	NaN
869413317828	NaN	NaN	NaN	NaN	NaN	NaN
869413326163	NaN	NaN	NaN	NaN	NaN	NaN
869413334496	NaN	NaN	NaN	NaN	NaN	NaN
869413342829	NaN	NaN	NaN	NaN	NaN	NaN
869413351163	NaN	NaN	NaN	NaN	NaN	NaN
869413359495	NaN	NaN	NaN	NaN	NaN	NaN
869413367829	NaN	NaN	NaN	NaN	NaN	NaN
869413376162	NaN	NaN	NaN	NaN	NaN	NaN
869413384496	NaN	NaN	NaN	NaN	NaN	NaN
869413392834	NaN	NaN	NaN	NaN	NaN	NaN
869413401168	NaN	NaN	NaN	NaN	NaN	NaN
869413409501	NaN	NaN	1284.37	1080.02	NaN	3.4460
869413417833	NaN	NaN	1290.65	962.91	NaN	3.4398
869413426166	1306.33	884.35	1287.45	805.26	3.2446	3.5129
869413434500	1284.33	848.59	1277.91	709.37	3.6818	3.5014
869413442833	1278.24	744.87	1278.82	772.54	3.6748	3.5155
869413451164	1285.47	720.75	1284.55	778.45	3.6954	3.5221
869413459497	1291.73	774.56	1281.46	775.27	3.6780	3.5404
869413467831	1293.70	766.15	1281.48	774.45	3.6677	3.5630
869413476164	1300.54	770.82	1283.76	769.58	3.7048	3.5555
869413484498	1289.94	764.91	1283.42	756.07	3.6918	3.5526
869413492831	1295.19	764.46	1281.12	757.43	3.7205	3.5598
869413501165	1298.56	753.27	1282.91	757.14	3.7063	3.5782
869413509497	1286.20	737.14	1285.81	743.79	3.7107	3.5160
869413517830	1294.25	737.99	1282.36	757.89	3.7336	3.5880
869413526169	1293.35	737.49	1288.01	755.59	3.7510	3.5752
869413534502	1293.71	743.78	1280.41	743.13	3.7571	3.5380
869413542835	1289.73	746.86	1282.22	748.91	3.7614	3.5822
869413551168	1291.54	746.45	1277.80	757.13	3.7778	3.5861
869413559502	1291.49	738.67	1277.70	760.00	3.7612	3.6111
869413567835	1295.76	767.00	1276.91	758.81	3.8177	3.5953
869413576170	1289.40	741.26	1278.43	747.46	3.7724	3.5566
869413584504	1293.37	747.38	1284.93	734.97	3.7923	3.5482
869413592837	1291.39	742.20	1286.09	744.64	3.7629	3.5592
869413601167	1295.38	746.54	1286.60	742.73	3.7983	3.5581
869413609501	1302.33	749.31	1283.19	757.28	3.7916	3.5945
869413617836	1291.69	741.08	1276.13	757.23	3.7917	3.6066
869413626169	1298.63	748.48	1280.36	759.96	3.8033	3.6165
869413634503	1301.69	753.99	1284.97	732.87	3.8272	3.5408
869413642836	1300.10	743.94	1280.66	758.85	3.7992	3.6171
869413651171	1304.32	754.50	1274.87	754.07	3.8374	3.5985
869413659502	1302.46	743.40	1284.09	742.45	3.8194	3.5864
869413667838	1296.59	743.64	1281.04	738.14	3.8177	3.5936
869413676171	1298.74	738.41	1280.48	742.20	3.8212	3.5871
869413684505	1298.57	741.53	1283.73	738.10	3.8260	3.5883
869413692835	1292.16	741.14	1270.27	749.40	3.8285	3.6400
869413701170	1294.86	743.48	1273.32	758.52	3.8381	3.6507
869413709504	1294.66	734.38	1281.35	737.27	3.8308	3.6194
869413717837	1296.78	742.89	1277.33	743.59	3.8489	3.6215
869413726170	1292.84	733.97	1269.17	757.09	3.8409	3.6563
869413734504	1276.18	728.19	1251.53	732.54	3.8669	3.6565
869413742837	1295.16	721.95	1268.35	718.19	3.8935	3.6417
869413751170	1282.25	709.55	1256.24	714.11	3.8706	3.6488
869413759502	1288.88	709.92	1263.32	721.86	3.8698	3.6638
869413767835	1288.43	715.89	1265.06	728.56	3.8747	3.6787
869413776167	1294.60	708.95	1260.23	727.47	3.8683	3.6711
869413784506	1288.90	713.30	1266.69	729.27	3.8852	3.6680
869413792840	1290.76	717.14	1259.99	728.83	3.8912	3.6925
869413801173	1288.79	719.41	1263.04	732.37	3.8961	3.6840
869413809507	1286.26	704.43	1265.66	726.58	3.8697	3.6838
869413817840	1292.22	714.71	1271.06	719.89	3.9007	3.6614
869413826173	1291.01	713.91	1268.65	736.64	3.8993	3.7002
869413834507	1288.06	712.16	1261.48	735.95	3.8915	3.7063
869413842840	1288.70	711.07	1258.36	736.33	3.8886	3.7090
869413851173	1289.26	716.63	1268.43	727.80	3.9118	3.6806
869413859507	1286.43	714.59	1264.22	722.57	3.9224	3.6937
869413867839	1285.51	712.16	1266.38	733.06	3.8938	3.7039
869413876172	1289.99	714.77	1265.38	728.77	3.9201	3.6866
869413884505	1296.46	711.73	1264.75	733.44	3.9083	3.7177
869413892838	1289.08	715.85	1265.05	734.48	3.9162	3.7320
869413901172	1290.37	712.81	1265.62	741.90	3.9317	3.7405
869413909506	1289.22	715.60	1266.18	729.65	3.9282	3.6960
869413917845	1289.18	705.66	1268.14	727.88	3.9067	3.6969
869413926180	1289.96	706.06	1268.76	732.43	3.9213	3.7211
869413934511	1284.88	711.60	1266.05	729.88	3.9396	3.7273
869413942845	1292.16	712.67	1267.31	724.72	3.9292	3.7090
869413951178	1287.58	711.94	1262.32	734.69	3.9217	3.7257
869413959511	1286.41	699.14	1267.66	713.04	3.8988	3.6887
869413967846	1286.39	703.54	1260.43	728.40	3.8979	3.7280
869413976179	1283.49	707.98	1267.63	725.31	3.9022	3.7186
869413984511	1286.03	706.36	1267.54	713.87	3.9060	3.6969
869413992846	1289.30	700.79	1262.37	736.73	3.9107	3.7556
869414001179	1283.35	704.12	1261.06	735.34	3.9061	3.7396
869414009513	1286.22	711.61	1262.02	731.92	3.9235	3.7418
869414017843	1288.98	707.00	1263.06	737.58	3.9267	3.7516
869414026177	1283.13	703.58	1263.26	741.64	3.9051	3.7639
869414034510	1286.63	710.91	1259.22	743.38	3.9350	3.7697
869414042849	1285.06	705.38	1258.52	745.63	3.9327	3.7802
869414051181	1286.49	700.24	1258.80	745.25	3.9234	3.7636
869414059514	1284.41	709.90	1253.85	743.00	3.9499	3.7778
869414067847	1287.02	709.57	1259.92	735.85	3.9509	3.7480
869414076181	1285.32	706.82	1261.80	717.96	3.9402	3.7188
869414084514	1285.26	715.00	1260.16	724.04	3.9518	3.7431
869414092848	1288.16	709.33	1265.96	717.20	3.9372	3.7202
869414101181	1286.68	705.79	1262.17	727.15	3.9380	3.7491
869414109516	1292.91	707.41	1261.46	736.04	3.9658	3.7562
869414117849	1283.80	704.17	1261.36	731.33	3.9517	3.7728
869414126181	1283.12	713.72	1261.81	736.16	3.9738	3.7764
869414134516	1297.56	716.00	1262.33	731.40	3.9660	3.7865
869414142846	1294.91	725.91	1262.71	729.51	3.9455	3.7458
869414151180	1279.45	846.03	1255.02	742.57	3.6826	3.7735
869414159513	NaN	NaN	1246.46	1112.80	NaN	3.6593
869414167847	NaN	NaN	NaN	NaN	NaN	NaN
869414176184	NaN	NaN	NaN	NaN	NaN	NaN
869414184519	NaN	NaN	NaN	NaN	NaN	NaN
869414192850	NaN	NaN	NaN	NaN	NaN	NaN
869414201184	NaN	NaN	NaN	NaN	NaN	NaN
869414209517	NaN	NaN	NaN	NaN	NaN	NaN
869414217851	NaN	NaN	NaN	NaN	NaN	NaN
869414226186	NaN	NaN	NaN	NaN	NaN	NaN
869414234518	NaN	NaN	NaN	NaN	NaN	NaN
869414242852	NaN	NaN	NaN	NaN	NaN	NaN
869414251185	NaN	NaN	NaN	NaN	NaN	NaN
869414259518	NaN	NaN	NaN	NaN	NaN	NaN
869414267851	1464.44	924.90	1267.19	811.03	3.1078	3.6963
869414276183	1419.53	873.59	1265.15	742.26	3.3167	3.7482
869414284516	1276.90	828.10	1258.10	703.52	3.8360	3.7490
869414292849	1273.86	777.57	1253.04	775.54	3.9249	3.7780
869414301183	1278.05	741.23	1257.51	777.64	3.9817	3.7442
869414309521	1285.81	721.12	1254.88	788.14	4.0296	3.7753
869414317854	1282.90	755.21	1256.28	777.50	3.9870	3.7580
869414326187	1285.65	768.65	1250.81	781.74	3.9711	3.7966
869414334520	1283.10	762.55	1256.16	754.69	3.9791	3.7658
869414342856	1280.38	749.30	1255.87	756.26	3.9574	3.7829
869414351189	1285.46	753.12	1257.71	761.58	3.9842	3.8022
869414359522	1282.56	750.14	1258.87	733.57	3.9790	3.7662
869414367856	1283.18	754.60	1258.38	740.79	3.9925	3.7782
869414376189	1288.83	748.34	1256.60	723.99	4.0146	3.7540
869414384522	1285.04	744.12	1258.25	731.47	4.0156	3.7794
869414392856	1288.95	734.43	1252.50	749.59	4.0018	3.8111
869414401189	1288.64	737.23	1256.87	756.07	4.0158	3.8188
869414409521	1291.47	735.51	1254.32	742.97	4.0300	3.7986
869414417855	1292.68	746.39	1259.14	731.74	4.0456	3.7762
869414426188	1287.79	752.42	1252.32	758.82	4.0463	3.8369
869414434521	1287.94	737.33	1254.25	740.17	4.0091	3.7995
869414442858	1290.06	747.60	1254.86	734.01	4.0323	3.7965
869414451191	1282.60	739.35	1254.94	729.42	4.0246	3.7686
869414459526	1288.42	746.25	1253.92	750.45	4.0324	3.8367
869414467858	1286.12	740.93	1254.99	751.79	4.0309	3.8171
869414476193	1290.89	742.85	1254.36	742.35	4.0299	3.8128
869414484524	1289.64	743.13	1256.80	731.48	4.0428	3.7840
869414492859	1287.02	746.38	1256.42	735.92	4.0295	3.7924
869414501190	1292.70	745.77	1256.48	736.57	4.0186	3.7865
869414509523	1291.66	744.79	1254.08	731.23	4.0260	3.7888
869414517857	1292.27	736.40	1270.81	734.04	4.0511	3.8145
869414526190	1293.52	722.20	1261.75	720.02	4.0421	3.8255
869414534523	1302.90	715.45	1270.37	726.06	4.0300	3.8507
869414542858	1301.44	716.20	1264.98	720.71	4.0464	3.8415
869414551190	1300.70	721.16	1275.02	715.41	4.0381	3.8225
869414559523	1307.06	726.59	1268.29	707.31	4.0504	3.8090
869414567860	1304.56	724.27	1272.03	732.93	4.0584	3.8598
869414576193	1302.80	718.42	1266.95	730.37	4.0361	3.8543
869414584527	1302.06	724.01	1267.64	739.89	4.0551	3.8969
869414592859	1304.51	718.99	1267.62	717.99	4.0575	3.8401
869414601195	1302.97	717.56	1264.92	733.26	4.0476	3.8871
869414609528	1302.97	721.46	1274.90	721.08	4.0506	3.8479
869414617860	1306.37	716.59	1267.82	727.29	4.0616	3.8802
869414626194	1308.36	728.54	1272.13	714.81	4.0860	3.8323
869414634526	1307.27	716.64	1266.38	723.41	4.0555	3.8762
869414642859	1298.97	718.24	1270.24	725.91	4.0709	3.8692
869414651193	1306.75	724.39	1267.99	716.86	4.0787	3.8435
869414659528	1306.59	715.38	1268.95	717.41	4.0834	3.8535
869414667861	1304.91	721.20	1260.96	731.63	4.0903	3.8886
869414676195	1304.82	720.05	1269.45	726.62	4.0870	3.8779
869414684525	1308.28	724.40	1265.46	725.04	4.1078	3.8968
869414692860	1310.36	716.38	1261.93	735.03	4.1006	3.9152
869414701199	1301.88	726.89	1269.06	728.45	4.1291	3.9037
869414709533	1374.34	685.73	1345.48	686.80	4.1387	3.8799
869414717866	1462.08	598.36	1443.20	574.83	4.1668	3.8592
869414726200	1561.36	495.17	1521.22	492.57	4.1486	3.8957
869414734531	1634.03	435.24	1600.29	426.51	4.1514	3.8856
869414742864	1691.86	413.99	1657.11	377.33	4.1543	3.8987
869414751199	1710.20	376.35	1675.78	356.02	4.1671	3.9072
869414759531	1693.94	373.36	1661.82	361.59	4.1626	3.9259
869414767866	1704.96	375.43	1665.60	364.06	4.1873	3.9354
869414776197	1701.45	384.40	1665.23	366.07	4.1889	3.9229
869414784530	1704.03	385.71	1661.44	364.22	4.2058	3.9226
869414792863	1700.08	381.65	1658.88	362.18	4.2104	3.9267
869414801197	1704.16	388.92	1652.82	364.04	4.2102	3.9249
869414809530	1702.50	392.52	1655.38	365.98	4.2260	3.9317
869414817863	1704.96	383.49	1656.32	368.23	4.2181	3.9421
869414826196	1700.95	380.97	1652.97	369.46	4.2281	3.9367
869414834534	1703.39	378.50	1656.55	362.86	4.2278	3.9453
869414842869	1706.44	380.71	1659.84	371.55	4.2234	3.9505
869414851202	1700.74	376.53	1665.45	369.70	4.2225	3.9694
869414859535	1702.85	379.92	1667.15	376.28	4.2310	3.9686
869414867868	1699.17	381.03	1668.53	373.38	4.2351	3.9688
869414876202	1703.23	380.16	1669.77	374.87	4.2428	3.9733
869414884535	1702.88	387.42	1667.34	373.11	4.2675	3.9699
869414892868	1702.50	381.93	1668.42	373.56	4.2402	3.9676
869414901202	1701.57	385.89	1664.13	374.34	4.2556	3.9700
869414909534	1702.94	385.69	1664.49	378.44	4.2616	3.9726
869414917868	1702.58	381.82	1667.73	379.82	4.2571	3.9881
869414926202	1700.03	381.90	1663.51	382.18	4.2504	3.9868
869414934534	1630.46	444.35	1587.32	429.52	4.2555	3.9710
869414942868	1511.62	569.08	1482.83	554.69	4.2926	3.9455
869414951200	1427.32	665.51	1397.79	633.46	4.2894	3.9471
869414959532	1343.77	708.15	1305.66	709.73	4.2306	3.9953
869414967870	1317.06	743.23	1281.68	747.54	4.2173	3.9929
869414976204	1326.09	733.91	1299.39	723.51	4.2098	3.9480
869414984537	1315.94	730.58	1289.80	734.00	4.2095	3.9638
869414992870	1319.72	747.34	1285.42	739.10	4.2276	3.9750
869415001204	1320.59	740.09	1285.91	734.92	4.2002	3.9517
869415009536	1323.65	735.00	1291.26	731.60	4.1868	3.9617
869415017870	1321.64	733.00	1283.48	725.93	4.2038	3.9483
869415026204	1323.40	736.50	1285.75	738.27	4.1991	3.9587
869415034537	1323.30	748.45	1292.21	724.30	4.2224	3.9295
869415042869	1327.66	743.40	1286.17	746.41	4.2058	3.9830
869415051202	1325.84	740.15	1284.13	727.12	4.1919	3.9354
869415059536	1316.39	734.13	1291.11	719.99	4.1828	3.9107
869415067869	1319.50	731.57	1292.81	726.94	4.1834	3.9240
869415076203	1325.58	737.92	1286.50	726.94	4.1939	3.9249
869415084535	1325.09	733.74	1289.27	747.22	4.1772	3.9706
869415092873	1326.20	734.00	1289.81	734.77	4.1917	3.9324
869415101207	1323.26	754.82	1290.93	730.05	4.2132	3.9415
869415109540	1318.75	740.33	1288.61	737.27	4.1764	3.9355
869415117873	1320.70	746.96	1288.31	734.55	4.2033	3.9352
869415126206	1322.62	743.83	1288.74	732.66	4.1705	3.9143
869415134538	1319.02	742.16	1285.77	732.62	4.1687	3.9458
869415142872	1319.38	744.22	1285.26	745.10	4.1781	3.9536
869415151206	1320.62	744.05	1292.49	735.89	4.1838	3.9344
869415159539	1321.71	746.36	1290.87	739.98	4.1851	3.9450
869415167872	1320.99	741.78	1288.31	732.08	4.1751	3.9330
869415176205	1322.40	745.48	1287.46	736.61	4.1848	3.9258
869415184539	1321.91	736.92	1281.89	734.58	4.1475	3.9285
869415192872	1317.55	743.69	1282.52	741.53	4.1590	3.9529
869415201205	1326.62	747.14	1290.53	731.28	4.1617	3.9247
869415209538	1321.87	743.88	1286.17	735.70	4.1646	3.9204
869415217872	1323.25	742.65	1286.62	737.13	4.1694	3.9368
869415226211	1325.59	744.72	1283.98	741.07	4.1592	3.9381
869415234545	1322.76	742.16	1280.20	738.61	4.1586	3.9223
869415242878	1320.32	748.03	1281.18	736.92	4.1667	3.9200
869415251211	1313.76	751.42	1287.87	726.27	4.1813	3.8923
869415259544	1271.50	741.09	1234.46	729.72	4.1748	3.9279
869415267878	1286.74	729.86	1253.37	731.99	4.1560	3.9413
869415276211	1288.85	734.52	1252.24	724.05	4.1731	3.9264
869415284545	1287.19	739.71	1251.02	705.78	4.1719	3.8726
869415292878	1293.18	739.37	1256.02	714.43	4.1711	3.8929
869415301211	1289.98	731.75	1244.94	720.60	4.1438	3.8998
869415309545	1289.21	736.05	1249.53	723.00	4.1633	3.8950
869415317877	1293.55	739.34	1246.79	728.30	4.1762	3.9266
869415326210	1290.76	737.45	1254.49	721.02	4.1613	3.8930
869415334543	1288.56	747.04	1253.56	721.47	4.1810	3.8859
869415342877	1287.33	743.72	1251.73	726.60	4.1671	3.9113
869415351210	1292.34	739.92	1251.31	724.70	4.1658	3.8878
869415359546	1294.30	742.50	1244.71	725.53	4.1737	3.9012
869415367880	1287.66	749.24	1250.20	730.44	4.1879	3.9149
869415376213	1288.77	743.94	1248.24	727.51	4.1723	3.9241
869415384546	1288.00	739.42	1249.59	718.81	4.1826	3.8978
869415392880	1292.14	734.19	1252.10	724.52	4.1675	3.9145
869415401212	1297.25	742.53	1247.14	727.46	4.2024	3.9224
869415409546	1288.29	738.97	1250.88	737.81	4.1676	3.9448
869415417878	1288.59	739.96	1252.59	732.19	4.1705	3.9348
869415426212	1292.47	743.68	1249.05	738.86	4.1862	3.9343
869415434546	1284.63	732.21	1246.58	733.38	4.1752	3.9379
869415442878	1291.23	746.06	1251.64	731.73	4.2018	3.9283
869415451212	1289.47	738.38	1250.08	724.76	4.1993	3.9091
869415459545	1284.35	739.37	1248.40	722.44	4.1974	3.8997
869415467879	1286.66	740.16	1253.42	727.21	4.1932	3.9207
869415476212	1287.05	747.27	1248.57	732.40	4.1881	3.9389
869415484550	1289.76	742.36	1249.44	729.05	4.1977	3.9355
869415492883	1289.67	745.66	1253.53	726.91	4.2242	3.9201
869415501216	1291.19	747.27	1249.77	731.57	4.2186	3.9475
869415509550	1288.73	738.56	1254.13	734.41	4.2124	3.9445
869415517883	1291.63	738.98	1249.71	729.86	4.2067	3.9249
869415526216	1288.58	742.51	1254.80	727.92	4.2422	3.9437
869415534550	1290.71	739.83	1248.26	737.69	4.2213	3.9505
869415542883	1287.70	737.72	1252.65	735.53	4.2182	3.9594
869415551216	1290.33	740.16	1250.77	737.10	4.2386	3.9503
869415559550	1287.80	734.89	1250.41	732.68	4.2363	3.9561
869415567882	1288.80	731.14	1247.68	732.67	4.2105	3.9503
869415576216	1289.85	733.45	1249.18	734.59	4.2231	3.9669
869415584549	1288.59	734.07	1250.53	736.95	4.2443	3.9758
869415592881	1289.88	741.46	1251.01	738.85	4.2516	3.9694
869415601215	1291.65	729.60	1251.56	732.09	4.2373	3.9655
869415609548	1293.88	739.42	1252.90	732.15	4.2653	3.9594
869415617887	1288.11	731.31	1249.98	732.80	4.2492	3.9688
869415626220	1287.53	740.10	1255.22	722.60	4.2559	3.9562
869415634553	1292.86	737.16	1255.06	735.38	4.2448	3.9787
869415642887	1318.52	732.68	1282.74	717.20	4.2598	3.9552
869415651220	1427.14	716.15	1407.67	727.42	4.2776	4.0215
869415659554	1505.01	777.49	1488.20	662.47	4.1985	3.9632
869415667889	NaN	NaN	NaN	NaN	NaN	NaN
869415676219	NaN	NaN	NaN	NaN	NaN	NaN
869415684553	NaN	NaN	NaN	NaN	NaN	NaN
869415692885	NaN	NaN	NaN	NaN	NaN	NaN
869415701219	NaN	NaN	NaN	NaN	NaN	NaN
869415709552	NaN	NaN	NaN	NaN	NaN	NaN
869415717885	NaN	NaN	NaN	NaN	NaN	NaN
869415726219	NaN	NaN	NaN	NaN	NaN	NaN
869415734552	NaN	NaN	NaN	NaN	NaN	NaN
869415742885	NaN	NaN	NaN	NaN	NaN	NaN
869415751224	NaN	NaN	NaN	NaN	NaN	NaN
869415759557	NaN	NaN	NaN	NaN	NaN	NaN
869415767889	NaN	NaN	NaN	NaN	NaN	NaN
869415776223	NaN	NaN	1693.49	763.95	NaN	3.7948
869415784556	1699.94	839.84	1695.24	633.79	4.2747	3.8802
869415792890	1711.65	704.44	1688.72	574.83	4.3460	3.9724
869415801223	1712.20	596.13	1690.36	553.26	4.2964	3.9995
869415809556	1709.95	584.48	1688.78	597.53	4.3490	3.9614
869415817889	1710.49	632.61	1685.51	613.08	4.3559	3.9462
869415826223	1714.48	645.54	1695.14	593.06	4.3521	3.9230
869415834556	1712.78	634.12	1690.25	612.73	4.3490	3.9828
869415842890	1716.62	637.89	1689.43	606.65	4.3644	3.9928
869415851223	1714.77	641.52	1690.21	596.27	4.3885	4.0078
869415859555	1718.79	626.87	1694.85	587.79	4.3690	3.9897
869415867889	1720.23	644.04	1693.62	586.50	4.4169	4.0125
869415876222	1711.51	646.60	1690.76	585.65	4.4370	4.0076
869415884559	1715.67	619.77	1694.83	579.07	4.3962	3.9859
869415892893	1709.58	620.56	1694.21	583.41	4.4071	4.0080
869415901226	1716.52	621.42	1693.57	576.27	4.4038	3.9994
869415909559	1715.64	637.78	1689.24	570.45	4.4570	3.9875
869415917893	1720.25	628.57	1692.17	574.16	4.4309	4.0139
869415926226	1716.85	619.05	1693.83	568.28	4.4195	3.9878
869415934559	1714.35	608.59	1690.02	581.28	4.3788	4.0176
869415942892	1717.16	608.28	1688.88	576.03	4.3936	4.0188
869415951224	1719.10	604.49	1691.07	585.55	4.3659	4.0125
869415959558	1717.88	599.81	1694.91	565.96	4.3451	3.9935
869415967892	1714.74	607.24	1692.19	578.93	4.3712	4.0048
869415976227	1719.36	591.51	1697.47	575.66	4.3567	3.9774
869415984558	1720.88	598.32	1691.29	582.10	4.3512	4.0095
869415992892	1717.28	608.66	1698.37	567.78	4.3764	3.9740
869416001225	1720.02	601.43	1694.32	584.08	4.3639	4.0061
869416009564	1716.00	625.00	1699.71	576.77	4.4014	4.0066
869416017895	1715.98	616.85	1700.31	578.06	4.3876	3.9776
869416026231	1719.18	608.81	1696.49	587.18	4.3486	3.9937
869416034561	1720.33	616.13	1697.63	585.97	4.3676	4.0020
869416042896	1720.74	613.77	1696.73	571.92	4.3507	3.9758
869416051229	1721.31	620.83	1696.48	584.90	4.3694	3.9828
869416059563	1712.28	606.84	1696.08	580.90	4.3365	3.9738
869416067894	1720.13	599.50	1693.44	581.20	4.3206	3.9601
869416076230	1720.47	615.61	1686.32	589.04	4.3258	3.9697
869416084563	1720.22	605.72	1692.42	591.37	4.2982	3.9687
869416092897	1725.16	623.05	1688.51	586.89	4.3340	3.9491
869416101229	1716.53	628.24	1696.16	574.93	4.3372	3.9227
869416109563	1653.37	632.15	1641.12	592.51	4.3019	3.9223
869416117897	1503.93	678.54	1504.48	655.59	4.3128	3.9753
869416126228	1411.06	695.26	1396.75	690.07	4.2651	3.9838
869416134562	1323.78	715.84	1298.88	725.73	4.2352	4.0183
869416142899	1271.57	728.29	1254.50	723.77	4.2035	3.9811
869416151233	1287.43	735.62	1273.64	728.43	4.2238	3.9523
869416159568	1282.87	730.89	1266.23	729.80	4.1891	3.9677
869416167901	1276.97	726.62	1259.36	733.01	4.1727	3.9543
869416176234	1277.97	738.47	1265.57	733.47	4.1928	3.9389
869416184568	1282.91	738.55	1257.83	710.74	4.1768	3.8931
869416192901	1278.48	728.92	1263.99	716.26	4.1588	3.9033
869416201232	1282.75	730.33	1263.77	728.12	4.1628	3.9151
869416209566	1284.81	733.27	1262.82	719.19	4.1669	3.8912
869416217900	1279.76	730.78	1259.75	735.65	4.1359	3.9263
869416226232	1282.24	740.95	1261.53	733.62	4.1556	3.9242
869416234565	1282.53	735.26	1262.99	714.47	4.1552	3.8801
869416242898	1279.85	735.65	1255.37	735.44	4.1500	3.9228
869416251232	1280.94	734.42	1256.71	740.23	4.1370	3.9266
869416259565	1284.97	734.33	1254.09	731.43	4.1308	3.9073
869416267898	1282.01	733.29	1254.74	739.58	4.1385	3.9382
869416276235	1283.99	736.03	1255.99	747.97	4.1451	3.9581
869416284569	1279.96	734.55	1258.44	733.77	4.1204	3.8961
869416292902	1279.04	726.64	1250.99	744.71	4.1200	3.9381
869416301236	1281.34	725.41	1251.00	740.00	4.1028	3.9408
869416309568	1283.55	730.88	1255.01	739.78	4.1186	3.9211
869416317901	1283.01	736.22	1250.59	735.70	4.1471	3.9211
869416326234	1283.75	734.17	1249.69	737.08	4.1213	3.8935
869416334568	1280.51	728.02	1253.55	726.27	4.0968	3.8830
869416342901	1281.96	727.24	1256.52	715.64	4.0992	3.8618
869416351234	1279.31	731.77	1257.41	724.37	4.1087	3.8807
869416359568	1284.55	734.56	1248.25	748.26	4.1338	3.9168
869416367901	1281.13	730.71	1251.97	746.88	4.1164	3.9308
869416376235	1283.97	732.92	1254.05	715.76	4.1085	3.8636
869416384568	1279.53	734.49	1250.80	740.40	4.1261	3.9251
869416392901	1284.27	730.98	1255.61	732.01	4.1261	3.8949
869416401233	1282.36	738.91	1255.87	744.65	4.1205	3.9385
869416409572	1291.36	734.63	1254.62	761.67	4.1252	3.8948
869416417905	1282.91	865.81	1256.06	797.16	3.8850	3.8846
869416426240	1365.81	1113.28	NaN	NaN	2.5247	NaN
869416434574	NaN	NaN	NaN	NaN	NaN	NaN
869416442905	1161.86	1268.05	1251.31	1405.32	1.8540	2.3224
869416451238	NaN	NaN	NaN	NaN	NaN	NaN
869416459572	NaN	NaN	NaN	NaN	NaN	NaN
869416467907	NaN	NaN	NaN	NaN	NaN	NaN
869416476241	NaN	NaN	NaN	NaN	NaN	NaN
869416484572	NaN	NaN	NaN	NaN	NaN	NaN
869416492906	NaN	NaN	NaN	NaN	NaN	NaN
869416501240	NaN	NaN	NaN	NaN	NaN	NaN
869416509573	NaN	NaN	1336.85	1034.77	NaN	3.7214
869416517906	NaN	NaN	1322.05	942.10	NaN	3.8530
869416526239	1403.76	935.39	1328.42	806.16	3.5362	3.8129
869416534577	1333.27	863.31	1320.58	749.54	3.9026	3.8696
869416542911	1332.34	795.18	1313.68	749.84	4.0223	3.8727
869416551243	1335.87	745.72	1323.01	770.32	4.1341	3.7940
869416559575	1340.00	733.13	1325.74	778.49	4.1647	3.8360
869416567911	1343.55	777.21	1323.72	765.43	4.1015	3.8284
869416576244	1344.05	778.84	1323.51	738.46	4.1312	3.7842
869416584577	1347.10	768.05	1319.55	764.23	4.1153	3.8851
869416592910	1342.88	770.11	1315.79	753.03	4.1260	3.8776
869416601244	1344.60	760.69	1320.66	738.81	4.1278	3.8449
869416609577	1344.38	761.88	1318.10	741.66	4.1437	3.8679
869416617910	1343.21	763.15	1319.49	756.94	4.1691	3.8887
869416626244	1340.56	751.63	1308.77	755.02	4.1527	3.8949
869416634577	1348.45	760.95	1317.22	748.37	4.1995	3.8813
869416642910	1347.60	747.17	1319.31	736.54	4.1829	3.8503
869416651244	1350.04	753.75	1324.14	738.51	4.1861	3.8550
869416659575	1343.85	749.72	1319.52	750.97	4.1741	3.8948
869416667917	1345.65	750.97	1321.26	729.71	4.1893	3.8407
869416676248	1348.07	752.75	1319.69	759.02	4.1874	3.8969
869416684581	1341.15	740.70	1319.07	737.46	4.1669	3.8655
869416692915	1343.97	745.77	1318.62	737.04	4.2002	3.8672
869416701248	1344.49	747.66	1318.75	740.09	4.1908	3.8684
869416709582	1345.60	752.12	1320.66	738.42	4.2028	3.8891
869416717915	1338.39	749.16	1319.10	733.55	4.1951	3.8689
869416726249	1345.94	758.95	1322.73	737.70	4.2344	3.8887
869416734582	1342.44	750.59	1322.00	745.46	4.2083	3.8966
869416742915	1342.28	750.11	1323.29	735.46	4.2028	3.8801
869416751248	1345.07	750.04	1325.17	756.57	4.2102	3.9310
869416759581	1339.36	748.22	1325.05	736.63	4.1973	3.8891
869416767915	1341.32	751.42	1326.25	737.00	4.2038	3.8765
869416776247	1334.57	750.11	1318.91	744.85	4.2018	3.8977
869416784581	1340.04	753.03	1324.59	746.40	4.2265	3.9107
869416792914	1372.83	748.02	1363.18	766.58	4.2270	3.9683
869416801248	1501.41	776.16	1483.67	746.72	4.3354	3.9467
869416809582	1615.17	722.73	1600.10	712.97	4.2826	3.9432
869416817915	1697.77	705.14	1669.26	718.38	4.2423	3.9429
869416826248	1769.39	716.64	1752.88	721.79	4.3033	3.9569
869416834582	1853.02	672.89	1820.02	686.70	4.2767	3.9477
869416842917	1850.73	682.61	1819.52	697.93	4.2588	3.9512
869416851250	1838.31	678.75	1814.07	695.13	4.2675	3.9686
869416859584	1844.89	679.45	1817.98	700.88	4.2543	3.9697
869416867916	1840.59	677.72	1814.04	703.10	4.2535	3.9824
869416876249	1847.02	679.61	1816.79	697.28	4.2509	3.9634
869416884582	1841.32	667.49	1821.59	692.57	4.2385	3.9480
869416892916	1842.80	669.81	1819.15	700.84	4.2564	3.9586
869416901249	1840.66	679.62	1816.64	700.12	4.2511	3.9639
869416909582	1841.21	677.77	1815.30	693.64	4.2652	3.9454
869416917916	1843.50	675.39	1812.30	706.49	4.2538	3.9661
869416926251	1844.86	674.24	1809.00	699.03	4.2494	3.9633
869416934584	1842.63	671.40	1807.52	700.11	4.2629	3.9709
869416942918	1846.96	673.56	1809.13	700.09	4.2639	3.9703
869416951251	1844.04	677.95	1806.28	695.51	4.2729	3.9603
869416959584	1841.57	677.26	1808.17	697.31	4.2734	3.9766
869416967917	1845.42	679.22	1809.56	701.72	4.2781	3.9894
869416976250	1787.20	689.88	1768.71	705.55	4.2972	3.9865
869416984583	1594.93	710.31	1591.98	722.73	4.3181	4.0023
869416992917	1476.20	723.18	1485.06	733.86	4.3107	4.0042
869417001250	1342.56	715.57	1355.71	731.13	4.2670	4.0191
869417009583	1267.83	730.29	1273.16	719.96	4.2705	3.9422
869417017916	1292.92	730.60	1280.61	731.70	4.2641	3.9685
869417026250	1291.39	730.08	1292.52	720.81	4.2580	3.9607
869417034581	1279.15	731.84	1276.53	729.51	4.2628	3.9538
869417042914	1287.44	731.61	1280.68	735.89	4.2624	3.9725
869417051247	1281.93	732.25	1266.96	728.49	4.2833	3.9499
869417059589	1283.30	729.70	1272.66	725.42	4.2499	3.9624
869417067922	1283.19	730.82	1274.16	733.44	4.2487	3.9675
869417076255	1283.99	733.43	1279.71	726.48	4.2488	3.9584
869417084588	1286.68	727.25	1274.70	729.54	4.2481	3.9667
869417092921	1286.54	733.89	1274.12	730.98	4.2529	3.9807
869417101255	1290.73	739.79	1273.52	726.37	4.2642	3.9554
869417109590	1287.23	732.26	1273.62	724.10	4.2570	3.9550
869417117921	1284.65	734.10	1274.65	731.24	4.2770	3.9681
869417126255	1285.65	735.59	1272.67	724.40	4.2700	3.9617
869417134587	1286.08	735.13	1269.36	732.53	4.2580	3.9892
869417142920	1286.34	724.81	1269.50	726.85	4.2536	3.9729
869417151254	1277.48	722.15	1275.93	729.87	4.2616	3.9701
869417159587	1289.13	729.68	1269.70	734.72	4.2609	3.9954
869417167921	1289.63	728.34	1278.14	724.94	4.2716	3.9747
869417176254	1286.15	726.80	1270.40	727.17	4.2695	3.9828
869417184587	1283.74	726.51	1272.44	730.10	4.2526	3.9826
869417192928	1285.88	727.28	1275.45	732.44	4.2644	3.9769
869417201261	1288.83	732.23	1270.09	722.85	4.2864	3.9815
869417209595	1286.67	737.01	1281.05	723.55	4.2894	3.9711
869417217928	1287.02	739.79	1273.29	730.81	4.2807	3.9923
869417226260	1293.25	735.19	1276.21	723.27	4.2995	3.9700
869417234594	1291.52	733.06	1277.68	735.42	4.2817	3.9919
869417242926	1288.75	743.97	1275.02	735.94	4.3027	3.9898
869417251260	1287.86	732.16	1279.14	724.20	4.2694	3.9805
869417259594	1290.61	729.66	1281.46	731.33	4.2813	4.0006
869417267927	1288.72	725.47	1282.30	730.06	4.2745	3.9986
869417276260	1292.31	733.00	1279.53	723.93	4.2912	3.9856
869417284593	1288.67	726.95	1285.46	725.16	4.2713	3.9828
869417292927	1289.71	741.31	1282.51	734.81	4.2955	4.0068
869417301260	1289.83	741.37	1277.94	736.92	4.3068	4.0077
869417309593	1290.85	731.85	1278.38	733.51	4.2816	4.0102
869417317926	1293.36	741.75	1281.70	732.08	4.3110	3.9935
869417326261	1291.43	733.39	1276.73	727.77	4.2783	3.9910
869417334594	1294.48	737.17	1280.61	727.78	4.2961	3.9857
869417342928	1288.93	738.38	1281.38	729.35	4.2975	3.9977
869417351261	1297.41	746.61	1280.80	730.55	4.3189	3.9998
869417359595	1291.81	746.45	1286.21	733.78	4.3175	3.9964
869417367928	1380.93	844.02	1375.33	818.24	4.3653	4.0353
869417376261	1441.31	965.94	1443.23	940.02	4.3962	4.0558
869417384594	1508.14	1039.91	1511.79	1032.34	4.3829	4.0408
869417392929	1541.11	1112.35	1543.27	1108.22	4.3631	4.0381
869417401261	1581.41	1176.35	1587.04	1175.89	4.3450	4.0397
869417409595	1585.32	1224.41	1590.02	1219.52	4.3600	4.0191
869417417929	1593.40	1225.19	1588.86	1225.16	4.3458	4.0301
869417426260	1581.84	1214.82	1587.48	1209.96	4.3509	4.0338
869417434595	1584.46	1223.06	1590.01	1214.28	4.3425	4.0252
869417442928	1593.06	1222.99	1590.26	1222.12	4.3346	4.0379
869417451267	1588.44	1226.19	1587.33	1222.17	4.3534	4.0464
869417459600	1590.27	1225.78	1594.37	1219.41	4.3676	4.0381
869417467934	1588.38	1227.48	1591.16	1219.25	4.3643	4.0416
869417476267	1595.36	1225.93	1588.31	1223.83	4.3488	4.0538
869417484600	1594.90	1227.96	1594.98	1220.51	4.3378	4.0387
869417492934	1593.21	1229.66	1600.80	1221.37	4.3734	4.0315
869417501266	1592.28	1232.92	1592.84	1218.58	4.3635	4.0446
869417509599	1606.44	1231.67	1586.92	1222.51	4.3602	4.0480
869417517932	1595.66	1235.58	1596.63	1223.66	4.3595	4.0348
869417526265	1594.87	1233.76	1592.96	1221.44	4.3724	4.0474
869417534599	1598.59	1236.03	1599.54	1220.01	4.3640	4.0321
869417542933	1600.14	1236.37	1599.83	1219.09	4.3613	4.0355
869417551266	1594.94	1235.30	1594.48	1220.27	4.3817	4.0385
869417559599	1600.09	1235.86	1599.78	1222.54	4.3777	4.0450
869417567932	1597.63	1232.53	1600.69	1222.97	4.3759	4.0482
869417576266	1606.05	1234.44	1602.77	1222.23	4.3790	4.0586
869417584603	1597.11	1238.03	1598.68	1226.25	4.3756	4.0568
869417592936	1595.22	1233.14	1594.05	1225.19	4.3677	4.0538
869417601268	1596.92	1238.17	1602.34	1231.11	4.3880	4.0466
869417609602	1595.52	1230.78	1601.80	1226.17	4.3765	4.0455
869417617936	1596.47	1235.06	1597.62	1231.26	4.3757	4.0651
869417626269	1626.15	1258.32	1631.76	1253.32	4.4008	4.0578
869417634602	1726.72	1359.06	1716.17	1337.57	4.3915	4.0564
869417642935	1793.72	1409.69	1770.72	1396.55	4.3802	4.0528
869417651266	1879.85	1423.79	1850.21	1415.99	4.3447	4.0530
869417659602	1924.90	1451.52	1891.31	1444.68	4.3432	4.0393
869417667936	1926.22	1474.83	1891.12	1463.27	4.3244	4.0404
869417676268	1901.05	1457.35	1883.80	1444.91	4.3500	4.0362
869417684601	1918.50	1466.72	1885.15	1444.72	4.3359	4.0461
869417692934	1915.38	1466.63	1884.27	1450.21	4.3350	4.0359
869417701268	1915.43	1464.17	1887.89	1456.75	4.3165	4.0311
869417709601	1913.51	1464.31	1890.34	1446.67	4.3158	4.0292
869417717940	1915.44	1463.05	1889.17	1447.27	4.3233	4.0146
869417726272	1920.81	1469.50	1893.06	1448.54	4.3214	4.0126
869417734606	1922.14	1464.38	1887.19	1443.81	4.3029	4.0064
869417742940	1926.89	1466.14	1892.78	1452.83	4.2886	3.9933
869417751273	1920.93	1470.79	1889.33	1447.30	4.2887	4.0010
869417759606	1921.61	1469.42	1889.38	1447.31	4.2975	3.9889
869417767938	1922.78	1462.53	1891.44	1450.23	4.2975	3.9789
869417776271	1919.04	1471.65	1892.38	1446.63	4.2890	3.9767
869417784605	1921.81	1465.27	1892.60	1451.74	4.2867	3.9794
869417792938	1918.98	1467.17	1892.56	1450.55	4.2718	3.9620
869417801272	1924.94	1473.35	1894.77	1453.35	4.2660	3.9706
869417809605	1925.93	1472.97	1894.51	1451.73	4.2697	3.9659
869417817938	1924.00	1473.52	1892.68	1453.85	4.2549	3.9668
869417826272	1897.11	1500.59	1850.79	1479.97	4.2728	3.9607
869417834605	1880.40	1519.11	1854.83	1505.35	4.2777	3.9686
869417842938	1892.77	1507.45	1860.09	1501.82	4.2519	3.9508
869417851274	1885.27	1506.25	1860.66	1497.82	4.2524	3.9428
869417859607	1886.73	1506.38	1861.23	1496.06	4.2708	3.9550
869417867942	1891.50	1508.51	1854.21	1498.68	4.2579	3.9532
869417876274	1886.42	1510.38	1853.82	1495.64	4.2672	3.9429
869417884609	1887.26	1509.16	1855.60	1496.22	4.2572	3.9495
869417892942	1885.28	1516.72	1856.60	1497.41	4.2689	3.9433
869417901275	1887.47	1511.96	1854.49	1496.42	4.2642	3.9353
869417909609	1889.64	1508.25	1860.79	1500.24	4.2505	3.9371
869417917942	1887.15	1508.10	1854.48	1496.40	4.2415	3.9338
869417926276	1892.52	1511.19	1859.41	1495.86	4.2477	3.9237
869417934609	1889.63	1513.21	1855.30	1496.60	4.2500	3.9285
869417942942	1889.90	1514.77	1858.27	1502.86	4.2443	3.9230
869417951275	1890.88	1510.56	1855.31	1494.99	4.2370	3.9036
869417959608	1893.45	1515.63	1859.25	1503.73	4.2244	3.9077
869417967941	1886.74	1508.38	1856.02	1500.89	4.2245	3.9002
869417976277	1894.73	1517.32	1855.76	1501.21	4.2196	3.8965
869417984613	1890.98	1511.06	1857.63	1499.14	4.2172	3.8793
869417992946	1889.53	1509.94	1857.85	1500.40	4.2194	3.8691
869418001280	1889.47	1513.08	1853.56	1503.23	4.2006	3.8712
869418009613	1886.60	1510.80	1861.73	1505.85	4.2157	3.8569
869418017944	1887.36	1514.31	1861.56	1504.77	4.1841	3.8396
869418026279	1888.51	1514.52	1861.23	1504.06	4.1941	3.8306
869418034613	1885.30	1512.49	1859.85	1508.99	4.1774	3.8376
869418042945	1890.45	1509.73	1860.03	1505.06	4.1819	3.8282
869418051279	1890.80	1512.64	1867.26	1503.68	4.1669	3.8141
869418059612	1891.11	1516.77	1860.59	1500.11	4.1544	3.8090
869418067945	1894.42	1517.22	1865.49	1507.28	4.1564	3.8005
869418076279	1888.50	1516.56	1862.12	1507.97	4.1309	3.8017
869418084612	1885.24	1515.00	1861.12	1504.98	4.1408	3.7671
869418092945	1883.24	1513.57	1867.08	1505.80	4.1310	3.7815
869418101278	1890.32	1521.27	1869.28	1506.43	4.1342	3.7599
869418109613	1888.01	1515.85	1865.32	1505.60	4.1193	3.7549
869418117947	1890.38	1512.31	1865.11	1506.92	4.1000	3.7515
869418126281	1887.90	1512.80	1862.47	1509.21	4.1046	3.7417
869418134613	1889.64	1516.64	1869.12	1512.81	4.0885	3.7239
869418142946	1891.82	1519.71	1871.05	1510.37	4.0767	3.7296
869418151279	1945.85	1518.85	1912.36	1515.64	4.0936	3.7063
869418159613	1981.81	1515.32	1932.42	1502.94	4.0699	3.6979
869418167946	1976.41	1511.17	1940.15	1509.36	4.0668	3.6810
869418176280	1972.08	1513.73	1936.79	1508.15	4.0547	3.6858
869418184612	1968.79	1516.24	1931.79	1505.37	4.0478	3.6772
869418192946	1972.05	1515.66	1935.29	1507.32	4.0307	3.6689
869418201280	1982.00	1516.49	1937.16	1510.37	4.0328	3.6592
869418209613	1971.90	1515.30	1939.16	1509.97	4.0255	3.6415
869418217945	1978.21	1514.64	1940.79	1508.74	4.0018	3.6356
869418226278	1976.68	1515.54	1938.79	1506.35	4.0009	3.6318
869418234611	1973.71	1511.84	1940.56	1509.04	3.9830	3.6105
869418242952	1970.27	1515.97	1944.79	1504.79	3.9820	3.6122
869418251286	1979.48	1521.17	1940.19	1505.28	3.9613	3.6009
869418259619	1976.99	1513.91	1941.15	1510.22	3.9703	3.6019
869418267952	1981.01	1516.60	1938.38	1502.95	3.9543	3.5694
869418276285	1979.54	1516.13	1945.74	1510.25	3.9411	3.5790
869418284619	1976.11	1518.85	1940.96	1503.54	3.9285	3.5650
869418292952	1973.49	1513.99	1936.53	1507.12	3.9269	3.5591
869418301286	1979.33	1517.65	1938.14	1505.99	3.9132	3.5651
869418309617	1977.64	1515.15	1936.48	1504.97	3.8946	3.5411
869418317951	1971.77	1515.11	1936.20	1507.78	3.9033	3.5338
869418326285	1950.77	1515.40	1927.87	1505.64	3.8933	3.5400
869418334618	1817.51	1518.21	1804.61	1505.38	3.8721	3.5209
869418342951	1639.69	1501.85	1659.21	1491.23	3.8841	3.5318
869418351284	1514.57	1487.37	1542.90	1477.55	3.8793	3.5107
869418359617	1342.47	1489.48	1395.35	1466.59	3.8404	3.5014
869418367954	1220.12	1496.85	1260.03	1470.45	3.8168	3.5192
869418376289	1099.23	1489.32	1115.88	1456.81	3.8154	3.5264
869418384623	990.41	1492.94	987.53	1457.94	3.7795	3.5124
869418392956	910.18	1502.21	882.68	1455.91	3.8049	3.5001
869418401288	909.08	1500.28	887.93	1449.64	3.7882	3.4989
869418409622	908.93	1501.03	893.83	1450.86	3.7846	3.5021
869418417955	899.42	1498.46	885.42	1455.94	3.7748	3.5030
869418426288	913.16	1499.98	879.36	1454.35	3.7853	3.4777
869418434621	904.14	1497.89	884.02	1452.10	3.7621	3.4866
869418442955	898.58	1497.09	878.63	1452.31	3.7544	3.4741
869418451289	913.13	1501.07	886.22	1450.94	3.7886	3.4622
869418459622	902.49	1501.30	879.27	1458.21	3.7444	3.4681
869418467955	898.99	1495.91	875.85	1448.93	3.7516	3.4549
869418476288	901.84	1500.17	876.35	1454.81	3.7467	3.4468
869418484619	917.99	1499.46	883.26	1447.94	3.7894	3.4596
869418492954	896.72	1503.42	876.49	1452.67	3.7412	3.4490
869418501291	901.55	1504.88	876.14	1452.21	3.7363	3.4391
869418509625	896.38	1500.30	883.17	1449.09	3.7319	3.4488
869418517956	897.92	1502.53	873.86	1447.97	3.7333	3.4277
869418526289	894.43	1500.07	875.62	1446.88	3.7173	3.4329
869418534623	893.60	1504.25	880.40	1451.39	3.7325	3.4529
869418542956	834.31	1517.89	814.14	1457.23	3.7303	3.4454
869418551289	733.00	1509.55	710.95	1452.05	3.7150	3.4560
869418559622	676.85	1505.88	661.38	1456.88	3.7136	3.4628
869418567956	640.90	1503.82	622.86	1465.10	3.7131	3.4612
869418576289	649.82	1512.40	634.85	1457.46	3.7112	3.4492
869418584622	647.11	1506.25	646.70	1459.62	3.7187	3.4469
869418592955	645.65	1508.43	643.23	1462.20	3.7202	3.4489
869418601288	640.05	1510.08	643.58	1455.75	3.7106	3.4471
869418609621	645.13	1508.34	641.45	1459.70	3.7154	3.4471
869418617955	642.13	1508.70	642.72	1457.46	3.7094	3.4347
869418626288	645.12	1510.30	645.49	1460.86	3.7143	3.4343
869418634627	643.94	1515.18	648.52	1460.43	3.6830	3.4333
869418642959	643.53	1508.30	645.57	1456.18	3.6976	3.4366
869418651293	647.76	1507.89	642.17	1454.13	3.6983	3.4375
869418659627	636.78	1512.02	651.93	1456.74	3.6727	3.4341
869418667959	637.99	1510.41	646.62	1459.06	3.6822	3.4301
869418676292	641.34	1508.85	656.00	1460.25	3.6866	3.4325
869418684625	637.33	1505.62	648.15	1459.93	3.6837	3.4226
869418692958	633.97	1506.97	651.51	1460.45	3.6856	3.4416
869418701292	643.70	1508.00	651.32	1455.58	3.6713	3.4366
869418709626	637.08	1500.58	648.78	1455.01	3.6758	3.4504
869418717959	645.02	1505.19	644.49	1460.45	3.6662	3.4383
869418726292	632.86	1502.78	629.44	1461.53	3.6862	3.4347
869418734625	500.87	1509.04	519.28	1460.89	3.6734	3.4411
869418742959	376.68	1477.00	391.71	1426.74	3.6511	3.4620
869418751292	291.88	1460.50	305.69	1399.38	3.6689	3.4666
869418759625	171.60	1445.18	166.04	1380.04	3.6369	3.4289
869418767964	85.86	1436.71	72.32	1376.58	3.6320	3.4067
869418776298	52.29	1448.47	43.06	1381.65	3.6400	3.4066
869418784630	50.12	1454.24	77.03	1375.18	3.6608	3.4220
869418792963	45.40	1458.23	65.27	1376.46	3.6754	3.4188
869418801296	58.65	1449.13	79.80	1367.51	3.6794	3.4223
869418809630	46.90	1454.16	79.95	1376.47	3.6568	3.4178
869418817963	54.19	1454.85	76.70	1375.08	3.6609	3.4121
869418826296	58.14	1453.83	83.26	1369.66	3.6609	3.4277
869418834629	52.86	1452.64	84.04	1374.15	3.6645	3.4383
869418842963	68.47	1453.86	79.08	1372.23	3.6721	3.4244
869418851295	49.77	1455.52	73.74	1371.73	3.6595	3.4377
869418859628	51.98	1451.32	80.93	1370.82	3.6521	3.4229
869418867962	64.54	1449.66	78.55	1373.31	3.6764	3.4442
869418876295	73.71	1452.64	80.64	1371.78	3.6999	3.4259
869418884628	77.64	1449.38	88.51	1373.56	3.7232	3.4362
869418892966	61.24	1451.86	79.00	1371.74	3.6775	3.4461
869418901300	58.63	1449.58	76.79	1364.16	3.6796	3.4308
869418909633	55.97	1456.70	71.60	1373.63	3.6904	3.4194
869418917967	59.41	1455.69	80.79	1374.65	3.6982	3.4351
869418926300	62.66	1455.62	69.84	1371.23	3.6878	3.4415
869418934633	56.39	1449.32	74.30	1371.86	3.6983	3.4440
869418942965	52.78	1449.08	64.89	1374.01	3.6830	3.4216
869418951299	54.42	1450.76	68.06	1379.57	3.7105	3.4445
869418959632	61.74	1444.88	79.38	1375.44	3.6940	3.4388
869418967965	85.09	1426.48	105.15	1349.23	3.7116	3.4320
869418976299	86.95	1424.16	108.00	1354.82	3.6939	3.4292
869418984632	96.70	1422.59	106.43	1354.06	3.7314	3.4373
869418992965	82.17	1424.51	102.87	1354.62	3.7008	3.4323
869419001299	102.17	1431.25	103.39	1354.94	3.7538	3.4216
869419009632	95.60	1425.99	91.16	1355.09	3.7229	3.4123
869419017966	89.48	1428.35	98.00	1355.92	3.7171	3.4236
869419026304	77.62	1428.62	97.47	1348.48	3.6949	3.4129
869419034636	122.52	1427.19	93.65	1353.29	3.7613	3.4173
869419042969	85.16	1428.48	104.96	1352.37	3.6997	3.4190
869419051303	75.69	1422.05	94.77	1348.01	3.6787	3.3921
869419059636	76.64	1425.24	94.24	1353.41	3.6759	3.4187
869419067970	77.15	1427.76	98.99	1350.35	3.6670	3.3923
869419076303	86.54	1429.57	90.33	1352.13	3.6664	3.3776
869419084636	90.23	1433.59	98.39	1351.77	3.6891	3.3947
869419092969	81.91	1425.76	90.72	1351.75	3.6707	3.3672
869419101303	89.07	1429.88	93.59	1348.72	3.6657	3.3721
869419109636	88.52	1432.55	100.01	1352.87	3.6667	3.3536
869419117970	84.03	1431.00	88.44	1354.81	3.6460	3.3511
869419126302	72.30	1431.89	99.99	1353.51	3.6160	3.3675
869419134635	87.80	1430.88	97.76	1354.00	3.6523	3.3600
869419142968	86.74	1429.13	93.96	1350.43	3.6318	3.3370
869419151302	75.08	1423.32	103.24	1348.93	3.6009	3.3449
869419159639	87.35	1428.94	97.58	1353.37	3.6222	3.3310
869419167973	104.75	1427.90	97.13	1345.14	3.6424	3.3356
869419176305	74.17	1429.23	87.35	1348.89	3.5999	3.3092
869419184639	88.00	1429.32	97.69	1349.37	3.6209	3.3201
869419192973	75.69	1428.15	98.89	1347.89	3.5871	3.3034
869419201305	87.11	1419.38	98.02	1356.18	3.5996	3.3206
869419209638	72.05	1424.47	99.27	1345.40	3.5665	3.3109
869419217971	74.28	1416.56	88.76	1352.26	3.5771	3.3084
869419226306	82.18	1427.51	90.59	1362.32	3.5654	3.3071
869419234639	141.00	1409.52	171.36	1326.21	3.5129	3.2995
869419242972	301.20	1273.85	372.11	1247.13	3.5610	3.3219
869419251306	454.19	1169.06	502.82	1132.99	3.5530	3.3588
869419259641	NaN	NaN	697.57	1288.67	NaN	2.4378
869419267975	NaN	NaN	871.18	1313.97	NaN	1.5636
869419276307	NaN	NaN	NaN	NaN	NaN	NaN
869419284641	NaN	NaN	NaN	NaN	NaN	NaN
869419292980	NaN	NaN	NaN	NaN	NaN	NaN
869419301312	NaN	NaN	NaN	NaN	NaN	NaN
869419309645	NaN	NaN	NaN	NaN	NaN	NaN
869419317979	NaN	NaN	NaN	NaN	NaN	NaN
869419326312	NaN	NaN	NaN	NaN	NaN	NaN
869419334645	NaN	NaN	NaN	NaN	NaN	NaN
869419342978	NaN	NaN	NaN	NaN	NaN	NaN
869419351311	NaN	NaN	NaN	NaN	NaN	NaN
869419359645	NaN	NaN	NaN	NaN	NaN	NaN
869419367978	NaN	NaN	NaN	NaN	NaN	NaN
869419376312	1519.82	799.84	1552.01	721.40	3.3767	3.1600
869419384645	1537.82	646.90	1556.67	606.53	3.4835	3.2666
869419392977	1536.71	555.73	1541.63	613.80	3.4745	3.2349
869419401311	1528.28	617.20	1543.80	634.71	3.4792	3.2336
869419409642	1539.52	605.65	1549.11	623.67	3.4527	3.2263
869419417982	1542.49	602.64	1548.90	614.73	3.4712	3.2497
869419426315	1541.85	587.36	1553.69	611.07	3.4445	3.2686
869419434649	1547.73	590.04	1549.90	606.77	3.4898	3.2883
869419442982	1544.56	580.76	1549.94	607.06	3.5004	3.2835
869419451315	1541.09	569.70	1548.58	603.20	3.4825	3.2892
869419459649	1547.00	572.23	1545.64	601.53	3.5033	3.2858
869419467982	1546.45	587.37	1546.92	599.17	3.5249	3.2647
869419476316	1546.57	580.89	1543.54	602.36	3.5123	3.2750
869419484648	1547.65	576.88	1546.23	602.39	3.5037	3.2743
869419492981	1547.60	580.35	1544.63	606.20	3.5132	3.2969
869419501314	1549.24	573.69	1545.69	607.41	3.5179	3.3084
869419509648	1548.46	577.50	1549.54	607.18	3.5067	3.3023
869419517982	1548.58	581.17	1548.59	602.14	3.5178	3.2865
869419526314	1550.59	577.98	1545.73	607.87	3.5066	3.3068
869419534648	1555.06	575.27	1543.26	605.46	3.5068	3.3175
869419542981	1547.79	573.34	1550.62	604.21	3.4989	3.3026
869419551317	1497.57	626.30	1501.44	621.63	3.5678	3.3154
869419559651	1377.05	689.97	1397.34	656.56	3.6095	3.3239
869419567984	1305.36	697.41	1316.62	687.06	3.5973	3.3609
869419576316	1271.98	708.91	1257.29	704.03	3.5861	3.3726
869419584648	1286.53	716.23	1280.30	703.45	3.5718	3.3698
869419592983	1276.90	712.77	1274.85	672.19	3.5758	3.3002
869419601317	1276.05	713.84	1269.88	716.59	3.5767	3.3583
869419609650	1270.74	711.46	1273.80	687.70	3.5650	3.2884
869419617983	1268.83	717.70	1276.40	694.65	3.5935	3.3252
869419626317	1269.85	720.38	1272.56	680.30	3.6022	3.3122
869419634650	1272.38	714.12	1279.47	698.04	3.5887	3.3556
869419642983	1272.97	712.44	1271.32	688.62	3.5918	3.3496
869419651316	1281.79	722.24	1273.15	677.12	3.6206	3.2909
869419659650	1276.01	713.16	1267.68	689.50	3.5949	3.3588
869419667982	1283.37	720.88	1271.10	707.89	3.6232	3.3852
869419676316	1281.17	717.28	1275.15	707.35	3.6030	3.3980
869419684654	1284.48	720.00	1266.73	683.29	3.6275	3.3508
869419692988	1284.86	716.10	1271.07	687.32	3.6273	3.3492
869419701322	1283.08	712.12	1267.23	710.76	3.6294	3.4352
869419709655	1277.59	717.93	1270.73	676.83	3.6231	3.3482
869419717988	1283.72	710.40	1275.70	679.37	3.6466	3.3493
869419726321	1277.04	717.62	1267.57	705.37	3.6590	3.4329
869419734655	1281.49	723.96	1271.50	701.40	3.6663	3.4235
869419742988	1278.86	704.18	1275.63	704.09	3.6222	3.4275
869419751320	1342.07	696.03	1356.02	662.47	3.7018	3.4141
869419759654	1443.11	568.01	1473.79	580.31	3.6572	3.4618
869419767987	1503.67	499.80	1520.87	503.83	3.6577	3.4608
869419776320	1610.24	444.99	1624.26	419.61	3.7257	3.4801
869419784654	1667.97	368.14	1689.29	358.16	3.7439	3.4754
869419792987	1714.56	350.94	1707.98	330.28	3.7420	3.4415
869419801319	1699.40	353.68	1698.39	339.27	3.7507	3.4718
869419809653	1704.71	343.15	1710.05	337.29	3.7590	3.4955
869419817991	1709.64	351.27	1706.06	344.90	3.7788	3.5089
869419826326	1702.86	347.71	1700.82	344.60	3.7913	3.5292
869419834659	1707.88	348.74	1710.49	338.86	3.7942	3.5074
869419842992	1705.10	343.43	1706.20	343.19	3.7918	3.5250
869419851325	1705.41	349.62	1707.71	336.65	3.8128	3.5101
869419859659	1706.51	342.82	1706.56	339.12	3.8241	3.5261
869419867992	1707.68	342.84	1705.46	339.44	3.7982	3.5239
869419876326	1709.66	346.05	1703.64	343.38	3.8283	3.5324
869419884659	1706.73	341.08	1705.17	338.06	3.8221	3.5401
869419892992	1710.32	348.13	1707.83	341.93	3.8526	3.5407
869419901326	1714.71	342.68	1705.82	340.73	3.8480	3.5542
869419909658	1711.56	343.96	1708.81	342.85	3.8477	3.5530
869419917992	1708.42	344.11	1709.41	342.75	3.8627	3.5625
869419926325	1709.92	342.94	1705.19	345.99	3.8771	3.5793
869419934657	1711.22	347.99	1708.70	343.56	3.8875	3.6083
869419942995	1712.83	342.89	1712.00	345.58	3.8844	3.5987
869419951328	1708.53	346.31	1707.45	344.00	3.8790	3.6000
869419959662	1706.97	342.16	1709.56	345.65	3.8900	3.5985
869419967995	1714.83	345.17	1711.23	343.70	3.8871	3.6110
869419976328	1715.60	344.42	1706.10	346.19	3.9021	3.6239
869419984662	1719.19	344.86	1707.19	347.48	3.9194	3.6302
869419992995	1723.14	340.66	1703.33	346.16	3.9177	3.6284
869420001328	1718.97	346.62	1706.55	342.02	3.9315	3.6288
869420009662	1718.58	348.67	1707.92	346.51	3.9298	3.6366
869420017995	1718.01	343.04	1706.49	344.75	3.9305	3.6467
869420026328	1722.44	339.46	1703.64	342.46	3.9236	3.6409
869420034660	1724.27	338.17	1707.71	344.37	3.9402	3.6524
869420042994	1725.23	336.38	1708.33	344.86	3.9404	3.6511
869420051328	1723.29	339.29	1703.79	341.08	3.9426	3.6683
869420059660	1720.40	345.36	1705.91	345.98	3.9564	3.6449
869420067994	1728.99	341.17	1705.52	346.26	3.9613	3.6686
869420076331	1729.22	343.35	1705.66	344.25	3.9547	3.6566
869420084665	1684.93	364.27	1684.50	365.31	3.9652	3.6515
869420092998	1567.30	440.21	1579.35	407.10	3.9779	3.6857
869420101331	1504.93	491.55	1497.46	499.94	3.9088	3.6776
869420109664	1424.46	616.36	1421.44	584.60	4.0207	3.6723
869420117995	1373.02	673.74	1370.38	662.35	3.9626	3.6805
869420126330	1368.68	699.37	1365.80	699.27	3.9637	3.6929
869420134664	1377.30	680.96	1378.70	665.91	3.9573	3.6570
869420142995	1363.89	682.07	1365.14	683.51	3.9440	3.6868
869420151330	1370.05	690.20	1359.04	690.22	3.9523	3.6889
869420159663	1367.68	689.48	1356.49	704.54	3.9504	3.6993
869420167997	1369.33	700.50	1352.55	702.74	3.9702	3.7260
869420176330	1368.06	700.70	1352.59	704.35	3.9802	3.7334
869420184663	1370.13	692.01	1353.09	705.41	3.9665	3.7407
869420192997	1369.04	695.77	1350.63	705.64	3.9781	3.7300
869420201329	1362.09	693.71	1352.08	705.48	3.9672	3.7406
869420209668	1369.50	698.35	1357.08	696.33	3.9775	3.7088
869420218002	1365.92	691.64	1350.74	702.54	3.9538	3.7185
869420226335	1367.39	691.85	1354.76	698.44	3.9689	3.7114
869420234668	1368.71	697.23	1352.94	700.61	3.9802	3.7282
869420243001	1371.96	693.42	1352.15	714.60	3.9903	3.7563
869420251335	1366.69	698.40	1352.78	698.05	4.0035	3.7179
869420259669	1363.60	683.45	1351.96	710.55	3.9614	3.7696
869420268001	1368.35	701.77	1352.23	699.45	3.9999	3.7200
869420276335	1368.40	688.38	1352.59	713.72	3.9768	3.7713
869420284668	1365.46	694.08	1349.43	702.70	3.9954	3.7321
869420293000	1360.94	696.54	1345.12	706.99	3.9956	3.7344
869420301334	1299.95	731.85	1270.31	748.61	4.0035	3.7786
869420309667	1274.98	733.21	1245.54	766.72	3.9822	3.7797
869420318001	1289.85	735.27	1270.21	760.61	3.9843	3.7416
869420326332	1289.39	732.21	1271.50	744.25	3.9929	3.7334
869420334669	1289.71	739.21	1263.33	768.34	3.9919	3.7751
869420343003	1286.01	731.00	1267.50	747.41	3.9728	3.7296
869420351336	1285.59	742.50	1258.76	745.60	3.9969	3.7146
869420359669	1285.81	737.27	1261.25	776.15	3.9854	3.7759
869420368002	1283.68	739.65	1263.46	758.26	4.0026	3.7311
869420376336	1291.60	743.48	1261.91	766.56	4.0113	3.7511
869420384671	1290.23	739.39	1260.75	775.45	4.0023	3.7591
869420393001	1289.86	733.48	1259.46	770.72	4.0028	3.7531
869420401335	1282.53	738.40	1269.07	773.07	3.9934	3.7326
869420409670	1282.12	736.71	1258.61	777.92	3.9893	3.7540
869420418001	1291.08	740.54	1266.03	765.40	3.9986	3.7058
869420426337	1288.89	741.20	1264.58	780.81	3.9992	3.7550
869420434670	1289.19	735.38	1262.55	778.09	3.9907	3.7462
869420443001	1287.34	737.54	1264.11	778.87	4.0011	3.7443
869420451337	1285.85	736.48	1260.71	782.71	3.9874	3.7392
869420459670	1285.61	738.82	1264.26	775.77	3.9937	3.7247
869420468007	1292.38	741.28	1266.94	779.15	4.0132	3.7254
869420476340	1287.00	738.38	1266.96	776.24	4.0005	3.7172
869420484673	1291.38	744.46	1267.99	767.49	4.0040	3.7012
869420493007	1283.40	737.53	1265.53	773.34	3.9819	3.7091
869420501340	1288.63	741.80	1268.53	765.20	4.0288	3.6847
869420509673	1289.09	743.24	1264.75	778.11	4.0095	3.7127
869420518005	1294.21	740.82	1265.27	777.78	4.0141	3.7317
869420526340	1287.47	740.23	1270.55	775.65	4.0128	3.7122
869420534671	1298.47	752.86	1273.06	776.55	4.0350	3.7102
869420543005	1393.02	813.80	1381.29	810.08	4.0188	3.6300
869420551338	1524.42	980.92	1496.49	954.32	4.1244	3.6779
869420559673	1609.56	1082.30	1585.25	1085.64	4.0972	3.6821
869420568005	1685.26	1183.46	1658.09	1183.10	4.0858	3.6717
869420576337	1768.68	1284.80	1726.79	1283.20	4.0833	3.6698
869420584672	1806.86	1375.67	1765.10	1368.45	4.0505	3.6654
869420593005	1832.32	1449.41	1794.08	1436.63	4.0417	3.6384
869420601345	1852.91	1472.28	1799.16	1465.34	4.0598	3.6535
869420609676	1827.80	1445.39	1799.24	1446.19	4.0518	3.6567
869420618012	1845.30	1466.30	1800.19	1453.10	4.0389	3.6762
869420626345	1845.89	1469.22	1794.64	1455.62	4.0567	3.6743
869420634678	1840.63	1469.97	1802.49	1460.49	4.0573	3.6629
869420643011	1831.64	1463.97	1798.90	1457.91	4.0666	3.6613
869420651345	1835.75	1465.03	1798.56	1459.36	4.0698	3.6777
869420659678	1832.37	1468.43	1795.73	1456.61	4.0564	3.6922
869420668011	1833.52	1466.22	1795.07	1460.25	4.0812	3.6989
869420676344	1838.64	1465.58	1798.11	1456.27	4.0790	3.7057
869420684677	1832.58	1462.56	1796.36	1452.38	4.0807	3.7044
869420693010	1833.53	1470.69	1799.26	1458.84	4.0914	3.6984
869420701344	1846.80	1468.80	1795.27	1459.48	4.0788	3.7073
869420709677	1835.37	1467.02	1788.56	1457.62	4.1058	3.7117
869420718010	1840.69	1468.44	1790.56	1458.11	4.0998	3.7182
869420726344	1834.56	1470.21	1792.59	1454.12	4.1064	3.7324
869420734682	1838.34	1471.01	1782.74	1457.18	4.1101	3.7429
869420743015	1842.76	1466.42	1796.16	1457.30	4.1090	3.7502
869420751348	1841.99	1470.88	1798.90	1461.01	4.1154	3.7454
869420759681	1840.19	1475.80	1807.26	1461.18	4.1235	3.7591
869420768014	1920.62	1502.44	1868.11	1486.07	4.1369	3.7614
869420776347	1943.07	1505.82	1888.35	1495.18	4.1401	3.7654
869420784681	1928.92	1495.71	1900.38	1488.31	4.1416	3.7663
869420793015	1920.94	1494.24	1897.97	1489.35	4.1444	3.7608
869420801347	1921.69	1499.01	1893.26	1487.49	4.1324	3.7663
869420809681	1925.76	1498.32	1898.49	1484.27	4.1345	3.7803
869420818014	1927.74	1500.72	1895.35	1482.96	4.1367	3.7675
869420826348	1934.97	1495.11	1900.69	1486.26	4.1285	3.7716
869420834680	1934.10	1498.25	1898.50	1486.39	4.1265	3.7701
869420843013	1936.52	1500.81	1899.25	1491.48	4.1364	3.7812
869420851346	1935.29	1498.75	1895.12	1491.09	4.1309	3.7727
869420859683	1934.19	1497.07	1894.54	1494.96	4.1136	3.7768
869420868017	1933.99	1500.25	1897.94	1491.89	4.1054	3.7647
869420876350	1934.12	1501.88	1896.11	1490.35	4.0952	3.7574
869420884683	1938.16	1500.73	1895.03	1493.31	4.0801	3.7499
869420893016	1939.05	1499.81	1895.27	1494.01	4.0854	3.7473
869420901349	1941.71	1502.56	1896.12	1495.21	4.0595	3.7235
869420909683	1940.37	1501.85	1896.28	1488.56	4.0661	3.7141
869420918017	1940.14	1500.66	1894.99	1486.21	4.0562	3.7150
869420926348	1937.94	1502.07	1900.46	1490.73	4.0433	3.6842
869420934682	1932.60	1501.59	1900.12	1486.54	4.0207	3.6888
869420943015	1933.37	1502.26	1895.24	1484.68	4.0172	3.6648
869420951349	1936.20	1498.79	1896.63	1487.05	3.9996	3.6651
869420959682	1931.78	1501.63	1896.64	1490.27	3.9960	3.6483
869420968015	1939.42	1517.53	1883.70	1486.37	3.9336	3.6358
869420976348	1788.28	1426.93	1782.05	1399.49	3.9710	3.6314
869420984682	1664.66	1252.93	1685.66	1253.57	3.9650	3.6436
869420993021	1594.22	1121.73	1601.03	1110.31	3.9839	3.6260
869421001355	1507.97	1000.40	1510.75	988.61	3.9601	3.5943
869421009688	1409.18	894.53	1404.77	872.92	3.9184	3.5446
869421018020	1333.23	828.79	1327.86	819.44	3.8695	3.5450
869421026353	1312.44	800.53	1299.85	802.13	3.8726	3.5883
869421034685	1320.38	805.42	1303.31	800.53	3.8669	3.5788
869421043020	1306.52	798.37	1303.26	772.03	3.8399	3.5024
869421051353	1313.73	797.68	1297.06	812.40	3.8155	3.5771
869421059685	1313.20	806.58	1297.59	798.52	3.8178	3.5404
869421068018	1316.56	803.73	1301.84	801.81	3.7920	3.5510
869421076353	1314.42	795.68	1301.93	809.81	3.7931	3.5604
869421084687	1316.76	795.78	1296.00	811.31	3.7784	3.5426
869421093020	1320.25	798.19	1307.79	811.37	3.7738	3.5234
869421101353	1318.11	798.67	1307.71	806.25	3.7701	3.5059
869421109686	1313.26	796.69	1302.88	803.19	3.7511	3.5109
869421118019	1314.21	794.81	1305.85	799.51	3.7436	3.4723
869421126359	1319.01	791.76	1309.75	786.49	3.7380	3.4517
869421134692	1320.80	801.11	1302.81	798.44	3.7518	3.4629
869421143025	1316.72	798.02	1301.98	814.31	3.7372	3.5020
869421151358	1311.78	799.47	1307.54	792.12	3.7196	3.4640
869421159692	1310.11	797.45	1305.70	811.30	3.7140	3.4891
869421168025	1315.27	794.77	1304.69	802.63	3.7140	3.4494
869421176358	1316.50	800.49	1306.68	793.00	3.7115	3.4103
869421184692	1310.17	798.82	1312.01	796.44	3.7036	3.4264
869421193025	1312.46	794.97	1301.96	789.85	3.6840	3.4087
869421201357	1295.23	783.30	1290.90	801.86	3.6798	3.4723
869421209691	1276.93	747.69	1278.91	740.10	3.6755	3.4182
869421218024	1284.89	735.52	1282.81	732.35	3.6891	3.4244
869421226357	1282.15	735.02	1273.74	731.38	3.6641	3.4201
869421234688	1287.62	733.67	1282.58	723.99	3.6615	3.3816
869421243024	1280.89	736.77	1289.50	718.95	3.6498	3.3801
869421251358	1284.30	732.51	1283.22	715.48	3.6391	3.3369
869421259695	1281.09	729.16	1278.86	740.54	3.6294	3.4081
869421268028	1284.08	738.76	1277.64	715.62	3.6367	3.3483
869421276361	1282.85	728.11	1286.57	721.58	3.6188	3.3552
869421284694	1286.19	735.38	1283.45	714.51	3.6421	3.3537
869421293027	1283.24	725.79	1291.06	722.06	3.6168	3.3606
869421301360	1285.19	733.82	1287.69	716.84	3.6334	3.3430
869421309693	1283.56	717.93	1282.46	728.73	3.5928	3.3533
869421318027	1284.61	735.78	1286.17	710.80	3.6346	3.3294
869421326360	1286.56	744.90	1285.13	733.90	3.6009	3.3345
869421334694	1297.12	737.08	1283.44	680.32	3.6447	3.2877
869421343027	1331.41	1088.88	1273.07	971.35	3.5927	3.3389
869421351360	NaN	NaN	1233.23	1429.06	NaN	3.3694
869421359691	NaN	NaN	NaN	NaN	NaN	NaN
869421368025	NaN	NaN	NaN	NaN	NaN	NaN
869421376360	NaN	NaN	NaN	NaN	NaN	NaN
869421384694	NaN	NaN	NaN	NaN	NaN	NaN
869421393028	NaN	NaN	NaN	NaN	NaN	NaN
869421401362	NaN	NaN	NaN	NaN	NaN	NaN
869421409694	NaN	NaN	NaN	NaN	NaN	NaN
869421418028	NaN	NaN	NaN	NaN	NaN	NaN
869421426362	NaN	NaN	NaN	NaN	NaN	NaN
869421434694	NaN	NaN	NaN	NaN	NaN	NaN
869421443028	NaN	NaN	NaN	NaN	NaN	NaN
869421451362	NaN	NaN	1288.58	1024.37	NaN	3.3067
869421459695	1322.36	1069.97	1274.14	909.39	3.4488	3.3961
869421468027	1314.92	899.55	1270.51	783.02	3.5373	3.4568
869421476361	1274.17	777.93	1282.33	672.52	3.5667	3.3509
869421484692	1285.39	728.47	1275.01	771.20	3.6628	3.4579
869421493025	1279.48	704.27	1272.78	783.81	3.7366	3.4727
869421501358	1289.78	740.60	1278.87	783.38	3.7151	3.5085
869421509694	1289.73	747.44	1277.76	774.66	3.7076	3.5253
869421518033	1290.30	744.36	1281.95	767.04	3.7145	3.5353
869421526366	1287.39	734.30	1280.95	748.24	3.7450	3.5049
869421534700	1288.34	730.55	1278.41	751.40	3.7496	3.5406
869421543033	1288.08	737.32	1286.40	752.24	3.7870	3.5547
869421551366	1288.79	732.07	1280.72	741.02	3.7997	3.5266
869421559699	1287.39	724.45	1277.66	755.52	3.8123	3.5787
869421568032	1285.77	733.89	1272.39	762.83	3.8428	3.5912
869421576365	1282.20	729.02	1272.81	758.39	3.8442	3.6025
869421584699	1290.48	719.32	1271.47	761.84	3.8314	3.6175
869421593032	1283.98	727.73	1273.32	760.58	3.8615	3.6366
869421601365	1284.72	725.20	1269.98	752.34	3.8632	3.6163
869421609699	1290.34	728.99	1270.51	760.22	3.8823	3.6438
869421618032	1287.31	720.87	1273.79	749.34	3.8769	3.6168
869421626365	1289.83	728.04	1268.32	750.37	3.8908	3.6618
869421634699	1287.13	725.42	1272.02	747.48	3.9254	3.6542
869421643032	1288.26	729.15	1269.97	753.63	3.9181	3.6685
869421651370	1283.69	734.97	1272.41	737.11	3.9211	3.6369
869421659704	1290.01	724.21	1274.39	753.62	3.9418	3.6982
869421668037	1284.48	728.01	1274.52	751.49	3.9238	3.6981
869421676370	1286.18	729.55	1264.83	752.96	3.9626	3.7240
869421684704	1287.43	731.44	1270.67	752.21	3.9694	3.6979
869421693037	1289.31	729.42	1271.09	746.08	3.9650	3.7106
869421701370	1285.25	730.74	1271.23	753.39	3.9701	3.7231
869421709704	1286.66	729.37	1271.21	756.18	3.9812	3.7507
869421718037	1285.12	724.01	1267.98	757.05	3.9739	3.7539
869421726370	1285.64	722.29	1269.70	763.39	3.9579	3.7646
869421734703	1289.43	733.76	1269.20	755.48	4.0091	3.7755
869421743036	1293.40	734.51	1267.09	758.40	4.0134	3.7741
869421751369	1288.32	722.72	1275.47	750.38	4.0084	3.7861
869421759702	1285.58	728.90	1271.13	754.29	4.0119	3.7804
869421768036	1284.94	734.28	1268.61	757.03	4.0267	3.8191
869421776372	1288.70	726.66	1277.55	749.08	4.0180	3.7917
869421784706	1286.64	725.03	1272.81	749.97	4.0470	3.8067
869421793039	1286.28	727.28	1271.23	743.14	4.0407	3.7981
869421801372	1292.86	729.88	1284.89	739.71	4.0547	3.8233
869421809705	1373.26	689.22	1381.24	696.14	4.0692	3.8356
869421818039	1431.54	625.12	1443.74	607.42	4.0771	3.7669
869421826371	1490.68	594.20	1500.10	576.13	4.1281	3.7704
869421834704	1572.31	514.25	1566.64	518.92	4.0396	3.7655
869421843038	1575.50	482.39	1576.25	486.74	4.0588	3.8010
869421851371	1581.13	491.57	1596.10	492.80	4.0600	3.8000
869421859704	1573.96	489.30	1591.86	488.38	4.0551	3.8140
869421868037	1588.71	486.63	1595.00	490.80	4.0762	3.8132
869421876371	1584.52	485.70	1594.23	492.87	4.0634	3.8241
869421884704	1591.46	487.43	1592.71	488.38	4.0788	3.8199
869421893037	1595.45	482.78	1589.69	489.37	4.0722	3.8195
869421901371	1593.79	486.57	1586.31	490.98	4.1039	3.8405
869421909712	1591.45	481.95	1590.07	488.93	4.0725	3.8368
869421918044	1596.92	486.32	1588.92	492.50	4.0914	3.8364
869421926378	1595.81	481.57	1590.36	489.87	4.0888	3.8450
869421934711	1595.58	489.06	1587.03	487.85	4.0956	3.8367
869421943044	1595.72	486.74	1590.44	481.43	4.1047	3.8376
869421951378	1589.04	492.75	1587.56	483.96	4.1032	3.8381
869421959711	1593.61	486.46	1584.97	486.71	4.1145	3.8617
869421968044	1589.69	485.49	1586.34	488.78	4.1132	3.8605
869421976378	1590.75	485.94	1587.40	479.35	4.1017	3.8599
869421984711	1592.97	487.05	1588.20	482.99	4.1133	3.8506
869421993044	1592.82	492.59	1586.27	487.30	4.1188	3.8521
869422001378	1593.17	482.35	1587.69	482.75	4.1065	3.8555
869422009710	1597.75	484.54	1585.14	492.64	4.1253	3.8629
869422018044	1594.52	490.24	1583.73	489.19	4.1156	3.8653
869422026377	1594.41	485.03	1586.64	485.77	4.1142	3.8723
869422034710	1644.06	435.40	1657.61	426.66	4.1383	3.8954
869422043046	1673.98	369.41	1672.04	357.80	4.1415	3.9073
869422051380	1699.50	336.78	1708.31	328.33	4.1534	3.9001
869422059714	1733.66	313.39	1741.14	287.31	4.1538	3.8960
869422068046	1734.82	308.34	1728.98	285.40	4.1583	3.8972
869422076380	1722.77	314.22	1726.78	287.95	4.1491	3.8967
869422084713	1725.72	311.33	1726.92	292.56	4.1522	3.9011
869422093047	1728.49	310.32	1725.71	288.78	4.1576	3.9170
869422101379	1721.85	308.98	1726.43	289.11	4.1464	3.9055
869422109713	1721.84	311.54	1728.26	288.31	4.1491	3.9037
869422118046	1724.56	309.20	1731.65	285.57	4.1396	3.8984
869422126379	1724.50	311.02	1729.99	282.40	4.1338	3.8965
869422134712	1725.04	303.96	1730.78	287.53	4.1279	3.8895
869422143046	1728.67	306.33	1726.33	285.33	4.1479	3.8996
869422151379	1732.17	301.21	1725.81	286.00	4.1209	3.8904
869422159712	1733.18	299.97	1726.68	282.30	4.1204	3.9003
869422168045	1728.33	302.62	1728.72	281.76	4.1235	3.8941
869422176383	1736.24	300.11	1727.44	280.58	4.1313	3.8873
869422184716	1735.38	301.29	1726.31	278.22	4.1240	3.8976
869422193047	1729.33	305.08	1721.15	281.04	4.1122	3.8980
869422201382	1736.68	296.55	1726.21	279.11	4.1132	3.8711
869422209715	1735.74	299.62	1727.28	285.47	4.1118	3.8759
869422218049	1738.17	300.29	1717.73	281.98	4.1154	3.8867
869422226380	1666.21	348.11	1657.80	349.95	4.1010	3.8717
869422234715	1544.78	456.77	1552.27	444.03	4.0974	3.8735
869422243048	1474.34	549.74	1468.70	538.36	4.0838	3.8609
869422251382	1405.92	641.66	1393.99	612.48	4.1107	3.8569
869422259715	1355.87	692.25	1342.01	682.64	4.0686	3.8686
869422268046	1327.07	719.49	1318.49	731.96	4.0347	3.8939
869422276379	1319.42	707.21	1299.46	734.80	4.0443	3.9180
869422284714	1328.56	707.07	1315.00	719.17	4.0378	3.8752
869422293048	1318.46	715.72	1302.57	726.51	4.0525	3.8756
869422301384	1313.83	713.29	1307.42	724.96	4.0091	3.8604
869422309717	1319.10	715.86	1303.42	730.14	4.0293	3.8742
869422318051	1316.41	719.26	1301.06	734.04	4.0342	3.8734
869422326384	1315.79	717.28	1304.64	718.04	4.0210	3.8536
869422334717	1319.33	721.28	1297.46	730.08	4.0323	3.8845
869422343051	1319.54	717.91	1304.54	736.14	4.0241	3.8721
869422351383	1321.12	716.32	1306.75	709.49	4.0136	3.8155
869422359717	1316.38	715.91	1302.60	732.85	4.0213	3.8563
869422368050	1317.50	713.76	1301.95	738.04	4.0008	3.8748
869422376383	1317.36	720.18	1298.92	729.56	4.0292	3.8733
869422384716	1321.26	722.32	1306.67	718.37	4.0218	3.8390
869422393049	1316.17	720.76	1302.20	727.82	4.0084	3.8537
869422401383	1316.04	719.92	1298.21	734.22	4.0287	3.8777
869422409714	1315.89	717.15	1300.11	732.73	4.0131	3.8757
869422418048	1313.41	717.89	1303.57	721.95	4.0201	3.8443
869422426383	1316.12	721.03	1300.42	728.36	4.0219	3.8565
869422434723	1320.40	728.28	1300.40	735.56	4.0297	3.8506
869422443057	1315.35	723.33	1300.70	732.38	4.0342	3.8566
869422451390	1320.77	728.81	1304.11	725.23	4.0379	3.8482
869422459722	1317.50	719.04	1304.52	722.99	4.0209	3.8347
869422468056	1318.59	720.07	1301.00	725.90	4.0184	3.8546
869422476388	1317.51	718.06	1303.82	724.61	4.0267	3.8282
869422484722	1322.23	717.22	1298.10	714.93	4.0187	3.8235
869422493056	1317.87	722.20	1298.34	728.74	4.0290	3.8293
869422501389	1292.31	734.96	1265.32	746.78	4.0169	3.8688
869422509722	1242.43	753.21	1220.87	759.98	4.0439	3.8610
869422518055	1261.24	747.71	1244.12	738.92	4.0345	3.7936
869422526387	1258.92	744.75	1243.83	741.42	4.0307	3.8012
869422534722	1254.69	740.33	1245.42	745.53	4.0260	3.8027
869422543054	1252.37	752.29	1247.08	732.22	4.0365	3.7784
869422551388	1255.09	749.76	1245.03	747.42	4.0429	3.8018
869422559721	1252.08	741.53	1238.81	759.70	4.0299	3.8451
869422568058	1253.36	749.19	1238.40	755.27	4.0246	3.8176
869422576393	1259.07	747.44	1242.53	745.02	4.0291	3.8056
869422584726	1250.92	746.22	1240.40	743.69	4.0197	3.8064
869422593060	1251.34	753.25	1244.97	746.40	4.0499	3.7886
869422601392	1254.74	750.32	1246.33	749.90	4.0501	3.8126
869422609726	1254.59	754.27	1243.62	738.31	4.0492	3.7880
869422618060	1258.90	757.42	1243.73	747.59	4.0573	3.7976
869422626393	1254.04	753.71	1239.59	743.90	4.0603	3.7996
869422634726	1258.64	749.47	1243.58	742.99	4.0549	3.8052
869422643058	1257.70	748.29	1246.32	734.79	4.0638	3.7876
869422651391	1257.19	748.34	1243.39	741.04	4.0764	3.8026
869422659725	1256.63	753.77	1241.76	745.22	4.0609	3.8031
869422668058	1254.80	750.08	1240.26	747.62	4.0704	3.8170
869422676392	1255.40	747.77	1238.78	757.14	4.0562	3.8314
869422684725	1256.66	752.15	1240.12	746.48	4.0770	3.8277
869422693058	1257.35	752.34	1241.60	758.01	4.0792	3.8343
869422701397	1256.09	754.12	1240.85	732.72	4.0624	3.7897
869422709730	1252.89	760.07	1242.21	747.01	4.0773	3.8237
869422718063	1248.72	746.50	1242.02	752.07	4.0686	3.8497
869422726395	1255.53	753.96	1241.03	745.90	4.0747	3.8225
869422734729	1258.58	759.17	1241.51	733.05	4.1021	3.7902
869422743062	1256.83	753.31	1245.96	731.81	4.0797	3.8083
869422751396	1253.12	759.62	1241.32	743.13	4.0990	3.8345
869422759729	1290.69	749.90	1273.00	731.43	4.0874	3.8090
869422768062	1301.18	737.43	1284.59	750.72	4.0878	3.9037
869422776395	1296.39	740.95	1280.30	742.20	4.1007	3.8543
869422784729	1299.20	741.66	1280.58	735.57	4.1117	3.8573
869422793062	1297.50	741.26	1280.87	729.16	4.1001	3.8236
869422801394	1300.32	738.17	1280.42	725.43	4.0876	3.8328
869422809727	1302.72	744.10	1280.17	746.69	4.0966	3.8831
869422818059	1303.25	745.97	1275.02	729.23	4.1193	3.8580
869422826398	1302.09	745.90	1281.06	722.98	4.1216	3.8344
869422834731	1297.57	747.38	1282.44	737.16	4.1293	3.8739
869422843064	1301.94	741.60	1278.48	720.71	4.1288	3.8364
869422851398	1296.75	750.01	1276.90	729.30	4.1366	3.8565
869422859731	1303.65	749.58	1277.82	729.16	4.1341	3.8577
869422868064	1296.15	740.04	1278.72	732.65	4.1166	3.8611
869422876398	1302.42	739.50	1279.77	720.37	4.1315	3.8436
869422884730	1295.49	743.38	1280.71	731.73	4.1370	3.8738
869422893064	1292.73	742.77	1275.98	737.37	4.1314	3.8812
869422901397	1293.81	747.77	1282.41	726.62	4.1447	3.8491
869422909730	1300.66	745.73	1279.08	729.34	4.1369	3.8682
869422918063	1299.43	741.37	1281.79	728.86	4.1408	3.8706
869422926396	1298.24	746.97	1284.38	725.27	4.1441	3.8585
869422934730	1296.94	752.41	1282.30	722.10	4.1616	3.8588
869422943063	1296.09	753.99	1282.06	733.60	4.1565	3.8790
869422951397	1294.13	752.58	1284.87	729.97	4.1706	3.8783
869422959734	1296.53	744.40	1276.72	731.51	4.1563	3.8784
869422968068	1292.86	746.28	1278.30	725.37	4.1494	3.8940
869422976402	1293.19	742.75	1278.83	727.27	4.1491	3.8864
869422984734	1292.12	742.27	1279.31	723.17	4.1640	3.8792
869422993068	1293.47	750.59	1278.72	727.78	4.1654	3.8898
869423001400	1299.95	753.63	1278.70	729.26	4.1792	3.8831
869423009733	1298.30	745.77	1279.44	726.09	4.1613	3.8892
869423018067	1300.73	749.67	1277.18	728.53	4.1707	3.8873
869423026400	1294.99	755.43	1279.55	727.73	4.1814	3.8966
869423034734	1294.37	759.09	1283.37	723.84	4.1985	3.8719
869423043067	1294.32	757.11	1282.73	725.07	4.1893	3.8851
869423051400	1293.40	747.69	1278.80	729.12	4.1850	3.9030
869423059734	1294.17	748.03	1281.79	723.22	4.1764	3.8938
869423068067	1295.45	753.21	1277.31	739.87	4.1846	3.9146
869423076401	1299.89	747.89	1276.57	733.44	4.1867	3.9132
869423084733	1298.73	763.85	1280.85	720.35	4.2105	3.8766
869423093070	1304.19	736.57	1279.52	740.05	4.1784	3.8657
869423101404	1269.46	876.60	1278.97	766.93	3.9480	3.8068
869423109736	NaN	NaN	1321.21	1023.73	NaN	3.4233
869423118072	NaN	NaN	NaN	NaN	NaN	NaN
869423126404	1017.57	1218.80	NaN	NaN	2.0466	NaN
869423134738	NaN	NaN	NaN	NaN	NaN	NaN
869423143072	NaN	NaN	NaN	NaN	NaN	NaN
869423151403	NaN	NaN	NaN	NaN	NaN	NaN
869423159736	NaN	NaN	NaN	NaN	NaN	NaN
869423168070	NaN	NaN	NaN	NaN	NaN	NaN
869423176403	NaN	NaN	NaN	NaN	NaN	NaN
869423184735	NaN	NaN	NaN	NaN	NaN	NaN
869423193069	NaN	NaN	NaN	NaN	NaN	NaN
869423201402	NaN	NaN	NaN	NaN	NaN	NaN
869423209735	NaN	NaN	NaN	NaN	NaN	NaN
869423218069	NaN	NaN	NaN	NaN	NaN	NaN
869423226405	NaN	NaN	NaN	NaN	NaN	NaN
869423234740	NaN	NaN	NaN	NaN	NaN	NaN
869423243072	NaN	NaN	NaN	NaN	NaN	NaN
869423251407	NaN	NaN	NaN	NaN	NaN	NaN
869423259739	NaN	NaN	1283.48	836.64	NaN	3.7981
869423268071	1405.16	962.64	1269.07	783.36	3.3887	3.9268
869423276406	1350.62	929.90	1267.38	733.30	3.6516	3.9801
869423284737	1355.40	860.25	1264.90	709.24	3.8634	3.9327
869423293071	1280.45	816.90	1268.58	772.69	4.1324	3.9458
869423301404	1277.24	763.21	1273.50	757.60	4.2117	3.9205
869423309738	1284.26	735.85	1270.40	767.74	4.2480	3.9484
869423318073	1281.32	735.27	1275.42	737.43	4.2761	3.9237
869423326406	1286.25	757.22	1269.70	733.04	4.2501	3.9373
869423334740	1295.69	778.71	1270.65	746.39	4.2351	3.9842
869423343073	1293.67	772.29	1269.53	722.21	4.2249	3.9686
869423351412	1289.38	767.37	1265.95	736.04	4.2475	4.0068
869423359744	1286.91	761.05	1268.77	725.88	4.2267	4.0026
869423368078	1287.15	766.82	1268.53	726.50	4.2494	3.9832
869423376411	1285.01	760.37	1265.67	732.17	4.2631	4.0101
869423384744	1286.65	772.57	1269.10	720.24	4.2820	3.9659
869423393078	1287.30	758.72	1268.49	716.90	4.2640	3.9691
869423401411	1286.05	763.14	1268.43	720.24	4.2988	3.9665
869423409745	1293.54	758.63	1265.36	727.61	4.2881	3.9938
869423418078	1288.00	751.47	1267.38	736.28	4.2674	4.0020
869423426411	1296.23	760.88	1272.66	725.04	4.3111	3.9909
869423434744	1293.57	757.85	1269.71	725.50	4.3091	3.9869
869423443077	1291.47	749.99	1264.80	727.95	4.2802	3.9879
869423451410	1294.60	743.60	1268.81	731.22	4.2933	3.9824
869423459743	1292.20	744.41	1271.36	731.45	4.2794	3.9947
869423468076	1300.10	744.57	1269.90	731.12	4.2882	3.9973
869423476410	1301.57	750.35	1271.99	725.80	4.3061	3.9867
869423484749	1298.08	752.35	1266.35	728.44	4.3148	3.9880
869423493082	1294.74	747.70	1264.74	732.99	4.2790	3.9867
869423501415	1291.09	753.45	1267.69	729.02	4.2965	3.9793
869423509747	1289.37	751.76	1265.25	739.63	4.2919	4.0119
869423518081	1290.37	765.57	1268.12	737.32	4.3357	4.0078
869423526413	1292.15	756.16	1265.06	729.61	4.3020	3.9773
869423534747	1295.25	743.72	1267.57	728.64	4.2880	3.9833
869423543078	1291.86	749.00	1266.83	732.75	4.2988	4.0096
869423551412	1285.52	741.59	1268.95	727.46	4.2858	3.9942
869423559748	1294.41	748.27	1263.99	734.16	4.3175	4.0028
869423568081	1293.74	747.75	1271.61	721.78	4.2958	3.9765
869423576414	1295.71	759.13	1263.29	732.98	4.3248	4.0035
869423584746	1301.05	755.01	1264.54	731.51	4.3263	3.9840
869423593081	1291.59	749.68	1268.25	723.51	4.2932	3.9751
869423601412	1293.87	746.58	1267.18	735.33	4.3096	4.0013
869423609745	1289.40	749.69	1266.63	739.38	4.3060	4.0090
869423618088	1296.67	750.25	1264.14	730.91	4.2969	3.9896
869423626421	1288.97	753.71	1262.71	733.39	4.3179	3.9971
869423634751	1294.56	742.09	1262.54	728.66	4.2957	3.9799
869423643085	1293.15	747.10	1260.21	729.37	4.3113	3.9853
869423651418	1293.21	735.53	1263.45	731.34	4.2941	3.9883
869423659754	1295.49	742.32	1267.82	729.76	4.2837	3.9918
869423668084	1298.19	750.04	1259.69	735.34	4.3092	3.9854
869423676420	1296.07	747.74	1261.54	725.96	4.3113	3.9734
869423684751	1291.77	742.16	1264.95	731.80	4.3024	3.9919
869423693084	1290.79	745.95	1269.65	724.72	4.3083	3.9553
869423701418	1295.05	742.02	1262.23	732.58	4.3039	3.9832
869423709751	1276.04	785.73	1246.18	769.98	4.3181	4.0031
869423718084	1288.74	818.18	1255.13	791.41	4.3446	3.9706
869423726417	1292.66	831.94	1260.89	805.62	4.3192	3.9739
869423734752	1288.76	822.92	1261.85	805.83	4.3256	3.9996
869423743088	1284.02	828.12	1259.27	805.01	4.3349	3.9934
869423751422	1288.54	822.65	1261.10	804.93	4.3349	3.9874
869423759755	1280.80	822.97	1257.66	801.42	4.3311	3.9836
869423768088	1279.18	819.19	1261.01	800.71	4.3148	3.9715
869423776422	1280.01	821.50	1265.09	801.15	4.3200	3.9780
869423784755	1275.04	820.77	1256.24	798.34	4.3158	3.9588
869423793089	1278.00	816.70	1255.83	808.80	4.3051	3.9803
869423801422	1282.69	819.69	1257.00	805.71	4.3183	3.9948
869423809754	1277.12	821.57	1258.49	797.37	4.3280	3.9657
869423818088	1275.59	822.33	1258.78	811.82	4.3323	3.9915
869423826421	1271.10	823.39	1260.78	804.08	4.3285	3.9709
869423834754	1276.93	820.09	1256.56	806.67	4.3331	3.9730
869423843088	1276.30	817.23	1259.25	806.34	4.3138	3.9774
869423851421	1273.87	820.42	1257.65	807.06	4.3214	3.9656
869423859754	1271.98	819.78	1263.75	801.19	4.3155	3.9603
869423868087	1275.55	818.58	1264.13	802.10	4.3272	3.9702
869423876424	1272.19	814.44	1260.02	804.11	4.3268	3.9785
869423884757	1275.31	814.91	1257.51	807.42	4.3266	3.9864
869423893091	1272.90	816.93	1261.83	806.87	4.3244	3.9799
869423901423	1281.71	824.36	1264.13	801.38	4.3398	3.9704
869423909756	1278.45	818.86	1263.00	808.83	4.3222	3.9828
869423918090	1281.58	815.88	1263.11	808.08	4.3015	3.9976
869423926422	1280.40	815.96	1262.91	809.70	4.3076	3.9897
869423934756	1287.10	815.28	1260.59	809.93	4.3255	3.9813
869423943089	1284.52	816.92	1258.85	802.12	4.3184	3.9648
869423951423	1281.20	814.75	1264.67	806.69	4.3161	3.9650
869423959756	1288.13	819.05	1265.37	810.28	4.3263	3.9816
869423968090	1285.53	824.24	1260.07	811.07	4.3385	3.9882
869423976423	1280.41	815.65	1264.40	815.99	4.3141	3.9808
869423984756	1279.64	810.55	1261.24	809.77	4.2995	3.9725
869423993088	1281.05	813.45	1264.75	809.45	4.2992	3.9908
869424001422	1280.27	815.29	1259.86	814.93	4.2956	3.9803
869424009761	1285.38	815.38	1262.71	815.60	4.3197	3.9703
869424018094	1280.19	812.02	1263.68	815.59	4.2975	3.9810
869424026427	1279.03	813.41	1265.99	815.29	4.2941	3.9764
869424034761	1274.85	813.80	1261.16	812.49	4.3108	3.9884
869424043095	1271.71	815.73	1259.88	815.98	4.2861	3.9691
869424051428	1275.27	812.44	1264.64	813.03	4.2936	3.9778
869424059761	1243.75	822.18	1244.30	813.48	4.3111	3.9744
869424068094	1152.74	917.31	1146.60	898.30	4.3222	3.9762
869424076427	1092.60	1008.32	1063.33	996.79	4.3194	4.0264
869424084760	996.95	1114.47	972.15	1082.76	4.3219	4.0255
869424093093	922.68	1192.13	893.77	1164.47	4.2919	4.0206
869424101426	829.91	1277.26	801.31	1245.94	4.2646	3.9978
869424109760	760.45	1336.99	748.79	1298.67	4.2674	3.9807
869424118093	711.90	1379.29	672.61	1336.06	4.2373	3.9714
869424126427	710.79	1407.75	679.22	1360.55	4.2499	3.9792
869424134760	709.51	1383.37	683.40	1342.29	4.2630	3.9785
869424143098	706.09	1394.77	684.29	1352.04	4.2522	3.9713
869424151431	700.19	1392.89	688.54	1351.61	4.2354	3.9655
869424159765	706.43	1398.81	679.23	1349.14	4.2494	3.9691
869424168099	703.87	1393.17	679.05	1353.31	4.2399	3.9690
869424176430	700.59	1398.14	680.33	1351.49	4.2318	3.9631
869424184764	700.36	1393.54	686.31	1350.31	4.2280	3.9554
869424193097	701.67	1398.67	678.33	1353.49	4.2432	3.9514
869424201430	703.78	1390.89	674.25	1351.04	4.2244	3.9514
869424209764	703.82	1395.20	677.48	1349.20	4.2380	3.9608
869424218097	701.86	1397.81	681.27	1354.85	4.2209	3.9588
869424226430	699.02	1396.11	676.97	1350.89	4.2301	3.9388
869424234764	702.56	1404.10	678.41	1352.87	4.2303	3.9544
869424243097	694.36	1397.04	678.99	1352.51	4.2237	3.9515
869424251431	700.77	1394.21	679.67	1353.08	4.2268	3.9593
869424259763	703.00	1396.46	679.94	1349.85	4.2161	3.9451
869424268101	680.98	1422.17	658.77	1377.27	4.2276	3.9471
869424276434	646.74	1478.49	622.44	1444.81	4.2223	3.9693
869424284768	655.06	1489.76	629.78	1451.46	4.2174	3.9451
869424293101	655.42	1486.76	632.66	1447.59	4.2080	3.9417
869424301434	662.62	1485.39	639.24	1439.53	4.1875	3.9413
869424309768	656.34	1484.94	636.84	1447.08	4.1899	3.9325
869424318101	659.24	1488.30	640.91	1445.00	4.1848	3.9282
869424326434	664.76	1488.17	636.84	1444.15	4.1806	3.9187
869424334768	662.11	1487.95	638.65	1444.47	4.1879	3.9096
869424343101	661.40	1488.78	637.03	1444.39	4.1765	3.9126
869424351434	659.94	1491.44	637.74	1447.75	4.1718	3.8882
869424359767	658.97	1487.48	627.76	1446.05	4.1661	3.8966
869424368100	662.57	1488.16	633.94	1448.22	4.1608	3.8806
869424376434	665.26	1487.20	636.12	1447.14	4.1444	3.8760
869424384767	662.40	1486.91	633.43	1449.78	4.1400	3.8636
869424393100	665.36	1488.70	636.28	1449.74	4.1349	3.8393
869424401438	655.37	1492.48	637.53	1446.41	4.0976	3.8485
869424409772	661.73	1488.12	639.64	1448.18	4.0969	3.8317
869424418105	661.42	1492.07	635.58	1447.88	4.0843	3.8321
869424426438	662.48	1490.09	635.17	1452.79	4.0614	3.8134
869424434772	663.54	1486.52	636.62	1451.20	4.0603	3.7917
869424443104	661.08	1489.78	638.79	1446.68	4.0407	3.7802
869424451437	662.60	1487.33	632.83	1452.85	4.0407	3.7730
869424459771	659.68	1491.81	633.41	1450.85	4.0158	3.7638
869424468104	656.63	1493.59	634.09	1446.36	4.0098	3.7475
869424476437	658.72	1496.44	638.42	1447.29	3.9790	3.7288
869424484770	663.48	1492.48	637.82	1450.43	3.9859	3.7271
869424493104	658.06	1490.68	641.91	1447.95	3.9592	3.7046
869424501438	652.22	1493.18	640.89	1443.00	3.9652	3.7041
869424509770	656.21	1492.66	638.26	1451.83	3.9416	3.6958
869424518104	659.08	1491.53	640.10	1451.97	3.9451	3.6798
869424526437	656.15	1492.71	642.92	1453.00	3.9355	3.6795
869424534773	652.29	1488.96	647.69	1452.22	3.9186	3.6788
869424543107	652.84	1486.77	644.03	1450.82	3.9282	3.6583
869424551440	651.01	1490.52	645.78	1449.85	3.9166	3.6601
869424559773	655.19	1489.99	646.23	1446.75	3.9093	3.6491
869424568106	659.52	1488.83	642.14	1449.98	3.9132	3.6467
869424576439	659.03	1490.55	648.82	1449.59	3.9057	3.6360
869424584774	651.65	1487.66	648.15	1448.95	3.8896	3.6379
869424593107	654.02	1491.10	645.28	1450.85	3.8888	3.6200
869424601440	656.67	1487.32	643.68	1456.63	3.8876	3.6184
869424609773	660.08	1482.06	643.82	1454.97	3.8781	3.6278
869424618107	655.04	1483.50	651.21	1449.42	3.8809	3.6056
869424626440	653.94	1487.96	644.81	1450.60	3.8696	3.6139
869424634772	664.04	1475.82	648.59	1445.06	3.8761	3.5959
869424643106	705.12	1419.77	718.10	1383.90	3.8581	3.5890
869424651439	801.96	1248.41	833.87	1230.82	3.8720	3.5939
869424659776	908.55	1127.66	907.05	1115.63	3.8742	3.5598
869424668110	1016.20	1007.81	1025.64	975.96	3.8617	3.5356
869424676443	1085.90	894.65	1090.29	873.18	3.8401	3.5261
869424684776	1147.37	830.73	1162.93	825.06	3.8230	3.5257
869424693110	1215.03	783.93	1224.82	797.81	3.8304	3.5567
869424701443	1226.58	744.23	1230.97	772.94	3.8215	3.5711
869424709777	1225.86	755.25	1227.51	797.83	3.8329	3.5958
869424718109	1227.10	755.47	1226.00	788.18	3.8397	3.5816
869424726443	1232.08	760.88	1230.45	791.08	3.8337	3.5714
869424734776	1225.99	755.63	1228.74	786.50	3.8081	3.5556
869424743109	1230.91	766.38	1231.28	788.91	3.8333	3.5619
869424751442	1226.60	760.52	1229.44	781.35	3.8237	3.5413
869424759776	1224.48	761.40	1231.69	790.12	3.8122	3.5430
869424768109	1229.41	750.42	1225.66	803.08	3.8094	3.5880
869424776442	1228.06	761.99	1226.54	792.99	3.8298	3.5770
869424784776	1230.26	758.26	1226.74	795.75	3.8219	3.5586
869424793115	1225.00	770.28	1233.51	787.94	3.8160	3.5468
869424801447	1223.32	756.62	1232.96	792.61	3.8017	3.5545
869424809781	1223.64	750.95	1226.39	787.07	3.7881	3.5424
869424818114	1228.74	753.76	1227.03	791.95	3.7950	3.5558
869424826447	1227.58	763.34	1227.58	787.78	3.8174	3.5527
869424834781	1229.06	763.71	1226.34	795.51	3.8249	3.5517
869424843114	1227.44	752.14	1233.00	794.30	3.7853	3.5479
869424851447	1221.98	759.78	1230.52	786.55	3.8116	3.5393
869424859780	1228.27	752.83	1238.06	776.18	3.7955	3.5085
869424868114	1226.32	751.27	1229.51	793.03	3.7936	3.5511
869424876447	1232.99	760.23	1233.51	770.71	3.8224	3.5033
869424884781	1221.76	760.07	1231.01	777.50	3.7731	3.5038
869424893113	1229.82	779.02	1227.74	800.36	3.7575	3.5399
869424901446	1239.77	754.53	1230.28	823.94	3.7687	3.5361
869424909780	1225.51	945.91	1236.75	789.17	3.4554	3.4926
869424918113	NaN	NaN	1280.97	1080.07	NaN	3.4543
869424926449	NaN	NaN	NaN	NaN	NaN	NaN
869424934782	NaN	NaN	NaN	NaN	NaN	NaN
869424943117	NaN	NaN	NaN	NaN	NaN	NaN
869424951450	NaN	NaN	971.01	1323.98	NaN	1.8141
869424959784	NaN	NaN	NaN	NaN	NaN	NaN
869424968117	NaN	NaN	NaN	NaN	NaN	NaN
869424976449	NaN	NaN	NaN	NaN	NaN	NaN
869424984782	NaN	NaN	NaN	NaN	NaN	NaN
869424993116	NaN	NaN	1330.40	912.03	NaN	3.3700
869425001449	NaN	NaN	1331.15	813.27	NaN	3.4538
869425009783	1418.72	866.23	1351.21	692.36	3.2116	3.4139
869425018116	1330.76	835.09	1339.38	690.02	3.5426	3.4013
869425026448	1336.57	773.83	1335.21	783.96	3.6835	3.5006
869425034781	1326.16	711.65	1334.47	761.99	3.7685	3.4681
869425043114	1328.64	690.03	1340.72	748.37	3.8050	3.4353
869425051449	1335.68	735.06	1339.61	754.98	3.7770	3.5150
869425059787	1334.73	735.73	1339.14	740.36	3.7625	3.4708
869425068121	1333.73	730.84	1334.39	730.16	3.7423	3.4922
869425076453	1333.20	731.18	1335.24	727.79	3.7763	3.5070
869425084786	1335.07	726.71	1342.04	705.51	3.7815	3.4318
869425093120	1333.72	728.89	1331.65	732.84	3.7923	3.5201
869425101451	1335.40	722.42	1334.39	725.95	3.7865	3.5048
869425109786	1338.03	726.76	1330.77	735.46	3.8135	3.5375
869425118118	1337.38	728.24	1337.91	712.34	3.8275	3.4729
869425126453	1336.05	727.75	1337.97	730.90	3.8412	3.5391
869425134784	1340.25	731.37	1338.94	725.31	3.8586	3.5286
869425143120	1339.30	715.21	1336.67	719.85	3.8424	3.5210
869425151451	1340.38	719.10	1336.92	724.09	3.8524	3.5514
869425159784	1340.24	718.04	1333.46	735.90	3.8479	3.5844
869425168116	1343.33	731.33	1334.70	732.24	3.8832	3.5779
869425176450	1336.80	721.17	1335.65	725.20	3.8801	3.5531
869425184790	1337.37	733.83	1331.56	729.27	3.9068	3.6136
869425193121	1336.49	731.64	1331.45	730.80	3.8980	3.5810
869425201455	1338.83	716.62	1333.28	741.20	3.9024	3.6236
869425209791	1340.93	726.96	1328.96	730.84	3.9211	3.6259
869425218121	1342.99	720.39	1329.16	733.21	3.9016	3.6446
869425226454	1344.07	720.82	1332.01	724.18	3.9214	3.6269
869425234789	1334.62	729.53	1330.49	736.71	3.9296	3.6593
869425243121	1333.05	722.40	1332.43	723.48	3.9332	3.6259
869425251455	1339.78	725.48	1334.74	725.15	3.9434	3.6239
869425259787	1333.48	714.18	1336.28	721.16	3.9265	3.6250
869425268120	1337.31	716.03	1330.12	728.03	3.9612	3.6433
869425276454	1340.11	718.91	1331.91	730.69	3.9632	3.6808
869425284787	1339.28	721.86	1334.83	732.42	3.9748	3.6754
869425293121	1336.44	711.59	1331.08	729.88	3.9828	3.6867
869425301454	1336.12	715.97	1335.08	725.91	4.0004	3.6739
869425309787	1342.33	715.15	1331.22	746.21	3.9707	3.7213
869425318127	1346.13	721.80	1325.97	729.45	4.0183	3.7176
869425326460	1341.51	714.96	1328.31	747.61	4.0153	3.7567
869425334795	1342.87	720.02	1329.90	749.97	4.0416	3.7805
869425343126	1339.55	716.39	1335.39	737.45	4.0392	3.7505
869425351461	1345.55	709.35	1332.75	735.23	4.0562	3.7558
869425359792	1340.29	709.75	1335.10	732.91	4.0561	3.7674
869425368126	1344.91	706.40	1327.21	743.67	4.0701	3.8028
869425376461	1341.93	711.13	1330.27	743.05	4.0800	3.7964
869425384791	1346.72	714.56	1330.89	730.59	4.0971	3.7680
869425393125	1347.60	702.60	1325.93	735.08	4.0868	3.7978
869425401461	1343.32	709.02	1326.16	738.47	4.1058	3.8063
869425409792	1349.50	711.25	1325.86	724.51	4.1113	3.7977
869425418128	1347.19	699.81	1325.12	735.86	4.1055	3.8370
869425426459	1343.66	702.43	1326.33	741.52	4.1058	3.8300
869425434791	1346.18	713.17	1332.45	727.55	4.1388	3.8107
869425443124	1340.52	704.89	1335.01	726.37	4.1154	3.8192
869425451463	1346.32	711.97	1332.64	729.96	4.1392	3.8292
869425459796	1319.79	726.19	1301.43	746.51	4.1564	3.8557
869425468131	1267.17	729.55	1249.80	743.13	4.1419	3.8138
869425476463	1280.68	759.81	1260.66	746.48	4.1612	3.8151
869425484797	1270.25	760.03	1260.53	756.27	4.1524	3.8033
869425493131	1278.38	757.65	1262.25	749.63	4.1760	3.8216
869425501463	1275.10	756.34	1258.76	761.02	4.1704	3.8442
869425509796	1278.95	752.58	1262.79	755.70	4.1794	3.8307
869425518130	1273.95	752.87	1259.03	754.11	4.1806	3.8408
869425526461	1270.20	754.23	1262.06	750.66	4.1735	3.8390
869425534795	1276.03	748.94	1261.75	755.24	4.1979	3.8450
869425543129	1274.35	747.01	1257.24	758.83	4.1892	3.8465
869425551461	1271.90	760.15	1255.16	757.77	4.2083	3.8735
869425559795	1277.26	752.81	1259.93	749.40	4.1998	3.8584
869425568128	1275.56	753.16	1266.03	749.11	4.2133	3.8432
869425576462	1273.12	759.72	1260.79	744.56	4.2221	3.8493
869425584798	1272.23	757.20	1262.19	751.58	4.2342	3.8734
869425593132	1274.05	753.81	1264.61	753.18	4.2166	3.8760
869425601464	1268.20	759.92	1259.21	747.66	4.2602	3.8783
869425609798	1268.69	756.54	1256.01	748.59	4.2614	3.8909
869425618131	1266.90	745.24	1251.22	755.48	4.2254	3.9124
869425626464	1269.52	758.95	1252.33	749.78	4.2475	3.9013
869425634797	1268.87	753.41	1254.44	761.92	4.2567	3.9106
869425643130	1272.61	762.59	1253.42	760.26	4.2572	3.9258
869425651464	1274.73	756.81	1252.59	753.68	4.2623	3.9026
869425659796	1268.23	754.64	1254.59	756.66	4.2597	3.9143
869425668131	1267.04	757.25	1257.61	754.01	4.2527	3.9163
869425676464	1273.70	761.91	1254.27	747.38	4.2708	3.9192
869425684797	1271.98	768.78	1255.78	759.76	4.2944	3.9377
869425693131	1268.22	763.00	1257.82	749.87	4.2723	3.9294
869425701462	1271.27	758.14	1254.71	748.02	4.2803	3.9328
869425709800	1266.40	766.41	1249.54	752.95	4.3015	3.9276
869425718135	1263.44	765.24	1253.82	752.59	4.2950	3.9268
869425726469	1263.57	764.70	1251.87	759.31	4.2795	3.9418
869425734802	1265.20	769.78	1253.11	758.63	4.2945	3.9482
869425743134	1269.12	758.65	1251.19	752.51	4.2866	3.9463
869425751467	1272.82	770.61	1253.25	761.81	4.2822	3.9505
869425759800	1268.67	770.43	1250.09	760.22	4.3013	3.9465
869425768136	1266.85	771.53	1250.42	757.36	4.3035	3.9536
869425776469	1268.35	770.52	1247.52	765.34	4.3043	3.9504
869425784800	1277.19	766.32	1260.26	762.73	4.3070	3.9570
869425793133	1376.42	757.86	1352.28	753.49	4.3229	3.9828
869425801465	1448.57	754.66	1422.18	756.53	4.3597	4.0352
869425809799	1493.65	728.96	1474.05	715.27	4.3499	3.9366
869425818134	1547.33	715.11	1532.50	711.31	4.3391	3.9905
869425826465	1555.29	714.86	1540.86	695.03	4.3502	3.9478
869425834799	1542.75	721.60	1534.59	696.95	4.3653	3.9548
869425843138	1553.10	732.44	1530.61	700.98	4.3736	3.9822
869425851472	1548.09	710.67	1522.99	721.57	4.3241	4.0236
869425859807	1543.57	716.62	1530.44	703.37	4.3298	3.9704
869425868140	1544.22	708.93	1523.91	706.13	4.3253	3.9752
869425876472	1544.60	711.89	1524.95	698.02	4.3277	3.9517
869425884804	1544.34	706.54	1521.95	704.68	4.3225	3.9695
869425893137	1548.01	716.04	1522.22	691.01	4.3531	3.9438
869425901470	1552.95	720.77	1524.22	699.28	4.3655	3.9641
869425909804	1551.13	720.60	1518.72	684.34	4.3536	3.9349
869425918137	1549.88	713.37	1516.78	710.17	4.3393	3.9993
869425926471	1555.41	711.93	1511.90	710.42	4.3558	4.0158
869425934804	1554.33	717.61	1509.52	710.33	4.3442	4.0301
869425943137	1552.47	705.31	1517.05	711.49	4.3210	4.0002
869425951472	1552.92	718.79	1517.90	712.94	4.3512	4.0179
869425959806	1554.79	714.08	1516.88	710.86	4.3363	4.0303
869425968139	1553.70	722.67	1513.00	714.28	4.3627	4.0191
869425976476	1557.28	715.16	1516.92	705.64	4.3615	4.0017
869425984809	1559.58	721.51	1520.02	703.00	4.3713	4.0020
869425993142	1490.70	730.87	1464.50	710.76	4.3741	4.0304
869426001476	1388.81	720.16	1364.34	721.87	4.3598	4.0597
869426009807	1339.59	722.03	1306.94	720.32	4.3161	4.0476
869426018139	1276.37	728.61	1250.05	717.57	4.3240	4.0199
869426026475	1315.27	729.10	1286.58	726.66	4.2841	4.0405
869426034809	1304.18	729.76	1281.49	722.59	4.3021	4.0300
869426043142	1309.33	733.95	1284.08	722.11	4.3139	4.0158
869426051476	1307.19	737.58	1274.04	734.33	4.3064	4.0347
869426059807	1304.10	735.74	1273.27	732.73	4.3080	4.0448
869426068141	1302.89	733.28	1275.25	733.95	4.3092	4.0537
869426076474	1300.26	744.63	1272.60	735.94	4.3341	4.0549
869426084808	1304.28	736.69	1270.58	730.17	4.3224	4.0597
869426093141	1299.79	732.56	1273.58	731.09	4.3174	4.0540
869426101474	1303.10	729.74	1267.10	732.65	4.3099	4.0622
869426109809	1308.52	738.10	1267.85	731.03	4.3254	4.0614
869426118143	1303.24	731.24	1268.21	727.86	4.3296	4.0482
869426126476	1303.10	733.94	1266.99	725.20	4.3248	4.0567
869426134810	1301.15	730.80	1266.78	730.48	4.3236	4.0672
869426143143	1302.39	730.29	1271.53	736.60	4.3270	4.0889
869426151476	1300.50	736.18	1266.72	730.36	4.3298	4.0843
869426159809	1300.72	730.91	1263.71	725.93	4.3457	4.0914
869426168142	1296.44	737.07	1268.34	724.58	4.3373	4.0760
869426176476	1299.63	723.92	1262.93	732.77	4.3188	4.1014
869426184808	1300.93	733.18	1265.90	735.26	4.3344	4.1160
869426193142	1306.47	735.17	1271.48	714.43	4.3354	4.0539
869426201476	1304.41	732.06	1264.52	732.30	4.3342	4.1065
869426209808	1312.22	733.97	1289.37	734.92	4.3425	4.1116
869426218142	1448.23	726.00	1419.68	716.29	4.3930	4.1079
869426226475	1541.05	684.88	1521.49	671.39	4.4093	4.0991
869426234815	1632.84	643.30	1623.90	633.75	4.3842	4.0890
869426243149	1720.29	625.47	1712.19	619.14	4.3775	4.0971
869426251483	1795.38	621.91	1791.86	623.94	4.3874	4.1403
869426259817	1882.59	605.14	1844.34	607.89	4.4056	4.1354
869426268150	1885.72	603.54	1868.56	586.01	4.4277	4.1226
869426276483	1870.65	597.78	1846.50	602.27	4.4194	4.1374
869426284817	1881.92	598.62	1851.10	603.70	4.4309	4.1581
869426293150	1887.03	592.46	1850.59	604.36	4.4125	4.1476
869426301484	1891.41	597.17	1851.21	598.21	4.4261	4.1387
869426309817	1894.13	595.52	1851.74	603.22	4.4278	4.1364
869426318150	1890.96	598.63	1848.82	598.50	4.4237	4.1609
869426326483	1890.08	592.43	1849.17	602.16	4.4159	4.1580
869426334815	1892.24	592.57	1842.43	603.58	4.4347	4.1572
869426343149	1891.51	605.56	1843.43	609.37	4.4515	4.1742
869426351482	1895.50	597.22	1838.28	606.16	4.4478	4.1598
869426359815	1896.73	609.19	1844.26	607.51	4.4631	4.1332
869426368152	1894.08	599.04	1844.73	603.36	4.4530	4.1365
869426376485	1893.93	591.79	1845.41	603.19	4.4473	4.1561
869426384819	1893.68	602.09	1844.07	610.51	4.4646	4.1808
869426393152	1897.81	594.38	1848.38	601.85	4.4724	4.1572
869426401485	1896.43	589.22	1846.34	607.45	4.4675	4.1772
869426409818	1894.59	593.08	1847.97	608.81	4.4727	4.1609
869426418152	1895.68	591.12	1846.11	609.13	4.4666	4.1778
869426426484	1898.69	592.58	1846.12	610.02	4.4638	4.1624
869426434818	1897.72	602.67	1848.40	613.41	4.5101	4.1810
869426443151	1899.54	595.64	1850.71	609.68	4.4904	4.1682
869426451484	1897.36	590.03	1850.04	608.46	4.4815	4.1653
869426459817	1896.32	595.35	1847.13	612.54	4.4862	4.1760
869426468151	1898.79	593.61	1848.64	606.62	4.5039	4.1734
869426476484	1898.48	586.97	1852.56	606.90	4.4807	4.1736
869426484818	1899.00	599.17	1849.29	609.20	4.4905	4.1935
869426493151	1899.88	603.00	1846.20	610.06	4.5257	4.1943
869426501489	1879.12	591.94	1842.64	601.58	4.5206	4.1951
869426509822	1818.30	528.73	1814.29	533.90	4.5136	4.1925
869426518155	1789.17	450.80	1768.15	458.09	4.4883	4.1912
869426526488	1772.75	418.47	1758.10	426.92	4.4522	4.1924
869426534822	1760.85	401.82	1727.34	409.60	4.4759	4.2012
869426543155	1762.45	404.62	1735.57	407.56	4.4758	4.1966
869426551488	1767.25	404.81	1731.30	420.28	4.4793	4.2172
869426559822	1765.30	405.34	1735.55	419.82	4.4831	4.2100
869426568155	1764.09	405.08	1737.64	419.57	4.4839	4.2042
869426576488	1756.73	397.68	1736.38	414.44	4.4803	4.1974
869426584822	1751.43	403.67	1734.66	415.61	4.4829	4.1988
869426593155	1755.83	399.08	1735.34	414.19	4.4859	4.1958
869426601488	1752.50	404.93	1737.17	415.12	4.4798	4.1778
869426609821	1750.05	399.58	1733.21	410.20	4.4944	4.2018
869426618154	1746.33	402.19	1735.37	408.57	4.4966	4.1853
869426626491	1742.25	401.54	1734.02	412.47	4.4761	4.1817
869426634824	1748.83	395.81	1733.83	411.22	4.4683	4.1913
869426643157	1748.32	403.60	1737.13	409.47	4.4622	4.1818
869426651491	1752.00	404.69	1739.80	411.79	4.4841	4.1834
869426659825	1745.93	398.50	1736.65	412.82	4.4613	4.1920
869426668158	1746.45	400.97	1737.53	411.45	4.4514	4.1765
869426676491	1745.37	400.97	1737.01	405.06	4.4574	4.1615
869426684825	1746.12	400.20	1735.91	401.71	4.4478	4.1507
869426693158	1745.89	401.90	1737.73	402.99	4.4370	4.1417
869426701490	1745.06	404.57	1743.33	404.86	4.4503	4.1300
869426709824	1747.30	406.02	1740.41	406.46	4.4445	4.1362
869426718156	1747.72	405.20	1737.76	403.62	4.4340	4.1181
869426726490	1737.39	414.26	1714.91	415.39	4.4261	4.1227
869426734824	1593.85	481.13	1604.89	466.75	4.4372	4.1243
869426743157	1494.18	571.19	1501.60	533.66	4.4547	4.0836
869426751490	1410.16	619.75	1398.02	629.13	4.4327	4.1520
869426759829	1362.09	664.19	1354.85	672.25	4.3998	4.1265
869426768163	1354.60	670.74	1341.91	685.88	4.3959	4.1101
869426776496	1364.95	660.55	1354.25	678.78	4.3967	4.1102
869426784830	1353.37	663.46	1348.40	677.41	4.3863	4.0903
869426793162	1354.57	671.54	1340.27	680.55	4.3784	4.0774
869426801495	1359.26	669.66	1341.56	681.94	4.3587	4.0810
869426809829	1356.31	667.09	1346.63	680.00	4.3379	4.0767
869426818162	1351.99	665.66	1346.40	686.18	4.3443	4.0721
869426826495	1353.37	668.93	1340.50	680.40	4.3368	4.0638
869426834829	1351.63	664.42	1347.50	672.77	4.3350	4.0347
869426843161	1350.04	669.69	1339.06	683.36	4.3168	4.0450
869426851495	1352.78	675.34	1338.21	687.76	4.3486	4.0604
869426859829	1353.24	674.15	1337.64	684.66	4.3360	4.0398
869426868162	1347.49	673.94	1336.53	686.53	4.3194	4.0358
869426876494	1351.71	677.56	1334.98	692.23	4.3337	4.0480
869426884827	1350.73	677.80	1335.52	682.89	4.3046	4.0273
869426893166	1349.00	670.72	1337.45	698.16	4.3048	4.0525
869426901499	1353.56	675.41	1337.02	699.18	4.3011	4.0559
869426909832	1342.54	672.30	1339.03	673.13	4.3073	3.9798
869426918166	1349.86	674.63	1337.30	688.77	4.3041	4.0256
869426926499	1343.31	673.72	1340.22	693.35	4.3067	4.0324
869426934832	1347.94	674.92	1340.88	675.69	4.2952	3.9856
869426943166	1346.51	676.62	1330.12	705.53	4.2952	4.0553
869426951499	1348.21	676.90	1336.35	688.39	4.3001	4.0121
869426959832	1344.39	678.71	1330.05	689.91	4.3023	4.0140
869426968164	1334.82	682.84	1312.18	721.40	4.2750	4.0419
869426976498	1285.29	751.21	1268.92	746.02	4.2795	3.9577
869426984831	1292.36	793.94	1286.61	787.41	4.2899	3.9653
869426993165	1286.28	811.30	1270.14	806.91	4.2939	3.9686
869427001498	1295.63	798.29	1283.40	793.31	4.3261	3.9780
869427009831	1296.86	802.11	1277.55	797.32	4.3046	3.9654
869427018165	1291.87	797.94	1283.79	793.69	4.2899	3.9379
869427026504	1288.39	803.94	1277.12	802.32	4.2934	3.9704
869427034838	1297.55	799.44	1289.54	796.80	4.2946	3.9477
869427043171	1405.76	888.98	1389.92	869.94	4.3530	3.9833
869427051502	1508.32	999.11	1489.30	988.31	4.3613	4.0068
869427059834	1584.18	1073.83	1570.12	1081.22	4.3587	3.9785
869427068170	1649.71	1174.37	1666.02	1183.48	4.3450	3.9767
869427076503	1752.58	1265.00	1720.80	1268.90	4.3366	3.9682
869427084836	1813.24	1332.09	1788.33	1336.83	4.3255	3.9682
869427093169	1844.27	1390.26	1805.86	1385.32	4.3060	3.9770
869427101503	1847.94	1408.53	1802.63	1393.81	4.3105	3.9902
869427109836	1837.29	1386.97	1801.79	1383.23	4.3188	3.9882
869427118170	1842.20	1403.80	1808.88	1382.45	4.3243	3.9855
869427126503	1846.53	1404.31	1806.23	1386.38	4.3112	3.9953
869427134836	1842.52	1403.66	1814.79	1386.31	4.3243	3.9878
869427143170	1840.23	1399.16	1816.16	1391.27	4.3235	3.9763
869427151505	1842.44	1404.30	1813.36	1391.04	4.3146	3.9857
869427159838	1837.77	1398.84	1814.32	1385.72	4.3326	3.9829
869427168172	1840.20	1397.59	1815.61	1388.14	4.3238	3.9773
869427176504	1841.01	1403.86	1812.74	1388.33	4.3370	4.0035
869427184838	1839.67	1401.72	1810.10	1393.09	4.3352	3.9900
869427193172	1844.13	1405.46	1810.59	1388.39	4.3323	3.9995
869427201505	1842.65	1402.19	1814.83	1392.05	4.3452	4.0009
869427209838	1838.20	1399.44	1807.97	1392.99	4.3571	3.9918
869427218171	1841.77	1406.06	1812.64	1390.17	4.3473	3.9984
869427226505	1842.20	1400.07	1807.98	1390.03	4.3587	3.9973
869427234838	1857.24	1412.20	1810.64	1397.73	4.3616	4.0140
869427243171	1920.91	1475.97	1880.36	1452.24	4.3508	4.0164
869427251504	1935.98	1498.99	1902.89	1483.41	4.3392	4.0087
869427259837	1928.17	1491.12	1911.28	1483.93	4.3591	4.0128
869427268171	1919.96	1486.04	1908.44	1476.88	4.3510	4.0188
869427276504	1921.37	1487.78	1901.66	1480.68	4.3575	4.0206
869427284842	1921.80	1486.99	1900.85	1480.87	4.3586	4.0265
869427293176	1919.67	1487.08	1905.49	1482.42	4.3620	3.9936
869427301508	1919.68	1486.71	1897.38	1479.45	4.3561	4.0194
869427309842	1923.67	1489.84	1900.50	1483.28	4.3555	4.0202
869427318176	1922.60	1487.23	1904.28	1481.01	4.3587	4.0168
869427326508	1925.68	1490.94	1901.22	1475.69	4.3508	4.0115
869427334841	1926.39	1495.52	1899.47	1481.47	4.3557	4.0228
869427343174	1929.62	1490.01	1903.11	1478.65	4.3545	4.0217
869427351508	1928.54	1490.74	1900.41	1482.31	4.3344	4.0068
869427359841	1934.13	1489.75	1898.74	1484.38	4.3270	3.9997
869427368175	1930.50	1489.83	1902.82	1482.40	4.3351	4.0010
869427376508	1928.43	1490.01	1902.15	1482.56	4.3286	3.9753
869427384841	1931.50	1492.45	1900.45	1485.82	4.3238	3.9675
869427393175	1929.59	1495.10	1905.85	1483.38	4.3084	3.9571
869427401508	1933.52	1494.86	1902.37	1479.35	4.3114	3.9494
869427409841	1939.34	1490.00	1901.60	1482.78	4.2997	3.9506
869427418177	1932.53	1490.23	1900.26	1480.20	4.2890	3.9212
869427426510	1927.67	1492.36	1898.05	1488.75	4.2766	3.9360
869427434844	1934.22	1496.13	1898.17	1483.16	4.2657	3.9160
869427443177	1934.93	1494.17	1897.85	1484.15	4.2629	3.9058
869427451511	1930.77	1488.75	1904.51	1484.67	4.2519	3.8854
869427459844	1937.54	1491.10	1902.72	1484.68	4.2372	3.8800
869427468177	1928.86	1491.33	1895.04	1483.85	4.2275	3.8929
869427476511	1934.99	1491.60	1899.88	1486.17	4.2221	3.8659
869427484844	1931.18	1494.06	1897.95	1485.05	4.2191	3.8524
869427493177	1940.78	1491.19	1896.92	1484.87	4.2024	3.8493
869427501511	1934.15	1490.86	1898.73	1485.87	4.1911	3.8343
869427509843	1933.57	1491.31	1901.92	1489.09	4.1884	3.8159
869427518176	1936.53	1490.27	1900.39	1487.96	4.1598	3.8138
869427526510	1941.01	1491.48	1900.06	1484.62	4.1520	3.8218
869427534843	1932.44	1494.08	1898.62	1489.44	4.1531	3.7876
869427543176	1932.48	1491.50	1900.39	1486.27	4.1423	3.7766
869427551512	1932.12	1492.16	1895.17	1485.27	4.1326	3.7680
869427559846	1929.53	1492.61	1900.93	1482.89	4.1316	3.7651
869427568179	1938.96	1495.79	1890.92	1485.37	4.1130	3.7671
869427576513	1937.12	1491.73	1894.96	1482.21	4.0947	3.7343
869427584846	1925.41	1496.93	1893.63	1486.59	4.0797	3.7436
869427593179	1827.88	1496.77	1788.33	1492.33	4.0860	3.7308
869427601512	1732.48	1466.25	1704.88	1469.53	4.0916	3.7185
869427609845	1679.17	1472.19	1666.14	1465.54	4.0757	3.7061
869427618178	1604.96	1466.26	1594.09	1455.42	4.0688	3.6904
869427626512	1611.13	1467.88	1605.64	1456.60	4.0664	3.6644
869427634845	1607.20	1467.28	1605.54	1451.28	4.0537	3.6434
869427643178	1609.59	1468.09	1602.33	1456.89	4.0295	3.6710
869427651512	1601.46	1468.64	1592.08	1459.16	4.0150	3.6509
869427659845	1599.04	1467.96	1595.92	1457.18	4.0255	3.6557
869427668178	1601.71	1463.61	1592.43	1458.92	4.0118	3.6356
869427676518	1610.59	1472.05	1591.51	1455.74	3.9877	3.6315
869427684852	1603.06	1468.70	1591.84	1455.48	3.9872	3.6166
869427693184	1608.10	1466.58	1592.02	1452.96	3.9879	3.6076
869427701518	1612.22	1474.23	1586.54	1453.87	3.9737	3.6124
869427709851	1601.42	1468.05	1593.54	1456.17	3.9754	3.5958
869427718184	1599.80	1468.26	1591.14	1457.10	3.9568	3.5977
869427726518	1604.65	1466.35	1587.98	1456.12	3.9409	3.5815
869427734851	1595.67	1468.15	1588.79	1454.51	3.9487	3.5827
869427743184	1598.57	1462.87	1585.70	1453.21	3.9400	3.5735
869427751518	1599.82	1464.85	1588.41	1453.79	3.9221	3.5552
869427759850	1603.12	1467.35	1593.24	1458.81	3.9137	3.5637
869427768184	1564.65	1460.33	1576.39	1442.62	3.9020	3.5462
869427776518	1487.80	1331.87	1512.34	1312.09	3.9450	3.5775
869427784850	1468.37	1178.55	1488.47	1171.23	3.9340	3.5845
869427793183	1411.32	1074.28	1436.48	1055.03	3.8881	3.5790
869427801516	1381.00	941.84	1417.72	940.33	3.8237	3.5122
869427809855	1338.72	872.65	1362.47	862.02	3.8383	3.4485
869427818188	1315.11	813.88	1350.69	820.36	3.8181	3.4510
869427826522	1292.86	830.08	1322.26	763.94	3.7069	3.5511
869427834855	1295.61	857.88	1332.89	697.75	3.6237	3.4946
869427843188	1318.49	959.60	1333.95	662.96	3.8241	3.4597
869427851522	1284.52	800.34	1320.65	647.46	3.6188	3.4793
869427859853	1284.86	715.25	1304.45	632.91	3.6745	3.4565
869427868185	1298.81	698.31	1303.89	678.95	3.8184	3.4438
869427876521	1310.67	673.07	1303.97	690.40	3.8636	3.4814
869427884853	1302.71	697.62	1294.40	686.10	3.8122	3.5098
869427893187	1298.46	716.75	1301.37	659.28	3.8387	3.4421
869427901521	1298.41	701.82	1297.73	655.65	3.8134	3.4646
869427909854	1298.93	718.69	1296.26	641.89	3.8591	3.4263
869427918187	1297.91	703.24	1301.88	651.72	3.8255	3.4683
869427926520	1297.70	701.43	1296.92	643.33	3.8315	3.4616
869427934854	1292.91	691.89	1291.39	643.11	3.8368	3.4613
869427943191	1299.23	705.03	1296.35	640.19	3.8487	3.4602
869427951524	1302.93	701.72	1298.63	647.34	3.8747	3.4715
869427959857	1299.47	682.50	1299.79	644.15	3.8517	3.4792
869427968190	1305.49	705.55	1291.21	644.45	3.8760	3.4663
869427976523	1298.81	684.82	1290.85	674.25	3.8510	3.5538
869427984857	1297.94	696.88	1295.70	642.32	3.8763	3.4844
869427993190	1307.93	702.60	1300.61	637.18	3.8925	3.4770
869428001523	1306.06	701.38	1300.01	642.55	3.8913	3.4899
869428009857	1303.42	683.21	1300.73	640.53	3.8593	3.4721
869428018190	1305.45	679.99	1294.82	654.76	3.8561	3.5225
869428026523	1302.13	686.67	1301.15	644.78	3.8790	3.4872
869428034857	1302.82	692.03	1295.39	648.55	3.8866	3.5151
869428043190	1304.09	679.78	1299.00	645.15	3.8666	3.5215
869428051522	1304.79	686.12	1301.81	641.04	3.8766	3.4883
869428059856	1301.81	679.30	1295.58	652.26	3.8766	3.5350
869428068193	1279.39	711.18	1266.60	685.13	3.8875	3.5438
869428076526	1269.40	730.84	1265.66	731.83	3.8601	3.5911
869428084860	1279.04	739.29	1268.60	745.52	3.8710	3.5880
869428093191	1276.00	725.07	1271.61	726.86	3.8759	3.6080
869428101526	1280.35	733.05	1272.93	725.71	3.8715	3.5807
869428109860	1276.59	729.76	1274.16	726.94	3.8767	3.5899
869428118193	1273.41	738.85	1269.05	730.95	3.8903	3.6164
869428126527	1273.77	726.57	1268.45	733.07	3.8812	3.6264
869428134860	1268.16	734.20	1271.75	741.05	3.8861	3.6494
869428143192	1272.92	735.53	1267.33	737.33	3.9151	3.6354
869428151525	1269.57	729.04	1274.35	731.03	3.9129	3.6212
869428159859	1267.05	734.79	1269.69	733.72	3.9104	3.6482
869428168192	1269.23	733.28	1268.47	731.07	3.9006	3.6474
869428176525	1270.70	741.27	1269.86	749.81	3.8898	3.6777
869428184859	1280.89	730.19	1274.50	772.38	3.9083	3.6807
869428193192	1283.19	826.40	1270.79	712.83	3.7736	3.6648
869428201533	1467.05	1035.15	1283.31	1013.78	2.6239	3.5592
869428209867	NaN	NaN	NaN	NaN	NaN	NaN
869428218200	NaN	NaN	NaN	NaN	NaN	NaN
869428226533	NaN	NaN	NaN	NaN	NaN	NaN
869428234866	NaN	NaN	NaN	NaN	NaN	NaN
869428243199	NaN	NaN	NaN	NaN	NaN	NaN
869428251532	NaN	NaN	NaN	NaN	NaN	NaN
869428259865	NaN	NaN	NaN	NaN	NaN	NaN
869428268198	NaN	NaN	NaN	NaN	NaN	NaN
869428276532	NaN	NaN	NaN	NaN	NaN	NaN
869428284865	NaN	NaN	NaN	NaN	NaN	NaN
869428293199	NaN	NaN	NaN	NaN	NaN	NaN
869428301532	NaN	NaN	NaN	NaN	NaN	NaN
869428309866	NaN	NaN	NaN	NaN	NaN	NaN
869428318198	NaN	NaN	NaN	NaN	NaN	NaN
869428326531	NaN	NaN	NaN	NaN	NaN	NaN
869428334866	NaN	NaN	NaN	NaN	NaN	NaN
869428343199	NaN	NaN	NaN	NaN	NaN	NaN
869428351533	NaN	NaN	NaN	NaN	NaN	NaN
869428359866	NaN	NaN	NaN	NaN	NaN	NaN
869428368200	NaN	NaN	NaN	NaN	NaN	NaN
869428376533	NaN	NaN	NaN	NaN	NaN	NaN
869428384867	NaN	NaN	NaN	NaN	NaN	NaN
869428393200	NaN	NaN	NaN	NaN	NaN	NaN
869428401533	NaN	NaN	NaN	NaN	NaN	NaN
869428409865	NaN	NaN	NaN	NaN	NaN	NaN
869428418198	NaN	NaN	NaN	NaN	NaN	NaN
869428426532	NaN	NaN	NaN	NaN	NaN	NaN
869428434865	NaN	NaN	NaN	NaN	NaN	NaN
869428443198	NaN	NaN	NaN	NaN	NaN	NaN
869428451532	NaN	NaN	NaN	NaN	NaN	NaN
869428459865	NaN	NaN	NaN	NaN	NaN	NaN
869428468204	NaN	NaN	NaN	NaN	NaN	NaN
869428476537	NaN	NaN	NaN	NaN	NaN	NaN
869428484870	NaN	NaN	NaN	NaN	NaN	NaN
869428493203	NaN	NaN	NaN	NaN	NaN	NaN
869428501536	NaN	NaN	NaN	NaN	NaN	NaN
869428509869	NaN	NaN	NaN	NaN	NaN	NaN
869428518202	NaN	NaN	NaN	NaN	NaN	NaN
869428526536	NaN	NaN	NaN	NaN	NaN	NaN
869428534869	NaN	NaN	NaN	NaN	NaN	NaN
869428543203	NaN	NaN	NaN	NaN	NaN	NaN
869428551536	NaN	NaN	NaN	NaN	NaN	NaN
869428559869	NaN	NaN	NaN	NaN	NaN	NaN
869428568202	NaN	NaN	NaN	NaN	NaN	NaN
869428576536	NaN	NaN	NaN	NaN	NaN	NaN
869428584869	NaN	NaN	NaN	NaN	NaN	NaN
869428593205	NaN	NaN	NaN	NaN	NaN	NaN
869428601539	NaN	NaN	NaN	NaN	NaN	NaN
869428609872	NaN	NaN	NaN	NaN	NaN	NaN
869428618206	NaN	NaN	NaN	NaN	NaN	NaN
869428626539	NaN	NaN	1277.44	903.11	NaN	3.4804
869428634872	NaN	NaN	1244.18	848.47	NaN	3.6391
869428643206	NaN	NaN	1241.45	848.73	NaN	3.7315
869428651539	NaN	NaN	1250.91	796.74	NaN	3.8131
869428659872	NaN	NaN	1235.80	756.68	NaN	3.9015
869428668205	1241.26	851.67	1234.38	720.30	3.9164	3.9446
869428676537	1244.45	844.76	1229.44	735.41	3.9728	3.9450
869428684869	1236.04	792.23	1236.00	756.38	4.0858	3.9104
869428693203	1239.39	754.12	1237.04	765.69	4.1721	3.9286
869428701536	1244.14	735.67	1235.69	767.44	4.2321	3.9286
869428709870	1245.28	717.89	1233.83	765.56	4.2495	3.9317
869428718203	1244.35	757.57	1233.33	763.87	4.1759	3.9276
869428726541	1247.74	773.92	1227.40	759.22	4.1592	3.9560
869428734874	1248.33	767.92	1237.46	755.24	4.1737	3.9616
869428743208	1245.18	770.22	1243.75	760.33	4.1995	3.9822
869428751541	1250.42	763.76	1240.27	755.01	4.1873	3.9855
869428759874	1251.62	769.50	1237.08	756.36	4.2006	3.9898
869428768208	1249.88	765.30	1238.55	748.18	4.1998	3.9775
869428776540	1259.33	770.50	1236.94	742.55	4.2325	3.9848
869428784873	1245.90	769.25	1228.94	748.31	4.2542	4.0151
869428793207	1240.55	764.74	1230.56	753.27	4.2418	4.0305
869428801540	1254.23	757.37	1232.57	744.41	4.2254	4.0286
869428809873	1247.99	767.47	1231.20	744.63	4.2471	4.0298
869428818207	1250.48	763.69	1228.87	749.91	4.2603	4.0509
869428826540	1251.13	759.78	1229.06	737.38	4.2516	4.0318
869428834873	1240.27	763.75	1223.29	744.06	4.2741	4.0440
869428843207	1251.64	757.63	1222.56	748.20	4.2536	4.0572
869428851540	1241.24	756.43	1222.30	747.01	4.2917	4.0697
869428859877	1250.56	760.39	1227.64	742.52	4.2865	4.0586
869428868211	1241.75	759.47	1228.86	746.58	4.2965	4.0517
869428876544	1254.13	752.55	1226.97	747.06	4.2857	4.0696
869428884877	1258.52	748.68	1242.70	744.63	4.3004	4.0667
869428893211	1296.42	722.03	1282.70	715.56	4.3079	4.0691
869428901544	1272.45	719.43	1260.26	675.89	4.3248	4.0128
869428909877	1293.98	722.05	1268.07	713.57	4.3241	4.0762
869428918211	1287.51	719.43	1258.47	714.36	4.3281	4.0788
869428926544	1287.35	717.43	1259.10	714.08	4.3395	4.0611
869428934877	1285.02	716.11	1262.45	708.40	4.3199	4.0676
869428943211	1288.41	714.10	1265.35	723.01	4.3266	4.0566
869428951543	1293.31	718.53	1264.59	715.87	4.3436	4.0811
869428959876	1284.72	717.39	1268.10	721.61	4.3340	4.0654
869428968209	1292.35	710.90	1266.79	714.22	4.3322	4.0574
869428976543	1290.42	717.84	1265.37	714.44	4.3373	4.0728
869428984876	1284.63	716.77	1261.88	712.56	4.3256	4.0635
869428993212	1289.33	722.65	1267.32	714.43	4.3171	4.0577
869429001545	1295.17	724.97	1272.91	713.93	4.3226	4.0435
869429009879	1288.52	728.78	1261.54	722.01	4.3371	4.0403
869429018212	1286.22	715.75	1266.27	718.88	4.3017	4.0245
869429026546	1287.42	711.03	1266.68	726.63	4.2977	4.0624
869429034879	1293.01	726.88	1275.38	710.50	4.3127	3.9994
869429043211	1285.66	726.38	1270.25	725.92	4.3013	4.0264
869429051544	1291.43	725.38	1270.60	719.29	4.3009	4.0058
869429059878	1291.18	722.43	1268.18	710.50	4.2849	3.9814
869429068211	1292.38	714.39	1265.55	728.88	4.2652	4.0230
869429076544	1289.47	716.92	1264.50	738.46	4.2523	4.0504
869429084878	1291.68	714.27	1268.54	708.11	4.2524	3.9525
869429093211	1291.92	717.47	1277.05	730.13	4.2471	3.9934
869429101544	1286.57	716.30	1272.01	713.45	4.2316	3.9658
869429109878	1291.09	706.58	1273.59	719.63	4.2102	3.9606
869429118220	1290.47	716.81	1270.00	713.51	4.2286	3.9333
869429126553	1290.17	725.97	1266.07	731.97	4.2392	3.9805
869429134885	1290.48	710.71	1267.90	742.36	4.2131	4.0168
869429143218	1293.84	721.82	1271.02	721.55	4.2223	3.9534
869429151551	1296.01	714.91	1273.85	719.59	4.1964	3.9453
869429159885	1293.89	720.32	1278.44	714.26	4.2077	3.9317
869429168218	1297.12	713.79	1277.19	715.75	4.1973	3.9391
869429176551	1292.89	716.64	1272.96	723.86	4.1978	3.9403
869429184885	1294.15	720.66	1277.48	723.31	4.2093	3.9327
869429193218	1295.16	719.16	1279.92	725.86	4.2035	3.9305
869429201552	1290.87	717.50	1279.60	721.34	4.1705	3.9127
869429209885	1290.03	719.30	1278.23	722.85	4.1849	3.9134
869429218218	1291.55	725.88	1273.29	728.38	4.1712	3.9177
869429226551	1288.07	733.78	1277.99	748.58	4.1316	3.9127
869429234884	1292.17	716.47	1274.11	763.25	4.1536	3.9111
869429243217	1302.65	794.43	1275.68	703.67	4.0055	3.8829
869429251555	1538.25	992.91	1277.65	901.62	3.0960	3.8843
869429259888	1284.08	1235.41	1452.40	1023.52	1.9205	2.9611
869429268221	NaN	NaN	NaN	NaN	NaN	NaN
869429276554	NaN	NaN	NaN	NaN	NaN	NaN
869429284888	NaN	NaN	NaN	NaN	NaN	NaN
869429293221	NaN	NaN	NaN	NaN	NaN	NaN
869429301555	NaN	NaN	NaN	NaN	NaN	NaN
869429309888	NaN	NaN	NaN	NaN	NaN	NaN
869429318221	NaN	NaN	NaN	NaN	NaN	NaN
869429326554	NaN	NaN	NaN	NaN	NaN	NaN
869429334887	NaN	NaN	NaN	NaN	NaN	NaN
869429343221	1302.46	1353.57	NaN	NaN	1.4733	NaN
869429351553	NaN	NaN	NaN	NaN	NaN	NaN
869429359887	1470.05	947.08	1280.30	831.78	3.0508	3.7086
869429368220	1403.85	878.66	1260.40	769.36	3.3829	3.8932
869429376554	1275.19	825.05	1258.27	697.96	3.9380	3.8492
869429384892	1268.59	761.38	1250.51	738.01	4.0376	3.8593
869429393225	1274.91	719.80	1259.33	765.40	4.1225	3.8513
869429401559	1271.48	701.07	1257.03	761.66	4.1426	3.8455
869429409891	1275.16	731.49	1253.88	758.91	4.1165	3.8725
869429418225	1270.17	754.10	1249.71	768.86	4.1100	3.9037
869429426558	1275.24	743.13	1252.33	763.30	4.0878	3.9160
869429434891	1275.21	741.61	1253.44	739.99	4.1042	3.8789
869429443224	1277.34	740.17	1249.26	749.16	4.1091	3.9292
869429451560	1271.99	739.20	1256.46	738.51	4.1132	3.9007
869429459891	1266.93	731.69	1260.61	693.49	4.1052	3.8363
869429468224	1267.08	721.15	1257.19	725.30	4.0917	3.9083
869429476558	1272.53	724.95	1253.95	731.15	4.1141	3.9177
869429484891	1265.28	724.03	1255.74	740.96	4.1229	3.9171
869429493224	1268.44	719.56	1255.91	743.87	4.1297	3.9483
869429501558	1273.33	724.10	1256.15	736.02	4.1440	3.9421
869429509895	1272.95	712.96	1255.08	728.01	4.1323	3.9094
869429518228	1268.44	718.22	1252.72	730.50	4.1561	3.9295
869429526562	1273.45	722.90	1252.81	735.01	4.1629	3.9303
869429534894	1273.70	724.68	1252.39	739.23	4.1613	3.9298
869429543227	1274.15	719.52	1255.49	727.32	4.1621	3.9308
869429551561	1274.85	713.06	1250.86	727.47	4.1601	3.9388
869429559894	1271.18	713.64	1258.56	724.28	4.1723	3.9145
869429568227	1271.92	705.65	1251.43	721.64	4.1567	3.9169
869429576560	1272.80	711.72	1252.81	732.47	4.1768	3.9503
869429584894	1268.38	706.64	1254.35	727.31	4.1703	3.9342
869429593227	1271.13	709.65	1252.48	746.52	4.1646	3.9864
869429601560	1272.24	712.41	1252.03	724.76	4.1837	3.9375
869429609893	1279.70	714.21	1254.51	724.65	4.2007	3.9515
869429618227	1276.69	719.37	1251.76	728.70	4.2098	3.9768
869429626559	1275.49	728.81	1252.25	718.70	4.2261	3.9368
869429634895	1278.37	721.94	1245.07	723.93	4.2267	3.9685
869429643233	1283.80	711.03	1252.31	706.73	4.1977	3.9095
869429651564	1281.31	717.93	1251.37	714.60	4.1955	3.9546
869429659900	1284.14	720.03	1251.09	714.43	4.2235	3.9432
869429668233	1280.63	723.61	1250.32	730.50	4.2183	3.9930
869429676566	1275.28	711.58	1252.76	702.90	4.2195	3.9357
869429684899	1277.98	715.09	1256.82	714.20	4.2257	3.9482
869429693233	1276.66	709.37	1249.93	733.09	4.2353	3.9812
869429701564	1275.18	715.18	1249.40	730.58	4.2538	3.9883
869429709900	1283.39	715.89	1254.92	718.70	4.2629	3.9860
869429718230	1281.85	715.23	1258.78	706.14	4.2579	3.9581
869429726563	1280.35	711.69	1256.87	717.56	4.2556	3.9850
869429734896	1275.27	705.70	1252.67	721.77	4.2442	3.9957
869429743230	1280.68	714.29	1256.73	726.38	4.2826	4.0110
869429751563	1276.27	727.28	1257.88	710.45	4.3080	3.9940
869429759896	1281.41	721.03	1254.59	709.28	4.2848	3.9968
869429768230	1289.75	717.21	1254.51	702.28	4.2871	3.9925
869429776569	1287.62	715.66	1253.40	724.46	4.2933	4.0523
869429784905	1287.59	718.20	1254.30	710.80	4.2948	4.0277
869429793238	1282.58	706.87	1245.99	728.38	4.2895	4.0707
869429801570	1287.38	715.98	1252.12	702.09	4.3046	4.0002
869429809901	1285.72	709.96	1254.57	720.43	4.3032	4.0688
869429818236	1287.26	712.90	1254.41	729.46	4.3240	4.0863
869429826570	1284.36	723.56	1255.76	698.95	4.3456	4.0240
869429834903	1285.16	709.41	1254.74	718.39	4.3155	4.0819
869429843237	1283.77	715.66	1255.15	710.48	4.3179	4.0577
869429851568	1286.16	717.96	1257.53	704.72	4.3354	4.0548
869429859903	1286.32	714.27	1253.73	706.45	4.3451	4.0572
869429868237	1283.67	713.96	1254.29	711.69	4.3627	4.0705
869429876568	1280.19	701.29	1251.81	707.12	4.3242	4.0614
869429884904	1286.74	708.85	1249.11	714.31	4.3526	4.0799
869429893234	1286.33	720.46	1251.09	714.84	4.3743	4.0877
869429901567	1282.89	715.41	1255.92	712.70	4.3429	4.0773
869429909905	1280.80	710.20	1259.89	708.59	4.3788	4.0684
869429918237	1283.30	717.45	1261.38	704.59	4.3791	4.0663
869429926571	1281.39	717.03	1253.80	710.04	4.3625	4.0996
869429934905	1283.48	721.42	1256.73	723.69	4.3557	4.1285
869429943237	1288.15	715.11	1250.91	717.90	4.3724	4.1133
869429951571	1283.22	726.02	1248.56	708.00	4.3917	4.1015
869429959904	1281.48	707.17	1253.71	712.63	4.3557	4.1035
869429968238	1279.70	715.68	1258.27	708.98	4.3643	4.0834
869429976571	1275.29	718.91	1254.96	707.95	4.3632	4.1182
869429984903	1280.50	717.74	1253.26	710.79	4.3562	4.0863
869429993237	1279.74	722.52	1259.26	709.66	4.3707	4.0834
869430001570	1275.96	708.10	1255.47	707.22	4.3632	4.0916
869430009904	1275.78	711.84	1260.18	711.25	4.3692	4.0923
869430018236	1277.05	714.76	1255.36	712.33	4.3600	4.0988
869430026570	1274.47	713.92	1253.96	709.28	4.3780	4.0853
869430034907	1278.13	716.06	1251.08	718.49	4.3710	4.1060
869430043240	1289.48	722.58	1251.54	716.92	4.3858	4.0913
869430051574	1285.98	723.52	1261.85	720.86	4.3621	4.0814
869430059907	1304.37	759.52	1281.46	741.37	4.3803	4.0750
869430068240	1316.65	767.59	1291.75	764.24	4.3814	4.0751
869430076573	1312.20	768.86	1285.44	770.26	4.3787	4.0831
869430084906	1307.64	772.94	1291.46	764.51	4.3726	4.0833
869430093240	1300.73	778.99	1283.31	768.27	4.3871	4.0781
869430101573	1305.30	770.19	1286.63	762.40	4.3802	4.0694
869430109906	1309.37	774.94	1282.91	764.02	4.3883	4.0804
869430118240	1316.31	784.11	1287.68	763.79	4.4040	4.0713
869430126573	1305.19	772.25	1284.13	759.95	4.3755	4.0830
869430134906	1305.94	774.76	1288.64	772.30	4.3836	4.0897
869430143239	1311.37	772.20	1288.43	770.14	4.3794	4.0764
869430151573	1311.86	766.26	1281.73	768.29	4.3735	4.1064
869430159906	1310.63	779.71	1279.70	766.82	4.3804	4.0822
869430168244	1307.49	773.14	1288.36	761.05	4.3866	4.0673
869430176578	1310.62	776.29	1283.76	768.92	4.4012	4.0647
869430184911	1305.99	772.22	1284.14	772.87	4.3864	4.0748
869430193244	1316.80	773.62	1282.81	774.60	4.3901	4.0831
869430201578	1305.42	777.63	1291.44	766.37	4.3833	4.0756
869430209911	1312.74	773.32	1289.51	768.57	4.3758	4.0693
869430218244	1311.29	779.88	1290.94	767.27	4.3873	4.0579
869430226578	1309.92	772.03	1290.92	769.42	4.3889	4.0704
869430234911	1306.74	771.68	1291.55	770.83	4.3767	4.0576
869430243245	1312.17	780.59	1288.69	772.23	4.3901	4.0551
869430251578	1305.62	778.47	1286.69	771.74	4.3774	4.0658
869430259910	1305.59	782.67	1284.63	768.35	4.3917	4.0564
869430268243	1301.82	777.13	1288.90	767.54	4.3943	4.0658
869430276577	1307.51	776.53	1287.98	770.83	4.3957	4.0541
869430284910	1299.67	774.66	1287.11	769.51	4.3840	4.0603
869430293243	1304.51	775.72	1282.47	770.14	4.3916	4.0579
869430301581	1304.96	772.70	1285.65	769.69	4.3876	4.0532
869430309914	1305.14	778.43	1283.95	771.93	4.4056	4.0448
869430318248	1309.94	780.33	1283.54	768.04	4.4101	4.0371
869430326581	1317.17	770.73	1285.65	766.44	4.3826	4.0561
869430334914	1315.14	781.91	1287.70	760.77	4.4215	4.0331
869430343246	1308.75	780.97	1285.82	765.08	4.4205	4.0464
869430351579	1305.71	769.76	1281.14	777.57	4.4055	4.0796
869430359913	1304.52	777.13	1286.72	771.34	4.4218	4.0541
869430368247	1303.37	776.08	1284.74	765.73	4.4133	4.0520
869430376581	1308.48	771.32	1283.67	764.18	4.3973	4.0404
869430384915	1308.60	774.72	1280.32	768.07	4.4227	4.0545
869430393246	1306.27	771.77	1286.19	764.22	4.4106	4.0414
869430401580	1309.92	783.87	1289.01	767.85	4.4433	4.0569
869430409913	1309.92	778.19	1281.50	774.39	4.4301	4.0708
869430418248	1309.70	776.58	1283.32	776.43	4.4429	4.0784
869430426579	1309.72	774.70	1282.77	772.37	4.4383	4.0615
869430434919	1315.92	767.72	1282.90	764.54	4.4431	4.0614
869430443253	1312.30	779.12	1276.73	766.60	4.4594	4.0698
869430451584	1310.84	777.34	1281.76	769.90	4.4508	4.0657
869430459919	1271.65	751.96	1240.27	752.82	4.4462	4.0898
869430468252	1280.98	735.69	1239.02	728.21	4.4737	4.0846
869430476585	1282.79	736.13	1244.20	731.75	4.4617	4.0991
869430484919	1282.77	737.81	1240.09	731.22	4.4681	4.1005
869430493253	1280.78	728.09	1245.24	726.72	4.4524	4.0907
869430501586	1280.84	730.92	1246.23	731.84	4.4722	4.1054
869430509919	1276.38	738.92	1250.71	730.96	4.4747	4.1050
869430518252	1283.10	720.97	1249.86	720.23	4.4752	4.0902
869430526585	1278.22	740.38	1247.36	722.76	4.4945	4.1101
869430534918	1279.37	741.16	1242.54	727.89	4.5025	4.1223
869430543252	1279.65	734.63	1242.53	723.24	4.4848	4.1275
869430551584	1275.25	731.84	1241.05	726.66	4.4852	4.1252
869430559922	1281.96	725.88	1238.84	734.51	4.4905	4.1618
869430568255	1283.58	734.29	1243.09	726.25	4.5275	4.1118
869430576589	1280.25	724.14	1244.74	730.65	4.5116	4.1589
869430584922	1283.88	737.89	1242.77	727.42	4.5382	4.1475
869430593255	1279.50	736.32	1238.59	728.75	4.5208	4.1668
869430601589	1278.38	727.00	1241.94	731.41	4.5344	4.1685
869430609922	1276.36	739.29	1248.44	732.63	4.5394	4.1675
869430618254	1277.38	740.12	1242.05	727.22	4.5416	4.1702
869430626588	1282.80	734.54	1241.75	740.29	4.5476	4.2025
869430634921	1280.36	739.00	1246.74	722.00	4.5528	4.1775
869430643254	1279.62	736.87	1237.09	730.66	4.5558	4.1944
869430651588	1278.55	733.30	1242.93	736.91	4.5544	4.2068
869430659921	1282.69	726.80	1238.01	737.85	4.5603	4.1904
869430668254	1283.12	736.65	1243.31	732.27	4.5584	4.2052
869430676587	1280.21	735.77	1245.06	729.34	4.5644	4.2115
869430684921	1285.97	732.20	1242.61	739.75	4.5634	4.2253
869430693259	1285.65	731.57	1246.37	735.43	4.5697	4.2120
869430701592	1283.23	735.34	1243.12	727.49	4.5705	4.2146
869430709925	1279.17	736.20	1241.89	728.35	4.5695	4.2161
869430718258	1279.50	737.68	1238.94	733.50	4.5819	4.2312
869430726592	1275.80	739.57	1246.77	729.07	4.5812	4.2223
869430734925	1280.59	732.90	1244.38	738.40	4.5860	4.2212
869430743258	1282.28	737.04	1243.80	739.77	4.5973	4.2367
869430751590	1287.42	742.89	1240.21	738.14	4.6131	4.2380
869430759923	1281.22	736.83	1244.32	742.60	4.5945	4.2530
869430768256	1283.60	733.14	1244.52	738.66	4.5884	4.2289
869430776590	1279.72	739.90	1246.70	736.28	4.5988	4.2373
869430784923	1284.19	738.31	1244.31	734.30	4.5923	4.2485
869430793256	1283.10	731.22	1239.19	738.62	4.5888	4.2456
869430801588	1285.32	746.92	1245.35	744.51	4.5839	4.2370
869430809922	1290.67	766.38	1244.83	756.03	4.5615	4.2298
869430818255	1291.38	754.27	1241.31	747.64	4.5841	4.2086
869430826593	1272.36	878.06	1241.35	757.97	4.2921	4.1838
869430834927	1225.82	1077.83	1264.28	896.36	3.3208	3.9095
869430843260	NaN	NaN	1198.61	1044.08	NaN	3.2790
869430851593	1368.55	1328.63	1191.12	1146.83	2.0473	2.3185
869430859927	NaN	NaN	NaN	NaN	NaN	NaN
869430868260	NaN	NaN	880.76	1305.36	NaN	1.9831
869430876594	NaN	NaN	NaN	NaN	NaN	NaN
869430884926	NaN	NaN	NaN	NaN	NaN	NaN
869430893259	NaN	NaN	NaN	NaN	NaN	NaN
869430901592	NaN	NaN	1066.35	1036.77	NaN	2.8604
869430909926	NaN	NaN	NaN	NaN	NaN	NaN
869430918259	NaN	NaN	1281.62	908.87	NaN	3.8464
869430926592	NaN	NaN	1267.49	837.49	NaN	4.0260
869430934925	NaN	NaN	1266.89	756.32	NaN	4.1855
869430943259	1293.98	867.06	1260.24	717.76	4.3132	4.2576
869430951596	1299.80	808.01	1256.58	723.56	4.4647	4.2626
869430959930	1296.24	762.28	1260.23	757.35	4.5538	4.1904
869430968263	1296.48	733.52	1260.73	762.82	4.6037	4.2021
869430976596	1301.82	725.14	1259.95	756.66	4.6537	4.2131
869430984929	1297.76	748.01	1259.63	752.72	4.5859	4.2126
869430993262	1300.70	752.74	1259.51	752.01	4.5610	4.2238
869431001595	1300.54	763.88	1254.07	745.69	4.5847	4.2442
869431009928	1311.36	756.16	1256.26	742.20	4.5739	4.2334
869431018262	1300.24	752.58	1254.09	734.41	4.5728	4.2454
869431026595	1300.26	752.95	1257.72	745.70	4.5824	4.2655
869431034929	1297.75	747.87	1254.75	737.41	4.5893	4.2527
869431043262	1302.16	748.37	1252.15	746.37	4.6028	4.2862
869431051596	1304.39	744.28	1251.55	738.29	4.5998	4.2831
869431059929	1304.83	749.23	1255.04	730.76	4.6279	4.2554
869431068263	1297.29	743.11	1252.81	737.42	4.6008	4.2652
869431076594	1300.10	746.19	1254.65	736.13	4.6117	4.2494
869431084931	1299.28	743.82	1257.56	738.74	4.6068	4.2535
869431093265	1303.11	745.74	1251.12	744.58	4.6302	4.2688
869431101598	1301.76	741.88	1251.02	737.91	4.6402	4.2600
869431109931	1299.90	734.90	1254.89	740.35	4.6213	4.2700
869431118267	1308.20	740.11	1249.21	737.63	4.6342	4.2665
869431126601	1300.82	732.27	1250.52	745.40	4.6139	4.2614
869431134934	1297.05	735.52	1249.02	737.60	4.6231	4.2682
869431143267	1298.47	732.72	1253.39	745.79	4.6266	4.2836
869431151600	1296.82	739.23	1253.12	737.26	4.6426	4.2609
869431159932	1296.69	735.73	1249.84	737.43	4.6493	4.2540
869431168266	1295.02	736.79	1254.07	733.25	4.6355	4.2709
869431176599	1305.26	745.26	1247.89	744.58	4.6496	4.2910
869431184932	1303.78	742.94	1246.89	738.88	4.6206	4.2738
869431193266	1304.53	737.73	1247.65	743.36	4.6305	4.2912
869431201597	1306.38	743.05	1246.22	746.46	4.6357	4.2938
869431209931	1305.94	738.74	1252.47	736.27	4.6519	4.2728
869431218271	1302.61	736.37	1249.03	740.20	4.6193	4.2583
869431226604	1301.47	731.32	1249.89	746.90	4.6294	4.2814
869431234938	1305.57	747.80	1244.78	743.81	4.6572	4.2834
869431243271	1301.95	742.62	1253.89	729.68	4.6472	4.2638
869431251603	1293.41	734.70	1241.35	732.78	4.6279	4.2565
869431259936	1271.46	728.99	1213.90	728.10	4.6358	4.2677
869431268270	1288.57	719.99	1229.09	726.47	4.6312	4.2683
869431276603	1287.72	719.76	1230.03	722.94	4.6184	4.2555
869431284938	1288.10	720.24	1230.35	729.32	4.6186	4.2758
869431293272	1291.39	729.68	1229.75	722.55	4.6459	4.2504
869431301605	1283.73	717.29	1229.55	718.77	4.6245	4.2591
869431309939	1288.39	729.57	1232.47	722.95	4.6330	4.2581
869431318272	1289.31	725.80	1233.60	724.94	4.6137	4.2634
869431326605	1287.13	722.91	1232.77	718.36	4.6301	4.2502
869431334938	1293.74	724.86	1224.85	726.88	4.6288	4.2749
869431343271	1291.50	722.57	1228.79	722.78	4.6137	4.2525
869431351606	1291.00	719.54	1229.60	720.72	4.6094	4.2572
869431359939	1285.05	726.00	1228.50	715.75	4.6286	4.2469
869431368273	1280.11	727.76	1228.82	730.64	4.6240	4.2642
869431376607	1281.24	720.93	1236.90	715.36	4.6145	4.2375
869431384940	1282.07	721.98	1234.31	717.78	4.6165	4.2583
869431393275	1285.74	733.13	1234.14	719.52	4.6377	4.2405
869431401606	1282.32	724.31	1233.09	711.97	4.6001	4.2310
869431409942	1282.25	725.23	1231.48	720.27	4.6057	4.2305
869431418274	1288.20	726.32	1228.27	722.80	4.6152	4.2321
869431426607	1285.59	730.59	1227.20	724.71	4.6265	4.2591
869431434940	1282.95	722.44	1226.73	718.99	4.6158	4.2404
869431443274	1277.76	724.40	1231.85	728.37	4.6145	4.2596
869431451605	1287.48	723.20	1231.98	724.22	4.6419	4.2442
869431459939	1283.08	721.95	1228.84	720.44	4.6293	4.2657
869431468272	1274.09	726.42	1234.29	713.29	4.6027	4.2242
869431476609	1275.82	722.11	1234.10	716.05	4.6227	4.2330
869431484943	1282.37	723.33	1236.28	716.63	4.6109	4.2474
869431493275	1279.36	725.60	1233.04	717.20	4.6247	4.2436
869431501609	1272.32	723.92	1231.98	714.84	4.6091	4.2312
869431509942	1281.16	734.89	1232.55	723.67	4.6273	4.2636
869431518274	1269.45	725.23	1232.33	717.33	4.6021	4.2246
869431526608	1274.64	725.37	1231.16	719.45	4.6029	4.2426
869431534941	1273.44	726.77	1231.93	720.18	4.6159	4.2391
869431543275	1268.76	727.69	1231.96	720.01	4.6111	4.2282
869431551608	1280.21	736.82	1234.52	721.60	4.6327	4.2409
869431559942	1272.75	727.04	1232.61	713.67	4.6073	4.2096
869431568274	1271.09	727.05	1233.60	718.98	4.5952	4.2396
869431576608	1273.95	729.37	1237.03	713.43	4.6029	4.2111
869431584941	1276.65	730.21	1230.84	723.88	4.6197	4.2402
869431593274	1277.34	728.35	1235.63	714.48	4.5981	4.2106
869431601608	1277.05	735.31	1233.53	716.32	4.6051	4.2170
869431609945	1276.10	725.53	1230.75	711.61	4.5953	4.2105
869431618278	1277.52	730.59	1232.17	713.19	4.6159	4.2104
869431626612	1280.11	730.00	1229.53	717.52	4.6050	4.2137
869431634946	1274.16	726.37	1229.18	714.67	4.6104	4.2146
869431643279	1270.37	715.68	1229.51	719.94	4.5845	4.2300
869431651612	1277.60	719.80	1232.03	713.81	4.5983	4.2030
869431659945	1278.76	732.00	1227.31	712.21	4.6120	4.2012
869431668279	1280.15	724.38	1230.68	717.32	4.6117	4.2295
869431676612	1277.65	731.66	1230.08	712.65	4.6014	4.2102
869431684945	1275.88	726.71	1229.89	715.50	4.5903	4.2287
869431693279	1283.11	733.81	1230.42	711.36	4.5997	4.2105
869431701611	1271.65	731.06	1233.62	708.55	4.5908	4.2041
869431709944	1272.29	730.71	1230.75	704.86	4.6082	4.1961
869431718277	1272.39	724.90	1231.91	707.60	4.5777	4.1910
869431726611	1268.33	725.77	1228.51	713.22	4.5975	4.2170
869431734944	1268.65	728.25	1235.28	704.40	4.5963	4.2039
869431743282	1268.00	724.86	1230.41	717.56	4.5799	4.2263
869431751616	1270.87	732.15	1231.95	714.16	4.5984	4.1945
869431759949	1273.56	731.19	1229.10	723.45	4.5994	4.2204
869431768282	1268.27	734.92	1232.61	705.84	4.6021	4.1871
869431776616	1266.08	730.87	1232.75	713.54	4.5921	4.1998
869431784949	1265.10	737.59	1233.74	711.42	4.5956	4.2002
869431793281	1272.98	732.66	1231.00	712.64	4.5737	4.2053
869431801615	1268.03	734.00	1233.31	714.47	4.5873	4.2051
869431809948	1266.60	733.27	1231.83	716.45	4.5841	4.2178
869431818282	1261.90	729.43	1233.53	711.51	4.5935	4.1969
869431826615	1269.07	736.94	1225.19	715.67	4.6008	4.2363
869431834948	1265.83	731.19	1232.30	713.62	4.6021	4.2005
869431843282	1265.08	738.05	1233.52	710.87	4.5975	4.1901
869431851615	1265.96	733.18	1228.99	710.13	4.5983	4.1975
869431859948	1267.58	728.07	1231.70	712.96	4.6024	4.1954
869431868282	1265.56	732.23	1230.94	714.00	4.5974	4.2077
869431876620	1268.51	736.48	1228.41	711.97	4.5928	4.2114
869431884952	1266.28	734.99	1235.46	699.60	4.5967	4.1947
869431893285	1263.56	737.19	1232.33	703.36	4.6000	4.2023
869431901619	1265.78	729.74	1232.90	707.53	4.5750	4.2020
869431909952	1266.30	725.46	1233.25	705.71	4.5767	4.2022
869431918286	1266.94	728.39	1232.05	709.45	4.5775	4.2146
869431926619	1273.75	731.50	1232.62	704.15	4.5822	4.1999
869431934952	1274.74	731.91	1235.00	704.19	4.5977	4.2006
869431943286	1271.67	722.24	1230.37	708.78	4.5764	4.2010
869431951619	1272.91	731.48	1228.38	713.23	4.6006	4.2282
869431959952	1271.62	731.58	1230.55	707.05	4.5821	4.2085
869431968285	1266.51	734.55	1232.70	711.01	4.5883	4.2172
869431976618	1271.71	738.65	1229.21	706.75	4.6102	4.2212
869431984951	1275.38	736.89	1230.32	710.34	4.5931	4.2224
869431993285	1268.49	729.69	1229.92	716.04	4.5858	4.2412
869432001623	1270.57	730.02	1235.67	712.13	4.5859	4.2070
869432009956	1276.69	737.46	1232.38	710.62	4.5957	4.2117
869432018289	1272.83	735.59	1228.55	719.30	4.5856	4.2217
869432026623	1275.97	736.15	1223.40	719.57	4.5708	4.2307
869432034956	1272.04	740.30	1229.57	710.88	4.6029	4.2250
869432043290	1276.73	731.16	1225.84	712.40	4.5806	4.2106
869432051622	1271.67	726.97	1225.21	718.26	4.5586	4.2198
869432059955	1275.46	739.13	1229.08	713.64	4.6052	4.2076
869432068291	1267.79	731.66	1226.57	714.69	4.5731	4.2383
869432076624	1269.04	734.18	1230.30	716.59	4.5755	4.2469
869432084957	1271.70	739.60	1225.91	713.58	4.5992	4.2319
869432093291	1265.56	731.16	1234.27	713.83	4.5757	4.2331
869432101623	1272.53	733.13	1226.74	721.38	4.5886	4.2263
869432109957	1273.99	737.40	1229.64	716.84	4.5865	4.2164
869432118291	1268.16	735.37	1226.04	716.78	4.5727	4.2149
869432126622	1268.09	732.21	1226.85	712.46	4.5797	4.2294
869432134959	1273.70	733.70	1226.30	716.83	4.5699	4.2316
869432143292	1271.48	728.06	1228.81	718.35	4.5672	4.2138
869432151624	1276.45	736.19	1226.18	715.04	4.5936	4.2294
869432159958	1270.90	736.96	1226.11	709.40	4.5772	4.2003
869432168292	1272.77	731.47	1223.08	726.57	4.5979	4.2498
869432176625	1275.67	732.23	1227.19	711.35	4.5946	4.2117
869432184958	1271.53	737.28	1228.87	721.52	4.5939	4.2313
869432193293	1271.44	739.17	1229.55	715.95	4.5851	4.2210
869432201627	1269.14	738.19	1223.00	724.87	4.5890	4.2204
869432209960	1284.78	753.62	1238.51	727.68	4.6186	4.2256
869432218293	1297.08	760.70	1256.87	743.64	4.5863	4.2281
869432226626	1293.28	769.90	1249.21	746.44	4.5913	4.2178
869432234958	1311.12	782.98	1253.60	740.07	4.6267	4.2034
869432243290	1297.27	764.67	1249.39	748.38	4.6048	4.2229
869432251624	1299.89	767.17	1251.85	742.80	4.5988	4.2090
869432259957	1299.83	763.18	1248.31	740.14	4.5851	4.2105
869432268295	1299.18	764.84	1247.49	736.31	4.5721	4.1987
869432276628	1299.00	770.31	1246.87	737.53	4.5989	4.1912
869432284962	1304.33	768.75	1248.74	740.42	4.6007	4.1967
869432293295	1296.25	767.26	1247.17	744.24	4.5859	4.2216
869432301629	1305.02	768.65	1245.26	739.40	4.6045	4.2079
869432309962	1294.04	764.86	1249.75	747.39	4.5927	4.2109
869432318295	1295.77	764.33	1250.30	745.64	4.5853	4.2126
869432326628	1301.08	764.37	1240.47	748.13	4.5845	4.2137
869432334961	1296.41	769.22	1245.67	738.66	4.5942	4.1931
869432343294	1303.14	765.66	1246.61	742.84	4.6047	4.2071
869432351627	1292.29	764.87	1246.99	741.01	4.6069	4.2021
869432359961	1293.90	768.47	1249.99	742.48	4.5899	4.2165
869432368294	1294.55	763.63	1246.94	748.29	4.6098	4.2298
869432376628	1291.82	761.82	1246.25	744.37	4.5974	4.2176
869432384961	1290.48	765.81	1248.24	742.94	4.5954	4.2154
869432393298	1288.78	763.49	1248.35	750.24	4.6088	4.2255
869432401631	1287.94	767.12	1247.84	744.46	4.6107	4.2236
869432409965	1287.42	766.72	1250.40	742.65	4.5939	4.2047
869432418298	1284.52	769.28	1244.56	742.78	4.6017	4.2316
869432426631	1267.20	751.80	1230.91	722.22	4.5937	4.2031
869432434964	1277.24	748.07	1237.53	727.11	4.5915	4.2260
869432443297	1271.32	755.03	1238.98	729.12	4.5961	4.2327
869432451630	1272.96	752.11	1237.81	729.78	4.6095	4.2192
869432459964	1273.86	758.34	1233.87	734.85	4.6103	4.2388
869432468297	1269.98	751.00	1241.07	730.22	4.5990	4.2277
869432476630	1274.47	753.44	1238.63	732.50	4.6087	4.2382
869432484963	1271.46	750.96	1240.24	731.03	4.6016	4.2269
869432493297	1273.26	750.79	1242.48	725.26	4.6180	4.2199
869432501633	1271.11	747.69	1243.78	730.56	4.6037	4.2411
869432509965	1273.80	751.84	1236.83	729.86	4.6168	4.2388
869432518298	1270.71	753.22	1239.85	735.37	4.6128	4.2516
869432526638	1275.46	756.39	1237.44	726.61	4.6257	4.2234
869432534969	1273.38	754.11	1237.56	737.10	4.6109	4.2432
869432543302	1275.30	757.22	1238.45	731.18	4.6230	4.2355
869432551636	1278.99	758.61	1246.65	730.72	4.6179	4.2399
869432559969	1273.45	753.81	1244.70	731.89	4.6212	4.2365
869432568302	1271.60	754.18	1246.29	734.51	4.6133	4.2456
869432576636	1276.22	760.87	1244.53	730.26	4.6471	4.2280
869432584969	1278.86	756.73	1241.13	735.79	4.6329	4.2521
869432593302	1273.94	754.17	1242.09	733.28	4.6439	4.2454
869432601634	1273.07	752.17	1242.45	734.37	4.6377	4.2431
869432609968	1272.51	751.01	1239.53	733.57	4.6263	4.2566
869432618301	1271.41	754.31	1240.73	728.07	4.6335	4.2512
869432626637	1269.75	751.49	1244.58	730.18	4.6342	4.2439
869432634969	1272.16	755.48	1245.74	731.97	4.6466	4.2449
869432643303	1271.27	760.76	1241.74	725.68	4.6586	4.2617
869432651637	1280.22	757.98	1244.14	727.03	4.6822	4.2592
869432659974	1273.62	756.74	1240.47	724.77	4.6735	4.2505
869432668307	1277.73	754.13	1239.71	728.76	4.6675	4.2681
869432676640	1268.31	751.52	1244.44	730.23	4.6497	4.2477
869432684973	1268.47	753.16	1245.54	732.22	4.6667	4.2672
869432693306	1270.04	763.17	1246.91	729.07	4.6550	4.2584
869432701640	1267.73	757.39	1244.04	731.91	4.6733	4.2740
869432709971	1270.77	764.66	1244.00	729.87	4.6889	4.2551
869432718304	1263.46	760.42	1244.93	728.83	4.6772	4.2547
869432726637	1269.89	761.06	1243.90	729.49	4.6990	4.2681
869432734971	1268.26	758.61	1243.77	736.50	4.6764	4.2841
869432743304	1269.44	762.18	1242.39	732.59	4.6876	4.2674
869432751638	1273.42	764.50	1246.95	732.33	4.7084	4.2770
869432759970	1279.71	767.96	1245.52	732.99	4.7150	4.2762
869432768304	1269.28	757.74	1246.80	735.09	4.6958	4.2885
869432776637	1271.49	757.60	1251.33	721.93	4.6968	4.2653
869432784970	1278.15	759.75	1246.50	733.56	4.7086	4.2963
869432793308	1275.12	756.06	1246.08	735.93	4.6959	4.2933
869432801641	1286.43	759.56	1249.07	729.66	4.7217	4.2741
869432809974	1276.60	756.91	1249.37	733.57	4.7048	4.2972
869432818308	1274.50	755.42	1244.17	734.18	4.7009	4.3116
869432826641	1273.52	756.45	1247.92	728.06	4.7131	4.2944
869432834975	1277.06	758.25	1243.30	728.85	4.7107	4.2925
869432843308	1284.20	763.65	1249.69	722.74	4.7475	4.2976
869432851641	1273.81	756.76	1242.81	733.67	4.7221	4.3105
869432859975	1271.75	757.45	1246.77	732.62	4.7214	4.3046
869432868308	1273.49	763.71	1243.51	733.52	4.7271	4.3073
869432876640	1276.61	761.22	1245.52	734.70	4.7526	4.3169
869432884973	1276.01	758.99	1245.74	723.36	4.7242	4.2976
869432893307	1276.93	766.39	1243.79	731.82	4.7408	4.3151
869432901640	1276.07	760.96	1246.15	726.77	4.7343	4.2937
869432909974	1267.73	752.61	1247.98	722.10	4.7308	4.3051
869432918316	1274.24	760.93	1246.04	726.48	4.7376	4.3135
869432926649	1277.33	764.12	1247.87	721.04	4.7617	4.3003
869432934982	1267.83	751.70	1250.54	737.16	4.7281	4.3251
869432943316	1267.95	754.80	1250.79	720.85	4.7541	4.3095
869432951649	1271.35	756.97	1254.12	731.26	4.7535	4.3181
869432959983	1270.38	757.65	1250.50	722.86	4.7596	4.3129
869432968317	1274.49	754.24	1254.51	728.43	4.7439	4.3107
869432976650	1272.56	752.11	1250.58	732.12	4.7467	4.3421
869432984984	1271.25	751.95	1249.97	730.67	4.7516	4.3265
869432993317	1273.31	760.63	1251.99	731.25	4.7628	4.3250
869433001650	1279.68	769.49	1246.77	731.13	4.7486	4.3134
869433009983	1278.80	780.59	1256.83	742.51	4.7086	4.3088
869433018316	1273.28	754.91	1256.95	745.67	4.7506	4.2750
869433026650	1279.28	829.90	1257.95	723.50	4.6111	4.3154
869433034983	1306.79	957.58	1281.82	818.74	4.1984	4.0986
869433043317	NaN	NaN	1292.69	961.58	NaN	3.7855
869433051649	NaN	NaN	NaN	NaN	NaN	NaN
869433059984	NaN	NaN	1146.41	1072.13	NaN	2.6533
869433068316	NaN	NaN	1308.29	1043.04	NaN	3.3614
869433076649	NaN	NaN	1190.78	980.89	NaN	3.3736
869433084983	1393.72	1101.04	1290.06	922.74	3.3298	3.8638
869433093316	1390.93	1028.70	1266.02	849.46	3.8450	4.0575
869433101649	1256.51	907.01	1259.12	775.74	4.3184	4.2041
869433109982	1265.75	837.94	1254.15	726.45	4.4982	4.3027
869433118316	1270.69	797.50	1245.84	703.52	4.5868	4.3562
869433126651	1264.74	749.69	1247.24	735.27	4.6856	4.3116
869433134982	1275.35	732.01	1256.81	742.54	4.7233	4.2807
869433143314	1268.40	745.02	1251.17	733.75	4.7013	4.2985
869433151650	1264.14	769.71	1247.69	734.41	4.6715	4.3077
869433159983	1265.78	755.17	1253.30	720.52	4.6731	4.2913
869433168317	1273.30	763.01	1247.53	719.56	4.7065	4.3157
869433176648	1265.36	757.17	1248.71	722.14	4.6924	4.3267
869433184987	1268.62	757.49	1249.13	714.21	4.6970	4.3251
869433193318	1266.68	753.77	1253.82	721.88	4.7072	4.3326
869433201653	1264.32	750.10	1246.90	708.11	4.7126	4.3107
869433209985	1266.46	750.67	1249.35	707.15	4.7044	4.3264
869433218320	1263.77	746.36	1250.12	706.22	4.7187	4.3110
869433226653	1261.37	747.10	1248.89	707.46	4.7250	4.3169
869433234986	1268.59	750.19	1248.31	714.04	4.7333	4.3174
869433243319	1266.93	745.77	1243.99	712.56	4.7254	4.3312
869433251652	1267.53	741.37	1242.14	712.36	4.7349	4.3212
869433259985	1264.68	738.20	1243.17	715.31	4.7330	4.3316
869433268318	1260.44	739.85	1239.85	706.14	4.7257	4.3170
869433276652	1266.20	746.68	1245.69	712.68	4.7487	4.3090
869433284985	1265.06	738.76	1238.05	708.51	4.7296	4.3297
869433293319	1268.60	743.36	1243.64	711.25	4.7444	4.3022
869433301652	1266.43	738.37	1239.48	718.02	4.7375	4.3245
869433309985	1262.97	743.20	1243.41	709.14	4.7295	4.3132
869433318324	1269.21	743.81	1243.02	701.96	4.7452	4.2959
869433326656	1267.82	743.70	1243.02	706.23	4.7366	4.2857
869433334989	1265.40	734.95	1235.42	712.54	4.7278	4.3187
869433343322	1266.47	745.40	1245.62	710.15	4.7453	4.3017
869433351656	1264.41	740.56	1241.57	709.74	4.7394	4.3026
869433359989	1265.65	738.75	1245.26	713.51	4.7399	4.2991
869433368322	1262.59	740.89	1243.55	705.71	4.7369	4.2707
869433376656	1259.16	740.04	1242.01	703.36	4.7299	4.2718
869433384989	1266.05	742.45	1243.41	710.02	4.7326	4.2729
869433393323	1266.95	734.81	1239.14	710.02	4.7150	4.2830
869433401656	1265.67	740.41	1239.06	700.71	4.7100	4.2648
869433409989	1271.18	738.42	1237.13	713.65	4.7311	4.2804
869433418322	1264.99	741.99	1236.18	721.42	4.7158	4.2937
869433426655	1260.84	787.37	1233.31	749.14	4.7128	4.2594
869433434988	1269.91	807.86	1237.45	769.97	4.7106	4.2529
869433443325	1272.16	799.04	1241.70	766.77	4.6821	4.2175
869433451657	1271.43	797.57	1243.68	755.58	4.6671	4.1881
869433459992	1267.14	794.26	1236.14	762.82	4.6302	4.1953
869433468325	1266.91	795.76	1238.17	761.33	4.6102	4.1657
869433476657	1259.36	793.07	1240.78	760.31	4.5686	4.1462
869433484990	1263.05	795.05	1240.02	758.62	4.5439	4.0986
869433493323	1256.66	795.82	1241.08	759.67	4.5095	4.0703
869433501657	1260.89	788.58	1243.60	765.06	4.4669	4.0588
869433509989	1258.84	794.02	1242.37	762.73	4.4482	4.0250
869433518323	1258.95	794.03	1241.33	752.03	4.4128	3.9739
869433526656	1262.20	787.93	1241.90	765.82	4.3644	3.9782
869433534989	1255.64	788.42	1245.76	762.44	4.3364	3.9149
869433543323	1259.05	796.05	1247.66	763.07	4.3347	3.9002
869433551656	1254.80	792.86	1244.59	768.52	4.2891	3.8932
869433559989	1252.78	789.93	1248.19	765.87	4.2584	3.8331
869433568323	1250.49	795.86	1247.32	774.87	4.2354	3.8338
869433576660	1255.32	784.92	1253.24	739.89	4.1831	3.7234
869433584994	1254.04	781.11	1248.58	764.13	4.1563	3.7605
869433593327	1252.73	798.43	1251.50	751.86	4.1585	3.7148
869433601660	1252.64	778.88	1249.43	753.08	4.0865	3.7033
869433609993	1253.04	782.78	1251.36	776.06	4.0703	3.7209
869433618326	1251.58	781.08	1258.00	739.46	4.0343	3.6205
869433626660	1253.43	776.67	1255.92	769.31	4.0306	3.6559
869433634993	1253.01	779.66	1255.10	770.98	3.9997	3.6428
869433643327	1256.47	785.72	1257.70	767.64	4.0086	3.6207
869433651660	1259.86	779.92	1255.27	775.61	3.9714	3.6145
869433659993	1253.35	778.79	1250.17	789.18	3.9575	3.6190
869433668327	1261.11	776.29	1256.57	752.14	3.9312	3.5402
869433676660	1256.19	782.35	1254.28	784.16	3.9270	3.5754
869433684992	1256.40	783.33	1253.41	801.21	3.9148	3.6120
869433693326	1250.33	776.72	1251.59	779.39	3.8700	3.5274
869433701658	1249.29	781.71	1248.34	778.96	3.8744	3.5274
869433709997	1248.76	772.77	1252.51	790.01	3.8476	3.5327
869433718331	1248.01	777.22	1254.64	794.65	3.8237	3.5329
869433726664	1241.75	775.70	1253.52	797.24	3.8110	3.5105
869433734997	1249.91	783.82	1252.45	802.99	3.8210	3.5178
869433743330	1244.57	773.33	1247.89	802.52	3.7931	3.5143
869433751664	1240.43	773.15	1254.77	789.78	3.7735	3.4680
869433759997	1248.48	780.98	1253.69	788.07	3.7850	3.4382
869433768331	1248.56	767.68	1258.30	787.03	3.7552	3.4398
869433776663	1253.68	778.37	1256.41	797.31	3.7500	3.4568
869433784996	1251.70	782.73	1258.91	786.47	3.7517	3.4234
869433793330	1253.84	774.27	1262.93	784.81	3.7197	3.3991
869433801663	1256.95	774.50	1261.97	788.29	3.7159	3.3963
869433809996	1248.63	774.93	1261.91	778.46	3.7198	3.3669
869433818330	1251.85	777.07	1260.71	790.60	3.7013	3.3732
869433826662	1255.27	772.47	1259.76	790.53	3.7013	3.3978
869433834996	1245.90	770.23	1260.96	786.09	3.6819	3.3755
869433843332	1245.12	778.05	1260.94	801.78	3.6710	3.4083
869433851666	1244.55	776.98	1264.62	782.66	3.6807	3.3408
869433859999	1251.89	769.09	1260.12	787.43	3.6550	3.3571
869433868331	1224.00	768.67	1236.51	743.85	3.6450	3.2489
869433876665	1191.63	764.76	1203.04	779.56	3.6342	3.3449
869433884998	1189.08	759.04	1205.55	718.26	3.6355	3.2208
869433893331	1193.14	762.06	1203.05	754.99	3.6379	3.3026
869433901665	1190.68	760.72	1202.85	770.95	3.6415	3.3328
869433909998	1191.70	759.95	1207.67	759.34	3.6447	3.2850
869433918331	1194.84	758.34	1208.25	776.60	3.6088	3.3250
869433926665	1190.29	755.10	1207.51	743.28	3.6150	3.2464
869433934998	1192.53	756.10	1201.95	778.94	3.6181	3.3190
869433943331	1195.05	759.01	1206.18	762.22	3.6178	3.2865
869433951664	1191.89	744.12	1199.94	768.43	3.5906	3.3122
869433959997	1189.99	740.57	1207.34	778.58	3.5811	3.3250
869433968337	1194.74	755.93	1204.12	740.72	3.6135	3.2279
869433976671	1185.68	746.00	1205.48	749.34	3.5780	3.2527
869433985004	1192.33	757.34	1205.68	770.31	3.6022	3.3071
869433993337	1186.97	748.57	1206.73	762.38	3.5692	3.2906
869434001671	1190.88	756.43	1206.36	748.66	3.6105	3.2509
869434010004	1189.31	751.54	1203.28	761.84	3.5858	3.2957
869434018339	1184.76	741.04	1207.48	748.47	3.5849	3.2585
869434026671	1192.70	761.04	1200.97	763.89	3.6367	3.2991
869434035006	1187.72	753.73	1211.21	747.54	3.5990	3.2638
869434043339	1187.73	748.43	1208.59	746.50	3.5965	3.2562
869434051672	1187.60	746.79	1211.60	765.80	3.5939	3.3103
869434060005	1195.61	755.86	1207.38	761.44	3.6150	3.2834
869434068336	1195.46	758.67	1208.46	747.10	3.6355	3.2548
869434076671	1196.03	758.35	1198.68	765.98	3.6319	3.2955
869434085005	1186.44	748.53	1203.82	770.87	3.5766	3.3231
869434093336	1189.03	748.19	1202.88	771.80	3.5855	3.3296
869434101674	1190.12	756.45	1200.10	787.12	3.6344	3.3798
869434110007	1184.17	755.03	1205.69	751.70	3.6161	3.2924
869434118340	1185.20	748.95	1203.96	766.29	3.6014	3.3265
869434126674	1187.31	759.82	1204.50	768.74	3.6336	3.3369
869434135006	1187.78	750.16	1200.72	768.46	3.6215	3.3362
869434143339	1165.64	714.58	1186.72	697.35	3.6206	3.2631
869434151673	1170.65	653.28	1195.51	650.03	3.6264	3.3013
869434160005	1179.65	666.25	1198.09	644.28	3.6561	3.2969
869434168341	1180.53	651.16	1190.43	639.27	3.6430	3.2917
869434176673	1180.04	659.85	1189.91	642.97	3.6681	3.3057
869434185006	1183.68	662.95	1192.82	639.80	3.6738	3.2976
869434193341	1184.20	644.75	1193.97	643.00	3.6454	3.3045
869434201672	1185.56	653.29	1195.73	638.14	3.6695	3.2984
869434210006	1180.33	646.34	1190.36	648.93	3.6426	3.3239
869434218339	1179.35	644.25	1191.85	649.12	3.6379	3.3239
869434226671	1185.22	662.28	1186.40	647.29	3.6926	3.3394
869434235009	1187.98	666.45	1192.01	647.92	3.7137	3.3298
869434243343	1178.43	639.11	1191.51	644.98	3.6604	3.3366
869434251677	1185.65	660.48	1185.29	646.75	3.7092	3.3495
869434260010	1183.55	669.24	1191.61	635.60	3.7288	3.3233
869434268343	1185.31	656.62	1189.76	640.48	3.7110	3.3512
869434276676	1188.67	671.83	1189.45	633.22	3.7490	3.3469
869434285009	1186.79	668.78	1189.68	632.84	3.7632	3.3484
869434293343	1191.53	674.26	1188.19	636.80	3.7921	3.3504
869434301677	1190.01	667.31	1186.32	640.15	3.7743	3.3494
869434310010	1192.60	671.11	1185.28	636.26	3.7676	3.3479
869434318342	1191.66	669.94	1184.87	630.12	3.7848	3.3393
869434326675	1193.30	664.11	1186.69	631.26	3.7743	3.3527
869434335009	1183.79	653.27	1186.03	636.30	3.7454	3.3458
869434343342	1185.09	659.22	1188.58	644.23	3.7600	3.3827
869434351675	1182.50	659.27	1186.48	634.66	3.7594	3.3700
869434360013	1181.53	659.70	1183.31	641.43	3.7735	3.3630
869434368347	1177.04	650.63	1184.06	640.47	3.7529	3.3834
869434376680	1187.11	645.77	1187.17	631.41	3.7615	3.3649
869434385014	1187.28	655.20	1188.11	638.98	3.7774	3.3755
869434393347	1198.34	683.94	1184.38	632.65	3.8540	3.3745
869434401680	1196.08	679.66	1184.07	633.36	3.8345	3.3710
869434410014	1190.89	673.91	1182.73	638.79	3.8109	3.3764
869434418346	1196.51	682.39	1184.54	634.32	3.8274	3.3614
869434426679	1196.09	672.49	1184.78	627.30	3.8236	3.3689
869434435013	1194.23	662.08	1184.28	627.83	3.8246	3.3888
869434443346	1207.17	623.60	1209.58	613.15	3.7978	3.4039
869434451679	1208.19	579.48	1212.45	597.93	3.7216	3.4213
869434460013	1227.81	587.44	1230.23	588.31	3.7626	3.4100
869434468346	1213.62	576.40	1223.83	594.28	3.7229	3.4232
869434476681	1227.22	598.42	1222.46	595.23	3.7848	3.4166
869434485015	1222.75	584.61	1225.86	595.57	3.7458	3.4134
869434493354	1226.88	611.07	1225.47	585.99	3.8012	3.4153
869434501686	1220.22	580.48	1225.49	583.30	3.7367	3.4089
869434510020	1220.56	590.13	1223.23	589.50	3.7495	3.4199
869434518351	1223.47	602.08	1232.54	593.81	3.7852	3.4198
869434526684	1216.97	588.23	1224.40	584.52	3.7526	3.3986
869434535017	1218.78	602.19	1229.84	595.71	3.7673	3.4033
869434543353	1212.85	591.91	1222.37	594.18	3.7529	3.4260
869434551686	1220.90	597.30	1224.34	586.57	3.7625	3.3910
869434560020	1220.15	592.65	1223.31	586.85	3.7503	3.4147
869434568353	1221.31	585.62	1224.51	590.46	3.7363	3.4076
869434576686	1212.57	594.50	1224.16	589.63	3.7410	3.3953
869434585020	1210.99	583.14	1223.21	599.83	3.7089	3.4175
869434593352	1220.49	594.61	1226.91	588.69	3.7481	3.3881
869434601685	1217.31	591.71	1224.57	595.29	3.7522	3.4124
869434610019	1222.09	596.88	1220.09	597.15	3.7638	3.4168
869434618351	1224.60	614.20	1226.46	591.57	3.8027	3.3877
869434626688	1210.88	576.11	1224.98	584.52	3.7054	3.3761
869434635022	1215.05	580.20	1224.82	588.95	3.7100	3.3951
869434643354	1217.67	577.49	1222.66	583.04	3.7158	3.3971
869434651688	1221.98	594.49	1223.66	590.22	3.7731	3.4024
869434660021	1218.22	596.49	1223.97	585.43	3.7534	3.3987
869434668355	1210.64	575.40	1226.54	588.46	3.7157	3.3902
869434676687	1215.38	572.60	1228.48	594.19	3.6937	3.3857
869434685020	1266.19	610.46	1276.76	595.33	3.7681	3.3816
869434693354	1323.94	660.79	1328.21	624.85	3.8219	3.3873
869434701687	1315.37	678.52	1331.95	638.04	3.8042	3.3649
869434710021	1314.79	680.33	1321.60	638.44	3.8065	3.3621
869434718354	1315.52	662.30	1320.95	632.93	3.7809	3.3740
869434726687	1310.15	669.72	1320.61	626.50	3.7959	3.3617
869434735021	1303.83	653.20	1321.46	633.63	3.7482	3.3650
869434743353	1318.82	670.09	1324.72	630.58	3.7883	3.3648
869434751687	1313.60	676.25	1329.55	644.63	3.8108	3.3786
869434760026	1319.85	684.22	1322.06	644.09	3.8095	3.3791
869434768357	1316.60	685.11	1328.15	633.66	3.8259	3.3575
869434776691	1315.67	670.96	1322.09	650.42	3.7875	3.4055
869434785024	1310.21	669.05	1329.27	636.80	3.7878	3.3632
869434793358	1315.73	676.72	1326.07	629.27	3.7996	3.3397
869434801691	1314.82	683.37	1327.28	631.47	3.8272	3.3741
869434810024	1307.09	666.05	1325.84	630.87	3.7704	3.3731
869434818358	1311.94	663.85	1329.77	632.90	3.7858	3.3757
869434826691	1316.90	668.01	1324.56	637.97	3.7906	3.3871
869434835025	1323.75	688.41	1326.19	622.27	3.8194	3.3624
869434843358	1319.09	686.70	1320.60	626.57	3.8176	3.3791
869434851691	1316.98	677.99	1324.69	622.59	3.7903	3.3703
869434860023	1318.41	669.27	1324.10	626.09	3.7740	3.3770
869434868356	1319.35	680.47	1329.80	631.64	3.8099	3.3720
869434876690	1315.17	678.46	1325.29	636.14	3.8076	3.3932
869434885029	1315.82	677.03	1327.57	631.33	3.7980	3.3723
869434893361	1313.05	679.41	1333.70	637.90	3.8017	3.4012
869434901695	1313.68	675.00	1330.42	632.48	3.8102	3.3915
869434910028	1316.52	679.70	1329.77	634.38	3.8196	3.4002
869434918362	1318.75	696.00	1324.49	643.18	3.8282	3.4097
869434926695	1322.78	687.36	1324.89	641.02	3.8273	3.4075
869434935028	1320.43	695.30	1326.32	638.65	3.8462	3.4003
869434943362	1311.05	674.53	1327.01	641.31	3.8100	3.4041
869434951694	1349.09	692.87	1362.38	648.42	3.8205	3.3783
869434960027	1406.56	704.68	1415.12	700.05	3.7561	3.4299
869434968361	1407.56	711.92	1423.97	709.06	3.7699	3.4289
869434976694	1397.76	698.08	1416.84	692.14	3.7391	3.3802
869434985027	1399.25	693.47	1415.57	690.19	3.7398	3.3889
869434993360	1396.83	680.91	1413.32	689.95	3.6894	3.3866
869435001694	1397.73	716.92	1419.35	690.39	3.7690	3.3793
869435010027	1393.56	679.84	1418.81	696.29	3.6816	3.4118
869435018362	1400.08	704.89	1422.70	697.09	3.7462	3.4048
869435026696	1399.50	701.80	1425.81	688.47	3.7474	3.3923
869435035029	1401.19	714.25	1419.41	695.88	3.7746	3.4179
869435043362	1405.02	707.37	1423.67	685.81	3.7499	3.3615
869435051695	1404.91	724.59	1420.97	689.68	3.7970	3.3902
869435060028	1403.97	711.36	1423.68	683.72	3.7654	3.3711
869435068362	1403.95	721.49	1426.80	690.35	3.7742	3.3939
869435076695	1401.79	723.68	1422.66	701.05	3.7799	3.4013
869435085028	1397.50	698.96	1421.58	691.46	3.7181	3.3737
869435093362	1401.08	719.68	1426.80	682.87	3.7799	3.3697
869435101695	1405.60	718.24	1421.13	687.51	3.7623	3.3805
869435110028	1396.16	702.56	1422.51	686.04	3.7181	3.3561
869435118361	1403.22	706.68	1422.13	689.29	3.7390	3.3810
869435126695	1405.46	710.40	1425.97	689.64	3.7405	3.3659
869435135027	1405.84	706.50	1420.48	685.30	3.7344	3.3830
869435143360	1404.07	714.94	1422.44	692.56	3.7461	3.3937
869435151701	1403.27	706.14	1421.26	698.35	3.7269	3.4041
869435160034	1400.23	706.39	1420.36	691.32	3.7316	3.3747
869435168368	1404.40	727.48	1425.24	695.14	3.7629	3.3961
869435176701	1398.35	705.03	1422.84	693.90	3.7157	3.3943
869435185034	1405.44	671.97	1426.63	696.82	3.6520	3.3984
869435193368	1404.11	709.40	1419.24	692.21	3.7291	3.3986
869435201700	1401.40	707.94	1422.93	695.90	3.7071	3.3980
869435210034	1408.93	716.11	1423.85	701.84	3.7454	3.3995
869435218367	1398.10	735.64	1420.96	700.20	3.7681	3.4066
869435226699	1402.01	714.57	1421.07	703.03	3.7333	3.4077
869435235033	1405.13	713.37	1418.78	696.98	3.7431	3.4020
869435243366	1404.19	713.94	1421.61	705.77	3.7333	3.4125
869435251700	1401.85	717.76	1420.24	698.48	3.7477	3.3852
869435260033	1404.35	716.08	1418.69	700.79	3.7379	3.4021
869435268366	1401.16	717.86	1420.75	698.80	3.7355	3.3924
869435276700	1401.50	707.78	1418.78	692.87	3.7112	3.3741
869435285037	1406.69	709.20	1420.41	689.63	3.7135	3.3718
869435293371	1410.74	713.00	1413.87	696.93	3.7284	3.3907
869435301704	1404.26	705.10	1415.86	695.54	3.6968	3.3933
869435310036	1405.26	709.53	1416.66	693.59	3.7096	3.3844
869435318370	1408.05	721.27	1410.73	704.34	3.7623	3.4030
869435326702	1407.02	724.01	1416.04	690.81	3.7496	3.3864
869435335036	1399.27	716.24	1413.35	688.04	3.7341	3.3800
869435343370	1400.80	700.36	1415.23	695.60	3.6871	3.3780
869435351702	1404.64	713.63	1410.37	694.18	3.7175	3.3831
869435360036	1405.44	738.77	1417.15	722.42	3.7403	3.4050
869435368369	1405.42	765.50	1413.20	744.94	3.7454	3.4030
869435376703	1403.55	767.86	1416.63	757.54	3.7322	3.4190
869435385036	1403.83	768.87	1413.65	755.25	3.7679	3.4383
869435393369	1407.91	769.46	1410.99	754.03	3.7629	3.4084
869435401702	1408.06	761.37	1419.64	761.37	3.7572	3.4381
869435410039	1406.11	756.95	1419.92	748.19	3.7535	3.4069
869435418372	1410.88	752.21	1411.59	763.68	3.7409	3.4505
869435426706	1412.84	764.62	1413.83	752.16	3.7823	3.4399
869435435039	1413.63	769.27	1409.58	764.72	3.7840	3.4695
869435443372	1408.22	759.45	1410.25	768.82	3.7532	3.4889
869435451705	1410.46	756.70	1415.68	759.14	3.7531	3.4328
869435460039	1406.09	758.15	1408.00	765.80	3.7632	3.4810
869435468372	1411.07	764.41	1411.98	766.28	3.7876	3.4960
869435476705	1411.20	762.29	1412.54	766.40	3.7901	3.4876
869435485039	1412.17	763.63	1417.53	754.64	3.7729	3.4543
869435493371	1406.94	766.51	1414.42	767.68	3.7963	3.4889
869435501705	1410.73	755.13	1414.52	764.37	3.7672	3.4771
869435510038	1407.35	771.96	1420.13	759.44	3.8141	3.4634
869435518371	1409.67	771.44	1414.51	766.12	3.8183	3.4944
869435526705	1408.34	763.06	1415.68	758.42	3.8000	3.4738
869435535038	1416.73	769.84	1422.09	755.95	3.8173	3.4671
869435543377	1411.00	765.61	1412.83	768.19	3.8056	3.5197
869435551711	1411.32	770.67	1412.97	762.20	3.8379	3.4723
869435560044	1409.04	765.56	1411.28	764.65	3.8281	3.4914
869435568377	1410.47	771.01	1417.33	756.45	3.8266	3.4918
869435576710	1409.19	765.39	1410.85	765.74	3.8095	3.5161
869435585043	1411.64	766.40	1411.81	765.10	3.8298	3.5356
869435593376	1415.81	768.87	1411.81	756.94	3.8501	3.5037
869435601709	1406.88	779.59	1414.97	755.64	3.8571	3.5029
869435610043	1411.80	771.12	1419.02	753.74	3.8600	3.5020
869435618376	1411.58	779.87	1411.14	770.54	3.8736	3.5593
869435626710	1414.48	768.14	1409.06	772.31	3.8625	3.5754
869435635043	1414.41	774.57	1418.28	755.64	3.8706	3.5258
869435643376	1413.27	768.76	1417.64	758.99	3.8896	3.5180
869435651710	1411.37	770.44	1431.28	733.42	3.8617	3.4771
869435660042	1402.59	784.25	1414.22	765.50	3.8943	3.5397
869435668376	1376.30	808.51	1382.40	790.61	3.8654	3.5119
869435676714	1376.83	828.64	1385.57	815.50	3.8693	3.5427
869435685046	1378.56	837.38	1381.51	821.73	3.8950	3.5477
869435693380	1374.94	822.81	1387.11	816.74	3.8886	3.5472
869435701713	1374.85	827.89	1379.47	814.79	3.9037	3.5487
869435710047	1379.54	825.21	1383.22	814.11	3.8897	3.5451
869435718380	1373.40	823.06	1384.45	809.84	3.8992	3.5391
869435726713	1376.05	836.17	1387.64	819.12	3.9121	3.5456
869435735047	1377.39	831.34	1384.79	822.18	3.9136	3.5587
869435743380	1377.34	827.03	1387.60	810.71	3.8966	3.5419
869435751714	1377.27	830.63	1382.34	818.41	3.9036	3.5788
869435760046	1381.26	829.90	1384.44	813.03	3.9146	3.5589
869435768379	1377.36	834.17	1386.11	814.36	3.9154	3.5593
869435776713	1375.20	825.46	1383.68	816.02	3.9084	3.5624
869435785045	1380.46	827.05	1384.08	816.24	3.9169	3.5612
869435793379	1380.24	830.77	1385.43	810.05	3.9413	3.5424
869435801718	1377.52	835.28	1386.26	810.76	3.9411	3.5554
869435810050	1377.04	825.35	1390.34	807.09	3.9363	3.5583
869435818384	1376.84	826.98	1395.94	800.91	3.9329	3.5360
869435826717	1380.54	832.35	1394.58	811.43	3.9294	3.5694
869435835051	1378.47	831.46	1390.34	812.04	3.9357	3.5477
869435843384	1379.22	831.84	1384.70	818.60	3.9550	3.5961
869435851716	1379.29	831.95	1383.72	823.07	3.9359	3.6024
869435860050	1378.98	829.98	1390.50	806.97	3.9436	3.5624
869435868383	1381.24	825.99	1379.91	818.17	3.9350	3.5905
869435876717	1385.72	833.26	1386.27	820.76	3.9711	3.6078
869435885050	1381.67	830.81	1386.23	820.13	3.9491	3.6078
869435893383	1379.38	823.84	1380.78	816.46	3.9408	3.6078
869435901717	1379.09	831.95	1382.83	826.27	3.9536	3.6196
869435910049	1379.05	827.89	1386.88	815.79	3.9367	3.5957
869435918383	1379.62	828.01	1385.55	820.17	3.9254	3.6117
869435926717	1381.20	836.12	1393.21	812.12	3.9588	3.5697
869435935053	1385.00	832.20	1394.43	815.83	3.9397	3.5658
869435943386	1378.63	831.34	1387.91	815.85	3.9435	3.5745
869435951719	1353.78	844.08	1364.09	812.94	3.9518	3.5504
869435960053	1301.96	855.60	1302.54	833.09	3.9364	3.5657
869435968386	1304.16	860.27	1305.65	845.59	3.9347	3.5832
869435976719	1313.80	865.93	1310.96	847.81	3.9384	3.5999
869435985053	1305.13	855.75	1310.23	838.68	3.9321	3.5642
869435993386	1302.75	855.14	1314.03	840.45	3.9129	3.5634
869436001719	1308.36	859.19	1319.50	837.15	3.9188	3.5530
869436010053	1304.94	861.28	1308.49	844.10	3.9233	3.5495
869436018386	1306.09	858.85	1306.88	838.41	3.9099	3.5555
869436026719	1309.31	857.46	1310.03	836.74	3.9070	3.5360
869436035051	1313.06	861.34	1315.88	837.88	3.9374	3.5270
869436043385	1307.27	860.94	1308.26	845.88	3.9102	3.5509
869436051718	1309.15	853.98	1306.35	840.28	3.8951	3.5461
869436060051	1312.68	867.31	1299.37	845.71	3.9183	3.5444
869436068390	1313.86	858.36	1308.80	843.53	3.8841	3.5311
869436076723	1311.82	856.30	1307.95	843.37	3.8900	3.5252
869436085057	1309.23	860.05	1310.16	843.90	3.9084	3.5488
869436093390	1305.42	855.15	1312.67	840.57	3.8795	3.5195
869436101723	1313.78	853.28	1310.15	835.37	3.8756	3.5086
869436110057	1310.48	857.90	1307.66	843.51	3.8915	3.5365
869436118390	1322.87	852.48	1319.65	843.21	3.8809	3.5442
869436126722	1373.50	832.82	1377.89	824.97	3.8867	3.5355
869436135054	1366.25	830.21	1384.25	795.16	3.8761	3.4974
869436143387	1374.11	826.85	1388.56	809.25	3.8696	3.5219
869436151722	1380.21	821.92	1388.30	817.33	3.8712	3.5242
869436160055	1379.74	825.49	1384.75	807.83	3.8641	3.4848
869436168389	1380.41	827.81	1389.24	805.79	3.8794	3.4844
869436176722	1378.15	823.78	1390.22	804.24	3.8569	3.4846
869436185055	1378.57	815.99	1385.35	811.26	3.8466	3.5048
